# Blender 4.5.0
# www.blender.org
mtllib rl_dg_1_tip.mtl
o l_1_tip
v 0.010760 0.000000 0.001500
v -0.010760 0.000000 0.004219
v -0.010760 0.000000 0.001500
v -0.010605 0.001458 0.004114
v -0.010760 0.000004 0.001346
v -0.009976 0.000001 0.007422
v -0.010216 0.000001 0.006921
v 0.010760 0.000000 0.004219
v -0.010265 0.000001 0.006787
v -0.010451 0.000001 0.006275
v -0.010485 0.000001 0.006139
v -0.010622 0.000001 0.005603
v -0.010639 0.000001 0.005489
v -0.010725 0.000000 0.004914
v -0.010729 0.000000 0.004847
v 0.010606 0.001503 0.004117
v 0.010757 0.000034 0.001047
v 0.010752 0.000000 0.004561
v 0.010723 0.000000 0.004846
v -0.009230 0.000000 0.008571
v -0.009343 0.000000 0.008432
v -0.009569 0.000000 0.008117
v -0.009456 0.001629 0.007923
v -0.009159 0.000354 0.008587
v 0.008936 0.000000 0.008841
v 0.009616 0.000000 0.008033
v 0.009343 0.000000 0.008432
v 0.009069 0.000000 0.008736
v 0.009159 0.000354 0.008587
v -0.008941 0.000000 0.008847
v 0.010484 0.000000 0.006139
v 0.010339 0.000000 0.006607
v 0.008746 0.000000 0.008991
v 0.010263 0.000000 0.006786
v 0.010069 0.000000 0.007246
v 0.009974 0.000000 0.007421
v 0.008580 0.000711 0.009114
v -0.008933 0.000000 0.008855
v -0.008580 0.000711 0.009114
v -0.008869 0.000912 0.008831
v -0.008596 0.000000 0.009084
v 0.008456 0.000000 0.009150
v -0.008456 0.000000 0.009148
v -0.008219 0.000502 0.009317
v -0.008225 0.000000 0.009253
v 0.010681 0.000000 0.005267
v 0.010636 0.000000 0.005489
v 0.010540 0.000000 0.005959
v 0.008386 0.000000 0.009189
v 0.008219 0.000502 0.009317
v 0.007999 0.000000 0.009321
v -0.007944 0.000000 0.009328
v -0.007814 0.000301 0.009422
v 0.007945 0.000000 0.009330
v -0.007840 0.000000 0.009355
v 0.007605 0.000000 0.009384
v 0.007814 0.000301 0.009422
v -0.007447 0.000000 0.009390
v -0.007398 0.000125 0.009425
v 0.007447 0.000000 0.009390
v 0.007396 0.000125 0.009423
v 0.010324 0.001622 0.006030
v 0.010101 0.001648 0.006675
v 0.010573 0.001548 0.004743
v 0.009735 0.000000 0.007859
v 0.009452 0.001675 0.007920
v 0.009810 0.001666 0.007309
v 0.010481 0.001588 0.005382
v -0.009920 0.000001 0.007537
v -0.009619 0.000000 0.008035
v -0.010578 0.001504 0.004746
v -0.010486 0.001543 0.005386
v -0.009815 0.001621 0.007312
v -0.010329 0.001577 0.006033
v -0.010106 0.001603 0.006679
v -0.010754 0.000063 0.000892
v 0.010753 0.000073 0.000878
v -0.010754 0.000067 0.000877
v -0.010469 0.002698 0.004019
v -0.010742 0.000188 0.000455
v -0.010496 0.002487 0.004040
v 0.010747 0.000137 0.000604
v 0.010595 0.001609 0.004110
v 0.010392 0.003339 0.003962
v -0.007350 0.000247 0.009459
v 0.006982 0.001137 0.009691
v -0.006903 0.001318 0.009735
v -0.006982 0.001129 0.009686
v 0.010730 0.000305 0.000182
v -0.010724 0.000365 0.000069
v -0.007356 0.001301 0.009689
v -0.007719 0.001490 0.009604
v 0.007356 0.001301 0.009689
v 0.010724 0.000370 0.000072
v -0.009034 0.001629 0.008501
v 0.009029 0.001675 0.008498
v 0.008869 0.000912 0.008831
v -0.010723 0.000378 0.000042
v 0.010707 0.000534 -0.000208
v -0.010698 0.000629 -0.000339
v -0.008050 0.001683 0.009438
v 0.007719 0.001490 0.009604
v 0.010678 0.000821 -0.000563
v -0.010672 0.000882 -0.000618
v -0.008834 0.000979 0.008860
v -0.008471 0.001616 0.009105
v -0.008565 0.001451 0.009042
v 0.008050 0.001683 0.009438
v 0.008565 0.001451 0.009042
v 0.008839 0.000970 0.008856
v 0.010672 0.000882 -0.000618
v 0.010643 0.001156 -0.000867
v -0.010667 0.000933 -0.000674
v -0.010629 0.001288 -0.000963
v -0.008552 0.001618 0.009036
v 0.006630 0.001906 0.009863
v -0.006631 0.001906 0.009864
v 0.010603 0.001535 -0.001118
v -0.010599 0.001572 -0.001131
v -0.007178 0.002470 0.009849
v -0.006858 0.002293 0.009915
v 0.006858 0.002293 0.009915
v 0.008547 0.001664 0.009032
v 0.008446 0.001662 0.009123
v -0.007475 0.002650 0.009717
v 0.007178 0.002470 0.009849
v -0.010368 0.003308 0.004593
v -0.010273 0.003362 0.005229
v 0.010599 0.001570 -0.001134
v -0.010115 0.003410 0.005873
v 0.010356 0.003400 0.004583
v 0.010261 0.003456 0.005220
v 0.010557 0.001948 -0.001309
v -0.010587 0.001679 -0.001194
v -0.009890 0.003449 0.006516
v 0.010103 0.003504 0.005864
v -0.009598 0.003478 0.007146
v -0.008337 0.003500 0.008863
v -0.008327 0.001869 0.009203
v -0.009240 0.003497 0.007754
v 0.009878 0.003544 0.006506
v -0.008818 0.003504 0.008330
v 0.009586 0.003574 0.007136
v 0.008328 0.001869 0.009203
v 0.008325 0.003597 0.008852
v 0.009228 0.003594 0.007744
v 0.008806 0.003601 0.008319
v -0.010540 0.002102 -0.001362
v -0.007913 0.002538 0.009432
v -0.008287 0.001941 0.009230
v 0.007475 0.002650 0.009717
v 0.008300 0.001918 0.009222
v -0.006529 0.002125 0.009912
v -0.006032 0.003108 0.010101
v -0.006436 0.002326 0.009956
v 0.006530 0.002125 0.009912
v 0.007913 0.002539 0.009432
v -0.007806 0.003483 0.009344
v 0.010508 0.002376 -0.001434
v -0.010508 0.002378 -0.001426
v 0.006466 0.002264 0.009943
v 0.006031 0.003108 0.010101
v -0.006583 0.003438 0.010054
v -0.006310 0.003270 0.010104
v 0.006310 0.003270 0.010104
v 0.010507 0.002384 -0.001436
v -0.010488 0.002546 -0.001465
v -0.010470 0.002698 -0.001477
v 0.010454 0.002836 -0.001496
v -0.006842 0.003606 0.009953
v 0.006583 0.003438 0.010054
v -0.007736 0.002822 0.009528
v 0.007794 0.003581 0.009333
v 0.007749 0.002803 0.009522
v -0.007296 0.003459 0.009718
v 0.006842 0.003606 0.009953
v 0.007735 0.002823 0.009528
v -0.010399 0.003246 0.003965
v -0.010279 0.004194 0.003872
v -0.010434 0.003000 -0.001500
v 0.010434 0.003000 -0.001500
v 0.007232 0.003554 0.009747
v 0.010389 0.003362 0.003960
v -0.009935 0.006453 -0.001500
v -0.010152 0.005062 0.003760
v -0.010052 0.005741 0.003672
v -0.009416 0.009097 -0.001500
v -0.008965 0.010748 -0.001500
v -0.008692 0.011530 -0.001500
v -0.008654 0.011625 -0.001500
v -0.008428 0.012106 -0.001500
v -0.008425 0.012112 -0.001500
v -0.008158 0.012549 -0.001500
v -0.008084 0.012644 -0.001500
v -0.007819 0.012981 -0.001500
v -0.007235 0.013515 -0.001500
v -0.007042 0.013663 -0.001500
v -0.006774 0.013819 -0.001500
v -0.006676 0.013877 -0.001500
v -0.006317 0.014027 -0.001500
v -0.006276 0.014044 -0.001500
v -0.005984 0.014119 -0.001500
v 0.005989 0.014122 -0.001500
v 0.006003 0.014120 -0.001500
v 0.006317 0.014027 -0.001500
v 0.006357 0.014015 -0.001500
v -0.007733 0.013067 -0.001500
v -0.007679 0.013119 -0.001500
v -0.005496 0.014178 -0.001500
v 0.005496 0.014178 -0.001500
v 0.006752 0.013837 -0.001500
v 0.006775 0.013823 -0.001500
v 0.007180 0.013566 -0.001500
v 0.005613 0.014175 -0.001500
v 0.005882 0.014137 -0.001500
v -0.005881 0.014144 -0.001500
v 0.007237 0.013519 -0.001500
v 0.007558 0.013251 -0.001500
v 0.007679 0.013121 -0.001500
v 0.007731 0.013066 -0.001500
v 0.007921 0.012862 -0.001500
v 0.008082 0.012643 -0.001500
v 0.008227 0.012446 -0.001500
v 0.008424 0.012103 -0.001500
v 0.010286 0.004144 -0.001500
v 0.010282 0.004144 0.003872
v 0.005993 0.003181 0.010114
v 0.005540 0.003953 0.010235
v 0.005465 0.004064 0.010250
v -0.006003 0.003163 0.010111
v -0.005581 0.003887 0.010226
v -0.005693 0.004221 0.010254
v -0.005916 0.004380 0.010219
v 0.005693 0.004221 0.010254
v -0.010016 0.005224 0.005013
v -0.010115 0.005147 0.004382
v -0.009855 0.005292 0.005651
v 0.010094 0.005287 0.004363
v 0.009995 0.005367 0.004993
v -0.009628 0.005351 0.006287
v -0.006130 0.004539 0.010147
v 0.005916 0.004380 0.010219
v -0.009335 0.005399 0.006912
v 0.009833 0.005437 0.005630
v -0.007217 0.003574 0.009752
v -0.008976 0.005433 0.007514
v -0.008077 0.005459 0.008614
v -0.007548 0.005450 0.009093
v -0.008555 0.005453 0.008085
v 0.009606 0.005498 0.006266
v 0.009313 0.005547 0.006890
v 0.007217 0.003576 0.009753
v -0.006978 0.005427 0.009514
v -0.007185 0.003621 0.009766
v 0.008954 0.005583 0.007492
v 0.006956 0.005580 0.009490
v 0.007210 0.003587 0.009756
v 0.007526 0.005603 0.009069
v 0.008055 0.005611 0.008590
v 0.007073 0.003766 0.009804
v 0.008533 0.005604 0.008062
v -0.006650 0.004315 0.009950
v -0.007073 0.003766 0.009805
v 0.006130 0.004539 0.010147
v 0.006669 0.004293 0.009944
v -0.005463 0.004063 0.010249
v -0.005408 0.004146 0.010261
v 0.005409 0.004146 0.010261
v 0.010174 0.004936 0.003783
v 0.009799 0.007226 -0.001500
v 0.009932 0.006468 0.003557
v 0.010132 0.005201 0.003744
v 0.005153 0.004522 0.010310
v -0.004352 0.005105 0.010377
v 0.005353 0.004676 0.010315
v -0.005155 0.004523 0.010311
v -0.005353 0.004676 0.010315
v -0.005548 0.004831 0.010287
v 0.006492 0.004497 0.009993
v -0.006492 0.004496 0.009993
v -0.006375 0.005390 0.009873
v -0.005737 0.004984 0.010228
v 0.005548 0.004831 0.010287
v -0.006324 0.004687 0.010039
v 0.006354 0.005543 0.009849
v 0.006326 0.004689 0.010039
v 0.005100 0.004600 0.010321
v -0.005136 0.004551 0.010315
v -0.005909 0.005128 0.010139
v -0.006109 0.004933 0.010097
v 0.006185 0.004852 0.010078
v 0.005737 0.004984 0.010228
v -0.004813 0.004956 0.010361
v -0.004985 0.005108 0.010366
v 0.004814 0.004956 0.010361
v -0.005150 0.005259 0.010344
v 0.004985 0.005108 0.010366
v -0.005311 0.005408 0.010298
v 0.005150 0.005259 0.010344
v 0.005910 0.005129 0.010138
v -0.004700 0.005098 0.010377
v 0.004703 0.005094 0.010376
v -0.005552 0.005477 0.010213
v -0.005697 0.005335 0.010183
v -0.005758 0.005275 0.010170
v 0.005679 0.005361 0.010189
v 0.005311 0.005408 0.010298
v 0.005758 0.005282 0.010172
v 0.004441 0.005361 0.010402
v -0.004441 0.005362 0.010402
v -0.004710 0.005656 0.010392
v 0.004321 0.005484 0.010414
v 0.004024 0.005721 0.010434
v 0.003980 0.005757 0.010437
v 0.003631 0.005958 0.010453
v 0.003550 0.005986 0.010455
v 0.003332 0.006063 0.010461
v 0.003295 0.006067 0.010461
v 0.003028 0.006100 0.010463
v -0.003028 0.006100 0.010463
v -0.003295 0.006068 0.010461
v -0.003324 0.006065 0.010461
v -0.003550 0.005986 0.010455
v -0.003629 0.005959 0.010453
v -0.003954 0.005775 0.010439
v -0.004023 0.005720 0.010434
v -0.004323 0.005482 0.010414
v 0.004578 0.005511 0.010407
v -0.005751 0.005340 0.010166
v -0.009931 0.006453 0.003553
v -0.009809 0.007019 0.004087
v -0.009703 0.007126 0.004707
v 0.009775 0.007203 0.004053
v -0.009536 0.007224 0.005334
v -0.004840 0.005801 0.010357
v 0.004960 0.005937 0.010302
v 0.004710 0.005656 0.010392
v 0.005730 0.005493 0.010142
v 0.009669 0.007314 0.004672
v -0.009305 0.007310 0.005960
v -0.005454 0.007405 0.009793
v -0.006071 0.007455 0.009499
v -0.009010 0.007382 0.006574
v 0.005544 0.005476 0.010212
v 0.009501 0.007415 0.005297
v -0.006666 0.007488 0.009142
v -0.008651 0.007439 0.007167
v -0.005089 0.005854 0.010287
v -0.005462 0.005550 0.010228
v 0.005459 0.005547 0.010226
v 0.005164 0.005798 0.010276
v 0.005033 0.005887 0.010293
v -0.007231 0.007503 0.008724
v -0.008231 0.007478 0.007729
v 0.009270 0.007504 0.005921
v -0.007755 0.007500 0.008251
v -0.004215 0.006005 0.010429
v 0.006038 0.007662 0.009455
v 0.005421 0.007612 0.009749
v 0.008974 0.007579 0.006534
v 0.004121 0.005864 0.010439
v 0.006633 0.007694 0.009097
v 0.008615 0.007638 0.007126
v 0.007196 0.007708 0.008680
v 0.008195 0.007680 0.007686
v 0.007720 0.007704 0.008207
v -0.004308 0.006144 0.010405
v 0.004690 0.006121 0.010337
v 0.004215 0.006005 0.010429
v -0.003653 0.006261 0.010454
v -0.004629 0.006157 0.010344
v -0.004961 0.005938 0.010303
v -0.005033 0.005891 0.010294
v -0.004826 0.007340 0.010023
v 0.003603 0.006126 0.010460
v 0.003944 0.006148 0.010443
v 0.004794 0.007547 0.009979
v -0.003347 0.006333 0.010462
v -0.003703 0.006395 0.010438
v -0.004016 0.006285 0.010424
v 0.004331 0.006308 0.010371
v 0.004228 0.006361 0.010381
v 0.004394 0.006275 0.010365
v 0.003322 0.006202 0.010466
v -0.003028 0.006238 0.010468
v 0.003028 0.006227 0.010468
v 0.003653 0.006261 0.010454
v -0.004395 0.006275 0.010366
v -0.004204 0.006372 0.010383
v -0.004331 0.006308 0.010372
v 0.003846 0.006501 0.010407
v 0.004084 0.006414 0.010391
v 0.003028 0.006238 0.010468
v 0.003347 0.006333 0.010462
v -0.003028 0.006354 0.010457
v 0.003028 0.006354 0.010457
v -0.003373 0.006464 0.010448
v 0.003751 0.006521 0.010411
v 0.003432 0.006589 0.010425
v 0.003661 0.006540 0.010415
v -0.004196 0.007262 0.010189
v -0.003790 0.006517 0.010410
v -0.004084 0.006414 0.010391
v 0.004165 0.007469 0.010145
v -0.003028 0.006481 0.010445
v 0.003398 0.006591 0.010426
v 0.003028 0.006608 0.010433
v -0.003661 0.006541 0.010416
v -0.003751 0.006524 0.010412
v -0.009854 0.006903 0.003478
v -0.009813 0.007149 0.003437
v -0.009539 0.008548 0.003153
v -0.003360 0.006598 0.010428
v -0.003398 0.006590 0.010426
v 0.009820 0.007083 0.003442
v -0.003028 0.006608 0.010433
v 0.003543 0.007379 0.010251
v -0.003573 0.007173 0.010294
v 0.002934 0.007277 0.010292
v -0.002964 0.007075 0.010341
v 0.000032 0.006842 0.010388
v 0.002848 0.007882 0.010164
v -0.002847 0.007881 0.010160
v -0.002950 0.007178 0.010321
v -0.009415 0.008985 0.003679
v -0.009299 0.009128 0.004280
v 0.009794 0.007225 0.003415
v -0.009349 0.008209 0.005131
v -0.003416 0.008234 0.010056
v -0.004034 0.008328 0.009947
v 0.009589 0.008177 0.003856
v 0.009478 0.008305 0.004466
v 0.009663 0.007940 0.003280
v 0.009381 0.009247 -0.001500
v 0.009378 0.009247 0.003001
v 0.009416 0.009073 0.003038
v -0.004659 0.008409 0.009778
v -0.009116 0.008312 0.005748
v 0.009306 0.008424 0.005083
v -0.005282 0.008475 0.009547
v 0.003381 0.008461 0.010000
v -0.008819 0.008399 0.006354
v -0.005893 0.008523 0.009252
v 0.009072 0.008530 0.005698
v -0.008459 0.008469 0.006940
v -0.006485 0.008553 0.008896
v 0.003997 0.008557 0.009890
v -0.008040 0.008520 0.007495
v -0.007045 0.008563 0.008481
v -0.007567 0.008552 0.008012
v 0.008774 0.008620 0.006302
v 0.004621 0.008639 0.009720
v 0.008414 0.008693 0.006886
v 0.005242 0.008705 0.009488
v 0.007996 0.008747 0.007440
v 0.005853 0.008754 0.009194
v 0.007523 0.008780 0.007955
v 0.006443 0.008783 0.008838
v 0.007002 0.008792 0.008423
v -0.002811 0.008127 0.010103
v 0.002826 0.008035 0.010132
v -0.000076 0.008984 0.009891
v -0.002755 0.008507 0.010016
v 0.009358 0.009231 0.003624
v 0.002777 0.008353 0.010049
v 0.009239 0.009378 0.004222
v -0.009122 0.009260 0.004888
v -0.003850 0.009426 0.009653
v -0.003241 0.009323 0.009769
v 0.009062 0.009514 0.004826
v -0.008885 0.009378 0.005494
v -0.004466 0.009515 0.009480
v 0.002624 0.009336 0.009792
v -0.008586 0.009479 0.006089
v -0.005081 0.009586 0.009246
v 0.008823 0.009636 0.005429
v 0.003197 0.009578 0.009694
v -0.008226 0.009561 0.006665
v -0.005685 0.009638 0.008951
v -0.002643 0.009205 0.009823
v -0.007809 0.009622 0.007212
v -0.006268 0.009668 0.008596
v 0.008523 0.009740 0.006021
v -0.009472 0.008832 0.003091
v -0.007339 0.009661 0.007721
v -0.006823 0.009676 0.008184
v 0.003804 0.009685 0.009577
v 0.008164 0.009824 0.006594
v 0.004417 0.009776 0.009402
v 0.007747 0.009887 0.007138
v 0.005029 0.009850 0.009167
v 0.007278 0.009926 0.007645
v 0.005630 0.009903 0.008872
v 0.006764 0.009942 0.008107
v 0.006211 0.009934 0.008517
v -0.009410 0.009095 0.003033
v 0.002602 0.009458 0.009754
v 0.002537 0.009832 0.009636
v -0.002577 0.009615 0.009710
v -0.009132 0.010107 0.003421
v -0.009270 0.009691 0.002903
v -0.009200 0.009933 0.002849
v -0.008967 0.010740 0.002667
v -0.009004 0.010269 0.004005
v 0.009353 0.009361 0.002976
v 0.009046 0.010403 0.003350
v 0.008915 0.010569 0.003929
v 0.008904 0.010933 -0.001500
v 0.008896 0.010931 0.002624
v 0.009040 0.010508 0.002720
v 0.009118 0.010224 0.002783
v -0.008820 0.010418 0.004596
v -0.003033 0.010463 0.009411
v -0.003628 0.010583 0.009286
v -0.008577 0.010550 0.005184
v 0.008728 0.010721 0.004514
v -0.004229 0.010685 0.009104
v -0.008275 0.010662 0.005763
v 0.008484 0.010856 0.005098
v -0.004829 0.010768 0.008866
v -0.007916 0.010753 0.006324
v 0.002975 0.010751 0.009309
v 0.002430 0.010443 0.009444
v -0.005418 0.010829 0.008569
v -0.002538 0.009832 0.009639
v -0.007502 0.010820 0.006857
v 0.008181 0.010971 0.005672
v -0.005989 0.010866 0.008217
v -0.007039 0.010861 0.007355
v -0.006532 0.010877 0.007810
v 0.003565 0.010876 0.009181
v 0.007822 0.011064 0.006227
v 0.004161 0.010984 0.008997
v 0.007410 0.011131 0.006756
v 0.000044 0.010081 0.009565
v -0.002448 0.010326 0.009476
v 0.004756 0.011070 0.008757
v 0.006949 0.011172 0.007251
v 0.005340 0.011134 0.008460
v 0.006445 0.011186 0.007703
v 0.005906 0.011174 0.008108
v 0.000091 0.011061 0.009221
v -0.002370 0.010755 0.009335
v -0.008725 0.011374 0.003114
v -0.008581 0.011552 0.003673
v 0.008587 0.011736 0.003024
v 0.008438 0.011917 0.003574
v -0.008385 0.011713 0.004237
v 0.002396 0.010610 0.009382
v -0.003343 0.011808 0.008814
v -0.002773 0.011665 0.008955
v -0.008134 0.011855 0.004800
v 0.008238 0.012080 0.004130
v -0.003918 0.011932 0.008621
v 0.002218 0.011495 0.009051
v -0.007830 0.011974 0.005354
v -0.004492 0.012033 0.008375
v 0.007985 0.012223 0.004684
v -0.008964 0.010748 0.002665
v -0.008812 0.011181 0.002567
v -0.008634 0.011680 -0.001375
v 0.002693 0.011992 0.008814
v -0.007473 0.012068 0.005891
v -0.002214 0.011504 0.009043
v -0.005056 0.012110 0.008076
v -0.007067 0.012135 0.006404
v -0.005604 0.012160 0.007726
v 0.007680 0.012342 0.005229
v 0.007957 0.011638 0.005464
v -0.006616 0.012173 0.006885
v -0.006126 0.012181 0.007328
v 0.003254 0.012141 0.008668
v 0.008701 0.011505 0.002493
v 0.008692 0.011530 -0.001500
v 0.008333 0.012390 -0.000792
v 0.007599 0.011732 0.006008
v 0.003819 0.012272 0.008471
v 0.002205 0.011549 0.009027
v 0.007190 0.011799 0.006527
v 0.004383 0.012379 0.008223
v 0.006736 0.011838 0.007013
v 0.005712 0.011831 0.007860
v 0.004939 0.012461 0.007923
v 0.006240 0.011849 0.007459
v -0.008653 0.011630 0.002465
v -0.008447 0.012078 0.002938
v -0.002205 0.011549 0.009025
v 0.008686 0.011541 0.002485
v 0.008485 0.011998 -0.001500
v 0.008383 0.012275 0.002316
v -0.002179 0.011673 0.008977
v -0.000031 0.011687 0.008971
v -0.000107 0.012008 0.008832
v 0.002142 0.011822 0.008907
v -0.008293 0.012260 0.003480
v -0.008547 0.011878 0.002408
v 0.007325 0.012435 0.005759
v -0.002432 0.012941 0.008358
v -0.003165 0.012450 0.008525
v -0.001971 0.012543 0.008583
v -0.008401 0.012223 -0.000930
v -0.008141 0.012732 -0.000972
v 0.002008 0.012397 0.008653
v -0.008089 0.012425 0.004026
v 0.006922 0.012500 0.006265
v 0.008270 0.012475 0.002837
v 0.008109 0.012659 0.003368
v 0.006476 0.012536 0.006740
v -0.003721 0.012587 0.008324
v 0.005477 0.012515 0.007574
v 0.005992 0.012541 0.007178
v -0.007834 0.012568 0.004572
v -0.008399 0.012222 0.002328
v 0.007901 0.012824 0.003903
v -0.004275 0.012700 0.008074
v -0.007529 0.012687 0.005109
v 0.002520 0.012640 0.008510
v 0.001991 0.012458 0.008622
v -0.001914 0.012750 0.008473
v 0.001831 0.013059 0.008313
v -0.001830 0.013058 0.008311
v -0.004821 0.012787 0.007773
v -0.007175 0.012778 0.005630
v -0.008267 0.012532 0.002257
v -0.008102 0.012823 0.002746
v 0.007644 0.012966 0.004437
v 0.008141 0.012732 -0.000972
v -0.005351 0.012846 0.007425
v -0.006776 0.012841 0.006129
v 0.003058 0.012804 0.008352
v -0.005858 0.012875 0.007032
v -0.006335 0.012874 0.006598
v -0.008287 0.012489 -0.000712
v -0.007909 0.013233 -0.000115
v -0.008274 0.012514 -0.000692
v 0.007339 0.013084 0.004964
v -0.007936 0.013007 0.003267
v 0.003601 0.012947 0.008146
v 0.008360 0.012331 0.002303
v 0.008320 0.012411 0.002284
v 0.006988 0.013173 0.005475
v 0.004142 0.013067 0.007893
v 0.008322 0.012412 -0.000774
v 0.008007 0.013047 0.002135
v 0.007879 0.013248 0.002633
v 0.008271 0.012513 -0.000693
v 0.007946 0.013166 -0.000169
v -0.007724 0.013171 0.003792
v 0.006593 0.013233 0.005965
v 0.007950 0.012927 -0.001257
v -0.003489 0.013259 0.007983
v -0.002959 0.013110 0.008193
v 0.004675 0.013160 0.007592
v 0.007706 0.013431 0.003140
v 0.006159 0.013262 0.006427
v -0.007596 0.013722 -0.000154
v 0.005194 0.013225 0.007245
v -0.008222 0.012621 0.002235
v 0.005690 0.013259 0.006856
v -0.007465 0.013312 0.004316
v -0.004018 0.013384 0.007727
v -0.008007 0.013052 0.002134
v 0.002321 0.013303 0.008162
v -0.007950 0.012927 -0.001257
v 0.007489 0.013594 0.003652
v -0.007161 0.013428 0.004832
v -0.004540 0.013482 0.007426
v 0.007404 0.013887 -0.000431
v 0.007596 0.013722 -0.000154
v -0.006812 0.013515 0.005334
v -0.005048 0.013551 0.007080
v 0.002831 0.013479 0.007990
v -0.007674 0.013605 0.002538
v -0.007912 0.013228 0.002092
v 0.007229 0.013732 0.004162
v -0.006422 0.013571 0.005816
v -0.005534 0.013590 0.006694
v -0.005994 0.013596 0.006271
v -0.007404 0.013887 -0.000431
v -0.002223 0.013599 0.007992
v -0.002719 0.013780 0.007813
v 0.003345 0.013635 0.007774
v 0.006925 0.013844 0.004665
v -0.007495 0.013786 0.003033
v 0.007971 0.013119 0.002118
v -0.001737 0.013397 0.008131
v 0.001818 0.013107 0.008289
v -0.000104 0.013419 0.008119
v 0.003858 0.013765 0.007515
v 0.006580 0.013927 0.005156
v 0.001784 0.013236 0.008222
v -0.003218 0.013940 0.007593
v 0.007374 0.014080 0.002412
v 0.007623 0.013716 0.001980
v 0.007733 0.013530 0.000118
v -0.007431 0.013365 -0.001500
v -0.007165 0.014017 -0.000703
v 0.007165 0.014017 -0.000703
v 0.004364 0.013869 0.007213
v -0.007275 0.013945 0.003533
v 0.006197 0.013979 0.005627
v 0.004856 0.013944 0.006870
v -0.007807 0.013403 0.002052
v 0.005778 0.014000 0.006073
v -0.007734 0.013531 0.000118
v 0.001621 0.013766 0.007905
v 0.007188 0.014255 0.002892
v 0.006884 0.014107 -0.000958
v 0.005330 0.013988 0.006489
v -0.003716 0.014076 0.007332
v 0.002090 0.013977 0.007761
v -0.007014 0.014080 0.004031
v -0.004207 0.014185 0.007030
v -0.001980 0.014263 0.007574
v -0.001531 0.014049 0.007730
v 0.000045 0.013911 0.007823
v -0.007732 0.013530 0.002023
v -0.006712 0.014188 0.004523
v 0.006965 0.014408 0.003374
v 0.002563 0.014164 0.007573
v -0.004686 0.014264 0.006689
v -0.006371 0.014266 0.005002
v -0.006884 0.014107 -0.000958
v -0.007478 0.013954 0.001926
v -0.007551 0.013840 0.000361
v -0.007110 0.014484 0.000851
v -0.007415 0.014039 0.000513
v 0.007624 0.013716 0.000264
v -0.007584 0.013787 0.000318
v -0.005147 0.014313 0.006311
v 0.006573 0.014152 -0.001186
v -0.005994 0.014314 0.005464
v -0.005585 0.014330 0.005902
v 0.006703 0.014536 0.003856
v -0.002433 0.014456 0.007379
v -0.007251 0.014276 0.001859
v -0.007102 0.014467 0.002314
v 0.003040 0.014331 0.007347
v 0.007551 0.013840 0.001951
v 0.007553 0.013837 0.000358
v -0.007275 0.014215 0.000245
v 0.007275 0.014215 0.000245
v 0.006405 0.014636 0.004331
v 0.003516 0.014473 0.007082
v 0.001534 0.014050 0.007735
v -0.002890 0.014628 0.007147
v -0.006912 0.014634 0.002780
v -0.006573 0.014152 -0.001186
v 0.007415 0.014039 0.000513
v 0.007520 0.013886 0.001942
v 0.006071 0.014707 0.004796
v 0.003986 0.014588 0.006780
v 0.007200 0.014353 0.001842
v 0.007131 0.014456 0.000830
v -0.007084 0.014363 -0.000029
v 0.007084 0.014363 -0.000029
v 0.001407 0.014400 0.007496
v -0.001490 0.014181 0.007649
v -0.001406 0.014400 0.007495
v 0.005704 0.014746 0.005243
v -0.003345 0.014776 0.006880
v 0.004444 0.014675 0.006442
v -0.006687 0.014779 0.003248
v 0.001812 0.014651 0.007304
v 0.005308 0.014754 0.005670
v 0.004887 0.014730 0.006071
v 0.006241 0.014152 -0.001381
v -0.006851 0.014476 -0.000297
v 0.006851 0.014476 -0.000297
v -0.006241 0.014152 -0.001381
v -0.003795 0.014897 0.006578
v -0.006426 0.014898 0.003716
v 0.007048 0.014540 0.002296
v 0.006857 0.014706 0.002759
v -0.006580 0.014549 -0.000550
v 0.006580 0.014549 -0.000550
v -0.005894 0.014142 -0.001500
v 0.005352 0.014906 -0.000743
v 0.005657 0.014971 -0.000578
v -0.005657 0.014971 -0.000578
v -0.005352 0.014906 -0.000743
v -0.005061 0.014811 -0.000867
v -0.005956 0.014998 -0.000379
v 0.005956 0.014998 -0.000379
v 0.006240 0.014984 -0.000151
v 0.002230 0.014853 0.007097
v 0.005061 0.014811 -0.000867
v 0.004420 0.015550 -0.000129
v 0.004747 0.015181 -0.000497
v 0.004052 0.015861 0.000183
v 0.005011 0.014883 -0.000796
v 0.004013 0.015884 0.000206
v -0.001838 0.014596 0.007344
v -0.004235 0.014990 0.006243
v -0.006132 0.014990 0.004178
v -0.006913 0.014707 0.000635
v 0.006913 0.014707 0.000635
v 0.006631 0.014849 0.003225
v -0.002261 0.014796 0.007138
v -0.004660 0.015052 0.005877
v -0.005806 0.015052 0.004630
v -0.007033 0.014587 0.001794
v -0.005066 0.015084 0.005483
v -0.005449 0.015084 0.005066
v 0.002650 0.015034 0.006857
v 0.007110 0.014484 0.001814
v -0.006725 0.014835 0.000364
v 0.006725 0.014835 0.000364
v -0.001668 0.014926 0.007099
v -0.001293 0.014697 0.007287
v -0.000552 0.014987 0.007068
v 0.001397 0.014429 0.007476
v 0.006371 0.014966 0.003690
v 0.001335 0.014601 0.007359
v 0.007056 0.014549 0.000899
v -0.002688 0.014975 0.006900
v -0.006979 0.014652 0.001783
v -0.006707 0.014968 0.002196
v -0.006864 0.014790 0.001759
v 0.003312 0.014830 0.006842
v -0.006499 0.014929 0.000100
v 0.006499 0.014929 0.000100
v -0.007057 0.014550 0.000900
v 0.006627 0.015061 0.002176
v 0.006839 0.014823 0.001752
v 0.006078 0.015056 0.004149
v 0.006433 0.015210 0.002621
v -0.006240 0.014984 -0.000151
v 0.006839 0.014822 0.001101
v -0.006977 0.014650 0.000974
v 0.003758 0.014953 0.006540
v -0.002047 0.015138 0.006881
v 0.001265 0.014749 0.007248
v -0.003113 0.015131 0.006630
v -0.006513 0.015121 0.002644
v 0.005753 0.015116 0.004599
v -0.006650 0.015058 0.001275
v 0.004194 0.015047 0.006205
v -0.001278 0.014733 0.007261
v 0.006208 0.015337 0.003069
v 0.005399 0.015146 0.005033
v -0.006501 0.015196 0.001014
v 0.006501 0.015196 0.001014
v 0.006656 0.015050 0.001269
v 0.004616 0.015111 0.005841
v -0.001557 0.015088 0.006974
v -0.001143 0.014977 0.007076
v 0.005019 0.015144 0.005449
v 0.002000 0.015199 0.006834
v 0.001195 0.014897 0.007137
v -0.003534 0.015262 0.006327
v -0.006288 0.015251 0.003095
v -0.006525 0.015199 0.001688
v -0.006647 0.015061 0.001277
v -0.002428 0.015331 0.006634
v -0.005011 0.014883 -0.000796
v 0.006787 0.014888 0.001740
v 0.003069 0.015192 0.006586
v -0.006318 0.015303 0.000748
v 0.006318 0.015303 0.000748
v 0.005953 0.015437 0.003515
v -0.004747 0.015181 -0.000497
v 0.005029 0.015290 -0.000360
v 0.006663 0.015042 0.001712
v -0.003946 0.015365 0.005995
v 0.001800 0.015385 0.006691
v 0.001187 0.014914 0.007125
v -0.006031 0.015355 0.003545
v -0.005029 0.015290 -0.000360
v 0.001106 0.015016 0.007044
v -0.001894 0.015313 0.006745
v -0.006102 0.015376 0.000486
v 0.006102 0.015376 0.000486
v 0.003484 0.015324 0.006283
v 0.005669 0.015510 0.003957
v -0.006283 0.015450 0.001655
v -0.006118 0.015599 0.002075
v -0.005313 0.015367 -0.000190
v 0.005313 0.015367 -0.000190
v -0.002808 0.015501 0.006358
v -0.001401 0.015238 0.006855
v -0.001139 0.014984 0.007070
v -0.005858 0.015412 0.000238
v -0.005592 0.015409 0.000011
v 0.005592 0.015409 0.000011
v 0.005858 0.015412 0.000238
v -0.001140 0.015454 0.006675
v -0.000957 0.015185 0.006909
v 0.001012 0.015134 0.006951
v 0.000918 0.015214 0.006885
v 0.000776 0.015334 0.006785
v 0.000721 0.015365 0.006759
v 0.000535 0.015470 0.006669
v 0.000515 0.015476 0.006663
v 0.000301 0.015546 0.006602
v 0.000271 0.015557 0.006593
v 0.000086 0.015577 0.006575
v 0.000004 0.015586 0.006567
v -0.000128 0.015573 0.006578
v -0.000254 0.015560 0.006590
v -0.000340 0.015534 0.006612
v -0.000483 0.015492 0.006650
v -0.000550 0.015458 0.006679
v -0.000717 0.015373 0.006752
v -0.000758 0.015342 0.006778
v -0.000939 0.015205 0.006893
v -0.004346 0.015439 0.005636
v -0.005746 0.015431 0.003990
v 0.001592 0.015534 0.006571
v 0.002369 0.015395 0.006584
v 0.006167 0.015570 0.001639
v 0.006647 0.015060 0.001276
v 0.003891 0.015430 0.005952
v -0.005432 0.015479 0.004425
v -0.004729 0.015483 0.005252
v 0.005358 0.015555 0.004390
v 0.006002 0.015656 0.001385
v -0.006167 0.015570 0.001639
v -0.006003 0.015655 0.001386
v 0.006105 0.015625 0.001698
v 0.005966 0.015743 0.002054
v 0.005774 0.015860 0.002478
v -0.005092 0.015496 0.004848
v -0.001660 0.015486 0.006611
v 0.004285 0.015506 0.005594
v 0.005022 0.015569 0.004809
v -0.005925 0.015725 0.002503
v -0.003185 0.015648 0.006055
v -0.002232 0.015520 0.006490
v 0.004663 0.015553 0.005212
v -0.004420 0.015550 -0.000129
v -0.004659 0.015636 0.000030
v 0.002737 0.015570 0.006307
v -0.005833 0.015743 0.001125
v 0.005833 0.015743 0.001125
v -0.000892 0.015612 0.006537
v 0.005558 0.015954 0.002904
v 0.001267 0.015742 0.006392
v -0.001323 0.015710 0.006421
v -0.005706 0.015826 0.002933
v -0.003554 0.015769 0.005726
v -0.004670 0.015639 0.000038
v 0.004659 0.015636 0.000030
v 0.004670 0.015639 0.000038
v -0.005715 0.015804 0.000943
v -0.005831 0.015744 0.001122
v 0.005831 0.015744 0.001122
v 0.005715 0.015804 0.000943
v -0.001920 0.015717 0.006344
v 0.003102 0.015722 0.006004
v -0.002570 0.015707 0.006210
v 0.005318 0.016022 0.003329
v -0.005462 0.015903 0.003362
v 0.000971 0.015890 0.006257
v -0.003914 0.015863 0.005374
v -0.004919 0.015729 0.000203
v -0.005108 0.015797 0.000329
v -0.004928 0.015732 0.000209
v 0.004919 0.015729 0.000203
v 0.004928 0.015732 0.000209
v 0.005108 0.015797 0.000329
v -0.000643 0.015726 0.006433
v -0.005644 0.015803 0.000871
v -0.005640 0.015803 0.000867
v -0.005412 0.015800 0.000636
v 0.005644 0.015803 0.000871
v 0.005412 0.015800 0.000636
v 0.005640 0.015803 0.000867
v 0.002104 0.015604 0.006430
v -0.005179 0.015798 0.000400
v -0.005172 0.015798 0.000393
v 0.005172 0.015798 0.000393
v 0.005179 0.015798 0.000400
v -0.005406 0.015800 0.000630
v 0.005406 0.015800 0.000630
v 0.003460 0.015848 0.005676
v -0.005193 0.015952 0.003787
v 0.005055 0.016064 0.003750
v -0.004260 0.015929 0.005001
v -0.006069 0.015664 0.001741
v -0.001023 0.015867 0.006279
v 0.000683 0.015996 0.006158
v -0.004902 0.015973 0.004205
v -0.004590 0.015966 0.004610
v -0.001506 0.015951 0.006148
v -0.000396 0.015802 0.006363
v -0.002905 0.015871 0.005905
v 0.003809 0.015948 0.005325
v 0.004771 0.016078 0.004163
v -0.002179 0.015931 0.006056
v 0.001834 0.015769 0.006303
v 0.000398 0.016063 0.006092
v -0.003996 0.015879 0.000200
v 0.004146 0.016020 0.004954
v 0.004467 0.016063 0.004566
v -0.000149 0.015841 0.006327
v 0.002409 0.015804 0.006146
v 0.000114 0.016095 0.006062
v -0.005702 0.015971 0.002073
v -0.005751 0.015929 0.002028
v -0.000733 0.015980 0.006173
v 0.005781 0.015909 0.002006
v 0.004243 0.016031 0.000381
v -0.004239 0.016033 0.000384
v -0.003234 0.016011 0.005577
v -0.005435 0.016177 0.001910
v 0.005440 0.016173 0.001906
v -0.005283 0.016246 0.001628
v 0.005288 0.016243 0.001624
v -0.002437 0.016125 0.005747
v -0.001156 0.016110 0.006003
v -0.001689 0.016177 0.005856
v 0.002710 0.015983 0.005839
v -0.005465 0.016134 0.002248
v -0.005555 0.016072 0.002182
v -0.005391 0.016173 0.002430
v -0.000450 0.016054 0.006102
v -0.004468 0.016149 0.000588
v 0.004472 0.016146 0.000585
v 0.001440 0.015984 0.006118
v 0.005752 0.015930 0.002028
v 0.002075 0.015987 0.006013
v -0.003554 0.016126 0.005229
v -0.004693 0.016230 0.000820
v 0.004697 0.016227 0.000817
v -0.004907 0.016274 0.001076
v 0.004912 0.016271 0.001072
v -0.000169 0.016092 0.006065
v -0.005106 0.016280 0.001347
v 0.005110 0.016276 0.001344
v -0.005185 0.016246 0.002847
v 0.003621 0.016083 0.005251
v 0.003007 0.016139 0.005511
v 0.005631 0.016017 0.002121
v 0.005495 0.016093 0.002441
v 0.005285 0.016172 0.002860
v -0.003865 0.016215 0.004862
v -0.000824 0.016221 0.005896
v -0.002691 0.016298 0.005419
v -0.003800 0.016032 0.000353
v -0.003524 0.016168 0.000489
v -0.003049 0.016403 0.000724
v -0.003009 0.016415 0.000736
v 0.003532 0.016164 0.000485
v 0.001096 0.016133 0.005981
v -0.004957 0.016294 0.003264
v -0.004162 0.016276 0.004479
v -0.001871 0.016386 0.005547
v -0.001288 0.016338 0.005711
v -0.004710 0.016315 0.003677
v 0.005054 0.016225 0.003279
v -0.004445 0.016309 0.004083
v -0.000504 0.016294 0.005825
v 0.002315 0.016186 0.005704
v 0.001613 0.016211 0.005826
v 0.000767 0.016237 0.005881
v -0.002939 0.016448 0.005074
v 0.005558 0.016068 0.002176
v 0.003939 0.016167 0.004883
v 0.004802 0.016252 0.003694
v 0.003739 0.016343 0.000694
v 0.003933 0.016482 0.000923
v -0.003729 0.016349 0.000700
v -0.000189 0.016330 0.005788
v 0.004243 0.016223 0.004499
v 0.000445 0.016303 0.005816
v 0.004531 0.016252 0.004101
v 0.005354 0.016214 0.002333
v 0.003297 0.016271 0.005163
v 0.000127 0.016334 0.005785
v 0.005231 0.016287 0.002410
v -0.000914 0.016449 0.005605
v -0.002051 0.016575 0.005222
v -0.003181 0.016575 0.004713
v 0.001220 0.016361 0.005689
v -0.005288 0.016257 0.002378
v 0.002552 0.016364 0.005376
v 0.004123 0.016586 0.001180
v -0.003922 0.016488 0.000929
v 0.003312 0.016292 0.000614
v 0.003578 0.016378 0.004799
v 0.004880 0.016492 0.002628
v 0.004787 0.016515 0.002812
v 0.004576 0.016540 0.003222
v 0.004749 0.016599 0.002353
v -0.005208 0.016302 0.002426
v -0.005228 0.016290 0.002414
v -0.005097 0.016401 0.002146
v -0.004608 0.016663 0.002061
v -0.001419 0.016549 0.005403
v 0.001784 0.016420 0.005517
v -0.003414 0.016676 0.004339
v -0.000558 0.016520 0.005534
v 0.003848 0.016458 0.004420
v 0.004349 0.016539 0.003629
v 0.004305 0.016650 0.001459
v -0.004112 0.016592 0.001186
v 0.000851 0.016464 0.005590
v 0.004622 0.016656 0.002054
v -0.004761 0.016554 0.002693
v -0.004836 0.016511 0.002648
v -0.004642 0.016603 0.002800
v -0.004676 0.016592 0.002735
v -0.004459 0.016681 0.001760
v 0.004105 0.016512 0.004029
v 0.002783 0.016520 0.005032
v 0.004472 0.016674 0.001753
v -0.004292 0.016657 0.001466
v -0.003637 0.016753 0.003955
v -0.003983 0.016579 0.004011
v 0.003009 0.016401 0.000723
v 0.003172 0.016601 0.000953
v -0.000209 0.016556 0.005497
v -0.004438 0.016621 0.003208
v -0.002227 0.016745 0.004882
v -0.004735 0.016606 0.002361
v 0.000493 0.016529 0.005525
v -0.004218 0.016613 0.003612
v 0.000140 0.016559 0.005494
v -0.001004 0.016661 0.005298
v 0.003328 0.016759 0.001203
v -0.003164 0.016604 0.000956
v 0.001344 0.016572 0.005382
v 0.001953 0.016611 0.005193
v 0.003009 0.016653 0.004673
v -0.001549 0.016743 0.005081
v 0.002507 0.016582 0.000904
v 0.002568 0.016800 0.001152
v 0.002450 0.016594 0.000916
v -0.002432 0.016590 0.000911
v -0.002399 0.016893 0.004530
v -0.000611 0.016731 0.005229
v 0.003226 0.016762 0.004302
v 0.000934 0.016676 0.005284
v 0.003480 0.016881 0.001481
v -0.003319 0.016762 0.001206
v 0.004875 0.016495 0.002631
v 0.004853 0.016505 0.002642
v 0.004543 0.016651 0.002801
v 0.003435 0.016846 0.003920
v 0.002120 0.016783 0.004854
v -0.000228 0.016767 0.005193
v 0.000540 0.016741 0.005220
v 0.003634 0.016905 0.003530
v 0.004059 0.016851 0.003025
v 0.003821 0.016940 0.003135
v 0.004339 0.016748 0.002906
v -0.001094 0.016856 0.004979
v 0.000154 0.016770 0.005190
v 0.001466 0.016767 0.005061
v -0.002566 0.017020 0.004166
v -0.001677 0.016919 0.004746
v -0.003849 0.016804 0.003562
v 0.003626 0.016962 0.001781
v -0.002198 0.016661 0.000982
v -0.002555 0.016803 0.001156
v -0.004542 0.016651 0.002801
v -0.003471 0.016884 0.001485
v -0.001840 0.016720 0.001041
v -0.001244 0.016818 0.001140
v -0.000620 0.016855 0.001176
v -0.000143 0.016883 0.001204
v 0.000003 0.016881 0.001202
v 0.001240 0.016806 0.001128
v 0.001848 0.016719 0.001040
v 0.000624 0.016860 0.001181
v 0.001936 0.016945 0.001298
v 0.003980 0.016943 0.002727
v 0.002687 0.016972 0.001419
v -0.004184 0.016810 0.002977
v -0.003869 0.016996 0.002418
v -0.003970 0.016947 0.002732
v -0.004049 0.016830 0.003163
v -0.004128 0.016829 0.002999
v 0.003760 0.016999 0.002095
v 0.002282 0.016933 0.004503
v 0.003879 0.016992 0.002413
v -0.003616 0.016965 0.001785
v -0.000665 0.016927 0.004912
v -0.003750 0.017003 0.002099
v 0.001017 0.016871 0.004965
v -0.002727 0.017123 0.003794
v 0.001559 0.016779 0.001100
v -0.001927 0.016946 0.001300
v -0.000248 0.016963 0.004877
v 0.000587 0.016936 0.004903
v -0.001181 0.017034 0.004648
v -0.001802 0.017075 0.004400
v -0.002944 0.017176 0.003429
v 0.002803 0.017107 0.001716
v 0.002440 0.017062 0.004141
v -0.002673 0.016976 0.001423
v 0.001586 0.016943 0.004726
v 0.000167 0.016966 0.004874
v 0.001295 0.017040 0.001395
v 0.002019 0.017127 0.001580
v -0.003220 0.017108 0.003339
v -0.003539 0.017029 0.003236
v 0.000651 0.017094 0.001449
v -0.001290 0.017041 0.001395
v -0.004049 0.016856 0.003031
v -0.003783 0.016947 0.003138
v 0.002939 0.017176 0.003429
v 0.002592 0.017168 0.003771
v 0.003828 0.016936 0.003124
v -0.000646 0.017094 0.001450
v -0.000717 0.017106 0.004583
v 0.000439 0.016876 0.001197
v 0.001098 0.017049 0.004634
v 0.000003 0.017111 0.001467
v 0.002913 0.017198 0.002034
v -0.002788 0.017111 0.001720
v -0.001923 0.017211 0.004045
v 0.003801 0.016946 0.003135
v 0.003744 0.016967 0.003159
v 0.003239 0.017107 0.003336
v 0.003105 0.017144 0.003382
v -0.001267 0.017193 0.004306
v -0.000267 0.017141 0.004549
v 0.001703 0.017100 0.004381
v 0.000633 0.017115 0.004574
v 0.003180 0.017197 0.003026
v 0.001347 0.017230 0.001687
v -0.002010 0.017129 0.001581
v -0.003163 0.017201 0.003032
v -0.003088 0.017247 0.002704
v 0.003015 0.017244 0.002365
v 0.000180 0.017145 0.004546
v -0.002898 0.017203 0.002039
v 0.002101 0.017271 0.001891
v 0.003104 0.017243 0.002699
v -0.002999 0.017249 0.002370
v -0.002041 0.017326 0.003681
v -0.000768 0.017267 0.004245
v 0.000676 0.017287 0.001748
v -0.001343 0.017230 0.001687
v 0.001177 0.017209 0.004293
v 0.001949 0.017339 0.003672
v 0.001818 0.017237 0.004027
v -0.001351 0.017334 0.003956
v 0.000003 0.017306 0.001768
v -0.000671 0.017288 0.001748
v -0.000286 0.017303 0.004212
v 0.002179 0.017369 0.002225
v -0.002092 0.017273 0.001893
v 0.000678 0.017276 0.004236
v -0.002393 0.017277 0.003574
v -0.002843 0.017201 0.003461
v -0.002049 0.017330 0.003655
v -0.002105 0.017325 0.003645
v -0.002866 0.017196 0.003454
v 0.001399 0.017378 0.002010
v 0.000193 0.017306 0.004210
v 0.002430 0.017277 0.003571
v 0.002406 0.017280 0.003576
v 0.002702 0.017223 0.003495
v -0.000818 0.017409 0.003898
v 0.002365 0.017371 0.003256
v 0.002250 0.017419 0.002570
v -0.002354 0.017373 0.003258
v -0.002302 0.017421 0.002920
v -0.002169 0.017371 0.002227
v 0.001255 0.017350 0.003944
v -0.001394 0.017396 0.003771
v -0.001582 0.017377 0.003738
v -0.001955 0.017340 0.003672
v 0.000701 0.017439 0.002078
v -0.001394 0.017379 0.002010
v 0.001588 0.017379 0.003739
v 0.001716 0.017370 0.003721
v 0.001926 0.017343 0.003677
v 0.002313 0.017419 0.002917
v -0.002240 0.017421 0.002573
v -0.000305 0.017446 0.003867
v 0.001448 0.017480 0.002355
v 0.000257 0.017445 0.003868
v 0.000722 0.017418 0.003890
v 0.000003 0.017458 0.002101
v -0.000696 0.017439 0.002078
v -0.000004 0.017445 0.003868
v 0.000205 0.017446 0.003872
v 0.000192 0.017447 0.003872
v 0.000004 0.017445 0.003869
v -0.001558 0.017478 0.003416
v -0.000829 0.017427 0.003832
v -0.001340 0.017402 0.003780
v 0.001563 0.017478 0.003416
v 0.001292 0.017401 0.003780
v 0.000964 0.017425 0.003825
v 0.001492 0.017530 0.002712
v -0.001443 0.017481 0.002355
v -0.001526 0.017529 0.003070
v 0.000724 0.017542 0.002431
v -0.000774 0.017533 0.003511
v -0.000576 0.017439 0.003857
v -0.000785 0.017429 0.003836
v 0.000791 0.017430 0.003836
v 0.000729 0.017431 0.003839
v 0.001531 0.017529 0.003069
v -0.001487 0.017531 0.002712
v 0.000779 0.017533 0.003511
v 0.000003 0.017562 0.002456
v -0.000719 0.017542 0.002431
v -0.000306 0.017442 0.003862
v 0.000004 0.017550 0.003543
v -0.000759 0.017588 0.003159
v 0.000746 0.017592 0.002795
v 0.000764 0.017588 0.003159
v -0.000740 0.017592 0.002795
v 0.000004 0.017606 0.003189
v 0.000003 0.017611 0.002823
vn -0.0000 -1.0000 -0.0000
vn -0.9944 0.1058 -0.0000
vn -0.9945 0.1050 0.0005
vn -0.0000 -0.9997 -0.0258
vn -0.0002 -1.0000 -0.0006
vn -0.0001 -1.0000 -0.0001
vn 0.0001 -1.0000 0.0005
vn 0.0001 -1.0000 0.0008
vn 0.9948 0.1022 -0.0000
vn 0.9948 0.1016 0.0004
vn 0.0004 -0.9971 -0.0756
vn -0.9928 0.1092 0.0494
vn 0.9943 0.1038 0.0242
vn -0.0001 -1.0000 -0.0004
vn -0.8066 0.1245 0.5778
vn -0.7784 0.1373 0.6125
vn -0.7677 0.1247 0.6285
vn -0.0002 -1.0000 -0.0002
vn 0.8122 0.1797 0.5550
vn 0.7394 0.0930 0.6669
vn -0.6874 0.1045 0.7188
vn 0.6111 0.1704 0.7730
vn -0.0003 -1.0000 -0.0002
vn 0.0003 -1.0000 0.0002
vn 0.6201 0.0103 0.7844
vn 0.6956 0.0750 0.7145
vn -0.6889 0.0798 0.7205
vn -0.7161 0.0690 0.6946
vn -0.6739 0.0664 0.7358
vn -0.5613 -0.0226 0.8273
vn 0.4797 -0.0383 0.8766
vn -0.4131 -0.1101 0.9040
vn -0.5015 -0.0256 0.8648
vn -0.4129 -0.1102 0.9041
vn 0.4791 -0.0643 0.8754
vn 0.5095 -0.0447 0.8593
vn 0.3213 -0.1326 0.9377
vn -0.2520 -0.1890 0.9491
vn -0.3036 -0.1167 0.9456
vn 0.1574 -0.0600 0.9857
vn -0.2518 -0.1891 0.9491
vn 0.1535 -0.2273 0.9617
vn 0.3172 -0.1487 0.9366
vn -0.0851 -0.2392 0.9672
vn -0.0950 -0.2078 0.9735
vn 0.0347 -0.1481 0.9884
vn 0.0001 -0.2718 0.9623
vn -0.0000 -0.2564 0.9666
vn 0.0944 -0.2190 0.9712
vn 0.9490 0.1134 0.2942
vn 0.9395 0.1224 0.3199
vn 0.9151 0.1162 0.3862
vn 0.9151 0.1161 0.3861
vn -0.0000 -1.0000 0.0003
vn 0.9898 0.1025 0.0992
vn 0.9930 0.1094 0.0437
vn 0.0005 -1.0000 0.0003
vn 0.8019 0.1184 0.5857
vn 0.8197 0.1184 0.5604
vn 0.9490 0.1134 0.2940
vn 0.8718 0.1179 0.4755
vn 0.8565 0.1268 0.5004
vn 0.9741 0.1085 0.1985
vn 0.9666 0.1186 0.2273
vn -0.0001 -1.0000 -0.0007
vn -0.0001 -1.0000 -0.0008
vn 0.9898 0.1025 0.0990
vn 0.8717 0.1179 0.4756
vn 0.9028 0.1252 0.4114
vn 0.9842 0.1144 0.1352
vn -0.8490 0.1199 0.5147
vn -0.8490 0.1199 0.5146
vn -0.9935 0.1030 0.0494
vn -0.9942 0.1021 0.0351
vn -0.9831 0.1076 0.1481
vn -0.9845 0.1117 0.1354
vn -0.8955 0.1180 0.4291
vn -0.8566 0.1253 0.5006
vn -0.8955 0.1180 0.4292
vn -0.9831 0.1076 0.1482
vn -0.9630 0.1118 0.2451
vn -0.9667 0.1173 0.2275
vn -0.9029 0.1241 0.4114
vn -0.9336 0.1153 0.3392
vn -0.9396 0.1215 0.3199
vn -0.9946 0.1042 0.0009
vn -0.0004 -0.9918 -0.1280
vn 0.9949 0.1006 0.0008
vn 0.0004 -0.9743 -0.2254
vn -0.9947 0.1025 0.0016
vn 0.0003 -0.9612 -0.2759
vn -0.9945 0.1051 0.0022
vn -0.9922 0.1242 -0.0141
vn -0.9944 0.1058 0.0002
vn -0.0004 -0.9612 -0.2759
vn 0.0003 -0.9743 -0.2254
vn 0.9947 0.1025 -0.0000
vn 0.9932 0.1161 -0.0065
vn 0.9942 0.1077 0.0024
vn 0.0001 -0.2715 0.9624
vn -0.0003 -0.2566 0.9665
vn 0.0003 -0.2493 0.9684
vn 0.0944 -0.2190 0.9711
vn -0.1051 -0.2318 0.9671
vn 0.9943 0.1067 0.0034
vn 0.0004 -0.9290 -0.3700
vn -0.9945 0.1043 0.0027
vn -0.0004 -0.9083 -0.4183
vn -0.1032 -0.2118 0.9719
vn -0.0919 -0.2120 0.9729
vn -0.3051 -0.1199 0.9448
vn -0.2858 -0.1224 0.9505
vn 0.1008 -0.2129 0.9719
vn 0.3024 -0.1137 0.9464
vn 0.9944 0.1059 0.0041
vn 0.0002 -0.8626 -0.5058
vn -0.7615 0.1177 0.6374
vn -0.8016 0.1182 0.5861
vn 0.8015 0.1187 0.5861
vn 0.7623 0.1182 0.6363
vn 0.6848 0.0380 0.7277
vn -0.9946 0.1041 0.0029
vn 0.0002 -0.9083 -0.4183
vn 0.9943 0.1061 0.0039
vn 0.0004 -0.8626 -0.5059
vn -0.9946 0.1041 0.0028
vn -0.0004 -0.8345 -0.5511
vn -0.4980 -0.0175 0.8670
vn -0.4596 -0.0251 0.8878
vn 0.4920 -0.0037 0.8706
vn 0.2889 -0.1292 0.9486
vn 0.9944 0.1060 0.0040
vn 0.0004 -0.7763 -0.6303
vn -0.9945 0.1048 0.0025
vn -0.0004 -0.7417 -0.6708
vn -0.6850 0.0386 0.7275
vn -0.6253 0.0822 0.7760
vn -0.6571 0.0858 0.7489
vn -0.6569 0.0858 0.7490
vn 0.4664 -0.0403 0.8836
vn 0.6310 0.0870 0.7709
vn 0.6579 0.0853 0.7483
vn 0.6847 0.0383 0.7278
vn 0.9943 0.1068 0.0035
vn -0.0000 -0.6723 -0.7402
vn 0.9943 0.1066 0.0036
vn 0.0004 -0.6723 -0.7403
vn -0.0000 -0.7417 -0.6708
vn -0.7617 0.1175 0.6372
vn 0.7625 0.1181 0.6362
vn -0.9944 0.1061 0.0020
vn -0.0004 -0.6317 -0.7752
vn 0.7216 0.1494 0.6760
vn -0.7344 0.1407 0.6640
vn -0.6454 0.0750 0.7601
vn -0.0000 -0.2181 0.9759
vn 0.0003 -0.2141 0.9768
vn 0.0863 -0.1795 0.9800
vn 0.9941 0.1080 0.0030
vn 0.0004 -0.5530 -0.8332
vn -0.9941 0.1082 0.0014
vn -0.0004 -0.5069 -0.8620
vn -0.2709 -0.0902 0.9584
vn -0.2525 -0.0937 0.9631
vn -0.0939 -0.1771 0.9797
vn 0.0842 -0.1820 0.9797
vn 0.2684 -0.0849 0.9596
vn -0.0795 -0.1779 0.9808
vn -0.6456 0.0750 0.7600
vn 0.7391 0.0919 0.6673
vn 0.6612 0.0886 0.7449
vn 0.6231 0.0534 0.7803
vn -0.9935 0.1082 0.0346
vn -0.4453 0.0059 0.8954
vn -0.4072 -0.0038 0.9133
vn 0.4396 0.0179 0.8980
vn 0.2555 -0.0996 0.9617
vn 0.9935 0.1053 0.0440
vn -0.9914 0.1200 0.0513
vn -0.9827 0.1261 0.1355
vn -0.9828 0.1265 0.1342
vn 0.9939 0.1105 0.0021
vn -0.0002 -0.4206 -0.9073
vn -0.9648 0.1324 0.2272
vn -0.9650 0.1327 0.2263
vn 0.9917 0.1203 0.0454
vn 0.9826 0.1270 0.1355
vn 0.9827 0.1273 0.1342
vn 0.9939 0.1106 0.0021
vn 0.0004 -0.4206 -0.9072
vn -0.0002 -0.5071 -0.8619
vn -0.9942 0.1080 0.0015
vn -0.9376 0.1376 0.3194
vn -0.9378 0.1378 0.3186
vn 0.9647 0.1333 0.2272
vn 0.9649 0.1336 0.2262
vn -0.9008 0.1416 0.4104
vn -0.9010 0.1418 0.4100
vn 0.9917 0.1204 0.0451
vn -0.6397 0.1428 0.7552
vn -0.7107 0.1393 0.6895
vn -0.6239 0.0552 0.7796
vn -0.7339 0.1451 0.6636
vn -0.8544 0.1443 0.4991
vn -0.8545 0.1443 0.4991
vn 0.9375 0.1386 0.3193
vn 0.9377 0.1388 0.3186
vn -0.7986 0.1455 0.5840
vn -0.7343 0.1453 0.6631
vn -0.7987 0.1455 0.5838
vn 0.9007 0.1426 0.4104
vn 0.9009 0.1428 0.4100
vn 0.6614 0.0886 0.7448
vn 0.6231 0.0531 0.7804
vn 0.6881 0.1454 0.7109
vn 0.7337 0.1462 0.6635
vn 0.8543 0.1454 0.4990
vn 0.8544 0.1454 0.4989
vn 0.7984 0.1466 0.5840
vn 0.7342 0.1465 0.6630
vn 0.7986 0.1467 0.5837
vn -0.9938 0.1113 0.0008
vn -0.0004 -0.3708 -0.9287
vn -0.5597 0.0948 0.8232
vn -0.5926 0.0998 0.7993
vn -0.6240 0.0549 0.7795
vn 0.4138 -0.0171 0.9102
vn 0.5845 0.1153 0.8031
vn 0.6230 0.0534 0.7804
vn -0.7107 0.1394 0.6895
vn 0.7132 0.1405 0.6868
vn -0.0000 -0.2140 0.9768
vn -0.0796 -0.1780 0.9808
vn 0.0011 -0.1832 0.9831
vn -0.0025 -0.2192 0.9757
vn 0.0827 -0.1811 0.9800
vn 0.6513 0.1538 0.7430
vn 0.5555 0.0652 0.8289
vn -0.6610 0.1517 0.7349
vn -0.6384 0.1431 0.7563
vn 0.9935 0.1138 0.0012
vn 0.0004 -0.2788 -0.9604
vn -0.9934 0.1149 0.0004
vn -0.0004 -0.2259 -0.9742
vn -0.0025 -0.2190 0.9757
vn 0.0827 -0.1810 0.9800
vn -0.0000 -0.1835 0.9830
vn 0.0803 -0.1427 0.9865
vn -0.2355 -0.0607 0.9700
vn -0.0828 -0.1435 0.9862
vn -0.2177 -0.0654 0.9738
vn 0.0751 -0.1479 0.9861
vn 0.2332 -0.0562 0.9708
vn -0.0746 -0.1447 0.9867
vn 0.9935 0.1139 0.0012
vn -0.0004 -0.2258 -0.9742
vn 0.0009 -0.0758 -0.9971
vn -0.0023 -0.2788 -0.9603
vn -0.9934 0.1151 0.0004
vn 0.9930 0.1178 0.0005
vn -0.0000 -0.1304 -0.9915
vn -0.3895 0.0306 0.9205
vn -0.3519 0.0181 0.9359
vn 0.3842 0.0408 0.9224
vn 0.2206 -0.0705 0.9728
vn -0.9909 0.1292 0.0375
vn -0.6383 0.1431 0.7564
vn -0.5560 0.0672 0.8284
vn 0.6422 0.1450 0.7527
vn 0.6618 0.1456 0.7354
vn 0.5554 0.0652 0.8290
vn -0.9929 0.1191 0.0003
vn -0.5314 0.1164 0.8391
vn -0.4838 0.1058 0.8688
vn 0.3584 0.0068 0.9336
vn 0.5336 0.1156 0.8378
vn 0.5219 0.1377 0.8418
vn -0.9921 0.1257 0.0003
vn -0.9921 0.1256 0.0003
vn -0.9928 0.1195 0.0020
vn -0.0000 -0.0758 -0.9971
vn -0.0007 -0.0270 -0.9996
vn 0.5805 0.1596 0.7985
vn -0.5792 0.1613 0.7991
vn 0.5802 0.1597 0.7986
vn 0.4732 0.0621 0.8788
vn 0.9932 0.1166 0.0006
vn 0.9927 0.1206 0.0002
vn -0.0000 -0.0000 -1.0000
vn -0.9894 0.1451 -0.0038
vn -0.9897 0.1430 -0.0026
vn -0.0000 -0.0001 -1.0000
vn -0.0002 -0.0005 -1.0000
vn -0.0003 -0.0005 -1.0000
vn -0.0001 -0.0002 -1.0000
vn 0.0002 0.0004 -1.0000
vn 0.0003 0.0005 -1.0000
vn 0.0004 0.0002 -1.0000
vn 0.0003 0.0004 -1.0000
vn 0.0004 0.0007 -1.0000
vn 0.0001 0.0001 -1.0000
vn -0.0002 -0.0001 -1.0000
vn -0.0001 -0.0000 -1.0000
vn -0.0006 -0.0003 -1.0000
vn 0.0002 0.0001 -1.0000
vn -0.0007 -0.0002 -1.0000
vn -0.0008 -0.0002 -1.0000
vn -0.0009 -0.0003 -1.0000
vn 0.0012 0.0003 -1.0000
vn 0.0005 0.0001 -1.0000
vn 0.9909 0.1349 -0.0008
vn 0.9918 0.1281 0.0007
vn 0.0740 -0.1459 0.9865
vn -0.0002 -0.1549 0.9879
vn -0.0019 -0.1321 0.9912
vn 0.0026 -0.1840 0.9829
vn -0.0747 -0.1448 0.9866
vn 0.0003 -0.1564 0.9877
vn -0.0644 -0.1149 0.9913
vn -0.0795 -0.1104 0.9907
vn 0.0660 -0.1166 0.9910
vn -0.9909 0.1291 0.0375
vn -0.1808 -0.0381 0.9828
vn -0.1980 -0.0317 0.9797
vn 0.0718 -0.1101 0.9913
vn 0.1958 -0.0280 0.9802
vn -0.9796 0.1504 0.1330
vn -0.9794 0.1499 0.1352
vn -0.9885 0.1417 0.0534
vn 0.9917 0.1205 0.0451
vn 0.9892 0.1397 0.0437
vn -0.9614 0.1591 0.2244
vn -0.9611 0.1587 0.2261
vn 0.9887 0.1426 0.0468
vn 0.9791 0.1517 0.1353
vn 0.9794 0.1522 0.1328
vn -0.9339 0.1666 0.3163
vn -0.9336 0.1663 0.3175
vn -0.3299 0.0558 0.9424
vn -0.2918 0.0389 0.9557
vn 0.3248 0.0644 0.9436
vn 0.1836 -0.0423 0.9821
vn -0.8969 0.1727 0.4072
vn -0.8966 0.1725 0.4079
vn 0.9607 0.1607 0.2261
vn 0.9611 0.1612 0.2243
vn -0.5791 0.1615 0.7991
vn -0.4755 0.0668 0.8772
vn -0.8503 0.1772 0.4957
vn -0.8502 0.1771 0.4957
vn -0.6573 0.1803 0.7318
vn -0.6585 0.1798 0.7308
vn -0.5792 0.1776 0.7956
vn -0.7946 0.1800 0.5798
vn -0.7944 0.1799 0.5802
vn -0.7298 0.1808 0.6594
vn -0.7304 0.1811 0.6586
vn 0.9332 0.1685 0.3173
vn 0.9336 0.1689 0.3161
vn 0.8962 0.1749 0.4077
vn 0.8965 0.1752 0.4069
vn 0.5803 0.1597 0.7986
vn 0.4732 0.0622 0.8787
vn -0.5800 0.1773 0.7951
vn -0.5961 0.1779 0.7829
vn -0.4755 0.0666 0.8772
vn 0.8498 0.1798 0.4955
vn 0.8499 0.1798 0.4953
vn 0.6017 0.1808 0.7780
vn 0.5798 0.1801 0.7946
vn 0.5779 0.1807 0.7958
vn 0.4732 0.0620 0.8788
vn 0.6582 0.1828 0.7303
vn 0.6569 0.1833 0.7313
vn 0.5218 0.1781 0.8342
vn 0.4729 0.1307 0.8714
vn 0.7942 0.1828 0.5795
vn 0.7940 0.1827 0.5799
vn 0.7294 0.1837 0.6590
vn 0.7300 0.1841 0.6581
vn -0.3933 0.1103 0.9128
vn -0.4702 0.1310 0.8728
vn 0.2984 0.0293 0.9540
vn 0.4728 0.1308 0.8714
vn 0.3948 0.1116 0.9120
vn -0.5171 0.1764 0.8375
vn 0.5216 0.1781 0.8344
vn -0.5172 0.1764 0.8375
vn -0.0000 -0.1327 0.9912
vn -0.0488 -0.1004 0.9938
vn 0.0494 -0.0976 0.9940
vn -0.0000 -0.1326 0.9912
vn -0.0490 -0.1004 0.9937
vn -0.0000 -0.1305 0.9915
vn 0.0495 -0.0976 0.9940
vn 0.9887 0.1405 0.0518
vn 0.9908 0.1351 0.0007
vn 0.9878 0.1556 -0.0024
vn 0.9877 0.1562 -0.0027
vn 0.9878 0.1555 -0.0024
vn -0.0011 -0.1316 0.9913
vn -0.0000 -0.1208 0.9927
vn 0.0528 -0.0954 0.9940
vn 0.0491 -0.0957 0.9942
vn 0.0278 -0.1509 0.9882
vn -0.0558 -0.0956 0.9939
vn -0.0479 -0.0965 0.9942
vn -0.9879 0.1503 0.0373
vn -0.1541 -0.0162 0.9879
vn -0.1640 -0.0138 0.9864
vn 0.1616 -0.0104 0.9868
vn 0.4684 0.1993 0.8608
vn 0.4014 0.1306 0.9066
vn -0.4400 0.1762 0.8805
vn -0.4940 0.1878 0.8489
vn -0.4019 0.1369 0.9054
vn -0.2727 0.0667 0.9598
vn -0.2510 0.0602 0.9661
vn 0.2673 0.0744 0.9607
vn 0.1568 -0.0198 0.9874
vn 0.4499 0.1802 0.8747
vn 0.4950 0.1827 0.8495
vn 0.4013 0.1306 0.9066
vn -0.0011 -0.1314 0.9913
vn 0.0528 -0.0955 0.9940
vn 0.0280 -0.1511 0.9881
vn -0.0559 -0.0957 0.9938
vn -0.3564 0.1471 0.9227
vn -0.3286 0.1369 0.9345
vn -0.4018 0.1371 0.9054
vn 0.3523 0.1431 0.9249
vn 0.4012 0.1305 0.9067
vn 0.2570 0.0518 0.9650
vn 0.0001 -0.1123 0.9937
vn -0.0415 -0.0793 0.9960
vn -0.0459 -0.0781 0.9959
vn -0.0000 -0.1117 0.9937
vn 0.0465 -0.0743 0.9962
vn -0.1420 -0.0006 0.9899
vn -0.1321 -0.0041 0.9912
vn 0.0433 -0.0803 0.9958
vn 0.1397 0.0024 0.9902
vn -0.4397 0.1763 0.8807
vn 0.4502 0.1802 0.8745
vn -0.2368 0.0785 0.9684
vn -0.2151 0.0694 0.9741
vn 0.2312 0.0851 0.9692
vn 0.1350 -0.0073 0.9908
vn 0.3976 0.2000 0.8955
vn 0.3539 0.1505 0.9231
vn -0.3927 0.2108 0.8952
vn 0.9861 0.1613 0.0388
vn 0.0002 -0.1124 0.9937
vn -0.0415 -0.0794 0.9960
vn -0.0000 -0.1114 0.9938
vn 0.0417 -0.0785 0.9960
vn -0.3476 0.1586 0.9241
vn -0.2928 0.1387 0.9461
vn -0.3478 0.1586 0.9241
vn 0.2977 0.1441 0.9437
vn 0.3540 0.1505 0.9231
vn 0.2214 0.0624 0.9732
vn -0.9879 0.1502 0.0373
vn -0.0000 -0.0965 0.9953
vn 0.0406 -0.0569 0.9976
vn -0.0002 -0.0963 0.9954
vn -0.0347 0.1034 0.9940
vn -0.0820 -0.0286 0.9962
vn -0.0697 -0.0283 0.9972
vn -0.0000 -0.0962 0.9954
vn -0.0005 -0.0859 0.9963
vn -0.0004 -0.0860 0.9963
vn -0.0010 -0.0788 0.9969
vn -0.0013 -0.0760 0.9971
vn -0.0013 -0.0759 0.9971
vn -0.0010 -0.0783 0.9969
vn -0.0010 -0.0782 0.9969
vn -0.0000 -0.0859 0.9963
vn 0.0023 -0.0890 0.9960
vn 0.0023 -0.0889 0.9960
vn 0.0081 -0.0951 0.9954
vn 0.0080 -0.0950 0.9954
vn 0.0123 -0.0986 0.9950
vn 0.0095 -0.0970 0.9952
vn 0.0098 -0.0971 0.9952
vn -0.0004 -0.0964 0.9953
vn 0.0362 -0.0664 0.9971
vn 0.1157 0.0142 0.9932
vn -0.4053 0.1878 0.8947
vn -0.2915 0.0952 0.9518
vn -0.9824 0.1767 0.0599
vn -0.9846 0.1686 0.0466
vn -0.9743 0.1807 0.1345
vn -0.9747 0.1815 0.1306
vn 0.9848 0.1699 0.0374
vn 0.9840 0.1652 0.0668
vn -0.9558 0.1939 0.2210
vn -0.9552 0.1933 0.2241
vn -0.1972 0.0894 0.9763
vn -0.1762 0.0773 0.9813
vn 0.2130 0.1193 0.9697
vn 0.1784 0.1101 0.9778
vn 0.1113 0.0041 0.9938
vn -0.2916 0.0953 0.9518
vn 0.3775 0.1770 0.9089
vn 0.4069 0.1790 0.8957
vn 0.9737 0.1837 0.1346
vn 0.9742 0.1845 0.1304
vn -0.9271 0.2044 0.3141
vn -0.9278 0.2050 0.3119
vn -0.2773 0.2091 0.9378
vn -0.3956 0.2146 0.8930
vn -0.4004 0.2199 0.8896
vn -0.4055 0.2185 0.8876
vn -0.8898 0.2139 0.4030
vn -0.8903 0.2143 0.4018
vn 0.3272 0.2016 0.9232
vn 0.2993 0.1652 0.9398
vn 0.0335 -0.0641 0.9974
vn -0.0698 -0.0285 0.9972
vn 0.9546 0.1966 0.2240
vn 0.9552 0.1973 0.2207
vn -0.4881 0.2260 0.8430
vn -0.4923 0.2247 0.8410
vn -0.8433 0.2215 0.4897
vn -0.8435 0.2217 0.4892
vn -0.2386 0.1414 0.9608
vn -0.2850 0.1640 0.9444
vn -0.2849 0.1641 0.9444
vn 0.2992 0.1652 0.9398
vn 0.2992 0.1653 0.9398
vn 0.2172 0.1360 0.9666
vn 0.2173 0.1360 0.9666
vn -0.5721 0.2298 0.7873
vn -0.5751 0.2287 0.7855
vn -0.7878 0.2271 0.5725
vn -0.7876 0.2269 0.5730
vn 0.9264 0.2081 0.3137
vn 0.9271 0.2086 0.3113
vn -0.6508 0.2313 0.7232
vn -0.6528 0.2304 0.7217
vn -0.7240 0.2303 0.6502
vn -0.7231 0.2299 0.6514
vn 0.3272 0.2017 0.9232
vn -0.3242 0.2170 0.9208
vn -0.0531 -0.0180 0.9984
vn -0.0641 -0.0157 0.9978
vn 0.0315 -0.0462 0.9984
vn 0.3999 0.2250 0.8885
vn 0.4053 0.2236 0.8864
vn 0.3292 0.2185 0.9186
vn 0.8891 0.2179 0.4025
vn 0.8896 0.2183 0.4012
vn 0.0290 -0.0527 0.9982
vn 0.0887 0.0248 0.9958
vn 0.4875 0.2310 0.8420
vn 0.4919 0.2297 0.8398
vn 0.8425 0.2258 0.4890
vn 0.8428 0.2259 0.4886
vn 0.3395 0.2178 0.9150
vn -0.3243 0.2170 0.9207
vn 0.5746 0.2336 0.7844
vn 0.5714 0.2348 0.7864
vn 0.7871 0.2316 0.5717
vn 0.7868 0.2314 0.5722
vn 0.6523 0.2353 0.7206
vn 0.6501 0.2362 0.7222
vn 0.7233 0.2350 0.6493
vn 0.7224 0.2346 0.6505
vn -0.1522 0.0992 0.9834
vn -0.1329 0.0832 0.9876
vn 0.2089 0.1231 0.9702
vn 0.1596 0.1220 0.9796
vn 0.0849 0.0141 0.9963
vn -0.0534 -0.0182 0.9984
vn 0.0275 -0.0516 0.9983
vn -0.9859 0.1674 0.0008
vn 0.0202 -0.0421 0.9989
vn -0.0396 -0.0075 0.9992
vn -0.0424 -0.0057 0.9991
vn 0.2777 0.2316 0.9323
vn -0.2313 0.1718 0.9576
vn -0.1783 0.1410 0.9738
vn -0.2314 0.1717 0.9576
vn -0.2314 0.1716 0.9576
vn -0.3149 0.2200 0.9233
vn -0.2569 0.2132 0.9426
vn 0.0208 -0.0390 0.9990
vn 0.0482 0.0150 0.9987
vn 0.0665 0.0265 0.9974
vn 0.2685 0.2163 0.9387
vn 0.3156 0.2201 0.9230
vn -0.2565 0.2132 0.9427
vn 0.2686 0.2163 0.9387
vn -0.2568 0.2132 0.9427
vn 0.0112 -0.0404 0.9991
vn -0.0229 -0.0062 0.9997
vn -0.0230 -0.0056 0.9997
vn -0.0224 -0.0060 0.9997
vn 0.0112 -0.0403 0.9991
vn -0.0846 0.0873 0.9926
vn -0.1107 0.0981 0.9890
vn -0.0719 0.0706 0.9949
vn 0.1591 0.1255 0.9793
vn 0.1586 0.1256 0.9793
vn 0.1585 0.1257 0.9793
vn 0.1191 0.1277 0.9846
vn 0.0041 -0.0378 0.9993
vn 0.0105 -0.0374 0.9992
vn -0.0079 -0.0042 1.0000
vn 0.0039 -0.0379 0.9993
vn -0.0042 -0.0345 0.9994
vn -0.0217 -0.0069 0.9997
vn -0.0000 -0.0345 0.9994
vn -0.0000 -0.0346 0.9994
vn 0.0027 -0.0346 0.9994
vn 0.2074 0.2242 0.9522
vn 0.0291 0.0316 0.9991
vn 0.0475 0.0246 0.9986
vn -0.1762 0.1720 0.9692
vn -0.1374 0.1551 0.9783
vn -0.1763 0.1719 0.9692
vn 0.0862 0.1249 0.9884
vn 0.1156 0.1325 0.9844
vn -0.2016 0.2252 0.9532
vn 0.0106 0.0302 0.9995
vn 0.0300 0.0263 0.9992
vn -0.0000 -0.0347 0.9994
vn -0.0000 0.0929 0.9957
vn 0.0083 0.0929 0.9956
vn -0.0083 0.0929 0.9956
vn -0.0453 0.0913 0.9948
vn -0.0515 0.0997 0.9937
vn 0.0726 0.1358 0.9881
vn 0.0527 0.1228 0.9910
vn 0.0725 0.1359 0.9881
vn 0.0722 0.1359 0.9881
vn 0.2068 0.2244 0.9523
vn -0.2240 0.2153 0.9505
vn -0.1948 0.2107 0.9579
vn -0.1261 0.1780 0.9759
vn -0.1263 0.1779 0.9759
vn -0.1005 0.1534 0.9830
vn -0.1946 0.2107 0.9580
vn 0.2028 0.2149 0.9553
vn 0.2246 0.2170 0.9500
vn 0.0083 0.0933 0.9956
vn 0.0046 0.1011 0.9949
vn -0.0053 0.1377 0.9905
vn 0.0257 0.1317 0.9910
vn -0.0000 0.0933 0.9956
vn 0.0237 0.0930 0.9954
vn -0.0000 0.0930 0.9957
vn 0.1441 0.2139 0.9662
vn -0.1378 0.2122 0.9675
vn -0.0719 0.1734 0.9822
vn -0.0664 0.1719 0.9829
vn -0.0721 0.1734 0.9822
vn -0.1379 0.2122 0.9675
vn -0.9839 0.1738 0.0410
vn -0.9815 0.1916 -0.0027
vn -0.9813 0.1925 -0.0031
vn -0.0696 0.1605 0.9846
vn 0.0019 0.1539 0.9881
vn -0.0696 0.1606 0.9846
vn 0.9819 0.1861 0.0351
vn 0.9837 0.1800 0.0010
vn -0.0000 0.0927 0.9957
vn -0.0200 0.0930 0.9955
vn 0.0921 0.2317 0.9684
vn -0.0842 0.2411 0.9668
vn 0.1337 0.2133 0.9678
vn 0.0863 0.2032 0.9753
vn -0.1328 0.2123 0.9681
vn -0.0764 0.1984 0.9771
vn -0.0764 0.1984 0.9772
vn 0.0292 0.2116 0.9769
vn -0.0763 0.1984 0.9772
vn 0.0289 0.2107 0.9771
vn 0.0300 0.2114 0.9769
vn -0.0229 0.1966 0.9802
vn -0.0414 0.2112 0.9766
vn -0.0004 0.1936 0.9811
vn -0.0000 0.1886 0.9821
vn 0.0015 0.2071 0.9783
vn 0.0015 0.2070 0.9783
vn -0.0008 0.2129 0.9771
vn 0.0031 0.2231 0.9748
vn -0.0004 0.1935 0.9811
vn -0.9766 0.2072 0.0570
vn -0.9658 0.2212 0.1350
vn -0.9785 0.2010 0.0464
vn -0.9668 0.2223 0.1261
vn -0.0436 0.1987 0.9791
vn 0.9819 0.1859 0.0351
vn 0.9837 0.1798 0.0010
vn -0.9522 0.2343 0.1962
vn -0.9497 0.2251 0.2177
vn -0.0435 0.2294 0.9724
vn -0.0379 0.2239 0.9739
vn -0.1343 0.2356 0.9625
vn -0.1282 0.2380 0.9628
vn 0.9802 0.1950 0.0354
vn 0.9683 0.2123 0.1318
vn 0.9684 0.2136 0.1284
vn -0.9213 0.2382 0.3073
vn 0.9808 0.1886 0.0494
vn 0.9793 0.2025 0.0006
vn 0.9772 0.2123 -0.0040
vn 0.9772 0.2124 -0.0040
vn -0.2230 0.2479 0.9428
vn -0.2178 0.2502 0.9434
vn 0.0301 0.2108 0.9771
vn -0.8835 0.2509 0.3956
vn -0.9205 0.2395 0.3087
vn 0.9483 0.2287 0.2199
vn 0.9487 0.2299 0.2170
vn -0.3123 0.2583 0.9142
vn -0.3078 0.2605 0.9151
vn 0.0463 0.2322 0.9716
vn 0.1285 0.2422 0.9617
vn -0.8364 0.2614 0.4817
vn -0.8829 0.2517 0.3964
vn -0.4006 0.2666 0.8766
vn -0.3968 0.2686 0.8777
vn 0.9196 0.2437 0.3083
vn 0.9200 0.2447 0.3061
vn -0.7805 0.2694 0.5641
vn -0.8362 0.2617 0.4820
vn -0.4866 0.2725 0.8301
vn -0.4837 0.2742 0.8312
vn 0.1335 0.2459 0.9601
vn 0.2178 0.2547 0.9422
vn -0.7163 0.2748 0.6414
vn -0.7807 0.2693 0.5639
vn -0.5689 0.2758 0.7748
vn -0.5667 0.2772 0.7759
vn -0.6447 0.2774 0.7124
vn -0.7171 0.2742 0.6407
vn -0.6461 0.2764 0.7115
vn 0.8818 0.2567 0.3957
vn 0.8822 0.2574 0.3944
vn 0.3076 0.2654 0.9138
vn 0.2223 0.2581 0.9402
vn 0.8349 0.2676 0.4809
vn 0.8352 0.2679 0.4803
vn 0.3964 0.2738 0.8763
vn 0.3113 0.2683 0.9116
vn 0.7794 0.2759 0.5624
vn 0.7793 0.2758 0.5626
vn 0.4830 0.2798 0.8297
vn 0.3995 0.2763 0.8741
vn 0.7158 0.2816 0.6391
vn 0.7153 0.2811 0.6398
vn 0.5659 0.2831 0.7743
vn 0.4854 0.2818 0.8276
vn 0.6438 0.2835 0.7107
vn 0.6448 0.2845 0.7094
vn 0.5676 0.2845 0.7726
vn -0.0350 0.2282 0.9730
vn -0.0008 0.2236 0.9747
vn 0.0655 0.2152 0.9744
vn 0.0017 0.2449 0.9695
vn -0.0142 0.2050 0.9787
vn 0.9746 0.2211 0.0352
vn 0.9747 0.2206 0.0371
vn 0.0316 0.2567 0.9660
vn 0.0024 0.2529 0.9675
vn 0.9618 0.2396 0.1321
vn 0.9622 0.2421 0.1244
vn -0.9424 0.2538 0.2180
vn -0.9151 0.2673 0.3020
vn -0.1264 0.2760 0.9528
vn -0.1337 0.2732 0.9526
vn -0.0498 0.2626 0.9636
vn 0.9409 0.2587 0.2185
vn 0.9418 0.2610 0.2119
vn -0.9132 0.2701 0.3051
vn -0.8769 0.2823 0.3891
vn -0.2150 0.2890 0.9329
vn -0.2215 0.2863 0.9322
vn 0.0315 0.2569 0.9659
vn 0.0024 0.2528 0.9675
vn -0.8751 0.2844 0.3914
vn -0.8297 0.2949 0.4740
vn -0.3042 0.2998 0.9042
vn -0.3096 0.2974 0.9032
vn 0.9115 0.2761 0.3050
vn 0.9126 0.2781 0.2997
vn 0.0499 0.2717 0.9611
vn 0.1264 0.2816 0.9512
vn -0.8283 0.2963 0.4755
vn -0.7737 0.3047 0.5554
vn -0.3925 0.3081 0.8666
vn -0.3968 0.3060 0.8654
vn -0.0346 0.2712 0.9619
vn -0.0024 0.2665 0.9638
vn -0.7730 0.3054 0.5561
vn -0.7098 0.3116 0.6317
vn -0.4785 0.3136 0.8202
vn -0.4816 0.3119 0.8190
vn 0.8732 0.2914 0.3908
vn 0.8744 0.2930 0.3866
vn -0.9714 0.2353 0.0324
vn -0.9734 0.2290 0.0014
vn -0.7097 0.3116 0.6318
vn -0.6384 0.3154 0.7021
vn -0.5610 0.3160 0.7651
vn -0.5630 0.3149 0.7642
vn 0.1329 0.2862 0.9489
vn 0.2149 0.2953 0.9309
vn -0.6394 0.3148 0.7015
vn 0.8262 0.3042 0.4742
vn 0.8273 0.3054 0.4715
vn 0.3036 0.3067 0.9021
vn 0.2203 0.2992 0.9284
vn 0.7708 0.3143 0.5542
vn 0.7716 0.3150 0.5527
vn 0.3916 0.3157 0.8643
vn 0.3082 0.3100 0.8994
vn 0.7076 0.3213 0.6294
vn 0.7077 0.3215 0.6291
vn 0.4774 0.3219 0.8176
vn 0.3951 0.3183 0.8617
vn 0.6373 0.3253 0.6986
vn 0.6367 0.3248 0.6993
vn 0.5595 0.3249 0.7625
vn 0.4798 0.3237 0.8155
vn 0.5609 0.3261 0.7609
vn -0.9713 0.2356 0.0323
vn -0.9734 0.2293 0.0014
vn -0.0042 0.2992 0.9542
vn -0.0042 0.2991 0.9542
vn -0.0024 0.2664 0.9639
vn 0.0019 0.2821 0.9594
vn -0.9553 0.2696 0.1214
vn -0.9669 0.2527 0.0353
vn 0.9747 0.2206 0.0372
vn -0.9682 0.2417 0.0649
vn -0.9734 0.2291 0.0014
vn -0.9611 0.2762 -0.0053
vn -0.9611 0.2763 -0.0054
vn -0.9646 0.2638 -0.0001
vn -0.9339 0.2912 0.2074
vn -0.9518 0.2773 0.1309
vn -0.0346 0.2711 0.9619
vn 0.9625 0.2672 0.0466
vn 0.9746 0.2209 0.0372
vn 0.9496 0.2839 0.1332
vn 0.9504 0.2877 0.1180
vn 0.9769 0.2136 0.0006
vn 0.9623 0.2721 0.0020
vn 0.9479 0.3179 -0.0184
vn 0.9647 0.2634 -0.0007
vn 0.9647 0.2634 -0.0008
vn -0.9040 0.3107 0.2936
vn -0.9300 0.2977 0.2154
vn -0.0518 0.3077 0.9501
vn -0.1333 0.3189 0.9384
vn -0.1227 0.3223 0.9387
vn 0.0342 0.3051 0.9517
vn 0.9620 0.2708 0.0359
vn -0.8653 0.3279 0.3791
vn -0.8999 0.3162 0.3003
vn 0.9272 0.3056 0.2167
vn 0.9290 0.3091 0.2036
vn -0.2191 0.3338 0.9168
vn -0.2102 0.3370 0.9178
vn 0.0342 0.3050 0.9517
vn -0.8179 0.3423 0.4625
vn -0.8614 0.3322 0.3842
vn 0.8966 0.3252 0.3006
vn 0.8990 0.3285 0.2895
vn -0.3051 0.3463 0.8871
vn -0.2980 0.3491 0.8885
vn -0.7621 0.3537 0.5424
vn -0.8145 0.3455 0.4661
vn 0.0530 0.3201 0.9459
vn 0.0343 0.3052 0.9517
vn 0.1227 0.3300 0.9360
vn -0.3903 0.3561 0.8491
vn -0.3850 0.3583 0.8505
vn -0.0313 0.3178 0.9476
vn 0.0004 0.3128 0.9498
vn -0.6984 0.3616 0.6176
vn -0.7595 0.3557 0.5446
vn 0.8577 0.3425 0.3835
vn 0.8604 0.3454 0.3748
vn -0.4732 0.3628 0.8028
vn -0.4698 0.3644 0.8041
vn -0.6278 0.3661 0.6869
vn -0.6970 0.3626 0.6186
vn -0.5529 0.3661 0.7485
vn -0.5512 0.3670 0.7493
vn 0.1320 0.3364 0.9324
vn 0.2094 0.3459 0.9146
vn -0.9586 0.2832 0.0290
vn 0.8106 0.3569 0.4643
vn 0.8132 0.3593 0.4579
vn 0.2967 0.3593 0.8848
vn 0.2171 0.3511 0.9108
vn 0.7555 0.3682 0.5419
vn 0.7576 0.3700 0.5377
vn 0.0026 0.3003 0.9538
vn 0.0004 0.2800 0.9600
vn -0.0313 0.3179 0.9476
vn -0.0031 0.3134 0.9496
vn 0.3831 0.3697 0.8465
vn 0.3028 0.3634 0.8811
vn 0.6931 0.3762 0.6149
vn 0.6944 0.3772 0.6128
vn 0.4673 0.3769 0.7997
vn 0.3875 0.3727 0.8432
vn 0.6242 0.3808 0.6822
vn 0.6240 0.3806 0.6825
vn -0.9586 0.2833 0.0290
vn 0.5481 0.3807 0.7448
vn 0.4700 0.3788 0.7973
vn 0.5493 0.3815 0.7435
vn -0.0025 0.3309 0.9437
vn 0.0023 0.3307 0.9437
vn -0.9460 0.3183 0.0612
vn -0.9377 0.3284 0.1136
vn -0.9310 0.3407 0.1310
vn -0.9149 0.3524 0.1969
vn 0.9426 0.3308 0.0460
vn 0.9406 0.3358 0.0502
vn 0.9263 0.3518 0.1353
vn 0.9281 0.3566 0.1074
vn -0.9073 0.3632 0.2120
vn -0.8838 0.3743 0.2807
vn 0.0301 0.3556 0.9342
vn 0.0035 0.3511 0.9363
vn -0.1165 0.3805 0.9174
vn -0.1327 0.3765 0.9169
vn -0.0538 0.3643 0.9297
vn -0.8759 0.3832 0.2932
vn -0.8445 0.3933 0.3635
vn 0.9016 0.3755 0.2147
vn 0.9051 0.3803 0.1902
vn -0.2016 0.3977 0.8951
vn -0.2149 0.3941 0.8936
vn 0.0035 0.3510 0.9364
vn -0.8367 0.4005 0.3735
vn -0.7969 0.4091 0.4445
vn -0.2871 0.4121 0.8647
vn -0.2973 0.4091 0.8627
vn 0.8694 0.3969 0.2942
vn 0.8741 0.4015 0.2735
vn -0.9405 0.3385 0.0296
vn -0.9431 0.3326 0.0001
vn -0.9405 0.3385 0.0295
vn -0.9423 0.3347 0.0001
vn -0.9431 0.3326 -0.0005
vn -0.9433 0.3294 0.0412
vn 0.1162 0.3910 0.9130
vn 0.0600 0.3819 0.9222
vn -0.7898 0.4145 0.4520
vn -0.7414 0.4214 0.5223
vn -0.0398 0.3699 0.9282
vn -0.0023 0.3634 0.9316
vn -0.3718 0.4233 0.8262
vn -0.3790 0.4209 0.8241
vn -0.7357 0.4251 0.5273
vn -0.6785 0.4298 0.5958
vn -0.4545 0.4308 0.7796
vn -0.4585 0.4293 0.7781
vn 0.8297 0.4155 0.3728
vn 0.8502 0.4330 0.2994
vn 0.8423 0.3972 0.3644
vn -0.6746 0.4320 0.5986
vn -0.6090 0.4342 0.6637
vn -0.5341 0.4345 0.7252
vn -0.5352 0.4340 0.7247
vn 0.1301 0.4000 0.9072
vn 0.2001 0.4101 0.8898
vn -0.6075 0.4349 0.6646
vn 0.9413 0.3328 0.0569
vn 0.9421 0.3353 0.0020
vn 0.9255 0.3787 0.0091
vn 0.9481 0.3174 -0.0208
vn 0.7936 0.4080 0.4514
vn 0.7951 0.4119 0.4451
vn 0.2845 0.4265 0.8586
vn 0.2115 0.4174 0.8838
vn -0.0084 0.4016 0.9158
vn -0.0004 0.3719 0.9283
vn 0.7387 0.4200 0.5272
vn 0.7401 0.4229 0.5229
vn 0.3680 0.4395 0.8194
vn 0.2931 0.4319 0.8530
vn 0.6768 0.4282 0.5989
vn 0.6778 0.4301 0.5962
vn 0.4556 0.4294 0.7797
vn 0.4292 0.4476 0.7845
vn 0.3739 0.4431 0.8147
vn 0.6091 0.4333 0.6643
vn 0.6087 0.4326 0.6651
vn 0.5348 0.4325 0.7259
vn -0.9405 0.3386 0.0295
vn -0.9430 0.3327 -0.0005
vn 0.5352 0.4330 0.7253
vn -0.9145 0.3891 0.1113
vn -0.9250 0.3771 0.0464
vn 0.0272 0.4085 0.9123
vn -0.0399 0.3699 0.9282
vn -0.0003 0.3635 0.9316
vn 0.9214 0.3876 0.0287
vn 0.9242 0.3820 -0.0007
vn -0.9312 0.3646 -0.0067
vn 0.0013 0.0006 -1.0000
vn 0.9145 0.4037 -0.0269
vn 0.9214 0.3876 0.0288
vn 0.9242 0.3819 -0.0007
vn -0.0398 0.3698 0.9283
vn -0.0003 0.3700 0.9290
vn -0.0023 0.3969 0.9178
vn 0.0067 0.3617 0.9323
vn 0.0273 0.4086 0.9123
vn 0.0021 0.4038 0.9148
vn -0.8897 0.4145 0.1912
vn -0.9070 0.4029 0.1226
vn -0.9042 0.4254 -0.0375
vn -0.9170 0.3982 0.0229
vn -0.9192 0.3939 0.0005
vn 0.7757 0.4511 0.4413
vn 0.7778 0.4559 0.4328
vn -0.0397 0.4323 0.9009
vn -0.0919 0.4422 0.8922
vn -0.1130 0.4328 0.8944
vn -0.0726 0.4261 0.9017
vn -0.0032 0.4135 0.9105
vn -0.9193 0.3936 0.0005
vn -0.9027 0.4299 -0.0194
vn -0.8906 0.4476 -0.0804
vn 0.0044 0.3983 0.9173
vn -0.8574 0.4373 0.2714
vn -0.8818 0.4266 0.2009
vn 0.7213 0.4630 0.5150
vn 0.7233 0.4668 0.5089
vn 0.9141 0.4032 0.0428
vn 0.8994 0.4183 0.1272
vn 0.8985 0.4267 0.1032
vn 0.6604 0.4711 0.5848
vn 0.6618 0.4735 0.5812
vn -0.2049 0.4475 0.8705
vn -0.1945 0.4525 0.8703
vn 0.5215 0.4745 0.7092
vn 0.4459 0.4704 0.7615
vn 0.5943 0.4762 0.6481
vn 0.5935 0.4749 0.6498
vn 0.5217 0.4748 0.7088
vn -0.8174 0.4569 0.3508
vn -0.8495 0.4475 0.2794
vn -0.9191 0.3940 0.0005
vn 0.8730 0.4433 0.2034
vn 0.8735 0.4513 0.1823
vn -0.2843 0.4650 0.8384
vn -0.2765 0.4690 0.8388
vn -0.7699 0.4730 0.4285
vn -0.8099 0.4653 0.3572
vn 0.0448 0.4333 0.9001
vn 0.1128 0.4459 0.8880
vn 0.8627 0.4977 -0.0899
vn -0.0083 0.4552 0.8904
vn 0.0146 0.4638 0.8858
vn -0.0083 0.4551 0.8904
vn -0.0007 0.4439 0.8961
vn 0.0146 0.4639 0.8858
vn -0.3630 0.4792 0.7991
vn -0.3578 0.4820 0.7998
vn -0.7151 0.4852 0.5032
vn -0.7631 0.4796 0.4333
vn -0.9170 0.3981 0.0228
vn -0.9017 0.4297 0.0479
vn -0.8918 0.4400 0.1057
vn 0.8396 0.4656 0.2797
vn 0.8413 0.4730 0.2617
vn 0.8858 0.4585 -0.0712
vn 0.8590 0.4953 -0.1295
vn -0.9049 0.4254 -0.0130
vn -0.4400 0.4895 0.7528
vn -0.4371 0.4912 0.7534
vn -0.8426 0.5164 -0.1531
vn -0.6536 0.4932 0.5741
vn -0.7096 0.4899 0.5064
vn 0.1210 0.4559 0.8818
vn 0.1925 0.4679 0.8626
vn -0.5139 0.4960 0.6999
vn -0.5138 0.4961 0.6999
vn -0.5862 0.4968 0.6399
vn -0.6498 0.4961 0.5759
vn -0.5843 0.4982 0.6407
vn -0.9193 0.3935 0.0005
vn -0.9209 0.3890 -0.0239
vn -0.8937 0.4486 0.0063
vn -0.8936 0.4487 0.0063
vn 0.7993 0.4847 0.3553
vn 0.8017 0.4913 0.3405
vn -0.8906 0.4476 -0.0805
vn -0.8820 0.4557 0.1203
vn -0.8657 0.4659 0.1831
vn 0.2725 0.4868 0.8299
vn 0.1990 0.4759 0.8567
vn 0.9192 0.3909 0.0486
vn 0.9243 0.3817 -0.0007
vn 0.8939 0.4472 0.0292
vn 0.8970 0.4420 0.0007
vn 0.7522 0.5002 0.4290
vn 0.7548 0.5058 0.4177
vn 0.3518 0.5022 0.7899
vn 0.2773 0.4928 0.8248
vn 0.8951 0.4458 0.0006
vn 0.8808 0.4718 -0.0406
vn 0.0270 0.4625 0.8862
vn 0.8915 0.4505 0.0473
vn 0.8889 0.4573 0.0275
vn 0.8951 0.4459 0.0006
vn 0.8952 0.4457 0.0006
vn 0.8971 0.4419 -0.0009
vn 0.8808 0.4718 -0.0404
vn -0.8554 0.4796 0.1957
vn -0.8326 0.4888 0.2606
vn 0.6985 0.5118 0.5002
vn 0.7010 0.5162 0.4921
vn 0.8150 0.5544 -0.1686
vn 0.7810 0.5740 -0.2463
vn -0.1856 0.4947 0.8490
vn -0.1989 0.4894 0.8491
vn -0.1190 0.4756 0.8716
vn 0.0271 0.4624 0.8862
vn 0.4294 0.5138 0.7428
vn 0.3550 0.5062 0.7859
vn 0.8713 0.4743 0.1261
vn 0.8702 0.4833 0.0958
vn -0.8765 0.4795 -0.0429
vn 0.6388 0.5192 0.5678
vn 0.6408 0.5224 0.5626
vn 0.8808 0.4717 -0.0406
vn -0.8672 0.4974 -0.0245
vn -0.8402 0.5274 -0.1258
vn 0.5041 0.5210 0.6888
vn 0.4309 0.5157 0.7405
vn -0.8912 0.4526 0.0308
vn -0.8948 0.4464 -0.0029
vn 0.5737 0.5224 0.6308
vn 0.5748 0.5239 0.6286
vn 0.5042 0.5212 0.6886
vn -0.0233 0.4718 0.8814
vn -0.7732 0.6062 -0.1863
vn -0.8222 0.5005 0.2710
vn -0.7922 0.5085 0.3376
vn -0.2647 0.5129 0.8166
vn -0.2747 0.5087 0.8160
vn -0.8912 0.4526 0.0307
vn -0.8948 0.4465 -0.0029
vn 0.0357 0.4736 0.8800
vn 0.1067 0.4878 0.8664
vn 0.7810 0.5739 -0.2463
vn -0.7567 0.5930 -0.2754
vn -0.8207 0.5421 -0.1808
vn 0.8433 0.4995 0.1986
vn 0.8440 0.5080 0.1722
vn -0.7824 0.5179 0.3459
vn -0.7447 0.5243 0.4130
vn -0.3432 0.5275 0.7772
vn -0.3500 0.5244 0.7762
vn -0.8072 0.5702 -0.1525
vn 0.8025 0.5793 -0.1431
vn 0.7836 0.5905 -0.1928
vn 0.8429 0.5318 -0.0822
vn -0.0232 0.4719 0.8813
vn -0.7360 0.5316 0.4191
vn -0.6907 0.5359 0.4855
vn -0.4201 0.5380 0.7308
vn -0.4234 0.5363 0.7301
vn 0.1169 0.4997 0.8583
vn 0.1830 0.5118 0.8394
vn -0.8615 0.4979 0.0989
vn -0.8703 0.4899 0.0505
vn -0.8749 0.4823 0.0445
vn 0.8090 0.5215 0.2712
vn 0.8110 0.5294 0.2489
vn -0.6835 0.5413 0.4897
vn -0.6304 0.5433 0.5545
vn -0.4941 0.5443 0.6779
vn -0.4946 0.5440 0.6778
vn 0.7055 0.6592 -0.2600
vn -0.6254 0.5466 0.5569
vn -0.5646 0.5461 0.6189
vn -0.5621 0.5476 0.6198
vn -0.6874 0.6935 -0.2157
vn -0.6875 0.6934 -0.2157
vn -0.7785 0.6003 -0.1834
vn -0.7109 0.6451 -0.2802
vn 0.7056 0.6592 -0.2600
vn 0.7120 0.6445 -0.2788
vn -0.0280 0.4921 0.8701
vn -0.0988 0.5173 0.8501
vn -0.1201 0.5108 0.8512
vn 0.2595 0.5327 0.8055
vn 0.1912 0.5214 0.8316
vn 0.7683 0.5402 0.3433
vn 0.7712 0.5473 0.3251
vn -0.8340 0.5238 0.1732
vn -0.8487 0.5156 0.1180
vn 0.8916 0.4504 0.0474
vn 0.8970 0.4421 -0.0008
vn -0.8803 0.4745 -0.0000
vn -0.0534 0.4777 0.8769
vn -0.0007 0.4568 0.8896
vn -0.0010 0.4725 0.8814
vn 0.0005 0.4669 0.8843
vn 0.0412 0.4652 0.8843
vn 0.3355 0.5499 0.7649
vn 0.2655 0.5398 0.7988
vn 0.7216 0.5551 0.4138
vn 0.7248 0.5612 0.3996
vn 0.0412 0.4654 0.8842
vn -0.0044 0.4559 0.8900
vn -0.1912 0.5350 0.8229
vn -0.1743 0.5405 0.8231
vn 0.8521 0.5230 0.0220
vn 0.8560 0.5132 0.0620
vn 0.8632 0.5048 0.0008
vn 0.8639 0.5036 0.0005
vn -0.0038 0.0045 -1.0000
vn -0.6926 0.6585 -0.2945
vn -0.6654 0.6713 -0.3265
vn 0.6924 0.6589 -0.2941
vn 0.7007 0.6545 -0.2838
vn 0.4098 0.5631 0.7177
vn 0.3395 0.5546 0.7597
vn 0.8452 0.5323 -0.0476
vn -0.8000 0.5464 0.2477
vn -0.8207 0.5390 0.1895
vn 0.6690 0.5659 0.4818
vn 0.6721 0.5708 0.4717
vn 0.4118 0.5655 0.7146
vn 0.4815 0.5719 0.6642
vn -0.8560 0.5166 0.0203
vn -0.8582 0.5133 0.0001
vn 0.6111 0.5724 0.5468
vn 0.6134 0.5758 0.5405
vn -0.8615 0.5078 0.0007
vn -0.8432 0.5355 -0.0483
vn 0.0308 0.5202 0.8535
vn 0.0030 0.5142 0.8577
vn 0.8330 0.5388 0.1260
vn 0.8318 0.5483 0.0860
vn 0.5847 0.7093 -0.3938
vn 0.5922 0.7087 -0.3836
vn 0.5497 0.5762 0.6049
vn 0.4817 0.5722 0.6637
vn -0.2627 0.5559 0.7886
vn -0.2498 0.5604 0.7897
vn 0.5484 0.5745 0.6076
vn 0.0293 0.5185 0.8546
vn 0.0990 0.5337 0.8399
vn -0.7594 0.5656 0.3216
vn -0.7867 0.5593 0.2613
vn -0.5546 0.7254 -0.4078
vn -0.3334 0.5733 0.7484
vn -0.3249 0.5765 0.7497
vn -0.0190 0.5373 0.8431
vn -0.0400 0.5328 0.8453
vn -0.0003 0.5148 0.8573
vn -0.0044 0.5251 0.8510
vn -0.8561 0.5164 0.0204
vn -0.8582 0.5133 0.0011
vn 0.0031 0.5140 0.8578
vn -0.7124 0.5806 0.3942
vn -0.7469 0.5759 0.3323
vn 0.8033 0.5631 0.1940
vn 0.8045 0.5723 0.1590
vn 0.1117 0.5477 0.8292
vn 0.1710 0.5597 0.8109
vn -0.4027 0.5868 0.7025
vn -0.3983 0.5885 0.7036
vn -0.6593 0.5914 0.4643
vn -0.7013 0.5886 0.4021
vn -0.5851 0.7085 -0.3945
vn -0.5489 0.7179 -0.4281
vn 0.5922 0.7087 -0.3835
vn -0.8560 0.5165 0.0204
vn -0.8616 0.5076 0.0012
vn -0.8620 0.5048 -0.0460
vn -0.8299 0.5577 0.0139
vn -0.8299 0.5577 0.0140
vn 0.8629 0.5053 0.0002
vn 0.8451 0.5324 -0.0475
vn -0.8451 0.5322 -0.0516
vn -0.4605 -0.3629 0.8101
vn -0.4699 0.5960 0.6511
vn -0.4694 0.5962 0.6513
vn 0.4633 0.7410 -0.4860
vn 0.4697 0.7428 -0.4771
vn -0.6008 0.5977 0.5309
vn -0.6503 0.5971 0.4697
vn -0.5339 0.6009 0.5949
vn -0.5372 0.5992 0.5936
vn 0.7681 0.5841 0.2624
vn 0.7709 0.5930 0.2324
vn -0.5944 0.6012 0.5341
vn -0.0891 0.5650 0.8203
vn -0.1158 0.5590 0.8211
vn -0.8083 0.5841 0.0742
vn -0.8284 0.5589 0.0368
vn -0.8193 0.5664 0.0888
vn 0.2430 0.5824 0.7757
vn 0.1810 0.5707 0.8009
vn -0.4396 0.7534 -0.4890
vn 0.8631 0.5050 0.0002
vn 0.8640 0.5035 0.0001
vn 0.8452 0.5324 -0.0476
vn -0.7639 0.6256 -0.1584
vn -0.8142 0.5777 -0.0586
vn 0.7639 0.6256 -0.1584
vn 0.8133 0.5787 -0.0607
vn 0.7275 0.6017 0.3298
vn 0.7313 0.6098 0.3055
vn 0.3147 0.6015 0.7343
vn 0.2504 0.5905 0.7672
vn 0.0286 0.5197 0.8539
vn 0.0031 0.5141 0.8577
vn -0.1599 0.5897 0.7916
vn -0.1810 0.5848 0.7907
vn -0.8018 0.5860 0.1170
vn -0.7906 0.5911 0.1596
vn -0.8135 0.5800 -0.0421
vn -0.4427 0.7151 -0.5410
vn -0.4639 0.7402 -0.4868
vn -0.4338 0.7432 -0.5095
vn 0.8262 0.5634 -0.0001
vn 0.8112 0.5835 -0.0398
vn 0.3405 0.7539 -0.5618
vn 0.8229 0.5678 0.0207
vn 0.8250 0.5651 0.0003
vn 0.6815 0.6153 0.3962
vn 0.6858 0.6224 0.3772
vn 0.3194 0.6067 0.7279
vn 0.3848 0.6164 0.6870
vn -0.3192 0.7619 -0.5636
vn 0.8261 0.5635 -0.0000
vn 0.8250 0.5651 0.0013
vn -0.6781 0.6838 -0.2695
vn -0.7442 0.6455 -0.1718
vn 0.6781 0.6838 -0.2695
vn 0.7442 0.6455 -0.1718
vn -0.0034 0.5634 0.8262
vn -0.0044 0.5250 0.8511
vn 0.0075 0.5725 0.8199
vn -0.0001 0.5571 0.8305
vn 0.6306 0.6248 0.4605
vn 0.6347 0.6306 0.4467
vn -0.2310 0.6112 0.7570
vn -0.2462 0.6074 0.7553
vn 0.4527 0.6270 0.6340
vn 0.3870 0.6189 0.6835
vn -0.7724 0.6080 0.1839
vn -0.7560 0.6125 0.2308
vn -0.8175 0.5759 0.0042
vn 0.0887 0.5836 0.8072
vn 0.0350 0.5706 0.8205
vn 0.0372 0.5730 0.8187
vn 0.5751 0.6300 0.5220
vn 0.5783 0.6342 0.5132
vn 0.5175 0.6329 0.5759
vn 0.5156 0.6307 0.5800
vn 0.3259 0.7644 -0.5563
vn 0.2200 0.7420 -0.6332
vn -0.5745 0.7269 -0.3763
vn -0.6583 0.6989 -0.2796
vn 0.5745 0.7269 -0.3763
vn 0.6583 0.6989 -0.2796
vn -0.3136 0.7489 -0.5837
vn -0.3346 0.7495 -0.5712
vn 0.2202 0.7420 -0.6332
vn -0.8108 0.5841 -0.0380
vn 0.8111 0.5835 -0.0397
vn -0.1943 0.7562 -0.6248
vn -0.0401 0.5327 0.8454
vn -0.3015 0.6290 0.7166
vn -0.3111 0.6264 0.7147
vn -0.7379 0.6265 0.2510
vn -0.7157 0.6300 0.3013
vn 0.8118 0.5830 0.0313
vn 0.7964 0.5936 0.1162
vn 0.7907 0.6063 0.0848
vn -0.4565 0.7527 -0.4744
vn -0.5565 0.7373 -0.3830
vn 0.4565 0.7527 -0.4744
vn 0.5565 0.7373 -0.3830
vn 0.0006 -0.0026 -1.0000
vn -0.1944 0.7564 -0.6246
vn 0.1222 0.8732 -0.4718
vn 0.1028 0.7334 -0.6720
vn 0.2064 0.7560 -0.6211
vn 0.1794 0.7554 -0.6303
vn -0.0680 0.7508 -0.6570
vn -0.1952 0.7540 -0.6272
vn -0.1807 0.7535 -0.6321
vn -0.0657 0.7278 -0.6826
vn -0.0589 0.7240 -0.6873
vn -0.3044 0.7686 -0.5626
vn -0.3249 0.7660 -0.5546
vn 0.3226 0.7699 -0.5507
vn -0.4206 0.7678 -0.4833
vn 0.3074 0.7646 -0.5665
vn 0.4240 0.7676 -0.4806
vn 0.4168 0.7693 -0.4842
vn 0.1040 0.5997 0.7934
vn 0.1546 0.6120 0.7756
vn 0.0193 0.7136 -0.7003
vn 0.0558 0.7282 -0.6831
vn -0.0000 0.7071 -0.7071
vn -0.0000 0.7072 -0.7070
vn -0.0281 0.5774 0.8160
vn -0.0230 0.5802 0.8141
vn -0.3706 0.6428 0.6705
vn -0.3748 0.6415 0.6693
vn -0.6984 0.6415 0.3175
vn -0.6697 0.6436 0.3706
vn -0.7327 0.6627 -0.1546
vn -0.7779 0.6250 -0.0650
vn 0.7780 0.6249 -0.0649
vn 0.7327 0.6627 -0.1546
vn 0.7659 0.6167 0.1819
vn 0.7622 0.6287 0.1542
vn -0.0846 0.6036 0.7928
vn -0.1041 0.5961 0.7961
vn -0.4377 0.6522 0.6190
vn -0.4367 0.6525 0.6193
vn -0.6541 0.6523 0.3828
vn -0.6184 0.6527 0.4378
vn -0.8153 0.5786 0.0243
vn -0.5017 0.6570 0.5627
vn -0.4962 0.6591 0.5652
vn -0.6054 0.6590 0.4463
vn -0.5623 0.6571 0.5020
vn -0.5525 0.6613 0.5074
vn 0.2206 0.6370 0.7386
vn 0.1661 0.6240 0.7635
vn 0.8206 0.5702 0.0394
vn 0.8248 0.5654 0.0013
vn -0.7105 0.6827 -0.1707
vn -0.6484 0.7138 -0.2647
vn 0.7105 0.6827 -0.1707
vn 0.6484 0.7138 -0.2647
vn -0.0103 0.5982 0.8013
vn -0.0469 0.5859 0.8090
vn -0.0001 0.5888 0.8083
vn 0.0201 0.5693 0.8219
vn 0.0335 0.5722 0.8194
vn -0.0126 0.5610 0.8277
vn 0.7305 0.6364 0.2477
vn 0.7283 0.6476 0.2239
vn 0.0336 0.5721 0.8195
vn -0.0127 0.5609 0.8278
vn 0.7810 0.6245 -0.0013
vn 0.7681 0.6394 -0.0354
vn -0.1645 0.6237 0.7641
vn -0.1499 0.6294 0.7625
vn -0.7646 0.6428 0.0459
vn -0.7717 0.6297 0.0890
vn -0.7818 0.6230 0.0269
vn -0.7645 0.6430 0.0459
vn 0.2088 0.6243 0.7528
vn 0.2965 0.6431 0.7061
vn -0.6265 0.7286 -0.2769
vn -0.5482 0.7498 -0.3705
vn 0.6265 0.7286 -0.2769
vn 0.5482 0.7498 -0.3705
vn -0.7783 0.6279 -0.0047
vn -0.7660 0.6418 -0.0368
vn 0.7749 0.6316 0.0263
vn 0.7772 0.6283 0.0346
vn 0.7809 0.6247 -0.0013
vn 0.6901 0.6525 0.3130
vn 0.6892 0.6627 0.2930
vn 0.7594 0.6400 0.1171
vn 0.7530 0.6535 0.0768
vn -0.5284 0.7598 -0.3788
vn -0.4228 0.7692 -0.4790
vn 0.5284 0.7598 -0.3788
vn 0.7810 0.6245 -0.0012
vn -0.7698 0.6382 -0.0054
vn -0.7789 0.6271 -0.0033
vn 0.3615 0.6593 0.6592
vn 0.2976 0.6473 0.7017
vn -0.0769 0.6298 0.7729
vn -0.0977 0.6239 0.7754
vn 0.0572 0.6144 0.7869
vn 0.0052 0.7114 0.7027
vn -0.0010 0.5979 0.8015
vn -0.2250 0.6481 0.7275
vn -0.2152 0.6520 0.7271
vn -0.7420 0.6520 0.1557
vn -0.7542 0.6481 0.1057
vn 0.6450 0.6647 0.3770
vn 0.6449 0.6736 0.3610
vn -0.7789 0.6272 -0.0033
vn -0.7661 0.6417 -0.0368
vn -0.7680 0.6403 0.0143
vn 0.4247 0.6714 0.6073
vn 0.3619 0.6610 0.6573
vn -0.0470 0.5858 0.8091
vn 0.0203 0.5692 0.8220
vn 0.7284 0.6611 0.1798
vn 0.7243 0.6743 0.1441
vn 0.5955 0.6727 0.4391
vn 0.5960 0.6799 0.4273
vn -0.7378 0.6719 -0.0650
vn -0.6954 0.7026 -0.1508
vn 0.6954 0.7026 -0.1508
vn 0.7377 0.6720 -0.0653
vn 0.4853 0.6789 0.5510
vn 0.4245 0.6704 0.6085
vn -0.0198 0.6202 0.7842
vn -0.0284 0.6159 0.7873
vn 0.0001 0.6062 0.7953
vn 0.5419 0.6763 0.4990
vn 0.5425 0.6817 0.4908
vn 0.0647 0.6164 0.7848
vn 0.0545 0.6264 0.7776
vn -0.0010 0.5980 0.8015
vn 0.4847 0.6756 0.5555
vn -0.2853 0.6689 0.6864
vn -0.2800 0.6711 0.6865
vn -0.7073 0.6710 0.2226
vn -0.7242 0.6683 0.1701
vn -0.7680 0.6403 0.0149
vn -0.7418 0.6693 0.0415
vn -0.7681 0.6402 0.0138
vn -0.1515 0.6532 0.7419
vn -0.1379 0.6569 0.7413
vn -0.0577 0.7256 -0.6857
vn 0.0581 0.7254 -0.6858
vn 0.7770 0.6285 0.0344
vn 0.7809 0.6246 -0.0011
vn 0.2790 0.6733 0.6847
vn 0.2184 0.6581 0.7205
vn -0.6704 0.7222 -0.1704
vn -0.6135 0.7458 -0.2597
vn 0.6135 0.7458 -0.2597
vn 0.6704 0.7222 -0.1704
vn 0.6931 0.6788 0.2427
vn 0.6907 0.6914 0.2116
vn 0.1400 0.6560 0.7417
vn -0.0566 0.7306 -0.6805
vn 0.0572 0.7278 -0.6834
vn 0.0505 0.7282 -0.6835
vn 0.7771 0.6284 0.0345
vn 0.7807 0.6249 -0.0010
vn -0.3446 0.6859 0.6409
vn -0.3438 0.6863 0.6410
vn 0.0773 0.6195 0.7812
vn 0.0481 0.6415 0.7656
vn -0.0011 0.5979 0.8016
vn -0.6676 0.6861 0.2891
vn -0.6899 0.6849 0.2344
vn -0.1730 0.7639 -0.6218
vn -0.0524 0.7261 -0.6856
vn 0.1730 0.7639 -0.6218
vn 0.0482 0.6424 0.7649
vn 0.0004 0.6200 0.7846
vn -0.0722 0.6500 0.7565
vn -0.0841 0.6455 0.7591
vn -0.5893 0.7598 -0.2746
vn -0.5176 0.7740 -0.3646
vn 0.5176 0.7740 -0.3646
vn 0.5893 0.7598 -0.2746
vn 0.3403 0.6911 0.6376
vn 0.2799 0.6766 0.6811
vn 0.6534 0.6929 0.3050
vn 0.6525 0.7047 0.2788
vn -0.7152 0.6964 0.0592
vn -0.7265 0.6860 0.0411
vn -0.7213 0.6882 0.0778
vn -0.2914 0.7859 -0.5454
vn -0.1688 0.7599 -0.6277
vn 0.1688 0.7599 -0.6277
vn 0.2914 0.7859 -0.5454
vn -0.1985 0.6811 0.7048
vn -0.2059 0.6791 0.7046
vn -0.0202 0.6336 0.7734
vn -0.0415 0.6206 0.7830
vn 0.0001 0.6065 0.7951
vn -0.4956 0.7834 -0.3751
vn -0.3971 0.7856 -0.4745
vn -0.4057 0.7919 -0.4563
vn 0.3971 0.7856 -0.4745
vn 0.4956 0.7834 -0.3751
vn 0.4057 0.7919 -0.4563
vn -0.0040 0.6440 0.7650
vn -0.0336 0.6434 0.7648
vn -0.0001 0.6258 0.7800
vn -0.0020 0.6358 0.7718
vn -0.0020 0.6359 0.7718
vn -0.0059 0.6448 0.7643
vn -0.0060 0.6450 0.7642
vn -0.0078 0.6472 0.7623
vn -0.0077 0.6471 0.7623
vn -0.0079 0.6473 0.7622
vn -0.0042 0.6443 0.7648
vn -0.0043 0.6442 0.7648
vn 0.0044 0.6395 0.7688
vn 0.0045 0.6395 0.7688
vn 0.0129 0.6368 0.7709
vn 0.0129 0.6368 0.7710
vn 0.0149 0.6366 0.7711
vn 0.0150 0.6366 0.7710
vn 0.0086 0.6350 0.7725
vn -0.0000 0.6257 0.7801
vn -0.4025 0.6987 0.5914
vn -0.4057 0.6973 0.5909
vn -0.6233 0.6971 0.3543
vn -0.6512 0.6978 0.2984
vn -0.2847 0.7801 -0.5571
vn 0.2847 0.7801 -0.5571
vn 0.0539 0.6452 0.7621
vn 0.0363 0.6550 0.7548
vn 0.1972 0.6837 0.7026
vn 0.1425 0.6645 0.7335
vn 0.7264 0.6866 0.0282
vn 0.7286 0.6849 0.0010
vn 0.7285 0.6850 0.0010
vn 0.3999 0.7046 0.5861
vn 0.3404 0.6913 0.6373
vn 0.7148 0.6983 -0.0365
vn -0.5745 0.7039 0.4178
vn -0.6084 0.7066 0.3613
vn -0.4583 0.7073 0.5383
vn -0.4652 0.7039 0.5367
vn 0.6095 0.7031 0.3663
vn 0.6097 0.7136 0.3450
vn -0.7141 0.6991 -0.0367
vn 0.6784 0.7347 0.0028
vn 0.6516 0.7380 -0.1755
vn -0.7214 0.6922 -0.0176
vn -0.7214 0.6923 -0.0176
vn -0.6782 0.7349 0.0014
vn -0.6513 0.7383 -0.1752
vn 0.6978 0.7121 0.0769
vn 0.7126 0.7001 0.0465
vn 0.7011 0.7025 0.1224
vn 0.6938 0.7174 0.0624
vn -0.5215 0.7062 0.4789
vn -0.5617 0.7112 0.4227
vn -0.5115 0.7114 0.4819
vn -0.0622 0.6641 0.7451
vn -0.0694 0.6627 0.7456
vn 0.4573 0.7137 0.5305
vn 0.3993 0.7021 0.5896
vn 0.5618 0.7091 0.4260
vn 0.5627 0.7183 0.4093
vn -0.6991 0.7067 0.1088
vn -0.6920 0.7077 0.1426
vn -0.2587 0.7020 0.6636
vn -0.2602 0.7016 0.6634
vn 0.0349 0.6609 0.7496
vn -0.1316 0.6770 0.7241
vn -0.1266 0.6787 0.7234
vn 0.4563 0.7087 0.5381
vn 0.5116 0.7183 0.4715
vn 0.5105 0.7111 0.4835
vn -0.1465 0.7614 -0.6315
vn -0.0225 0.7593 -0.6503
vn 0.0505 0.7282 -0.6834
vn -0.0333 0.6436 0.7647
vn 0.2540 0.7078 0.6592
vn 0.1983 0.6877 0.6983
vn -0.6182 0.7780 -0.1120
vn -0.6136 0.7775 -0.1375
vn 0.6136 0.7775 -0.1375
vn 0.6182 0.7780 -0.1120
vn 0.1218 0.6846 0.7187
vn -0.0007 0.6591 0.7521
vn -0.0247 0.6604 0.7505
vn 0.6701 0.7197 0.1816
vn 0.6658 0.7352 0.1274
vn 0.0240 0.6735 0.7388
vn 0.0428 0.6663 0.7445
vn -0.0395 0.6804 0.7318
vn -0.0597 0.6815 0.7294
vn -0.6690 0.7237 0.1694
vn -0.6583 0.7235 0.2075
vn -0.3176 0.7193 0.6178
vn -0.3140 0.7203 0.6186
vn -0.1116 0.7944 -0.5970
vn -0.1318 0.8007 -0.5844
vn 0.1116 0.7944 -0.5970
vn 0.1115 0.7944 -0.5971
vn 0.1318 0.8007 -0.5844
vn -0.5689 0.7831 -0.2511
vn -0.6076 0.7832 -0.1318
vn -0.6077 0.7832 -0.1317
vn 0.6077 0.7832 -0.1317
vn 0.6076 0.7832 -0.1318
vn 0.5689 0.7831 -0.2511
vn -0.1067 0.6967 0.7094
vn -0.1085 0.6965 0.7093
vn 0.3098 0.7281 0.6115
vn 0.2540 0.7079 0.6590
vn -0.1807 0.7050 0.6858
vn -0.1798 0.7053 0.6857
vn 0.0263 0.6772 0.7353
vn 0.6355 0.7336 0.2406
vn 0.6336 0.7492 0.1929
vn -0.0246 0.6604 0.7505
vn -0.6352 0.7372 0.2303
vn -0.6204 0.7356 0.2720
vn 0.0314 0.6824 0.7303
vn 0.0134 0.6872 0.7263
vn -0.3750 0.7327 0.5679
vn -0.3666 0.7351 0.5703
vn -0.1191 0.7876 -0.6045
vn -0.2755 0.7913 -0.5459
vn -0.1191 0.7877 -0.6045
vn 0.1191 0.7876 -0.6045
vn 0.1191 0.7877 -0.6045
vn 0.2751 0.7913 -0.5461
vn 0.0003 0.6707 0.7418
vn -0.0169 0.6725 0.7399
vn -0.4094 0.8128 -0.4145
vn -0.4097 0.8128 -0.4141
vn -0.4096 0.8129 -0.4140
vn -0.4453 0.8371 -0.3178
vn 0.4097 0.8128 -0.4141
vn 0.4453 0.8371 -0.3179
vn 0.4095 0.8128 -0.4143
vn 0.4094 0.8128 -0.4145
vn 0.1217 0.6850 0.7183
vn 0.0984 0.7020 0.7054
vn 0.1695 0.7156 0.6776
vn -0.3635 0.8233 -0.4359
vn -0.3973 0.8250 -0.4019
vn 0.3973 0.8250 -0.4019
vn 0.3634 0.8232 -0.4362
vn -0.3834 0.8380 -0.3883
vn -0.3832 0.8380 -0.3885
vn 0.3832 0.8380 -0.3885
vn 0.3834 0.8380 -0.3883
vn 0.3641 0.7443 0.5598
vn 0.3088 0.7246 0.6161
vn -0.5978 0.7470 0.2908
vn -0.5783 0.7437 0.3355
vn 0.5974 0.7439 0.2994
vn 0.5974 0.7593 0.2580
vn -0.4303 0.7419 0.5142
vn -0.4175 0.7459 0.5190
vn -0.7159 0.6962 0.0535
vn -0.7120 0.7016 0.0299
vn -0.0247 0.6954 0.7182
vn -0.0461 0.6980 0.7146
vn -0.0169 0.6726 0.7399
vn 0.0179 0.6900 0.7236
vn 0.0200 0.6940 0.7197
vn 0.0070 0.6962 0.7178
vn -0.5571 0.7529 0.3503
vn -0.5323 0.7474 0.3975
vn -0.4828 0.7468 0.4573
vn -0.4666 0.7524 0.4650
vn -0.0865 0.7169 0.6918
vn -0.0745 0.7157 0.6944
vn 0.0002 0.6790 0.7341
vn -0.0099 0.6805 0.7327
vn -0.5133 0.7547 0.4085
vn -0.2341 0.7284 0.6440
vn -0.2282 0.7301 0.6441
vn 0.3623 0.7376 0.5697
vn 0.4165 0.7563 0.5045
vn 0.5560 0.7505 0.3572
vn 0.5573 0.7652 0.3224
vn -0.1542 0.7269 0.6692
vn -0.1461 0.7273 0.6706
vn 0.0978 0.7034 0.7040
vn 0.0755 0.7156 0.6945
vn -0.0102 0.6805 0.7327
vn 0.0232 0.6994 0.7144
vn 0.0030 0.7015 0.7127
vn -0.1283 0.7790 -0.6138
vn 0.1327 0.7748 -0.6181
vn 0.4142 0.7467 0.5204
vn 0.4665 0.7637 0.4463
vn 0.5114 0.7533 0.4136
vn 0.5135 0.7667 0.3853
vn 0.0071 0.7016 0.7126
vn 0.0002 0.6838 0.7297
vn -0.0035 0.6845 0.7290
vn 0.4641 0.7520 0.4681
vn -0.6076 0.7832 -0.1317
vn 0.5908 0.7985 -0.1157
vn 0.2174 0.7433 0.6326
vn 0.1702 0.7112 0.6821
vn -0.0035 0.6846 0.7289
vn 0.0010 0.7036 0.7106
vn 0.0078 0.7034 0.7107
vn 0.0440 0.6987 0.7140
vn -0.6631 0.7441 0.0816
vn -0.6647 0.7457 0.0452
vn -0.6647 0.7457 0.0454
vn 0.1366 0.7357 0.6634
vn -0.0166 0.7063 0.7077
vn -0.0336 0.7096 0.7038
vn 0.6670 0.7449 0.0139
vn 0.5910 0.7983 -0.1158
vn 0.0901 0.7125 -0.6958
vn 0.1624 0.7453 -0.6467
vn -0.1621 0.7455 -0.6464
vn -0.0795 0.7077 -0.7021
vn -0.1621 0.7455 -0.6465
vn 0.1624 0.7452 -0.6468
vn -0.2866 0.7484 0.5981
vn -0.2763 0.7513 0.5993
vn -0.6026 0.7873 -0.1309
vn 0.6265 0.7739 -0.0931
vn -0.6026 0.7872 -0.1308
vn -0.6035 0.7871 -0.1277
vn 0.6039 0.7867 -0.1282
vn 0.6031 0.7868 -0.1312
vn -0.6237 0.7810 -0.0324
vn -0.1990 0.7545 0.6253
vn -0.1859 0.7547 0.6292
vn -0.0646 0.7336 0.6765
vn -0.0502 0.7313 0.6802
vn -0.1093 0.7490 0.6535
vn -0.1140 0.7497 0.6519
vn 0.2647 0.7672 0.5843
vn 0.2183 0.7345 0.6426
vn -0.6231 0.7731 0.1188
vn -0.6230 0.7731 0.1187
vn -0.6338 0.7681 0.0915
vn -0.6266 0.7671 0.1376
vn -0.0105 0.7140 0.7000
vn -0.0222 0.7173 0.6965
vn -0.1549 0.7530 -0.6396
vn -0.1747 0.7608 -0.6250
vn 0.1749 0.7605 -0.6253
vn 0.1552 0.7527 -0.6399
vn -0.1549 0.7529 -0.6396
vn 0.1551 0.7526 -0.6399
vn 0.0738 0.7236 0.6863
vn 0.0557 0.7304 0.6808
vn 0.6433 0.7535 0.1358
vn 0.6506 0.7546 0.0851
vn -0.6034 0.7870 -0.1282
vn 0.6039 0.7867 -0.1284
vn -0.6035 0.7871 -0.1278
vn 0.1046 0.7508 0.6522
vn 0.1375 0.7329 0.6663
vn -0.3378 0.7647 0.5488
vn -0.3236 0.7687 0.5516
vn -0.3934 0.8287 -0.3981
vn -0.2400 0.8198 -0.5200
vn 0.2401 0.8197 -0.5200
vn 0.3934 0.8284 -0.3987
vn -0.3933 0.8287 -0.3982
vn 0.3936 0.8284 -0.3984
vn -0.3933 0.8287 -0.3983
vn 0.3935 0.8284 -0.3985
vn -0.4073 0.8151 -0.4119
vn -0.3693 0.8124 -0.4512
vn 0.3696 0.8121 -0.4516
vn 0.4075 0.8148 -0.4125
vn -0.4073 0.8152 -0.4117
vn 0.4077 0.8149 -0.4121
vn -0.0050 0.7192 0.6948
vn -0.0113 0.7215 0.6923
vn -0.3885 0.8329 -0.3942
vn -0.4396 0.8325 -0.3372
vn 0.4399 0.8323 -0.3374
vn 0.3887 0.8326 -0.3946
vn -0.3889 0.8329 -0.3938
vn 0.3890 0.8326 -0.3943
vn 0.1749 0.7662 0.6184
vn -0.5056 0.8343 -0.2200
vn 0.5056 0.8341 -0.2204
vn -0.6029 0.7812 0.1621
vn -0.5947 0.7787 0.1999
vn -0.0008 0.7220 0.6919
vn 0.3021 0.7812 0.5463
vn 0.3344 0.7654 0.5499
vn 0.2658 0.7548 0.5996
vn 0.6314 0.7708 0.0846
vn 0.6241 0.7761 0.0898
vn 0.6186 0.7682 0.1651
vn 0.6050 0.7848 0.1342
vn 0.0399 0.7402 -0.6712
vn -0.3870 0.7772 0.4962
vn -0.3699 0.7823 0.5013
vn -0.0470 0.7449 0.6655
vn -0.0344 0.7420 0.6695
vn -0.2431 0.7791 0.5779
vn -0.2257 0.7788 0.5853
vn -0.0000 0.7070 -0.7072
vn -0.0442 0.7342 -0.6775
vn -0.0000 0.7073 -0.7070
vn 0.0401 0.7402 -0.6712
vn 0.0515 0.7386 0.6721
vn 0.0402 0.7416 0.6697
vn -0.5707 0.7909 0.2210
vn -0.5593 0.7865 0.2619
vn 0.6034 0.7962 0.0439
vn -0.6237 0.7810 -0.0326
vn -0.4341 0.7857 0.4406
vn -0.4145 0.7919 0.4484
vn 0.6033 0.7963 0.0440
vn -0.1432 0.7798 0.6094
vn -0.1426 0.7797 0.6097
vn 0.3732 0.7873 0.4908
vn -0.0749 0.7652 0.6394
vn -0.0844 0.7669 0.6362
vn -0.5356 0.7969 0.2794
vn -0.5206 0.7903 0.3230
vn 0.5859 0.7788 0.2242
vn 0.5736 0.7954 0.1957
vn -0.4788 0.7901 0.3827
vn -0.4572 0.7976 0.3935
vn -0.5924 0.8042 0.0479
vn -0.4976 0.7992 0.3371
vn -0.0310 0.7523 0.6581
vn -0.0221 0.7496 0.6615
vn 0.2129 0.7935 0.5702
vn 0.1768 0.7599 0.6255
vn 0.0761 0.7654 0.6391
vn 0.1038 0.7550 0.6474
vn 0.1338 0.7833 0.6071
vn 0.0349 0.7482 0.6625
vn 0.0262 0.7497 0.6612
vn -0.2859 0.8001 0.5273
vn -0.2653 0.7996 0.5388
vn 0.6185 0.7821 0.0764
vn 0.3793 0.7759 0.5041
vn 0.4182 0.7973 0.4352
vn 0.5499 0.7860 0.2826
vn 0.5391 0.8020 0.2573
vn 0.0394 0.7380 -0.6736
vn 0.1278 0.7970 -0.5903
vn 0.1262 0.7968 -0.5910
vn -0.0430 0.7486 -0.6616
vn -0.0392 0.7380 -0.6736
vn -0.1265 0.7966 -0.5911
vn -0.0157 0.7564 0.6540
vn -0.0110 0.7546 0.6561
vn 0.4612 0.8030 0.3775
vn 0.4255 0.7842 0.4516
vn 0.0215 0.7540 0.6565
vn 0.0127 0.7549 0.6557
vn 0.5111 0.7892 0.3404
vn 0.5016 0.8045 0.3180
vn 0.6183 0.7822 0.0762
vn -0.5924 0.8042 0.0482
vn 0.4696 0.7886 0.3970
vn 0.3400 0.8099 0.4779
vn 0.3030 0.7790 0.5489
vn -0.0017 0.7572 0.6532
vn -0.0012 0.7569 0.6535
vn 0.5718 0.8043 0.1616
vn 0.5760 0.8060 0.1367
vn 0.0098 0.7569 0.6535
vn -0.0519 0.7760 0.6286
vn -0.0609 0.7782 0.6251
vn -0.1765 0.8078 0.5624
vn -0.1713 0.8068 0.5654
vn -0.3273 0.8176 0.4738
vn -0.3041 0.8170 0.4900
vn 0.0542 0.7761 0.6283
vn 0.0733 0.7711 0.6325
vn -0.6039 0.7936 0.0739
vn -0.5923 0.8043 0.0482
vn 0.2502 0.8171 0.5194
vn 0.2155 0.7842 0.5819
vn 0.2126 0.8411 -0.4973
vn 0.2103 0.8410 -0.4985
vn -0.2106 0.8407 -0.4989
vn -0.1269 0.7975 -0.5898
vn -0.0000 0.7069 -0.7073
vn 0.0381 0.7387 -0.6730
vn 0.3469 0.7937 0.4997
vn 0.3815 0.8222 0.4224
vn -0.0344 0.7406 -0.6711
vn 0.5465 0.8184 0.1775
vn 0.5642 0.8137 0.1401
vn 0.5374 0.8124 0.2263
vn 0.5254 0.8306 0.1843
vn 0.4978 0.8655 -0.0549
vn 0.5513 0.8322 0.0594
vn 0.5151 0.8569 0.0204
vn 0.5149 0.8570 0.0203
vn -0.5664 0.8124 0.1386
vn -0.5622 0.8074 0.1789
vn -0.5622 0.8074 0.1792
vn -0.5710 0.8200 0.0389
vn -0.4855 0.8650 -0.1264
vn -0.4986 0.8651 -0.0555
vn -0.0992 0.7969 0.5959
vn -0.1046 0.7980 0.5936
vn 0.1627 0.8128 0.5593
vn 0.1336 0.7842 0.6060
vn 0.0966 0.7980 0.5948
vn -0.3670 0.8311 0.4178
vn -0.3417 0.8308 0.4393
vn -0.0334 0.7834 0.6206
vn -0.0399 0.7855 0.6176
vn 0.4210 0.8305 0.3647
vn 0.3891 0.8048 0.4482
vn 0.5039 0.8159 0.2835
vn 0.4932 0.8347 0.2450
vn 0.2950 0.8706 -0.3937
vn 0.2915 0.8708 -0.3960
vn -0.2114 0.8420 -0.4963
vn -0.2920 0.8704 -0.3963
vn 0.0350 0.7836 0.6202
vn 0.0505 0.7809 0.6226
vn 0.4373 0.8829 -0.1710
vn 0.5029 0.8629 -0.0499
vn -0.5482 0.8247 0.1392
vn -0.5481 0.8247 0.1393
vn -0.5275 0.8273 0.1933
vn -0.5370 0.8334 0.1305
vn -0.4990 0.8231 0.2712
vn -0.4379 0.8825 -0.1715
vn -0.4392 0.8831 -0.1652
vn 0.4584 0.8347 0.3054
vn 0.4295 0.8123 0.3947
vn 0.4678 0.8160 0.3396
vn -0.5288 0.8441 0.0885
vn 0.2866 0.8371 0.4660
vn 0.2534 0.8055 0.5357
vn 0.3720 0.8841 -0.2827
vn 0.3679 0.8849 -0.2858
vn -0.3684 0.8845 -0.2863
vn -0.2930 0.8718 -0.3926
vn -0.3781 0.8411 0.3868
vn -0.3582 0.8406 0.4063
vn -0.4235 0.8261 0.3718
vn 0.4420 0.8814 -0.1670
vn -0.3697 0.8856 -0.2811
vn -0.5288 0.8441 0.0886
vn 0.0358 0.7457 -0.6653
vn 0.0278 0.7442 -0.6673
vn -0.0168 0.7881 0.6153
vn -0.0201 0.7895 0.6135
vn -0.4954 0.8308 0.2536
vn -0.5032 0.8367 0.2160
vn -0.2088 0.8328 0.5127
vn -0.2000 0.8311 0.5189
vn -0.5300 0.8431 0.0915
vn -0.5305 0.8432 0.0873
vn 0.0166 0.7884 0.6149
vn 0.0314 0.7870 0.6162
vn -0.4367 0.8372 0.3294
vn -0.4607 0.8304 0.3134
vn -0.4711 0.8388 0.2729
vn -0.0018 0.7902 0.6128
vn -0.0020 0.7904 0.6127
vn 0.0145 0.7899 0.6131
vn -0.0692 0.8079 0.5853
vn -0.0750 0.8094 0.5825
vn 0.1056 0.8102 -0.5766
vn 0.1038 0.8096 -0.5777
vn -0.0349 0.7450 -0.6662
vn -0.1041 0.8094 -0.5779
vn 0.0684 0.8084 0.5846
vn 0.0949 0.8015 0.5905
vn 0.1911 0.8392 0.5091
vn 0.1631 0.8108 0.5621
vn 0.2905 0.8234 0.4874
vn 0.3218 0.8532 0.4105
vn -0.1231 0.8261 0.5499
vn -0.1248 0.8264 0.5490
vn -0.4770 0.8782 -0.0359
vn 0.0250 0.7453 -0.6663
vn 0.0307 0.7481 -0.6629
vn -0.0253 0.7475 -0.6637
vn -0.0000 0.7072 -0.7071
vn -0.0254 0.7475 -0.6638
vn 0.1171 0.8281 0.5482
vn -0.2403 0.8546 0.4604
vn -0.2283 0.8524 0.4704
vn -0.0448 0.8151 0.5775
vn -0.0490 0.8166 0.5752
vn 0.3555 0.8653 0.3533
vn 0.3263 0.8382 0.4370
vn 0.0437 0.8156 0.5770
vn 0.0659 0.8117 0.5804
vn 0.1760 0.8628 -0.4740
vn 0.1727 0.8622 -0.4762
vn -0.1735 0.8619 -0.4765
vn -0.1044 0.8107 -0.5761
vn 0.4796 0.8666 0.1380
vn 0.4710 0.8747 0.1141
vn 0.4795 0.8666 0.1383
vn 0.4711 0.8747 0.1141
vn 0.4796 0.8665 0.1386
vn -0.5300 0.8431 0.0916
vn 0.3874 0.8736 0.2946
vn 0.3608 0.8495 0.3848
vn 0.4736 0.8599 0.1905
vn 0.2189 0.8622 0.4569
vn 0.1920 0.8346 0.5163
vn -0.0225 0.8195 0.5726
vn -0.0248 0.8205 0.5710
vn 0.0206 0.8200 0.5720
vn 0.0412 0.8179 0.5738
vn 0.4174 0.8778 0.2352
vn 0.3937 0.8575 0.3313
vn 0.4343 0.8701 0.2330
vn 0.4269 0.8689 0.2505
vn 0.4953 0.8486 0.1859
vn 0.4248 0.8619 0.2769
vn -0.0861 0.8373 0.5400
vn -0.0892 0.8381 0.5381
vn -0.4465 0.8886 0.1052
vn -0.0022 0.8215 0.5702
vn -0.0025 0.8216 0.5700
vn 0.0191 0.8210 0.5706
vn 0.0826 0.8383 0.5390
vn 0.1165 0.8293 0.5465
vn -0.2704 0.8728 0.4063
vn -0.2561 0.8704 0.4205
vn -0.1463 0.8526 0.5017
vn -0.1451 0.8523 0.5025
vn -0.3848 0.8657 0.3202
vn -0.4036 0.8601 0.3118
vn 0.0184 0.7498 -0.6614
vn 0.2440 0.9000 -0.3611
vn 0.2397 0.8998 -0.3645
vn -0.0255 0.7463 -0.6652
vn -0.0247 0.7465 -0.6649
vn -0.4310 0.9001 0.0635
vn -0.4467 0.8885 0.1052
vn -0.1739 0.8636 -0.4731
vn -0.2406 0.8993 -0.3651
vn -0.0000 0.7068 -0.7074
vn -0.0000 0.7070 -0.7073
vn 0.0190 0.7497 -0.6616
vn 0.0180 0.7490 -0.6623
vn 0.4089 0.9126 -0.0003
vn 0.4430 0.8921 0.0887
vn 0.4708 0.8749 0.1140
vn 0.0831 0.8208 -0.5652
vn 0.0805 0.8197 -0.5671
vn -0.4656 0.8630 0.1960
vn -0.4312 0.9000 0.0635
vn -0.0815 0.8194 -0.5674
vn -0.4103 0.9120 -0.0011
vn -0.4109 0.9117 0.0094
vn -0.4470 0.8883 0.1054
vn 0.1373 0.8552 0.4998
vn -0.4155 0.8704 0.2642
vn -0.4350 0.8640 0.2537
vn -0.4436 0.8710 0.2113
vn -0.4055 0.8732 0.2703
vn 0.3077 0.9204 -0.2411
vn 0.3024 0.9209 -0.2459
vn -0.4469 0.8883 0.1062
vn 0.2203 0.8556 0.4684
vn 0.2458 0.8818 0.4025
vn 0.3592 0.9251 -0.1233
vn 0.4153 0.9096 0.0071
vn -0.3035 0.9204 -0.2464
vn -0.2412 0.9013 -0.3599
vn -0.0557 0.8445 0.5327
vn -0.0585 0.8454 0.5309
vn -0.0166 0.7552 -0.6553
vn -0.3606 0.9245 -0.1239
vn -0.3613 0.9253 -0.1154
vn 0.3653 0.9235 -0.1170
vn 0.0524 0.8452 0.5319
vn 0.0811 0.8402 0.5362
vn -0.2830 0.8852 0.3692
vn -0.2994 0.8875 0.3504
vn -0.3042 0.9220 -0.2396
vn 0.0179 0.7490 -0.6623
vn -0.0145 0.7496 -0.6618
vn -0.0185 0.7488 -0.6625
vn -0.0281 0.8489 0.5279
vn -0.0296 0.8495 0.5267
vn 0.0246 0.8493 0.5274
vn 0.0508 0.8467 0.5297
vn -0.1025 0.8642 0.4925
vn -0.1036 0.8645 0.4918
vn -0.1690 0.8761 0.4515
vn -0.1653 0.8754 0.4543
vn 0.4045 0.8981 0.1729
vn -0.3098 0.8974 0.3141
vn -0.3265 0.8986 0.2930
vn 0.1387 0.8800 -0.4543
vn 0.1342 0.8788 -0.4580
vn 0.2717 0.8978 0.3467
vn 0.2478 0.8736 0.4188
vn -0.1358 0.8782 -0.4586
vn -0.0814 0.8214 -0.5645
vn 0.0966 0.8656 0.4913
vn 0.1375 0.8549 0.5003
vn -0.0027 0.8506 0.5257
vn -0.0028 0.8507 0.5256
vn 0.0236 0.8500 0.5263
vn 0.0133 0.7536 -0.6572
vn 0.0079 0.7513 -0.6599
vn 0.1570 0.8794 0.4494
vn 0.0615 0.8289 -0.5560
vn 0.0586 0.8274 -0.5585
vn -0.0601 0.8271 -0.5588
vn -0.3217 0.8939 0.3122
vn -0.3218 0.8939 0.3120
vn -0.3839 0.8890 0.2496
vn 0.0068 0.7514 -0.6598
vn 0.0081 0.7526 -0.6585
vn -0.3795 0.9082 0.1765
vn -0.0056 0.7537 -0.6572
vn -0.0130 0.7530 -0.6579
vn -0.3812 0.9066 0.1812
vn -0.3798 0.9081 0.1763
vn -0.3810 0.9067 0.1811
vn -0.3811 0.9066 0.1812
vn 0.2894 0.9036 0.3159
vn 0.3097 0.9037 0.2955
vn 0.2744 0.8884 0.3679
vn 0.2673 0.9449 -0.1888
vn 0.4044 0.8981 0.1729
vn -0.0053 0.7519 -0.6592
vn -0.0068 0.7518 -0.6593
vn -0.0666 0.8716 0.4857
vn -0.0677 0.8720 0.4849
vn -0.3796 0.9082 0.1763
vn 0.0612 0.8724 0.4849
vn 0.0961 0.8663 0.4902
vn 0.0024 0.7550 -0.6557
vn 0.0011 0.7540 -0.6568
vn 0.1922 0.9230 -0.3334
vn 0.1862 0.9222 -0.3390
vn -0.0023 0.7550 -0.6558
vn -0.1357 0.8809 -0.4535
vn -0.1883 0.9214 -0.3398
vn -0.1909 0.8966 0.3996
vn -0.1850 0.8955 0.4047
vn 0.4321 0.8602 0.2707
vn 0.3388 0.9069 0.2506
vn 0.3387 0.9068 0.2509
vn 0.2694 0.9399 0.2098
vn 0.2831 0.8735 0.3961
vn -0.1187 0.8885 0.4433
vn -0.1177 0.8882 0.4441
vn -0.0336 0.8758 0.4815
vn -0.0343 0.8761 0.4809
vn 0.1580 0.8776 0.4526
vn 0.1763 0.9006 0.3972
vn 0.2672 0.9449 -0.1891
vn 0.4043 0.8981 0.1729
vn 0.0286 0.8763 0.4810
vn 0.0603 0.8731 0.4837
vn 0.1104 0.8902 0.4421
vn 0.4043 0.8981 0.1728
vn 0.3170 0.9474 0.0447
vn 0.3624 0.9109 0.1973
vn 0.3022 0.9463 0.1145
vn 0.0416 0.8346 -0.5493
vn 0.0391 0.8330 -0.5519
vn -0.0594 0.8294 -0.5555
vn -0.0406 0.8327 -0.5522
vn -0.3512 0.9219 0.1636
vn -0.3608 0.9255 0.1153
vn -0.3206 0.9462 0.0437
vn -0.3199 0.9456 0.0591
vn 0.2423 0.9482 -0.2053
vn 0.2348 0.9484 -0.2133
vn -0.0031 0.8774 0.4797
vn -0.0032 0.8775 0.4796
vn -0.2375 0.9475 -0.2142
vn -0.1882 0.9243 -0.3320
vn 0.0282 0.8766 0.4804
vn 0.1026 0.8928 -0.4386
vn 0.0979 0.8910 -0.4433
vn -0.1002 0.8904 -0.4440
vn 0.2788 0.9567 -0.0840
vn 0.3264 0.9435 0.0568
vn -0.2819 0.9557 -0.0853
vn -0.2815 0.9569 -0.0720
vn 0.2875 0.9549 -0.0738
vn -0.2373 0.9499 -0.2035
vn -0.2044 0.9127 0.3538
vn -0.2119 0.9138 0.3464
vn -0.3017 0.9264 0.2251
vn -0.0770 0.8959 0.4375
vn -0.0771 0.8959 0.4374
vn 0.0238 0.8379 -0.5453
vn 0.0222 0.8367 -0.5472
vn -0.0395 0.8349 -0.5490
vn -0.0234 0.8366 -0.5473
vn 0.0698 0.8970 0.4365
vn 0.1107 0.8898 0.4427
vn 0.1963 0.9200 0.3392
vn 0.1922 0.9194 0.3431
vn 0.1782 0.8976 0.4033
vn -0.1342 0.9098 0.3927
vn -0.1318 0.9092 0.3949
vn 0.0077 0.8393 -0.5435
vn 0.0071 0.8388 -0.5444
vn -0.0224 0.8380 -0.5452
vn -0.0075 0.8388 -0.5445
vn 0.1238 0.9119 0.3913
vn -0.0389 0.9002 0.4337
vn -0.0391 0.9003 0.4334
vn 0.1424 0.9398 -0.3106
vn 0.1356 0.9383 -0.3181
vn 0.3279 0.9217 0.2072
vn -0.3019 0.9264 0.2251
vn -0.0992 0.8935 -0.4379
vn -0.1390 0.9375 -0.3189
vn -0.0070 0.8393 -0.5436
vn 0.0327 0.9007 0.4333
vn -0.2290 0.9270 0.2969
vn -0.2339 0.9379 0.2562
vn -0.1696 0.8684 0.4660
vn -0.2290 0.9270 0.2970
vn -0.3238 0.8899 0.3214
vn -0.3239 0.8898 0.3214
vn 0.0695 0.9017 -0.4268
vn 0.0651 0.8996 -0.4318
vn -0.0677 0.8992 -0.4323
vn -0.0036 0.9018 0.4321
vn 0.2421 0.9508 0.1933
vn 0.0325 0.9008 0.4330
vn 0.1915 0.9185 0.3459
vn 0.2625 0.9206 0.2891
vn 0.2628 0.9205 0.2892
vn 0.1916 0.9186 0.3457
vn -0.3017 0.9265 0.2251
vn 0.2418 0.9509 0.1932
vn -0.0873 0.9177 0.3876
vn -0.0863 0.9174 0.3885
vn 0.2304 0.9696 0.0827
vn 0.2611 0.9414 0.2134
vn 0.1795 0.9679 -0.1757
vn 0.1710 0.9675 -0.1861
vn -0.2545 0.9482 0.1899
vn -0.2220 0.9395 0.2607
vn -0.2333 0.9673 0.0998
vn -0.2359 0.9683 0.0816
vn -0.1752 0.9666 -0.1869
vn -0.1376 0.9409 -0.3096
vn 0.0783 0.9188 0.3868
vn 0.1249 0.9106 0.3939
vn -0.1446 0.9262 0.3481
vn -0.1527 0.9298 0.3349
vn -0.1526 0.9298 0.3349
vn -0.1216 0.9347 0.3339
vn 0.2500 0.9408 0.2287
vn 0.0399 0.9069 -0.4195
vn 0.0371 0.9052 -0.4233
vn -0.0660 0.9021 -0.4265
vn -0.0392 0.9050 -0.4236
vn 0.1345 0.9268 0.3507
vn 0.1176 0.9243 0.3630
vn 0.1905 0.9218 0.3375
vn 0.1904 0.9218 0.3376
vn 0.2029 0.9779 -0.0510
vn 0.2413 0.9655 0.0982
vn 0.2126 0.9764 -0.0381
vn -0.2078 0.9768 -0.0522
vn -0.2056 0.9780 -0.0365
vn -0.1735 0.9693 -0.1745
vn -0.0441 0.9221 0.3844
vn -0.0437 0.9220 0.3848
vn 0.0963 0.9511 -0.2936
vn 0.0903 0.9493 -0.3012
vn -0.0940 0.9487 -0.3018
vn 0.0367 0.9234 0.3821
vn 0.0348 0.9227 0.3839
vn 0.0789 0.9184 0.3877
vn -0.2222 0.9395 0.2607
vn 0.1751 0.9529 0.2478
vn 0.1754 0.9528 0.2478
vn 0.0128 0.9090 -0.4166
vn 0.0118 0.9083 -0.4181
vn -0.0373 0.9071 -0.4192
vn -0.0125 0.9084 -0.4180
vn 0.0025 0.9237 0.3830
vn -0.0041 0.9256 0.3784
vn -0.0117 0.9090 -0.4166
vn 0.0496 0.9220 0.3840
vn -0.0164 0.9229 0.3846
vn -0.0162 0.9230 0.3845
vn -0.1343 0.9689 0.2078
vn -0.1375 0.9637 0.2289
vn -0.1460 0.9472 0.2854
vn -0.1728 0.9563 0.2360
vn -0.1042 0.9544 0.2798
vn -0.0818 0.9306 0.3567
vn -0.1546 0.9242 0.3493
vn 0.1757 0.9526 0.2485
vn 0.1760 0.9526 0.2483
vn -0.1457 0.9471 0.2858
vn 0.1756 0.9526 0.2486
vn 0.1129 0.9414 0.3177
vn 0.0791 0.9189 0.3866
vn 0.1129 0.9414 0.3178
vn 0.1214 0.9807 -0.1536
vn 0.1139 0.9799 -0.1639
vn 0.1085 0.9532 0.2823
vn 0.1531 0.9816 0.1141
vn -0.1184 0.9792 -0.1647
vn -0.0916 0.9517 -0.2931
vn -0.1549 0.9793 0.1304
vn -0.1591 0.9807 0.1134
vn -0.1459 0.9471 0.2858
vn 0.0554 0.9576 -0.2828
vn 0.0514 0.9560 -0.2887
vn -0.0543 0.9558 -0.2890
vn 0.1089 0.9531 0.2822
vn 0.1088 0.9532 0.2822
vn -0.0991 0.9604 0.2606
vn -0.0772 0.9502 0.3018
vn -0.0385 0.8947 0.4450
vn -0.0750 0.9582 0.2762
vn -0.0750 0.9582 0.2763
vn 0.0431 0.9653 0.2575
vn 0.0433 0.9653 0.2576
vn 0.0431 0.9653 0.2576
vn 0.1349 0.9906 -0.0241
vn 0.1630 0.9781 0.1294
vn 0.1438 0.9895 -0.0110
vn -0.1404 0.9898 -0.0248
vn -0.1367 0.9906 -0.0100
vn -0.1154 0.9815 -0.1528
vn 0.0454 0.9523 0.3018
vn 0.1008 0.9573 0.2710
vn -0.0769 0.9503 0.3018
vn -0.0770 0.9502 0.3018
vn 0.0455 0.9523 0.3018
vn 0.0454 0.9523 0.3017
vn 0.0177 0.9603 -0.2785
vn 0.0163 0.9596 -0.2808
vn -0.0518 0.9578 -0.2828
vn -0.0174 0.9595 -0.2810
vn 0.0050 0.7924 -0.6099
vn -0.0316 0.9599 0.2785
vn -0.0150 0.9518 0.3063
vn 0.0050 0.7921 -0.6103
vn -0.0148 0.9518 0.3064
vn 0.0442 0.9604 0.2752
vn 0.0322 0.9583 0.2838
vn -0.0151 0.9518 0.3064
vn -0.0149 0.9518 0.3063
vn 0.0437 0.9604 0.2753
vn -0.0162 0.9603 -0.2785
vn 0.0867 0.9867 0.1378
vn -0.0875 0.9848 0.1500
vn -0.0918 0.9863 0.1373
vn 0.0698 0.9878 -0.1394
vn 0.0647 0.9870 -0.1474
vn -0.0684 0.9867 -0.1477
vn 0.0766 0.9971 -0.0037
vn 0.0935 0.9843 0.1495
vn -0.0810 0.9967 -0.0039
vn -0.0774 0.9970 0.0066
vn 0.0826 0.9966 0.0063
vn -0.0653 0.9881 -0.1392
vn 0.0274 0.9879 0.1529
vn -0.0273 0.9871 0.1575
vn -0.0292 0.9878 0.1529
vn 0.0223 0.9908 -0.1338
vn 0.0206 0.9904 -0.1369
vn -0.0218 0.9903 -0.1369
vn 0.0298 0.9871 0.1575
vn -0.0204 0.9908 -0.1338
vn 0.0243 0.9997 0.0093
vn -0.0259 0.9996 0.0092
vn -0.0242 0.9996 0.0129
vn 0.0263 0.9996 0.0131
s 0
usemtl Material.005
f 1//1 2//1 3//1
f 2//2 4//2 3//2
f 4//3 5//3 3//3
f 5//4 1//4 3//4
f 6//5 7//5 1//5
f 8//1 6//1 1//1
f 7//6 9//6 1//6
f 9//6 10//6 1//6
f 10//7 11//7 1//7
f 11//7 12//7 1//7
f 12//8 13//8 1//8
f 13//8 14//8 1//8
f 14//7 15//7 1//7
f 15//7 2//7 1//7
f 16//9 8//9 1//9
f 17//10 16//10 1//10
f 5//11 17//11 1//11
f 15//12 4//12 2//12
f 18//1 6//1 8//1
f 16//13 18//13 8//13
f 19//1 20//1 21//1
f 22//14 19//14 21//14
f 23//15 22//15 21//15
f 24//16 23//16 21//16
f 20//17 24//17 21//17
f 25//18 26//18 27//18
f 28//1 25//1 27//1
f 26//19 29//19 27//19
f 29//20 28//20 27//20
f 19//1 30//1 20//1
f 30//21 24//21 20//21
f 29//22 25//22 28//22
f 31//23 32//23 25//23
f 33//1 31//1 25//1
f 32//24 34//24 25//24
f 34//24 35//24 25//24
f 35//1 36//1 25//1
f 36//1 26//1 25//1
f 37//25 33//25 25//25
f 29//26 37//26 25//26
f 19//1 38//1 30//1
f 38//27 39//27 30//27
f 40//28 24//28 30//28
f 39//29 40//29 30//29
f 19//1 41//1 38//1
f 41//30 39//30 38//30
f 42//1 31//1 33//1
f 37//31 42//31 33//31
f 19//1 43//1 41//1
f 43//32 44//32 41//32
f 44//33 39//33 41//33
f 19//1 45//1 43//1
f 45//34 44//34 43//34
f 46//1 47//1 42//1
f 47//23 48//23 42//23
f 48//1 31//1 42//1
f 19//1 46//1 42//1
f 49//1 19//1 42//1
f 50//35 49//35 42//35
f 37//36 50//36 42//36
f 51//1 19//1 49//1
f 50//37 51//37 49//37
f 19//1 52//1 45//1
f 52//38 53//38 45//38
f 53//39 44//39 45//39
f 54//1 19//1 51//1
f 50//40 54//40 51//40
f 19//1 55//1 52//1
f 55//41 53//41 52//41
f 56//1 19//1 54//1
f 57//42 56//42 54//42
f 50//43 57//43 54//43
f 19//1 58//1 55//1
f 58//44 59//44 55//44
f 59//45 53//45 55//45
f 60//1 19//1 56//1
f 57//46 60//46 56//46
f 19//1 60//1 58//1
f 61//47 59//47 58//47
f 60//48 61//48 58//48
f 57//49 61//49 60//49
f 31//50 62//50 32//50
f 62//51 63//51 32//51
f 63//52 34//52 32//52
f 63//53 35//53 34//53
f 19//54 6//54 18//54
f 64//55 19//55 18//55
f 16//56 64//56 18//56
f 36//57 65//57 26//57
f 66//58 29//58 26//58
f 65//59 66//59 26//59
f 48//60 62//60 31//60
f 36//61 67//61 65//61
f 67//62 66//62 65//62
f 47//63 68//63 48//63
f 68//64 62//64 48//64
f 69//65 6//65 19//65
f 22//66 70//66 19//66
f 70//66 69//66 19//66
f 64//67 46//67 19//67
f 35//68 67//68 36//68
f 63//69 67//69 35//69
f 46//63 68//63 47//63
f 64//70 68//70 46//70
f 23//71 70//71 22//71
f 23//72 69//72 70//72
f 14//73 71//73 15//73
f 71//74 4//74 15//74
f 13//75 72//75 14//75
f 72//76 71//76 14//76
f 73//77 6//77 69//77
f 23//78 73//78 69//78
f 73//79 7//79 6//79
f 12//80 72//80 13//80
f 11//81 74//81 12//81
f 74//82 72//82 12//82
f 73//83 75//83 7//83
f 75//84 9//84 7//84
f 75//84 10//84 9//84
f 10//81 74//81 11//81
f 75//85 74//85 10//85
f 4//86 76//86 5//86
f 76//87 17//87 5//87
f 77//88 16//88 17//88
f 76//89 77//89 17//89
f 4//90 78//90 76//90
f 78//91 77//91 76//91
f 79//92 80//92 78//92
f 81//93 79//93 78//93
f 4//94 81//94 78//94
f 80//95 82//95 78//95
f 82//96 77//96 78//96
f 83//97 16//97 77//97
f 84//98 83//98 77//98
f 82//99 84//99 77//99
f 85//100 59//100 61//100
f 86//101 87//101 61//101
f 87//102 88//102 61//102
f 88//102 85//102 61//102
f 57//103 86//103 61//103
f 85//104 53//104 59//104
f 89//105 84//105 82//105
f 80//106 89//106 82//106
f 79//107 90//107 80//107
f 90//108 89//108 80//108
f 91//109 53//109 85//109
f 88//110 91//110 85//110
f 92//111 44//111 53//111
f 91//112 92//112 53//112
f 93//113 86//113 57//113
f 50//114 93//114 57//114
f 94//115 84//115 89//115
f 90//116 94//116 89//116
f 40//117 95//117 24//117
f 95//118 23//118 24//118
f 66//119 96//119 29//119
f 96//120 97//120 29//120
f 97//121 37//121 29//121
f 79//122 98//122 90//122
f 98//123 94//123 90//123
f 99//124 84//124 94//124
f 98//125 99//125 94//125
f 79//126 100//126 98//126
f 100//127 99//127 98//127
f 101//128 39//128 44//128
f 92//129 101//129 44//129
f 37//130 102//130 50//130
f 102//131 93//131 50//131
f 103//132 84//132 99//132
f 100//133 103//133 99//133
f 79//134 104//134 100//134
f 104//135 103//135 100//135
f 105//136 40//136 39//136
f 101//137 106//137 39//137
f 106//138 107//138 39//138
f 107//139 105//139 39//139
f 108//140 102//140 37//140
f 109//141 108//141 37//141
f 110//142 109//142 37//142
f 97//143 110//143 37//143
f 111//144 84//144 103//144
f 104//145 111//145 103//145
f 112//146 84//146 111//146
f 113//147 112//147 111//147
f 104//148 113//148 111//148
f 79//134 113//134 104//134
f 105//149 95//149 40//149
f 96//150 110//150 97//150
f 79//151 114//151 113//151
f 114//152 112//152 113//152
f 96//153 109//153 110//153
f 115//154 95//154 105//154
f 107//155 115//155 105//155
f 87//110 91//110 88//110
f 116//156 117//156 86//156
f 117//157 87//157 86//157
f 93//158 116//158 86//158
f 118//159 84//159 112//159
f 114//160 118//160 112//160
f 79//161 119//161 114//161
f 119//162 118//162 114//162
f 120//163 92//163 91//163
f 121//164 120//164 91//164
f 87//165 121//165 91//165
f 122//166 116//166 93//166
f 102//167 122//167 93//167
f 117//168 121//168 87//168
f 106//169 115//169 107//169
f 96//170 123//170 109//170
f 123//171 124//171 109//171
f 124//172 108//172 109//172
f 71//173 81//173 4//173
f 125//174 101//174 92//174
f 120//175 125//175 92//175
f 108//176 126//176 102//176
f 126//177 122//177 102//177
f 83//178 64//178 16//178
f 127//179 81//179 71//179
f 128//180 127//180 71//180
f 72//181 128//181 71//181
f 129//182 84//182 118//182
f 119//183 129//183 118//183
f 130//184 128//184 72//184
f 74//185 130//185 72//185
f 83//186 131//186 64//186
f 131//187 132//187 64//187
f 132//188 68//188 64//188
f 133//189 84//189 129//189
f 134//190 133//190 129//190
f 119//191 134//191 129//191
f 79//192 134//192 119//192
f 135//193 130//193 74//193
f 75//194 135//194 74//194
f 132//195 136//195 68//195
f 136//196 62//196 68//196
f 137//197 135//197 75//197
f 73//198 137//198 75//198
f 84//199 131//199 83//199
f 138//200 115//200 106//200
f 139//201 138//201 106//201
f 101//202 139//202 106//202
f 138//203 95//203 115//203
f 140//204 137//204 73//204
f 23//205 140//205 73//205
f 136//206 141//206 62//206
f 141//207 63//207 62//207
f 142//208 23//208 95//208
f 138//209 142//209 95//209
f 142//210 140//210 23//210
f 141//211 143//211 63//211
f 143//212 67//212 63//212
f 123//213 144//213 124//213
f 144//214 108//214 124//214
f 145//215 144//215 123//215
f 96//216 145//216 123//216
f 143//217 146//217 67//217
f 146//218 66//218 67//218
f 66//219 147//219 96//219
f 147//220 145//220 96//220
f 146//221 147//221 66//221
f 79//222 148//222 134//222
f 148//223 133//223 134//223
f 125//224 149//224 101//224
f 149//225 150//225 101//225
f 150//226 139//226 101//226
f 151//227 126//227 108//227
f 152//228 151//228 108//228
f 144//229 152//229 108//229
f 150//230 138//230 139//230
f 145//231 152//231 144//231
f 116//232 153//232 117//232
f 153//233 121//233 117//233
f 154//234 155//234 116//234
f 156//235 154//235 116//235
f 155//232 153//232 116//232
f 122//236 156//236 116//236
f 145//237 157//237 152//237
f 157//238 151//238 152//238
f 158//239 138//239 150//239
f 149//240 158//240 150//240
f 159//241 84//241 133//241
f 148//242 159//242 133//242
f 79//243 160//243 148//243
f 160//244 159//244 148//244
f 155//233 121//233 153//233
f 161//245 154//245 156//245
f 122//246 161//246 156//246
f 162//247 154//247 161//247
f 122//248 162//248 161//248
f 163//249 120//249 121//249
f 155//250 164//250 121//250
f 164//251 163//251 121//251
f 165//252 162//252 122//252
f 126//253 165//253 122//253
f 154//254 164//254 155//254
f 166//255 84//255 159//255
f 160//256 167//256 159//256
f 167//257 168//257 159//257
f 168//258 166//258 159//258
f 79//259 167//259 160//259
f 169//260 84//260 166//260
f 168//261 169//261 166//261
f 170//262 125//262 120//262
f 163//263 170//263 120//263
f 151//264 171//264 126//264
f 171//265 165//265 126//265
f 127//266 79//266 81//266
f 172//267 158//267 149//267
f 125//268 172//268 149//268
f 173//269 174//269 157//269
f 145//270 173//270 157//270
f 174//271 151//271 157//271
f 79//272 168//272 167//272
f 175//273 172//273 125//273
f 170//274 175//274 125//274
f 176//275 171//275 151//275
f 174//276 177//276 151//276
f 177//277 176//277 151//277
f 127//266 178//266 79//266
f 178//278 168//278 79//278
f 178//279 179//279 168//279
f 179//280 180//280 168//280
f 180//281 181//281 168//281
f 181//282 169//282 168//282
f 173//283 177//283 174//283
f 175//284 158//284 172//284
f 173//285 182//285 177//285
f 182//286 176//286 177//286
f 183//287 84//287 169//287
f 181//288 183//288 169//288
f 184//289 181//289 180//289
f 179//290 185//290 180//290
f 185//290 186//290 180//290
f 186//291 184//291 180//291
f 184//289 187//289 181//289
f 187//289 188//289 181//289
f 188//289 189//289 181//289
f 189//289 190//289 181//289
f 190//292 191//292 181//292
f 191//289 192//289 181//289
f 192//289 193//289 181//289
f 193//293 194//293 181//293
f 194//294 195//294 181//294
f 196//295 197//295 181//295
f 197//296 198//296 181//296
f 198//297 199//297 181//297
f 199//295 200//295 181//295
f 200//289 201//289 181//289
f 201//289 202//289 181//289
f 203//289 204//289 181//289
f 204//298 205//298 181//298
f 205//289 206//289 181//289
f 195//299 207//299 181//299
f 207//300 208//300 181//300
f 208//301 196//301 181//301
f 209//289 210//289 181//289
f 206//302 211//302 181//302
f 211//289 212//289 181//289
f 212//302 213//302 181//302
f 210//303 214//303 181//303
f 214//302 215//302 181//302
f 215//304 203//304 181//304
f 216//299 209//299 181//299
f 202//289 216//289 181//289
f 213//289 217//289 181//289
f 217//305 218//305 181//305
f 218//306 219//306 181//306
f 219//307 220//307 181//307
f 220//308 221//308 181//308
f 221//309 222//309 181//309
f 222//309 223//309 181//309
f 223//310 224//310 181//310
f 224//289 225//289 181//289
f 226//311 183//311 181//311
f 225//312 226//312 181//312
f 227//247 154//247 162//247
f 165//313 227//313 162//313
f 227//314 228//314 154//314
f 228//315 229//315 154//315
f 229//316 230//316 154//316
f 230//317 164//317 154//317
f 229//318 231//318 230//318
f 232//319 164//319 230//319
f 231//320 232//320 230//320
f 165//321 228//321 227//321
f 127//322 179//322 178//322
f 232//323 233//323 164//323
f 233//324 163//324 164//324
f 234//325 228//325 165//325
f 171//326 234//326 165//326
f 128//327 235//327 127//327
f 235//328 236//328 127//328
f 236//329 179//329 127//329
f 183//330 131//330 84//330
f 226//331 131//331 183//331
f 130//332 237//332 128//332
f 237//333 235//333 128//333
f 226//334 238//334 131//334
f 238//335 239//335 131//335
f 239//336 132//336 131//336
f 135//337 240//337 130//337
f 240//338 237//338 130//338
f 241//339 170//339 163//339
f 233//340 241//340 163//340
f 176//341 242//341 171//341
f 242//342 234//342 171//342
f 137//343 243//343 135//343
f 243//344 240//344 135//344
f 239//345 244//345 132//345
f 244//346 136//346 132//346
f 245//347 158//347 175//347
f 170//348 245//348 175//348
f 140//349 246//349 137//349
f 246//350 243//350 137//350
f 247//351 138//351 158//351
f 248//352 247//352 158//352
f 245//353 248//353 158//353
f 249//354 246//354 140//354
f 142//355 249//355 140//355
f 247//356 142//356 138//356
f 247//357 249//357 142//357
f 244//358 250//358 136//358
f 250//359 141//359 136//359
f 250//360 251//360 141//360
f 251//361 143//361 141//361
f 173//362 252//362 182//362
f 252//363 176//363 182//363
f 253//364 248//364 245//364
f 254//365 253//365 245//365
f 170//366 254//366 245//366
f 251//367 255//367 143//367
f 255//368 146//368 143//368
f 256//369 257//369 252//369
f 258//370 256//370 252//370
f 173//371 258//371 252//371
f 257//372 176//372 252//372
f 259//373 258//373 173//373
f 145//374 259//374 173//374
f 256//375 260//375 257//375
f 260//376 176//376 257//376
f 255//377 261//377 146//377
f 261//378 147//378 146//378
f 147//379 259//379 145//379
f 261//380 259//380 147//380
f 241//381 262//381 170//381
f 262//382 263//382 170//382
f 263//382 254//382 170//382
f 264//383 242//383 176//383
f 260//384 265//384 176//384
f 265//385 264//385 176//385
f 263//386 253//386 254//386
f 256//387 265//387 260//387
f 262//388 253//388 263//388
f 229//389 266//389 231//389
f 266//390 232//390 231//390
f 234//391 229//391 228//391
f 229//392 267//392 266//392
f 267//393 232//393 266//393
f 268//394 267//394 229//394
f 234//395 268//395 229//395
f 269//396 238//396 226//396
f 225//397 269//397 226//397
f 224//289 270//289 225//289
f 271//398 272//398 225//398
f 270//399 271//399 225//399
f 272//400 269//400 225//400
f 273//401 274//401 268//401
f 274//402 267//402 268//402
f 275//403 273//403 268//403
f 234//404 275//404 268//404
f 274//405 276//405 267//405
f 276//406 277//406 267//406
f 277//407 232//407 267//407
f 236//408 185//408 179//408
f 277//409 278//409 232//409
f 278//410 233//410 232//410
f 242//411 275//411 234//411
f 256//412 279//412 265//412
f 279//413 264//413 265//413
f 280//414 281//414 262//414
f 281//415 253//415 262//415
f 241//416 280//416 262//416
f 282//417 241//417 233//417
f 278//418 282//418 233//418
f 264//419 283//419 242//419
f 283//420 275//420 242//420
f 284//414 281//414 280//414
f 241//416 284//416 280//416
f 285//421 286//421 279//421
f 256//422 285//422 279//422
f 286//423 264//423 279//423
f 287//424 274//424 273//424
f 275//425 287//425 273//425
f 274//426 288//426 276//426
f 288//427 277//427 276//427
f 282//428 289//428 241//428
f 289//429 290//429 241//429
f 290//430 284//430 241//430
f 291//431 292//431 264//431
f 286//432 291//432 264//432
f 292//433 283//433 264//433
f 274//434 293//434 288//434
f 293//435 294//435 288//435
f 294//436 277//436 288//436
f 295//437 274//437 287//437
f 275//438 295//438 287//438
f 296//439 278//439 277//439
f 294//440 296//440 277//440
f 297//441 295//441 275//441
f 283//442 297//442 275//442
f 290//443 281//443 284//443
f 285//444 291//444 286//444
f 298//445 282//445 278//445
f 296//446 298//446 278//446
f 292//447 299//447 283//447
f 299//448 297//448 283//448
f 285//449 300//449 291//449
f 300//450 292//450 291//450
f 289//451 281//451 290//451
f 272//452 238//452 269//452
f 274//453 301//453 293//453
f 301//454 294//454 293//454
f 302//455 274//455 295//455
f 297//456 302//456 295//456
f 303//457 304//457 282//457
f 298//458 303//458 282//458
f 304//459 305//459 282//459
f 305//457 289//457 282//457
f 306//460 307//460 292//460
f 308//461 306//461 292//461
f 300//450 308//450 292//450
f 307//462 299//462 292//462
f 236//463 186//463 185//463
f 309//464 274//464 302//464
f 297//465 309//465 302//465
f 274//466 310//466 301//466
f 296//467 294//467 301//467
f 311//468 296//468 301//468
f 310//469 311//469 301//469
f 309//470 312//470 274//470
f 312//471 313//471 274//471
f 313//472 314//472 274//472
f 314//473 315//473 274//473
f 315//474 316//474 274//474
f 316//475 317//475 274//475
f 317//476 318//476 274//476
f 318//477 319//477 274//477
f 319//478 320//478 274//478
f 320//479 321//479 274//479
f 321//480 322//480 274//480
f 322//481 323//481 274//481
f 323//482 324//482 274//482
f 324//483 325//483 274//483
f 325//484 326//484 274//484
f 326//485 327//485 274//485
f 327//486 310//486 274//486
f 328//487 309//487 297//487
f 299//488 328//488 297//488
f 329//489 281//489 289//489
f 305//490 329//490 289//490
f 285//449 308//449 300//449
f 330//491 186//491 236//491
f 331//492 330//492 236//492
f 332//493 331//493 236//493
f 235//494 332//494 236//494
f 333//495 238//495 272//495
f 271//496 333//496 272//496
f 237//497 334//497 235//497
f 334//498 332//498 235//498
f 335//499 298//499 296//499
f 311//500 335//500 296//500
f 336//501 337//501 299//501
f 307//502 336//502 299//502
f 337//503 328//503 299//503
f 304//504 329//504 305//504
f 338//505 306//505 308//505
f 285//506 338//506 308//506
f 333//507 339//507 238//507
f 339//508 239//508 238//508
f 340//509 334//509 237//509
f 240//510 340//510 237//510
f 341//511 329//511 304//511
f 303//512 341//512 304//512
f 342//513 281//513 329//513
f 341//514 342//514 329//514
f 343//515 340//515 240//515
f 243//516 343//516 240//516
f 338//517 344//517 306//517
f 344//518 307//518 306//518
f 328//519 312//519 309//519
f 327//520 311//520 310//520
f 339//521 345//521 239//521
f 345//522 244//522 239//522
f 346//523 253//523 281//523
f 342//524 346//524 281//524
f 347//525 343//525 243//525
f 246//526 347//526 243//526
f 335//527 348//527 298//527
f 348//528 349//528 298//528
f 349//529 303//529 298//529
f 344//530 350//530 307//530
f 350//531 351//531 307//531
f 351//532 352//532 307//532
f 352//533 336//533 307//533
f 353//534 248//534 253//534
f 346//535 353//535 253//535
f 354//536 347//536 246//536
f 249//537 354//537 246//537
f 345//538 355//538 244//538
f 355//539 250//539 244//539
f 356//540 247//540 248//540
f 353//541 356//541 248//541
f 356//542 354//542 249//542
f 247//543 356//543 249//543
f 338//544 350//544 344//544
f 349//545 341//545 303//545
f 326//546 357//546 327//546
f 357//547 311//547 327//547
f 328//548 313//548 312//548
f 285//549 358//549 338//549
f 358//550 359//550 338//550
f 359//551 350//551 338//551
f 355//552 360//552 250//552
f 360//553 251//553 250//553
f 361//554 313//554 328//554
f 337//555 361//555 328//555
f 256//556 362//556 285//556
f 362//557 358//557 285//557
f 360//558 363//558 251//558
f 363//559 255//559 251//559
f 359//560 351//560 350//560
f 348//561 341//561 349//561
f 364//562 362//562 256//562
f 258//563 364//563 256//563
f 363//564 365//564 255//564
f 365//565 261//565 255//565
f 366//566 364//566 258//566
f 259//567 366//567 258//567
f 365//568 366//568 261//568
f 366//569 259//569 261//569
f 367//570 335//570 311//570
f 357//571 367//571 311//571
f 336//572 368//572 337//572
f 368//573 369//573 337//573
f 369//574 361//574 337//574
f 325//575 357//575 326//575
f 361//576 314//576 313//576
f 330//577 184//577 186//577
f 361//578 315//578 314//578
f 324//579 370//579 325//579
f 370//580 357//580 325//580
f 359//581 352//581 351//581
f 371//582 372//582 335//582
f 367//583 371//583 335//583
f 372//584 373//584 335//584
f 373//585 348//585 335//585
f 374//586 341//586 348//586
f 373//587 374//587 348//587
f 375//588 315//588 361//588
f 376//589 375//589 361//589
f 369//590 376//590 361//590
f 377//591 336//591 352//591
f 359//592 377//592 352//592
f 372//593 374//593 373//593
f 377//594 368//594 336//594
f 371//595 374//595 372//595
f 375//596 316//596 315//596
f 323//597 370//597 324//597
f 322//598 378//598 323//598
f 378//599 370//599 323//599
f 375//600 317//600 316//600
f 370//601 379//601 357//601
f 380//602 367//602 357//602
f 379//603 380//603 357//603
f 381//604 382//604 369//604
f 368//605 383//605 369//605
f 383//606 381//606 369//606
f 382//607 376//607 369//607
f 384//608 318//608 317//608
f 375//609 384//609 317//609
f 321//610 378//610 322//610
f 384//611 319//611 318//611
f 320//612 385//612 321//612
f 385//613 378//613 321//613
f 386//614 385//614 320//614
f 319//615 386//615 320//615
f 384//616 386//616 319//616
f 377//617 383//617 368//617
f 387//618 384//618 375//618
f 376//619 387//619 375//619
f 388//620 371//620 367//620
f 380//621 389//621 367//621
f 389//620 390//620 367//620
f 390//622 388//622 367//622
f 391//623 387//623 376//623
f 392//624 391//624 376//624
f 382//624 392//624 376//624
f 388//625 374//625 371//625
f 393//616 386//616 384//616
f 394//626 393//626 384//626
f 387//627 394//627 384//627
f 393//628 385//628 386//628
f 393//629 395//629 385//629
f 395//630 378//630 385//630
f 394//631 396//631 393//631
f 396//629 395//629 393//629
f 378//632 397//632 370//632
f 397//633 379//633 370//633
f 391//634 398//634 387//634
f 399//635 394//635 387//635
f 400//636 399//636 387//636
f 398//637 400//637 387//637
f 377//638 381//638 383//638
f 401//639 374//639 388//639
f 390//640 401//640 388//640
f 402//641 403//641 380//641
f 403//642 389//642 380//642
f 379//643 402//643 380//643
f 389//644 401//644 390//644
f 404//645 382//645 381//645
f 377//646 404//646 381//646
f 395//647 405//647 378//647
f 405//648 397//648 378//648
f 406//649 396//649 394//649
f 399//650 406//650 394//650
f 396//651 405//651 395//651
f 406//652 407//652 396//652
f 407//653 405//653 396//653
f 404//654 392//654 382//654
f 403//655 401//655 389//655
f 408//656 409//656 379//656
f 397//657 408//657 379//657
f 409//658 402//658 379//658
f 402//659 401//659 403//659
f 404//654 391//654 392//654
f 331//660 410//660 330//660
f 410//577 184//577 330//577
f 410//577 411//577 184//577
f 411//661 412//661 184//661
f 412//662 187//662 184//662
f 413//663 414//663 397//663
f 405//664 413//664 397//664
f 414//665 408//665 397//665
f 415//666 333//666 271//666
f 270//667 415//667 271//667
f 407//668 416//668 405//668
f 416//669 413//669 405//669
f 404//670 398//670 391//670
f 409//671 401//671 402//671
f 404//672 417//672 398//672
f 417//673 400//673 398//673
f 418//674 401//674 409//674
f 408//675 418//675 409//675
f 417//673 399//673 400//673
f 414//676 418//676 408//676
f 417//677 406//677 399//677
f 413//678 418//678 414//678
f 419//679 407//679 406//679
f 417//680 419//680 406//680
f 416//681 420//681 413//681
f 420//682 418//682 413//682
f 421//683 420//683 416//683
f 407//684 421//684 416//684
f 419//685 421//685 407//685
f 419//686 422//686 421//686
f 422//687 423//687 421//687
f 423//688 424//688 421//688
f 424//689 420//689 421//689
f 331//660 411//660 410//660
f 425//690 412//690 331//690
f 426//691 425//691 331//691
f 412//692 411//692 331//692
f 332//693 426//693 331//693
f 424//694 418//694 420//694
f 427//695 333//695 415//695
f 270//696 427//696 415//696
f 428//697 426//697 332//697
f 334//698 428//698 332//698
f 424//699 423//699 418//699
f 423//700 429//700 418//700
f 429//701 430//701 418//701
f 430//702 401//702 418//702
f 427//703 431//703 333//703
f 431//704 432//704 333//704
f 432//705 339//705 333//705
f 340//706 428//706 334//706
f 433//707 431//707 427//707
f 270//667 433//667 427//667
f 224//289 434//289 270//289
f 434//708 435//708 270//708
f 435//709 436//709 270//709
f 436//710 433//710 270//710
f 430//711 437//711 401//711
f 437//712 374//712 401//712
f 417//713 422//713 419//713
f 343//714 438//714 340//714
f 438//715 428//715 340//715
f 432//716 439//716 339//716
f 439//717 345//717 339//717
f 437//718 440//718 374//718
f 440//719 341//719 374//719
f 441//720 422//720 417//720
f 404//721 441//721 417//721
f 347//722 442//722 343//722
f 442//723 438//723 343//723
f 440//724 443//724 341//724
f 443//725 342//725 341//725
f 439//726 444//726 345//726
f 444//727 355//727 345//727
f 354//728 445//728 347//728
f 445//729 442//729 347//729
f 443//730 446//730 342//730
f 446//731 346//731 342//731
f 447//732 441//732 404//732
f 377//733 447//733 404//733
f 356//734 448//734 354//734
f 448//735 445//735 354//735
f 446//736 449//736 346//736
f 449//737 353//737 346//737
f 353//738 450//738 356//738
f 450//739 448//739 356//739
f 449//740 450//740 353//740
f 444//741 451//741 355//741
f 451//742 360//742 355//742
f 359//743 452//743 377//743
f 452//744 447//744 377//744
f 451//745 453//745 360//745
f 453//746 363//746 360//746
f 358//747 454//747 359//747
f 454//748 452//748 359//748
f 453//749 455//749 363//749
f 455//750 365//750 363//750
f 362//751 456//751 358//751
f 456//752 454//752 358//752
f 455//753 457//753 365//753
f 457//754 366//754 365//754
f 364//755 458//755 362//755
f 458//756 456//756 362//756
f 459//757 364//757 366//757
f 457//758 459//758 366//758
f 459//759 458//759 364//759
f 460//760 429//760 423//760
f 422//761 460//761 423//761
f 441//762 461//762 422//762
f 462//763 463//763 422//763
f 461//764 462//764 422//764
f 463//761 460//761 422//761
f 464//765 431//765 433//765
f 436//766 464//766 433//766
f 441//767 465//767 461//767
f 465//768 462//768 461//768
f 463//760 429//760 460//760
f 464//769 466//769 431//769
f 466//770 432//770 431//770
f 467//771 426//771 428//771
f 438//772 467//772 428//772
f 468//773 430//773 429//773
f 469//774 468//774 429//774
f 463//775 469//775 429//775
f 466//776 470//776 432//776
f 470//777 439//777 432//777
f 471//778 467//778 438//778
f 442//779 471//779 438//779
f 472//780 437//780 430//780
f 468//781 472//781 430//781
f 441//782 473//782 465//782
f 473//783 462//783 465//783
f 474//784 471//784 442//784
f 445//785 474//785 442//785
f 475//786 440//786 437//786
f 472//787 475//787 437//787
f 470//788 476//788 439//788
f 476//789 444//789 439//789
f 477//790 473//790 441//790
f 447//791 477//791 441//791
f 478//792 474//792 445//792
f 448//793 478//793 445//793
f 479//794 443//794 440//794
f 475//795 479//795 440//795
f 480//796 469//796 463//796
f 462//797 480//797 463//797
f 481//798 478//798 448//798
f 450//799 481//799 448//799
f 482//800 446//800 443//800
f 479//801 482//801 443//801
f 476//802 483//802 444//802
f 483//803 451//803 444//803
f 425//804 484//804 412//804
f 484//805 187//805 412//805
f 485//806 481//806 450//806
f 449//807 485//807 450//807
f 486//808 449//808 446//808
f 482//809 486//809 446//809
f 487//810 477//810 447//810
f 452//811 487//811 447//811
f 486//812 485//812 449//812
f 483//813 488//813 451//813
f 488//814 453//814 451//814
f 454//815 489//815 452//815
f 489//816 487//816 452//816
f 488//817 490//817 453//817
f 490//818 455//818 453//818
f 456//819 491//819 454//819
f 491//820 489//820 454//820
f 490//821 492//821 455//821
f 492//822 457//822 455//822
f 458//823 493//823 456//823
f 493//824 491//824 456//824
f 492//825 494//825 457//825
f 494//826 459//826 457//826
f 459//827 495//827 458//827
f 495//828 493//828 458//828
f 494//829 495//829 459//829
f 425//830 496//830 484//830
f 496//831 187//831 484//831
f 473//832 497//832 462//832
f 497//833 498//833 462//833
f 499//834 480//834 462//834
f 498//835 499//835 462//835
f 426//836 500//836 425//836
f 500//837 496//837 425//837
f 435//838 464//838 436//838
f 500//839 501//839 496//839
f 501//840 187//840 496//840
f 501//841 502//841 187//841
f 502//842 503//842 187//842
f 503//843 188//843 187//843
f 467//844 504//844 426//844
f 504//845 500//845 426//845
f 499//846 469//846 480//846
f 505//847 506//847 464//847
f 435//848 505//848 464//848
f 506//849 507//849 464//849
f 507//850 466//850 464//850
f 434//851 505//851 435//851
f 224//289 508//289 434//289
f 508//852 509//852 434//852
f 509//853 510//853 434//853
f 510//854 511//854 434//854
f 511//855 505//855 434//855
f 471//856 512//856 467//856
f 512//857 504//857 467//857
f 499//858 513//858 469//858
f 513//859 514//859 469//859
f 514//860 468//860 469//860
f 477//861 497//861 473//861
f 511//862 506//862 505//862
f 474//863 515//863 471//863
f 515//864 512//864 471//864
f 507//865 516//865 466//865
f 516//866 470//866 466//866
f 514//867 517//867 468//867
f 517//868 472//868 468//868
f 477//869 498//869 497//869
f 478//870 518//870 474//870
f 518//871 515//871 474//871
f 516//872 519//872 470//872
f 519//873 476//873 470//873
f 517//874 520//874 472//874
f 520//875 475//875 472//875
f 481//876 521//876 478//876
f 521//877 518//877 478//877
f 522//878 523//878 477//878
f 523//879 498//879 477//879
f 487//880 522//880 477//880
f 520//881 524//881 475//881
f 524//882 479//882 475//882
f 525//883 513//883 499//883
f 498//884 525//884 499//884
f 485//885 526//885 481//885
f 526//886 521//886 481//886
f 519//887 527//887 476//887
f 527//888 483//888 476//888
f 524//889 528//889 479//889
f 528//890 482//890 479//890
f 486//891 529//891 485//891
f 529//892 526//892 485//892
f 528//893 530//893 482//893
f 530//894 486//894 482//894
f 530//891 529//891 486//891
f 531//895 522//895 487//895
f 489//896 531//896 487//896
f 500//897 502//897 501//897
f 527//898 532//898 483//898
f 532//899 488//899 483//899
f 491//900 533//900 489//900
f 533//901 531//901 489//901
f 532//902 534//902 488//902
f 534//903 490//903 488//903
f 523//904 535//904 498//904
f 535//905 525//905 498//905
f 536//906 513//906 525//906
f 535//907 536//907 525//907
f 493//908 537//908 491//908
f 537//909 533//909 491//909
f 534//910 538//910 490//910
f 538//911 492//911 490//911
f 495//912 539//912 493//912
f 539//913 537//913 493//913
f 540//914 494//914 492//914
f 538//915 540//915 492//915
f 500//916 503//916 502//916
f 494//917 541//917 495//917
f 541//918 539//918 495//918
f 540//919 541//919 494//919
f 523//920 542//920 535//920
f 543//907 536//907 535//907
f 542//921 543//921 535//921
f 544//922 503//922 500//922
f 504//923 544//923 500//923
f 510//862 506//862 511//862
f 545//924 544//924 504//924
f 512//925 545//925 504//925
f 543//906 513//906 536//906
f 510//926 509//926 506//926
f 509//927 546//927 506//927
f 546//928 547//928 506//928
f 547//929 507//929 506//929
f 548//930 545//930 512//930
f 515//931 548//931 512//931
f 522//932 549//932 523//932
f 549//933 542//933 523//933
f 550//934 514//934 513//934
f 551//935 550//935 513//935
f 543//936 551//936 513//936
f 552//937 548//937 515//937
f 518//938 552//938 515//938
f 547//939 553//939 507//939
f 553//940 516//940 507//940
f 554//941 517//941 514//941
f 550//942 554//942 514//942
f 522//932 555//932 549//932
f 555//943 542//943 549//943
f 556//944 552//944 518//944
f 521//945 556//945 518//945
f 557//946 520//946 517//946
f 554//947 557//947 517//947
f 553//948 558//948 516//948
f 558//949 519//949 516//949
f 544//950 559//950 503//950
f 559//951 188//951 503//951
f 544//952 560//952 559//952
f 561//953 188//953 559//953
f 560//954 561//954 559//954
f 561//955 189//955 188//955
f 531//956 562//956 522//956
f 562//957 555//957 522//957
f 563//958 556//958 521//958
f 526//959 563//959 521//959
f 564//960 551//960 543//960
f 542//961 564//961 543//961
f 565//962 524//962 520//962
f 557//963 565//963 520//963
f 566//964 563//964 526//964
f 529//965 566//965 526//965
f 567//966 528//966 524//966
f 565//967 567//967 524//967
f 558//968 568//968 519//968
f 568//969 569//969 519//969
f 569//970 527//970 519//970
f 570//971 566//971 529//971
f 530//972 570//972 529//972
f 571//973 530//973 528//973
f 567//974 571//974 528//974
f 572//975 562//975 531//975
f 533//976 572//976 531//976
f 571//977 570//977 530//977
f 573//978 546//978 509//978
f 508//979 574//979 509//979
f 574//980 575//980 509//980
f 575//981 573//981 509//981
f 224//289 574//289 508//289
f 569//982 576//982 527//982
f 576//983 532//983 527//983
f 537//984 577//984 533//984
f 577//985 572//985 533//985
f 555//986 578//986 542//986
f 578//987 564//987 542//987
f 576//988 579//988 532//988
f 579//989 534//989 532//989
f 539//990 580//990 537//990
f 580//991 577//991 537//991
f 579//992 581//992 534//992
f 581//993 538//993 534//993
f 541//994 582//994 539//994
f 582//995 583//995 539//995
f 583//996 580//996 539//996
f 584//997 540//997 538//997
f 581//998 584//998 538//998
f 540//999 582//999 541//999
f 544//1000 585//1000 560//1000
f 585//1001 561//1001 560//1001
f 584//1002 582//1002 540//1002
f 545//1003 586//1003 544//1003
f 586//1004 585//1004 544//1004
f 562//1005 578//1005 555//1005
f 587//1006 551//1006 564//1006
f 578//1007 587//1007 564//1007
f 588//1008 546//1008 573//1008
f 575//1009 588//1009 573//1009
f 561//1010 190//1010 189//1010
f 224//1011 589//1011 574//1011
f 589//1012 575//1012 574//1012
f 590//1013 546//1013 588//1013
f 575//1014 590//1014 588//1014
f 591//1015 551//1015 587//1015
f 578//1016 592//1016 587//1016
f 592//1017 593//1017 587//1017
f 593//1018 591//1018 587//1018
f 562//1019 594//1019 578//1019
f 594//1020 592//1020 578//1020
f 548//1021 595//1021 545//1021
f 595//1022 586//1022 545//1022
f 561//1023 191//1023 190//1023
f 586//1024 596//1024 585//1024
f 596//1025 561//1025 585//1025
f 568//1026 597//1026 569//1026
f 597//1027 576//1027 569//1027
f 591//1028 598//1028 551//1028
f 598//1029 599//1029 551//1029
f 599//1030 550//1030 551//1030
f 600//1031 598//1031 591//1031
f 593//1032 600//1032 591//1032
f 596//1033 601//1033 561//1033
f 602//1034 191//1034 561//1034
f 601//1035 602//1035 561//1035
f 594//1020 603//1020 592//1020
f 603//1036 593//1036 592//1036
f 552//1037 604//1037 548//1037
f 604//1038 595//1038 548//1038
f 597//1039 605//1039 576//1039
f 605//1040 579//1040 576//1040
f 590//1041 606//1041 546//1041
f 606//1042 607//1042 546//1042
f 607//1043 547//1043 546//1043
f 605//1044 608//1044 579//1044
f 608//1045 581//1045 579//1045
f 599//1046 609//1046 550//1046
f 609//1047 554//1047 550//1047
f 562//1019 603//1019 594//1019
f 584//1048 610//1048 582//1048
f 610//1049 583//1049 582//1049
f 611//1050 584//1050 581//1050
f 608//1051 611//1051 581//1051
f 611//1052 610//1052 584//1052
f 556//1053 612//1053 552//1053
f 612//1054 604//1054 552//1054
f 586//1024 613//1024 596//1024
f 613//1055 601//1055 596//1055
f 607//1056 614//1056 547//1056
f 614//1057 553//1057 547//1057
f 609//1058 615//1058 554//1058
f 615//1059 557//1059 554//1059
f 563//1060 616//1060 556//1060
f 616//1061 612//1061 556//1061
f 617//1062 603//1062 562//1062
f 572//1063 617//1063 562//1063
f 224//1064 575//1064 589//1064
f 603//1065 618//1065 593//1065
f 619//1066 600//1066 593//1066
f 618//1067 620//1067 593//1067
f 620//1068 621//1068 593//1068
f 621//1069 619//1069 593//1069
f 615//1070 622//1070 557//1070
f 622//1071 565//1071 557//1071
f 566//1072 623//1072 563//1072
f 623//1073 616//1073 563//1073
f 624//1074 613//1074 586//1074
f 625//1075 624//1075 586//1075
f 595//1076 625//1076 586//1076
f 614//1077 626//1077 553//1077
f 626//1078 558//1078 553//1078
f 627//1079 575//1079 224//1079
f 223//1080 627//1080 224//1080
f 602//1081 192//1081 191//1081
f 622//1082 628//1082 565//1082
f 628//1083 567//1083 565//1083
f 602//1084 193//1084 192//1084
f 570//1085 629//1085 566//1085
f 629//1086 623//1086 566//1086
f 630//1087 617//1087 572//1087
f 577//1088 630//1088 572//1088
f 628//1089 631//1089 567//1089
f 631//1090 571//1090 567//1090
f 571//1091 632//1091 570//1091
f 632//1092 629//1092 570//1092
f 631//1093 632//1093 571//1093
f 633//1094 601//1094 613//1094
f 624//1095 634//1095 613//1095
f 634//1096 635//1096 613//1096
f 635//1097 633//1097 613//1097
f 626//1098 636//1098 558//1098
f 636//1099 568//1099 558//1099
f 633//1100 602//1100 601//1100
f 637//1101 625//1101 595//1101
f 604//1102 637//1102 595//1102
f 580//1103 638//1103 577//1103
f 638//1104 630//1104 577//1104
f 639//1105 606//1105 590//1105
f 575//1106 639//1106 590//1106
f 640//1107 606//1107 639//1107
f 575//1108 640//1108 639//1108
f 636//1109 641//1109 568//1109
f 641//1110 597//1110 568//1110
f 583//1111 642//1111 580//1111
f 642//1112 638//1112 580//1112
f 643//1113 640//1113 575//1113
f 627//1114 643//1114 575//1114
f 617//1115 618//1115 603//1115
f 644//1116 645//1116 640//1116
f 645//1117 606//1117 640//1117
f 643//1118 646//1118 640//1118
f 646//1119 647//1119 640//1119
f 647//1120 644//1120 640//1120
f 627//1121 646//1121 643//1121
f 648//1122 637//1122 604//1122
f 612//1123 648//1123 604//1123
f 641//1124 649//1124 597//1124
f 649//1125 605//1125 597//1125
f 650//1126 627//1126 223//1126
f 222//1127 650//1127 223//1127
f 651//1128 609//1128 599//1128
f 652//1129 651//1129 599//1129
f 598//1130 652//1130 599//1130
f 617//1131 620//1131 618//1131
f 610//1132 653//1132 583//1132
f 653//1133 642//1133 583//1133
f 645//1134 654//1134 606//1134
f 654//1135 607//1135 606//1135
f 635//1136 602//1136 633//1136
f 649//1137 655//1137 605//1137
f 655//1138 608//1138 605//1138
f 627//1139 647//1139 646//1139
f 656//1140 602//1140 635//1140
f 634//1141 656//1141 635//1141
f 611//1142 657//1142 610//1142
f 657//1143 653//1143 610//1143
f 625//1144 658//1144 624//1144
f 658//1145 634//1145 624//1145
f 655//1146 659//1146 608//1146
f 659//1147 611//1147 608//1147
f 659//1148 657//1148 611//1148
f 619//1149 598//1149 600//1149
f 602//1150 194//1150 193//1150
f 660//1151 648//1151 612//1151
f 616//1152 660//1152 612//1152
f 661//1153 615//1153 609//1153
f 651//1154 661//1154 609//1154
f 625//1155 662//1155 658//1155
f 662//1156 634//1156 658//1156
f 663//1157 620//1157 617//1157
f 630//1158 663//1158 617//1158
f 221//1159 650//1159 222//1159
f 664//1160 195//1160 194//1160
f 602//1161 664//1161 194//1161
f 654//1162 665//1162 607//1162
f 665//1163 614//1163 607//1163
f 666//1164 660//1164 616//1164
f 623//1165 666//1165 616//1165
f 667//1166 622//1166 615//1166
f 661//1167 667//1167 615//1167
f 656//1168 664//1168 602//1168
f 650//1169 668//1169 627//1169
f 668//1170 669//1170 627//1170
f 669//1171 647//1171 627//1171
f 621//1172 598//1172 619//1172
f 670//1173 666//1173 623//1173
f 629//1174 670//1174 623//1174
f 671//1175 628//1175 622//1175
f 667//1176 671//1176 622//1176
f 672//1177 663//1177 630//1177
f 638//1178 672//1178 630//1178
f 637//1179 673//1179 625//1179
f 673//1180 674//1180 625//1180
f 674//1181 662//1181 625//1181
f 665//1182 675//1182 614//1182
f 675//1183 626//1183 614//1183
f 676//1184 670//1184 629//1184
f 632//1185 676//1185 629//1185
f 677//1186 631//1186 628//1186
f 671//1187 677//1187 628//1187
f 220//1188 650//1188 221//1188
f 678//1189 676//1189 632//1189
f 631//1190 678//1190 632//1190
f 677//1191 678//1191 631//1191
f 208//1192 207//1192 664//1192
f 207//1193 195//1193 664//1193
f 656//1194 679//1194 664//1194
f 679//1195 208//1195 664//1195
f 220//1196 219//1196 650//1196
f 219//1197 668//1197 650//1197
f 621//1198 680//1198 598//1198
f 681//1199 652//1199 598//1199
f 680//1200 681//1200 598//1200
f 642//1201 682//1201 638//1201
f 682//1202 672//1202 638//1202
f 675//1203 683//1203 626//1203
f 683//1204 636//1204 626//1204
f 648//1205 684//1205 637//1205
f 684//1206 673//1206 637//1206
f 685//1207 645//1207 644//1207
f 647//1208 685//1208 644//1208
f 674//1209 634//1209 662//1209
f 686//1210 680//1210 621//1210
f 620//1211 687//1211 621//1211
f 687//1212 688//1212 621//1212
f 688//1213 686//1213 621//1213
f 663//1214 687//1214 620//1214
f 653//1215 689//1215 642//1215
f 689//1216 682//1216 642//1216
f 683//1217 690//1217 636//1217
f 690//1218 641//1218 636//1218
f 663//1219 691//1219 687//1219
f 691//1220 688//1220 687//1220
f 681//1221 692//1221 652//1221
f 692//1222 651//1222 652//1222
f 693//1223 645//1223 685//1223
f 694//1224 693//1224 685//1224
f 647//1225 695//1225 685//1225
f 695//1226 694//1226 685//1226
f 696//1227 196//1227 208//1227
f 679//1228 697//1228 208//1228
f 697//1229 696//1229 208//1229
f 698//1230 668//1230 219//1230
f 218//1231 698//1231 219//1231
f 657//1232 699//1232 653//1232
f 699//1233 689//1233 653//1233
f 669//1234 695//1234 647//1234
f 660//1235 700//1235 648//1235
f 700//1236 684//1236 648//1236
f 690//1237 701//1237 641//1237
f 701//1238 649//1238 641//1238
f 702//1239 699//1239 657//1239
f 659//1240 702//1240 657//1240
f 673//1241 703//1241 674//1241
f 703//1242 634//1242 674//1242
f 701//1243 704//1243 649//1243
f 704//1244 655//1244 649//1244
f 703//1245 705//1245 634//1245
f 705//1246 656//1246 634//1246
f 663//1247 706//1247 691//1247
f 706//1248 688//1248 691//1248
f 693//1249 707//1249 645//1249
f 707//1250 654//1250 645//1250
f 708//1251 698//1251 218//1251
f 217//1252 708//1252 218//1252
f 655//1253 709//1253 659//1253
f 709//1254 702//1254 659//1254
f 692//1255 710//1255 651//1255
f 710//1256 661//1256 651//1256
f 704//1257 709//1257 655//1257
f 711//1258 706//1258 663//1258
f 672//1259 711//1259 663//1259
f 666//1260 712//1260 660//1260
f 712//1261 700//1261 660//1261
f 697//1262 196//1262 696//1262
f 710//1263 713//1263 661//1263
f 713//1264 667//1264 661//1264
f 714//1265 680//1265 686//1265
f 715//1266 714//1266 686//1266
f 688//1267 716//1267 686//1267
f 716//1268 715//1268 686//1268
f 673//1269 717//1269 703//1269
f 717//1270 705//1270 703//1270
f 706//1271 716//1271 688//1271
f 670//1272 718//1272 666//1272
f 718//1273 712//1273 666//1273
f 707//1274 719//1274 654//1274
f 719//1275 665//1275 654//1275
f 720//1276 711//1276 672//1276
f 682//1277 720//1277 672//1277
f 713//1278 721//1278 667//1278
f 721//1279 671//1279 667//1279
f 676//1280 722//1280 670//1280
f 722//1281 718//1281 670//1281
f 697//1282 723//1282 196//1282
f 723//1283 197//1283 196//1283
f 213//1284 708//1284 217//1284
f 673//1285 724//1285 717//1285
f 725//1286 705//1286 717//1286
f 724//1287 726//1287 717//1287
f 726//1288 727//1288 717//1288
f 727//1289 725//1289 717//1289
f 728//1290 694//1290 695//1290
f 669//1291 728//1291 695//1291
f 729//1292 656//1292 705//1292
f 725//1293 729//1293 705//1293
f 721//1294 730//1294 671//1294
f 730//1295 677//1295 671//1295
f 731//1296 708//1296 213//1296
f 212//1297 731//1297 213//1297
f 678//1298 732//1298 676//1298
f 732//1299 722//1299 676//1299
f 730//1300 733//1300 677//1300
f 733//1301 678//1301 677//1301
f 719//1302 734//1302 665//1302
f 734//1303 675//1303 665//1303
f 733//1304 732//1304 678//1304
f 735//1305 681//1305 680//1305
f 714//1306 735//1306 680//1306
f 736//1307 724//1307 673//1307
f 737//1308 736//1308 673//1308
f 684//1309 737//1309 673//1309
f 689//1310 738//1310 682//1310
f 738//1311 720//1311 682//1311
f 723//1312 198//1312 197//1312
f 739//1224 693//1224 694//1224
f 728//1313 740//1313 694//1313
f 740//1314 739//1314 694//1314
f 669//1315 740//1315 728//1315
f 741//1316 679//1316 656//1316
f 729//1317 741//1317 656//1317
f 668//1318 742//1318 669//1318
f 742//1319 740//1319 669//1319
f 734//1320 743//1320 675//1320
f 743//1321 683//1321 675//1321
f 699//1322 744//1322 689//1322
f 744//1323 738//1323 689//1323
f 711//1324 745//1324 706//1324
f 745//1325 716//1325 706//1325
f 746//1326 692//1326 681//1326
f 735//1327 746//1327 681//1327
f 747//1328 737//1328 684//1328
f 700//1329 747//1329 684//1329
f 727//1330 741//1330 729//1330
f 725//1331 727//1331 729//1331
f 723//1332 748//1332 198//1332
f 748//1333 199//1333 198//1333
f 211//1297 731//1297 212//1297
f 749//1334 739//1334 740//1334
f 742//1335 749//1335 740//1335
f 206//1336 731//1336 211//1336
f 750//1337 693//1337 739//1337
f 749//1338 750//1338 739//1338
f 743//1339 751//1339 683//1339
f 751//1340 690//1340 683//1340
f 752//1341 744//1341 699//1341
f 702//1342 752//1342 699//1342
f 748//1343 200//1343 199//1343
f 753//1337 693//1337 750//1337
f 749//1344 754//1344 750//1344
f 754//1345 753//1345 750//1345
f 755//1346 697//1346 679//1346
f 741//1347 755//1347 679//1347
f 698//1348 756//1348 668//1348
f 756//1349 742//1349 668//1349
f 745//1350 757//1350 716//1350
f 758//1351 715//1351 716//1351
f 759//1352 758//1352 716//1352
f 757//1353 759//1353 716//1353
f 751//1354 760//1354 690//1354
f 760//1355 701//1355 690//1355
f 761//1356 710//1356 692//1356
f 746//1357 761//1357 692//1357
f 709//1358 762//1358 702//1358
f 762//1359 752//1359 702//1359
f 763//1360 747//1360 700//1360
f 712//1361 763//1361 700//1361
f 736//1362 726//1362 724//1362
f 720//1363 764//1363 711//1363
f 764//1364 757//1364 711//1364
f 757//1365 745//1365 711//1365
f 760//1366 765//1366 701//1366
f 765//1367 704//1367 701//1367
f 704//1368 766//1368 709//1368
f 766//1358 762//1358 709//1358
f 765//1369 766//1369 704//1369
f 767//1370 731//1370 206//1370
f 205//1371 767//1371 206//1371
f 768//1372 723//1372 697//1372
f 755//1373 768//1373 697//1373
f 708//1374 769//1374 698//1374
f 769//1375 756//1375 698//1375
f 770//1376 201//1376 200//1376
f 748//1377 770//1377 200//1377
f 204//1378 767//1378 205//1378
f 726//1379 741//1379 727//1379
f 742//1380 754//1380 749//1380
f 770//1381 202//1381 201//1381
f 758//1382 714//1382 715//1382
f 771//1383 713//1383 710//1383
f 761//1384 771//1384 710//1384
f 772//1385 763//1385 712//1385
f 718//1386 772//1386 712//1386
f 753//1387 773//1387 693//1387
f 773//1388 774//1388 693//1388
f 774//1389 707//1389 693//1389
f 775//1390 748//1390 723//1390
f 768//1391 775//1391 723//1391
f 731//1392 776//1392 708//1392
f 776//1393 769//1393 708//1393
f 777//1394 216//1394 202//1394
f 770//1395 777//1395 202//1395
f 203//1396 767//1396 204//1396
f 215//1397 778//1397 203//1397
f 779//1398 767//1398 203//1398
f 778//1399 779//1399 203//1399
f 214//1397 778//1397 215//1397
f 780//1400 216//1400 777//1400
f 770//1401 780//1401 777//1401
f 780//1402 781//1402 216//1402
f 782//1403 209//1403 216//1403
f 781//1404 782//1404 216//1404
f 783//1405 780//1405 770//1405
f 748//1406 783//1406 770//1406
f 779//1407 731//1407 767//1407
f 775//1408 783//1408 748//1408
f 779//1409 784//1409 731//1409
f 784//1410 785//1410 731//1410
f 785//1411 776//1411 731//1411
f 786//1412 764//1412 720//1412
f 738//1413 786//1413 720//1413
f 210//1414 787//1414 214//1414
f 787//1415 778//1415 214//1415
f 788//1416 789//1416 209//1416
f 790//1416 788//1416 209//1416
f 789//1416 791//1416 209//1416
f 791//1417 787//1417 209//1417
f 787//1416 210//1416 209//1416
f 792//1417 790//1417 209//1417
f 782//1416 792//1416 209//1416
f 793//1418 714//1418 758//1418
f 759//1419 793//1419 758//1419
f 794//1420 721//1420 713//1420
f 771//1421 794//1421 713//1421
f 795//1422 772//1422 718//1422
f 722//1423 795//1423 718//1423
f 796//1424 755//1424 741//1424
f 726//1425 796//1425 741//1425
f 797//1426 754//1426 742//1426
f 756//1427 797//1427 742//1427
f 774//1428 798//1428 707//1428
f 798//1429 719//1429 707//1429
f 799//1430 735//1430 714//1430
f 793//1431 799//1431 714//1431
f 800//1432 730//1432 721//1432
f 794//1433 800//1433 721//1433
f 801//1434 795//1434 722//1434
f 732//1435 801//1435 722//1435
f 737//1436 802//1436 736//1436
f 802//1362 726//1362 736//1362
f 803//1437 733//1437 730//1437
f 800//1438 803//1438 730//1438
f 804//1439 801//1439 732//1439
f 733//1440 804//1440 732//1440
f 803//1441 804//1441 733//1441
f 744//1442 805//1442 738//1442
f 805//1443 786//1443 738//1443
f 806//1444 773//1444 753//1444
f 754//1445 806//1445 753//1445
f 796//1446 807//1446 755//1446
f 807//1447 768//1447 755//1447
f 808//1448 797//1448 756//1448
f 769//1449 808//1449 756//1449
f 809//1450 793//1450 759//1450
f 810//1451 809//1451 759//1451
f 757//1452 811//1452 759//1452
f 811//1453 810//1453 759//1453
f 764//1454 812//1454 757//1454
f 812//1455 811//1455 757//1455
f 798//1456 813//1456 719//1456
f 813//1457 734//1457 719//1457
f 764//1458 814//1458 812//1458
f 814//1459 811//1459 812//1459
f 815//1460 806//1460 754//1460
f 797//1461 815//1461 754//1461
f 799//1462 816//1462 735//1462
f 816//1463 746//1463 735//1463
f 817//1464 802//1464 737//1464
f 747//1465 818//1465 737//1465
f 818//1466 819//1466 737//1466
f 819//1467 817//1467 737//1467
f 820//1468 805//1468 744//1468
f 752//1469 820//1469 744//1469
f 807//1470 821//1470 768//1470
f 821//1471 775//1471 768//1471
f 822//1472 808//1472 769//1472
f 776//1473 822//1473 769//1473
f 802//1474 823//1474 726//1474
f 823//1475 796//1475 726//1475
f 824//1476 773//1476 806//1476
f 825//1477 824//1477 806//1477
f 815//1478 825//1478 806//1478
f 813//1479 826//1479 734//1479
f 826//1480 743//1480 734//1480
f 824//1481 827//1481 773//1481
f 827//1482 774//1482 773//1482
f 821//1483 828//1483 775//1483
f 828//1484 783//1484 775//1484
f 785//1485 822//1485 776//1485
f 829//1486 825//1486 815//1486
f 797//1461 829//1461 815//1461
f 802//1487 817//1487 823//1487
f 817//1488 830//1488 823//1488
f 830//1475 796//1475 823//1475
f 762//1489 831//1489 752//1489
f 831//1490 820//1490 752//1490
f 832//1491 799//1491 793//1491
f 809//1492 832//1492 793//1492
f 786//1493 833//1493 814//1493
f 764//1494 786//1494 814//1494
f 833//1495 811//1495 814//1495
f 816//1496 834//1496 746//1496
f 834//1497 761//1497 746//1497
f 763//1498 835//1498 747//1498
f 835//1499 818//1499 747//1499
f 826//1500 836//1500 743//1500
f 836//1501 751//1501 743//1501
f 817//1502 837//1502 830//1502
f 837//1503 796//1503 830//1503
f 819//1504 837//1504 817//1504
f 766//1505 838//1505 762//1505
f 838//1506 831//1506 762//1506
f 839//1507 809//1507 810//1507
f 811//1508 839//1508 810//1508
f 827//1509 840//1509 774//1509
f 840//1510 798//1510 774//1510
f 836//1511 841//1511 751//1511
f 841//1512 760//1512 751//1512
f 837//1513 842//1513 796//1513
f 842//1514 807//1514 796//1514
f 808//1515 843//1515 797//1515
f 843//1516 844//1516 797//1516
f 844//1461 829//1461 797//1461
f 765//1517 845//1517 766//1517
f 845//1518 838//1518 766//1518
f 846//1519 809//1519 839//1519
f 847//1520 846//1520 839//1520
f 811//1521 847//1521 839//1521
f 841//1522 848//1522 760//1522
f 848//1523 765//1523 760//1523
f 849//1524 850//1524 833//1524
f 786//1525 849//1525 833//1525
f 850//1526 811//1526 833//1526
f 848//1527 845//1527 765//1527
f 834//1528 851//1528 761//1528
f 851//1529 771//1529 761//1529
f 772//1530 852//1530 763//1530
f 852//1531 835//1531 763//1531
f 818//1532 853//1532 819//1532
f 854//1533 837//1533 819//1533
f 853//1534 854//1534 819//1534
f 832//1535 855//1535 799//1535
f 855//1536 816//1536 799//1536
f 856//1417 792//1417 782//1417
f 781//1537 856//1537 782//1537
f 791//1538 778//1538 787//1538
f 844//1486 825//1486 829//1486
f 857//1539 824//1539 825//1539
f 844//1540 857//1540 825//1540
f 831//1541 858//1541 820//1541
f 858//1542 805//1542 820//1542
f 842//1543 859//1543 807//1543
f 859//1544 821//1544 807//1544
f 822//1545 860//1545 808//1545
f 860//1546 843//1546 808//1546
f 840//1547 861//1547 798//1547
f 861//1548 813//1548 798//1548
f 805//1549 849//1549 786//1549
f 862//1416 792//1416 856//1416
f 781//1550 862//1550 856//1550
f 863//1551 778//1551 791//1551
f 789//1552 863//1552 791//1552
f 864//1553 824//1553 857//1553
f 844//1554 864//1554 857//1554
f 851//1555 865//1555 771//1555
f 865//1556 794//1556 771//1556
f 866//1557 867//1557 850//1557
f 849//1558 866//1558 850//1558
f 867//1559 811//1559 850//1559
f 795//1560 868//1560 772//1560
f 868//1561 852//1561 772//1561
f 780//1562 869//1562 781//1562
f 869//1563 862//1563 781//1563
f 863//1564 779//1564 778//1564
f 866//1565 870//1565 867//1565
f 870//1566 811//1566 867//1566
f 871//1567 832//1567 809//1567
f 846//1568 871//1568 809//1568
f 859//1569 872//1569 821//1569
f 872//1570 828//1570 821//1570
f 785//1571 873//1571 822//1571
f 873//1572 860//1572 822//1572
f 838//1573 874//1573 831//1573
f 874//1574 858//1574 831//1574
f 861//1575 875//1575 813//1575
f 875//1576 826//1576 813//1576
f 876//1577 853//1577 818//1577
f 877//1578 876//1578 818//1578
f 835//1579 877//1579 818//1579
f 783//1580 878//1580 780//1580
f 878//1581 869//1581 780//1581
f 863//1582 879//1582 779//1582
f 879//1583 784//1583 779//1583
f 880//1584 834//1584 816//1584
f 855//1585 880//1585 816//1585
f 881//1586 846//1586 847//1586
f 882//1587 881//1587 847//1587
f 811//1588 882//1588 847//1588
f 872//1589 883//1589 828//1589
f 883//1590 884//1590 828//1590
f 884//1591 783//1591 828//1591
f 885//1592 886//1592 785//1592
f 886//1593 873//1593 785//1593
f 784//1594 885//1594 785//1594
f 887//1595 881//1595 882//1595
f 888//1596 887//1596 882//1596
f 811//1597 888//1597 882//1597
f 870//1566 889//1566 811//1566
f 889//1598 890//1598 811//1598
f 890//1599 891//1599 811//1599
f 891//1600 892//1600 811//1600
f 892//1601 893//1601 811//1601
f 893//1602 894//1602 811//1602
f 894//1603 895//1603 811//1603
f 895//1604 896//1604 811//1604
f 896//1605 897//1605 811//1605
f 897//1606 898//1606 811//1606
f 898//1607 899//1607 811//1607
f 899//1608 900//1608 811//1608
f 900//1609 901//1609 811//1609
f 901//1610 902//1610 811//1610
f 902//1611 903//1611 811//1611
f 903//1612 904//1612 811//1612
f 904//1613 905//1613 811//1613
f 905//1613 906//1613 811//1613
f 906//1614 888//1614 811//1614
f 865//1615 907//1615 794//1615
f 907//1616 800//1616 794//1616
f 801//1617 908//1617 795//1617
f 908//1618 868//1618 795//1618
f 884//1619 878//1619 783//1619
f 879//1620 885//1620 784//1620
f 909//1621 889//1621 870//1621
f 866//1622 909//1622 870//1622
f 858//1623 910//1623 805//1623
f 910//1624 849//1624 805//1624
f 911//1625 824//1625 864//1625
f 912//1626 911//1626 864//1626
f 844//1627 912//1627 864//1627
f 845//1628 913//1628 838//1628
f 913//1629 874//1629 838//1629
f 843//1630 912//1630 844//1630
f 804//1631 914//1631 801//1631
f 914//1632 908//1632 801//1632
f 907//1633 915//1633 800//1633
f 915//1634 803//1634 800//1634
f 875//1635 916//1635 826//1635
f 916//1636 836//1636 826//1636
f 854//1637 842//1637 837//1637
f 843//1638 917//1638 912//1638
f 917//1639 911//1639 912//1639
f 876//1640 918//1640 854//1640
f 853//1641 876//1641 854//1641
f 919//1642 842//1642 854//1642
f 918//1643 919//1643 854//1643
f 911//1644 920//1644 824//1644
f 920//1645 921//1645 824//1645
f 921//1646 922//1646 824//1646
f 922//1647 827//1647 824//1647
f 803//1648 923//1648 804//1648
f 923//1649 914//1649 804//1649
f 915//1650 923//1650 803//1650
f 924//1651 871//1651 846//1651
f 881//1652 924//1652 846//1652
f 848//1653 925//1653 845//1653
f 925//1654 913//1654 845//1654
f 916//1655 926//1655 836//1655
f 926//1656 841//1656 836//1656
f 927//1657 877//1657 835//1657
f 852//1658 927//1658 835//1658
f 928//1659 851//1659 834//1659
f 880//1660 928//1660 834//1660
f 909//1661 890//1661 889//1661
f 871//1662 929//1662 832//1662
f 929//1663 855//1663 832//1663
f 930//1664 925//1664 848//1664
f 841//1665 930//1665 848//1665
f 926//1666 930//1666 841//1666
f 931//1416 792//1416 862//1416
f 932//1667 931//1667 862//1667
f 869//1668 932//1668 862//1668
f 788//1669 863//1669 789//1669
f 906//1670 887//1670 888//1670
f 874//1671 933//1671 858//1671
f 933//1672 910//1672 858//1672
f 934//1673 859//1673 842//1673
f 919//1674 934//1674 842//1674
f 935//1675 917//1675 843//1675
f 860//1676 935//1676 843//1676
f 910//1677 866//1677 849//1677
f 936//1678 887//1678 906//1678
f 905//1679 936//1679 906//1679
f 922//1680 937//1680 827//1680
f 937//1681 840//1681 827//1681
f 909//1682 938//1682 890//1682
f 938//1683 891//1683 890//1683
f 939//1684 924//1684 881//1684
f 887//1685 939//1685 881//1685
f 940//1686 927//1686 852//1686
f 868//1687 940//1687 852//1687
f 941//1688 865//1688 851//1688
f 928//1689 941//1689 851//1689
f 942//1690 932//1690 869//1690
f 878//1691 942//1691 869//1691
f 788//1692 943//1692 863//1692
f 943//1693 944//1693 863//1693
f 944//1694 879//1694 863//1694
f 945//1695 872//1695 859//1695
f 946//1696 945//1696 859//1696
f 934//1697 946//1697 859//1697
f 947//1698 935//1698 860//1698
f 948//1699 947//1699 860//1699
f 873//1700 948//1700 860//1700
f 924//1701 949//1701 871//1701
f 949//1702 929//1702 871//1702
f 913//1703 950//1703 874//1703
f 950//1704 933//1704 874//1704
f 951//1705 880//1705 855//1705
f 929//1706 951//1706 855//1706
f 938//1707 892//1707 891//1707
f 937//1708 952//1708 840//1708
f 952//1709 861//1709 840//1709
f 904//1710 936//1710 905//1710
f 953//1711 940//1711 868//1711
f 908//1712 953//1712 868//1712
f 954//1713 893//1713 892//1713
f 938//1714 954//1714 892//1714
f 955//1715 907//1715 865//1715
f 941//1716 955//1716 865//1716
f 956//1717 942//1717 878//1717
f 884//1718 957//1718 878//1718
f 957//1717 958//1717 878//1717
f 958//1719 956//1719 878//1719
f 944//1720 959//1720 879//1720
f 959//1721 960//1721 879//1721
f 960//1721 961//1721 879//1721
f 961//1722 885//1722 879//1722
f 962//1723 936//1723 904//1723
f 903//1724 962//1724 904//1724
f 963//1725 964//1725 872//1725
f 945//1726 963//1726 872//1726
f 964//1727 965//1727 872//1727
f 965//1728 883//1728 872//1728
f 966//1729 948//1729 873//1729
f 886//1730 967//1730 873//1730
f 967//1731 968//1731 873//1731
f 968//1732 966//1732 873//1732
f 910//1733 969//1733 866//1733
f 969//1734 909//1734 866//1734
f 933//1735 969//1735 910//1735
f 883//1736 970//1736 884//1736
f 970//1737 971//1737 884//1737
f 971//1737 957//1737 884//1737
f 961//1738 972//1738 885//1738
f 972//1738 973//1738 885//1738
f 973//1739 886//1739 885//1739
f 965//1740 974//1740 883//1740
f 974//1741 970//1741 883//1741
f 973//1742 975//1742 886//1742
f 975//1743 967//1743 886//1743
f 925//1744 976//1744 913//1744
f 976//1745 950//1745 913//1745
f 977//1746 953//1746 908//1746
f 914//1747 977//1747 908//1747
f 952//1748 978//1748 861//1748
f 978//1749 875//1749 861//1749
f 979//1750 915//1750 907//1750
f 955//1751 979//1751 907//1751
f 980//1752 918//1752 876//1752
f 877//1753 980//1753 876//1753
f 981//1754 939//1754 887//1754
f 936//1755 981//1755 887//1755
f 902//1756 962//1756 903//1756
f 954//1757 894//1757 893//1757
f 982//1758 895//1758 894//1758
f 954//1759 982//1759 894//1759
f 983//1760 977//1760 914//1760
f 923//1761 983//1761 914//1761
f 984//1762 923//1762 915//1762
f 979//1763 984//1763 915//1763
f 939//1764 985//1764 924//1764
f 985//1765 949//1765 924//1765
f 986//1766 962//1766 902//1766
f 901//1767 986//1767 902//1767
f 984//1768 983//1768 923//1768
f 987//1769 928//1769 880//1769
f 951//1770 987//1770 880//1770
f 988//1771 976//1771 925//1771
f 930//1772 988//1772 925//1772
f 978//1773 989//1773 875//1773
f 989//1774 916//1774 875//1774
f 990//1775 951//1775 929//1775
f 949//1776 990//1776 929//1776
f 969//1777 991//1777 909//1777
f 991//1778 938//1778 909//1778
f 900//1779 986//1779 901//1779
f 992//1780 896//1780 895//1780
f 982//1781 992//1781 895//1781
f 993//1416 792//1416 931//1416
f 932//1782 993//1782 931//1782
f 790//1783 943//1783 788//1783
f 994//1784 988//1784 930//1784
f 926//1785 994//1785 930//1785
f 989//1786 995//1786 916//1786
f 995//1787 926//1787 916//1787
f 992//1788 897//1788 896//1788
f 996//1789 986//1789 900//1789
f 899//1790 996//1790 900//1790
f 995//1791 994//1791 926//1791
f 980//1792 919//1792 918//1792
f 917//1793 920//1793 911//1793
f 950//1794 997//1794 933//1794
f 997//1795 969//1795 933//1795
f 898//1796 996//1796 899//1796
f 992//1797 998//1797 897//1797
f 998//1798 898//1798 897//1798
f 998//1799 996//1799 898//1799
f 927//1800 999//1800 877//1800
f 999//1801 1000//1801 877//1801
f 1000//1802 980//1802 877//1802
f 997//1803 991//1803 969//1803
f 1001//1804 981//1804 936//1804
f 962//1805 1001//1805 936//1805
f 1002//1806 921//1806 920//1806
f 917//1807 1002//1807 920//1807
f 790//1808 1003//1808 943//1808
f 1003//1809 944//1809 943//1809
f 942//1810 1004//1810 932//1810
f 1004//1811 993//1811 932//1811
f 956//1812 1004//1812 942//1812
f 1003//1813 959//1813 944//1813
f 1005//1814 941//1814 928//1814
f 987//1815 1005//1815 928//1815
f 980//1816 1006//1816 919//1816
f 1007//1817 1002//1817 917//1817
f 1006//1818 1008//1818 919//1818
f 1008//1819 934//1819 919//1819
f 935//1820 1009//1820 917//1820
f 1009//1821 1007//1821 917//1821
f 1000//1822 1006//1822 980//1822
f 1010//1823 987//1823 951//1823
f 990//1824 1010//1824 951//1824
f 981//1825 1011//1825 939//1825
f 1011//1826 985//1826 939//1826
f 1012//1827 990//1827 949//1827
f 985//1828 1012//1828 949//1828
f 976//1829 1013//1829 950//1829
f 1013//1830 997//1830 950//1830
f 1014//1831 1015//1831 927//1831
f 1015//1832 999//1832 927//1832
f 1016//1833 1014//1833 927//1833
f 940//1834 1016//1834 927//1834
f 1017//1835 1001//1835 962//1835
f 986//1836 1017//1836 962//1836
f 958//1837 1018//1837 956//1837
f 1018//1838 1004//1838 956//1838
f 1003//1839 1019//1839 959//1839
f 1019//1840 960//1840 959//1840
f 957//1841 1018//1841 958//1841
f 1019//1842 961//1842 960//1842
f 991//1843 1020//1843 938//1843
f 1020//1844 954//1844 938//1844
f 1002//1845 1021//1845 921//1845
f 1021//1846 922//1846 921//1846
f 1008//1847 946//1847 934//1847
f 947//1848 1009//1848 935//1848
f 1008//1849 945//1849 946//1849
f 948//1820 1009//1820 947//1820
f 1022//1850 1020//1850 991//1850
f 997//1851 1022//1851 991//1851
f 1023//1852 955//1852 941//1852
f 1005//1853 1023//1853 941//1853
f 971//1854 1024//1854 957//1854
f 1024//1855 1018//1855 957//1855
f 1019//1856 1025//1856 961//1856
f 1025//1857 972//1857 961//1857
f 970//1858 1024//1858 971//1858
f 1025//1859 973//1859 972//1859
f 974//1860 1024//1860 970//1860
f 1025//1861 975//1861 973//1861
f 965//1862 1026//1862 974//1862
f 1026//1863 1024//1863 974//1863
f 1025//1864 1027//1864 975//1864
f 1027//1865 967//1865 975//1865
f 964//1866 1026//1866 965//1866
f 1027//1867 968//1867 967//1867
f 1028//1868 1017//1868 986//1868
f 996//1869 1028//1869 986//1869
f 963//1870 1029//1870 964//1870
f 1029//1871 1026//1871 964//1871
f 1027//1872 1030//1872 968//1872
f 1030//1873 966//1873 968//1873
f 945//1874 1029//1874 963//1874
f 1030//1875 948//1875 966//1875
f 1013//1876 1022//1876 997//1876
f 1008//1877 1029//1877 945//1877
f 1030//1878 1009//1878 948//1878
f 1031//1879 1016//1879 940//1879
f 953//1880 1031//1880 940//1880
f 998//1881 1028//1881 996//1881
f 1032//1882 1033//1882 976//1882
f 988//1883 1032//1883 976//1883
f 1033//1884 1013//1884 976//1884
f 1034//1885 1035//1885 922//1885
f 1021//1886 1034//1886 922//1886
f 1035//1887 1036//1887 922//1887
f 1036//1888 937//1888 922//1888
f 792//1889 1003//1889 790//1889
f 1037//1890 979//1890 955//1890
f 1023//1891 1037//1891 955//1891
f 1001//1892 1038//1892 981//1892
f 1038//1893 1011//1893 981//1893
f 1039//1894 1005//1894 987//1894
f 1010//1895 1039//1895 987//1895
f 1040//1896 792//1896 993//1896
f 1004//1897 1040//1897 993//1897
f 1040//1416 1041//1416 792//1416
f 1041//1416 1042//1416 792//1416
f 1042//1898 1043//1898 792//1898
f 1043//1416 1044//1416 792//1416
f 1044//1899 1003//1899 792//1899
f 1020//1900 1045//1900 954//1900
f 1045//1901 982//1901 954//1901
f 1046//1902 1031//1902 953//1902
f 977//1903 1046//1903 953//1903
f 1007//1904 1021//1904 1002//1904
f 999//1905 1006//1905 1000//1905
f 1047//1906 984//1906 979//1906
f 1037//1907 1047//1907 979//1907
f 1007//1908 1034//1908 1021//1908
f 1048//1909 1010//1909 990//1909
f 1012//1910 1048//1910 990//1910
f 994//1911 1032//1911 988//1911
f 1049//1912 1012//1912 985//1912
f 1011//1913 1049//1913 985//1913
f 1050//1914 1046//1914 977//1914
f 983//1915 1050//1915 977//1915
f 1036//1916 1051//1916 937//1916
f 1051//1917 952//1917 937//1917
f 1052//1918 983//1918 984//1918
f 1047//1919 1052//1919 984//1919
f 1015//1920 1006//1920 999//1920
f 1052//1921 1050//1921 983//1921
f 1017//1922 1053//1922 1001//1922
f 1053//1923 1038//1923 1001//1923
f 1033//1924 1054//1924 1013//1924
f 1054//1925 1022//1925 1013//1925
f 1055//1926 1045//1926 1020//1926
f 1022//1927 1055//1927 1020//1927
f 1054//1928 1055//1928 1022//1928
f 1045//1929 1056//1929 982//1929
f 1056//1930 992//1930 982//1930
f 1057//1931 1023//1931 1005//1931
f 1039//1932 1057//1932 1005//1932
f 1058//1933 1035//1933 1034//1933
f 1007//1904 1058//1904 1034//1904
f 1059//1934 1032//1934 994//1934
f 995//1935 1059//1935 994//1935
f 1051//1936 1060//1936 952//1936
f 1060//1937 978//1937 952//1937
f 1044//1938 1061//1938 1003//1938
f 1061//1939 1062//1939 1003//1939
f 1062//1940 1019//1940 1003//1940
f 1004//1941 1041//1941 1040//1941
f 1063//1942 1041//1942 1004//1942
f 1018//1943 1063//1943 1004//1943
f 1028//1944 1064//1944 1017//1944
f 1064//1945 1053//1945 1017//1945
f 989//1946 1065//1946 995//1946
f 1065//1947 1059//1947 995//1947
f 1056//1948 1066//1948 992//1948
f 1066//1949 998//1949 992//1949
f 1060//1950 1067//1950 978//1950
f 1067//1951 989//1951 978//1951
f 1068//1952 1035//1952 1058//1952
f 1007//1904 1068//1904 1058//1904
f 1014//1953 1006//1953 1015//1953
f 1067//1954 1065//1954 989//1954
f 1059//1955 1069//1955 1032//1955
f 1069//1956 1033//1956 1032//1956
f 998//1957 1070//1957 1028//1957
f 1070//1958 1064//1958 1028//1958
f 1068//1959 1071//1959 1035//1959
f 1071//1960 1036//1960 1035//1960
f 1066//1961 1070//1961 998//1961
f 1072//1962 1049//1962 1011//1962
f 1038//1963 1072//1963 1011//1963
f 1073//1964 1039//1964 1010//1964
f 1048//1965 1073//1965 1010//1965
f 1074//1966 1037//1966 1023//1966
f 1057//1967 1074//1967 1023//1967
f 1075//1968 1056//1968 1045//1968
f 1055//1969 1075//1969 1045//1969
f 1016//1970 1076//1970 1014//1970
f 1076//1971 1006//1971 1014//1971
f 1069//1972 1077//1972 1033//1972
f 1077//1973 1054//1973 1033//1973
f 1062//1974 1078//1974 1019//1974
f 1078//1975 1025//1975 1019//1975
f 1024//1976 1079//1976 1018//1976
f 1079//1977 1063//1977 1018//1977
f 1043//1978 1080//1978 1044//1978
f 1080//1979 1061//1979 1044//1979
f 1081//1980 1069//1980 1059//1980
f 1065//1981 1081//1981 1059//1981
f 1063//1982 1042//1982 1041//1982
f 1082//1983 1083//1983 1036//1983
f 1071//1984 1082//1984 1036//1984
f 1083//1985 1084//1985 1036//1985
f 1084//1986 1051//1986 1036//1986
f 1009//1987 1085//1987 1007//1987
f 1085//1988 1082//1988 1007//1988
f 1082//1989 1071//1989 1007//1989
f 1071//1990 1068//1990 1007//1990
f 1031//1991 1086//1991 1016//1991
f 1086//1992 1087//1992 1016//1992
f 1087//1993 1076//1993 1016//1993
f 1076//1994 1088//1994 1006//1994
f 1088//1995 1089//1995 1006//1995
f 1089//1996 1008//1996 1006//1996
f 1090//1997 1048//1997 1012//1997
f 1049//1998 1090//1998 1012//1998
f 1077//1999 1091//1999 1054//1999
f 1091//2000 1055//2000 1054//2000
f 1091//2001 1075//2001 1055//2001
f 1092//2002 1047//2002 1037//2002
f 1074//2003 1092//2003 1037//2003
f 1093//2004 1072//2004 1038//2004
f 1053//2005 1093//2005 1038//2005
f 1067//2006 1094//2006 1065//2006
f 1094//2007 1081//2007 1065//2007
f 1084//2008 1095//2008 1051//2008
f 1095//2009 1060//2009 1051//2009
f 1078//2010 1096//2010 1025//2010
f 1096//2011 1027//2011 1025//2011
f 1097//2012 1079//2012 1024//2012
f 1026//2013 1097//2013 1024//2013
f 1098//2014 1066//2014 1056//2014
f 1075//2015 1098//2015 1056//2015
f 1030//2016 1099//2016 1009//2016
f 1099//2017 1085//2017 1009//2017
f 1100//2018 1101//2018 1031//2018
f 1101//2019 1086//2019 1031//2019
f 1046//2020 1102//2020 1031//2020
f 1102//2021 1103//2021 1031//2021
f 1103//2022 1100//2022 1031//2022
f 1104//2023 1029//2023 1008//2023
f 1089//2024 1104//2024 1008//2024
f 1060//2025 1105//2025 1067//2025
f 1105//2026 1094//2026 1067//2026
f 1095//2027 1105//2027 1060//2027
f 1087//2028 1088//2028 1076//2028
f 1081//2029 1106//2029 1069//2029
f 1106//2030 1077//2030 1069//2030
f 1096//2031 1107//2031 1027//2031
f 1107//2032 1030//2032 1027//2032
f 1029//2033 1108//2033 1026//2033
f 1108//2034 1097//2034 1026//2034
f 1092//2035 1109//2035 1047//2035
f 1109//2036 1110//2036 1047//2036
f 1110//2037 1052//2037 1047//2037
f 1107//2038 1099//2038 1030//2038
f 1104//2039 1108//2039 1029//2039
f 1086//2040 1088//2040 1087//2040
f 1043//1416 1111//1416 1080//1416
f 1112//2041 1061//2041 1080//2041
f 1111//2042 1112//2042 1080//2042
f 1113//2043 1093//2043 1053//2043
f 1064//2044 1113//2044 1053//2044
f 1050//2045 1114//2045 1046//2045
f 1114//2046 1102//2046 1046//2046
f 1115//2047 1057//2047 1039//2047
f 1073//2048 1115//2048 1039//2048
f 1101//2049 1116//2049 1086//2049
f 1116//2050 1088//2050 1086//2050
f 1117//2051 1070//2051 1066//2051
f 1098//2052 1117//2052 1066//2052
f 1110//2053 1118//2053 1052//2053
f 1118//2054 1050//2054 1052//2054
f 1118//2055 1114//2055 1050//2055
f 1119//2056 1113//2056 1064//2056
f 1070//2057 1119//2057 1064//2057
f 1117//2058 1119//2058 1070//2058
f 1120//2059 1090//2059 1049//2059
f 1072//2060 1120//2060 1049//2060
f 1112//2061 1121//2061 1061//2061
f 1121//2062 1062//2062 1061//2062
f 1122//2063 1042//2063 1063//2063
f 1079//2064 1122//2064 1063//2064
f 1123//2065 1098//2065 1075//2065
f 1091//2066 1123//2066 1075//2066
f 1106//2067 1124//2067 1077//2067
f 1124//2068 1091//2068 1077//2068
f 1125//2069 1106//2069 1081//2069
f 1094//2070 1125//2070 1081//2070
f 1126//2071 1073//2071 1048//2071
f 1090//2072 1126//2072 1048//2072
f 1116//2073 1089//2073 1088//2073
f 1043//1416 1127//1416 1111//1416
f 1128//2074 1112//2074 1111//2074
f 1127//2075 1128//2075 1111//2075
f 1122//2076 1043//2076 1042//2076
f 1129//2077 1127//2077 1043//2077
f 1130//1896 1129//1896 1043//1896
f 1122//2078 1130//2078 1043//2078
f 1124//2079 1123//2079 1091//2079
f 1131//2080 1074//2080 1057//2080
f 1115//2081 1131//2081 1057//2081
f 1132//2082 1120//2082 1072//2082
f 1093//2083 1132//2083 1072//2083
f 1105//2084 1133//2084 1094//2084
f 1133//2085 1125//2085 1094//2085
f 1134//2086 1117//2086 1098//2086
f 1123//2087 1134//2087 1098//2087
f 1121//2088 1135//2088 1062//2088
f 1135//2089 1078//2089 1062//2089
f 1097//2090 1136//2090 1079//2090
f 1136//2091 1122//2091 1079//2091
f 1137//2092 1083//2092 1082//2092
f 1085//2093 1137//2093 1082//2093
f 1138//2094 1083//2094 1137//2094
f 1085//2095 1138//2095 1137//2095
f 1139//2096 1083//2096 1138//2096
f 1085//2093 1139//2093 1138//2093
f 1100//2097 1116//2097 1101//2097
f 1095//2098 1140//2098 1105//2098
f 1140//2099 1133//2099 1105//2099
f 1139//2100 1084//2100 1083//2100
f 1125//2101 1141//2101 1106//2101
f 1141//2102 1124//2102 1106//2102
f 1142//2103 1132//2103 1093//2103
f 1113//2104 1142//2104 1093//2104
f 1143//2105 1119//2105 1117//2105
f 1134//2106 1143//2106 1117//2106
f 1084//2107 1144//2107 1095//2107
f 1144//2108 1140//2108 1095//2108
f 1145//2109 1146//2109 1084//2109
f 1147//2110 1145//2110 1084//2110
f 1139//2111 1147//2111 1084//2111
f 1146//2112 1144//2112 1084//2112
f 1148//2113 1126//2113 1090//2113
f 1120//2114 1148//2114 1090//2114
f 1103//2115 1116//2115 1100//2115
f 1149//2116 1142//2116 1113//2116
f 1119//2117 1149//2117 1113//2117
f 1143//2118 1149//2118 1119//2118
f 1150//2119 1134//2119 1123//2119
f 1124//2120 1150//2120 1123//2120
f 1151//2121 1092//2121 1074//2121
f 1131//2122 1151//2122 1074//2122
f 1152//2123 1115//2123 1073//2123
f 1126//2124 1152//2124 1073//2124
f 1109//2125 1153//2125 1110//2125
f 1153//2126 1118//2126 1110//2126
f 1129//2127 1128//2127 1127//2127
f 1135//2128 1154//2128 1078//2128
f 1154//2129 1096//2129 1078//2129
f 1155//1417 1129//1417 1130//1417
f 1122//2130 1156//2130 1130//2130
f 1156//2131 1155//2131 1130//2131
f 1102//2132 1157//2132 1103//2132
f 1157//2133 1116//2133 1103//2133
f 1158//2134 1136//2134 1097//2134
f 1108//2135 1158//2135 1097//2135
f 1155//2136 1159//2136 1129//2136
f 1159//1416 1160//1416 1129//1416
f 1160//1416 1161//1416 1129//1416
f 1161//1416 1162//1416 1129//1416
f 1162//1896 1163//1896 1129//1896
f 1164//1416 1165//1416 1129//1416
f 1166//2137 1164//2137 1129//2137
f 1163//1416 1166//1416 1129//1416
f 1167//2138 1128//2138 1129//2138
f 1165//2139 1167//2139 1129//2139
f 1099//2140 1168//2140 1085//2140
f 1168//2141 1147//2141 1085//2141
f 1147//2142 1139//2142 1085//2142
f 1128//2143 1169//2143 1112//2143
f 1169//2144 1121//2144 1112//2144
f 1114//2145 1170//2145 1102//2145
f 1170//2146 1157//2146 1102//2146
f 1136//2147 1156//2147 1122//2147
f 1171//2148 1089//2148 1116//2148
f 1172//2149 1171//2149 1116//2149
f 1157//2150 1172//2150 1116//2150
f 1141//2151 1150//2151 1124//2151
f 1153//2152 1173//2152 1118//2152
f 1173//2153 1114//2153 1118//2153
f 1173//2154 1174//2154 1114//2154
f 1174//2155 1170//2155 1114//2155
f 1154//2156 1175//2156 1096//2156
f 1175//2157 1107//2157 1096//2157
f 1170//2158 1172//2158 1157//2158
f 1176//2159 1141//2159 1125//2159
f 1133//2160 1176//2160 1125//2160
f 1107//2161 1177//2161 1099//2161
f 1177//2162 1168//2162 1099//2162
f 1104//2163 1178//2163 1108//2163
f 1178//2164 1158//2164 1108//2164
f 1179//2165 1148//2165 1120//2165
f 1132//2166 1179//2166 1120//2166
f 1156//2167 1159//2167 1155//2167
f 1180//2168 1104//2168 1089//2168
f 1171//2169 1180//2169 1089//2169
f 1175//2170 1177//2170 1107//2170
f 1181//2171 1143//2171 1134//2171
f 1150//2172 1181//2172 1134//2172
f 1151//2173 1182//2173 1092//2173
f 1182//2174 1109//2174 1092//2174
f 1180//2175 1178//2175 1104//2175
f 1164//1417 1183//1417 1165//1417
f 1183//2176 1167//2176 1165//2176
f 1184//2177 1160//2177 1159//2177
f 1156//2178 1184//2178 1159//2178
f 1185//2179 1179//2179 1132//2179
f 1142//2180 1185//2180 1132//2180
f 1186//2181 1149//2181 1143//2181
f 1181//2182 1186//2182 1143//2182
f 1187//2183 1152//2183 1126//2183
f 1148//2184 1187//2184 1126//2184
f 1188//2185 1131//2185 1115//2185
f 1152//2186 1188//2186 1115//2186
f 1168//2187 1145//2187 1147//2187
f 1182//2188 1189//2188 1109//2188
f 1189//2189 1153//2189 1109//2189
f 1169//2190 1190//2190 1121//2190
f 1190//2191 1135//2191 1121//2191
f 1140//2192 1191//2192 1133//2192
f 1191//2193 1176//2193 1133//2193
f 1158//2194 1192//2194 1136//2194
f 1192//2195 1156//2195 1136//2195
f 1193//2196 1181//2196 1150//2196
f 1141//2197 1193//2197 1150//2197
f 1194//2198 1185//2198 1142//2198
f 1149//2199 1194//2199 1142//2199
f 1186//2200 1194//2200 1149//2200
f 1195//2201 1167//2201 1183//2201
f 1164//2202 1195//2202 1183//2202
f 1176//2203 1193//2203 1141//2203
f 1167//2204 1196//2204 1128//2204
f 1196//2205 1169//2205 1128//2205
f 1192//2206 1184//2206 1156//2206
f 1189//2207 1197//2207 1153//2207
f 1197//2208 1198//2208 1153//2208
f 1198//2209 1173//2209 1153//2209
f 1199//2210 1195//2210 1164//2210
f 1166//2211 1199//2211 1164//2211
f 1174//2212 1172//2212 1170//2212
f 1200//2213 1161//2213 1160//2213
f 1184//2214 1200//2214 1160//2214
f 1173//2215 1201//2215 1174//2215
f 1201//2216 1172//2216 1174//2216
f 1198//2217 1202//2217 1173//2217
f 1202//2218 1201//2218 1173//2218
f 1203//2219 1204//2219 1140//2219
f 1144//2220 1203//2220 1140//2220
f 1204//2221 1191//2221 1140//2221
f 1205//2222 1146//2222 1145//2222
f 1168//2223 1205//2223 1145//2223
f 1206//2224 1162//2224 1161//2224
f 1200//2225 1206//2225 1161//2225
f 1207//2226 1187//2226 1148//2226
f 1179//2227 1207//2227 1148//2227
f 1202//2228 1172//2228 1201//2228
f 1163//1898 1208//1898 1166//1898
f 1208//2211 1199//2211 1166//2211
f 1209//2229 1186//2229 1181//2229
f 1193//2230 1209//2230 1181//2230
f 1210//2231 1199//2231 1208//2231
f 1163//2232 1210//2232 1208//2232
f 1190//2233 1211//2233 1135//2233
f 1211//2234 1154//2234 1135//2234
f 1162//2232 1210//2232 1163//2232
f 1206//2235 1210//2235 1162//2235
f 1212//2236 1192//2236 1158//2236
f 1178//2237 1212//2237 1158//2237
f 1213//2238 1151//2238 1131//2238
f 1188//2239 1213//2239 1131//2239
f 1214//2240 1215//2240 1144//2240
f 1215//2241 1216//2241 1144//2241
f 1216//2242 1217//2242 1144//2242
f 1146//2243 1214//2243 1144//2243
f 1217//2244 1203//2244 1144//2244
f 1218//2245 1188//2245 1152//2245
f 1187//2246 1218//2246 1152//2246
f 1219//2247 1207//2247 1179//2247
f 1185//2248 1219//2248 1179//2248
f 1220//2249 1193//2249 1176//2249
f 1191//2250 1220//2250 1176//2250
f 1214//2251 1146//2251 1205//2251
f 1168//2252 1214//2252 1205//2252
f 1221//2253 1194//2253 1186//2253
f 1209//2254 1221//2254 1186//2254
f 1220//2255 1209//2255 1193//2255
f 1215//2256 1214//2256 1168//2256
f 1177//2257 1222//2257 1168//2257
f 1222//2258 1216//2258 1168//2258
f 1216//2259 1215//2259 1168//2259
f 1195//2260 1223//2260 1167//2260
f 1223//2261 1196//2261 1167//2261
f 1192//2262 1224//2262 1184//2262
f 1224//2263 1200//2263 1184//2263
f 1225//2264 1172//2264 1202//2264
f 1198//2265 1225//2265 1202//2265
f 1226//2266 1171//2266 1172//2266
f 1225//2267 1226//2267 1172//2267
f 1211//2268 1227//2268 1154//2268
f 1227//2269 1175//2269 1154//2269
f 1228//2270 1219//2270 1185//2270
f 1194//2271 1228//2271 1185//2271
f 1180//2272 1229//2272 1178//2272
f 1229//2273 1212//2273 1178//2273
f 1221//2274 1228//2274 1194//2274
f 1196//2275 1230//2275 1169//2275
f 1230//2276 1190//2276 1169//2276
f 1212//2277 1224//2277 1192//2277
f 1175//2278 1231//2278 1177//2278
f 1231//2279 1222//2279 1177//2279
f 1232//2280 1180//2280 1171//2280
f 1226//2281 1232//2281 1171//2281
f 1227//2282 1231//2282 1175//2282
f 1232//2283 1229//2283 1180//2283
f 1213//2284 1233//2284 1151//2284
f 1233//2285 1182//2285 1151//2285
f 1197//2286 1225//2286 1198//2286
f 1234//2287 1218//2287 1187//2287
f 1207//2288 1234//2288 1187//2288
f 1199//2289 1235//2289 1195//2289
f 1235//2290 1223//2290 1195//2290
f 1224//2291 1236//2291 1200//2291
f 1236//2292 1206//2292 1200//2292
f 1237//2293 1221//2293 1209//2293
f 1220//2294 1237//2294 1209//2294
f 1238//2295 1239//2295 1191//2295
f 1204//2296 1238//2296 1191//2296
f 1239//2297 1220//2297 1191//2297
f 1240//2298 1213//2298 1188//2298
f 1218//2299 1240//2299 1188//2299
f 1210//2300 1241//2300 1199//2300
f 1241//2301 1235//2301 1199//2301
f 1236//2302 1242//2302 1206//2302
f 1242//2303 1210//2303 1206//2303
f 1239//2304 1237//2304 1220//2304
f 1243//2305 1234//2305 1207//2305
f 1219//2306 1243//2306 1207//2306
f 1230//2307 1244//2307 1190//2307
f 1244//2308 1211//2308 1190//2308
f 1222//2309 1217//2309 1216//2309
f 1189//2310 1225//2310 1197//2310
f 1245//2311 1224//2311 1212//2311
f 1229//2312 1245//2312 1212//2312
f 1242//2313 1241//2313 1210//2313
f 1246//2314 1228//2314 1221//2314
f 1237//2293 1246//2293 1221//2293
f 1247//2315 1248//2315 1182//2315
f 1233//2316 1249//2316 1182//2316
f 1249//2317 1250//2317 1182//2317
f 1250//2318 1247//2318 1182//2318
f 1248//2319 1251//2319 1182//2319
f 1251//2320 1189//2320 1182//2320
f 1223//2321 1252//2321 1196//2321
f 1252//2322 1230//2322 1196//2322
f 1245//2323 1236//2323 1224//2323
f 1253//2324 1243//2324 1219//2324
f 1228//2324 1253//2324 1219//2324
f 1222//2325 1203//2325 1217//2325
f 1246//2326 1253//2326 1228//2326
f 1254//2327 1255//2327 1204//2327
f 1203//2328 1256//2328 1204//2328
f 1256//2329 1254//2329 1204//2329
f 1255//2330 1238//2330 1204//2330
f 1251//2331 1225//2331 1189//2331
f 1222//2332 1256//2332 1203//2332
f 1257//2333 1240//2333 1218//2333
f 1234//2334 1257//2334 1218//2334
f 1248//2286 1225//2286 1251//2286
f 1231//2335 1258//2335 1222//2335
f 1258//2336 1256//2336 1222//2336
f 1244//2337 1259//2337 1211//2337
f 1259//2338 1227//2338 1211//2338
f 1260//2339 1225//2339 1248//2339
f 1247//2340 1260//2340 1248//2340
f 1260//2341 1261//2341 1225//2341
f 1261//2342 1226//2342 1225//2342
f 1232//2343 1262//2343 1229//2343
f 1262//2344 1245//2344 1229//2344
f 1263//2345 1246//2345 1237//2345
f 1239//2346 1263//2346 1237//2346
f 1240//2347 1264//2347 1213//2347
f 1264//2348 1265//2348 1213//2348
f 1265//2349 1266//2349 1213//2349
f 1266//2350 1233//2350 1213//2350
f 1258//2351 1254//2351 1256//2351
f 1235//2352 1267//2352 1223//2352
f 1267//2353 1252//2353 1223//2353
f 1245//2354 1268//2354 1236//2354
f 1268//2355 1242//2355 1236//2355
f 1269//2356 1263//2356 1239//2356
f 1270//2357 1269//2357 1239//2357
f 1238//2358 1271//2358 1239//2358
f 1271//2359 1270//2359 1239//2359
f 1227//2360 1272//2360 1231//2360
f 1272//2361 1258//2361 1231//2361
f 1259//2362 1272//2362 1227//2362
f 1273//2363 1232//2363 1226//2363
f 1261//2364 1273//2364 1226//2364
f 1273//2365 1262//2365 1232//2365
f 1274//2366 1257//2366 1234//2366
f 1243//2367 1274//2367 1234//2367
f 1252//2368 1275//2368 1230//2368
f 1275//2369 1244//2369 1230//2369
f 1262//2370 1268//2370 1245//2370
f 1276//2371 1253//2371 1246//2371
f 1277//2372 1276//2372 1246//2372
f 1263//2373 1277//2373 1246//2373
f 1250//2374 1260//2374 1247//2374
f 1258//2375 1255//2375 1254//2375
f 1258//2376 1238//2376 1255//2376
f 1241//2377 1278//2377 1235//2377
f 1278//2378 1267//2378 1235//2378
f 1268//2379 1279//2379 1242//2379
f 1279//2380 1241//2380 1242//2380
f 1280//2381 1274//2381 1243//2381
f 1253//2382 1280//2382 1243//2382
f 1279//2383 1278//2383 1241//2383
f 1276//2384 1281//2384 1253//2384
f 1281//2384 1282//2384 1253//2384
f 1283//2385 1280//2385 1253//2385
f 1282//2386 1283//2386 1253//2386
f 1249//2387 1260//2387 1250//2387
f 1266//2388 1249//2388 1233//2388
f 1266//2389 1284//2389 1249//2389
f 1284//2390 1260//2390 1249//2390
f 1257//2391 1285//2391 1240//2391
f 1285//2392 1286//2392 1240//2392
f 1286//2393 1264//2393 1240//2393
f 1287//2394 1271//2394 1238//2394
f 1258//2395 1287//2395 1238//2395
f 1265//2396 1284//2396 1266//2396
f 1287//2397 1270//2397 1271//2397
f 1288//2398 1289//2398 1263//2398
f 1289//2399 1277//2399 1263//2399
f 1269//2400 1288//2400 1263//2400
f 1275//2401 1290//2401 1244//2401
f 1290//2402 1259//2402 1244//2402
f 1287//2403 1269//2403 1270//2403
f 1272//2404 1287//2404 1258//2404
f 1273//2405 1291//2405 1262//2405
f 1291//2406 1268//2406 1262//2406
f 1284//2407 1292//2407 1260//2407
f 1292//2408 1261//2408 1260//2408
f 1264//2409 1284//2409 1265//2409
f 1267//2410 1293//2410 1252//2410
f 1293//2411 1275//2411 1252//2411
f 1291//2412 1279//2412 1268//2412
f 1287//2413 1288//2413 1269//2413
f 1286//2409 1284//2409 1264//2409
f 1287//2414 1289//2414 1288//2414
f 1294//2415 1284//2415 1286//2415
f 1285//2416 1294//2416 1286//2416
f 1274//2417 1295//2417 1257//2417
f 1295//2418 1296//2418 1257//2418
f 1296//2419 1285//2419 1257//2419
f 1289//2420 1297//2420 1277//2420
f 1297//2421 1298//2421 1277//2421
f 1298//2422 1276//2422 1277//2422
f 1259//2423 1299//2423 1272//2423
f 1299//2424 1287//2424 1272//2424
f 1290//2425 1299//2425 1259//2425
f 1300//2426 1273//2426 1261//2426
f 1292//2427 1300//2427 1261//2427
f 1300//2428 1291//2428 1273//2428
f 1301//2429 1297//2429 1289//2429
f 1287//2430 1301//2430 1289//2430
f 1296//2431 1294//2431 1285//2431
f 1295//2432 1294//2432 1296//2432
f 1301//2433 1298//2433 1297//2433
f 1301//2434 1276//2434 1298//2434
f 1278//2435 1302//2435 1267//2435
f 1302//2436 1293//2436 1267//2436
f 1291//2437 1303//2437 1279//2437
f 1303//2438 1278//2438 1279//2438
f 1274//2439 1304//2439 1295//2439
f 1305//2440 1294//2440 1295//2440
f 1304//2441 1305//2441 1295//2441
f 1274//2442 1280//2442 1304//2442
f 1280//2443 1305//2443 1304//2443
f 1305//2444 1281//2444 1276//2444
f 1301//2445 1305//2445 1276//2445
f 1283//2446 1305//2446 1280//2446
f 1282//2447 1305//2447 1283//2447
f 1305//2448 1282//2448 1281//2448
f 1303//2449 1302//2449 1278//2449
f 1299//2450 1301//2450 1287//2450
f 1294//2451 1306//2451 1284//2451
f 1306//2452 1292//2452 1284//2452
f 1293//2453 1307//2453 1275//2453
f 1307//2454 1290//2454 1275//2454
f 1300//2455 1303//2455 1291//2455
f 1290//2456 1308//2456 1299//2456
f 1308//2457 1301//2457 1299//2457
f 1309//2458 1300//2458 1292//2458
f 1306//2459 1309//2459 1292//2459
f 1307//2460 1308//2460 1290//2460
f 1309//2461 1303//2461 1300//2461
f 1308//2462 1305//2462 1301//2462
f 1305//2463 1310//2463 1294//2463
f 1310//2464 1306//2464 1294//2464
f 1302//2465 1311//2465 1293//2465
f 1311//2466 1307//2466 1293//2466
f 1309//2467 1302//2467 1303//2467
f 1308//2468 1310//2468 1305//2468
f 1309//2469 1311//2469 1302//2469
f 1307//2470 1310//2470 1308//2470
f 1311//2471 1309//2471 1306//2471
f 1310//2472 1311//2472 1306//2472
f 1311//2473 1310//2473 1307//2473
