# Blender 4.5.0
# www.blender.org
mtllib rl_dg_4_tip.mtl
o l_2_tip
v 0.001500 0.010760 0.000000
v 0.004219 -0.010760 0.000000
v 0.001500 -0.010760 0.000000
v 0.004114 -0.010605 0.001458
v 0.001346 -0.010760 0.000004
v 0.004847 -0.010729 0.000000
v 0.000892 -0.010754 0.000063
v 0.001047 0.010757 0.000034
v 0.000877 -0.010754 0.000067
v 0.000878 0.010753 0.000073
v 0.000455 -0.010742 0.000188
v 0.000604 0.010747 0.000137
v 0.000069 -0.010724 0.000365
v 0.000182 0.010730 0.000305
v 0.004914 -0.010725 0.000000
v 0.004746 -0.010578 0.001504
v 0.005489 -0.010639 0.000001
v 0.005386 -0.010486 0.001543
v 0.004019 -0.010469 0.002698
v 0.000042 -0.010723 0.000378
v 0.004040 -0.010496 0.002487
v 0.000072 0.010724 0.000370
v -0.000339 -0.010698 0.000629
v -0.000208 0.010707 0.000534
v -0.000618 -0.010672 0.000882
v -0.000563 0.010678 0.000821
v -0.000674 -0.010667 0.000933
v -0.000618 0.010672 0.000882
v -0.000963 -0.010629 0.001288
v -0.000867 0.010643 0.001156
v 0.005603 -0.010622 0.000001
v -0.001131 -0.010599 0.001572
v -0.001118 0.010603 0.001535
v 0.006139 -0.010485 0.000001
v 0.006033 -0.010329 0.001577
v -0.001194 -0.010587 0.001679
v -0.001134 0.010599 0.001570
v -0.001362 -0.010540 0.002102
v -0.001309 0.010557 0.001948
v 0.004593 -0.010368 0.003308
v 0.005229 -0.010273 0.003362
v -0.001426 -0.010508 0.002378
v -0.001434 0.010508 0.002376
v -0.001465 -0.010488 0.002546
v -0.001477 -0.010470 0.002698
v 0.005873 -0.010115 0.003410
v 0.006275 -0.010451 0.000001
v 0.003965 -0.010399 0.003246
v 0.003872 -0.010279 0.004194
v -0.001500 -0.010434 0.003000
v -0.001500 0.010434 0.003000
v -0.001496 0.010454 0.002836
v -0.001436 0.010507 0.002384
v 0.006787 -0.010265 0.000001
v 0.006679 -0.010106 0.001603
v -0.001500 -0.009935 0.006453
v 0.003760 -0.010152 0.005062
v 0.003672 -0.010052 0.005741
v 0.005013 -0.010016 0.005224
v 0.004382 -0.010115 0.005147
v 0.006516 -0.009890 0.003449
v 0.005651 -0.009855 0.005292
v 0.006921 -0.010216 0.000001
v 0.007422 -0.009976 0.000001
v 0.007312 -0.009815 0.001621
v 0.003553 -0.009931 0.006453
v 0.004087 -0.009809 0.007019
v 0.004707 -0.009703 0.007126
v 0.006287 -0.009628 0.005351
v 0.007146 -0.009598 0.003478
v 0.005334 -0.009536 0.007224
v 0.007537 -0.009920 0.000001
v -0.001500 -0.009416 0.009097
v 0.003478 -0.009854 0.006903
v 0.003437 -0.009813 0.007149
v 0.003153 -0.009539 0.008548
v 0.008035 -0.009619 0.000000
v 0.007923 -0.009456 0.001629
v 0.006912 -0.009335 0.005399
v 0.005960 -0.009305 0.007310
v 0.007754 -0.009240 0.003497
v 0.003679 -0.009415 0.008985
v 0.004280 -0.009299 0.009128
v 0.005131 -0.009349 0.008209
v 0.006574 -0.009010 0.007382
v 0.008117 -0.009569 0.000000
v 0.007514 -0.008976 0.005433
v 0.008432 -0.009343 0.000000
v 0.003091 -0.009472 0.008832
v 0.003033 -0.009410 0.009095
v 0.008587 -0.009159 0.000354
v 0.008501 -0.009034 0.001629
v 0.008330 -0.008818 0.003504
v -0.001500 -0.008965 0.010748
v 0.002903 -0.009270 0.009691
v 0.002849 -0.009200 0.009933
v 0.002667 -0.008967 0.010740
v 0.003421 -0.009132 0.010107
v 0.004888 -0.009122 0.009260
v 0.005748 -0.009116 0.008312
v 0.008571 -0.009230 0.000000
v 0.007167 -0.008651 0.007439
v 0.004005 -0.009004 0.010269
v 0.008085 -0.008555 0.005453
v 0.008847 -0.008941 0.000000
v 0.008831 -0.008869 0.000912
v 0.003114 -0.008725 0.011374
v 0.005494 -0.008885 0.009378
v 0.004596 -0.008820 0.010418
v 0.006354 -0.008819 0.008399
v 0.009036 -0.008552 0.001618
v 0.008863 -0.008337 0.003500
v 0.008860 -0.008834 0.000979
v 0.003673 -0.008581 0.011552
v 0.007729 -0.008231 0.007478
v 0.002665 -0.008964 0.010748
v -0.001500 -0.008692 0.011530
v -0.001375 -0.008634 0.011680
v 0.002567 -0.008812 0.011181
v 0.008855 -0.008933 0.000000
v 0.009114 -0.008580 0.000711
v 0.009084 -0.008596 0.000000
v 0.006089 -0.008586 0.009479
v 0.005184 -0.008577 0.010550
v 0.009042 -0.008565 0.001451
v 0.004237 -0.008385 0.011713
v 0.006940 -0.008459 0.008469
v 0.008614 -0.008077 0.005459
v 0.002465 -0.008653 0.011630
v 0.002938 -0.008447 0.012078
v -0.001500 -0.008654 0.011625
v -0.001500 -0.008428 0.012106
v 0.002408 -0.008547 0.011878
v -0.000930 -0.008401 0.012223
v -0.000972 -0.008141 0.012732
v 0.009148 -0.008456 0.000000
v 0.009317 -0.008219 0.000502
v 0.006665 -0.008226 0.009561
v 0.005763 -0.008275 0.010662
v 0.003480 -0.008293 0.012260
v 0.009438 -0.008050 0.001683
v 0.009105 -0.008471 0.001616
v 0.004800 -0.008134 0.011855
v 0.008251 -0.007755 0.007500
v 0.002328 -0.008399 0.012222
v 0.009203 -0.008327 0.001869
v 0.007495 -0.008040 0.008520
v 0.009253 -0.008225 0.000000
v 0.002257 -0.008267 0.012532
v 0.002746 -0.008102 0.012823
v -0.001500 -0.008425 0.012112
v -0.001500 -0.008158 0.012549
v -0.000712 -0.008287 0.012489
v -0.000115 -0.007909 0.013233
v -0.000692 -0.008274 0.012514
v 0.004026 -0.008089 0.012425
v 0.009230 -0.008287 0.001941
v 0.009344 -0.007806 0.003483
v 0.003267 -0.007936 0.013007
v 0.009432 -0.007913 0.002538
v 0.005354 -0.007830 0.011974
v 0.006324 -0.007916 0.010753
v -0.000154 -0.007596 0.013722
v 0.002235 -0.008222 0.012621
v 0.007212 -0.007809 0.009622
v 0.009328 -0.007944 0.000000
v 0.009422 -0.007814 0.000301
v 0.002134 -0.008007 0.013052
v 0.009604 -0.007719 0.001490
v -0.001500 -0.008084 0.012644
v -0.001257 -0.007950 0.012927
v 0.004572 -0.007834 0.012568
v 0.002538 -0.007674 0.013605
v 0.002092 -0.007912 0.013228
v 0.003792 -0.007724 0.013171
v -0.001500 -0.007819 0.012981
v 0.009093 -0.007548 0.005450
v 0.009717 -0.007475 0.002650
v 0.008012 -0.007567 0.008552
v -0.001500 -0.007679 0.013119
v -0.001500 -0.007733 0.013067
v -0.000431 -0.007404 0.013887
v 0.009355 -0.007840 0.000000
v 0.003033 -0.007495 0.013786
v 0.005891 -0.007473 0.012068
v 0.006857 -0.007502 0.010820
v 0.009528 -0.007736 0.002822
v 0.002052 -0.007807 0.013403
v 0.000118 -0.007734 0.013531
v 0.009390 -0.007447 0.000000
v 0.009425 -0.007398 0.000125
v 0.005109 -0.007529 0.012687
v 0.004316 -0.007465 0.013312
v 0.009689 -0.007356 0.001301
v 0.009459 -0.007350 0.000247
v 0.007721 -0.007339 0.009661
v 0.002023 -0.007732 0.013530
v 0.009718 -0.007296 0.003459
v 0.009752 -0.007217 0.003574
v 0.008724 -0.007231 0.007503
v 0.000361 -0.007551 0.013840
v 0.000318 -0.007584 0.013787
v 0.001926 -0.007478 0.013954
v 0.000851 -0.007110 0.014484
v 0.000513 -0.007415 0.014039
v 0.003533 -0.007275 0.013945
v 0.009849 -0.007178 0.002470
v -0.001500 -0.007235 0.013515
v -0.001500 -0.007431 0.013365
v -0.000703 -0.007165 0.014017
v 0.001859 -0.007251 0.014276
v 0.002314 -0.007102 0.014467
v 0.000245 -0.007275 0.014215
v 0.008481 -0.007045 0.008563
v 0.009514 -0.006978 0.005427
v 0.005630 -0.007175 0.012778
v 0.004832 -0.007161 0.013428
v 0.006404 -0.007067 0.012135
v 0.007355 -0.007039 0.010861
v 0.002780 -0.006912 0.014634
v 0.009953 -0.006842 0.003606
v 0.004031 -0.007014 0.014080
v 0.009390 0.007447 0.000000
v -0.000029 -0.007084 0.014363
v 0.009915 -0.006858 0.002293
v 0.009686 -0.006982 0.001129
v 0.009735 -0.006903 0.001318
v 0.008184 -0.006823 0.009676
v 0.003248 -0.006687 0.014779
v 0.000635 -0.006913 0.014707
v 0.001794 -0.007033 0.014587
v -0.001500 -0.007042 0.013663
v -0.000958 -0.006884 0.014107
v 0.009142 -0.006666 0.007488
v 0.009766 -0.007185 0.003621
v 0.009805 -0.007073 0.003766
v 0.010054 -0.006583 0.003438
v 0.006129 -0.006776 0.012841
v 0.005334 -0.006812 0.013515
v -0.000297 -0.006851 0.014476
v 0.004523 -0.006712 0.014188
v 0.000900 -0.007057 0.014550
v 0.001783 -0.006979 0.014652
v 0.002196 -0.006707 0.014968
v 0.001759 -0.006864 0.014790
v 0.000364 -0.006725 0.014835
v 0.009950 -0.006650 0.004315
v 0.006885 -0.006616 0.012173
v 0.000974 -0.006977 0.014650
v 0.008896 -0.006485 0.008553
v -0.001500 -0.006774 0.013819
v 0.007810 -0.006532 0.010877
v 0.003716 -0.006426 0.014898
v 0.009423 0.007396 0.000125
v 0.001275 -0.006650 0.015058
v 0.009873 -0.006375 0.005390
v 0.001014 -0.006501 0.015196
v 0.002644 -0.006513 0.015121
v 0.009691 0.006982 0.001137
v 0.009864 -0.006631 0.001906
v -0.001186 -0.006573 0.014152
v -0.000550 -0.006580 0.014549
v 0.001688 -0.006525 0.015199
v 0.001277 -0.006647 0.015061
v 0.009912 -0.006529 0.002125
v 0.009956 -0.006436 0.002326
v 0.010104 -0.006310 0.003270
v 0.000100 -0.006499 0.014929
v 0.010147 -0.006130 0.004539
v 0.008596 -0.006268 0.009668
v 0.005816 -0.006422 0.013571
v 0.005002 -0.006371 0.014266
v 0.006598 -0.006335 0.012874
v -0.001500 -0.006676 0.013877
v 0.000748 -0.006318 0.015303
v 0.004178 -0.006132 0.014990
v 0.001655 -0.006283 0.015450
v 0.002075 -0.006118 0.015599
v 0.003095 -0.006288 0.015251
v -0.001500 -0.006317 0.014027
v 0.009499 -0.006071 0.007455
v 0.009993 -0.006492 0.004496
v 0.001639 -0.006167 0.015570
v 0.001385 -0.006002 0.015656
v 0.009863 0.006630 0.001906
v 0.009912 0.006530 0.002125
v 0.009943 0.006466 0.002264
v 0.010101 0.006031 0.003108
v 0.010114 0.005993 0.003181
v 0.010235 0.005540 0.003953
v 0.010250 0.005465 0.004064
v 0.007328 -0.006126 0.012181
v 0.010219 -0.005916 0.004380
v -0.000151 -0.006240 0.014984
v -0.000379 -0.005956 0.014998
v -0.001381 -0.006241 0.014152
v 0.008217 -0.005989 0.010866
v 0.002503 -0.005925 0.015725
v 0.001125 -0.005833 0.015743
v 0.000486 -0.006102 0.015376
v 0.010039 -0.006324 0.004687
v 0.009252 -0.005893 0.008523
v 0.010101 -0.006032 0.003108
v 0.003545 -0.006031 0.015355
v 0.006271 -0.005994 0.013596
v 0.005464 -0.005994 0.014314
v 0.010097 -0.006109 0.004933
v 0.010139 -0.005909 0.005128
v 0.010166 -0.005751 0.005340
v 0.004630 -0.005806 0.015052
v 0.007032 -0.005858 0.012875
v 0.000943 -0.005715 0.015804
v 0.001122 -0.005831 0.015744
v -0.001500 -0.006276 0.014044
v 0.010254 -0.005693 0.004221
v 0.010111 -0.006003 0.003163
v 0.002933 -0.005706 0.015826
v 0.001741 -0.006069 0.015664
v -0.001500 -0.005984 0.014119
v 0.008951 -0.005685 0.009638
v -0.001500 -0.005894 0.014142
v -0.000578 -0.005657 0.014971
v 0.000238 -0.005858 0.015412
v 0.000011 -0.005592 0.015409
v 0.003990 -0.005746 0.015431
v 0.010228 -0.005737 0.004984
v 0.007726 -0.005604 0.012160
v 0.002073 -0.005702 0.015971
v 0.002028 -0.005751 0.015929
v 0.000871 -0.005644 0.015803
v 0.000867 -0.005640 0.015803
v 0.000636 -0.005412 0.015800
v 0.009793 -0.005454 0.007405
v 0.001910 -0.005435 0.016177
v 0.003362 -0.005462 0.015903
v 0.010226 -0.005581 0.003887
v 0.001628 -0.005283 0.016246
v 0.005066 -0.005449 0.015084
v 0.005902 -0.005585 0.014330
v 0.006694 -0.005534 0.013590
v 0.008569 -0.005418 0.010829
v -0.001500 -0.005881 0.014144
v -0.000190 -0.005313 0.015367
v 0.002248 -0.005465 0.016134
v 0.002182 -0.005555 0.016072
v 0.002430 -0.005391 0.016173
v 0.010287 -0.005548 0.004831
v 0.010170 -0.005758 0.005275
v 0.009547 -0.005282 0.008475
v -0.001500 -0.005496 0.014178
v -0.000743 -0.005352 0.014906
v -0.000867 -0.005061 0.014811
v 0.007425 -0.005351 0.012846
v 0.000630 -0.005406 0.015800
v 0.000400 -0.005179 0.015798
v 0.004425 -0.005432 0.015479
v 0.010183 -0.005697 0.005335
v 0.003787 -0.005193 0.015952
v 0.010213 -0.005552 0.005477
v 0.010298 -0.005311 0.005408
v 0.001347 -0.005106 0.016280
v 0.002847 -0.005185 0.016246
v 0.010261 -0.005408 0.004146
v 0.010315 -0.005353 0.004676
v 0.010249 -0.005463 0.004063
v 0.009246 -0.005081 0.009586
v -0.000360 -0.005029 0.015290
v 0.001076 -0.004907 0.016274
v 0.008076 -0.005056 0.012110
v 0.000329 -0.005108 0.015797
v 0.000393 -0.005172 0.015798
v 0.005483 -0.005066 0.015084
v 0.006311 -0.005147 0.014313
v 0.010228 -0.005462 0.005550
v 0.010344 -0.005150 0.005259
v 0.007080 -0.005048 0.013551
v -0.001500 0.005496 0.014178
v -0.000129 0.004420 0.015550
v -0.000497 0.004747 0.015181
v 0.000206 0.004013 0.015884
v 0.000183 0.004052 0.015861
v -0.000796 0.005011 0.014883
v -0.000867 0.005061 0.014811
v 0.002378 -0.005288 0.016257
v 0.010287 -0.005089 0.005854
v 0.003264 -0.004957 0.016294
v 0.010023 -0.004826 0.007340
v 0.004848 -0.005092 0.015496
v 0.002146 -0.005097 0.016401
v 0.002061 -0.004608 0.016663
v 0.004205 -0.004902 0.015973
v 0.008866 -0.004829 0.010768
v 0.010261 0.005409 0.004146
v 0.010310 0.005153 0.004522
v 0.010311 -0.005155 0.004523
v 0.000820 -0.004693 0.016230
v 0.002426 -0.005208 0.016302
v 0.002414 -0.005228 0.016290
v 0.010315 -0.005136 0.004551
v 0.010366 -0.004985 0.005108
v -0.000796 -0.005011 0.014883
v -0.000497 -0.004747 0.015181
v 0.007773 -0.004821 0.012787
v 0.000038 -0.004670 0.015639
v 0.000203 -0.004919 0.015729
v 0.000209 -0.004928 0.015732
v 0.010357 -0.004840 0.005801
v 0.001760 -0.004459 0.016681
v 0.009778 -0.004659 0.008409
v 0.002648 -0.004836 0.016511
v 0.002361 -0.004735 0.016606
v 0.003677 -0.004710 0.016315
v 0.002693 -0.004761 0.016554
v 0.002800 -0.004642 0.016603
v 0.002735 -0.004676 0.016592
v 0.010377 -0.004700 0.005098
v 0.010392 -0.004710 0.005656
v 0.005877 -0.004660 0.015052
v 0.006689 -0.004686 0.014264
v 0.010361 -0.004813 0.004956
v 0.000588 -0.004468 0.016149
v 0.001466 -0.004292 0.016657
v 0.004610 -0.004590 0.015966
v 0.005252 -0.004729 0.015483
v 0.010294 -0.005033 0.005891
v 0.009480 -0.004466 0.009515
v 0.008375 -0.004492 0.012033
v 0.007426 -0.004540 0.013482
v 0.010303 -0.004961 0.005938
v 0.000030 -0.004659 0.015636
v 0.010344 -0.004629 0.006157
v 0.003208 -0.004438 0.016621
v 0.000384 -0.004239 0.016033
v 0.001186 -0.004112 0.016592
v 0.004083 -0.004445 0.016309
v 0.010405 -0.004308 0.006144
v 0.009104 -0.004229 0.010685
v 0.010366 -0.004395 0.006275
v 0.010189 -0.004196 0.007262
v 0.008074 -0.004275 0.012700
v -0.000129 -0.004420 0.015550
v 0.002418 -0.003869 0.016996
v 0.002732 -0.003970 0.016947
v 0.002801 -0.004542 0.016651
v 0.005636 -0.004346 0.015439
v 0.005001 -0.004260 0.015929
v 0.003612 -0.004218 0.016613
v 0.010414 -0.004323 0.005482
v 0.010429 -0.004215 0.006005
v 0.010402 -0.004441 0.005362
v 0.000929 -0.003922 0.016488
v 0.006243 -0.004235 0.014990
v 0.007030 -0.004207 0.014185
v 0.000200 -0.003996 0.015879
v 0.009947 -0.004034 0.008328
v 0.002977 -0.004184 0.016810
v 0.002099 -0.003750 0.017003
v 0.004479 -0.004162 0.016276
v 0.007727 -0.004018 0.013384
v 0.008621 -0.003918 0.011932
v 0.000700 -0.003729 0.016349
v 0.009653 -0.003850 0.009426
v 0.001785 -0.003616 0.016965
v 0.004011 -0.003983 0.016579
v 0.003163 -0.004049 0.016830
v 0.002999 -0.004128 0.016829
v 0.010372 -0.004331 0.006308
v 0.005374 -0.003914 0.015863
v 0.005995 -0.003946 0.015365
v 0.010383 -0.004204 0.006372
v 0.010434 -0.004023 0.005720
v 0.010424 -0.004016 0.006285
v 0.001485 -0.003471 0.016884
v 0.008324 -0.003721 0.012587
v 0.004862 -0.003865 0.016215
v 0.000489 -0.003524 0.016168
v 0.000353 -0.003800 0.016032
v 0.006578 -0.003795 0.014897
v 0.009286 -0.003628 0.010583
v 0.003562 -0.003849 0.016804
v 0.010454 -0.003653 0.006261
v 0.010438 -0.003703 0.006395
v 0.010439 -0.003954 0.005775
v 0.007332 -0.003716 0.014076
v 0.010391 -0.004084 0.006414
v 0.010410 -0.003790 0.006517
v 0.010412 -0.003751 0.006524
v 0.010294 -0.003573 0.007173
v 0.004339 -0.003414 0.016676
v 0.003955 -0.003637 0.016753
v 0.003031 -0.004049 0.016856
v 0.001206 -0.003319 0.016762
v 0.003236 -0.003539 0.017029
v 0.003138 -0.003783 0.016947
v 0.010056 -0.003416 0.008234
v 0.010416 0.004054 0.005511
v 0.010361 0.004814 0.004956
v 0.010321 0.005100 0.004600
v 0.007983 -0.003489 0.013259
v 0.000485 0.003532 0.016164
v 0.002704 -0.003088 0.017247
v 0.003032 -0.003163 0.017201
v 0.010453 -0.003629 0.005959
v 0.005726 -0.003554 0.015769
v 0.006327 -0.003534 0.015262
v 0.000956 -0.003164 0.016604
v 0.008814 -0.003343 0.011808
v 0.005229 -0.003554 0.016126
v 0.002370 -0.002999 0.017249
v 0.004713 -0.003181 0.016575
v 0.009769 -0.003241 0.009323
v 0.003429 -0.002944 0.017176
v 0.003339 -0.003220 0.017108
v 0.006880 -0.003345 0.014776
v 0.010416 -0.003661 0.006541
v 0.002039 -0.002898 0.017203
v 0.000724 -0.003049 0.016403
v 0.008525 -0.003165 0.012450
v 0.007593 -0.003218 0.013940
v 0.010448 -0.003373 0.006464
v 0.010426 -0.003398 0.006590
v 0.010462 -0.003347 0.006333
v 0.010455 -0.003550 0.005986
v 0.003794 -0.002727 0.017123
v 0.009411 -0.003033 0.010463
v 0.001720 -0.002788 0.017111
v 0.010428 -0.003360 0.006598
v 0.010341 -0.002964 0.007075
v 0.010321 -0.002950 0.007178
v 0.010160 -0.002847 0.007881
v 0.005074 -0.002939 0.016448
v 0.005577 -0.003234 0.016011
v 0.006055 -0.003185 0.015648
v 0.010461 -0.003295 0.006068
v 0.010461 -0.003324 0.006065
v 0.006630 -0.003113 0.015131
v 0.008193 -0.002959 0.013110
v 0.001423 -0.002673 0.016976
v 0.010103 -0.002811 0.008127
v 0.010016 -0.002755 0.008507
v 0.004166 -0.002566 0.017020
v 0.010445 -0.003028 0.006481
v 0.010433 -0.003028 0.006608
v 0.010457 -0.003028 0.006354
v 0.010468 -0.003028 0.006238
v 0.007147 -0.002890 0.014628
v 0.008955 -0.002773 0.011665
v 0.001156 -0.002555 0.016803
v 0.010463 -0.003028 0.006100
v 0.009823 -0.002643 0.009205
v 0.009710 -0.002577 0.009615
v 0.005419 -0.002691 0.016298
v 0.005905 -0.002905 0.015871
v 0.007813 -0.002719 0.013780
v 0.006358 -0.002808 0.015501
v 0.004530 -0.002399 0.016893
v 0.008358 -0.002432 0.012941
v 0.000911 -0.002432 0.016590
v 0.000736 -0.003009 0.016415
v 0.003258 -0.002354 0.017373
v 0.002920 -0.002302 0.017421
v 0.003454 -0.002866 0.017196
v 0.003461 -0.002843 0.017201
v 0.006900 -0.002688 0.014975
v 0.002573 -0.002240 0.017421
v 0.009639 -0.002538 0.009832
v 0.009476 -0.002448 0.010326
v 0.009335 -0.002370 0.010755
v 0.010468 0.003028 0.006227
v 0.010463 0.003028 0.006100
v 0.010468 0.003028 0.006238
v 0.010457 0.003028 0.006354
v 0.010433 0.003028 0.006608
v 0.010388 0.000032 0.006842
v 0.000904 0.002507 0.016582
v 0.000723 0.003009 0.016401
v 0.000614 0.003312 0.016292
v 0.000916 0.002450 0.016594
v 0.002227 -0.002169 0.017371
v 0.004882 -0.002227 0.016745
v 0.005747 -0.002437 0.016125
v 0.006210 -0.002570 0.015707
v 0.001893 -0.002092 0.017273
v 0.007379 -0.002433 0.014456
v 0.010164 0.002848 0.007882
v 0.003574 -0.002393 0.017277
v 0.006634 -0.002428 0.015331
v 0.001581 -0.002010 0.017129
v 0.009025 -0.002205 0.011549
v 0.008977 -0.002179 0.011673
v 0.009043 -0.002214 0.011504
v 0.009891 -0.000076 0.008984
v 0.003681 -0.002041 0.017326
v 0.003655 -0.002049 0.017330
v 0.003645 -0.002105 0.017325
v 0.007992 -0.002223 0.013599
v 0.005222 -0.002051 0.016575
v 0.007138 -0.002261 0.014796
v 0.001300 -0.001927 0.016946
v 0.009636 0.002537 0.009832
v 0.006056 -0.002179 0.015931
v 0.006490 -0.002232 0.015520
v 0.004045 -0.001923 0.017211
v 0.001041 -0.001840 0.016720
v 0.000982 -0.002198 0.016661
v 0.009565 0.000044 0.010081
v 0.005547 -0.001871 0.016386
v 0.007574 -0.001980 0.014263
v 0.008311 -0.001830 0.013058
v 0.008583 -0.001971 0.012543
v 0.008473 -0.001914 0.012750
v 0.006881 -0.002047 0.015138
v 0.004400 -0.001802 0.017075
v 0.009221 0.000091 0.011061
v 0.003416 -0.001558 0.017478
v 0.003070 -0.001526 0.017529
v 0.002712 -0.001487 0.017531
v 0.007344 -0.001838 0.014596
v 0.002355 -0.001443 0.017481
v 0.006344 -0.001920 0.015717
v 0.006745 -0.001894 0.015313
v 0.004746 -0.001677 0.016919
v 0.008131 -0.001737 0.013397
v 0.009027 0.002205 0.011549
v 0.008971 -0.000031 0.011687
v 0.008832 -0.000107 0.012008
v 0.005856 -0.001689 0.016177
v 0.002010 -0.001394 0.017379
v 0.001687 -0.001343 0.017230
v 0.005081 -0.001549 0.016743
v 0.003672 -0.001955 0.017340
v 0.007099 -0.001668 0.014926
v 0.001395 -0.001290 0.017041
v 0.007730 -0.001531 0.014049
v 0.007649 -0.001490 0.014181
v 0.003738 -0.001582 0.017377
v 0.001140 -0.001244 0.016818
v 0.003956 -0.001351 0.017334
v 0.003771 -0.001394 0.017396
v 0.006148 -0.001506 0.015951
v 0.006611 -0.001660 0.015486
v 0.006974 -0.001557 0.015088
v 0.005403 -0.001419 0.016549
v 0.007495 -0.001406 0.014400
v 0.008313 0.001831 0.013059
v 0.008305 -0.000006 0.013085
v 0.004306 -0.001267 0.017193
v 0.007985 0.000126 0.013648
v 0.005711 -0.001288 0.016338
v 0.004648 -0.001181 0.017034
v 0.007261 -0.001278 0.014733
v 0.007287 -0.001293 0.014697
v 0.006421 -0.001323 0.015710
v 0.006855 -0.001401 0.015238
v 0.003780 -0.001340 0.017402
v 0.003511 -0.000774 0.017533
v 0.003159 -0.000759 0.017588
v 0.007076 -0.001143 0.014977
v 0.004979 -0.001094 0.016856
v 0.002795 -0.000740 0.017592
v 0.006003 -0.001156 0.016110
v 0.007496 0.001407 0.014400
v 0.002431 -0.000719 0.017542
v 0.002078 -0.000696 0.017439
v 0.005298 -0.001004 0.016661
v 0.007141 -0.000342 0.014892
v 0.007070 -0.001139 0.014984
v 0.006675 -0.001140 0.015454
v 0.001748 -0.000671 0.017288
v 0.003898 -0.000818 0.017409
v 0.003832 -0.000829 0.017427
v 0.001450 -0.000646 0.017094
v 0.006279 -0.001023 0.015867
v 0.001176 -0.000620 0.016855
v 0.005605 -0.000914 0.016449
v 0.004245 -0.000768 0.017267
v 0.004583 -0.000717 0.017106
v 0.005896 -0.000824 0.016221
v 0.006909 -0.000957 0.015185
v 0.006893 -0.000939 0.015205
v 0.006537 -0.000892 0.015612
v 0.004912 -0.000665 0.016927
v 0.006173 -0.000733 0.015980
v 0.005229 -0.000611 0.016731
v 0.006778 -0.000758 0.015342
v 0.005534 -0.000558 0.016520
v 0.006752 -0.000717 0.015373
v 0.006433 -0.000643 0.015726
v 0.003836 -0.000785 0.017429
v 0.005825 -0.000504 0.016294
v 0.003867 -0.000305 0.017446
v 0.003857 -0.000576 0.017439
v 0.003543 0.000004 0.017550
v 0.003189 0.000004 0.017606
v 0.004212 -0.000286 0.017303
v 0.002823 0.000003 0.017611
v 0.002456 0.000003 0.017562
v 0.006102 -0.000450 0.016054
v 0.002101 0.000003 0.017458
v 0.004549 -0.000267 0.017141
v 0.006679 -0.000550 0.015458
v 0.001768 0.000003 0.017306
v 0.001467 0.000003 0.017111
v 0.004877 -0.000248 0.016963
v 0.001204 -0.000143 0.016883
v 0.006650 -0.000483 0.015492
v 0.006363 -0.000396 0.015802
v 0.005193 -0.000228 0.016767
v 0.003862 -0.000306 0.017442
v 0.005497 -0.000209 0.016556
v 0.005788 -0.000189 0.016330
v 0.006612 -0.000340 0.015534
v 0.006065 -0.000169 0.016092
v 0.006590 -0.000254 0.015560
v 0.006327 -0.000149 0.015841
v 0.007359 0.001335 0.014601
v 0.007248 0.001265 0.014749
v 0.007476 0.001397 0.014429
v 0.007137 0.001195 0.014897
v 0.007125 0.001187 0.014914
v 0.007044 0.001106 0.015016
v 0.006951 0.001012 0.015134
v 0.006885 0.000918 0.015214
v 0.006785 0.000776 0.015334
v 0.006759 0.000721 0.015365
v 0.006669 0.000535 0.015470
v 0.006663 0.000515 0.015476
v 0.006602 0.000301 0.015546
v 0.006593 0.000271 0.015557
v 0.006575 0.000086 0.015577
v 0.006567 0.000004 0.015586
v 0.006578 -0.000128 0.015573
v 0.003868 -0.000004 0.017445
v 0.004210 0.000193 0.017306
v 0.004546 0.000180 0.017145
v 0.004874 0.000167 0.016966
v 0.005190 0.000154 0.016770
v 0.005494 0.000140 0.016559
v 0.005785 0.000127 0.016334
v 0.006062 0.000114 0.016095
v 0.001202 0.000003 0.016881
v 0.008653 0.002008 0.012397
v 0.008622 0.001991 0.012458
v 0.010132 0.002826 0.008035
v 0.010049 0.002777 0.008353
v 0.009792 0.002624 0.009336
v 0.009754 0.002602 0.009458
v 0.008907 0.002142 0.011822
v 0.008289 0.001818 0.013107
v 0.008222 0.001784 0.013236
v 0.003869 0.000004 0.017445
v 0.001181 0.000624 0.016860
v 0.001197 0.000439 0.016876
v 0.001449 0.000651 0.017094
v 0.001748 0.000676 0.017287
v 0.002078 0.000701 0.017439
v 0.002431 0.000724 0.017542
v 0.002795 0.000746 0.017592
v 0.003159 0.000764 0.017588
v 0.003872 0.000192 0.017447
v 0.003872 0.000205 0.017446
v 0.003868 0.000257 0.017445
v 0.003511 0.000779 0.017533
v 0.010292 0.002934 0.007277
v 0.009444 0.002430 0.010443
v 0.006092 0.000398 0.016063
v 0.009051 0.002218 0.011495
v 0.009382 0.002396 0.010610
v 0.005816 0.000445 0.016303
v 0.007735 0.001534 0.014050
v 0.007905 0.001621 0.013766
v 0.005525 0.000493 0.016529
v 0.005220 0.000540 0.016741
v 0.004903 0.000587 0.016936
v 0.004574 0.000633 0.017115
v 0.004236 0.000678 0.017276
v 0.003890 0.000722 0.017418
v 0.003839 0.000729 0.017431
v 0.006158 0.000683 0.015996
v 0.005881 0.000767 0.016237
v 0.005590 0.000851 0.016464
v 0.005284 0.000934 0.016676
v 0.006257 0.000971 0.015890
v 0.004965 0.001017 0.016871
v 0.004634 0.001098 0.017049
v 0.001128 0.001240 0.016806
v 0.004293 0.001177 0.017209
v 0.001395 0.001295 0.017040
v 0.001687 0.001347 0.017230
v 0.003944 0.001255 0.017350
v 0.005981 0.001096 0.016133
v 0.002010 0.001399 0.017378
v 0.006392 0.001267 0.015742
v 0.003825 0.000964 0.017425
v 0.003836 0.000791 0.017430
v 0.002355 0.001448 0.017480
v 0.002712 0.001492 0.017530
v 0.003069 0.001531 0.017529
v 0.005689 0.001220 0.016361
v 0.003416 0.001563 0.017478
v 0.005382 0.001344 0.016572
v 0.006571 0.001592 0.015534
v 0.005061 0.001466 0.016767
v 0.003780 0.001292 0.017401
v 0.006118 0.001440 0.015984
v 0.004726 0.001586 0.016943
v 0.005826 0.001613 0.016211
v 0.004381 0.001703 0.017100
v 0.006691 0.001800 0.015385
v 0.004027 0.001818 0.017237
v 0.006834 0.002000 0.015199
v 0.005517 0.001784 0.016420
v 0.001100 0.001559 0.016779
v 0.001040 0.001848 0.016719
v 0.003739 0.001588 0.017379
v 0.007097 0.002230 0.014853
v 0.006303 0.001834 0.015769
v 0.001298 0.001936 0.016945
v 0.007304 0.001812 0.014651
v 0.005193 0.001953 0.016611
v 0.001580 0.002019 0.017127
v 0.001891 0.002101 0.017271
v 0.007761 0.002090 0.013977
v 0.006013 0.002075 0.015987
v 0.002225 0.002179 0.017369
v 0.004854 0.002120 0.016783
v 0.002570 0.002250 0.017419
v 0.002917 0.002313 0.017419
v 0.003721 0.001716 0.017370
v 0.003677 0.001926 0.017343
v 0.003672 0.001949 0.017339
v 0.003256 0.002365 0.017371
v 0.004503 0.002282 0.016933
v 0.006430 0.002104 0.015604
v 0.005704 0.002315 0.016186
v 0.008162 0.002321 0.013303
v 0.004141 0.002440 0.017062
v 0.005376 0.002552 0.016364
v 0.006584 0.002369 0.015395
v 0.007573 0.002563 0.014164
v 0.008510 0.002520 0.012640
v 0.006146 0.002409 0.015804
v 0.001152 0.002568 0.016800
v 0.003771 0.002592 0.017168
v 0.003576 0.002406 0.017280
v 0.005032 0.002783 0.016520
v 0.006857 0.002650 0.015034
v 0.008814 0.002693 0.011992
v 0.001419 0.002687 0.016972
v 0.005839 0.002710 0.015983
v 0.007990 0.002831 0.013479
v 0.001716 0.002803 0.017107
v 0.006307 0.002737 0.015570
v 0.004673 0.003009 0.016653
v 0.002034 0.002913 0.017198
v 0.009309 0.002975 0.010751
v 0.007347 0.003040 0.014331
v 0.002365 0.003015 0.017244
v 0.004302 0.003226 0.016762
v 0.002699 0.003104 0.017243
v 0.005511 0.003007 0.016139
v 0.008352 0.003058 0.012804
v 0.003026 0.003180 0.017197
v 0.003571 0.002430 0.017277
v 0.003495 0.002702 0.017223
v 0.006586 0.003069 0.015192
v 0.006004 0.003102 0.015722
v 0.009694 0.003197 0.009578
v 0.003920 0.003435 0.016846
v 0.008668 0.003254 0.012141
v 0.005163 0.003297 0.016271
v 0.007774 0.003345 0.013635
v 0.000953 0.003172 0.016601
v 0.003429 0.002939 0.017176
v 0.010000 0.003381 0.008461
v 0.007082 0.003516 0.014473
v 0.006842 0.003312 0.014830
v 0.001203 0.003328 0.016759
v 0.009181 0.003565 0.010876
v 0.005676 0.003460 0.015848
v 0.006283 0.003484 0.015324
v 0.004799 0.003578 0.016378
v 0.001481 0.003480 0.016881
v 0.008146 0.003601 0.012947
v 0.010251 0.003543 0.007379
v 0.001781 0.003626 0.016962
v 0.010426 0.003398 0.006591
v 0.003530 0.003634 0.016905
v 0.003382 0.003105 0.017144
v 0.009577 0.003804 0.009685
v 0.005251 0.003621 0.016083
v 0.004420 0.003848 0.016458
v 0.002095 0.003760 0.016999
v 0.010461 0.003295 0.006067
v 0.010466 0.003322 0.006202
v 0.010462 0.003347 0.006333
v 0.007515 0.003858 0.013765
v 0.008471 0.003819 0.012272
v 0.006540 0.003758 0.014953
v 0.005952 0.003891 0.015430
v 0.002413 0.003879 0.016992
v 0.003336 0.003239 0.017107
v 0.000694 0.003739 0.016343
v 0.002727 0.003980 0.016943
v 0.009890 0.003997 0.008557
v 0.004029 0.004105 0.016512
v 0.003159 0.003744 0.016967
v 0.008997 0.004161 0.010984
v 0.010461 0.003332 0.006063
v 0.004883 0.003939 0.016167
v 0.006780 0.003986 0.014588
v 0.010460 0.003603 0.006126
v 0.010454 0.003653 0.006261
v 0.000923 0.003933 0.016482
v 0.010455 0.003550 0.005986
v 0.007893 0.004142 0.013067
v 0.010425 0.003432 0.006589
v 0.010145 0.004165 0.007469
v 0.010415 0.003661 0.006540
v 0.003629 0.004349 0.016539
v 0.005594 0.004285 0.015506
v 0.005325 0.003809 0.015948
v 0.001180 0.004123 0.016586
v 0.006205 0.004194 0.015047
v 0.007213 0.004364 0.013869
v 0.000381 0.004243 0.016031
v 0.010411 0.003751 0.006521
v 0.010453 0.003631 0.005958
v 0.009402 0.004417 0.009776
v 0.004499 0.004243 0.016223
v 0.008223 0.004383 0.012379
v 0.010439 0.004121 0.005864
v 0.010443 0.003944 0.006148
v 0.004954 0.004146 0.016020
v 0.001459 0.004305 0.016650
v 0.010437 0.003980 0.005757
v 0.003135 0.003801 0.016946
v 0.003135 0.003821 0.016940
v 0.003222 0.004576 0.016540
v 0.010407 0.003846 0.006501
v 0.006442 0.004444 0.014675
v 0.001753 0.004472 0.016674
v 0.003124 0.003828 0.016936
v 0.009720 0.004621 0.008639
v 0.005212 0.004663 0.015553
v 0.008757 0.004756 0.011070
v 0.003025 0.004059 0.016851
v 0.010391 0.004084 0.006414
v 0.004101 0.004531 0.016252
v 0.007592 0.004675 0.013160
v 0.002054 0.004622 0.016656
v 0.005841 0.004616 0.015111
v 0.000585 0.004472 0.016146
v 0.004566 0.004467 0.016063
v 0.010429 0.004215 0.006005
v 0.010381 0.004228 0.006361
v 0.010434 0.004024 0.005721
v 0.002906 0.004339 0.016748
v 0.002353 0.004749 0.016599
v 0.006870 0.004856 0.013944
v 0.009979 0.004794 0.007547
v 0.010414 0.004321 0.005484
v 0.010407 0.004578 0.005511
v 0.000030 0.004659 0.015636
v 0.010376 0.004703 0.005094
v 0.010402 0.004441 0.005361
v 0.003694 0.004802 0.016252
v 0.010392 0.004710 0.005656
v 0.000817 0.004697 0.016227
v 0.007923 0.004939 0.012461
v 0.004809 0.005022 0.015569
v 0.009167 0.005029 0.009850
v 0.010371 0.004331 0.006308
v 0.006071 0.004887 0.014730
v 0.010337 0.004690 0.006121
v 0.010365 0.004394 0.006275
v 0.004163 0.004771 0.016078
v 0.000038 0.004670 0.015639
v 0.000203 0.004919 0.015729
v 0.005449 0.005019 0.015144
v 0.001072 0.004912 0.016271
v 0.002801 0.004543 0.016651
v 0.003279 0.005054 0.016225
v 0.007245 0.005194 0.013225
v 0.008460 0.005340 0.011134
v 0.009488 0.005242 0.008705
v -0.000360 0.005029 0.015290
v 0.010366 0.004985 0.005108
v 0.006489 0.005330 0.013988
v 0.004390 0.005358 0.015555
v 0.000329 0.005108 0.015797
v 0.000209 0.004928 0.015732
v 0.001344 0.005110 0.016276
v 0.003750 0.005055 0.016064
v 0.002812 0.004787 0.016515
v 0.002642 0.004853 0.016505
v 0.002860 0.005285 0.016172
v 0.010344 0.005150 0.005259
v 0.005670 0.005308 0.014754
v 0.009749 0.005421 0.007612
v 0.001624 0.005288 0.016243
v 0.005033 0.005399 0.015146
v -0.000190 0.005313 0.015367
v 0.007574 0.005477 0.012515
v 0.010302 0.004960 0.005937
v 0.000630 0.005406 0.015800
v 0.000400 0.005179 0.015798
v 0.000393 0.005172 0.015798
v 0.001906 0.005440 0.016173
v 0.002631 0.004875 0.016495
v 0.002628 0.004880 0.016492
v 0.008872 0.005630 0.009903
v 0.003957 0.005669 0.015510
v 0.010293 0.005033 0.005887
v 0.003329 0.005318 0.016022
v 0.010315 0.005353 0.004676
v 0.006856 0.005690 0.013259
v 0.002410 0.005231 0.016287
v 0.006073 0.005778 0.014000
v 0.000867 0.005640 0.015803
v 0.000636 0.005412 0.015800
v 0.007860 0.005712 0.011831
v 0.010298 0.005311 0.005408
v 0.010287 0.005548 0.004831
v -0.000743 0.005352 0.014906
v 0.005243 0.005704 0.014746
v 0.004599 0.005753 0.015116
v -0.000578 0.005657 0.014971
v 0.009194 0.005853 0.008754
v 0.010276 0.005164 0.005798
v 0.002904 0.005558 0.015954
v 0.003515 0.005953 0.015437
v -0.001500 0.005613 0.014175
v 0.000011 0.005592 0.015409
v 0.000943 0.005715 0.015804
v 0.000871 0.005644 0.015803
v 0.010228 0.005737 0.004984
v 0.010226 0.005459 0.005547
v 0.000238 0.005858 0.015412
v 0.007178 0.005992 0.012541
v 0.002441 0.005495 0.016093
v 0.002333 0.005354 0.016214
v 0.009455 0.006038 0.007662
v 0.002478 0.005774 0.015860
v 0.001125 0.005833 0.015743
v 0.001122 0.005831 0.015744
v 0.001385 0.006002 0.015656
v 0.005627 0.006197 0.013979
v 0.010189 0.005679 0.005361
v 0.010212 0.005544 0.005476
v -0.000379 0.005956 0.014998
v 0.003069 0.006208 0.015337
v 0.006427 0.006159 0.013262
v 0.008517 0.006211 0.009934
v 0.008108 0.005906 0.011174
v -0.001500 0.005882 0.014137
v -0.001500 0.005989 0.014122
v 0.010254 0.005693 0.004221
v 0.010219 0.005916 0.004380
v 0.002176 0.005558 0.016068
v 0.004149 0.006078 0.015056
v 0.004796 0.006071 0.014707
v 0.000486 0.006102 0.015376
v 0.010142 0.005730 0.005493
v 0.002121 0.005631 0.016017
v 0.002028 0.005752 0.015930
v 0.002006 0.005781 0.015909
v 0.007459 0.006240 0.011849
v 0.010104 0.006310 0.003270
v 0.010147 0.006130 0.004539
v 0.002621 0.006433 0.015210
v -0.000151 0.006240 0.014984
v 0.008838 0.006443 0.008783
v -0.001381 0.006241 0.014152
v -0.001186 0.006573 0.014152
v 0.003690 0.006371 0.014966
v 0.010172 0.005758 0.005282
v 0.006740 0.006476 0.012536
v 0.010054 0.006583 0.003438
v 0.005156 0.006580 0.013927
v 0.007703 0.006445 0.011186
v 0.000748 0.006318 0.015303
v 0.009849 0.006354 0.005543
v 0.010138 0.005910 0.005129
v 0.010078 0.006185 0.004852
v 0.002054 0.005966 0.015743
v 0.004331 0.006405 0.014636
v 0.002176 0.006627 0.015061
v 0.005965 0.006593 0.013233
v 0.001698 0.006105 0.015625
v 0.001014 0.006501 0.015196
v 0.009097 0.006633 0.007694
v 0.008107 0.006764 0.009942
v 0.009953 0.006842 0.003606
v 0.003225 0.006631 0.014849
v -0.001500 0.006003 0.014120
v 0.007013 0.006736 0.011838
v 0.001276 0.006647 0.015060
v 0.001639 0.006167 0.015570
v -0.001500 0.006317 0.014027
v 0.009915 0.006858 0.002293
v 0.004665 0.006925 0.013844
v 0.003856 0.006703 0.014536
v 0.000100 0.006499 0.014929
v 0.010039 0.006326 0.004689
v 0.009944 0.006669 0.004293
v 0.009993 0.006492 0.004497
v 0.006265 0.006922 0.012500
v 0.001712 0.006663 0.015042
v 0.005475 0.006988 0.013173
v 0.002759 0.006857 0.014706
v 0.008423 0.007002 0.008792
v -0.000550 0.006580 0.014549
v 0.007251 0.006949 0.011172
v -0.001500 0.006357 0.014015
v 0.009849 0.007178 0.002470
v 0.000364 0.006725 0.014835
v 0.009490 0.006956 0.005580
v -0.001500 0.006752 0.013837
v 0.003374 0.006965 0.014408
v 0.004162 0.007229 0.013732
v 0.002296 0.007048 0.014540
v 0.008680 0.007196 0.007708
v 0.007645 0.007278 0.009926
v 0.006527 0.007190 0.011799
v -0.000297 0.006851 0.014476
v 0.001269 0.006656 0.015050
v 0.000635 0.006913 0.014707
v -0.000958 0.006884 0.014107
v -0.001500 0.007180 0.013566
v -0.001500 0.006775 0.013823
v 0.004964 0.007339 0.013084
v 0.009717 0.007475 0.002650
v 0.005759 0.007325 0.012435
v 0.001740 0.006787 0.014888
v 0.001814 0.007110 0.014484
v 0.001752 0.006839 0.014823
v 0.009689 0.007356 0.001301
v 0.002892 0.007188 0.014255
v 0.001101 0.006839 0.014822
v 0.009804 0.007073 0.003766
v 0.003652 0.007489 0.013594
v -0.000029 0.007084 0.014363
v 0.006756 0.007410 0.011131
v 0.007955 0.007523 0.008780
v 0.000899 0.007056 0.014549
v 0.009753 0.007217 0.003576
v 0.009756 0.007210 0.003587
v 0.009528 0.007735 0.002823
v 0.009747 0.007232 0.003554
v -0.000703 0.007165 0.014017
v 0.002412 0.007374 0.014080
v 0.009604 0.007719 0.001490
v -0.001500 0.007558 0.013251
v -0.001500 0.007237 0.013519
v 0.000830 0.007131 0.014456
v 0.000245 0.007275 0.014215
v 0.006008 0.007599 0.011732
v 0.004437 0.007644 0.012966
v 0.007138 0.007747 0.009887
v 0.009069 0.007526 0.005603
v 0.003140 0.007706 0.013431
v 0.009422 0.007814 0.000301
v 0.005229 0.007680 0.012342
v 0.008207 0.007720 0.007704
v 0.001842 0.007200 0.014353
v -0.000431 0.007404 0.013887
v 0.001942 0.007520 0.013886
v 0.000513 0.007415 0.014039
v -0.001500 0.007679 0.013121
v 0.009438 0.008050 0.001683
v 0.002633 0.007879 0.013248
v 0.006227 0.007822 0.011064
v 0.009333 0.007794 0.003581
v 0.003903 0.007901 0.012824
v 0.000358 0.007553 0.013837
v -0.000154 0.007596 0.013722
v 0.007440 0.007996 0.008747
v 0.005464 0.007957 0.011638
v 0.004684 0.007985 0.012223
v 0.009317 0.008219 0.000502
v 0.001951 0.007551 0.013840
v 0.002118 0.007971 0.013119
v 0.001980 0.007623 0.013716
v -0.001257 0.007950 0.012927
v -0.000972 0.008141 0.012732
v 0.006594 0.008164 0.009824
v 0.009384 0.007605 0.000000
v 0.009222 0.008300 0.001918
v 0.009432 0.007913 0.002539
v 0.009522 0.007749 0.002803
v 0.003368 0.008109 0.012659
v 0.007686 0.008195 0.007680
v 0.008590 0.008055 0.005611
v 0.000264 0.007624 0.013716
v 0.000118 0.007733 0.013530
v -0.000169 0.007946 0.013166
v 0.005672 0.008181 0.010971
v 0.009330 0.007945 0.000000
v 0.004130 0.008238 0.012080
v -0.001500 0.007731 0.013066
v 0.005098 0.008484 0.010856
v 0.002837 0.008270 0.012475
v 0.009114 0.008580 0.000711
v 0.008062 0.008533 0.005604
v -0.001500 0.007921 0.012862
v 0.006886 0.008414 0.008693
v 0.008852 0.008325 0.003597
v 0.006021 0.008523 0.009740
v 0.002135 0.008007 0.013047
v 0.002284 0.008320 0.012411
v 0.003574 0.008438 0.011917
v -0.001500 0.008082 0.012643
v 0.009321 0.007999 0.000000
v -0.000693 0.008271 0.012513
v -0.001500 0.008227 0.012446
v 0.004514 0.008728 0.010721
v 0.007126 0.008615 0.007638
v 0.009189 0.008386 0.000000
v 0.009042 0.008565 0.001451
v 0.009123 0.008446 0.001662
v 0.009203 0.008328 0.001869
v 0.008319 0.008806 0.003601
v 0.003024 0.008587 0.011736
v -0.000774 0.008322 0.012412
v -0.000792 0.008333 0.012390
v -0.001500 0.008424 0.012103
v 0.006302 0.008774 0.008620
v 0.005429 0.008823 0.009636
v 0.007492 0.008954 0.005583
v 0.009150 0.008456 0.000000
v 0.003929 0.008915 0.010569
v 0.002303 0.008360 0.012331
v 0.002316 0.008383 0.012275
v 0.009032 0.008547 0.001664
v 0.008498 0.009029 0.001675
v 0.002624 0.008896 0.010931
v -0.001500 0.008692 0.011530
v 0.002485 0.008686 0.011541
v 0.002493 0.008701 0.011505
v -0.001500 0.008485 0.011998
v 0.006534 0.008974 0.007579
v -0.001500 0.010286 0.004144
v -0.001500 0.008904 0.010933
v -0.001500 0.009381 0.009247
v -0.001500 0.009799 0.007226
v 0.003350 0.009046 0.010403
v 0.008991 0.008746 0.000000
v 0.004826 0.009062 0.009514
v 0.005698 0.009072 0.008530
v 0.007744 0.009228 0.003594
v 0.008856 0.008839 0.000970
v 0.008587 0.009159 0.000354
v 0.008831 0.008869 0.000912
v 0.008841 0.008936 0.000000
v 0.006890 0.009313 0.005547
v 0.004222 0.009239 0.009378
v 0.005921 0.009270 0.007504
v 0.007920 0.009452 0.001675
v 0.005083 0.009306 0.008424
v 0.002720 0.009040 0.010508
v 0.003624 0.009358 0.009231
v 0.008736 0.009069 0.000000
v 0.007136 0.009586 0.003574
v 0.006266 0.009606 0.005498
v 0.002783 0.009118 0.010224
v 0.002976 0.009353 0.009361
v 0.004466 0.009478 0.008305
v 0.008432 0.009343 0.000000
v 0.005297 0.009501 0.007415
v 0.008033 0.009616 0.000000
v 0.007309 0.009810 0.001666
v 0.003856 0.009589 0.008177
v 0.005630 0.009833 0.005437
v 0.004672 0.009669 0.007314
v 0.006506 0.009878 0.003544
v 0.003001 0.009378 0.009247
v 0.003280 0.009663 0.007940
v 0.003038 0.009416 0.009073
v 0.007859 0.009735 0.000000
v 0.004053 0.009775 0.007203
v 0.004993 0.009995 0.005367
v 0.006675 0.010101 0.001648
v 0.003415 0.009794 0.007225
v 0.005864 0.010103 0.003504
v 0.004363 0.010094 0.005287
v 0.007421 0.009974 0.000000
v 0.003744 0.010132 0.005201
v 0.003557 0.009932 0.006468
v 0.003442 0.009820 0.007083
v 0.007246 0.010069 0.000000
v 0.005220 0.010261 0.003456
v 0.006030 0.010324 0.001622
v 0.004583 0.010356 0.003400
v 0.006786 0.010263 0.000000
v 0.003872 0.010282 0.004144
v 0.003783 0.010174 0.004936
v 0.006607 0.010339 0.000000
v 0.005382 0.010481 0.001588
v 0.004743 0.010573 0.001548
v 0.003960 0.010389 0.003362
v 0.006139 0.010484 0.000000
v 0.005959 0.010540 0.000000
v 0.004110 0.010595 0.001609
v 0.003962 0.010392 0.003339
v 0.005489 0.010636 0.000000
v 0.005267 0.010681 0.000000
v 0.004846 0.010723 0.000000
v 0.004561 0.010752 0.000000
v 0.004117 0.010606 0.001503
v 0.004219 0.010760 0.000000
vn -0.0000 -0.0000 -1.0000
vn -0.0000 -0.9944 0.1058
vn 0.0002 -0.9944 0.1054
vn -0.0258 -0.0000 -0.9997
vn 0.0005 0.0001 -1.0000
vn 0.0494 -0.9928 0.1092
vn 0.0009 -0.9946 0.1042
vn -0.1280 -0.0004 -0.9918
vn -0.0756 0.0004 -0.9971
vn 0.0016 -0.9947 0.1025
vn -0.2759 0.0003 -0.9612
vn -0.2254 0.0004 -0.9743
vn 0.0015 -0.9947 0.1028
vn -0.2759 -0.0004 -0.9612
vn -0.2254 0.0003 -0.9743
vn 0.0017 -0.9948 0.1022
vn -0.4183 -0.0004 -0.9083
vn -0.3700 0.0004 -0.9290
vn 0.0494 -0.9935 0.1030
vn 0.0351 -0.9942 0.1021
vn 0.0008 0.0001 -1.0000
vn 0.1481 -0.9831 0.1076
vn 0.1354 -0.9845 0.1117
vn 0.0029 -0.9946 0.1041
vn -0.0095 -0.9922 0.1247
vn 0.0007 -0.9944 0.1059
vn -0.4183 0.0002 -0.9083
vn -0.5058 0.0002 -0.8626
vn 0.0028 -0.9946 0.1041
vn -0.5511 -0.0004 -0.8345
vn -0.5059 0.0004 -0.8626
vn 0.0025 -0.9945 0.1048
vn -0.6708 -0.0004 -0.7417
vn -0.6303 0.0004 -0.7763
vn -0.6708 -0.0000 -0.7417
vn -0.7402 -0.0000 -0.6723
vn 0.0020 -0.9944 0.1061
vn -0.7752 -0.0004 -0.6317
vn -0.7403 0.0004 -0.6723
vn 0.1482 -0.9831 0.1076
vn 0.0014 -0.9941 0.1082
vn -0.8620 -0.0004 -0.5069
vn -0.8332 0.0004 -0.5530
vn 0.2451 -0.9630 0.1118
vn 0.2275 -0.9667 0.1173
vn 0.0346 -0.9935 0.1082
vn 0.0015 -0.9942 0.1080
vn -0.8619 -0.0002 -0.5071
vn -0.9073 -0.0002 -0.4206
vn 0.0008 -0.9938 0.1113
vn -0.9287 -0.0004 -0.3708
vn -0.9072 0.0004 -0.4206
vn 0.0513 -0.9914 0.1200
vn 0.1355 -0.9827 0.1261
vn 0.1342 -0.9828 0.1265
vn 0.0004 -0.9934 0.1149
vn -0.9742 -0.0004 -0.2259
vn -0.9604 0.0004 -0.2788
vn 0.0004 -0.9934 0.1151
vn -0.9742 -0.0004 -0.2258
vn 0.0375 -0.9909 0.1292
vn 0.0003 -0.9929 0.1191
vn -0.9971 0.0009 -0.0758
vn 0.2272 -0.9648 0.1324
vn 0.2263 -0.9650 0.1327
vn 0.0003 -0.9921 0.1257
vn 0.0003 -0.9921 0.1256
vn 0.0020 -0.9928 0.1195
vn -0.9971 -0.0000 -0.0758
vn -0.9996 -0.0007 -0.0270
vn -0.9603 -0.0023 -0.2788
vn -0.9915 -0.0000 -0.1304
vn -0.0001 -0.0001 -1.0000
vn 0.3392 -0.9336 0.1153
vn 0.3199 -0.9396 0.1215
vn -1.0000 -0.0000 -0.0000
vn -0.0038 -0.9894 0.1451
vn -0.0026 -0.9897 0.1430
vn 0.0375 -0.9909 0.1291
vn 0.1330 -0.9796 0.1504
vn 0.1352 -0.9794 0.1499
vn 0.0534 -0.9885 0.1417
vn 0.3194 -0.9376 0.1376
vn 0.3186 -0.9378 0.1378
vn 0.0373 -0.9879 0.1503
vn 0.2244 -0.9614 0.1591
vn 0.2261 -0.9611 0.1587
vn -0.0006 -0.0002 -1.0000
vn 0.4292 -0.8955 0.1180
vn 0.4114 -0.9029 0.1241
vn 0.0373 -0.9879 0.1502
vn 0.0599 -0.9824 0.1767
vn 0.0466 -0.9846 0.1686
vn 0.1345 -0.9743 0.1807
vn 0.1306 -0.9747 0.1815
vn 0.3163 -0.9339 0.1666
vn 0.3175 -0.9336 0.1663
vn 0.4104 -0.9008 0.1416
vn 0.4100 -0.9010 0.1418
vn 0.0008 -0.9859 0.1674
vn 0.2210 -0.9558 0.1939
vn 0.2241 -0.9552 0.1933
vn 0.4291 -0.8955 0.1180
vn -0.0027 -0.9815 0.1916
vn -0.0031 -0.9813 0.1925
vn 0.0410 -0.9839 0.1738
vn -0.0008 -0.0003 -1.0000
vn 0.5146 -0.8490 0.1199
vn 0.5006 -0.8566 0.1253
vn 0.4072 -0.8969 0.1727
vn 0.4079 -0.8966 0.1725
vn 0.3141 -0.9271 0.2044
vn 0.3119 -0.9278 0.2050
vn 0.4991 -0.8544 0.1443
vn 0.4991 -0.8545 0.1443
vn 0.0464 -0.9785 0.2010
vn 0.0570 -0.9766 0.2072
vn 0.1350 -0.9658 0.2212
vn 0.1261 -0.9668 0.2223
vn 0.1962 -0.9522 0.2343
vn 0.2177 -0.9497 0.2251
vn 0.4030 -0.8898 0.2139
vn 0.4018 -0.8903 0.2143
vn 0.5147 -0.8490 0.1199
vn 0.4957 -0.8503 0.1772
vn 0.4957 -0.8502 0.1771
vn -0.0003 -0.0001 -1.0000
vn 0.5778 -0.8066 0.1245
vn 0.0324 -0.9714 0.2353
vn 0.0014 -0.9734 0.2290
vn 0.3073 -0.9213 0.2382
vn 0.0323 -0.9713 0.2356
vn 0.0014 -0.9734 0.2293
vn 0.6125 -0.7784 0.1373
vn 0.5861 -0.8016 0.1182
vn 0.5840 -0.7986 0.1455
vn 0.5838 -0.7987 0.1455
vn 0.0014 -0.9734 0.2291
vn -0.0053 -0.9611 0.2762
vn -0.0054 -0.9611 0.2763
vn -0.0001 -0.9646 0.2638
vn 0.1214 -0.9553 0.2696
vn 0.0353 -0.9669 0.2527
vn 0.0649 -0.9682 0.2417
vn 0.2180 -0.9424 0.2538
vn 0.3020 -0.9151 0.2673
vn 0.3087 -0.9205 0.2395
vn 0.6285 -0.7677 0.1247
vn 0.4897 -0.8433 0.2215
vn 0.4892 -0.8435 0.2217
vn 0.3956 -0.8835 0.2509
vn 0.2074 -0.9339 0.2912
vn 0.1309 -0.9518 0.2773
vn 0.0290 -0.9586 0.2832
vn 0.5798 -0.7946 0.1800
vn 0.5802 -0.7944 0.1799
vn 0.7188 -0.6874 0.1045
vn 0.0290 -0.9586 0.2833
vn 0.6374 -0.7615 0.1177
vn 0.6946 -0.7161 0.0690
vn 0.0612 -0.9460 0.3183
vn 0.1136 -0.9377 0.3284
vn 0.2936 -0.9040 0.3107
vn 0.2154 -0.9300 0.2977
vn 0.3051 -0.9132 0.2701
vn 0.3891 -0.8769 0.2823
vn 0.3964 -0.8829 0.2517
vn 0.6636 -0.7339 0.1451
vn 0.6372 -0.7617 0.1175
vn 0.6640 -0.7344 0.1407
vn 0.6631 -0.7343 0.1453
vn 0.4817 -0.8364 0.2614
vn 0.1310 -0.9310 0.3407
vn 0.1969 -0.9149 0.3524
vn 0.5725 -0.7878 0.2271
vn 0.5730 -0.7876 0.2269
vn 0.0296 -0.9405 0.3385
vn 0.0001 -0.9431 0.3326
vn 0.0412 -0.9433 0.3294
vn 0.0001 -0.9423 0.3347
vn 0.0295 -0.9405 0.3385
vn -0.0005 -0.9431 0.3326
vn 0.7204 -0.6889 0.0798
vn 0.7358 -0.6739 0.0664
vn 0.8273 -0.5613 -0.0226
vn 0.3791 -0.8653 0.3279
vn 0.3003 -0.8999 0.3162
vn 0.3914 -0.8751 0.2844
vn 0.7273 -0.6852 0.0383
vn 0.7601 -0.6454 0.0750
vn 0.7490 -0.6569 0.0858
vn 0.2120 -0.9073 0.3632
vn 0.2807 -0.8838 0.3743
vn 0.4740 -0.8297 0.2949
vn 0.4820 -0.8362 0.2617
vn 0.6594 -0.7298 0.1808
vn 0.6586 -0.7304 0.1811
vn 0.0295 -0.9405 0.3386
vn -0.0005 -0.9430 0.3327
vn 0.1113 -0.9145 0.3891
vn 0.0464 -0.9250 0.3771
vn -0.0067 -0.9312 0.3646
vn -1.0000 -0.0000 -0.0001
vn -0.0375 -0.9042 0.4254
vn 0.0229 -0.9170 0.3982
vn 0.0005 -0.9192 0.3939
vn 0.5641 -0.7805 0.2694
vn 0.0005 -0.9193 0.3936
vn -0.0194 -0.9027 0.4299
vn -0.0804 -0.8906 0.4476
vn 0.9040 -0.4131 -0.1101
vn 0.8648 -0.5015 -0.0256
vn 0.4625 -0.8179 0.3423
vn 0.3842 -0.8614 0.3322
vn 0.4755 -0.8283 0.2963
vn 0.1912 -0.8897 0.4145
vn 0.1226 -0.9070 0.4029
vn 0.7760 -0.6253 0.0822
vn 0.7489 -0.6571 0.0858
vn 0.8670 -0.4980 -0.0175
vn 0.2932 -0.8759 0.3832
vn 0.3635 -0.8445 0.3933
vn 0.7600 -0.6456 0.0750
vn 0.6502 -0.7240 0.2303
vn 0.6514 -0.7231 0.2299
vn 0.7552 -0.6397 0.1428
vn 0.0005 -0.9191 0.3940
vn 0.6895 -0.7107 0.1393
vn 0.7796 -0.6239 0.0552
vn 0.5554 -0.7737 0.3047
vn 0.5639 -0.7807 0.2693
vn 0.9041 -0.4129 -0.1102
vn 0.0228 -0.9170 0.3981
vn 0.0479 -0.9017 0.4297
vn 0.1057 -0.8918 0.4400
vn -0.0130 -0.9049 0.4254
vn -0.1531 -0.8426 0.5164
vn 0.0005 -0.9193 0.3935
vn -0.0805 -0.8906 0.4476
vn -0.0239 -0.9209 0.3890
vn 0.0063 -0.8937 0.4486
vn 0.0063 -0.8936 0.4487
vn 0.2714 -0.8574 0.4373
vn 0.2009 -0.8818 0.4266
vn 0.6896 -0.7106 0.1394
vn 0.7349 -0.6610 0.1517
vn 0.7318 -0.6573 0.1803
vn 0.7795 -0.6239 0.0552
vn 0.1203 -0.8820 0.4557
vn 0.1831 -0.8657 0.4659
vn -0.0426 -0.8764 0.4797
vn 0.7563 -0.6384 0.1431
vn 0.7993 -0.5926 0.0998
vn 0.3735 -0.8367 0.4005
vn 0.4445 -0.7969 0.4091
vn 0.4661 -0.8145 0.3455
vn -0.0245 -0.8672 0.4974
vn -0.1258 -0.8402 0.5274
vn 0.0308 -0.8912 0.4526
vn -0.0029 -0.8948 0.4464
vn 0.6414 -0.7163 0.2748
vn 0.5424 -0.7621 0.3537
vn 0.5561 -0.7730 0.3054
vn 0.9491 -0.2520 -0.1890
vn 0.9456 -0.3036 -0.1167
vn 0.0307 -0.8912 0.4526
vn -0.0029 -0.8948 0.4465
vn 0.9448 -0.3051 -0.1199
vn 0.8878 -0.4596 -0.0251
vn -1.0000 -0.0002 -0.0005
vn -0.1863 -0.7732 0.6062
vn -0.1808 -0.8207 0.5421
vn -0.1525 -0.8072 0.5702
vn 0.3508 -0.8174 0.4569
vn 0.2794 -0.8495 0.4475
vn 0.0989 -0.8615 0.4979
vn 0.0505 -0.8703 0.4899
vn 0.0445 -0.8749 0.4823
vn 0.1957 -0.8554 0.4796
vn 0.2606 -0.8326 0.4888
vn -1.0000 -0.0003 -0.0005
vn -0.2754 -0.7567 0.5930
vn 0.7308 -0.6585 0.1798
vn 0.7232 -0.6508 0.2313
vn 0.8232 -0.5597 0.0948
vn 0.8954 -0.4453 0.0059
vn 0.6317 -0.7098 0.3116
vn 0.6407 -0.7171 0.2742
vn -0.0000 -0.8803 0.4745
vn -0.2157 -0.6874 0.6935
vn -0.2157 -0.6875 0.6934
vn -0.1834 -0.7785 0.6003
vn -0.2802 -0.7109 0.6451
vn 0.9491 -0.2518 -0.1891
vn 0.1732 -0.8340 0.5238
vn 0.1180 -0.8487 0.5156
vn 0.4520 -0.7898 0.4145
vn 0.5223 -0.7414 0.4214
vn 0.5446 -0.7595 0.3557
vn 0.7564 -0.6383 0.1431
vn 0.8284 -0.5560 0.0672
vn 0.0203 -0.8560 0.5166
vn 0.0001 -0.8612 0.5082
vn 0.0012 -0.8581 0.5135
vn -0.0483 -0.8432 0.5355
vn 0.9672 -0.0851 -0.2392
vn 0.9735 -0.0950 -0.2078
vn 0.3572 -0.8099 0.4653
vn 0.2710 -0.8222 0.5005
vn 0.3376 -0.7922 0.5085
vn 0.4285 -0.7699 0.4730
vn -1.0000 0.0003 0.0004
vn 0.9505 -0.2858 -0.1224
vn 0.9671 -0.1050 -0.2315
vn 0.9719 -0.1032 -0.2118
vn 0.6176 -0.6984 0.3616
vn 0.6318 -0.7097 0.3116
vn 0.0204 -0.8561 0.5164
vn 0.0011 -0.8582 0.5133
vn 0.7991 -0.5792 0.1613
vn 0.7991 -0.5792 0.1612
vn 0.7956 -0.5792 0.1776
vn 0.7217 -0.6528 0.2304
vn 0.7124 -0.6447 0.2774
vn 0.8391 -0.5314 0.1164
vn 0.0012 -0.8616 0.5076
vn -0.0516 -0.8451 0.5322
vn 0.8101 -0.4605 -0.3629
vn -1.0000 0.0004 0.0007
vn 0.0204 -0.8560 0.5165
vn -0.0460 -0.8620 0.5048
vn 0.0139 -0.8299 0.5577
vn 0.0140 -0.8299 0.5577
vn 0.2477 -0.8000 0.5464
vn 0.1895 -0.8207 0.5390
vn 0.9584 -0.2709 -0.0902
vn 0.9133 -0.4072 -0.0038
vn -1.0000 0.0001 0.0001
vn -1.0000 -0.0038 0.0046
vn -0.2945 -0.6926 0.6585
vn -0.3265 -0.6654 0.6713
vn 0.0742 -0.8083 0.5841
vn 0.0368 -0.8284 0.5589
vn 0.0888 -0.8193 0.5664
vn -0.1584 -0.7639 0.6256
vn -0.0586 -0.8142 0.5777
vn -0.0421 -0.8135 0.5800
vn -0.5410 -0.4427 0.7151
vn 0.7021 -0.6384 0.3154
vn 0.7115 -0.6461 0.2764
vn 0.7951 -0.5800 0.1773
vn 0.7873 -0.5721 0.2298
vn 0.4333 -0.7631 0.4796
vn 0.3459 -0.7824 0.5179
vn 0.4130 -0.7447 0.5243
vn 0.5273 -0.7357 0.4251
vn 0.5958 -0.6785 0.4298
vn 0.6186 -0.6970 0.3626
vn 0.1170 -0.8018 0.5860
vn 0.1596 -0.7906 0.5911
vn 0.0042 -0.8175 0.5759
vn 0.8688 -0.4838 0.1058
vn 0.9205 -0.3895 0.0306
vn 0.5032 -0.7151 0.4852
vn 0.3216 -0.7594 0.5656
vn 0.2613 -0.7867 0.5593
vn 0.9625 -0.0000 -0.2713
vn -0.4078 -0.5546 0.7254
vn -0.0380 -0.8108 0.5841
vn -0.2695 -0.6781 0.6838
vn -0.1718 -0.7442 0.6455
vn 0.9624 -0.0000 -0.2718
vn 0.9631 -0.2525 -0.0937
vn 0.9729 -0.0919 -0.2120
vn 0.9797 -0.0939 -0.1771
vn 0.9684 0.0004 -0.2493
vn 0.6869 -0.6278 0.3661
vn 0.7015 -0.6394 0.3148
vn 0.8772 -0.4755 0.0668
vn 0.1839 -0.7724 0.6080
vn 0.2308 -0.7560 0.6125
vn -0.1546 -0.7327 0.6627
vn -0.0650 -0.7779 0.6250
vn 0.0243 -0.8153 0.5786
vn -1.0000 -0.0001 -0.0002
vn -0.3945 -0.5851 0.7085
vn -0.4281 -0.5489 0.7179
vn 0.7855 -0.5751 0.2287
vn 0.7759 -0.5667 0.2772
vn 0.7829 -0.5961 0.1779
vn 0.8772 -0.4755 0.0666
vn 0.8375 -0.5171 0.1764
vn 0.8728 -0.4702 0.1310
vn 0.9700 -0.2355 -0.0607
vn 0.9359 -0.3519 0.0181
vn 0.5064 -0.7096 0.4899
vn 0.4191 -0.7360 0.5316
vn 0.4855 -0.6907 0.5359
vn -0.3763 -0.5745 0.7269
vn -0.2796 -0.6583 0.6989
vn 0.3942 -0.7124 0.5806
vn 0.3323 -0.7469 0.5759
vn -0.0047 -0.7783 0.6279
vn -0.0368 -0.7660 0.6418
vn 0.0459 -0.7646 0.6428
vn 0.0890 -0.7717 0.6297
vn 0.0269 -0.7818 0.6230
vn 0.0459 -0.7645 0.6430
vn -0.1707 -0.7105 0.6827
vn -0.2647 -0.6484 0.7138
vn 0.8375 -0.5172 0.1764
vn 0.5986 -0.6746 0.4320
vn 0.5741 -0.6536 0.4932
vn -0.0054 -0.7698 0.6382
vn -0.0033 -0.7790 0.6270
vn 0.7651 -0.5610 0.3160
vn 0.7748 -0.5689 0.2758
vn -1.0000 0.0002 0.0004
vn -0.4890 -0.4396 0.7534
vn 0.6637 -0.6090 0.4342
vn 0.2510 -0.7379 0.6265
vn 0.3013 -0.7157 0.6300
vn 0.9684 0.0003 -0.2493
vn 0.9666 -0.0002 -0.2565
vn -0.0033 -0.7789 0.6272
vn 0.0143 -0.7680 0.6403
vn 0.8489 -0.4940 0.1878
vn 0.8430 -0.4881 0.2260
vn -0.0368 -0.7661 0.6417
vn -0.0650 -0.7378 0.6719
vn -0.1508 -0.6954 0.7026
vn 0.1557 -0.7420 0.6520
vn 0.1057 -0.7542 0.6481
vn 0.9768 0.0003 -0.2141
vn 0.9665 -0.0003 -0.2566
vn 0.9808 -0.0795 -0.1779
vn -0.4868 -0.4639 0.7402
vn -0.4744 -0.4565 0.7527
vn -0.3830 -0.5565 0.7373
vn 0.0149 -0.7680 0.6403
vn 0.0414 -0.7419 0.6693
vn 0.0138 -0.7681 0.6402
vn 0.9808 -0.0796 -0.1780
vn 0.9862 -0.0828 -0.1435
vn 0.9738 -0.2177 -0.0654
vn -0.2769 -0.6265 0.7286
vn -0.3705 -0.5482 0.7498
vn 0.9128 -0.3933 0.1103
vn 0.9424 -0.3299 0.0558
vn 0.7493 -0.5512 0.3670
vn 0.7642 -0.5630 0.3149
vn 0.4643 -0.6593 0.5914
vn 0.4021 -0.7013 0.5886
vn 0.4897 -0.6835 0.5413
vn 0.5759 -0.6498 0.4961
vn 0.5545 -0.6304 0.5433
vn -1.0000 0.0003 0.0005
vn -0.5097 -0.4333 0.7432
vn -0.1704 -0.6704 0.7222
vn -0.2597 -0.6135 0.7458
vn 0.3175 -0.6984 0.6415
vn 0.3706 -0.6697 0.6436
vn 0.0592 -0.7152 0.6964
vn 0.0411 -0.7265 0.6860
vn 0.0778 -0.7213 0.6882
vn 0.2226 -0.7073 0.6710
vn 0.1701 -0.7242 0.6683
vn -0.5636 -0.3192 0.7619
vn 0.8410 -0.4923 0.2247
vn 0.8312 -0.4837 0.2742
vn 0.8805 -0.4400 0.1762
vn 0.9054 -0.4019 0.1369
vn -0.0367 -0.7141 0.6991
vn -0.0176 -0.7214 0.6922
vn -0.0176 -0.7214 0.6923
vn 0.0016 -0.6780 0.7351
vn -0.1752 -0.6513 0.7383
vn 0.9759 -0.0000 -0.2181
vn 0.9759 -0.0000 -0.2183
vn 0.9829 -0.0009 -0.1839
vn 0.9830 -0.0009 -0.1838
vn 0.9876 -0.0038 -0.1570
vn 0.9907 -0.0074 -0.1358
vn 0.9761 0.0076 -0.2174
vn 0.6646 -0.6075 0.4349
vn 0.6399 -0.5862 0.4968
vn 0.9797 -0.1980 -0.0317
vn 0.9557 -0.2918 0.0389
vn -0.3788 -0.5284 0.7598
vn -0.4790 -0.4228 0.7692
vn -0.4833 -0.4206 0.7678
vn -0.5712 -0.3346 0.7495
vn -0.5546 -0.3249 0.7660
vn 0.7252 -0.5341 0.4345
vn 0.7485 -0.5529 0.3661
vn 0.1088 -0.6991 0.7067
vn 0.1426 -0.6920 0.7077
vn -0.1120 -0.6182 0.7780
vn -0.1375 -0.6136 0.7775
vn -0.2746 -0.5893 0.7598
vn -0.3646 -0.5176 0.7740
vn 0.9053 -0.4020 0.1372
vn 0.8202 -0.4785 0.3136
vn 0.8301 -0.4866 0.2725
vn 0.9829 0.0026 -0.1840
vn 0.9867 -0.0746 -0.1447
vn 0.2891 -0.6676 0.6861
vn 0.2344 -0.6899 0.6849
vn 0.5309 -0.6008 0.5977
vn 0.4697 -0.6503 0.5971
vn 0.5569 -0.6254 0.5466
vn 0.8807 -0.4397 0.1763
vn 0.8952 -0.3927 0.2108
vn 0.8947 -0.4053 0.1878
vn 0.8896 -0.4004 0.2199
vn 0.3828 -0.6541 0.6523
vn 0.4378 -0.6184 0.6527
vn 0.6407 -0.5843 0.4982
vn 0.6189 -0.5646 0.5461
vn 0.9054 -0.4018 0.1371
vn -0.2511 -0.5689 0.7831
vn -0.1318 -0.6076 0.7832
vn -0.1317 -0.6077 0.7832
vn -0.5837 -0.3136 0.7489
vn 0.9828 -0.1808 -0.0381
vn 0.9866 -0.0747 -0.1448
vn 0.9913 -0.0644 -0.1149
vn 0.1694 -0.6690 0.7237
vn 0.2075 -0.6583 0.7235
vn 0.0534 -0.7158 0.6962
vn 0.0299 -0.7120 0.7016
vn -0.6248 -0.1943 0.7562
vn 0.8041 -0.4698 0.3644
vn 0.8190 -0.4816 0.3119
vn -0.6250 -0.1944 0.7561
vn -0.6272 -0.1952 0.7540
vn -0.5626 -0.3044 0.7686
vn -0.3751 -0.4956 0.7834
vn -0.4745 -0.3971 0.7856
vn -0.4563 -0.4057 0.7919
vn -0.1317 -0.6076 0.7832
vn 0.3543 -0.6233 0.6971
vn 0.2984 -0.6512 0.6978
vn 0.9227 -0.3564 0.1471
vn 0.9344 -0.3289 0.1370
vn 0.9598 -0.2727 0.0667
vn 0.7247 -0.5352 0.4340
vn 0.6999 -0.5138 0.4961
vn 0.0813 -0.6630 0.7442
vn 0.0452 -0.6647 0.7457
vn 0.0454 -0.6647 0.7457
vn -0.4145 -0.4094 0.8128
vn -0.4141 -0.4097 0.8128
vn -0.4140 -0.4096 0.8129
vn -0.3178 -0.4453 0.8371
vn 0.8876 -0.4055 0.2185
vn 0.8777 -0.3968 0.2686
vn -0.1308 -0.6026 0.7873
vn -0.0324 -0.6237 0.7810
vn 0.2303 -0.6352 0.7372
vn 0.2720 -0.6204 0.7356
vn 0.9877 0.0003 -0.1564
vn 0.9907 -0.0795 -0.1104
vn -0.1308 -0.6026 0.7872
vn -0.1277 -0.6035 0.7871
vn 0.4463 -0.6054 0.6590
vn 0.5020 -0.5623 0.6571
vn 0.5341 -0.5944 0.6012
vn 0.5936 -0.5372 0.5992
vn 0.6198 -0.5621 0.5476
vn 0.7796 -0.4545 0.4308
vn 0.8028 -0.4732 0.3628
vn -1.0000 0.0006 -0.0026
vn -0.5571 -0.2847 0.7801
vn -0.5454 -0.2914 0.7859
vn 0.1188 -0.6231 0.7731
vn 0.1187 -0.6230 0.7731
vn 0.0915 -0.6338 0.7681
vn 0.1376 -0.6266 0.7671
vn 0.9864 -0.1640 -0.0138
vn 0.9661 -0.2510 0.0602
vn 0.9518 -0.2915 0.0952
vn 0.9241 -0.3476 0.1586
vn -0.6570 -0.0679 0.7508
vn 0.8666 -0.3925 0.3081
vn 0.8766 -0.4006 0.2666
vn -0.6321 -0.1807 0.7535
vn -0.6826 -0.0657 0.7278
vn -0.6873 -0.0589 0.7240
vn 0.6999 -0.5139 0.4960
vn 0.6779 -0.4941 0.5443
vn -0.3885 -0.3831 0.8380
vn -0.3885 -0.3832 0.8380
vn -0.4362 -0.3634 0.8232
vn -0.1282 -0.6034 0.7870
vn -0.1278 -0.6035 0.7871
vn 0.4178 -0.5745 0.7039
vn 0.3613 -0.6084 0.7066
vn 0.9242 -0.3475 0.1586
vn -0.0326 -0.6237 0.7810
vn 0.9377 -0.2774 0.2091
vn 0.2908 -0.5978 0.7470
vn 0.3355 -0.5783 0.7437
vn 0.9461 -0.2928 0.1387
vn 0.9684 -0.2368 0.0785
vn -0.3941 -0.3888 0.8328
vn -0.2200 -0.5056 0.8343
vn 0.1621 -0.6029 0.7812
vn 0.1999 -0.5947 0.7787
vn 0.0479 -0.5924 0.8042
vn 0.8930 -0.3956 0.2146
vn 0.9942 -0.0479 -0.0965
vn 0.9937 -0.0490 -0.1004
vn 0.9879 -0.1541 -0.0162
vn 0.9938 -0.0488 -0.1004
vn 0.8505 -0.3850 0.3583
vn 0.8654 -0.3968 0.3060
vn -0.6277 -0.1688 0.7599
vn -0.6218 -0.1730 0.7639
vn -0.3941 -0.3889 0.8328
vn -0.4117 -0.4073 0.8152
vn -0.3369 -0.4396 0.8326
vn 0.7781 -0.4585 0.4293
vn 0.7534 -0.4371 0.4912
vn -0.5461 -0.2751 0.7913
vn -0.4019 -0.3973 0.8250
vn 0.5074 -0.5525 0.6613
vn 0.5627 -0.5017 0.6570
vn 0.5949 -0.5339 0.6009
vn 0.9912 -0.0000 -0.1327
vn 0.0482 -0.5924 0.8042
vn 0.9208 -0.3242 0.2170
vn 0.9444 -0.2849 0.1641
vn 0.9899 -0.1420 -0.0006
vn 0.9741 -0.2151 0.0694
vn 0.6513 -0.4694 0.5962
vn 0.6778 -0.4946 0.5440
vn -0.7071 -0.0000 0.7071
vn -0.7070 -0.0000 0.7072
vn 0.0739 -0.6039 0.7936
vn 0.0482 -0.5923 0.8043
vn 0.9912 -0.0000 -0.1326
vn 0.9207 -0.3243 0.2170
vn 0.9444 -0.2850 0.1640
vn 0.2210 -0.5707 0.7909
vn 0.2619 -0.5593 0.7865
vn 0.9233 -0.3149 0.2200
vn 0.9151 -0.3078 0.2605
vn 0.4789 -0.5215 0.7062
vn 0.4227 -0.5617 0.7112
vn 0.0389 -0.5710 0.8200
vn -0.1264 -0.4855 0.8650
vn -0.0555 -0.4986 0.8651
vn 0.3503 -0.5571 0.7529
vn 0.3975 -0.5323 0.7474
vn 0.8262 -0.3718 0.4233
vn 0.8491 -0.3903 0.3561
vn -0.4119 -0.4073 0.8152
vn 0.9914 -0.0000 -0.1309
vn 0.9915 -0.0000 -0.1305
vn 0.9939 -0.0558 -0.0956
vn -0.3983 -0.3933 0.8287
vn -0.4512 -0.3693 0.8124
vn 0.1386 -0.5664 0.8124
vn 0.1789 -0.5622 0.8074
vn 0.1792 -0.5622 0.8074
vn 0.9938 -0.0559 -0.0957
vn 0.9959 -0.0459 -0.0781
vn 0.9912 -0.1321 -0.0041
vn -0.6858 -0.0581 0.7254
vn -0.6856 -0.0524 0.7261
vn -0.6803 -0.0570 0.7308
vn 0.7528 -0.4400 0.4895
vn 0.7308 -0.4201 0.5380
vn -0.5844 -0.1318 0.8007
vn -0.6045 -0.1191 0.7876
vn -0.6045 -0.1191 0.7877
vn 0.9608 -0.2386 0.1414
vn 0.9763 -0.1972 0.0894
vn 0.0886 -0.5287 0.8442
vn -0.1715 -0.4379 0.8825
vn -0.1652 -0.4392 0.8831
vn 0.9042 -0.3042 0.2998
vn 0.9142 -0.3123 0.2583
vn 0.0886 -0.5288 0.8441
vn 0.1393 -0.5481 0.8247
vn 0.0915 -0.5300 0.8431
vn 0.0876 -0.5306 0.8431
vn 0.2794 -0.5356 0.7969
vn 0.3230 -0.5206 0.7903
vn 0.1392 -0.5482 0.8247
vn 0.1933 -0.5275 0.8273
vn 0.1302 -0.5371 0.8334
vn 0.2712 -0.4990 0.8231
vn -0.3983 -0.3933 0.8286
vn -0.3984 -0.3931 0.8287
vn 0.9911 -0.0000 -0.1329
vn 0.9940 -0.0347 0.1034
vn 0.9962 -0.0820 -0.0286
vn 0.9813 -0.1762 0.0773
vn 0.5652 -0.4962 0.6591
vn 0.6190 -0.4377 0.6522
vn 0.6511 -0.4699 0.5960
vn 0.9937 0.0001 -0.1123
vn 0.9960 -0.0415 -0.0793
vn -0.6396 -0.1549 0.7529
vn -0.5200 -0.2400 0.8198
vn -0.2863 -0.3684 0.8845
vn -0.2811 -0.3697 0.8856
vn -0.0359 -0.4770 0.8782
vn 0.4085 -0.5133 0.7547
vn 0.4573 -0.4828 0.7468
vn 0.4819 -0.5115 0.7114
vn 0.9426 -0.2569 0.2132
vn 0.9576 -0.2314 0.1716
vn 0.8885 -0.2980 0.3491
vn 0.9032 -0.3096 0.2974
vn 0.5367 -0.4652 0.7039
vn 0.8241 -0.3790 0.4209
vn 0.7998 -0.3578 0.4820
vn 0.7036 -0.3983 0.5885
vn 0.7301 -0.4234 0.5363
vn 0.9427 -0.2565 0.2132
vn 0.9576 -0.2314 0.1717
vn -0.6503 -0.0225 0.7593
vn -0.5970 -0.1116 0.7944
vn 0.9960 -0.0415 -0.0794
vn 0.9427 -0.2568 0.2132
vn 0.9576 -0.2313 0.1718
vn 0.2536 -0.4954 0.8308
vn 0.2160 -0.5032 0.8367
vn -0.6396 -0.1550 0.7530
vn -0.6465 -0.1621 0.7455
vn -0.6250 -0.1747 0.7608
vn -0.3963 -0.2920 0.8704
vn -0.3926 -0.2930 0.8718
vn 0.3371 -0.4976 0.7992
vn 0.3827 -0.4788 0.7901
vn 0.9738 -0.1783 0.1410
vn 0.9834 -0.1522 0.0992
vn 0.0916 -0.5300 0.8431
vn 0.8647 -0.2871 0.4121
vn 0.8871 -0.3051 0.3463
vn 0.9532 -0.2016 0.2252
vn 0.9505 -0.2240 0.2153
vn 0.9434 -0.2178 0.2502
vn 0.7991 -0.3630 0.4792
vn 0.7772 -0.3432 0.5275
vn 0.1052 -0.4465 0.8886
vn -0.6315 -0.1465 0.7614
vn -0.0011 -0.4103 0.9120
vn 0.0094 -0.4109 0.9117
vn 0.1052 -0.4467 0.8885
vn 0.1054 -0.4470 0.8883
vn 0.5142 -0.4303 0.7419
vn 0.4650 -0.4666 0.7524
vn 0.5383 -0.4583 0.7073
vn 0.3134 -0.4607 0.8304
vn 0.2729 -0.4711 0.8388
vn 0.9978 -0.0641 -0.0157
vn 0.9972 -0.0697 -0.0283
vn 0.9972 -0.0696 -0.0283
vn 0.9876 -0.1329 0.0832
vn 0.9952 0.0010 -0.0974
vn -0.4989 -0.2106 0.8407
vn -0.4963 -0.2114 0.8420
vn 0.6193 -0.4367 0.6525
vn 0.6705 -0.3706 0.6428
vn 0.7025 -0.4027 0.5868
vn 0.0635 -0.4310 0.9001
vn -0.6465 -0.1620 0.7455
vn 0.5909 -0.4057 0.6973
vn -0.6138 -0.1283 0.7790
vn -0.7021 -0.0795 0.7077
vn 0.9329 -0.2150 0.2890
vn 0.9428 -0.2230 0.2479
vn 0.1960 -0.4656 0.8630
vn 0.0638 -0.4313 0.9000
vn 0.9692 -0.1762 0.1720
vn -0.1239 -0.3606 0.9245
vn -0.1154 -0.3613 0.9253
vn 0.3935 -0.4572 0.7976
vn 0.4406 -0.4341 0.7857
vn 0.1062 -0.4469 0.8883
vn 0.7497 -0.3249 0.5765
vn 0.7762 -0.3500 0.5244
vn 0.8627 -0.2973 0.4091
vn 0.8388 -0.2765 0.4690
vn -0.5911 -0.1265 0.7966
vn -0.5898 -0.1269 0.7975
vn 0.9178 -0.2102 0.3370
vn 0.9322 -0.2215 0.2863
vn -0.2464 -0.3035 0.9204
vn -0.2396 -0.3042 0.9220
vn 0.3718 -0.4235 0.8261
vn 0.3294 -0.4367 0.8372
vn 0.9953 0.0010 -0.0972
vn 0.2113 -0.4436 0.8710
vn 0.2703 -0.4055 0.8732
vn 0.2537 -0.4350 0.8640
vn 0.9579 -0.1948 0.2107
vn 0.9692 -0.1763 0.1719
vn 0.5190 -0.4175 0.7459
vn 0.5679 -0.3750 0.7327
vn 0.5914 -0.4025 0.6987
vn 0.9580 -0.1946 0.2107
vn 0.9962 0.0020 -0.0874
vn 0.9984 -0.0531 -0.0180
vn 0.9783 -0.1374 0.1551
vn 0.9890 -0.1107 0.0981
vn -0.3651 -0.2406 0.8993
vn -0.3599 -0.2412 0.9013
vn 0.8384 -0.2843 0.4650
vn 0.8166 -0.2647 0.5129
vn 0.4962 -0.3870 0.7772
vn 0.4484 -0.4145 0.7919
vn -0.6736 -0.0392 0.7380
vn -0.6775 -0.0442 0.7342
vn -0.6616 -0.0430 0.7486
vn 0.6693 -0.3748 0.6415
vn 0.6410 -0.3438 0.6863
vn 0.8951 -0.2016 0.3977
vn 0.9168 -0.2191 0.3338
vn 0.2642 -0.4155 0.8704
vn 0.3118 -0.4036 0.8601
vn 0.9926 -0.0846 0.0873
vn 0.9991 -0.0424 -0.0057
vn 0.9984 -0.0534 -0.0182
vn 0.9949 -0.0719 0.0706
vn 0.7166 -0.3015 0.6290
vn 0.7484 -0.3334 0.5733
vn 0.9675 -0.1378 0.2122
vn 0.9759 -0.1263 0.1779
vn 0.9675 -0.1376 0.2123
vn 0.9668 -0.0839 0.2413
vn 0.9681 -0.1328 0.2123
vn 0.9628 -0.1282 0.2380
vn 0.1765 -0.3795 0.9082
vn 0.3868 -0.3781 0.8411
vn 0.4063 -0.3582 0.8406
vn 0.4178 -0.3670 0.8311
vn 0.1812 -0.3812 0.9066
vn 0.1763 -0.3798 0.9081
vn -0.4765 -0.1735 0.8619
vn -0.4731 -0.1739 0.8636
vn 0.9759 -0.1264 0.1776
vn 0.1811 -0.3810 0.9067
vn 0.1812 -0.3811 0.9066
vn 0.2495 -0.3839 0.8890
vn 0.1763 -0.3796 0.9082
vn 0.9528 -0.1264 0.2760
vn 0.9625 -0.1343 0.2356
vn 0.9964 -0.0000 -0.0850
vn 0.9949 -0.0004 -0.1005
vn 0.9910 -0.0041 -0.1337
vn 0.9936 -0.0015 -0.1126
vn 0.7897 -0.2498 0.5604
vn 0.8160 -0.2747 0.5087
vn 0.9830 -0.1005 0.1534
vn -0.7072 -0.0000 0.7070
vn 0.3202 -0.3848 0.8657
vn 0.0437 -0.3206 0.9462
vn 0.1636 -0.3512 0.9219
vn 0.0591 -0.3199 0.9456
vn 0.9970 0.0002 -0.0775
vn 0.9992 -0.0396 -0.0075
vn 0.5703 -0.3666 0.7351
vn 0.6178 -0.3176 0.7193
vn 0.6409 -0.3446 0.6859
vn -0.5779 -0.1041 0.8094
vn -0.5761 -0.1044 0.8107
vn 0.8936 -0.2149 0.3941
vn 0.8703 -0.1945 0.4525
vn 0.5013 -0.3699 0.7823
vn 0.5488 -0.3378 0.7647
vn -0.0853 -0.2819 0.9557
vn -0.0720 -0.2815 0.9569
vn 0.4738 -0.3273 0.8176
vn 0.4393 -0.3417 0.8308
vn 0.9387 -0.1227 0.3223
vn 0.9526 -0.1337 0.2732
vn 0.3122 -0.3217 0.8939
vn 0.3120 -0.3218 0.8939
vn 0.2930 -0.3265 0.8986
vn 0.7147 -0.3111 0.6264
vn 0.6865 -0.2800 0.6711
vn 0.9822 -0.0719 0.1736
vn 0.1153 -0.3608 0.9255
vn 0.9771 -0.0764 0.1984
vn 0.9822 -0.0719 0.1734
vn -0.2142 -0.2375 0.9475
vn -0.2035 -0.2373 0.9499
vn -0.6662 -0.0349 0.7450
vn -0.6711 -0.0344 0.7406
vn 0.8705 -0.2049 0.4475
vn 0.8490 -0.1856 0.4947
vn 0.7570 -0.2310 0.6112
vn 0.7886 -0.2627 0.5559
vn 0.9829 -0.0664 0.1719
vn 0.9937 -0.0515 0.0997
vn 0.9772 -0.0764 0.1984
vn 0.9846 -0.0696 0.1606
vn 0.9948 -0.0453 0.0913
vn 0.9997 -0.0224 -0.0060
vn 0.9997 -0.0229 -0.0062
vn 0.3141 -0.3098 0.8974
vn 0.3504 -0.2994 0.8875
vn 0.9973 0.0005 -0.0735
vn 0.9174 -0.1165 0.3805
vn 0.9384 -0.1333 0.3189
vn -0.3398 -0.1883 0.9214
vn -0.3320 -0.1882 0.9243
vn 0.9772 -0.0763 0.1984
vn 0.9766 -0.0414 0.2112
vn 0.9790 -0.0435 0.1992
vn 0.9724 -0.0435 0.2294
vn 0.9739 -0.0379 0.2239
vn 0.4900 -0.3041 0.8170
vn 0.5516 -0.3236 0.7687
vn 0.5273 -0.2859 0.8001
vn 0.6186 -0.3140 0.7203
vn 0.5981 -0.2866 0.7484
vn 0.9973 0.0006 -0.0734
vn 0.9973 0.0005 -0.0733
vn 0.9997 -0.0230 -0.0056
vn 0.2251 -0.3017 0.9264
vn 0.6636 -0.2587 0.7020
vn 0.6864 -0.2853 0.6689
vn 0.8231 -0.1743 0.5405
vn 0.8491 -0.1989 0.4894
vn -0.4586 -0.1358 0.8782
vn -0.4535 -0.1357 0.8809
vn 0.9730 -0.0350 0.2282
vn 0.9636 -0.0498 0.2626
vn 0.3692 -0.2830 0.8852
vn 0.4063 -0.2704 0.8728
vn 0.9846 -0.0697 0.1605
vn 0.9881 0.0019 0.1539
vn 0.9949 0.0046 0.1011
vn 0.9802 -0.0229 0.1966
vn 0.9955 -0.0199 0.0927
vn 0.9956 0.0083 0.0933
vn 0.9956 0.0083 0.0929
vn 0.9997 -0.0217 -0.0069
vn 1.0000 -0.0079 -0.0042
vn 0.7553 -0.2462 0.6074
vn 0.7271 -0.2152 0.6520
vn 0.9169 -0.1327 0.3765
vn 0.8944 -0.1130 0.4328
vn -0.5674 -0.0815 0.8194
vn -0.5645 -0.0814 0.8214
vn 0.9973 0.0005 -0.0734
vn 0.9994 -0.0042 -0.0345
vn 0.9619 -0.0346 0.2711
vn 0.9501 -0.0518 0.3077
vn 0.9619 -0.0346 0.2712
vn 0.5388 -0.2653 0.7996
vn 0.5993 -0.2763 0.7513
vn 0.5779 -0.2431 0.7791
vn 0.2251 -0.3019 0.9264
vn 0.8229 -0.1912 0.5350
vn 0.7916 -0.1599 0.5897
vn 0.6634 -0.2602 0.7016
vn 0.6440 -0.2341 0.7284
vn 0.4604 -0.2403 0.8546
vn 0.4205 -0.2561 0.8704
vn 0.8922 -0.0919 0.4422
vn 0.8716 -0.1190 0.4756
vn -0.6652 -0.0255 0.7463
vn -0.6638 -0.0254 0.7475
vn -0.6637 -0.0252 0.7476
vn 0.1001 -0.2333 0.9672
vn 0.0816 -0.2359 0.9683
vn 0.2250 -0.3017 0.9265
vn 0.1899 -0.2545 0.9482
vn 0.7048 -0.1985 0.6811
vn 0.7275 -0.2250 0.6481
vn -0.0522 -0.2078 0.9768
vn -0.0365 -0.2056 0.9780
vn -0.7069 -0.0000 0.7074
vn 0.9476 -0.0313 0.3178
vn 0.9476 -0.0313 0.3179
vn 0.9297 -0.0538 0.3643
vn 0.9994 -0.0000 -0.0345
vn 0.9994 -0.0000 -0.0346
vn 0.9969 -0.0000 -0.0791
vn 0.9994 -0.0000 -0.0347
vn 0.9957 -0.0000 0.0929
vn 0.9956 -0.0000 0.0933
vn 0.9957 -0.0000 0.0930
vn 0.9957 -0.0000 0.0927
vn 0.9811 -0.0004 0.1936
vn 0.9821 -0.0000 0.1886
vn -0.7071 -0.0000 0.7072
vn -0.1869 -0.1752 0.9666
vn -0.1745 -0.1735 0.9693
vn 0.9811 -0.0004 0.1935
vn 0.8501 -0.0988 0.5173
vn 0.9748 0.0031 0.2231
vn 0.3214 -0.3239 0.8898
vn 0.4704 -0.2283 0.8524
vn 0.5127 -0.2088 0.8328
vn 0.5853 -0.2257 0.7788
vn 0.6441 -0.2282 0.7301
vn 0.6253 -0.1990 0.7545
vn -0.3189 -0.1390 0.9375
vn -0.3096 -0.1376 0.9409
vn 0.7907 -0.1810 0.5848
vn 0.7625 -0.1499 0.6294
vn 0.9771 -0.0008 0.2129
vn 0.9747 -0.0008 0.2236
vn 0.2969 -0.2290 0.9270
vn 0.2607 -0.2220 0.9395
vn 0.7046 -0.2059 0.6791
vn 0.6858 -0.1807 0.7050
vn -0.4440 -0.1002 0.8904
vn -0.4379 -0.0992 0.8935
vn 0.9283 -0.0398 0.3698
vn 0.9282 -0.0399 0.3699
vn 0.9282 -0.0398 0.3699
vn 0.9009 -0.0397 0.4323
vn 0.9638 -0.0024 0.2665
vn 0.9695 0.0017 0.2449
vn 0.2562 -0.2339 0.9379
vn 0.4660 -0.1696 0.8684
vn 0.2972 -0.2290 0.9270
vn 0.3464 -0.2119 0.9138
vn 0.8512 -0.1201 0.5108
vn 0.8203 -0.0891 0.5650
vn 0.5189 -0.2000 0.8311
vn 0.5624 -0.1765 0.8078
vn 0.7413 -0.1379 0.6569
vn 0.7641 -0.1645 0.6237
vn -0.5588 -0.0601 0.8271
vn -0.5555 -0.0594 0.8294
vn 0.9639 -0.0024 0.2664
vn 0.9594 0.0019 0.2821
vn 0.9498 0.0004 0.3128
vn 0.6292 -0.1859 0.7547
vn 0.6857 -0.1798 0.7053
vn 0.6692 -0.1542 0.7269
vn 0.3538 -0.2044 0.9127
vn 0.3996 -0.1909 0.8966
vn -0.6625 -0.0185 0.7488
vn -0.6553 -0.0166 0.7552
vn -0.6649 -0.0247 0.7465
vn 0.9600 0.0004 0.2800
vn 0.9496 -0.0031 0.3134
vn 0.5654 -0.1713 0.8068
vn 0.6095 -0.1432 0.7798
vn 0.8211 -0.1158 0.5590
vn 0.7928 -0.0846 0.6036
vn 0.8701 -0.0280 0.4921
vn 0.9017 -0.0726 0.4261
vn 0.8814 -0.0233 0.4718
vn 0.8813 -0.0232 0.4719
vn 0.7234 -0.1266 0.6787
vn 0.7419 -0.1515 0.6532
vn 0.4515 -0.1690 0.8761
vn 0.4047 -0.1850 0.8955
vn 0.2607 -0.2222 0.9395
vn 0.9316 -0.0023 0.3634
vn 0.9437 0.0023 0.3307
vn 0.2360 -0.1728 0.9563
vn 0.2078 -0.1343 0.9689
vn 0.1304 -0.1549 0.9793
vn 0.1131 -0.1591 0.9808
vn -0.0251 -0.1403 0.9898
vn -0.0100 -0.1367 0.9906
vn 0.7961 -0.1041 0.5961
vn 0.7729 -0.0769 0.6298
vn -0.1647 -0.1184 0.9792
vn -0.1528 -0.1154 0.9815
vn 0.6706 -0.1461 0.7273
vn 0.7093 -0.1085 0.6965
vn 0.7241 -0.1316 0.6770
vn 0.4543 -0.1653 0.8754
vn 0.5017 -0.1463 0.8526
vn 0.8769 -0.0534 0.4777
vn 0.8432 -0.0190 0.5373
vn 0.9318 -0.0003 0.3631
vn 0.9283 -0.0004 0.3719
vn 0.9178 -0.0023 0.3969
vn 0.9290 -0.0003 0.3700
vn 0.9323 0.0067 0.3617
vn -0.7074 -0.0000 0.7068
vn 0.6097 -0.1426 0.7797
vn 0.6535 -0.1093 0.7490
vn 0.9105 -0.0032 0.4135
vn -0.3018 -0.0940 0.9487
vn -0.2931 -0.0916 0.9517
vn -0.4323 -0.0677 0.8992
vn -0.4265 -0.0660 0.9021
vn 0.5025 -0.1451 0.8523
vn 0.5499 -0.1231 0.8261
vn 0.2288 -0.1375 0.9637
vn 0.2854 -0.1460 0.9472
vn 0.7754 -0.0977 0.6239
vn 0.7564 -0.0719 0.6501
vn 0.3339 -0.1216 0.9347
vn -0.5522 -0.0406 0.8327
vn -0.5490 -0.0395 0.8349
vn 0.8453 -0.0400 0.5328
vn 0.8454 -0.0401 0.5327
vn 0.8160 -0.0281 0.5774
vn 0.8858 0.0146 0.4638
vn 0.3349 -0.1526 0.9298
vn 0.2858 -0.1457 0.9471
vn -0.6579 -0.0130 0.7530
vn -0.6618 -0.0145 0.7496
vn 0.3481 -0.1446 0.9262
vn 0.3349 -0.1527 0.9298
vn 0.3927 -0.1342 0.9098
vn 0.6519 -0.1140 0.7497
vn 0.6944 -0.0745 0.7157
vn 0.7094 -0.1067 0.6967
vn 0.8858 0.0146 0.4639
vn 0.7591 -0.0841 0.6455
vn 0.7451 -0.0622 0.6641
vn 0.5490 -0.1248 0.8264
vn 0.5959 -0.0992 0.7969
vn 0.8141 -0.0230 0.5802
vn 0.8013 -0.0103 0.5982
vn 0.8961 -0.0007 0.4439
vn 0.9647 -0.0007 0.2632
vn 0.8838 -0.0040 0.4678
vn 0.4433 -0.1187 0.8885
vn 0.3949 -0.1318 0.9092
vn 0.8698 0.0020 0.4933
vn 0.8511 -0.0037 0.5250
vn 0.5936 -0.1046 0.7980
vn 0.6394 -0.0749 0.7652
vn 0.4441 -0.1177 0.8882
vn 0.4925 -0.1025 0.8642
vn 0.7842 -0.0198 0.6202
vn 0.8090 -0.0469 0.5859
vn 0.8091 -0.0470 0.5858
vn 0.6918 -0.0865 0.7169
vn 0.7456 -0.0694 0.6627
vn 0.7318 -0.0395 0.6804
vn 0.2858 -0.1459 0.9471
vn 0.2606 -0.0991 0.9604
vn 0.1500 -0.0875 0.9848
vn 0.1373 -0.0918 0.9863
vn 0.7873 -0.0284 0.6159
vn 0.7734 -0.0202 0.6336
vn 0.4918 -0.1036 0.8645
vn 0.5400 -0.0861 0.8373
vn 0.8512 -0.0038 0.5248
vn -0.0039 -0.0810 0.9967
vn 0.0066 -0.0774 0.9970
vn 0.6362 -0.0844 0.7669
vn 0.6802 -0.0502 0.7313
vn 0.8185 -0.0001 0.5745
vn 0.8411 0.0036 0.5409
vn -0.1477 -0.0684 0.9867
vn -0.1392 -0.0653 0.9881
vn -0.2890 -0.0543 0.9558
vn -0.2828 -0.0518 0.9578
vn 0.5381 -0.0892 0.8381
vn 0.5853 -0.0692 0.8079
vn 0.8118 -0.0001 0.5840
vn 0.8198 0.0079 0.5725
vn 0.7830 -0.0415 0.6206
vn 0.7650 -0.0040 0.6440
vn 0.7294 -0.0597 0.6815
vn -0.4236 -0.0392 0.9050
vn -0.4192 -0.0373 0.9071
vn 0.3497 -0.1548 0.9240
vn 0.2798 -0.1042 0.9544
vn 0.3565 -0.0816 0.9307
vn 0.3876 -0.0873 0.9177
vn -0.5473 -0.0234 0.8366
vn -0.5452 -0.0224 0.8380
vn 0.3018 -0.0772 0.9502
vn 0.6765 -0.0646 0.7336
vn 0.7182 -0.0251 0.6954
vn 0.8197 0.0078 0.5727
vn -0.6593 -0.0068 0.7518
vn -0.6572 -0.0056 0.7537
vn 0.5825 -0.0750 0.8094
vn 0.6286 -0.0519 0.7760
vn 0.7950 -0.0011 0.6066
vn 0.4375 -0.0770 0.8959
vn 0.3885 -0.0863 0.9174
vn 0.4374 -0.0771 0.8959
vn 0.4857 -0.0666 0.8716
vn 0.6251 -0.0609 0.7782
vn 0.6695 -0.0344 0.7420
vn 0.7948 -0.0011 0.6069
vn 0.7646 -0.0332 0.6436
vn 0.7647 -0.0334 0.6435
vn 0.7521 -0.0003 0.6590
vn 0.7146 -0.0461 0.6980
vn 0.7810 0.0022 0.6246
vn 0.4849 -0.0677 0.8720
vn 0.5327 -0.0557 0.8445
vn 0.6655 -0.0470 0.7449
vn 0.7077 -0.0166 0.7063
vn 0.5309 -0.0585 0.8454
vn 0.5775 -0.0448 0.8151
vn 0.7811 0.0021 0.6244
vn 0.7505 -0.0247 0.6604
vn 0.7735 0.0102 0.6337
vn 0.5752 -0.0490 0.8166
vn 0.6206 -0.0334 0.7834
vn 0.7418 0.0003 0.6707
vn 0.7505 -0.0246 0.6604
vn 0.7038 -0.0336 0.7096
vn 0.2764 -0.0749 0.9581
vn 0.3018 -0.0769 0.9503
vn 0.6176 -0.0399 0.7855
vn 0.6615 -0.0221 0.7496
vn 0.4448 -0.0385 0.8948
vn 0.2763 -0.0750 0.9581
vn 0.3844 -0.0441 0.9221
vn 0.3020 -0.0773 0.9502
vn 0.2785 -0.0316 0.9599
vn 0.1575 -0.0273 0.9871
vn 0.1529 -0.0292 0.9878
vn 0.4337 -0.0389 0.9002
vn 0.3848 -0.0437 0.9220
vn 0.0092 -0.0259 0.9996
vn 0.0129 -0.0242 0.9996
vn -0.1369 -0.0218 0.9903
vn -0.1338 -0.0204 0.9908
vn 0.6581 -0.0310 0.7523
vn 0.7000 -0.0106 0.7140
vn -0.2810 -0.0174 0.9595
vn -0.2785 -0.0162 0.9603
vn 0.4334 -0.0391 0.9003
vn 0.4815 -0.0336 0.8758
vn 0.7399 -0.0169 0.6725
vn 0.7714 0.0154 0.6362
vn -0.4180 -0.0125 0.9084
vn -0.4166 -0.0117 0.9090
vn -0.5445 -0.0075 0.8388
vn -0.5436 -0.0070 0.8393
vn 0.4809 -0.0343 0.8761
vn 0.5279 -0.0281 0.8489
vn -0.6558 -0.0023 0.7550
vn -0.6593 -0.0053 0.7519
vn 0.7399 -0.0171 0.6725
vn 0.7341 0.0002 0.6790
vn 0.6965 -0.0222 0.7173
vn 0.5267 -0.0296 0.8495
vn 0.5726 -0.0225 0.8195
vn -0.6099 0.0050 0.7924
vn 0.3063 -0.0150 0.9518
vn 0.5710 -0.0248 0.8205
vn 0.6153 -0.0168 0.7881
vn 0.7714 0.0154 0.6361
vn 0.6135 -0.0201 0.7895
vn 0.6561 -0.0110 0.7546
vn 0.7327 -0.0099 0.6805
vn 0.7717 0.0137 0.6359
vn 0.6540 -0.0154 0.7563
vn 0.6948 -0.0050 0.7192
vn 0.7327 -0.0102 0.6805
vn 0.7297 0.0002 0.6838
vn 0.6923 -0.0113 0.7215
vn 0.8012 0.0003 0.5983
vn 0.8272 -0.0094 0.5619
vn 0.8273 -0.0095 0.5617
vn 0.8012 0.0003 0.5984
vn 0.8013 0.0003 0.5983
vn 0.7849 -0.0002 0.6197
vn 0.7848 -0.0002 0.6197
vn 0.7732 -0.0045 0.6342
vn 0.7672 -0.0092 0.6414
vn 0.7670 -0.0093 0.6416
vn 0.7662 -0.0104 0.6425
vn 0.7663 -0.0103 0.6424
vn 0.7687 -0.0051 0.6396
vn 0.7712 0.0053 0.6366
vn 0.7712 0.0050 0.6366
vn 0.7717 0.0134 0.6359
vn -0.6103 0.0050 0.7921
vn 0.3064 -0.0152 0.9518
vn 0.3830 0.0025 0.9237
vn 0.4321 -0.0036 0.9018
vn 0.3784 -0.0041 0.9256
vn 0.4797 -0.0031 0.8774
vn 0.7290 -0.0035 0.6845
vn 0.4796 -0.0032 0.8775
vn 0.5257 -0.0027 0.8506
vn 0.5256 -0.0028 0.8507
vn 0.5702 -0.0022 0.8215
vn 0.5701 -0.0021 0.8216
vn 0.6128 -0.0018 0.7902
vn 0.6127 -0.0020 0.7904
vn 0.6535 -0.0012 0.7569
vn 0.6532 -0.0017 0.7572
vn 0.6919 -0.0008 0.7220
vn 0.7290 -0.0032 0.6845
vn 0.7140 0.0440 0.6987
vn -0.6568 0.0011 0.7540
vn 0.9173 0.0044 0.3983
vn 0.8904 -0.0083 0.4552
vn 0.8904 -0.0083 0.4551
vn 0.9786 -0.0140 0.2053
vn 0.9676 0.0023 0.2526
vn 0.9675 0.0024 0.2528
vn 0.9542 -0.0042 0.2992
vn 0.9542 -0.0042 0.2991
vn 0.9148 0.0021 0.4038
vn 0.8892 0.0024 0.4575
vn 0.8892 0.0024 0.4576
vn 0.8695 -0.0016 0.4940
vn 0.3846 -0.0164 0.9229
vn 0.3064 -0.0151 0.9518
vn -0.7069 -0.0000 0.7073
vn -0.6557 0.0024 0.7550
vn -0.5435 0.0077 0.8393
vn -0.4166 0.0128 0.9090
vn -0.5444 0.0071 0.8388
vn -0.4181 0.0118 0.9083
vn -0.2785 0.0177 0.9603
vn -0.1338 0.0223 0.9908
vn -0.2808 0.0163 0.9596
vn -0.1369 0.0206 0.9904
vn 0.0134 0.0264 0.9996
vn 0.0093 0.0243 0.9997
vn 0.1575 0.0298 0.9871
vn 0.3063 -0.0149 0.9518
vn 0.2753 0.0437 0.9604
vn 0.2752 0.0442 0.9604
vn 0.1529 0.0274 0.9879
vn 0.2838 0.0322 0.9583
vn 0.3845 -0.0162 0.9230
vn 0.7107 0.0079 0.7035
vn 0.9783 0.0015 0.2070
vn 0.9783 0.0015 0.2071
vn 0.9437 -0.0025 0.3309
vn 0.9538 0.0026 0.3003
vn 0.7106 0.0010 0.7036
vn 0.7126 0.0071 0.7016
vn 0.9157 -0.0085 0.4018
vn 0.9364 0.0035 0.3510
vn 0.9363 0.0035 0.3511
vn 0.6557 0.0127 0.7549
vn 0.6535 0.0098 0.7569
vn 0.8278 -0.0132 0.5609
vn 0.8574 0.0053 0.5147
vn 0.8574 0.0053 0.5146
vn 0.6131 0.0145 0.7899
vn 0.6149 0.0166 0.7884
vn 0.5706 0.0191 0.8210
vn 0.5720 0.0206 0.8200
vn 0.5263 0.0236 0.8500
vn 0.5274 0.0246 0.8493
vn 0.4804 0.0282 0.8766
vn 0.4810 0.0286 0.8763
vn 0.4330 0.0325 0.9008
vn 0.4333 0.0327 0.9007
vn 0.3840 0.0497 0.9220
vn 0.3821 0.0367 0.9234
vn 0.3840 0.0496 0.9220
vn 0.2572 0.0432 0.9654
vn 0.3839 0.0348 0.9227
vn 0.3017 0.0454 0.9523
vn 0.7144 0.0231 0.6994
vn 0.7127 0.0030 0.7015
vn 0.7197 0.0200 0.6940
vn 0.6612 0.0262 0.7497
vn 0.6565 0.0215 0.7540
vn -0.6585 0.0081 0.7526
vn 0.6162 0.0314 0.7870
vn 0.6202 0.0350 0.7836
vn 0.5738 0.0412 0.8179
vn 0.5770 0.0437 0.8156
vn 0.7178 0.0070 0.6962
vn 0.7235 0.0176 0.6901
vn 0.7303 0.0314 0.6824
vn 0.5297 0.0508 0.8467
vn 0.5319 0.0524 0.8452
vn 0.4837 0.0603 0.8731
vn 0.4849 0.0612 0.8724
vn 0.4365 0.0698 0.8970
vn -0.6598 0.0068 0.7514
vn -0.5453 0.0238 0.8379
vn -0.4195 0.0399 0.9069
vn -0.5472 0.0222 0.8367
vn 0.3877 0.0789 0.9184
vn 0.3868 0.0783 0.9188
vn 0.6697 0.0402 0.7416
vn 0.6625 0.0349 0.7482
vn -0.4233 0.0371 0.9052
vn -0.2828 0.0554 0.9576
vn 0.7263 0.0134 0.6872
vn 0.7353 0.0263 0.6772
vn 0.3866 0.0791 0.9189
vn 0.2574 0.0431 0.9653
vn 0.2576 0.0433 0.9653
vn -0.1394 0.0698 0.9878
vn -0.2887 0.0514 0.9560
vn 0.3018 0.0455 0.9523
vn -0.1474 0.0647 0.9870
vn 0.0063 0.0826 0.9966
vn -0.0037 0.0766 0.9971
vn 0.1495 0.0935 0.9843
vn 0.6226 0.0505 0.7809
vn 0.6283 0.0542 0.7761
vn 0.7445 0.0428 0.6663
vn 0.3018 0.0454 0.9523
vn 0.1378 0.0867 0.9867
vn 0.2710 0.1008 0.9573
vn 0.5804 0.0659 0.8117
vn 0.5846 0.0684 0.8084
vn 0.7388 0.0240 0.6735
vn 0.7498 0.0351 0.6607
vn 0.5362 0.0811 0.8402
vn 0.5390 0.0826 0.8383
vn 0.3177 0.1129 0.9414
vn 0.2822 0.1088 0.9532
vn 0.6808 0.0557 0.7304
vn 0.6721 0.0515 0.7386
vn 0.7621 0.0539 0.6452
vn 0.4902 0.0961 0.8663
vn 0.4913 0.0966 0.8656
vn 0.6325 0.0733 0.7711
vn 0.6391 0.0761 0.7654
vn 0.4427 0.1107 0.8898
vn 0.4421 0.1104 0.8902
vn 0.7548 0.0363 0.6550
vn 0.7649 0.0482 0.6424
vn 0.3939 0.1249 0.9106
vn 0.3913 0.1238 0.9119
vn 0.7812 0.0773 0.6194
vn 0.7656 0.0481 0.6415
vn 0.7848 0.0647 0.6164
vn 0.5905 0.0949 0.8015
vn 0.5948 0.0966 0.7980
vn -0.6599 0.0079 0.7513
vn 0.3178 0.1129 0.9414
vn 0.3507 0.1345 0.9268
vn 0.7776 0.0545 0.6264
vn 0.7869 0.0572 0.6144
vn 0.6945 0.0755 0.7156
vn 0.6863 0.0738 0.7236
vn 0.2820 0.1087 0.9532
vn -0.6572 0.0133 0.7536
vn -0.5493 0.0416 0.8346
vn 0.7027 0.0052 0.7114
vn 0.8195 0.0336 0.5721
vn 0.5465 0.1165 0.8293
vn 0.5482 0.1171 0.8281
vn -0.4268 0.0695 0.9017
vn -0.5519 0.0391 0.8330
vn 0.8195 0.0336 0.5722
vn -0.4318 0.0651 0.8996
vn -0.2936 0.0963 0.9511
vn 0.8205 0.0350 0.5706
vn 0.8187 0.0372 0.5730
vn 0.6474 0.1038 0.7550
vn 0.6522 0.1046 0.7508
vn -0.1536 0.1214 0.9807
vn -0.3012 0.0903 0.9493
vn 0.5003 0.1375 0.8549
vn 0.4998 0.1373 0.8552
vn -0.1639 0.1139 0.9799
vn -0.0110 0.1438 0.9895
vn -0.0241 0.1349 0.9906
vn 0.1294 0.1630 0.9781
vn 0.8539 0.0286 0.5197
vn -0.6623 0.0179 0.7490
vn 0.2823 0.1085 0.9532
vn 0.2486 0.1756 0.9526
vn 0.2484 0.1757 0.9526
vn 0.1141 0.1531 0.9816
vn 0.2483 0.1760 0.9526
vn 0.4526 0.1580 0.8776
vn 0.4494 0.1570 0.8794
vn 0.3630 0.1176 0.9243
vn 0.7054 0.0984 0.7020
vn 0.7040 0.0978 0.7034
vn 0.6060 0.1336 0.7842
vn 0.6071 0.1338 0.7833
vn 0.8546 0.0293 0.5185
vn 0.8535 0.0308 0.5202
vn 0.4033 0.1782 0.8976
vn 0.3972 0.1763 0.9006
vn 0.3376 0.1904 0.9218
vn 0.8842 0.0412 0.4654
vn 0.5621 0.1631 0.8108
vn 0.5593 0.1627 0.8128
vn 0.7187 0.1218 0.6846
vn 0.7183 0.1217 0.6850
vn 0.7934 0.1040 0.5997
vn 0.8072 0.0887 0.5836
vn 0.3392 0.1963 0.9200
vn 0.3375 0.1904 0.9219
vn 0.8843 0.0412 0.4651
vn 0.8800 0.0357 0.4736
vn 0.8862 0.0271 0.4624
vn 0.6663 0.1375 0.7329
vn 0.6634 0.1366 0.7357
vn -0.6623 0.0180 0.7490
vn -0.6616 0.0190 0.7497
vn -0.5560 0.0615 0.8289
vn 0.3457 0.1916 0.9186
vn 0.3431 0.1922 0.9194
vn 0.2477 0.1754 0.9528
vn 0.5163 0.1920 0.8346
vn 0.5091 0.1911 0.8392
vn 0.8862 0.0271 0.4625
vn 0.7417 0.1400 0.6560
vn 0.7335 0.1425 0.6645
vn 0.9123 0.0273 0.4086
vn 0.9001 0.0448 0.4333
vn -0.4386 0.1026 0.8928
vn -0.5585 0.0586 0.8274
vn 0.6255 0.1768 0.7599
vn 0.6184 0.1749 0.7662
vn 0.8292 0.1117 0.5477
vn 0.8399 0.0990 0.5337
vn -0.4433 0.0979 0.8910
vn -0.3106 0.1424 0.9398
vn 0.6821 0.1702 0.7112
vn 0.6773 0.1696 0.7159
vn 0.4684 0.2203 0.8556
vn 0.4569 0.2189 0.8622
vn -0.1757 0.1795 0.9679
vn -0.3181 0.1356 0.9383
vn 0.9123 0.0272 0.4086
vn 0.9222 0.0600 0.3819
vn 0.9342 0.0301 0.3556
vn 0.7756 0.1546 0.6120
vn 0.7635 0.1661 0.6240
vn -0.1861 0.1710 0.9675
vn -0.0381 0.2126 0.9764
vn 0.4188 0.2478 0.8736
vn 0.4025 0.2458 0.8818
vn -0.0510 0.2029 0.9779
vn 0.0982 0.2413 0.9655
vn 0.5819 0.2155 0.7842
vn 0.5702 0.2129 0.7935
vn 0.8583 0.1169 0.4997
vn 0.8664 0.1067 0.4878
vn 0.0827 0.2304 0.9696
vn 0.2478 0.1751 0.9529
vn 0.2287 0.2500 0.9408
vn 0.2134 0.2611 0.9414
vn 0.6983 0.1983 0.6877
vn 0.7026 0.1972 0.6837
vn 0.3458 0.1916 0.9185
vn 0.6426 0.2183 0.7345
vn 0.6326 0.2174 0.7433
vn 0.9459 0.0530 0.3201
vn 0.9517 0.0343 0.3052
vn 0.2892 0.2628 0.9205
vn 0.3679 0.2744 0.8884
vn 0.3467 0.2717 0.8977
vn -0.6614 0.0184 0.7498
vn -0.6629 0.0307 0.7481
vn 0.8818 0.1210 0.4559
vn 0.8880 0.1128 0.4459
vn 0.9517 0.0342 0.3050
vn 0.5357 0.2534 0.8055
vn 0.5194 0.2502 0.8171
vn 0.8109 0.1710 0.5597
vn 0.8009 0.1810 0.5707
vn -0.6663 0.0250 0.7453
vn -0.5652 0.0831 0.8208
vn 0.3159 0.2894 0.9036
vn 0.2891 0.2625 0.9206
vn 0.9517 0.0342 0.3051
vn 0.9611 0.0499 0.2717
vn 0.9659 0.0315 0.2569
vn 0.7386 0.2206 0.6370
vn 0.7205 0.2184 0.6581
vn 0.7528 0.2088 0.6243
vn -0.4543 0.1387 0.8800
vn -0.5671 0.0805 0.8197
vn 0.9072 0.1301 0.4000
vn 0.9130 0.1162 0.3910
vn 0.1934 0.2420 0.9508
vn 0.5996 0.2658 0.7548
vn 0.5843 0.2647 0.7672
vn 0.6590 0.2540 0.7079
vn 0.6592 0.2540 0.7078
vn 0.9660 0.0316 0.2567
vn 0.4874 0.2905 0.8234
vn 0.4660 0.2866 0.8371
vn -0.4580 0.1342 0.8788
vn -0.3334 0.1922 0.9230
vn 0.9743 0.0652 0.2156
vn 0.8394 0.1830 0.5118
vn 0.8316 0.1912 0.5214
vn 0.9771 0.0301 0.2108
vn 0.9716 0.0463 0.2322
vn -0.2053 0.2423 0.9482
vn -0.3390 0.1862 0.9222
vn 0.9771 0.0289 0.2107
vn 0.9769 0.0300 0.2114
vn 0.3957 0.2833 0.8736
vn 0.2955 0.3097 0.9037
vn 0.1934 0.2421 0.9508
vn 0.9324 0.1320 0.3364
vn 0.9360 0.1227 0.3300
vn 0.5489 0.3030 0.7790
vn 0.5463 0.3021 0.7812
vn -0.6673 0.0278 0.7442
vn 0.4370 0.3263 0.8382
vn 0.4105 0.3218 0.8532
vn -0.2133 0.2348 0.9484
vn -0.0742 0.2873 0.9550
vn 0.9967 -0.0015 -0.0816
vn 0.9994 0.0027 -0.0346
vn 0.9993 0.0039 -0.0379
vn 0.9956 -0.0083 0.0929
vn 0.9995 0.0106 0.0302
vn 0.9954 0.0237 0.0930
vn 0.9905 -0.0053 0.1377
vn 0.7757 0.2430 0.5824
vn 0.7672 0.2504 0.5905
vn 0.8626 0.1925 0.4679
vn 0.8567 0.1990 0.4759
vn 0.6811 0.2799 0.6766
vn 0.6847 0.2790 0.6733
vn 0.6161 0.3088 0.7246
vn 0.6115 0.3098 0.7281
vn -0.0840 0.2788 0.9567
vn 0.0568 0.3264 0.9435
vn 0.2509 0.3387 0.9068
vn 0.2071 0.3276 0.9218
vn -0.6653 0.0358 0.7457
vn -0.5766 0.1056 0.8102
vn 0.0447 0.3170 0.9474
vn 0.1973 0.3624 0.9109
vn 0.9489 0.1329 0.2862
vn 0.9512 0.1264 0.2816
vn 0.3848 0.3608 0.8495
vn 0.3533 0.3555 0.8653
vn 0.2506 0.3388 0.9069
vn 0.1145 0.3022 0.9463
vn 0.8898 0.2001 0.4101
vn 0.8838 0.2115 0.4174
vn 0.9966 -0.0017 -0.0819
vn 0.9993 0.0041 -0.0378
vn 0.4997 0.3469 0.7937
vn 0.4779 0.3400 0.8099
vn -0.6730 0.0381 0.7387
vn 0.7017 0.2976 0.6473
vn 0.7061 0.2965 0.6431
vn 0.9992 0.0105 -0.0374
vn 0.9992 0.0300 0.0263
vn 0.9991 0.0291 0.0316
vn -0.4740 0.1760 0.8628
vn -0.5777 0.1038 0.8096
vn 0.9963 -0.0049 -0.0861
vn 0.9991 0.0112 -0.0403
vn 0.8055 0.2595 0.5327
vn 0.7988 0.2655 0.5398
vn 0.9910 0.0257 0.1317
vn 0.9910 0.0527 0.1228
vn 0.9601 0.1335 0.2459
vn 0.9617 0.1285 0.2422
vn 0.9769 0.0289 0.2116
vn 0.9753 0.0863 0.2032
vn 0.9881 0.0722 0.1359
vn 0.3313 0.3937 0.8575
vn 0.2946 0.3874 0.8736
vn 0.5598 0.3641 0.7443
vn 0.5499 0.3344 0.7654
vn 0.5697 0.3623 0.7376
vn -0.4762 0.1727 0.8622
vn -0.3611 0.2440 0.9000
vn 0.6373 0.3404 0.6913
vn 0.6376 0.3403 0.6911
vn 0.7343 0.3147 0.6015
vn 0.7279 0.3194 0.6067
vn -0.6712 0.0401 0.7402
vn -0.6736 0.0394 0.7380
vn 0.9678 0.1337 0.2133
vn 0.9754 0.0860 0.2031
vn 0.9963 -0.0049 -0.0860
vn 0.9991 0.0114 -0.0405
vn 0.9146 0.2094 0.3459
vn 0.9108 0.2171 0.3511
vn 0.4482 0.3891 0.8048
vn 0.4224 0.3815 0.8222
vn 0.8299 0.2725 0.4868
vn 0.8248 0.2773 0.4928
vn 0.9990 0.0208 -0.0390
vn 0.9986 0.0475 0.0246
vn 0.9987 0.0482 0.0150
vn 0.5041 0.3793 0.7759
vn 0.4911 0.3733 0.7871
vn -0.2411 0.3077 0.9204
vn -0.3645 0.2397 0.8998
vn 0.9962 -0.0055 -0.0866
vn 0.9989 0.0202 -0.0421
vn 0.2707 0.4321 0.8602
vn 0.2098 0.2694 0.9399
vn 0.2769 0.4248 0.8619
vn 0.2352 0.4174 0.8778
vn 0.9881 0.0726 0.1358
vn 0.9884 0.0862 0.1249
vn -0.5903 0.1278 0.7970
vn 0.1728 0.4043 0.8981
vn 0.9684 0.0921 0.2317
vn 0.6574 0.3619 0.6610
vn 0.6592 0.3615 0.6593
vn -0.2459 0.3024 0.9209
vn -0.1170 0.3653 0.9235
vn -0.1891 0.2672 0.9449
vn 0.1728 0.4042 0.8982
vn 0.9309 0.2149 0.2953
vn 0.9284 0.2203 0.2992
vn 0.5201 0.4143 0.7469
vn 0.5045 0.4165 0.7563
vn 0.8586 0.2845 0.4265
vn 0.8530 0.2931 0.4319
vn -0.1889 0.2673 0.9449
vn 0.2330 0.4343 0.8701
vn 0.1729 0.4044 0.8981
vn 0.9662 0.1441 0.2139
vn 0.9844 0.1156 0.1325
vn 0.3947 0.4295 0.8123
vn 0.3647 0.4210 0.8305
vn 0.7597 0.3395 0.5546
vn 0.7649 0.3355 0.5499
vn -0.1233 0.3592 0.9251
vn 0.0071 0.4153 0.9096
vn 0.5896 0.3993 0.7021
vn 0.5861 0.3999 0.7046
vn -0.4973 0.2126 0.8411
vn -0.5910 0.1262 0.7968
vn 0.4516 0.4255 0.7842
vn 0.4352 0.4182 0.7973
vn 0.9974 0.0665 0.0265
vn 0.9846 0.1191 0.1277
vn 0.9964 0.0004 -0.0847
vn 0.9983 0.0275 -0.0516
vn 0.1729 0.4045 0.8981
vn -0.0003 0.4089 0.9126
vn 0.0887 0.4430 0.8921
vn 0.6835 0.3870 0.6189
vn 0.6870 0.3848 0.6164
vn 0.9422 0.2178 0.2547
vn 0.9402 0.2223 0.2581
vn -0.6714 0.0405 0.7400
vn 0.9964 0.0005 -0.0847
vn 0.9982 0.0290 -0.0527
vn 0.9984 0.0315 -0.0462
vn -0.6181 0.1327 0.7748
vn -0.6958 0.0901 0.7125
vn 0.9953 -0.0006 -0.0971
vn 0.9952 -0.0008 -0.0974
vn 0.9916 -0.0208 -0.1280
vn 0.2510 0.4268 0.8688
vn 0.9662 0.1442 0.2139
vn 0.3396 0.4678 0.8160
vn 0.3054 0.4584 0.8347
vn 0.9958 0.0887 0.0248
vn 0.9963 0.0849 0.0141
vn -0.4985 0.2103 0.8410
vn -0.3937 0.2950 0.8706
vn 0.7859 0.3550 0.5062
vn 0.7899 0.3518 0.5022
vn 0.4681 0.4641 0.7520
vn 0.4463 0.4665 0.7637
vn 0.8848 0.2967 0.3593
vn 0.8811 0.3028 0.3634
vn 0.9553 0.2032 0.2150
vn 0.9500 0.2246 0.2170
vn 0.6085 0.4245 0.6704
vn 0.6073 0.4247 0.6714
vn 0.9793 0.1588 0.1256
vn 0.9796 0.1596 0.1220
vn 0.9793 0.1586 0.1256
vn 0.9793 0.1585 0.1257
vn 0.3970 0.4696 0.7886
vn 0.3775 0.4612 0.8030
vn -0.6466 0.1625 0.7453
vn -0.6468 0.1624 0.7452
vn -0.6253 0.1749 0.7605
vn 0.5305 0.4573 0.7137
vn 0.5381 0.4563 0.7087
vn -0.2827 0.3720 0.8841
vn -0.3960 0.2915 0.8708
vn 0.9974 0.0333 -0.0638
vn 0.9522 0.2073 0.2242
vn 0.1858 0.4956 0.8485
vn 0.1143 0.4711 0.8746
vn 0.2832 0.5039 0.8160
vn 0.2450 0.4932 0.8347
vn 0.7177 0.4098 0.5631
vn 0.7146 0.4118 0.5655
vn 0.8147 0.3739 0.4431
vn 0.8194 0.3680 0.4395
vn 0.9522 0.2074 0.2242
vn 0.9021 0.3036 0.3067
vn 0.8994 0.3082 0.3100
vn -0.6834 0.0505 0.7283
vn -0.5970 0.1116 0.7944
vn 0.9971 0.0362 -0.0664
vn 0.9976 0.0406 -0.0569
vn 0.6340 0.4527 0.6270
vn 0.4136 0.5114 0.7533
vn 0.3853 0.5135 0.7667
vn -0.6399 0.1551 0.7526
vn -0.5200 0.2401 0.8197
vn -0.6398 0.1552 0.7527
vn -0.2858 0.3679 0.8849
vn -0.1670 0.4420 0.8814
vn 0.3404 0.5111 0.7892
vn 0.3180 0.5016 0.8045
vn 0.1386 0.4796 0.8665
vn 0.1905 0.4736 0.8599
vn 0.1141 0.4710 0.8747
vn 0.2263 0.5374 0.8124
vn 0.1843 0.5254 0.8306
vn 0.9932 0.1157 0.0142
vn 0.9938 0.1113 0.0041
vn 0.5510 0.4853 0.6789
vn 0.5555 0.4847 0.6756
vn 0.9138 0.3076 0.2654
vn 0.9116 0.3113 0.2683
vn -0.1710 0.4373 0.8829
vn -0.0499 0.5029 0.8629
vn -0.5971 0.1115 0.7944
vn 0.4835 0.5105 0.7111
vn 0.4715 0.5116 0.7183
vn -0.5844 0.1318 0.8007
vn -0.6045 0.1191 0.7876
vn 0.7428 0.4294 0.5138
vn 0.7405 0.4309 0.5157
vn 0.9387 0.2686 0.2163
vn 0.9702 0.2089 0.1231
vn -0.3985 0.3935 0.8284
vn -0.3984 0.3936 0.8284
vn -0.3987 0.3934 0.8284
vn -0.4516 0.3696 0.8121
vn 0.9960 0.0417 -0.0785
vn 0.9697 0.2130 0.1193
vn -0.6835 0.0505 0.7282
vn -0.0549 0.4978 0.8655
vn 0.1140 0.4710 0.8747
vn 0.0594 0.5513 0.8322
vn 0.8432 0.3875 0.3727
vn 0.8465 0.3831 0.3697
vn 0.3572 0.5560 0.7505
vn 0.3224 0.5573 0.7652
vn 0.1383 0.4795 0.8666
vn 0.1380 0.4796 0.8666
vn 0.1780 0.5463 0.8185
vn 0.9387 0.2685 0.2163
vn 0.9230 0.3156 0.2201
vn 0.2826 0.5499 0.7860
vn 0.2573 0.5391 0.8020
vn 0.9958 0.0433 -0.0803
vn 0.9962 0.0465 -0.0743
vn 0.6637 0.4817 0.5722
vn 0.6642 0.4815 0.5719
vn 0.1401 0.5642 0.8137
vn 0.0204 0.5151 0.8569
vn 0.5759 0.5175 0.6329
vn 0.5800 0.5156 0.6307
vn -0.4121 0.4077 0.8149
vn -0.3374 0.4399 0.8323
vn -0.4126 0.4074 0.8147
vn -0.6045 0.1191 0.7877
vn 0.7845 0.4292 0.4476
vn 0.7615 0.4459 0.4704
vn 0.9778 0.1784 0.1101
vn 0.9666 0.2173 0.1360
vn 0.9902 0.1397 0.0024
vn 0.9908 0.1350 -0.0073
vn -0.6857 0.0577 0.7256
vn -0.6834 0.0572 0.7278
vn 0.4990 0.5419 0.6763
vn 0.4908 0.5425 0.6817
vn 0.4260 0.5618 0.7091
vn 0.4093 0.5627 0.7183
vn -0.6277 0.1688 0.7599
vn -0.6218 0.1730 0.7639
vn 0.8617 0.3951 0.3183
vn 0.8643 0.3916 0.3157
vn 0.9322 0.2781 0.2315
vn 0.9666 0.2172 0.1360
vn 0.2242 0.5859 0.7788
vn 0.1957 0.5736 0.7954
vn 0.2994 0.5974 0.7439
vn 0.2580 0.5974 0.7593
vn -0.7001 0.0197 0.7137
vn -0.6831 0.0558 0.7282
vn 0.9940 0.0528 -0.0955
vn -0.4019 0.3973 0.8250
vn -0.5459 0.2755 0.7913
vn -0.2204 0.5056 0.8341
vn -0.3940 0.3892 0.8326
vn -0.3944 0.3887 0.8327
vn 0.9692 0.2312 0.0851
vn 0.9732 0.2214 0.0624
vn 0.9940 0.0528 -0.0954
vn 0.9150 0.3395 0.2178
vn 0.9398 0.2992 0.1653
vn -0.3885 0.3832 0.8380
vn -0.4359 0.3635 0.8233
vn 0.6888 0.5041 0.5210
vn 0.6886 0.5042 0.5212
vn 0.1616 0.5718 0.8043
vn 0.1367 0.5760 0.8060
vn 0.0203 0.5149 0.8570
vn 0.8741 0.3995 0.2763
vn 0.8763 0.3964 0.2738
vn 0.1651 0.6186 0.7682
vn 0.1342 0.6050 0.7848
vn -0.1284 0.6039 0.7867
vn -0.1282 0.6039 0.7867
vn -0.1312 0.6031 0.7868
vn 0.5220 0.5751 0.6300
vn 0.5132 0.5783 0.6342
vn 0.9397 0.2993 0.1655
vn 0.9437 0.2977 0.1441
vn 0.9398 0.2992 0.1652
vn -0.5454 0.2914 0.7859
vn -0.5571 0.2847 0.7801
vn 0.2406 0.6355 0.7336
vn 0.1929 0.6336 0.7492
vn 0.6049 0.5497 0.5762
vn 0.6076 0.5484 0.5745
vn 0.7997 0.4673 0.3769
vn 0.7973 0.4700 0.3788
vn 0.7797 0.4556 0.4294
vn -0.6720 0.1028 0.7334
vn -0.6303 0.1794 0.7554
vn 0.9942 0.0488 -0.0958
vn 0.9868 0.1616 -0.0104
vn 0.9874 0.1567 -0.0200
vn 0.0762 0.6183 0.7822
vn 0.0439 0.6034 0.7962
vn 0.3663 0.6095 0.7031
vn 0.3450 0.6097 0.7136
vn 0.4391 0.5955 0.6727
vn 0.4272 0.5960 0.6799
vn -0.3885 0.3831 0.8380
vn 0.9940 0.0495 -0.0976
vn -0.3179 0.4453 0.8371
vn -0.4140 0.4096 0.8129
vn 0.8864 0.4053 0.2236
vn 0.9186 0.3292 0.2185
vn 0.0440 0.6033 0.7963
vn 0.0438 0.6034 0.7962
vn -0.0931 0.6265 0.7739
vn 0.9232 0.3272 0.2017
vn 0.9940 0.0494 -0.0976
vn 0.7088 0.5217 0.4748
vn 0.7092 0.5215 0.4745
vn 0.0762 0.6183 0.7823
vn 0.0846 0.6314 0.7708
vn 0.9913 0.0718 -0.1101
vn 0.9910 0.0660 -0.1166
vn 0.9232 0.3272 0.2016
vn 0.9607 0.2673 0.0744
vn 0.9650 0.2570 0.0518
vn 0.1816 0.6701 0.7197
vn 0.1274 0.6658 0.7352
vn -0.4745 0.3971 0.7856
vn -0.4563 0.4057 0.7919
vn -1.0000 -0.0002 -0.0001
vn 0.8176 0.4774 0.3219
vn 0.8155 0.4798 0.3237
vn 0.0898 0.6241 0.7761
vn -0.4145 0.4094 0.8128
vn -0.4141 0.4097 0.8128
vn -0.6210 0.2067 0.7561
vn -0.5665 0.3074 0.7646
vn -0.5507 0.3226 0.7699
vn 0.3050 0.6533 0.6929
vn 0.2788 0.6525 0.7047
vn 0.9089 0.3775 0.1770
vn 0.9231 0.3540 0.1505
vn 0.6308 0.5737 0.5224
vn 0.6286 0.5748 0.5239
vn 0.9802 0.1958 -0.0280
vn 0.9821 0.1836 -0.0423
vn 0.4605 0.6306 0.6248
vn 0.4467 0.6347 0.6306
vn 0.7253 0.5352 0.4330
vn 0.7259 0.5348 0.4325
vn -0.1318 0.6076 0.7832
vn -0.2511 0.5689 0.7831
vn 0.8957 0.4069 0.1790
vn 0.8885 0.3999 0.2250
vn 0.9231 0.3539 0.1505
vn 0.9249 0.3523 0.1431
vn 0.1358 0.6433 0.7535
vn 0.0851 0.6506 0.7546
vn 0.3770 0.6450 0.6647
vn 0.3610 0.6449 0.6736
vn 0.8955 0.3976 0.2000
vn 0.1224 0.7011 0.7025
vn 0.0624 0.6938 0.7174
vn 0.5468 0.6111 0.5724
vn 0.5405 0.6134 0.5758
vn 0.0139 0.6671 0.7449
vn -0.1158 0.5910 0.7983
vn -0.1317 0.6077 0.7832
vn -0.1375 0.6136 0.7775
vn -0.1120 0.6182 0.7780
vn 0.8297 0.4830 0.2798
vn 0.8276 0.4854 0.2818
vn -0.3751 0.4956 0.7834
vn -1.0000 -0.0006 -0.0003
vn 0.7435 0.5493 0.3815
vn 0.7448 0.5481 0.3807
vn 0.9436 0.3248 0.0644
vn 0.9540 0.2984 0.0293
vn 0.2427 0.6931 0.6788
vn 0.2116 0.6907 0.6914
vn -0.4806 0.4240 0.7676
vn 0.0465 0.7126 0.7001
vn -0.4717 0.1222 0.8732
vn 0.6481 0.5943 0.4762
vn 0.6498 0.5935 0.4749
vn 0.9865 0.0742 -0.1462
vn 0.0028 0.6784 0.7347
vn -0.1755 0.6516 0.7380
vn -0.1157 0.5908 0.7985
vn -1.0000 0.0004 0.0002
vn -0.6332 0.2202 0.7420
vn 0.9861 0.0751 -0.1479
vn 0.9865 0.0803 -0.1427
vn 0.8398 0.4919 0.2297
vn 0.3962 0.6815 0.6153
vn 0.3772 0.6858 0.6224
vn 0.3130 0.6901 0.6525
vn 0.2929 0.6892 0.6627
vn -0.3646 0.5176 0.7740
vn -0.2746 0.5893 0.7598
vn 0.0769 0.6978 0.7121
vn 0.9066 0.4014 0.1303
vn 0.9120 0.3947 0.1116
vn 0.9065 0.4014 0.1308
vn 0.9066 0.4013 0.1306
vn 0.5678 0.6388 0.5192
vn 0.5626 0.6408 0.5224
vn 0.0282 0.7264 0.6866
vn 0.0010 0.7286 0.6849
vn 0.8745 0.4502 0.1802
vn 0.4818 0.6690 0.5659
vn 0.4717 0.6721 0.5708
vn 0.1798 0.7285 0.6611
vn 0.1441 0.7243 0.6743
vn 0.7625 0.5595 0.3249
vn 0.7609 0.5609 0.3261
vn -0.3788 0.5284 0.7598
vn -0.4843 0.4168 0.7693
vn 0.6643 0.6091 0.4333
vn 0.6651 0.6087 0.4326
vn -0.5563 0.3259 0.7644
vn -0.6330 0.2202 0.7422
vn 0.9708 0.2332 -0.0562
vn 0.9728 0.2206 -0.0705
vn -0.2597 0.6135 0.7458
vn -0.1704 0.6704 0.7222
vn 0.8747 0.4499 0.1802
vn 0.8420 0.4875 0.2310
vn 0.8495 0.4950 0.1827
vn -0.5618 0.3405 0.7539
vn 0.2477 0.7305 0.6364
vn 0.2235 0.7283 0.6477
vn 0.3298 0.7275 0.6017
vn 0.3055 0.7313 0.6098
vn 0.1171 0.7594 0.6400
vn 0.0768 0.7530 0.6535
vn 0.7743 0.5659 0.2831
vn 0.7726 0.5676 0.2845
vn 0.6822 0.6242 0.3808
vn 0.6825 0.6240 0.3806
vn 0.9800 0.0827 -0.1810
vn 0.5848 0.6604 0.4711
vn 0.5812 0.6618 0.4735
vn 0.8608 0.4684 0.1993
vn -0.2769 0.6265 0.7286
vn -0.3705 0.5482 0.7498
vn -0.0361 0.7148 0.6984
vn -0.1508 0.6954 0.7026
vn -0.0653 0.7377 0.6720
vn 0.9800 0.0827 -0.1811
vn -0.4860 0.4633 0.7410
vn -0.4771 0.4697 0.7428
vn -0.4744 0.4565 0.7527
vn -0.3830 0.5565 0.7373
vn 0.4138 0.7216 0.5551
vn 0.3996 0.7248 0.5612
vn 0.9224 0.3842 0.0408
vn 0.9336 0.3584 0.0068
vn 0.5002 0.6985 0.5118
vn 0.4921 0.7010 0.5162
vn 0.0345 0.7771 0.6284
vn 0.0263 0.7749 0.6316
vn 0.0346 0.7772 0.6283
vn 0.0344 0.7770 0.6285
vn 0.9797 0.0842 -0.1820
vn 0.9800 0.0863 -0.1795
vn 0.1820 0.7659 0.6167
vn 0.1542 0.7622 0.6287
vn 0.7844 0.5746 0.2336
vn 0.0010 0.7285 0.6850
vn -0.0012 0.7810 0.6245
vn -0.0011 0.7809 0.6246
vn -0.0010 0.7807 0.6249
vn -0.0354 0.7681 0.6394
vn 0.8344 0.5216 0.1781
vn 0.8714 0.4728 0.1308
vn 0.2624 0.7681 0.5841
vn 0.2324 0.7709 0.5930
vn -0.1707 0.7105 0.6827
vn -0.2647 0.6484 0.7138
vn 0.5989 0.6768 0.4282
vn 0.5962 0.6778 0.4301
vn 0.6986 0.6373 0.3253
vn 0.6993 0.6367 0.3248
vn -0.0013 0.7809 0.6247
vn 0.8787 0.4732 0.0620
vn 0.8418 0.5219 0.1377
vn 0.8788 0.4732 0.0621
vn 0.8787 0.4732 0.0623
vn 0.8714 0.4729 0.1307
vn -0.3763 0.5745 0.7269
vn -0.2796 0.6583 0.6989
vn 0.1162 0.7964 0.5936
vn 0.0848 0.7907 0.6063
vn 0.9596 0.2684 -0.0849
vn 0.9617 0.2555 -0.0996
vn -0.3938 0.5847 0.7093
vn -0.3836 0.5922 0.7087
vn -0.3838 0.5920 0.7087
vn -0.0649 0.7780 0.6249
vn -0.1546 0.7327 0.6627
vn 0.5150 0.7213 0.4630
vn 0.5089 0.7233 0.4668
vn 0.3433 0.7683 0.5402
vn 0.3251 0.7712 0.5473
vn 0.6149 0.6931 0.3762
vn 0.6128 0.6944 0.3772
vn 0.7778 0.6019 0.1807
vn 0.8342 0.5218 0.1781
vn 0.7864 0.5714 0.2348
vn 0.7946 0.5798 0.1801
vn 0.1940 0.8033 0.5631
vn 0.1590 0.8045 0.5723
vn 0.9719 0.1008 -0.2129
vn 0.9711 0.0944 -0.2190
vn 0.4290 0.7522 0.5002
vn 0.4177 0.7548 0.5058
vn 0.7107 0.6438 0.2835
vn 0.7094 0.6448 0.2845
vn 0.0313 0.8118 0.5830
vn 0.0393 0.8204 0.5705
vn -0.0013 0.7810 0.6245
vn -0.2695 0.6781 0.6838
vn -0.1718 0.7442 0.6455
vn 0.0013 0.8248 0.5654
vn -0.0000 0.8261 0.5635
vn 0.0013 0.8250 0.5651
vn -0.0397 0.8111 0.5835
vn -0.2941 0.6924 0.6589
vn -0.2842 0.7005 0.6547
vn 0.8980 0.4396 0.0179
vn 0.9102 0.4138 -0.0171
vn 0.1257 0.8329 0.5389
vn 0.0860 0.8318 0.5483
vn 0.5272 0.7387 0.4200
vn 0.5229 0.7401 0.4229
vn 0.7206 0.6523 0.2353
vn 0.0207 0.8229 0.5678
vn 0.7958 0.5779 0.1807
vn 0.7986 0.5802 0.1599
vn 0.2712 0.8090 0.5215
vn 0.2489 0.8110 0.5294
vn 0.7986 0.5802 0.1597
vn -1.0000 0.0002 0.0001
vn -0.0398 0.8112 0.5835
vn -0.1584 0.7639 0.6256
vn -0.0607 0.8133 0.5787
vn 0.6294 0.7076 0.3214
vn 0.6291 0.7077 0.3215
vn 0.4413 0.7757 0.4511
vn 0.4328 0.7778 0.4559
vn 0.3553 0.7993 0.4847
vn 0.3405 0.8017 0.4913
vn 0.9464 0.3024 -0.1137
vn 0.9486 0.2889 -0.1292
vn 0.0220 0.8521 0.5230
vn 0.0620 0.8560 0.5132
vn 0.9712 0.0944 -0.2190
vn -0.2788 0.7120 0.6445
vn -0.1431 0.8025 0.5793
vn -0.1928 0.7836 0.5905
vn 0.5419 0.7555 0.3682
vn 0.5377 0.7576 0.3700
vn -0.0001 0.8262 0.5634
vn 0.0002 0.8251 0.5650
vn 0.9884 0.0347 -0.1481
vn 0.8291 0.5554 0.0649
vn 0.8031 0.5845 0.1153
vn 0.8290 0.5554 0.0652
vn 0.8378 0.5336 0.1156
vn 0.1986 0.8433 0.4995
vn 0.1722 0.8440 0.5080
vn 0.6391 0.7158 0.2816
vn 0.6398 0.7153 0.2811
vn 0.7222 0.6501 0.2362
vn 0.7303 0.6582 0.1828
vn 0.0001 0.8640 0.5035
vn 0.0003 0.8629 0.5054
vn -0.0476 0.8453 0.5321
vn -1.0000 -0.0007 -0.0002
vn -0.0475 0.8451 0.5324
vn -0.0822 0.8429 0.5318
vn -0.0476 0.8452 0.5323
vn 0.4514 0.7936 0.4080
vn 0.4451 0.7951 0.4119
vn 0.9617 0.1535 -0.2273
vn 0.0005 0.8639 0.5036
vn 0.0002 0.8629 0.5053
vn 0.2797 0.8396 0.4656
vn 0.2617 0.8413 0.4730
vn -1.0000 -0.0009 -0.0003
vn -0.2600 0.7056 0.6592
vn 0.3728 0.8297 0.4155
vn 0.2994 0.8502 0.4330
vn 0.1261 0.8713 0.4743
vn 0.0958 0.8702 0.4833
vn 0.8706 0.4920 -0.0037
vn 0.8837 0.4663 -0.0406
vn 0.6493 0.7233 0.2350
vn 0.6505 0.7224 0.2346
vn -0.2597 0.7055 0.6594
vn 0.0008 0.8632 0.5048
vn 0.7985 0.5805 0.1596
vn 0.5542 0.7708 0.3143
vn 0.5527 0.7716 0.3150
vn 0.7527 0.6422 0.1450
vn 0.7313 0.6569 0.1833
vn 0.7354 0.6618 0.1456
vn 0.9366 0.3172 -0.1487
vn 0.4643 0.8106 0.3569
vn 0.4579 0.8132 0.3593
vn 0.0473 0.8916 0.4504
vn 0.0473 0.8915 0.4505
vn 0.0275 0.8889 0.4573
vn 0.2034 0.8730 0.4433
vn 0.1823 0.8735 0.4513
vn 0.7430 0.6513 0.1538
vn -1.0000 0.0013 0.0003
vn -0.2463 0.7810 0.5739
vn 0.9857 0.1575 -0.0600
vn 0.0006 0.8952 0.4457
vn -0.0009 0.8971 0.4419
vn -0.0008 0.8970 0.4421
vn -0.0406 0.8808 0.4717
vn -0.1686 0.8150 0.5544
vn -0.2459 0.7812 0.5739
vn 0.3644 0.8423 0.3972
vn 0.2942 0.8694 0.3969
vn 0.2735 0.8741 0.4015
vn 0.5624 0.7794 0.2759
vn 0.5626 0.7793 0.2758
vn 0.9377 0.3213 -0.1326
vn 0.7803 0.6231 0.0534
vn 0.7709 0.6310 0.0870
vn 0.7803 0.6231 0.0533
vn 0.7804 0.6231 0.0531
vn 0.6581 0.7300 0.1841
vn 0.6590 0.7294 0.1837
vn -1.0000 0.0012 0.0003
vn 0.1272 0.8994 0.4183
vn 0.1032 0.8985 0.4267
vn -0.0404 0.8808 0.4718
vn -0.0407 0.8808 0.4718
vn -0.0712 0.8858 0.4585
vn -0.1295 0.8590 0.4953
vn 0.4742 0.8262 0.3042
vn 0.4715 0.8273 0.3054
vn 0.3835 0.8577 0.3425
vn 0.3748 0.8604 0.3454
vn 0.5717 0.7871 0.2316
vn 0.5722 0.7868 0.2314
vn 0.8754 0.4791 -0.0643
vn 0.8593 0.5095 -0.0447
vn -1.0000 0.0005 0.0001
vn 0.2147 0.9016 0.3755
vn 0.1902 0.9051 0.3803
vn 0.0292 0.8939 0.4472
vn 0.0486 0.9192 0.3909
vn 0.0428 0.9141 0.4032
vn 0.0006 0.8951 0.4459
vn 0.6868 0.7132 0.1405
vn 0.0006 0.8951 0.4458
vn 0.0007 0.8970 0.4420
vn 0.7109 0.6881 0.1454
vn 0.6630 0.7342 0.1465
vn 0.6635 0.7337 0.1462
vn 0.7448 0.6614 0.0886
vn 0.0091 0.9255 0.3787
vn -0.0007 0.9243 0.3817
vn -0.0007 0.9242 0.3819
vn -0.0007 0.9241 0.3820
vn -0.0208 0.9481 0.3174
vn -0.0265 0.9146 0.4035
vn -0.0899 0.8629 0.4974
vn 0.0288 0.9214 0.3876
vn 0.4809 0.8349 0.2676
vn 0.4803 0.8352 0.2679
vn -1.0000 0.0013 0.0006
vn 0.1353 0.9263 0.3518
vn 0.1074 0.9281 0.3566
vn 0.7448 0.6614 0.0888
vn 0.8766 0.4797 -0.0383
vn 0.3006 0.8966 0.3252
vn 0.2895 0.8990 0.3285
vn 0.3908 0.8732 0.2914
vn 0.3866 0.8744 0.2930
vn 0.5795 0.7942 0.1828
vn 0.5799 0.7940 0.1827
vn 0.6673 0.7392 0.0916
vn 0.6760 0.7216 0.1494
vn 0.7483 0.6579 0.0853
vn 0.7277 0.6848 0.0380
vn 0.7844 0.6201 0.0103
vn 0.7145 0.6956 0.0750
vn 0.0502 0.9406 0.3358
vn 0.0569 0.9413 0.3328
vn 0.0287 0.9214 0.3876
vn 0.4890 0.8425 0.2258
vn 0.4886 0.8428 0.2259
vn 0.0020 0.9421 0.3353
vn 0.2167 0.9272 0.3056
vn 0.2036 0.9290 0.3091
vn 0.3957 0.8818 0.2567
vn 0.3944 0.8822 0.2574
vn 0.5837 0.7986 0.1467
vn 0.5840 0.7984 0.1466
vn 0.3050 0.9115 0.2761
vn 0.2997 0.9126 0.2781
vn 0.6365 0.7622 0.1183
vn 0.6363 0.7623 0.1182
vn 0.0460 0.9426 0.3308
vn -0.0184 0.9479 0.3179
vn 0.0020 0.9623 0.2721
vn 0.1332 0.9496 0.2839
vn 0.1180 0.9504 0.2877
vn 0.7730 0.6111 0.1704
vn 0.4955 0.8498 0.1798
vn 0.4953 0.8499 0.1798
vn 0.4025 0.8891 0.2179
vn 0.4012 0.8896 0.2183
vn 0.5861 0.8015 0.1187
vn 0.0359 0.9620 0.2708
vn -0.0007 0.9647 0.2634
vn 0.0466 0.9625 0.2672
vn 0.2185 0.9409 0.2587
vn 0.2119 0.9418 0.2610
vn 0.6669 0.7394 0.0930
vn 0.3083 0.9196 0.2437
vn 0.3061 0.9200 0.2447
vn -0.0008 0.9647 0.2634
vn 0.5550 0.8122 0.1798
vn 0.5857 0.8019 0.1184
vn 0.4990 0.8543 0.1454
vn 0.4989 0.8544 0.1454
vn 0.1321 0.9618 0.2396
vn 0.1244 0.9622 0.2421
vn 0.3137 0.9264 0.2081
vn 0.3113 0.9271 0.2086
vn 0.2199 0.9483 0.2287
vn 0.2170 0.9487 0.2299
vn 0.4077 0.8962 0.1749
vn 0.4069 0.8965 0.1752
vn 0.0371 0.9747 0.2206
vn 0.0006 0.9769 0.2136
vn 0.0352 0.9746 0.2211
vn 0.0372 0.9747 0.2206
vn 0.0006 0.9793 0.2025
vn -0.0040 0.9772 0.2123
vn -0.0040 0.9772 0.2124
vn 0.5004 0.8565 0.1268
vn 0.5604 0.8197 0.1184
vn 0.1318 0.9683 0.2123
vn 0.1284 0.9684 0.2136
vn 0.2240 0.9546 0.1966
vn 0.2207 0.9552 0.1973
vn 0.4104 0.9007 0.1426
vn 0.4100 0.9009 0.1428
vn 0.0354 0.9802 0.1950
vn 0.0494 0.9808 0.1886
vn 0.3173 0.9332 0.1685
vn 0.3161 0.9336 0.1689
vn 0.0010 0.9837 0.1800
vn 0.1346 0.9737 0.1837
vn 0.1304 0.9742 0.1845
vn 0.4755 0.8718 0.1179
vn 0.0374 0.9848 0.1699
vn 0.0668 0.9840 0.1652
vn 0.0351 0.9819 0.1861
vn 0.0351 0.9819 0.1859
vn 0.0010 0.9837 0.1798
vn -0.0027 0.9877 0.1562
vn 0.4114 0.9028 0.1252
vn 0.4756 0.8717 0.1179
vn 0.2261 0.9607 0.1607
vn 0.2243 0.9611 0.1612
vn 0.3193 0.9375 0.1386
vn 0.3186 0.9377 0.1388
vn -0.0024 0.9878 0.1556
vn 0.1353 0.9791 0.1517
vn 0.1328 0.9794 0.1522
vn 0.3861 0.9151 0.1161
vn 0.0468 0.9887 0.1426
vn 0.0518 0.9887 0.1405
vn 0.0388 0.9861 0.1613
vn 0.3199 0.9395 0.1224
vn 0.3862 0.9151 0.1162
vn 0.2272 0.9647 0.1333
vn 0.2262 0.9649 0.1336
vn -0.0024 0.9878 0.1555
vn 0.0007 0.9908 0.1351
vn 0.1355 0.9826 0.1270
vn 0.1342 0.9827 0.1273
vn 0.0437 0.9892 0.1397
vn 0.0007 0.9918 0.1281
vn -0.0064 0.9909 0.1343
vn 0.0053 0.9937 0.1120
vn 0.0041 0.9934 0.1146
vn 0.0042 0.9934 0.1146
vn 0.0030 0.9930 0.1182
vn 0.0023 0.9927 0.1209
vn 0.2942 0.9490 0.1134
vn 0.2273 0.9666 0.1186
vn 0.2940 0.9490 0.1134
vn 0.0451 0.9917 0.1204
vn 0.0454 0.9917 0.1203
vn 0.0451 0.9917 0.1205
vn -0.0000 0.9932 0.1165
vn 0.0021 0.9939 0.1105
vn -0.0001 0.9932 0.1167
vn 0.1985 0.9741 0.1085
vn 0.1352 0.9842 0.1144
vn -0.0000 0.0005 -1.0000
vn 0.0990 0.9898 0.1025
vn 0.0992 0.9898 0.1025
vn 0.0440 0.9935 0.1053
vn 0.0437 0.9930 0.1094
vn -0.0000 0.9943 0.1064
vn 0.0004 0.9947 0.1025
vn 0.0242 0.9943 0.1038
vn 0.0003 0.9946 0.1036
vn -0.0000 0.9948 0.1022
vn 0.0004 0.9948 0.1016
vn 0.0008 0.9949 0.1006
vn 0.0008 0.9949 0.1007
vn 0.0009 0.9949 0.1004
vn 0.0009 0.9949 0.1005
vn 0.0008 0.9949 0.1008
vn 0.0006 0.9948 0.1018
vn 0.0003 0.9946 0.1039
vn 0.0003 0.0017 -1.0000
vn -0.0000 -0.0015 -1.0000
s 0
usemtl Material.023
f 1//1 2//1 3//1
f 2//2 4//2 3//2
f 4//3 5//3 3//3
f 5//4 1//4 3//4
f 1//5 6//5 2//5
f 6//6 4//6 2//6
f 4//7 7//7 5//7
f 7//8 8//8 5//8
f 8//9 1//9 5//9
f 4//10 9//10 7//10
f 9//11 10//11 7//11
f 10//12 8//12 7//12
f 4//13 11//13 9//13
f 11//14 12//14 9//14
f 12//15 10//15 9//15
f 4//16 13//16 11//16
f 13//17 14//17 11//17
f 14//18 12//18 11//18
f 1//5 15//5 6//5
f 15//19 16//19 6//19
f 16//20 4//20 6//20
f 1//21 17//21 15//21
f 17//22 18//22 15//22
f 18//23 16//23 15//23
f 19//24 20//24 13//24
f 21//25 19//25 13//25
f 4//26 21//26 13//26
f 20//27 22//27 13//27
f 22//28 14//28 13//28
f 19//29 23//29 20//29
f 23//30 24//30 20//30
f 24//31 22//31 20//31
f 19//32 25//32 23//32
f 25//33 26//33 23//33
f 26//34 24//34 23//34
f 19//32 27//32 25//32
f 27//35 28//35 25//35
f 28//36 26//36 25//36
f 19//37 29//37 27//37
f 29//38 30//38 27//38
f 30//39 28//39 27//39
f 1//21 31//21 17//21
f 31//40 18//40 17//40
f 19//41 32//41 29//41
f 32//42 33//42 29//42
f 33//43 30//43 29//43
f 1//5 34//5 31//5
f 34//44 35//44 31//44
f 35//45 18//45 31//45
f 16//46 21//46 4//46
f 19//47 36//47 32//47
f 36//48 37//48 32//48
f 37//49 33//49 32//49
f 19//50 38//50 36//50
f 38//51 39//51 36//51
f 39//52 37//52 36//52
f 40//53 21//53 16//53
f 41//54 40//54 16//54
f 18//55 41//55 16//55
f 19//56 42//56 38//56
f 42//57 43//57 38//57
f 43//58 39//58 38//58
f 19//59 44//59 42//59
f 44//60 43//60 42//60
f 40//61 19//61 21//61
f 19//62 45//62 44//62
f 45//63 43//63 44//63
f 46//64 41//64 18//64
f 35//65 46//65 18//65
f 1//5 47//5 34//5
f 47//44 35//44 34//44
f 19//66 48//66 45//66
f 48//67 49//67 45//67
f 49//68 50//68 45//68
f 50//69 51//69 45//69
f 51//70 52//70 45//70
f 53//71 43//71 45//71
f 52//72 53//72 45//72
f 40//61 48//61 19//61
f 1//73 54//73 47//73
f 54//74 55//74 47//74
f 55//75 35//75 47//75
f 56//76 51//76 50//76
f 49//77 57//77 50//77
f 57//77 58//77 50//77
f 58//78 56//78 50//78
f 40//79 49//79 48//79
f 41//80 59//80 40//80
f 59//81 60//81 40//81
f 60//82 49//82 40//82
f 61//83 46//83 35//83
f 55//84 61//84 35//84
f 60//85 57//85 49//85
f 46//86 62//86 41//86
f 62//87 59//87 41//87
f 1//73 63//73 54//73
f 63//74 55//74 54//74
f 1//88 64//88 63//88
f 64//89 65//89 63//89
f 65//90 55//90 63//90
f 60//91 58//91 57//91
f 66//92 58//92 60//92
f 67//93 66//93 60//93
f 68//94 67//94 60//94
f 59//95 68//95 60//95
f 61//96 69//96 46//96
f 69//97 62//97 46//97
f 70//98 61//98 55//98
f 65//99 70//99 55//99
f 66//100 56//100 58//100
f 62//101 71//101 59//101
f 71//102 68//102 59//102
f 1//88 72//88 64//88
f 72//103 65//103 64//103
f 73//76 51//76 56//76
f 74//100 75//100 56//100
f 75//104 76//104 56//104
f 76//105 73//105 56//105
f 66//100 74//100 56//100
f 67//106 74//106 66//106
f 1//107 77//107 72//107
f 77//108 78//108 72//108
f 78//109 65//109 72//109
f 70//110 79//110 61//110
f 79//111 69//111 61//111
f 80//112 71//112 62//112
f 69//113 80//113 62//113
f 67//106 75//106 74//106
f 81//114 70//114 65//114
f 78//115 81//115 65//115
f 67//116 76//116 75//116
f 82//117 76//117 67//117
f 83//118 82//118 67//118
f 68//119 83//119 67//119
f 84//120 83//120 68//120
f 71//121 84//121 68//121
f 85//122 80//122 69//122
f 79//123 85//123 69//123
f 1//107 86//107 77//107
f 86//124 78//124 77//124
f 81//125 87//125 70//125
f 87//126 79//126 70//126
f 1//127 88//127 86//127
f 88//128 78//128 86//128
f 82//129 89//129 76//129
f 89//130 73//130 76//130
f 80//131 84//131 71//131
f 82//132 90//132 89//132
f 90//133 73//133 89//133
f 88//134 91//134 78//134
f 91//135 92//135 78//135
f 92//136 93//136 78//136
f 93//137 81//137 78//137
f 94//76 51//76 73//76
f 90//138 95//138 73//138
f 95//139 96//139 73//139
f 96//140 97//140 73//140
f 97//141 94//141 73//141
f 83//142 98//142 82//142
f 98//143 90//143 82//143
f 98//144 95//144 90//144
f 99//145 83//145 84//145
f 100//146 99//146 84//146
f 80//147 100//147 84//147
f 1//1 101//1 88//1
f 101//148 91//148 88//148
f 102//149 85//149 79//149
f 87//150 102//150 79//150
f 85//151 100//151 80//151
f 99//152 103//152 83//152
f 103//153 98//153 83//153
f 98//154 96//154 95//154
f 104//155 87//155 81//155
f 93//156 104//156 81//156
f 1//1 105//1 101//1
f 105//157 91//157 101//157
f 98//158 97//158 96//158
f 106//159 92//159 91//159
f 105//160 106//160 91//160
f 107//161 97//161 98//161
f 103//162 107//162 98//162
f 108//163 109//163 99//163
f 109//164 103//164 99//164
f 100//165 108//165 99//165
f 110//166 108//166 100//166
f 85//167 110//167 100//167
f 111//168 112//168 92//168
f 106//169 113//169 92//169
f 113//170 111//170 92//170
f 112//171 93//171 92//171
f 102//172 110//172 85//172
f 114//173 107//173 103//173
f 109//174 114//174 103//174
f 115//175 102//175 87//175
f 104//176 115//176 87//176
f 107//177 116//177 97//177
f 116//178 94//178 97//178
f 117//76 51//76 94//76
f 118//179 117//179 94//179
f 116//180 118//180 94//180
f 107//181 119//181 116//181
f 119//182 118//182 116//182
f 1//1 120//1 105//1
f 120//183 121//183 105//183
f 121//184 106//184 105//184
f 1//1 122//1 120//1
f 122//185 121//185 120//185
f 123//186 124//186 108//186
f 124//187 109//187 108//187
f 110//188 123//188 108//188
f 121//189 113//189 106//189
f 125//190 111//190 113//190
f 121//191 125//191 113//191
f 126//192 114//192 109//192
f 124//193 126//193 109//193
f 127//194 123//194 110//194
f 102//195 127//195 110//195
f 112//196 128//196 93//196
f 128//197 104//197 93//197
f 107//198 129//198 119//198
f 129//199 118//199 119//199
f 114//200 130//200 107//200
f 130//201 129//201 107//201
f 131//76 51//76 117//76
f 118//202 131//202 117//202
f 132//203 51//203 131//203
f 118//204 132//204 131//204
f 130//205 133//205 129//205
f 133//206 118//206 129//206
f 115//207 127//207 102//207
f 133//208 134//208 118//208
f 135//209 132//209 118//209
f 134//210 135//210 118//210
f 1//1 136//1 122//1
f 136//211 137//211 122//211
f 137//212 121//212 122//212
f 138//213 139//213 123//213
f 139//214 124//214 123//214
f 127//215 138//215 123//215
f 126//216 140//216 114//216
f 140//217 130//217 114//217
f 141//218 142//218 121//218
f 142//219 125//219 121//219
f 137//220 141//220 121//220
f 143//221 126//221 124//221
f 139//222 143//222 124//222
f 142//223 111//223 125//223
f 144//224 115//224 104//224
f 128//225 144//225 104//225
f 142//226 112//226 111//226
f 130//205 145//205 133//205
f 145//227 134//227 133//227
f 146//228 112//228 142//228
f 141//229 146//229 142//229
f 147//230 138//230 127//230
f 115//231 147//231 127//231
f 1//1 148//1 136//1
f 148//232 137//232 136//232
f 149//233 145//233 130//233
f 150//234 149//234 130//234
f 140//235 150//235 130//235
f 151//76 51//76 132//76
f 135//236 151//236 132//236
f 152//76 51//76 151//76
f 135//237 152//237 151//237
f 145//238 153//238 134//238
f 153//239 135//239 134//239
f 149//240 154//240 145//240
f 154//241 155//241 145//241
f 155//242 153//242 145//242
f 143//243 156//243 126//243
f 156//244 140//244 126//244
f 146//245 157//245 112//245
f 157//246 158//246 112//246
f 158//247 128//247 112//247
f 141//248 157//248 146//248
f 159//249 150//249 140//249
f 156//250 159//250 140//250
f 155//251 135//251 153//251
f 160//252 158//252 157//252
f 141//253 160//253 157//253
f 161//254 143//254 139//254
f 162//255 161//255 139//255
f 138//256 162//256 139//256
f 163//257 135//257 155//257
f 154//258 163//258 155//258
f 150//259 164//259 149//259
f 164//260 154//260 149//260
f 144//261 147//261 115//261
f 165//262 162//262 138//262
f 147//263 165//263 138//263
f 1//1 166//1 148//1
f 166//264 167//264 148//264
f 167//265 137//265 148//265
f 150//266 168//266 164//266
f 168//267 154//267 164//267
f 167//268 169//268 137//268
f 169//269 141//269 137//269
f 170//270 51//270 152//270
f 135//271 170//271 152//271
f 171//272 170//272 135//272
f 163//273 171//273 135//273
f 161//274 172//274 143//274
f 172//275 156//275 143//275
f 159//276 173//276 150//276
f 173//277 174//277 150//277
f 174//278 168//278 150//278
f 175//279 159//279 156//279
f 172//280 175//280 156//280
f 176//281 51//281 170//281
f 171//282 176//282 170//282
f 158//283 177//283 128//283
f 177//284 144//284 128//284
f 178//285 160//285 141//285
f 169//286 178//286 141//286
f 179//287 165//287 147//287
f 144//288 179//288 147//288
f 174//289 154//289 168//289
f 180//290 181//290 171//290
f 181//291 176//291 171//291
f 163//292 182//292 171//292
f 182//293 180//293 171//293
f 1//1 183//1 166//1
f 183//294 167//294 166//294
f 175//295 184//295 159//295
f 184//296 173//296 159//296
f 185//297 161//297 162//297
f 186//298 185//298 162//298
f 165//299 186//299 162//299
f 187//300 158//300 160//300
f 178//301 187//301 160//301
f 173//302 188//302 174//302
f 189//303 154//303 174//303
f 188//304 189//304 174//304
f 189//305 163//305 154//305
f 1//1 190//1 183//1
f 190//306 191//306 183//306
f 191//307 167//307 183//307
f 161//308 192//308 172//308
f 193//309 175//309 172//309
f 192//310 193//310 172//310
f 185//311 192//311 161//311
f 181//312 51//312 176//312
f 194//313 169//313 167//313
f 191//314 195//314 167//314
f 195//315 194//315 167//315
f 196//316 186//316 165//316
f 179//317 196//317 165//317
f 173//318 197//318 188//318
f 197//319 189//319 188//319
f 187//320 198//320 158//320
f 198//321 199//321 158//321
f 199//322 177//322 158//322
f 177//323 200//323 144//323
f 200//324 179//324 144//324
f 178//325 198//325 187//325
f 197//326 201//326 189//326
f 202//327 163//327 189//327
f 201//328 202//328 189//328
f 180//329 51//329 181//329
f 173//330 203//330 197//330
f 203//331 204//331 197//331
f 204//332 205//332 197//332
f 205//333 201//333 197//333
f 193//334 206//334 175//334
f 206//335 184//335 175//335
f 194//336 207//336 169//336
f 207//337 178//337 169//337
f 208//338 51//338 180//338
f 209//339 208//339 180//339
f 182//340 210//340 180//340
f 210//341 209//341 180//341
f 211//342 203//342 173//342
f 212//343 211//343 173//343
f 184//344 212//344 173//344
f 213//345 182//345 163//345
f 202//346 213//346 163//346
f 205//347 213//347 202//347
f 201//348 205//348 202//348
f 214//349 196//349 179//349
f 200//350 214//350 179//350
f 199//351 215//351 177//351
f 215//352 200//352 177//352
f 185//353 216//353 192//353
f 217//354 193//354 192//354
f 216//355 217//355 192//355
f 218//356 185//356 186//356
f 219//357 218//357 186//357
f 196//358 219//358 186//358
f 220//359 212//359 184//359
f 206//360 220//360 184//360
f 211//361 204//361 203//361
f 221//362 198//362 178//362
f 207//363 221//363 178//363
f 218//364 216//364 185//364
f 217//365 222//365 193//365
f 222//366 206//366 193//366
f 1//1 223//1 190//1
f 223//367 191//367 190//367
f 210//368 208//368 209//368
f 204//369 213//369 205//369
f 224//370 210//370 182//370
f 213//371 224//371 182//371
f 223//372 195//372 191//372
f 225//373 207//373 194//373
f 195//374 226//374 194//374
f 226//374 227//374 194//374
f 227//375 225//375 194//375
f 223//376 226//376 195//376
f 228//377 219//377 196//377
f 214//378 228//378 196//378
f 221//379 199//379 198//379
f 229//380 220//380 206//380
f 222//381 229//381 206//381
f 230//382 224//382 213//382
f 204//383 230//383 213//383
f 212//384 231//384 211//384
f 231//361 204//361 211//361
f 232//385 51//385 208//385
f 210//386 233//386 208//386
f 233//387 232//387 208//387
f 215//388 234//388 200//388
f 234//389 214//389 200//389
f 235//390 215//390 199//390
f 221//391 235//391 199//391
f 236//392 215//392 235//392
f 221//393 236//393 235//393
f 225//394 237//394 207//394
f 237//395 221//395 207//395
f 218//396 238//396 216//396
f 239//397 217//397 216//397
f 238//398 239//398 216//398
f 240//399 233//399 210//399
f 224//400 240//400 210//400
f 239//401 241//401 217//401
f 241//402 222//402 217//402
f 231//403 242//403 204//403
f 242//404 230//404 204//404
f 243//405 231//405 212//405
f 220//406 244//406 212//406
f 244//407 245//407 212//407
f 245//408 243//408 212//408
f 230//409 246//409 224//409
f 246//410 240//410 224//410
f 247//411 215//411 236//411
f 221//393 247//393 236//393
f 219//412 248//412 218//412
f 248//413 238//413 218//413
f 231//414 243//414 242//414
f 243//415 249//415 242//415
f 249//404 230//404 242//404
f 250//416 228//416 214//416
f 234//417 250//417 214//417
f 251//418 51//418 232//418
f 233//419 251//419 232//419
f 252//420 248//420 219//420
f 228//377 252//377 219//377
f 253//421 229//421 222//421
f 241//422 253//422 222//422
f 254//423 227//423 226//423
f 223//424 254//424 226//424
f 255//425 249//425 243//425
f 245//426 255//426 243//426
f 247//427 256//427 215//427
f 256//428 234//428 215//428
f 255//429 230//429 249//429
f 255//430 257//430 230//430
f 257//431 246//431 230//431
f 229//432 258//432 220//432
f 258//433 244//433 220//433
f 259//434 260//434 227//434
f 254//435 259//435 227//435
f 260//436 225//436 227//436
f 261//437 251//437 233//437
f 262//438 261//438 233//438
f 240//439 262//439 233//439
f 244//440 263//440 245//440
f 264//441 255//441 245//441
f 263//442 264//442 245//442
f 265//443 266//443 225//443
f 266//444 267//444 225//444
f 267//445 237//445 225//445
f 260//443 265//443 225//443
f 246//446 268//446 240//446
f 268//447 262//447 240//447
f 269//448 247//448 221//448
f 237//449 269//449 221//449
f 270//450 252//450 228//450
f 250//451 270//451 228//451
f 271//452 272//452 239//452
f 272//453 241//453 239//453
f 238//454 271//454 239//454
f 248//455 273//455 238//455
f 273//456 271//456 238//456
f 274//457 51//457 251//457
f 261//458 274//458 251//458
f 257//459 275//459 246//459
f 275//460 268//460 246//460
f 276//461 253//461 241//461
f 272//462 276//462 241//462
f 277//463 263//463 244//463
f 278//464 277//464 244//464
f 258//465 278//465 244//465
f 253//466 279//466 229//466
f 279//467 258//467 229//467
f 280//385 51//385 274//385
f 261//468 280//468 274//468
f 256//469 281//469 234//469
f 281//470 250//470 234//470
f 282//471 256//471 247//471
f 269//472 282//472 247//472
f 264//473 257//473 255//473
f 277//474 283//474 264//474
f 263//475 277//475 264//475
f 284//476 257//476 264//476
f 283//477 284//477 264//477
f 285//478 286//478 260//478
f 286//479 287//479 260//479
f 287//480 288//480 260//480
f 288//481 289//481 260//481
f 289//482 290//482 260//482
f 290//483 291//483 260//483
f 291//484 265//484 260//484
f 259//478 285//478 260//478
f 252//485 292//485 248//485
f 292//486 273//486 248//486
f 267//487 293//487 237//487
f 293//488 269//488 237//488
f 268//489 294//489 262//489
f 294//490 295//490 262//490
f 295//491 261//491 262//491
f 296//492 280//492 261//492
f 295//493 296//493 261//493
f 297//494 292//494 252//494
f 270//495 297//495 252//495
f 291//484 266//484 265//484
f 298//496 278//496 258//496
f 279//497 298//497 258//497
f 299//498 275//498 257//498
f 284//499 299//499 257//499
f 275//500 300//500 268//500
f 300//501 294//501 268//501
f 301//471 256//471 282//471
f 269//502 301//502 282//502
f 302//503 270//503 250//503
f 281//504 302//504 250//504
f 291//505 303//505 266//505
f 303//506 267//506 266//506
f 276//507 304//507 253//507
f 304//508 279//508 253//508
f 305//509 306//509 271//509
f 306//510 272//510 271//510
f 273//511 305//511 271//511
f 301//512 307//512 256//512
f 307//513 308//513 256//513
f 308//514 309//514 256//514
f 309//515 281//515 256//515
f 310//516 276//516 272//516
f 306//517 310//517 272//517
f 292//518 311//518 273//518
f 311//519 305//519 273//519
f 269//520 307//520 301//520
f 312//521 300//521 275//521
f 313//522 312//522 275//522
f 299//523 313//523 275//523
f 314//76 51//76 280//76
f 296//524 314//524 280//524
f 315//525 293//525 267//525
f 303//526 316//526 267//526
f 316//527 315//527 267//527
f 317//528 298//528 279//528
f 304//529 317//529 279//529
f 318//530 283//530 277//530
f 278//531 318//531 277//531
f 319//76 51//76 314//76
f 296//532 319//532 314//532
f 320//533 297//533 270//533
f 302//534 320//534 270//534
f 321//535 319//535 296//535
f 322//536 321//536 296//536
f 295//537 322//537 296//537
f 300//538 323//538 294//538
f 323//539 324//539 294//539
f 324//540 295//540 294//540
f 318//541 284//541 283//541
f 310//542 325//542 276//542
f 325//543 304//543 276//543
f 326//544 308//544 269//544
f 308//545 307//545 269//545
f 293//546 326//546 269//546
f 297//547 327//547 292//547
f 327//548 311//548 292//548
f 298//549 328//549 278//549
f 328//550 329//550 278//550
f 329//551 318//551 278//551
f 330//552 331//552 300//552
f 312//553 330//553 300//553
f 331//554 332//554 300//554
f 332//555 323//555 300//555
f 309//556 333//556 281//556
f 333//557 302//557 281//557
f 334//558 284//558 318//558
f 329//559 334//559 318//559
f 291//505 316//505 303//505
f 335//560 317//560 304//560
f 325//561 335//561 304//561
f 291//562 336//562 316//562
f 336//563 315//563 316//563
f 334//564 337//564 284//564
f 337//565 299//565 284//565
f 338//566 310//566 306//566
f 339//567 338//567 306//567
f 305//568 339//568 306//568
f 340//569 339//569 305//569
f 311//570 340//570 305//570
f 341//571 327//571 297//571
f 320//572 341//572 297//572
f 342//76 51//76 319//76
f 321//573 342//573 319//573
f 324//574 343//574 295//574
f 343//575 322//575 295//575
f 344//576 345//576 298//576
f 345//577 328//577 298//577
f 346//578 344//578 298//578
f 317//579 346//579 298//579
f 315//580 347//580 293//580
f 347//581 326//581 293//581
f 348//582 309//582 308//582
f 326//583 348//583 308//583
f 322//584 342//584 321//584
f 349//585 320//585 302//585
f 333//586 349//586 302//586
f 350//312 51//312 342//312
f 322//587 351//587 342//587
f 352//588 350//588 342//588
f 351//589 352//589 342//589
f 327//590 353//590 311//590
f 353//591 340//591 311//591
f 332//592 354//592 323//592
f 354//593 355//593 323//593
f 355//594 324//594 323//594
f 337//595 313//595 299//595
f 337//596 312//596 313//596
f 338//597 356//597 310//597
f 356//598 325//598 310//598
f 357//582 309//582 348//582
f 326//599 357//599 348//599
f 328//600 334//600 329//600
f 357//601 333//601 309//601
f 358//602 335//602 325//602
f 356//603 358//603 325//603
f 359//583 357//583 326//583
f 360//604 359//604 326//604
f 347//605 360//605 326//605
f 361//606 330//606 312//606
f 337//607 361//607 312//607
f 362//608 346//608 317//608
f 335//609 362//609 317//609
f 345//610 334//610 328//610
f 359//611 333//611 357//611
f 363//612 364//612 315//612
f 365//613 363//613 315//613
f 364//614 347//614 315//614
f 336//615 365//615 315//615
f 366//616 341//616 320//616
f 349//617 366//617 320//617
f 343//618 367//618 322//618
f 367//619 351//619 322//619
f 361//620 331//620 330//620
f 368//621 332//621 331//621
f 361//622 368//622 331//622
f 341//623 369//623 327//623
f 369//624 353//624 327//624
f 370//625 343//625 324//625
f 355//626 371//626 324//626
f 371//626 370//626 324//626
f 372//627 338//627 339//627
f 373//628 372//628 339//628
f 340//629 373//629 339//629
f 291//630 365//630 336//630
f 344//631 334//631 345//631
f 374//632 333//632 359//632
f 360//633 374//633 359//633
f 364//634 375//634 347//634
f 375//635 360//635 347//635
f 376//636 373//636 340//636
f 353//637 376//637 340//637
f 377//76 51//76 350//76
f 378//638 379//638 350//638
f 352//638 380//638 350//638
f 380//639 381//639 350//639
f 381//638 378//638 350//638
f 379//638 382//638 350//638
f 382//639 383//639 350//639
f 383//638 377//638 350//638
f 346//640 384//640 344//640
f 384//641 334//641 344//641
f 291//642 363//642 365//642
f 385//643 333//643 374//643
f 360//644 385//644 374//644
f 386//645 362//645 335//645
f 358//646 386//646 335//646
f 385//647 387//647 333//647
f 387//648 349//648 333//648
f 372//649 388//649 338//649
f 388//650 356//650 338//650
f 384//651 389//651 334//651
f 389//652 390//652 334//652
f 390//653 337//653 334//653
f 391//654 358//654 356//654
f 388//655 391//655 356//655
f 392//656 369//656 341//656
f 366//657 392//657 341//657
f 368//658 354//658 332//658
f 393//659 394//659 363//659
f 394//630 395//630 363//630
f 291//660 393//660 363//660
f 395//661 364//661 363//661
f 396//662 355//662 354//662
f 368//663 396//663 354//663
f 362//664 397//664 346//664
f 397//665 398//665 346//665
f 398//666 384//666 346//666
f 395//667 399//667 364//667
f 399//668 400//668 364//668
f 400//669 375//669 364//669
f 401//670 352//670 351//670
f 367//671 402//671 351//671
f 402//672 401//672 351//672
f 369//673 403//673 353//673
f 403//674 376//674 353//674
f 404//675 367//675 343//675
f 405//676 404//676 343//676
f 370//676 406//676 343//676
f 406//677 405//677 343//677
f 407//678 385//678 360//678
f 375//679 407//679 360//679
f 398//680 389//680 384//680
f 408//681 361//681 337//681
f 390//682 408//682 337//682
f 409//683 366//683 349//683
f 387//684 409//684 349//684
f 397//685 389//685 398//685
f 362//686 410//686 397//686
f 410//687 411//687 397//687
f 411//688 389//688 397//688
f 412//689 386//689 358//689
f 391//690 412//690 358//690
f 413//691 410//691 362//691
f 386//692 414//692 362//692
f 414//693 415//693 362//693
f 415//694 413//694 362//694
f 396//695 371//695 355//695
f 396//696 370//696 371//696
f 394//697 399//697 395//697
f 400//698 416//698 375//698
f 416//699 417//699 375//699
f 417//700 407//700 375//700
f 418//701 372//701 373//701
f 419//702 418//702 373//702
f 376//703 419//703 373//703
f 394//704 420//704 399//704
f 420//705 400//705 399//705
f 421//706 406//706 370//706
f 396//707 421//707 370//707
f 422//708 368//708 361//708
f 408//709 422//709 361//709
f 411//710 390//710 389//710
f 423//711 391//711 388//711
f 424//712 423//712 388//712
f 372//713 424//713 388//713
f 425//714 387//714 385//714
f 407//715 425//715 385//715
f 426//716 392//716 366//716
f 409//717 426//717 366//717
f 418//718 424//718 372//718
f 401//639 380//639 352//639
f 392//719 427//719 369//719
f 427//720 403//720 369//720
f 428//721 419//721 376//721
f 403//722 428//722 376//722
f 429//723 387//723 425//723
f 407//724 429//724 425//724
f 430//725 402//725 367//725
f 404//726 430//726 367//726
f 402//638 380//638 401//638
f 420//727 416//727 400//727
f 431//728 387//728 429//728
f 407//729 431//729 429//729
f 412//730 432//730 386//730
f 432//731 414//731 386//731
f 421//732 405//732 406//732
f 433//733 404//733 405//733
f 421//734 433//734 405//734
f 434//735 396//735 368//735
f 422//736 434//736 368//736
f 435//737 412//737 391//737
f 423//738 435//738 391//738
f 436//739 431//739 407//739
f 417//740 436//740 407//740
f 413//741 411//741 410//741
f 437//742 427//742 392//742
f 426//743 437//743 392//743
f 431//744 438//744 387//744
f 438//745 439//745 387//745
f 439//746 409//746 387//746
f 427//747 440//747 403//747
f 440//748 428//748 403//748
f 394//704 416//704 420//704
f 415//749 411//749 413//749
f 441//638 380//638 402//638
f 430//750 441//750 402//750
f 442//751 390//751 411//751
f 443//752 442//752 411//752
f 415//753 444//753 411//753
f 444//754 443//754 411//754
f 445//755 446//755 424//755
f 446//756 423//756 424//756
f 418//757 445//757 424//757
f 435//758 447//758 412//758
f 447//759 432//759 412//759
f 448//760 449//760 417//760
f 416//761 450//761 417//761
f 450//762 448//762 417//762
f 449//763 436//763 417//763
f 394//764 450//764 416//764
f 451//765 421//765 396//765
f 434//766 451//766 396//766
f 452//767 418//767 419//767
f 453//768 452//768 419//768
f 428//769 453//769 419//769
f 414//770 444//770 415//770
f 433//771 430//771 404//771
f 452//772 445//772 418//772
f 454//773 441//773 430//773
f 433//774 454//774 430//774
f 455//775 426//775 409//775
f 439//776 455//776 409//776
f 432//777 456//777 414//777
f 456//778 444//778 414//778
f 436//779 438//779 431//779
f 457//780 408//780 390//780
f 442//781 457//781 390//781
f 458//782 435//782 423//782
f 446//783 458//783 423//783
f 456//784 443//784 444//784
f 459//785 453//785 428//785
f 440//786 459//786 428//786
f 437//787 460//787 427//787
f 460//788 440//788 427//788
f 461//789 433//789 421//789
f 451//790 461//790 421//790
f 462//791 437//791 426//791
f 455//792 462//792 426//792
f 463//793 422//793 408//793
f 457//794 463//794 408//794
f 458//795 464//795 435//795
f 464//796 447//796 435//796
f 394//797 448//797 450//797
f 465//798 466//798 432//798
f 466//799 456//799 432//799
f 447//800 465//800 432//800
f 454//638 380//638 441//638
f 467//801 439//801 438//801
f 436//802 467//802 438//802
f 468//803 446//803 445//803
f 469//804 468//804 445//804
f 452//805 469//805 445//805
f 470//806 439//806 467//806
f 436//779 470//779 467//779
f 394//807 471//807 448//807
f 471//808 449//808 448//808
f 472//809 470//809 436//809
f 449//810 472//810 436//810
f 473//811 434//811 422//811
f 463//812 473//812 422//812
f 460//813 474//813 440//813
f 474//814 459//814 440//814
f 468//815 475//815 446//815
f 475//816 458//816 446//816
f 461//817 476//817 433//817
f 477//818 454//818 433//818
f 476//819 477//819 433//819
f 453//820 478//820 452//820
f 478//821 469//821 452//821
f 479//822 460//822 437//822
f 462//823 479//823 437//823
f 480//824 465//824 447//824
f 464//825 480//825 447//825
f 481//826 482//826 449//826
f 483//827 481//827 449//827
f 471//828 483//828 449//828
f 482//829 472//829 449//829
f 484//830 478//830 453//830
f 459//831 484//831 453//831
f 485//832 439//832 470//832
f 472//833 485//833 470//833
f 485//834 486//834 439//834
f 486//835 487//835 439//835
f 487//836 488//836 439//836
f 488//837 455//837 439//837
f 466//838 443//838 456//838
f 489//839 490//839 458//839
f 490//840 464//840 458//840
f 475//841 489//841 458//841
f 465//842 491//842 466//842
f 491//843 443//843 466//843
f 492//844 451//844 434//844
f 473//845 492//845 434//845
f 472//846 486//846 485//846
f 493//847 494//847 465//847
f 494//848 491//848 465//848
f 480//849 493//849 465//849
f 494//850 443//850 491//850
f 495//851 462//851 455//851
f 488//852 495//852 455//852
f 496//853 483//853 471//853
f 497//854 496//854 471//854
f 394//855 498//855 471//855
f 498//856 497//856 471//856
f 499//857 484//857 459//857
f 474//858 499//858 459//858
f 482//859 486//859 472//859
f 500//638 380//638 454//638
f 477//860 500//860 454//860
f 490//861 480//861 464//861
f 501//862 442//862 443//862
f 494//863 502//863 443//863
f 502//864 501//864 443//864
f 496//865 503//865 483//865
f 503//866 481//866 483//866
f 504//867 468//867 469//867
f 505//868 504//868 469//868
f 478//869 505//869 469//869
f 506//870 461//870 451//870
f 492//871 506//871 451//871
f 479//872 507//872 460//872
f 507//873 474//873 460//873
f 508//874 475//874 468//874
f 504//875 508//875 468//875
f 509//876 457//876 442//876
f 501//877 509//877 442//877
f 508//878 510//878 475//878
f 510//879 489//879 475//879
f 511//880 479//880 462//880
f 495//881 511//881 462//881
f 512//882 513//882 480//882
f 513//883 493//883 480//883
f 490//884 512//884 480//884
f 476//638 500//638 477//638
f 484//885 514//885 478//885
f 514//886 505//886 478//886
f 482//887 487//887 486//887
f 493//888 502//888 494//888
f 515//889 488//889 487//889
f 482//890 515//890 487//890
f 516//891 463//891 457//891
f 509//892 516//892 457//892
f 506//893 517//893 461//893
f 517//894 476//894 461//894
f 507//895 518//895 474//895
f 518//896 499//896 474//896
f 519//897 514//897 484//897
f 499//898 519//898 484//898
f 520//899 515//899 482//899
f 481//900 520//900 482//900
f 521//901 488//901 515//901
f 520//902 521//902 515//902
f 522//903 520//903 481//903
f 523//904 522//904 481//904
f 503//905 523//905 481//905
f 524//906 512//906 490//906
f 489//907 524//907 490//907
f 496//908 523//908 503//908
f 525//909 507//909 479//909
f 511//910 525//910 479//910
f 526//911 473//911 463//911
f 516//912 526//912 463//912
f 521//913 527//913 488//913
f 527//914 528//914 488//914
f 528//915 529//915 488//915
f 529//916 530//916 488//916
f 530//917 495//917 488//917
f 531//918 510//918 508//918
f 504//919 532//919 508//919
f 532//920 531//920 508//920
f 505//921 533//921 504//921
f 533//922 532//922 504//922
f 534//923 535//923 523//923
f 496//924 534//924 523//924
f 535//925 522//925 523//925
f 513//926 502//926 493//926
f 536//927 533//927 505//927
f 514//928 536//928 505//928
f 517//638 500//638 476//638
f 537//929 519//929 499//929
f 518//930 537//930 499//930
f 538//931 492//931 473//931
f 526//932 538//932 473//932
f 530//933 539//933 495//933
f 539//933 540//933 495//933
f 540//934 511//934 495//934
f 541//935 524//935 489//935
f 510//936 541//936 489//936
f 520//937 527//937 521//937
f 542//938 527//938 520//938
f 522//939 542//939 520//939
f 543//940 528//940 527//940
f 542//941 543//941 527//941
f 544//942 542//942 522//942
f 545//943 544//943 522//943
f 534//944 545//944 522//944
f 535//945 534//945 522//945
f 519//946 546//946 514//946
f 546//947 536//947 514//947
f 525//948 547//948 507//948
f 547//949 518//949 507//949
f 548//950 506//950 492//950
f 538//951 548//951 492//951
f 496//952 549//952 534//952
f 549//953 545//953 534//953
f 550//954 551//954 511//954
f 551//955 525//955 511//955
f 540//956 550//956 511//956
f 552//957 531//957 532//957
f 533//958 553//958 532//958
f 553//959 552//959 532//959
f 512//960 502//960 513//960
f 537//961 554//961 519//961
f 554//962 546//962 519//962
f 536//963 555//963 533//963
f 555//964 553//964 533//964
f 531//965 556//965 510//965
f 556//966 541//966 510//966
f 547//967 557//967 518//967
f 557//968 537//968 518//968
f 548//969 558//969 506//969
f 558//970 559//970 506//970
f 559//971 517//971 506//971
f 560//972 561//972 502//972
f 561//973 501//973 502//973
f 512//926 562//926 502//926
f 562//974 563//974 502//974
f 563//975 560//975 502//975
f 564//976 555//976 536//976
f 546//977 564//977 536//977
f 565//978 509//978 501//978
f 561//979 565//979 501//979
f 559//980 500//980 517//980
f 551//981 566//981 525//981
f 566//982 567//982 525//982
f 567//982 568//982 525//982
f 568//983 547//983 525//983
f 569//984 545//984 549//984
f 570//985 569//985 549//985
f 496//986 570//986 549//986
f 569//987 571//987 545//987
f 571//988 544//988 545//988
f 571//988 572//988 544//988
f 572//989 542//989 544//989
f 572//990 573//990 542//990
f 573//991 543//991 542//991
f 574//992 528//992 543//992
f 573//993 574//993 543//993
f 575//638 576//638 559//638
f 577//639 500//639 559//639
f 576//638 577//638 559//638
f 578//994 575//994 559//994
f 558//860 578//860 559//860
f 579//995 516//995 509//995
f 565//996 579//996 509//996
f 574//997 529//997 528//997
f 557//998 554//998 537//998
f 574//999 530//999 529//999
f 524//1000 562//1000 512//1000
f 580//1001 556//1001 531//1001
f 552//1002 580//1002 531//1002
f 581//1003 552//1003 553//1003
f 555//1004 582//1004 553//1004
f 582//1005 581//1005 553//1005
f 583//1006 526//1006 516//1006
f 579//1007 583//1007 516//1007
f 554//1008 584//1008 546//1008
f 584//1009 564//1009 546//1009
f 524//1000 563//1000 562//1000
f 574//1010 585//1010 530//1010
f 585//1011 539//1011 530//1011
f 524//1012 586//1012 563//1012
f 586//1013 560//1013 563//1013
f 585//1011 540//1011 539//1011
f 564//1014 587//1014 555//1014
f 587//1015 582//1015 555//1015
f 588//1016 538//1016 526//1016
f 583//1017 588//1017 526//1017
f 589//1018 590//1018 547//1018
f 591//1019 589//1019 547//1019
f 568//1020 591//1020 547//1020
f 590//1021 557//1021 547//1021
f 592//1022 550//1022 540//1022
f 585//1023 592//1023 540//1023
f 593//1024 594//1024 524//1024
f 594//1025 595//1025 524//1025
f 595//1026 586//1026 524//1026
f 541//1027 593//1027 524//1027
f 557//1028 596//1028 554//1028
f 596//1029 584//1029 554//1029
f 597//1030 580//1030 552//1030
f 581//1031 597//1031 552//1031
f 598//1032 587//1032 564//1032
f 584//1033 598//1033 564//1033
f 599//1034 548//1034 538//1034
f 588//1035 599//1035 538//1035
f 592//1036 551//1036 550//1036
f 592//1037 600//1037 551//1037
f 600//1038 566//1038 551//1038
f 601//1039 581//1039 582//1039
f 587//1040 602//1040 582//1040
f 602//1041 601//1041 582//1041
f 603//1042 593//1042 541//1042
f 556//1043 603//1043 541//1043
f 599//1044 604//1044 548//1044
f 604//1045 605//1045 548//1045
f 605//1046 558//1046 548//1046
f 600//1047 606//1047 566//1047
f 606//1048 567//1048 566//1048
f 606//1048 568//1048 567//1048
f 607//1049 597//1049 581//1049
f 601//1050 607//1050 581//1050
f 596//1051 608//1051 584//1051
f 608//1052 598//1052 584//1052
f 609//1053 596//1053 557//1053
f 590//1054 610//1054 557//1054
f 610//1055 611//1055 557//1055
f 611//1056 609//1056 557//1056
f 605//639 578//639 558//639
f 612//1057 602//1057 587//1057
f 598//1058 612//1058 587//1058
f 580//1059 613//1059 556//1059
f 613//1060 603//1060 556//1060
f 595//1061 560//1061 586//1061
f 614//1062 591//1062 568//1062
f 606//1063 614//1063 568//1063
f 594//1064 615//1064 560//1064
f 595//1065 594//1065 560//1065
f 615//1066 616//1066 560//1066
f 616//1067 561//1067 560//1067
f 617//1068 565//1068 561//1068
f 616//1069 617//1069 561//1069
f 608//1070 618//1070 598//1070
f 618//1071 612//1071 598//1071
f 619//1072 579//1072 565//1072
f 617//1073 619//1073 565//1073
f 620//1074 601//1074 602//1074
f 621//1075 620//1075 602//1075
f 612//1076 621//1076 602//1076
f 622//1077 613//1077 580//1077
f 597//1078 622//1078 580//1078
f 609//1079 623//1079 596//1079
f 623//1080 608//1080 596//1080
f 624//1081 589//1081 591//1081
f 614//1082 624//1082 591//1082
f 625//1083 626//1083 589//1083
f 624//1084 625//1084 589//1084
f 626//1085 590//1085 589//1085
f 604//1086 578//1086 605//1086
f 627//1087 607//1087 601//1087
f 620//1088 627//1088 601//1088
f 626//1089 610//1089 590//1089
f 628//1090 583//1090 579//1090
f 619//1091 628//1091 579//1091
f 629//1092 588//1092 583//1092
f 628//1093 629//1093 583//1093
f 630//1094 622//1094 597//1094
f 607//1095 630//1095 597//1095
f 593//1096 631//1096 594//1096
f 631//1097 615//1097 594//1097
f 618//1098 632//1098 612//1098
f 632//1099 621//1099 612//1099
f 603//1100 631//1100 593//1100
f 633//1101 599//1101 588//1101
f 629//1102 633//1102 588//1102
f 623//1103 634//1103 608//1103
f 634//1104 635//1104 608//1104
f 635//1105 618//1105 608//1105
f 626//1106 611//1106 610//1106
f 603//1107 636//1107 631//1107
f 636//1108 615//1108 631//1108
f 633//1109 637//1109 599//1109
f 637//1110 604//1110 599//1110
f 638//1111 639//1111 603//1111
f 639//1112 636//1112 603//1112
f 613//1113 638//1113 603//1113
f 640//1114 627//1114 620//1114
f 641//1115 640//1115 620//1115
f 621//1116 641//1116 620//1116
f 626//1117 609//1117 611//1117
f 632//1118 642//1118 621//1118
f 642//1119 641//1119 621//1119
f 643//1120 630//1120 607//1120
f 627//1121 643//1121 607//1121
f 637//638 578//638 604//638
f 635//1122 644//1122 618//1122
f 644//1123 632//1123 618//1123
f 626//1124 645//1124 609//1124
f 645//1125 646//1125 609//1125
f 646//1126 623//1126 609//1126
f 622//1127 647//1127 613//1127
f 647//1128 638//1128 613//1128
f 646//1129 648//1129 623//1129
f 648//1130 634//1130 623//1130
f 649//1131 643//1131 627//1131
f 640//1132 649//1132 627//1132
f 650//1133 647//1133 622//1133
f 630//1134 650//1134 622//1134
f 651//1135 642//1135 632//1135
f 644//1136 652//1136 632//1136
f 652//1137 651//1137 632//1137
f 653//1138 640//1138 641//1138
f 642//1139 654//1139 641//1139
f 654//1140 653//1140 641//1140
f 639//1141 615//1141 636//1141
f 639//1141 655//1141 615//1141
f 655//1142 656//1142 615//1142
f 656//1143 657//1143 615//1143
f 657//1144 616//1144 615//1144
f 651//1145 658//1145 642//1145
f 658//1146 654//1146 642//1146
f 659//1147 650//1147 630//1147
f 643//1148 659//1148 630//1148
f 648//1149 635//1149 634//1149
f 660//1150 617//1150 616//1150
f 657//1151 660//1151 616//1151
f 661//1152 649//1152 640//1152
f 653//1153 661//1153 640//1153
f 662//1154 644//1154 635//1154
f 648//1155 662//1155 635//1155
f 663//1156 619//1156 617//1156
f 660//1157 663//1157 617//1157
f 664//1158 628//1158 619//1158
f 663//1159 664//1159 619//1159
f 665//1160 659//1160 643//1160
f 649//1161 665//1161 643//1161
f 662//1162 666//1162 644//1162
f 666//1163 652//1163 644//1163
f 658//1164 667//1164 654//1164
f 667//1165 668//1165 654//1165
f 668//1166 653//1166 654//1166
f 669//1167 629//1167 628//1167
f 664//1168 669//1168 628//1168
f 638//1169 655//1169 639//1169
f 670//1170 671//1170 638//1170
f 671//1171 655//1171 638//1171
f 647//1172 670//1172 638//1172
f 672//1173 633//1173 629//1173
f 669//1174 672//1174 629//1174
f 671//1175 656//1175 655//1175
f 673//1176 661//1176 653//1176
f 668//1177 673//1177 653//1177
f 666//1178 651//1178 652//1178
f 672//1179 674//1179 633//1179
f 674//1180 637//1180 633//1180
f 675//1181 665//1181 649//1181
f 661//1182 675//1182 649//1182
f 666//1183 658//1183 651//1183
f 650//1184 676//1184 647//1184
f 676//1185 670//1185 647//1185
f 674//638 578//638 637//638
f 677//1186 676//1186 650//1186
f 659//1187 677//1187 650//1187
f 678//1188 675//1188 661//1188
f 673//1189 678//1189 661//1189
f 666//1190 667//1190 658//1190
f 667//1191 679//1191 668//1191
f 679//1192 680//1192 668//1192
f 680//1193 681//1193 668//1193
f 681//1194 673//1194 668//1194
f 666//1195 679//1195 667//1195
f 682//1196 677//1196 659//1196
f 665//1197 682//1197 659//1197
f 683//1198 678//1198 673//1198
f 681//1199 683//1199 673//1199
f 684//1200 682//1200 665//1200
f 675//1201 684//1201 665//1201
f 666//1202 680//1202 679//1202
f 685//1203 681//1203 680//1203
f 666//1204 685//1204 680//1204
f 686//1205 684//1205 675//1205
f 678//1206 686//1206 675//1206
f 687//1207 688//1207 681//1207
f 685//1208 687//1208 681//1208
f 688//1209 683//1209 681//1209
f 670//1210 689//1210 671//1210
f 689//1211 656//1211 671//1211
f 690//1212 686//1212 678//1212
f 683//1213 690//1213 678//1213
f 691//1214 692//1214 670//1214
f 692//1215 689//1215 670//1215
f 676//1216 691//1216 670//1216
f 692//1217 656//1217 689//1217
f 692//1218 693//1218 656//1218
f 693//1219 694//1219 656//1219
f 694//1220 657//1220 656//1220
f 677//1221 695//1221 676//1221
f 695//1222 691//1222 676//1222
f 696//1223 660//1223 657//1223
f 694//1224 696//1224 657//1224
f 666//1204 687//1204 685//1204
f 697//1225 663//1225 660//1225
f 696//1226 697//1226 660//1226
f 698//1227 690//1227 683//1227
f 688//1228 698//1228 683//1228
f 699//1229 664//1229 663//1229
f 697//1230 699//1230 663//1230
f 700//1231 695//1231 677//1231
f 682//1232 700//1232 677//1232
f 701//1233 688//1233 687//1233
f 666//1234 701//1234 687//1234
f 702//1235 669//1235 664//1235
f 699//1236 702//1236 664//1236
f 703//1237 672//1237 669//1237
f 702//1238 703//1238 669//1238
f 704//1239 700//1239 682//1239
f 684//1240 704//1240 682//1240
f 703//1241 705//1241 672//1241
f 705//1242 674//1242 672//1242
f 701//1243 706//1243 688//1243
f 706//1244 707//1244 688//1244
f 707//1245 698//1245 688//1245
f 705//860 578//860 674//860
f 708//1246 704//1246 684//1246
f 686//1247 708//1247 684//1247
f 691//1248 709//1248 692//1248
f 709//1249 693//1249 692//1249
f 710//1250 708//1250 686//1250
f 690//1251 710//1251 686//1251
f 666//1252 706//1252 701//1252
f 711//1253 710//1253 690//1253
f 698//1254 711//1254 690//1254
f 712//1255 707//1255 706//1255
f 666//1256 712//1256 706//1256
f 713//1257 711//1257 698//1257
f 707//1258 713//1258 698//1258
f 712//1259 714//1259 707//1259
f 714//1260 715//1260 707//1260
f 715//1261 713//1261 707//1261
f 716//1262 717//1262 666//1262
f 662//1263 718//1263 666//1263
f 718//1264 716//1264 666//1264
f 717//1265 719//1265 666//1265
f 719//1266 720//1266 666//1266
f 720//1267 721//1267 666//1267
f 721//1268 722//1268 666//1268
f 722//1269 723//1269 666//1269
f 723//1269 724//1269 666//1269
f 724//1270 725//1270 666//1270
f 725//1271 726//1271 666//1271
f 726//1272 727//1272 666//1272
f 727//1273 728//1273 666//1273
f 728//1272 729//1272 666//1272
f 729//1274 730//1274 666//1274
f 730//1274 731//1274 666//1274
f 731//1275 732//1275 666//1275
f 732//1276 714//1276 666//1276
f 714//1277 712//1277 666//1277
f 691//1278 733//1278 709//1278
f 733//1279 693//1279 709//1279
f 695//1280 733//1280 691//1280
f 700//1281 734//1281 695//1281
f 734//1282 733//1282 695//1282
f 735//1281 734//1281 700//1281
f 704//1283 735//1283 700//1283
f 732//1284 715//1284 714//1284
f 736//1285 735//1285 704//1285
f 708//1286 736//1286 704//1286
f 737//1287 736//1287 708//1287
f 710//1288 737//1288 708//1288
f 738//1289 737//1289 710//1289
f 711//1290 738//1290 710//1290
f 739//1291 738//1291 711//1291
f 713//1292 739//1292 711//1292
f 740//1293 739//1293 713//1293
f 715//1294 740//1294 713//1294
f 732//1295 731//1295 715//1295
f 731//1296 740//1296 715//1296
f 741//860 578//860 705//860
f 703//1297 741//1297 705//1297
f 625//1298 742//1298 626//1298
f 742//1299 743//1299 626//1299
f 743//1300 645//1300 626//1300
f 585//1301 744//1301 592//1301
f 744//1302 745//1302 592//1302
f 745//1303 746//1303 592//1303
f 746//1304 747//1304 592//1304
f 747//1305 600//1305 592//1305
f 624//1306 748//1306 625//1306
f 748//1306 742//1306 625//1306
f 645//1307 749//1307 646//1307
f 749//1308 750//1308 646//1308
f 750//1309 648//1309 646//1309
f 734//1310 751//1310 733//1310
f 751//1311 693//1311 733//1311
f 752//638 578//638 741//638
f 753//1312 752//1312 741//1312
f 703//1297 753//1297 741//1297
f 754//1313 753//1313 703//1313
f 702//1314 754//1314 703//1314
f 699//1315 755//1315 702//1315
f 755//1316 754//1316 702//1316
f 756//1317 755//1317 699//1317
f 697//1318 756//1318 699//1318
f 696//1319 757//1319 697//1319
f 757//1320 756//1320 697//1320
f 758//1321 757//1321 696//1321
f 694//1322 758//1322 696//1322
f 759//1323 758//1323 694//1323
f 693//1324 759//1324 694//1324
f 751//1325 760//1325 693//1325
f 760//1326 761//1326 693//1326
f 761//1327 762//1327 693//1327
f 763//1328 759//1328 693//1328
f 762//1329 763//1329 693//1329
f 734//1330 760//1330 751//1330
f 730//1331 740//1331 731//1331
f 764//1332 585//1332 574//1332
f 573//1333 764//1333 574//1333
f 765//1334 614//1334 606//1334
f 600//1335 765//1335 606//1335
f 766//1336 740//1336 730//1336
f 729//1337 766//1337 730//1337
f 767//1338 624//1338 614//1338
f 768//1339 767//1339 614//1339
f 765//1340 768//1340 614//1340
f 766//1341 769//1341 740//1341
f 769//1342 739//1342 740//1342
f 770//1343 662//1343 648//1343
f 750//1344 771//1344 648//1344
f 771//1345 770//1345 648//1345
f 772//1346 738//1346 739//1346
f 769//1347 772//1347 739//1347
f 773//1348 737//1348 738//1348
f 772//1349 773//1349 738//1349
f 774//1350 736//1350 737//1350
f 773//1351 774//1351 737//1351
f 775//1352 735//1352 736//1352
f 774//1353 775//1353 736//1353
f 776//1354 734//1354 735//1354
f 775//1355 776//1355 735//1355
f 734//1356 761//1356 760//1356
f 776//1357 762//1357 734//1357
f 762//1358 761//1358 734//1358
f 777//1359 778//1359 762//1359
f 776//1360 777//1360 762//1360
f 778//1361 763//1361 762//1361
f 728//1362 766//1362 729//1362
f 779//1363 766//1363 728//1363
f 727//1364 779//1364 728//1364
f 779//1365 780//1365 766//1365
f 780//1366 769//1366 766//1366
f 754//1367 752//1367 753//1367
f 781//1368 772//1368 769//1368
f 780//1369 781//1369 769//1369
f 782//1370 773//1370 772//1370
f 781//1371 782//1371 772//1371
f 783//1372 779//1372 727//1372
f 726//1373 783//1373 727//1373
f 725//1374 783//1374 726//1374
f 784//1375 774//1375 773//1375
f 782//1376 784//1376 773//1376
f 785//1377 775//1377 774//1377
f 784//1378 785//1378 774//1378
f 786//860 578//860 752//860
f 754//1367 786//1367 752//1367
f 787//1379 776//1379 775//1379
f 785//1379 787//1379 775//1379
f 788//1380 786//1380 754//1380
f 755//1381 788//1381 754//1381
f 756//1382 789//1382 755//1382
f 789//1383 788//1383 755//1383
f 790//1384 777//1384 776//1384
f 787//1385 790//1385 776//1385
f 783//1386 791//1386 779//1386
f 791//1387 780//1387 779//1387
f 792//1388 789//1388 756//1388
f 757//1389 792//1389 756//1389
f 793//1390 783//1390 725//1390
f 724//1391 793//1391 725//1391
f 790//1392 794//1392 777//1392
f 794//1393 795//1393 777//1393
f 795//1394 778//1394 777//1394
f 758//1395 796//1395 757//1395
f 796//1396 792//1396 757//1396
f 795//1397 763//1397 778//1397
f 797//1398 796//1398 758//1398
f 759//1399 797//1399 758//1399
f 798//1400 797//1400 759//1400
f 763//1401 798//1401 759//1401
f 799//1402 781//1402 780//1402
f 791//1403 799//1403 780//1403
f 723//1404 793//1404 724//1404
f 795//1405 794//1405 763//1405
f 800//1406 798//1406 763//1406
f 794//1407 800//1407 763//1407
f 801//1408 782//1408 781//1408
f 799//1409 801//1409 781//1409
f 802//1410 793//1410 723//1410
f 722//1411 802//1411 723//1411
f 803//1412 784//1412 782//1412
f 801//1413 803//1413 782//1413
f 790//1414 804//1414 794//1414
f 804//1415 800//1415 794//1415
f 793//1416 805//1416 783//1416
f 805//1417 791//1417 783//1417
f 721//1418 802//1418 722//1418
f 806//1419 785//1419 784//1419
f 803//1420 806//1420 784//1420
f 807//1421 799//1421 791//1421
f 805//1422 807//1422 791//1422
f 808//1423 787//1423 785//1423
f 806//1424 808//1424 785//1424
f 809//1425 802//1425 721//1425
f 720//1426 809//1426 721//1426
f 810//1427 790//1427 787//1427
f 808//1428 810//1428 787//1428
f 719//1429 809//1429 720//1429
f 811//1430 809//1430 719//1430
f 717//1431 811//1431 719//1431
f 812//1432 801//1432 799//1432
f 807//1433 812//1433 799//1433
f 813//639 814//639 786//639
f 814//638 578//638 786//638
f 788//1434 813//1434 786//1434
f 815//1435 804//1435 790//1435
f 810//1436 815//1436 790//1436
f 816//1437 811//1437 717//1437
f 716//1438 816//1438 717//1438
f 802//1439 817//1439 793//1439
f 817//1440 805//1440 793//1440
f 815//1441 800//1441 804//1441
f 818//1442 813//1442 788//1442
f 789//1443 818//1443 788//1443
f 819//1444 816//1444 716//1444
f 718//1445 819//1445 716//1445
f 820//1446 803//1446 801//1446
f 812//1447 820//1447 801//1447
f 792//1448 821//1448 789//1448
f 821//1449 818//1449 789//1449
f 662//1450 819//1450 718//1450
f 822//1451 821//1451 792//1451
f 796//1452 822//1452 792//1452
f 823//1453 819//1453 662//1453
f 770//1454 823//1454 662//1454
f 824//1455 807//1455 805//1455
f 817//1456 824//1456 805//1456
f 797//1457 825//1457 796//1457
f 825//1458 822//1458 796//1458
f 826//1459 806//1459 803//1459
f 820//1460 826//1460 803//1460
f 827//1461 825//1461 797//1461
f 798//1462 827//1462 797//1462
f 828//1463 827//1463 798//1463
f 800//1464 828//1464 798//1464
f 771//1465 823//1465 770//1465
f 818//1466 814//1466 813//1466
f 815//1467 829//1467 800//1467
f 829//1468 830//1468 800//1468
f 830//1469 831//1469 800//1469
f 832//1470 828//1470 800//1470
f 831//1471 832//1471 800//1471
f 833//1472 808//1472 806//1472
f 826//1473 833//1473 806//1473
f 810//1474 829//1474 815//1474
f 809//1475 834//1475 802//1475
f 834//1476 817//1476 802//1476
f 835//1477 812//1477 807//1477
f 824//1478 835//1478 807//1478
f 836//1479 823//1479 771//1479
f 750//1480 836//1480 771//1480
f 837//1481 810//1481 808//1481
f 833//1482 837//1482 808//1482
f 810//1483 830//1483 829//1483
f 749//1484 836//1484 750//1484
f 838//1485 820//1485 812//1485
f 835//1486 838//1486 812//1486
f 811//1487 839//1487 809//1487
f 839//1488 834//1488 809//1488
f 840//1489 816//1489 819//1489
f 823//1490 840//1490 819//1490
f 837//1491 831//1491 810//1491
f 831//1492 830//1492 810//1492
f 645//1493 836//1493 749//1493
f 841//1494 836//1494 645//1494
f 743//1495 841//1495 645//1495
f 842//1496 824//1496 817//1496
f 834//1497 842//1497 817//1497
f 818//1498 578//1498 814//1498
f 843//1499 578//1499 818//1499
f 821//1500 843//1500 818//1500
f 844//1501 845//1501 831//1501
f 837//1502 844//1502 831//1502
f 845//1503 832//1503 831//1503
f 846//1504 826//1504 820//1504
f 838//1505 846//1505 820//1505
f 742//1506 841//1506 743//1506
f 816//1507 847//1507 811//1507
f 847//1508 839//1508 811//1508
f 748//1509 848//1509 742//1509
f 848//1510 841//1510 742//1510
f 822//1511 849//1511 821//1511
f 849//1512 843//1512 821//1512
f 850//1513 835//1513 824//1513
f 842//1514 850//1514 824//1514
f 851//1515 840//1515 823//1515
f 836//1516 851//1516 823//1516
f 852//1517 849//1517 822//1517
f 825//1518 852//1518 822//1518
f 853//1519 842//1519 834//1519
f 839//1520 853//1520 834//1520
f 854//1521 833//1521 826//1521
f 846//1522 854//1522 826//1522
f 624//1509 848//1509 748//1509
f 827//1523 855//1523 825//1523
f 855//1524 852//1524 825//1524
f 767//1525 848//1525 624//1525
f 856//1526 848//1526 767//1526
f 768//1527 856//1527 767//1527
f 840//1528 857//1528 816//1528
f 857//1529 847//1529 816//1529
f 858//1530 855//1530 827//1530
f 828//1531 858//1531 827//1531
f 859//1532 837//1532 833//1532
f 854//1533 859//1533 833//1533
f 860//1534 858//1534 828//1534
f 832//1535 860//1535 828//1535
f 861//1536 838//1536 835//1536
f 850//1537 861//1537 835//1537
f 862//1538 851//1538 836//1538
f 841//1539 862//1539 836//1539
f 863//1540 860//1540 832//1540
f 845//1541 864//1541 832//1541
f 864//1542 865//1542 832//1542
f 865//1543 863//1543 832//1543
f 866//1544 853//1544 839//1544
f 847//1545 866//1545 839//1545
f 765//1527 856//1527 768//1527
f 844//1546 864//1546 845//1546
f 867//1547 850//1547 842//1547
f 853//1548 867//1548 842//1548
f 868//1549 856//1549 765//1549
f 600//1550 868//1550 765//1550
f 844//1551 865//1551 864//1551
f 869//1552 844//1552 837//1552
f 859//1553 869//1553 837//1553
f 843//1554 575//1554 578//1554
f 843//1555 576//1555 575//1555
f 870//1556 862//1556 841//1556
f 848//1557 870//1557 841//1557
f 747//1558 868//1558 600//1558
f 871//1559 846//1559 838//1559
f 861//1560 871//1560 838//1560
f 851//1561 872//1561 840//1561
f 872//1562 857//1562 840//1562
f 873//1563 576//1563 843//1563
f 849//1564 873//1564 843//1564
f 869//1565 874//1565 844//1565
f 874//1566 865//1566 844//1566
f 746//1567 868//1567 747//1567
f 875//1568 868//1568 746//1568
f 745//1569 875//1569 746//1569
f 857//1570 876//1570 847//1570
f 877//1571 866//1571 847//1571
f 876//1572 877//1572 847//1572
f 852//1573 878//1573 849//1573
f 878//1574 873//1574 849//1574
f 879//1575 870//1575 848//1575
f 856//1576 879//1576 848//1576
f 874//1577 863//1577 865//1577
f 880//1578 861//1578 850//1578
f 867//1579 880//1579 850//1579
f 881//1580 867//1580 853//1580
f 866//1581 881//1581 853//1581
f 744//1582 875//1582 745//1582
f 882//1583 854//1583 846//1583
f 871//1584 882//1584 846//1584
f 883//1585 878//1585 852//1585
f 855//1586 883//1586 852//1586
f 585//1587 875//1587 744//1587
f 862//1588 884//1588 851//1588
f 884//1589 872//1589 851//1589
f 764//1590 885//1590 585//1590
f 885//1591 875//1591 585//1591
f 858//1592 886//1592 855//1592
f 886//1593 883//1593 855//1593
f 573//1594 887//1594 764//1594
f 887//1595 885//1595 764//1595
f 888//1596 889//1596 874//1596
f 869//1597 888//1597 874//1597
f 889//1598 863//1598 874//1598
f 890//1599 879//1599 856//1599
f 868//1600 890//1600 856//1600
f 891//1601 871//1601 861//1601
f 880//1602 891//1602 861//1602
f 873//1603 577//1603 576//1603
f 892//1604 859//1604 854//1604
f 882//1605 892//1605 854//1605
f 893//1606 886//1606 858//1606
f 860//1607 893//1607 858//1607
f 496//1608 894//1608 570//1608
f 895//1609 569//1609 570//1609
f 894//1610 895//1610 570//1610
f 895//1609 571//1609 569//1609
f 896//1611 572//1611 571//1611
f 895//1612 896//1612 571//1612
f 887//1613 573//1613 572//1613
f 896//1614 887//1614 572//1614
f 872//1615 897//1615 857//1615
f 897//1616 876//1616 857//1616
f 870//1617 898//1617 862//1617
f 898//1618 884//1618 862//1618
f 899//1619 881//1619 866//1619
f 877//1620 899//1620 866//1620
f 900//1621 880//1621 867//1621
f 881//1622 900//1622 867//1622
f 901//1623 893//1623 860//1623
f 863//1624 901//1624 860//1624
f 888//1625 902//1625 889//1625
f 902//1626 863//1626 889//1626
f 903//1627 577//1627 873//1627
f 878//1628 903//1628 873//1628
f 904//1629 901//1629 863//1629
f 902//1630 904//1630 863//1630
f 905//1631 890//1631 868//1631
f 875//1632 905//1632 868//1632
f 906//1633 869//1633 859//1633
f 892//1634 906//1634 859//1634
f 888//1635 907//1635 902//1635
f 907//1636 904//1636 902//1636
f 879//1637 908//1637 870//1637
f 908//1638 898//1638 870//1638
f 496//1639 909//1639 894//1639
f 909//1640 895//1640 894//1640
f 910//1641 882//1641 871//1641
f 891//1642 910//1642 871//1642
f 903//1643 500//1643 577//1643
f 911//1644 899//1644 877//1644
f 876//1645 911//1645 877//1645
f 909//1646 912//1646 895//1646
f 913//1647 896//1647 895//1647
f 912//1648 913//1648 895//1648
f 883//1649 914//1649 878//1649
f 914//1650 903//1650 878//1650
f 496//1651 915//1651 909//1651
f 915//1652 912//1652 909//1652
f 884//1653 916//1653 872//1653
f 916//1654 897//1654 872//1654
f 917//1655 887//1655 896//1655
f 913//1656 917//1656 896//1656
f 918//1657 905//1657 875//1657
f 885//1658 918//1658 875//1658
f 917//1659 885//1659 887//1659
f 919//1660 885//1660 917//1660
f 913//1661 919//1661 917//1661
f 920//1662 888//1662 869//1662
f 906//1663 920//1663 869//1663
f 900//1664 921//1664 880//1664
f 922//1665 891//1665 880//1665
f 921//1666 922//1666 880//1666
f 923//1667 914//1667 883//1667
f 886//1668 923//1668 883//1668
f 924//1669 900//1669 881//1669
f 899//1670 924//1670 881//1670
f 897//1671 925//1671 876//1671
f 925//1672 911//1672 876//1672
f 926//1673 380//1673 500//1673
f 903//1674 926//1674 500//1674
f 927//1675 918//1675 885//1675
f 919//1676 927//1676 885//1676
f 496//1677 928//1677 915//1677
f 928//1678 912//1678 915//1678
f 890//1679 929//1679 879//1679
f 929//1680 908//1680 879//1680
f 930//1681 892//1681 882//1681
f 910//1682 930//1682 882//1682
f 898//1683 931//1683 884//1683
f 931//1684 916//1684 884//1684
f 928//1685 932//1685 912//1685
f 933//1686 913//1686 912//1686
f 932//1687 933//1687 912//1687
f 934//1688 910//1688 891//1688
f 922//1689 934//1689 891//1689
f 893//1690 935//1690 886//1690
f 935//1691 923//1691 886//1691
f 496//1692 936//1692 928//1692
f 936//1693 932//1693 928//1693
f 937//1694 907//1694 888//1694
f 938//1695 937//1695 888//1695
f 939//1696 938//1696 888//1696
f 920//1697 939//1697 888//1697
f 940//1698 927//1698 913//1698
f 933//1699 940//1699 913//1699
f 927//1661 919//1661 913//1661
f 914//1700 926//1700 903//1700
f 937//1701 904//1701 907//1701
f 940//1702 918//1702 927//1702
f 941//1703 924//1703 899//1703
f 911//1704 941//1704 899//1704
f 942//1705 935//1705 893//1705
f 901//1706 942//1706 893//1706
f 938//1707 943//1707 937//1707
f 943//1708 904//1708 937//1708
f 905//1709 944//1709 890//1709
f 944//1710 929//1710 890//1710
f 945//1711 934//1711 922//1711
f 921//1712 945//1712 922//1712
f 908//1713 946//1713 898//1713
f 946//1714 931//1714 898//1714
f 947//1715 943//1715 938//1715
f 939//1716 947//1716 938//1716
f 947//1717 904//1717 943//1717
f 948//1718 918//1718 940//1718
f 933//1719 948//1719 940//1719
f 949//1720 906//1720 892//1720
f 930//1721 949//1721 892//1721
f 950//1722 925//1722 897//1722
f 916//1723 950//1723 897//1723
f 951//1724 942//1724 901//1724
f 904//1725 951//1725 901//1725
f 952//1726 921//1726 900//1726
f 924//1727 952//1727 900//1727
f 923//1728 953//1728 914//1728
f 953//1729 926//1729 914//1729
f 954//1730 930//1730 910//1730
f 934//1731 954//1731 910//1731
f 932//1732 955//1732 933//1732
f 955//1733 956//1733 933//1733
f 956//1719 948//1719 933//1719
f 496//1734 957//1734 936//1734
f 957//1735 932//1735 936//1735
f 947//1736 958//1736 904//1736
f 959//1737 951//1737 904//1737
f 958//1738 959//1738 904//1738
f 960//1739 941//1739 911//1739
f 925//1740 960//1740 911//1740
f 918//1741 961//1741 905//1741
f 961//1742 944//1742 905//1742
f 926//1743 381//1743 380//1743
f 496//1744 962//1744 957//1744
f 963//1745 932//1745 957//1745
f 962//1746 963//1746 957//1746
f 964//1747 378//1747 381//1747
f 926//1748 964//1748 381//1748
f 965//1749 966//1749 496//1749
f 966//1750 962//1750 496//1750
f 497//1751 965//1751 496//1751
f 939//1752 958//1752 947//1752
f 956//1753 918//1753 948//1753
f 967//1754 920//1754 906//1754
f 949//1755 967//1755 906//1755
f 963//1756 968//1756 932//1756
f 968//1757 955//1757 932//1757
f 969//1758 953//1758 923//1758
f 935//1759 969//1759 923//1759
f 970//1760 950//1760 916//1760
f 931//1761 970//1761 916//1761
f 971//1762 954//1762 934//1762
f 945//1763 971//1763 934//1763
f 929//1764 972//1764 908//1764
f 972//1765 946//1765 908//1765
f 956//1766 973//1766 918//1766
f 973//1767 961//1767 918//1767
f 974//1768 952//1768 924//1768
f 941//1769 974//1769 924//1769
f 973//1770 956//1770 955//1770
f 968//1771 975//1771 955//1771
f 975//1772 976//1772 955//1772
f 976//1773 973//1773 955//1773
f 977//1774 949//1774 930//1774
f 954//1775 977//1775 930//1775
f 978//1776 964//1776 926//1776
f 979//1777 978//1777 926//1777
f 953//1778 979//1778 926//1778
f 952//1779 980//1779 921//1779
f 980//1780 945//1780 921//1780
f 942//1781 981//1781 935//1781
f 981//1782 969//1782 935//1782
f 966//1783 963//1783 962//1783
f 976//1784 961//1784 973//1784
f 939//1785 982//1785 958//1785
f 982//1786 959//1786 958//1786
f 983//1787 939//1787 920//1787
f 967//1788 983//1788 920//1788
f 950//1789 984//1789 925//1789
f 984//1790 960//1790 925//1790
f 985//1791 970//1791 931//1791
f 946//1792 985//1792 931//1792
f 975//1793 961//1793 976//1793
f 944//1794 986//1794 929//1794
f 986//1795 972//1795 929//1795
f 987//1796 379//1796 378//1796
f 964//1797 987//1797 378//1797
f 988//1798 963//1798 966//1798
f 965//1799 988//1799 966//1799
f 989//1800 974//1800 941//1800
f 960//1800 989//1800 941//1800
f 990//1801 977//1801 954//1801
f 971//1802 990//1802 954//1802
f 991//1803 992//1803 953//1803
f 969//1804 991//1804 953//1804
f 992//1805 979//1805 953//1805
f 993//1806 981//1806 942//1806
f 951//1807 993//1807 942//1807
f 994//1808 967//1808 949//1808
f 977//1809 994//1809 949//1809
f 995//1810 996//1810 982//1810
f 939//1811 995//1811 982//1811
f 996//1812 959//1812 982//1812
f 997//1813 995//1813 939//1813
f 983//1814 997//1814 939//1814
f 988//1815 998//1815 963//1815
f 998//1816 968//1816 963//1816
f 974//1817 999//1817 952//1817
f 999//1818 980//1818 952//1818
f 961//1819 1000//1819 944//1819
f 1000//1820 986//1820 944//1820
f 1001//1821 993//1821 951//1821
f 959//1822 1001//1822 951//1822
f 978//1823 987//1823 964//1823
f 1002//1824 971//1824 945//1824
f 980//1825 1002//1825 945//1825
f 1003//1826 987//1826 978//1826
f 979//1827 1003//1827 978//1827
f 970//1828 1004//1828 950//1828
f 1004//1829 984//1829 950//1829
f 1005//1830 961//1830 975//1830
f 968//1831 1005//1831 975//1831
f 1006//1832 1007//1832 969//1832
f 1007//1833 1008//1833 969//1833
f 1008//1834 991//1834 969//1834
f 981//1835 1006//1835 969//1835
f 497//1836 988//1836 965//1836
f 998//1837 1005//1837 968//1837
f 987//1838 382//1838 379//1838
f 1009//1839 1001//1839 959//1839
f 996//1812 1010//1812 959//1812
f 1010//1840 1011//1840 959//1840
f 1011//1841 1009//1841 959//1841
f 1012//1842 985//1842 946//1842
f 972//1843 1012//1843 946//1843
f 1013//1844 994//1844 977//1844
f 990//1845 1013//1845 977//1845
f 1010//1846 996//1846 995//1846
f 1011//1847 1010//1847 995//1847
f 997//1848 1011//1848 995//1848
f 1005//1849 1014//1849 961//1849
f 1014//1850 1000//1850 961//1850
f 1015//1851 983//1851 967//1851
f 994//1852 1015//1852 967//1852
f 1016//1853 988//1853 497//1853
f 498//1854 1016//1854 497//1854
f 1017//1855 989//1855 960//1855
f 984//1856 1017//1856 960//1856
f 997//1857 1018//1857 1011//1857
f 1018//1858 1009//1858 1011//1858
f 989//1859 1019//1859 974//1859
f 1019//1860 999//1860 974//1860
f 1020//1861 1021//1861 981//1861
f 993//1862 1020//1862 981//1862
f 1021//1863 1006//1863 981//1863
f 992//1864 1003//1864 979//1864
f 991//1827 1003//1827 992//1827
f 985//1865 1022//1865 970//1865
f 1022//1866 1004//1866 970//1866
f 998//1867 1023//1867 1005//1867
f 1023//1868 1014//1868 1005//1868
f 1016//1869 1024//1869 988//1869
f 1024//1870 998//1870 988//1870
f 1025//1871 383//1871 382//1871
f 987//1872 1025//1872 382//1872
f 1026//1873 1002//1873 980//1873
f 999//1874 1026//1874 980//1874
f 1027//1875 990//1875 971//1875
f 1002//1876 1027//1876 971//1876
f 1003//1877 1028//1877 987//1877
f 1028//1878 1025//1878 987//1878
f 1029//1879 1012//1879 972//1879
f 986//1880 1029//1880 972//1880
f 1030//1881 1000//1881 1014//1881
f 1023//1882 1030//1882 1014//1882
f 1031//1883 997//1883 983//1883
f 1015//1884 1031//1884 983//1884
f 1032//1885 1015//1885 994//1885
f 1013//1886 1032//1886 994//1886
f 1033//1887 377//1887 383//1887
f 1025//1888 1033//1888 383//1888
f 394//1889 1016//1889 498//1889
f 1008//1890 1034//1890 991//1890
f 1034//1891 1003//1891 991//1891
f 1001//1892 1035//1892 993//1892
f 1035//1893 1036//1893 993//1893
f 1036//1894 1020//1894 993//1894
f 1024//1895 1037//1895 998//1895
f 1037//1896 1023//1896 998//1896
f 393//1897 1016//1897 394//1897
f 1038//1898 1000//1898 1030//1898
f 1023//1899 1038//1899 1030//1899
f 1007//1890 1034//1890 1008//1890
f 1006//1900 1039//1900 1007//1900
f 1039//1901 1034//1901 1007//1901
f 1004//1902 1040//1902 984//1902
f 1040//1903 1017//1903 984//1903
f 1041//1904 1042//1904 1018//1904
f 997//1905 1041//1905 1018//1905
f 1042//1906 1009//1906 1018//1906
f 1043//1907 1029//1907 986//1907
f 1000//1908 1043//1908 986//1908
f 1044//1909 1041//1909 997//1909
f 1031//1910 1044//1910 997//1910
f 1045//1911 1046//1911 1001//1911
f 1046//1912 1035//1912 1001//1912
f 1047//1912 1045//1912 1001//1912
f 1009//1913 1047//1913 1001//1913
f 1048//1914 1026//1914 999//1914
f 1019//1915 1048//1915 999//1915
f 1049//1916 1050//1916 1023//1916
f 1037//1917 1049//1917 1023//1917
f 1050//1918 1038//1918 1023//1918
f 1051//1919 1028//1919 1003//1919
f 1034//1920 1051//1920 1003//1920
f 1052//1921 1031//1921 1015//1921
f 1032//1922 1052//1922 1015//1922
f 1017//1923 1053//1923 989//1923
f 1053//1924 1019//1924 989//1924
f 1012//1925 1054//1925 985//1925
f 1054//1926 1055//1926 985//1926
f 1055//1927 1022//1927 985//1927
f 1056//1928 1033//1928 1025//1928
f 1057//1928 1056//1928 1025//1928
f 1028//1929 1057//1929 1025//1929
f 393//1930 1058//1930 1016//1930
f 1058//1931 1059//1931 1016//1931
f 1059//1932 1024//1932 1016//1932
f 1041//1933 1060//1933 1042//1933
f 1060//1934 1009//1934 1042//1934
f 1061//1935 1013//1935 990//1935
f 1027//1936 1061//1936 990//1936
f 1062//1937 1027//1937 1002//1937
f 1026//1938 1062//1938 1002//1938
f 1021//1939 1039//1939 1006//1939
f 291//1940 1058//1940 393//1940
f 1063//1941 1039//1941 1021//1941
f 1020//1942 1063//1942 1021//1942
f 1064//1943 1043//1943 1000//1943
f 1038//1944 1064//1944 1000//1944
f 1060//1934 1065//1934 1009//1934
f 1065//1945 1066//1945 1009//1945
f 1066//1946 1067//1946 1009//1946
f 1067//1947 1047//1947 1009//1947
f 1050//1948 1064//1948 1038//1948
f 290//1949 1058//1949 291//1949
f 1068//1950 1040//1950 1004//1950
f 1022//1951 1068//1951 1004//1951
f 1065//1952 1060//1952 1041//1952
f 1044//1953 1065//1953 1041//1953
f 1033//76 51//76 377//76
f 1069//1954 1058//1954 290//1954
f 289//1955 1069//1955 290//1955
f 1049//1956 1064//1956 1050//1956
f 1059//1957 1070//1957 1024//1957
f 1070//1958 1037//1958 1024//1958
f 1071//1959 1044//1959 1031//1959
f 1052//1960 1071//1960 1031//1960
f 1039//1961 1072//1961 1034//1961
f 1072//1962 1051//1962 1034//1962
f 1056//1963 51//1963 1033//1963
f 1029//1964 1073//1964 1012//1964
f 1073//1965 1054//1965 1012//1965
f 1044//1966 1066//1966 1065//1966
f 1036//1967 1063//1967 1020//1967
f 1035//1968 1063//1968 1036//1968
f 1074//1969 1057//1969 1028//1969
f 1051//1970 1075//1970 1028//1970
f 1075//1971 1074//1971 1028//1971
f 1076//1972 1032//1972 1013//1972
f 1061//1973 1076//1973 1013//1973
f 1077//1974 1064//1974 1049//1974
f 1037//1975 1077//1975 1049//1975
f 1078//1976 1053//1976 1017//1976
f 1040//1977 1078//1977 1017//1977
f 1069//1978 1079//1978 1058//1978
f 1079//1979 1059//1979 1058//1979
f 1080//1980 1062//1980 1026//1980
f 1048//1981 1080//1981 1026//1981
f 1081//1982 1068//1982 1022//1982
f 1055//1983 1081//1983 1022//1983
f 1046//1984 1082//1984 1035//1984
f 1082//1985 1063//1985 1035//1985
f 1077//1986 1083//1986 1064//1986
f 1083//1987 1043//1987 1064//1987
f 1084//1988 1077//1988 1037//1988
f 1085//1988 1084//1988 1037//1988
f 1070//1989 1085//1989 1037//1989
f 1086//1990 1067//1990 1066//1990
f 1044//1991 1086//1991 1066//1991
f 1087//1992 1061//1992 1027//1992
f 1062//1993 1087//1993 1027//1993
f 1084//1994 1083//1994 1077//1994
f 1088//1995 1086//1995 1044//1995
f 1071//1996 1088//1996 1044//1996
f 1089//1997 1048//1997 1019//1997
f 1053//1998 1089//1998 1019//1998
f 1086//1999 1090//1999 1067//1999
f 1090//2000 1047//2000 1067//2000
f 1045//2001 1082//2001 1046//2001
f 1047//2002 1091//2002 1045//2002
f 1091//2003 1082//2003 1045//2003
f 1043//2004 1092//2004 1029//2004
f 1092//2005 1073//2005 1029//2005
f 1063//2006 1072//2006 1039//2006
f 1057//2007 51//2007 1056//2007
f 1093//2008 1081//2008 1055//2008
f 1054//2009 1093//2009 1055//2009
f 1085//1994 1083//1994 1084//1994
f 1079//2010 1094//2010 1059//2010
f 1094//2011 1070//2011 1059//2011
f 1095//2012 1052//2012 1032//2012
f 1076//2013 1095//2013 1032//2013
f 1072//2014 1075//2014 1051//2014
f 1088//2015 1090//2015 1086//2015
f 1096//76 51//76 1057//76
f 1074//2016 1096//2016 1057//2016
f 1068//2017 1097//2017 1040//2017
f 1097//2018 1078//2018 1040//2018
f 288//2019 1069//2019 289//2019
f 1098//2020 1091//2020 1047//2020
f 1099//2021 1098//2021 1047//2021
f 1090//2022 1099//2022 1047//2022
f 1100//2023 51//2023 1096//2023
f 1074//2024 1100//2024 1096//2024
f 1101//2025 1069//2025 288//2025
f 287//2026 1101//2026 288//2026
f 1083//2027 1092//2027 1043//2027
f 1102//2028 1087//2028 1062//2028
f 1080//2029 1102//2029 1062//2029
f 1103//2030 1076//2030 1061//2030
f 1087//2031 1103//2031 1061//2031
f 1104//2032 1072//2032 1063//2032
f 1082//2033 1104//2033 1063//2033
f 1088//2034 1099//2034 1090//2034
f 1105//2035 1085//2035 1070//2035
f 1094//2036 1106//2036 1070//2036
f 1106//2037 1107//2037 1070//2037
f 1107//2038 1105//2038 1070//2038
f 1108//2039 1089//2039 1053//2039
f 1078//2040 1108//2040 1053//2040
f 1088//2041 1109//2041 1099//2041
f 1109//2042 1098//2042 1099//2042
f 1105//2043 1083//2043 1085//2043
f 1110//2044 1080//2044 1048//2044
f 1089//2045 1110//2045 1048//2045
f 1111//2046 1071//2046 1052//2046
f 1095//2047 1111//2047 1052//2047
f 1073//2048 1112//2048 1054//2048
f 1112//2049 1093//2049 1054//2049
f 1104//2050 1113//2050 1072//2050
f 1113//2051 1075//2051 1072//2051
f 1081//2052 1114//2052 1068//2052
f 1114//2053 1097//2053 1068//2053
f 1075//2054 1115//2054 1074//2054
f 1115//2055 1100//2055 1074//2055
f 1101//2056 1116//2056 1069//2056
f 1116//2057 1079//2057 1069//2057
f 1115//76 51//76 1100//76
f 1117//2058 1104//2058 1082//2058
f 1091//2059 1117//2059 1082//2059
f 1107//2060 1083//2060 1105//2060
f 1118//2061 1092//2061 1083//2061
f 1107//2062 1118//2062 1083//2062
f 1119//1963 51//1963 1115//1963
f 1075//2063 1119//2063 1115//2063
f 1120//2064 1095//2064 1076//2064
f 1103//2065 1120//2065 1076//2065
f 1121//2066 1103//2066 1087//2066
f 1102//2067 1121//2067 1087//2067
f 1122//2068 1088//2068 1071//2068
f 1111//2069 1122//2069 1071//2069
f 1092//2070 1123//2070 1073//2070
f 1123//2071 1112//2071 1073//2071
f 1093//2072 1124//2072 1081//2072
f 1124//2073 1114//2073 1081//2073
f 286//2074 1101//2074 287//2074
f 1125//2075 1108//2075 1078//2075
f 1097//2076 1125//2076 1078//2076
f 1106//2077 1118//2077 1107//2077
f 1117//2078 1126//2078 1104//2078
f 1126//2079 1113//2079 1104//2079
f 1098//2080 1127//2080 1091//2080
f 1128//2081 1117//2081 1091//2081
f 1127//2082 1128//2082 1091//2082
f 285//2083 1101//2083 286//2083
f 1129//2084 1130//2084 1075//2084
f 1130//2085 1131//2085 1075//2085
f 1131//2085 1119//2085 1075//2085
f 1113//2086 1129//2086 1075//2086
f 1126//2087 1129//2087 1113//2087
f 1132//2088 1102//2088 1080//2088
f 1110//2089 1132//2089 1080//2089
f 1116//2090 1133//2090 1079//2090
f 1133//2091 1094//2091 1079//2091
f 1134//2092 1110//2092 1089//2092
f 1108//2093 1134//2093 1089//2093
f 1135//2094 1109//2094 1088//2094
f 1122//2095 1136//2095 1088//2095
f 1136//2096 1137//2096 1088//2096
f 1137//2097 1135//2097 1088//2097
f 1138//2098 1101//2098 285//2098
f 259//2099 1138//2099 285//2099
f 1139//2100 1111//2100 1095//2100
f 1120//2101 1139//2101 1095//2101
f 1118//2102 1123//2102 1092//2102
f 1109//2103 1127//2103 1098//2103
f 1137//2104 1140//2104 1127//2104
f 1135//2105 1137//2105 1127//2105
f 1109//2106 1135//2106 1127//2106
f 1140//2107 1128//2107 1127//2107
f 1141//2108 1118//2108 1106//2108
f 1094//2109 1141//2109 1106//2109
f 1142//2110 1120//2110 1103//2110
f 1121//2111 1142//2111 1103//2111
f 1128//2112 1143//2112 1117//2112
f 1143//2113 1126//2113 1117//2113
f 1144//2114 1125//2114 1097//2114
f 1114//2115 1144//2115 1097//2115
f 1131//76 51//76 1119//76
f 1145//2116 1124//2116 1093//2116
f 1112//2117 1145//2117 1093//2117
f 1130//1963 51//1963 1131//1963
f 1137//2104 1146//2104 1140//2104
f 1146//2107 1128//2107 1140//2107
f 1136//2118 1146//2118 1137//2118
f 1147//2119 1148//2119 1094//2119
f 1133//2120 1149//2120 1094//2120
f 1149//2121 1150//2121 1094//2121
f 1150//2122 1147//2122 1094//2122
f 1148//2123 1141//2123 1094//2123
f 1151//2124 1129//2124 1126//2124
f 1143//2125 1151//2125 1126//2125
f 1152//2126 1122//2126 1111//2126
f 1139//2127 1152//2127 1111//2127
f 1138//2128 1153//2128 1101//2128
f 1153//2129 1116//2129 1101//2129
f 1151//2130 1154//2130 1129//2130
f 1154//2131 1155//2131 1129//2131
f 1155//2132 1130//2132 1129//2132
f 1146//2107 1156//2107 1128//2107
f 1156//2133 1157//2133 1128//2133
f 1157//2134 1143//2134 1128//2134
f 1158//2135 1134//2135 1108//2135
f 1125//2136 1158//2136 1108//2136
f 1159//2137 1121//2137 1102//2137
f 1132//2138 1159//2138 1102//2138
f 1160//2139 1144//2139 1114//2139
f 1124//2140 1160//2140 1114//2140
f 1148//2141 1147//2141 1118//2141
f 1141//2142 1148//2142 1118//2142
f 1161//2143 1123//2143 1118//2143
f 1147//2144 1161//2144 1118//2144
f 1162//2145 1139//2145 1120//2145
f 1142//2146 1162//2146 1120//2146
f 1163//2147 1138//2147 259//2147
f 254//2148 1163//2148 259//2148
f 1164//2149 1132//2149 1110//2149
f 1134//2150 1164//2150 1110//2150
f 1123//2151 1165//2151 1112//2151
f 1165//2152 1145//2152 1112//2152
f 1152//2153 1166//2153 1122//2153
f 1166//2154 1136//2154 1122//2154
f 1136//2155 1156//2155 1146//2155
f 1167//2156 1151//2156 1143//2156
f 1157//2157 1167//2157 1143//2157
f 1166//2158 1156//2158 1136//2158
f 1168//2159 1169//2159 1156//2159
f 1166//2160 1168//2160 1156//2160
f 1169//2161 1157//2161 1156//2161
f 1167//2162 1170//2162 1151//2162
f 1170//2163 1154//2163 1151//2163
f 1153//2164 1171//2164 1116//2164
f 1171//2165 1133//2165 1116//2165
f 1155//76 51//76 1130//76
f 1172//2166 1152//2166 1139//2166
f 1162//2167 1172//2167 1139//2167
f 1173//2168 1158//2168 1125//2168
f 1144//2169 1173//2169 1125//2169
f 1161//2170 1165//2170 1123//2170
f 1152//2171 1168//2171 1166//2171
f 1174//2172 1161//2172 1147//2172
f 1150//2173 1174//2173 1147//2173
f 1175//2174 1142//2174 1121//2174
f 1159//2175 1175//2175 1121//2175
f 1149//2176 1174//2176 1150//2176
f 1154//2177 51//2177 1155//2177
f 1169//2178 1176//2178 1157//2178
f 1177//2179 1167//2179 1157//2179
f 1176//2180 1177//2180 1157//2180
f 1178//2181 1160//2181 1124//2181
f 1145//2182 1178//2182 1124//2182
f 1179//2183 1164//2183 1134//2183
f 1158//2184 1179//2184 1134//2184
f 1180//2185 1159//2185 1132//2185
f 1164//2186 1180//2186 1132//2186
f 1163//2187 1181//2187 1138//2187
f 1181//2188 1153//2188 1138//2188
f 1182//2171 1168//2171 1152//2171
f 1172//2189 1183//2189 1152//2189
f 1183//2190 1184//2190 1152//2190
f 1184//2190 1182//2190 1152//2190
f 223//2191 1163//2191 254//2191
f 1185//2192 1170//2192 1167//2192
f 1186//2193 1185//2193 1167//2193
f 1177//2194 1186//2194 1167//2194
f 1187//2195 1173//2195 1144//2195
f 1160//2196 1187//2196 1144//2196
f 1182//2197 1176//2197 1169//2197
f 1168//2198 1182//2198 1169//2198
f 1//1 1188//1 223//1
f 1188//2199 1163//2199 223//2199
f 1189//2200 1190//2200 1133//2200
f 1171//2201 1189//2201 1133//2201
f 1190//2202 1191//2202 1133//2202
f 1191//2203 1149//2203 1133//2203
f 1192//2204 1162//2204 1142//2204
f 1175//2205 1192//2205 1142//2205
f 1193//2206 1178//2206 1145//2206
f 1165//2207 1193//2207 1145//2207
f 1194//2208 1165//2208 1161//2208
f 1174//2209 1194//2209 1161//2209
f 1184//2210 1176//2210 1182//2210
f 1184//2211 1195//2211 1176//2211
f 1195//2212 1177//2212 1176//2212
f 1170//2213 51//2213 1154//2213
f 1195//2214 1196//2214 1177//2214
f 1197//2215 1186//2215 1177//2215
f 1196//2216 1197//2216 1177//2216
f 1198//2217 1179//2217 1158//2217
f 1173//2218 1198//2218 1158//2218
f 1//1 1199//1 1188//1
f 1199//2219 1163//2219 1188//2219
f 1183//2220 1196//2220 1184//2220
f 1196//2221 1195//2221 1184//2221
f 1200//2222 1175//2222 1159//2222
f 1180//2223 1200//2223 1159//2223
f 1201//2224 51//2224 1170//2224
f 1185//2225 1201//2225 1170//2225
f 1202//2226 1180//2226 1164//2226
f 1179//2227 1202//2227 1164//2227
f 1203//2228 1172//2228 1162//2228
f 1192//2229 1203//2229 1162//2229
f 1181//2230 1204//2230 1153//2230
f 1204//2231 1171//2231 1153//2231
f 1205//2232 1193//2232 1165//2232
f 1194//2233 1205//2233 1165//2233
f 1206//2224 51//2224 1201//2224
f 1185//2234 1206//2234 1201//2234
f 1183//2235 1197//2235 1196//2235
f 1191//2236 1174//2236 1149//2236
f 1207//2237 1187//2237 1160//2237
f 1178//2238 1207//2238 1160//2238
f 1190//2239 1174//2239 1191//2239
f 1208//2240 1194//2240 1174//2240
f 1190//2241 1208//2241 1174//2241
f 1199//2242 1181//2242 1163//2242
f 1209//2243 1198//2243 1173//2243
f 1187//2244 1209//2244 1173//2244
f 1210//2245 1183//2245 1172//2245
f 1211//2246 1210//2246 1172//2246
f 1203//2247 1211//2247 1172//2247
f 1212//2248 1192//2248 1175//2248
f 1200//2249 1212//2249 1175//2249
f 1189//2250 1208//2250 1190//2250
f 1213//2251 51//2251 1206//2251
f 1185//2252 1213//2252 1206//2252
f 1//1 1214//1 1199//1
f 1214//2253 1181//2253 1199//2253
f 1211//2254 1215//2254 1197//2254
f 1210//2255 1211//2255 1197//2255
f 1183//2256 1210//2256 1197//2256
f 1215//2257 1186//2257 1197//2257
f 1186//2258 1216//2258 1185//2258
f 1216//2259 1213//2259 1185//2259
f 1198//2260 1202//2260 1179//2260
f 1217//2261 1200//2261 1180//2261
f 1202//2262 1217//2262 1180//2262
f 1218//2263 1207//2263 1178//2263
f 1193//2264 1218//2264 1178//2264
f 1//1 1219//1 1214//1
f 1219//2265 1181//2265 1214//2265
f 1220//2266 1221//2266 1171//2266
f 1204//2267 1220//2267 1171//2267
f 1222//2268 1189//2268 1171//2268
f 1221//2269 1222//2269 1171//2269
f 1223//2270 1205//2270 1194//2270
f 1208//2271 1223//2271 1194//2271
f 1216//2272 51//2272 1213//2272
f 1224//2273 1203//2273 1192//2273
f 1212//2274 1224//2274 1192//2274
f 1215//2275 1225//2275 1186//2275
f 1225//2276 1226//2276 1186//2276
f 1226//2277 1227//2277 1186//2277
f 1227//2278 1216//2278 1186//2278
f 1228//2279 1209//2279 1187//2279
f 1207//2280 1228//2280 1187//2280
f 1229//2281 1202//2281 1198//2281
f 1209//2282 1229//2282 1198//2282
f 1230//2283 1218//2283 1193//2283
f 1205//2284 1230//2284 1193//2284
f 1219//2285 1231//2285 1181//2285
f 1231//2286 1204//2286 1181//2286
f 1227//2287 51//2287 1216//2287
f 1232//2288 1212//2288 1200//2288
f 1217//2289 1232//2289 1200//2289
f 1233//2290 1211//2290 1203//2290
f 1234//2291 1233//2291 1203//2291
f 1224//2292 1234//2292 1203//2292
f 1211//2293 1225//2293 1215//2293
f 1222//2294 1208//2294 1189//2294
f 1226//2295 1225//2295 1211//2295
f 1233//2296 1226//2296 1211//2296
f 1222//2297 1235//2297 1208//2297
f 1236//2298 1223//2298 1208//2298
f 1235//2299 1236//2299 1208//2299
f 1221//2300 1235//2300 1222//2300
f 1237//2301 1238//2301 1226//2301
f 1233//2302 1234//2302 1226//2302
f 1234//2303 1239//2303 1226//2303
f 1239//2304 1240//2304 1226//2304
f 1240//2305 1237//2305 1226//2305
f 1238//2306 1241//2306 1226//2306
f 1241//2307 1227//2307 1226//2307
f 1224//2308 1239//2308 1234//2308
f 1//1 1231//1 1219//1
f 1242//2309 1228//2309 1207//2309
f 1218//2310 1242//2310 1207//2310
f 1243//76 51//76 1227//76
f 1238//76 1244//76 1227//76
f 1241//2311 1238//2311 1227//2311
f 1244//76 1245//76 1227//76
f 1245//76 1246//76 1227//76
f 1246//76 1243//76 1227//76
f 1247//2312 1224//2312 1212//2312
f 1232//2313 1247//2313 1212//2313
f 1220//2314 1235//2314 1221//2314
f 1//1 1248//1 1231//1
f 1248//2315 1204//2315 1231//2315
f 1249//2316 1217//2316 1202//2316
f 1229//2317 1249//2317 1202//2317
f 1250//2318 1229//2318 1209//2318
f 1228//2319 1250//2319 1209//2319
f 1251//2320 1230//2320 1205//2320
f 1223//2321 1251//2321 1205//2321
f 1220//2322 1236//2322 1235//2322
f 1252//2323 1236//2323 1220//2323
f 1204//2324 1252//2324 1220//2324
f 1253//2325 1254//2325 1204//2325
f 1248//2326 1255//2326 1204//2326
f 1255//2327 1253//2327 1204//2327
f 1254//2325 1252//2325 1204//2325
f 1247//2328 1237//2328 1224//2328
f 1237//2329 1240//2329 1224//2329
f 1240//2330 1239//2330 1224//2330
f 1256//2331 1242//2331 1218//2331
f 1230//2332 1256//2332 1218//2332
f 1237//2333 1244//2333 1238//2333
f 1257//2334 1232//2334 1217//2334
f 1249//2335 1257//2335 1217//2335
f 1//1 1255//1 1248//1
f 1258//2336 1250//2336 1228//2336
f 1242//2337 1258//2337 1228//2337
f 1259//2338 1251//2338 1223//2338
f 1236//2339 1259//2339 1223//2339
f 1260//2340 1249//2340 1229//2340
f 1250//2341 1260//2341 1229//2341
f 1254//2342 1236//2342 1252//2342
f 1253//2343 1236//2343 1254//2343
f 1247//2344 1261//2344 1237//2344
f 1261//2345 1245//2345 1237//2345
f 1245//2346 1244//2346 1237//2346
f 1262//2347 1247//2347 1232//2347
f 1257//2348 1262//2348 1232//2348
f 1//1 1263//1 1255//1
f 1263//2349 1253//2349 1255//2349
f 1264//2350 1256//2350 1230//2350
f 1251//2351 1264//2351 1230//2351
f 1265//2352 1258//2352 1242//2352
f 1256//2353 1265//2353 1242//2353
f 1253//2354 1259//2354 1236//2354
f 1247//2355 1266//2355 1261//2355
f 1266//2356 1245//2356 1261//2356
f 1267//2355 1266//2355 1247//2355
f 1262//2357 1267//2357 1247//2357
f 1268//2358 1257//2358 1249//2358
f 1260//2359 1268//2359 1249//2359
f 1//1 1269//1 1263//1
f 1269//2360 1253//2360 1263//2360
f 1270//2361 1260//2361 1250//2361
f 1258//2362 1270//2362 1250//2362
f 1267//2363 1245//2363 1266//2363
f 1269//2364 1271//2364 1253//2364
f 1271//2365 1259//2365 1253//2365
f 1272//2366 1264//2366 1251//2366
f 1259//2367 1272//2367 1251//2367
f 1273//2368 1262//2368 1257//2368
f 1268//2369 1273//2369 1257//2369
f 1274//2370 1270//2370 1258//2370
f 1265//2371 1274//2371 1258//2371
f 1275//2372 1268//2372 1260//2372
f 1270//2373 1275//2373 1260//2373
f 1276//2374 1265//2374 1256//2374
f 1264//2375 1276//2375 1256//2375
f 1//1 1271//1 1269//1
f 1262//2376 1277//2376 1267//2376
f 1277//2377 1245//2377 1267//2377
f 1273//2378 1278//2378 1262//2378
f 1278//2376 1279//2376 1262//2376
f 1279//2379 1277//2379 1262//2379
f 1246//2380 1245//2380 1277//2380
f 1279//2381 1246//2381 1277//2381
f 1278//2382 1246//2382 1279//2382
f 1280//2383 1272//2383 1259//2383
f 1271//2384 1280//2384 1259//2384
f 1281//2385 1273//2385 1268//2385
f 1275//2386 1281//2386 1268//2386
f 1282//2387 1275//2387 1270//2387
f 1274//2388 1282//2388 1270//2388
f 1283//2389 1276//2389 1264//2389
f 1272//2390 1283//2390 1264//2390
f 1281//2391 1284//2391 1273//2391
f 1284//2392 1278//2392 1273//2392
f 1285//2393 1274//2393 1265//2393
f 1276//2394 1285//2394 1265//2394
f 1//1 1280//1 1271//1
f 1284//2395 1246//2395 1278//2395
f 1286//2396 1281//2396 1275//2396
f 1282//2397 1286//2397 1275//2397
f 1//1 1287//1 1280//1
f 1287//2398 1272//2398 1280//2398
f 1286//2399 1288//2399 1281//2399
f 1288//2400 1289//2400 1281//2400
f 1289//2401 1290//2401 1281//2401
f 1290//2402 1284//2402 1281//2402
f 1290//2403 1246//2403 1284//2403
f 1290//2395 1289//2395 1246//2395
f 1289//2404 1243//2404 1246//2404
f 1291//2405 1283//2405 1272//2405
f 1287//2406 1291//2406 1272//2406
f 1292//2407 1282//2407 1274//2407
f 1285//2408 1292//2408 1274//2408
f 1293//2409 1285//2409 1276//2409
f 1283//2410 1293//2410 1276//2410
f 1288//2411 1243//2411 1289//2411
f 1//1 1291//1 1287//1
f 1294//2412 1286//2412 1282//2412
f 1292//2413 1294//2413 1282//2413
f 1//1 1295//1 1291//1
f 1295//2414 1283//2414 1291//2414
f 1294//2415 1296//2415 1286//2415
f 1296//2416 1297//2416 1286//2416
f 1297//2417 1288//2417 1286//2417
f 1298//2418 1293//2418 1283//2418
f 1295//2419 1298//2419 1283//2419
f 1299//2420 1292//2420 1285//2420
f 1293//2421 1299//2421 1285//2421
f 1297//2422 1243//2422 1288//2422
f 1296//2423 1243//2423 1297//2423
f 1300//2424 1294//2424 1292//2424
f 1299//2425 1300//2425 1292//2425
f 1//1 1298//1 1295//1
f 1294//2426 1301//2426 1296//2426
f 51//2427 1243//2427 1296//2427
f 1301//2428 37//2428 1296//2428
f 37//2429 39//2429 1296//2429
f 39//2430 43//2430 1296//2430
f 43//2431 53//2431 1296//2431
f 53//2432 52//2432 1296//2432
f 52//2433 51//2433 1296//2433
f 1298//2434 1302//2434 1293//2434
f 1303//2435 1299//2435 1293//2435
f 1302//2436 1303//2436 1293//2436
f 1//1 1302//1 1298//1
f 1304//2437 1305//2437 1294//2437
f 1300//2438 1304//2438 1294//2438
f 1305//2439 1301//2439 1294//2439
f 1305//2440 37//2440 1301//2440
f 33//2441 37//2441 1305//2441
f 1304//2442 33//2442 1305//2442
f 1303//2443 1306//2443 1299//2443
f 1307//2444 1300//2444 1299//2444
f 1306//2443 1307//2443 1299//2443
f 1//1 1303//1 1302//1
f 1//2445 1306//2445 1303//2445
f 1307//2446 1308//2446 1300//2446
f 1308//2447 1309//2447 1300//2447
f 1310//2448 1304//2448 1300//2448
f 1309//2449 1310//2449 1300//2449
f 30//2450 33//2450 1304//2450
f 1310//2451 30//2451 1304//2451
f 1309//2452 1311//2452 1310//2452
f 28//2453 30//2453 1310//2453
f 1311//2454 1//2454 1310//2454
f 1//2455 8//2455 1310//2455
f 8//2456 10//2456 1310//2456
f 10//2457 12//2457 1310//2457
f 12//2458 14//2458 1310//2458
f 14//2459 22//2459 1310//2459
f 22//2460 24//2460 1310//2460
f 24//2461 26//2461 1310//2461
f 26//2462 28//2462 1310//2462
f 1308//2463 1307//2463 1306//2463
f 1//1 1308//1 1306//1
f 1311//1 1309//1 1308//1
f 1//2464 1311//2464 1308//2464
