# Blender 4.5.0
# www.blender.org
mtllib rl_dg_1_4.mtl
o rl_dg_1_4_c
v 0.011200 0.031300 0.006003
v 0.011200 0.020400 -0.006000
v 0.011200 0.031300 -0.006005
v 0.011134 0.031301 -0.006645
v 0.010693 0.036981 -0.000403
v 0.010729 0.036620 0.000151
v 0.010931 0.034447 -0.005793
v 0.010643 0.037454 -0.000865
v 0.010671 0.037191 -0.000608
v 0.010740 0.036503 0.000468
v 0.010751 0.036390 0.000770
v 0.011200 0.020400 0.006000
v 0.011145 0.031301 0.006623
v 0.010760 0.036300 0.001500
v 0.010760 0.036300 0.005887
v 0.010760 0.036302 0.001390
v 0.011200 0.007700 0.006414
v 0.011200 0.020398 -0.006112
v 0.011200 0.007752 0.006733
v 0.011082 0.020400 -0.006903
v 0.011200 0.020326 0.006720
v 0.011082 0.020400 0.006903
v 0.011200 0.007700 -0.006414
v 0.011200 0.020308 -0.006805
v 0.011200 0.020262 0.006939
v 0.011200 0.020266 -0.006937
v 0.011200 0.020075 -0.007542
v 0.010568 0.020400 -0.008007
v 0.011073 0.020400 -0.006922
v 0.011200 0.020113 0.007445
v 0.011073 0.020400 0.006922
v 0.011200 0.019684 0.008351
v 0.010568 0.020400 0.008007
v 0.011200 0.019622 -0.008453
v 0.011200 0.019628 0.008449
v 0.011200 0.019599 0.008500
v 0.011200 0.011230 -0.008500
v 0.011200 0.019599 -0.008500
v 0.010563 0.020400 -0.008012
v 0.011140 0.019440 -0.008839
v 0.011120 0.011230 -0.008834
v 0.011200 0.011230 0.008500
v 0.011156 0.019456 0.008794
v 0.010563 0.020400 0.008012
v 0.011131 0.019443 0.008843
v 0.011200 0.010691 -0.008426
v 0.011200 0.010691 0.008426
v 0.011118 0.011230 0.008841
v 0.011200 0.009366 -0.007938
v 0.011092 0.010569 -0.008861
v 0.011200 0.009366 0.007938
v 0.011092 0.009177 0.008347
v 0.011092 0.010569 0.008861
v 0.011200 0.008139 -0.007242
v 0.011200 0.008139 0.007242
v 0.011200 0.007904 -0.007019
v 0.011092 0.009177 -0.008347
v 0.011092 0.007885 -0.007616
v 0.011092 0.007544 -0.007293
v 0.011200 0.007904 0.007019
v 0.011092 0.007885 0.007616
v 0.011200 0.007752 -0.006733
v 0.011092 0.007324 -0.006877
v 0.011092 0.007544 0.007293
v 0.011092 0.007248 -0.006414
v 0.011092 0.007324 0.006877
v 0.011092 0.007248 0.006414
v 0.011140 0.031301 0.006642
v 0.010727 0.036300 0.006365
v 0.011139 0.019437 -0.008845
v 0.011060 0.031301 0.006919
v 0.010689 0.036300 0.006520
v 0.010967 0.019368 -0.009142
v 0.010903 0.019373 -0.009196
v 0.011127 0.031301 -0.006722
v 0.010869 0.034497 -0.006429
v 0.011000 0.019373 0.009099
v 0.011064 0.031301 -0.006920
v 0.010679 0.034537 -0.007076
v 0.011092 0.011230 -0.008952
v 0.011092 0.011230 0.008952
v 0.010892 0.011230 -0.009188
v 0.010897 0.019376 0.009197
v 0.010889 0.011230 0.009192
v 0.010793 0.009028 -0.008668
v 0.010793 0.010473 -0.009201
v 0.010793 0.010473 0.009201
v 0.010793 0.007687 -0.007908
v 0.010793 0.009028 0.008668
v 0.010793 0.007263 -0.007506
v 0.010793 0.007687 0.007908
v 0.010793 0.006989 -0.006990
v 0.010793 0.007263 0.007506
v 0.011057 0.007207 -0.006414
v 0.010793 0.006989 0.006990
v 0.011057 0.007207 0.006414
v 0.010908 0.031301 -0.007408
v 0.010945 0.031301 -0.007293
v 0.010953 0.031301 0.007293
v 0.010950 0.031301 0.007303
v 0.010557 0.036300 0.007058
v 0.010793 0.006895 -0.006414
v 0.010793 0.006895 0.006414
v 0.010505 0.036300 0.007168
v 0.010626 0.031301 0.007917
v 0.010249 0.036300 0.007703
v 0.010917 0.034610 -0.005782
v 0.010583 0.038017 -0.001212
v 0.010604 0.037763 -0.005450
v 0.010555 0.038267 -0.001298
v 0.010621 0.031301 -0.007916
v 0.010353 0.034562 -0.007698
v 0.010709 0.019389 -0.009361
v 0.010793 0.011230 -0.009305
v 0.010754 0.019380 0.009332
v 0.010793 0.011230 0.009305
v 0.010541 0.019447 0.009426
v 0.010545 0.037833 -0.006086
v 0.010353 0.037890 -0.006728
v 0.010538 0.011230 -0.009415
v 0.010536 0.011230 0.009416
v 0.010380 0.008953 -0.008829
v 0.010380 0.010425 -0.009373
v 0.010380 0.010425 0.009373
v 0.010380 0.007587 -0.008056
v 0.010380 0.008953 0.008829
v 0.010380 0.007121 -0.007614
v 0.010380 0.007587 0.008056
v 0.010380 0.006820 -0.007047
v 0.010380 0.007121 0.007614
v 0.010692 0.006851 -0.006414
v 0.010380 0.006820 0.007047
v 0.010692 0.006851 0.006414
v -0.010760 0.036300 0.001500
v -0.010760 0.036300 0.005887
v -0.010695 0.036300 0.006522
v -0.010753 0.036372 0.000845
v -0.010732 0.036587 0.000220
v -0.010740 0.036502 0.000467
v -0.010698 0.036931 -0.000341
v 0.010544 0.019444 -0.009428
v -0.010671 0.037191 -0.000609
v 0.010380 0.006716 -0.006414
v 0.010380 0.006716 0.006414
v 0.010028 0.037929 -0.007346
v -0.010650 0.037391 -0.000814
v -0.010591 0.037942 -0.001175
v 0.010609 0.031301 0.007948
v 0.010181 0.036300 0.007792
v 0.010566 0.031301 -0.008014
v 0.010559 0.031300 0.008009
v 0.010543 0.038377 -0.005385
v 0.010512 0.038643 -0.001427
v -0.010555 0.038268 -0.001298
v 0.010563 0.031301 -0.008019
v 0.010172 0.031300 -0.008475
v 0.009901 0.034571 -0.008254
v 0.009712 0.020400 -0.008863
v 0.010440 0.019478 0.009471
v 0.009712 0.020400 0.008863
v 0.010173 0.031300 0.008476
v 0.010493 0.038758 -0.005335
v 0.010185 0.041120 -0.005026
v 0.010122 0.041201 -0.005649
v 0.009928 0.041266 -0.006286
v 0.010433 0.019481 -0.009473
v 0.010380 0.011230 -0.009484
v 0.010499 0.038758 -0.001440
v 0.010380 0.011230 0.009484
v 0.010434 0.039300 -0.001500
v -0.010434 0.039300 -0.001500
v -0.010449 0.039180 -0.001498
v -0.010522 0.038560 -0.001407
v 0.010200 0.019599 0.009500
v 0.010200 0.011230 0.009500
v 0.010139 0.041477 -0.004979
v 0.009823 0.043392 -0.001500
v -0.006672 0.050178 -0.001500
v -0.007226 0.049833 -0.001500
v -0.007237 0.049822 -0.001500
v -0.007240 0.049820 -0.001500
v -0.008080 0.048941 -0.001500
v -0.008187 0.048806 -0.001500
v 0.008329 0.048582 -0.001500
v 0.008074 0.048936 -0.001500
v 0.007855 0.049240 -0.001500
v 0.007263 0.049804 -0.001500
v 0.008339 0.048562 -0.001500
v 0.007246 0.049815 -0.001500
v 0.007237 0.049820 -0.001500
v 0.006318 0.050310 -0.001500
v 0.006059 0.050408 -0.001500
v 0.005496 0.050478 -0.001500
v -0.005496 0.050478 -0.001500
v -0.008323 0.048562 -0.001500
v -0.008580 0.048099 -0.001500
v -0.008692 0.047830 -0.001500
v -0.009414 0.045406 -0.001500
v -0.010149 0.041405 -0.001500
v -0.006070 0.050405 -0.001500
v -0.006318 0.050312 -0.001500
v 0.010200 0.019599 -0.009500
v 0.010200 0.011230 -0.009500
v 0.010200 0.010421 -0.009389
v 0.010200 0.008946 -0.008844
v 0.010200 0.010421 0.009389
v 0.010200 0.007577 -0.008069
v 0.010200 0.008946 0.008844
v 0.010200 0.007108 -0.007624
v 0.010200 0.007577 0.008069
v 0.010200 0.006805 -0.007053
v 0.010200 0.006956 -0.007338
v 0.010200 0.007108 0.007624
v 0.010200 0.006956 0.007338
v 0.010200 0.006700 -0.006414
v 0.010200 0.006805 0.007053
v 0.010200 0.006700 0.006414
v 0.009576 0.037947 -0.007899
v 0.009602 0.041309 -0.006899
v 0.009707 0.020400 -0.008868
v 0.010153 0.019622 -0.009500
v 0.010150 0.019627 0.009500
v 0.005100 0.011230 0.009500
v 0.005100 0.011230 -0.009500
v 0.005558 0.010421 -0.009389
v 0.005471 0.010579 -0.009429
v 0.005445 0.010625 -0.009434
v 0.005442 0.010628 0.009425
v 0.005231 0.011004 0.009491
v 0.005803 0.009835 -0.009201
v 0.006033 0.008984 -0.008862
v 0.005839 0.009747 -0.009173
v 0.005804 0.009837 0.009204
v 0.005827 0.009783 0.009186
v 0.005558 0.010421 0.009389
v 0.006029 0.008956 0.008844
v 0.006013 0.009088 0.008909
v 0.006100 0.007577 -0.008069
v 0.006100 0.008274 -0.008500
v 0.006036 0.008947 -0.008843
v 0.006036 0.008953 -0.008846
v 0.006030 0.008948 0.008840
v 0.006100 0.008274 0.008500
v 0.006098 0.008398 0.008568
v 0.006100 0.007577 0.008069
v 0.006100 0.006933 -0.007351
v 0.006100 0.006933 0.007351
v 0.006100 0.006700 -0.006414
v 0.006100 0.006700 0.006414
v 0.009818 0.036300 0.008269
v 0.010163 0.031300 0.008488
v 0.009727 0.036300 0.008348
v 0.010125 0.031300 -0.008529
v 0.009707 0.031301 0.008857
v 0.009276 0.036300 0.008740
v 0.009233 0.020079 -0.009500
v 0.009707 0.020400 0.008868
v 0.010003 0.019710 0.009500
v 0.009812 0.043390 -0.004684
v 0.009708 0.031301 -0.008858
v 0.009345 0.034561 -0.008707
v 0.009546 0.044523 -0.005132
v 0.009432 0.044573 -0.005505
v 0.009152 0.041324 -0.007449
v 0.009111 0.020126 0.009500
v 0.009366 0.044601 -0.005720
v 0.009222 0.044615 -0.005998
v 0.009347 0.044603 -0.005758
v 0.009022 0.037942 -0.008351
v 0.009695 0.044079 -0.004578
v 0.009513 0.044913 -0.004068
v 0.009237 0.046117 -0.001500
v 0.009610 0.031301 -0.008936
v 0.009625 0.031302 0.008923
v 0.008622 0.020400 -0.009373
v 0.008621 0.031300 -0.009368
v 0.008986 0.031301 -0.009241
v 0.009179 0.031302 -0.009174
v 0.008638 0.020263 0.009500
v 0.008622 0.020400 0.009373
v 0.009613 0.031302 0.008930
v 0.009073 0.031302 0.009219
v 0.009629 0.044415 -0.004521
v 0.009559 0.044517 -0.005089
v 0.009169 0.036300 0.008800
v 0.008947 0.044626 -0.006469
v 0.009033 0.044634 -0.006359
v 0.008610 0.044593 -0.006899
v 0.008602 0.041310 -0.007899
v 0.009256 0.045457 -0.004667
v 0.009233 0.046116 -0.002973
v 0.009006 0.045699 -0.004963
v 0.008723 0.034535 -0.009032
v 0.008402 0.037914 -0.008676
v 0.008826 0.047053 -0.003186
v 0.008575 0.047270 -0.003475
v 0.009205 0.046234 -0.002866
v 0.009108 0.046546 -0.002598
v 0.008787 0.047572 -0.001715
v 0.008692 0.047830 -0.001500
v 0.008638 0.020266 -0.009500
v 0.008686 0.045900 -0.005233
v 0.008654 0.036300 0.009088
v 0.008392 0.042590 -0.007696
v 0.008469 0.043477 -0.007411
v 0.008585 0.044551 -0.006943
v 0.008593 0.044591 -0.006921
v 0.008984 0.031302 0.009247
v 0.008165 0.039927 -0.008411
v 0.008261 0.047446 -0.003742
v 0.008619 0.031301 0.009361
v 0.008543 0.036300 0.009123
v 0.008197 0.048711 -0.001708
v 0.008076 0.034494 -0.009222
v 0.008006 0.035303 -0.009146
v 0.008516 0.031300 -0.009404
v 0.008013 0.036210 -0.009029
v 0.008310 0.046048 -0.005462
v 0.007897 0.047570 -0.003971
v 0.008602 0.020400 0.009382
v 0.008416 0.020327 0.009500
v 0.008602 0.020400 -0.009382
v 0.008492 0.020311 -0.009500
v 0.008400 0.031301 0.009429
v 0.007700 0.020400 -0.009500
v 0.007882 0.031296 -0.009495
v 0.008338 0.031299 -0.009430
v 0.007803 0.020398 -0.009500
v 0.007700 0.020400 0.009500
v 0.008333 0.031301 0.009436
v 0.008280 0.041290 -0.008078
v 0.008319 0.041758 -0.007963
v 0.008387 0.042541 -0.007711
v 0.008589 0.044591 -0.006925
v 0.008095 0.045183 -0.006573
v -0.008585 0.044551 -0.006943
v -0.008484 0.043629 -0.007353
v 0.007647 0.049022 -0.002249
v 0.007968 0.036300 0.009305
v 0.008023 0.037511 -0.008860
v 0.008045 0.037890 -0.008792
v 0.008145 0.039689 -0.008469
v 0.008154 0.039794 -0.008443
v -0.008393 0.042597 -0.007696
v -0.008388 0.042542 -0.007715
v 0.007780 0.031339 -0.009497
v 0.007846 0.031444 -0.009489
v 0.007957 0.031898 -0.009455
v 0.008026 0.033020 -0.009366
v 0.007698 0.031300 0.009500
v 0.007478 0.033787 0.009439
v 0.007893 0.036300 0.009312
v -0.008280 0.041295 -0.008073
v -0.008343 0.042034 -0.007883
v 0.007900 0.046138 -0.005641
v 0.007502 0.047638 -0.004154
v -0.008166 0.039942 -0.008412
v -0.008173 0.040051 -0.008391
v -0.008157 0.039794 -0.008440
v -0.008589 0.044591 -0.006925
v -0.008095 0.045182 -0.006572
v -0.007904 0.045410 -0.006436
v 0.007917 0.045395 -0.006446
v 0.008005 0.035243 -0.009154
v 0.008012 0.034489 -0.009226
v -0.008041 0.037968 -0.008788
v 0.007863 0.032159 -0.009435
v -0.008027 0.033091 -0.009360
v -0.007974 0.032034 -0.009445
v -0.008039 0.037897 -0.008798
v -0.008007 0.036211 -0.009034
v -0.008000 0.035841 -0.009086
v -0.008013 0.034491 -0.009221
v -0.008006 0.035284 -0.009141
v 0.007701 0.031300 -0.009500
v 0.007496 0.045803 -0.006119
v 0.007214 0.046075 -0.005901
v 0.007156 0.046157 -0.005820
v 0.007047 0.046307 -0.005671
v 0.006976 0.046622 -0.005356
v 0.006938 0.049144 -0.002667
v 0.007255 0.036300 0.009377
v 0.007732 0.031305 -0.009500
v -0.007837 0.031667 -0.009473
v -0.007701 0.031300 -0.009500
v -0.007700 0.020400 -0.009500
v -0.007700 0.020400 0.009500
v -0.006100 0.009547 0.009500
v -0.007698 0.031300 0.009500
v 0.007241 0.049818 -0.001505
v 0.006680 0.047612 -0.004366
v -0.007496 0.045803 -0.006120
v -0.007215 0.046075 -0.005901
v -0.007478 0.033787 0.009439
v -0.007255 0.036300 0.009377
v 0.006567 0.049897 -0.001926
v 0.006688 0.050171 -0.001500
v -0.007155 0.046158 -0.005818
v -0.007047 0.046307 -0.005671
v 0.006346 0.048733 -0.003245
v 0.006182 0.049069 -0.002909
v -0.006684 0.047616 -0.004362
v -0.006459 0.048425 -0.003553
v -0.005679 0.050168 -0.001810
v -0.006170 0.049070 -0.002908
v 0.006100 0.000000 -0.008500
v 0.006022 0.000000 0.008842
v 0.006100 0.000000 0.008526
v 0.006100 0.000000 0.008500
v 0.006100 0.000975 -0.002571
v 0.006100 0.002058 -0.001824
v 0.006100 0.002750 0.000000
v 0.006100 0.002670 -0.000658
v 0.006100 0.002670 0.000658
v 0.006100 0.002058 0.001824
v -0.007100 0.002670 -0.000658
v -0.007100 0.002670 0.000658
v -0.007100 0.002058 0.001824
v -0.007100 0.002058 -0.001824
v 0.006100 0.000975 0.002571
v -0.007100 0.000975 0.002571
v 0.006100 -0.000331 -0.002730
v -0.007100 0.000975 -0.002571
v 0.006100 -0.000331 0.002730
v -0.007100 -0.000331 0.002730
v 0.006100 0.000000 -0.008526
v 0.006100 -0.001473 -0.008344
v 0.006100 -0.001471 0.008330
v 0.006100 -0.001481 0.008397
v 0.006100 -0.001562 -0.002263
v 0.006100 -0.001785 -0.008310
v -0.007100 -0.000331 -0.002730
v 0.006100 -0.001933 0.008277
v 0.006100 -0.002887 0.007932
v 0.006100 -0.003816 0.007595
v 0.006100 -0.001562 0.002263
v -0.007100 -0.001562 0.002263
v 0.006100 -0.001481 -0.008397
v 0.006100 -0.002435 -0.001278
v 0.006100 -0.005439 -0.006486
v 0.006100 -0.005163 -0.006752
v 0.006100 -0.004223 -0.007317
v 0.006100 -0.003535 -0.007730
v 0.006100 -0.002892 -0.007943
v -0.007100 -0.001562 -0.002263
v 0.006100 -0.005465 0.006510
v 0.006100 -0.002435 0.001278
v 0.006100 -0.004226 0.007325
v -0.007100 -0.002435 0.001278
v 0.006100 -0.002916 -0.008012
v 0.006100 -0.002183 0.008242
v 0.006100 -0.008291 -0.001872
v 0.006100 -0.007932 -0.002888
v 0.006100 -0.007624 -0.003759
v 0.006100 -0.007322 -0.004225
v 0.006100 -0.002750 0.000000
v 0.006100 -0.008500 0.000000
v 0.006100 -0.008336 -0.001472
v 0.006100 -0.006551 -0.005416
v 0.006100 -0.006507 -0.005459
v -0.007100 -0.002435 -0.001278
v 0.006100 -0.006791 0.005112
v 0.006100 -0.007316 0.004223
v 0.006100 -0.007756 0.003478
v 0.006100 -0.007945 0.002893
v 0.006100 -0.008323 0.001726
v 0.006100 -0.008349 0.001474
v 0.006100 -0.006483 0.005437
v -0.007100 -0.002750 0.000000
v 0.006100 -0.002916 0.008012
v 0.006100 -0.003584 0.007736
v 0.006100 -0.003584 -0.007736
v 0.006100 -0.004263 -0.007384
v 0.006100 -0.004263 0.007384
v 0.006100 -0.005480 0.006531
v 0.006100 -0.005480 -0.006531
v 0.006100 -0.006531 0.005480
v 0.006100 -0.006531 -0.005480
v 0.006100 -0.007384 -0.004263
v 0.006100 -0.006978 0.004899
v 0.006100 -0.007724 0.003610
v 0.006100 -0.007384 0.004263
v 0.006100 -0.007724 -0.003610
v 0.006100 -0.008012 0.002916
v 0.006100 -0.008012 -0.002916
v 0.006100 -0.008397 -0.001481
v 0.006100 -0.008397 0.001481
v 0.006100 -0.008526 0.000000
v 0.006022 0.000000 -0.008842
v 0.005998 -0.003057 -0.008400
v 0.005998 -0.001552 -0.008804
v 0.005998 -0.001552 0.008804
v 0.005998 -0.003057 0.008400
v 0.005998 -0.004470 -0.007742
v 0.005998 -0.005746 -0.006848
v 0.005998 -0.004470 0.007742
v 0.005998 -0.006848 -0.005746
v 0.005998 -0.005746 0.006848
v 0.005998 -0.007742 -0.004470
v 0.005998 -0.006848 0.005746
v 0.005998 -0.007742 0.004470
v 0.005998 -0.008400 -0.003057
v 0.005998 -0.008804 -0.001552
v 0.005998 -0.008400 0.003057
v 0.005998 -0.008939 0.000000
v 0.005998 -0.008804 0.001552
v 0.005790 0.000000 -0.009193
v 0.005998 0.000000 -0.008939
v 0.005998 0.000000 0.008939
v 0.005790 0.000000 0.009193
v 0.005704 -0.003180 -0.008736
v 0.005704 -0.001614 -0.009156
v 0.005704 -0.001614 0.009156
v 0.005704 -0.004649 -0.008052
v 0.005704 -0.003180 0.008736
v 0.005704 -0.005976 -0.007122
v 0.005704 -0.004649 0.008052
v 0.005704 -0.007122 -0.005976
v 0.005704 -0.005976 0.007122
v 0.005704 -0.008052 -0.004649
v 0.005704 -0.007122 0.005976
v 0.005704 -0.008736 -0.003180
v 0.005704 -0.008052 0.004649
v 0.005704 -0.009156 -0.001614
v 0.005704 -0.008736 0.003180
v 0.005704 -0.009297 0.000000
v 0.005704 -0.009156 0.001614
v 0.005704 0.000000 0.009297
v 0.005436 0.000000 0.009417
v 0.005704 0.000000 -0.009297
v 0.005436 0.000000 -0.009417
v 0.005292 -0.001646 -0.009337
v 0.005292 -0.003243 -0.008910
v 0.005292 -0.001646 0.009337
v 0.005292 -0.004741 -0.008211
v 0.005292 -0.003243 0.008910
v 0.005292 -0.006094 -0.007263
v 0.005292 -0.004741 0.008211
v 0.005292 -0.007263 -0.006094
v 0.005292 -0.006094 0.007263
v 0.005292 -0.008211 -0.004741
v 0.005292 -0.007263 0.006094
v 0.005292 -0.008910 -0.003243
v 0.005292 -0.008211 0.004741
v 0.005292 -0.009337 -0.001646
v 0.005292 -0.008910 0.003243
v 0.005292 -0.009481 0.000000
v 0.005292 -0.009337 0.001646
v 0.005292 0.000000 -0.009481
v 0.005292 0.000000 0.009481
v 0.005100 0.000000 -0.009500
v 0.005100 -0.001650 -0.009356
v 0.005100 0.000000 0.009500
v 0.005100 -0.002265 -0.009191
v 0.005100 -0.001650 0.009356
v 0.005100 -0.002265 0.009191
v 0.005100 -0.004404 -0.008389
v 0.005100 -0.003249 -0.008927
v 0.005100 -0.003249 0.008927
v 0.005100 -0.006106 -0.007277
v 0.005100 -0.004750 -0.008227
v 0.005100 -0.004404 0.008389
v 0.005100 -0.004750 0.008227
v 0.005100 -0.007277 -0.006106
v 0.005100 -0.006286 -0.007098
v 0.005100 -0.006106 0.007277
v 0.005100 -0.006286 0.007098
v 0.005100 -0.007789 -0.005376
v 0.005100 -0.007789 0.005376
v 0.005100 -0.007277 0.006106
v 0.005100 -0.008873 -0.003364
v 0.005100 -0.008227 -0.004750
v 0.005100 -0.008227 0.004750
v 0.005100 -0.009356 -0.001650
v 0.005100 -0.008927 -0.003249
v 0.005100 -0.008927 0.003249
v 0.005100 -0.008873 0.003364
v 0.005100 -0.009500 0.000000
v 0.005100 -0.009400 -0.001142
v 0.005100 -0.009356 0.001650
v 0.005100 -0.009400 0.001142
v -0.006100 0.000000 -0.009500
v -0.006100 0.009547 -0.009500
v -0.008416 0.020327 -0.009500
v -0.006100 -0.001650 -0.009356
v -0.006100 0.000000 0.009500
v -0.006100 -0.002265 -0.009191
v -0.006100 -0.001650 0.009356
v -0.006100 -0.003249 -0.008927
v -0.006100 -0.002265 0.009191
v -0.006100 -0.004404 -0.008389
v -0.006100 -0.003249 0.008927
v -0.006100 -0.004750 -0.008227
v -0.006100 -0.004404 0.008389
v -0.006100 -0.006106 -0.007277
v -0.006100 -0.004750 0.008227
v -0.006100 -0.006286 -0.007098
v -0.006100 -0.006106 0.007277
v -0.006100 -0.007277 -0.006106
v -0.006100 -0.006286 0.007098
v -0.006100 -0.007789 -0.005376
v -0.006100 -0.007277 0.006106
v -0.006100 -0.008227 -0.004750
v -0.006100 -0.007789 0.005376
v -0.006100 -0.008873 -0.003364
v -0.006100 -0.008227 0.004750
v -0.006100 -0.008927 -0.003249
v -0.006100 -0.008873 0.003364
v -0.006100 -0.009356 -0.001650
v -0.006100 -0.008927 0.003249
v -0.006100 -0.009400 -0.001142
v -0.006100 -0.009356 0.001650
v -0.006100 -0.009500 0.000000
v -0.006100 -0.009400 0.001142
v -0.006937 0.049148 -0.002663
v -0.006565 0.049900 -0.001923
v -0.010200 0.009547 -0.009500
v -0.010200 0.019599 -0.009500
v -0.010150 0.019627 -0.009500
v -0.010003 0.019710 -0.009500
v -0.009111 0.020126 -0.009500
v -0.008638 0.020263 -0.009500
v -0.006446 0.009054 -0.009437
v -0.008492 0.020311 0.009500
v -0.008638 0.020266 0.009500
v -0.007803 0.020398 0.009500
v -0.010153 0.019622 0.009500
v -0.010200 0.009547 0.009500
v -0.009233 0.020079 0.009500
v -0.006446 0.009054 0.009437
v -0.006441 0.000000 -0.009418
v -0.006441 0.000000 0.009418
v -0.006552 -0.001631 -0.009249
v -0.006552 -0.001631 0.009249
v -0.006552 -0.003212 -0.008826
v -0.006552 -0.004696 -0.008134
v -0.006552 -0.003212 0.008826
v -0.006552 -0.004696 0.008134
v -0.006552 -0.006037 -0.007195
v -0.006552 -0.006037 0.007195
v -0.006552 -0.007195 -0.006037
v -0.006552 -0.007195 0.006037
v -0.006552 -0.008134 -0.004696
v -0.006552 -0.008134 0.004696
v -0.006552 -0.008826 -0.003212
v -0.006552 -0.008826 0.003212
v -0.006552 -0.009249 -0.001631
v -0.006552 -0.009249 0.001631
v -0.006552 -0.009392 0.000000
v -0.006453 0.009044 -0.009435
v -0.006552 0.000000 -0.009392
v -0.006552 0.000000 0.009392
v -0.006453 0.009044 0.009435
v -0.010200 0.009044 -0.009435
v -0.006719 0.008525 -0.009285
v -0.010200 0.009044 0.009435
v -0.006591 0.008809 0.009371
v -0.007501 0.047641 -0.004151
v -0.006792 0.000000 -0.009189
v -0.006796 0.008285 -0.009197
v -0.006792 0.000000 0.009189
v -0.006905 -0.001579 -0.008955
v -0.006905 -0.003110 -0.008544
v -0.006905 -0.001579 0.008955
v -0.006905 -0.004546 -0.007874
v -0.006905 -0.003110 0.008544
v -0.006905 -0.005845 -0.006965
v -0.006905 -0.004546 0.007874
v -0.006905 -0.006965 -0.005845
v -0.006905 -0.005845 0.006965
v -0.006905 -0.007874 -0.004546
v -0.006905 -0.006965 0.005845
v -0.006905 -0.008544 -0.003110
v -0.006905 -0.007874 0.004546
v -0.006905 -0.008955 -0.001579
v -0.006905 -0.008544 0.003110
v -0.006905 -0.009093 0.000000
v -0.006905 -0.008955 0.001579
v -0.007646 0.049026 -0.002246
v -0.007239 0.049821 -0.001502
v -0.006804 0.008286 0.009203
v -0.006905 0.000000 -0.009093
v -0.006965 0.007753 -0.009001
v -0.006905 0.000000 0.009093
v -0.006836 0.008206 0.009177
v -0.007033 0.007434 0.008862
v -0.007016 0.000000 -0.008837
v -0.007022 0.007410 -0.008841
v -0.007016 0.000000 0.008837
v -0.007084 -0.001507 -0.008548
v -0.007084 -0.002969 -0.008156
v -0.007084 -0.001507 0.008548
v -0.007084 -0.004340 -0.007517
v -0.007084 -0.002969 0.008156
v -0.007084 -0.005579 -0.006649
v -0.007084 -0.004340 0.007517
v -0.007084 -0.006649 -0.005579
v -0.007084 -0.005579 0.006649
v -0.007084 -0.007517 -0.004340
v -0.007084 -0.006649 0.005579
v -0.007084 -0.008156 -0.002969
v -0.007084 -0.007517 0.004340
v -0.007084 -0.008548 -0.001507
v -0.007084 -0.008156 0.002969
v -0.007084 -0.008680 0.000000
v -0.007084 -0.008548 0.001507
v -0.007896 0.047573 -0.003968
v -0.010200 0.007659 -0.008962
v -0.007084 0.000000 -0.008680
v -0.007090 0.006994 -0.008646
v -0.007038 0.007307 -0.008793
v -0.007084 0.000000 0.008680
v -0.007036 0.007404 0.008846
v -0.007045 0.007306 0.008797
v -0.010200 0.007314 -0.008782
v -0.010200 0.007659 0.008962
v -0.010200 0.007314 0.008782
v -0.007100 0.006724 0.008500
v -0.007100 0.000000 0.008500
v -0.007899 0.046140 -0.005639
v -0.007100 0.000000 -0.008500
v -0.007100 0.006724 -0.008500
v -0.007100 -0.001476 -0.008371
v -0.007100 -0.002907 -0.007987
v -0.007100 -0.001476 0.008371
v -0.007100 -0.004250 -0.007361
v -0.007100 -0.002907 0.007987
v -0.007100 -0.005464 -0.006511
v -0.007100 -0.004250 0.007361
v -0.007100 -0.006511 -0.005464
v -0.007100 -0.005464 0.006511
v -0.007100 -0.007361 -0.004250
v -0.007100 -0.006511 0.005464
v -0.007100 -0.007987 -0.002907
v -0.007100 -0.007361 0.004250
v -0.007100 -0.008371 -0.001476
v -0.007100 -0.007987 0.002907
v -0.007100 -0.008500 0.000000
v -0.007100 -0.008371 0.001476
v -0.010200 0.006362 -0.008286
v -0.010200 0.005495 -0.007654
v -0.007100 0.005482 -0.007671
v -0.010200 0.006362 0.008286
v -0.007100 0.005482 0.007671
v -0.010200 0.005180 -0.007424
v -0.007100 0.004140 -0.006395
v -0.010200 0.005180 0.007424
v -0.007100 0.004140 0.006395
v -0.010200 0.005495 0.007654
v -0.010200 0.004140 -0.006395
v -0.007100 0.003777 -0.005783
v -0.010200 0.004140 0.006395
v -0.010200 0.003777 0.005783
v -0.007100 0.003777 0.005783
v -0.007100 0.003650 -0.005083
v -0.010200 0.003777 -0.005783
v -0.010200 0.003650 0.005083
v -0.007100 0.003650 0.005083
v -0.010200 0.003650 -0.005083
v -0.007763 0.049343 -0.001500
v -0.007745 0.036300 0.009343
v -0.008196 0.048715 -0.001704
v -0.008574 0.047273 -0.003473
v -0.008260 0.047449 -0.003739
v -0.008602 0.020400 0.009382
v -0.008247 0.031301 0.009457
v -0.008602 0.020400 -0.009382
v -0.008285 0.031298 -0.009451
v -0.007755 0.031297 -0.009500
v -0.007742 0.031310 -0.009499
v -0.007793 0.031353 -0.009496
v -0.007891 0.036300 0.009307
v -0.007875 0.031518 -0.009484
v -0.008339 0.031298 -0.009437
v -0.008440 0.036300 0.009172
v -0.008619 0.031301 0.009360
v -0.008332 0.031301 0.009435
v -0.008542 0.036300 0.009124
v -0.010687 0.036300 0.006595
v -0.010505 0.036300 0.007170
v -0.010471 0.036300 0.007276
v -0.010180 0.036300 0.007793
v -0.010123 0.036300 0.007895
v -0.009727 0.036300 0.008349
v -0.009653 0.036300 0.008434
v -0.009168 0.036300 0.008802
v -0.008310 0.046050 -0.005461
v -0.008722 0.034537 -0.009032
v -0.008076 0.034496 -0.009222
v -0.008402 0.037921 -0.008675
v -0.008593 0.044591 -0.006921
v -0.008610 0.044593 -0.006899
v -0.009021 0.037949 -0.008350
v -0.008825 0.047056 -0.003183
v -0.008685 0.045901 -0.005231
v -0.008601 0.041315 -0.007898
v -0.008952 0.044630 -0.006474
v -0.008622 0.020400 0.009373
v -0.008622 0.020400 -0.009373
v -0.008620 0.031300 -0.009363
v -0.009151 0.041329 -0.007448
v -0.008899 0.031302 0.009288
v -0.009086 0.036300 0.008864
v -0.008982 0.031302 0.009248
v -0.009006 0.045701 -0.004961
v -0.008898 0.031302 -0.009290
v -0.009707 0.020400 -0.008868
v -0.009506 0.031302 -0.009001
v -0.008987 0.031302 -0.009248
v -0.009707 0.020400 0.008868
v -0.009022 0.044630 -0.006365
v -0.008985 0.044633 -0.006433
v -0.009114 0.046549 -0.002592
v -0.009344 0.034563 -0.008706
v -0.009406 0.045405 -0.003614
v -0.009137 0.046479 -0.002651
v -0.009256 0.045458 -0.004665
v -0.009601 0.041314 -0.006899
v -0.009529 0.031302 0.008985
v -0.009346 0.044603 -0.005759
v -0.009329 0.044610 -0.005809
v -0.009224 0.044617 -0.005999
v -0.009575 0.037954 -0.007899
v -0.009703 0.031301 0.008851
v -0.009608 0.031302 0.008924
v -0.009927 0.041271 -0.006285
v -0.009538 0.044532 -0.005182
v -0.009545 0.044523 -0.005133
v -0.009431 0.044572 -0.005505
v -0.009524 0.044911 -0.004060
v -0.009495 0.045048 -0.003933
v -0.010065 0.031300 -0.008585
v -0.009900 0.034573 -0.008253
v -0.009705 0.031301 -0.008853
v -0.009611 0.031301 -0.008923
v -0.009629 0.044415 -0.004521
v -0.010121 0.041206 -0.005648
v -0.010082 0.041845 -0.004926
v -0.010027 0.037936 -0.007345
v -0.009712 0.020400 0.008863
v -0.010110 0.031300 0.008540
v -0.009712 0.020400 -0.008863
v -0.010200 0.019599 0.009500
v -0.010440 0.019478 -0.009471
v -0.010563 0.020400 -0.008012
v -0.010167 0.031300 -0.008470
v -0.010565 0.031301 -0.008013
v -0.010556 0.031301 -0.008030
v -0.010544 0.019444 0.009428
v -0.010433 0.019481 0.009473
v -0.011139 0.019437 0.008845
v -0.010903 0.019373 0.009196
v -0.010709 0.019389 0.009361
v -0.010563 0.020400 0.008012
v -0.011200 0.019599 0.008500
v -0.011140 0.019440 0.008839
v -0.010168 0.031300 0.008473
v -0.010544 0.031300 0.008043
v -0.010353 0.034564 -0.007697
v -0.010353 0.037897 -0.006727
v -0.010142 0.041404 -0.004985
v -0.010494 0.038800 -0.005333
v -0.010180 0.041124 -0.005023
v -0.010544 0.037840 -0.006085
v -0.010562 0.031300 0.008012
v -0.010901 0.031301 0.007420
v -0.010618 0.031301 0.007913
v -0.010380 0.009048 -0.009420
v -0.010380 0.009547 -0.009484
v -0.010380 0.009547 0.009484
v -0.010380 0.009048 0.009420
v -0.010392 0.007667 -0.008945
v -0.010392 0.007667 0.008945
v -0.010392 0.006372 -0.008270
v -0.010392 0.005192 -0.007410
v -0.010392 0.006372 0.008270
v -0.010392 0.005192 0.007410
v -0.010380 0.004153 -0.006384
v -0.010380 0.004153 0.006384
v -0.010380 0.003792 -0.005778
v -0.010380 0.003666 -0.005083
v -0.010380 0.003792 0.005778
v -0.010380 0.003666 0.005083
v -0.010679 0.034539 -0.007075
v -0.010621 0.031301 -0.007916
v -0.010891 0.031301 -0.007445
v -0.010391 0.009049 -0.009415
v -0.010536 0.009547 -0.009416
v -0.010541 0.019447 -0.009426
v -0.010391 0.009049 0.009415
v -0.010538 0.009547 0.009415
v -0.010391 0.004156 -0.006381
v -0.010391 0.004156 0.006381
v -0.010573 0.003750 -0.005083
v -0.010793 0.003959 -0.005715
v -0.010793 0.003959 0.005715
v -0.010573 0.003750 0.005083
v -0.010804 0.007739 -0.008775
v -0.010793 0.009093 -0.009247
v -0.010793 0.009093 0.009247
v -0.010793 0.004287 -0.006267
v -0.010804 0.005311 0.007270
v -0.010793 0.004287 0.006267
v -0.010804 0.006469 -0.008114
v -0.010804 0.007739 0.008775
v -0.010804 0.005311 -0.007270
v -0.010804 0.006469 0.008114
v -0.010943 0.031301 0.007290
v -0.010600 0.037769 -0.005448
v -0.011062 0.031301 0.006919
v -0.010793 0.009547 -0.009305
v -0.010754 0.019380 -0.009332
v -0.010793 0.009547 0.009305
v -0.010897 0.019376 -0.009197
v -0.010843 0.035421 -0.005708
v -0.010868 0.034499 -0.006429
v -0.010568 0.020400 0.008007
v -0.011200 0.019599 -0.008500
v -0.010568 0.020400 -0.008007
v -0.011131 0.019443 -0.008843
v -0.011000 0.019373 -0.009099
v -0.011200 0.019622 0.008453
v -0.011200 0.019628 -0.008449
v -0.011200 0.019684 -0.008351
v -0.011200 0.020113 -0.007445
v -0.011073 0.020400 -0.006922
v -0.011200 0.020075 0.007542
v -0.011200 0.020266 0.006937
v -0.011073 0.020400 0.006922
v -0.010793 0.003845 -0.005083
v -0.010793 0.003845 0.005083
v -0.010853 0.035306 -0.005717
v -0.011119 0.031301 -0.006757
v -0.011065 0.031301 -0.006920
v -0.010942 0.031301 -0.007292
v -0.011134 0.031301 0.006642
v -0.011126 0.031301 0.006722
v -0.010848 0.035305 0.005910
v -0.010889 0.009547 -0.009192
v -0.010892 0.009547 0.009188
v -0.011098 0.007880 -0.008447
v -0.011092 0.009182 -0.008905
v -0.011092 0.009182 0.008905
v -0.011092 0.004290 -0.005592
v -0.011092 0.004554 -0.006036
v -0.011098 0.005543 0.006997
v -0.011092 0.004554 0.006036
v -0.010889 0.003958 -0.005083
v -0.011092 0.004290 0.005592
v -0.010889 0.003958 0.005083
v -0.011098 0.006657 -0.007810
v -0.011098 0.007880 0.008447
v -0.011098 0.005543 -0.006997
v -0.011098 0.006657 0.007810
v -0.011130 0.032124 -0.005963
v -0.011200 0.031300 0.006003
v -0.010928 0.034448 -0.005783
v -0.011131 0.031301 -0.006645
v -0.011092 0.009547 -0.008952
v -0.011092 0.004198 -0.005083
v -0.011092 0.004198 0.005083
v -0.011092 0.009547 0.008952
v -0.010967 0.019368 0.009142
v -0.011120 0.009547 0.008834
v -0.011118 0.009547 -0.008841
v -0.011200 0.020262 -0.006939
v -0.011082 0.020400 -0.006903
v -0.011082 0.020400 0.006903
v -0.011200 0.020326 -0.006720
v -0.011200 0.020400 -0.006000
v -0.011200 0.031300 -0.006005
v -0.011200 0.020400 0.006000
v -0.011200 0.020398 0.006112
v -0.011200 0.020308 0.006805
v -0.011200 0.008043 -0.008067
v -0.011194 0.009289 -0.008492
v -0.011194 0.009289 0.008492
v -0.011194 0.004876 -0.005755
v -0.011200 0.005811 0.006683
v -0.011194 0.004876 0.005755
v -0.011109 0.004271 -0.005083
v -0.011200 0.004713 -0.005433
v -0.011109 0.004271 0.005083
v -0.011200 0.004713 0.005433
v -0.011200 0.006875 -0.007459
v -0.011200 0.008043 0.008067
v -0.011200 0.005811 -0.006683
v -0.011200 0.006875 0.007459
v -0.011200 0.004650 0.005083
v -0.011200 0.004650 -0.005083
v -0.011200 0.009547 -0.008500
v -0.011156 0.019456 -0.008794
v -0.011200 0.009547 0.008500
v -0.011200 0.009295 -0.008468
v -0.011200 0.009295 0.008468
v -0.011200 0.008054 0.008041
v -0.011200 0.004895 -0.005739
v -0.011200 0.005830 -0.006661
v -0.011200 0.004895 0.005739
v -0.011200 0.008070 -0.007998
v -0.011200 0.007475 -0.007769
v -0.011200 0.008023 0.008030
v -0.011200 0.005853 -0.006685
v -0.011200 0.006916 -0.007396
v -0.011200 0.006913 0.007394
v -0.011200 0.006330 0.007060
v -0.011200 0.005861 0.006628
vn 1.0000 -0.0000 -0.0000
vn 0.9948 -0.0000 -0.1019
vn 0.9956 0.0933 -0.0044
vn 0.9964 0.0848 0.0063
vn 0.9954 0.0960 -0.0072
vn 0.9958 0.0911 -0.0025
vn 0.9958 0.0913 -0.0026
vn 0.9961 0.0878 -0.0000
vn 0.9906 0.0916 -0.1013
vn 0.9961 -0.0000 0.0882
vn 0.9962 0.0876 -0.0000
vn 0.9963 0.0863 -0.0015
vn 0.9962 0.0876 -0.0001
vn 0.9921 0.0893 0.0878
vn 0.9915 -0.0017 -0.1301
vn 0.1247 0.9921 -0.0163
vn 0.6138 0.7853 0.0805
vn 0.9915 -0.0024 0.1301
vn 0.6584 0.7464 -0.0969
vn 0.7182 0.6677 0.1960
vn 0.7026 0.6784 -0.2147
vn 0.5796 0.7770 -0.2456
vn 0.6696 0.6741 -0.3117
vn 0.6695 0.6743 -0.3116
vn 0.7079 0.6778 0.1990
vn 0.6777 0.6642 0.3156
vn 0.6200 0.7089 0.3362
vn 0.5881 0.7610 0.2738
vn 0.6185 0.7036 -0.3499
vn 0.5817 0.7069 0.4024
vn 0.5818 0.7069 0.4023
vn 0.5049 0.7001 -0.5049
vn 0.6171 0.7045 -0.3505
vn 0.5591 0.7079 -0.4316
vn 0.9727 -0.0000 -0.2322
vn 0.9847 -0.0024 -0.1741
vn 0.9889 -0.0000 0.1488
vn 0.5016 0.7048 0.5016
vn 0.4532 0.7736 0.4429
vn 0.5573 0.7079 0.4339
vn 0.9722 -0.0319 -0.2321
vn 0.9727 -0.0031 0.2321
vn 0.9722 -0.0319 0.2320
vn 0.9725 -0.0806 -0.2185
vn 0.9722 -0.0319 -0.2320
vn 0.9724 -0.0807 0.2189
vn 0.9725 -0.0807 0.2184
vn 0.9724 -0.1150 -0.2029
vn 0.9725 -0.1148 -0.2027
vn 0.9720 -0.1617 -0.1706
vn 0.9720 -0.1617 -0.1707
vn 0.9725 -0.1149 0.2026
vn 0.9720 -0.1617 0.1707
vn 0.9720 -0.2077 -0.1101
vn 0.9720 -0.2077 0.1101
vn 0.9720 -0.2320 -0.0380
vn 0.9720 -0.2320 0.0380
vn 0.9727 -0.2322 -0.0000
vn 0.9724 -0.0808 -0.2188
vn 0.9724 -0.1149 0.2030
vn 0.8914 -0.0014 0.4532
vn 0.9612 0.0015 0.2757
vn 0.9939 0.0866 0.0684
vn 0.9570 0.0941 0.2744
vn 0.5591 0.7078 -0.4318
vn 0.9847 -0.0024 -0.1743
vn 0.9613 0.0012 0.2756
vn 0.9066 0.0053 0.4221
vn 0.9670 0.0929 0.2373
vn 0.9571 0.0929 0.2744
vn 0.4365 0.7865 -0.4369
vn 0.5115 0.7165 -0.4743
vn 0.8659 -0.0026 -0.5002
vn 0.9948 -0.0024 -0.1017
vn 0.9909 0.0892 -0.1011
vn 0.9920 0.0886 -0.0899
vn 0.8913 -0.0014 0.4533
vn 0.5248 0.7141 0.4633
vn 0.9066 0.0032 -0.4220
vn 0.9527 0.0008 -0.3038
vn 0.9481 0.0982 -0.3023
vn 0.9561 0.1023 -0.2746
vn 0.9725 0.0095 -0.2326
vn 0.9726 0.0067 0.2323
vn 0.9721 -0.0319 0.2322
vn 0.6469 -0.0079 -0.7626
vn 0.7632 -0.0017 -0.6462
vn 0.7602 -0.0884 -0.6437
vn 0.7632 -0.0012 0.6462
vn 0.6872 -0.0054 0.7265
vn 0.7602 -0.0884 0.6437
vn 0.7621 -0.2243 -0.6074
vn 0.7621 -0.2243 -0.6073
vn 0.7621 -0.2243 0.6074
vn 0.7621 -0.3190 -0.5634
vn 0.7621 -0.3190 0.5634
vn 0.7621 -0.2243 0.6073
vn 0.7589 -0.4479 -0.4727
vn 0.7589 -0.4478 0.4727
vn 0.7590 -0.5753 -0.3049
vn 0.7589 -0.5753 -0.3050
vn 0.7589 -0.5754 0.3049
vn 0.7589 -0.4479 0.4727
vn 0.7592 -0.6422 -0.1053
vn 0.7590 -0.6425 -0.1054
vn 0.7590 -0.6425 0.1054
vn 0.7589 -0.6426 0.1053
vn 0.7590 -0.5753 0.3050
vn 0.7633 -0.6461 -0.0000
vn 0.7635 -0.6458 -0.0000
vn 0.9066 -0.0051 -0.4220
vn 0.9526 0.0008 -0.3042
vn 0.9527 0.0008 -0.3039
vn 0.9613 0.0012 0.2755
vn 0.9066 -0.0046 0.4220
vn 0.9481 0.0982 -0.3024
vn 0.9673 0.0907 0.2370
vn 0.9575 0.0887 0.2745
vn 0.7632 -0.6462 -0.0000
vn 0.7589 -0.6426 -0.1053
vn 0.4849 0.7248 0.4894
vn 0.8986 0.0913 0.4292
vn 0.9571 0.0927 0.2744
vn 0.8844 -0.0009 0.4668
vn 0.8985 0.0916 0.4294
vn 0.8811 0.0863 0.4651
vn 0.9964 0.0847 0.0096
vn 0.9946 0.1037 -0.0053
vn 0.9918 0.0910 -0.0897
vn 0.9951 0.0988 -0.0003
vn 0.9940 0.1092 -0.0088
vn 0.9898 0.1080 -0.0925
vn 0.8713 -0.0002 -0.4908
vn 0.8827 0.1094 -0.4570
vn 0.8665 0.1039 -0.4882
vn 0.4788 0.7267 -0.4926
vn 0.7632 -0.0017 -0.6461
vn 0.6473 0.0015 -0.7623
vn 0.6874 0.0008 0.7263
vn 0.7633 -0.0012 0.6461
vn 0.4388 0.7842 0.4388
vn 0.4668 0.7301 0.4991
vn 0.7603 -0.0884 -0.6436
vn 0.7603 -0.0884 0.6435
vn 0.9913 0.1043 -0.0798
vn 0.9541 0.1207 -0.2741
vn 0.9544 0.1209 -0.2730
vn 0.3963 -0.0022 -0.9181
vn 0.3932 -0.1252 -0.9109
vn 0.3963 -0.0012 0.9181
vn 0.3931 -0.1252 0.9109
vn 0.3952 -0.3182 -0.8617
vn 0.3953 -0.3182 -0.8617
vn 0.3952 -0.3182 0.8617
vn 0.3932 -0.1251 0.9109
vn 0.3952 -0.4526 -0.7993
vn 0.3953 -0.4526 -0.7993
vn 0.3953 -0.4526 0.7993
vn 0.3953 -0.3182 0.8617
vn 0.3919 -0.6327 -0.6679
vn 0.3952 -0.4526 0.7993
vn 0.3919 -0.6327 0.6679
vn 0.3919 -0.8128 -0.4309
vn 0.3919 -0.8128 0.4309
vn 0.3916 -0.9080 -0.1488
vn 0.3919 -0.9079 -0.1487
vn 0.3919 -0.9079 0.1487
vn 0.3916 -0.9080 0.1488
vn 0.3919 -0.8129 0.4309
vn 0.3960 -0.9182 -0.0000
vn -0.0000 0.9998 0.0183
vn -0.0000 1.0000 -0.0000
vn 0.0006 0.9900 0.1411
vn 0.4025 -0.0014 0.9154
vn -0.0004 0.9940 0.1098
vn 0.0004 0.9374 0.3483
vn -0.0003 0.9373 0.3485
vn -0.0000 0.9458 0.3246
vn -0.0000 0.9459 0.3245
vn -0.0004 0.8383 0.5453
vn 0.0003 0.8522 0.5232
vn 0.4498 0.7375 -0.5038
vn 0.3746 -0.0017 -0.9272
vn -0.0000 0.6984 0.7157
vn 0.0004 0.7173 0.6967
vn 0.3963 -0.9181 -0.0000
vn 0.3919 -0.9079 -0.1488
vn 0.3964 -0.9181 -0.0000
vn 0.3919 -0.9079 0.1488
vn 0.8803 0.1326 -0.4554
vn 0.8806 0.1327 -0.4550
vn -0.0004 0.6984 0.7157
vn -0.0000 0.7173 0.6967
vn -0.0004 0.5245 0.8514
vn 0.0004 0.5478 0.8366
vn 0.8844 -0.0009 0.4667
vn 0.7927 0.0856 0.6036
vn 0.8808 0.0899 0.4648
vn 0.7071 0.0011 0.7071
vn 0.7706 0.0004 0.6374
vn 0.7678 0.0856 0.6350
vn 0.9951 0.0986 0.0010
vn 0.9938 0.1115 -0.0018
vn 0.9911 0.1067 -0.0795
vn -0.0000 0.3253 0.9456
vn 0.0004 0.3519 0.9360
vn 0.7071 -0.0004 -0.7071
vn 0.8714 -0.0004 -0.4906
vn 0.8664 0.1040 -0.4884
vn 0.7581 -0.0005 -0.6521
vn 0.7537 0.1063 -0.6485
vn 0.7714 0.1114 -0.6266
vn 0.7071 -0.0047 -0.7071
vn 0.4917 0.7187 -0.4917
vn 0.4520 0.7365 0.5032
vn 0.4937 0.7159 0.4937
vn 0.7071 -0.0049 0.7071
vn 0.7706 0.0004 0.6373
vn 0.9840 0.1423 -0.1071
vn 0.9874 0.1349 -0.0829
vn 0.9493 0.1548 -0.2735
vn 0.9503 0.1552 -0.2700
vn 0.4538 0.7119 -0.5360
vn 0.3962 -0.0017 -0.9182
vn 0.3743 -0.0012 -0.9273
vn 0.9916 0.1295 -0.0014
vn 0.9930 0.1183 -0.0003
vn 0.4024 -0.0015 0.9154
vn 0.3963 -0.0014 0.9181
vn 0.3931 -0.1251 -0.9109
vn 0.0041 0.1107 0.9938
vn 0.9930 0.1182 -0.0014
vn -0.0000 0.1101 0.9939
vn -0.0023 0.0202 0.9998
vn -0.0019 0.3521 0.9360
vn 0.0002 0.1440 0.9896
vn 0.9916 0.1297 -0.0030
vn 0.1207 -0.0000 0.9927
vn 0.0902 0.0009 0.9959
vn 0.4242 0.7079 0.5648
vn 0.9890 0.1476 0.0084
vn 0.9916 0.1295 -0.0031
vn -0.0000 -0.0000 1.0000
vn 0.0001 -0.0000 1.0000
vn 0.4248 0.7079 -0.5643
vn 0.0902 0.0008 -0.9959
vn 0.1170 -0.0000 -0.9931
vn 0.0894 -0.1355 -0.9867
vn 0.0894 -0.1355 0.9867
vn 0.0897 -0.3450 -0.9343
vn 0.0900 -0.3450 0.9343
vn 0.0899 -0.4907 -0.8667
vn 0.0897 -0.4907 -0.8667
vn 0.0897 -0.4907 0.8667
vn 0.0897 -0.3450 0.9343
vn 0.0889 -0.6850 -0.7231
vn 0.0890 -0.6851 -0.7230
vn 0.0899 -0.4907 0.8667
vn 0.0890 -0.6850 0.7231
vn 0.0888 -0.8800 -0.4665
vn 0.0890 -0.8801 -0.4665
vn 0.0889 -0.8800 -0.4665
vn 0.0889 -0.8800 0.4665
vn 0.0889 -0.6851 0.7230
vn 0.0890 -0.9829 -0.1610
vn 0.0891 -0.9829 -0.1611
vn 0.0888 -0.8801 0.4665
vn 0.0888 -0.9829 0.1610
vn 0.0902 -0.9959 -0.0000
vn 0.0890 -0.9829 0.1611
vn 0.7690 0.1395 -0.6239
vn 0.7688 0.1395 -0.6241
vn 0.8751 0.1697 -0.4532
vn 0.8762 0.1701 -0.4509
vn 0.5016 0.7049 -0.5015
vn 0.3495 0.7036 -0.6188
vn -0.0000 -0.0000 -1.0000
vn 0.4002 0.7074 0.5825
vn -0.0000 -0.1361 -0.9907
vn 0.0175 -0.2341 -0.9721
vn -0.0000 -0.1090 -0.9940
vn -0.0000 -0.1091 -0.9940
vn 0.0017 -0.1361 0.9907
vn 0.0060 -0.1699 0.9854
vn -0.0000 -0.0379 0.9993
vn -0.0000 -0.3044 -0.9525
vn 0.0008 -0.3464 -0.9381
vn 0.0123 -0.3756 -0.9267
vn -0.0000 -0.3046 -0.9525
vn -0.0000 -0.3027 0.9531
vn -0.0000 -0.3025 0.9531
vn -0.0009 -0.3464 0.9381
vn 0.0365 -0.4381 0.8982
vn 0.0107 -0.3685 0.9296
vn -0.0000 -0.1734 0.9849
vn -0.0000 -0.4927 -0.8702
vn 0.0149 -0.5260 -0.8504
vn -0.0004 -0.4539 -0.8911
vn -0.0004 -0.4538 -0.8911
vn -0.0004 -0.4541 -0.8909
vn -0.0012 -0.4423 0.8969
vn 0.0077 -0.4927 0.8702
vn 0.0057 -0.4833 0.8755
vn -0.0012 -0.4422 0.8969
vn -0.0000 -0.6878 -0.7259
vn -0.0000 -0.5261 0.8505
vn -0.0000 -0.6878 0.7259
vn -0.0128 -0.7444 -0.6677
vn 0.0064 -0.8835 -0.4684
vn -0.0128 -0.7444 0.6677
vn 0.0064 -0.8835 0.4684
vn 0.0064 -0.8835 -0.4683
vn 0.0064 -0.8835 0.4683
vn -0.0000 -0.9868 -0.1618
vn -0.0128 -0.9704 -0.2413
vn -0.0000 -0.9868 0.1618
vn -0.0128 -0.9704 0.2413
vn -0.0000 -1.0000 -0.0000
vn 0.9868 0.1392 -0.0822
vn 0.7930 0.0813 0.6038
vn 0.7706 -0.0100 0.6372
vn 0.6536 0.0776 0.7529
vn 0.7679 0.0847 0.6350
vn 0.7580 -0.0088 -0.6521
vn 0.7535 0.1063 -0.6488
vn 0.6289 0.0007 0.7775
vn 0.6536 0.0781 0.7528
vn 0.6274 0.0723 0.7753
vn 0.3494 0.7035 -0.6188
vn 0.4000 0.7068 0.5834
vn 0.5040 0.7014 0.5039
vn 0.9857 0.1687 -0.0035
vn 0.9782 0.1823 -0.0997
vn 0.6205 0.0005 -0.7842
vn 0.6172 0.1052 -0.7798
vn 0.6268 0.1079 -0.7717
vn 0.9763 0.1864 -0.1098
vn 0.9437 0.2042 -0.2602
vn 0.9420 0.2041 -0.2663
vn 0.7639 0.1783 -0.6202
vn 0.7647 0.1785 -0.6192
vn 0.3316 0.7110 0.6201
vn 0.9439 0.2030 -0.2606
vn 0.8675 0.2211 -0.4456
vn 0.8694 0.2212 -0.4418
vn 0.6246 0.1407 -0.7682
vn 0.6239 0.1405 -0.7688
vn 0.9778 0.2097 0.0060
vn 0.9776 0.2103 0.0064
vn 0.9761 0.1843 -0.1152
vn 0.6204 0.0005 -0.7843
vn 0.7073 0.0018 -0.7070
vn 0.6291 0.0007 0.7773
vn 0.7072 0.0017 0.7070
vn 0.6171 0.1052 -0.7798
vn 0.6276 0.0723 0.7752
vn 0.4220 0.0004 -0.9066
vn 0.3281 -0.0107 -0.9446
vn 0.4835 -0.0012 -0.8753
vn 0.3278 -0.0107 -0.9447
vn 0.2751 0.7583 -0.5911
vn 0.2301 0.7952 0.5610
vn 0.3145 0.6667 0.6757
vn 0.4720 -0.0010 0.8816
vn 0.4722 -0.0010 0.8815
vn 0.4220 -0.0047 0.9066
vn 0.9815 0.1854 0.0471
vn 0.9750 0.2062 -0.0826
vn 0.9535 -0.0504 -0.2972
vn 0.9568 0.2830 -0.0666
vn 0.4709 0.0652 0.8798
vn 0.4713 0.0648 0.8796
vn 0.4870 0.0659 0.8709
vn 0.4812 0.1005 -0.8708
vn 0.7572 0.2288 -0.6118
vn 0.8696 0.2204 -0.4418
vn 0.7574 0.2288 -0.6116
vn 0.7565 0.2285 -0.6128
vn 0.6202 0.1796 -0.7636
vn 0.6204 0.1797 -0.7635
vn 0.8950 0.3875 -0.2210
vn 0.9354 0.3419 -0.0903
vn 0.8950 0.3874 -0.2210
vn 0.9734 0.2290 -0.0028
vn 0.9406 0.3206 -0.1119
vn 0.8261 0.4655 -0.3177
vn 0.8769 0.4326 -0.2096
vn 0.7717 0.5129 -0.3760
vn 0.4575 0.1035 -0.8832
vn 0.4560 0.1361 -0.8795
vn 0.4546 0.1357 -0.8803
vn 0.9200 0.3694 -0.1312
vn 0.8018 0.5080 -0.3148
vn 0.8194 0.4962 -0.2869
vn 0.9552 0.2960 0.0033
vn 0.9513 0.3028 0.0574
vn 0.9734 0.2289 -0.0028
vn 0.2152 0.6856 -0.6955
vn 0.9181 0.3614 -0.1627
vn 0.7117 0.5541 -0.4317
vn 0.7594 0.5363 -0.3683
vn 0.9177 0.3818 -0.1100
vn 0.3262 0.0875 -0.9412
vn 0.4874 0.0637 0.8708
vn 0.6141 0.2213 -0.7576
vn 0.5878 0.2004 -0.7838
vn 0.6826 0.2288 -0.6940
vn 0.7574 0.2284 -0.6117
vn 0.7019 0.2291 -0.6744
vn 0.2974 0.0011 0.9547
vn 0.2971 0.0499 0.9536
vn 0.5940 0.6196 -0.5131
vn 0.4653 0.1744 -0.8678
vn 0.4526 0.1686 -0.8756
vn 0.6877 0.5896 -0.4237
vn 0.7056 0.5828 -0.4031
vn 0.3265 0.0876 -0.9411
vn 0.2975 0.0011 0.9547
vn 0.3003 0.0501 0.9525
vn 0.2970 0.0498 0.9536
vn 0.7906 0.5464 -0.2763
vn 0.8793 0.4560 -0.1372
vn 0.8766 0.4548 -0.1573
vn 0.2737 0.1128 -0.9552
vn 0.2754 0.0926 -0.9569
vn 0.3263 0.0876 -0.9412
vn 0.2980 0.1278 -0.9460
vn 0.2820 0.1211 -0.9518
vn 0.8625 0.4161 -0.2879
vn 0.5701 0.6336 -0.5230
vn 0.5506 0.6530 -0.5200
vn 0.5665 0.6502 -0.5063
vn 0.3145 0.6668 0.6757
vn 0.1942 0.6702 0.7163
vn 0.0002 -0.0001 1.0000
vn 0.3120 0.6731 -0.6705
vn 0.2127 0.6771 -0.7045
vn 0.4222 0.0015 -0.9065
vn 0.3278 0.0004 -0.9448
vn 0.4220 0.0011 0.9066
vn 0.2976 0.0014 0.9547
vn 0.2972 0.0498 0.9535
vn 0.5902 0.6254 -0.5104
vn 0.1300 -0.0018 -0.9915
vn 0.1421 -0.0010 -0.9899
vn 0.1423 -0.0009 -0.9898
vn 0.0146 0.9937 -0.1109
vn 0.0950 0.7527 -0.6514
vn 0.0799 0.7890 0.6091
vn 0.1300 -0.0017 0.9915
vn 0.1008 -0.0024 0.9949
vn 0.4689 0.1727 -0.8662
vn 0.5290 0.2172 -0.8204
vn 0.5292 0.2172 -0.8202
vn 0.7664 0.1854 -0.6150
vn 0.5239 0.7139 -0.4645
vn 0.3897 0.6882 -0.6120
vn -0.1525 0.4084 -0.9000
vn -0.0000 0.5051 -0.8630
vn -0.0000 0.4062 -0.9138
vn 0.0005 0.3994 -0.9168
vn 0.7003 0.6193 -0.3550
vn 0.6764 0.6278 -0.3852
vn 0.3007 0.0497 0.9524
vn 0.1414 0.0759 -0.9870
vn -0.0005 0.3060 -0.9520
vn -0.0002 -0.0000 1.0000
vn 0.3293 0.1188 -0.9367
vn 0.2961 0.1527 -0.9429
vn 0.2961 0.1528 -0.9428
vn 0.4817 0.1700 -0.8597
vn 0.4819 0.1700 -0.8596
vn 0.1008 0.0334 0.9943
vn 0.0002 0.3157 -0.9488
vn 0.0002 0.3057 -0.9521
vn 0.0002 0.3153 -0.9490
vn 0.0002 0.3059 -0.9521
vn 0.8625 0.4163 -0.2877
vn 0.1345 0.2833 -0.9495
vn 0.1195 -0.0010 -0.9928
vn 0.1318 0.0422 -0.9904
vn 0.1712 0.0675 -0.9829
vn 0.2705 0.0847 -0.9590
vn 0.1009 -0.0000 0.9949
vn 0.1008 0.0333 0.9943
vn 0.1011 0.0334 0.9943
vn 0.1018 0.0335 0.9942
vn 0.8023 0.5779 -0.1499
vn -0.0002 0.2376 -0.9714
vn -0.0005 0.2479 -0.9688
vn 0.0007 0.3158 -0.9488
vn 0.4130 0.6777 -0.6084
vn 0.3974 0.6952 -0.5990
vn 0.4093 0.6949 -0.5913
vn 0.0003 0.2376 -0.9714
vn 0.0046 0.1878 -0.9822
vn -0.0002 0.2479 -0.9688
vn 0.5431 0.6789 -0.4940
vn 0.8025 0.5777 -0.1496
vn 0.7065 0.6027 -0.3710
vn 0.0002 0.1873 -0.9823
vn -0.0002 0.2375 -0.9714
vn -0.0006 0.1769 -0.9842
vn -0.0001 0.5128 -0.8585
vn -0.0001 0.5115 -0.8593
vn 0.0049 0.4066 -0.9136
vn 0.3755 0.6853 -0.6240
vn 0.3548 0.1173 -0.9275
vn 0.0597 0.0953 -0.9937
vn 0.0600 0.0953 -0.9936
vn 0.0007 0.1874 -0.9823
vn 0.0006 0.1767 -0.9843
vn 0.0064 0.0788 -0.9969
vn 0.0001 0.0949 -0.9955
vn -0.0000 0.0799 -0.9968
vn -0.0000 0.0800 -0.9968
vn -0.0005 0.1388 -0.9903
vn -0.0007 0.1285 -0.9917
vn 0.0003 0.1385 -0.9904
vn 0.0006 0.1285 -0.9917
vn -0.0003 0.0949 -0.9955
vn -0.0003 0.0993 -0.9951
vn -0.0004 0.0993 -0.9951
vn -0.0005 0.1281 -0.9918
vn -0.0005 0.0992 -0.9951
vn -0.0000 1.0000 0.0001
vn -0.0014 0.0751 -0.9972
vn -0.0026 0.0756 -0.9971
vn 0.0001 0.6261 -0.7798
vn 0.1849 0.7244 -0.6641
vn 0.1717 0.7523 -0.6360
vn 0.1717 0.7523 -0.6361
vn 0.1662 0.7162 -0.6778
vn 0.1659 0.7159 -0.6782
vn 0.3912 0.7166 -0.5775
vn 0.4413 0.7164 -0.5404
vn 0.1015 0.0334 0.9943
vn 0.0247 -0.0000 -0.9997
vn 0.0231 -0.0590 -0.9980
vn 0.0289 0.0310 -0.9991
vn -0.0000 0.0757 -0.9971
vn -0.0000 0.0751 -0.9972
vn 0.6399 0.6721 -0.3726
vn -0.0003 0.0740 -0.9973
vn -0.0000 0.0737 -0.9973
vn -0.0000 0.0740 -0.9973
vn -0.0000 0.0245 0.9997
vn 0.4384 0.7232 -0.5336
vn 0.7036 0.6428 -0.3030
vn 0.4603 0.7219 -0.5168
vn 0.1521 0.7212 -0.6758
vn 0.1517 0.7226 -0.6744
vn -0.0000 0.6270 -0.7790
vn -0.0000 0.6260 -0.7798
vn -0.0000 0.6271 -0.7789
vn 0.5371 0.8423 -0.0450
vn 0.4377 0.6944 -0.5712
vn 0.5371 0.8423 -0.0443
vn 0.4195 0.7336 -0.5347
vn -0.0000 0.7032 -0.7110
vn -0.0000 0.7030 -0.7112
vn -0.0000 0.7071 -0.7072
vn -0.0000 0.7033 -0.7109
vn -0.0000 0.7071 -0.7071
vn 0.1406 0.7335 -0.6650
vn 0.1580 0.7214 -0.6743
vn 0.1424 0.7292 -0.6693
vn 0.2891 0.7656 -0.5747
vn 0.2890 0.7656 -0.5748
vn 0.1639 0.7223 -0.6719
vn 0.0906 0.7259 -0.6818
vn 0.9831 -0.0000 -0.1831
vn 0.9989 -0.0075 0.0467
vn 0.9712 0.0007 0.2382
vn 0.9999 -0.0000 0.0129
vn -0.0000 -0.9927 0.1206
vn 0.0061 -1.0000 -0.0000
vn -0.0000 -0.9927 -0.1206
vn -0.0000 -0.8855 0.4647
vn -0.0000 -0.8855 -0.4647
vn -0.0000 -0.5681 0.8230
vn -0.0000 -0.5681 -0.8230
vn -0.0000 -0.1205 0.9927
vn -0.0000 -0.1205 -0.9927
vn 0.9831 -0.0000 -0.1829
vn 0.9999 0.0067 -0.0130
vn 0.9999 -0.0014 -0.0131
vn 0.9999 -0.0011 0.0131
vn 1.0000 -0.0006 0.0053
vn -0.0000 0.3546 0.9350
vn -0.0000 0.3546 -0.9350
vn 1.0000 -0.0006 0.0050
vn 1.0000 -0.0005 -0.0062
vn 1.0000 -0.0007 -0.0066
vn -0.0000 0.7485 0.6631
vn -0.0000 0.7485 -0.6631
vn 1.0000 -0.0015 -0.0047
vn 0.9969 -0.0204 -0.0761
vn 0.9998 -0.0038 0.0174
vn 1.0000 -0.0023 0.0065
vn -0.0000 0.9709 0.2393
vn -0.0000 0.9709 -0.2393
vn 1.0000 -0.0013 0.0040
vn 1.0000 -0.0014 0.0034
vn 1.0000 -0.0021 0.0058
vn 0.9999 -0.0050 -0.0152
vn 1.0000 -0.0019 -0.0046
vn 1.0000 -0.0024 -0.0039
vn 0.9999 -0.0056 -0.0108
vn 0.9998 -0.0086 0.0167
vn 1.0000 -0.0028 0.0043
vn 1.0000 -0.0022 -0.0036
vn 1.0000 -0.0030 0.0042
vn 0.9999 -0.0074 0.0112
vn 1.0000 -0.0038 -0.0040
vn 0.9466 -0.1853 -0.2639
vn 1.0000 -0.0041 -0.0042
vn 0.9999 -0.0093 0.0093
vn 1.0000 -0.0040 0.0038
vn 0.9999 -0.0074 -0.0074
vn 0.9999 -0.0072 -0.0075
vn 1.0000 -0.0041 -0.0027
vn 0.9999 -0.0135 -0.0095
vn 1.0000 -0.0055 0.0033
vn 0.9998 -0.0146 0.0112
vn 1.0000 -0.0073 0.0044
vn 1.0000 -0.0040 0.0021
vn 1.0000 -0.0038 0.0024
vn 1.0000 -0.0039 -0.0025
vn 0.9999 -0.0151 -0.0079
vn 1.0000 -0.0070 -0.0025
vn 1.0000 -0.0048 0.0016
vn 0.9999 -0.0148 0.0061
vn 1.0000 -0.0039 -0.0016
vn 1.0000 -0.0040 -0.0014
vn 0.6437 -0.7393 -0.1977
vn 1.0000 -0.0055 -0.0006
vn 1.0000 -0.0074 0.0008
vn 0.9990 -0.0434 0.0116
vn 1.0000 -0.0058 -0.0006
vn 0.9999 -0.0130 0.0013
vn 1.0000 -0.0070 0.0006
vn 0.9999 -0.0133 -0.0012
vn 0.9712 -0.0016 -0.2382
vn 0.9710 -0.0208 -0.2382
vn 0.9710 -0.0208 0.2382
vn 0.9710 -0.0619 -0.2310
vn 0.9710 -0.0619 -0.2309
vn 0.9712 -0.0513 0.2329
vn 0.9599 -0.0839 0.2675
vn 0.9712 -0.0910 -0.2204
vn 0.9712 -0.0910 0.2204
vn 0.9710 -0.0619 0.2309
vn 0.9661 -0.1091 -0.2340
vn 0.9712 -0.1098 -0.2117
vn 0.9598 -0.1292 0.2490
vn 0.9710 -0.1371 -0.1959
vn 0.9710 -0.1371 -0.1958
vn 0.9710 -0.1371 0.1958
vn 0.9710 -0.1010 0.2167
vn 0.9710 -0.1691 -0.1691
vn 0.9710 -0.1691 0.1691
vn 0.9710 -0.1958 -0.1371
vn 0.9710 -0.1959 -0.1371
vn 0.9712 -0.1891 0.1453
vn 0.9596 -0.2371 0.1513
vn 0.9712 -0.2115 -0.1102
vn 0.9712 -0.2115 0.1102
vn 0.9710 -0.1959 0.1371
vn 0.9661 -0.2340 -0.1091
vn 0.9712 -0.2202 -0.0913
vn 0.9595 -0.2601 0.1078
vn 0.9710 -0.2309 -0.0619
vn 0.9710 -0.2310 -0.0619
vn 0.9710 -0.2309 0.0619
vn 0.9710 -0.2167 0.1010
vn 0.9710 -0.2382 -0.0208
vn 0.9710 -0.2382 0.0208
vn 0.9710 -0.2310 0.0619
vn 0.9699 -0.0008 0.2437
vn 0.9825 -0.0016 -0.1862
vn 0.8463 -0.0032 -0.5327
vn 0.9712 -0.0017 -0.2382
vn 0.7721 0.0026 -0.6355
vn 0.9699 -0.0008 0.2435
vn 0.9712 -0.0008 0.2382
vn 0.9699 -0.0007 0.2435
vn 0.9710 -0.0208 -0.2381
vn 0.9710 -0.0208 0.2381
vn 0.7721 0.0009 0.6355
vn 0.8280 -0.0028 0.5607
vn 0.7709 -0.0555 -0.6345
vn 0.7709 -0.0555 0.6345
vn 0.7709 -0.1649 -0.6153
vn 0.7709 -0.0555 -0.6346
vn 0.7709 -0.0555 0.6346
vn 0.7709 -0.1649 0.6153
vn 0.7709 -0.2692 -0.5773
vn 0.7709 -0.2692 0.5773
vn 0.7709 -0.3654 -0.5218
vn 0.7709 -0.3654 0.5218
vn 0.7709 -0.4504 -0.4504
vn 0.7709 -0.4504 0.4504
vn 0.7709 -0.5218 -0.3654
vn 0.7709 -0.5218 0.3654
vn 0.7709 -0.5773 -0.2692
vn 0.7709 -0.5773 0.2692
vn 0.7709 -0.6153 -0.1649
vn 0.7709 -0.6153 0.1649
vn 0.7709 -0.6346 -0.0555
vn 0.7709 -0.6346 0.0555
vn 0.6060 -0.0015 -0.7954
vn 0.5986 -0.0018 0.8010
vn 0.7721 -0.0019 0.6354
vn 0.4085 0.0045 0.9127
vn 0.5939 -0.0048 0.8045
vn 0.6060 -0.0015 -0.7955
vn 0.4025 -0.0083 -0.9154
vn 0.7722 0.0091 -0.6353
vn 0.7707 -0.0555 -0.6347
vn 0.7707 -0.0555 0.6347
vn 0.1746 -0.0084 -0.9846
vn 0.4085 -0.0018 -0.9127
vn 0.4072 -0.0796 -0.9098
vn 0.4072 -0.0796 0.9098
vn 0.4073 -0.0796 -0.9098
vn 0.4073 -0.2364 -0.8822
vn 0.4072 -0.2364 -0.8822
vn 0.4073 -0.0796 0.9098
vn 0.4073 -0.2364 0.8822
vn 0.4072 -0.3860 -0.8278
vn 0.4073 -0.3860 -0.8277
vn 0.4072 -0.3860 0.8278
vn 0.4072 -0.2364 0.8822
vn 0.4072 -0.5239 -0.7481
vn 0.4073 -0.5239 -0.7481
vn 0.4073 -0.5239 0.7481
vn 0.4073 -0.3860 0.8277
vn 0.4072 -0.6458 -0.6458
vn 0.4072 -0.6458 0.6458
vn 0.4072 -0.5239 0.7481
vn 0.4072 -0.7481 -0.5239
vn 0.4073 -0.7481 -0.5239
vn 0.4072 -0.7481 0.5239
vn 0.4073 -0.8277 -0.3860
vn 0.4072 -0.8278 -0.3860
vn 0.4073 -0.8277 0.3860
vn 0.4073 -0.7481 0.5239
vn 0.4072 -0.8822 -0.2364
vn 0.4073 -0.8822 -0.2364
vn 0.4072 -0.8822 0.2364
vn 0.4072 -0.8278 0.3860
vn 0.4073 -0.9098 -0.0796
vn 0.4072 -0.9099 -0.0796
vn 0.4073 -0.9098 0.0796
vn 0.4073 -0.8822 0.2364
vn 0.4072 -0.9099 0.0796
vn 0.2975 -0.0009 0.9547
vn -0.0000 0.7072 -0.7070
vn 0.1918 0.0017 -0.9814
vn 0.4083 -0.0018 -0.9128
vn 0.3000 0.0008 0.9539
vn 0.4083 -0.0009 0.9128
vn 0.4071 -0.0796 -0.9099
vn 0.4071 -0.0796 0.9099
vn 0.0966 -0.0000 -0.9953
vn 0.0963 -0.0867 -0.9916
vn 0.0961 -0.0867 -0.9916
vn 0.0966 -0.0004 0.9953
vn 0.0962 -0.0867 0.9916
vn 0.0961 -0.2576 -0.9614
vn 0.0961 -0.2576 -0.9615
vn 0.0961 -0.2576 0.9614
vn 0.0961 -0.0867 0.9916
vn 0.0961 -0.2576 0.9615
vn 0.0960 -0.4207 -0.9021
vn 0.0962 -0.4207 -0.9021
vn 0.0962 -0.2576 -0.9614
vn 0.0962 -0.4206 0.9021
vn 0.0962 -0.2576 0.9614
vn 0.0961 -0.5709 -0.8153
vn 0.0962 -0.4206 -0.9021
vn 0.0960 -0.5709 -0.8154
vn 0.0960 -0.4207 0.9021
vn 0.0961 -0.5709 0.8154
vn 0.0963 -0.7038 -0.7038
vn 0.0960 -0.7038 -0.7038
vn 0.0960 -0.7037 -0.7040
vn 0.0960 -0.5709 0.8154
vn 0.0960 -0.7037 0.7040
vn 0.0962 -0.7038 0.7038
vn 0.0960 -0.8153 -0.5710
vn 0.0962 -0.8153 -0.5709
vn 0.0962 -0.8153 0.5709
vn 0.0960 -0.7039 0.7038
vn 0.0960 -0.8153 0.5710
vn 0.0963 -0.9021 -0.4206
vn 0.0962 -0.9021 -0.4207
vn 0.0961 -0.8154 -0.5709
vn 0.0961 -0.8154 0.5709
vn 0.0962 -0.9021 0.4207
vn 0.0961 -0.9614 -0.2576
vn 0.0962 -0.9614 -0.2576
vn 0.0962 -0.9022 -0.4205
vn 0.0962 -0.9614 0.2576
vn 0.0963 -0.9021 0.4207
vn 0.0962 -0.9022 0.4205
vn 0.0962 -0.9916 -0.0867
vn 0.0960 -0.9916 -0.0868
vn 0.0961 -0.9916 -0.0867
vn 0.0961 -0.9614 0.2576
vn 0.0961 -0.9916 0.0867
vn 0.0960 -0.9916 0.0867
vn 0.0962 -0.9916 0.0868
vn 0.0655 -0.0000 0.9979
vn 0.0001 0.0002 -1.0000
vn -0.0000 -0.0871 -0.9962
vn -0.0000 -0.0871 0.9962
vn -0.0000 -0.2588 -0.9659
vn -0.0000 -0.2588 0.9659
vn -0.0000 -0.4226 -0.9063
vn -0.0000 -0.4226 0.9063
vn -0.0000 -0.5736 -0.8191
vn -0.0000 -0.5736 0.8191
vn -0.0000 -0.7070 -0.7072
vn -0.0000 -0.7070 0.7072
vn -0.0000 -0.7071 -0.7071
vn -0.0000 -0.7071 0.7071
vn -0.0000 -0.8191 -0.5736
vn -0.0000 -0.8191 0.5736
vn -0.0000 -0.8192 -0.5736
vn -0.0000 -0.8192 0.5736
vn -0.0000 -0.9063 -0.4226
vn -0.0000 -0.9063 0.4226
vn -0.0000 -0.9062 -0.4228
vn -0.0000 -0.9064 -0.4225
vn -0.0000 -0.9064 0.4225
vn -0.0000 -0.9659 -0.2588
vn -0.0000 -0.9659 0.2588
vn -0.0000 -0.9962 -0.0871
vn -0.0000 -0.9962 0.0871
vn -0.0000 -0.9962 -0.0872
vn -0.0000 -0.9962 0.0872
vn -0.0939 0.7311 -0.6758
vn -0.1352 0.7282 -0.6719
vn -0.1397 0.7307 -0.6682
vn -0.1451 0.7499 -0.6454
vn -0.2300 0.6122 -0.7565
vn -0.0001 -0.0000 -1.0000
vn -0.0003 -0.0001 -1.0000
vn -0.0000 -0.1270 -0.9919
vn -0.1796 -0.0000 -0.9837
vn -0.1796 -0.0000 0.9837
vn -0.0000 -0.1270 0.9919
vn -0.2322 -0.0021 -0.9727
vn -0.2313 -0.0848 -0.9692
vn -0.2313 -0.0848 0.9692
vn -0.2322 -0.0021 0.9727
vn -0.2314 -0.2518 -0.9397
vn -0.2314 -0.0848 -0.9692
vn -0.2314 -0.0848 0.9692
vn -0.2314 -0.2518 0.9397
vn -0.2313 -0.2518 -0.9397
vn -0.2313 -0.2518 0.9397
vn -0.2314 -0.4111 -0.8817
vn -0.2313 -0.4112 -0.8817
vn -0.2314 -0.4112 0.8817
vn -0.2313 -0.4111 -0.8817
vn -0.2313 -0.4111 0.8817
vn -0.2313 -0.4112 0.8817
vn -0.2313 -0.5580 -0.7969
vn -0.2314 -0.5580 -0.7969
vn -0.2313 -0.5580 0.7969
vn -0.2314 -0.6881 -0.6877
vn -0.2314 -0.6880 0.6878
vn -0.2314 -0.5580 0.7969
vn -0.2314 -0.6879 -0.6879
vn -0.2314 -0.6879 0.6879
vn -0.2314 -0.7969 -0.5580
vn -0.2314 -0.7969 0.5581
vn -0.2313 -0.7969 -0.5580
vn -0.2313 -0.7969 0.5580
vn -0.2314 -0.7969 0.5580
vn -0.2313 -0.8817 -0.4112
vn -0.2313 -0.8817 0.4112
vn -0.2314 -0.8817 -0.4111
vn -0.2314 -0.8818 -0.4110
vn -0.2314 -0.8818 0.4110
vn -0.2314 -0.8817 0.4111
vn -0.2313 -0.9397 -0.2518
vn -0.2314 -0.9397 -0.2518
vn -0.2313 -0.9397 0.2518
vn -0.2314 -0.9692 -0.0847
vn -0.2314 -0.9692 0.0847
vn -0.2314 -0.9397 0.2518
vn -0.2313 -0.9692 -0.0848
vn -0.2313 -0.9692 0.0848
vn -0.2871 0.7647 -0.5769
vn -0.1765 -0.0021 -0.9843
vn -0.2321 -0.0021 -0.9727
vn -0.2321 -0.0021 0.9727
vn -0.1765 -0.0021 0.9843
vn -0.0000 -0.1269 -0.9919
vn -0.0000 -0.1267 0.9919
vn -0.0000 -0.2787 -0.9604
vn -0.4939 0.0012 -0.8695
vn -0.0000 -0.2640 0.9645
vn -0.4229 0.0003 0.9062
vn -0.1534 0.7197 -0.6771
vn -0.1587 0.7231 -0.6723
vn -0.6462 -0.0010 -0.7632
vn -0.7472 -0.0063 -0.6645
vn -0.6448 -0.0666 -0.7615
vn -0.6448 -0.0666 0.7615
vn -0.6462 -0.0011 0.7632
vn -0.6448 -0.0666 -0.7614
vn -0.6448 -0.1978 -0.7383
vn -0.6448 -0.0666 0.7614
vn -0.6448 -0.1978 0.7383
vn -0.6448 -0.3230 -0.6927
vn -0.6448 -0.3230 -0.6928
vn -0.6448 -0.3230 0.6928
vn -0.6448 -0.4384 -0.6261
vn -0.6447 -0.4385 -0.6261
vn -0.6448 -0.4384 0.6261
vn -0.6448 -0.3230 0.6927
vn -0.6447 -0.5405 -0.5405
vn -0.6447 -0.4384 0.6262
vn -0.6447 -0.5405 0.5405
vn -0.6447 -0.6262 -0.4384
vn -0.6448 -0.6261 -0.4384
vn -0.6447 -0.6261 0.4385
vn -0.6448 -0.6927 -0.3230
vn -0.6448 -0.6928 -0.3230
vn -0.6448 -0.6261 0.4384
vn -0.6448 -0.6927 0.3230
vn -0.6448 -0.7383 -0.1978
vn -0.6448 -0.7383 0.1978
vn -0.6448 -0.6928 0.3230
vn -0.6448 -0.7614 -0.0666
vn -0.6448 -0.7615 -0.0666
vn -0.6448 -0.7614 0.0666
vn -0.6448 -0.7615 0.0666
vn -0.4919 0.5400 -0.6830
vn -0.4356 0.6967 -0.5699
vn -0.4346 0.7318 -0.5250
vn -0.4237 0.7249 -0.5432
vn -0.2091 0.9655 -0.1555
vn -0.0029 -0.3060 0.9520
vn -0.6181 -0.0022 0.7861
vn -0.0104 -0.3422 -0.9396
vn -0.6463 0.0040 -0.7631
vn -0.7542 -0.0010 -0.6566
vn -0.6463 -0.0022 0.7631
vn -0.0103 -0.3420 -0.9396
vn -0.6172 -0.0029 0.7868
vn -0.0215 -0.3730 0.9276
vn -0.8504 0.0018 0.5262
vn -0.9181 -0.0009 -0.3963
vn -0.9418 -0.0033 -0.3362
vn -0.9176 -0.0347 -0.3960
vn -0.9176 -0.0347 0.3960
vn -0.9181 -0.0034 0.3963
vn -0.9175 -0.0346 -0.3961
vn -0.9175 -0.1029 -0.3841
vn -0.9176 -0.1029 -0.3841
vn -0.9175 -0.0346 0.3961
vn -0.9175 -0.1029 0.3841
vn -0.9176 -0.1680 -0.3604
vn -0.9176 -0.1680 -0.3603
vn -0.9176 -0.1680 0.3603
vn -0.9176 -0.1029 0.3841
vn -0.9176 -0.2281 -0.3257
vn -0.9175 -0.2281 -0.3257
vn -0.9176 -0.2281 0.3257
vn -0.9176 -0.1680 0.3604
vn -0.9175 -0.2812 -0.2812
vn -0.9175 -0.2812 0.2812
vn -0.9175 -0.2281 0.3257
vn -0.9175 -0.3257 -0.2281
vn -0.9176 -0.3257 -0.2281
vn -0.9175 -0.3257 0.2281
vn -0.9176 -0.3604 -0.1680
vn -0.9176 -0.3603 -0.1680
vn -0.9176 -0.3257 0.2281
vn -0.9176 -0.3604 0.1680
vn -0.9176 -0.3841 -0.1029
vn -0.9175 -0.3841 -0.1029
vn -0.9176 -0.3841 0.1029
vn -0.9176 -0.3603 0.1680
vn -0.9175 -0.3961 -0.0347
vn -0.9176 -0.3961 -0.0347
vn -0.9175 -0.3841 0.1029
vn -0.9175 -0.3961 0.0347
vn -0.9176 -0.3961 0.0346
vn -0.3910 0.7167 -0.5775
vn -0.4411 0.7165 -0.5404
vn -0.0022 -0.3238 -0.9461
vn 0.0012 -0.4238 -0.9058
vn -0.9182 0.0011 -0.3961
vn -0.9434 -0.0009 -0.3317
vn -0.9433 -0.0009 -0.3319
vn -0.9175 -0.0347 -0.3962
vn -0.9175 -0.0347 0.3962
vn -0.9822 -0.0029 0.1878
vn -0.9181 -0.0015 0.3964
vn -0.9822 -0.0029 0.1879
vn -0.0025 -0.4617 -0.8870
vn -0.0040 -0.4232 -0.9060
vn -0.0042 -0.4540 0.8910
vn 0.0068 -0.3238 0.9461
vn -0.0050 -0.4617 0.8870
vn -0.0053 -0.4534 0.8913
vn -0.0040 -0.4231 -0.9061
vn -0.9832 -0.0000 0.1826
vn -0.9959 0.0038 0.0902
vn -0.1716 0.7524 -0.6360
vn -0.1660 0.7162 -0.6778
vn -0.9959 -0.0000 -0.0902
vn -0.9974 -0.0005 -0.0720
vn -0.9959 -0.0079 -0.0902
vn -0.9959 -0.0079 0.0902
vn -0.9959 -0.0234 -0.0875
vn -0.9959 -0.0235 -0.0875
vn -0.9959 -0.0234 0.0875
vn -0.9959 -0.0383 -0.0821
vn -0.9959 -0.0383 0.0821
vn -0.9959 -0.0519 -0.0742
vn -0.9959 -0.0519 0.0742
vn -0.9959 -0.0640 -0.0640
vn -0.9959 -0.0640 0.0640
vn -0.9959 -0.0742 -0.0519
vn -0.9959 -0.0742 0.0519
vn -0.9959 -0.0821 -0.0383
vn -0.9959 -0.0821 0.0383
vn -0.9959 -0.0875 -0.0234
vn -0.9959 -0.0875 0.0234
vn -0.9959 -0.0902 -0.0079
vn -0.9959 -0.0902 0.0079
vn -0.0088 -0.4618 -0.8870
vn -0.0051 -0.4758 -0.8795
vn 0.0131 -0.5892 -0.8079
vn -0.0069 -0.5552 -0.8317
vn -1.0000 -0.0000 -0.0000
vn 0.0074 -0.5552 0.8317
vn -0.0073 -0.4618 0.8870
vn -0.0069 -0.5892 -0.8080
vn 0.0095 -0.6891 -0.7246
vn 0.0095 -0.6891 0.7246
vn -0.0069 -0.5892 0.8080
vn -0.0069 -0.5892 0.8079
vn -0.0000 -0.7035 -0.7107
vn -0.0000 -0.8595 -0.5112
vn -0.0000 -0.8595 0.5112
vn -0.0000 -0.7035 0.7107
vn -0.0000 -0.9840 -0.1779
vn -0.0000 -0.9840 0.1779
vn -0.1716 0.7522 -0.6362
vn -0.1845 0.7252 -0.6633
vn -0.6456 0.7095 0.2825
vn -0.6466 0.7099 0.2793
vn -0.6223 0.6804 -0.3870
vn -0.0693 0.0306 0.9971
vn -0.0692 0.0306 0.9971
vn -0.1844 0.7253 -0.6633
vn -0.3966 0.6973 -0.5971
vn -0.7322 0.5777 -0.3608
vn -0.6886 0.6470 -0.3274
vn -0.7002 0.6194 -0.3550
vn -0.6763 0.6279 -0.3852
vn -0.5431 0.6790 -0.4940
vn -0.1300 -0.0000 0.9915
vn -0.0788 -0.0043 0.9969
vn -0.0787 0.0305 0.9964
vn -0.0799 0.7890 -0.6091
vn -0.1300 -0.0026 -0.9915
vn -0.0907 -0.0004 -0.9959
vn -0.0055 -0.0000 -1.0000
vn -0.0146 0.9937 0.1111
vn -0.0080 0.0394 -0.9992
vn 0.0005 0.0742 -0.9972
vn -0.0191 0.0507 -0.9985
vn 0.0007 0.0743 -0.9972
vn -0.2386 0.0460 0.9700
vn -0.0907 0.0028 -0.9959
vn -0.0934 0.0278 -0.9952
vn 0.0008 0.0743 -0.9972
vn -0.0950 0.7527 0.6514
vn -0.0018 0.0749 -0.9972
vn -0.2400 0.3122 -0.9192
vn -0.1236 0.0510 -0.9910
vn -0.2385 0.0450 0.9701
vn -0.2503 0.0467 0.9670
vn -0.2502 0.0467 0.9671
vn -0.0000 1.0000 -0.0001
vn -0.4097 0.6929 -0.5933
vn -0.5498 0.6561 -0.5170
vn -0.3723 0.6854 -0.6258
vn -0.4130 0.6773 -0.6089
vn -0.1632 0.0707 -0.9841
vn -0.2996 0.1266 -0.9456
vn -0.2502 0.0985 -0.9632
vn 0.0247 0.0990 -0.9948
vn -0.2729 0.1215 -0.9543
vn -0.2995 0.1265 -0.9457
vn -0.2561 0.0859 -0.9628
vn -0.3114 0.1287 -0.9415
vn -0.3117 0.1259 -0.9418
vn -0.3141 0.1586 -0.9360
vn -0.2759 0.0872 -0.9572
vn -0.7629 0.6020 -0.2357
vn -0.5148 0.7141 -0.4744
vn -0.5149 0.7142 -0.4741
vn -0.3947 0.6855 -0.6118
vn -0.4063 0.1462 -0.9019
vn -0.4528 0.1669 -0.8759
vn -0.4830 0.1780 -0.8573
vn -0.8600 0.4787 -0.1769
vn -0.8600 0.4786 -0.1770
vn -0.8601 0.4802 -0.1722
vn -0.7906 0.5465 -0.2762
vn -0.2508 0.0015 0.9680
vn -0.5672 0.6473 -0.5093
vn -0.6865 0.5937 -0.4197
vn -0.4613 0.1742 -0.8699
vn -0.4602 0.1829 -0.8688
vn -0.2545 0.0012 -0.9671
vn -0.5781 0.6306 -0.5179
vn -0.5705 0.6319 -0.5246
vn -0.2507 0.0012 0.9681
vn -0.4221 0.0061 0.9065
vn -0.2544 0.0009 -0.9671
vn -0.4220 0.0056 -0.9066
vn -0.2528 0.0907 -0.9632
vn -0.5594 0.2170 -0.8000
vn -0.5593 0.2170 -0.8001
vn -0.5971 0.2055 -0.7754
vn -0.6145 0.2193 -0.7578
vn -0.4561 0.1358 -0.8795
vn -0.1942 0.6702 -0.7163
vn -0.4299 0.0603 0.9009
vn -0.2505 0.0453 0.9671
vn -0.6907 0.2289 -0.6859
vn -0.2127 0.6771 0.7045
vn -0.4298 0.0602 0.9009
vn -0.4329 0.0605 0.8994
vn -0.0000 1.0000 0.0003
vn -0.7064 0.5791 -0.4070
vn -0.8005 0.5130 -0.3099
vn -0.9191 0.3807 -0.1020
vn -0.6906 0.2289 -0.6861
vn -0.7496 0.2286 -0.6212
vn -0.7496 0.2287 -0.6211
vn -0.6202 0.1798 -0.7635
vn -0.3150 0.6667 -0.6755
vn -0.3120 0.6731 0.6705
vn -0.7495 0.2287 -0.6212
vn -0.2508 0.0012 0.9680
vn -0.2546 0.0009 -0.9670
vn -0.2527 0.0907 -0.9633
vn -0.3145 0.6667 -0.6757
vn -0.4220 -0.0033 -0.9066
vn -0.4293 -0.0040 -0.9032
vn -0.4292 -0.0040 -0.9032
vn -0.2751 0.7583 0.5911
vn -0.2152 0.6856 0.6955
vn -0.4341 -0.0040 0.9008
vn -0.4220 -0.0036 0.9066
vn -0.2301 0.7952 -0.5610
vn -0.7096 0.5643 -0.4218
vn -0.5798 0.6283 -0.5188
vn -0.7428 0.5444 -0.3897
vn -0.9577 0.2855 0.0355
vn -0.9130 0.3933 -0.1082
vn -0.4575 0.1025 -0.8833
vn -0.4274 0.0950 -0.8991
vn -0.4545 0.1361 -0.8803
vn -0.9206 0.3620 -0.1468
vn -0.9130 0.3933 -0.1083
vn -0.8205 0.4916 -0.2916
vn -0.9275 0.3559 -0.1144
vn -0.7567 0.2267 -0.6132
vn -0.7503 0.2265 -0.6211
vn -0.4340 -0.0026 0.9009
vn -0.4333 0.0600 0.8993
vn -0.8565 0.2243 -0.4649
vn -0.8237 0.4776 -0.3057
vn -0.8671 0.4394 -0.2347
vn -0.7509 0.5294 -0.3947
vn -0.7511 0.5293 -0.3946
vn -0.6246 0.1406 -0.7682
vn -0.6203 0.1798 -0.7635
vn -0.8567 0.2242 -0.4645
vn -0.6030 0.0725 0.7944
vn -0.3316 0.7110 -0.6201
vn -0.9577 0.2854 0.0355
vn -0.9692 0.2462 -0.0039
vn -0.7638 0.1787 -0.6203
vn -0.6029 0.0723 0.7946
vn -0.6061 0.0726 0.7921
vn -0.6064 0.0727 0.7918
vn -0.8576 0.2199 -0.4650
vn -0.8676 0.2204 -0.4457
vn -0.3494 0.7035 0.6188
vn -0.9424 0.3268 -0.0710
vn -0.8814 0.4046 -0.2438
vn -0.8813 0.4047 -0.2440
vn -0.9393 0.3178 -0.1292
vn -0.9340 0.3414 -0.1054
vn -0.9340 0.3379 -0.1163
vn -0.9352 0.2083 -0.2862
vn -0.6266 0.1097 -0.7716
vn -0.5942 0.1015 -0.7979
vn -0.5941 0.1015 -0.7980
vn -0.6238 0.1408 -0.7688
vn -0.9352 0.2083 -0.2863
vn -0.9835 0.1807 -0.0039
vn -0.9777 0.2051 0.0443
vn -0.9353 0.2083 -0.2861
vn -0.9818 0.1888 0.0188
vn -0.5972 0.0012 -0.8021
vn -0.9818 0.1889 0.0189
vn -0.9573 0.2774 -0.0818
vn -0.6079 0.0014 0.7940
vn -0.9423 0.2025 -0.2665
vn -0.9775 0.1854 -0.1004
vn -0.9758 0.1871 -0.1134
vn -0.9770 0.1884 -0.1002
vn -0.7690 0.1395 -0.6238
vn -0.7648 0.1783 -0.6191
vn -0.8750 0.1703 -0.4531
vn -0.6076 0.0013 0.7943
vn -0.7071 0.0028 0.7072
vn -0.5970 0.0012 -0.8023
vn -0.9848 0.1735 0.0030
vn -0.7512 0.0825 0.6548
vn -0.6064 0.0721 0.7919
vn -0.6078 0.0013 0.7941
vn -0.5971 0.0011 -0.8021
vn -0.7073 0.0011 -0.7069
vn -0.3998 0.7068 -0.5836
vn -0.5040 0.7014 -0.5040
vn -0.5015 0.7048 0.5018
vn -0.3494 0.7036 0.6188
vn -0.4937 0.7159 -0.4937
vn -0.4002 0.7074 -0.5826
vn -0.4242 0.7079 -0.5648
vn -0.7489 -0.0074 -0.6627
vn -0.7071 -0.0003 -0.7071
vn -0.8671 -0.0292 -0.4973
vn -0.7490 -0.0074 -0.6625
vn -0.4541 0.7119 0.5356
vn -0.4248 0.7079 0.5643
vn -0.4983 0.7299 0.4679
vn -0.4825 0.7210 0.4974
vn -0.4542 0.7119 0.5356
vn -0.5016 0.7048 0.5016
vn -0.5065 0.7425 0.4384
vn -0.5065 0.7423 0.4387
vn -0.7531 -0.0080 0.6579
vn -0.7071 -0.0043 0.7071
vn -0.7510 0.0826 0.6551
vn -0.7505 0.0825 0.6557
vn -0.7713 0.1117 -0.6266
vn -0.7449 0.1042 -0.6590
vn -0.7447 0.1042 -0.6592
vn -0.7688 0.1396 -0.6241
vn -0.9492 0.1556 -0.2734
vn -0.8763 0.1696 -0.4509
vn -0.8803 0.1328 -0.4554
vn -0.9910 0.1342 -0.0021
vn -0.9869 0.1433 -0.0740
vn -0.9869 0.1434 -0.0740
vn -0.9842 0.1381 -0.1104
vn -0.9504 0.1546 -0.2701
vn -0.8683 0.0876 0.4882
vn -0.8643 0.0874 0.4954
vn -0.9909 0.1344 -0.0021
vn -0.9910 0.1340 -0.0021
vn -0.7531 -0.0006 0.6579
vn -0.9910 0.1342 -0.0020
vn -0.8681 0.0887 0.4883
vn -0.8643 0.0876 0.4953
vn -0.8642 0.0876 0.4955
vn -0.1207 -0.0000 -0.9927
vn -0.1170 -0.0000 0.9931
vn -0.0895 -0.1264 -0.9879
vn -0.0894 -0.1264 -0.9879
vn -0.0902 0.0007 -0.9959
vn -0.0895 -0.1264 0.9879
vn -0.0902 0.0006 0.9959
vn -0.0899 -0.3225 -0.9423
vn -0.0894 -0.1264 0.9879
vn -0.0899 -0.3225 0.9423
vn -0.0962 -0.4596 -0.8829
vn -0.0962 -0.3231 -0.9415
vn -0.0962 -0.3231 0.9415
vn -0.0962 -0.4596 0.8829
vn -0.0960 -0.4596 -0.8829
vn -0.0963 -0.4596 0.8829
vn -0.0960 -0.5866 -0.8042
vn -0.0962 -0.5865 -0.8042
vn -0.0960 -0.5865 0.8042
vn -0.0963 -0.5865 -0.8042
vn -0.0963 -0.5865 0.8042
vn -0.0961 -0.5866 0.8042
vn -0.0899 -0.7007 -0.7078
vn -0.0964 -0.6997 -0.7079
vn -0.0899 -0.7007 0.7078
vn -0.0964 -0.6997 0.7079
vn -0.0887 -0.8561 -0.5092
vn -0.0888 -0.8561 -0.5092
vn -0.0887 -0.8561 0.5092
vn -0.0888 -0.9802 -0.1772
vn -0.0888 -0.9802 0.1772
vn -0.0888 -0.8561 0.5092
vn -0.0902 -0.9959 -0.0000
vn -0.9540 0.1210 -0.2741
vn -0.8806 0.1326 -0.4550
vn -0.8626 0.1040 -0.4951
vn -0.8627 0.1040 -0.4949
vn -0.8826 0.1102 -0.4570
vn -0.8627 0.1040 -0.4950
vn -0.3936 -0.1168 -0.9119
vn -0.3933 -0.1168 -0.9119
vn -0.4028 -0.0013 -0.9153
vn -0.3963 -0.0011 -0.9181
vn -0.3933 -0.1168 0.9119
vn -0.3935 -0.1168 0.9119
vn -0.3962 -0.0014 0.9182
vn -0.3747 -0.0010 0.9272
vn -0.3954 -0.2956 -0.8696
vn -0.3953 -0.2956 0.8697
vn -0.3909 -0.7911 -0.4705
vn -0.3954 -0.6475 -0.6514
vn -0.3955 -0.6475 0.6514
vn -0.3911 -0.7910 0.4705
vn -0.3911 -0.9056 -0.1638
vn -0.3910 -0.9057 -0.1637
vn -0.3910 -0.7910 -0.4705
vn -0.3910 -0.9057 0.1637
vn -0.3911 -0.9056 0.1638
vn -0.3910 -0.7910 0.4705
vn -0.3965 -0.9180 -0.0000
vn -0.4074 -0.2939 -0.8647
vn -0.3952 -0.2996 -0.8684
vn -0.3935 -0.1168 -0.9119
vn -0.3954 -0.2956 0.8696
vn -0.4073 -0.6438 0.6477
vn -0.3953 -0.6446 0.6544
vn -0.3909 -0.7911 0.4705
vn -0.4074 -0.4217 -0.8101
vn -0.4075 -0.2977 0.8633
vn -0.4074 -0.4217 0.8101
vn -0.4074 -0.5381 -0.7378
vn -0.4074 -0.5382 -0.7378
vn -0.4074 -0.5382 0.7378
vn -0.4074 -0.6410 -0.6505
vn -0.9927 0.1210 -0.0002
vn -0.4520 0.7365 -0.5032
vn -0.9931 0.1173 0.0001
vn -0.9492 0.0904 0.3016
vn -0.9479 0.0902 0.3055
vn -0.9947 0.1029 -0.0008
vn -0.9910 0.1108 -0.0751
vn -0.9492 0.0907 0.3015
vn -0.9479 0.0903 0.3056
vn -0.9938 0.1107 -0.0023
vn -0.3936 -0.1167 -0.9119
vn -0.4026 -0.0011 -0.9154
vn -0.3963 -0.0010 -0.9181
vn -0.3936 -0.1167 0.9118
vn -0.3963 -0.0018 0.9181
vn -0.3746 -0.0014 0.9272
vn -0.4388 0.7842 -0.4388
vn -0.4668 0.7301 -0.4991
vn -0.8677 0.0001 0.4971
vn -0.9891 0.1064 -0.1017
vn -0.9544 0.1207 -0.2730
vn -0.9940 0.1093 -0.0055
vn -0.9947 0.1030 -0.0014
vn -0.7071 0.0001 0.7071
vn -0.8675 0.0002 0.4974
vn -0.5016 0.7049 -0.5016
vn -0.5573 0.7079 -0.4339
vn -0.5251 0.7140 -0.4631
vn -0.4849 0.7248 -0.4894
vn -0.7070 0.0024 -0.7072
vn -0.7070 0.0025 -0.7072
vn -0.8673 -0.0003 -0.4977
vn -0.5048 0.7002 0.5048
vn -0.6171 0.7045 0.3505
vn -0.5818 0.7069 -0.4023
vn -0.5817 0.7069 -0.4024
vn -0.6200 0.7089 -0.3362
vn -0.5881 0.7610 -0.2738
vn -0.9066 -0.0052 -0.4220
vn -0.8675 -0.0001 -0.4975
vn -0.6185 0.7036 0.3499
vn -0.5796 0.7770 0.2456
vn -0.6696 0.6741 0.3117
vn -0.8676 0.0002 0.4972
vn -0.9066 -0.0050 0.4220
vn -0.3963 -0.9181 -0.0000
vn -0.3909 -0.9057 -0.1637
vn -0.3909 -0.9057 0.1637
vn -0.9945 0.1047 -0.0029
vn -0.9949 0.1008 -0.0017
vn -0.9963 0.0862 0.0046
vn -0.9949 0.1007 -0.0016
vn -0.9560 0.1031 -0.2746
vn -0.9449 0.0978 -0.3125
vn -0.9447 0.0978 -0.3129
vn -0.9448 0.0978 -0.3128
vn -0.9908 0.0895 0.1017
vn -0.9907 0.0895 0.1022
vn -0.9478 0.0909 0.3057
vn -0.9908 0.0896 0.1017
vn -0.9908 0.0895 0.1018
vn -0.9952 0.0982 -0.0009
vn -0.6472 0.0012 0.7623
vn -0.9953 0.0964 -0.0005
vn -0.9953 0.0966 -0.0005
vn -0.9955 0.0948 -0.0002
vn -0.6874 0.0007 -0.7263
vn -0.9962 0.0877 -0.0000
vn -0.9960 0.0898 0.0005
vn -0.7607 -0.0824 -0.6439
vn -0.7633 -0.0010 -0.6461
vn -0.7606 -0.0824 0.6439
vn -0.7632 -0.0014 0.6461
vn -0.7711 -0.2040 -0.6032
vn -0.7622 -0.2119 -0.6116
vn -0.7606 -0.0824 -0.6439
vn -0.7624 -0.2075 0.6129
vn -0.7580 -0.5606 -0.3334
vn -0.7580 -0.5605 -0.3334
vn -0.7624 -0.4568 -0.4584
vn -0.7711 -0.4496 0.4509
vn -0.7622 -0.4537 0.4617
vn -0.7580 -0.5606 0.3334
vn -0.7580 -0.6419 -0.1160
vn -0.7580 -0.6418 -0.1160
vn -0.7580 -0.6418 0.1160
vn -0.7580 -0.6419 0.1160
vn -0.7631 -0.6463 -0.0000
vn -0.7712 -0.2940 -0.5647
vn -0.7712 -0.2082 0.6015
vn -0.7712 -0.2940 0.5647
vn -0.7712 -0.3752 -0.5144
vn -0.7712 -0.3752 0.5144
vn -0.7712 -0.4462 -0.4540
vn -0.9921 0.0927 -0.0840
vn -0.9962 0.0876 0.0002
vn -0.9962 0.0867 0.0005
vn -0.9907 0.0895 0.1021
vn -0.9921 0.0929 -0.0842
vn -0.9903 0.0886 -0.1067
vn -0.9905 0.0885 -0.1055
vn -0.7606 -0.0825 -0.6440
vn -0.7632 -0.0010 -0.6462
vn -0.7632 -0.6462 -0.0000
vn -0.7580 -0.6418 -0.1161
vn -0.7580 -0.6418 0.1161
vn -0.9494 0.0007 -0.3142
vn -0.7606 -0.0825 0.6440
vn -0.7632 -0.0014 0.6462
vn -0.6872 -0.0045 -0.7264
vn -0.9518 0.0010 0.3068
vn -0.6469 -0.0065 0.7625
vn -0.4365 0.7865 0.4369
vn -0.9494 0.0007 -0.3141
vn -0.9517 0.0010 0.3069
vn -0.9727 0.0079 0.2321
vn -0.8658 -0.0022 0.5003
vn -0.9726 0.0056 -0.2323
vn -0.8913 -0.0012 -0.4534
vn -0.9517 0.0010 0.3070
vn -0.9493 0.0007 -0.3145
vn -0.7076 0.6780 -0.1991
vn -0.6777 0.6642 -0.3155
vn -0.9066 0.0025 -0.4220
vn -0.6695 0.6743 0.3116
vn -0.9066 0.0033 0.4220
vn -0.7182 0.6677 -0.1960
vn -0.6138 0.7853 -0.0805
vn -0.9915 -0.0001 -0.1301
vn -0.9942 -0.0020 -0.1072
vn -0.9943 -0.0020 -0.1068
vn -0.1248 0.9920 0.0164
vn -0.6584 0.7464 0.0969
vn -0.7026 0.6784 0.2147
vn -0.9915 -0.0017 0.1301
vn -0.9947 -0.0023 0.1027
vn -0.9722 -0.0297 -0.2322
vn -0.9722 -0.0297 0.2323
vn -0.9710 -0.0754 -0.2270
vn -0.9726 -0.0712 -0.2214
vn -0.9722 -0.0298 -0.2321
vn -0.9722 -0.0297 0.2322
vn -0.9725 -0.0733 0.2209
vn -0.9718 -0.2027 -0.1205
vn -0.9725 -0.1653 -0.1638
vn -0.9710 -0.1698 0.1685
vn -0.9726 -0.1667 0.1622
vn -0.9718 -0.2027 0.1205
vn -0.9718 -0.2320 -0.0419
vn -0.9718 -0.2321 -0.0420
vn -0.9718 -0.2026 -0.1204
vn -0.9719 -0.2317 0.0419
vn -0.9718 -0.2320 0.0419
vn -0.9718 -0.2026 0.1204
vn -0.9727 -0.2322 -0.0000
vn -0.9710 -0.1104 -0.2120
vn -0.9709 -0.0734 0.2278
vn -0.9710 -0.1104 0.2120
vn -0.9710 -0.1408 -0.1931
vn -0.9710 -0.1408 0.1931
vn -0.9709 -0.1715 -0.1670
vn -0.9722 -0.0299 -0.2322
vn -0.8914 -0.0012 -0.4532
vn -0.9727 -0.0025 -0.2321
vn -0.9722 -0.0296 0.2321
vn -0.9727 -0.0000 0.2322
vn -0.9847 -0.0020 0.1743
vn -0.9964 0.0843 -0.0000
vn -0.9903 0.0892 -0.1062
vn -0.4531 0.7737 -0.4429
vn -0.9947 -0.0000 0.1026
vn -0.9889 -0.0000 -0.1488
vn -0.9726 -0.0711 -0.2214
vn -0.9723 -0.0297 0.2320
vn -0.9725 -0.0757 0.2201
vn -0.9999 -0.0000 0.0132
vn -0.9725 -0.1636 -0.1657
vn -0.9999 -0.0118 -0.0059
vn -0.9726 -0.1666 0.1621
vn -1.0000 -0.0017 -0.0043
vn -1.0000 -0.0016 -0.0042
vn -0.9587 -0.1311 -0.2523
vn -0.9587 -0.1310 -0.2523
vn -0.9999 -0.0039 0.0114
vn -0.9999 -0.0068 0.0131
vn -1.0000 -0.0024 -0.0036
vn -1.0000 -0.0026 -0.0038
vn -0.9999 -0.0086 -0.0119
vn -1.0000 -0.0023 0.0040
vn -0.9588 -0.1668 0.2300
vn -0.9588 -0.1668 0.2299
vn -0.9999 -0.0086 -0.0086
vn -1.0000 -0.0031 0.0034
vn -1.0000 0.0001 -0.0000
s 0
usemtl Material.004
f 1//1 2//1 3//1
f 2//2 4//2 3//2
f 5//3 6//3 3//3
f 7//4 8//4 3//4
f 8//5 9//5 3//5
f 9//5 5//5 3//5
f 6//6 10//6 3//6
f 10//7 11//7 3//7
f 11//8 1//8 3//8
f 4//9 7//9 3//9
f 12//1 2//1 1//1
f 13//10 12//10 1//10
f 14//11 15//11 1//11
f 11//12 16//12 1//12
f 16//13 14//13 1//13
f 15//14 13//14 1//14
f 17//1 18//1 2//1
f 19//1 17//1 2//1
f 12//1 19//1 2//1
f 20//15 4//15 2//15
f 18//16 20//16 2//16
f 21//1 19//1 12//1
f 22//17 21//17 12//17
f 13//18 22//18 12//18
f 23//1 24//1 18//1
f 17//1 23//1 18//1
f 24//19 20//19 18//19
f 25//1 19//1 21//1
f 22//20 25//20 21//20
f 23//1 26//1 24//1
f 26//21 20//21 24//21
f 23//1 27//1 26//1
f 27//22 28//22 26//22
f 28//23 29//23 26//23
f 29//24 20//24 26//24
f 30//1 19//1 25//1
f 31//25 30//25 25//25
f 22//26 31//26 25//26
f 32//1 19//1 30//1
f 33//27 32//27 30//27
f 31//28 33//28 30//28
f 23//1 34//1 27//1
f 34//29 28//29 27//29
f 35//1 19//1 32//1
f 33//30 35//30 32//30
f 36//1 19//1 35//1
f 33//31 36//31 35//31
f 37//1 38//1 34//1
f 23//1 37//1 34//1
f 39//32 28//32 34//32
f 38//33 39//33 34//33
f 40//34 39//34 38//34
f 37//35 41//35 38//35
f 41//36 40//36 38//36
f 42//1 19//1 36//1
f 43//37 42//37 36//37
f 33//38 44//38 36//38
f 45//39 43//39 36//39
f 44//40 45//40 36//40
f 23//1 46//1 37//1
f 46//41 41//41 37//41
f 47//1 19//1 42//1
f 43//42 48//42 42//42
f 48//43 47//43 42//43
f 23//1 49//1 46//1
f 49//44 50//44 46//44
f 50//45 41//45 46//45
f 51//1 19//1 47//1
f 52//46 51//46 47//46
f 53//47 52//47 47//47
f 48//43 53//43 47//43
f 23//1 54//1 49//1
f 55//1 19//1 51//1
f 23//1 56//1 54//1
f 57//48 49//48 54//48
f 58//49 57//49 54//49
f 56//50 59//50 54//50
f 59//51 58//51 54//51
f 60//1 19//1 55//1
f 51//52 61//52 55//52
f 61//53 60//53 55//53
f 23//1 62//1 56//1
f 62//54 63//54 56//54
f 63//54 59//54 56//54
f 64//55 19//55 60//55
f 61//53 64//53 60//53
f 23//56 65//56 62//56
f 65//56 63//56 62//56
f 66//57 17//57 19//57
f 64//55 66//55 19//55
f 17//58 65//58 23//58
f 67//58 65//58 17//58
f 66//57 67//57 17//57
f 57//59 50//59 49//59
f 52//60 61//60 51//60
f 45//61 48//61 43//61
f 68//62 22//62 13//62
f 15//63 69//63 13//63
f 69//64 68//64 13//64
f 70//65 39//65 40//65
f 41//66 70//66 40//66
f 71//67 31//67 68//67
f 31//68 22//68 68//68
f 69//69 72//69 68//69
f 72//70 71//70 68//70
f 73//71 74//71 70//71
f 74//72 39//72 70//72
f 41//73 73//73 70//73
f 20//74 75//74 4//74
f 75//75 76//75 4//75
f 76//76 7//76 4//76
f 77//77 48//77 45//77
f 44//78 77//78 45//78
f 20//79 29//79 75//79
f 29//80 78//80 75//80
f 78//81 79//81 75//81
f 79//82 76//82 75//82
f 80//83 73//83 41//83
f 50//45 80//45 41//45
f 77//84 81//84 48//84
f 81//85 53//85 48//85
f 74//86 73//86 80//86
f 82//87 74//87 80//87
f 50//88 82//88 80//88
f 83//89 84//89 81//89
f 77//90 83//90 81//90
f 84//91 53//91 81//91
f 85//92 86//92 50//92
f 57//93 85//93 50//93
f 86//88 82//88 50//88
f 87//94 52//94 53//94
f 84//91 87//91 53//91
f 58//95 88//95 57//95
f 88//95 85//95 57//95
f 89//96 61//96 52//96
f 87//97 89//97 52//97
f 59//98 90//98 58//98
f 90//98 88//98 58//98
f 89//96 91//96 61//96
f 91//99 64//99 61//99
f 63//100 92//100 59//100
f 92//101 90//101 59//101
f 93//102 66//102 64//102
f 91//103 93//103 64//103
f 65//104 94//104 63//104
f 94//105 92//105 63//105
f 95//106 96//106 66//106
f 96//107 67//107 66//107
f 93//108 95//108 66//108
f 67//109 94//109 65//109
f 96//110 94//110 67//110
f 28//111 97//111 29//111
f 97//112 98//112 29//112
f 98//113 78//113 29//113
f 71//67 99//67 31//67
f 99//114 100//114 31//114
f 100//115 33//115 31//115
f 98//116 79//116 78//116
f 72//117 101//117 71//117
f 101//118 99//118 71//118
f 96//119 102//119 94//119
f 102//120 92//120 94//120
f 103//119 102//119 96//119
f 95//107 103//107 96//107
f 44//121 83//121 77//121
f 101//122 104//122 99//122
f 104//123 100//123 99//123
f 105//124 33//124 100//124
f 104//125 106//125 100//125
f 106//126 105//126 100//126
f 97//116 79//116 98//116
f 107//127 108//127 7//127
f 108//128 8//128 7//128
f 76//129 107//129 7//129
f 109//130 110//130 107//130
f 110//131 108//131 107//131
f 76//132 109//132 107//132
f 28//133 111//133 97//133
f 112//134 79//134 97//134
f 111//135 112//135 97//135
f 113//136 39//136 74//136
f 82//137 114//137 74//137
f 114//138 113//138 74//138
f 115//139 116//139 83//139
f 116//140 84//140 83//140
f 117//141 115//141 83//141
f 44//142 117//142 83//142
f 86//143 114//143 82//143
f 116//144 87//144 84//144
f 118//145 109//145 76//145
f 119//146 118//146 76//146
f 79//147 119//147 76//147
f 120//148 113//148 114//148
f 86//149 120//149 114//149
f 115//150 121//150 116//150
f 121//151 87//151 116//151
f 122//152 123//152 86//152
f 85//153 122//153 86//153
f 123//149 120//149 86//149
f 124//154 89//154 87//154
f 121//155 124//155 87//155
f 88//156 125//156 85//156
f 125//157 122//157 85//157
f 126//158 91//158 89//158
f 124//159 126//159 89//159
f 90//160 127//160 88//160
f 127//160 125//160 88//160
f 126//161 128//161 91//161
f 128//162 93//162 91//162
f 92//163 129//163 90//163
f 129//163 127//163 90//163
f 130//164 95//164 93//164
f 128//162 130//162 93//162
f 102//165 131//165 92//165
f 131//166 129//166 92//166
f 132//167 133//167 95//167
f 133//168 103//168 95//168
f 130//169 132//169 95//169
f 103//170 131//170 102//170
f 133//170 131//170 103//170
f 16//171 134//171 14//171
f 135//172 15//172 14//172
f 134//172 135//172 14//172
f 136//172 69//172 15//172
f 135//172 136//172 15//172
f 11//173 134//173 16//173
f 117//174 121//174 115//174
f 137//175 134//175 11//175
f 10//176 137//176 11//176
f 6//177 138//177 10//177
f 138//178 139//178 10//178
f 139//179 137//179 10//179
f 5//180 140//180 6//180
f 140//181 138//181 6//181
f 136//172 72//172 69//172
f 141//182 39//182 113//182
f 120//183 141//183 113//183
f 9//184 142//184 5//184
f 142//185 140//185 5//185
f 133//186 143//186 131//186
f 143//187 129//187 131//187
f 144//188 143//188 133//188
f 132//189 144//189 133//189
f 136//172 101//172 72//172
f 145//190 119//190 79//190
f 112//191 145//191 79//191
f 8//192 146//192 9//192
f 146//193 142//193 9//193
f 108//194 147//194 8//194
f 147//195 146//195 8//195
f 148//196 33//196 105//196
f 106//197 149//197 105//197
f 149//198 148//198 105//198
f 28//133 150//133 111//133
f 150//135 112//135 111//135
f 44//199 33//199 148//199
f 151//200 44//200 148//200
f 149//201 151//201 148//201
f 152//202 153//202 109//202
f 153//203 110//203 109//203
f 118//204 152//204 109//204
f 110//205 154//205 108//205
f 154//206 147//206 108//206
f 39//207 150//207 28//207
f 39//208 155//208 150//208
f 155//209 112//209 150//209
f 39//210 156//210 155//210
f 156//211 157//211 155//211
f 157//212 112//212 155//212
f 158//213 156//213 39//213
f 141//214 158//214 39//214
f 159//215 117//215 44//215
f 160//216 159//216 44//216
f 161//217 160//217 44//217
f 151//218 161//218 44//218
f 149//201 161//201 151//201
f 136//172 104//172 101//172
f 153//205 154//205 110//205
f 162//219 152//219 118//219
f 163//219 162//219 118//219
f 164//220 163//220 118//220
f 165//221 164//221 118//221
f 119//222 165//222 118//222
f 166//223 158//223 141//223
f 120//224 167//224 141//224
f 167//225 166//225 141//225
f 162//226 168//226 152//226
f 168//227 153//227 152//227
f 159//228 169//228 117//228
f 169//229 121//229 117//229
f 123//230 167//230 120//230
f 169//155 124//155 121//155
f 168//231 154//231 153//231
f 136//172 106//172 104//172
f 162//232 170//232 168//232
f 170//233 171//233 168//233
f 171//234 172//234 168//234
f 173//235 154//235 168//235
f 172//236 173//236 168//236
f 163//237 170//237 162//237
f 174//238 175//238 159//238
f 175//239 169//239 159//239
f 160//240 174//240 159//240
f 176//241 177//241 170//241
f 163//242 176//242 170//242
f 178//243 179//243 170//243
f 179//243 180//243 170//243
f 180//244 181//244 170//244
f 182//243 183//243 170//243
f 181//243 182//243 170//243
f 184//243 185//243 170//243
f 185//243 186//243 170//243
f 186//243 187//243 170//243
f 188//243 184//243 170//243
f 177//243 188//243 170//243
f 187//243 189//243 170//243
f 189//243 190//243 170//243
f 190//243 191//243 170//243
f 191//243 192//243 170//243
f 192//243 193//243 170//243
f 193//243 194//243 170//243
f 183//243 195//243 170//243
f 195//243 196//243 170//243
f 196//243 197//243 170//243
f 197//243 198//243 170//243
f 198//243 199//243 170//243
f 199//243 171//243 170//243
f 194//243 200//243 170//243
f 200//243 201//243 170//243
f 201//243 178//243 170//243
f 202//245 158//245 166//245
f 167//246 203//246 166//246
f 203//247 202//247 166//247
f 204//248 203//248 167//248
f 123//248 204//248 167//248
f 175//249 124//249 169//249
f 205//250 204//250 123//250
f 122//250 205//250 123//250
f 206//251 126//251 124//251
f 175//249 206//249 124//249
f 125//252 207//252 122//252
f 207//253 205//253 122//253
f 208//254 128//254 126//254
f 206//255 208//255 126//255
f 127//256 209//256 125//256
f 209//257 207//257 125//257
f 208//258 210//258 128//258
f 210//259 130//259 128//259
f 129//260 211//260 127//260
f 211//261 212//261 127//261
f 212//262 209//262 127//262
f 213//263 214//263 130//263
f 210//264 213//264 130//264
f 214//263 132//263 130//263
f 143//265 215//265 129//265
f 215//266 211//266 129//266
f 214//267 216//267 132//267
f 216//268 144//268 132//268
f 144//269 215//269 143//269
f 217//269 215//269 144//269
f 216//270 217//270 144//270
f 218//271 145//271 112//271
f 157//272 218//272 112//272
f 219//273 165//273 119//273
f 145//274 219//274 119//274
f 136//172 149//172 106//172
f 220//275 158//275 202//275
f 221//276 220//276 202//276
f 203//277 221//277 202//277
f 160//278 222//278 174//278
f 223//243 175//243 174//243
f 222//243 223//243 174//243
f 224//277 221//277 203//277
f 204//279 225//279 203//279
f 225//280 226//280 203//280
f 226//281 227//281 203//281
f 227//282 224//282 203//282
f 228//283 206//283 175//283
f 229//284 228//284 175//284
f 223//285 229//285 175//285
f 230//286 225//286 204//286
f 205//287 231//287 204//287
f 231//288 232//288 204//288
f 232//289 230//289 204//289
f 233//290 234//290 206//290
f 235//291 233//291 206//291
f 236//292 208//292 206//292
f 237//293 236//293 206//293
f 234//294 237//294 206//294
f 228//295 235//295 206//295
f 207//296 238//296 205//296
f 238//297 239//297 205//297
f 239//298 240//298 205//298
f 240//299 241//299 205//299
f 241//300 231//300 205//300
f 236//301 242//301 208//301
f 243//302 210//302 208//302
f 244//303 243//303 208//303
f 242//304 244//304 208//304
f 209//305 238//305 207//305
f 243//306 245//306 210//306
f 245//307 213//307 210//307
f 246//308 238//308 209//308
f 212//309 246//309 209//309
f 245//310 247//310 213//310
f 247//311 214//311 213//311
f 211//312 246//312 212//312
f 247//313 216//313 214//313
f 215//314 248//314 211//314
f 248//315 246//315 211//315
f 249//316 217//316 216//316
f 247//317 249//317 216//317
f 249//318 248//318 215//318
f 217//318 249//318 215//318
f 164//319 176//319 163//319
f 250//320 161//320 149//320
f 136//172 250//172 149//172
f 251//321 160//321 161//321
f 250//322 252//322 161//322
f 252//323 251//323 161//323
f 158//324 253//324 156//324
f 253//325 157//325 156//325
f 254//326 160//326 251//326
f 252//327 255//327 251//327
f 255//328 254//328 251//328
f 256//329 220//329 221//329
f 224//277 256//277 221//277
f 257//330 258//330 222//330
f 160//331 257//331 222//331
f 258//243 223//243 222//243
f 259//332 177//332 176//332
f 164//333 259//333 176//333
f 158//334 260//334 253//334
f 260//335 261//335 253//335
f 261//336 157//336 253//336
f 262//337 259//337 164//337
f 263//338 262//338 164//338
f 165//339 263//339 164//339
f 264//340 219//340 145//340
f 218//341 264//341 145//341
f 257//342 265//342 258//342
f 265//243 223//243 258//243
f 266//343 263//343 165//343
f 219//344 267//344 165//344
f 267//345 268//345 165//345
f 268//345 266//345 165//345
f 269//346 218//346 157//346
f 261//347 269//347 157//347
f 259//332 270//332 177//332
f 270//348 271//348 177//348
f 271//349 272//349 177//349
f 272//243 188//243 177//243
f 136//172 252//172 250//172
f 262//350 270//350 259//350
f 136//172 255//172 252//172
f 273//351 260//351 158//351
f 220//352 273//352 158//352
f 254//353 274//353 160//353
f 274//354 257//354 160//354
f 273//355 261//355 260//355
f 255//356 274//356 254//356
f 275//357 276//357 220//357
f 276//358 277//358 220//358
f 278//359 273//359 220//359
f 277//360 278//360 220//360
f 256//361 275//361 220//361
f 279//362 265//362 257//362
f 280//363 279//363 257//363
f 274//364 281//364 257//364
f 281//365 282//365 257//365
f 282//366 280//366 257//366
f 283//367 271//367 270//367
f 284//368 283//368 270//368
f 262//369 284//369 270//369
f 284//370 271//370 283//370
f 255//371 281//371 274//371
f 285//372 282//372 281//372
f 255//373 285//373 281//373
f 278//374 261//374 273//374
f 286//375 287//375 219//375
f 287//376 267//376 219//376
f 288//377 286//377 219//377
f 264//378 288//378 219//378
f 289//379 264//379 218//379
f 269//380 289//380 218//380
f 262//381 290//381 284//381
f 290//382 271//382 284//382
f 263//383 290//383 262//383
f 291//384 272//384 271//384
f 290//385 291//385 271//385
f 292//386 290//386 263//386
f 266//387 292//387 263//387
f 268//388 292//388 266//388
f 267//388 292//388 268//388
f 278//389 293//389 261//389
f 294//390 269//390 261//390
f 293//391 294//391 261//391
f 136//172 285//172 255//172
f 295//392 291//392 290//392
f 296//393 295//393 290//393
f 292//394 296//394 290//394
f 297//395 298//395 272//395
f 298//395 299//395 272//395
f 299//396 300//396 272//396
f 291//397 297//397 272//397
f 300//243 188//243 272//243
f 301//398 275//398 256//398
f 224//277 301//277 256//277
f 295//399 297//399 291//399
f 302//400 292//400 267//400
f 287//401 302//401 267//401
f 295//402 298//402 297//402
f 277//403 293//403 278//403
f 303//404 282//404 285//404
f 136//172 303//172 285//172
f 289//405 304//405 264//405
f 304//406 305//406 264//406
f 305//407 306//407 264//407
f 307//408 288//408 264//408
f 306//409 307//409 264//409
f 279//244 223//244 265//244
f 295//402 299//402 298//402
f 308//410 280//410 282//410
f 303//411 308//411 282//411
f 286//412 302//412 287//412
f 309//413 289//413 269//413
f 294//414 309//414 269//414
f 310//415 296//415 292//415
f 302//416 310//416 292//416
f 276//417 293//417 277//417
f 311//418 280//418 308//418
f 303//419 312//419 308//419
f 312//420 311//420 308//420
f 288//412 302//412 286//412
f 296//421 313//421 295//421
f 313//422 299//422 295//422
f 313//423 300//423 299//423
f 314//424 315//424 293//424
f 316//425 314//425 293//425
f 276//426 316//426 293//426
f 317//427 294//427 293//427
f 315//428 317//428 293//428
f 313//429 188//429 300//429
f 288//430 318//430 302//430
f 319//431 310//431 302//431
f 318//432 319//432 302//432
f 136//172 312//172 303//172
f 280//433 320//433 279//433
f 320//434 321//434 279//434
f 321//435 223//435 279//435
f 322//436 275//436 301//436
f 323//437 322//437 301//437
f 224//277 323//277 301//277
f 322//438 316//438 275//438
f 316//439 276//439 275//439
f 311//440 320//440 280//440
f 324//441 320//441 311//441
f 312//442 324//442 311//442
f 307//443 318//443 288//443
f 325//444 326//444 322//444
f 326//445 327//445 322//445
f 327//446 316//446 322//446
f 328//447 325//447 322//447
f 323//448 328//448 322//448
f 329//449 321//449 320//449
f 330//450 329//450 320//450
f 324//451 330//451 320//451
f 309//452 331//452 289//452
f 331//452 332//452 289//452
f 332//453 333//453 289//453
f 333//454 304//454 289//454
f 306//455 334//455 307//455
f 334//456 335//456 307//456
f 335//457 318//457 307//457
f 306//458 335//458 334//458
f 336//459 335//459 306//459
f 337//460 336//460 306//460
f 305//461 337//461 306//461
f 338//462 313//462 296//462
f 310//463 338//463 296//463
f 339//464 324//464 312//464
f 136//172 339//172 312//172
f 327//465 314//465 316//465
f 224//277 328//277 323//277
f 304//466 337//466 305//466
f 329//467 223//467 321//467
f 317//468 340//468 294//468
f 340//469 341//469 294//469
f 341//470 342//470 294//470
f 343//471 309//471 294//471
f 342//472 343//472 294//472
f 339//473 330//473 324//473
f 344//474 337//474 304//474
f 333//475 344//475 304//475
f 345//476 344//476 333//476
f 332//477 345//477 333//477
f 313//478 184//478 188//478
f 326//479 346//479 327//479
f 346//480 347//480 327//480
f 347//481 348//481 327//481
f 348//482 349//482 327//482
f 349//483 314//483 327//483
f 350//484 329//484 330//484
f 351//485 350//485 330//485
f 352//486 351//486 330//486
f 339//487 352//487 330//487
f 313//488 185//488 184//488
f 331//489 353//489 332//489
f 353//490 354//490 332//490
f 354//491 345//491 332//491
f 335//492 355//492 318//492
f 356//493 319//493 318//493
f 355//494 356//494 318//494
f 309//495 357//495 331//495
f 357//496 358//496 331//496
f 358//497 353//497 331//497
f 319//498 338//498 310//498
f 186//499 185//499 313//499
f 338//500 186//500 313//500
f 343//489 359//489 309//489
f 359//501 357//501 309//501
f 342//502 359//502 343//502
f 341//503 359//503 342//503
f 360//504 361//504 335//504
f 361//504 362//504 335//504
f 362//505 363//505 335//505
f 336//506 360//506 335//506
f 363//507 355//507 335//507
f 364//508 315//508 314//508
f 349//509 365//509 314//509
f 365//510 364//510 314//510
f 366//511 359//511 341//511
f 340//512 366//512 341//512
f 348//513 367//513 349//513
f 368//514 365//514 349//514
f 369//515 368//515 349//515
f 367//516 369//516 349//516
f 370//517 366//517 340//517
f 317//518 370//518 340//518
f 371//519 370//519 317//519
f 372//519 371//519 317//519
f 315//520 372//520 317//520
f 373//521 364//521 365//521
f 368//522 373//522 365//522
f 374//523 372//523 315//523
f 364//524 374//524 315//524
f 373//525 374//525 364//525
f 136//526 352//526 339//526
f 347//527 375//527 348//527
f 375//528 367//528 348//528
f 362//529 376//529 363//529
f 376//530 355//530 363//530
f 376//530 377//530 355//530
f 377//531 378//531 355//531
f 378//532 379//532 355//532
f 380//533 356//533 355//533
f 379//534 380//534 355//534
f 356//535 381//535 319//535
f 381//536 338//536 319//536
f 382//537 351//537 352//537
f 136//172 382//172 352//172
f 325//538 375//538 326//538
f 375//539 383//539 326//539
f 383//540 346//540 326//540
f 384//541 369//541 367//541
f 375//542 384//542 367//542
f 338//543 187//543 186//543
f 346//544 383//544 347//544
f 383//545 375//545 347//545
f 224//277 325//277 328//277
f 325//277 385//277 375//277
f 385//546 384//546 375//546
f 224//277 386//277 325//277
f 386//277 385//277 325//277
f 350//243 387//243 329//243
f 388//243 223//243 329//243
f 387//243 388//243 329//243
f 389//243 387//243 350//243
f 351//547 389//547 350//547
f 381//548 390//548 338//548
f 390//549 189//549 338//549
f 189//550 187//550 338//550
f 380//551 391//551 356//551
f 391//552 381//552 356//552
f 392//553 393//553 376//553
f 393//554 377//554 376//554
f 362//555 392//555 376//555
f 394//547 389//547 351//547
f 382//547 394//547 351//547
f 395//547 394//547 382//547
f 136//172 395//172 382//172
f 390//556 190//556 189//556
f 396//557 397//557 390//557
f 397//558 190//558 390//558
f 381//559 396//559 390//559
f 397//243 191//243 190//243
f 393//560 378//560 377//560
f 398//560 379//560 378//560
f 393//561 398//561 378//561
f 399//562 380//562 379//562
f 398//563 399//563 379//563
f 399//564 391//564 380//564
f 400//565 401//565 381//565
f 391//566 400//566 381//566
f 401//567 396//567 381//567
f 396//568 191//568 397//568
f 399//564 400//564 391//564
f 192//569 191//569 396//569
f 401//570 192//570 396//570
f 399//564 401//564 400//564
f 399//564 402//564 401//564
f 402//564 403//564 401//564
f 404//564 193//564 401//564
f 405//564 404//564 401//564
f 403//564 405//564 401//564
f 193//571 192//571 401//571
f 406//572 240//572 239//572
f 238//1 406//1 239//1
f 244//573 407//573 243//573
f 407//574 408//574 243//574
f 408//575 409//575 243//575
f 409//1 245//1 243//1
f 410//1 406//1 238//1
f 246//1 410//1 238//1
f 409//1 247//1 245//1
f 411//1 410//1 246//1
f 248//1 412//1 246//1
f 412//1 413//1 246//1
f 413//1 411//1 246//1
f 409//1 249//1 247//1
f 249//1 414//1 248//1
f 414//1 412//1 248//1
f 409//1 415//1 249//1
f 415//1 414//1 249//1
f 416//576 413//576 412//576
f 417//577 416//577 412//577
f 414//578 417//578 412//578
f 416//579 411//579 413//579
f 418//580 417//580 414//580
f 415//580 418//580 414//580
f 419//581 410//581 411//581
f 416//579 419//579 411//579
f 409//1 420//1 415//1
f 421//582 418//582 415//582
f 420//582 421//582 415//582
f 422//1 406//1 410//1
f 423//583 422//583 410//583
f 419//581 423//581 410//581
f 409//1 424//1 420//1
f 425//584 421//584 420//584
f 424//584 425//584 420//584
f 241//585 240//585 406//585
f 426//586 241//586 406//586
f 422//1 427//1 406//1
f 427//587 426//587 406//587
f 428//1 424//1 409//1
f 408//588 429//588 409//588
f 429//589 428//589 409//589
f 430//1 431//1 422//1
f 431//1 427//1 422//1
f 432//590 430//590 422//590
f 423//583 432//583 422//583
f 428//1 433//1 424//1
f 433//1 434//1 424//1
f 434//1 435//1 424//1
f 435//1 436//1 424//1
f 437//591 425//591 424//591
f 436//591 437//591 424//591
f 429//592 433//592 428//592
f 438//593 426//593 427//593
f 431//594 438//594 427//594
f 439//1 440//1 430//1
f 440//1 441//1 430//1
f 441//1 442//1 430//1
f 442//1 443//1 430//1
f 443//1 444//1 430//1
f 444//1 431//1 430//1
f 445//595 439//595 430//595
f 432//590 445//590 430//590
f 446//1 447//1 436//1
f 435//1 448//1 436//1
f 448//1 446//1 436//1
f 449//596 437//596 436//596
f 447//596 449//596 436//596
f 444//597 450//597 431//597
f 450//598 438//598 431//598
f 429//599 451//599 433//599
f 451//600 434//600 433//600
f 452//1 453//1 439//1
f 453//1 454//1 439//1
f 454//1 455//1 439//1
f 456//1 457//1 439//1
f 457//1 458//1 439//1
f 458//1 452//1 439//1
f 455//1 459//1 439//1
f 459//1 460//1 439//1
f 460//1 440//1 439//1
f 461//601 456//601 439//601
f 445//595 461//595 439//595
f 462//1 463//1 447//1
f 463//1 464//1 447//1
f 464//1 465//1 447//1
f 465//1 466//1 447//1
f 466//1 467//1 447//1
f 467//1 456//1 447//1
f 446//1 468//1 447//1
f 468//1 462//1 447//1
f 469//602 449//602 447//602
f 456//602 469//602 447//602
f 461//601 469//601 456//601
f 467//1 457//1 456//1
f 451//603 470//603 434//603
f 470//604 471//604 434//604
f 471//605 435//605 434//605
f 443//606 472//606 444//606
f 472//607 450//607 444//607
f 442//608 473//608 443//608
f 473//609 472//609 443//609
f 471//610 474//610 435//610
f 474//611 448//611 435//611
f 441//612 473//612 442//612
f 474//613 475//613 448//613
f 475//614 446//614 448//614
f 440//615 476//615 441//615
f 476//616 473//616 441//616
f 460//617 476//617 440//617
f 475//618 477//618 446//618
f 477//619 468//619 446//619
f 477//619 462//619 468//619
f 478//620 476//620 460//620
f 459//621 478//621 460//621
f 455//622 479//622 459//622
f 479//623 478//623 459//623
f 480//624 463//624 462//624
f 477//625 480//625 462//625
f 481//626 464//626 463//626
f 482//627 481//627 463//627
f 480//628 482//628 463//628
f 454//629 479//629 455//629
f 483//630 479//630 454//630
f 453//631 483//631 454//631
f 484//632 465//632 464//632
f 481//633 484//633 464//633
f 485//634 483//634 453//634
f 452//635 485//635 453//635
f 484//632 466//632 465//632
f 486//636 485//636 452//636
f 458//637 486//637 452//637
f 487//638 467//638 466//638
f 484//639 487//639 466//639
f 457//640 486//640 458//640
f 488//641 457//641 467//641
f 487//642 488//642 467//642
f 488//643 486//643 457//643
f 489//644 241//644 426//644
f 438//645 489//645 426//645
f 407//646 429//646 408//646
f 490//647 491//647 438//647
f 491//645 489//645 438//645
f 450//648 490//648 438//648
f 407//646 492//646 429//646
f 492//649 451//649 429//649
f 492//650 470//650 451//650
f 472//651 490//651 450//651
f 493//652 471//652 470//652
f 492//653 493//653 470//653
f 494//654 490//654 472//654
f 473//655 494//655 472//655
f 493//656 474//656 471//656
f 495//657 494//657 473//657
f 476//658 495//658 473//658
f 496//659 475//659 474//659
f 493//660 496//660 474//660
f 497//661 495//661 476//661
f 478//661 497//661 476//661
f 498//662 477//662 475//662
f 496//659 498//659 475//659
f 499//663 497//663 478//663
f 479//664 499//664 478//664
f 500//665 480//665 477//665
f 498//662 500//662 477//662
f 500//666 482//666 480//666
f 483//667 499//667 479//667
f 501//668 481//668 482//668
f 500//669 501//669 482//669
f 502//670 499//670 483//670
f 485//671 502//671 483//671
f 501//672 484//672 481//672
f 503//673 502//673 485//673
f 486//674 503//674 485//674
f 504//675 487//675 484//675
f 501//676 504//676 484//676
f 505//677 503//677 486//677
f 488//677 505//677 486//677
f 506//678 488//678 487//678
f 504//679 506//679 487//679
f 506//678 505//678 488//678
f 242//680 407//680 244//680
f 489//681 231//681 241//681
f 507//682 232//682 231//682
f 489//683 508//683 231//683
f 508//684 507//684 231//684
f 236//685 407//685 242//685
f 509//686 407//686 236//686
f 237//687 509//687 236//687
f 491//688 508//688 489//688
f 509//689 492//689 407//689
f 510//690 509//690 237//690
f 234//691 510//691 237//691
f 491//692 507//692 508//692
f 510//693 492//693 509//693
f 511//694 512//694 491//694
f 512//695 507//695 491//695
f 490//694 511//694 491//694
f 510//696 513//696 492//696
f 513//697 493//697 492//697
f 494//698 514//698 490//698
f 514//698 511//698 490//698
f 515//699 496//699 493//699
f 513//697 515//697 493//697
f 516//700 514//700 494//700
f 495//700 516//700 494//700
f 517//701 498//701 496//701
f 515//699 517//699 496//699
f 518//702 516//702 495//702
f 497//702 518//702 495//702
f 517//701 519//701 498//701
f 519//703 500//703 498//703
f 520//704 518//704 497//704
f 499//704 520//704 497//704
f 521//705 501//705 500//705
f 519//703 521//703 500//703
f 522//706 520//706 499//706
f 502//706 522//706 499//706
f 523//707 504//707 501//707
f 521//705 523//705 501//705
f 524//708 522//708 502//708
f 503//708 524//708 502//708
f 525//709 506//709 504//709
f 523//707 525//707 504//707
f 526//710 524//710 503//710
f 505//710 526//710 503//710
f 527//711 505//711 506//711
f 525//709 527//709 506//709
f 527//711 526//711 505//711
f 507//712 230//712 232//712
f 233//713 510//713 234//713
f 528//714 510//714 233//714
f 529//715 528//715 233//715
f 235//716 529//716 233//716
f 507//717 225//717 230//717
f 226//718 225//718 507//718
f 530//719 226//719 507//719
f 512//720 530//720 507//720
f 528//721 513//721 510//721
f 227//722 226//722 530//722
f 531//723 227//723 530//723
f 512//724 531//724 530//724
f 529//725 513//725 528//725
f 532//726 531//726 512//726
f 533//727 532//727 512//727
f 511//728 533//728 512//728
f 529//729 534//729 513//729
f 534//730 515//730 513//730
f 535//731 533//731 511//731
f 514//732 535//732 511//732
f 536//733 517//733 515//733
f 534//734 536//734 515//734
f 516//735 537//735 514//735
f 537//736 535//736 514//736
f 538//737 519//737 517//737
f 536//738 538//738 517//738
f 539//739 537//739 516//739
f 518//739 539//739 516//739
f 540//740 521//740 519//740
f 538//741 540//741 519//741
f 541//742 539//742 518//742
f 520//743 541//743 518//743
f 542//744 523//744 521//744
f 540//740 542//740 521//740
f 543//745 541//745 520//745
f 522//746 543//746 520//746
f 544//747 525//747 523//747
f 542//748 544//748 523//748
f 545//749 543//749 522//749
f 524//750 545//750 522//750
f 546//751 527//751 525//751
f 544//752 546//752 525//752
f 547//753 545//753 524//753
f 526//754 547//754 524//754
f 548//755 526//755 527//755
f 546//756 548//756 527//756
f 548//757 547//757 526//757
f 228//758 529//758 235//758
f 404//759 194//759 193//759
f 549//760 224//760 227//760
f 531//761 549//761 227//761
f 229//762 550//762 228//762
f 550//763 529//763 228//763
f 532//764 549//764 531//764
f 550//765 534//765 529//765
f 551//766 224//766 549//766
f 552//767 551//767 549//767
f 532//768 552//768 549//768
f 229//769 553//769 550//769
f 553//770 534//770 550//770
f 554//771 552//771 532//771
f 533//772 554//772 532//772
f 555//773 556//773 534//773
f 553//774 555//774 534//774
f 556//775 536//775 534//775
f 535//776 557//776 533//776
f 557//777 558//777 533//777
f 558//778 554//778 533//778
f 559//779 538//779 536//779
f 556//780 559//780 536//780
f 560//781 561//781 535//781
f 561//782 557//782 535//782
f 537//783 560//783 535//783
f 559//784 562//784 538//784
f 563//785 540//785 538//785
f 562//779 563//779 538//779
f 564//786 565//786 537//786
f 539//787 564//787 537//787
f 565//788 560//788 537//788
f 563//789 566//789 540//789
f 566//790 567//790 540//790
f 567//791 542//791 540//791
f 568//792 564//792 539//792
f 541//793 568//793 539//793
f 569//794 544//794 542//794
f 567//795 570//795 542//795
f 570//796 569//796 542//796
f 543//797 571//797 541//797
f 571//798 572//798 541//798
f 572//799 568//799 541//799
f 569//800 573//800 544//800
f 573//801 546//801 544//801
f 545//802 574//802 543//802
f 574//803 575//803 543//803
f 575//804 571//804 543//804
f 576//805 548//805 546//805
f 573//806 577//806 546//806
f 577//807 576//807 546//807
f 547//808 578//808 545//808
f 578//809 579//809 545//809
f 579//810 574//810 545//810
f 576//811 580//811 548//811
f 580//812 581//812 548//812
f 581//813 547//813 548//813
f 581//814 578//814 547//814
f 223//815 553//815 229//815
f 551//277 582//277 224//277
f 582//277 583//277 224//277
f 583//277 584//277 224//277
f 584//816 386//816 224//816
f 388//243 553//243 223//243
f 552//817 585//817 551//817
f 585//817 582//817 551//817
f 388//243 586//243 553//243
f 586//818 555//818 553//818
f 554//819 587//819 552//819
f 587//819 585//819 552//819
f 586//818 588//818 555//818
f 588//820 556//820 555//820
f 558//819 589//819 554//819
f 589//819 587//819 554//819
f 588//820 590//820 556//820
f 590//820 559//820 556//820
f 557//821 591//821 558//821
f 591//821 589//821 558//821
f 590//820 592//820 559//820
f 592//822 562//822 559//822
f 561//821 593//821 557//821
f 593//821 591//821 557//821
f 592//822 594//822 562//822
f 594//822 563//822 562//822
f 560//823 595//823 561//823
f 595//823 593//823 561//823
f 594//822 596//822 563//822
f 596//824 566//824 563//824
f 565//825 597//825 560//825
f 597//825 595//825 560//825
f 596//824 598//824 566//824
f 598//826 567//826 566//826
f 564//827 599//827 565//827
f 599//827 597//827 565//827
f 598//826 600//826 567//826
f 600//828 570//828 567//828
f 568//829 601//829 564//829
f 601//829 599//829 564//829
f 600//828 602//828 570//828
f 602//830 569//830 570//830
f 572//831 603//831 568//831
f 603//831 601//831 568//831
f 602//830 604//830 569//830
f 604//832 573//832 569//832
f 571//833 605//833 572//833
f 605//833 603//833 572//833
f 604//832 606//832 573//832
f 606//834 577//834 573//834
f 575//835 607//835 571//835
f 607//836 605//836 571//836
f 606//834 608//834 577//834
f 608//837 576//837 577//837
f 574//838 609//838 575//838
f 609//838 607//838 575//838
f 608//837 610//837 576//837
f 610//839 580//839 576//839
f 579//840 611//840 574//840
f 611//840 609//840 574//840
f 610//839 612//839 580//839
f 612//841 581//841 580//841
f 578//842 613//842 579//842
f 613//842 611//842 579//842
f 612//841 614//841 581//841
f 614//843 578//843 581//843
f 614//843 613//843 578//843
f 404//844 200//844 194//844
f 615//845 616//845 404//845
f 405//846 615//846 404//846
f 616//847 201//847 404//847
f 201//848 200//848 404//848
f 617//277 618//277 583//277
f 618//277 619//277 583//277
f 619//277 620//277 583//277
f 620//277 621//277 583//277
f 621//849 622//849 583//849
f 622//850 584//850 583//850
f 623//851 617//851 583//851
f 582//852 623//852 583//852
f 624//243 625//243 388//243
f 387//243 626//243 388//243
f 626//243 624//243 388//243
f 627//243 628//243 388//243
f 629//243 627//243 388//243
f 625//243 629//243 388//243
f 630//853 586//853 388//853
f 628//854 630//854 388//854
f 631//855 623//855 582//855
f 585//856 631//856 582//856
f 632//857 588//857 586//857
f 630//858 632//858 586//858
f 587//859 633//859 585//859
f 633//860 631//860 585//860
f 632//861 634//861 588//861
f 634//862 590//862 588//862
f 635//863 633//863 587//863
f 589//863 635//863 587//863
f 634//864 592//864 590//864
f 636//865 635//865 589//865
f 591//866 636//866 589//866
f 637//867 594//867 592//867
f 634//864 637//864 592//864
f 593//868 636//868 591//868
f 638//869 596//869 594//869
f 637//870 638//870 594//870
f 639//871 636//871 593//871
f 595//872 639//872 593//872
f 638//873 598//873 596//873
f 597//874 639//874 595//874
f 640//875 600//875 598//875
f 638//876 640//876 598//876
f 641//877 639//877 597//877
f 599//877 641//877 597//877
f 642//878 602//878 600//878
f 640//878 642//878 600//878
f 643//879 641//879 599//879
f 601//879 643//879 599//879
f 642//880 604//880 602//880
f 603//881 643//881 601//881
f 644//882 606//882 604//882
f 642//883 644//883 604//883
f 605//884 643//884 603//884
f 644//885 608//885 606//885
f 645//886 643//886 605//886
f 607//887 645//887 605//887
f 646//888 610//888 608//888
f 644//889 646//889 608//889
f 647//890 645//890 607//890
f 609//891 647//891 607//891
f 646//892 612//892 610//892
f 611//893 647//893 609//893
f 648//894 614//894 612//894
f 646//895 648//895 612//895
f 649//896 647//896 611//896
f 613//896 649//896 611//896
f 648//897 613//897 614//897
f 648//897 649//897 613//897
f 403//846 615//846 405//846
f 616//898 178//898 201//898
f 650//899 623//899 631//899
f 651//900 650//900 631//900
f 633//856 651//856 631//856
f 652//857 634//857 632//857
f 653//901 652//901 632//901
f 630//902 653//902 632//902
f 650//903 654//903 623//903
f 654//851 617//851 623//851
f 628//904 653//904 630//904
f 655//905 654//905 650//905
f 651//906 655//906 650//906
f 656//907 657//907 653//907
f 657//908 652//908 653//908
f 628//854 656//854 653//854
f 402//909 658//909 403//909
f 658//910 615//910 403//910
f 659//911 660//911 651//911
f 660//912 655//912 651//912
f 633//913 659//913 651//913
f 661//914 634//914 652//914
f 657//915 661//915 652//915
f 662//916 659//916 633//916
f 663//917 662//917 633//917
f 635//917 663//917 633//917
f 661//918 664//918 634//918
f 664//919 637//919 634//919
f 636//920 665//920 635//920
f 665//921 663//921 635//921
f 666//922 638//922 637//922
f 664//919 666//919 637//919
f 667//923 665//923 636//923
f 639//924 667//924 636//924
f 668//925 640//925 638//925
f 666//926 668//926 638//926
f 669//927 667//927 639//927
f 641//927 669//927 639//927
f 668//928 670//928 640//928
f 670//929 642//929 640//929
f 671//930 669//930 641//930
f 643//931 671//931 641//931
f 672//932 644//932 642//932
f 670//929 672//929 642//929
f 673//933 671//933 643//933
f 645//934 673//934 643//934
f 672//935 674//935 644//935
f 674//936 646//936 644//936
f 675//937 673//937 645//937
f 647//937 675//937 645//937
f 676//938 648//938 646//938
f 674//939 676//939 646//939
f 677//940 675//940 647//940
f 649//941 677//941 647//941
f 676//938 678//938 648//938
f 678//942 649//942 648//942
f 678//943 677//943 649//943
f 180//944 179//944 616//944
f 179//945 178//945 616//945
f 615//946 679//946 616//946
f 679//947 680//947 616//947
f 680//948 180//948 616//948
f 656//949 681//949 657//949
f 681//950 661//950 657//950
f 399//909 658//909 402//909
f 660//951 654//951 655//951
f 682//952 683//952 659//952
f 683//953 660//953 659//953
f 662//916 682//916 659//916
f 684//918 664//918 661//918
f 681//954 684//954 661//954
f 683//955 654//955 660//955
f 656//949 685//949 681//949
f 685//956 684//956 681//956
f 656//957 686//957 685//957
f 686//958 684//958 685//958
f 687//959 688//959 682//959
f 688//960 683//960 682//960
f 662//961 687//961 682//961
f 689//962 664//962 684//962
f 686//963 689//963 684//963
f 690//964 687//964 662//964
f 691//965 690//965 662//965
f 663//966 691//966 662//966
f 689//967 692//967 664//967
f 692//968 666//968 664//968
f 665//969 693//969 663//969
f 693//970 691//970 663//970
f 694//971 668//971 666//971
f 692//972 694//972 666//972
f 695//973 693//973 665//973
f 667//974 695//974 665//974
f 696//975 670//975 668//975
f 694//976 696//976 668//976
f 697//977 695//977 667//977
f 669//977 697//977 667//977
f 698//978 672//978 670//978
f 696//979 698//979 670//979
f 699//980 697//980 669//980
f 671//981 699//981 669//981
f 698//978 700//978 672//978
f 700//982 674//982 672//982
f 701//983 699//983 671//983
f 673//984 701//984 671//984
f 700//985 702//985 674//985
f 702//986 676//986 674//986
f 703//987 701//987 673//987
f 675//988 703//988 673//988
f 704//989 678//989 676//989
f 702//990 704//990 676//990
f 705//991 703//991 675//991
f 677//992 705//992 675//992
f 704//993 706//993 678//993
f 706//994 677//994 678//994
f 706//995 705//995 677//995
f 658//996 707//996 615//996
f 707//997 679//997 615//997
f 708//998 654//998 683//998
f 688//999 708//999 683//999
f 709//1000 710//1000 687//1000
f 710//1001 711//1001 687//1001
f 711//1002 688//1002 687//1002
f 690//1003 709//1003 687//1003
f 712//1004 692//1004 689//1004
f 713//1005 714//1005 689//1005
f 714//1006 712//1006 689//1006
f 686//1007 713//1007 689//1007
f 715//1008 708//1008 688//1008
f 711//1009 715//1009 688//1009
f 716//1010 713//1010 686//1010
f 656//1011 716//1011 686//1011
f 716//1012 717//1012 713//1012
f 717//1013 714//1013 713//1013
f 710//1014 715//1014 711//1014
f 717//1013 718//1013 714//1013
f 718//1015 719//1015 714//1015
f 719//1016 712//1016 714//1016
f 398//1017 720//1017 399//1017
f 720//1018 658//1018 399//1018
f 721//1019 722//1019 709//1019
f 722//1020 710//1020 709//1020
f 723//1021 721//1021 709//1021
f 690//1021 723//1021 709//1021
f 719//1022 692//1022 712//1022
f 724//1023 723//1023 690//1023
f 691//1024 724//1024 690//1024
f 719//1022 725//1022 692//1022
f 725//1025 694//1025 692//1025
f 693//1026 726//1026 691//1026
f 726//1026 724//1026 691//1026
f 727//1027 696//1027 694//1027
f 725//1025 727//1025 694//1025
f 728//1028 726//1028 693//1028
f 695//1028 728//1028 693//1028
f 729//1029 698//1029 696//1029
f 727//1027 729//1027 696//1027
f 730//1030 728//1030 695//1030
f 697//1030 730//1030 695//1030
f 731//1031 700//1031 698//1031
f 729//1029 731//1029 698//1029
f 732//1032 730//1032 697//1032
f 699//1032 732//1032 697//1032
f 731//1031 733//1031 700//1031
f 733//1033 702//1033 700//1033
f 734//1034 732//1034 699//1034
f 701//1034 734//1034 699//1034
f 733//1033 735//1033 702//1033
f 735//1035 704//1035 702//1035
f 736//1036 734//1036 701//1036
f 703//1036 736//1036 701//1036
f 735//1035 737//1035 704//1035
f 737//1037 706//1037 704//1037
f 738//1038 736//1038 703//1038
f 705//1038 738//1038 703//1038
f 737//1037 739//1037 706//1037
f 739//1039 705//1039 706//1039
f 739//1039 738//1039 705//1039
f 740//1040 715//1040 710//1040
f 722//1041 740//1041 710//1041
f 741//1042 740//1042 722//1042
f 742//1043 741//1043 722//1043
f 721//1044 742//1044 722//1044
f 743//1045 744//1045 718//1045
f 717//1046 743//1046 718//1046
f 744//1044 719//1044 718//1044
f 745//1047 741//1047 742//1047
f 746//1048 745//1048 742//1048
f 721//1044 746//1044 742//1044
f 747//1049 748//1049 744//1049
f 749//1050 747//1050 744//1050
f 743//1051 749//1051 744//1051
f 748//1044 719//1044 744//1044
f 750//1052 745//1052 746//1052
f 751//1053 750//1053 746//1053
f 423//1044 751//1044 746//1044
f 432//1044 423//1044 746//1044
f 721//1044 432//1044 746//1044
f 752//1054 753//1054 748//1054
f 753//1054 754//1054 748//1054
f 747//1055 752//1055 748//1055
f 421//1044 719//1044 748//1044
f 754//1044 421//1044 748//1044
f 755//1056 756//1056 751//1056
f 756//1053 750//1053 751//1053
f 423//1044 755//1044 751//1044
f 753//1057 757//1057 754//1057
f 757//1057 758//1057 754//1057
f 418//1044 421//1044 754//1044
f 758//1044 418//1044 754//1044
f 759//1056 756//1056 755//1056
f 758//318 757//318 755//318
f 757//318 759//318 755//318
f 423//1044 419//1044 755//1044
f 419//1044 416//1044 755//1044
f 416//1044 758//1044 755//1044
f 417//1044 418//1044 758//1044
f 416//1044 417//1044 758//1044
f 425//1044 719//1044 421//1044
f 723//1044 432//1044 721//1044
f 425//1044 725//1044 719//1044
f 724//1044 445//1044 432//1044
f 723//1044 724//1044 432//1044
f 437//1044 727//1044 425//1044
f 727//1044 725//1044 425//1044
f 728//1044 461//1044 445//1044
f 726//1044 728//1044 445//1044
f 724//1044 726//1044 445//1044
f 449//1044 731//1044 437//1044
f 731//1044 729//1044 437//1044
f 729//1044 727//1044 437//1044
f 736//1044 469//1044 461//1044
f 730//1044 732//1044 461//1044
f 732//1044 734//1044 461//1044
f 734//1044 736//1044 461//1044
f 728//1044 730//1044 461//1044
f 469//1044 739//1044 449//1044
f 739//1044 737//1044 449//1044
f 737//1044 735//1044 449//1044
f 735//1044 733//1044 449//1044
f 733//1044 731//1044 449//1044
f 736//1044 738//1044 469//1044
f 738//1044 739//1044 469//1044
f 393//1058 720//1058 398//1058
f 392//1059 720//1059 393//1059
f 680//1060 181//1060 180//1060
f 760//1061 181//1061 680//1061
f 679//1062 760//1062 680//1062
f 760//243 182//243 181//243
f 761//1063 394//1063 395//1063
f 136//172 761//172 395//172
f 761//1064 389//1064 394//1064
f 362//1065 720//1065 392//1065
f 720//1066 707//1066 658//1066
f 182//1067 760//1067 679//1067
f 762//1068 182//1068 679//1068
f 763//1069 762//1069 679//1069
f 764//1070 763//1070 679//1070
f 707//1071 764//1071 679//1071
f 765//1072 387//1072 389//1072
f 766//1073 765//1073 389//1073
f 761//1074 766//1074 389//1074
f 584//1075 767//1075 386//1075
f 767//1076 768//1076 386//1076
f 768//1077 769//1077 386//1077
f 769//1078 385//1078 386//1078
f 765//1079 626//1079 387//1079
f 769//1080 770//1080 385//1080
f 770//1081 384//1081 385//1081
f 769//1082 771//1082 770//1082
f 771//1083 384//1083 770//1083
f 772//1084 766//1084 761//1084
f 136//172 772//172 761//172
f 768//1085 771//1085 769//1085
f 768//1086 773//1086 771//1086
f 773//1087 384//1087 771//1087
f 765//1088 624//1088 626//1088
f 773//1089 369//1089 384//1089
f 768//1090 774//1090 773//1090
f 774//1091 369//1091 773//1091
f 775//1092 776//1092 772//1092
f 776//1093 777//1093 772//1093
f 777//1094 766//1094 772//1094
f 778//172 775//172 772//172
f 779//172 780//172 772//172
f 780//172 781//172 772//172
f 781//172 782//172 772//172
f 782//172 783//172 772//172
f 783//172 784//172 772//172
f 784//172 785//172 772//172
f 785//172 786//172 772//172
f 786//172 778//172 772//172
f 136//1095 779//1095 772//1095
f 720//1096 787//1096 707//1096
f 787//1097 764//1097 707//1097
f 362//1098 361//1098 720//1098
f 361//1099 787//1099 720//1099
f 774//1100 368//1100 369//1100
f 788//1101 371//1101 372//1101
f 374//1102 788//1102 372//1102
f 373//1103 789//1103 374//1103
f 789//1104 788//1104 374//1104
f 788//1105 370//1105 371//1105
f 368//1103 789//1103 373//1103
f 774//1106 789//1106 368//1106
f 788//1107 790//1107 370//1107
f 790//1108 366//1108 370//1108
f 790//1109 359//1109 366//1109
f 774//1110 788//1110 789//1110
f 762//1111 183//1111 182//1111
f 360//1112 791//1112 361//1112
f 791//1113 792//1113 361//1113
f 792//1114 787//1114 361//1114
f 790//1109 357//1109 359//1109
f 793//1115 358//1115 357//1115
f 790//1116 793//1116 357//1116
f 793//1117 353//1117 358//1117
f 762//1118 195//1118 183//1118
f 196//1119 195//1119 762//1119
f 794//1120 196//1120 762//1120
f 763//1121 794//1121 762//1121
f 777//1122 765//1122 766//1122
f 787//1123 795//1123 764//1123
f 795//1124 763//1124 764//1124
f 793//1125 796//1125 353//1125
f 796//1126 354//1126 353//1126
f 767//1127 774//1127 768//1127
f 792//1128 797//1128 787//1128
f 797//1129 795//1129 787//1129
f 776//1130 798//1130 777//1130
f 798//1131 765//1131 777//1131
f 799//1132 800//1132 774//1132
f 767//1133 799//1133 774//1133
f 800//1134 788//1134 774//1134
f 796//1135 345//1135 354//1135
f 796//1136 344//1136 345//1136
f 801//1137 337//1137 344//1137
f 796//1138 801//1138 344//1138
f 788//1139 793//1139 790//1139
f 622//1140 767//1140 584//1140
f 778//1141 802//1141 775//1141
f 802//1142 776//1142 775//1142
f 801//1143 336//1143 337//1143
f 765//1144 625//1144 624//1144
f 803//1145 804//1145 778//1145
f 804//1146 802//1146 778//1146
f 786//1147 803//1147 778//1147
f 795//1148 805//1148 763//1148
f 805//1149 794//1149 763//1149
f 794//1150 197//1150 196//1150
f 801//1151 360//1151 336//1151
f 801//1152 791//1152 360//1152
f 801//1153 792//1153 791//1153
f 793//1154 801//1154 796//1154
f 622//1155 799//1155 767//1155
f 798//1156 625//1156 765//1156
f 801//1157 797//1157 792//1157
f 802//1158 798//1158 776//1158
f 799//1159 806//1159 800//1159
f 806//1160 788//1160 800//1160
f 622//1161 807//1161 799//1161
f 807//1162 808//1162 799//1162
f 808//1163 809//1163 799//1163
f 809//1164 806//1164 799//1164
f 810//1165 629//1165 798//1165
f 629//1166 625//1166 798//1166
f 802//1167 804//1167 798//1167
f 804//1168 810//1168 798//1168
f 621//1169 807//1169 622//1169
f 811//1170 805//1170 795//1170
f 797//1171 812//1171 795//1171
f 812//1172 811//1172 795//1172
f 813//1173 198//1173 197//1173
f 794//1174 813//1174 197//1174
f 808//1175 814//1175 788//1175
f 806//1176 809//1176 788//1176
f 809//1176 808//1176 788//1176
f 814//1177 793//1177 788//1177
f 815//1178 816//1178 794//1178
f 816//1179 813//1179 794//1179
f 805//1180 817//1180 794//1180
f 817//1181 815//1181 794//1181
f 801//1182 818//1182 797//1182
f 818//1183 812//1183 797//1183
f 819//1184 810//1184 804//1184
f 803//1185 819//1185 804//1185
f 818//1186 811//1186 812//1186
f 820//1187 817//1187 805//1187
f 821//1188 820//1188 805//1188
f 811//1189 822//1189 805//1189
f 822//1190 821//1190 805//1190
f 814//1191 823//1191 793//1191
f 823//1192 801//1192 793//1192
f 818//1193 822//1193 811//1193
f 786//1194 819//1194 803//1194
f 620//1195 807//1195 621//1195
f 816//1196 198//1196 813//1196
f 815//1197 198//1197 816//1197
f 823//1198 818//1198 801//1198
f 785//1199 824//1199 786//1199
f 824//1200 825//1200 786//1200
f 825//1201 819//1201 786//1201
f 826//1202 821//1202 822//1202
f 818//1203 826//1203 822//1203
f 810//1204 627//1204 629//1204
f 827//1205 828//1205 817//1205
f 829//1206 827//1206 817//1206
f 820//1207 829//1207 817//1207
f 830//1208 831//1208 817//1208
f 828//1209 830//1209 817//1209
f 831//1210 815//1210 817//1210
f 826//1211 820//1211 821//1211
f 832//1212 833//1212 814//1212
f 834//1213 832//1213 814//1213
f 808//1213 835//1213 814//1213
f 835//1214 834//1214 814//1214
f 833//1215 823//1215 814//1215
f 826//1216 829//1216 820//1216
f 199//1217 198//1217 815//1217
f 831//1218 199//1218 815//1218
f 826//1219 827//1219 829//1219
f 830//1220 199//1220 831//1220
f 807//1221 835//1221 808//1221
f 836//1222 199//1222 830//1222
f 828//1223 836//1223 830//1223
f 825//1224 810//1224 819//1224
f 826//1225 837//1225 827//1225
f 837//1226 828//1226 827//1226
f 837//1227 838//1227 828//1227
f 838//1228 836//1228 828//1228
f 833//1229 839//1229 823//1229
f 839//1230 818//1230 823//1230
f 839//1231 826//1231 818//1231
f 824//1232 840//1232 825//1232
f 840//1233 810//1233 825//1233
f 807//1234 834//1234 835//1234
f 838//1235 199//1235 836//1235
f 784//1236 841//1236 785//1236
f 841//1237 824//1237 785//1237
f 841//1238 840//1238 824//1238
f 842//1239 832//1239 834//1239
f 807//1240 842//1240 834//1240
f 620//1241 619//1241 807//1241
f 619//1242 842//1242 807//1242
f 840//1243 843//1243 810//1243
f 843//1244 627//1244 810//1244
f 844//1245 845//1245 842//1245
f 619//1246 618//1246 842//1246
f 618//1247 844//1247 842//1247
f 846//1248 832//1248 842//1248
f 845//1249 847//1249 842//1249
f 847//1250 848//1250 842//1250
f 848//1251 846//1251 842//1251
f 849//1252 850//1252 840//1252
f 850//1253 843//1253 840//1253
f 851//1254 852//1254 840//1254
f 852//1255 853//1255 840//1255
f 853//1256 849//1256 840//1256
f 854//1257 855//1257 840//1257
f 855//1258 856//1258 840//1258
f 856//1259 851//1259 840//1259
f 841//1260 857//1260 840//1260
f 857//1261 854//1261 840//1261
f 783//1262 858//1262 784//1262
f 858//1263 857//1263 784//1263
f 857//1263 841//1263 784//1263
f 848//1264 859//1264 833//1264
f 846//1265 848//1265 833//1265
f 832//1266 846//1266 833//1266
f 859//1267 839//1267 833//1267
f 860//1268 837//1268 826//1268
f 839//1269 860//1269 826//1269
f 859//1270 860//1270 839//1270
f 861//1271 199//1271 838//1271
f 837//1272 861//1272 838//1272
f 862//1272 863//1272 837//1272
f 863//1273 861//1273 837//1273
f 864//1274 862//1274 837//1274
f 860//1275 864//1275 837//1275
f 782//1276 865//1276 783//1276
f 865//1277 858//1277 783//1277
f 863//1278 199//1278 861//1278
f 863//1279 171//1279 199//1279
f 843//243 628//243 627//243
f 858//1280 854//1280 857//1280
f 862//1281 171//1281 863//1281
f 781//1282 866//1282 782//1282
f 866//1283 867//1283 782//1283
f 867//1284 865//1284 782//1284
f 617//1285 844//1285 618//1285
f 850//1286 628//1286 843//1286
f 868//1287 869//1287 617//1287
f 654//1288 868//1288 617//1288
f 869//1289 844//1289 617//1289
f 870//1290 656//1290 628//1290
f 850//1291 870//1291 628//1291
f 708//1292 868//1292 654//1292
f 870//1293 871//1293 656//1293
f 871//1294 716//1294 656//1294
f 715//1295 872//1295 708//1295
f 872//1296 868//1296 708//1296
f 871//1297 873//1297 716//1297
f 873//1298 717//1298 716//1298
f 874//1295 872//1295 715//1295
f 740//1299 874//1299 715//1299
f 873//1300 743//1300 717//1300
f 875//1301 874//1301 740//1301
f 741//1302 875//1302 740//1302
f 873//1300 876//1300 743//1300
f 876//1303 749//1303 743//1303
f 745//1304 875//1304 741//1304
f 877//1305 747//1305 749//1305
f 876//1306 877//1306 749//1306
f 750//1307 878//1307 745//1307
f 878//1308 875//1308 745//1308
f 879//1309 752//1309 747//1309
f 877//1310 879//1310 747//1310
f 880//1311 878//1311 750//1311
f 756//1312 880//1312 750//1312
f 879//1313 753//1313 752//1313
f 759//1314 881//1314 756//1314
f 881//1314 880//1314 756//1314
f 882//1315 757//1315 753//1315
f 879//1316 882//1316 753//1316
f 757//1317 881//1317 759//1317
f 882//1315 883//1315 757//1315
f 883//1317 881//1317 757//1317
f 884//1318 864//1318 860//1318
f 859//1319 884//1319 860//1319
f 847//1320 885//1320 859//1320
f 885//1321 886//1321 859//1321
f 886//1322 884//1322 859//1322
f 848//1323 847//1323 859//1323
f 887//1324 888//1324 869//1324
f 868//1325 887//1325 869//1325
f 889//1326 844//1326 869//1326
f 888//1327 889//1327 869//1327
f 890//1328 871//1328 870//1328
f 891//1329 890//1329 870//1329
f 849//1330 891//1330 870//1330
f 850//1331 849//1331 870//1331
f 872//1332 887//1332 868//1332
f 890//1333 873//1333 871//1333
f 880//1334 892//1334 878//1334
f 892//1335 875//1335 878//1335
f 877//1336 893//1336 879//1336
f 893//1337 882//1337 879//1337
f 881//1338 894//1338 880//1338
f 894//1339 895//1339 880//1339
f 895//1340 892//1340 880//1340
f 896//1341 897//1341 882//1341
f 897//1342 883//1342 882//1342
f 893//1343 896//1343 882//1343
f 883//1344 894//1344 881//1344
f 897//1344 894//1344 883//1344
f 872//1345 898//1345 887//1345
f 898//1346 899//1346 887//1346
f 899//1347 888//1347 887//1347
f 891//1329 900//1329 890//1329
f 900//1348 873//1348 890//1348
f 895//1334 901//1334 892//1334
f 901//1335 875//1335 892//1335
f 877//1349 902//1349 893//1349
f 902//1350 903//1350 893//1350
f 903//1351 896//1351 893//1351
f 904//1352 898//1352 872//1352
f 874//1352 904//1352 872//1352
f 900//1353 905//1353 873//1353
f 905//1354 876//1354 873//1354
f 906//1355 904//1355 874//1355
f 875//1356 906//1356 874//1356
f 905//1354 907//1354 876//1354
f 907//1357 877//1357 876//1357
f 901//1358 906//1358 875//1358
f 907//1357 902//1357 877//1357
f 862//1359 172//1359 171//1359
f 889//1360 845//1360 844//1360
f 862//1361 173//1361 172//1361
f 780//1362 908//1362 781//1362
f 908//1363 866//1363 781//1363
f 909//1364 173//1364 862//1364
f 864//1365 909//1365 862//1365
f 779//1366 910//1366 780//1366
f 910//1367 908//1367 780//1367
f 909//1368 154//1368 173//1368
f 899//1369 911//1369 888//1369
f 912//1370 889//1370 888//1370
f 911//1371 912//1371 888//1371
f 913//1372 900//1372 891//1372
f 853//1373 913//1373 891//1373
f 849//1374 853//1374 891//1374
f 912//1375 914//1375 889//1375
f 914//1376 845//1376 889//1376
f 865//1377 854//1377 858//1377
f 915//1365 909//1365 864//1365
f 916//1378 915//1378 864//1378
f 884//1379 916//1379 864//1379
f 915//1380 147//1380 154//1380
f 909//1381 915//1381 154//1381
f 917//1382 854//1382 865//1382
f 867//1383 917//1383 865//1383
f 918//1384 919//1384 845//1384
f 920//1385 918//1385 845//1385
f 921//1386 920//1386 845//1386
f 914//1387 921//1387 845//1387
f 919//1388 885//1388 845//1389
f 885//1390 847//1390 845//1390
f 917//1391 922//1391 854//1391
f 922//1392 855//1392 854//1392
f 918//1393 923//1393 919//1393
f 923//1394 924//1394 919//1394
f 924//1395 925//1395 919//1395
f 925//1396 926//1396 919//1396
f 926//1397 886//1397 919//1397
f 886//1398 885//1398 919//1398
f 927//1399 922//1399 917//1399
f 928//1400 927//1400 917//1400
f 929//1401 928//1401 917//1401
f 867//1402 866//1402 917//1402
f 866//1403 929//1403 917//1403
f 897//1404 930//1404 894//1404
f 930//1405 895//1405 894//1405
f 896//1406 931//1406 897//1406
f 931//1404 930//1404 897//1404
f 915//1407 146//1407 147//1407
f 932//1408 142//1408 146//1408
f 915//1409 932//1409 146//1409
f 932//1410 140//1410 142//1410
f 933//1411 916//1411 884//1411
f 934//1412 933//1412 884//1412
f 886//1413 935//1413 884//1413
f 935//1414 934//1414 884//1414
f 136//1415 936//1415 779//1415
f 936//1416 937//1416 779//1416
f 937//1417 910//1417 779//1417
f 135//1418 938//1418 136//1418
f 938//1419 936//1419 136//1419
f 932//1420 138//1420 140//1420
f 852//1421 913//1421 853//1421
f 932//1422 139//1422 138//1422
f 932//1423 137//1423 139//1423
f 932//1424 134//1424 137//1424
f 911//1425 914//1425 912//1425
f 938//1426 135//1426 134//1426
f 932//1427 938//1427 134//1427
f 899//1428 939//1428 911//1428
f 939//1429 914//1429 911//1429
f 940//1430 900//1430 913//1430
f 852//1431 940//1431 913//1431
f 898//1432 941//1432 899//1432
f 941//1433 942//1433 899//1433
f 942//1434 939//1434 899//1434
f 940//1430 943//1430 900//1430
f 943//1435 905//1435 900//1435
f 895//1436 944//1436 901//1436
f 944//1437 945//1437 901//1437
f 945//1438 906//1438 901//1438
f 902//1439 946//1439 903//1439
f 946//1440 947//1440 903//1440
f 947//1441 896//1441 903//1441
f 930//1442 948//1442 895//1442
f 948//1443 944//1443 895//1443
f 947//1441 949//1441 896//1441
f 949//1444 950//1444 896//1444
f 950//1445 931//1445 896//1445
f 931//1446 948//1446 930//1446
f 950//1446 948//1446 931//1446
f 951//1447 941//1447 898//1447
f 904//1447 951//1447 898//1447
f 943//1448 952//1448 905//1448
f 952//1449 907//1449 905//1449
f 953//1450 951//1450 904//1450
f 906//1450 953//1450 904//1450
f 952//1449 954//1449 907//1449
f 954//1451 902//1451 907//1451
f 945//1452 953//1452 906//1452
f 954//1451 946//1451 902//1451
f 916//1453 932//1453 915//1453
f 955//1454 956//1454 938//1454
f 957//1455 955//1455 938//1455
f 932//1455 957//1455 938//1455
f 956//1456 936//1456 938//1456
f 916//1457 957//1457 932//1457
f 933//1458 958//1458 916//1458
f 958//1459 955//1459 916//1459
f 955//1457 957//1457 916//1457
f 942//1460 959//1460 939//1460
f 959//1461 914//1461 939//1461
f 950//1462 960//1462 948//1462
f 960//1463 944//1463 948//1463
f 949//1464 961//1464 950//1464
f 961//1462 960//1462 950//1462
f 926//1465 935//1465 886//1465
f 962//1466 943//1466 940//1466
f 852//1467 962//1467 940//1467
f 959//1468 921//1468 914//1468
f 908//1469 929//1469 866//1469
f 963//1470 962//1470 852//1470
f 851//1471 963//1471 852//1471
f 926//1472 934//1472 935//1472
f 910//1473 929//1473 908//1473
f 964//1474 962//1474 963//1474
f 851//1475 964//1475 963//1475
f 959//1476 965//1476 921//1476
f 965//1477 920//1477 921//1477
f 937//1478 929//1478 910//1478
f 926//1479 933//1479 934//1479
f 925//1480 966//1480 926//1480
f 966//1481 967//1481 926//1481
f 967//1482 933//1482 926//1482
f 968//1483 928//1483 929//1483
f 937//1484 968//1484 929//1484
f 966//1485 969//1485 967//1485
f 969//1486 970//1486 967//1486
f 970//1487 971//1487 967//1487
f 958//1488 933//1488 967//1488
f 971//1489 958//1489 967//1489
f 972//1490 973//1490 968//1490
f 973//1491 974//1491 968//1491
f 974//1492 928//1492 968//1492
f 936//1493 972//1493 968//1493
f 937//1494 936//1494 968//1494
f 942//1495 965//1495 959//1495
f 964//1496 943//1496 962//1496
f 941//1497 975//1497 942//1497
f 975//1498 976//1498 942//1498
f 976//1499 965//1499 942//1499
f 964//1500 977//1500 943//1500
f 977//1501 952//1501 943//1501
f 944//1502 978//1502 945//1502
f 978//1503 953//1503 945//1503
f 946//1504 979//1504 947//1504
f 979//1505 980//1505 947//1505
f 980//1506 949//1506 947//1506
f 981//1507 982//1507 944//1507
f 960//1508 981//1508 944//1508
f 982//1509 978//1509 944//1509
f 983//1510 961//1510 949//1510
f 984//1511 983//1511 949//1511
f 980//1512 984//1512 949//1512
f 961//1513 981//1513 960//1513
f 983//1513 981//1513 961//1513
f 985//1514 975//1514 941//1514
f 951//1514 985//1514 941//1514
f 977//1515 986//1515 952//1515
f 986//1516 954//1516 952//1516
f 987//1517 985//1517 951//1517
f 953//1517 987//1517 951//1517
f 986//1516 988//1516 954//1516
f 988//1518 946//1518 954//1518
f 978//1519 987//1519 953//1519
f 988//1518 979//1518 946//1518
f 983//1513 989//1513 981//1513
f 989//1513 990//1513 981//1513
f 990//1507 982//1507 981//1507
f 984//1511 989//1511 983//1511
f 976//1520 991//1520 965//1520
f 992//1521 920//1521 965//1521
f 991//1522 992//1522 965//1522
f 993//1523 977//1523 964//1523
f 855//1524 993//1524 964//1524
f 856//1525 855//1525 964//1525
f 851//1525 856//1525 964//1525
f 971//1526 956//1526 955//1526
f 958//1527 971//1527 955//1527
f 992//1528 918//1528 920//1528
f 956//1529 972//1529 936//1529
f 991//1530 918//1530 992//1530
f 975//1531 994//1531 976//1531
f 994//1495 991//1495 976//1495
f 993//1532 995//1532 977//1532
f 995//1533 996//1533 977//1533
f 996//1534 986//1534 977//1534
f 982//1502 997//1502 978//1502
f 997//1535 998//1535 978//1535
f 998//1536 987//1536 978//1536
f 979//1537 999//1537 980//1537
f 999//1506 984//1506 980//1506
f 1000//1538 994//1538 975//1538
f 1001//1539 1000//1539 975//1539
f 985//1540 1001//1540 975//1541
f 996//1542 1002//1542 986//1542
f 1002//1543 988//1543 986//1543
f 1003//1544 1004//1544 985//1544
f 1004//1545 1001//1545 985//1545
f 987//1546 1003//1546 985//1546
f 1002//1547 1005//1547 988//1547
f 1005//1547 1006//1547 988//1547
f 1006//1548 979//1548 988//1549
f 998//1550 1003//1550 987//1550
f 1007//1551 999//1551 979//1551
f 1006//1551 1007//1551 979//1551
f 972//1044 956//1044 971//1044
f 970//1044 972//1044 971//1044
f 1000//1044 972//1044 970//1044
f 969//1044 1000//1044 970//1044
f 1000//1044 1001//1044 972//1044
f 1001//1044 1004//1044 972//1044
f 1004//1044 973//1044 972//1044
f 1004//1044 996//1044 973//1044
f 996//1044 974//1044 973//1044
f 966//1044 1000//1044 969//1044
f 996//1044 928//1044 974//1044
f 996//1044 927//1044 928//1044
f 925//1044 1000//1044 966//1044
f 924//1044 1000//1044 925//1044
f 996//1044 922//1044 927//1044
f 923//1044 1000//1044 924//1044
f 918//1044 1000//1044 923//1044
f 996//1044 993//1044 922//1044
f 993//1044 855//1044 922//1044
f 991//1044 1000//1044 918//1044
f 994//1044 1000//1044 991//1044
f 996//1044 995//1044 993//1044
f 1004//1044 1003//1044 996//1044
f 1003//1552 998//1552 996//1552
f 998//1044 1002//1044 996//1044
f 998//1044 1005//1044 1002//1044
f 998//1044 1006//1044 1005//1044
f 998//1044 1007//1044 1006//1044
f 989//1044 999//1044 1007//1044
f 990//1044 989//1044 1007//1044
f 998//1044 990//1044 1007//1044
f 997//1044 990//1044 998//1044
f 982//1044 990//1044 997//1044
f 989//1044 984//1044 999//1044
