# Blender 4.5.0
# www.blender.org
mtllib rl_dg_5_1.mtl
o rl_dg_5_1_c
v -0.011200 -0.017500 -0.007700
v -0.011200 -0.014000 0.009850
v -0.011200 -0.014000 -0.007700
v -0.009500 -0.014000 -0.007700
v -0.010934 -0.014000 -0.009039
v -0.009500 -0.014000 0.007700
v -0.011200 -0.017500 0.007800
v 0.011200 -0.017500 -0.007700
v -0.007700 -0.017500 -0.011200
v -0.010175 -0.017500 -0.010175
v -0.010934 -0.017500 -0.009039
v -0.011200 -0.017450 0.013300
v -0.011200 -0.016127 0.013040
v -0.011200 -0.014260 0.011173
v -0.011200 -0.022000 0.013300
v -0.011200 -0.034000 0.007800
v -0.000250 -0.033567 0.007800
v -0.000433 -0.033750 0.007800
v 0.011200 -0.017500 0.007800
v 0.000250 -0.033567 0.007800
v 0.000000 -0.033500 0.007800
v -0.011200 -0.022000 0.017700
v -0.011200 -0.034000 0.017700
v -0.011082 -0.034903 0.017700
v -0.010934 -0.035339 0.007800
v -0.010175 -0.036475 0.007800
v -0.000500 -0.034000 0.007800
v -0.009284 -0.014000 0.008911
v -0.008762 -0.014000 0.009850
v -0.011200 -0.015000 0.012300
v 0.011200 -0.014260 0.011173
v 0.008762 -0.014000 0.009850
v 0.011200 -0.015000 0.012300
v 0.011200 -0.016127 0.013040
v -0.010934 -0.020661 0.013300
v -0.010175 -0.019525 0.013300
v -0.009039 -0.018766 0.013300
v -0.007700 -0.018500 0.013300
v 0.011200 -0.017450 0.013300
v -0.011082 -0.021097 0.017700
v -0.011200 -0.035242 0.029961
v -0.011200 -0.035019 0.030196
v -0.011200 -0.034733 0.030348
v -0.011200 -0.034414 0.030400
v -0.011200 -0.021358 0.017759
v -0.011200 -0.034770 0.017784
v -0.011200 -0.021586 0.030400
v -0.011200 -0.021059 0.017845
v -0.011200 -0.034938 0.017836
v -0.011200 -0.035533 0.018021
v -0.010888 -0.035318 0.017700
v -0.011200 -0.020517 0.018001
v -0.010888 -0.020682 0.017700
v -0.011200 -0.019546 0.018478
v -0.010568 -0.019993 0.017700
v -0.011200 -0.036453 0.018478
v -0.010568 -0.036007 0.017700
v -0.011200 -0.036500 0.018501
v -0.011200 -0.019500 0.026870
v -0.011200 -0.019500 0.018501
v -0.010137 -0.019563 0.017700
v -0.011135 -0.019162 0.018657
v -0.011116 -0.019167 0.026870
v -0.011200 -0.036500 0.026870
v -0.011134 -0.036845 0.018660
v -0.010137 -0.036437 0.017700
v -0.011200 -0.019574 0.027409
v -0.011200 -0.035938 0.028733
v -0.011200 -0.036426 0.027409
v -0.011114 -0.036840 0.026870
v -0.011200 -0.020062 0.028733
v -0.011080 -0.019117 0.027537
v -0.011080 -0.036367 0.028933
v -0.011080 -0.036883 0.027537
v -0.011200 -0.020758 0.029961
v -0.011200 -0.020981 0.030196
v -0.011080 -0.019633 0.028933
v -0.011080 -0.020366 0.030228
v -0.011080 -0.020694 0.030574
v -0.011080 -0.035634 0.030228
v -0.011200 -0.021267 0.030348
v -0.011080 -0.021115 0.030797
v -0.011080 -0.035306 0.030574
v -0.011080 -0.021586 0.030874
v -0.011080 -0.034885 0.030797
v -0.011080 -0.034414 0.030874
v -0.011130 -0.019132 0.018671
v -0.011130 -0.036866 0.018670
v -0.011080 -0.036974 0.026870
v -0.010938 -0.037175 0.018735
v -0.010907 -0.018801 0.018731
v -0.010936 -0.018823 0.018735
v -0.011080 -0.019026 0.026870
v -0.010890 -0.018815 0.026870
v -0.010887 -0.037188 0.026870
v -0.010760 -0.019311 0.029082
v -0.010760 -0.018776 0.027633
v -0.010760 -0.037224 0.027633
v -0.010760 -0.020072 0.030426
v -0.010760 -0.036689 0.029082
v -0.010760 -0.020479 0.030856
v -0.010760 -0.035928 0.030426
v -0.010760 -0.021002 0.031133
v -0.010760 -0.035521 0.030856
v -0.011061 -0.021586 0.030896
v -0.010760 -0.034998 0.031133
v -0.011061 -0.034414 0.030896
v -0.010760 -0.021586 0.031229
v -0.010760 -0.034414 0.031229
v -0.010903 -0.037201 0.018730
v -0.009284 -0.014000 -0.008911
v -0.010175 -0.014000 -0.010175
v -0.010647 -0.018605 0.018695
v -0.010760 -0.018671 0.026870
v -0.010649 -0.037394 0.018695
v -0.010760 -0.037329 0.026870
v -0.010542 -0.037426 0.018654
v -0.010538 -0.018588 0.026870
v -0.010536 -0.037412 0.026870
v -0.010322 -0.019163 0.029151
v -0.010322 -0.018618 0.027677
v -0.010322 -0.037382 0.027677
v -0.010322 -0.019937 0.030518
v -0.010322 -0.036837 0.029151
v -0.010322 -0.020380 0.030986
v -0.010322 -0.036063 0.030518
v -0.010322 -0.020950 0.031288
v -0.010322 -0.035620 0.030986
v -0.010695 -0.021586 0.031253
v -0.010322 -0.035050 0.031288
v -0.010695 -0.034414 0.031253
v -0.010322 -0.021586 0.031393
v -0.010322 -0.034414 0.031393
v -0.010544 -0.018575 0.018654
v -0.010311 -0.018506 0.018562
v -0.010322 -0.018507 0.026870
v -0.010333 -0.037491 0.018572
v -0.010322 -0.037493 0.026870
v -0.010200 -0.037500 0.018501
v -0.010200 -0.037500 0.026870
v -0.010200 -0.018500 0.026870
v -0.010200 -0.018611 0.027679
v -0.010200 -0.019156 0.029154
v -0.010200 -0.037389 0.027679
v -0.010200 -0.019931 0.030523
v -0.010200 -0.036844 0.029154
v -0.010200 -0.020376 0.030992
v -0.010200 -0.036069 0.030523
v -0.010200 -0.020947 0.031295
v -0.010200 -0.020662 0.031144
v -0.010200 -0.035624 0.030992
v -0.010200 -0.035338 0.031144
v -0.010200 -0.021586 0.031400
v -0.010200 -0.035053 0.031295
v -0.010200 -0.034414 0.031400
v -0.010200 -0.018500 0.018501
v -0.009707 -0.019132 0.017700
v -0.010154 -0.018500 0.018478
v -0.010153 -0.037500 0.018478
v -0.005100 -0.037500 0.026870
v -0.005100 -0.018500 0.026870
v -0.005558 -0.018611 0.027679
v -0.005500 -0.018584 0.027573
v -0.005444 -0.018572 0.027474
v -0.005442 -0.037424 0.027472
v -0.005208 -0.037494 0.027057
v -0.006032 -0.019159 0.029152
v -0.006031 -0.019155 0.029144
v -0.006023 -0.019115 0.029065
v -0.005807 -0.018793 0.028258
v -0.005805 -0.018791 0.028254
v -0.005558 -0.037389 0.027679
v -0.005802 -0.037201 0.028266
v -0.005842 -0.037170 0.028362
v -0.006100 -0.019931 0.030523
v -0.006100 -0.019500 0.029826
v -0.006032 -0.036863 0.029112
v -0.006035 -0.036845 0.029148
v -0.006100 -0.036500 0.029826
v -0.006036 -0.036843 0.029153
v -0.006100 -0.036069 0.030523
v -0.006100 -0.020649 0.031167
v -0.006100 -0.035351 0.031167
v -0.006100 -0.021586 0.031400
v -0.006100 -0.034414 0.031400
v -0.008475 -0.014000 -0.010175
v -0.009039 -0.014000 -0.010934
v -0.009039 -0.017500 -0.010934
v -0.009707 -0.036868 0.017700
v -0.009039 -0.037234 0.007800
v -0.009173 -0.018500 0.017997
v -0.009201 -0.037500 0.018008
v -0.009018 -0.018812 0.017700
v -0.009018 -0.037188 0.017700
v -0.009500 -0.011000 -0.006782
v -0.009500 -0.011000 -0.007700
v -0.009284 -0.011000 -0.008911
v -0.005906 -0.011000 -0.006976
v -0.009493 -0.010882 -0.006769
v -0.009244 -0.011000 -0.006420
v -0.009500 -0.011000 0.006782
v -0.009500 -0.010300 0.007700
v -0.009500 -0.010300 0.006782
v -0.009214 -0.010300 0.006388
v -0.009358 -0.010486 0.006561
v -0.009426 -0.010658 0.006665
v -0.009476 -0.010785 0.006741
v -0.009284 -0.010300 0.008911
v -0.006278 -0.010300 0.006396
v -0.009426 -0.010657 -0.006662
v -0.009242 -0.010339 -0.006422
v -0.009396 -0.010555 -0.006613
v -0.009192 -0.011000 -0.009136
v -0.005761 -0.011000 -0.007963
v -0.008800 -0.011000 -0.009452
v -0.009192 -0.010518 0.009136
v -0.009192 -0.010300 0.009136
v -0.009145 -0.010300 0.009183
v -0.009070 -0.010491 0.009380
v -0.008415 -0.011000 -0.005864
v -0.007421 -0.011000 -0.005777
v -0.009212 -0.010298 -0.006385
v -0.008896 -0.010300 0.006111
v -0.009206 -0.010294 0.006380
v -0.009206 -0.010294 -0.006380
v -0.008879 -0.010074 -0.006099
v -0.008895 -0.010085 0.006112
v -0.008638 -0.037500 0.017836
v -0.009192 -0.010518 -0.009136
v -0.009191 -0.010496 0.009137
v -0.009160 -0.010338 -0.009168
v -0.008815 -0.010432 -0.009779
v -0.008640 -0.018500 0.017843
v -0.009072 -0.010191 -0.009246
v -0.008642 -0.010080 -0.009918
v -0.009100 -0.010209 0.009226
v -0.008814 -0.010300 0.009443
v -0.009086 -0.010193 0.009236
v -0.008812 -0.009886 0.009440
v -0.008642 -0.010080 0.009918
v -0.008989 -0.010053 -0.009320
v -0.008633 -0.010387 0.010003
v -0.007700 -0.014000 -0.011200
v -0.008602 -0.037382 0.017700
v -0.007700 -0.037500 0.007800
v -0.008602 -0.018618 0.017700
v -0.008793 -0.009882 -0.009440
v -0.008500 -0.010000 0.005896
v -0.008521 -0.010000 0.005905
v -0.008845 -0.010068 0.006081
v -0.008882 -0.010076 0.006101
v -0.008011 -0.010000 0.005767
v -0.008011 -0.010300 0.005767
v -0.008845 -0.010068 -0.006081
v -0.008500 -0.010000 -0.005896
v -0.008621 -0.010383 -0.009992
v -0.007914 -0.010300 0.009743
v -0.008781 -0.009851 0.009462
v -0.007847 -0.011000 -0.009748
v -0.008759 -0.009852 -0.009461
v -0.008566 -0.009790 -0.009763
v -0.008772 -0.009841 0.009469
v -0.008566 -0.009790 0.009763
v -0.008455 -0.009629 0.009607
v -0.006000 -0.014000 0.011200
v -0.008475 -0.014000 0.010175
v 0.006000 -0.014000 0.011200
v -0.008626 -0.010385 0.010014
v -0.008592 -0.009705 -0.009564
v -0.008464 -0.010343 0.010163
v -0.007911 -0.009867 0.010569
v -0.007906 -0.009578 0.010371
v -0.007842 -0.010171 -0.010661
v -0.008324 -0.010308 -0.010317
v -0.008463 -0.010343 -0.010164
v -0.007907 -0.009578 -0.010370
v -0.007911 -0.009868 -0.010569
v -0.008362 -0.018500 0.017762
v -0.008463 -0.037500 0.017782
v -0.007700 -0.018500 0.017700
v -0.007700 -0.037500 0.017700
v -0.008456 -0.009627 -0.009607
v -0.008321 -0.009539 0.009665
v -0.008309 -0.009542 -0.009654
v -0.008415 -0.010000 -0.005864
v -0.007211 -0.014000 -0.010984
v -0.007211 -0.014000 0.010984
v -0.008087 -0.010243 0.010510
v -0.007421 -0.010000 -0.005777
v -0.008309 -0.009531 0.009670
v -0.007830 -0.009362 0.010105
v -0.007912 -0.009343 0.009732
v -0.008104 -0.009425 -0.009719
v -0.007830 -0.009362 -0.010105
v -0.007847 -0.009311 -0.009745
v -0.007840 -0.010169 0.010655
v -0.007067 -0.010000 0.005870
v -0.007067 -0.010300 0.005870
v -0.007802 -0.009291 0.009749
v -0.006976 -0.010300 0.009594
v -0.007721 -0.010137 -0.010748
v -0.007065 -0.009573 -0.010973
v -0.007206 -0.009971 -0.010970
v -0.007065 -0.009573 0.010973
v -0.007159 -0.009077 -0.010441
v -0.007145 -0.009283 -0.010752
v -0.007145 -0.009283 0.010752
v -0.007159 -0.009076 0.010441
v -0.007802 -0.009291 -0.009749
v -0.006870 -0.011000 -0.009546
v -0.007695 -0.009244 -0.009807
v -0.007440 -0.010050 0.010890
v -0.007694 -0.009244 0.009807
v -0.007167 -0.009012 0.010090
v -0.007451 -0.009144 0.009728
v -0.007238 -0.009046 -0.009683
v -0.006000 -0.014000 -0.011200
v 0.007700 -0.017500 -0.011200
v 0.007700 -0.037500 0.007800
v 0.007700 -0.037500 0.017700
v -0.000433 -0.034250 0.007800
v -0.000250 -0.034433 0.007800
v 0.000000 -0.034500 0.007800
v 0.007700 -0.018500 0.013300
v 0.006100 -0.037500 0.028553
v -0.007167 -0.009012 -0.010090
v -0.006979 -0.008917 0.009584
v -0.007206 -0.009970 0.010967
v -0.006509 -0.011000 -0.006181
v -0.006509 -0.010000 -0.006181
v -0.006274 -0.010000 0.006400
v -0.006278 -0.010000 0.006396
v -0.006877 -0.008863 -0.009530
v -0.007111 -0.008983 -0.010099
v -0.006937 -0.009879 0.011056
v -0.007042 -0.009918 -0.011041
v -0.007110 -0.008983 0.010099
v -0.006500 -0.008660 -0.010200
v -0.006496 -0.008667 -0.010322
v -0.006452 -0.008743 -0.010558
v -0.006414 -0.008809 -0.010760
v -0.006440 -0.008764 0.010674
v -0.006454 -0.008739 0.010563
v -0.006556 -0.008690 0.010191
v -0.006237 -0.009115 -0.011080
v -0.006344 -0.008930 -0.010887
v -0.006343 -0.008932 0.010888
v -0.006280 -0.009042 0.011029
v -0.006898 -0.008878 0.009560
v -0.006306 -0.009649 -0.011187
v -0.006940 -0.009881 -0.011061
v -0.006181 -0.009212 -0.011108
v -0.006742 -0.009813 0.011120
v -0.006179 -0.009216 0.011104
v -0.006213 -0.010300 0.009030
v -0.005796 -0.010300 0.008177
v -0.006556 -0.008689 0.009334
v -0.006712 -0.008779 -0.009459
v -0.006112 -0.011000 -0.008898
v -0.006000 -0.009526 0.011200
v -0.006061 -0.009421 0.011193
v -0.006369 -0.008580 -0.009176
v -0.006372 -0.008576 -0.010200
v -0.006422 -0.008615 0.009245
v -0.006500 -0.008660 0.010200
v -0.005906 -0.010000 -0.006976
v -0.005389 -0.007915 0.010200
v -0.006490 0.000362 0.010200
v -0.006451 0.000709 0.009271
v -0.006500 0.000027 0.009311
v -0.006398 -0.001147 0.010200
v -0.006455 -0.000767 0.009274
v -0.006172 0.000509 0.008978
v -0.005475 -0.007990 -0.010322
v -0.006481 0.000362 0.010330
v -0.006430 0.000704 0.010200
v -0.006390 -0.001145 0.010330
v -0.006231 0.001851 0.010200
v -0.006224 -0.001115 0.010767
v -0.006223 0.001849 0.010330
v -0.006314 0.000352 0.010767
v -0.006327 -0.001382 0.010200
v -0.006340 -0.001387 0.009166
v -0.005316 -0.008010 0.010674
v -0.005376 -0.008121 -0.010760
v -0.006437 0.000903 0.009259
v -0.006275 0.001695 0.009101
v -0.006227 -0.008494 0.009017
v -0.005952 -0.002590 0.010330
v -0.005798 -0.002523 0.010767
v -0.005479 -0.007984 -0.010200
v -0.006269 -0.008523 -0.009094
v -0.005163 -0.008404 -0.011080
v -0.005120 -0.008264 0.011029
v -0.006303 -0.001588 0.009131
v -0.005960 -0.002593 0.010200
v -0.005872 -0.001052 0.011085
v -0.005957 0.000332 0.011085
v -0.006062 0.001801 0.010767
v -0.006000 -0.009526 -0.011200
v -0.006096 -0.002255 0.008875
v -0.005819 -0.010300 0.007228
v -0.006079 0.002302 0.008849
v -0.006073 0.002316 0.006659
v -0.005897 0.002734 0.006400
v -0.006274 0.001698 0.006400
v -0.002571 0.000975 0.006400
v -0.002730 -0.000331 0.006400
v -0.006274 -0.001698 0.006400
v -0.005575 -0.003343 0.006400
v -0.006235 -0.001837 0.006444
v -0.005891 -0.000009 0.007012
v -0.005959 -0.008325 0.006859
v -0.006274 -0.008526 0.006400
v -0.005389 -0.007915 0.006400
v -0.005102 -0.007565 0.006400
v 0.000000 -0.002750 0.006400
v 0.006274 -0.010000 0.006400
v -0.001278 -0.002435 0.006400
v 0.007421 -0.010000 -0.005777
v 0.005906 -0.010000 -0.006976
v 0.006509 -0.010000 -0.006181
v -0.006127 -0.008432 -0.008887
v -0.004858 -0.007453 -0.010200
v -0.006040 -0.002403 0.006713
v -0.005859 0.002718 0.010200
v -0.006064 -0.008393 0.008825
v -0.005471 -0.002380 0.011085
v -0.005627 0.003236 0.010330
v -0.004877 -0.008783 -0.011200
v -0.004852 -0.008611 0.011193
v -0.006036 -0.002403 0.008766
v -0.006035 0.002406 0.008767
v -0.005966 -0.008329 -0.008653
v -0.006100 -0.019500 0.038100
v -0.006100 -0.036526 0.038100
v -0.006100 -0.036500 0.038100
v -0.006018 -0.036841 0.038100
v -0.006100 -0.025429 0.037125
v -0.006100 -0.026176 0.036042
v -0.006100 -0.028000 0.035350
v -0.006100 -0.027342 0.035430
v -0.006100 -0.028658 0.035430
v -0.006100 -0.029824 0.036042
v 0.007100 -0.027342 0.035430
v 0.007100 -0.028658 0.035430
v 0.007100 -0.029824 0.036042
v 0.007100 -0.026176 0.036042
v -0.006100 -0.030571 0.037125
v 0.007100 -0.030571 0.037125
v -0.006100 -0.025270 0.038431
v 0.007100 -0.025429 0.037125
v -0.006100 -0.030730 0.038431
v 0.007100 -0.030730 0.038431
v -0.006100 -0.019474 0.038100
v -0.006100 -0.019528 0.038792
v -0.006100 -0.036296 0.039753
v -0.006100 -0.036362 0.039763
v -0.006100 -0.019904 0.040688
v -0.006100 -0.019717 0.039748
v -0.006100 -0.025737 0.039662
v -0.006100 -0.020727 0.042499
v -0.006100 -0.020196 0.041331
v 0.007100 -0.025270 0.038431
v -0.006100 -0.036245 0.040167
v -0.006100 -0.030263 0.039662
v 0.007100 -0.030263 0.039662
v -0.006100 -0.019511 0.038899
v -0.006100 -0.026722 0.040535
v -0.006100 -0.021990 0.044110
v -0.006100 -0.020962 0.042799
v 0.007100 -0.025737 0.039662
v -0.006100 -0.035569 0.041968
v -0.006100 -0.035014 0.042786
v -0.006100 -0.034385 0.043711
v -0.006100 -0.033978 0.044074
v -0.006100 -0.032850 0.045081
v -0.006100 -0.032714 0.045153
v -0.006100 -0.029278 0.040535
v -0.006100 -0.035806 0.041335
v 0.007100 -0.029278 0.040535
v -0.006100 -0.019832 0.040546
v -0.006100 -0.019638 0.039763
v -0.006100 -0.036168 0.040546
v -0.006100 -0.028000 0.040850
v -0.006100 -0.025068 0.046078
v -0.006100 -0.024761 0.045924
v -0.006100 -0.023351 0.045216
v -0.006100 -0.023283 0.045161
v 0.007100 -0.026722 0.040535
v -0.006100 -0.031071 0.046026
v -0.006100 -0.031243 0.045934
v 0.007100 -0.028000 0.040850
v -0.006100 -0.020123 0.041363
v -0.006100 -0.029203 0.046515
v -0.006100 -0.027999 0.046540
v -0.006100 -0.027150 0.046557
v -0.006100 -0.026356 0.046375
v -0.006100 -0.029648 0.046398
v -0.006100 -0.020469 0.042097
v -0.006100 -0.035877 0.041363
v -0.006100 -0.035531 0.042097
v -0.006100 -0.020911 0.042837
v -0.006100 -0.034603 0.043494
v -0.006100 -0.035089 0.042837
v -0.006100 -0.034029 0.044129
v -0.006100 -0.021971 0.044129
v -0.006100 -0.032737 0.045189
v -0.006100 -0.031263 0.045977
v -0.006100 -0.023263 0.045189
v -0.006100 -0.024737 0.045977
v -0.006100 -0.029663 0.046462
v -0.006100 -0.025519 0.046257
v -0.006100 -0.026337 0.046462
v -0.006100 -0.027162 0.046585
v -0.006100 -0.028838 0.046585
v -0.006100 -0.028000 0.046626
v -0.006018 -0.019159 0.038100
v -0.005985 -0.019207 0.039849
v -0.005985 -0.019035 0.038100
v -0.005985 -0.036793 0.039849
v -0.005985 -0.019717 0.041531
v -0.005985 -0.036283 0.041531
v -0.005985 -0.020545 0.043081
v -0.005985 -0.021660 0.044439
v -0.005985 -0.035454 0.043081
v -0.005985 -0.023019 0.045554
v -0.005985 -0.034339 0.044439
v -0.005985 -0.024569 0.046383
v -0.005985 -0.032981 0.045554
v -0.005985 -0.031431 0.046383
v -0.005985 -0.026251 0.046893
v -0.005985 -0.029749 0.046893
v -0.005985 -0.028000 0.047065
v -0.005899 0.002730 0.006992
v -0.005844 -0.008247 0.008358
v -0.005482 0.003153 0.010767
v -0.005719 0.001699 0.011085
v -0.005375 -0.009137 0.011200
v -0.005888 -0.002752 0.007027
v -0.005926 -0.002670 0.008571
v -0.005537 -0.003321 0.010200
v -0.005804 -0.000134 0.008210
v -0.005985 -0.036965 0.038100
v -0.005905 0.002716 0.008522
v -0.005787 -0.037189 0.038100
v -0.005787 -0.018811 0.038100
v 0.006000 -0.014000 -0.011200
v 0.004395 -0.008239 0.011200
v 0.004205 -0.008006 0.011200
v 0.004778 -0.008707 0.011200
v 0.006000 -0.009526 0.011200
v 0.005375 -0.009137 0.011200
v -0.004778 -0.008707 0.011200
v -0.005668 -0.019386 0.041668
v -0.005668 -0.018856 0.039919
v -0.005668 -0.037144 0.039919
v -0.005668 -0.020248 0.043280
v -0.005668 -0.036614 0.041668
v -0.005668 -0.021407 0.044693
v -0.005668 -0.035752 0.043280
v -0.005668 -0.022820 0.045852
v -0.005668 -0.034593 0.044693
v -0.005668 -0.024432 0.046714
v -0.005668 -0.033180 0.045852
v -0.005668 -0.026181 0.047244
v -0.005668 -0.031568 0.046714
v -0.005668 -0.028000 0.047423
v -0.005668 -0.029819 0.047244
v -0.005789 -0.008209 -0.008142
v -0.005833 -0.008239 0.007232
v -0.005516 -0.000346 0.011200
v -0.005518 0.000308 0.011200
v -0.005446 0.000942 0.011200
v -0.005193 -0.003895 0.010330
v -0.005090 -0.003817 0.010667
v -0.005798 -0.002938 0.008186
v -0.005801 -0.010000 -0.007300
v -0.005897 0.002734 0.008495
v -0.005897 0.002734 0.006999
v -0.004716 0.004473 0.006400
v -0.001824 0.002058 0.006400
v -0.005889 0.002751 0.007027
v -0.005792 0.002950 0.008158
v -0.005786 0.002962 0.007373
v -0.005876 -0.002778 0.007050
v -0.005769 0.000111 0.007475
v -0.005780 -0.002973 0.007404
v -0.005285 -0.001615 0.011200
v -0.005440 -0.000975 0.011200
v -0.005635 0.003241 0.010200
v -0.005809 -0.008223 0.008174
v -0.005787 -0.008207 0.007368
v -0.005755 -0.008185 0.007891
v -0.005668 -0.018677 0.038100
v -0.005765 -0.003002 0.007913
v -0.005766 0.003001 0.007913
v -0.005668 -0.037323 0.038100
v -0.005754 -0.008184 -0.007621
v -0.005801 -0.008217 -0.007300
v -0.004847 -0.007466 -0.007300
v 0.005801 -0.010000 -0.007300
v 0.001278 -0.002435 -0.007300
v 0.000000 -0.002750 -0.007300
v -0.001278 -0.002435 -0.007300
v -0.003722 -0.006285 -0.007300
v -0.005059 -0.003794 0.010767
v -0.004837 -0.003628 0.011014
v -0.004734 0.004454 0.010200
v -0.004715 0.004471 0.010200
v -0.005777 -0.008200 -0.007962
v -0.005750 0.003031 0.007769
v -0.005750 -0.003030 0.007791
v -0.005172 0.002974 0.011085
v -0.005298 0.001574 0.011200
v -0.005436 -0.018588 0.038100
v -0.005436 -0.037412 0.038100
v -0.005230 -0.018691 0.039952
v -0.005230 -0.019231 0.041732
v -0.005230 -0.037309 0.039952
v -0.005230 -0.020108 0.043373
v -0.005230 -0.036769 0.041732
v -0.005230 -0.021289 0.044811
v -0.005230 -0.035892 0.043373
v -0.005230 -0.022727 0.045992
v -0.005230 -0.034711 0.044811
v -0.005230 -0.024368 0.046869
v -0.005230 -0.033273 0.045992
v -0.005230 -0.026148 0.047409
v -0.005230 -0.031632 0.046869
v -0.005230 -0.028000 0.047591
v -0.005230 -0.029852 0.047409
v -0.004728 0.004449 0.010330
v -0.005200 -0.003900 0.006400
v -0.002263 -0.001562 0.006400
v -0.005200 -0.003900 0.010200
v -0.005470 0.000304 0.011200
v -0.005500 0.000000 0.011200
v -0.005354 -0.000961 0.011200
v 0.004400 -0.003300 0.011200
v 0.004103 -0.003868 0.011200
v -0.004605 0.004333 0.010767
v -0.004543 -0.007194 -0.010322
v -0.004430 -0.007312 -0.010760
v -0.004767 -0.002797 0.011200
v -0.005068 -0.002205 0.011200
v -0.004773 -0.003580 0.011085
v -0.005397 0.001062 0.011200
v -0.005230 -0.037491 0.038100
v -0.005253 -0.001629 0.011200
v -0.005230 -0.018508 0.038100
v -0.005225 0.001550 0.011200
v -0.005180 -0.007696 0.010200
v -0.004183 -0.007567 -0.011080
v -0.005081 -0.007764 0.010674
v -0.004872 0.002553 0.011200
v -0.004791 0.002755 0.011200
v -0.004996 -0.002172 0.011200
v -0.005100 -0.018500 0.038100
v -0.005100 -0.018683 0.039953
v -0.005100 -0.037500 0.038100
v -0.005100 -0.018863 0.040547
v -0.005100 -0.037317 0.039953
v -0.005100 -0.037137 0.040547
v -0.005100 -0.019809 0.042831
v -0.005100 -0.019223 0.041735
v -0.005100 -0.036777 0.041735
v -0.005100 -0.036191 0.042831
v -0.005100 -0.021282 0.044817
v -0.005100 -0.020101 0.043378
v -0.005100 -0.035899 0.043378
v -0.005100 -0.022722 0.045999
v -0.005100 -0.034718 0.044817
v -0.005100 -0.023269 0.046291
v -0.005100 -0.033278 0.045999
v -0.005100 -0.032731 0.046291
v -0.005100 -0.025553 0.047237
v -0.005100 -0.024364 0.046877
v -0.005100 -0.031635 0.046877
v -0.005100 -0.030447 0.047237
v -0.005100 -0.026147 0.047417
v -0.005100 -0.028000 0.047600
v -0.005100 -0.029853 0.047417
v 0.005005 -0.002174 0.011200
v 0.005180 -0.001849 0.011200
v 0.005361 -0.000959 0.011200
v 0.005491 -0.000321 0.011200
v 0.005263 0.001565 0.011200
v 0.005500 0.000000 0.011200
v 0.005454 0.000301 0.011200
v -0.005051 -0.004184 0.006400
v -0.005051 -0.004184 0.010200
v -0.005113 -0.007560 0.010200
v -0.004345 0.004088 0.011085
v -0.003853 -0.007908 -0.011200
v -0.004818 -0.007948 0.011029
v -0.004932 -0.007460 0.010674
v -0.005046 -0.007424 0.010200
v -0.005000 -0.007124 0.006400
v 0.006100 -0.018500 0.038100
v 0.006100 -0.018500 0.028553
v 0.008463 -0.018500 0.017782
v 0.007700 -0.018500 0.017700
v 0.006100 -0.018683 0.039953
v 0.006100 -0.037500 0.038100
v 0.006100 -0.018863 0.040547
v 0.006100 -0.037317 0.039953
v 0.006100 -0.019223 0.041735
v 0.006100 -0.037137 0.040547
v 0.006100 -0.019809 0.042831
v 0.006100 -0.036777 0.041735
v 0.006100 -0.020101 0.043378
v 0.006100 -0.036191 0.042831
v 0.006100 -0.021282 0.044817
v 0.006100 -0.035899 0.043378
v 0.006100 -0.022722 0.045999
v 0.006100 -0.034718 0.044817
v 0.006100 -0.023269 0.046291
v 0.006100 -0.033278 0.045999
v 0.006100 -0.024364 0.046877
v 0.006100 -0.032731 0.046291
v 0.006100 -0.025553 0.047237
v 0.006100 -0.031635 0.046877
v 0.006100 -0.026147 0.047417
v 0.006100 -0.030447 0.047237
v 0.006100 -0.028000 0.047600
v 0.006100 -0.029853 0.047417
v -0.004938 -0.004146 0.010674
v -0.005000 -0.004500 0.006400
v -0.005000 -0.004500 0.010200
v -0.004880 -0.004500 0.010674
v -0.005000 -0.007124 0.010200
v -0.004880 -0.007124 0.010674
v -0.004585 -0.003038 0.011200
v -0.004633 -0.004044 0.011029
v -0.004861 -0.004500 0.010696
v -0.004861 -0.007124 0.010696
v -0.004626 -0.007556 0.011029
v -0.004745 0.002725 0.011200
v -0.004560 -0.004500 0.011029
v -0.004560 -0.007124 0.011029
v -0.004549 -0.007189 -0.010200
v -0.004395 -0.008239 0.011200
v -0.004459 -0.008198 0.011193
v -0.003989 0.003757 0.011200
v -0.004025 0.003787 0.011200
v -0.004494 -0.003370 0.011176
v -0.004421 -0.003316 0.011200
v -0.003572 0.005420 0.010330
v -0.003577 0.005427 0.010200
v -0.003043 0.005744 0.006400
v -0.004218 -0.003906 0.011193
v -0.004495 -0.004500 0.011053
v -0.004208 -0.007687 0.011193
v -0.004495 -0.007124 0.011053
v -0.003480 0.005280 0.010767
v -0.004400 -0.003300 0.011200
v -0.003716 -0.006290 -0.010322
v -0.003722 -0.006285 -0.010200
v -0.003589 -0.006393 -0.010760
v -0.004122 -0.004500 0.011193
v -0.004122 -0.007124 0.011193
v -0.004205 -0.008006 0.011200
v -0.003313 -0.006616 -0.011080
v -0.004103 -0.003868 0.011200
v -0.003283 0.004981 0.011085
v -0.004137 -0.007713 0.011200
v -0.004000 -0.007124 0.011200
v 0.004137 -0.007713 0.011200
v 0.004000 -0.007124 0.011200
v -0.002944 -0.006914 -0.011200
v -0.004000 -0.004500 0.011200
v -0.003902 0.003876 0.011200
v -0.003885 0.003893 0.011200
v -0.003041 0.004615 0.011200
v 0.004000 -0.004500 0.011200
v -0.002991 0.004544 0.011200
v -0.003557 -0.005990 -0.010200
v -0.003550 -0.005993 -0.010322
v -0.003557 -0.005990 -0.007300
v -0.003396 -0.006047 -0.010760
v -0.003062 -0.006165 -0.011080
v -0.003024 0.005706 0.010200
v -0.002224 0.006099 0.010330
v -0.003500 -0.005657 -0.010200
v -0.003493 -0.005657 -0.010322
v -0.003500 -0.005657 -0.007300
v -0.003353 -0.005657 -0.010695
v -0.003500 0.000000 -0.010200
v -0.003380 0.000000 -0.010674
v -0.003329 0.001082 -0.010200
v -0.003215 0.001045 -0.010674
v -0.003500 0.000000 -0.007300
v -0.003153 0.001519 -0.007300
v -0.002730 -0.000331 -0.007300
v -0.002263 -0.001562 -0.007300
v -0.002166 0.005941 0.010767
v -0.003329 -0.005657 -0.010760
v -0.002996 -0.005657 -0.011061
v -0.003361 0.000000 -0.010696
v -0.003060 0.000000 -0.011029
v -0.002910 0.000945 -0.011029
v -0.003116 0.001499 -0.010200
v -0.002614 -0.006324 -0.011200
v -0.002044 0.005605 0.011085
v -0.002475 0.001798 -0.011029
v -0.002735 0.001987 -0.010674
v -0.002832 0.002057 -0.010200
v -0.002182 0.002736 -0.007300
v -0.002571 0.000975 -0.007300
v -0.002500 -0.005657 -0.011200
v -0.002974 -0.005657 -0.011080
v -0.002995 0.000000 -0.011053
v -0.002227 0.006107 0.010200
v -0.001051 0.006414 0.006400
v -0.000658 0.002670 0.006400
v -0.002473 0.004942 0.011200
v -0.002511 0.004894 0.011200
v -0.002622 0.000000 -0.011193
v -0.002493 0.000810 -0.011193
v 0.006000 -0.009526 -0.011200
v -0.002121 0.001541 -0.011193
v -0.002167 0.002721 -0.010200
v -0.001987 0.002735 -0.010674
v -0.001798 0.002475 -0.011029
v -0.002263 -0.001562 -0.008300
v 0.000000 0.000000 -0.008300
v -0.002730 -0.000331 -0.008300
v -0.002571 0.000975 -0.008300
v -0.002571 0.000975 0.007400
v -0.002730 -0.000331 0.007400
v -0.002263 -0.001562 0.007400
v 0.000000 0.000000 0.007400
v -0.002500 0.000000 -0.011200
v -0.002378 0.000773 -0.011200
v 0.002944 -0.006914 -0.011200
v 0.003853 -0.007908 -0.011200
v 0.004877 -0.008783 -0.011200
v 0.002500 -0.005657 -0.011200
v 0.002614 -0.006324 -0.011200
v -0.001824 0.002058 -0.008300
v -0.001824 0.002058 -0.007300
v -0.001824 0.002058 0.007400
v -0.001866 0.005117 0.011200
v -0.001893 0.005192 0.011200
v -0.000773 0.002378 -0.011200
v 0.000000 0.002500 -0.011200
v 0.000773 0.002378 -0.011200
v 0.001469 0.002023 -0.011200
v 0.002023 0.001469 -0.011200
v 0.002378 0.000773 -0.011200
v 0.002500 0.000000 -0.011200
v -0.001469 0.002023 -0.011200
v -0.002023 0.001469 -0.011200
v -0.001541 0.002121 -0.011193
v -0.001278 -0.002435 -0.008300
v -0.001278 -0.002435 0.007400
v -0.001044 0.006387 0.010200
v -0.000755 0.006447 0.010330
v -0.002057 0.002832 -0.010200
v -0.000779 0.003412 -0.007300
v -0.000735 0.006281 0.010767
v -0.001045 0.003215 -0.010674
v -0.001082 0.003329 -0.010200
v -0.000694 0.005925 0.011085
v -0.000945 0.002910 -0.011029
v -0.001259 0.005381 0.011200
v 0.004735 0.002727 0.011200
v -0.001052 0.005398 0.011200
v 0.005254 0.001627 0.011200
v -0.000658 0.002670 -0.008300
v -0.000658 0.002670 -0.007300
v -0.000658 0.002670 0.007400
v -0.000810 0.002493 -0.011193
v 0.000000 -0.002750 -0.008300
v 0.000000 -0.002750 0.007400
v -0.000643 0.005489 0.011200
v -0.000773 0.003377 -0.010200
v -0.000638 0.005416 0.011200
v -0.000756 0.006456 0.010200
v 0.001051 0.006414 0.006400
v 0.000000 0.002750 0.006400
v 0.000000 0.003060 -0.011029
v 0.000000 0.003380 -0.010674
v 0.000000 0.002622 -0.011193
v 0.000779 0.003412 -0.007300
v 0.000000 0.003500 -0.010200
v 0.000756 0.006456 0.010200
v 0.000755 0.006447 0.010330
v 0.000735 0.006281 0.010767
v 0.000694 0.005925 0.011085
v 0.000000 0.002750 -0.008300
v 0.000658 0.002670 -0.007300
v 0.000000 0.002750 0.007400
v 0.000601 0.005467 0.011200
v 0.000643 0.005489 0.011200
v 0.001877 0.005141 0.011200
v 0.004597 0.003020 0.011200
v 0.003960 0.003729 0.011200
v 0.002998 0.004545 0.011200
v 0.003495 0.004247 0.011200
v -0.000433 -0.033750 0.008300
v -0.000500 -0.034000 0.008300
v -0.000433 -0.034250 0.008300
v 0.000000 -0.034000 0.008300
v -0.000250 -0.033567 0.008300
v -0.000250 -0.034433 0.008300
v 0.000000 -0.033500 0.008300
v 0.000000 -0.034500 0.008300
v 0.000810 0.002493 -0.011193
v 0.000945 0.002910 -0.011029
v 0.001045 0.003215 -0.010674
v 0.000773 0.003377 -0.010200
v 0.000658 0.002670 -0.008300
v 0.002730 -0.000331 -0.008300
v 0.002571 0.000975 -0.008300
v 0.001824 0.002058 -0.008300
v 0.001278 -0.002435 -0.008300
v 0.002263 -0.001562 -0.008300
v 0.000658 0.002670 0.006400
v 0.000658 0.002670 0.007400
v 0.001278 -0.002435 0.006400
v 0.002730 -0.000331 0.007400
v 0.002263 -0.001562 0.007400
v 0.001278 -0.002435 0.007400
v 0.001824 0.002058 0.007400
v 0.002571 0.000975 0.007400
v 0.000250 -0.033567 0.008300
v 0.000250 -0.034433 0.007800
v 0.000433 -0.034250 0.008300
v 0.000250 -0.034433 0.008300
v 0.000433 -0.033750 0.008300
v 0.000500 -0.034000 0.008300
v 0.000433 -0.033750 0.007800
v 0.000433 -0.034250 0.007800
v 0.000500 -0.034000 0.007800
v 0.009039 -0.037234 0.007800
v 0.011200 -0.034000 0.007800
v 0.010934 -0.035339 0.007800
v 0.010175 -0.036475 0.007800
v 0.001893 0.005192 0.011200
v 0.002044 0.005605 0.011085
v 0.001824 0.002058 -0.007300
v 0.002182 0.002736 -0.007300
v 0.003043 0.005744 0.006400
v 0.001824 0.002058 0.006400
v 0.002166 0.005941 0.010767
v 0.002224 0.006099 0.010330
v 0.002227 0.006107 0.010200
v 0.001044 0.006387 0.010200
v 0.001082 0.003329 -0.010200
v 0.002057 0.002832 -0.010200
v 0.001541 0.002121 -0.011193
v 0.001798 0.002475 -0.011029
v 0.001987 0.002735 -0.010674
v 0.003722 -0.006285 -0.007300
v 0.003557 -0.005990 -0.007300
v 0.002263 -0.001562 -0.007300
v 0.005000 -0.004500 0.006400
v 0.005000 -0.007124 0.006400
v 0.005102 -0.007565 0.006400
v 0.002263 -0.001562 0.006400
v 0.005200 -0.003900 0.006400
v 0.005051 -0.004184 0.006400
v 0.002121 0.001541 -0.011193
v 0.002475 0.001798 -0.011029
v 0.002571 0.000975 -0.007300
v 0.003153 0.001519 -0.007300
v 0.004716 0.004473 0.006400
v 0.002571 0.000975 0.006400
v 0.002098 0.005084 0.011200
v 0.003041 0.004615 0.011200
v 0.003283 0.004981 0.011085
v 0.002167 0.002721 -0.010200
v 0.002735 0.001987 -0.010674
v 0.003480 0.005280 0.010767
v 0.002493 0.000810 -0.011193
v 0.003572 0.005420 0.010330
v 0.002832 0.002057 -0.010200
v 0.003024 0.005706 0.010200
v 0.003500 -0.005657 -0.007300
v 0.002730 -0.000331 -0.007300
v 0.002730 -0.000331 0.006400
v 0.005575 -0.003343 0.006400
v 0.002910 0.000945 -0.011029
v 0.002622 0.000000 -0.011193
v 0.002995 0.000000 -0.011053
v 0.002974 -0.005657 -0.011080
v 0.003500 0.000000 -0.007300
v 0.005897 0.002734 0.006400
v 0.006274 0.001698 0.006400
v 0.003062 -0.006165 -0.011080
v 0.002996 -0.005657 -0.011061
v 0.006274 -0.001698 0.006400
v 0.003215 0.001045 -0.010674
v 0.003116 0.001499 -0.010200
v 0.003060 0.000000 -0.011029
v 0.003361 0.000000 -0.010696
v 0.003313 -0.006616 -0.011080
v 0.003329 -0.005657 -0.010760
v 0.003396 -0.006047 -0.010760
v 0.003551 0.004235 0.011200
v 0.003577 0.005427 0.010200
v 0.003329 0.001082 -0.010200
v 0.003380 0.000000 -0.010674
v 0.004605 0.004333 0.010767
v 0.004345 0.004088 0.011085
v 0.003589 -0.006393 -0.010760
v 0.004183 -0.007567 -0.011080
v 0.003500 0.000000 -0.010200
v 0.003353 -0.005657 -0.010695
v 0.003493 -0.005657 -0.010322
v 0.003550 -0.005993 -0.010322
v 0.003500 -0.005657 -0.010200
v 0.004728 0.004449 0.010330
v 0.004025 0.003787 0.011200
v 0.003557 -0.005990 -0.010200
v 0.003716 -0.006290 -0.010322
v 0.003722 -0.006285 -0.010200
v 0.004715 0.004471 0.010200
v 0.004430 -0.007312 -0.010760
v 0.004543 -0.007194 -0.010322
v 0.004549 -0.007189 -0.010200
v 0.004847 -0.007466 -0.007300
v 0.004436 0.003296 0.011200
v 0.004218 -0.003906 0.011193
v 0.004122 -0.004500 0.011193
v 0.004122 -0.007124 0.011193
v 0.004421 -0.003316 0.011198
v 0.004495 -0.004500 0.011053
v 0.004495 -0.007124 0.011053
v 0.004208 -0.007687 0.011193
v 0.004459 -0.008198 0.011193
v 0.005163 -0.008404 -0.011080
v 0.004626 -0.007556 0.011029
v 0.004818 -0.007948 0.011029
v 0.004497 -0.003373 0.011193
v 0.004633 -0.004044 0.011029
v 0.004767 -0.003575 0.011066
v 0.005172 0.002974 0.011085
v 0.005482 0.003153 0.010767
v 0.005068 -0.002205 0.011200
v 0.005376 -0.008121 -0.010760
v 0.004791 0.002755 0.011200
v 0.004852 -0.008611 0.011193
v 0.005120 -0.008264 0.011029
v 0.004560 -0.004500 0.011029
v 0.004560 -0.007124 0.011029
v 0.005471 -0.002380 0.011085
v 0.004858 -0.007453 -0.010200
v 0.005475 -0.007990 -0.010322
v 0.004861 -0.004500 0.010696
v 0.004861 -0.007124 0.010696
v 0.005627 0.003236 0.010330
v 0.005081 -0.007764 0.010674
v 0.004932 -0.007460 0.010674
v 0.004848 -0.003636 0.011029
v 0.005047 -0.003785 0.010754
v 0.004938 -0.004146 0.010674
v 0.004734 0.004454 0.010200
v 0.005798 0.002937 0.008187
v 0.005765 0.003002 0.007913
v 0.005750 0.003030 0.007793
v 0.005780 0.002974 0.007406
v 0.005876 0.002779 0.007051
v 0.005888 0.002752 0.007027
v 0.005635 0.003241 0.010200
v 0.005298 0.001574 0.011200
v 0.005719 0.001699 0.011085
v 0.005316 -0.008010 0.010674
v 0.005801 -0.008217 -0.007300
v 0.005751 -0.008182 -0.007821
v 0.005775 -0.008199 -0.007961
v 0.005798 -0.002523 0.010767
v 0.006061 -0.009421 0.011193
v 0.006179 -0.009216 0.011104
v 0.005479 -0.007984 -0.010200
v 0.005838 -0.008242 -0.008336
v 0.006060 -0.008391 -0.008820
v 0.004880 -0.004500 0.010674
v 0.004880 -0.007124 0.010674
v 0.006181 -0.009212 -0.011108
v 0.005000 -0.004500 0.010200
v 0.005000 -0.007124 0.010200
v 0.005046 -0.007424 0.010200
v 0.005113 -0.007560 0.010200
v 0.005051 -0.004184 0.010200
v 0.005104 -0.003828 0.010674
v 0.005175 -0.003881 0.010324
v 0.005200 -0.003900 0.010200
v 0.005285 -0.001615 0.011200
v 0.005389 -0.007915 0.010200
v 0.005180 -0.007696 0.010200
v 0.005389 -0.007915 0.006400
v 0.005952 -0.002590 0.010330
v 0.006280 -0.009042 0.011029
v 0.006343 -0.008932 0.010888
v 0.006344 -0.008930 -0.010887
v 0.006237 -0.009115 -0.011080
v 0.006062 0.001801 0.010767
v 0.005537 -0.003321 0.010200
v 0.005440 -0.000975 0.011200
v 0.005518 0.000308 0.011200
v 0.005957 0.000332 0.011085
v 0.006454 -0.008739 0.010563
v 0.006440 -0.008764 0.010674
v 0.006452 -0.008743 -0.010558
v 0.006414 -0.008809 -0.010760
v 0.006274 -0.008526 0.006400
v 0.006051 -0.008385 0.006694
v 0.005920 -0.008298 0.006983
v 0.005753 -0.008183 0.007645
v 0.005838 -0.008242 0.007164
v 0.006500 -0.008660 0.010200
v 0.005962 -0.008326 0.008646
v 0.005794 -0.008212 0.008167
v 0.006129 -0.008433 0.008886
v 0.006556 -0.008689 0.009331
v 0.006291 -0.008536 0.009118
v 0.005778 -0.008201 0.007962
v 0.005872 -0.001052 0.011085
v 0.005516 -0.000346 0.011200
v 0.006496 -0.008667 -0.010322
v 0.006372 -0.008576 -0.010200
v 0.006120 -0.008428 -0.008891
v 0.006223 0.001849 0.010330
v 0.005960 -0.002593 0.010200
v 0.005750 -0.003031 0.007769
v 0.005766 -0.003001 0.007913
v 0.005792 -0.002950 0.008159
v 0.005905 -0.002716 0.008523
v 0.006035 -0.002406 0.008767
v 0.006079 -0.002301 0.008849
v 0.006073 -0.002316 0.006659
v 0.005899 -0.002730 0.006992
v 0.005889 -0.002751 0.007027
v 0.005786 -0.002962 0.007374
v 0.005859 0.002718 0.010200
v 0.005896 0.002733 0.008479
v 0.006314 0.000352 0.010767
v 0.005769 -0.000111 0.007476
v 0.005761 -0.011000 -0.007963
v 0.005761 -0.011000 0.007963
v 0.005906 -0.011000 -0.006976
v 0.006112 -0.011000 -0.008898
v 0.009500 -0.011000 -0.007700
v 0.009284 -0.011000 -0.008911
v 0.009192 -0.011000 -0.009136
v 0.007847 -0.011000 -0.009748
v 0.008800 -0.011000 -0.009452
v 0.006112 -0.011000 0.008898
v 0.005906 -0.011000 0.006976
v 0.009284 -0.011000 0.008911
v 0.006870 -0.011000 0.009546
v 0.008800 -0.011000 0.009452
v 0.007847 -0.011000 0.009748
v 0.005802 -0.000134 0.008203
v 0.006224 -0.001115 0.010767
v 0.005927 0.002668 0.008573
v 0.006231 0.001851 0.010200
v 0.006036 0.002403 0.008766
v 0.006304 0.001586 0.009131
v 0.006097 0.002253 0.008876
v 0.005896 0.002733 0.007010
v 0.005889 -0.000009 0.007017
v 0.006234 0.001840 0.006445
v 0.006039 0.002405 0.006715
v 0.006509 -0.011000 -0.006181
v 0.009244 -0.011000 -0.006420
v 0.006509 -0.011000 0.006181
v 0.006509 -0.010000 0.006181
v 0.009500 -0.011000 0.007700
v 0.009500 -0.011000 0.006782
v 0.008415 -0.011000 0.005864
v 0.009244 -0.011000 0.006420
v 0.006390 -0.001145 0.010330
v 0.006327 -0.001382 0.010200
v 0.006275 -0.001694 0.009101
v 0.006742 -0.009813 -0.011120
v 0.007211 -0.014000 -0.010984
v 0.007700 -0.014000 -0.011200
v 0.006938 -0.009879 -0.011056
v 0.006307 -0.009650 0.011186
v 0.008475 -0.014000 0.010175
v 0.007211 -0.014000 0.010984
v 0.006939 -0.009881 0.011061
v 0.007206 -0.009971 0.010971
v 0.007044 -0.009919 0.011041
v 0.006223 0.001556 0.009041
v 0.006481 0.000362 0.010330
v 0.010200 -0.018500 0.028553
v 0.010200 -0.018500 0.018501
v 0.010153 -0.018500 0.018478
v 0.009201 -0.018500 0.018008
v 0.008638 -0.018500 0.017836
v 0.006446 -0.018563 0.029046
v 0.008362 -0.037500 0.017762
v 0.008640 -0.037500 0.017843
v 0.010154 -0.037500 0.018478
v 0.010200 -0.037500 0.028553
v 0.009173 -0.037500 0.017997
v 0.006446 -0.037437 0.029046
v 0.006440 -0.018586 0.038100
v 0.006440 -0.037414 0.038100
v 0.006574 -0.018800 0.039930
v 0.006574 -0.037200 0.039930
v 0.006574 -0.019334 0.041690
v 0.006574 -0.020201 0.043311
v 0.006574 -0.036666 0.041690
v 0.006574 -0.035799 0.043311
v 0.006574 -0.021367 0.044733
v 0.006574 -0.022789 0.045899
v 0.006574 -0.034633 0.044733
v 0.006574 -0.033211 0.045899
v 0.006574 -0.024410 0.046766
v 0.006574 -0.026170 0.047300
v 0.006574 -0.031590 0.046766
v 0.006574 -0.029830 0.047300
v 0.006574 -0.028000 0.047480
v 0.006870 -0.011000 -0.009546
v 0.006415 -0.008611 -0.009239
v 0.006368 -0.008582 -0.009184
v 0.006728 -0.008788 0.009469
v 0.007065 -0.009573 0.010973
v 0.007065 -0.009573 -0.010973
v 0.006430 0.000704 0.010200
v 0.006455 0.000765 0.009275
v 0.006458 0.000709 0.009277
v 0.006500 -0.000025 0.009311
v 0.006437 -0.000903 0.009259
v 0.006338 -0.001387 0.009162
v 0.007145 -0.009283 -0.010752
v 0.007145 -0.009283 0.010752
v 0.006398 -0.001147 0.010200
v 0.006500 -0.008660 -0.010200
v 0.006490 0.000362 0.010200
v 0.007159 -0.009077 -0.010441
v 0.006872 -0.008864 -0.009543
v 0.006453 -0.018565 0.029056
v 0.006574 -0.018620 0.038100
v 0.006574 -0.037380 0.038100
v 0.006453 -0.037435 0.029056
v 0.007159 -0.009076 0.010441
v 0.010200 -0.018565 0.029056
v 0.006736 -0.018729 0.029617
v 0.010200 -0.037435 0.029056
v 0.006529 -0.037403 0.029177
v 0.006639 -0.037342 0.029425
v 0.007110 -0.008983 0.010099
v 0.006556 -0.008690 0.010191
v 0.007111 -0.008983 -0.010099
v 0.006891 -0.008875 -0.009556
v 0.007421 -0.011000 -0.005777
v 0.008415 -0.011000 -0.005864
v 0.007421 -0.010000 0.005777
v 0.007421 -0.011000 0.005777
v 0.006802 -0.037212 0.029793
v 0.006876 -0.008863 0.009532
v 0.006788 -0.018813 0.038100
v 0.006796 -0.018802 0.029813
v 0.006788 -0.037186 0.038100
v 0.006929 -0.019630 0.041567
v 0.006929 -0.019114 0.039867
v 0.006929 -0.036885 0.039867
v 0.006929 -0.020467 0.043133
v 0.006929 -0.036370 0.041567
v 0.006929 -0.021594 0.044506
v 0.006929 -0.035533 0.043133
v 0.006929 -0.022967 0.045633
v 0.006929 -0.034406 0.044506
v 0.006929 -0.024533 0.046470
v 0.006929 -0.033033 0.045633
v 0.006929 -0.026233 0.046985
v 0.006929 -0.031467 0.046470
v 0.006929 -0.028000 0.047160
v 0.006929 -0.029767 0.046985
v 0.006929 -0.018940 0.038100
v 0.006990 -0.019043 0.030453
v 0.006929 -0.037060 0.038100
v 0.007023 -0.036885 0.030615
v 0.006806 -0.037206 0.029809
v 0.010200 -0.019038 0.030440
v 0.010200 -0.036962 0.030440
v 0.007802 -0.009291 -0.009749
v 0.007417 -0.009128 -0.009722
v 0.007802 -0.009291 0.009749
v 0.007237 -0.009046 0.009683
v 0.007167 -0.009012 -0.010090
v 0.007012 -0.019164 0.038100
v 0.007024 -0.019158 0.030691
v 0.007012 -0.036836 0.038100
v 0.007093 -0.020034 0.041399
v 0.007093 -0.019544 0.039782
v 0.007093 -0.036456 0.039782
v 0.007093 -0.020831 0.042890
v 0.007093 -0.035966 0.041399
v 0.007093 -0.021903 0.044197
v 0.007093 -0.035169 0.042890
v 0.007093 -0.023210 0.045269
v 0.007093 -0.034097 0.044197
v 0.007093 -0.024701 0.046066
v 0.007093 -0.032790 0.045269
v 0.007093 -0.026318 0.046556
v 0.007093 -0.031299 0.046066
v 0.007093 -0.028000 0.046722
v 0.007093 -0.029682 0.046556
v 0.007206 -0.009970 -0.010967
v 0.007093 -0.019378 0.038100
v 0.007095 -0.019403 0.031199
v 0.007038 -0.019207 0.030792
v 0.007093 -0.036622 0.038100
v 0.007031 -0.036845 0.030694
v 0.007041 -0.036795 0.030793
v 0.010200 -0.019218 0.030786
v 0.010200 -0.036782 0.030786
v 0.007100 -0.036500 0.031376
v 0.007911 -0.009867 0.010569
v 0.007906 -0.009578 0.010371
v 0.007440 -0.010050 -0.010890
v 0.007907 -0.009578 -0.010370
v 0.007911 -0.009868 -0.010569
v 0.007841 -0.010170 -0.010654
v 0.007100 -0.019500 0.038100
v 0.007100 -0.019500 0.031376
v 0.007100 -0.019663 0.039758
v 0.007100 -0.036500 0.038100
v 0.007100 -0.020147 0.041353
v 0.007100 -0.036337 0.039758
v 0.007100 -0.020932 0.042822
v 0.007100 -0.035853 0.041353
v 0.007100 -0.021990 0.044110
v 0.007100 -0.035067 0.042822
v 0.007100 -0.023278 0.045167
v 0.007100 -0.034010 0.044110
v 0.007100 -0.024747 0.045953
v 0.007100 -0.032722 0.045167
v 0.007100 -0.026342 0.046437
v 0.007100 -0.031253 0.045953
v 0.007100 -0.028000 0.046600
v 0.007100 -0.029658 0.046437
v 0.010200 -0.019714 0.031738
v 0.010200 -0.020346 0.032605
v 0.007100 -0.020329 0.032618
v 0.010200 -0.036286 0.031738
v 0.007100 -0.035671 0.032618
v 0.010200 -0.020576 0.032920
v 0.007100 -0.021605 0.033960
v 0.010200 -0.035424 0.032920
v 0.007100 -0.034395 0.033960
v 0.010200 -0.035654 0.032605
v 0.010200 -0.021605 0.033960
v 0.007100 -0.022216 0.034323
v 0.010200 -0.034395 0.033960
v 0.010200 -0.033783 0.034323
v 0.007100 -0.033783 0.034323
v 0.007100 -0.022917 0.034450
v 0.010200 -0.022216 0.034323
v 0.010200 -0.033083 0.034450
v 0.007100 -0.033083 0.034450
v 0.010200 -0.022917 0.034450
v 0.007167 -0.009012 0.010090
v 0.007694 -0.009244 0.009807
v 0.007830 -0.009362 0.010105
v 0.007830 -0.009362 -0.010105
v 0.007695 -0.009244 -0.009807
v 0.007721 -0.010137 0.010748
v 0.008475 -0.014000 -0.010175
v 0.009039 -0.014000 -0.010934
v 0.008087 -0.010243 -0.010510
v 0.007842 -0.010171 0.010661
v 0.008463 -0.010343 0.010164
v 0.008324 -0.010308 0.010317
v 0.008415 -0.010000 -0.005864
v 0.008415 -0.010000 0.005864
v 0.007847 -0.009311 0.009745
v 0.009039 -0.017500 -0.010934
v 0.010175 -0.017500 -0.010175
v 0.008602 -0.037382 0.017700
v 0.008602 -0.018618 0.017700
v 0.009039 -0.018766 0.013300
v 0.007847 -0.009312 -0.009742
v 0.008309 -0.009543 0.009653
v 0.008091 -0.009418 0.009721
v 0.008322 -0.009540 -0.009664
v 0.008642 -0.010080 0.009918
v 0.008454 -0.009628 -0.009608
v 0.008341 -0.009549 -0.009661
v 0.008799 -0.009868 -0.009448
v 0.008776 -0.009852 -0.009459
v 0.008456 -0.009628 0.009606
v 0.008594 -0.009707 0.009563
v 0.008759 -0.009852 0.009461
v 0.008566 -0.009790 0.009763
v 0.008566 -0.009790 -0.009763
v 0.008642 -0.010080 -0.009918
v 0.008464 -0.010343 -0.010163
v 0.008500 -0.010000 -0.005896
v 0.008696 -0.010019 -0.005988
v 0.008839 -0.010079 -0.006087
v 0.009062 -0.010173 -0.006241
v 0.009191 -0.010308 -0.006380
v 0.008500 -0.010000 0.005896
v 0.008879 -0.010074 0.006099
v 0.008845 -0.010068 0.006081
v 0.009206 -0.010294 0.006380
v 0.009242 -0.010339 0.006422
v 0.009212 -0.010298 0.006385
v 0.008621 -0.010383 0.009992
v 0.008626 -0.010386 -0.010014
v 0.009284 -0.014000 -0.008911
v 0.010175 -0.014000 -0.010175
v 0.008633 -0.010387 -0.010004
v 0.009071 -0.010491 -0.009379
v 0.009192 -0.011000 0.009136
v 0.009192 -0.010518 0.009136
v 0.008815 -0.010432 0.009779
v 0.008793 -0.009881 0.009440
v 0.009018 -0.018812 0.017700
v 0.009018 -0.037188 0.017700
v 0.009086 -0.010193 -0.009236
v 0.008827 -0.009888 -0.009435
v 0.009072 -0.010191 0.009246
v 0.008990 -0.010053 0.009319
v 0.009160 -0.010338 0.009168
v 0.011200 -0.014000 0.009850
v 0.009284 -0.014000 0.008911
v 0.009192 -0.010518 -0.009136
v 0.009188 -0.010459 -0.009140
v 0.009100 -0.010208 -0.009226
v 0.009707 -0.019132 0.017700
v 0.009707 -0.036868 0.017700
v 0.010175 -0.019525 0.013300
v 0.009235 -0.010355 -0.006428
v 0.009354 -0.010479 -0.006555
v 0.009426 -0.010657 0.006662
v 0.009396 -0.010555 0.006613
v 0.009426 -0.010659 -0.006665
v 0.009500 -0.011000 -0.006782
v 0.009493 -0.010882 0.006769
v 0.009500 -0.014000 -0.007700
v 0.011200 -0.014000 -0.007700
v 0.010934 -0.014000 -0.009039
v 0.009500 -0.014000 0.007700
v 0.009475 -0.010778 -0.006738
v 0.010137 -0.019563 0.017700
v 0.010137 -0.036437 0.017700
v 0.010200 -0.037500 0.018501
v 0.010938 -0.018825 0.018735
v 0.011130 -0.019134 0.018670
v 0.011134 -0.019155 0.018660
v 0.011200 -0.019500 0.018501
v 0.010568 -0.019993 0.017700
v 0.010333 -0.018509 0.018572
v 0.010542 -0.018574 0.018654
v 0.010903 -0.018799 0.018730
v 0.010647 -0.037395 0.018695
v 0.010544 -0.037425 0.018654
v 0.010311 -0.037494 0.018562
v 0.011135 -0.036838 0.018657
v 0.011130 -0.036868 0.018671
v 0.010907 -0.037199 0.018731
v 0.010568 -0.036007 0.017700
v 0.011200 -0.036454 0.018478
v 0.011200 -0.036500 0.018501
v 0.010934 -0.017500 -0.009039
v 0.010934 -0.020661 0.013300
v 0.010322 -0.018572 0.029055
v 0.010322 -0.018507 0.028553
v 0.010322 -0.037493 0.028553
v 0.010322 -0.037428 0.029055
v 0.010330 -0.019046 0.030437
v 0.010330 -0.036954 0.030437
v 0.010330 -0.019721 0.031734
v 0.010330 -0.020582 0.032914
v 0.010330 -0.036279 0.031734
v 0.010330 -0.035418 0.032914
v 0.010322 -0.021610 0.033954
v 0.010322 -0.034390 0.033954
v 0.010322 -0.022219 0.034316
v 0.010322 -0.022917 0.034443
v 0.010322 -0.033781 0.034316
v 0.010322 -0.033083 0.034443
v 0.010329 -0.018574 0.029054
v 0.010536 -0.018588 0.028553
v 0.010329 -0.037425 0.029054
v 0.010538 -0.037412 0.028553
v 0.010329 -0.021612 0.033952
v 0.010329 -0.034388 0.033952
v 0.010573 -0.022917 0.034348
v 0.010760 -0.022276 0.034163
v 0.010760 -0.033724 0.034163
v 0.010573 -0.033083 0.034348
v 0.010767 -0.019201 0.030371
v 0.010760 -0.018730 0.029013
v 0.010760 -0.037270 0.029013
v 0.010760 -0.021717 0.033830
v 0.010767 -0.035290 0.032805
v 0.010760 -0.034283 0.033830
v 0.010767 -0.019864 0.031645
v 0.010767 -0.036799 0.030371
v 0.010767 -0.020710 0.032805
v 0.010767 -0.036136 0.031645
v 0.010760 -0.018671 0.028553
v 0.010649 -0.018606 0.018695
v 0.010760 -0.037329 0.028553
v 0.011200 -0.019547 0.018478
v 0.011200 -0.020467 0.018021
v 0.010888 -0.020682 0.017700
v 0.010888 -0.035318 0.017700
v 0.011200 -0.035483 0.018001
v 0.010760 -0.022917 0.034279
v 0.010760 -0.033083 0.034279
v 0.010887 -0.018811 0.028553
v 0.010890 -0.037185 0.028553
v 0.011085 -0.019529 0.030230
v 0.011080 -0.019073 0.028924
v 0.011080 -0.036927 0.028924
v 0.011080 -0.022400 0.033831
v 0.011080 -0.021950 0.033563
v 0.011085 -0.035017 0.032574
v 0.011080 -0.034050 0.033563
v 0.010887 -0.022917 0.034139
v 0.011080 -0.033599 0.033831
v 0.010887 -0.033083 0.034139
v 0.011085 -0.020168 0.031456
v 0.011085 -0.036470 0.030230
v 0.011085 -0.020983 0.032574
v 0.011085 -0.035832 0.031456
v 0.011080 -0.019026 0.028553
v 0.011080 -0.022917 0.033924
v 0.011080 -0.033083 0.033924
v 0.011200 -0.021062 0.017836
v 0.011082 -0.021097 0.017700
v 0.011082 -0.034903 0.017700
v 0.011200 -0.034941 0.017845
v 0.011080 -0.036974 0.028553
v 0.010936 -0.037177 0.018735
v 0.011200 -0.022000 0.013300
v 0.011116 -0.036833 0.028553
v 0.011114 -0.019160 0.028553
v 0.011200 -0.019933 0.030057
v 0.011194 -0.019508 0.028811
v 0.011194 -0.036492 0.028811
v 0.011194 -0.022245 0.033223
v 0.011200 -0.034683 0.032289
v 0.011194 -0.033755 0.033223
v 0.011105 -0.022917 0.033828
v 0.011200 -0.022567 0.033387
v 0.011105 -0.033083 0.033828
v 0.011200 -0.033433 0.033387
v 0.011200 -0.021229 0.017784
v 0.011200 -0.022000 0.017700
v 0.011200 -0.034000 0.017700
v 0.011200 -0.034642 0.017759
v 0.011200 -0.020541 0.031225
v 0.011200 -0.036067 0.030057
v 0.011200 -0.021317 0.032289
v 0.011200 -0.035459 0.031225
v 0.011200 -0.033083 0.033450
v 0.011200 -0.022917 0.033450
v 0.011200 -0.019500 0.028553
v 0.011200 -0.036500 0.028553
v 0.011200 -0.019532 0.028804
v 0.011200 -0.036468 0.028804
v 0.011200 -0.036131 0.029834
v 0.011200 -0.022261 0.033205
v 0.011200 -0.021488 0.032445
v 0.011200 -0.033739 0.033205
v 0.011200 -0.020292 0.030742
v 0.011200 -0.020011 0.030025
v 0.011200 -0.036022 0.030035
v 0.011200 -0.035395 0.031188
v 0.011200 -0.020602 0.031184
v 0.011200 -0.035137 0.031663
v 0.011200 -0.021357 0.032258
v 0.011200 -0.034620 0.032233
v -0.023189 -0.019500 0.020184
v -0.023240 -0.026146 0.017901
v -0.023240 -0.026146 0.018050
v -0.023188 -0.019500 0.020654
v -0.023191 -0.026243 0.020574
v -0.023188 -0.026601 0.017894
v -0.023198 -0.019500 0.015727
v -0.023231 -0.026164 0.015171
v -0.023225 -0.026176 0.014897
v -0.023174 -0.026629 0.014911
v -0.023203 -0.019500 0.013546
v -0.023195 -0.026235 0.013546
v -0.023158 -0.026307 0.011898
v -0.022984 -0.019500 0.006911
v -0.022955 -0.026703 0.005934
v -0.023150 -0.026324 0.011512
v -0.023085 -0.018735 0.015729
v -0.023051 -0.018735 0.020180
v -0.023107 -0.026765 0.011926
v -0.023187 -0.026250 0.020654
v -0.023126 -0.026727 0.020873
v -0.022883 -0.019141 0.024674
v -0.023026 -0.027047 0.018532
v -0.023030 -0.027038 0.015990
v -0.023027 -0.027045 0.017887
v -0.023175 -0.026273 0.020907
v -0.022954 -0.019500 0.024681
v -0.023082 -0.026452 0.022923
v -0.022965 -0.027169 0.012532
v -0.023010 -0.027078 0.014926
v -0.022898 -0.027180 0.005969
v -0.022963 -0.027051 0.023845
v -0.022968 -0.027163 0.020837
v -0.022944 -0.027209 0.011956
v -0.022782 -0.027527 0.007371
v -0.022618 -0.018086 0.020168
v -0.022652 -0.018086 0.015733
v -0.022838 -0.018735 0.006916
v -0.023007 -0.026594 0.023914
v -0.022802 -0.018735 0.024668
v -0.022370 -0.018086 0.024630
v -0.022157 -0.028684 0.023923
v -0.022855 -0.019670 0.025586
v -0.022916 -0.026764 0.025099
v -0.022863 -0.019500 0.003218
v -0.022894 -0.026820 0.004196
v -0.022853 -0.027390 0.023028
v -0.022863 -0.026861 0.025587
v -0.022790 -0.027510 0.023765
v -0.022675 -0.027732 0.025131
v -0.022670 -0.027611 0.026806
v -0.022870 -0.019267 0.025363
v -0.022796 -0.019406 -0.011301
v -0.022796 -0.019704 -0.011279
v -0.022948 -0.019500 -0.010541
v -0.022796 -0.018896 -0.011012
v -0.022796 -0.019122 -0.011207
v -0.022796 -0.018762 -0.010745
v -0.022945 -0.019473 -0.010506
v -0.022936 -0.019380 -0.010506
v -0.022923 -0.019248 -0.010506
v -0.022910 -0.019119 -0.010507
v -0.022948 -0.019513 -0.010554
v -0.022948 -0.019512 -0.010549
v -0.022948 -0.019510 -0.010543
v -0.022948 -0.019509 -0.010539
v -0.022948 -0.019508 -0.010534
v -0.022948 -0.019507 -0.010530
v -0.022948 -0.019502 -0.010512
v -0.022948 -0.019500 -0.010506
v -0.022948 -0.019518 -0.010571
v -0.022947 -0.019526 -0.010602
v -0.022941 -0.019553 -0.010697
v -0.022786 -0.023038 -0.010285
v -0.022939 -0.021100 -0.010056
v -0.022929 -0.022701 -0.009608
v -0.022872 -0.022937 -0.010081
v -0.022830 -0.019500 -0.006102
v -0.022786 -0.019695 -0.011216
v -0.022783 -0.019500 -0.004359
v -0.022880 -0.024722 -0.007925
v -0.022909 -0.019110 -0.010507
v -0.022796 -0.018735 -0.010509
v -0.022868 -0.026869 0.003218
v -0.022727 -0.027510 0.000037
v -0.022604 -0.027867 0.002350
v -0.022734 -0.027619 0.006006
v -0.022601 -0.018692 0.026160
v -0.022875 -0.024897 -0.007780
v -0.022753 -0.025215 -0.008497
v -0.022817 -0.026967 -0.005861
v -0.022792 -0.027013 -0.004359
v -0.022791 -0.019145 0.025721
v -0.022856 -0.019500 0.002547
v -0.022790 -0.027018 0.000202
v -0.022691 -0.018735 0.002551
v -0.022716 -0.027129 0.026922
v -0.022617 -0.020062 0.027677
v -0.022655 -0.020017 0.027435
v -0.022810 -0.019500 -0.001788
v -0.022404 -0.018086 0.006932
v -0.022671 -0.018735 -0.006107
v -0.022682 -0.027489 -0.006394
v -0.022700 -0.027437 -0.005889
v -0.022768 -0.027061 -0.002813
v -0.022788 -0.027021 0.000022
v -0.022769 -0.027057 -0.002920
v -0.022616 -0.018735 -0.001787
v -0.022447 -0.018405 0.026135
v -0.021992 -0.017910 0.026062
v -0.022362 -0.019876 -0.011905
v -0.022362 -0.019326 -0.011945
v -0.022723 -0.019754 -0.011428
v -0.022770 -0.019710 -0.011270
v -0.022362 -0.018802 -0.011772
v -0.022362 -0.018385 -0.011411
v -0.022362 -0.018137 -0.010918
v -0.022238 -0.018086 -0.006119
v -0.022362 -0.018086 -0.010516
v -0.022708 -0.027547 -0.002924
v -0.022559 -0.019531 0.027774
v -0.022690 -0.018989 0.026173
v -0.022311 -0.025665 -0.009028
v -0.022689 -0.023152 -0.010516
v -0.021214 -0.030238 -0.003572
v -0.022676 -0.027511 -0.006416
v -0.022456 -0.027746 -0.006659
v -0.022538 -0.027658 -0.006569
v -0.022537 -0.027992 -0.002928
v -0.022538 -0.027991 -0.000858
v -0.022557 -0.027956 0.000053
v -0.022351 -0.019875 -0.011873
v -0.022367 -0.023349 -0.010918
v -0.022684 -0.027186 0.027212
v -0.022282 -0.020462 0.029824
v -0.022631 -0.027714 -0.005905
v -0.022258 -0.018086 0.002563
v -0.022626 -0.018890 0.026463
v -0.022353 -0.027760 0.029420
v -0.022255 -0.020485 0.029951
v -0.022488 -0.028082 0.026676
v -0.022182 -0.018086 -0.001785
v -0.022221 -0.028425 0.029743
v -0.022423 -0.028204 0.027214
v -0.021969 -0.017652 0.020149
v -0.022003 -0.017652 0.015739
v -0.022583 -0.027906 -0.005916
v -0.022537 -0.027993 -0.003709
v -0.022518 -0.018784 0.026766
v -0.021724 -0.017652 0.024575
v -0.022031 -0.020110 0.030867
v -0.021548 -0.029724 -0.004132
v -0.022294 -0.028189 -0.006358
v -0.022389 -0.018988 0.027858
v -0.021445 -0.029882 -0.003959
v -0.022289 -0.018560 0.027410
v -0.021884 -0.018078 0.027557
v -0.022245 -0.027971 -0.006893
v -0.022156 -0.028301 -0.006545
v -0.022189 -0.028292 -0.006519
v -0.022130 -0.028279 -0.006662
v -0.021475 -0.017759 0.027453
v -0.022085 -0.028811 0.029281
v -0.021756 -0.017652 0.006956
v -0.022105 -0.018466 0.027922
v -0.022118 -0.018438 0.027750
v -0.022179 -0.018481 0.027629
v -0.021858 -0.019571 0.030938
v -0.021626 -0.025955 -0.009383
v -0.022358 -0.023352 -0.010925
v -0.021697 -0.019961 -0.012293
v -0.021713 -0.019273 -0.012375
v -0.022228 -0.019915 -0.012021
v -0.022341 -0.019878 -0.011886
v -0.021713 -0.018588 -0.012149
v -0.021713 -0.018043 -0.011677
v -0.021713 -0.017652 -0.010528
v -0.021713 -0.017719 -0.011033
v -0.021936 -0.023498 -0.011229
v -0.022257 -0.027918 0.029911
v -0.021672 -0.023546 -0.011332
v -0.021667 -0.023547 -0.011334
v -0.021592 -0.028273 -0.007218
v -0.021971 -0.028098 -0.007030
v -0.021175 -0.030174 -0.004374
v -0.021609 -0.017652 0.002581
v -0.022250 -0.027930 0.029950
v -0.022083 -0.020637 0.030773
v -0.021952 -0.028420 0.031476
v -0.021533 -0.017652 -0.001782
v -0.021589 -0.017652 -0.006138
v -0.021700 -0.019989 -0.012297
v -0.021607 -0.029459 0.032562
v -0.022028 -0.028909 0.029552
v -0.021223 -0.030243 0.032920
v -0.021389 -0.029975 0.032297
v -0.021661 -0.029536 0.031279
v -0.022016 -0.028338 -0.006658
v -0.020766 -0.030358 -0.004767
v -0.021877 -0.028374 -0.006770
v -0.022027 -0.018374 0.027929
v -0.021898 -0.018283 0.028185
v -0.021575 -0.019051 0.030984
v -0.021761 -0.020921 0.032309
v -0.021273 -0.020686 0.033979
v -0.021507 -0.017923 0.028242
v -0.021187 -0.017500 0.020128
v -0.021222 -0.017500 0.015746
v -0.021228 -0.017500 0.014959
v -0.021402 -0.017597 0.025967
v -0.021679 -0.017643 0.024571
v -0.021182 -0.017500 0.020825
v -0.021334 -0.021209 0.033893
v -0.021629 -0.028920 0.032789
v -0.021796 -0.018229 0.028330
v -0.021143 -0.017689 0.028127
v -0.021566 -0.028457 -0.007022
v -0.021098 -0.020151 0.034035
v -0.021609 -0.018131 0.028596
v -0.020993 -0.017500 0.006984
v -0.020997 -0.017500 0.007129
v -0.020948 -0.019214 -0.012513
v -0.020948 -0.019254 -0.012526
v -0.020948 -0.020032 -0.012469
v -0.020948 -0.018311 -0.012107
v -0.020948 -0.018513 -0.012281
v -0.020948 -0.017701 -0.011330
v -0.020948 -0.017923 -0.011771
v -0.020948 -0.017572 -0.011074
v -0.020856 -0.017500 -0.006159
v -0.020948 -0.017500 -0.010541
v -0.021679 -0.019992 -0.012308
v -0.021535 -0.020012 -0.012384
v -0.020938 -0.021822 -0.011975
v -0.020931 -0.023611 -0.011481
v -0.020935 -0.023611 -0.011481
v -0.021469 -0.023583 -0.011411
v -0.020961 -0.017500 0.024509
v -0.020929 -0.023952 -0.011218
v -0.020881 -0.026037 -0.009502
v -0.021271 -0.021251 0.034123
v -0.021438 -0.029215 0.033566
v -0.021560 -0.028277 -0.007223
v -0.021375 -0.028301 -0.007252
v -0.020880 -0.026052 -0.009490
v -0.020880 -0.026059 -0.009484
v -0.020870 -0.026448 -0.009137
v -0.020872 -0.026358 -0.009222
v -0.021189 -0.018586 0.030998
v -0.021387 -0.018014 0.028913
v -0.021039 -0.017774 0.028900
v -0.020883 -0.017500 0.002602
v -0.020818 -0.030680 0.035255
v -0.020832 -0.030088 0.035551
v -0.021268 -0.029459 0.034121
v -0.021130 -0.030393 0.033268
v -0.020767 -0.017500 -0.001989
v -0.020817 -0.019636 0.034057
v -0.021436 -0.028442 -0.007077
v -0.020267 -0.030406 -0.005089
v -0.020773 -0.017500 -0.001779
v -0.020739 -0.017622 0.028778
v -0.020999 -0.017562 0.027333
v -0.021366 -0.028434 -0.007107
v -0.020741 -0.017500 0.025860
v -0.021297 -0.017979 0.029002
v -0.020817 -0.028372 -0.007339
v -0.020689 -0.028622 -0.007091
v -0.021033 -0.017878 0.029261
v -0.020317 -0.021280 0.036902
v -0.020302 -0.021227 0.036901
v -0.020296 -0.021206 0.036900
v -0.021175 -0.021316 0.034482
v -0.011300 -0.017500 0.007800
v -0.020425 -0.031454 -0.002247
v -0.020241 -0.031706 -0.001942
v -0.019241 -0.033070 -0.000290
v -0.018983 -0.033385 0.000135
v -0.020720 -0.018204 0.030978
v -0.020438 -0.019172 0.034042
v -0.012300 -0.017500 0.028335
v -0.019965 -0.031983 -0.002324
v -0.020364 -0.021756 0.036883
v -0.020419 -0.017529 0.028647
v -0.018488 -0.033987 0.000950
v -0.020589 -0.031212 0.034917
v -0.020140 -0.020653 0.036887
v -0.020847 -0.017807 0.029445
v -0.020520 -0.017500 0.027212
v 0.010669 -0.019551 -0.012541
v 0.010466 -0.020032 -0.012469
v 0.010880 -0.019213 -0.012507
v 0.010982 -0.019050 -0.012490
v 0.009929 -0.021638 -0.012026
v 0.009699 -0.022266 -0.011852
v 0.009346 -0.023230 -0.011586
v 0.009183 -0.023507 -0.011509
v 0.011053 -0.018955 -0.012466
v 0.011147 -0.018753 -0.012391
v 0.011200 -0.018551 -0.012302
v 0.011200 -0.018289 -0.012133
v 0.011200 -0.017669 -0.011346
v 0.011200 -0.017500 -0.010541
v 0.008993 -0.023611 -0.011481
v -0.020926 -0.023611 -0.011481
v 0.008993 -0.024517 -0.010772
v 0.008993 -0.026451 -0.009139
v -0.020594 -0.017738 0.029605
v -0.020213 -0.017559 0.029383
v -0.020796 -0.030139 0.035668
v -0.020531 -0.031299 0.035092
v -0.019861 -0.032030 0.037824
v -0.019850 -0.020091 0.036828
v -0.019889 -0.020167 0.036836
v -0.020135 -0.020643 0.036886
v 0.008993 -0.028299 -0.007411
v -0.019933 -0.031299 0.038000
v -0.019925 -0.021822 0.038013
v -0.020012 -0.021793 0.037797
v -0.020103 -0.021762 0.037569
v -0.019570 -0.032153 -0.002686
v -0.020005 -0.017514 0.029257
v -0.020200 -0.017925 0.030928
v -0.020429 -0.017694 0.029710
v -0.019981 -0.018790 0.033987
v 0.008993 -0.030058 -0.005592
v -0.019894 -0.030052 -0.005586
v -0.019755 -0.032391 0.037079
v -0.020090 -0.017500 0.028514
v -0.019533 -0.019701 0.036745
v -0.019473 -0.019628 0.036729
v -0.019437 -0.019584 0.036720
v -0.020303 -0.017660 0.029789
v -0.019785 -0.017500 0.029124
v -0.020037 -0.017500 0.028674
v -0.019950 -0.021247 0.037828
v -0.020096 -0.017624 0.029856
v -0.019853 -0.017530 0.029643
v -0.019744 -0.030321 -0.005304
v -0.019740 -0.030329 -0.005295
v -0.019099 -0.032197 -0.002990
v -0.019725 -0.017507 0.029526
v -0.019661 -0.017757 0.030852
v -0.019473 -0.018509 0.033899
v -0.019788 -0.020703 0.037819
v -0.019836 -0.017580 0.029941
v -0.019672 -0.017500 0.029326
v -0.018910 -0.019167 0.036562
v -0.019009 -0.019245 0.036591
v -0.019101 -0.019318 0.036619
v -0.018704 -0.033646 -0.000214
v -0.019530 -0.021445 0.038868
v -0.019351 -0.020932 0.038929
v -0.019927 -0.031306 0.038014
v -0.019862 -0.031388 0.038169
v -0.019083 -0.026639 0.040034
v -0.019713 -0.021894 0.038544
v -0.019523 -0.020178 0.037766
v -0.018798 -0.032708 0.040687
v -0.018493 -0.032164 0.041377
v -0.018791 -0.033404 0.040315
v -0.018793 -0.033400 0.040317
v -0.019603 -0.032586 0.037421
v -0.019617 -0.017517 0.029742
v -0.019544 -0.017504 0.029631
v -0.019807 -0.017575 0.029950
v -0.019762 -0.017571 0.029952
v -0.019078 -0.020437 0.038945
v -0.019136 -0.017694 0.030758
v -0.019312 -0.017538 0.029968
v -0.019312 -0.017519 0.029773
v 0.008993 -0.031723 -0.003686
v -0.018706 -0.031972 -0.003384
v -0.019594 -0.017500 0.029405
v -0.019488 -0.017500 0.029513
v -0.019619 -0.021960 0.038769
v -0.018617 -0.018154 0.033087
v -0.018948 -0.018336 0.033784
v -0.019324 -0.022168 0.039474
v -0.019114 -0.021798 0.039858
v -0.019312 -0.017509 0.029675
v -0.018507 -0.033985 0.039881
v -0.018323 -0.033803 -0.000546
v -0.019470 -0.017500 0.029521
v -0.019357 -0.017500 0.029576
v -0.019160 -0.019707 0.037671
v -0.018918 -0.021329 0.039981
v -0.018718 -0.019988 0.038914
v -0.018623 -0.019034 0.036467
v -0.018497 -0.018976 0.036426
v -0.018295 -0.018882 0.036360
v -0.019312 -0.017500 0.029580
v -0.018638 -0.020873 0.040061
v -0.019228 -0.022273 0.039697
v -0.012300 -0.017500 0.029580
v -0.012300 -0.017538 0.029968
v -0.017454 -0.018750 0.036100
v -0.018956 -0.022569 0.040326
v -0.018721 -0.022297 0.040768
v -0.018720 -0.019319 0.037536
v -0.018289 -0.019611 0.038836
v -0.018439 -0.018266 0.033653
v -0.018510 -0.021878 0.040946
v -0.018606 -0.032113 -0.003202
v -0.017880 -0.033844 -0.000830
v -0.018468 -0.032121 0.041431
v -0.018197 -0.031456 0.042040
v -0.018184 -0.031425 0.042068
v -0.017949 -0.030621 0.042594
v -0.017779 -0.029769 0.042974
v -0.017773 -0.029721 0.042987
v -0.017669 -0.028859 0.043219
v -0.017664 -0.028739 0.043232
v -0.017625 -0.027937 0.043318
v -0.017629 -0.027732 0.043309
v -0.017644 -0.027007 0.043276
v -0.017670 -0.026718 0.043217
v -0.017726 -0.026101 0.043092
v -0.017784 -0.025746 0.042961
v -0.017868 -0.025237 0.042774
v -0.017969 -0.024832 0.042548
v -0.018068 -0.024435 0.042327
v -0.018216 -0.024012 0.041997
v -0.018319 -0.023718 0.041767
v -0.018514 -0.023308 0.041328
v -0.018617 -0.023092 0.041097
v -0.018857 -0.022722 0.040553
v -0.018280 -0.020457 0.040092
v -0.017973 -0.018819 0.036246
v -0.018126 -0.018849 0.036300
v -0.018223 -0.021470 0.041083
v -0.018548 -0.033209 0.041070
v -0.018115 -0.032879 0.041865
v -0.018518 -0.033793 0.040650
v -0.018498 -0.033996 0.039897
v -0.018517 -0.033795 0.040647
v -0.018135 -0.022578 0.041819
v -0.018229 -0.019035 0.037370
v -0.017816 -0.019325 0.038715
v -0.017861 -0.020101 0.040069
v -0.017403 -0.035172 0.001958
v -0.017968 -0.034620 0.001805
v -0.017867 -0.021095 0.041170
v 0.008993 -0.033289 -0.001699
v -0.017779 -0.033283 -0.001694
v -0.018476 -0.033323 0.041141
v -0.018385 -0.033429 0.041200
v -0.018079 -0.033787 0.041401
v -0.018105 -0.034403 0.040429
v -0.017903 -0.034519 0.040620
v -0.017997 -0.034253 0.041073
v -0.018442 -0.034063 0.039998
v -0.018364 -0.034156 0.040095
v -0.017810 -0.023409 0.042569
v -0.017842 -0.022226 0.042006
v -0.017150 -0.035529 0.037862
v -0.017323 -0.035341 0.038311
v -0.017448 -0.035205 0.038635
v -0.017797 -0.034814 0.039285
v -0.017830 -0.034777 0.039347
v -0.017657 -0.018757 0.036135
v -0.017038 -0.035316 0.001656
v -0.017720 -0.018862 0.037187
v -0.017404 -0.019821 0.039996
v -0.017457 -0.020768 0.041201
v -0.017327 -0.019138 0.038561
v -0.017487 -0.021899 0.042143
v -0.017541 -0.024367 0.043188
v -0.017794 -0.032043 0.042606
v -0.017512 -0.023118 0.042799
v -0.017822 -0.033227 0.042055
v -0.017368 -0.035171 0.039746
v -0.018010 -0.033868 0.041446
v -0.017991 -0.033880 0.041451
v -0.017356 -0.034572 0.041398
v -0.017684 -0.034076 0.041538
v -0.017894 -0.034524 0.040629
v -0.017669 -0.034654 0.040843
v -0.017467 -0.033552 0.042195
v -0.017684 -0.034929 0.002275
v -0.017529 -0.031079 0.043216
v -0.017623 -0.033502 -0.001411
v -0.017417 -0.033763 -0.001037
v -0.016622 -0.035356 0.001392
v -0.017341 -0.025430 0.043651
v -0.017085 -0.021611 0.042224
v -0.017013 -0.020505 0.041176
v -0.017158 -0.022846 0.042981
v -0.017496 -0.032330 0.042838
v -0.016932 -0.019626 0.039880
v -0.017240 -0.024143 0.043453
v -0.016869 -0.035729 0.038631
v -0.017335 -0.030025 0.043666
v -0.017219 -0.026557 0.043936
v -0.017200 -0.018808 0.037076
v -0.017220 -0.018803 0.036996
v -0.016898 -0.018998 0.038199
v -0.017178 -0.018813 0.037161
v -0.016615 -0.036091 0.004041
v -0.017342 -0.034294 0.041633
v -0.017215 -0.028891 0.043944
v -0.017302 -0.034758 0.041093
v -0.017176 -0.027728 0.044035
v -0.017037 -0.025278 0.043942
v -0.016874 -0.031506 0.043703
v -0.016887 -0.023933 0.043671
v -0.017142 -0.032598 0.043022
v -0.016761 -0.022604 0.043105
v -0.017065 -0.033837 0.042279
v -0.016651 -0.021373 0.042247
v -0.012300 -0.018750 0.036100
v -0.016448 -0.034990 0.000723
v -0.016556 -0.020311 0.041100
v -0.016075 -0.036567 0.004194
v -0.016818 -0.035395 0.040190
v -0.017299 -0.034759 0.041095
v -0.016327 -0.035993 0.038935
v -0.016640 -0.034747 0.041615
v -0.016816 -0.034544 0.041719
v -0.017039 -0.034487 0.041718
v -0.017261 -0.034346 0.041656
v -0.017107 -0.034813 0.041227
v -0.016678 -0.030315 0.044204
v -0.016596 -0.019333 0.039286
v -0.016847 -0.019055 0.038384
v -0.016684 -0.025135 0.044187
v -0.012300 -0.018803 0.037077
v -0.016517 -0.027725 0.044616
v -0.016560 -0.026406 0.044505
v -0.016557 -0.029036 0.044515
v -0.015297 -0.037350 0.035233
v -0.016750 -0.035916 0.037304
v -0.016355 -0.036345 0.004479
v -0.016537 -0.036088 0.037386
v -0.016745 -0.032838 0.043149
v -0.016619 -0.034843 0.041463
v -0.016192 -0.035462 0.040579
v -0.016337 -0.022400 0.043170
v -0.016632 -0.034074 0.042303
v -0.015727 -0.036699 0.003922
v -0.015770 -0.021074 0.042124
v -0.015962 -0.020539 0.041473
v -0.016471 -0.019531 0.039723
v -0.016566 -0.019380 0.039390
v -0.016109 -0.020206 0.040972
v -0.016293 -0.019814 0.040345
v -0.016075 -0.023583 0.043933
v -0.015880 -0.024894 0.044506
v -0.016481 -0.031691 0.043866
v -0.015999 -0.036378 0.037539
v -0.016140 -0.036215 0.038254
v -0.016642 -0.034588 0.041719
v -0.016636 -0.036027 0.037144
v -0.016321 -0.033040 0.043216
v -0.015760 -0.026281 0.044858
v -0.016288 -0.030442 0.044395
v -0.015512 -0.021961 0.042991
v -0.015739 -0.021161 0.042231
v -0.015813 -0.034564 0.041979
v -0.015890 -0.034779 0.041720
v -0.016603 -0.034844 0.041471
v -0.016492 -0.034851 0.041524
v -0.016479 -0.036137 0.036986
v -0.015754 -0.034366 0.042180
v -0.015337 -0.036738 0.003679
v -0.016190 -0.035281 0.001192
v -0.015788 -0.034955 0.041470
v -0.015547 -0.035370 0.040878
v -0.012300 -0.019374 0.039393
v -0.015718 -0.027723 0.044982
v -0.015756 -0.029155 0.044869
v -0.015994 -0.020450 0.041364
v -0.016063 -0.031850 0.043969
v -0.016249 -0.036298 0.036753
v -0.015914 -0.036476 0.036807
v 0.008993 -0.034752 0.000366
v -0.015311 -0.037364 0.006237
v -0.015458 -0.022209 0.043172
v -0.015475 -0.022133 0.043117
v -0.015300 -0.022934 0.043703
v -0.015544 -0.036367 0.038461
v -0.015723 -0.036122 0.039208
v -0.015553 -0.033697 0.042855
v -0.015461 -0.033301 0.043163
v -0.015459 -0.033290 0.043171
v -0.015350 -0.032822 0.043535
v -0.015874 -0.030552 0.044524
v -0.016139 -0.036375 0.036641
v -0.015513 -0.035428 0.040795
v -0.015193 -0.035964 0.039778
v 0.008993 -0.036110 0.002502
v -0.015468 -0.036097 0.002509
v -0.015409 -0.036547 0.037678
v -0.015894 -0.036488 0.036479
v -0.012300 -0.020533 0.041478
v -0.015230 -0.023367 0.043939
v -0.015098 -0.024261 0.044380
v -0.015131 -0.023971 0.044268
v -0.014734 -0.037835 0.006500
v -0.015172 -0.031809 0.044133
v -0.015217 -0.032064 0.043982
v -0.015328 -0.036656 0.036875
v -0.015698 -0.036578 0.036348
v -0.015043 -0.024740 0.044566
v -0.015008 -0.025042 0.044683
v -0.015099 -0.031237 0.044377
v -0.015036 -0.030742 0.044588
v -0.015033 -0.030708 0.044598
v -0.014944 -0.029642 0.044899
v -0.012300 -0.034967 0.041478
v -0.014925 -0.026191 0.044964
v -0.014887 -0.027341 0.045091
v -0.014913 -0.026559 0.045004
v -0.014926 -0.029232 0.044960
v -0.014913 -0.028940 0.045003
v -0.014894 -0.028498 0.045069
v -0.012300 -0.022200 0.043185
v -0.014403 -0.037956 0.006258
v -0.015111 -0.036097 0.039423
v -0.014948 -0.036363 0.038712
v -0.015103 -0.036110 0.039387
v -0.014889 -0.027721 0.045084
v -0.015302 -0.036683 0.036196
v -0.014936 -0.036381 0.038633
v -0.015141 -0.036468 0.003107
v -0.012300 -0.033300 0.043185
v -0.014786 -0.036621 0.037616
v -0.014812 -0.036580 0.037792
v -0.014936 -0.036675 0.003488
v -0.014038 -0.037995 0.006037
v -0.014711 -0.036741 0.036506
v -0.014739 -0.036695 0.036931
v -0.014749 -0.036680 0.037075
v -0.014870 -0.037770 0.034627
v -0.015255 -0.037419 0.006330
v -0.015217 -0.036706 0.036164
v -0.014705 -0.036750 0.036100
v -0.015011 -0.037633 0.006754
v -0.012300 -0.024256 0.044394
v -0.012300 -0.031244 0.044394
v -0.012300 -0.036126 0.039393
v -0.012300 -0.028943 0.045021
v -0.013824 -0.038675 0.008816
v -0.012300 -0.026557 0.045021
v -0.013864 -0.037761 0.005477
v -0.012300 -0.036750 0.036100
v -0.012400 -0.039800 0.031696
v -0.012564 -0.039676 0.011111
v -0.013665 -0.038801 0.009105
v -0.012300 -0.036697 0.037077
v -0.013394 -0.038981 0.008883
v -0.013080 -0.039091 0.008670
v -0.013666 -0.037944 0.005857
v -0.013083 -0.038478 0.006972
v -0.012740 -0.039129 0.008473
v 0.008993 -0.037357 0.004703
v 0.008993 -0.038491 0.006965
v -0.012012 -0.039925 0.010708
v -0.012047 -0.039922 0.010738
v -0.012096 -0.039909 0.010816
v -0.012235 -0.039872 0.011038
v -0.012670 -0.038857 0.007761
v -0.011794 -0.039943 0.010524
v -0.011716 -0.039944 0.010483
v -0.011768 -0.039945 0.010503
v -0.012396 -0.039085 0.008310
v -0.012400 -0.039800 0.011420
v -0.012304 -0.039854 0.011148
v -0.012300 -0.039866 0.027310
v -0.012116 -0.039949 0.027310
v -0.012116 -0.039949 0.011420
v -0.012351 -0.039834 0.031646
v 0.008993 -0.039510 0.009282
v -0.011377 -0.039934 0.010351
v -0.012300 -0.039866 0.031601
v -0.012300 -0.030767 0.023970
v -0.011300 -0.030767 0.023970
v -0.012300 -0.027905 0.023601
v -0.011300 -0.027905 0.023601
v -0.012300 -0.025035 0.023898
v -0.011300 -0.025035 0.023898
v -0.012300 -0.022310 0.024846
v -0.012300 -0.033468 0.024984
v -0.011300 -0.033468 0.024984
v -0.011300 -0.022310 0.024846
v -0.012300 -0.019874 0.026393
v -0.012300 -0.035864 0.026592
v -0.011300 -0.035864 0.026592
v -0.011300 -0.019874 0.026393
v -0.012300 -0.017858 0.028458
v -0.012300 -0.036774 0.027124
v -0.012300 -0.037812 0.027310
v -0.011300 -0.037500 0.027293
v -0.011300 -0.036774 0.027124
v -0.011154 -0.037854 0.027310
v -0.011191 -0.037812 0.027310
v -0.011242 -0.037734 0.027309
v -0.011258 -0.037670 0.027304
v -0.011300 -0.017500 0.028335
v -0.012300 -0.017524 0.028431
v -0.012300 -0.017591 0.028503
v -0.011300 -0.017524 0.028431
v -0.011300 -0.017858 0.028458
v -0.012300 -0.017781 0.028518
v -0.011300 -0.017781 0.028518
v -0.012300 -0.017684 0.028535
v -0.011300 -0.017591 0.028503
v -0.011300 -0.017684 0.028535
v -0.011920 -0.039978 0.010887
v -0.011800 -0.040000 0.027310
v -0.010973 -0.037969 0.027310
v -0.011800 -0.040000 0.011420
v -0.011594 -0.040000 0.010780
v -0.011728 -0.040000 0.010967
v -0.011440 -0.040000 0.010714
v -0.011377 -0.040000 0.010709
v 0.010252 -0.040000 0.014551
v 0.008200 -0.040000 0.027310
v 0.010243 -0.040000 0.014514
v 0.008200 -0.038000 0.027310
v -0.010800 -0.038000 0.027310
v 0.008993 -0.039934 0.010351
v 0.009026 -0.040000 0.010709
v -0.011300 -0.037500 0.007800
v 0.010451 -0.037500 0.007800
v -0.011269 -0.037673 0.007831
v 0.010318 -0.037668 0.007847
v 0.010247 -0.037758 0.007872
v -0.011166 -0.037840 0.007933
v -0.011153 -0.037853 0.007947
v 0.010198 -0.037848 0.007952
v -0.010965 -0.037947 0.008135
v -0.011112 -0.037891 0.007988
v 0.010172 -0.037895 0.007994
v 0.010163 -0.037966 0.008129
v -0.010800 -0.038000 0.008300
v -0.010829 -0.037999 0.008270
v 0.010162 -0.037976 0.008148
v 0.010357 -0.038000 0.008689
v 0.010202 -0.038000 0.008300
v 0.010714 -0.038000 0.009593
v 0.011200 -0.038000 0.024310
v -0.000433 -0.033750 0.007300
v -0.000500 -0.034000 0.007300
v -0.000433 -0.034250 0.007300
v 0.000000 -0.034000 0.007300
v -0.000250 -0.033567 0.007300
v -0.000250 -0.034433 0.007300
v 0.000000 -0.033500 0.007300
v 0.000000 -0.034500 0.007300
v 0.000250 -0.033567 0.007300
v 0.000250 -0.034433 0.007300
v 0.000433 -0.033750 0.007300
v 0.000433 -0.034250 0.007300
v 0.000500 -0.034000 0.007300
v 0.011200 -0.036445 0.007800
v 0.010752 -0.037168 0.007800
v 0.011154 -0.036651 0.007800
v 0.011053 -0.036835 0.007800
v 0.009348 -0.038000 0.027081
v 0.009348 -0.040000 0.027081
v 0.011200 -0.040000 0.018393
v 0.010972 -0.040000 0.025458
v 0.011200 -0.040000 0.024310
v 0.009063 -0.023598 -0.011484
v 0.009184 -0.024493 -0.010742
v 0.009184 -0.026425 -0.009111
v 0.009184 -0.028273 -0.007384
v 0.009184 -0.030030 -0.005566
v 0.009184 -0.031694 -0.003662
v 0.009184 -0.033258 -0.001676
v 0.009184 -0.034721 0.000387
v 0.009184 -0.036077 0.002521
v 0.009184 -0.037323 0.004721
v 0.009184 -0.038457 0.006982
v 0.009184 -0.039475 0.009296
v 0.009184 -0.039898 0.010365
v 0.009221 -0.039955 0.010640
v 0.009173 -0.023524 -0.011505
v 0.009346 -0.024425 -0.010657
v 0.009346 -0.026353 -0.009030
v 0.009346 -0.026596 -0.008803
v 0.009346 -0.029950 -0.005493
v 0.009346 -0.028197 -0.007307
v 0.009346 -0.030341 -0.005045
v 0.009346 -0.033172 -0.001611
v 0.009346 -0.031610 -0.003593
v 0.009346 -0.033667 -0.000912
v 0.009346 -0.035984 0.002577
v 0.009346 -0.034631 0.000448
v 0.009346 -0.036536 0.003550
v 0.009346 -0.038359 0.007028
v 0.009346 -0.037228 0.004772
v 0.009346 -0.038915 0.008292
v 0.009346 -0.039374 0.009337
v 0.009346 -0.039797 0.010404
v 0.010446 -0.039958 0.014496
v 0.010594 -0.039839 0.014453
v 0.009355 -0.039822 0.010494
v 0.009379 -0.039831 0.010584
v 0.009524 -0.039832 0.011001
v 0.010339 -0.039837 0.013552
v 0.010433 -0.039838 0.013845
v 0.011053 -0.021473 -0.010761
v 0.011053 -0.023509 -0.009203
v 0.011053 -0.025459 -0.007540
v 0.011053 -0.027317 -0.005774
v 0.011053 -0.029079 -0.003913
v 0.011053 -0.030740 -0.001960
v 0.011053 -0.032294 0.000078
v 0.011053 -0.033738 0.002196
v 0.011053 -0.035066 0.004388
v 0.011053 -0.036277 0.006648
v 0.010321 -0.038000 0.026431
v 0.010972 -0.038000 0.025458
v 0.010321 -0.040000 0.026431
v 0.011200 -0.038000 0.010895
v 0.011200 -0.039946 0.017490
v 0.011200 -0.039024 0.013812
v 0.011200 -0.039843 0.016731
v 0.011200 -0.039928 0.017182
v 0.011053 -0.019469 -0.012136
v 0.011162 -0.021378 -0.010630
v 0.011162 -0.019380 -0.012000
v 0.011162 -0.023407 -0.009077
v 0.011162 -0.025350 -0.007419
v 0.011162 -0.027203 -0.005660
v 0.011162 -0.028959 -0.003805
v 0.011162 -0.030614 -0.001858
v 0.011162 -0.032163 0.000173
v 0.011162 -0.033601 0.002284
v 0.011162 -0.034925 0.004469
v 0.011162 -0.036132 0.006721
v 0.011200 -0.019276 -0.011840
v 0.011188 -0.018664 -0.012358
v 0.011179 -0.036604 0.007800
v 0.011200 -0.021266 -0.010475
v 0.011200 -0.023287 -0.008929
v 0.011200 -0.025222 -0.007277
v 0.011200 -0.027067 -0.005525
v 0.011200 -0.028816 -0.003677
v 0.011200 -0.030465 -0.001738
v 0.011200 -0.032007 0.000285
v 0.011200 -0.033440 0.002388
v 0.011200 -0.034759 0.004564
v 0.011200 -0.035960 0.006807
vn -1.0000 -0.0000 -0.0000
vn -0.0000 1.0000 -0.0000
vn -0.9808 -0.0000 -0.1951
vn -0.0000 -1.0000 -0.0000
vn -0.0000 -0.0000 -1.0000
vn -0.9915 -0.1301 -0.0000
vn -0.9808 -0.1951 -0.0061
vn -0.0000 0.9813 0.1926
vn -0.0000 0.8357 0.5492
vn -0.0000 0.5492 0.8357
vn -0.0000 0.1926 0.9813
vn -0.0000 -0.0000 1.0000
vn -0.9807 0.1950 -0.0136
vn -0.9915 0.1301 -0.0000
vn -0.5713 0.0749 -0.8173
vn -0.6379 -0.0836 -0.7656
vn -0.7361 0.1874 -0.6504
vn -0.7109 -0.2086 -0.6716
vn -0.6146 -0.2340 -0.7534
vn -0.6747 -0.3141 -0.6679
vn -0.6903 0.3213 -0.6482
vn -0.6160 0.2182 -0.7569
vn -0.5893 0.2743 -0.7599
vn -0.6213 0.3456 -0.7032
vn -0.6189 -0.3494 -0.7035
vn -0.5911 -0.2752 -0.7582
vn -1.0000 -0.0001 -0.0000
vn -0.6187 -0.3496 -0.7036
vn -0.5049 0.5049 -0.7001
vn -0.5453 0.3695 -0.7524
vn -0.5248 0.4371 -0.7305
vn -0.9696 0.2446 -0.0000
vn -0.9825 0.1863 0.0024
vn -0.9825 -0.1864 -0.0000
vn -0.5251 -0.4362 -0.7308
vn -0.5016 -0.5017 -0.7048
vn -0.9691 0.2444 0.0336
vn -0.9696 -0.2446 0.0026
vn -0.9691 -0.2444 0.0336
vn -0.9694 0.2302 0.0849
vn -0.9691 0.2445 0.0336
vn -0.9693 -0.2306 0.0850
vn -0.9694 -0.2302 0.0850
vn -0.9691 -0.2445 0.0336
vn -0.9693 0.2138 0.1212
vn -0.9694 0.2135 0.1209
vn -0.9688 0.1798 0.1703
vn -0.9694 -0.2135 0.1210
vn -0.9688 -0.1798 0.1704
vn -0.9688 0.1160 0.2188
vn -0.9688 -0.1160 0.2188
vn -0.9688 0.0401 0.2444
vn -0.9688 -0.0401 0.2444
vn -0.9696 -0.0000 0.2446
vn -0.9693 0.2305 0.0851
vn -0.9693 -0.2138 0.1211
vn -0.5248 0.4371 -0.7304
vn -0.9827 -0.1850 0.0036
vn -0.9696 -0.2447 0.0026
vn -0.5250 -0.4362 -0.7308
vn -0.8482 -0.5297 -0.0018
vn -0.5056 -0.4678 -0.7249
vn -0.5040 0.4707 -0.7242
vn -0.4362 0.4366 -0.7868
vn -0.4362 0.4366 -0.7869
vn -0.8475 0.5308 0.0037
vn -0.9695 0.2448 -0.0111
vn -0.9690 0.2447 0.0336
vn -0.9691 -0.2446 0.0336
vn -0.9065 0.4219 0.0114
vn -0.9066 -0.4220 0.0051
vn -0.6008 0.7993 0.0092
vn -0.7415 0.6710 0.0027
vn -0.7383 0.6682 0.0917
vn -0.7414 -0.6710 0.0036
vn -0.7383 -0.6682 0.0918
vn -0.7403 0.6306 0.2329
vn -0.7383 0.6682 0.0918
vn -0.7403 -0.6306 0.2329
vn -0.7404 0.5849 0.3312
vn -0.7403 0.5850 0.3312
vn -0.7403 -0.5850 0.3312
vn -0.7370 0.4907 0.4649
vn -0.7370 0.4906 0.4649
vn -0.7404 -0.5849 0.3312
vn -0.7370 -0.4907 0.4648
vn -0.7370 0.3166 0.5972
vn -0.7370 -0.3166 0.5972
vn -0.7370 -0.4907 0.4649
vn -0.7373 0.1093 0.6666
vn -0.7370 0.1094 0.6670
vn -0.7370 -0.1094 0.6670
vn -0.7370 -0.1093 0.6670
vn -0.7415 -0.0000 0.6709
vn -0.7414 -0.0000 0.6711
vn -0.7369 0.1094 0.6671
vn -0.7369 -0.1094 0.6671
vn -0.6030 -0.7977 0.0025
vn -0.4760 -0.4991 -0.7242
vn -0.8315 -0.0000 -0.5556
vn -0.8314 -0.5556 -0.0067
vn -0.8314 0.5555 -0.0151
vn -0.9065 0.4220 0.0114
vn -0.4753 0.4997 -0.7242
vn -0.7414 0.6710 0.0027
vn -0.6016 0.7988 -0.0019
vn -0.6035 -0.7974 -0.0019
vn -0.7414 -0.6711 0.0025
vn -0.4687 -0.5061 -0.7240
vn -0.4403 -0.4412 -0.7820
vn -0.3503 0.9366 0.0027
vn -0.3474 0.9290 0.1276
vn -0.3504 -0.9366 0.0027
vn -0.3475 -0.9290 0.1276
vn -0.3494 0.8790 0.3246
vn -0.3494 0.8789 0.3246
vn -0.3475 0.9290 0.1276
vn -0.3495 -0.8789 0.3246
vn -0.3476 -0.9289 0.1276
vn -0.3494 0.8154 0.4617
vn -0.3494 0.8153 0.4617
vn -0.3494 -0.8153 0.4616
vn -0.3494 -0.8789 0.3246
vn -0.3464 0.6810 0.6452
vn -0.3463 0.6810 0.6452
vn -0.3494 -0.8154 0.4617
vn -0.3463 -0.6810 0.6452
vn -0.3464 0.4394 0.8288
vn -0.3464 -0.4394 0.8288
vn -0.3464 -0.6810 0.6452
vn -0.3466 0.1517 0.9257
vn -0.3464 0.1517 0.9257
vn -0.3464 -0.1517 0.9257
vn -0.3462 -0.1518 0.9258
vn -0.3503 -0.0000 0.9366
vn -0.3504 -0.0000 0.9366
vn -0.3464 0.1517 0.9258
vn -0.3464 -0.1517 0.9258
vn -0.2940 -0.9558 0.0019
vn -0.4441 0.5212 -0.7288
vn -0.2827 0.9592 0.0018
vn -0.7071 0.7071 0.0121
vn -0.7071 -0.7071 0.0054
vn -0.4439 0.5213 -0.7289
vn -0.3505 0.9366 0.0018
vn -0.2835 0.9590 -0.0002
vn -0.2946 -0.9556 0.0002
vn -0.3504 -0.9366 0.0019
vn -0.4442 -0.5209 -0.7289
vn -0.3476 0.9289 0.1276
vn -0.0663 -0.9978 -0.0000
vn -0.0610 -0.9981 -0.0001
vn -0.4290 -0.5274 -0.7334
vn -0.0610 0.9981 0.0001
vn -0.0605 0.9889 0.1358
vn -0.0608 0.9889 0.1359
vn -0.0605 -0.9889 0.1358
vn -0.0612 0.9363 0.3458
vn -0.0608 0.9364 0.3458
vn -0.0608 -0.9363 0.3458
vn -0.0604 -0.9889 0.1358
vn -0.0608 0.8686 0.4918
vn -0.0608 -0.8686 0.4918
vn -0.0602 0.7246 0.6865
vn -0.0603 0.7246 0.6865
vn -0.0613 -0.8686 0.4918
vn -0.0602 -0.7246 0.6865
vn -0.0604 0.4675 0.8819
vn -0.0606 0.4674 0.8819
vn -0.0603 0.4675 0.8819
vn -0.0605 -0.4675 0.8819
vn -0.0605 -0.7246 0.6865
vn -0.0600 -0.4675 0.8820
vn -0.0602 0.1614 0.9850
vn -0.0600 0.1615 0.9850
vn -0.0600 -0.4674 0.8820
vn -0.0600 -0.1614 0.9851
vn -0.0610 -0.0000 0.9981
vn -0.0602 -0.1615 0.9850
vn -0.4288 0.5275 -0.7334
vn -0.0550 0.9985 -0.0000
vn -0.5016 0.5016 -0.7048
vn -0.3453 0.6216 -0.7032
vn -0.3712 -0.5448 -0.7519
vn -0.0000 0.9907 0.1361
vn -0.0190 0.9700 0.2423
vn -0.0000 0.9930 0.1181
vn -0.0000 0.9930 0.1180
vn -0.0014 -0.9907 0.1361
vn -0.0050 -0.9864 0.1641
vn -0.0000 -0.9995 0.0312
vn 0.0009 0.9381 0.3464
vn -0.0407 0.8933 0.4476
vn -0.0408 0.8932 0.4479
vn -0.0100 0.9297 0.3682
vn -0.0000 0.9542 0.2993
vn -0.0000 -0.9524 0.3049
vn -0.0000 -0.9524 0.3048
vn -0.0072 -0.9381 0.3464
vn -0.0000 -0.9860 0.1669
vn -0.0000 0.8702 0.4927
vn -0.0149 0.8503 0.5260
vn 0.0009 0.8924 0.4513
vn -0.0005 -0.9257 0.3784
vn 0.0004 -0.8913 0.4535
vn -0.0077 -0.8702 0.4927
vn 0.0004 -0.8912 0.4537
vn 0.0004 -0.8910 0.4540
vn -0.0000 0.7259 0.6878
vn -0.0000 -0.8505 0.5260
vn -0.0000 -0.7259 0.6878
vn 0.0128 0.6677 0.7443
vn -0.0064 0.4684 0.8835
vn 0.0128 -0.6676 0.7444
vn -0.0064 -0.4683 0.8835
vn -0.0064 0.4683 0.8835
vn -0.0064 -0.4683 0.8836
vn -0.0000 0.1618 0.9868
vn 0.0128 0.2413 0.9704
vn -0.0000 -0.1618 0.9868
vn 0.0128 -0.2413 0.9704
vn -0.5556 -0.0000 -0.8315
vn -0.5555 -0.8315 -0.0067
vn -0.5555 0.8314 -0.0151
vn -0.7071 0.7070 0.0121
vn -0.3450 0.6217 -0.7032
vn -0.3470 -0.6204 -0.7033
vn -0.5049 -0.5049 -0.7001
vn -0.4220 0.9065 0.0114
vn -0.2741 0.5888 -0.7604
vn -0.2745 -0.5898 -0.7595
vn -0.4220 -0.9066 0.0051
vn -0.9844 -0.0000 -0.1758
vn 0.8159 0.0133 -0.5781
vn -0.9983 0.0588 -0.0000
vn -0.8070 0.0782 -0.5853
vn -0.8387 0.0057 -0.5445
vn -0.8389 0.0056 -0.5442
vn -0.8692 -0.0000 -0.4945
vn -0.9941 0.1085 0.0004
vn -0.9844 -0.0000 0.1758
vn 0.8182 0.0299 -0.5742
vn -0.9583 0.2858 -0.0009
vn -0.9293 0.3693 -0.0000
vn -0.9301 0.3672 -0.0042
vn -0.9585 0.2852 -0.0000
vn -0.8151 0.5793 0.0026
vn 0.6969 0.1283 -0.7056
vn 0.7957 -0.0044 -0.6057
vn -0.7916 0.6110 -0.0002
vn -0.8422 -0.0000 -0.5391
vn -0.9219 -0.0898 -0.3769
vn -0.9256 -0.0000 0.3785
vn -0.9256 -0.0000 0.3784
vn -0.8950 -0.0052 0.4460
vn -0.8739 -0.0118 0.4860
vn 0.5574 -0.0042 -0.8302
vn 0.6493 0.1898 -0.7365
vn -0.8141 0.5808 -0.0000
vn 0.6562 -0.0085 0.7546
vn -0.5593 0.8290 -0.0000
vn -0.5568 0.8306 -0.0000
vn 0.6071 0.1041 -0.7878
vn 0.6071 0.1039 -0.7878
vn -0.5567 0.8307 -0.0000
vn 0.6563 -0.0086 0.7545
vn -0.5594 0.8289 -0.0001
vn -0.2316 -0.6118 -0.7563
vn -0.0001 -1.0000 -0.0000
vn 0.6280 -0.0000 0.7782
vn -0.8230 -0.0000 -0.5680
vn -0.7094 0.0002 0.7049
vn -0.7261 -0.0000 0.6876
vn -0.8957 0.0097 0.4446
vn 0.6451 0.0233 0.7638
vn -0.8612 -0.0259 -0.5075
vn -0.8650 0.0635 -0.4977
vn -0.8916 0.1045 0.4406
vn -0.2199 0.6137 -0.7583
vn 0.6431 0.0215 0.7655
vn -0.8355 0.2371 -0.4958
vn -0.8365 0.2134 -0.5047
vn 0.6172 0.0621 -0.7843
vn -0.8455 0.1849 0.5009
vn 0.6036 -0.0109 -0.7972
vn -0.7452 0.2580 0.6150
vn 0.6038 -0.0108 -0.7971
vn -0.7935 0.4112 0.4486
vn -0.8357 0.2030 0.5103
vn 0.6428 0.0213 0.7657
vn -0.8354 0.2374 -0.4957
vn -0.8191 0.0048 0.5736
vn -0.8218 0.1306 0.5546
vn -0.1951 -0.0000 -0.9808
vn -0.1951 -0.9808 -0.0061
vn -0.1951 0.9807 -0.0136
vn -0.4221 0.9065 0.0114
vn -0.3196 0.6864 -0.6532
vn -0.3136 -0.6734 -0.6694
vn 0.5317 -0.0122 0.8468
vn -0.7289 0.5190 -0.4464
vn 0.3741 0.1606 0.9134
vn 0.4769 0.0082 0.8789
vn 0.4767 0.0083 0.8790
vn 0.2400 0.3358 0.9109
vn 0.3621 -0.0000 0.9321
vn 0.6561 -0.0085 0.7546
vn -0.1929 0.9812 0.0001
vn -0.2049 0.9788 -0.0000
vn 0.4706 0.0116 -0.8823
vn -0.1927 0.9813 -0.0003
vn -0.2050 0.9788 -0.0000
vn -0.7387 0.0042 -0.6740
vn -0.7462 0.1087 -0.6567
vn 0.3159 -0.0102 -0.9487
vn 0.4041 0.2266 -0.8862
vn -0.7937 0.4109 0.4486
vn 0.2964 -0.0029 0.9551
vn 0.5318 -0.0122 0.8468
vn -0.7896 0.4364 -0.4314
vn -0.7293 0.5907 -0.3452
vn 0.4040 0.2261 -0.8864
vn -0.7872 0.3816 0.4845
vn -0.7689 0.4457 0.4585
vn 0.3461 0.0896 -0.9339
vn -0.6183 0.7233 0.3073
vn -0.7495 -0.0019 0.6620
vn 0.4378 0.1256 0.8903
vn -0.7292 0.5909 -0.3451
vn -0.8218 0.1305 0.5546
vn -0.6912 0.1836 0.6990
vn -0.6832 0.1937 0.7040
vn -0.6734 0.4773 0.5645
vn -0.6674 0.4277 0.6097
vn -0.6065 0.3781 -0.6994
vn -0.7463 0.1086 -0.6567
vn -0.7462 0.1087 -0.6568
vn -0.6734 0.4772 -0.5647
vn -0.6673 0.4279 -0.6096
vn -0.6746 0.0700 -0.7348
vn -0.1902 0.7306 -0.6557
vn -0.2064 -0.7103 -0.6730
vn -0.6775 0.0044 0.7355
vn -0.7387 0.0042 -0.6741
vn -0.1300 0.9915 -0.0000
vn -0.0760 0.5795 -0.8114
vn -0.0830 -0.6327 -0.7699
vn -0.1301 -0.9915 -0.0000
vn 0.2865 0.0291 0.9576
vn -0.5493 0.7413 -0.3856
vn -0.6183 0.7234 0.3074
vn -0.5825 0.7174 0.3821
vn -0.5657 0.7445 -0.3546
vn -0.0104 0.9999 -0.0000
vn 0.3539 -0.0000 -0.9353
vn -0.5391 0.0041 -0.8422
vn -0.5390 -0.0194 0.8421
vn -0.6912 0.2152 0.6899
vn -0.7240 -0.0948 -0.6833
vn 0.0002 -1.0000 -0.0000
vn 0.2867 0.0292 0.9576
vn 0.0870 -0.0000 -0.9962
vn -0.5760 -0.0261 -0.8170
vn 0.3461 0.0897 -0.9339
vn -0.6241 0.6481 0.4363
vn -0.6017 0.6958 0.3922
vn 0.1590 -0.0117 -0.9872
vn -0.4412 0.8860 0.1423
vn 0.2865 0.0292 0.9576
vn -0.5421 0.8004 -0.2557
vn -0.6179 0.6878 -0.3810
vn 0.1013 -0.0017 0.9949
vn -0.4117 0.8993 -0.1472
vn -0.5049 -0.0088 0.8632
vn -0.5288 0.1151 0.8409
vn -0.1084 -0.0000 0.9941
vn -0.1570 0.0233 -0.9873
vn 0.1591 -0.0117 -0.9872
vn -0.4413 0.8860 0.1423
vn -0.5974 0.1057 -0.7949
vn -0.5091 0.4918 -0.7064
vn -0.4707 0.1600 -0.8677
vn -0.4512 0.2502 -0.8566
vn -0.5090 0.4916 0.7066
vn -0.4661 0.1391 0.8737
vn -0.5290 0.7267 -0.4383
vn -0.5173 0.7022 -0.4892
vn -0.5312 0.4163 -0.7379
vn -0.5310 0.4162 0.7381
vn -0.5173 0.7022 0.4892
vn -0.5289 0.7267 0.4383
vn 0.1010 -0.0017 0.9949
vn -0.2019 0.0064 0.9794
vn -0.4042 0.9146 -0.0054
vn -0.4475 0.8822 -0.1465
vn -0.5759 -0.0260 -0.8171
vn -0.5048 -0.0088 0.8632
vn -0.5482 0.2943 0.7828
vn -0.4485 0.8818 -0.1459
vn -0.4598 0.8771 0.1389
vn -0.4567 0.8733 0.1697
vn -0.4595 0.8772 0.1391
vn -0.0934 0.0762 -0.9927
vn -0.3888 0.9209 -0.0284
vn -0.1349 0.0441 0.9899
vn -0.3988 0.9170 0.0066
vn -0.3980 0.0036 -0.9174
vn -0.4706 0.8661 -0.1687
vn -0.3988 0.9170 0.0067
vn -0.3887 0.9209 -0.0286
vn -0.2875 -0.0076 -0.9578
vn -0.4302 0.9027 0.0105
vn -0.3146 0.0043 0.9492
vn -0.3444 0.1081 0.9326
vn -0.4052 -0.0000 -0.9142
vn -0.3881 -0.0083 0.9216
vn -0.4520 0.8920 -0.0022
vn -0.4681 0.8836 -0.0083
vn -0.1758 0.0035 -0.9844
vn -0.1758 -0.0056 0.9844
vn -0.3797 -0.0611 -0.9231
vn -0.4322 0.1463 -0.8898
vn -0.4819 0.8600 0.1678
vn -0.4662 0.8847 -0.0063
vn -0.4820 0.8600 -0.1677
vn -0.4819 0.8600 -0.1677
vn -0.5170 0.8538 -0.0609
vn -0.4462 0.8235 -0.3503
vn -0.4462 0.8235 -0.3504
vn -0.4747 0.7234 -0.5014
vn -0.4523 0.8577 0.2445
vn -0.4766 0.7225 0.5008
vn -0.4522 0.8595 0.2385
vn -0.4819 0.8600 0.1679
vn -0.3747 0.4947 -0.7841
vn -0.3711 0.5599 -0.7408
vn -0.3711 0.5600 -0.7407
vn -0.3901 0.6306 0.6709
vn -0.3902 0.6307 0.6708
vn -0.3863 0.4895 0.7818
vn -0.4664 0.8846 0.0053
vn -0.4654 0.8850 -0.0119
vn -0.4314 0.9021 0.0048
vn -0.5546 -0.0000 0.8321
vn -0.2507 0.1708 -0.9529
vn -0.2504 0.1709 -0.9529
vn -0.2408 0.2370 -0.9412
vn -0.2122 0.1585 -0.9643
vn -0.2398 0.2520 0.9376
vn -0.3445 0.1080 0.9326
vn -0.2436 0.2628 0.9336
vn -0.1899 -0.0103 -0.9818
vn -0.2873 -0.0076 -0.9578
vn -0.5947 0.0131 -0.8038
vn -0.1901 -0.0104 -0.9817
vn -0.3023 -0.0355 0.9526
vn -0.5640 0.0357 -0.8250
vn -0.4837 0.8752 0.0010
vn -0.3880 -0.0083 0.9216
vn -0.4569 0.8894 0.0121
vn -0.6499 0.0167 0.7598
vn -0.1066 -0.0000 0.9943
vn -0.1093 0.0071 0.9940
vn -0.2482 0.2598 0.9332
vn -0.6431 0.0200 0.7655
vn -0.5047 0.8633 0.0058
vn -0.5520 0.8335 -0.0241
vn -0.4829 0.8756 0.0023
vn -0.4673 0.8841 0.0010
vn -0.4843 0.8400 0.2446
vn -0.7965 -0.0000 -0.6047
vn -0.5511 0.8322 -0.0611
vn -0.5399 0.8055 0.2441
vn -0.5568 0.8306 -0.0060
vn -0.9974 0.0707 -0.0155
vn -0.9976 -0.0607 0.0342
vn -0.9976 -0.0587 0.0368
vn -0.7065 -0.0076 -0.7077
vn -0.7196 0.0106 -0.6943
vn -0.5511 0.8322 -0.0609
vn -0.5172 0.7811 -0.3498
vn -0.9831 0.1711 0.0644
vn -0.9961 -0.0606 0.0647
vn -0.9961 -0.0606 0.0643
vn -0.9849 0.1714 0.0226
vn -0.9831 0.1711 0.0645
vn -0.9326 -0.0567 0.3563
vn -0.9831 0.1711 0.0646
vn -0.9206 0.1602 0.3562
vn -0.9327 -0.0568 0.3562
vn -0.9554 -0.2892 -0.0603
vn -0.9829 -0.1838 0.0136
vn -0.7080 -0.0069 -0.7061
vn -0.5400 0.8055 0.2440
vn -0.5172 0.7811 -0.3499
vn -0.9971 0.0731 0.0224
vn -0.7197 0.0103 -0.6942
vn -0.4133 0.6164 0.6702
vn -0.9764 0.2098 0.0512
vn -0.7210 0.0087 -0.6928
vn -0.9851 0.1714 0.0154
vn -0.7581 -0.0104 -0.6520
vn -0.5455 0.8378 -0.0234
vn -0.3709 0.5602 -0.7407
vn -0.9551 -0.2891 0.0643
vn -0.9551 -0.2891 0.0642
vn -0.8943 -0.2707 0.3563
vn -0.5510 0.8323 -0.0605
vn -0.5520 0.8338 0.0058
vn -0.5246 0.8504 0.0393
vn -0.3708 0.5600 -0.7409
vn -0.3708 0.5601 -0.7408
vn -0.4133 0.6165 0.6702
vn -0.4132 0.6164 0.6703
vn -0.7081 -0.0069 -0.7061
vn -0.9551 -0.2890 0.0645
vn -0.9566 -0.2895 0.0345
vn -0.6654 -0.0405 0.7454
vn -0.6568 0.1143 0.7454
vn -0.9205 0.1602 0.3563
vn -0.0436 -0.0000 -0.9990
vn -0.1264 0.2095 -0.9696
vn -0.9527 -0.3032 0.0204
vn -0.7744 0.0026 -0.6327
vn -0.1955 0.2917 0.9363
vn -0.7371 -0.0000 0.6758
vn -0.8758 0.0037 0.4827
vn -0.9521 0.3059 -0.0051
vn -0.7839 -0.0043 -0.6208
vn -0.9361 0.3408 -0.0872
vn -0.7907 -0.0000 0.6122
vn -0.8505 -0.3618 -0.3817
vn -0.7999 -0.0356 0.5990
vn -0.8597 0.0100 0.5106
vn -0.8246 -0.0000 0.5657
vn -0.5674 0.8229 0.0286
vn -0.8714 0.0296 0.4897
vn -0.8222 -0.0070 0.5691
vn -0.5817 0.8123 0.0433
vn -0.6470 0.7567 -0.0938
vn -0.1353 0.2044 -0.9695
vn -0.9047 -0.3919 -0.1668
vn -0.8273 -0.0188 0.5614
vn -0.9170 0.3936 0.0645
vn -0.9186 0.3942 0.0281
vn -0.8984 -0.0101 -0.4391
vn -0.7824 0.0993 -0.6147
vn -0.5454 0.8378 -0.0235
vn -0.6381 -0.1931 0.7453
vn -0.6381 -0.1931 0.7454
vn -0.8587 0.3685 0.3563
vn -0.9171 0.3935 0.0643
vn -0.1353 0.2043 -0.9695
vn -0.1955 0.2916 0.9363
vn -0.8760 -0.0058 -0.4822
vn -0.8408 0.0001 -0.5413
vn -0.8894 0.0130 -0.4569
vn -0.5817 0.8122 0.0433
vn -0.9361 0.0192 0.3513
vn -0.9807 0.1957 -0.0000
vn -0.9999 -0.0132 -0.0000
vn -0.9676 -0.2524 -0.0008
vn -0.9822 -0.1879 0.0020
vn -0.0000 -0.1206 0.9927
vn -0.0061 -0.0000 1.0000
vn -0.0000 0.1206 0.9927
vn -0.0000 -0.4647 0.8855
vn -0.0000 0.4647 0.8855
vn -0.0000 -0.8230 0.5681
vn -0.0000 0.8230 0.5681
vn -0.0000 -0.9927 0.1205
vn -0.0000 0.9927 0.1205
vn -0.9806 0.1959 -0.0000
vn -0.9999 0.0131 -0.0072
vn -0.9999 0.0131 0.0005
vn -0.9999 -0.0131 0.0013
vn -1.0000 -0.0050 0.0006
vn -0.0000 -0.9350 -0.3546
vn -0.0000 0.9350 -0.3546
vn -1.0000 0.0090 0.0018
vn -0.9999 0.0157 0.0007
vn -0.0000 -0.6631 -0.7485
vn -0.0000 0.6631 -0.7485
vn -1.0000 0.0043 0.0011
vn -1.0000 0.0044 0.0006
vn -1.0000 0.0080 0.0016
vn -1.0000 -0.0053 0.0007
vn -0.9998 -0.0200 0.0050
vn -1.0000 -0.0055 0.0021
vn -0.0000 -0.2393 -0.9709
vn -0.0000 0.2393 -0.9709
vn -1.0000 0.0041 0.0019
vn -0.9998 0.0165 0.0059
vn -1.0000 0.0048 0.0022
vn -1.0000 -0.0044 0.0016
vn -1.0000 -0.0041 0.0015
vn -1.0000 -0.0068 0.0046
vn -0.9999 -0.0149 0.0070
vn -0.9998 0.0192 0.0115
vn -1.0000 0.0044 0.0035
vn -1.0000 -0.0048 0.0033
vn -1.0000 -0.0031 0.0023
vn -1.0000 -0.0034 0.0020
vn -1.0000 -0.0032 0.0036
vn -0.9998 -0.0157 0.0141
vn -1.0000 -0.0030 0.0033
vn -0.9999 0.0103 0.0084
vn -0.9999 0.0082 0.0101
vn -0.9996 -0.0177 0.0216
vn -1.0000 -0.0038 0.0071
vn -1.0000 -0.0039 0.0074
vn -1.0000 -0.0036 0.0067
vn -0.9999 0.0064 0.0077
vn -1.0000 0.0062 0.0077
vn -0.9998 0.0090 0.0168
vn -1.0000 0.0028 0.0055
vn -1.0000 0.0026 0.0052
vn -0.9993 -0.0110 0.0362
vn -1.0000 -0.0014 0.0052
vn -0.9998 0.0071 0.0198
vn -1.0000 0.0010 0.0043
vn -1.0000 0.0010 0.0039
vn -1.0000 0.0006 0.0040
vn -0.9999 0.0032 0.0139
vn -0.9998 -0.0031 0.0211
vn -1.0000 -0.0001 0.0057
vn -1.0000 -0.0001 0.0041
vn -1.0000 -0.0002 0.0041
vn -0.9999 0.0006 0.0128
vn -0.9676 0.2524 0.0016
vn -0.9676 0.2524 0.0118
vn -0.9673 -0.2523 0.0248
vn -0.9676 0.2500 0.0365
vn -0.9607 0.2764 0.0272
vn -0.9676 0.2524 0.0119
vn -0.9676 0.2451 0.0609
vn -0.9676 -0.2451 0.0609
vn -0.9607 0.2658 0.0806
vn -0.9676 0.2380 0.0847
vn -0.9519 -0.2888 0.1027
vn -0.9676 0.2285 0.1076
vn -0.9676 -0.2285 0.1077
vn -0.9673 -0.2425 0.0736
vn -0.9607 0.2449 0.1309
vn -0.9676 0.2169 0.1295
vn -0.9517 -0.2635 0.1574
vn -0.9674 0.1959 0.1608
vn -0.9676 -0.2030 0.1502
vn -0.9674 -0.2235 0.1195
vn -0.9516 -0.2280 0.2062
vn -0.9674 0.1608 0.1959
vn -0.9673 0.1608 0.1959
vn -0.9674 -0.1608 0.1959
vn -0.9674 -0.1959 0.1608
vn -0.9673 0.1195 0.2235
vn -0.9674 0.1195 0.2235
vn -0.9674 -0.1195 0.2235
vn -0.9676 0.0852 0.2378
vn -0.9674 -0.0736 0.2425
vn -0.9606 0.0806 0.2658
vn -0.9676 0.0614 0.2450
vn -0.9676 0.0371 0.2498
vn -0.9676 -0.0371 0.2498
vn -0.9606 0.0272 0.2764
vn -0.9676 0.0124 0.2523
vn -0.9511 -0.0152 0.3085
vn -0.9673 -0.0248 0.2522
vn -0.9258 -0.3781 -0.0015
vn -0.9149 0.4030 0.0248
vn -0.9214 0.3886 -0.0003
vn -0.8861 0.0008 0.4636
vn -0.9072 0.0157 -0.4204
vn -0.5666 0.8239 -0.0082
vn -0.8586 0.3685 0.3563
vn -0.6568 0.1143 0.7453
vn -0.6126 0.2629 0.7454
vn -0.0323 0.0518 0.9981
vn -0.0283 0.0423 0.9987
vn -0.9012 -0.4311 -0.0439
vn -0.8993 0.0012 0.4373
vn -0.9821 -0.1882 0.0020
vn -0.9099 -0.4114 0.0531
vn -0.8642 -0.5028 -0.0213
vn -0.8856 -0.0231 -0.4638
vn -0.9231 0.0001 -0.3845
vn -0.9677 -0.2521 0.0021
vn -0.9819 -0.1896 0.0030
vn -0.9150 0.4026 0.0249
vn -0.8919 0.0177 -0.4519
vn -0.7480 -0.6637 -0.0036
vn -0.8462 -0.5328 0.0038
vn -0.9801 0.1986 0.0016
vn -0.8266 0.5628 0.0027
vn -0.9676 0.2524 0.0018
vn -0.7480 0.6637 -0.0027
vn -0.9674 -0.2520 0.0248
vn -0.7464 0.6623 0.0652
vn -0.7464 -0.6623 0.0652
vn -0.7464 0.6369 0.1932
vn -0.7464 -0.6368 0.1932
vn -0.7464 -0.6622 0.0652
vn -0.7464 0.5869 0.3137
vn -0.7464 -0.6369 0.1932
vn -0.7464 -0.5869 0.3137
vn -0.7464 0.5144 0.4222
vn -0.7464 0.5145 0.4222
vn -0.7464 -0.5144 0.4222
vn -0.7464 0.4222 0.5144
vn -0.7464 -0.4222 0.5144
vn -0.7464 0.3137 0.5869
vn -0.7464 -0.3137 0.5869
vn -0.7464 0.1932 0.6369
vn -0.7464 0.1932 0.6368
vn -0.7464 -0.1932 0.6369
vn -0.7465 0.0652 0.6622
vn -0.7464 0.0652 0.6623
vn -0.7465 -0.0652 0.6622
vn -0.7465 -0.1932 0.6368
vn -0.7464 -0.0652 0.6623
vn -0.9458 0.0115 0.3245
vn -0.6022 0.7980 0.0206
vn -0.8625 -0.5019 0.0648
vn -0.9465 -0.0069 0.3225
vn -0.5787 0.8155 0.0080
vn -0.2761 -0.0168 0.9610
vn -0.2532 -0.0009 0.9674
vn -0.2516 0.0287 0.9674
vn -0.2725 0.0474 0.9610
vn -0.8626 -0.5018 0.0644
vn -0.8076 -0.4699 0.3563
vn -0.8861 -0.4626 0.0270
vn -0.9486 0.0009 -0.3165
vn -0.9895 -0.0000 -0.1447
vn -0.9389 0.1635 -0.3029
vn -0.8845 0.4659 0.0240
vn -0.9548 -0.0014 -0.2973
vn -0.8992 0.4376 0.0001
vn -0.9585 -0.0007 0.2852
vn -0.8273 0.5617 0.0002
vn -0.8374 0.5406 -0.0809
vn -0.9584 -0.0007 0.2853
vn -0.9813 -0.0002 0.1925
vn -0.9000 -0.0002 0.4359
vn -0.9678 -0.0011 0.2519
vn -0.9593 0.0045 0.2823
vn -0.9013 -0.4309 -0.0442
vn -0.8876 -0.4604 -0.0122
vn -0.9653 -0.0025 0.2611
vn -0.2462 -0.0594 0.9674
vn -0.2647 -0.0801 0.9610
vn -0.2514 -0.0303 0.9674
vn -0.9171 0.3935 0.0646
vn -0.9189 0.3942 0.0147
vn -0.9819 -0.0065 -0.1892
vn -0.5806 0.8142 -0.0030
vn -0.6066 -0.7950 0.0019
vn -0.9464 -0.0068 0.3228
vn -0.5786 0.8156 0.0081
vn -0.9996 0.0139 0.0245
vn -0.5808 0.8141 -0.0030
vn -0.8267 0.5626 0.0027
vn -0.5905 0.8070 -0.0011
vn -0.7480 0.6637 0.0028
vn -0.9928 -0.0010 -0.1197
vn -0.9943 0.0020 -0.1067
vn -0.9918 -0.0001 -0.1279
vn -0.7482 -0.6635 0.0020
vn -0.6121 -0.7908 -0.0015
vn -0.9895 0.0200 -0.1434
vn -0.9982 -0.0000 -0.0600
vn -0.6187 0.7855 -0.0104
vn -0.8077 -0.4699 0.3561
vn -0.5762 -0.3353 0.7453
vn -0.8608 -0.5087 0.0149
vn -0.9978 0.0276 0.0599
vn -0.6273 0.7458 -0.2244
vn -0.8317 0.5546 0.0258
vn -0.8028 0.5958 -0.0229
vn -0.9977 -0.0055 0.0670
vn -0.6225 0.7826 0.0057
vn -0.6221 0.7829 0.0050
vn -0.5889 0.8082 0.0015
vn -0.7463 -0.6625 0.0652
vn -0.8233 0.5671 -0.0244
vn -0.9959 -0.0027 0.0905
vn -0.8776 -0.4794 -0.0033
vn -0.8878 -0.4602 0.0003
vn -0.9996 0.0029 0.0294
vn -0.9978 -0.0055 0.0666
vn -0.9945 0.0168 -0.1037
vn -1.0000 -0.0001 0.0079
vn -0.8606 -0.5091 0.0148
vn -0.5929 0.8053 -0.0000
vn -0.8488 -0.5286 0.0115
vn -0.8124 0.5831 0.0007
vn -0.2465 0.0577 0.9674
vn -0.2338 0.1003 0.9671
vn -0.3590 0.9333 0.0025
vn -0.4275 0.9040 0.0012
vn -0.3575 0.9294 0.0916
vn -0.3590 -0.9333 0.0021
vn -0.3575 -0.9294 0.0915
vn -0.3574 0.9294 0.0916
vn -0.3574 0.8937 0.2711
vn -0.3574 -0.9295 0.0915
vn -0.3574 -0.8937 0.2711
vn -0.3574 0.8237 0.4403
vn -0.3574 -0.8237 0.4402
vn -0.3573 0.7220 0.5925
vn -0.3574 0.7220 0.5925
vn -0.3573 -0.7220 0.5925
vn -0.3573 -0.8237 0.4403
vn -0.3574 0.5925 0.7220
vn -0.3573 0.5925 0.7220
vn -0.3574 -0.7220 0.5925
vn -0.3574 -0.5925 0.7219
vn -0.3574 0.4403 0.8237
vn -0.3573 -0.5925 0.7220
vn -0.3573 -0.4403 0.8237
vn -0.3574 0.2711 0.8937
vn -0.3573 0.2711 0.8938
vn -0.3574 -0.2711 0.8937
vn -0.3574 -0.4403 0.8237
vn -0.3574 0.0915 0.9295
vn -0.3573 0.0916 0.9295
vn -0.3576 -0.0916 0.9294
vn -0.3573 -0.2711 0.8938
vn -0.3574 -0.0916 0.9295
vn -0.8013 0.5947 0.0647
vn -0.8013 0.5947 0.0648
vn -0.7503 0.5569 0.3563
vn -0.8299 -0.5579 0.0114
vn -0.2860 -0.9582 0.0012
vn -0.8626 -0.5019 0.0644
vn -0.8643 -0.5029 -0.0000
vn -0.0075 0.0009 1.0000
vn -0.0075 0.0007 1.0000
vn -0.0212 -0.0001 0.9998
vn -0.0042 -0.0005 1.0000
vn -0.0053 -0.0008 1.0000
vn -0.2017 0.9794 0.0016
vn -0.5353 0.3973 0.7454
vn -0.6487 0.7587 -0.0605
vn -0.6486 0.7587 -0.0607
vn -0.6088 0.7120 -0.3499
vn -0.2257 -0.1148 0.9674
vn -0.5761 -0.3352 0.7455
vn -0.2390 -0.1391 0.9610
vn -0.2375 -0.0877 0.9674
vn -0.0096 0.0009 1.0000
vn -0.0166 0.0039 0.9999
vn -0.3588 -0.9334 0.0012
vn -0.2884 -0.9575 -0.0004
vn -0.0125 -0.0030 0.9999
vn -0.0041 -0.0006 1.0000
vn -0.3588 0.9334 -0.0035
vn -0.3573 0.9295 0.0916
vn -0.3573 -0.9295 0.0915
vn -0.0044 0.0016 1.0000
vn -0.7744 0.6326 0.0061
vn -0.7241 0.6897 -0.0000
vn -0.7026 0.6692 0.2419
vn -0.4365 0.5106 -0.7408
vn -0.0357 0.0496 0.9981
vn -0.5396 0.5141 0.6668
vn -0.7025 0.6693 0.2420
vn -0.0597 0.0256 0.9979
vn -0.0141 -0.0067 0.9999
vn -0.0043 -0.0016 1.0000
vn -0.0653 0.9979 -0.0000
vn -0.0650 0.9931 0.0978
vn -0.0649 0.9931 0.0978
vn -0.0653 -0.9979 0.0001
vn -0.0650 -0.9931 0.0978
vn -0.0650 0.9549 0.2897
vn -0.0648 0.9549 0.2897
vn -0.0649 -0.9549 0.2897
vn -0.0649 -0.9931 0.0978
vn -0.0650 0.8801 0.4704
vn -0.0651 0.8800 0.4704
vn -0.0650 0.9549 0.2896
vn -0.0650 -0.9549 0.2897
vn -0.0651 -0.8800 0.4704
vn -0.0650 -0.8801 0.4704
vn -0.0649 0.7714 0.6330
vn -0.0649 0.8800 0.4704
vn -0.0653 0.7714 0.6330
vn -0.0649 -0.7714 0.6330
vn -0.0649 -0.8800 0.4704
vn -0.0650 0.6331 0.7714
vn -0.0652 0.6330 0.7714
vn -0.0650 -0.6330 0.7714
vn -0.0650 0.4704 0.8800
vn -0.0647 0.4704 0.8801
vn -0.0649 -0.6330 0.7714
vn -0.0650 -0.4704 0.8801
vn -0.0649 -0.4704 0.8800
vn -0.0649 0.2896 0.9549
vn -0.0650 0.4704 0.8801
vn -0.0651 0.2897 0.9549
vn -0.0650 -0.4704 0.8800
vn -0.0651 -0.2897 0.9549
vn -0.0650 -0.2896 0.9549
vn -0.0650 0.2897 0.9549
vn -0.0650 0.0978 0.9931
vn -0.0651 0.0978 0.9931
vn -0.0653 -0.0978 0.9931
vn -0.0654 -0.2898 0.9549
vn -0.0651 -0.0978 0.9931
vn -0.0540 -0.9985 -0.0000
vn -0.8858 -0.4640 -0.0000
vn -0.8839 -0.4632 0.0643
vn -0.7641 -0.5364 0.3583
vn -0.8709 0.4278 0.2420
vn -0.8975 0.4409 -0.0030
vn -0.5354 0.3973 0.7453
vn -0.2043 0.1516 0.9671
vn -0.1592 0.1863 -0.9695
vn -0.2563 0.2442 0.9352
vn -0.5397 0.5140 0.6667
vn -0.8709 0.4277 0.2420
vn -0.8708 0.4278 0.2420
vn -0.8977 0.4406 -0.0030
vn -0.9740 0.2263 0.0061
vn -0.0001 1.0000 -0.0002
vn -0.0000 0.9952 0.0980
vn -0.0000 -0.9952 0.0980
vn -0.0000 0.9569 0.2903
vn -0.0000 -0.9569 0.2903
vn -0.0000 0.9570 0.2903
vn -0.0000 0.8819 0.4714
vn -0.0000 -0.8819 0.4714
vn -0.0000 0.7730 0.6344
vn -0.0000 -0.7730 0.6344
vn -0.0000 0.6344 0.7730
vn -0.0000 -0.6344 0.7730
vn -0.0000 0.4714 0.8819
vn -0.0000 -0.4714 0.8819
vn -0.0000 0.2903 0.9569
vn -0.0000 -0.2903 0.9570
vn -0.0000 0.2904 0.9569
vn -0.0000 -0.2904 0.9569
vn -0.0000 0.0980 0.9952
vn -0.0000 -0.0980 0.9952
vn -0.8529 -0.3864 0.3512
vn -0.8825 -0.4024 0.2435
vn -0.6689 0.3286 0.6667
vn -0.0041 -0.0021 1.0000
vn -0.5423 -0.3837 0.7475
vn -0.9871 -0.1602 -0.0000
vn -0.9578 -0.1554 0.2418
vn -0.9578 -0.1554 0.2417
vn -0.9591 0.1470 0.2420
vn -0.9885 0.1515 -0.0000
vn -0.9696 -0.0000 0.2447
vn -0.9590 0.1471 0.2421
vn -0.0054 -0.0025 1.0000
vn -0.6772 -0.3062 0.6691
vn -0.7361 -0.1194 0.6662
vn -0.7362 -0.1195 0.6661
vn -0.7368 0.1130 0.6666
vn -0.7367 0.1130 0.6667
vn -0.7414 -0.0000 0.6710
vn -0.0053 0.0039 1.0000
vn -0.7361 -0.1194 0.6663
vn -0.7366 0.1131 0.6668
vn -0.6497 0.7601 0.0057
vn -0.0485 0.0396 0.9980
vn -0.0721 0.0687 0.9950
vn -0.2563 0.2442 0.9353
vn -0.7239 0.6898 -0.0086
vn -0.6154 -0.2735 0.7393
vn -0.3177 0.1561 0.9352
vn -0.0062 0.0046 1.0000
vn -0.1866 -0.1726 0.9672
vn -0.2109 -0.1402 0.9674
vn -0.2110 -0.1404 0.9673
vn -0.0170 -0.0113 0.9998
vn -0.6423 0.7637 0.0646
vn -0.6423 0.7637 0.0647
vn -0.6423 0.7637 0.0648
vn -0.6014 0.7151 0.3563
vn -0.6047 0.7962 -0.0187
vn -0.6436 0.7653 0.0008
vn -0.3234 -0.1375 0.9362
vn -0.3499 -0.0568 0.9351
vn -0.3500 -0.0568 0.9350
vn -0.3499 0.0537 0.9353
vn -0.3500 0.0537 0.9352
vn -0.3177 0.1561 0.9353
vn -0.4291 0.5102 0.7453
vn -0.0110 -0.0078 0.9999
vn -0.3506 -0.0000 0.9365
vn -0.7365 0.6737 -0.0610
vn -0.7365 0.6737 -0.0606
vn -0.7379 0.6750 -0.0000
vn -0.6912 0.6323 -0.3499
vn -0.3498 -0.0568 0.9351
vn -0.2439 -0.0956 0.9651
vn -0.0762 0.0623 0.9951
vn -0.0465 0.0229 0.9987
vn -0.4956 0.4534 -0.7408
vn -0.0121 -0.0064 0.9999
vn -0.0541 -0.0306 0.9981
vn -0.4291 0.5102 0.7454
vn -0.1638 0.1947 0.9671
vn -0.0610 -0.0099 0.9981
vn -0.0958 0.0223 0.9951
vn -0.0610 0.0094 0.9981
vn -0.1808 0.1654 -0.9695
vn -0.0107 0.0106 0.9999
vn -0.0255 0.0302 0.9992
vn -0.0024 0.0034 1.0000
vn -0.8713 0.4871 -0.0603
vn -0.8713 0.4870 -0.0602
vn -0.8729 0.4880 -0.0000
vn -0.8189 0.4579 -0.3460
vn -0.8189 0.4578 -0.3461
vn -0.5904 0.3301 -0.7365
vn -0.4485 0.8914 0.0646
vn -0.4494 0.8933 0.0112
vn -0.4485 0.8914 0.0645
vn -0.4200 0.8347 0.3563
vn -0.9838 0.1687 -0.0602
vn -0.9838 0.1687 -0.0603
vn -0.9856 0.1690 -0.0000
vn -0.9247 0.1586 -0.3460
vn -0.9981 -0.0000 -0.0610
vn -0.9696 0.0040 -0.2447
vn -0.9584 0.1518 -0.2418
vn -0.9584 0.1518 -0.2419
vn -0.9877 0.1564 -0.0000
vn -0.9746 0.2225 0.0254
vn -0.9366 -0.0033 -0.3504
vn -0.4199 0.8347 0.3564
vn -0.2996 0.5955 0.7454
vn -0.9248 0.1586 -0.3458
vn -0.6666 0.1143 -0.7366
vn -0.6667 0.1144 -0.7365
vn -0.7417 -0.0011 -0.6707
vn -0.7366 0.1167 -0.6661
vn -0.9366 -0.0014 -0.3503
vn -0.7414 0.0034 -0.6710
vn -0.7364 0.1167 -0.6664
vn -0.7363 0.1166 -0.6665
vn -0.6710 -0.0033 -0.7414
vn -0.8646 0.4405 -0.2418
vn -0.8909 0.4539 -0.0145
vn -0.2164 0.1210 -0.9688
vn -0.2996 0.5955 0.7453
vn -0.1144 0.2273 0.9671
vn -0.6643 0.3385 -0.6665
vn -0.8645 0.4405 -0.2419
vn -0.6643 0.3385 -0.6664
vn -0.8909 0.4540 -0.0145
vn -0.7815 0.6232 0.0290
vn -0.8645 0.4406 -0.2418
vn -0.2444 0.0419 -0.9688
vn -0.6665 0.1144 -0.7367
vn -0.3503 0.0014 -0.9366
vn -0.3497 0.0554 -0.9352
vn -0.3190 0.9475 -0.0220
vn -0.4495 0.8932 0.0112
vn -0.1520 0.2636 0.9526
vn -0.0074 0.0129 0.9999
vn -0.6709 0.0011 -0.7415
vn -0.3504 0.0033 -0.9366
vn -0.3499 0.0554 -0.9352
vn -0.2446 -0.0040 -0.9696
vn -0.3156 0.1608 -0.9352
vn -0.6862 0.6861 -0.2418
vn -0.7071 0.7071 -0.0073
vn -0.5272 0.5272 -0.6664
vn -0.6861 0.6861 -0.2419
vn 0.9350 0.3546 -0.0000
vn 0.9927 -0.1205 -0.0000
vn -0.0611 -0.0000 -0.9981
vn -0.0610 0.0097 -0.9981
vn -0.0611 0.0097 -0.9981
vn 0.8230 -0.5681 -0.0000
vn -0.0048 0.0111 0.9999
vn -0.0015 0.0042 1.0000
vn -0.0551 0.0281 -0.9981
vn -0.2505 0.2505 -0.9352
vn -0.1002 0.2325 0.9674
vn 0.6631 0.7485 -0.0000
vn -0.2305 0.9709 0.0645
vn -0.2310 0.9729 0.0073
vn -0.2305 0.9709 0.0644
vn -0.2158 0.9091 0.3564
vn -0.7071 0.7070 -0.0073
vn -0.4339 0.9009 0.0109
vn -0.6859 0.6863 -0.2418
vn -0.2158 0.9091 0.3563
vn -0.1540 0.6486 0.7454
vn -0.0437 0.0437 -0.9981
vn -0.4405 0.8646 -0.2418
vn -0.4539 0.8908 0.0217
vn -0.0588 0.2475 0.9671
vn -0.1540 0.6486 0.7453
vn -0.3385 0.6643 -0.6665
vn -0.3385 0.6643 -0.6664
vn -0.0013 0.0043 1.0000
vn -0.0868 0.2912 0.9527
vn -0.0023 0.0066 1.0000
vn 0.4647 -0.8855 -0.0000
vn -0.1608 0.3156 -0.9352
vn -0.0281 0.0551 -0.9981
vn 0.2393 0.9709 -0.0000
vn -0.0033 0.0189 0.9998
vn -0.0436 0.2494 0.9674
vn -0.1518 0.9584 -0.2418
vn -0.1564 0.9876 -0.0121
vn -0.0002 0.0049 1.0000
vn -0.0000 0.9999 -0.0109
vn -0.2308 0.9730 0.0073
vn -0.1167 0.7363 -0.6665
vn -0.1166 0.7364 -0.6664
vn -0.2306 0.9709 0.0646
vn -0.0554 0.3499 -0.9352
vn -0.0554 0.3498 -0.9352
vn -0.0097 0.0611 -0.9981
vn -0.0000 0.9995 0.0302
vn -0.1518 0.9584 -0.2419
vn -0.0000 0.9979 0.0646
vn -0.0000 0.9344 0.3563
vn -0.0000 0.6667 0.7453
vn -0.0000 0.2544 0.9671
vn 0.1206 -0.9927 -0.0000
vn -0.0000 -0.9968 -0.0797
vn -0.0000 0.0163 0.9999
vn 0.9659 -0.2588 -0.0000
vn 0.9659 0.2588 -0.0000
vn 0.7072 -0.7070 -0.0000
vn 0.7072 -0.7071 -0.0000
vn 0.7072 0.7071 -0.0000
vn 0.2589 -0.9659 -0.0000
vn 0.2589 0.9659 -0.0000
vn 0.0097 0.0611 -0.9981
vn 0.0554 0.3498 -0.9352
vn 0.1167 0.7364 -0.6664
vn 0.0554 0.3499 -0.9352
vn 0.1518 0.9584 -0.2419
vn 0.1166 0.7363 -0.6665
vn 0.1518 0.9584 -0.2418
vn 0.1564 0.9876 -0.0121
vn -0.1206 -0.9927 -0.0000
vn -0.2393 0.9709 -0.0000
vn -0.2589 -0.9659 -0.0000
vn -0.2589 0.9659 -0.0000
vn -0.7072 -0.7071 -0.0000
vn -0.7072 0.7071 -0.0000
vn -0.9659 -0.2588 -0.0000
vn -0.9659 0.2588 -0.0000
vn 0.0028 0.0110 0.9999
vn 0.0016 0.0065 1.0000
vn 0.0588 0.2475 0.9671
vn -0.4647 -0.8855 -0.0000
vn 0.1540 0.6486 0.7453
vn 0.1540 0.6486 0.7454
vn 0.2158 0.9091 0.3564
vn 0.2158 0.9091 0.3563
vn 0.2305 0.9709 0.0643
vn 0.2306 0.9709 0.0646
vn 0.2305 0.9709 0.0645
vn 0.2308 0.9730 0.0073
vn 0.0281 0.0551 -0.9981
vn 0.4539 0.8908 0.0217
vn 0.4339 0.9009 0.0109
vn 0.1608 0.3156 -0.9352
vn 0.3385 0.6643 -0.6665
vn 0.2310 0.9729 0.0073
vn 0.3385 0.6643 -0.6664
vn 0.4405 0.8646 -0.2418
vn 0.3190 0.9475 -0.0220
vn -0.6631 0.7485 -0.0000
vn 0.0437 0.0437 -0.9981
vn 0.2505 0.2505 -0.9352
vn 0.5272 0.5272 -0.6664
vn -0.8230 -0.5681 -0.0000
vn 0.0017 0.0065 1.0000
vn 0.0350 0.0697 0.9970
vn 0.1144 0.2273 0.9671
vn 0.6859 0.6863 -0.2418
vn 0.6861 0.6861 -0.2419
vn 0.0551 0.0281 -0.9981
vn 0.2996 0.5955 0.7453
vn 0.2996 0.5955 0.7454
vn 0.7069 0.7073 -0.0073
vn 0.0022 0.0038 1.0000
vn 0.3156 0.1608 -0.9352
vn 0.4200 0.8347 0.3564
vn 0.4200 0.8347 0.3563
vn 0.6862 0.6861 -0.2418
vn 0.7071 0.7071 -0.0073
vn 0.7815 0.6232 0.0290
vn 0.4485 0.8914 0.0645
vn 0.4485 0.8914 0.0646
vn 0.4495 0.8932 0.0112
vn -0.9350 0.3546 -0.0000
vn 0.0611 0.0097 -0.9981
vn 0.6643 0.3385 -0.6664
vn 0.3499 0.0554 -0.9352
vn 0.0611 -0.0000 -0.9981
vn 0.2446 -0.0040 -0.9696
vn 0.2444 0.0419 -0.9688
vn -0.9927 -0.1205 -0.0000
vn 0.2164 0.1210 -0.9688
vn 0.3504 0.0014 -0.9366
vn 0.6704 0.0271 -0.7415
vn 0.6643 0.3385 -0.6665
vn 0.8646 0.4405 -0.2418
vn 0.8645 0.4406 -0.2419
vn 0.8909 0.4540 -0.0145
vn 0.3497 0.0554 -0.9352
vn 0.7364 0.1167 -0.6664
vn 0.7363 0.1166 -0.6665
vn 0.1808 0.1654 -0.9695
vn 0.6663 0.1143 -0.7369
vn 0.3503 0.0014 -0.9366
vn 0.6710 -0.0033 -0.7414
vn 0.6666 0.1143 -0.7366
vn 0.6667 0.1144 -0.7365
vn 0.0026 0.0035 1.0000
vn 0.0100 0.0168 0.9998
vn 0.4494 0.8933 0.0112
vn 0.1513 0.2031 0.9674
vn 0.6047 0.7962 -0.0187
vn 0.7414 0.0034 -0.6710
vn 0.5904 0.3301 -0.7365
vn 0.8909 0.4539 -0.0145
vn 0.9746 0.2225 0.0254
vn 0.7366 0.1167 -0.6661
vn 0.9584 0.1518 -0.2418
vn 0.4291 0.5102 0.7454
vn 0.1780 0.2117 0.9610
vn 0.4291 0.5102 0.7453
vn 0.4956 0.4534 -0.7408
vn 0.9584 0.1518 -0.2419
vn 0.9877 0.1564 -0.0000
vn 0.9366 -0.0014 -0.3503
vn 0.9248 0.1586 -0.3458
vn 0.9366 -0.0014 -0.3504
vn 0.9247 0.1586 -0.3460
vn 0.7413 -0.0271 -0.6707
vn 0.9696 -0.0000 -0.2447
vn 0.9980 0.0160 -0.0610
vn 0.8190 0.4578 -0.3460
vn 0.6014 0.7151 0.3563
vn 0.9838 0.1687 -0.0602
vn 0.0031 0.0028 1.0000
vn 0.0084 0.0088 0.9999
vn 1.0000 -0.0000 -0.0000
vn 0.9838 0.1687 -0.0603
vn 0.9856 0.1690 -0.0000
vn 0.8712 0.4872 -0.0603
vn 0.8191 0.4577 -0.3458
vn 0.1739 0.1841 0.9674
vn 0.8713 0.4871 -0.0599
vn 0.8729 0.4880 -0.0000
vn 0.6423 0.7637 0.0644
vn 0.6424 0.7637 0.0642
vn 0.6436 0.7653 0.0008
vn 0.6912 0.6323 -0.3499
vn 0.7365 0.6737 -0.0607
vn 0.7365 0.6737 -0.0608
vn 0.7379 0.6750 -0.0000
vn 0.7239 0.6898 -0.0086
vn 0.1592 0.1863 -0.9695
vn 0.0041 0.0037 1.0000
vn 0.0032 0.0027 1.0000
vn 0.0610 -0.0099 0.9981
vn 0.0610 -0.0000 0.9981
vn 0.0610 0.0142 0.9980
vn 0.1942 0.1625 0.9674
vn 0.0547 -0.0287 0.9981
vn 0.0548 -0.0287 0.9981
vn 0.3498 -0.0568 0.9351
vn 0.3504 -0.0000 0.9366
vn 0.0985 0.0151 0.9950
vn 0.3499 0.0537 0.9353
vn 0.0355 0.0083 0.9993
vn 0.0882 0.0433 0.9952
vn 0.4365 0.5106 -0.7408
vn 0.1593 0.1863 -0.9695
vn 0.0762 0.0623 0.9951
vn 0.3177 0.1561 0.9352
vn 0.3177 0.1561 0.9353
vn 0.0546 -0.0286 0.9981
vn 0.3499 -0.0568 0.9351
vn 0.3140 -0.1645 0.9351
vn 0.3139 -0.1645 0.9351
vn 0.5353 0.3973 0.7454
vn 0.5354 0.3973 0.7453
vn 0.2221 0.1648 0.9610
vn 0.0525 -0.0317 0.9981
vn 0.0045 -0.0024 1.0000
vn 0.0527 -0.0318 0.9981
vn 0.6088 0.7120 -0.3499
vn 0.0176 0.0115 0.9998
vn 0.2117 0.1389 0.9674
vn 0.0447 0.0426 0.9981
vn 0.2563 0.2442 0.9352
vn 0.2563 0.2441 0.9353
vn 0.3500 -0.0568 0.9350
vn 0.3506 -0.0000 0.9365
vn 0.3500 0.0537 0.9352
vn 0.2963 -0.1888 0.9362
vn 0.2253 -0.1159 0.9674
vn 0.6486 0.7587 -0.0609
vn 0.6486 0.7587 -0.0607
vn 0.6497 0.7601 0.0057
vn 0.7361 -0.1194 0.6663
vn 0.7414 -0.0000 0.6711
vn 0.7366 0.1131 0.6668
vn 0.0052 0.0025 1.0000
vn 0.7503 0.5569 0.3563
vn 0.6689 0.3286 0.6667
vn 0.7367 0.1130 0.6667
vn 0.6606 -0.3461 0.6662
vn 0.7361 -0.1194 0.6662
vn 0.6423 0.7637 0.0646
vn 0.6267 0.7446 -0.2297
vn 0.8335 0.5517 0.0286
vn 0.8139 0.5810 0.0007
vn 0.7893 0.6122 0.0481
vn 0.8219 0.5693 -0.0206
vn 0.8358 0.5443 -0.0725
vn 0.8422 0.5136 -0.1639
vn 0.8273 0.5617 -0.0038
vn 0.8013 0.5947 0.0647
vn 0.8013 0.5947 0.0648
vn 0.8028 0.5958 -0.0244
vn 0.2962 -0.1888 0.9363
vn 0.0357 0.0496 0.9981
vn 0.0168 0.0072 0.9998
vn 0.2338 0.1003 0.9671
vn 0.5396 0.5140 0.6668
vn 0.5396 0.5141 0.6667
vn 0.6187 0.7856 -0.0067
vn 0.6260 0.7797 0.0141
vn 0.6224 0.7826 0.0057
vn 0.5826 -0.3224 0.7461
vn 0.6352 -0.3854 0.6693
vn 0.0283 0.0423 0.9987
vn 0.1955 0.2916 0.9363
vn 0.6486 0.7587 -0.0610
vn 0.6143 0.7890 0.0112
vn 0.5952 0.8031 0.0272
vn 0.6491 0.7591 -0.0496
vn 0.7362 -0.1195 0.6661
vn 0.7414 -0.0000 0.6710
vn 0.7415 -0.0000 0.6709
vn 0.7367 0.1130 0.6668
vn 0.1353 0.2043 -0.9695
vn 0.9578 -0.1554 0.2417
vn 0.9696 -0.0000 0.2447
vn 0.9591 0.1470 0.2421
vn 0.9591 0.1471 0.2420
vn 0.8709 0.4277 0.2420
vn 0.8708 0.4278 0.2420
vn 0.9578 -0.1554 0.2418
vn 0.6605 -0.3461 0.6663
vn 0.8595 -0.4504 0.2417
vn 0.8595 -0.4505 0.2415
vn 0.9871 -0.1602 -0.0000
vn 0.9740 0.2263 0.0061
vn 0.9885 0.1515 -0.0000
vn 0.8975 0.4411 -0.0030
vn 0.8858 -0.4640 -0.0000
vn 0.8595 -0.4503 0.2417
vn 0.0183 -0.0068 0.9998
vn 0.2375 -0.0877 0.9674
vn 0.7025 0.6693 0.2419
vn 0.8709 0.4278 0.2420
vn 0.7026 0.6692 0.2420
vn 0.7744 0.6326 0.0061
vn 0.8975 0.4409 -0.0030
vn 0.8304 -0.5011 0.2435
vn 0.8140 -0.4584 0.3568
vn 0.1955 0.2917 0.9363
vn 0.4133 0.6165 0.6702
vn 0.4132 0.6164 0.6703
vn 0.3708 0.5601 -0.7408
vn 0.1353 0.2044 -0.9695
vn 0.3708 0.5600 -0.7409
vn 0.6126 0.2629 0.7454
vn 0.8384 -0.4878 0.2432
vn 0.8447 -0.5094 0.1640
vn 0.7241 0.6897 -0.0000
vn 0.0062 -0.0013 1.0000
vn 0.8299 -0.5579 -0.0000
vn 0.8643 -0.5029 0.0115
vn 0.0097 0.0015 1.0000
vn 0.0100 0.0015 0.9999
vn 0.2956 -0.0714 0.9526
vn 0.0044 -0.0011 1.0000
vn 0.0056 0.0010 1.0000
vn 0.2507 0.0436 0.9671
vn 0.5400 0.8055 0.2440
vn 0.4133 0.6164 0.6702
vn 0.0044 -0.0009 1.0000
vn 0.0323 0.0518 0.9981
vn 0.5172 0.7811 -0.3499
vn 0.3709 0.5602 -0.7407
vn 0.5673 0.8227 0.0363
vn 0.5746 0.8183 0.0127
vn 0.5931 0.8052 -0.0000
vn 0.5846 0.8113 0.0038
vn 0.5747 0.8182 0.0126
vn 0.5399 0.8055 0.2441
vn 0.5729 0.8196 -0.0055
vn 0.5536 0.8326 -0.0161
vn 0.5568 0.8306 0.0085
vn 0.5270 0.8486 -0.0474
vn 0.5537 0.8326 -0.0160
vn 0.5859 0.8104 -0.0016
vn 0.2514 -0.0303 0.9674
vn 0.0129 -0.0016 0.9999
vn 0.2435 -0.0737 0.9671
vn 0.0055 0.0008 1.0000
vn 0.6381 -0.1931 0.7453
vn 0.5511 0.8322 -0.0609
vn 0.5172 0.7811 -0.3498
vn 0.5511 0.8322 -0.0608
vn 0.5425 0.8398 0.0190
vn 0.5520 0.8338 0.0123
vn 0.8587 0.3685 0.3563
vn 0.8586 0.3685 0.3563
vn 0.0140 -0.0004 0.9999
vn 0.0212 -0.0001 0.9998
vn 0.3045 -0.0011 0.9525
vn 0.2540 -0.0155 0.9671
vn 0.8626 -0.5018 0.0644
vn 0.8586 -0.5124 0.0142
vn 0.8587 -0.5123 0.0142
vn 0.8835 -0.4676 0.0254
vn 0.9072 -0.4179 0.0486
vn 0.9071 -0.4180 0.0485
vn 0.8639 -0.5026 -0.0327
vn 0.8490 -0.5282 0.0115
vn 0.9035 -0.4250 -0.0550
vn 0.8987 -0.3823 -0.2149
vn 0.8894 -0.4569 -0.0144
vn 0.8784 -0.4780 -0.0038
vn 0.9171 0.3935 0.0646
vn 0.9171 0.3935 0.0643
vn 0.8982 0.4394 0.0069
vn 0.9187 0.3942 0.0234
vn 0.6568 0.1143 0.7454
vn 0.6568 0.1143 0.7453
vn 0.9944 -0.0168 -0.1040
vn 0.9959 0.0027 0.0902
vn 0.8879 0.4601 0.0003
vn 0.9954 -0.0000 -0.0955
vn 0.9975 0.0072 -0.0707
vn 0.9860 -0.0048 0.1665
vn 0.9968 -0.0059 -0.0792
vn 0.9850 0.0224 0.1713
vn 0.9879 0.0564 -0.1445
vn 0.9362 -0.0039 0.3514
vn 0.7863 0.1096 0.6081
vn 0.9116 0.0302 0.4099
vn 0.9861 -0.0048 0.1663
vn 0.9969 -0.0059 -0.0790
vn 0.9445 0.0130 -0.3283
vn 0.9361 0.0195 -0.3513
vn 0.9895 -0.0056 0.1447
vn 0.9167 0.0877 0.3899
vn 0.9089 0.4168 -0.0124
vn 0.9921 0.0001 -0.1253
vn 1.0000 0.0001 0.0077
vn 0.9996 -0.0029 0.0291
vn 0.9732 -0.0098 -0.2296
vn 0.9055 -0.4242 -0.0093
vn 0.9736 0.0107 -0.2281
vn 0.9678 0.0011 0.2516
vn 0.9593 -0.0045 0.2822
vn 0.9655 0.0025 0.2604
vn 0.6381 -0.1931 0.7454
vn 0.8943 -0.2707 0.3563
vn 0.9517 -0.0000 -0.3071
vn 0.8929 -0.0199 -0.4499
vn 0.9485 -0.0006 -0.3168
vn 0.9324 0.0061 -0.3614
vn 0.9170 0.3936 0.0645
vn 0.8886 0.4581 0.0233
vn 0.9182 0.3952 0.0264
vn 0.9184 0.3941 -0.0354
vn 0.9470 0.3158 0.0595
vn 0.9182 0.3951 0.0265
vn 0.6654 -0.0405 0.7454
vn 0.9001 0.0002 0.4356
vn 0.9177 0.3972 0.0023
vn 0.8997 -0.0011 0.4366
vn 0.9966 0.0002 0.0819
vn 0.9585 0.0009 0.2851
vn 0.8003 0.0358 0.5985
vn 0.8278 0.0189 0.5607
vn 0.8997 -0.0011 0.4365
vn 0.8862 -0.0010 0.4634
vn 0.8173 -0.0239 0.5757
vn 0.8483 -0.0000 0.5295
vn 0.9177 0.3972 0.0022
vn 0.9138 0.3327 -0.2331
vn 0.9352 0.3498 -0.0553
vn 0.7965 -0.0000 -0.6047
vn 0.8012 0.0199 0.5981
vn 0.9096 -0.0058 0.4154
vn 0.7965 -0.0000 0.6047
vn 0.6717 0.1681 0.7215
vn 0.8424 -0.0000 0.5389
vn 0.8721 -0.0001 -0.4892
vn 0.9551 -0.2891 0.0645
vn 0.9494 -0.3135 0.0157
vn 0.9565 -0.2894 0.0374
vn 0.8187 -0.0081 -0.5742
vn 0.1066 -0.0000 -0.9943
vn 0.1738 0.1816 -0.9679
vn 0.3023 -0.0355 -0.9526
vn 0.1758 -0.0056 -0.9844
vn 0.0440 -0.0000 0.9990
vn 0.0586 0.0366 0.9976
vn 0.1905 -0.0104 0.9816
vn 0.1758 0.0034 0.9844
vn 0.3798 -0.0611 0.9230
vn 0.1904 -0.0104 0.9817
vn 0.8266 -0.0001 -0.5628
vn 0.8880 -0.0102 -0.4597
vn 0.9051 0.0635 -0.4204
vn 0.2846 0.2824 0.9161
vn 0.2684 0.2472 0.9310
vn 0.9206 0.1602 0.3562
vn 0.9205 0.1602 0.3563
vn 0.7872 0.0014 -0.6167
vn 0.7471 -0.0228 -0.6643
vn -0.0001 1.0000 -0.0000
vn 0.0002 1.0000 0.0001
vn 0.0003 1.0000 0.0001
vn -0.0000 0.9919 0.1270
vn 0.1796 0.9837 -0.0000
vn 0.1796 -0.9837 -0.0000
vn -0.0000 -0.9919 0.1270
vn 0.2447 0.9696 0.0026
vn 0.2436 0.9652 0.0951
vn 0.2435 -0.9652 0.0951
vn 0.2446 -0.9696 0.0026
vn 0.2435 0.9652 0.0951
vn 0.2435 0.9281 0.2816
vn 0.2436 -0.9652 0.0951
vn 0.2436 -0.9281 0.2815
vn 0.2436 0.9281 0.2815
vn 0.2437 0.8553 0.4572
vn 0.2436 0.8554 0.4572
vn 0.2436 -0.8553 0.4572
vn 0.2436 -0.9281 0.2816
vn 0.2435 0.8554 0.4572
vn 0.2435 -0.8554 0.4572
vn 0.2436 -0.8554 0.4572
vn 0.2435 0.7497 0.6153
vn 0.2436 0.7497 0.6153
vn 0.2435 -0.7498 0.6153
vn 0.2436 0.6153 0.7497
vn 0.2435 -0.6153 0.7498
vn 0.2435 -0.7497 0.6153
vn 0.2436 0.4572 0.8553
vn 0.2435 -0.4572 0.8554
vn 0.2435 -0.6153 0.7497
vn 0.2436 0.4572 0.8554
vn 0.2436 0.2816 0.9281
vn 0.2434 0.2815 0.9282
vn 0.2436 -0.2815 0.9281
vn 0.2436 -0.4572 0.8554
vn 0.2436 -0.2816 0.9281
vn 0.2435 -0.2816 0.9281
vn 0.2436 0.0951 0.9652
vn 0.2435 0.0950 0.9652
vn 0.2436 -0.0951 0.9652
vn 0.2435 -0.0951 0.9652
vn 0.6498 0.0262 0.7597
vn 0.7622 -0.0041 0.6473
vn 0.7623 -0.0041 0.6472
vn 0.6342 0.0231 -0.7728
vn 0.6343 0.0230 -0.7727
vn 0.6499 0.0154 -0.7599
vn 0.8186 -0.0081 -0.5743
vn 0.5324 0.8464 0.0071
vn 0.2162 0.1858 0.9585
vn 0.2436 0.2628 0.9336
vn 0.2442 0.2467 -0.9378
vn 0.2122 0.1585 -0.9643
vn 0.9831 0.1711 0.0646
vn 0.9831 0.1711 0.0645
vn 0.7403 0.0189 -0.6720
vn 0.7252 0.0096 -0.6884
vn 0.7253 0.0097 -0.6884
vn 0.6810 -0.0056 -0.7322
vn 0.7037 -0.0017 -0.7105
vn 0.7038 -0.0017 -0.7104
vn 0.9326 -0.0568 0.3563
vn 0.9845 0.1713 0.0372
vn 0.9826 0.1847 0.0211
vn 0.3711 0.5599 -0.7408
vn 0.3747 0.4947 -0.7841
vn 0.9792 -0.2025 0.0116
vn 0.3902 0.6307 0.6708
vn 0.3863 0.4895 0.7818
vn 0.9327 -0.0567 0.3562
vn 0.9551 -0.2891 0.0643
vn 0.9570 -0.2897 0.0118
vn 0.9801 -0.1981 -0.0108
vn 0.3901 0.6306 0.6709
vn 0.3711 0.5600 -0.7407
vn 0.5323 0.8465 0.0071
vn 0.5511 0.8322 -0.0611
vn 0.5522 0.8337 0.0058
vn 0.9961 -0.0606 0.0643
vn 0.9961 -0.0606 0.0647
vn 0.9978 -0.0607 0.0256
vn 0.4747 0.7234 -0.5013
vn 0.4462 0.8235 -0.3504
vn 0.5535 -0.0015 0.8328
vn 0.4837 0.8752 -0.0024
vn 0.9831 0.1711 0.0644
vn 0.9832 0.1711 -0.0633
vn 0.9978 0.0584 0.0302
vn 0.9978 0.0583 0.0302
vn 0.9963 -0.0740 0.0435
vn 0.1761 0.9844 0.0026
vn 0.2448 0.9696 0.0026
vn 0.2432 0.9653 0.0951
vn 0.2437 -0.9652 0.0951
vn 0.2448 -0.9696 0.0026
vn 0.1761 -0.9844 0.0026
vn 0.4523 0.8577 0.2445
vn 0.4766 0.7225 0.5008
vn -0.0000 0.9919 0.1267
vn -0.0000 0.9919 0.1271
vn -0.0000 -0.9919 0.1272
vn 0.4462 0.8235 -0.3503
vn -0.0000 0.9598 0.2808
vn 0.5037 0.8639 -0.0015
vn -0.0000 -0.9661 0.2583
vn 0.1084 -0.9753 0.1922
vn 0.4497 -0.8932 -0.0006
vn -0.0000 -0.9919 0.1269
vn 0.4493 0.8757 0.1768
vn 0.4840 0.8402 0.2446
vn 0.4843 0.8400 0.2446
vn 0.4741 0.8784 -0.0612
vn 0.4974 0.8520 -0.1633
vn 0.4836 0.8753 -0.0024
vn 0.4655 0.8850 0.0118
vn 0.4673 0.8841 0.0010
vn 0.4052 -0.0000 -0.9142
vn 0.4052 -0.0000 0.9142
vn 0.0013 -0.9554 0.2955
vn 0.9126 0.0157 -0.4086
vn 0.4662 0.8847 -0.0060
vn 0.4560 0.8899 -0.0123
vn 0.4986 0.8668 0.0010
vn 0.6710 0.7414 0.0016
vn 0.7703 0.6377 0.0065
vn 0.6693 0.7394 0.0728
vn 0.6692 -0.7395 0.0728
vn 0.6710 -0.7414 0.0034
vn 0.6220 -0.7830 0.0012
vn 0.6692 0.7111 0.2157
vn 0.6692 0.7395 0.0728
vn 0.6692 -0.7110 0.2157
vn 0.6692 0.6554 0.3503
vn 0.6692 -0.6554 0.3503
vn 0.6692 -0.7111 0.2157
vn 0.6692 0.5744 0.4714
vn 0.6692 -0.5744 0.4714
vn 0.6692 -0.6553 0.3503
vn 0.6692 0.4714 0.5744
vn 0.6692 -0.4714 0.5744
vn 0.6692 0.3503 0.6553
vn 0.6692 -0.3503 0.6553
vn 0.6692 0.2157 0.7111
vn 0.6692 0.2157 0.7110
vn 0.6692 -0.2157 0.7111
vn 0.6693 0.0728 0.7395
vn 0.6692 0.0728 0.7395
vn 0.6692 -0.2157 0.7110
vn 0.6693 -0.0728 0.7395
vn 0.6692 -0.0728 0.7395
vn 0.3842 -0.0074 -0.9232
vn 0.0122 0.9369 0.3493
vn 0.3444 0.1080 -0.9326
vn 0.6711 0.7413 -0.0046
vn 0.7768 0.6297 0.0015
vn 0.6694 0.7393 0.0728
vn 0.6691 -0.7395 0.0729
vn 0.6709 -0.7415 -0.0088
vn 0.8247 -0.5656 0.0031
vn 0.8246 -0.5657 0.0031
vn 0.0059 0.9461 0.3238
vn -0.0002 0.9357 0.3527
vn 0.0182 -0.9306 0.3656
vn -0.0021 -0.9288 0.3705
vn 0.0078 -0.9461 0.3238
vn 0.5535 -0.0015 0.8329
vn 0.2019 0.0064 0.9794
vn 0.0977 0.0648 0.9931
vn 0.3015 0.0016 0.9535
vn 0.2019 0.0064 -0.9794
vn 0.1353 0.0440 -0.9898
vn 0.3841 -0.0074 -0.9232
vn 0.4514 0.8923 0.0017
vn 0.4323 0.9017 -0.0095
vn 0.4654 0.8850 0.0118
vn 0.9366 0.3504 0.0017
vn 0.9574 0.2886 0.0038
vn 0.9360 0.3502 0.0345
vn 0.9361 -0.3502 0.0345
vn 0.9366 -0.3504 0.0037
vn 0.9360 0.3367 0.1021
vn 0.9360 -0.3502 0.0345
vn 0.9360 -0.3367 0.1021
vn 0.9360 0.3103 0.1659
vn 0.9361 0.3103 0.1659
vn 0.9360 -0.3103 0.1659
vn 0.9361 0.2720 0.2232
vn 0.9360 0.2720 0.2233
vn 0.9360 -0.2720 0.2232
vn 0.9360 0.2233 0.2720
vn 0.9360 -0.2233 0.2720
vn 0.9360 0.1659 0.3104
vn 0.9360 0.1659 0.3103
vn 0.9360 -0.1659 0.3103
vn 0.9360 -0.2232 0.2720
vn 0.9360 0.1021 0.3367
vn 0.9360 -0.1021 0.3367
vn 0.9360 0.0345 0.3502
vn 0.9360 -0.0345 0.3502
vn 0.3146 0.0043 -0.9492
vn 0.3443 0.1080 -0.9326
vn 0.2507 0.1702 0.9530
vn 0.0002 0.9010 0.4338
vn 0.9366 0.3503 -0.0009
vn 0.9586 0.2847 0.0017
vn 0.9586 0.2848 0.0017
vn 0.9361 0.3501 0.0345
vn 0.9797 -0.2005 0.0028
vn 0.9366 -0.3504 0.0017
vn 0.9797 -0.2004 0.0028
vn 0.0032 -0.8925 0.4510
vn 0.0029 0.8870 0.4617
vn 0.0040 0.9012 0.4334
vn 0.0042 -0.8870 0.4617
vn 0.0047 -0.8927 0.4507
vn 0.0040 0.9012 0.4333
vn 0.0047 -0.8926 0.4508
vn 0.9817 -0.1906 -0.0024
vn 0.4324 0.1469 0.8896
vn 0.5090 0.4916 0.7066
vn 0.4706 0.1606 0.8676
vn 0.5310 0.4162 0.7381
vn 0.3447 0.1082 -0.9325
vn 0.5312 0.4163 -0.7379
vn 0.5091 0.4918 -0.7064
vn 0.4663 0.1392 -0.8736
vn 0.5480 0.2937 -0.7832
vn 0.9981 0.0611 -0.0000
vn 0.9989 0.0471 0.0003
vn 0.9981 0.0611 0.0060
vn 0.9981 -0.0610 0.0060
vn 0.9981 -0.0610 -0.0000
vn 0.9981 0.0587 0.0178
vn 0.9981 -0.0611 0.0060
vn 0.9981 -0.0587 0.0178
vn 0.9981 0.0541 0.0289
vn 0.9981 -0.0541 0.0289
vn 0.9981 0.0474 0.0389
vn 0.9981 -0.0474 0.0389
vn 0.9981 0.0389 0.0474
vn 0.9981 -0.0389 0.0474
vn 0.9981 0.0289 0.0541
vn 0.9981 -0.0289 0.0541
vn 0.9981 0.0178 0.0587
vn 0.9981 -0.0178 0.0587
vn 0.9981 0.0060 0.0611
vn 0.9981 0.0060 0.0610
vn 0.9981 -0.0060 0.0611
vn 0.9981 -0.0060 0.0610
vn 0.0087 0.8870 0.4618
vn 0.0044 0.8769 0.4807
vn -0.0131 0.8079 0.5892
vn 0.0069 0.8317 0.5552
vn -0.0074 -0.8317 0.5551
vn 0.0073 -0.8870 0.4618
vn 0.0069 0.8080 0.5892
vn -0.0095 0.7246 0.6891
vn -0.0094 -0.7246 0.6891
vn 0.0069 -0.8080 0.5892
vn 0.0069 -0.8079 0.5892
vn -0.0000 0.7107 0.7035
vn -0.0000 0.5112 0.8595
vn -0.0000 -0.5112 0.8595
vn -0.0000 -0.7107 0.7035
vn -0.0000 0.1779 0.9840
vn -0.0000 -0.1779 0.9840
vn 0.4819 0.8600 0.1678
vn 0.4683 0.8835 0.0082
vn 0.4819 0.8600 -0.1677
vn 0.5173 0.7022 0.4892
vn 0.5173 0.7022 -0.4892
vn 0.4705 0.8661 0.1687
vn 0.5289 0.7267 0.4383
vn 0.4485 0.8818 0.1459
vn 0.5290 0.7267 -0.4383
vn 0.4568 0.8732 -0.1697
vn 0.4595 0.8772 -0.1390
vn 0.3905 0.9203 0.0248
vn 0.3989 0.9170 -0.0065
vn 0.3982 0.0035 0.9173
vn 0.4513 0.2498 0.8567
vn 0.3148 0.0043 -0.9491
vn 0.5046 -0.0087 -0.8633
vn 0.5047 -0.0087 -0.8632
vn 0.5390 -0.0194 -0.8421
vn 0.5759 -0.0261 0.8171
vn 0.5391 0.0041 0.8422
vn 0.7240 -0.0948 0.6833
vn 0.5761 -0.0261 0.8170
vn 0.3989 0.9169 -0.0069
vn 0.3906 0.9202 0.0252
vn -0.0870 -0.0000 -0.9962
vn -0.0870 -0.0000 0.9962
vn 0.4469 0.8825 0.1469
vn 0.4023 0.9155 0.0010
vn 0.4598 0.8771 -0.1389
vn 0.1951 -0.0000 -0.9808
vn 0.1301 -0.9915 -0.0000
vn 0.1951 -0.9808 -0.0061
vn 0.1951 0.9807 -0.0136
vn 0.1300 0.9915 -0.0000
vn 0.0830 0.6328 -0.7699
vn 0.0761 -0.5799 -0.8111
vn 0.5975 0.1060 0.7949
vn -0.1638 -0.0034 0.9865
vn 0.4454 0.8841 -0.1415
vn -0.0988 -0.0017 -0.9951
vn 0.6190 0.6872 0.3802
vn 0.5399 0.8038 0.2499
vn 0.4100 0.9001 0.1477
vn 0.6025 0.6954 -0.3917
vn 0.4458 0.8839 -0.1414
vn 0.5287 0.1153 -0.8409
vn 0.6065 0.3786 0.6991
vn 0.6747 0.0703 0.7348
vn -0.1637 -0.0034 0.9865
vn -0.0988 -0.0016 -0.9951
vn -0.3778 0.0732 0.9230
vn -0.1636 -0.0034 0.9865
vn -0.2964 -0.0036 0.9551
vn -0.3776 0.0731 0.9231
vn -0.2844 0.0276 -0.9583
vn -0.2843 0.0276 -0.9583
vn -0.2843 0.0275 -0.9583
vn -0.4379 0.1259 -0.8901
vn -0.2964 -0.0027 -0.9551
vn 0.5645 0.7463 0.3526
vn 0.6734 0.4773 0.5645
vn 0.6674 0.4277 0.6097
vn 0.5857 0.7118 -0.3877
vn 0.4510 0.8368 -0.3105
vn 0.6734 0.4773 -0.5646
vn 0.6673 0.4279 -0.6096
vn 0.6832 0.1931 -0.7042
vn 0.6913 0.2148 -0.6899
vn 0.6776 0.0044 -0.7354
vn 0.5475 0.7430 0.3850
vn 0.7463 0.1087 0.6567
vn 0.6349 0.7161 -0.2902
vn 0.1902 -0.7306 -0.6558
vn -0.3539 -0.0000 -0.9353
vn -0.4249 0.0070 -0.9052
vn -0.5529 0.0531 -0.8315
vn -0.5527 0.0529 -0.8317
vn -0.6413 0.1592 -0.7506
vn -0.5574 0.0057 -0.8302
vn -0.3539 -0.0000 0.9353
vn -0.4705 0.0115 0.8823
vn -0.4705 0.0115 0.8824
vn -0.6071 0.1039 0.7878
vn -0.4706 0.0116 0.8823
vn -0.5574 -0.0042 0.8302
vn -0.6493 0.1898 0.7365
vn -0.6071 0.1041 0.7878
vn 0.6348 0.7161 -0.2902
vn 0.5473 0.7430 0.3851
vn 0.2064 0.7103 -0.6729
vn 0.7385 0.0042 0.6742
vn 0.7461 0.1091 0.6569
vn 0.6775 0.0044 -0.7355
vn 0.6912 0.1829 -0.6991
vn 0.8182 -0.0086 -0.5749
vn 0.8651 -0.0335 -0.5004
vn 0.8421 -0.0146 -0.5391
vn 0.7486 0.0500 0.6612
vn 0.8230 -0.0000 0.5680
vn 0.8612 -0.0259 0.5075
vn 0.7388 0.0042 0.6739
vn 0.0985 0.9951 -0.0000
vn 0.1920 0.9814 0.0016
vn 0.7788 0.4414 -0.4458
vn 0.7892 0.4367 0.4318
vn 0.7297 0.5894 0.3465
vn 0.7296 0.5895 0.3465
vn 0.3136 0.6737 -0.6692
vn 0.4221 0.9065 0.0114
vn 0.3195 -0.6864 -0.6533
vn 0.4220 -0.9066 0.0051
vn 0.7461 0.1087 0.6569
vn 0.8219 0.1311 -0.5543
vn 0.8220 0.1311 -0.5542
vn 0.2317 0.6118 -0.7563
vn 0.2199 -0.6138 -0.7582
vn 0.6412 0.5966 -0.4826
vn 0.8355 0.2016 -0.5112
vn 0.8014 0.3832 -0.4591
vn 0.6409 0.5969 -0.4827
vn 0.8355 0.2370 0.4958
vn 0.7292 0.5184 0.4468
vn 0.8366 0.2132 0.5047
vn 0.3864 0.9223 -0.0011
vn -0.5322 -0.0121 -0.8465
vn 0.8740 -0.0000 0.4860
vn 0.9248 -0.0426 0.3781
vn -0.5321 -0.0121 -0.8466
vn -0.4237 -0.0037 0.9058
vn -0.6280 -0.0000 0.7782
vn -0.6358 0.0105 0.7718
vn -0.6518 0.0300 0.7578
vn -0.6066 0.0023 0.7950
vn -0.6430 0.0214 -0.7656
vn -0.6430 0.0214 -0.7655
vn -0.6450 0.0233 -0.7638
vn -0.6280 -0.0000 -0.7782
vn 0.8650 0.0634 0.4978
vn 0.3862 0.9224 -0.0011
vn 0.1956 0.9807 -0.0049
vn 0.5576 0.8301 -0.0016
vn 0.7270 0.6866 0.0053
vn 0.2745 0.5898 -0.7594
vn 0.4220 0.9065 0.0114
vn 0.2741 -0.5889 -0.7603
vn 0.5556 -0.0000 -0.8315
vn 0.5555 -0.8315 -0.0067
vn 0.5555 0.8314 -0.0151
vn 0.8953 -0.0000 -0.4454
vn 0.8925 0.1409 -0.4284
vn 0.7564 0.2503 -0.6044
vn 0.6911 -0.0041 -0.7227
vn 0.3450 -0.6218 -0.7031
vn -0.7413 -0.0176 -0.6709
vn 0.7236 0.6902 -0.0016
vn 0.9256 -0.0000 -0.3784
vn 0.3470 0.6204 -0.7033
vn 0.5583 0.8296 -0.0027
vn 0.8146 0.5800 -0.0011
vn -0.7413 -0.0177 -0.6710
vn 0.7270 0.6867 0.0053
vn 0.9594 0.2820 -0.0075
vn 0.8145 0.5802 -0.0011
vn -0.6969 0.1284 0.7056
vn -0.7957 -0.0044 0.6057
vn -0.8157 0.0222 -0.5780
vn -0.8158 0.0222 -0.5780
vn -0.8159 0.0133 0.5781
vn -0.8182 0.0299 0.5742
vn 0.9844 -0.0000 -0.1758
vn 0.9844 -0.0000 0.1758
vn 0.9266 0.3761 -0.0000
vn 0.9265 0.3762 -0.0000
vn 0.9583 0.2858 0.0009
vn -0.8157 0.0223 -0.5780
vn 0.9938 0.1115 -0.0005
vn 0.9983 0.0588 -0.0000
vn 0.5049 0.5049 -0.7001
vn 0.7071 0.7070 0.0121
vn 0.5017 -0.5016 -0.7048
vn 0.3453 -0.6216 -0.7031
vn 0.7071 -0.7071 0.0054
vn 0.5056 0.4679 -0.7249
vn 0.5250 0.4363 -0.7307
vn 0.5251 0.4362 -0.7308
vn 0.5016 0.5016 -0.7048
vn 0.4441 0.5210 -0.7289
vn 0.4762 0.4988 -0.7242
vn 0.4687 0.5061 -0.7240
vn 0.3712 0.5448 -0.7519
vn 0.4289 0.5275 -0.7334
vn 0.7071 0.7071 0.0121
vn 0.4441 -0.5211 -0.7288
vn 0.4439 -0.5213 -0.7289
vn 0.4288 -0.5275 -0.7334
vn 0.5248 -0.4371 -0.7305
vn 0.4752 -0.4998 -0.7242
vn 0.5040 -0.4707 -0.7242
vn 0.5049 -0.5049 -0.7001
vn 0.5452 -0.3699 -0.7523
vn 0.5248 -0.4370 -0.7305
vn 0.8315 -0.0000 -0.5556
vn 0.8314 -0.5556 -0.0067
vn 0.8314 0.5555 -0.0151
vn 0.0667 0.9978 -0.0000
vn 0.0551 -0.9985 -0.0000
vn 0.0605 0.9901 0.1267
vn 0.0604 0.9901 0.1268
vn 0.0610 0.9981 -0.0001
vn 0.0605 -0.9901 0.1267
vn 0.0610 -0.9981 0.0001
vn 0.0608 0.9444 0.3232
vn 0.0607 -0.9901 0.1267
vn 0.0610 -0.9443 0.3232
vn 0.0649 0.8851 0.4608
vn 0.0649 0.9440 0.3235
vn 0.0653 -0.9440 0.3235
vn 0.0649 -0.8852 0.4607
vn 0.0650 0.8851 0.4608
vn 0.0652 0.8851 0.4607
vn 0.0651 -0.8851 0.4608
vn 0.0654 0.8062 0.5880
vn 0.0648 0.8063 0.5880
vn 0.0649 -0.8851 0.4608
vn 0.0649 -0.8062 0.5880
vn 0.0649 0.8062 0.5880
vn 0.0649 -0.8063 0.5880
vn 0.0648 -0.8063 0.5880
vn 0.0607 0.7094 0.7022
vn 0.0653 0.7094 0.7017
vn 0.0606 -0.7094 0.7022
vn 0.0650 -0.7094 0.7018
vn 0.0599 0.5103 0.8579
vn 0.0601 0.5103 0.8579
vn 0.0599 -0.5103 0.8579
vn 0.0601 0.1776 0.9823
vn 0.0600 0.1776 0.9823
vn 0.0599 -0.1776 0.9823
vn 0.0598 -0.5103 0.8579
vn 0.0601 -0.1776 0.9823
vn 0.2835 -0.9590 -0.0002
vn 0.3479 0.9299 0.1191
vn 0.3480 0.9299 0.1191
vn 0.2946 0.9556 0.0002
vn 0.3504 0.9366 0.0016
vn 0.3480 -0.9299 0.1191
vn 0.3478 -0.9300 0.1191
vn 0.3503 -0.9366 0.0015
vn 0.3495 0.8869 0.3021
vn 0.3495 -0.8869 0.3021
vn 0.3458 0.4796 0.8064
vn 0.3499 0.6650 0.6599
vn 0.3493 -0.6651 0.6600
vn 0.3455 -0.4797 0.8066
vn 0.3456 0.1669 0.9234
vn 0.3455 0.1669 0.9235
vn 0.3455 0.4797 0.8065
vn 0.3455 -0.1669 0.9234
vn 0.3456 -0.1669 0.9234
vn 0.3455 -0.4797 0.8065
vn 0.3505 -0.0000 0.9366
vn 0.3579 0.8839 0.3011
vn 0.3495 0.8859 0.3049
vn 0.3479 -0.9299 0.1192
vn 0.3455 0.4797 0.8066
vn 0.3496 0.6649 0.6601
vn 0.3579 -0.6627 0.6578
vn 0.3495 -0.6670 0.6580
vn 0.3579 0.8283 0.4311
vn 0.3579 -0.8830 0.3038
vn 0.3579 -0.8283 0.4312
vn 0.3579 0.7544 0.5502
vn 0.3579 -0.8282 0.4312
vn 0.3579 -0.7544 0.5502
vn 0.3579 0.6647 0.6558
vn 0.3580 -0.7544 0.5502
vn 0.2940 0.9558 0.0015
vn 0.3504 0.9366 0.0022
vn 0.3505 -0.9365 0.0023
vn 0.2828 -0.9592 0.0015
vn 0.4403 0.4414 -0.7819
vn 0.6188 0.3493 -0.7036
vn 0.6189 0.3493 -0.7036
vn 0.5911 0.2752 -0.7582
vn 0.9065 0.4220 0.0114
vn 0.5893 -0.2743 -0.7599
vn 0.6213 -0.3456 -0.7032
vn 0.9066 -0.4220 0.0051
vn 0.3503 -0.0000 0.9366
vn 0.3454 0.1670 0.9235
vn 0.3457 -0.1669 0.9234
vn 0.6015 -0.7989 -0.0015
vn 0.6035 0.7974 -0.0015
vn 0.7387 0.6686 0.0856
vn 0.7414 0.6711 0.0021
vn 0.7386 -0.6687 0.0856
vn 0.7413 -0.6712 0.0022
vn 0.7469 0.6296 0.2138
vn 0.7404 0.6353 0.2193
vn 0.7387 0.6685 0.0857
vn 0.7387 -0.6686 0.0857
vn 0.7405 -0.6363 0.2161
vn 0.7361 0.3460 0.5818
vn 0.7360 0.3460 0.5819
vn 0.7405 0.4765 0.4739
vn 0.7470 -0.4714 0.4689
vn 0.7404 -0.4789 0.4716
vn 0.7360 -0.3460 0.5818
vn 0.7360 0.1204 0.6662
vn 0.7361 0.1205 0.6661
vn 0.7361 -0.3459 0.5818
vn 0.7361 -0.1205 0.6661
vn 0.7360 -0.1204 0.6662
vn 0.7470 0.5897 0.3070
vn 0.7471 -0.6283 0.2169
vn 0.7470 -0.5897 0.3070
vn 0.7470 0.5371 0.3917
vn 0.7470 -0.5371 0.3918
vn 0.7471 0.4736 0.4664
vn 0.7470 -0.5371 0.3917
vn 0.7388 0.6685 0.0856
vn 0.6031 0.7976 0.0020
vn 0.7415 0.6709 0.0029
vn 0.7361 0.1204 0.6661
vn 0.7361 -0.1204 0.6661
vn 0.6146 0.2340 -0.7533
vn 0.6748 0.3141 -0.6678
vn 0.9065 0.4219 0.0114
vn 0.6903 -0.3213 -0.6482
vn 0.6160 -0.2182 -0.7569
vn 0.7387 -0.6685 0.0856
vn 0.7415 -0.6710 0.0022
vn 0.6009 -0.7993 0.0077
vn 0.4363 -0.4366 -0.7868
vn 0.9808 -0.0000 -0.1951
vn 0.9808 -0.1951 -0.0061
vn 0.9807 0.1950 -0.0136
vn 0.9696 -0.2447 -0.0092
vn 0.8474 -0.5309 0.0031
vn 0.8482 0.5297 -0.0015
vn 0.9692 0.2442 0.0313
vn 0.9828 0.1849 0.0030
vn 0.9696 0.2448 0.0021
vn 0.9691 -0.2446 0.0313
vn 0.9674 0.2401 0.0804
vn 0.9695 0.2333 0.0750
vn 0.9691 0.2445 0.0314
vn 0.9691 -0.2445 0.0313
vn 0.9695 -0.2325 0.0777
vn 0.9687 0.1270 0.2135
vn 0.9695 0.1730 0.1737
vn 0.9674 -0.1788 0.1793
vn 0.9695 -0.1708 0.1756
vn 0.9687 -0.1269 0.2135
vn 0.9687 0.0442 0.2444
vn 0.9687 0.1269 0.2135
vn 0.9687 -0.0442 0.2444
vn 0.9696 -0.0000 0.2446
vn 0.7109 0.2086 -0.6716
vn 0.6380 0.0837 -0.7655
vn 0.9915 0.1301 -0.0000
vn 0.5709 -0.0749 -0.8176
vn 0.7361 -0.1874 -0.6504
vn 0.9915 -0.1301 -0.0000
vn 0.9674 0.2245 0.1169
vn 0.9673 -0.2412 0.0777
vn 0.9674 -0.2245 0.1169
vn 0.9674 0.2045 0.1491
vn 0.9674 -0.2045 0.1491
vn 0.9673 0.1769 0.1816
vn 0.9687 0.0441 0.2444
vn 0.9687 -0.0441 0.2444
vn 0.9692 0.2445 0.0312
vn 0.9696 0.2446 0.0021
vn 0.9692 -0.2444 0.0312
vn 0.9696 -0.2446 -0.0000
vn 0.9825 -0.1865 0.0020
vn 0.9825 0.1864 -0.0000
vn 0.9691 0.2445 0.0313
vn 0.9692 -0.2443 0.0313
vn 0.9696 -0.2325 0.0760
vn 0.9923 -0.1188 0.0358
vn 0.9695 0.1719 0.1748
vn 0.9923 0.0847 0.0904
vn 0.9695 -0.1709 0.1756
vn 0.9687 -0.1269 0.2134
vn 1.0000 0.0036 0.0014
vn 1.0000 0.0033 0.0013
vn 0.9853 0.1513 0.0789
vn 1.0000 -0.0058 0.0032
vn 1.0000 -0.0060 0.0032
vn 1.0000 -0.0040 0.0021
vn 1.0000 0.0037 0.0026
vn 1.0000 0.0038 0.0027
vn 1.0000 -0.0040 0.0022
vn 0.9854 -0.1375 0.1007
vn 1.0000 0.0056 0.0040
vn 1.0000 0.0056 0.0039
vn 1.0000 -0.0030 0.0027
vn 1.0000 -0.0029 0.0026
vn -1.0000 -0.0031 0.0008
vn -1.0000 -0.0032 0.0024
vn -0.9989 -0.0449 0.0127
vn -0.9989 -0.0448 0.0140
vn -0.0137 0.9995 0.0287
vn 0.0308 0.9995 -0.0013
vn 0.3571 0.9341 0.0012
vn 0.0009 0.9340 0.3574
vn 0.0017 0.8857 0.4643
vn -0.0009 0.9995 0.0307
vn -1.0000 0.0087 -0.0032
vn -1.0000 0.0070 0.0020
vn -0.9998 0.0002 0.0196
vn -0.9929 -0.1183 0.0149
vn -0.9937 -0.1125 -0.0024
vn -1.0000 0.0052 -0.0032
vn -1.0000 0.0069 0.0021
vn -0.9997 0.0068 -0.0225
vn -0.9929 -0.1193 -0.0035
vn -0.9936 -0.1117 -0.0172
vn -0.9998 -0.0012 -0.0222
vn -1.0000 0.0038 0.0021
vn -0.9936 -0.1117 -0.0173
vn -0.9995 0.0003 -0.0329
vn -0.9994 0.0027 -0.0351
vn -0.9702 0.2402 -0.0319
vn -0.9893 0.1462 0.0021
vn -0.9892 0.1461 0.0076
vn -0.9841 0.1776 0.0020
vn -0.9936 -0.1116 -0.0172
vn -0.9989 -0.0002 0.0461
vn -0.9923 -0.1227 0.0155
vn -0.9933 -0.1100 0.0361
vn -0.9827 0.1776 0.0529
vn -0.7699 0.6382 0.0016
vn -0.9419 -0.3358 0.0054
vn -0.9420 -0.3356 -0.0012
vn -0.9397 -0.3420 0.0005
vn -0.9989 -0.0002 0.0460
vn -0.9983 0.0003 0.0581
vn -0.9791 0.1951 0.0570
vn -0.9933 -0.1101 0.0360
vn -0.9989 0.0067 0.0467
vn -0.9933 -0.1101 0.0361
vn -0.9402 -0.3406 -0.0056
vn -0.9389 -0.3440 -0.0048
vn -0.9924 -0.1199 -0.0266
vn -0.9924 -0.1203 -0.0265
vn -0.9898 -0.1369 0.0396
vn -0.9395 -0.3424 0.0064
vn -0.9392 -0.3430 0.0143
vn -0.9384 -0.3453 -0.0092
vn -0.9375 -0.3480 -0.0087
vn -0.8315 0.5555 0.0064
vn -0.9817 0.1883 -0.0276
vn -0.8312 0.5555 -0.0233
vn -0.9971 -0.0008 0.0760
vn -0.9926 -0.1049 0.0607
vn -0.9793 0.1949 0.0543
vn -0.8303 0.5554 0.0461
vn -0.8832 -0.4689 -0.0001
vn -0.8851 -0.4654 0.0008
vn -0.8812 -0.4728 -0.0016
vn -0.8852 -0.4653 0.0009
vn -0.9942 -0.0042 0.1072
vn -0.9971 0.0033 0.0765
vn -0.9926 -0.1052 0.0606
vn -0.9995 -0.0002 -0.0329
vn -0.9994 0.0006 -0.0350
vn -0.9816 0.1883 -0.0323
vn -0.8800 -0.4750 -0.0030
vn -0.9404 -0.3397 0.0142
vn -0.8855 -0.4647 0.0010
vn -0.9830 -0.1678 0.0747
vn -0.9348 -0.3546 0.0211
vn -0.9387 -0.3436 0.0278
vn -0.9879 -0.1373 0.0717
vn -0.9933 0.0259 0.1127
vn -0.9793 0.1951 0.0533
vn -0.9801 -0.0145 -0.1982
vn -0.9801 0.1299 -0.1504
vn -0.9801 0.1776 -0.0893
vn -0.9951 0.0980 0.0089
vn -0.9951 0.0980 0.0087
vn -1.0000 -0.0013 -0.0040
vn -1.0000 -0.0022 -0.0042
vn -0.9999 0.0084 0.0088
vn -0.9952 0.0980 0.0087
vn -0.9999 0.0077 0.0089
vn -1.0000 -0.0026 0.0024
vn -1.0000 -0.0025 0.0024
vn -0.9995 0.0175 -0.0258
vn -0.9995 0.0184 -0.0258
vn -0.3410 0.8857 -0.3150
vn -0.9801 0.0624 -0.1887
vn -0.9613 0.2455 -0.1249
vn -0.9532 0.1200 -0.2776
vn -0.9951 0.0981 0.0087
vn -0.9989 -0.0452 0.0076
vn -0.9989 -0.0448 0.0139
vn -0.9999 -0.0022 0.0119
vn -0.9987 -0.0196 -0.0465
vn -0.9310 -0.0676 -0.3587
vn -0.9943 -0.0352 -0.1010
vn -0.9989 -0.0452 0.0079
vn -0.9989 -0.0465 -0.0080
vn -0.9999 -0.0023 0.0120
vn -0.9996 0.0020 0.0269
vn -0.9948 0.0979 0.0267
vn -0.9977 -0.0498 -0.0457
vn -0.9948 0.0982 0.0267
vn -0.8854 -0.4648 0.0009
vn -0.2939 -0.9405 0.1705
vn -0.9609 -0.0743 -0.2667
vn -0.9996 0.0011 0.0271
vn -0.9948 0.0980 0.0267
vn -0.9996 -0.0007 0.0282
vn -0.9934 -0.0866 -0.0752
vn -0.9940 0.0010 0.1095
vn -0.9446 0.0925 -0.3149
vn -0.9560 0.2902 0.0430
vn -0.9565 0.2900 -0.0326
vn -0.9954 -0.0939 -0.0213
vn -0.9941 -0.1063 -0.0227
vn -0.9315 -0.3638 -0.0066
vn -0.9364 -0.3507 -0.0095
vn -0.9997 0.0007 -0.0261
vn -0.9399 0.3325 0.0778
vn -0.9728 0.1948 0.1257
vn -0.9859 -0.1270 -0.1086
vn -0.9861 -0.1196 -0.1150
vn -0.9998 -0.0138 0.0157
vn -0.9997 0.0013 0.0250
vn -0.9854 -0.1301 -0.1102
vn -0.9315 -0.2392 -0.2741
vn -0.9786 0.0709 0.1930
vn -0.9501 0.2914 0.1110
vn -0.9997 -0.0007 -0.0260
vn -0.9999 0.0007 -0.0107
vn -0.9926 -0.1198 -0.0199
vn -0.9810 0.1913 -0.0329
vn -0.9776 0.2101 -0.0104
vn -0.9940 0.0022 0.1098
vn -0.9883 -0.0111 0.1523
vn -0.9941 0.0010 0.1081
vn -0.9897 -0.1145 0.0860
vn -0.9999 -0.0055 -0.0106
vn -0.9776 0.2101 -0.0103
vn -0.9882 0.0897 0.1241
vn -0.8800 -0.4750 -0.0031
vn -0.8310 0.5556 -0.0279
vn -0.8311 0.5556 -0.0233
vn -0.9789 0.2026 0.0263
vn -0.9789 0.2026 0.0276
vn -0.9838 -0.1373 -0.1150
vn -0.9703 -0.2417 0.0082
vn -0.9705 -0.2407 -0.0102
vn -1.0000 -0.0046 -0.0073
vn -1.0000 -0.0046 -0.0072
vn -0.9999 0.0013 -0.0106
vn -0.9998 -0.0077 0.0159
vn -0.9998 -0.0078 0.0159
vn -0.9692 0.2457 -0.0168
vn -0.9693 0.2457 -0.0102
vn -0.8727 0.4770 0.1042
vn -0.7344 0.6782 0.0255
vn -0.8193 0.5539 0.1483
vn -0.8264 -0.0411 -0.5615
vn -0.8264 0.1769 -0.5345
vn -0.2937 -0.9405 0.1706
vn -0.2939 -0.9405 0.1706
vn -0.2519 0.8738 -0.4160
vn -0.8264 0.3679 -0.4262
vn -0.8265 0.5030 -0.2529
vn -0.8264 0.5031 -0.2529
vn -0.8283 0.5566 -0.0639
vn -0.8311 0.5556 0.0235
vn -0.8298 0.5536 -0.0698
vn -0.9921 -0.1248 0.0122
vn -0.9834 -0.1812 -0.0093
vn -0.9688 0.1996 0.1468
vn -0.9862 0.1024 0.1304
vn -0.9502 0.2912 0.1112
vn -0.9922 -0.1246 -0.0055
vn -0.9922 -0.1246 -0.0049
vn -0.9927 -0.1208 -0.0056
vn -0.8442 -0.3478 -0.4079
vn -0.9608 -0.0744 -0.2670
vn -0.9255 -0.2861 -0.2482
vn -0.9336 -0.0976 -0.3449
vn -0.9850 0.1722 0.0126
vn -0.8578 -0.5139 0.0044
vn -0.8688 -0.4952 -0.0018
vn -0.9608 -0.0807 -0.2651
vn -0.8435 -0.3769 -0.3827
vn -0.8383 -0.3814 -0.3897
vn -0.8383 -0.3813 -0.3896
vn -0.9308 -0.3656 -0.0001
vn -0.9340 -0.3573 -0.0017
vn -0.9341 -0.3570 -0.0054
vn -0.1782 -0.9770 0.1173
vn -0.8077 -0.1603 -0.5674
vn -0.7791 -0.1629 -0.6054
vn -0.9935 0.0157 0.1125
vn -0.9881 -0.0026 0.1538
vn -0.9897 -0.1145 0.0861
vn -0.9339 -0.3571 -0.0157
vn -0.9703 -0.2417 0.0079
vn -0.9706 -0.2407 -0.0102
vn -0.8314 0.5555 -0.0145
vn -0.9689 0.1993 0.1467
vn -0.9501 0.2914 0.1112
vn -0.8029 -0.3884 -0.4522
vn -0.9889 0.0024 0.1488
vn -0.9792 -0.0199 0.2019
vn -0.9841 -0.1386 0.1114
vn -0.9706 -0.2406 -0.0102
vn -0.7978 -0.5811 -0.1606
vn -0.8791 -0.4766 -0.0015
vn -0.9298 -0.3669 0.0295
vn -0.8315 0.5555 0.0107
vn -0.8314 0.5555 0.0107
vn -0.9836 -0.1418 0.1112
vn -0.9298 -0.3669 0.0294
vn -0.9326 -0.3584 0.0433
vn -0.9829 0.0758 0.1677
vn -0.5556 0.8314 0.0043
vn -0.5554 0.8314 -0.0156
vn -0.9703 -0.2416 0.0108
vn -0.9471 -0.3210 -0.0002
vn -0.9610 -0.2300 -0.1537
vn -0.9187 0.3343 0.2102
vn -0.9004 0.3950 0.1825
vn -0.5549 0.8313 0.0308
vn -0.5549 0.8314 0.0308
vn -0.9807 0.0731 0.1811
vn -0.9712 0.1557 0.1806
vn -0.8314 0.5555 -0.0144
vn -0.8605 -0.5095 0.0020
vn -0.8585 0.4767 0.1891
vn -0.8683 -0.4960 -0.0013
vn -0.7942 -0.5911 -0.1411
vn -0.8439 -0.4762 -0.2471
vn -0.8224 -0.5107 -0.2509
vn -0.9481 0.2727 0.1633
vn -0.9416 0.2634 0.2100
vn -0.8605 -0.5094 0.0019
vn -0.8615 -0.5077 0.0001
vn -0.8615 -0.5077 -0.0000
vn -0.8618 -0.5048 0.0499
vn -0.8618 -0.5048 0.0500
vn -0.8993 0.3981 0.1810
vn -0.8331 0.5107 0.2124
vn -0.7719 0.6335 0.0535
vn -0.8792 -0.4764 -0.0016
vn -0.8383 -0.3832 -0.3879
vn -0.6262 -0.4665 -0.6247
vn -0.8196 -0.5001 -0.2796
vn -0.8243 -0.5030 -0.2599
vn -0.8438 -0.4762 -0.2473
vn -0.6048 0.7943 0.0569
vn -0.7090 0.6791 0.1900
vn -0.8741 -0.4858 0.0002
vn -0.9263 -0.3745 0.0414
vn -0.5553 0.8314 -0.0186
vn -0.8770 0.4596 0.1400
vn -0.8451 0.4674 0.2595
vn -0.8452 0.4673 0.2592
vn -0.8661 0.4423 0.2327
vn -0.9382 0.2726 0.2131
vn -0.5538 0.8315 0.0441
vn -0.5563 -0.5334 -0.6372
vn -0.6094 -0.5239 -0.5950
vn -0.6174 -0.2059 -0.7593
vn -0.5091 -0.0629 -0.8584
vn -0.5427 -0.1123 -0.8324
vn -0.5481 0.2627 -0.7941
vn -0.1783 -0.9770 0.1171
vn -0.1782 -0.9770 0.1171
vn -0.1733 0.8583 -0.4830
vn -0.5481 0.2628 -0.7941
vn -0.5481 0.5466 -0.6331
vn -0.5481 0.7473 -0.3757
vn -0.5539 0.8260 -0.1046
vn -0.5519 0.8268 -0.1090
vn -0.5554 0.8314 0.0157
vn -0.6095 -0.5238 -0.5951
vn -0.6175 -0.2059 -0.7591
vn -0.9815 -0.0008 0.1913
vn -0.9808 -0.1212 0.1525
vn -0.3878 -0.2044 -0.8988
vn -0.3881 -0.2044 -0.8987
vn -0.7773 -0.2310 -0.5853
vn -0.7772 -0.2310 -0.5853
vn -0.5618 -0.5706 -0.5990
vn -0.5553 -0.5720 -0.6037
vn -0.5620 -0.5705 -0.5989
vn -0.7946 -0.5902 -0.1422
vn -0.7981 -0.5868 -0.1369
vn -0.7788 0.6015 0.1778
vn -0.9750 0.0570 0.2149
vn -0.5553 0.8315 -0.0186
vn -0.5555 0.8315 -0.0096
vn -0.9809 -0.1212 0.1524
vn -0.9787 -0.0008 0.2052
vn -0.9750 0.0566 0.2150
vn -0.9814 0.0008 0.1918
vn -0.5602 -0.6205 -0.5488
vn -0.5556 0.8314 0.0071
vn -0.5554 0.8315 0.0157
vn -0.4359 0.1813 -0.8815
vn -0.4762 -0.2340 -0.8476
vn -0.9746 -0.1650 0.1516
vn -0.9195 -0.3889 0.0575
vn -0.9201 -0.3879 0.0544
vn -0.5251 -0.7472 -0.4073
vn -0.5555 0.8314 -0.0096
vn -0.7787 0.6015 0.1782
vn -0.8446 -0.5354 -0.0051
vn -0.8447 -0.5352 -0.0050
vn -0.8627 -0.5057 -0.0004
vn -0.8628 -0.5056 -0.0004
vn -0.8571 -0.5152 -0.0003
vn -0.5355 -0.7296 -0.4253
vn -0.6293 -0.7061 -0.3248
vn -0.4350 -0.8629 -0.2572
vn -0.4351 -0.8628 -0.2573
vn -0.4902 -0.6785 -0.5471
vn -0.7599 0.6305 0.1581
vn -0.7788 0.6015 0.1780
vn -0.7599 0.6304 0.1582
vn -0.7982 0.5510 0.2435
vn -0.8618 0.4496 0.2350
vn -0.9786 0.0021 0.2056
vn -0.9750 0.0566 0.2149
vn -0.9553 0.1422 0.2593
vn -0.9258 0.2605 0.2740
vn -0.9261 -0.3722 0.0614
vn -0.7151 0.6547 0.2450
vn -0.6811 0.7273 0.0839
vn -0.5354 -0.7296 -0.4254
vn -0.1911 0.9816 0.0015
vn -0.1913 0.9815 0.0015
vn -0.1982 0.9801 -0.0056
vn -0.4578 0.8859 0.0742
vn -0.4584 0.8859 0.0708
vn -0.5564 -0.6606 -0.5041
vn -0.1949 0.9808 0.0108
vn -0.1989 0.9800 0.0111
vn -0.1910 0.9816 0.0015
vn -0.9657 -0.0042 0.2597
vn -0.9708 0.0029 0.2399
vn -0.9736 -0.1209 0.1935
vn -0.3849 -0.5848 -0.7141
vn -0.7132 0.6505 0.2610
vn -0.6777 0.7026 0.2167
vn -0.5179 0.8504 0.0925
vn -0.5710 0.7967 0.1981
vn -0.5805 -0.6323 -0.5131
vn -0.9216 0.2716 0.2773
vn -0.8503 0.4384 0.2910
vn -0.7131 0.6506 0.2610
vn -0.6777 0.7026 0.2168
vn -0.9602 0.0673 0.2712
vn -0.1954 0.9807 -0.0066
vn -0.1954 0.9807 -0.0050
vn -0.1953 0.9807 -0.0058
vn -0.1951 0.9808 0.0062
vn -0.1915 0.3083 -0.9318
vn -0.1915 -0.0717 -0.9789
vn -0.2384 -0.1209 -0.9636
vn -0.1915 0.6414 -0.7429
vn -0.1915 0.8769 -0.4408
vn -0.1914 0.8769 -0.4409
vn -0.1914 0.6415 -0.7428
vn -0.1933 0.9727 -0.1282
vn -0.2030 0.9792 0.0057
vn -0.1951 0.9808 0.0041
vn -0.1957 0.9718 -0.1317
vn -0.4358 0.1813 -0.8816
vn -0.4760 -0.2341 -0.8477
vn -0.0520 0.8285 -0.5576
vn -0.4359 0.1813 -0.8816
vn -0.4728 -0.3394 -0.8132
vn -0.2208 -0.2605 -0.9399
vn -0.0038 -0.2240 -0.9746
vn -0.1385 -0.2477 -0.9589
vn -0.3908 -0.2446 -0.8874
vn -0.1948 0.9808 0.0117
vn -0.1952 0.9807 0.0062
vn -0.3851 -0.5847 -0.7140
vn -0.3457 -0.7792 -0.5228
vn -0.2239 -0.6223 -0.7500
vn -0.1896 -0.6199 -0.7614
vn -0.9073 -0.4157 0.0632
vn -0.9654 -0.0003 0.2606
vn -0.9707 0.0035 0.2401
vn -0.1979 -0.6706 -0.7149
vn -0.1980 -0.6706 -0.7149
vn -0.1895 -0.6265 -0.7560
vn -0.1897 -0.6471 -0.7384
vn -0.2048 -0.6701 -0.7135
vn -0.2059 -0.6710 -0.7123
vn -0.1898 -0.6502 -0.7357
vn -0.7494 0.6141 0.2474
vn -0.7039 0.6651 0.2491
vn -0.6084 0.7485 0.2638
vn -0.5625 0.8217 0.0918
vn -0.2050 0.9788 -0.0036
vn -0.2050 0.9788 -0.0052
vn -0.9657 -0.1341 0.2222
vn -0.9591 -0.1918 0.2083
vn -0.9590 -0.1919 0.2083
vn -0.9073 -0.4157 0.0633
vn -0.9073 -0.4157 0.0634
vn -0.9119 -0.4015 0.0852
vn -0.1955 -0.7298 -0.6551
vn -0.2030 0.9792 0.0043
vn -0.1943 0.9809 0.0025
vn -0.8451 0.4470 0.2933
vn -0.7393 0.6042 0.2971
vn -0.1843 -0.7512 -0.6338
vn -0.3991 -0.7658 -0.5042
vn -0.1958 -0.7297 -0.6552
vn -0.1962 -0.7298 -0.6550
vn -0.7900 -0.6070 -0.0866
vn -0.1483 -0.2641 -0.9530
vn -0.1962 0.9806 -0.0049
vn -0.4204 0.9023 0.0951
vn -0.4810 0.8510 0.2109
vn -0.3638 0.9278 0.0824
vn -0.3635 0.9278 0.0834
vn -0.1345 -0.6067 -0.7835
vn -0.9565 -0.0004 0.2918
vn -0.1849 -0.7513 -0.6336
vn -0.1964 -0.7297 -0.6550
vn -0.1424 0.9897 0.0166
vn -0.1414 0.9897 0.0231
vn -0.5642 0.7811 0.2677
vn -0.5447 0.8038 0.2392
vn -0.1980 -0.6720 -0.7136
vn -0.1961 -0.7297 -0.6550
vn -0.1908 -0.7398 -0.6452
vn -0.1947 -0.7524 -0.6293
vn -0.9601 0.0673 0.2715
vn -0.5641 0.7811 0.2677
vn -0.9002 0.2623 0.3476
vn -0.9001 0.2626 0.3476
vn -0.9017 0.2577 0.3472
vn -0.9424 0.0809 0.3245
vn -0.9655 -0.0004 0.2603
vn -0.8753 0.3756 0.3045
vn -0.9567 -0.0019 0.2911
vn -0.8387 -0.5446 -0.0003
vn -0.8078 -0.5895 0.0020
vn -0.8079 -0.5893 0.0020
vn -0.7774 -0.6290 0.0072
vn -0.8434 -0.5373 -0.0061
vn -0.7899 -0.6070 -0.0866
vn -0.6049 0.7549 0.2533
vn -0.7338 0.6103 0.2985
vn -0.5972 0.7473 0.2913
vn -0.7578 -0.6416 -0.1188
vn -0.6101 -0.7372 -0.2903
vn -0.9474 0.0020 0.3201
vn -0.9399 0.0803 0.3319
vn -0.2548 0.9652 0.0588
vn -0.2828 0.9538 0.1012
vn -0.7769 -0.6296 0.0065
vn -0.8291 -0.5591 -0.0056
vn -0.8968 -0.4355 0.0780
vn -0.8998 0.2626 0.3485
vn -0.8277 0.4349 0.3545
vn -0.5446 0.8038 0.2393
vn -0.3831 0.9042 0.1887
vn -0.5529 0.7944 0.2514
vn -0.1210 0.9922 0.0288
vn -0.1232 0.9922 0.0201
vn 0.0025 0.3141 -0.9494
vn -0.0018 -0.1462 -0.9892
vn -0.0000 -0.0731 -0.9973
vn 0.0002 0.1002 -0.9950
vn 0.0002 0.1005 -0.9949
vn -0.0009 0.3141 -0.9494
vn -0.0000 -0.2662 -0.9639
vn -0.0000 -0.2663 -0.9639
vn 0.0060 0.6535 -0.7569
vn -0.0058 0.2533 -0.9674
vn -0.0035 0.3476 -0.9376
vn -0.0025 0.4050 -0.9143
vn -0.0011 0.5419 -0.8405
vn -0.0011 0.6536 -0.7568
vn 0.0020 0.7856 -0.6187
vn -0.0011 0.8934 -0.4492
vn -0.0011 0.8935 -0.4491
vn -0.0000 0.9909 -0.1343
vn 0.0012 0.9787 -0.2055
vn -0.0005 -0.2665 -0.9638
vn -0.0005 -0.6111 -0.7916
vn -0.0005 -0.6110 -0.7917
vn 0.0005 -0.6108 -0.7918
vn 0.0005 -0.6354 -0.7722
vn -0.0000 -0.6108 -0.7918
vn 0.0005 -0.6357 -0.7719
vn 0.0033 -0.6559 -0.7548
vn 0.0038 -0.6593 -0.7519
vn 0.0042 -0.6827 -0.7307
vn -0.0029 -0.6164 -0.7874
vn -0.0001 -0.6827 -0.7307
vn -0.0001 -0.6450 -0.7642
vn -0.4020 0.8778 0.2604
vn -0.3400 0.9190 0.1998
vn -0.3470 0.9253 0.1531
vn -0.9556 0.0065 0.2945
vn -0.9627 -0.1391 0.2323
vn -0.8924 -0.4397 0.1014
vn -0.9494 -0.1658 0.2666
vn -0.8968 -0.4356 0.0781
vn -0.7193 0.6002 0.3499
vn -0.8132 0.4578 0.3593
vn -0.8130 0.4581 0.3595
vn -0.8131 0.4580 0.3593
vn -0.0000 -0.7051 -0.7091
vn -0.0001 -0.6829 -0.7306
vn -0.9378 0.0003 0.3473
vn -0.9288 -0.0072 0.3706
vn -0.9288 -0.0072 0.3704
vn -0.9345 -0.0035 0.3560
vn -0.9490 -0.1596 0.2720
vn -0.3797 -0.7972 -0.4694
vn -0.5957 -0.7450 -0.3002
vn -0.2261 0.9655 0.1294
vn -0.1784 0.9826 0.0526
vn -0.4381 0.8644 0.2467
vn -0.4021 0.8778 0.2604
vn -0.5923 0.7510 0.2920
vn -0.4326 0.8590 0.2738
vn -0.0003 -0.7249 -0.6888
vn 0.0003 -0.7189 -0.6951
vn -0.1411 -0.7538 -0.6418
vn -0.3471 0.9253 0.1529
vn -0.8291 -0.5590 -0.0056
vn -0.8129 -0.5825 -0.0028
vn -0.8854 -0.4549 0.0957
vn -0.0784 0.9966 0.0259
vn -0.6876 0.6338 0.3544
vn -0.6873 0.6342 0.3543
vn -0.5811 0.7433 0.3314
vn -0.6873 0.6341 0.3544
vn -0.3929 0.8870 0.2425
vn -0.3468 0.9253 0.1531
vn -0.7579 -0.6478 -0.0768
vn -0.0801 0.9958 0.0449
vn -0.0563 0.9983 0.0135
vn -0.9313 0.0785 0.3556
vn -0.9267 0.0927 0.3643
vn -0.9000 0.2628 0.3477
vn -0.2396 0.9405 0.2411
vn -0.2149 0.9578 0.1907
vn -0.2209 0.9597 0.1736
vn -0.9000 0.2626 0.3478
vn -0.1412 -0.7537 -0.6418
vn -0.1215 -0.7875 -0.6043
vn -0.3779 -0.7976 -0.4702
vn -0.7579 -0.6479 -0.0767
vn -0.1385 0.9832 0.1190
vn -0.1215 0.9909 0.0578
vn -0.2582 0.9363 0.2381
vn -0.4289 0.8608 0.2740
vn -0.2565 0.9346 0.2464
vn -0.8221 0.4602 0.3352
vn -0.8954 0.2719 0.3527
vn -0.8222 0.4601 0.3352
vn -0.9213 0.0834 0.3797
vn -0.2365 0.9441 0.2297
vn -0.2209 0.9597 0.1735
vn -0.9213 0.0834 0.3799
vn -0.0482 0.9985 0.0270
vn -0.0474 0.9986 0.0233
vn -0.4215 0.8556 0.3006
vn -0.5214 0.7861 0.3319
vn -0.5216 0.7860 0.3320
vn -0.5218 0.7858 0.3320
vn -0.7190 -0.6861 -0.1109
vn -0.5758 -0.7733 -0.2653
vn -0.9184 0.0856 0.3863
vn -0.8766 0.2671 0.4004
vn -0.8775 0.2599 0.4030
vn -0.9212 0.0002 0.3890
vn -0.9366 -0.1670 0.3079
vn -0.9215 -0.0015 0.3883
vn -0.9229 0.0002 0.3850
vn -0.9287 -0.0068 0.3707
vn -0.9193 0.0982 0.3811
vn -0.0003 -0.7250 -0.6888
vn -0.8242 0.4604 0.3298
vn -0.8283 0.4518 0.3313
vn -0.9184 0.0143 0.3954
vn -0.9200 -0.0031 0.3919
vn -0.9366 -0.1670 0.3080
vn -0.8634 -0.4950 0.0977
vn -0.9362 -0.1711 0.3069
vn -0.8699 -0.4813 0.1080
vn -0.8682 -0.4834 0.1119
vn -0.0798 0.9947 0.0645
vn -0.0780 0.9914 0.1052
vn -0.1194 0.9797 0.1612
vn -0.2214 0.9596 0.1735
vn -0.7061 0.6390 0.3051
vn -0.2366 0.9441 0.2297
vn -0.0797 0.9744 0.2104
vn -0.0797 0.9772 0.1968
vn -0.8012 0.4449 0.4002
vn -0.8057 0.4309 0.4064
vn -0.0800 0.9743 0.2104
vn -0.0799 0.9743 0.2104
vn -0.0772 0.9923 0.0973
vn -0.0192 0.9714 0.2368
vn -0.7869 -0.6170 -0.0004
vn 0.0003 -0.7532 -0.6578
vn -0.0003 -0.7585 -0.6517
vn -0.1476 -0.7881 -0.5976
vn -0.0288 0.9992 0.0283
vn -0.0292 0.9993 0.0214
vn -0.9227 -0.0014 0.3855
vn -0.9113 0.0784 0.4042
vn -0.2542 0.9352 0.2464
vn -0.0860 0.9732 0.2130
vn -0.9227 -0.0014 0.3856
vn -0.9090 0.0769 0.4097
vn -0.9086 0.0923 0.4073
vn -0.0046 0.9952 0.0975
vn -0.0002 0.9931 0.1175
vn -0.7870 -0.6170 -0.0004
vn -0.8620 -0.4967 0.1015
vn -0.3560 -0.8289 -0.4316
vn -0.5614 -0.7806 -0.2747
vn 0.0049 0.9959 0.0908
vn -0.7115 0.6400 0.2901
vn -0.7270 0.6194 0.2962
vn -0.8594 0.2484 0.4469
vn -0.8606 0.2417 0.4482
vn -0.6923 0.6107 0.3845
vn -0.7032 0.5910 0.3953
vn -0.3225 0.9008 0.2908
vn -0.3227 0.9007 0.2908
vn -0.2501 0.9324 0.2609
vn -0.5486 0.7938 0.2625
vn -0.0102 0.9952 0.0975
vn -0.7797 0.4144 0.4695
vn -0.7847 0.4003 0.4734
vn -0.9182 0.0002 0.3962
vn -0.9030 0.0721 0.4235
vn -0.0000 0.9952 0.0974
vn -0.0000 0.9952 0.0976
vn -0.0000 0.9810 0.1939
vn 0.0001 0.9810 0.1939
vn -0.7248 -0.6857 -0.0668
vn -0.9010 0.0701 0.4282
vn -0.8998 0.0844 0.4280
vn -0.5958 0.7637 0.2487
vn -0.5547 0.7534 0.3532
vn -0.5740 0.7307 0.3696
vn -0.8447 0.2253 0.4856
vn -0.8462 0.2187 0.4859
vn -0.5591 0.7956 0.2335
vn -0.1075 -0.8132 -0.5720
vn -0.1038 -0.8182 -0.5655
vn -0.3549 -0.8291 -0.4321
vn -0.9146 0.0005 0.4044
vn -0.9136 0.0012 0.4066
vn -0.9136 0.0012 0.4065
vn -0.9135 0.0013 0.4069
vn -0.9137 0.0010 0.4065
vn -0.9139 0.0004 0.4060
vn -0.9138 0.0006 0.4061
vn -0.9140 0.0001 0.4058
vn -0.9139 0.0002 0.4059
vn -0.9140 -0.0001 0.4058
vn -0.9140 -0.0005 0.4057
vn -0.9140 -0.0004 0.4057
vn -0.9139 -0.0011 0.4058
vn -0.9140 -0.0010 0.4058
vn -0.9138 -0.0017 0.4061
vn -0.9138 -0.0016 0.4061
vn -0.9138 -0.0019 0.4063
vn -0.9137 -0.0019 0.4063
vn -0.9141 -0.0014 0.4055
vn -0.9154 -0.0003 0.4026
vn -0.6699 0.5699 0.4759
vn -0.6813 0.5496 0.4835
vn -0.5587 0.7959 0.2334
vn -0.7248 -0.6858 -0.0667
vn -0.8965 0.0646 0.4384
vn -0.0767 0.9723 0.2209
vn -0.1078 0.9667 0.2321
vn -0.1075 0.9668 0.2320
vn -0.0779 0.9731 0.2169
vn -0.7610 0.3759 0.5287
vn -0.7665 0.3622 0.5304
vn -0.3537 0.9112 0.2111
vn -0.8965 0.0646 0.4383
vn -0.9178 -0.1926 0.3473
vn -0.8658 -0.1272 0.4839
vn -0.8671 -0.0540 0.4952
vn -0.8572 -0.5026 0.1127
vn -0.8793 -0.3072 0.3639
vn -0.8493 -0.5118 0.1299
vn -0.8565 -0.5035 0.1132
vn -0.8531 -0.5121 0.1002
vn -0.8531 -0.5121 0.1001
vn -0.8325 0.1985 0.5173
vn -0.8580 0.0970 0.5044
vn -0.4417 0.8760 0.1937
vn -0.3965 0.8646 0.3085
vn -0.4253 0.8426 0.3305
vn -0.5345 0.7057 0.4651
vn -0.5543 0.6818 0.4774
vn 0.0004 -0.7899 -0.6132
vn -0.6807 -0.7254 -0.1020
vn -0.7249 -0.6857 -0.0667
vn -0.5420 -0.8051 -0.2410
vn -0.6504 0.5178 0.5557
vn -0.6622 0.4980 0.5599
vn -0.3708 0.9143 0.1629
vn -0.8621 0.1169 0.4930
vn -0.0003 -0.7902 -0.6129
vn 0.0002 -0.7855 -0.6189
vn -0.1550 -0.8199 -0.5511
vn -0.8710 -0.3157 0.3763
vn -0.8260 -0.1918 0.5300
vn -0.7850 -0.4127 0.4620
vn -0.7873 -0.5928 0.1693
vn -0.7874 -0.5928 0.1692
vn -0.7015 -0.6088 0.3705
vn -0.7401 -0.6353 0.2207
vn -0.7680 -0.4534 0.4524
vn -0.8235 -0.5515 0.1328
vn -0.8438 -0.5234 0.1188
vn -0.7862 -0.5939 0.1708
vn -0.8601 0.1128 0.4975
vn -0.8586 0.1233 0.4975
vn -0.7453 0.3310 0.5787
vn -0.7514 0.3178 0.5782
vn -0.7683 -0.6401 -0.0003
vn -0.7685 -0.6399 -0.0003
vn -0.3709 0.9143 0.1629
vn -0.8659 -0.1274 0.4837
vn -0.7378 -0.6750 -0.0015
vn -0.7737 -0.6336 0.0016
vn -0.7377 -0.6751 -0.0015
vn -0.7463 -0.6656 -0.0009
vn -0.7596 -0.6504 -0.0004
vn -0.7528 -0.3226 0.5737
vn -0.8565 -0.1114 0.5040
vn -0.7629 -0.6465 -0.0077
vn -0.0002 0.9810 0.1940
vn -0.1102 0.9679 0.2260
vn -0.7243 -0.6874 0.0537
vn -0.3331 -0.8565 -0.3942
vn -0.5278 -0.8118 -0.2498
vn -0.8567 0.0964 0.5067
vn -0.1612 0.9829 0.0887
vn -0.2647 0.9507 0.1615
vn -0.3809 0.8145 0.4375
vn -0.4103 0.7901 0.4555
vn -0.5171 0.6435 0.5644
vn -0.5370 0.6196 0.5725
vn -0.2279 0.9401 0.2536
vn -0.2659 0.9222 0.2808
vn -0.6340 0.4565 0.6242
vn -0.6463 0.4376 0.6251
vn -0.8547 0.0908 0.5111
vn -0.8519 0.1034 0.5133
vn -0.8602 -0.1108 0.4978
vn -0.8590 -0.1072 0.5006
vn -0.8516 -0.0886 0.5166
vn -0.7329 0.2803 0.6199
vn -0.7394 0.2684 0.6175
vn -0.1612 0.9829 0.0888
vn -0.7540 -0.3220 0.5726
vn -0.7307 -0.2737 0.6254
vn -0.6842 -0.7252 0.0769
vn -0.6185 -0.7625 0.1899
vn -0.7530 -0.3233 0.5732
vn -0.7915 -0.4386 0.4256
vn -0.8531 0.0749 0.5163
vn -0.5164 -0.5053 0.6914
vn -0.5446 -0.5927 0.5934
vn -0.5785 -0.5519 0.6007
vn -0.5444 -0.5929 0.5934
vn -0.6614 -0.6982 0.2739
vn -0.6611 -0.6984 0.2741
vn -0.5662 -0.7068 0.4241
vn -0.5363 -0.5648 0.6272
vn -0.6411 -0.4247 0.6392
vn -0.1614 0.9829 0.0887
vn -0.8531 0.0748 0.5164
vn -0.7359 -0.6771 -0.0004
vn -0.6893 -0.7221 -0.0582
vn -0.8488 -0.0647 0.5248
vn -0.8549 -0.0891 0.5111
vn -0.6186 -0.7624 0.1899
vn -0.6185 -0.7625 0.1898
vn -0.0919 -0.8399 -0.5350
vn -0.0869 -0.8459 -0.5262
vn -0.1549 -0.8200 -0.5510
vn -0.3323 -0.8567 -0.3946
vn -0.8484 0.0690 0.5249
vn -0.8508 0.0526 0.5228
vn -0.5025 0.5688 0.6511
vn -0.5224 0.5462 0.6548
vn -0.3679 0.7465 0.5544
vn -0.3967 0.7216 0.5674
vn -0.6212 0.3866 0.6816
vn -0.6332 0.3703 0.6797
vn -0.6819 -0.7280 0.0714
vn -0.6179 -0.3775 0.6896
vn -0.7401 -0.2692 0.6163
vn -0.2183 0.8921 0.3957
vn -0.2568 0.8707 0.4194
vn -0.7236 0.2244 0.6527
vn -0.7302 0.2145 0.6487
vn -0.6775 -0.7328 0.0636
vn -0.6684 -0.7389 0.0851
vn -0.7220 -0.2178 0.6567
vn -0.8508 0.0525 0.5228
vn -0.0003 -0.7902 -0.6128
vn -0.8476 -0.0406 0.5290
vn -0.8507 -0.0657 0.5216
vn -0.8476 -0.0404 0.5290
vn -0.8459 0.0423 0.5316
vn -0.8493 0.0299 0.5270
vn -0.0866 0.9929 0.0812
vn -0.0815 0.9922 0.0944
vn -0.1213 0.9660 0.2283
vn -0.0797 0.9774 0.1960
vn -0.0866 0.9929 0.0816
vn -0.6893 -0.7221 -0.0581
vn -0.5362 -0.5649 0.6272
vn -0.5263 -0.5345 0.6613
vn -0.8476 -0.0404 0.5292
vn -0.8477 -0.0161 0.5303
vn -0.4882 -0.7803 0.3910
vn -0.4358 -0.8543 0.2834
vn -0.8476 -0.0164 0.5303
vn -0.0230 0.9976 0.0650
vn -0.8450 0.0146 0.5346
vn -0.8483 0.0069 0.5294
vn -0.8483 0.0070 0.5294
vn -0.8456 -0.0133 0.5336
vn 0.0004 -0.8202 -0.5721
vn -0.7174 0.1637 0.6771
vn -0.7231 0.1568 0.6727
vn -0.6727 -0.2305 0.7031
vn -0.6616 -0.1876 0.7260
vn -0.6115 0.3097 0.7281
vn -0.6230 0.2964 0.7239
vn -0.6343 -0.3717 0.6778
vn -0.6111 -0.3054 0.7302
vn -0.4912 0.4830 0.7248
vn -0.5103 0.4631 0.7246
vn -0.4875 -0.4713 0.7350
vn -0.5327 -0.5659 0.6293
vn -0.3569 0.6629 0.6582
vn -0.3852 0.6388 0.6660
vn -0.0000 0.9983 0.0591
vn -0.6700 -0.7405 0.0522
vn 0.0004 -0.8202 -0.5720
vn -0.1577 -0.8487 -0.5048
vn -0.2105 0.8232 0.5272
vn -0.2481 0.8003 0.5459
vn -0.6431 -0.7602 -0.0924
vn -0.5092 -0.8328 -0.2172
vn -0.5428 -0.7951 0.2708
vn -0.4355 -0.8544 0.2833
vn -0.5051 -0.8391 0.2020
vn -0.5136 -0.8370 0.1890
vn -0.3618 -0.6525 0.6658
vn -0.2210 -0.8667 0.4472
vn -0.5264 -0.5344 0.6613
vn -0.4881 -0.7803 0.3911
vn -0.3526 -0.7552 0.5526
vn -0.4884 -0.7802 0.3908
vn -0.5358 -0.5634 0.6289
vn -0.7137 0.0977 0.6936
vn -0.6711 -0.1908 0.7164
vn -0.6590 -0.1129 0.7436
vn -0.1305 0.9164 0.3785
vn -0.0501 0.9505 0.3065
vn -0.0500 0.9505 0.3066
vn -0.4608 -0.8225 0.3335
vn -0.6149 0.2169 0.7582
vn -0.6053 0.2260 0.7632
vn -0.0009 0.9983 0.0591
vn -0.0009 0.9985 0.0543
vn -0.6610 0.0396 0.7493
vn -0.6591 0.0416 0.7509
vn -0.6633 0.0903 0.7428
vn -0.6649 -0.1162 0.7378
vn -0.6590 -0.0366 0.7512
vn -0.0009 0.9982 0.0597
vn 0.0011 0.9845 0.1755
vn -0.6609 -0.0381 0.7495
vn -0.4808 0.3814 0.7895
vn 0.0006 -0.8222 0.5692
vn -0.6992 -0.7150 0.0008
vn -0.7004 -0.7138 0.0008
vn -0.6547 -0.7546 0.0430
vn -0.6426 -0.7632 0.0686
vn -0.4805 -0.3761 0.7923
vn -0.5119 -0.4652 0.7222
vn -0.2856 -0.8270 0.4843
vn -0.2745 -0.8449 0.4592
vn -0.3338 -0.8586 0.3891
vn -0.3488 0.5651 0.7477
vn -0.3751 0.5438 0.7507
vn -0.3750 -0.6138 0.6947
vn -0.3447 -0.5514 0.7598
vn -0.1880 -0.7357 0.6507
vn -0.3110 -0.8806 -0.3575
vn -0.4949 -0.8391 -0.2258
vn -0.6023 0.1378 0.7863
vn -0.1602 0.7395 0.6538
vn -0.1756 0.6902 0.7020
vn -0.1605 0.7393 0.6540
vn -0.0417 0.9051 0.4232
vn -0.0413 0.9050 0.4234
vn -0.0603 0.8623 0.5028
vn -0.1654 0.8142 0.5565
vn 0.0294 0.9575 0.2868
vn -0.4308 0.3875 0.8150
vn -0.4117 0.3124 0.8561
vn -0.4268 0.2954 0.8547
vn -0.4767 -0.2731 0.8356
vn -0.5012 -0.3732 0.7807
vn -0.4963 -0.8604 0.1158
vn -0.5180 -0.8504 0.0926
vn -0.4966 -0.8564 0.1417
vn 0.0293 0.9576 0.2866
vn -0.2928 -0.9026 0.3154
vn -0.1883 -0.7356 0.6507
vn -0.1394 -0.5426 0.8284
vn -0.3432 0.4547 0.8219
vn -0.0006 -0.8220 0.5695
vn -0.6426 -0.7631 0.0689
vn -0.3771 -0.5462 0.7479
vn -0.3403 -0.4413 0.8303
vn -0.4102 0.1911 0.8917
vn -0.4204 0.1813 0.8890
vn -0.4757 -0.1648 0.8640
vn -0.4925 -0.2730 0.8264
vn -0.1708 0.6291 0.7583
vn -0.1406 0.6609 0.7372
vn -0.1603 0.7397 0.6536
vn -0.1833 -0.7363 0.6513
vn -0.1862 -0.7280 0.6598
vn -0.1394 -0.5424 0.8285
vn -0.2856 -0.8269 0.4844
vn -0.1238 -0.7461 0.6543
vn -0.2854 -0.8271 0.4842
vn -0.0003 -0.8222 0.5692
vn -0.5612 -0.8275 0.0190
vn -0.1056 -0.6398 0.7613
vn -0.1271 -0.6857 0.7167
vn -0.3106 -0.8807 -0.3577
vn -0.0784 -0.8661 -0.4937
vn -0.0736 -0.8713 -0.4852
vn -0.2745 -0.8449 0.4591
vn -0.6516 -0.7568 -0.0517
vn -0.1330 -0.9797 0.1501
vn -0.1233 -0.8412 0.5265
vn -0.1127 -0.8345 0.5394
vn 0.0034 0.9709 0.2393
vn -0.0016 0.9103 0.4139
vn -0.0016 0.9102 0.4141
vn -0.4113 0.0658 0.9091
vn -0.4151 0.0628 0.9076
vn -0.4111 -0.0580 0.9097
vn -0.4190 -0.1566 0.8944
vn -0.1205 0.7498 0.6506
vn -0.0451 0.8414 0.5385
vn -0.4818 -0.8755 0.0362
vn -0.4148 -0.0603 0.9079
vn -0.0799 -0.8311 0.5504
vn -0.3679 -0.4394 0.8195
vn -0.3390 -0.3213 0.8842
vn -0.0000 -0.8221 0.5694
vn -0.5007 -0.8637 0.0577
vn -0.4818 -0.8673 0.1248
vn 0.0005 -0.8499 -0.5270
vn -0.0005 -0.8158 -0.5783
vn -0.6990 -0.7151 0.0007
vn -0.1261 0.5678 0.8134
vn -0.1260 0.5677 0.8135
vn -0.1733 0.5068 0.8445
vn -0.3112 -0.9256 0.2153
vn -0.3015 -0.9251 0.2308
vn -0.3316 -0.8895 0.3144
vn -0.1302 -0.5892 0.7975
vn -0.1302 -0.5892 0.7974
vn -0.1302 -0.5891 0.7975
vn -0.1667 -0.5016 0.8489
vn -0.2261 -0.6578 0.7184
vn 0.0308 0.8520 0.5227
vn -0.3595 -0.3220 0.8758
vn -0.3403 -0.1982 0.9192
vn 0.0004 -0.8220 0.5695
vn -0.4817 -0.8674 0.1250
vn -0.1278 -0.8355 0.5344
vn -0.1460 -0.9102 0.3877
vn -0.0950 -0.8928 0.4404
vn -0.0006 -0.8502 -0.5265
vn 0.0001 -0.8440 -0.5363
vn -0.1445 -0.8746 -0.4628
vn -0.3059 -0.9394 0.1546
vn -0.2976 -0.9402 0.1656
vn -0.4143 -0.9101 0.0071
vn 0.0107 0.8739 0.4860
vn 0.0029 0.8487 0.5289
vn -0.1232 0.4594 0.8797
vn -0.1574 0.3753 0.9134
vn -0.1893 0.3356 0.9228
vn -0.6078 -0.7899 -0.0810
vn -0.4770 -0.8572 -0.1941
vn -0.1514 -0.3699 0.9167
vn -0.1362 -0.4857 0.8635
vn -0.1362 -0.4858 0.8634
vn -0.3014 -0.9490 0.0924
vn -0.2958 -0.9502 0.0986
vn -0.0021 0.7729 0.6346
vn -0.0021 0.7727 0.6347
vn -0.2944 -0.9555 0.0159
vn -0.0001 -0.8221 0.5693
vn -0.3535 -0.9287 0.1116
vn 0.1439 -0.7817 0.6068
vn -0.1303 0.3449 0.9296
vn -0.1303 0.3449 0.9295
vn -0.1560 0.2306 0.9605
vn -0.1541 -0.3711 0.9157
vn -0.1541 -0.3712 0.9157
vn -0.1319 -0.2591 0.9568
vn -0.1319 -0.2592 0.9568
vn -0.1689 -0.2227 0.9601
vn -0.0040 -0.7935 0.6085
vn 0.0184 -0.7132 0.7007
vn -0.0040 -0.8195 0.5731
vn -0.0022 0.7731 0.6343
vn -0.1461 0.2250 0.9633
vn -0.1655 0.0792 0.9830
vn -0.1358 0.1042 0.9852
vn -0.1206 -0.1407 0.9827
vn -0.1205 -0.1409 0.9827
vn -0.1723 -0.0727 0.9824
vn 0.0183 -0.7132 0.7007
vn 0.0223 0.7154 0.6983
vn 0.0076 0.6901 0.7237
vn -0.2899 -0.9016 -0.3210
vn -0.4630 -0.8630 -0.2021
vn -0.0786 -0.9396 0.3333
vn -0.1134 -0.9519 0.2848
vn -0.0786 -0.9396 0.3332
vn -0.0786 -0.9395 0.3333
vn -0.1220 -0.0181 0.9924
vn -0.1220 -0.0180 0.9924
vn -0.0000 -0.8221 0.5693
vn -0.2456 -0.9689 0.0300
vn 0.0858 -0.6234 0.7772
vn -0.0041 -0.8193 0.5734
vn -0.0829 -0.9741 0.2102
vn -0.0848 -0.9725 0.2170
vn 0.0262 -0.8810 0.4724
vn -0.0049 0.5898 0.8075
vn -0.0049 0.5899 0.8075
vn 0.0857 -0.6236 0.7770
vn -0.0053 -0.7156 0.6985
vn -0.0054 -0.6125 0.7904
vn -0.0049 0.5898 0.8076
vn -0.1054 -0.9868 0.1229
vn -0.0944 -0.9719 0.2157
vn -0.0944 -0.9719 0.2155
vn 0.0186 -0.5106 0.8596
vn -0.0700 -0.8958 -0.4390
vn -0.0744 -0.8916 -0.4467
vn -0.2895 -0.9017 -0.3212
vn -0.0759 -0.9919 0.1016
vn -0.0759 -0.9919 0.1015
vn -0.1153 -0.9927 0.0360
vn -0.7005 -0.7137 0.0007
vn -0.6992 -0.7150 0.0006
vn -0.6002 -0.7931 -0.1035
vn -0.0002 -0.8221 0.5693
vn -0.1875 -0.9658 0.1790
vn 0.0331 0.4824 0.8753
vn -0.6593 -0.7518 -0.0004
vn -0.6150 -0.7873 -0.0438
vn 0.0199 0.5069 0.8618
vn 0.0093 0.4797 0.8774
vn -0.0832 -0.9963 0.0212
vn 0.0223 -0.5112 0.8592
vn 0.0208 -0.5068 0.8618
vn 0.1018 -0.9239 0.3688
vn -0.0067 -0.3917 0.9201
vn 0.0010 -0.8775 -0.4796
vn -0.0052 0.3607 0.9327
vn -0.0039 -0.8740 0.4860
vn -0.0060 -0.9372 0.3488
vn -0.0060 -0.9371 0.3490
vn -0.0067 -0.3918 0.9200
vn -0.0052 0.3606 0.9327
vn 0.0181 -0.2731 0.9618
vn 0.0282 -0.2740 0.9613
vn 0.0204 -0.2626 0.9647
vn -0.6593 -0.7519 -0.0004
vn 0.0267 0.2626 0.9645
vn 0.0123 0.2384 0.9711
vn 0.0268 -0.9720 0.2335
vn -0.0068 -0.1467 0.9892
vn 0.0269 -0.9720 0.2334
vn 0.0010 -0.8775 -0.4795
vn -0.1365 -0.8986 -0.4170
vn -0.0068 -0.1466 0.9892
vn -0.0062 0.1094 0.9940
vn -0.0068 -0.1468 0.9891
vn -0.0062 0.1093 0.9940
vn 0.0154 -0.0189 0.9997
vn 0.0328 -0.0190 0.9993
vn 0.0243 -0.0000 0.9997
vn -0.6346 -0.7728 0.0004
vn -0.6245 -0.7810 0.0021
vn -0.6246 -0.7810 0.0021
vn 0.0229 -0.9707 0.2392
vn 0.0210 -0.9723 0.2329
vn -0.0071 -0.9943 0.1065
vn -0.5703 -0.8182 -0.0726
vn -0.4461 -0.8784 -0.1713
vn -0.0000 -0.9997 0.0225
vn 0.0054 -0.9985 0.0543
vn -0.2696 -0.9199 -0.2849
vn -0.4322 -0.8839 -0.1788
vn -0.0690 -0.9130 -0.4020
vn -0.0689 -0.9130 -0.4020
vn -0.0971 -0.9210 -0.3773
vn -0.2697 -0.9199 -0.2848
vn 0.0013 -0.9013 -0.4332
vn -0.0013 -0.8701 -0.4929
vn -0.5746 -0.8174 -0.0412
vn -0.0007 -0.9017 -0.4323
vn 0.0003 -0.8939 -0.4483
vn -0.2918 -0.9216 -0.2558
vn -0.4417 -0.8877 -0.1299
vn -0.4419 -0.8876 -0.1297
vn -0.5225 -0.8497 -0.0707
vn -0.4164 -0.8969 -0.1488
vn -0.1436 -0.9195 -0.3660
vn -0.2531 -0.9337 -0.2534
vn -0.2762 -0.9316 -0.2365
vn -0.1005 -0.9390 -0.3290
vn -0.0475 -0.9340 -0.3541
vn -0.0513 -0.9310 -0.3614
vn -0.2791 -0.9298 -0.2400
vn 0.0015 -0.9231 -0.3845
vn -0.6023 -0.7982 -0.0000
vn -0.5340 -0.8220 -0.1980
vn -0.5614 -0.8269 -0.0332
vn -0.5510 -0.8345 -0.0000
vn -0.4100 -0.9121 -0.0012
vn -0.4640 -0.8858 -0.0000
vn -0.4640 -0.8857 0.0129
vn 0.0001 -0.8221 0.5694
vn -0.5764 -0.8172 -0.0008
vn -0.0009 -0.9235 -0.3835
vn 0.0001 -0.9154 -0.4025
vn -0.1039 -0.9357 -0.3371
vn -0.5259 -0.8506 -0.0000
vn -0.3617 -0.9294 -0.0729
vn -0.0000 0.1277 0.9918
vn -0.0000 -0.1031 0.9947
vn -0.0000 -0.3284 0.9445
vn -0.0000 0.3517 0.9361
vn -0.0000 -0.5362 0.8441
vn -0.0000 0.5570 0.8305
vn -0.0000 -0.7155 0.6986
vn -0.0000 0.5054 0.8629
vn -0.0387 0.1756 0.9837
vn -0.0000 0.2267 0.9740
vn -0.0000 0.0145 0.9999
vn -0.0036 0.0633 0.9980
vn -0.0036 0.0634 0.9980
vn -0.0000 0.9693 0.2459
vn -0.0000 0.7351 0.6780
vn -0.0000 -0.6168 0.7871
vn -0.0000 0.3231 0.9464
vn -0.0000 0.7348 0.6783
vn -0.0000 -0.1672 0.9859
vn -0.0000 -0.1669 0.9860
vn -0.3430 -0.9374 -0.0596
vn -0.3501 -0.9335 -0.0773
vn -0.1602 -0.9871 -0.0000
vn -0.1602 -0.9871 -0.0046
vn -0.3430 -0.9374 -0.0598
vn -0.2233 -0.9598 -0.1702
vn -0.1602 -0.9826 -0.0937
vn 0.0108 -0.9571 -0.2895
vn -0.1568 -0.9812 -0.1123
vn -0.1064 -0.9942 -0.0170
vn -0.1605 -0.9826 -0.0936
vn -0.0382 -0.9845 -0.1709
vn -0.0682 -0.9850 -0.1587
vn -0.0441 -0.9814 -0.1869
vn -0.0148 -0.9831 -0.1822
vn -0.0000 -0.9296 -0.3686
vn -0.0000 -0.9833 -0.1818
vn 0.9844 0.1762 -0.0006
vn 0.9705 0.2413 -0.0000
vn -0.0000 0.2673 0.9636
vn -0.0008 0.1767 0.9843
vn -0.0008 0.2680 0.9634
vn 0.8526 0.5226 -0.0006
vn 0.0005 0.5231 0.8523
vn 0.9705 0.2412 0.0030
vn 0.6819 0.7315 -0.0032
vn 0.8363 0.5483 0.0005
vn 0.7456 0.6664 0.0001
vn -0.0004 0.6644 0.7474
vn -0.0003 0.7327 0.6806
vn 0.5391 0.8422 0.0012
vn 0.3592 0.9333 -0.0010
vn 0.6804 0.7328 0.0001
vn -0.0003 0.6645 0.7473
vn -0.0000 0.7328 0.6805
vn 0.0001 0.8857 0.4643
vn 0.0009 0.9339 0.3575
vn 0.1760 0.9844 -0.0000
vn -0.0000 0.9880 0.1547
vn 0.1951 -0.0000 0.9808
vn 0.0752 -0.6307 -0.7724
vn 0.1952 -0.6046 -0.7722
vn 0.1952 -0.6326 -0.7495
vn 0.1952 -0.6697 -0.7165
vn 0.1949 -0.6698 -0.7165
vn 0.1949 -0.7052 -0.6818
vn 0.1950 -0.7051 -0.6817
vn 0.1950 -0.7387 -0.6452
vn 0.1950 -0.7704 -0.6070
vn 0.1953 -0.7704 -0.6070
vn 0.1953 -0.8001 -0.5672
vn 0.1950 -0.8001 -0.5672
vn 0.1950 -0.8278 -0.5260
vn 0.1951 -0.8278 -0.5260
vn 0.1951 -0.8534 -0.4835
vn 0.1950 -0.8534 -0.4835
vn 0.1950 -0.8767 -0.4397
vn 0.1950 -0.8979 -0.3948
vn 0.1948 -0.8979 -0.3948
vn 0.1952 -0.9117 -0.3614
vn 0.1954 -0.9117 -0.3615
vn 0.1554 -0.9687 -0.1934
vn 0.1936 -0.9555 -0.2225
vn 0.2029 -0.9771 -0.0649
vn 0.0001 -0.2664 -0.9638
vn 0.2604 -0.5954 -0.7600
vn 0.5577 -0.5096 -0.6552
vn 0.5554 -0.5105 -0.6564
vn 0.5575 -0.5094 -0.6556
vn 0.5554 -0.5364 -0.6355
vn 0.5553 -0.5364 -0.6355
vn 0.5554 -0.5678 -0.6075
vn 0.5554 -0.5679 -0.6075
vn 0.5555 -0.5978 -0.5780
vn 0.5554 -0.5978 -0.5780
vn 0.5555 -0.6263 -0.5470
vn 0.5553 -0.6532 -0.5147
vn 0.5554 -0.6532 -0.5146
vn 0.5554 -0.6263 -0.5470
vn 0.5555 -0.6783 -0.4809
vn 0.5553 -0.6784 -0.4810
vn 0.5554 -0.7019 -0.4460
vn 0.5554 -0.7018 -0.4460
vn 0.5554 -0.6784 -0.4809
vn 0.5554 -0.7235 -0.4099
vn 0.5553 -0.7434 -0.3728
vn 0.5553 -0.7236 -0.4099
vn 0.5554 -0.7613 -0.3347
vn 0.5553 -0.7613 -0.3347
vn 0.5555 -0.7730 -0.3064
vn 0.5554 -0.7731 -0.3064
vn 0.5546 -0.7975 -0.2375
vn 0.1966 -0.9784 -0.0633
vn 0.5824 -0.7914 -0.1857
vn 0.5514 -0.8040 -0.2228
vn 0.5048 -0.8175 -0.2773
vn 0.5411 -0.8226 -0.1746
vn 0.5605 -0.8044 -0.1972
vn 0.3229 -0.9424 -0.0877
vn 0.5410 -0.8227 -0.1745
vn 0.7056 -0.4165 -0.5733
vn 0.7103 -0.4277 -0.5590
vn 0.7078 -0.4334 -0.5579
vn 0.7061 -0.4568 -0.5412
vn 0.7055 -0.4839 -0.5177
vn 0.7086 -0.4580 -0.5368
vn 0.7051 -0.5098 -0.4929
vn 0.7091 -0.4856 -0.5113
vn 0.7047 -0.5344 -0.4667
vn 0.7095 -0.5118 -0.4844
vn 0.7044 -0.5576 -0.4393
vn 0.7099 -0.5366 -0.4562
vn 0.7041 -0.5793 -0.4107
vn 0.7102 -0.5599 -0.4269
vn 0.7039 -0.5995 -0.3809
vn 0.7104 -0.5816 -0.3964
vn 0.7038 -0.6181 -0.3502
vn 0.7105 -0.6017 -0.3648
vn 0.7032 -0.6379 -0.3139
vn 0.7009 -0.6410 -0.3128
vn 0.7106 -0.6202 -0.3322
vn 0.7000 -0.6418 -0.3131
vn 0.7001 -0.6417 -0.3131
vn 0.7130 -0.6268 -0.3143
vn 0.7060 -0.6442 -0.2944
vn 0.7060 -0.6441 -0.2945
vn 0.7016 -0.6523 -0.2868
vn 0.6983 -0.6521 -0.2953
vn 0.6983 -0.6521 -0.2952
vn 0.7026 -0.6514 -0.2864
vn 0.7026 -0.6550 -0.2781
vn 0.7005 -0.6529 -0.2882
vn 0.7081 -0.6564 -0.2602
vn 0.7060 -0.6507 -0.2795
vn 0.7121 -0.6555 -0.2514
vn 0.5556 -0.0000 0.8315
vn 0.5555 -0.0000 0.8315
vn 0.7119 -0.6555 -0.2519
vn 0.7129 -0.6552 -0.2500
vn 0.7117 -0.6642 -0.2287
vn 0.7043 -0.6595 -0.2627
vn 0.7056 -0.4164 -0.5734
vn 0.7106 -0.3982 -0.5801
vn 0.1981 -0.9790 -0.0486
vn 0.2332 -0.9707 -0.0575
vn 0.1987 -0.9790 -0.0463
vn 0.8315 -0.0000 0.5555
vn 0.7041 -0.6700 -0.2352
vn 0.7042 -0.6730 -0.2262
vn 0.7106 -0.6774 -0.1903
vn 0.5900 -0.7917 -0.1584
vn 0.2428 -0.9684 -0.0574
vn 0.5724 -0.8058 -0.1517
vn 0.7109 -0.3978 -0.5800
vn 0.7068 -0.3859 -0.5929
vn 0.7106 -0.6774 -0.1902
vn 0.7077 -0.3814 -0.5947
vn 0.7047 -0.6383 -0.3097
vn 0.7078 -0.3813 -0.5947
vn 0.9808 -0.0000 0.1951
vn 0.7090 -0.3804 -0.5938
vn 0.8781 -0.2581 -0.4030
vn 0.8314 -0.3144 -0.4583
vn 0.8313 -0.3144 -0.4583
vn 0.8311 -0.2797 -0.4807
vn 0.8313 -0.3378 -0.4415
vn 0.8313 -0.3377 -0.4414
vn 0.8313 -0.3607 -0.4228
vn 0.8313 -0.3608 -0.4229
vn 0.8313 -0.3828 -0.4031
vn 0.8313 -0.3827 -0.4030
vn 0.8314 -0.4036 -0.3820
vn 0.8313 -0.4037 -0.3821
vn 0.8314 -0.4233 -0.3599
vn 0.8314 -0.4234 -0.3600
vn 0.8315 -0.4418 -0.3369
vn 0.8313 -0.4421 -0.3371
vn 0.8313 -0.4593 -0.3130
vn 0.8313 -0.4753 -0.2881
vn 0.8312 -0.4901 -0.2625
vn 0.8313 -0.4899 -0.2624
vn 0.8313 -0.5001 -0.2427
vn 0.8582 -0.4651 -0.2171
vn 0.9805 -0.0865 -0.1766
vn 0.8917 -0.2824 -0.3537
vn -0.3067 0.4512 -0.8381
vn -0.0001 -0.0000 1.0000
vn 0.8581 -0.4652 -0.2172
vn 0.9808 -0.1103 -0.1608
vn 0.9807 -0.1187 -0.1551
vn 0.9808 -0.1185 -0.1549
vn 0.9808 -0.1266 -0.1484
vn 0.9808 -0.1266 -0.1483
vn 0.9808 -0.1343 -0.1414
vn 0.9808 -0.1416 -0.1341
vn 0.9808 -0.1417 -0.1341
vn 0.9808 -0.1486 -0.1263
vn 0.9807 -0.1553 -0.1184
vn 0.9807 -0.1555 -0.1186
vn 0.9808 -0.1612 -0.1098
vn 0.9808 -0.1611 -0.1098
vn 0.9808 -0.1668 -0.1011
vn 0.9808 -0.1719 -0.0920
vn 0.9808 -0.1719 -0.0921
vn 0.9807 -0.1728 -0.0912
vn 0.9894 -0.1303 -0.0635
vn 0.9942 -0.0579 -0.0908
s 0
usemtl Material.024
f 1//1 2//1 3//1
f 4//2 5//2 3//2
f 6//2 4//2 3//2
f 2//2 6//2 3//2
f 5//3 1//3 3//3
f 7//1 2//1 1//1
f 8//4 7//4 1//4
f 9//4 8//4 1//4
f 10//4 9//4 1//4
f 11//4 10//4 1//4
f 5//3 11//3 1//3
f 12//1 13//1 7//1
f 14//1 2//1 7//1
f 13//1 14//1 7//1
f 15//1 12//1 7//1
f 16//1 15//1 7//1
f 17//5 18//5 7//5
f 18//5 16//5 7//5
f 19//5 20//5 7//5
f 20//5 21//5 7//5
f 21//5 17//5 7//5
f 8//4 19//4 7//4
f 22//1 15//1 16//1
f 23//1 22//1 16//1
f 24//6 23//6 16//6
f 25//7 24//7 16//7
f 28//2 6//2 2//2
f 29//2 28//2 2//2
f 14//8 29//8 2//8
f 13//1 30//1 14//1
f 30//9 31//9 14//9
f 31//8 32//8 14//8
f 32//8 29//8 14//8
f 13//10 33//10 30//10
f 33//9 31//9 30//9
f 34//10 33//10 13//10
f 12//11 34//11 13//11
f 15//12 35//12 12//12
f 35//12 36//12 12//12
f 36//12 37//12 12//12
f 37//12 38//12 12//12
f 38//12 39//12 12//12
f 39//11 34//11 12//11
f 40//13 35//13 15//13
f 22//14 40//14 15//14
f 41//1 42//1 22//1
f 42//1 43//1 22//1
f 43//1 44//1 22//1
f 44//1 45//1 22//1
f 23//1 41//1 22//1
f 45//15 40//15 22//15
f 46//1 41//1 23//1
f 24//16 46//16 23//16
f 44//1 47//1 45//1
f 47//1 48//1 45//1
f 48//17 40//17 45//17
f 49//1 41//1 46//1
f 24//18 49//18 46//18
f 50//1 41//1 49//1
f 51//19 50//19 49//19
f 24//20 51//20 49//20
f 47//1 52//1 48//1
f 53//21 40//21 48//21
f 52//22 53//22 48//22
f 47//1 54//1 52//1
f 55//23 53//23 52//23
f 54//24 55//24 52//24
f 56//1 41//1 50//1
f 57//25 56//25 50//25
f 51//26 57//26 50//26
f 58//27 41//27 56//27
f 57//28 58//28 56//28
f 59//1 60//1 54//1
f 47//1 59//1 54//1
f 61//29 55//29 54//29
f 60//30 61//30 54//30
f 62//31 61//31 60//31
f 59//32 63//32 60//32
f 63//33 62//33 60//33
f 64//1 41//1 58//1
f 65//34 64//34 58//34
f 66//35 65//35 58//35
f 57//36 66//36 58//36
f 47//1 67//1 59//1
f 67//37 63//37 59//37
f 68//1 41//1 64//1
f 69//1 68//1 64//1
f 65//38 70//38 64//38
f 70//39 69//39 64//39
f 47//1 71//1 67//1
f 71//40 72//40 67//40
f 72//41 63//41 67//41
f 73//42 68//42 69//42
f 74//43 73//43 69//43
f 70//44 74//44 69//44
f 47//1 75//1 71//1
f 47//1 76//1 75//1
f 77//45 71//45 75//45
f 78//46 77//46 75//46
f 76//47 79//47 75//47
f 79//47 78//47 75//47
f 68//48 80//48 41//48
f 80//49 42//49 41//49
f 47//1 81//1 76//1
f 81//50 82//50 76//50
f 82//50 79//50 76//50
f 83//51 43//51 42//51
f 80//49 83//49 42//49
f 47//52 84//52 81//52
f 84//52 82//52 81//52
f 85//53 44//53 43//53
f 83//51 85//51 43//51
f 44//54 84//54 47//54
f 86//54 84//54 44//54
f 85//53 86//53 44//53
f 77//55 72//55 71//55
f 73//56 80//56 68//56
f 87//57 61//57 62//57
f 63//33 87//33 62//33
f 88//58 89//58 65//58
f 89//59 70//59 65//59
f 66//60 88//60 65//60
f 90//61 89//61 88//61
f 66//62 90//62 88//62
f 91//63 61//63 87//63
f 92//64 91//64 87//65
f 63//66 92//66 87//66
f 93//67 92//67 63//67
f 72//68 93//68 63//68
f 89//69 74//69 70//69
f 53//70 35//70 40//70
f 25//71 51//71 24//71
f 91//72 92//72 93//72
f 94//73 91//73 93//73
f 72//74 94//74 93//74
f 90//75 95//75 89//75
f 95//76 74//76 89//76
f 96//77 97//77 72//77
f 77//77 96//77 72//77
f 97//78 94//78 72//78
f 98//79 73//79 74//79
f 95//76 98//76 74//76
f 78//80 99//80 77//80
f 99//81 96//81 77//81
f 100//82 80//82 73//82
f 98//79 100//79 73//79
f 79//83 101//83 78//83
f 101//84 99//84 78//84
f 100//85 102//85 80//85
f 102//86 83//86 80//86
f 82//87 103//87 79//87
f 103//87 101//87 79//87
f 104//88 85//88 83//88
f 102//89 104//89 83//89
f 84//90 105//90 82//90
f 105//91 103//91 82//91
f 106//92 107//92 85//92
f 107//93 86//93 85//93
f 104//88 106//88 85//88
f 86//94 105//94 84//94
f 107//94 105//94 86//94
f 107//95 108//95 105//95
f 108//96 103//96 105//96
f 109//95 108//95 107//95
f 106//97 109//97 107//97
f 110//98 95//98 90//98
f 66//99 110//99 90//99
f 111//2 112//2 5//2
f 4//2 111//2 5//2
f 112//100 11//100 5//100
f 112//100 10//100 11//100
f 57//71 51//71 25//71
f 26//101 57//101 25//101
f 55//102 36//102 35//102
f 53//103 55//103 35//103
f 113//104 61//104 91//104
f 94//105 114//105 91//105
f 114//106 113//106 91//106
f 115//107 116//107 110//107
f 116//108 95//108 110//108
f 66//109 117//109 110//109
f 117//110 115//110 110//110
f 97//78 114//78 94//78
f 116//76 98//76 95//76
f 118//111 113//111 114//111
f 97//112 118//112 114//112
f 115//113 119//113 116//113
f 119//114 98//114 116//114
f 120//115 121//115 97//115
f 96//116 120//116 97//116
f 121//117 118//117 97//117
f 122//118 100//118 98//118
f 119//119 122//119 98//119
f 99//120 123//120 96//120
f 123//121 120//121 96//121
f 124//122 102//122 100//122
f 122//123 124//123 100//123
f 101//124 125//124 99//124
f 125//125 123//125 99//125
f 124//126 126//126 102//126
f 126//127 104//127 102//127
f 103//128 127//128 101//128
f 127//128 125//128 101//128
f 128//129 106//129 104//129
f 126//130 128//130 104//130
f 108//131 129//131 103//131
f 129//132 127//132 103//132
f 130//133 131//133 106//133
f 131//134 109//134 106//134
f 128//129 130//129 106//129
f 109//135 129//135 108//135
f 131//135 129//135 109//135
f 131//136 132//136 129//136
f 132//137 127//137 129//137
f 133//136 132//136 131//136
f 130//138 133//138 131//138
f 117//139 119//139 115//139
f 134//140 61//140 113//140
f 118//141 134//141 113//141
f 61//142 36//142 55//142
f 26//143 66//143 57//143
f 135//144 61//144 134//144
f 118//145 136//145 134//145
f 136//146 135//146 134//146
f 137//147 138//147 117//147
f 138//148 119//148 117//148
f 66//149 137//149 117//149
f 121//150 136//150 118//150
f 138//119 122//119 119//119
f 139//151 140//151 137//151
f 140//152 138//152 137//152
f 66//153 139//153 137//153
f 141//154 135//154 136//154
f 142//155 141//155 136//155
f 121//156 142//156 136//156
f 140//157 122//157 138//157
f 143//158 142//158 121//158
f 120//159 143//159 121//159
f 144//160 124//160 122//160
f 140//161 144//161 122//161
f 123//162 145//162 120//162
f 145//162 143//162 120//162
f 146//163 126//163 124//163
f 144//160 146//160 124//160
f 125//164 147//164 123//164
f 147//165 145//165 123//165
f 146//166 148//166 126//166
f 148//167 128//167 126//167
f 127//168 149//168 125//168
f 149//169 150//169 125//169
f 150//170 147//170 125//170
f 151//171 152//171 128//171
f 148//172 151//172 128//172
f 152//173 130//173 128//173
f 132//174 153//174 127//174
f 153//175 149//175 127//175
f 152//176 154//176 130//176
f 154//177 133//177 130//177
f 133//178 153//178 132//178
f 155//178 153//178 133//178
f 154//179 155//179 133//179
f 156//180 61//180 135//180
f 141//181 156//181 135//181
f 157//182 61//182 156//182
f 158//183 157//183 156//183
f 141//2 158//2 156//2
f 66//184 159//184 139//184
f 160//4 140//4 139//4
f 159//4 160//4 139//4
f 161//2 158//2 141//2
f 142//185 162//185 141//185
f 162//186 163//186 141//186
f 163//187 164//187 141//187
f 164//188 161//188 141//188
f 165//189 144//189 140//189
f 166//190 165//190 140//190
f 160//191 166//191 140//191
f 143//192 167//192 142//192
f 167//193 168//193 142//193
f 168//194 169//194 142//194
f 169//195 170//195 142//195
f 170//195 171//195 142//195
f 171//196 162//196 142//196
f 172//197 173//197 144//197
f 173//198 174//198 144//198
f 174//199 146//199 144//199
f 165//200 172//200 144//200
f 145//201 175//201 143//201
f 175//202 176//202 143//202
f 176//203 167//203 143//203
f 174//204 177//204 146//204
f 177//205 178//205 146//205
f 179//206 148//206 146//206
f 180//207 179//207 146//207
f 178//208 180//208 146//208
f 147//209 175//209 145//209
f 179//210 181//210 148//210
f 181//211 151//211 148//211
f 182//212 175//212 147//212
f 150//213 182//213 147//213
f 181//214 183//214 151//214
f 183//215 152//215 151//215
f 149//216 182//216 150//216
f 183//217 154//217 152//217
f 153//218 184//218 149//218
f 184//219 182//219 149//219
f 185//220 155//220 154//220
f 183//221 185//221 154//221
f 185//12 184//12 153//12
f 155//12 185//12 153//12
f 186//2 187//2 112//2
f 111//2 186//2 112//2
f 187//222 10//222 112//222
f 188//4 9//4 10//4
f 187//222 188//222 10//222
f 189//143 66//143 26//143
f 190//223 189//223 26//223
f 157//224 37//224 36//224
f 61//225 157//225 36//225
f 191//226 157//226 158//226
f 161//2 191//2 158//2
f 189//227 192//227 159//227
f 66//228 189//228 159//228
f 192//4 160//4 159//4
f 193//229 37//229 157//229
f 191//230 193//230 157//230
f 194//231 192//231 189//231
f 190//232 194//232 189//232
f 4//1 195//1 196//1
f 197//233 4//233 196//233
f 198//2 197//2 196//2
f 195//2 198//2 196//2
f 6//1 195//1 4//1
f 197//233 111//233 4//233
f 199//234 200//234 195//234
f 6//1 201//1 195//1
f 201//235 199//235 195//235
f 200//2 198//2 195//2
f 201//1 202//1 203//1
f 204//236 205//236 203//236
f 205//237 206//237 203//237
f 206//238 207//238 203//238
f 207//239 201//239 203//239
f 202//2 204//2 203//2
f 6//1 202//1 201//1
f 207//240 199//240 201//240
f 6//241 28//241 202//241
f 28//241 208//241 202//241
f 208//2 209//2 202//2
f 209//2 204//2 202//2
f 210//242 200//242 199//242
f 207//243 210//243 199//243
f 206//244 210//244 207//244
f 205//245 211//245 206//245
f 212//246 210//246 206//246
f 211//247 212//247 206//247
f 212//248 211//248 210//248
f 211//249 200//249 210//249
f 204//250 211//250 205//250
f 186//251 111//251 197//251
f 213//252 186//252 197//252
f 198//2 214//2 197//2
f 215//2 213//2 197//2
f 214//2 215//2 197//2
f 216//253 217//253 208//253
f 28//254 216//254 208//254
f 217//2 218//2 208//2
f 218//2 209//2 208//2
f 219//255 216//255 28//255
f 29//256 219//256 28//256
f 211//257 220//257 200//257
f 220//2 221//2 200//2
f 221//2 198//2 200//2
f 222//258 220//258 211//258
f 204//259 222//259 211//259
f 223//260 224//260 204//260
f 224//261 225//261 204//261
f 225//262 222//262 204//262
f 209//2 223//2 204//2
f 225//263 220//263 222//263
f 226//264 220//264 225//264
f 224//265 226//265 225//265
f 223//266 227//266 224//266
f 227//267 226//267 224//267
f 194//268 228//268 192//268
f 228//269 160//269 192//269
f 215//270 229//270 213//270
f 229//271 186//271 213//271
f 230//272 218//272 217//272
f 216//273 230//273 217//273
f 219//274 230//274 216//274
f 215//275 231//275 229//275
f 232//276 186//276 229//276
f 231//277 232//277 229//277
f 219//278 218//278 230//278
f 233//279 193//279 191//279
f 161//2 233//2 191//2
f 215//280 234//280 231//280
f 234//281 235//281 231//281
f 235//282 232//282 231//282
f 236//283 237//283 218//283
f 219//284 236//284 218//284
f 237//2 209//2 218//2
f 238//285 237//285 236//285
f 219//286 238//286 236//286
f 239//287 237//287 238//287
f 240//288 239//288 238//288
f 219//289 240//289 238//289
f 215//290 241//290 234//290
f 241//291 235//291 234//291
f 29//292 242//292 219//292
f 242//293 240//293 219//293
f 186//2 243//2 187//2
f 243//294 188//294 187//294
f 243//294 9//294 188//294
f 244//232 194//232 190//232
f 245//295 244//295 190//295
f 246//296 38//296 37//296
f 193//297 246//297 37//297
f 233//298 246//298 193//298
f 244//299 228//299 194//299
f 215//300 247//300 241//300
f 247//301 235//301 241//301
f 248//302 249//302 223//302
f 249//303 250//303 223//303
f 250//304 251//304 223//304
f 252//305 248//305 223//305
f 253//306 252//306 223//306
f 251//307 227//307 223//307
f 209//2 253//2 223//2
f 251//267 226//267 227//267
f 254//308 226//308 251//308
f 250//309 254//309 251//309
f 254//310 220//310 226//310
f 255//310 220//310 254//310
f 249//311 255//311 254//311
f 250//312 249//312 254//312
f 256//313 186//313 232//313
f 235//314 256//314 232//314
f 239//315 257//315 237//315
f 257//2 209//2 237//2
f 258//316 257//316 239//316
f 240//317 258//317 239//317
f 259//318 260//318 215//318
f 260//319 247//319 215//319
f 214//2 259//2 215//2
f 261//320 235//320 247//320
f 260//321 261//321 247//321
f 262//322 257//322 258//322
f 263//323 262//323 258//323
f 240//324 263//324 258//324
f 264//325 257//325 262//325
f 263//326 264//326 262//326
f 265//4 266//4 29//4
f 267//4 265//4 29//4
f 32//4 267//4 29//4
f 266//327 268//327 29//327
f 268//292 242//292 29//292
f 259//328 269//328 260//328
f 269//329 261//329 260//329
f 242//330 268//330 240//330
f 268//331 270//331 240//331
f 270//332 271//332 240//332
f 272//333 263//333 240//333
f 271//334 272//334 240//334
f 273//335 274//335 235//335
f 274//336 275//336 235//336
f 275//337 256//337 235//337
f 261//338 276//338 235//338
f 276//339 277//339 235//339
f 277//340 273//340 235//340
f 278//341 246//341 233//341
f 161//2 278//2 233//2
f 244//342 279//342 228//342
f 279//4 160//4 228//4
f 266//343 270//343 268//343
f 275//344 186//344 256//344
f 280//345 38//345 246//345
f 278//346 280//346 246//346
f 281//347 279//347 244//347
f 245//348 281//348 244//348
f 259//349 282//349 269//349
f 282//350 261//350 269//350
f 283//351 264//351 263//351
f 272//352 283//352 263//352
f 282//350 284//350 261//350
f 284//353 276//353 261//353
f 248//354 255//354 249//354
f 285//355 220//355 255//355
f 248//2 252//2 255//2
f 252//2 285//2 255//2
f 286//2 243//2 186//2
f 275//356 286//356 186//356
f 265//4 287//4 266//4
f 287//357 288//357 266//357
f 288//343 270//343 266//343
f 288//358 271//358 270//358
f 274//359 286//359 275//359
f 281//360 160//360 279//360
f 259//361 284//361 282//361
f 283//325 257//325 264//325
f 221//362 220//362 285//362
f 289//362 221//362 285//362
f 252//2 289//2 285//2
f 161//2 280//2 278//2
f 273//363 286//363 274//363
f 290//364 257//364 283//364
f 291//365 290//365 283//365
f 272//366 291//366 283//366
f 292//367 257//367 290//367
f 291//368 292//368 290//368
f 259//369 293//369 284//369
f 293//370 294//370 284//370
f 294//371 276//371 284//371
f 259//372 295//372 293//372
f 295//373 294//373 293//373
f 287//374 296//374 288//374
f 296//375 271//375 288//375
f 253//376 297//376 252//376
f 297//2 289//2 252//2
f 298//376 297//376 253//376
f 209//2 298//2 253//2
f 299//377 300//377 257//377
f 292//378 299//378 257//378
f 300//2 209//2 257//2
f 291//379 299//379 292//379
f 301//380 273//380 277//380
f 276//381 302//381 277//381
f 302//382 303//382 277//382
f 303//383 301//383 277//383
f 304//384 272//384 271//384
f 296//385 304//385 271//385
f 294//386 305//386 276//386
f 305//387 306//387 276//387
f 306//388 302//388 276//388
f 304//389 307//389 272//389
f 307//390 308//390 272//390
f 308//391 291//391 272//391
f 309//392 295//392 259//392
f 310//393 309//393 259//393
f 214//2 310//2 259//2
f 309//394 311//394 295//394
f 311//395 294//395 295//395
f 301//396 286//396 273//396
f 287//397 312//397 296//397
f 312//398 304//398 296//398
f 311//399 305//399 294//399
f 313//400 299//400 291//400
f 308//401 314//401 291//401
f 314//402 313//402 291//402
f 315//403 300//403 299//403
f 313//404 315//404 299//404
f 310//405 316//405 309//405
f 316//406 311//406 309//406
f 303//407 286//407 301//407
f 286//2 317//2 243//2
f 317//5 9//5 243//5
f 318//4 8//4 9//4
f 317//5 318//5 9//5
f 319//4 320//4 245//4
f 320//4 281//4 245//4
f 323//5 319//5 245//5
f 280//2 324//2 38//2
f 324//12 39//12 38//12
f 161//2 324//2 280//2
f 325//4 160//4 281//4
f 320//4 325//4 281//4
f 326//408 305//408 311//408
f 316//409 326//409 311//409
f 314//410 315//410 313//410
f 327//411 300//411 315//411
f 314//412 327//412 315//412
f 287//413 328//413 312//413
f 328//414 304//414 312//414
f 329//415 221//415 289//415
f 330//415 329//415 289//415
f 331//2 330//2 289//2
f 332//2 331//2 289//2
f 297//2 332//2 289//2
f 329//2 198//2 221//2
f 310//416 333//416 316//416
f 333//417 334//417 316//417
f 334//418 326//418 316//418
f 303//419 317//419 286//419
f 265//420 335//420 287//420
f 335//413 328//413 287//413
f 335//414 304//414 328//414
f 336//421 317//421 303//421
f 302//422 336//422 303//422
f 308//423 337//423 314//423
f 337//424 327//424 314//424
f 334//425 305//425 326//425
f 334//426 338//426 305//426
f 338//427 339//427 305//427
f 339//428 340//428 305//428
f 340//429 341//429 305//429
f 341//430 306//430 305//430
f 342//431 343//431 308//431
f 307//432 342//432 308//432
f 343//433 344//433 308//433
f 344//434 337//434 308//434
f 345//435 302//435 306//435
f 346//436 345//436 306//436
f 341//437 346//437 306//437
f 347//438 342//438 307//438
f 348//439 347//439 307//439
f 304//440 348//440 307//440
f 333//441 338//441 334//441
f 344//442 349//442 337//442
f 349//443 327//443 337//443
f 298//444 332//444 297//444
f 209//444 332//444 298//444
f 350//445 351//445 302//445
f 351//446 336//446 302//446
f 352//447 350//447 302//447
f 345//448 352//448 302//448
f 353//449 354//449 304//449
f 335//450 353//450 304//450
f 354//451 348//451 304//451
f 351//452 317//452 336//452
f 349//453 300//453 327//453
f 349//454 355//454 300//454
f 355//2 356//2 300//2
f 356//2 209//2 300//2
f 350//455 317//455 351//455
f 265//456 353//456 335//456
f 357//457 355//457 349//457
f 344//458 357//458 349//458
f 310//459 358//459 333//459
f 358//460 338//460 333//460
f 359//461 358//461 310//461
f 214//2 359//2 310//2
f 265//462 360//462 353//462
f 360//463 361//463 353//463
f 361//464 354//464 353//464
f 359//465 362//465 358//465
f 362//466 363//466 358//466
f 363//467 338//467 358//467
f 364//457 355//457 357//457
f 365//468 364//468 357//468
f 344//469 365//469 357//469
f 343//470 365//470 344//470
f 198//471 329//471 330//471
f 366//471 198//471 330//471
f 331//2 366//2 330//2
f 363//472 339//472 338//472
f 343//473 367//473 365//473
f 367//474 364//474 365//474
f 368//475 369//475 370//475
f 371//476 368//476 370//476
f 372//477 371//477 370//477
f 373//478 372//478 370//478
f 369//479 373//479 370//479
f 363//480 374//480 339//480
f 374//481 340//481 339//481
f 375//482 376//482 368//482
f 377//483 375//483 368//483
f 371//484 377//484 368//484
f 376//485 369//485 368//485
f 378//486 376//486 375//486
f 377//487 379//487 375//487
f 380//488 378//488 375//488
f 381//489 380//489 375//489
f 379//490 381//490 375//490
f 382//491 371//491 372//491
f 383//492 382//492 372//492
f 373//493 383//493 372//493
f 342//494 384//494 343//494
f 384//494 367//494 343//494
f 374//495 385//495 340//495
f 385//495 341//495 340//495
f 376//496 386//496 369//496
f 386//497 373//497 369//497
f 347//498 384//498 342//498
f 376//499 387//499 386//499
f 387//500 373//500 386//500
f 378//501 387//501 376//501
f 388//502 355//502 364//502
f 367//503 388//503 364//503
f 385//504 346//504 341//504
f 382//505 377//505 371//505
f 382//506 389//506 377//506
f 389//507 390//507 377//507
f 390//507 379//507 377//507
f 391//508 374//508 363//508
f 362//509 391//509 363//509
f 359//465 392//465 362//465
f 392//510 391//510 362//510
f 393//511 345//511 346//511
f 385//512 393//512 346//512
f 348//513 394//513 347//513
f 394//514 384//514 347//514
f 395//492 382//492 383//492
f 373//515 395//515 383//515
f 396//516 389//516 382//516
f 395//517 396//517 382//517
f 379//518 397//518 381//518
f 397//518 398//518 381//518
f 398//519 399//519 381//519
f 399//520 380//520 381//520
f 400//521 317//521 350//521
f 352//522 400//522 350//522
f 401//523 396//523 395//523
f 373//524 401//524 395//524
f 354//525 394//525 348//525
f 209//526 331//526 332//526
f 402//527 331//527 209//527
f 356//2 402//2 209//2
f 378//528 403//528 387//528
f 403//529 373//529 387//529
f 404//530 405//530 406//530
f 407//5 408//5 406//5
f 405//5 407//5 406//5
f 408//5 409//5 406//5
f 409//531 404//531 406//531
f 410//532 411//532 409//532
f 408//5 410//5 409//5
f 411//533 412//533 409//533
f 412//534 404//534 409//534
f 331//535 413//535 414//535
f 415//5 331//5 414//5
f 413//536 415//536 414//536
f 402//537 413//537 331//537
f 415//5 416//5 331//5
f 417//5 418//5 331//5
f 419//5 417//5 331//5
f 416//5 419//5 331//5
f 418//2 420//2 331//2
f 421//2 366//2 331//2
f 422//2 421//2 331//2
f 420//2 422//2 331//2
f 359//538 423//538 392//538
f 423//539 424//539 392//539
f 424//540 391//540 392//540
f 393//541 352//541 345//541
f 410//542 425//542 411//542
f 425//543 412//543 411//543
f 380//544 426//544 378//544
f 426//545 403//545 378//545
f 356//546 355//546 388//546
f 427//547 356//547 388//547
f 367//548 427//548 388//548
f 390//549 428//549 379//549
f 428//550 397//550 379//550
f 399//551 429//551 380//551
f 429//552 426//552 380//552
f 430//553 400//553 352//553
f 393//553 430//553 352//553
f 361//554 431//554 354//554
f 431//554 394//554 354//554
f 432//555 401//555 373//555
f 433//556 432//556 373//556
f 403//557 433//557 373//557
f 359//538 434//538 423//538
f 434//558 424//558 423//558
f 214//559 434//559 359//559
f 435//560 167//560 176//560
f 175//1 435//1 176//1
f 436//561 437//561 179//561
f 438//562 436//562 179//562
f 180//563 438//563 179//563
f 437//1 181//1 179//1
f 439//1 435//1 175//1
f 182//1 439//1 175//1
f 437//1 183//1 181//1
f 440//1 439//1 182//1
f 184//1 441//1 182//1
f 441//1 442//1 182//1
f 442//1 440//1 182//1
f 437//1 185//1 183//1
f 185//1 443//1 184//1
f 443//1 441//1 184//1
f 437//1 444//1 185//1
f 444//1 443//1 185//1
f 445//564 442//564 441//564
f 446//565 445//565 441//565
f 443//566 446//566 441//566
f 445//567 440//567 442//567
f 447//568 446//568 443//568
f 444//568 447//568 443//568
f 448//569 439//569 440//569
f 445//567 448//567 440//567
f 437//1 449//1 444//1
f 450//570 447//570 444//570
f 449//570 450//570 444//570
f 451//1 435//1 439//1
f 452//571 451//571 439//571
f 448//569 452//569 439//569
f 437//1 453//1 449//1
f 454//572 450//572 449//572
f 453//572 454//572 449//572
f 168//573 167//573 435//573
f 455//574 168//574 435//574
f 451//1 456//1 435//1
f 456//575 455//575 435//575
f 457//1 453//1 437//1
f 436//576 458//576 437//576
f 458//577 457//577 437//577
f 459//1 460//1 451//1
f 460//1 456//1 451//1
f 461//1 462//1 451//1
f 462//1 463//1 451//1
f 463//1 459//1 451//1
f 464//578 461//578 451//578
f 452//571 464//571 451//571
f 457//1 465//1 453//1
f 465//1 466//1 453//1
f 467//579 454//579 453//579
f 466//579 467//579 453//579
f 460//580 468//580 456//580
f 468//581 455//581 456//581
f 469//1 470//1 461//1
f 470//1 471//1 461//1
f 471//1 462//1 461//1
f 472//582 469//582 461//582
f 464//578 472//578 461//578
f 473//1 474//1 466//1
f 474//1 475//1 466//1
f 475//1 476//1 466//1
f 476//1 477//1 466//1
f 477//1 478//1 466//1
f 478//1 479//1 466//1
f 465//1 480//1 466//1
f 480//1 473//1 466//1
f 481//583 467//583 466//583
f 479//583 481//583 466//583
f 482//584 483//584 460//584
f 483//585 468//585 460//585
f 459//586 482//586 460//586
f 458//587 465//587 457//587
f 458//588 484//588 465//588
f 484//589 480//589 465//589
f 485//1 486//1 469//1
f 486//1 487//1 469//1
f 487//1 488//1 469//1
f 488//1 489//1 469//1
f 489//1 470//1 469//1
f 490//590 485//590 469//590
f 472//582 490//582 469//582
f 491//1 485//1 479//1
f 478//1 492//1 479//1
f 492//1 491//1 479//1
f 493//591 481//591 479//591
f 485//591 493//591 479//591
f 463//592 494//592 459//592
f 494//593 482//593 459//593
f 490//590 493//590 485//590
f 495//1 496//1 485//1
f 496//1 497//1 485//1
f 497//1 498//1 485//1
f 498//1 486//1 485//1
f 491//1 499//1 485//1
f 499//1 495//1 485//1
f 500//592 494//592 463//592
f 462//594 500//594 463//594
f 484//595 501//595 480//595
f 501//596 473//596 480//596
f 502//597 474//597 473//597
f 501//598 502//598 473//598
f 503//599 500//599 462//599
f 471//600 503//600 462//600
f 504//601 475//601 474//601
f 505//602 504//602 474//602
f 502//603 505//603 474//603
f 470//600 503//600 471//600
f 506//604 476//604 475//604
f 504//605 506//605 475//605
f 506//606 477//606 476//606
f 507//607 503//607 470//607
f 489//608 507//608 470//608
f 506//609 508//609 477//609
f 508//610 478//610 477//610
f 508//611 509//611 478//611
f 509//612 492//612 478//612
f 510//613 507//613 489//613
f 488//614 510//614 489//614
f 511//615 510//615 488//615
f 487//616 511//616 488//616
f 486//617 511//617 487//617
f 509//612 491//612 492//612
f 509//618 512//618 491//618
f 512//619 499//619 491//619
f 513//620 511//620 486//620
f 498//621 513//621 486//621
f 514//622 513//622 498//622
f 515//623 514//623 498//623
f 497//624 515//624 498//624
f 512//619 495//619 499//619
f 512//625 516//625 495//625
f 516//626 496//626 495//626
f 517//627 497//627 496//627
f 516//628 517//628 496//628
f 517//629 515//629 497//629
f 518//630 168//630 455//630
f 468//631 518//631 455//631
f 438//632 458//632 436//632
f 483//633 519//633 468//633
f 519//634 520//634 468//634
f 520//635 518//635 468//635
f 482//636 519//636 483//636
f 438//632 521//632 458//632
f 521//637 484//637 458//637
f 522//638 519//638 482//638
f 494//639 522//639 482//639
f 521//640 501//640 484//640
f 500//641 522//641 494//641
f 523//642 502//642 501//642
f 521//643 523//643 501//643
f 524//644 522//644 500//644
f 503//645 524//645 500//645
f 523//646 505//646 502//646
f 525//647 524//647 503//647
f 507//647 525//647 503//647
f 526//648 504//648 505//648
f 523//649 526//649 505//649
f 526//650 506//650 504//650
f 527//651 525//651 507//651
f 510//652 527//652 507//652
f 528//653 508//653 506//653
f 526//654 528//654 506//654
f 529//655 527//655 510//655
f 511//656 529//656 510//656
f 530//657 509//657 508//657
f 528//653 530//653 508//653
f 513//658 529//658 511//658
f 531//659 512//659 509//659
f 530//657 531//657 509//657
f 532//660 529//660 513//660
f 514//661 532//661 513//661
f 515//662 532//662 514//662
f 533//663 516//663 512//663
f 531//659 533//659 512//659
f 534//664 532//664 515//664
f 517//665 534//665 515//665
f 533//666 517//666 516//666
f 533//667 534//667 517//667
f 432//668 396//668 401//668
f 426//669 433//669 403//669
f 535//670 405//670 404//670
f 412//671 535//671 404//671
f 536//672 356//672 427//672
f 367//673 536//673 427//673
f 537//674 429//674 399//674
f 398//675 538//675 399//675
f 538//676 537//676 399//676
f 360//677 539//677 361//677
f 539//678 431//678 361//678
f 410//679 540//679 425//679
f 540//680 412//680 425//680
f 178//681 438//681 180//681
f 541//682 542//682 432//682
f 542//683 396//683 432//683
f 543//684 541//684 432//684
f 433//685 543//685 432//685
f 544//686 438//686 178//686
f 177//687 544//687 178//687
f 426//688 545//688 433//688
f 545//689 543//689 433//689
f 546//690 544//690 177//690
f 174//691 546//691 177//691
f 518//692 169//692 168//692
f 547//693 170//693 169//693
f 518//694 520//694 169//694
f 520//695 547//695 169//695
f 544//696 521//696 438//696
f 548//5 317//5 400//5
f 430//5 548//5 400//5
f 548//5 318//5 317//5
f 265//12 539//12 360//12
f 549//12 550//12 265//12
f 551//12 549//12 265//12
f 267//12 552//12 265//12
f 552//12 553//12 265//12
f 553//12 551//12 265//12
f 550//12 554//12 265//12
f 554//12 539//12 265//12
f 519//697 547//697 520//697
f 546//698 521//698 544//698
f 555//699 556//699 519//699
f 556//697 547//697 519//697
f 522//699 555//699 519//699
f 557//700 523//700 521//700
f 546//701 557//701 521//701
f 524//702 558//702 522//702
f 558//702 555//702 522//702
f 557//703 559//703 523//703
f 559//704 526//704 523//704
f 525//705 560//705 524//705
f 560//706 558//706 524//706
f 561//707 528//707 526//707
f 559//704 561//704 526//704
f 527//708 562//708 525//708
f 562//708 560//708 525//708
f 561//707 563//707 528//707
f 563//709 530//709 528//709
f 529//710 564//710 527//710
f 564//710 562//710 527//710
f 563//709 565//709 530//709
f 565//711 531//711 530//711
f 566//712 564//712 529//712
f 532//713 566//713 529//713
f 565//711 567//711 531//711
f 567//714 533//714 531//714
f 568//715 566//715 532//715
f 534//716 568//716 532//716
f 569//717 534//717 533//717
f 567//718 569//718 533//718
f 569//719 568//719 534//719
f 214//720 570//720 434//720
f 570//721 424//721 434//721
f 542//722 389//722 396//722
f 402//723 571//723 413//723
f 571//724 415//724 413//724
f 397//725 572//725 398//725
f 572//726 573//726 398//726
f 573//727 574//727 398//727
f 574//728 538//728 398//728
f 542//729 575//729 389//729
f 575//730 576//730 389//730
f 576//730 390//730 389//730
f 577//731 542//731 541//731
f 543//732 577//732 541//732
f 214//733 198//733 366//733
f 578//734 214//734 366//734
f 421//2 578//2 366//2
f 426//735 579//735 545//735
f 579//736 543//736 545//736
f 580//737 405//737 535//737
f 412//738 580//738 535//738
f 580//739 581//739 405//739
f 582//5 407//5 405//5
f 581//5 582//5 405//5
f 583//740 581//740 580//740
f 412//741 583//741 580//741
f 426//735 584//735 579//735
f 584//736 543//736 579//736
f 540//742 583//742 412//742
f 585//740 581//740 583//740
f 540//743 586//743 583//743
f 586//744 587//744 583//744
f 587//745 585//745 583//745
f 410//746 586//746 540//746
f 410//747 588//747 586//747
f 588//748 587//748 586//748
f 589//749 590//749 397//749
f 428//750 589//750 397//750
f 590//751 572//751 397//751
f 429//752 591//752 426//752
f 591//753 584//753 426//753
f 592//754 356//754 536//754
f 367//755 592//755 536//755
f 173//756 546//756 174//756
f 402//757 593//757 571//757
f 593//758 415//758 571//758
f 356//759 593//759 402//759
f 594//754 356//754 592//754
f 367//760 594//760 592//760
f 547//761 171//761 170//761
f 595//762 162//762 171//762
f 547//763 595//763 171//763
f 596//764 577//764 543//764
f 584//765 597//765 543//765
f 597//766 596//766 543//766
f 598//767 546//767 173//767
f 172//768 598//768 173//768
f 599//769 214//769 600//769
f 214//770 578//770 600//770
f 601//771 599//771 600//771
f 578//12 601//12 600//12
f 421//2 602//2 578//2
f 602//12 603//12 578//12
f 603//12 604//12 578//12
f 604//12 605//12 578//12
f 605//12 606//12 578//12
f 606//12 601//12 578//12
f 576//772 607//772 390//772
f 607//773 608//773 390//773
f 608//773 428//773 390//773
f 596//774 542//774 577//774
f 594//775 593//775 356//775
f 609//776 610//776 584//776
f 610//777 597//777 584//777
f 591//778 609//778 584//778
f 214//779 611//779 570//779
f 601//780 424//780 570//780
f 611//781 601//781 570//781
f 594//782 415//782 593//782
f 556//697 595//697 547//697
f 598//783 557//783 546//783
f 612//784 581//784 585//784
f 587//785 612//785 585//785
f 410//786 613//786 588//786
f 613//787 596//787 588//787
f 596//788 587//788 588//788
f 214//789 599//789 611//789
f 599//781 601//781 611//781
f 597//790 612//790 587//790
f 596//791 597//791 587//791
f 610//777 612//777 597//777
f 613//792 542//792 596//792
f 367//793 415//793 594//793
f 410//794 542//794 613//794
f 610//795 581//795 612//795
f 614//676 537//676 538//676
f 574//796 615//796 538//796
f 615//797 614//797 538//797
f 616//798 163//798 595//798
f 163//799 162//799 595//799
f 556//800 616//800 595//800
f 172//801 617//801 598//801
f 617//802 557//802 598//802
f 618//803 616//803 556//803
f 619//804 618//804 556//804
f 555//804 619//804 556//804
f 617//805 620//805 557//805
f 620//806 559//806 557//806
f 621//807 619//807 555//807
f 558//807 621//807 555//807
f 620//806 622//806 559//806
f 622//808 561//808 559//808
f 560//809 623//809 558//809
f 623//810 621//810 558//810
f 624//811 563//811 561//811
f 622//812 624//812 561//812
f 562//813 625//813 560//813
f 625//814 623//814 560//814
f 624//815 626//815 563//815
f 626//816 565//816 563//816
f 564//817 627//817 562//817
f 627//817 625//817 562//817
f 626//818 628//818 565//818
f 628//819 567//819 565//819
f 629//820 627//820 564//820
f 566//821 629//821 564//821
f 630//822 569//822 567//822
f 628//823 630//823 567//823
f 568//824 631//824 566//824
f 631//825 629//825 566//825
f 632//826 568//826 569//826
f 630//827 632//827 569//827
f 632//828 631//828 568//828
f 429//829 609//829 591//829
f 633//830 609//830 429//830
f 537//831 633//831 429//831
f 634//832 542//832 410//832
f 408//5 635//5 410//5
f 635//5 634//5 410//5
f 165//833 617//833 172//833
f 636//834 575//834 542//834
f 634//835 636//835 542//835
f 637//836 574//836 573//836
f 638//837 637//837 573//837
f 572//838 638//838 573//838
f 590//839 639//839 572//839
f 639//840 638//840 572//840
f 616//841 164//841 163//841
f 640//12 637//12 638//12
f 641//12 640//12 638//12
f 639//12 641//12 638//12
f 642//831 633//831 537//831
f 614//842 642//842 537//842
f 424//843 374//843 391//843
f 424//844 643//844 374//844
f 643//845 644//845 374//845
f 644//845 385//845 374//845
f 645//846 646//846 428//846
f 608//847 647//847 428//847
f 647//848 645//848 428//848
f 646//849 589//849 428//849
f 640//12 648//12 637//12
f 648//850 574//850 637//850
f 648//851 615//851 574//851
f 616//841 161//841 164//841
f 649//852 617//852 165//852
f 166//853 649//853 165//853
f 589//854 650//854 590//854
f 650//855 639//855 590//855
f 651//856 161//856 616//856
f 618//857 651//857 616//857
f 649//858 620//858 617//858
f 652//859 615//859 648//859
f 640//12 652//12 648//12
f 653//860 416//860 415//860
f 367//861 653//861 415//861
f 384//862 653//862 367//862
f 654//863 393//863 385//863
f 644//863 654//863 385//863
f 554//864 431//864 539//864
f 650//12 641//12 639//12
f 394//865 655//865 384//865
f 655//866 653//866 384//866
f 656//867 657//867 615//867
f 652//859 656//859 615//859
f 657//797 614//797 615//797
f 658//868 650//868 589//868
f 646//869 658//869 589//869
f 658//12 641//12 650//12
f 659//870 161//870 651//870
f 660//871 659//871 651//871
f 618//872 660//872 651//872
f 166//873 661//873 649//873
f 661//874 620//874 649//874
f 662//875 660//875 618//875
f 619//876 662//876 618//876
f 663//877 664//877 620//877
f 661//878 663//878 620//878
f 664//877 622//877 620//877
f 621//879 665//879 619//879
f 665//880 666//880 619//880
f 666//881 662//881 619//881
f 664//882 667//882 622//882
f 667//883 668//883 622//883
f 668//884 624//884 622//884
f 669//885 670//885 621//885
f 670//886 665//886 621//886
f 623//887 669//887 621//887
f 671//888 626//888 624//888
f 668//889 671//889 624//889
f 625//890 672//890 623//890
f 672//891 669//891 623//891
f 671//888 673//888 626//888
f 673//892 628//892 626//892
f 627//893 674//893 625//893
f 674//894 672//894 625//894
f 673//895 675//895 628//895
f 676//896 630//896 628//896
f 675//897 676//897 628//897
f 677//898 678//898 627//898
f 678//899 674//899 627//899
f 629//900 677//900 627//900
f 676//901 679//901 630//901
f 680//902 632//902 630//902
f 679//903 680//903 630//903
f 681//904 677//904 629//904
f 631//905 682//905 629//905
f 682//906 681//906 629//906
f 683//907 631//907 632//907
f 680//908 683//908 632//908
f 683//909 682//909 631//909
f 640//12 684//12 652//12
f 684//12 685//12 652//12
f 685//12 686//12 652//12
f 686//12 687//12 652//12
f 688//12 656//12 652//12
f 687//12 689//12 652//12
f 689//12 690//12 652//12
f 690//12 688//12 652//12
f 160//910 661//910 166//910
f 635//5 691//5 634//5
f 692//911 636//911 634//911
f 691//911 692//911 634//911
f 692//912 575//912 636//912
f 692//913 576//913 575//913
f 655//914 693//914 653//914
f 693//915 416//915 653//915
f 694//916 642//916 614//916
f 657//917 694//917 614//917
f 695//918 430//918 393//918
f 654//918 695//918 393//918
f 431//919 696//919 394//919
f 696//920 655//920 394//920
f 697//921 698//921 693//921
f 655//922 697//922 693//922
f 698//923 416//923 693//923
f 698//924 699//924 416//924
f 699//5 419//5 416//5
f 659//2 700//2 161//2
f 700//2 701//2 161//2
f 701//2 702//2 161//2
f 702//925 703//925 161//925
f 703//2 324//2 161//2
f 325//4 661//4 160//4
f 660//926 704//926 659//926
f 704//926 700//926 659//926
f 325//4 705//4 661//4
f 705//927 663//927 661//927
f 662//928 706//928 660//928
f 706//928 704//928 660//928
f 705//927 707//927 663//927
f 707//929 664//929 663//929
f 666//930 708//930 662//930
f 708//928 706//928 662//928
f 707//929 709//929 664//929
f 709//929 667//929 664//929
f 665//931 710//931 666//931
f 710//931 708//931 666//931
f 709//929 711//929 667//929
f 711//932 668//932 667//932
f 670//931 712//931 665//931
f 712//931 710//931 665//931
f 711//932 713//932 668//932
f 713//932 671//932 668//932
f 669//933 714//933 670//933
f 714//933 712//933 670//933
f 713//932 715//932 671//932
f 715//934 673//934 671//934
f 672//935 716//935 669//935
f 716//935 714//935 669//935
f 715//934 717//934 673//934
f 717//936 675//936 673//936
f 674//937 718//937 672//937
f 718//937 716//937 672//937
f 717//936 719//936 675//936
f 719//938 676//938 675//938
f 678//937 720//937 674//937
f 720//937 718//937 674//937
f 719//938 721//938 676//938
f 721//938 679//938 676//938
f 677//939 722//939 678//939
f 722//939 720//939 678//939
f 721//938 723//938 679//938
f 723//940 680//940 679//940
f 681//941 724//941 677//941
f 724//941 722//941 677//941
f 723//940 725//940 680//940
f 725//942 683//942 680//942
f 682//943 726//943 681//943
f 726//943 724//943 681//943
f 725//942 727//942 683//942
f 727//944 682//944 683//944
f 727//944 726//944 682//944
f 728//945 607//945 576//945
f 692//946 728//946 576//946
f 696//947 697//947 655//947
f 645//948 658//948 646//948
f 728//949 608//949 607//949
f 419//5 729//5 691//5
f 635//5 419//5 691//5
f 730//950 692//950 691//950
f 729//950 730//950 691//950
f 731//951 728//951 692//951
f 730//952 731//952 692//952
f 697//953 732//953 698//953
f 732//954 699//954 698//954
f 732//1 730//1 729//1
f 699//1 732//1 729//1
f 419//5 699//5 729//5
f 732//955 731//955 730//955
f 697//956 733//956 732//956
f 733//955 731//955 732//955
f 734//12 641//12 658//12
f 645//957 734//957 658//957
f 735//958 608//958 728//958
f 736//959 735//959 728//959
f 731//960 736//960 728//960
f 737//961 733//961 697//961
f 738//962 737//962 697//962
f 696//947 738//947 697//947
f 733//94 736//94 731//94
f 737//963 736//963 733//963
f 695//5 548//5 430//5
f 688//12 739//12 656//12
f 739//964 657//964 656//964
f 737//95 740//95 736//95
f 740//965 735//965 736//965
f 738//966 741//966 737//966
f 741//95 740//95 737//95
f 742//844 643//844 424//844
f 601//967 742//967 424//967
f 554//968 743//968 431//968
f 743//969 744//969 431//969
f 744//970 696//970 431//970
f 606//971 742//971 601//971
f 735//972 647//972 608//972
f 744//973 738//973 696//973
f 745//974 746//974 657//974
f 739//964 745//964 657//964
f 746//917 694//917 657//917
f 550//12 743//12 554//12
f 735//975 747//975 647//975
f 747//976 645//976 647//976
f 747//977 748//977 645//977
f 748//978 734//978 645//978
f 688//12 745//12 739//12
f 633//979 610//979 609//979
f 749//980 750//980 633//980
f 750//981 610//981 633//981
f 642//982 749//982 633//982
f 750//983 751//983 581//983
f 610//984 750//984 581//984
f 751//5 582//5 581//5
f 752//985 747//985 735//985
f 753//986 752//986 735//986
f 740//987 753//987 735//987
f 754//988 755//988 738//988
f 755//989 741//989 738//989
f 744//990 754//990 738//990
f 756//982 749//982 642//982
f 694//991 756//991 642//991
f 757//12 641//12 734//12
f 748//992 757//992 734//992
f 741//993 753//993 740//993
f 755//993 753//993 741//993
f 758//994 643//994 742//994
f 759//995 758//995 742//995
f 606//996 759//996 742//996
f 758//997 760//997 643//997
f 760//997 644//997 643//997
f 755//136 761//136 753//136
f 761//998 752//998 753//998
f 754//988 762//988 755//988
f 762//136 761//136 755//136
f 752//999 748//999 747//999
f 743//1000 763//1000 744//1000
f 763//1001 754//1001 744//1001
f 764//1002 654//1002 644//1002
f 760//1002 764//1002 644//1002
f 765//1003 757//1003 748//1003
f 752//1004 765//1004 748//1004
f 765//12 641//12 757//12
f 550//12 763//12 743//12
f 766//1005 756//1005 694//1005
f 746//1006 766//1006 694//1006
f 761//1007 765//1007 752//1007
f 763//1008 767//1008 754//1008
f 767//1008 768//1008 754//1008
f 768//1009 762//1009 754//1009
f 550//12 769//12 763//12
f 769//12 770//12 763//12
f 770//12 767//12 763//12
f 771//1010 695//1010 654//1010
f 764//1010 771//1010 654//1010
f 770//12 768//12 767//12
f 762//178 772//178 761//178
f 772//1007 765//1007 761//1007
f 768//178 772//178 762//178
f 772//12 641//12 765//12
f 773//1011 774//1011 746//1011
f 774//1012 775//1012 746//1012
f 745//974 773//974 746//974
f 775//1006 766//1006 746//1006
f 768//12 770//12 772//12
f 770//12 776//12 772//12
f 776//12 641//12 772//12
f 688//12 773//12 745//12
f 688//12 774//12 773//12
f 777//1013 775//1013 774//1013
f 688//12 777//12 774//12
f 771//5 548//5 695//5
f 778//1014 779//1014 759//1014
f 779//1015 758//1015 759//1015
f 606//1016 778//1016 759//1016
f 605//12 780//12 606//12
f 780//1016 778//1016 606//1016
f 779//1017 781//1017 758//1017
f 781//1018 760//1018 758//1018
f 781//1019 782//1019 760//1019
f 782//1019 764//1019 760//1019
f 749//1020 783//1020 750//1020
f 783//1021 751//1021 750//1021
f 784//1022 783//1022 749//1022
f 756//1023 784//1023 749//1023
f 785//1024 786//1024 778//1024
f 786//1025 779//1025 778//1025
f 780//1026 785//1026 778//1026
f 605//12 787//12 780//12
f 787//1026 785//1026 780//1026
f 786//1027 788//1027 779//1027
f 788//1027 781//1027 779//1027
f 786//1028 785//1028 789//1028
f 790//1029 786//1029 789//1029
f 791//1030 792//1030 789//1030
f 792//1031 790//1031 789//1031
f 785//1 787//1 789//1
f 787//1 793//1 789//1
f 793//1032 791//1032 789//1032
f 794//1033 791//1033 793//1033
f 795//12 794//12 793//12
f 796//12 795//12 793//12
f 787//12 796//12 793//12
f 605//12 796//12 787//12
f 790//1034 788//1034 786//1034
f 797//1035 784//1035 756//1035
f 766//1036 797//1036 756//1036
f 788//1037 798//1037 781//1037
f 798//1038 799//1038 781//1038
f 799//1039 782//1039 781//1039
f 800//1040 788//1040 790//1040
f 792//1041 800//1041 790//1041
f 798//1042 788//1042 800//1042
f 801//1043 798//1043 800//1043
f 802//1044 801//1044 800//1044
f 792//1045 802//1045 800//1045
f 801//1046 799//1046 798//1046
f 803//1047 792//1047 791//1047
f 794//1048 803//1048 791//1048
f 782//1049 804//1049 764//1049
f 804//1049 771//1049 764//1049
f 805//1050 797//1050 766//1050
f 775//1051 805//1051 766//1051
f 806//1052 802//1052 792//1052
f 803//1053 807//1053 792//1053
f 807//1054 806//1054 792//1054
f 808//1055 803//1055 794//1055
f 809//1056 808//1056 794//1056
f 810//12 809//12 794//12
f 795//12 810//12 794//12
f 808//1057 807//1057 803//1057
f 811//1058 804//1058 782//1058
f 799//1059 812//1059 782//1059
f 812//1058 811//1058 782//1058
f 813//1060 799//1060 801//1060
f 802//1061 813//1061 801//1061
f 814//1062 815//1062 751//1062
f 783//1063 814//1063 751//1063
f 816//5 582//5 751//5
f 815//5 816//5 751//5
f 817//1064 805//1064 775//1064
f 777//1013 818//1013 775//1013
f 818//1065 817//1065 775//1065
f 784//1020 814//1020 783//1020
f 813//1066 812//1066 799//1066
f 819//1067 812//1067 813//1067
f 820//1068 819//1068 813//1068
f 802//1068 820//1068 813//1068
f 688//12 818//12 777//12
f 819//1069 811//1069 812//1069
f 804//5 821//5 771//5
f 821//5 548//5 771//5
f 822//1070 820//1070 802//1070
f 806//1070 822//1070 802//1070
f 823//1071 807//1071 808//1071
f 809//1072 823//1072 808//1072
f 824//1073 825//1073 807//1073
f 825//1073 806//1073 807//1073
f 823//1074 824//1074 807//1074
f 826//12 827//12 828//12
f 827//12 829//12 828//12
f 795//1075 826//1075 828//1075
f 810//1076 795//1076 828//1076
f 829//1076 810//1076 828//1076
f 796//1075 826//1075 795//1075
f 407//1076 830//1076 408//1076
f 830//1076 831//1076 408//1076
f 831//1075 635//1075 408//1075
f 832//1075 635//1075 831//1075
f 830//5 833//5 831//5
f 833//5 832//5 831//5
f 834//1077 811//1077 819//1077
f 835//1078 834//1078 819//1078
f 820//1079 835//1079 819//1079
f 836//5 837//5 804//5
f 837//5 838//5 804//5
f 838//5 821//5 804//5
f 811//5 839//5 804//5
f 839//5 840//5 804//5
f 840//5 836//5 804//5
f 827//12 841//12 829//12
f 842//1080 810//1080 829//1080
f 841//1080 842//1080 829//1080
f 842//12 809//12 810//12
f 582//1080 843//1080 407//1080
f 843//1080 830//1080 407//1080
f 843//5 833//5 830//5
f 688//12 844//12 818//12
f 845//1081 817//1081 818//1081
f 844//1082 845//1082 818//1082
f 846//5 847//5 834//5
f 847//5 848//5 834//5
f 848//5 849//5 834//5
f 849//5 850//5 834//5
f 850//5 851//5 834//5
f 851//5 852//5 834//5
f 852//5 811//5 834//5
f 853//5 846//5 834//5
f 835//5 853//5 834//5
f 852//5 839//5 811//5
f 854//1083 835//1083 820//1083
f 822//1083 854//1083 820//1083
f 855//1084 822//1084 806//1084
f 825//1084 855//1084 806//1084
f 845//1085 805//1085 817//1085
f 854//5 853//5 835//5
f 856//12 827//12 826//12
f 796//1086 856//1086 826//1086
f 605//1086 856//1086 796//1086
f 832//1086 419//1086 635//1086
f 857//1086 419//1086 832//1086
f 833//5 857//5 832//5
f 784//1087 858//1087 814//1087
f 858//1088 815//1088 814//1088
f 859//1089 858//1089 784//1089
f 797//1090 859//1090 784//1090
f 860//1091 823//1091 809//1091
f 861//1092 860//1092 809//1092
f 842//12 861//12 809//12
f 860//1093 824//1093 823//1093
f 862//1094 859//1094 797//1094
f 805//1095 862//1095 797//1095
f 853//1096 854//1096 822//1096
f 855//1096 853//1096 822//1096
f 863//1097 824//1097 860//1097
f 864//1097 863//1097 860//1097
f 861//1098 864//1098 860//1098
f 845//1099 865//1099 805//1099
f 865//1100 862//1100 805//1100
f 863//1101 866//1101 824//1101
f 866//1102 825//1102 824//1102
f 844//1103 867//1103 845//1103
f 867//1104 865//1104 845//1104
f 868//12 869//12 844//12
f 870//12 868//12 844//12
f 688//12 870//12 844//12
f 869//1105 867//1105 844//1105
f 827//12 871//12 841//12
f 871//1106 872//1106 841//1106
f 872//1106 842//1106 841//1106
f 872//12 861//12 842//12
f 816//1106 873//1106 582//1106
f 873//1106 843//1106 582//1106
f 873//5 833//5 843//5
f 866//1107 874//1107 825//1107
f 874//1107 855//1107 825//1107
f 846//1108 853//1108 855//1108
f 874//1108 846//1108 855//1108
f 875//12 827//12 856//12
f 605//1109 875//1109 856//1109
f 604//1109 875//1109 605//1109
f 857//1109 417//1109 419//1109
f 876//1109 417//1109 857//1109
f 833//5 876//5 857//5
f 869//1110 877//1110 867//1110
f 877//1111 865//1111 867//1111
f 878//1112 863//1112 864//1112
f 861//1113 878//1113 864//1113
f 868//12 879//12 869//12
f 879//1114 877//1114 869//1114
f 880//1115 881//1115 815//1115
f 858//1116 880//1116 815//1116
f 882//5 816//5 815//5
f 881//5 882//5 815//5
f 883//1117 866//1117 863//1117
f 884//1118 883//1118 863//1118
f 878//1112 884//1112 863//1112
f 859//1119 880//1119 858//1119
f 885//1120 874//1120 866//1120
f 883//1121 885//1121 866//1121
f 847//1122 846//1122 874//1122
f 885//1122 847//1122 874//1122
f 886//1123 887//1123 861//1123
f 887//1113 878//1113 861//1113
f 872//12 886//12 861//12
f 887//1124 884//1124 878//1124
f 859//1125 888//1125 880//1125
f 888//1115 881//1115 880//1115
f 889//1125 888//1125 859//1125
f 862//1126 889//1126 859//1126
f 865//1127 890//1127 862//1127
f 890//1126 889//1126 862//1126
f 891//1127 890//1127 865//1127
f 877//1128 891//1128 865//1128
f 827//12 892//12 871//12
f 892//1129 872//1129 871//1129
f 893//12 886//12 872//12
f 892//1130 893//1130 872//1130
f 882//1129 894//1129 816//1129
f 894//1129 873//1129 816//1129
f 894//5 833//5 873//5
f 895//1131 896//1131 877//1131
f 879//1114 895//1114 877//1114
f 896//1128 891//1128 877//1128
f 897//12 895//12 879//12
f 868//12 898//12 879//12
f 898//12 899//12 879//12
f 900//12 897//12 879//12
f 901//12 900//12 879//12
f 899//12 901//12 879//12
f 902//1132 903//1132 27//1132
f 18//1132 902//1132 27//1132
f 903//1133 321//1133 27//1133
f 904//1133 321//1133 903//1133
f 905//5 904//5 903//5
f 902//5 905//5 903//5
f 906//1134 902//1134 18//1134
f 17//1135 906//1135 18//1135
f 904//1136 322//1136 321//1136
f 906//5 905//5 902//5
f 907//1136 322//1136 904//1136
f 905//5 907//5 904//5
f 908//1137 906//1137 17//1137
f 21//1137 908//1137 17//1137
f 907//1138 323//1138 322//1138
f 908//5 905//5 906//5
f 909//1138 323//1138 907//1138
f 905//5 909//5 907//5
f 885//1139 848//1139 847//1139
f 883//1140 910//1140 885//1140
f 910//1139 848//1139 885//1139
f 884//1141 911//1141 883//1141
f 911//1142 910//1142 883//1142
f 887//1143 912//1143 884//1143
f 912//1144 911//1144 884//1144
f 913//1145 912//1145 887//1145
f 886//1146 913//1146 887//1146
f 827//12 914//12 892//12
f 914//1147 893//1147 892//1147
f 915//12 916//12 827//12
f 916//12 917//12 827//12
f 917//12 914//12 827//12
f 875//12 918//12 827//12
f 918//12 919//12 827//12
f 919//12 915//12 827//12
f 604//1148 918//1148 875//1148
f 603//1148 918//1148 604//1148
f 881//5 920//5 882//5
f 920//1147 921//1147 882//1147
f 921//1147 894//1147 882//1147
f 922//5 418//5 417//5
f 876//1148 922//1148 417//1148
f 921//5 833//5 894//5
f 923//5 924//5 833//5
f 924//5 925//5 833//5
f 925//5 876//5 833//5
f 921//5 926//5 833//5
f 926//5 927//5 833//5
f 927//5 923//5 833//5
f 925//1148 922//1148 876//1148
f 928//1149 908//1149 21//1149
f 20//1149 928//1149 21//1149
f 929//5 319//5 323//5
f 909//1150 929//1150 323//1150
f 928//5 905//5 908//5
f 930//5 931//5 905//5
f 931//5 909//5 905//5
f 928//5 932//5 905//5
f 932//5 933//5 905//5
f 933//5 930//5 905//5
f 931//1150 929//1150 909//1150
f 932//1151 928//1151 20//1151
f 934//1151 932//1151 20//1151
f 935//5 319//5 929//5
f 931//1152 935//1152 929//1152
f 930//1152 935//1152 931//1152
f 933//1153 932//1153 934//1153
f 936//1153 933//1153 934//1153
f 937//5 319//5 935//5
f 936//5 937//5 935//5
f 930//1154 936//1154 935//1154
f 933//1154 936//1154 930//1154
f 19//5 938//5 936//5
f 938//5 939//5 936//5
f 940//5 937//5 936//5
f 939//5 940//5 936//5
f 897//1155 896//1155 895//1155
f 897//1156 941//1156 896//1156
f 942//1157 891//1157 896//1157
f 941//1157 942//1157 896//1157
f 943//1158 893//1158 914//1158
f 917//1158 943//1158 914//1158
f 943//12 944//12 893//12
f 944//12 886//12 893//12
f 881//5 945//5 920//5
f 945//5 946//5 920//5
f 946//1158 926//1158 920//1158
f 926//1158 921//1158 920//1158
f 947//1159 890//1159 891//1159
f 942//1160 947//1160 891//1160
f 947//1161 948//1161 890//1161
f 948//1162 889//1162 890//1162
f 949//1163 950//1163 889//1163
f 950//1164 888//1164 889//1164
f 948//1165 949//1165 889//1165
f 950//1166 881//1166 888//1166
f 910//1167 849//1167 848//1167
f 951//1145 912//1145 913//1145
f 886//1146 951//1146 913//1146
f 952//1168 951//1168 886//1168
f 944//1169 952//1169 886//1169
f 953//1167 849//1167 910//1167
f 911//1170 953//1170 910//1170
f 954//1170 953//1170 911//1170
f 912//1171 954//1171 911//1171
f 949//1172 881//1172 950//1172
f 955//1173 954//1173 912//1173
f 951//1174 955//1174 912//1174
f 949//1175 945//1175 881//1175
f 952//1174 955//1174 951//1174
f 603//1176 919//1176 918//1176
f 602//12 956//12 603//12
f 956//12 957//12 603//12
f 957//12 958//12 603//12
f 958//1176 919//1176 603//1176
f 959//5 960//5 922//5
f 960//5 961//5 922//5
f 961//5 418//5 922//5
f 962//5 963//5 922//5
f 963//5 964//5 922//5
f 964//5 959//5 922//5
f 925//1176 962//1176 922//1176
f 924//1176 962//1176 925//1176
f 953//1177 850//1177 849//1177
f 965//1177 850//1177 953//1177
f 954//1178 965//1178 953//1178
f 966//1178 965//1178 954//1178
f 955//1179 966//1179 954//1179
f 967//1180 943//1180 917//1180
f 916//1180 967//1180 917//1180
f 967//12 968//12 943//12
f 968//12 944//12 943//12
f 945//5 969//5 946//5
f 969//5 970//5 946//5
f 970//1180 927//1180 946//1180
f 927//1180 926//1180 946//1180
f 900//12 971//12 897//12
f 971//1181 941//1181 897//1181
f 971//1182 972//1182 941//1182
f 973//1183 942//1183 941//1183
f 972//1183 973//1183 941//1183
f 952//1184 974//1184 955//1184
f 975//1179 966//1179 955//1179
f 974//1185 975//1185 955//1185
f 965//1186 851//1186 850//1186
f 976//1187 947//1187 942//1187
f 973//1188 976//1188 942//1188
f 944//1189 974//1189 952//1189
f 900//1190 972//1190 971//1190
f 977//1186 851//1186 965//1186
f 966//1191 977//1191 965//1191
f 978//1192 948//1192 947//1192
f 976//1193 978//1193 947//1193
f 979//1194 975//1194 974//1194
f 944//1195 979//1195 974//1195
f 968//1196 979//1196 944//1196
f 978//1197 980//1197 948//1197
f 980//1198 949//1198 948//1198
f 980//1199 945//1199 949//1199
f 958//1200 915//1200 919//1200
f 957//12 981//12 958//12
f 981//12 982//12 958//12
f 982//1200 915//1200 958//1200
f 983//5 984//5 962//5
f 984//5 963//5 962//5
f 924//1200 983//1200 962//1200
f 923//1200 983//1200 924//1200
f 977//1201 852//1201 851//1201
f 985//1191 977//1191 966//1191
f 975//1202 985//1202 966//1202
f 986//1201 852//1201 977//1201
f 987//1203 986//1203 977//1203
f 985//1203 987//1203 977//1203
f 986//1204 839//1204 852//1204
f 986//1205 988//1205 839//1205
f 988//1206 840//1206 839//1206
f 982//1207 967//1207 916//1207
f 915//1207 982//1207 916//1207
f 982//12 989//12 967//12
f 989//12 968//12 967//12
f 969//5 990//5 970//5
f 990//5 991//5 970//5
f 991//5 983//5 970//5
f 983//1207 923//1207 970//1207
f 923//1207 927//1207 970//1207
f 992//1208 836//1208 840//1208
f 988//1206 992//1206 840//1206
f 987//1209 993//1209 986//1209
f 993//1210 988//1210 986//1210
f 981//12 989//12 982//12
f 991//5 994//5 983//5
f 994//5 984//5 983//5
f 995//1211 985//1211 975//1211
f 979//1212 995//1212 975//1212
f 996//1213 995//1213 979//1213
f 968//1214 996//1214 979//1214
f 997//1215 987//1215 985//1215
f 998//1216 997//1216 985//1216
f 995//1217 998//1217 985//1217
f 999//1218 837//1218 836//1218
f 992//1208 999//1208 836//1208
f 993//1219 992//1219 988//1219
f 997//1220 993//1220 987//1220
f 997//1221 1000//1221 993//1221
f 1000//1222 1001//1222 993//1222
f 1001//1223 992//1223 993//1223
f 1002//1224 972//1224 900//1224
f 901//1225 1002//1225 900//1225
f 978//1198 1003//1198 980//1198
f 1003//1226 945//1226 980//1226
f 1002//1227 973//1227 972//1227
f 1003//1228 969//1228 945//1228
f 998//1229 1000//1229 997//1229
f 1001//1230 999//1230 992//1230
f 1004//1212 995//1212 996//1212
f 968//1231 1004//1231 996//1231
f 989//1232 1004//1232 968//1232
f 1005//1233 998//1233 995//1233
f 1004//1234 1005//1234 995//1234
f 1006//1235 976//1235 973//1235
f 1002//1236 1007//1236 973//1236
f 1007//1237 1006//1237 973//1237
f 1008//1238 1009//1238 999//1238
f 1009//1218 837//1218 999//1218
f 1001//1230 1008//1230 999//1230
f 1010//1239 1005//1239 1004//1239
f 989//1240 1010//1240 1004//1240
f 998//1241 1011//1241 1000//1241
f 1011//1242 1001//1242 1000//1242
f 998//1243 1012//1243 1011//1243
f 1012//1244 1013//1244 1011//1244
f 1013//1244 1001//1244 1011//1244
f 1005//1245 1012//1245 998//1245
f 1010//1246 1014//1246 1005//1246
f 1014//1247 1012//1247 1005//1247
f 1013//1248 1008//1248 1001//1248
f 1015//1249 978//1249 976//1249
f 1006//1249 1015//1249 976//1249
f 1014//1250 1013//1250 1012//1250
f 899//1251 1016//1251 901//1251
f 1016//1252 1002//1252 901//1252
f 989//1253 1014//1253 1010//1253
f 1017//1254 1013//1254 1014//1254
f 989//1253 981//1253 1014//1253
f 981//1255 1017//1255 1014//1255
f 957//1255 1017//1255 981//1255
f 1017//1256 1018//1256 1013//1256
f 1018//1257 1008//1257 1013//1257
f 1016//1258 1007//1258 1002//1258
f 1019//1259 1018//1259 1017//1259
f 957//1260 1019//1260 1017//1260
f 956//1260 1019//1260 957//1260
f 1015//1261 1020//1261 978//1261
f 1020//1262 1003//1262 978//1262
f 1020//1263 969//1263 1003//1263
f 1018//1264 1021//1264 1008//1264
f 1021//1238 1009//1238 1008//1238
f 1019//1265 1022//1265 1018//1265
f 1022//1264 1021//1264 1018//1264
f 1023//1266 1022//1266 1019//1266
f 956//1267 1023//1267 1019//1267
f 1024//1268 1023//1268 956//1268
f 602//12 1024//12 956//12
f 1009//1269 838//1269 837//1269
f 898//1270 1025//1270 899//1270
f 1025//1271 1016//1271 899//1271
f 1026//1272 641//1272 776//1272
f 1027//1272 1026//1272 776//1272
f 770//1273 1027//1273 776//1273
f 1028//1273 1027//1273 770//1273
f 769//1274 1028//1274 770//1274
f 1025//1275 1007//1275 1016//1275
f 1029//1276 640//1276 641//1276
f 1026//1277 1029//1277 641//1277
f 1030//1278 1026//1278 1027//1278
f 1028//1279 1030//1279 1027//1279
f 1031//1279 1030//1279 1028//1279
f 769//1280 1032//1280 1028//1280
f 1032//1281 1031//1281 1028//1281
f 550//1282 1033//1282 769//1282
f 1033//1283 1032//1283 769//1283
f 1021//1284 1034//1284 1009//1284
f 1034//1285 838//1285 1009//1285
f 549//1286 1033//1286 550//1286
f 1035//1281 1031//1281 1032//1281
f 1033//1287 1036//1287 1032//1287
f 1036//1288 1035//1288 1032//1288
f 1037//1289 1029//1289 1026//1289
f 1030//1290 1038//1290 1026//1290
f 1039//1291 1037//1291 1026//1291
f 1038//1292 1039//1292 1026//1292
f 1040//1293 1041//1293 1007//1293
f 1041//1294 1006//1294 1007//1294
f 1025//1295 1040//1295 1007//1295
f 551//1286 1033//1286 549//1286
f 1029//1296 1042//1296 640//1296
f 1042//1297 684//1297 640//1297
f 1037//1298 1042//1298 1029//1298
f 1022//1299 1043//1299 1021//1299
f 1043//1284 1034//1284 1021//1284
f 898//1300 1044//1300 1025//1300
f 1044//1301 1040//1301 1025//1301
f 551//1302 1045//1302 1033//1302
f 1045//1303 1046//1303 1033//1303
f 1046//1304 1036//1304 1033//1304
f 1047//1305 1038//1305 1030//1305
f 1031//1306 1047//1306 1030//1306
f 1048//1306 1047//1306 1031//1306
f 1035//1307 1048//1307 1031//1307
f 1039//1308 1049//1308 1037//1308
f 1049//1309 1042//1309 1037//1309
f 1023//1310 1050//1310 1022//1310
f 1050//1311 1051//1311 1022//1311
f 1051//1299 1043//1299 1022//1299
f 1024//1312 1050//1312 1023//1312
f 1052//1313 1038//1313 1047//1313
f 1048//1314 1052//1314 1047//1314
f 1053//1314 1052//1314 1048//1314
f 1035//1315 1053//1315 1048//1315
f 868//1316 1044//1316 898//1316
f 1054//1317 1015//1317 1006//1317
f 1041//1317 1054//1317 1006//1317
f 1036//1318 1055//1318 1035//1318
f 1055//1318 1056//1318 1035//1318
f 1056//1319 1053//1319 1035//1319
f 1057//1292 1039//1292 1038//1292
f 1058//1320 1057//1320 1038//1320
f 1059//1320 1058//1320 1038//1320
f 1052//1321 1059//1321 1038//1321
f 1015//1322 1060//1322 1020//1322
f 1060//1323 1061//1323 1020//1323
f 1061//1324 1062//1324 1020//1324
f 1062//1325 969//1325 1020//1325
f 1062//1326 1063//1326 969//1326
f 1063//1327 1064//1327 969//1327
f 1064//1328 1065//1328 969//1328
f 1065//1329 1066//1329 969//1329
f 1066//1330 990//1330 969//1330
f 1054//1331 1067//1331 1015//1331
f 1067//1332 1060//1332 1015//1332
f 1067//1333 1061//1333 1060//1333
f 870//1316 1044//1316 868//1316
f 1057//1334 1049//1334 1039//1334
f 553//1335 1045//1335 551//1335
f 870//1336 1068//1336 1044//1336
f 1069//1337 1040//1337 1044//1337
f 1068//1337 1069//1337 1044//1337
f 1046//1338 1070//1338 1036//1338
f 1070//1339 1055//1339 1036//1339
f 1071//1340 1072//1340 1024//1340
f 1072//1341 1073//1341 1024//1341
f 1073//1342 1050//1342 1024//1342
f 602//12 1071//12 1024//12
f 1074//1343 1049//1343 1057//1343
f 1058//1344 1074//1344 1057//1344
f 553//1345 1075//1345 1045//1345
f 1075//1346 1076//1346 1045//1346
f 1076//1346 1046//1346 1045//1346
f 1077//1347 1051//1347 1050//1347
f 1073//1348 1078//1348 1050//1348
f 1078//1349 1079//1349 1050//1349
f 1079//1350 1077//1350 1050//1350
f 1080//1351 1059//1351 1052//1351
f 1053//1352 1080//1352 1052//1352
f 1081//1353 1080//1353 1053//1353
f 1056//1354 1081//1354 1053//1354
f 1082//1355 821//1355 838//1355
f 1034//1355 1082//1355 838//1355
f 1083//1356 1059//1356 1080//1356
f 1081//1357 1083//1357 1080//1357
f 1084//1357 1083//1357 1081//1357
f 1085//1358 1084//1358 1081//1358
f 1056//1359 1085//1359 1081//1359
f 1086//1360 1085//1360 1056//1360
f 1055//1361 1086//1361 1056//1361
f 1083//1362 1087//1362 1059//1362
f 1088//1363 1058//1363 1059//1363
f 1089//1364 1088//1364 1059//1364
f 1087//1365 1089//1365 1059//1365
f 1083//1253 960//1253 959//1253
f 1087//1366 1083//1366 959//1366
f 964//1366 1087//1366 959//1366
f 1083//1253 1084//1253 960//1253
f 1085//1367 961//1367 960//1367
f 1084//1368 1085//1368 960//1368
f 1042//1297 685//1297 684//1297
f 1086//1369 961//1369 1085//1369
f 1088//1344 1074//1344 1058//1344
f 1090//1370 1087//1370 964//1370
f 963//1370 1090//1370 964//1370
f 1090//1371 1089//1371 1087//1371
f 1091//1372 685//1372 1042//1372
f 1049//1373 1091//1373 1042//1373
f 1070//1374 1092//1374 1055//1374
f 1093//1375 1086//1375 1055//1375
f 1092//1376 1093//1376 1055//1376
f 1094//5 418//5 961//5
f 1093//1377 1094//1377 961//1377
f 1086//1378 1093//1378 961//1378
f 1089//1379 1095//1379 1088//1379
f 1095//1380 1074//1380 1088//1380
f 1076//1381 1096//1381 1046//1381
f 1096//1382 1097//1382 1046//1382
f 1097//1383 1070//1383 1046//1383
f 1043//1384 1098//1384 1034//1384
f 1099//1385 1082//1385 1034//1385
f 1098//1386 1099//1386 1034//1386
f 1069//1387 1100//1387 1040//1387
f 1100//1387 1041//1387 1040//1387
f 1090//1388 1101//1388 1089//1388
f 1101//1389 1095//1389 1089//1389
f 1092//1390 1094//1390 1093//1390
f 1091//1391 686//1391 685//1391
f 984//1392 1090//1392 963//1392
f 984//1393 1101//1393 1090//1393
f 688//1394 1068//1394 870//1394
f 690//1395 1068//1395 688//1395
f 1049//1396 1102//1396 1091//1396
f 1102//1397 686//1397 1091//1397
f 690//1398 1103//1398 1068//1398
f 1104//1399 1069//1399 1068//1399
f 1103//1399 1104//1399 1068//1399
f 1105//1400 1092//1400 1070//1400
f 1106//1400 1105//1400 1070//1400
f 1097//1401 1106//1401 1070//1401
f 1102//1402 687//1402 686//1402
f 552//1403 1075//1403 553//1403
f 1051//1404 1107//1404 1043//1404
f 1107//1404 1108//1404 1043//1404
f 1108//1405 1098//1405 1043//1405
f 1109//5 418//5 1094//5
f 1110//1406 1109//1406 1094//1406
f 1111//1407 1110//1407 1094//1407
f 1092//1408 1112//1408 1094//1408
f 1112//1409 1113//1409 1094//1409
f 1113//1410 1111//1410 1094//1410
f 1105//1411 1114//1411 1092//1411
f 1115//1412 1116//1412 1092//1412
f 1117//1413 1115//1413 1092//1413
f 1114//1414 1118//1414 1092//1414
f 1118//1415 1119//1415 1092//1415
f 1119//1416 1117//1416 1092//1416
f 1116//1417 1120//1417 1092//1417
f 1120//1417 1112//1417 1092//1417
f 1121//1418 1122//1418 1102//1418
f 1122//1419 687//1419 1102//1419
f 1049//1420 1121//1420 1102//1420
f 689//1421 1103//1421 690//1421
f 1074//1422 1121//1422 1049//1422
f 1077//1423 1123//1423 1051//1423
f 1123//1424 1107//1424 1051//1424
f 1124//1425 1123//1425 1077//1425
f 1079//1426 1125//1426 1077//1426
f 1125//1427 1124//1427 1077//1427
f 1100//1428 1126//1428 1041//1428
f 1126//1429 1054//1429 1041//1429
f 1122//1430 689//1430 687//1430
f 1122//1431 1103//1431 689//1431
f 1121//1432 1103//1432 1122//1432
f 1121//1433 1104//1433 1103//1433
f 1127//1434 1095//1434 1101//1434
f 1128//1435 1129//1435 1101//1435
f 1129//1436 1130//1436 1101//1436
f 1130//1437 1131//1437 1101//1437
f 1131//1438 1132//1438 1101//1438
f 1132//1439 1133//1439 1101//1439
f 1133//1440 1127//1440 1101//1440
f 984//1441 1128//1441 1101//1441
f 1134//1442 1135//1442 984//1442
f 994//1443 1134//1443 984//1443
f 1135//1444 1136//1444 984//1444
f 1136//1444 1137//1444 984//1444
f 1137//1445 1128//1445 984//1445
f 1138//1446 1067//1446 1054//1446
f 1126//1447 1138//1447 1054//1447
f 1139//1448 1061//1448 1067//1448
f 1138//1449 1139//1449 1067//1449
f 1104//1450 1140//1450 1069//1450
f 1140//1451 1100//1451 1069//1451
f 1141//1452 1129//1452 1128//1452
f 1137//1453 1141//1453 1128//1453
f 1062//1454 1064//1454 1063//1454
f 1071//1455 602//1455 1072//1455
f 602//1456 1142//1456 1072//1456
f 1142//1457 1073//1457 1072//1457
f 1120//1458 1143//1458 1112//1458
f 1143//1459 1113//1459 1112//1459
f 602//1460 1144//1460 1142//1460
f 1145//1461 1125//1461 1142//1461
f 1125//1462 1079//1462 1142//1462
f 1079//1463 1078//1463 1142//1463
f 1078//1464 1073//1464 1142//1464
f 1144//2 1146//2 1142//2
f 1146//2 1147//2 1142//2
f 1147//2 1148//2 1142//2
f 1149//2 1145//2 1142//2
f 1150//2 1149//2 1142//2
f 1148//2 1150//2 1142//2
f 1120//1465 1116//1465 1143//1465
f 1116//1466 1115//1466 1143//1466
f 1115//1467 1151//1467 1143//1467
f 1152//1468 1111//1468 1143//1468
f 1111//1469 1113//1469 1143//1469
f 1153//2 1152//2 1143//2
f 1151//2 1154//2 1143//2
f 1155//2 1153//2 1143//2
f 1156//2 1155//2 1143//2
f 1154//2 1156//2 1143//2
f 1061//1470 1139//1470 1062//1470
f 1157//1471 1129//1471 1062//1471
f 1129//1472 1141//1472 1062//1472
f 1141//1473 1064//1473 1062//1473
f 1139//1474 1157//1474 1062//1474
f 1131//1475 1130//1475 1129//1475
f 1157//1476 1131//1476 1129//1476
f 1136//1477 1065//1477 1141//1477
f 1137//1478 1136//1478 1141//1478
f 1065//1479 1064//1479 1141//1479
f 1158//1480 1121//1480 1074//1480
f 1095//1481 1158//1481 1074//1481
f 421//1482 1144//1482 602//1482
f 1132//1483 1131//1483 1157//1483
f 1139//1484 1159//1484 1157//1484
f 1159//1485 1132//1485 1157//1485
f 1126//1486 1160//1486 1138//1486
f 1159//1487 1139//1487 1138//1487
f 1161//1488 1159//1488 1138//1488
f 1160//1489 1162//1489 1138//1489
f 1162//1490 1163//1490 1138//1490
f 1163//1491 1161//1491 1138//1491
f 1158//1492 1104//1492 1121//1492
f 1136//1493 1066//1493 1065//1493
f 1164//1494 990//1494 1066//1494
f 1165//1495 1164//1495 1066//1495
f 1136//1496 1165//1496 1066//1496
f 1135//1497 1165//1497 1136//1497
f 991//1498 1166//1498 1165//1498
f 1166//1499 1167//1499 1165//1499
f 1167//1500 1164//1500 1165//1500
f 1135//1501 1134//1501 1165//1501
f 1134//1502 994//1502 1165//1502
f 994//1503 991//1503 1165//1503
f 1167//1504 990//1504 1164//1504
f 1166//1505 991//1505 990//1505
f 1167//1506 1166//1506 990//1506
f 422//1507 1168//1507 421//1507
f 1168//1507 1144//1507 421//1507
f 1168//2 1169//2 1144//2
f 1169//2 1146//2 1144//2
f 1109//1508 1110//1508 1152//1508
f 1110//1509 1111//1509 1152//1509
f 1170//1510 1171//1510 1152//1510
f 1171//1511 418//1511 1152//1511
f 418//1512 1109//1512 1152//1512
f 1153//2 1172//2 1152//2
f 1172//2 1173//2 1152//2
f 1174//2 1170//2 1152//2
f 1175//2 1174//2 1152//2
f 1173//2 1175//2 1152//2
f 1161//1513 1132//1513 1159//1513
f 1176//1481 1158//1481 1095//1481
f 1127//1514 1176//1514 1095//1514
f 1158//1492 1140//1492 1104//1492
f 1177//1514 1176//1514 1127//1514
f 1133//1515 1178//1515 1127//1515
f 1178//1516 1177//1516 1127//1516
f 1117//1517 1151//1517 1115//1517
f 1179//1518 548//1518 821//1518
f 1082//1519 1179//1519 821//1519
f 1180//2 1181//2 548//2
f 1181//5 318//5 548//5
f 1179//1520 1182//1520 548//1520
f 1182//1521 1180//1521 548//1521
f 267//1522 1183//1522 552//1522
f 1183//1523 1075//1523 552//1523
f 1184//4 1185//4 267//4
f 32//4 1184//4 267//4
f 1186//1524 1183//1524 267//1524
f 1185//1525 1187//1525 267//1525
f 1187//1526 1188//1526 267//1526
f 1188//1527 1186//1527 267//1527
f 1161//1528 1189//1528 1132//1528
f 1189//1529 1133//1529 1132//1529
f 1163//1530 1189//1530 1161//1530
f 1183//1531 1186//1531 1075//1531
f 1186//1532 1076//1532 1075//1532
f 1140//1533 1190//1533 1100//1533
f 1190//1534 1126//1534 1100//1534
f 1189//1535 1178//1535 1133//1535
f 1162//1536 1189//1536 1163//1536
f 1191//2 1192//2 701//2
f 1192//2 1193//2 701//2
f 1193//1537 1194//1537 701//1537
f 1194//1538 1195//1538 701//1538
f 1195//1539 702//1539 701//1539
f 1196//1540 1191//1540 701//1540
f 700//1541 1196//1541 701//1541
f 320//4 1197//4 325//4
f 1197//4 1198//4 325//4
f 1199//4 1200//4 325//4
f 1201//4 1199//4 325//4
f 1198//4 1201//4 325//4
f 1202//1542 705//1542 325//1542
f 1200//1543 1202//1543 325//1543
f 1203//1544 1196//1544 700//1544
f 704//1545 1203//1545 700//1545
f 1204//1546 707//1546 705//1546
f 1202//1547 1204//1547 705//1547
f 1205//1548 1203//1548 704//1548
f 706//1549 1205//1549 704//1549
f 1204//1550 1206//1550 707//1550
f 1206//1551 709//1551 707//1551
f 1207//1549 1205//1549 706//1549
f 708//1552 1207//1552 706//1552
f 1206//1551 711//1551 709//1551
f 1208//1553 1207//1553 708//1553
f 710//1554 1208//1554 708//1554
f 1209//1555 713//1555 711//1555
f 1206//1556 1209//1556 711//1556
f 712//1557 1208//1557 710//1557
f 1210//1558 715//1558 713//1558
f 1209//1559 1210//1559 713//1559
f 1211//1560 1208//1560 712//1560
f 714//1561 1211//1561 712//1561
f 1210//1562 717//1562 715//1562
f 1212//1563 1211//1563 714//1563
f 716//1563 1212//1563 714//1563
f 1213//1564 719//1564 717//1564
f 1210//1565 1213//1565 717//1565
f 718//1566 1212//1566 716//1566
f 1214//1567 721//1567 719//1567
f 1213//1568 1214//1568 719//1568
f 1215//1569 1212//1569 718//1569
f 720//1566 1215//1566 718//1566
f 1214//1567 723//1567 721//1567
f 1216//1570 1215//1570 720//1570
f 722//1571 1216//1571 720//1571
f 1217//1572 725//1572 723//1572
f 1214//1573 1217//1573 723//1573
f 724//1570 1216//1570 722//1570
f 1218//1574 727//1574 725//1574
f 1217//1575 1218//1575 725//1575
f 1219//1576 1216//1576 724//1576
f 726//1577 1219//1577 724//1577
f 1218//1578 726//1578 727//1578
f 1218//1579 1219//1579 726//1579
f 1220//1580 1221//1580 1145//1580
f 1221//1581 1222//1581 1145//1581
f 1222//1582 1125//1582 1145//1582
f 1149//2 1220//2 1145//2
f 1119//1583 1118//1583 1151//1583
f 1118//1584 1223//1584 1151//1584
f 1223//1585 1154//1585 1151//1585
f 1117//1586 1119//1586 1151//1586
f 1222//1587 1124//1587 1125//1587
f 1186//1588 1224//1588 1076//1588
f 1224//1589 1096//1589 1076//1589
f 1225//1590 1179//1590 1082//1590
f 1099//1591 1225//1591 1082//1591
f 1226//1592 1160//1592 1126//1592
f 1190//1593 1226//1593 1126//1593
f 1162//1594 1227//1594 1189//1594
f 1227//1595 1228//1595 1189//1595
f 1228//1596 1229//1596 1189//1596
f 1229//1597 1230//1597 1189//1597
f 1230//1598 1231//1598 1189//1598
f 1231//1599 1178//1599 1189//1599
f 1176//1600 1140//1600 1158//1600
f 1226//1601 1227//1601 1160//1601
f 1227//1602 1162//1602 1160//1602
f 1098//1603 1232//1603 1099//1603
f 1232//1604 1225//1604 1099//1604
f 1171//2 420//2 418//2
f 1231//1605 1177//1605 1178//1605
f 1233//1606 1097//1606 1096//1606
f 1224//1607 1233//1607 1096//1607
f 1176//1608 1190//1608 1140//1608
f 1234//1609 1176//1609 1177//1609
f 1231//1610 1234//1610 1177//1610
f 1230//1611 1234//1611 1231//1611
f 1233//1612 1106//1612 1097//1612
f 1108//1613 1232//1613 1098//1613
f 1221//1614 1124//1614 1222//1614
f 1235//1615 1123//1615 1124//1615
f 1221//1616 1235//1616 1124//1616
f 1234//1617 1190//1617 1176//1617
f 1236//1618 1190//1618 1234//1618
f 1230//1619 1236//1619 1234//1619
f 1237//1620 1232//1620 1108//1620
f 1107//1621 1237//1621 1108//1621
f 1220//1622 1238//1622 1221//1622
f 1238//1623 1235//1623 1221//1623
f 1190//1624 1236//1624 1226//1624
f 1236//1625 1229//1625 1226//1625
f 1229//1626 1228//1626 1226//1626
f 1228//1627 1227//1627 1226//1627
f 1229//1628 1236//1628 1230//1628
f 1239//1629 1196//1629 1203//1629
f 1240//1630 1239//1630 1203//1630
f 1205//1631 1240//1631 1203//1631
f 1241//1632 1206//1632 1204//1632
f 1242//1633 1241//1633 1204//1633
f 1202//1634 1242//1634 1204//1634
f 1243//1635 1105//1635 1106//1635
f 1233//1636 1243//1636 1106//1636
f 1239//1637 1244//1637 1196//1637
f 1244//1638 1191//1638 1196//1638
f 1200//1639 1242//1639 1202//1639
f 1123//1640 1237//1640 1107//1640
f 1245//1641 1244//1641 1239//1641
f 1240//1642 1245//1642 1239//1642
f 1246//1643 1247//1643 1242//1643
f 1247//1644 1248//1644 1242//1644
f 1248//1645 1241//1645 1242//1645
f 1200//1646 1246//1646 1242//1646
f 1243//1647 1249//1647 1105//1647
f 1249//1648 1250//1648 1105//1648
f 1250//1649 1114//1649 1105//1649
f 1235//1650 1251//1650 1123//1650
f 1251//1651 1237//1651 1123//1651
f 1238//1652 1252//1652 1235//1652
f 1252//1653 1251//1653 1235//1653
f 1250//1654 1118//1654 1114//1654
f 420//1655 1253//1655 422//1655
f 1253//1655 1168//1655 422//1655
f 1253//2 1254//2 1168//2
f 1254//2 1169//2 1168//2
f 1170//1656 1255//1656 1171//1656
f 1255//2 420//2 1171//2
f 1256//1656 1255//1656 1170//1656
f 1174//2 1256//2 1170//2
f 1246//1657 1257//1657 1247//1657
f 1257//1658 1248//1658 1247//1658
f 1249//1659 1258//1659 1250//1659
f 1258//1660 1223//1660 1250//1660
f 1223//1661 1118//1661 1250//1661
f 1259//1662 1260//1662 1240//1662
f 1260//1663 1245//1663 1240//1663
f 1205//1664 1259//1664 1240//1664
f 1261//1665 1206//1665 1241//1665
f 1257//1666 1261//1666 1241//1666
f 1248//1667 1257//1667 1241//1667
f 1262//1668 1263//1668 1205//1668
f 1263//1669 1259//1669 1205//1669
f 1207//1668 1262//1668 1205//1668
f 1261//1665 1264//1665 1206//1665
f 1264//1670 1209//1670 1206//1670
f 1265//1671 1262//1671 1207//1671
f 1208//1671 1265//1671 1207//1671
f 1266//1672 1210//1672 1209//1672
f 1264//1673 1266//1673 1209//1673
f 1211//1674 1267//1674 1208//1674
f 1267//1674 1265//1674 1208//1674
f 1268//1675 1213//1675 1210//1675
f 1266//1676 1268//1676 1210//1676
f 1212//1677 1269//1677 1211//1677
f 1269//1677 1267//1677 1211//1677
f 1268//1675 1270//1675 1213//1675
f 1270//1678 1214//1678 1213//1678
f 1271//1679 1269//1679 1212//1679
f 1215//1679 1271//1679 1212//1679
f 1272//1680 1217//1680 1214//1680
f 1270//1678 1272//1678 1214//1678
f 1273//1681 1271//1681 1215//1681
f 1216//1682 1273//1682 1215//1682
f 1274//1683 1218//1683 1217//1683
f 1272//1680 1274//1680 1217//1680
f 1275//1684 1273//1684 1216//1684
f 1219//1685 1275//1685 1216//1685
f 1274//1686 1276//1686 1218//1686
f 1276//1687 1219//1687 1218//1687
f 1276//1688 1275//1688 1219//1688
f 1258//1689 1154//1689 1223//1689
f 1260//1690 1244//1690 1245//1690
f 1225//1691 1182//1691 1179//1691
f 1277//1692 1278//1692 1259//1692
f 1278//1693 1260//1693 1259//1693
f 1263//1694 1277//1694 1259//1694
f 1279//1695 1264//1695 1261//1695
f 1280//1696 1279//1696 1261//1696
f 1257//1697 1281//1697 1261//1697
f 1281//1698 1280//1698 1261//1698
f 1282//1699 1244//1699 1260//1699
f 1278//1700 1282//1700 1260//1700
f 1246//1701 1281//1701 1257//1701
f 1283//1702 1280//1702 1281//1702
f 1246//1703 1283//1703 1281//1703
f 1252//1704 1238//1704 1220//1704
f 1149//1705 1284//1705 1220//1705
f 1284//1706 1285//1706 1220//1706
f 1285//1707 1252//1707 1220//1707
f 1286//1708 1156//1708 1154//1708
f 1287//1709 1286//1709 1154//1709
f 1258//1710 1287//1710 1154//1710
f 1249//1711 1287//1711 1258//1711
f 1285//1712 1288//1712 1252//1712
f 1288//1713 1251//1713 1252//1713
f 1289//1714 1290//1714 1277//1714
f 1290//1715 1278//1715 1277//1715
f 1263//1716 1289//1716 1277//1716
f 1291//1717 1264//1717 1279//1717
f 1280//1718 1291//1718 1279//1718
f 1292//1719 1293//1719 1263//1719
f 1293//1716 1289//1716 1263//1716
f 1262//1719 1292//1719 1263//1719
f 1291//1720 1294//1720 1264//1720
f 1294//1721 1266//1721 1264//1721
f 1295//1722 1292//1722 1262//1722
f 1265//1723 1295//1723 1262//1723
f 1296//1724 1268//1724 1266//1724
f 1294//1721 1296//1721 1266//1721
f 1297//1725 1295//1725 1265//1725
f 1267//1726 1297//1726 1265//1726
f 1298//1727 1270//1727 1268//1727
f 1296//1724 1298//1724 1268//1724
f 1269//1728 1299//1728 1267//1728
f 1299//1728 1297//1728 1267//1728
f 1300//1729 1272//1729 1270//1729
f 1298//1727 1300//1727 1270//1727
f 1301//1730 1299//1730 1269//1730
f 1271//1731 1301//1731 1269//1731
f 1302//1732 1274//1732 1272//1732
f 1300//1733 1302//1733 1272//1733
f 1303//1734 1301//1734 1271//1734
f 1273//1734 1303//1734 1271//1734
f 1302//1732 1304//1732 1274//1732
f 1304//1735 1276//1735 1274//1735
f 1305//1736 1303//1736 1273//1736
f 1275//1736 1305//1736 1273//1736
f 1304//1735 1306//1735 1276//1735
f 1306//1737 1275//1737 1276//1737
f 1306//1737 1305//1737 1275//1737
f 1307//1738 1180//1738 1182//1738
f 1225//1739 1307//1739 1182//1739
f 1188//1740 1224//1740 1186//1740
f 1290//1741 1282//1741 1278//1741
f 1308//1742 1309//1742 1289//1742
f 1309//1743 1310//1743 1289//1743
f 1310//1744 1290//1744 1289//1744
f 1293//1745 1308//1745 1289//1745
f 1311//1720 1294//1720 1291//1720
f 1312//1746 1313//1746 1291//1746
f 1313//1747 1311//1747 1291//1747
f 1280//1748 1312//1748 1291//1748
f 1283//1749 1312//1749 1280//1749
f 1314//1750 1282//1750 1290//1750
f 1310//1751 1314//1751 1290//1751
f 1283//1752 1315//1752 1312//1752
f 1315//1753 1313//1753 1312//1753
f 1309//1754 1314//1754 1310//1754
f 1315//1755 1316//1755 1313//1755
f 1316//1756 1311//1756 1313//1756
f 1187//1757 1224//1757 1188//1757
f 1317//1758 1318//1758 1224//1758
f 1187//1759 1317//1759 1224//1759
f 1318//1760 1233//1760 1224//1760
f 1319//1761 1307//1761 1225//1761
f 1232//1762 1320//1762 1225//1762
f 1320//1763 1321//1763 1225//1763
f 1321//1764 1322//1764 1225//1764
f 1322//1765 1319//1765 1225//1765
f 1323//1766 1324//1766 1308//1766
f 1324//1767 1309//1767 1308//1767
f 1325//1768 1323//1768 1308//1768
f 1293//1768 1325//1768 1308//1768
f 1326//1769 1294//1769 1311//1769
f 1316//1770 1326//1770 1311//1770
f 1327//1771 1325//1771 1293//1771
f 1292//1771 1327//1771 1293//1771
f 1326//1772 1328//1772 1294//1772
f 1328//1773 1296//1773 1294//1773
f 1329//1774 1327//1774 1292//1774
f 1295//1774 1329//1774 1292//1774
f 1330//1775 1298//1775 1296//1775
f 1328//1773 1330//1773 1296//1773
f 1331//1776 1329//1776 1295//1776
f 1297//1776 1331//1776 1295//1776
f 1332//1777 1300//1777 1298//1777
f 1330//1775 1332//1775 1298//1775
f 1333//1778 1331//1778 1297//1778
f 1299//1778 1333//1778 1297//1778
f 1334//1779 1302//1779 1300//1779
f 1332//1777 1334//1777 1300//1777
f 1335//1780 1333//1780 1299//1780
f 1301//1780 1335//1780 1299//1780
f 1336//1781 1304//1781 1302//1781
f 1334//1779 1336//1779 1302//1779
f 1337//1782 1335//1782 1301//1782
f 1303//1782 1337//1782 1301//1782
f 1336//1781 1338//1781 1304//1781
f 1338//1783 1306//1783 1304//1783
f 1339//1784 1337//1784 1303//1784
f 1305//1785 1339//1785 1303//1785
f 1338//1783 1340//1783 1306//1783
f 1340//1786 1305//1786 1306//1786
f 1340//1787 1339//1787 1305//1787
f 1341//1788 1314//1788 1309//1788
f 1324//1789 1341//1789 1309//1789
f 1342//1790 1341//1790 1324//1790
f 1343//1791 1342//1791 1324//1791
f 1323//1253 1343//1253 1324//1253
f 1344//1792 1345//1792 1316//1792
f 1315//1793 1344//1793 1316//1793
f 1345//1253 1326//1253 1316//1253
f 1346//1794 1342//1794 1343//1794
f 1347//1795 1346//1795 1343//1795
f 1323//1253 1347//1253 1343//1253
f 1348//1796 1349//1796 1345//1796
f 1350//1797 1348//1797 1345//1797
f 1344//1798 1350//1798 1345//1798
f 1349//1253 1326//1253 1345//1253
f 1351//1799 1346//1799 1347//1799
f 1352//1800 1351//1800 1347//1800
f 452//1253 1352//1253 1347//1253
f 464//1253 452//1253 1347//1253
f 1323//1253 464//1253 1347//1253
f 1353//1801 1354//1801 1349//1801
f 1354//1801 1355//1801 1349//1801
f 1348//1802 1353//1802 1349//1802
f 450//1253 1326//1253 1349//1253
f 1355//1253 450//1253 1349//1253
f 1356//1803 1357//1803 1352//1803
f 1357//1800 1351//1800 1352//1800
f 452//1253 1356//1253 1352//1253
f 1354//1804 1358//1804 1355//1804
f 1358//1804 1359//1804 1355//1804
f 447//1253 450//1253 1355//1253
f 1359//1253 447//1253 1355//1253
f 1360//1803 1357//1803 1356//1803
f 1359//12 1358//12 1356//12
f 1358//12 1360//12 1356//12
f 452//1253 448//1253 1356//1253
f 448//1253 445//1253 1356//1253
f 445//1253 1359//1253 1356//1253
f 445//1253 446//1253 1359//1253
f 446//1253 447//1253 1359//1253
f 454//1253 1326//1253 450//1253
f 1325//1253 464//1253 1323//1253
f 454//1253 1328//1253 1326//1253
f 1325//1253 1327//1253 464//1253
f 1327//1253 472//1253 464//1253
f 467//1253 1330//1253 454//1253
f 1330//1253 1328//1253 454//1253
f 1327//1253 1329//1253 472//1253
f 1329//1253 1331//1253 472//1253
f 1331//1253 490//1253 472//1253
f 1332//1253 1330//1253 467//1253
f 481//1253 1336//1253 467//1253
f 1336//1253 1334//1253 467//1253
f 1334//1253 1332//1253 467//1253
f 1335//1253 1337//1253 490//1253
f 1337//1253 493//1253 490//1253
f 1331//1253 1333//1253 490//1253
f 1333//1253 1335//1253 490//1253
f 493//1253 1340//1253 481//1253
f 1340//1253 1338//1253 481//1253
f 1338//1253 1336//1253 481//1253
f 1337//1253 1339//1253 493//1253
f 1339//1253 1340//1253 493//1253
f 1243//1805 1361//1805 1249//1805
f 1361//1806 1287//1806 1249//1806
f 1288//1807 1237//1807 1251//1807
f 1318//1808 1243//1808 1233//1808
f 1237//1809 1320//1809 1232//1809
f 1362//1810 1361//1810 1243//1810
f 1318//1811 1363//1811 1243//1811
f 1363//1812 1362//1812 1243//1812
f 1364//1813 1320//1813 1237//1813
f 1288//1814 1364//1814 1237//1814
f 1365//1815 1364//1815 1288//1815
f 1285//1816 1365//1816 1288//1816
f 1362//1817 1287//1817 1361//1817
f 1185//1818 1366//1818 1187//1818
f 1366//1819 1317//1819 1187//1819
f 1319//1820 1180//1820 1307//1820
f 1367//2 1368//2 1180//2
f 1368//2 1181//2 1180//2
f 1319//1821 1322//1821 1180//1821
f 1322//1822 1369//1822 1180//1822
f 1369//1823 1367//1823 1180//1823
f 1370//1824 1366//1824 1185//1824
f 1184//1825 1371//1825 1185//1825
f 1371//1826 1372//1826 1185//1826
f 1372//1827 1370//1827 1185//1827
f 1362//1828 1286//1828 1287//1828
f 1284//1829 1365//1829 1285//1829
f 1373//1830 1254//1830 420//1830
f 1254//1830 1253//1830 420//1830
f 1255//2 1373//2 420//2
f 1256//1831 1374//1831 1255//1831
f 1374//2 1373//2 1255//2
f 1174//1831 1374//1831 1256//1831
f 1363//1832 1375//1832 1362//1832
f 1375//1833 1286//1833 1362//1833
f 1284//1834 1364//1834 1365//1834
f 1368//1835 318//1835 1181//1835
f 1376//4 1377//4 318//4
f 1377//4 8//4 318//4
f 1368//1835 1376//1835 318//1835
f 1378//1836 320//1836 319//1836
f 937//1837 1378//1837 319//1837
f 1379//1838 1380//1838 324//1838
f 703//1839 1379//1839 324//1839
f 1380//12 39//12 324//12
f 702//1840 1379//1840 703//1840
f 1378//1841 1197//1841 320//1841
f 1370//1842 1317//1842 1366//1842
f 1149//1843 1381//1843 1284//1843
f 1381//1844 1364//1844 1284//1844
f 1375//1845 1156//1845 1286//1845
f 1318//1846 1382//1846 1363//1846
f 1382//1847 1383//1847 1363//1847
f 1383//1848 1375//1848 1363//1848
f 1384//1849 1320//1849 1364//1849
f 1381//1850 1384//1850 1364//1850
f 1321//1851 1369//1851 1322//1851
f 1372//1852 1385//1852 1370//1852
f 1385//1853 1317//1853 1370//1853
f 1149//1854 1384//1854 1381//1854
f 1383//1855 1156//1855 1375//1855
f 1386//1856 1387//1856 1149//1856
f 1387//1857 1384//1857 1149//1857
f 1150//1858 1388//1858 1149//1858
f 1388//1859 1389//1859 1149//1859
f 1389//1859 1386//1859 1149//1859
f 1383//1860 1382//1860 1156//1860
f 1382//1861 1390//1861 1156//1861
f 1390//1862 1391//1862 1156//1862
f 1391//1863 1392//1863 1156//1863
f 1392//1864 1155//1864 1156//1864
f 1393//1865 1382//1865 1318//1865
f 1385//1866 1393//1866 1318//1866
f 1317//1867 1385//1867 1318//1867
f 1387//1868 1394//1868 1320//1868
f 1384//1869 1387//1869 1320//1869
f 1394//1870 1395//1870 1320//1870
f 1395//1871 1321//1871 1320//1871
f 1395//1872 1396//1872 1321//1872
f 1396//1873 1369//1873 1321//1873
f 1396//1874 1367//1874 1369//1874
f 1393//1875 1390//1875 1382//1875
f 1371//1876 1385//1876 1372//1876
f 1386//1877 1394//1877 1387//1877
f 1378//1878 1198//1878 1197//1878
f 1397//1879 1254//1879 1373//1879
f 1374//2 1397//2 1373//2
f 1397//1880 1398//1880 1254//1880
f 1398//1881 1399//1881 1254//1881
f 1399//1882 1400//1882 1254//1882
f 1400//1883 1401//1883 1254//1883
f 1401//1884 1169//1884 1254//1884
f 1174//1885 1402//1885 1374//1885
f 1402//2 1397//2 1374//2
f 1403//1886 1404//1887 1174//1886
f 1405//1888 1403//1888 1174//1888
f 1404//1889 1402//1889 1174//1889
f 1175//1890 1406//1890 1174//1890
f 1406//1891 1407//1891 1174//1891
f 1407//1892 1405//1892 1174//1892
f 1389//1893 1394//1893 1386//1893
f 1393//1894 1391//1894 1390//1894
f 1195//1895 1379//1895 702//1895
f 1184//1896 1408//1896 1371//1896
f 1408//1897 1385//1897 1371//1897
f 1409//1898 1367//1898 1396//1898
f 1395//1899 1409//1899 1396//1899
f 1410//2 1411//2 1367//2
f 1411//2 1368//2 1367//2
f 1409//1900 1412//1900 1367//1900
f 1412//1900 1413//1900 1367//1900
f 1413//1901 1148//1901 1367//1901
f 1148//1902 1410//1902 1367//1902
f 32//1903 1414//1903 1184//1903
f 1414//1904 1415//1904 1184//1904
f 1415//1905 1416//1905 1184//1905
f 1416//1906 1408//1906 1184//1906
f 1402//1907 1398//1907 1397//1907
f 1404//1908 1398//1908 1402//1908
f 1389//1909 1395//1909 1394//1909
f 1385//1910 1417//1910 1393//1910
f 1417//1911 1392//1911 1393//1911
f 1392//1912 1391//1912 1393//1912
f 1195//1913 1418//1913 1379//1913
f 1418//1914 1380//1914 1379//1914
f 1419//1915 1198//1915 1378//1915
f 937//1916 1419//1916 1378//1916
f 1416//1917 1385//1917 1408//1917
f 1395//1918 1412//1918 1409//1918
f 1395//1919 1413//1919 1412//1919
f 1194//1920 1418//1920 1195//1920
f 1419//1921 1201//1921 1198//1921
f 1389//1922 1388//1922 1395//1922
f 1420//1923 1413//1923 1395//1923
f 1421//1924 1420//1924 1395//1924
f 1388//1925 1421//1925 1395//1925
f 1422//1926 1423//1926 1385//1926
f 1423//1927 1417//1927 1385//1927
f 1424//1926 1422//1926 1385//1926
f 1416//1928 1424//1928 1385//1928
f 1404//1929 1399//1929 1398//1929
f 1417//1930 1155//1930 1392//1930
f 1425//2 1426//2 32//2
f 31//8 1425//8 32//8
f 1426//1931 1153//1931 32//1931
f 1153//1932 1414//1932 32//1932
f 1423//1933 1155//1933 1417//1933
f 1150//1934 1421//1934 1388//1934
f 1148//1935 1427//1935 1150//1935
f 1427//1936 1428//1936 1150//1936
f 1428//1937 1429//1937 1150//1937
f 1429//1938 1420//1938 1150//1938
f 1420//1938 1421//1938 1150//1938
f 1423//1939 1422//1939 1155//1939
f 1422//1940 1424//1940 1155//1940
f 1424//1941 1415//1941 1155//1941
f 1415//1942 1414//1942 1155//1942
f 1414//2 1153//2 1155//2
f 1415//1943 1424//1943 1416//1943
f 1404//1944 1400//1944 1399//1944
f 1403//1945 1400//1945 1404//1945
f 1405//1946 1401//1946 1403//1946
f 1401//1947 1400//1947 1403//1947
f 1194//1948 1430//1948 1418//1948
f 1430//1949 1380//1949 1418//1949
f 1431//1950 1201//1950 1419//1950
f 937//1916 1431//1916 1419//1916
f 1411//1951 1376//1951 1368//1951
f 1411//1951 1377//1951 1376//1951
f 940//1952 1431//1952 937//1952
f 1430//1953 1432//1953 1380//1953
f 1432//12 39//12 1380//12
f 1427//1954 1148//1954 1413//1954
f 1429//1955 1427//1955 1413//1955
f 1420//1956 1429//1956 1413//1956
f 1428//1957 1427//1957 1429//1957
f 1431//1958 1199//1958 1201//1958
f 1433//1959 1169//1959 1401//1959
f 1405//1960 1433//1960 1401//1960
f 1147//1961 1410//1961 1148//1961
f 1193//1962 1430//1962 1194//1962
f 1407//1963 1433//1963 1405//1963
f 1406//1964 1433//1964 1407//1964
f 1434//1965 1169//1965 1433//1965
f 1435//1966 1434//1966 1433//1966
f 1436//1967 1435//1967 1433//1967
f 1406//1968 1436//1968 1433//1968
f 1435//1969 1436//1969 1406//1969
f 1175//1970 1435//1970 1406//1970
f 1437//1971 1438//1971 1169//1971
f 1434//1972 1437//1972 1169//1972
f 1438//2 1146//2 1169//2
f 1173//1973 1439//1973 1175//1973
f 1439//1974 1435//1974 1175//1974
f 1146//1975 1410//1975 1147//1975
f 1440//2 1441//2 1410//2
f 1441//2 1442//2 1410//2
f 1442//2 1411//2 1410//2
f 1146//1975 1440//1975 1410//1975
f 1426//1976 1443//1976 1153//1976
f 1443//1976 1172//1976 1153//1976
f 1425//2 1443//2 1426//2
f 1435//1977 1437//1977 1434//1977
f 1444//1978 1437//1978 1435//1978
f 1439//1979 1444//1979 1435//1979
f 1444//1980 1438//1980 1437//1980
f 1439//1981 1438//1981 1444//1981
f 1173//1982 1438//1982 1439//1982
f 1438//1253 1440//1253 1146//1253
f 1443//2 1425//2 1440//2
f 1425//2 1441//2 1440//2
f 1173//1253 1443//1253 1440//1253
f 1438//1253 1173//1253 1440//1253
f 1172//1253 1443//1253 1173//1253
f 1193//1983 1445//1983 1430//1983
f 1445//1984 1432//1984 1430//1984
f 1446//1985 1447//1985 1431//1985
f 1447//1986 1199//1986 1431//1986
f 940//1987 1446//1987 1431//1987
f 1448//1988 1449//1988 1445//1988
f 1449//1989 1450//1989 1445//1989
f 1450//1990 1451//1990 1445//1990
f 1451//1991 1452//1991 1445//1991
f 1453//1992 1454//1992 1445//1992
f 1455//1993 1448//1993 1445//1993
f 1454//1994 1455//1994 1445//1994
f 1193//1995 1192//1995 1445//1995
f 1192//1996 1453//1996 1445//1996
f 1452//1997 1432//1997 1445//1997
f 1456//1998 1457//1998 1446//1998
f 1457//1999 1458//1999 1446//1999
f 1458//2000 1447//2000 1446//2000
f 1459//2001 1460//2001 1446//2001
f 1461//2002 1456//2002 1446//2002
f 1460//2003 1461//2003 1446//2003
f 1462//2004 1463//2004 1446//2004
f 1463//2005 1464//2005 1446//2005
f 1464//2006 1459//2006 1446//2006
f 940//1987 1462//1987 1446//1987
f 1447//4 1200//4 1199//4
f 1442//2007 1377//2007 1411//2007
f 1465//4 8//4 1377//4
f 1442//2007 1465//2007 1377//2007
f 939//2008 1462//2008 940//2008
f 1452//2009 1466//2009 1432//2009
f 1466//12 39//12 1432//12
f 1191//2010 1453//2010 1192//2010
f 1458//2011 1200//2011 1447//2011
f 1467//2012 1468//2012 1191//2012
f 1244//2013 1467//2013 1191//2013
f 1468//2014 1453//2014 1191//2014
f 1469//2015 1246//2015 1200//2015
f 1458//2016 1469//2016 1200//2016
f 1282//2017 1467//2017 1244//2017
f 1469//2018 1470//2018 1246//2018
f 1470//2019 1283//2019 1246//2019
f 1314//2020 1471//2020 1282//2020
f 1471//2021 1467//2021 1282//2021
f 1470//2022 1472//2022 1283//2022
f 1472//2023 1315//2023 1283//2023
f 1473//2024 1471//2024 1314//2024
f 1341//2025 1473//2025 1314//2025
f 1472//2026 1344//2026 1315//2026
f 1474//2027 1473//2027 1341//2027
f 1342//2028 1474//2028 1341//2028
f 1472//2029 1475//2029 1344//2029
f 1475//2030 1350//2030 1344//2030
f 1346//2031 1474//2031 1342//2031
f 1476//2032 1348//2032 1350//2032
f 1475//2033 1476//2033 1350//2033
f 1351//2034 1477//2034 1346//2034
f 1477//2035 1474//2035 1346//2035
f 1478//2036 1353//2036 1348//2036
f 1476//2037 1478//2037 1348//2037
f 1479//2038 1477//2038 1351//2038
f 1357//2039 1479//2039 1351//2039
f 1478//2040 1354//2040 1353//2040
f 1360//2041 1480//2041 1357//2041
f 1480//2042 1479//2042 1357//2042
f 1481//2043 1358//2043 1354//2043
f 1478//2044 1481//2044 1354//2044
f 1358//1273 1480//1273 1360//1273
f 1481//2045 1482//2045 1358//2045
f 1482//1273 1480//1273 1358//1273
f 1457//2046 1469//2046 1458//2046
f 1483//2047 1484//2047 1468//2047
f 1467//2048 1483//2048 1468//2048
f 1454//2049 1453//2049 1468//2049
f 1484//2050 1454//2050 1468//2050
f 1485//2051 1470//2051 1469//2051
f 1486//2052 1485//2052 1469//2052
f 1457//2053 1486//2053 1469//2053
f 1471//2054 1483//2054 1467//2054
f 1485//2055 1472//2055 1470//2055
f 1479//2056 1487//2056 1477//2056
f 1487//2057 1474//2057 1477//2057
f 1476//2058 1488//2058 1478//2058
f 1488//2059 1481//2059 1478//2059
f 1480//2060 1489//2060 1479//2060
f 1489//2061 1490//2061 1479//2061
f 1490//2062 1487//2062 1479//2062
f 1491//2063 1492//2063 1481//2063
f 1492//2064 1482//2064 1481//2064
f 1488//2065 1491//2065 1481//2065
f 1482//2066 1489//2066 1480//2066
f 1492//2066 1489//2066 1482//2066
f 1471//2067 1493//2067 1483//2067
f 1493//2068 1494//2068 1483//2068
f 1494//2047 1484//2047 1483//2047
f 1486//2069 1495//2069 1485//2069
f 1495//2055 1472//2055 1485//2055
f 1490//2070 1496//2070 1487//2070
f 1496//2071 1474//2071 1487//2071
f 1476//2072 1497//2072 1488//2072
f 1497//2073 1498//2073 1488//2073
f 1498//2059 1491//2059 1488//2059
f 1499//2074 1493//2074 1471//2074
f 1473//2074 1499//2074 1471//2074
f 1495//2075 1500//2075 1472//2075
f 1500//2076 1475//2076 1472//2076
f 1501//2077 1499//2077 1473//2077
f 1474//2077 1501//2077 1473//2077
f 1500//2078 1502//2078 1475//2078
f 1502//2079 1476//2079 1475//2079
f 1496//2080 1501//2080 1474//2080
f 1502//2081 1497//2081 1476//2081
f 1494//2047 1503//2047 1484//2047
f 1504//2082 1454//2082 1484//2082
f 1503//2083 1504//2083 1484//2083
f 1505//2051 1495//2051 1486//2051
f 1456//2084 1505//2084 1486//2084
f 1457//2085 1456//2085 1486//2085
f 1504//2086 1455//2086 1454//2086
f 1451//2087 1506//2087 1452//2087
f 1506//2088 1507//2088 1452//2088
f 1507//2089 1508//2089 1452//2089
f 1508//2090 1466//2090 1452//2090
f 1509//2091 1510//2091 1462//2091
f 1510//2092 1463//2092 1462//2092
f 939//2093 1509//2093 1462//2093
f 1492//2094 1511//2094 1489//2094
f 1511//2095 1490//2095 1489//2095
f 1491//2096 1512//2096 1492//2096
f 1512//2094 1511//2094 1492//2094
f 1461//2097 1505//2097 1456//2097
f 1503//2098 1455//2098 1504//2098
f 1494//2099 1513//2099 1503//2099
f 1513//2100 1455//2100 1503//2100
f 1514//2101 1495//2101 1505//2101
f 1461//2102 1514//2102 1505//2102
f 1493//2103 1515//2103 1494//2103
f 1515//2104 1516//2104 1494//2104
f 1516//2105 1513//2105 1494//2105
f 1514//2106 1517//2106 1495//2106
f 1517//2107 1500//2107 1495//2107
f 1490//2108 1518//2108 1496//2108
f 1518//2109 1519//2109 1496//2109
f 1519//2110 1501//2110 1496//2110
f 1497//2111 1520//2111 1498//2111
f 1520//2112 1521//2112 1498//2112
f 1521//2113 1491//2113 1498//2113
f 1511//2114 1522//2114 1490//2114
f 1522//2115 1518//2115 1490//2115
f 1521//2116 1523//2116 1491//2116
f 1523//2117 1524//2117 1491//2117
f 1524//2118 1512//2118 1491//2118
f 1512//1314 1522//1314 1511//1314
f 1524//1314 1522//1314 1512//1314
f 1525//2119 1515//2119 1493//2119
f 1499//2119 1525//2119 1493//2119
f 1517//2120 1526//2120 1500//2120
f 1526//2121 1502//2121 1500//2121
f 1527//2122 1525//2122 1499//2122
f 1501//2122 1527//2122 1499//2122
f 1526//2121 1528//2121 1502//2121
f 1528//2123 1497//2123 1502//2123
f 1519//2124 1527//2124 1501//2124
f 1528//2125 1520//2125 1497//2125
f 1516//2126 1529//2126 1513//2126
f 1448//2127 1455//2127 1513//2127
f 1529//2128 1448//2128 1513//2128
f 1524//1353 1530//1353 1522//1353
f 1530//2129 1518//2129 1522//2129
f 1523//2130 1531//2130 1524//2130
f 1531//1353 1530//1353 1524//1353
f 1507//2131 1532//2131 1508//2131
f 1532//2132 1533//2132 1508//2132
f 1533//2133 1466//2133 1508//2133
f 1534//2134 1535//2134 1509//2134
f 1535//2135 1510//2135 1509//2135
f 939//2093 1534//2093 1509//2093
f 1536//2136 1517//2136 1514//2136
f 1461//2137 1536//2137 1514//2137
f 1537//2138 1536//2138 1461//2138
f 1460//2139 1537//2139 1461//2139
f 1441//2140 1465//2140 1442//2140
f 1441//2140 8//2140 1465//2140
f 938//2141 1534//2141 939//2141
f 1533//2142 1538//2142 1466//2142
f 1538//12 39//12 1466//12
f 1539//2143 1536//2143 1537//2143
f 1460//2144 1539//2144 1537//2144
f 1529//2145 1449//2145 1448//2145
f 1516//2146 1540//2146 1529//2146
f 1450//2147 1449//2147 1529//2147
f 1540//2148 1450//2148 1529//2148
f 1539//2149 1517//2149 1536//2149
f 1515//2150 1541//2150 1516//2150
f 1541//2151 1542//2151 1516//2151
f 1542//2152 1540//2152 1516//2152
f 1539//2153 1543//2153 1517//2153
f 1543//2154 1526//2154 1517//2154
f 1518//2155 1544//2155 1519//2155
f 1544//2156 1527//2156 1519//2156
f 1520//2157 1545//2157 1521//2157
f 1545//2158 1546//2158 1521//2158
f 1546//2159 1523//2159 1521//2159
f 1547//2160 1548//2160 1518//2160
f 1530//2160 1547//2160 1518//2160
f 1548//2161 1544//2161 1518//2161
f 1549//2162 1531//2162 1523//2162
f 1550//2162 1549//2162 1523//2162
f 1546//2159 1550//2159 1523//2159
f 1531//1357 1547//1357 1530//1357
f 1549//2163 1547//2163 1531//2163
f 1532//2164 1551//2164 1533//2164
f 1551//2165 1552//2165 1533//2165
f 1552//2166 1538//2166 1533//2166
f 1553//2167 1554//2167 1534//2167
f 1554//2168 1535//2168 1534//2168
f 938//2169 1553//2169 1534//2169
f 1555//2170 1541//2170 1515//2170
f 1525//2170 1555//2170 1515//2170
f 1543//2171 1556//2171 1526//2171
f 1556//2172 1528//2172 1526//2172
f 1557//2173 1555//2173 1525//2173
f 1527//2173 1557//2173 1525//2173
f 1556//2172 1558//2172 1528//2172
f 1558//2174 1520//2174 1528//2174
f 1544//2175 1557//2175 1527//2175
f 1558//2174 1545//2174 1520//2174
f 1549//2163 1559//2163 1547//2163
f 1559//2163 1560//2163 1547//2163
f 1560//2176 1548//2176 1547//2176
f 1550//2177 1559//2177 1549//2177
f 1542//2178 1561//2178 1540//2178
f 1561//2179 1450//2179 1540//2179
f 1562//2180 1543//2180 1539//2180
f 1464//2181 1562//2181 1539//2181
f 1459//2182 1464//2182 1539//2182
f 1460//2182 1459//2182 1539//2182
f 1561//2183 1451//2183 1450//2183
f 1541//2151 1563//2151 1542//2151
f 1563//2184 1561//2184 1542//2184
f 1562//2185 1564//2185 1543//2185
f 1564//2186 1565//2186 1543//2186
f 1565//2187 1556//2187 1543//2187
f 1548//2155 1566//2155 1544//2155
f 1566//2188 1567//2188 1544//2188
f 1567//2189 1557//2189 1544//2189
f 1545//2190 1568//2190 1546//2190
f 1568//2191 1550//2191 1546//2191
f 1569//2192 1570//2192 1541//2192
f 1570//2193 1563//2193 1541//2193
f 1555//2194 1569//2194 1541//2194
f 1571//2195 1572//2195 1556//2195
f 1565//2196 1571//2196 1556//2196
f 1572//2197 1558//2197 1556//2197
f 1573//2198 1569//2198 1555//2198
f 1557//2199 1573//2199 1555//2199
f 1572//2200 1574//2200 1558//2200
f 1574//2201 1545//2201 1558//2201
f 1575//2202 1573//2202 1557//2202
f 1567//2203 1575//2203 1557//2203
f 1574//2204 1576//2204 1545//2204
f 1576//2205 1568//2205 1545//2205
f 19//1253 8//1253 1441//1253
f 1425//1253 19//1253 1441//1253
f 1425//1253 31//1253 19//1253
f 31//1253 33//1253 19//1253
f 33//1253 34//1253 19//1253
f 34//1253 39//1253 19//1253
f 39//1253 938//1253 19//1253
f 39//1253 1538//1253 938//1253
f 1538//1253 1553//1253 938//1253
f 1552//1253 1553//1253 1538//1253
f 1551//1253 1570//1253 1552//1253
f 1570//1253 1553//1253 1552//1253
f 1570//1253 1554//1253 1553//1253
f 1573//1253 1535//1253 1554//1253
f 1570//1253 1569//1253 1554//1253
f 1569//1253 1573//1253 1554//1253
f 1532//1253 1570//1253 1551//1253
f 1507//1253 1570//1253 1532//1253
f 1573//1253 1463//1253 1535//1253
f 1463//1253 1510//1253 1535//1253
f 1506//1253 1570//1253 1507//1253
f 1451//1253 1570//1253 1506//1253
f 1573//1253 1464//1253 1463//1253
f 1561//1253 1570//1253 1451//1253
f 1573//1253 1575//1253 1464//1253
f 1575//1253 1562//1253 1464//1253
f 1563//1253 1570//1253 1561//1253
f 1575//1253 1564//1253 1562//1253
f 1575//1253 1565//1253 1564//1253
f 1575//1253 1571//1253 1565//1253
f 1575//1253 1572//1253 1571//1253
f 1575//1253 1574//1253 1572//1253
f 1575//1253 1576//1253 1574//1253
f 1559//1253 1568//1253 1576//1253
f 1560//1253 1559//1253 1576//1253
f 1575//1253 1560//1253 1576//1253
f 1567//1253 1560//1253 1575//1253
f 1566//1253 1560//1253 1567//1253
f 1548//1253 1560//1253 1566//1253
f 1559//1253 1550//1253 1568//1253
f 1641//2206 1642//2206 1631//2206
f 1642//2207 1643//2207 1631//2207
f 1650//2208 1642//2208 1641//2208
f 1650//2209 1643//2209 1642//2209
f 1960//2210 1951//2210 1941//2210
f 1961//2210 1960//2210 1941//2210
f 1960//2 1857//2 1951//2
f 1961//2 1968//2 1960//2
f 1968//2 1857//2 1960//2
f 2312//2211 2313//2211 2287//2211
f 2313//2212 2308//2212 2287//2212
f 2313//2213 2311//2213 2308//2213
f 2314//2214 2311//2214 2313//2214
f 2312//2215 2314//2215 2313//2215
usemtl Material.025
f 26//5 25//5 16//5
f 18//5 27//5 16//5
f 27//5 26//5 16//5
f 27//5 190//5 26//5
f 27//5 245//5 190//5
f 321//5 322//5 245//5
f 322//5 323//5 245//5
f 27//5 321//5 245//5
f 19//5 934//5 20//5
f 19//5 936//5 934//5
f 1577//2216 1578//2216 1579//2216
f 1580//2217 1577//2217 1579//2217
f 1581//2218 1580//2218 1579//2218
f 1582//2219 1581//2219 1579//2219
f 1578//2220 1582//2220 1579//2220
f 1583//2221 1584//2221 1578//2221
f 1577//2222 1583//2222 1578//2222
f 1584//2220 1582//2220 1578//2220
f 1583//2223 1585//2223 1584//2223
f 1586//2224 1582//2224 1584//2224
f 1585//2225 1586//2225 1584//2225
f 1587//2226 1588//2226 1585//2226
f 1583//2227 1587//2227 1585//2227
f 1588//2228 1586//2228 1585//2228
f 1589//2226 1588//2226 1587//2226
f 1590//2229 1591//2229 1587//2229
f 1591//2230 1592//2230 1587//2230
f 1592//2226 1589//2226 1587//2226
f 1593//2231 1590//2231 1587//2231
f 1583//2232 1593//2232 1587//2232
f 1594//2233 1593//2233 1583//2233
f 1577//2234 1594//2234 1583//2234
f 1595//2235 1586//2235 1588//2235
f 1589//2225 1595//2225 1588//2225
f 1596//2236 1580//2236 1581//2236
f 1582//2237 1597//2237 1581//2237
f 1597//2238 1596//2238 1581//2238
f 1598//2239 1594//2239 1577//2239
f 1580//2240 1598//2240 1577//2240
f 1599//2241 1597//2241 1582//2241
f 1586//2242 1600//2242 1582//2242
f 1600//2243 1601//2243 1582//2243
f 1601//2243 1599//2243 1582//2243
f 1596//2244 1602//2244 1580//2244
f 1602//2245 1603//2245 1580//2245
f 1603//2246 1598//2246 1580//2246
f 1597//2247 1602//2247 1596//2247
f 1604//2248 1603//2248 1602//2248
f 1597//2249 1604//2249 1602//2249
f 1595//2250 1605//2250 1586//2250
f 1605//2251 1606//2251 1586//2251
f 1606//2251 1600//2251 1586//2251
f 1592//2225 1595//2225 1589//2225
f 1591//2252 1607//2252 1592//2252
f 1607//2253 1595//2253 1592//2253
f 1608//2254 1604//2254 1597//2254
f 1599//2255 1609//2255 1597//2255
f 1609//2256 1608//2256 1597//2256
f 1610//2257 1605//2257 1595//2257
f 1607//2258 1611//2258 1595//2258
f 1611//2257 1610//2257 1595//2257
f 1594//2259 1612//2259 1593//2259
f 1612//2259 1613//2259 1593//2259
f 1614//2260 1590//2260 1593//2260
f 1613//2261 1614//2261 1593//2261
f 1615//2262 1603//2262 1604//2262
f 1608//2263 1615//2263 1604//2263
f 1598//2264 1616//2264 1594//2264
f 1616//2265 1617//2265 1594//2265
f 1617//2265 1612//2265 1594//2265
f 1618//2266 1601//2266 1600//2266
f 1606//2267 1618//2267 1600//2267
f 1618//2266 1599//2266 1601//2266
f 1618//2268 1609//2268 1599//2268
f 1605//2269 1618//2269 1606//2269
f 1619//2270 1603//2270 1615//2270
f 1620//2271 1619//2271 1615//2271
f 1608//2272 1620//2272 1615//2272
f 1621//2273 1622//2273 1590//2273
f 1622//2274 1591//2274 1590//2274
f 1614//2275 1621//2275 1590//2275
f 1618//2276 1623//2276 1609//2276
f 1623//2277 1608//2277 1609//2277
f 1610//2278 1618//2278 1605//2278
f 1624//2279 1620//2279 1608//2279
f 1625//2280 1626//2280 1608//2280
f 1626//2281 1627//2281 1608//2281
f 1627//2282 1624//2282 1608//2282
f 1623//2280 1625//2280 1608//2280
f 1622//2252 1607//2252 1591//2252
f 1619//2283 1628//2283 1603//2283
f 1628//2284 1598//2284 1603//2284
f 1629//2285 1630//2285 1631//2285
f 1632//2286 1633//2286 1631//2286
f 1634//2287 1632//2287 1631//2287
f 1635//2288 1636//2288 1631//2288
f 1637//2289 1638//2289 1631//2289
f 1639//2290 1640//2290 1631//2290
f 1640//2291 1641//2291 1631//2291
f 1644//2292 1645//2292 1631//2292
f 1646//2293 1635//2293 1631//2293
f 1645//2294 1646//2294 1631//2294
f 1643//2295 1644//2295 1631//2296
f 1647//2297 1639//2297 1631//2297
f 1648//2298 1647//2298 1631//2298
f 1630//2299 1649//2299 1631//2299
f 1633//2300 1629//2300 1631//2300
f 1649//2301 1648//2301 1631//2301
f 1638//2302 1634//2302 1631//2302
f 1636//2303 1637//2303 1631//2303
f 1640//2304 1650//2304 1641//2304
f 1650//2305 1644//2305 1643//2305
f 1651//2306 1645//2306 1644//2306
f 1652//2307 1651//2307 1644//2307
f 1650//2308 1653//2308 1644//2308
f 1653//2309 1652//2309 1644//2309
f 1639//2310 1650//2310 1640//2310
f 1647//2311 1650//2311 1639//2311
f 1651//2312 1646//2312 1645//2312
f 1651//2313 1654//2313 1646//2313
f 1654//2314 1635//2314 1646//2314
f 1648//2311 1650//2311 1647//2311
f 1649//2315 1650//2315 1648//2315
f 1654//2316 1636//2316 1635//2316
f 1611//2317 1618//2317 1610//2317
f 1630//2318 1655//2318 1649//2318
f 1655//2319 1650//2319 1649//2319
f 1656//2313 1654//2313 1651//2313
f 1652//2320 1656//2320 1651//2320
f 1654//2321 1637//2321 1636//2321
f 1657//2322 1656//2322 1652//2322
f 1653//2323 1657//2323 1652//2323
f 1654//2321 1638//2321 1637//2321
f 1624//2324 1619//2324 1620//2324
f 1654//2314 1658//2314 1638//2314
f 1658//2325 1634//2325 1638//2325
f 1654//2326 1659//2326 1658//2326
f 1659//2327 1634//2327 1658//2327
f 1622//2328 1660//2328 1607//2328
f 1660//2329 1661//2329 1607//2329
f 1661//2330 1662//2330 1607//2330
f 1662//2331 1663//2331 1607//2331
f 1663//2331 1611//2331 1607//2331
f 1621//2332 1660//2332 1622//2332
f 1628//2333 1664//2333 1598//2333
f 1664//2334 1616//2334 1598//2334
f 1665//2322 1656//2322 1657//2322
f 1653//2335 1666//2335 1657//2335
f 1666//2336 1665//2336 1657//2336
f 1667//2337 1668//2337 1665//2337
f 1668//2338 1656//2338 1665//2338
f 1666//2339 1667//2339 1665//2339
f 1650//2340 1666//2340 1653//2340
f 1619//2341 1669//2341 1628//2341
f 1669//2342 1664//2342 1628//2342
f 1670//2343 1671//2343 1660//2343
f 1621//2344 1670//2344 1660//2344
f 1671//2345 1661//2345 1660//2345
f 1614//2346 1672//2346 1621//2346
f 1672//2347 1670//2347 1621//2347
f 1673//2348 1674//2348 1624//2348
f 1674//2349 1675//2349 1624//2349
f 1675//2350 1619//2350 1624//2350
f 1627//2351 1673//2351 1624//2351
f 1676//2352 1671//2352 1670//2352
f 1672//2353 1676//2353 1670//2353
f 1675//2354 1669//2354 1619//2354
f 1618//2355 1625//2355 1623//2355
f 1677//2356 1672//2356 1614//2356
f 1613//2357 1677//2357 1614//2357
f 1656//2358 1678//2358 1654//2358
f 1678//2359 1659//2359 1654//2359
f 1666//2360 1679//2360 1667//2360
f 1680//2361 1668//2361 1667//2361
f 1679//2362 1680//2362 1667//2362
f 1681//2363 1682//2363 1676//2363
f 1682//2364 1671//2364 1676//2364
f 1656//2365 1668//2365 1676//2365
f 1668//2366 1683//2366 1676//2366
f 1683//2367 1681//2367 1676//2367
f 1672//2368 1684//2368 1676//2368
f 1684//2369 1656//2369 1676//2369
f 1664//2370 1685//2370 1616//2370
f 1685//2371 1686//2371 1616//2371
f 1686//2372 1617//2372 1616//2372
f 1687//2373 1630//2373 1629//2373
f 1688//2373 1687//2373 1629//2373
f 1633//2374 1688//2374 1629//2374
f 1689//2375 1690//2375 1630//2375
f 1690//2376 1655//2376 1630//2376
f 1687//2377 1689//2377 1630//2377
f 1691//2374 1688//2374 1633//2374
f 1632//2378 1691//2378 1633//2378
f 1692//2378 1691//2378 1632//2378
f 1634//2379 1692//2379 1632//2379
f 1693//2380 1692//2380 1634//2380
f 1659//2381 1693//2381 1634//2381
f 1678//2382 1694//2382 1659//2382
f 1694//2382 1695//2382 1659//2382
f 1695//2383 1693//2383 1659//2383
f 1696//2384 1683//2384 1668//2384
f 1680//2385 1696//2385 1668//2385
f 1697//2386 1698//2386 1669//2386
f 1675//2387 1697//2387 1669//2387
f 1698//2388 1664//2388 1669//2388
f 1618//2355 1626//2355 1625//2355
f 1682//2389 1661//2389 1671//2389
f 1696//2390 1661//2390 1682//2390
f 1681//2391 1696//2391 1682//2391
f 1699//2392 1666//2392 1650//2392
f 1690//2393 1650//2393 1655//2393
f 1700//2394 1699//2394 1650//2394
f 1690//2395 1700//2395 1650//2395
f 1684//2396 1678//2396 1656//2396
f 1663//2397 1701//2397 1611//2397
f 1701//2398 1618//2398 1611//2398
f 1689//2399 1700//2399 1690//2399
f 1696//2384 1681//2384 1683//2384
f 1702//2360 1679//2360 1666//2360
f 1699//2400 1703//2400 1666//2400
f 1703//2401 1704//2401 1666//2401
f 1704//2402 1702//2402 1666//2402
f 1662//2397 1701//2397 1663//2397
f 1705//2403 1706//2403 1661//2403
f 1696//2404 1705//2404 1661//2404
f 1706//2405 1707//2405 1661//2405
f 1707//2405 1662//2405 1661//2405
f 1687//2406 1708//2406 1689//2406
f 1709//2407 1700//2407 1689//2407
f 1708//2408 1709//2408 1689//2408
f 1710//2409 1711//2409 1673//2409
f 1711//2410 1674//2410 1673//2410
f 1627//2411 1710//2411 1673//2411
f 1680//2412 1705//2412 1696//2412
f 1712//2413 1705//2413 1680//2413
f 1679//2414 1712//2414 1680//2414
f 1677//2356 1713//2356 1672//2356
f 1713//2415 1684//2415 1672//2415
f 1697//2416 1714//2416 1698//2416
f 1714//2417 1664//2417 1698//2417
f 1709//2418 1699//2418 1700//2418
f 1715//2419 1716//2419 1710//2419
f 1716//2420 1711//2420 1710//2420
f 1627//2421 1715//2421 1710//2421
f 1702//2422 1712//2422 1679//2422
f 1704//2423 1712//2423 1702//2423
f 1618//2424 1717//2424 1626//2424
f 1717//2425 1627//2425 1626//2425
f 1684//2426 1718//2426 1678//2426
f 1718//2427 1694//2427 1678//2427
f 1719//2428 1715//2428 1627//2428
f 1717//2429 1720//2429 1627//2429
f 1720//2430 1719//2430 1627//2430
f 1674//2431 1697//2431 1675//2431
f 1612//2432 1721//2432 1613//2432
f 1721//2432 1722//2432 1613//2432
f 1722//2433 1677//2433 1613//2433
f 1723//2434 1724//2434 1712//2434
f 1724//2435 1705//2435 1712//2435
f 1704//2436 1723//2436 1712//2436
f 1697//2437 1725//2437 1714//2437
f 1725//2438 1664//2438 1714//2438
f 1617//2439 1726//2439 1612//2439
f 1726//2440 1721//2440 1612//2440
f 1727//2441 1697//2441 1674//2441
f 1711//2442 1727//2442 1674//2442
f 1713//2443 1718//2443 1684//2443
f 1707//2444 1701//2444 1662//2444
f 1725//2445 1685//2445 1664//2445
f 1728//2446 1724//2446 1723//2446
f 1729//2447 1728//2447 1723//2447
f 1703//2448 1729//2448 1723//2448
f 1704//2449 1703//2449 1723//2449
f 1730//2450 1725//2450 1697//2450
f 1727//2451 1730//2451 1697//2451
f 1706//2452 1701//2452 1707//2452
f 1705//2453 1701//2453 1706//2453
f 1724//2454 1701//2454 1705//2454
f 1728//2455 1731//2455 1724//2455
f 1731//2456 1701//2456 1724//2456
f 1730//2457 1732//2457 1725//2457
f 1733//2458 1685//2458 1725//2458
f 1732//2459 1733//2459 1725//2459
f 1618//2460 1720//2460 1717//2460
f 1699//2461 1734//2461 1703//2461
f 1735//2462 1736//2462 1703//2462
f 1737//2463 1735//2463 1703//2463
f 1734//2464 1737//2464 1703//2464
f 1736//2465 1729//2465 1703//2465
f 1733//2466 1738//2466 1685//2466
f 1738//2467 1686//2467 1685//2467
f 1618//2468 1739//2468 1720//2468
f 1739//2469 1719//2469 1720//2469
f 1740//2470 1713//2470 1677//2470
f 1722//2433 1740//2433 1677//2433
f 1741//2471 1742//2471 1730//2471
f 1742//2472 1743//2472 1730//2472
f 1743//2473 1732//2473 1730//2473
f 1744//2474 1741//2474 1730//2474
f 1727//2475 1744//2475 1730//2475
f 1686//2476 1726//2476 1617//2476
f 1745//2477 1699//2477 1709//2477
f 1746//2478 1745//2478 1709//2478
f 1708//2479 1746//2479 1709//2479
f 1747//2480 1687//2480 1688//2480
f 1748//2481 1747//2481 1688//2481
f 1691//2482 1748//2482 1688//2482
f 1749//2483 1750//2483 1687//2483
f 1750//2484 1708//2484 1687//2484
f 1747//2485 1749//2485 1687//2485
f 1751//2486 1748//2486 1691//2486
f 1692//2487 1751//2487 1691//2487
f 1752//2487 1751//2487 1692//2487
f 1693//2488 1752//2488 1692//2488
f 1695//2489 1753//2489 1693//2489
f 1754//2488 1752//2488 1693//2488
f 1753//2490 1754//2490 1693//2490
f 1694//2491 1753//2491 1695//2491
f 1755//2492 1745//2492 1746//2492
f 1708//2493 1755//2493 1746//2493
f 1756//2494 1716//2494 1715//2494
f 1719//2495 1756//2495 1715//2495
f 1757//2496 1755//2496 1708//2496
f 1758//2497 1757//2497 1708//2497
f 1750//2498 1758//2498 1708//2498
f 1749//2499 1758//2499 1750//2499
f 1759//2500 1760//2500 1699//2500
f 1745//2501 1759//2501 1699//2501
f 1760//2502 1734//2502 1699//2502
f 1736//2503 1761//2503 1729//2503
f 1761//2504 1728//2504 1729//2504
f 1743//2505 1733//2505 1732//2505
f 1716//2506 1727//2506 1711//2506
f 1740//2507 1762//2507 1713//2507
f 1762//2508 1718//2508 1713//2508
f 1763//2494 1716//2494 1756//2494
f 1719//2509 1763//2509 1756//2509
f 1763//2510 1764//2510 1716//2510
f 1764//2511 1727//2511 1716//2511
f 1765//2512 1764//2512 1763//2512
f 1719//2495 1765//2495 1763//2495
f 1760//2513 1737//2513 1734//2513
f 1718//2514 1766//2514 1694//2514
f 1766//2514 1767//2514 1694//2514
f 1767//2515 1753//2515 1694//2515
f 1747//2516 1768//2516 1749//2516
f 1768//2517 1758//2517 1749//2517
f 1769//2518 1765//2518 1719//2518
f 1770//2519 1769//2519 1719//2519
f 1739//2520 1770//2520 1719//2520
f 1735//2521 1761//2521 1736//2521
f 1762//2522 1766//2522 1718//2522
f 1742//2523 1733//2523 1743//2523
f 1771//2524 1772//2524 1618//2524
f 1772//2525 1773//2525 1618//2525
f 1773//2526 1770//2526 1618//2526
f 1770//2527 1739//2527 1618//2527
f 1701//2528 1771//2528 1618//2528
f 1774//2529 1775//2529 1735//2529
f 1775//2530 1761//2530 1735//2530
f 1737//2531 1774//2531 1735//2531
f 1776//2532 1774//2532 1737//2532
f 1760//2533 1776//2533 1737//2533
f 1741//2534 1777//2534 1742//2534
f 1777//2535 1733//2535 1742//2535
f 1778//2536 1777//2536 1741//2536
f 1779//2537 1778//2537 1741//2537
f 1744//2538 1779//2538 1741//2538
f 1765//2539 1780//2539 1764//2539
f 1780//2540 1727//2540 1764//2540
f 1780//2541 1781//2541 1727//2541
f 1781//2542 1744//2542 1727//2542
f 1773//2543 1769//2543 1770//2543
f 1782//2544 1733//2544 1777//2544
f 1778//2545 1782//2545 1777//2545
f 1776//2546 1775//2546 1774//2546
f 1721//2547 1783//2547 1722//2547
f 1783//2548 1784//2548 1722//2548
f 1784//2548 1785//2548 1722//2548
f 1785//2549 1740//2549 1722//2549
f 1738//2550 1786//2550 1686//2550
f 1786//2551 1726//2551 1686//2551
f 1759//2552 1776//2552 1760//2552
f 1726//2553 1787//2553 1721//2553
f 1787//2554 1788//2554 1721//2554
f 1788//2555 1783//2555 1721//2555
f 1789//2556 1780//2556 1765//2556
f 1790//2557 1789//2557 1765//2557
f 1769//2558 1790//2558 1765//2558
f 1757//2559 1745//2559 1755//2559
f 1779//2560 1791//2560 1778//2560
f 1791//2561 1782//2561 1778//2561
f 1782//2562 1792//2562 1733//2562
f 1792//2563 1738//2563 1733//2563
f 1793//2546 1775//2546 1776//2546
f 1759//2564 1793//2564 1776//2564
f 1781//2565 1794//2565 1744//2565
f 1794//2566 1779//2566 1744//2566
f 1779//2567 1795//2567 1791//2567
f 1795//2568 1782//2568 1791//2568
f 1789//2569 1781//2569 1780//2569
f 1796//2570 1762//2570 1740//2570
f 1797//2571 1796//2571 1740//2571
f 1785//2572 1797//2572 1740//2572
f 1786//2573 1787//2573 1726//2573
f 1751//2574 1798//2574 1748//2574
f 1798//2574 1799//2574 1748//2574
f 1799//2575 1800//2575 1748//2575
f 1800//2576 1747//2576 1748//2576
f 1752//2577 1801//2577 1751//2577
f 1801//2577 1802//2577 1751//2577
f 1802//2574 1798//2574 1751//2574
f 1754//2578 1803//2578 1752//2578
f 1803//2579 1804//2579 1752//2579
f 1804//2580 1801//2580 1752//2580
f 1753//2581 1805//2581 1754//2581
f 1805//2578 1803//2578 1754//2578
f 1767//2582 1806//2582 1753//2582
f 1806//2583 1807//2583 1753//2583
f 1807//2584 1805//2584 1753//2584
f 1747//2585 1808//2585 1768//2585
f 1808//2586 1758//2586 1768//2586
f 1800//2587 1809//2587 1747//2587
f 1809//2588 1808//2588 1747//2588
f 1809//2589 1810//2589 1808//2589
f 1810//2590 1811//2590 1808//2590
f 1811//2591 1812//2591 1808//2591
f 1812//2592 1813//2592 1808//2592
f 1813//2593 1758//2593 1808//2593
f 1814//2594 1788//2594 1787//2594
f 1786//2595 1814//2595 1787//2595
f 1758//2596 1745//2596 1757//2596
f 1813//2597 1815//2597 1758//2597
f 1815//2598 1816//2598 1758//2598
f 1816//2599 1745//2599 1758//2599
f 1772//2600 1769//2600 1773//2600
f 1817//2601 1789//2601 1790//2601
f 1818//2602 1817//2602 1790//2602
f 1769//2558 1818//2558 1790//2558
f 1819//2603 1759//2603 1745//2603
f 1820//2604 1819//2604 1745//2604
f 1816//2605 1821//2605 1745//2605
f 1821//2606 1822//2606 1745//2606
f 1823//2607 1820//2607 1745//2607
f 1824//2608 1823//2608 1745//2608
f 1822//2609 1824//2609 1745//2609
f 1779//2610 1825//2610 1795//2610
f 1825//2611 1826//2611 1795//2611
f 1827//2612 1782//2612 1795//2612
f 1826//2613 1827//2613 1795//2613
f 1828//2614 1766//2614 1762//2614
f 1796//2615 1828//2615 1762//2615
f 1829//2616 1830//2616 1769//2616
f 1830//2617 1831//2617 1769//2617
f 1831//2618 1818//2618 1769//2618
f 1772//2619 1771//2619 1769//2619
f 1771//2620 1832//2620 1769//2620
f 1832//2621 1829//2621 1769//2621
f 1819//2622 1793//2622 1759//2622
f 1833//2623 1806//2623 1767//2623
f 1766//2624 1833//2624 1767//2624
f 1794//2625 1834//2625 1779//2625
f 1834//2626 1825//2626 1779//2626
f 1835//2627 1836//2627 1793//2627
f 1836//2628 1775//2628 1793//2628
f 1819//2629 1835//2629 1793//2629
f 1820//2630 1835//2630 1819//2630
f 1761//2631 1731//2631 1728//2631
f 1800//2632 1810//2632 1809//2632
f 1837//2633 1833//2633 1766//2633
f 1828//2633 1837//2633 1766//2633
f 1827//2634 1838//2634 1782//2634
f 1838//2635 1792//2635 1782//2635
f 1792//2636 1839//2636 1738//2636
f 1839//2637 1786//2637 1738//2637
f 1812//2638 1815//2638 1813//2638
f 1761//2631 1701//2631 1731//2631
f 1831//2639 1817//2639 1818//2639
f 1840//2640 1836//2640 1835//2640
f 1820//2641 1840//2641 1835//2641
f 1839//2642 1841//2642 1786//2642
f 1841//2643 1814//2643 1786//2643
f 1825//2644 1842//2644 1826//2644
f 1842//2645 1827//2645 1826//2645
f 1823//2646 1843//2646 1820//2646
f 1843//2647 1840//2647 1820//2647
f 1843//2648 1844//2648 1840//2648
f 1844//2649 1836//2649 1840//2649
f 1817//2650 1781//2650 1789//2650
f 1825//2651 1845//2651 1842//2651
f 1845//2645 1827//2645 1842//2645
f 1846//2652 1847//2652 1781//2652
f 1847//2653 1848//2653 1781//2653
f 1848//2654 1794//2654 1781//2654
f 1817//2655 1846//2655 1781//2655
f 1831//2656 1849//2656 1817//2656
f 1849//2657 1846//2657 1817//2657
f 1830//2658 1849//2658 1831//2658
f 1850//2 1797//2 1785//2
f 1784//2 1850//2 1785//2
f 1701//2659 1851//2659 1771//2659
f 1851//2660 1852//2660 1771//2660
f 1852//2661 1853//2661 1771//2661
f 1853//2662 1854//2662 1771//2662
f 1854//2663 1832//2663 1771//2663
f 1783//2 1850//2 1784//2
f 1761//2664 1851//2664 1701//2664
f 1855//2665 1845//2665 1825//2665
f 1834//2666 1856//2666 1825//2666
f 1856//2667 1855//2667 1825//2667
f 1857//2 1850//2 1783//2
f 1788//2 1857//2 1783//2
f 1814//2 1857//2 1788//2
f 1858//2668 1851//2668 1761//2668
f 1775//2669 1858//2669 1761//2669
f 1830//2670 1859//2670 1849//2670
f 1859//2671 1846//2671 1849//2671
f 1838//2672 1860//2672 1792//2672
f 1860//2673 1839//2673 1792//2673
f 1854//2674 1861//2674 1832//2674
f 1861//2675 1862//2675 1832//2675
f 1862//2676 1829//2676 1832//2676
f 1848//2677 1863//2677 1794//2677
f 1863//2678 1834//2678 1794//2678
f 1845//2679 1864//2679 1827//2679
f 1864//2680 1838//2680 1827//2680
f 1855//2681 1864//2681 1845//2681
f 1860//2682 1865//2682 1839//2682
f 1865//2683 1841//2683 1839//2683
f 1850//2 1796//2 1797//2
f 1850//2 1828//2 1796//2
f 1841//2 1857//2 1814//2
f 1798//2684 1866//2684 1799//2684
f 1866//2685 1867//2685 1799//2685
f 1867//2686 1800//2686 1799//2686
f 1868//2687 1866//2687 1798//2687
f 1869//2688 1868//2688 1798//2688
f 1802//2689 1869//2689 1798//2689
f 1870//2690 1871//2690 1800//2690
f 1867//2691 1870//2691 1800//2691
f 1871//2691 1872//2691 1800//2691
f 1872//2690 1873//2690 1800//2690
f 1873//2691 1810//2691 1800//2691
f 1801//2692 1869//2692 1802//2692
f 1874//2693 1869//2693 1801//2693
f 1875//2694 1874//2694 1801//2694
f 1876//2695 1875//2695 1801//2695
f 1877//2696 1876//2696 1801//2696
f 1804//2697 1877//2697 1801//2697
f 1878//2698 1877//2698 1804//2698
f 1803//2699 1878//2699 1804//2699
f 1805//2700 1878//2700 1803//2700
f 1807//2701 1879//2701 1805//2701
f 1879//2702 1878//2702 1805//2702
f 1806//2 1879//2 1807//2
f 1873//2690 1880//2690 1810//2690
f 1880//2690 1881//2690 1810//2690
f 1881//2703 1811//2703 1810//2703
f 1811//2704 1815//2704 1812//2705
f 1881//2706 1815//2706 1811//2706
f 1880//2707 1816//2707 1815//2707
f 1881//2708 1880//2708 1815//2708
f 1850//2 1837//2 1828//2
f 1880//2709 1821//2709 1816//2709
f 1880//2710 1822//2710 1821//2710
f 1880//2711 1824//2711 1822//2711
f 1882//2712 1823//2712 1824//2712
f 1880//2713 1882//2713 1824//2713
f 1883//2714 1843//2714 1823//2714
f 1882//2715 1883//2715 1823//2715
f 1833//2 1879//2 1806//2
f 1855//2716 1884//2716 1864//2716
f 1885//2717 1838//2717 1864//2717
f 1884//2718 1885//2718 1864//2718
f 1886//2719 1859//2719 1830//2719
f 1829//2720 1886//2720 1830//2720
f 1887//2721 1888//2721 1829//2721
f 1888//2722 1886//2722 1829//2722
f 1862//2723 1887//2723 1829//2723
f 1889//2724 1856//2724 1834//2724
f 1890//2725 1889//2725 1834//2725
f 1863//2726 1891//2726 1834//2726
f 1891//2727 1890//2727 1834//2727
f 1892//2728 1844//2728 1843//2728
f 1883//2729 1892//2729 1843//2729
f 1893//2730 1894//2730 1886//2730
f 1894//2731 1895//2731 1886//2731
f 1895//2732 1896//2732 1886//2732
f 1896//2733 1859//2733 1886//2733
f 1888//2734 1893//2734 1886//2734
f 1879//2 1833//2 1837//2
f 1850//2 1879//2 1837//2
f 1836//2735 1897//2735 1775//2735
f 1897//2736 1858//2736 1775//2736
f 1865//2 1857//2 1841//2
f 1898//2737 1860//2737 1838//2737
f 1885//2738 1898//2738 1838//2738
f 1899//2739 1900//2739 1855//2739
f 1900//2740 1884//2740 1855//2740
f 1856//2741 1901//2741 1855//2741
f 1901//2742 1899//2742 1855//2742
f 1902//2743 1903//2743 1844//2743
f 1892//2744 1902//2744 1844//2744
f 1903//2745 1836//2745 1844//2745
f 1900//2746 1885//2746 1884//2746
f 1861//2747 1887//2747 1862//2747
f 1861//2748 1904//2748 1887//2748
f 1904//2749 1888//2749 1887//2749
f 1905//2 1857//2 1865//2
f 1860//2750 1905//2750 1865//2750
f 1906//2751 1907//2751 1856//2751
f 1907//2752 1908//2752 1856//2752
f 1908//2753 1901//2753 1856//2753
f 1889//2754 1906//2754 1856//2754
f 1899//2755 1909//2755 1900//2755
f 1909//2756 1885//2756 1900//2756
f 1858//2757 1852//2757 1851//2757
f 1910//2758 1911//2758 1860//2758
f 1911//2750 1905//2750 1860//2750
f 1898//2759 1910//2759 1860//2759
f 1896//2760 1846//2760 1859//2760
f 1896//2761 1912//2761 1846//2761
f 1912//2762 1847//2762 1846//2762
f 1899//2763 1913//2763 1909//2763
f 1914//2764 1885//2764 1909//2764
f 1913//2765 1914//2765 1909//2765
f 1912//2766 1848//2766 1847//2766
f 1912//2766 1863//2766 1848//2766
f 1915//2767 1916//2767 1836//2767
f 1916//2768 1917//2768 1836//2768
f 1917//2769 1897//2769 1836//2769
f 1903//2745 1915//2745 1836//2745
f 1858//2770 1853//2770 1852//2770
f 1918//2771 1898//2771 1885//2771
f 1914//2772 1918//2772 1885//2772
f 1919//2773 1913//2773 1899//2773
f 1901//2774 1920//2774 1899//2774
f 1920//2775 1919//2775 1899//2775
f 1921//2776 1891//2776 1863//2776
f 1912//2777 1921//2777 1863//2777
f 1921//2778 1890//2778 1891//2778
f 1895//2779 1912//2779 1896//2779
f 1919//2780 1922//2780 1913//2780
f 1922//2781 1914//2781 1913//2781
f 1911//2 1857//2 1905//2
f 1910//2 1857//2 1911//2
f 1894//2782 1912//2782 1895//2782
f 1923//2783 1910//2783 1898//2783
f 1918//2784 1923//2784 1898//2784
f 1924//2785 1920//2785 1901//2785
f 1925//2786 1924//2786 1901//2786
f 1908//2787 1926//2787 1901//2787
f 1926//2788 1925//2788 1901//2788
f 1927//2789 1853//2789 1858//2789
f 1897//2790 1927//2790 1858//2790
f 1894//2791 1928//2791 1912//2791
f 1929//2792 1921//2792 1912//2792
f 1928//2793 1929//2793 1912//2793
f 1930//2794 1894//2794 1893//2794
f 1888//2795 1930//2795 1893//2795
f 1931//2796 1932//2796 1930//2796
f 1932//2797 1894//2797 1930//2797
f 1888//2795 1931//2795 1930//2795
f 1932//2798 1933//2798 1894//2798
f 1933//2799 1928//2799 1894//2799
f 1902//2800 1915//2800 1903//2800
f 1934//2801 1889//2801 1890//2801
f 1921//2802 1934//2802 1890//2802
f 1935//2803 1936//2803 1931//2803
f 1936//2804 1932//2804 1931//2804
f 1888//2805 1935//2805 1931//2805
f 1937//2806 1938//2806 1888//2806
f 1938//2807 1935//2807 1888//2807
f 1939//2808 1937//2808 1888//2808
f 1904//2809 1939//2809 1888//2809
f 1940//2810 1941//2810 1914//2810
f 1941//2811 1918//2811 1914//2811
f 1942//2812 1940//2812 1914//2812
f 1922//2813 1942//2813 1914//2813
f 1934//2814 1906//2814 1889//2814
f 1919//2815 1942//2815 1922//2815
f 1919//2816 1943//2816 1942//2816
f 1943//2817 1940//2817 1942//2817
f 1944//2818 1934//2818 1921//2818
f 1929//2819 1944//2819 1921//2819
f 1923//2 1857//2 1910//2
f 1919//2820 1945//2820 1943//2820
f 1945//2821 1946//2821 1943//2821
f 1946//2822 1947//2822 1943//2822
f 1947//2823 1940//2823 1943//2823
f 1861//2824 1939//2824 1904//2824
f 1902//2800 1916//2800 1915//2800
f 1902//2825 1948//2825 1916//2825
f 1948//2826 1949//2826 1916//2826
f 1949//2827 1917//2827 1916//2827
f 1950//2828 1923//2828 1918//2828
f 1951//2828 1950//2828 1918//2828
f 1941//2829 1951//2829 1918//2829
f 1932//2830 1952//2830 1933//2830
f 1952//2831 1928//2831 1933//2831
f 1950//2 1857//2 1923//2
f 1953//2820 1945//2820 1919//2820
f 1920//2832 1954//2832 1919//2832
f 1954//2833 1953//2833 1919//2833
f 1932//2834 1955//2834 1952//2834
f 1956//2835 1928//2835 1952//2835
f 1955//2836 1956//2836 1952//2836
f 1947//2837 1957//2837 1940//2837
f 1957//2838 1941//2838 1940//2838
f 1861//2839 1958//2839 1939//2839
f 1958//2840 1937//2840 1939//2840
f 1951//2 1857//2 1950//2
f 1917//2841 1959//2841 1897//2841
f 1959//2842 1927//2842 1897//2842
f 1957//2843 1961//2843 1941//2843
f 1962//2844 1907//2844 1906//2844
f 1934//2845 1962//2845 1906//2845
f 1963//2846 1929//2846 1928//2846
f 1956//2847 1963//2847 1928//2847
f 1964//2848 1962//2848 1934//2848
f 1944//2849 1964//2849 1934//2849
f 1965//2850 1966//2850 1920//2850
f 1966//2851 1967//2851 1920//2851
f 1967//2852 1954//2852 1920//2852
f 1924//2851 1965//2851 1920//2851
f 1962//2844 1908//2844 1907//2844
f 1962//2853 1926//2853 1908//2853
f 1957//2854 1968//2854 1961//2854
f 1969//2855 1944//2855 1929//2855
f 1963//2856 1969//2856 1929//2856
f 1932//2857 1970//2857 1955//2857
f 1970//2858 1956//2858 1955//2858
f 1957//2859 1971//2859 1968//2859
f 1971//2 1857//2 1968//2
f 1947//2859 1971//2859 1957//2859
f 1946//2860 1972//2860 1947//2860
f 1972//2859 1971//2859 1947//2859
f 1973//2861 1972//2861 1946//2861
f 1945//2862 1973//2862 1946//2862
f 1927//2863 1854//2863 1853//2863
f 1932//2857 1974//2857 1970//2857
f 1975//2864 1956//2864 1970//2864
f 1974//2865 1975//2865 1970//2865
f 1976//2866 1926//2866 1962//2866
f 1977//2867 1976//2867 1962//2867
f 1964//2868 1977//2868 1962//2868
f 1978//2861 1973//2861 1945//2861
f 1953//2862 1978//2862 1945//2862
f 1979//2869 1963//2869 1956//2869
f 1975//2870 1979//2870 1956//2870
f 1976//2871 1925//2871 1926//2871
f 1949//2872 1980//2872 1917//2872
f 1980//2873 1981//2873 1917//2873
f 1981//2874 1959//2874 1917//2874
f 1936//2875 1982//2875 1932//2875
f 1982//2876 1983//2876 1932//2876
f 1983//2877 1984//2877 1932//2877
f 1984//2878 1985//2878 1932//2878
f 1985//2879 1986//2879 1932//2879
f 1986//2880 1987//2880 1932//2880
f 1987//2881 1988//2881 1932//2881
f 1988//2882 1989//2882 1932//2882
f 1989//2883 1990//2883 1932//2883
f 1990//2884 1991//2884 1932//2884
f 1991//2884 1992//2884 1932//2884
f 1992//2885 1993//2885 1932//2885
f 1993//2886 1994//2886 1932//2886
f 1994//2887 1995//2887 1932//2887
f 1995//2888 1996//2888 1932//2888
f 1996//2889 1997//2889 1932//2889
f 1997//2890 1998//2890 1932//2890
f 1998//2891 1999//2891 1932//2891
f 1999//2892 2000//2892 1932//2892
f 2000//2893 2001//2893 1932//2893
f 2001//2893 2002//2893 1932//2893
f 2002//2894 2003//2894 1932//2894
f 2003//2894 1974//2894 1932//2894
f 2004//2895 1964//2895 1944//2895
f 1969//2896 2004//2896 1944//2896
f 1976//2897 1924//2897 1925//2897
f 1927//2898 1861//2898 1854//2898
f 2003//2899 1975//2899 1974//2899
f 2005//2900 1978//2900 1954//2900
f 1967//2901 2006//2901 1954//2901
f 2006//2902 2005//2902 1954//2902
f 1978//2903 1953//2903 1954//2903
f 2007//2904 1969//2904 1963//2904
f 1979//2905 2007//2905 1963//2905
f 1976//2906 1965//2906 1924//2906
f 2002//2907 1975//2907 2003//2907
f 1938//2908 2008//2908 1935//2908
f 2009//2909 1936//2909 1935//2909
f 2008//2910 2009//2910 1935//2910
f 1937//2911 2010//2911 1938//2911
f 2010//2912 2008//2912 1938//2912
f 1958//2913 2011//2913 1937//2913
f 2011//2914 2012//2914 1937//2914
f 2012//2915 2010//2915 1937//2916
f 2013//2917 1979//2917 1975//2917
f 2002//2918 2013//2918 1975//2918
f 2014//2919 1965//2919 1976//2919
f 2015//2920 2014//2920 1976//2920
f 1977//2921 2015//2921 1976//2921
f 2016//2922 1977//2922 1964//2922
f 2004//2923 2016//2923 1964//2923
f 1948//2924 1980//2924 1949//2924
f 2017//2925 2018//2925 1927//2925
f 2018//2926 1861//2926 1927//2926
f 1959//2927 2017//2927 1927//2927
f 2019//2928 2004//2928 1969//2928
f 2007//2929 2019//2929 1969//2929
f 2014//2930 1966//2930 1965//2930
f 2001//2931 2013//2931 2002//2931
f 2020//2932 2021//2932 1980//2932
f 1948//2933 2020//2933 1980//2933
f 2021//2934 1981//2934 1980//2934
f 2010//2935 2022//2935 2008//2935
f 2022//2936 2009//2936 2008//2936
f 2023//2937 2022//2937 2010//2937
f 2024//2937 2023//2937 2010//2937
f 2012//2938 2025//2939 2010//2938
f 2025//2940 2026//2940 2010//2940
f 2026//2941 2027//2941 2010//2941
f 2027//2942 2024//2942 2010//2942
f 2028//2943 2029//2943 2012//2943
f 2011//2944 2028//2944 2012//2944
f 2029//2945 2025//2945 2012//2945
f 2030//2946 2013//2946 2001//2946
f 2000//2947 2030//2947 2001//2947
f 2031//2948 2007//2948 1979//2948
f 2013//2949 2031//2949 1979//2949
f 1861//2950 2011//2950 1958//2950
f 1861//2951 2028//2951 2011//2951
f 2014//2952 1967//2952 1966//2952
f 2009//2953 1982//2953 1936//2953
f 2032//2954 2033//2954 1861//2954
f 2018//2955 2032//2955 1861//2955
f 2033//2956 2034//2956 1861//2956
f 2034//2957 2035//2957 1861//2957
f 2035//2957 2036//2957 1861//2957
f 2036//2958 2028//2958 1861//2958
f 2023//2959 2009//2959 2022//2959
f 2009//2960 1983//2960 1982//2960
f 2036//2961 2029//2961 2028//2961
f 2037//2962 1973//2962 1978//2962
f 2005//2963 2037//2963 1978//2963
f 2024//2959 2009//2959 2023//2959
f 2036//2964 2025//2964 2029//2964
f 1981//2965 2038//2965 1959//2965
f 2038//2966 2017//2966 1959//2966
f 1999//2967 2030//2967 2000//2967
f 2039//2968 2006//2968 1967//2968
f 2014//2969 2039//2969 1967//2969
f 2040//2970 2015//2970 1977//2970
f 2016//2971 2040//2971 1977//2971
f 2041//2972 2016//2972 2004//2972
f 2019//2973 2041//2973 2004//2973
f 2042//2974 2039//2974 2014//2974
f 2015//2975 2042//2975 2014//2975
f 2043//2976 2019//2976 2007//2976
f 2031//2977 2043//2977 2007//2977
f 2044//2978 2030//2978 1999//2978
f 1998//2979 2044//2979 1999//2979
f 2009//2980 2045//2980 1983//2980
f 2045//2981 1984//2981 1983//2981
f 2045//2982 1985//2982 1984//2982
f 2046//2983 2031//2983 2013//2983
f 2030//2984 2046//2984 2013//2984
f 2039//2985 2005//2985 2006//2985
f 2024//2986 2047//2986 2009//2986
f 2047//2987 2045//2987 2009//2987
f 2036//2988 2048//2988 2025//2988
f 2048//2989 2026//2989 2025//2989
f 2049//2990 2047//2990 2024//2990
f 2027//2991 2049//2991 2024//2991
f 1997//2992 2044//2992 1998//2992
f 2050//2993 2047//2993 2049//2993
f 2027//2994 2050//2994 2049//2994
f 2051//2995 2052//2995 2027//2995
f 2052//2996 2050//2996 2027//2996
f 2026//2997 2053//2997 2027//2997
f 2053//2998 2054//2998 2027//2998
f 2054//2999 2051//2999 2027//2999
f 2052//3000 2055//3000 2050//3000
f 2055//3001 2047//3001 2050//3001
f 2039//3002 2037//3002 2005//3002
f 1996//3003 2044//3003 1997//3003
f 2056//3004 2032//3004 2018//3004
f 2017//3005 2056//3005 2018//3005
f 2057//3006 1986//3006 1985//3006
f 2045//3007 2057//3007 1985//3007
f 2048//3008 2053//3008 2026//3008
f 2048//3009 2054//3009 2053//3009
f 2058//3010 2059//3010 1981//3010
f 2059//3011 2060//3011 1981//3011
f 2021//3012 2058//3012 1981//3012
f 2060//3013 2038//3013 1981//3013
f 2061//3014 2044//3014 1996//3014
f 1995//3015 2061//3015 1996//3015
f 2062//3016 2041//3016 2019//3016
f 2043//3017 2062//3017 2019//3017
f 2063//3018 2040//3018 2016//3018
f 2041//3019 2063//3019 2016//3019
f 2064//3020 2043//3020 2031//3020
f 2046//3021 2064//3021 2031//3021
f 2035//3022 2048//3022 2036//3022
f 2055//3023 2065//3023 2047//3023
f 2065//3024 2045//3024 2047//3024
f 2066//3025 2042//3025 2015//3025
f 2040//3026 2066//3026 2015//3026
f 2067//3027 2046//3027 2030//3027
f 2044//3028 2067//3028 2030//3028
f 2068//3029 2048//3029 2035//3029
f 2034//3030 2068//3030 2035//3030
f 2065//3031 2057//3031 2045//3031
f 1994//3032 2061//3032 1995//3032
f 2020//3033 2058//3033 2021//3033
f 2069//3034 1987//3034 1986//3034
f 2057//3035 2069//3035 1986//3035
f 2069//3036 1988//3036 1987//3036
f 2070//3037 2061//3037 1994//3037
f 1993//3038 2070//3038 1994//3038
f 2071//3039 2072//3039 2039//3039
f 2072//3040 2037//3040 2039//3040
f 2042//3041 2073//3041 2039//3041
f 2073//3042 2074//3042 2039//3042
f 2074//3043 2071//3043 2039//3043
f 2075//3004 2032//3004 2056//3004
f 2017//3044 2075//3044 2056//3044
f 2076//3045 2055//3045 2052//3045
f 2051//3046 2076//3046 2052//3046
f 1992//3038 2070//3038 1993//3038
f 2069//3047 2077//3047 1988//3047
f 2077//3048 1989//3048 1988//3048
f 2078//3049 2051//3049 2054//3049
f 2048//3050 2078//3050 2054//3050
f 2077//3051 1990//3051 1989//3051
f 2072//3052 1973//3052 2037//3052
f 2079//3053 2070//3053 1992//3053
f 1991//3054 2079//3054 1992//3054
f 1990//3055 2079//3055 1991//3055
f 2077//3056 2079//3056 1990//3056
f 2020//3057 2059//3057 2058//3057
f 2080//3058 2067//3058 2044//3058
f 2061//3059 2080//3059 2044//3059
f 2065//3060 2081//3060 2057//3060
f 2081//3061 2069//3061 2057//3061
f 2082//3062 2064//3062 2046//3062
f 2067//3063 2082//3063 2046//3063
f 2055//3064 2083//3064 2065//3064
f 2083//3065 2081//3065 2065//3065
f 2084//3066 2062//3066 2043//3066
f 2064//3067 2084//3067 2043//3067
f 2085//3068 2083//3068 2055//3068
f 2076//3069 2085//3069 2055//3069
f 2086//3070 2063//3070 2041//3070
f 2062//3071 2086//3071 2041//3071
f 2072//3072 2087//3072 1973//3072
f 2087//2861 1972//2861 1973//2861
f 2033//3073 2068//3073 2034//3073
f 2020//3074 2088//3074 2059//3074
f 2088//3075 2060//3075 2059//3075
f 2089//3076 2066//3076 2040//3076
f 2063//3077 2089//3077 2040//3077
f 2090//3078 2075//3078 2017//3078
f 2038//3079 2090//3079 2017//3079
f 2091//3080 2092//3080 2048//3080
f 2092//3081 2078//3081 2048//3081
f 2093//3082 2091//3082 2048//3082
f 2068//3083 2093//3083 2048//3083
f 2094//3084 2095//3084 2051//3084
f 2095//3085 2096//3085 2051//3085
f 2096//3086 2097//3086 2051//3086
f 2092//3087 2098//3087 2051//3087
f 2097//3046 2076//3046 2051//3046
f 2098//3088 2094//3088 2051//3088
f 2078//3089 2092//3089 2051//3089
f 2097//3090 2085//3090 2076//3090
f 2070//3091 2080//3091 2061//3091
f 2081//3092 2099//3092 2069//3092
f 2099//3093 2077//3093 2069//3093
f 2066//3094 2100//3094 2042//3094
f 2100//3095 2101//3095 2042//3095
f 2101//3096 2073//3096 2042//3096
f 2032//3073 2068//3073 2033//3073
f 2091//3097 2098//3097 2092//3097
f 2096//3090 2085//3090 2097//3090
f 2080//3098 2102//3098 2067//3098
f 2102//3099 2082//3099 2067//3099
f 2071//3100 2103//3100 2072//3100
f 2103//3101 2087//3101 2072//3101
f 2079//3102 2104//3102 2070//3102
f 2104//3103 2105//3103 2070//3103
f 2105//3104 2080//3104 2070//3104
f 2099//3105 2106//3105 2077//3105
f 2106//3106 2079//3106 2077//3106
f 2074//3107 2103//3107 2071//3107
f 2073//3108 2103//3108 2074//3108
f 2106//3109 2104//3109 2079//3109
f 2082//3110 2084//3110 2064//3110
f 2107//3111 2108//3111 2032//3111
f 2075//3112 2109//3112 2032//3112
f 2109//3113 2107//3113 2032//3113
f 2110//3114 2068//3114 2032//3114
f 2108//3115 2110//3115 2032//3115
f 2111//3116 2081//3116 2083//3116
f 2085//3117 2111//3117 2083//3117
f 2112//3118 2094//3118 2098//3118
f 2113//3119 2112//3119 2098//3119
f 2091//3120 2113//3120 2098//3120
f 2114//3121 2086//3121 2062//3121
f 2084//3122 2114//3122 2062//3122
f 2096//3123 2115//3123 2085//3123
f 2115//3124 2111//3124 2085//3124
f 2095//3125 2115//3125 2096//3125
f 2060//3126 2116//3126 2038//3126
f 2116//3127 2090//3127 2038//3127
f 2105//3128 2102//3128 2080//3128
f 2086//3129 2117//3129 2063//3129
f 2118//3130 2089//3130 2063//3130
f 2117//3131 2118//3131 2063//3131
f 2119//3132 2120//3132 2066//3132
f 2120//3133 2100//3133 2066//3133
f 2089//3134 2121//3134 2066//3134
f 2121//3135 2122//3135 2066//3135
f 2122//3132 2119//3132 2066//3132
f 2101//3136 2103//3136 2073//3136
f 2123//3137 2084//3137 2082//3137
f 2124//3138 2123//3138 2082//3138
f 2102//3139 2124//3139 2082//3139
f 2125//3140 2099//3140 2081//3140
f 2111//3141 2125//3141 2081//3141
f 2110//3142 2126//3142 2068//3142
f 2126//3143 2127//3143 2068//3143
f 2127//3144 2093//3144 2068//3144
f 2100//3145 2103//3145 2101//3145
f 2093//3146 2113//3146 2091//3146
f 2128//3147 2115//3147 2095//3147
f 2094//3148 2128//3148 2095//3148
f 2123//3149 2114//3149 2084//3149
f 2107//3150 2129//3150 2108//3150
f 2129//3151 2110//3151 2108//3151
f 2115//3152 2130//3152 2111//3152
f 2130//3153 2125//3153 2111//3153
f 2131//3154 2124//3154 2102//3154
f 2105//3155 2131//3155 2102//3155
f 2132//3156 2106//3156 2099//3156
f 2125//3157 2132//3157 2099//3157
f 2114//3158 2133//3158 2086//3158
f 2133//3159 2134//3159 2086//3159
f 2134//3160 2117//3160 2086//3160
f 2135//3161 2115//3161 2128//3161
f 2136//3162 2135//3162 2128//3162
f 2094//3163 2136//3163 2128//3163
f 2137//3164 2138//3164 2094//3164
f 2138//3165 2136//3165 2094//3165
f 2112//3166 2137//3166 2094//3166
f 2107//3167 2139//3167 2129//3167
f 2139//3168 2110//3168 2129//3168
f 2140//3169 2130//3169 2115//3169
f 2135//3170 2140//3170 2115//3170
f 2141//3171 2116//3171 2060//3171
f 2088//3172 2142//3172 2060//3172
f 2142//3173 2141//3173 2060//3173
f 2113//3174 2137//3174 2112//3174
f 2090//3175 2109//3175 2075//3175
f 2143//3176 2138//3176 2137//3176
f 2113//3177 2144//3177 2137//3177
f 2144//3178 2143//3178 2137//3178
f 2145//3179 2103//3179 2100//3179
f 2120//3180 2145//3180 2100//3180
f 2119//3181 2145//3181 2120//3181
f 2146//3182 2131//3182 2105//3182
f 2104//3183 2146//3183 2105//3183
f 2147//3184 2104//3184 2106//3184
f 2132//3185 2147//3185 2106//3185
f 2118//3186 2148//3186 2089//3186
f 2148//3187 2121//3187 2089//3187
f 2139//3188 2126//3188 2110//3188
f 2147//3189 2146//3189 2104//3189
f 2143//3190 2136//3190 2138//3190
f 2130//3191 2149//3191 2125//3191
f 2149//3192 2132//3192 2125//3192
f 2107//3193 2150//3193 2139//3193
f 2151//3194 2126//3194 2139//3194
f 2150//3195 2151//3195 2139//3195
f 2122//3181 2145//3181 2119//3181
f 2152//3196 2142//3196 2088//3196
f 2020//3197 2152//3197 2088//3197
f 2153//3198 2107//3198 2109//3198
f 2090//3175 2153//3175 2109//3175
f 2154//3199 2155//3199 2114//3199
f 2155//3200 2133//3200 2114//3200
f 2156//3200 2154//3200 2114//3200
f 2123//3201 2156//3201 2114//3201
f 2127//3202 2157//3202 2093//3202
f 2157//3203 2158//3203 2093//3203
f 2158//3204 2113//3204 2093//3204
f 2159//3205 2160//3205 2130//3205
f 2160//3206 2161//3206 2130//3206
f 2161//3207 2162//3207 2130//3207
f 2162//3208 2149//3208 2130//3208
f 2140//3209 2159//3209 2130//3209
f 2121//3210 2145//3210 2122//3210
f 2149//3211 2163//3211 2132//3211
f 2163//3212 2147//3212 2132//3212
f 2107//3213 2164//3213 2150//3213
f 2164//3214 2151//3214 2150//3214
f 2165//3215 2144//3215 2113//3215
f 2158//3216 2166//3216 2113//3216
f 2166//3217 2165//3217 2113//3217
f 2167//3218 2168//3218 2142//3218
f 2152//3219 2167//3219 2142//3219
f 2168//3220 2141//3220 2142//3220
f 2126//3221 2169//3221 2127//3221
f 2169//3222 2157//3222 2127//3222
f 2107//3193 2170//3193 2164//3193
f 2170//3223 2151//3223 2164//3223
f 2171//3224 2145//3224 2121//3224
f 2148//3225 2171//3225 2121//3225
f 2172//3226 2156//3226 2123//3226
f 2124//3227 2173//3227 2123//3227
f 2173//3228 2174//3228 2123//3228
f 2174//3226 2172//3226 2123//3226
f 2175//3229 2153//3229 2090//3229
f 2116//3230 2175//3230 2090//3230
f 2176//3231 2163//3231 2149//3231
f 2162//3232 2177//3232 2149//3232
f 2177//3233 2176//3233 2149//3233
f 2151//3234 2178//3234 2126//3234
f 2178//3235 2169//3235 2126//3235
f 2118//3236 2171//3236 2148//3236
f 2117//3237 2171//3237 2118//3237
f 2170//3238 2178//3238 2151//3238
f 2107//3239 2179//3239 2170//3239
f 2179//3240 2178//3240 2170//3240
f 2143//3241 2135//3241 2136//3241
f 2180//3242 2173//3242 2124//3242
f 2181//3243 2180//3243 2124//3243
f 2131//3244 2181//3244 2124//3244
f 2176//3245 2182//3245 2163//3245
f 2182//3246 2183//3246 2163//3246
f 2183//3247 2184//3247 2163//3247
f 2184//3248 2185//3248 2163//3248
f 2185//3249 2147//3249 2163//3249
f 2143//3250 2186//3250 2135//3250
f 2186//3251 2140//3251 2135//3251
f 2144//3252 2186//3252 2143//3252
f 2134//3253 2171//3253 2117//3253
f 2187//3254 2181//3254 2131//3254
f 2146//3255 2188//3255 2131//3255
f 2188//3256 2189//3256 2131//3256
f 2189//3256 2187//3256 2131//3256
f 2190//3257 2191//3257 2147//3257
f 2191//3258 2192//3258 2147//3258
f 2192//3259 2146//3259 2147//3259
f 2185//3257 2190//3257 2147//3257
f 2186//3260 2159//3260 2140//3260
f 2193//3261 2171//3261 2134//3261
f 2133//3262 2193//3262 2134//3262
f 2141//3263 2194//3263 2116//3263
f 2194//3264 2175//3264 2116//3264
f 2195//3265 2166//3265 2158//3265
f 2157//3266 2196//3266 2158//3266
f 2196//3267 2197//3267 2158//3267
f 2197//3268 2195//3268 2158//3268
f 2192//3269 2198//3269 2146//3269
f 2198//3270 2188//3270 2146//3270
f 2107//3271 2199//3271 2179//3271
f 2199//3272 2178//3272 2179//3272
f 2186//3273 2160//3273 2159//3273
f 2165//3274 2186//3274 2144//3274
f 2169//3275 2200//3275 2157//3275
f 2200//3276 2196//3276 2157//3276
f 2166//3277 2186//3277 2165//3277
f 2155//3278 2193//3278 2133//3278
f 2154//3279 2193//3279 2155//3279
f 2167//3218 2201//3218 2168//3218
f 2201//3220 2141//3220 2168//3220
f 2186//3280 2161//3280 2160//3280
f 2186//3281 2202//3281 2161//3281
f 2202//3282 2162//3282 2161//3282
f 2156//3283 2193//3283 2154//3283
f 2178//3284 2203//3284 2169//3284
f 2203//3285 2204//3285 2169//3285
f 2204//3286 2200//3286 2169//3286
f 2202//3287 2177//3287 2162//3287
f 2205//3288 2206//3288 2141//3288
f 2201//3289 2205//3289 2141//3289
f 2206//3290 2194//3290 2141//3290
f 2207//3291 2208//3291 2178//3291
f 2208//3292 2209//3292 2178//3292
f 2209//3292 2203//3292 2178//3292
f 2199//3293 2207//3293 2178//3293
f 2210//3294 2107//3294 2153//3294
f 2211//3295 2210//3295 2153//3295
f 2175//3296 2211//3296 2153//3296
f 2107//3297 2212//3297 2199//3297
f 2212//3298 2207//3298 2199//3298
f 2172//3299 2193//3299 2156//3299
f 2213//3193 2212//3193 2107//3193
f 2210//3193 2213//3193 2107//3193
f 2214//3300 2210//3300 2211//3300
f 2175//3301 2214//3301 2211//3301
f 2215//3302 2193//3302 2172//3302
f 2174//3303 2215//3303 2172//3303
f 2213//3304 2207//3304 2212//3304
f 2216//3305 2176//3305 2177//3305
f 2202//3306 2216//3306 2177//3306
f 2195//3307 2186//3307 2166//3307
f 2216//3308 2182//3308 2176//3308
f 2167//3309 2205//3309 2201//3309
f 2173//3310 2215//3310 2174//3310
f 2217//3311 2186//3311 2195//3311
f 2197//3312 2217//3312 2195//3312
f 2196//3313 2217//3313 2197//3313
f 2216//3314 2183//3314 2182//3314
f 2180//3315 2215//3315 2173//3315
f 2181//3315 2215//3315 2180//3315
f 2216//3316 2184//3316 2183//3316
f 2218//3317 2185//3317 2184//3317
f 2216//3318 2218//3318 2184//3318
f 2219//3319 2210//3319 2214//3319
f 2175//3301 2219//3301 2214//3301
f 2220//3320 2215//3320 2181//3320
f 2187//3321 2220//3321 2181//3321
f 2200//3322 2217//3322 2196//3322
f 2218//3323 2190//3323 2185//3323
f 2204//3324 2217//3324 2200//3324
f 2167//3325 2221//3325 2205//3325
f 2221//3326 2206//3326 2205//3326
f 2218//3327 2191//3327 2190//3327
f 2189//3328 2220//3328 2187//3328
f 2218//3329 2192//3329 2191//3329
f 2188//3330 2220//3330 2189//3330
f 2218//3331 2198//3331 2192//3331
f 2220//3332 2188//3332 2198//3332
f 2218//3333 2220//3333 2198//3333
f 2222//3193 2213//3193 2210//3193
f 2223//3193 2222//3193 2210//3193
f 2224//3334 2223//3334 2210//3334
f 2225//3335 2224//3335 2210//3335
f 2219//3336 2225//3336 2210//3336
f 2226//3337 2217//3337 2204//3337
f 2203//3338 2226//3338 2204//3338
f 2209//3339 2226//3339 2203//3339
f 2208//3339 2226//3339 2209//3339
f 2207//3339 2226//3339 2208//3339
f 2227//3340 2219//3340 2175//3340
f 2194//3341 2227//3341 2175//3341
f 2213//3342 2222//3342 2207//3342
f 2222//3343 2226//3343 2207//3343
f 2206//3344 2228//3344 2194//3344
f 2228//3345 2227//3345 2194//3345
f 2221//3346 2229//3346 2206//3346
f 2229//3347 2230//3347 2206//3347
f 2230//3348 2231//3348 2206//3348
f 2231//3349 2228//3349 2206//3349
f 2232//3350 2229//3350 2221//3350
f 2167//3351 2232//3351 2221//3351
f 2227//3352 2225//3352 2219//3352
f 2233//3353 2230//3353 2229//3353
f 2232//3354 2233//3354 2229//3354
f 2227//3352 2224//3352 2225//3352
f 2234//3355 2235//3355 2227//3355
f 2235//3356 2236//3356 2227//3356
f 2236//3357 2237//3357 2227//3357
f 2237//3358 2224//3358 2227//3358
f 2228//3359 2234//3359 2227//3359
f 2233//3353 2238//3353 2230//3353
f 2238//3360 2231//3360 2230//3360
f 2231//3361 2239//3361 2228//3361
f 2239//3362 2234//3362 2228//3362
f 2240//3363 2241//3363 2231//3363
f 2242//3364 2240//3364 2231//3364
f 2238//3365 2242//3365 2231//3365
f 2241//3366 2239//3366 2231//3366
f 2233//3367 2242//3367 2238//3367
f 2243//3368 2223//3368 2224//3368
f 2237//3369 2244//3369 2224//3369
f 2244//3370 2243//3370 2224//3370
f 2245//3371 2223//3371 2243//3371
f 2246//3372 2245//3372 2243//3372
f 2247//3373 2246//3373 2243//3373
f 2244//3374 2247//3374 2243//3374
f 2248//3375 2222//3375 2223//3375
f 2245//3376 2248//3376 2223//3376
f 2249//3377 2250//3377 2242//3377
f 2233//3378 2249//3378 2242//3378
f 2250//3379 2240//3379 2242//3379
f 2251//3239 2222//3239 2248//3239
f 2245//3380 2251//3380 2248//3380
f 2237//3381 2247//3381 2244//3381
f 2252//3382 2253//3382 2254//3382
f 2253//3382 2255//3382 2254//3382
f 2255//3383 2256//3383 2254//3383
f 2222//1253 2252//1253 2254//1253
f 2256//1253 2222//1253 2254//1253
f 2255//3383 2257//3383 2256//3383
f 2257//3384 2258//3384 2256//3384
f 2258//1253 2222//1253 2256//1253
f 2259//3385 2260//3385 2252//3385
f 2260//3385 2253//3385 2252//3385
f 2222//1253 2259//1253 2252//1253
f 2257//3384 2261//3384 2258//3384
f 2261//3386 2262//3386 2258//3386
f 2262//1253 2222//1253 2258//1253
f 2263//3387 2264//3387 2259//3387
f 2264//3387 2260//3387 2259//3387
f 2222//1253 2263//1253 2259//1253
f 2261//3386 2265//3386 2262//3386
f 2265//3388 2266//3388 2262//3388
f 2266//1253 2222//1253 2262//1253
f 2222//1253 2267//1253 2263//1253
f 2267//3389 2264//3389 2263//3389
f 2222//1253 2268//1253 2267//1253
f 2268//3390 2269//3390 2267//3390
f 2269//3391 2270//3391 2267//3391
f 2270//3389 2264//3389 2267//3389
f 2271//12 2272//12 2268//12
f 2245//12 2271//12 2268//12
f 2222//1253 2245//1253 2268//1253
f 2272//3392 2273//3392 2268//3392
f 2273//3393 2274//3393 2268//3393
f 2274//3394 2269//3394 2268//3394
f 2246//12 2271//12 2245//12
f 2222//1253 2251//1253 2245//1253
f 2275//2 1850//2 1857//2
f 1971//1253 2276//1253 1857//1253
f 2276//3395 2275//3395 1857//3395
f 1971//1253 2277//1253 2276//1253
f 2277//3396 2278//3396 2276//3396
f 2278//3395 2275//3395 2276//3395
f 2265//3388 2279//3388 2266//3388
f 2280//1253 1971//1253 2266//1253
f 1971//1253 2222//1253 2266//1253
f 2279//3397 2281//3397 2266//3397
f 2281//3397 2280//3397 2266//3397
f 1971//1253 2282//1253 2277//1253
f 2282//3398 2283//3398 2277//3398
f 2283//3399 2278//3399 2277//3399
f 2282//1253 1971//1253 2280//1253
f 2281//3400 2284//3400 2280//3400
f 2284//3401 2282//3401 2280//3401
f 2284//3398 2283//3398 2282//3398
f 1972//1253 2222//1253 1971//1253
f 2087//1253 2222//1253 1972//1253
f 2103//1253 2222//1253 2087//1253
f 2103//1253 2226//1253 2222//1253
f 2145//1253 2226//1253 2103//1253
f 2171//1253 2193//1253 2226//1253
f 2145//1253 2171//1253 2226//1253
f 2193//1253 2217//1253 2226//1253
f 2193//1253 2186//1253 2217//1253
f 2193//1253 2202//1253 2186//1253
f 2215//1253 2220//1253 2193//1253
f 2220//1253 2218//1253 2193//1253
f 2218//1253 2216//1253 2193//1253
f 2216//1253 2202//1253 2193//1253
f 2236//3402 2285//3402 2237//3402
f 2285//3403 2247//3403 2237//3403
f 2286//3404 2246//3404 2247//3404
f 2286//12 2287//12 2246//12
f 2287//12 2271//12 2246//12
f 2288//3404 2286//3404 2247//3404
f 2285//3405 2288//3405 2247//3405
f 2235//3406 2285//3406 2236//3406
f 2234//3407 2285//3407 2235//3407
f 2239//3408 2289//3408 2234//3408
f 2290//3409 2285//3409 2234//3409
f 2289//3410 2290//3410 2234//3410
f 2290//3411 2288//3411 2285//3411
f 2290//4 2289//4 2288//4
f 2289//4 2291//4 2288//4
f 2291//4 2292//4 2288//4
f 2292//4 2286//4 2288//4
f 2293//4 2294//4 2286//4
f 2292//4 2295//4 2286//4
f 2295//4 2293//4 2286//4
f 2294//12 2296//12 2286//12
f 2296//12 2297//12 2286//12
f 2297//12 2287//12 2286//12
f 2241//3412 2289//3412 2239//3412
f 2240//3413 2289//3413 2241//3413
f 2291//3414 2289//3414 2240//3414
f 2250//3415 2291//3415 2240//3415
f 2250//3416 2292//3416 2291//3416
f 2249//3417 2298//3417 2250//3417
f 2298//3418 2292//3418 2250//3418
f 2299//4 2295//4 2292//4
f 2298//3418 2299//3418 2292//3418
f 2261//1253 2257//1253 1850//1253
f 2257//1253 2300//1253 1850//1253
f 2275//1253 2279//1253 1850//1253
f 2279//1253 2265//1253 1850//1253
f 2265//1253 2261//1253 1850//1253
f 19//2 1879//2 1850//2
f 2300//12 27//12 1850//12
f 27//12 18//12 1850//12
f 18//12 17//12 1850//12
f 17//12 19//12 1850//12
f 2253//1253 2260//1253 2300//1253
f 2260//1253 2264//1253 2300//1253
f 2264//1253 2270//1253 2300//1253
f 2270//1253 2269//1253 2300//1253
f 2257//1253 2255//1253 2300//1253
f 2255//1253 2253//1253 2300//1253
f 322//12 321//12 2300//12
f 321//12 27//12 2300//12
f 323//12 322//12 2300//12
f 2301//12 323//12 2300//12
f 2274//3419 2302//3419 2300//3419
f 2269//3420 2274//3420 2300//3420
f 2303//3421 2301//3421 2300//3421
f 2302//3422 2303//3422 2300//3422
f 2278//1253 2279//1253 2275//1253
f 2283//1253 2279//1253 2278//1253
f 2283//1253 2281//1253 2279//1253
f 2284//1253 2281//1253 2283//1253
f 2304//3423 2303//3423 2302//3423
f 2274//3424 2305//3424 2302//3424
f 2305//3425 2304//3425 2302//3425
f 2273//3426 2306//3426 2274//3426
f 2306//3427 2305//3427 2274//3427
f 2272//3428 2306//3428 2273//3428
f 2271//3429 2306//3429 2272//3429
f 2307//3430 2304//3430 2305//3430
f 2306//3431 2307//3431 2305//3431
f 2287//3432 2308//3432 2271//3432
f 2308//3433 2309//3433 2271//3433
f 2309//3434 2306//3434 2271//3434
f 2310//3435 2307//3435 2306//3435
f 2309//3436 2310//3436 2306//3436
f 2311//3437 2310//3437 2309//3437
f 2308//3438 2311//3438 2309//3438
f 2297//3439 2312//3439 2287//3439
f 2315//2 2316//2 2312//2
f 2297//2 2315//2 2312//2
f 2316//3440 2314//3440 2312//3440
f 2317//2 2315//2 2297//2
f 2318//2 2317//2 2297//2
f 2296//2 2318//2 2297//2
f 2319//1132 18//1132 2320//1132
f 18//1132 27//1132 2320//1132
f 27//1133 2321//1133 2320//1133
f 2322//12 2319//12 2320//12
f 2321//12 2322//12 2320//12
f 321//1133 2321//1133 27//1133
f 2323//1135 17//1135 2319//1135
f 17//1135 18//1135 2319//1135
f 2322//12 2323//12 2319//12
f 321//1136 2324//1136 2321//1136
f 2324//12 2322//12 2321//12
f 322//1136 2324//1136 321//1136
f 2325//1137 21//1137 2323//1137
f 21//1137 17//1137 2323//1137
f 2322//12 2325//12 2323//12
f 322//1138 2326//1138 2324//1138
f 2326//12 2322//12 2324//12
f 21//12 19//12 17//12
f 323//1138 2326//1138 322//1138
f 2327//1149 20//1149 2325//1149
f 20//1149 21//1149 2325//1149
f 2322//12 2327//12 2325//12
f 2326//12 2328//12 2322//12
f 2329//12 2327//12 2322//12
f 2328//12 2330//12 2322//12
f 2330//12 2331//12 2322//12
f 2331//12 2329//12 2322//12
f 323//1150 2328//1150 2326//1150
f 20//12 19//12 21//12
f 2301//12 929//12 323//12
f 929//1150 2328//1150 323//1150
f 2329//1151 934//1151 2327//1151
f 934//1151 20//1151 2327//1151
f 929//1152 2330//1152 2328//1152
f 2301//12 935//12 929//12
f 935//1152 2330//1152 929//1152
f 2331//1153 936//1153 2329//1153
f 936//1153 934//1153 2329//1153
f 935//1154 2331//1154 2330//1154
f 936//12 2332//12 934//12
f 2332//12 19//12 934//12
f 2301//12 936//12 935//12
f 936//1154 2331//1154 935//1154
f 2301//12 2333//12 936//12
f 2334//12 2332//12 936//12
f 2335//12 2334//12 936//12
f 2333//12 2335//12 936//12
f 2336//2 2318//2 2296//2
f 2337//3441 2336//3441 2296//3441
f 2294//3441 2337//3441 2296//3441
f 2293//4 2338//4 2294//4
f 2339//4 2337//4 2294//4
f 2340//4 2339//4 2294//4
f 2338//4 2340//4 2294//4
f 1873//2690 2341//2690 1880//2690
f 2341//3442 2342//3442 1880//3442
f 2342//3443 1882//3443 1880//3443
f 2342//3444 2343//3444 1882//3444
f 2343//3444 1883//3444 1882//3444
f 2343//3445 2344//3445 1883//3445
f 2344//3446 1892//3446 1883//3446
f 2344//3447 2345//3447 1892//3447
f 2345//3448 1902//3448 1892//3448
f 2345//3449 2346//3449 1902//3449
f 2346//3449 1948//3449 1902//3449
f 2346//3450 2347//3450 1948//3450
f 2347//3451 2020//3451 1948//3451
f 2347//3452 2348//3452 2020//3452
f 2348//3453 2152//3453 2020//3453
f 2348//3454 2349//3454 2152//3454
f 2349//3455 2167//3455 2152//3455
f 2349//3456 2350//3456 2167//3456
f 2350//3457 2232//3457 2167//3457
f 2350//3458 2351//3458 2232//3458
f 2351//3458 2233//3458 2232//3458
f 2351//3459 2352//3459 2233//3459
f 2352//3460 2249//3460 2233//3460
f 2352//3461 2353//3461 2249//3461
f 2353//3462 2298//3462 2249//3462
f 2354//3463 2299//3463 2298//3463
f 2353//3464 2354//3464 2298//3464
f 2354//3465 2295//3465 2299//3465
f 1873//3466 2355//3466 2341//3466
f 2355//3467 2342//3467 2341//3467
f 1873//3468 2342//3468 2355//3468
f 2356//3469 2342//3469 1873//3469
f 1872//3470 2356//3470 1873//3470
f 2357//3471 2343//3471 2342//3471
f 2356//3472 2357//3472 2342//3472
f 2358//3473 2344//3473 2343//3473
f 2357//3474 2358//3474 2343//3474
f 2359//3475 2345//3475 2344//3475
f 2360//3476 2359//3476 2344//3476
f 2358//3473 2360//3473 2344//3473
f 2361//3477 2346//3477 2345//3477
f 2359//3477 2361//3477 2345//3477
f 2362//3478 2347//3478 2346//3478
f 2363//3479 2362//3479 2346//3479
f 2361//3480 2363//3480 2346//3480
f 2364//3481 2348//3481 2347//3481
f 2362//3482 2364//3482 2347//3482
f 2365//3483 2349//3483 2348//3483
f 2366//3484 2365//3484 2348//3484
f 2364//3485 2366//3485 2348//3485
f 2367//3486 2350//3486 2349//3486
f 2365//3486 2367//3486 2349//3486
f 2368//3487 2351//3487 2350//3487
f 2369//3487 2368//3487 2350//3487
f 2367//3488 2369//3488 2350//3488
f 2370//3489 2352//3489 2351//3489
f 2368//3490 2370//3490 2351//3490
f 2371//3491 2353//3491 2352//3491
f 2370//3489 2371//3489 2352//3489
f 2371//3492 2372//3492 2353//3492
f 2372//3493 2354//3493 2353//3493
f 2373//3494 2295//3494 2354//3494
f 2374//3495 2373//3495 2354//3495
f 2375//3496 2376//3496 2354//3496
f 2372//3497 2375//3497 2354//3497
f 2377//3498 2378//3498 2354//3498
f 2376//3499 2377//3499 2354//3499
f 2379//3500 2374//3500 2354//3500
f 2378//3501 2379//3501 2354//3501
f 1871//3502 2380//3502 1872//3502
f 2380//3503 2381//3503 1872//3503
f 2381//3504 2356//3504 1872//3504
f 2381//3505 2357//3505 2356//3505
f 2382//3506 2358//3506 2357//3506
f 2381//3507 2382//3507 2357//3507
f 2382//3506 2360//3506 2358//3506
f 2383//3508 2359//3508 2360//3508
f 2382//3509 2383//3509 2360//3509
f 2384//3510 2361//3510 2359//3510
f 2383//3511 2384//3511 2359//3511
f 2384//3510 2363//3510 2361//3510
f 2385//3512 2362//3512 2363//3512
f 2384//3513 2385//3513 2363//3513
f 2386//3514 2364//3514 2362//3514
f 2385//3515 2386//3515 2362//3515
f 2386//3514 2366//3514 2364//3514
f 2387//3516 2365//3516 2366//3516
f 2386//3517 2387//3517 2366//3517
f 2388//3518 2367//3518 2365//3518
f 2387//3519 2388//3519 2365//3519
f 2388//3518 2369//3518 2367//3518
f 2333//3520 2301//3520 2369//3520
f 2389//3521 2333//3521 2369//3521
f 2388//3522 2389//3522 2369//3522
f 2301//3523 2303//3523 2369//3523
f 2303//3524 2304//3524 2369//3524
f 2304//3525 2368//3525 2369//3525
f 2304//3526 2307//3526 2368//3526
f 2307//3527 2310//3527 2368//3527
f 2310//3528 2370//3528 2368//3528
f 2310//3529 2311//3529 2370//3529
f 2311//3530 2314//3530 2370//3530
f 2315//3531 2371//3531 2370//3531
f 2316//3532 2315//3532 2370//3532
f 2314//3533 2316//3533 2370//3533
f 2317//3534 2372//3534 2371//3534
f 2315//3535 2317//3535 2371//3535
f 2317//3536 2375//3536 2372//3536
f 2390//2 2391//2 2336//2
f 2391//2 2318//2 2336//2
f 2392//3537 2390//3537 2336//3537
f 2337//3538 2392//3538 2336//3538
f 2339//4 2392//4 2337//4
f 2317//3539 2376//3539 2375//3539
f 2317//3540 2377//3540 2376//3540
f 2393//3541 2378//3541 2377//3541
f 2317//3542 2393//3542 2377//3542
f 1870//3543 2380//3543 1871//3543
f 1867//3544 2380//3544 1870//3544
f 2373//3545 2293//3545 2295//3545
f 2394//3546 2338//3546 2293//3546
f 2373//3547 2394//3547 2293//3547
f 2339//3548 2391//3548 2390//3548
f 2392//3548 2339//3548 2390//3548
f 2393//3549 2395//3549 2378//3549
f 2395//3550 2379//3550 2378//3550
f 2395//3551 2374//3551 2379//3551
f 2374//3552 2396//3552 2373//3552
f 2397//3553 2394//3553 2373//3553
f 2396//3554 2397//3554 2373//3554
f 2398//3555 2380//3555 1867//3555
f 1866//3556 2398//3556 1867//3556
f 2395//3557 2396//3557 2374//3557
f 1868//3558 2398//3558 1866//3558
f 2318//2 2393//2 2317//2
f 2389//3559 2335//3559 2333//3559
f 1869//3560 2398//3560 1868//3560
f 2340//3561 2318//3561 2391//3561
f 2339//3561 2340//3561 2391//3561
f 1874//3562 2398//3562 1869//3562
f 1875//3563 2398//3563 1874//3563
f 2399//3564 2380//3564 2398//3564
f 2400//3565 2399//3565 2398//3565
f 1875//3566 2400//3566 2398//3566
f 2401//3567 2381//3567 2380//3567
f 2399//3568 2401//3568 2380//3568
f 2402//3569 2382//3569 2381//3569
f 2401//3570 2402//3570 2381//3570
f 2403//3571 2383//3571 2382//3571
f 2402//3572 2403//3572 2382//3572
f 2404//3573 2384//3573 2383//3573
f 2403//3574 2404//3574 2383//3574
f 2405//3575 2385//3575 2384//3575
f 2404//3576 2405//3576 2384//3576
f 2406//3577 2386//3577 2385//3577
f 2405//3578 2406//3578 2385//3578
f 2407//3579 2387//3579 2386//3579
f 2406//3579 2407//3579 2386//3579
f 2408//3580 2388//3580 2387//3580
f 2407//3580 2408//3580 2387//3580
f 2409//3581 2389//3581 2388//3581
f 2408//3582 2409//3582 2388//3582
f 2409//3583 2335//3583 2389//3583
f 2409//3584 2334//3584 2335//3584
f 2410//3585 2400//3585 1875//3585
f 2411//3586 2410//3586 1875//3586
f 1876//3587 2411//3587 1875//3587
f 2412//3588 2332//3588 2334//3588
f 2409//3589 2412//3589 2334//3589
f 2413//3590 2399//3590 2400//3590
f 2410//3590 2413//3590 2400//3590
f 2414//3591 2401//3591 2399//3591
f 2413//3592 2414//3592 2399//3592
f 2415//3593 2402//3593 2401//3593
f 2414//3594 2415//3594 2401//3594
f 2416//3595 2403//3595 2402//3595
f 2415//3595 2416//3595 2402//3595
f 2417//3596 2404//3596 2403//3596
f 2416//3597 2417//3597 2403//3597
f 2418//3598 2405//3598 2404//3598
f 2417//3598 2418//3598 2404//3598
f 2419//3599 2406//3599 2405//3599
f 2418//3600 2419//3600 2405//3600
f 2420//3601 2407//3601 2406//3601
f 2419//3602 2420//3602 2406//3602
f 2421//3603 2408//3603 2407//3603
f 2420//3603 2421//3603 2407//3603
f 2422//3604 2409//3604 2408//3604
f 2421//3605 2422//3605 2408//3605
f 2422//3606 2412//3606 2409//3606
f 2422//3607 2332//3607 2412//3607
f 1876//3608 2410//3608 2411//3608
f 1877//1253 2410//1253 1876//1253
f 1878//1253 1879//1253 1877//1253
f 1879//1253 2410//1253 1877//1253
f 1879//1253 2413//1253 2410//1253
f 19//1253 2413//1253 1879//1253
f 19//1253 2414//1253 2413//1253
f 19//1253 2415//1253 2414//1253
f 19//1253 2416//1253 2415//1253
f 19//1253 2417//1253 2416//1253
f 19//1253 2418//1253 2417//1253
f 19//1253 2419//1253 2418//1253
f 19//1253 2420//1253 2419//1253
f 19//1253 2421//1253 2420//1253
f 19//1253 2422//1253 2421//1253
f 19//1253 2332//1253 2422//1253
f 2318//1253 2395//1253 2393//1253
f 2318//1253 2396//1253 2395//1253
f 2318//1253 2397//1253 2396//1253
f 2318//1253 2394//1253 2397//1253
f 2318//1253 2338//1253 2394//1253
f 2318//1253 2340//1253 2338//1253
