# Blender 4.5.0
# www.blender.org
mtllib rl_dg_5_3.mtl
o rl_dg_5_3_c
v 0.000000 0.011200 0.044327
v 0.000016 0.011200 0.044300
v -0.000005 0.011200 0.044300
v -0.000582 0.011200 0.044296
v -0.000573 0.011200 0.044227
v 0.000572 0.011200 0.044221
v -0.001698 0.011200 0.043995
v -0.001380 0.011200 0.044124
v 0.001702 0.011200 0.044007
v 0.001520 0.011200 0.044086
v 0.000582 0.011200 0.044296
v -0.001719 0.011200 0.044052
v 0.001719 0.011200 0.044052
v -0.002708 0.011200 0.043587
v -0.002762 0.011200 0.043546
v 0.002765 0.011200 0.043549
v 0.002781 0.011200 0.043576
v -0.002781 0.011200 0.043576
v 0.002802 0.011200 0.043533
v 0.004787 0.011200 0.041508
v 0.005001 0.011200 0.040980
v 0.003685 0.011200 0.042848
v 0.003889 0.011200 0.042689
v 0.004432 0.011200 0.041975
v -0.003683 0.011200 0.042846
v 0.003719 0.011200 0.042888
v -0.003889 0.011200 0.042689
v -0.003719 0.011200 0.042888
v -0.004438 0.011200 0.041979
v -0.004492 0.011200 0.042019
v 0.004492 0.011200 0.042019
v -0.004742 0.011200 0.041587
v -0.005001 0.011200 0.040980
v -0.005067 0.011200 0.041008
v -0.004806 0.011200 0.041529
v 0.004806 0.011200 0.041529
v -0.005123 0.011200 0.036798
v -0.005317 0.011200 0.037602
v -0.005472 0.011200 0.038241
v -0.005497 0.011200 0.038740
v 0.005324 0.011200 0.040180
v -0.004400 0.011200 0.035500
v -0.004963 0.011200 0.036511
v -0.005500 0.011200 0.038800
v -0.005349 0.011200 0.039887
v -0.005291 0.011200 0.040301
v 0.005067 0.011200 0.041008
v -0.005271 0.011200 0.040460
v -0.005416 0.011200 0.039898
v 0.005361 0.011200 0.039889
v 0.005416 0.011200 0.039898
v 0.005500 0.011200 0.038800
v -0.005526 0.011200 0.038740
v 0.005492 0.011200 0.038741
v 0.005526 0.011200 0.038740
v -0.004103 0.011200 0.034932
v 0.005336 0.011200 0.037594
v 0.005391 0.011200 0.037585
v -0.005391 0.011200 0.037585
v -0.005488 0.011200 0.038150
v 0.005299 0.011200 0.037328
v 0.004949 0.011200 0.036513
v 0.005017 0.011200 0.036483
v -0.005017 0.011200 0.036483
v 0.004713 0.011200 0.035964
v 0.004400 0.011200 0.035500
v 0.004737 0.011200 0.035953
v -0.004421 0.011197 0.035484
v 0.004103 0.011200 0.034932
v 0.004421 0.011200 0.035484
v 0.004000 0.011200 0.034300
v -0.004000 0.011200 0.034300
v -0.004319 0.011174 0.034860
v 0.004319 0.011174 0.034860
v 0.004228 0.011174 0.034300
v -0.004000 0.011200 0.031676
v -0.004228 0.011174 0.034300
v 0.004000 0.011200 0.031676
v 0.004228 0.011174 0.031676
v 0.004198 0.011200 0.030808
v -0.004139 0.011200 0.031088
v 0.004135 0.011200 0.031086
v -0.004228 0.011174 0.031676
v 0.004310 0.011174 0.031145
v -0.004212 0.011200 0.030780
v -0.004547 0.011174 0.030663
v -0.004310 0.011174 0.031145
v -0.006000 0.011200 0.029274
v -0.005375 0.011200 0.029663
v -0.004778 0.011200 0.030093
v -0.004393 0.011200 0.030560
v -0.006000 0.011200 0.020400
v 0.004397 0.011200 0.030563
v 0.004778 0.011200 0.030093
v 0.004917 0.011174 0.030274
v 0.004547 0.011174 0.030663
v -0.004917 0.011174 0.030274
v 0.005375 0.011200 0.029663
v -0.006114 0.011174 0.029471
v 0.006000 0.011200 0.029274
v 0.006000 0.011200 0.020400
v -0.006664 0.011136 0.029016
v 0.006670 0.011135 0.029014
v 0.006114 0.011174 0.029471
v 0.006414 0.011200 0.007700
v -0.006198 0.011200 0.020394
v 0.006733 0.011200 0.007752
v 0.007019 0.011200 0.007904
v -0.006903 0.011082 0.020400
v 0.006692 0.011200 0.020332
v 0.006903 0.011082 0.020400
v -0.006414 0.011200 0.007700
v -0.006868 0.011200 0.020294
v 0.006939 0.011200 0.020262
v -0.006936 0.011200 0.020271
v -0.007576 0.011200 0.020061
v -0.008007 0.010568 0.020400
v -0.006922 0.011073 0.020400
v 0.007396 0.011200 0.020132
v 0.006922 0.011073 0.020400
v 0.008254 0.011200 0.019737
v 0.008007 0.010568 0.020400
v -0.008453 0.011200 0.019622
v 0.008450 0.011200 0.019627
v 0.008500 0.011200 0.019599
v -0.008500 0.011200 0.011230
v -0.008500 0.011200 0.019599
v -0.008839 0.011140 0.019440
v -0.008832 0.011143 0.019441
v 0.008500 0.011200 0.011230
v 0.008794 0.011156 0.019456
v 0.008012 0.010563 0.020400
v -0.008426 0.011200 0.010691
v -0.008835 0.011123 0.011230
v 0.008426 0.011200 0.010691
v 0.007938 0.011200 0.009366
v 0.008842 0.011121 0.011230
v -0.007938 0.011200 0.009366
v -0.008846 0.011100 0.010573
v 0.008332 0.011100 0.009183
v 0.008846 0.011100 0.010573
v -0.007242 0.011200 0.008139
v -0.008332 0.011100 0.009183
v 0.007242 0.011200 0.008139
v 0.007602 0.011100 0.007894
v -0.007019 0.011200 0.007904
v -0.007602 0.011100 0.007894
v -0.007283 0.011100 0.007557
v -0.006733 0.011200 0.007752
v -0.006872 0.011100 0.007339
v 0.007283 0.011100 0.007557
v -0.006414 0.011100 0.007264
v 0.006872 0.011100 0.007339
v 0.006414 0.011100 0.007264
v -0.000624 0.011105 0.044692
v -0.001843 0.011105 0.044431
v 0.000624 0.011105 0.044692
v -0.002981 0.011105 0.043921
v 0.001843 0.011105 0.044431
v -0.003987 0.011105 0.043183
v 0.002981 0.011105 0.043921
v -0.004816 0.011105 0.042252
v 0.003987 0.011105 0.043183
v 0.004816 0.011105 0.042252
v -0.005432 0.011105 0.041167
v -0.005807 0.011105 0.039977
v 0.005432 0.011105 0.041167
v -0.005925 0.011105 0.038736
v 0.005807 0.011105 0.039977
v -0.005780 0.011105 0.037497
v 0.005925 0.011105 0.038736
v -0.005379 0.011105 0.036316
v 0.005780 0.011105 0.037497
v -0.004582 0.011174 0.035363
v 0.005379 0.011105 0.036316
v 0.004740 0.011105 0.035245
v 0.004579 0.011153 0.035366
v -0.004732 0.011083 0.035251
v -0.004491 0.011047 0.034300
v -0.004692 0.010984 0.034736
v 0.004692 0.010984 0.034736
v 0.004491 0.011047 0.034300
v 0.004491 0.011047 0.031676
v -0.004491 0.011047 0.031676
v -0.004684 0.010984 0.031263
v -0.004869 0.010984 0.030887
v 0.004684 0.010984 0.031263
v -0.005157 0.010984 0.030584
v 0.004869 0.010984 0.030887
v -0.006179 0.011110 0.029584
v 0.006179 0.011110 0.029584
v 0.005157 0.010984 0.030584
v -0.006919 0.011061 0.028927
v 0.007065 0.010973 0.029227
v 0.006919 0.011061 0.028927
v 0.008843 0.011131 0.019443
v 0.008863 0.009712 0.020400
v -0.009082 0.011013 0.019375
v 0.009089 0.011008 0.019374
v -0.008936 0.011100 0.011230
v 0.008936 0.011100 0.011230
v -0.006310 0.010984 0.029811
v -0.007065 0.010973 0.029227
v 0.006310 0.010984 0.029811
v -0.000661 0.010830 0.045042
v -0.001952 0.010830 0.044765
v 0.000661 0.010830 0.045042
v -0.003158 0.010830 0.044224
v 0.001952 0.010830 0.044765
v -0.004223 0.010830 0.043443
v 0.003158 0.010830 0.044224
v -0.005102 0.010830 0.042456
v 0.004223 0.010830 0.043443
v -0.005754 0.010830 0.041307
v 0.005102 0.010830 0.042456
v -0.006151 0.010830 0.040047
v 0.005754 0.010830 0.041307
v -0.006276 0.010830 0.038732
v 0.006151 0.010830 0.040047
v -0.006123 0.010830 0.037420
v 0.006276 0.010830 0.038732
v -0.005698 0.010830 0.036169
v 0.006123 0.010830 0.037420
v -0.004897 0.010984 0.035127
v 0.004884 0.010964 0.035137
v 0.005698 0.010830 0.036169
v -0.009194 0.010901 0.019375
v -0.009191 0.010895 0.011230
v 0.009199 0.010899 0.019374
v 0.009195 0.010892 0.011230
v -0.008648 0.010821 0.009037
v -0.009181 0.010821 0.010479
v 0.009181 0.010821 0.010479
v -0.007890 0.010821 0.007699
v 0.008648 0.010821 0.009037
v -0.007493 0.010821 0.007280
v 0.007890 0.010821 0.007699
v -0.006984 0.010821 0.007009
v 0.007493 0.010821 0.007280
v -0.006414 0.011055 0.007208
v 0.006984 0.010821 0.007009
v 0.006414 0.011055 0.007208
v -0.006937 0.011055 0.028921
v -0.007321 0.010941 0.028788
v -0.007917 0.010628 0.028605
v -0.007846 0.010666 0.028627
v 0.006937 0.011056 0.028921
v 0.007306 0.010947 0.028793
v 0.007866 0.010661 0.028620
v -0.006414 0.010821 0.006916
v 0.006414 0.010821 0.006916
v -0.004621 0.010984 0.034300
v 0.004621 0.010984 0.031676
v 0.004621 0.010984 0.034300
v -0.004621 0.010984 0.031676
v -0.005005 0.010814 0.035046
v -0.004855 0.010691 0.034300
v -0.004956 0.010636 0.034648
v 0.005021 0.010830 0.035034
v 0.004956 0.010636 0.034648
v 0.004855 0.010691 0.034300
v 0.004855 0.010691 0.031676
v -0.004855 0.010691 0.031676
v -0.005098 0.010636 0.031047
v -0.004951 0.010636 0.031346
v 0.004951 0.010636 0.031346
v -0.005328 0.010636 0.030805
v 0.005098 0.010636 0.031047
v -0.006346 0.010895 0.029873
v 0.006346 0.010895 0.029873
v 0.005328 0.010636 0.030805
v -0.007145 0.010752 0.029517
v 0.007145 0.010752 0.029517
v -0.007911 0.010569 0.028933
v -0.007906 0.010371 0.029222
v 0.007906 0.010371 0.029222
v 0.007911 0.010569 0.028933
v -0.009312 0.010784 0.019375
v -0.009284 0.010821 0.011230
v 0.009306 0.010791 0.019374
v 0.009284 0.010821 0.011230
v 0.009432 0.010543 0.019443
v -0.006450 0.010636 0.030053
v 0.006450 0.010636 0.030053
v -0.000681 0.010439 0.045235
v -0.002013 0.010439 0.044950
v 0.000681 0.010439 0.045235
v -0.003256 0.010439 0.044392
v 0.002013 0.010439 0.044950
v -0.004354 0.010439 0.043587
v 0.003256 0.010439 0.044392
v -0.005260 0.010439 0.042569
v 0.004354 0.010439 0.043587
v -0.005932 0.010439 0.041385
v 0.005260 0.010439 0.042569
v -0.006342 0.010439 0.040086
v 0.005932 0.010439 0.041385
v -0.006471 0.010439 0.038730
v 0.006342 0.010439 0.040086
v -0.006313 0.010439 0.037377
v 0.006471 0.010439 0.038730
v -0.005875 0.010439 0.036087
v 0.006313 0.010439 0.037377
v -0.005120 0.010636 0.034960
v 0.005103 0.010625 0.034973
v 0.005875 0.010439 0.036087
v -0.009420 0.010540 0.011230
v 0.009421 0.010538 0.011230
v -0.008820 0.010428 0.008957
v -0.009363 0.010428 0.010428
v 0.009363 0.010428 0.010428
v -0.008047 0.010428 0.007592
v 0.008820 0.010428 0.008957
v -0.007608 0.010428 0.007129
v 0.008047 0.010428 0.007592
v -0.007044 0.010428 0.006830
v 0.007608 0.010428 0.007129
v -0.006414 0.010691 0.006853
v 0.007044 0.010428 0.006830
v 0.006414 0.010691 0.006853
v -0.009436 0.010547 0.019437
v -0.007159 0.010441 0.029724
v 0.007159 0.010441 0.029724
v -0.004900 0.010636 0.034300
v 0.004900 0.010636 0.031676
v 0.004900 0.010636 0.034300
v -0.004900 0.010636 0.031676
v -0.006414 0.010428 0.006726
v 0.006414 0.010428 0.006726
v 0.008004 0.010553 0.028582
v -0.005157 0.010433 0.034932
v -0.005051 0.010200 0.034616
v -0.005000 0.010200 0.034300
v 0.005177 0.010439 0.034917
v 0.005051 0.010200 0.034616
v 0.005000 0.010200 0.031676
v 0.005000 0.010200 0.034300
v -0.005000 0.010200 0.031676
v -0.005046 0.010200 0.031376
v -0.005113 0.010200 0.031240
v 0.005046 0.010200 0.031376
v 0.005113 0.010200 0.031240
v -0.005389 0.010200 0.030885
v -0.005180 0.010200 0.031104
v 0.005180 0.010200 0.031104
v -0.006458 0.010565 0.030067
v 0.006458 0.010565 0.030067
v 0.005389 0.010200 0.030885
v -0.008007 0.010557 0.028580
v -0.008296 0.010273 0.028816
v 0.008296 0.010273 0.028816
v -0.008012 0.010563 0.020400
v -0.009443 0.010534 0.019441
v -0.009499 0.010238 0.019577
v -0.009500 0.010200 0.019599
v -0.006500 0.010200 0.030140
v -0.007110 0.010099 0.029817
v -0.006556 0.010191 0.030110
v 0.006500 0.010200 0.030140
v 0.006556 0.010191 0.030110
v -0.008623 0.009994 0.028416
v -0.008429 0.010219 0.028464
v -0.008858 0.009720 0.028358
v -0.008254 0.010359 0.028513
v -0.008863 0.009712 0.028357
v -0.008863 0.009712 0.020400
v 0.008254 0.010359 0.028513
v 0.008412 0.010236 0.028469
v 0.008622 0.009993 0.028417
v -0.009474 0.010428 0.011230
v 0.009455 0.010496 0.019455
v 0.009474 0.010428 0.011230
v -0.009500 0.010200 0.011230
v 0.009500 0.010200 0.019599
v 0.009500 0.010200 0.011230
v -0.007694 0.009807 0.029556
v -0.007167 0.010090 0.029788
v -0.007830 0.010105 0.029438
v 0.007110 0.010099 0.029817
v 0.007167 0.010090 0.029788
v 0.007830 0.010105 0.029438
v -0.000684 0.010200 0.045264
v -0.002022 0.010200 0.044977
v -0.000924 0.010200 0.045213
v 0.000684 0.010200 0.045264
v 0.000924 0.010200 0.045213
v -0.002694 0.010200 0.044676
v 0.002022 0.010200 0.044977
v -0.004260 0.010200 0.043691
v -0.003270 0.010200 0.044417
v 0.004260 0.010200 0.043691
v 0.003270 0.010200 0.044417
v 0.002694 0.010200 0.044676
v -0.005283 0.010200 0.042586
v -0.004374 0.010200 0.043608
v 0.004374 0.010200 0.043608
v -0.005959 0.010200 0.041396
v -0.005456 0.010200 0.042282
v 0.005456 0.010200 0.042282
v 0.005283 0.010200 0.042586
v -0.006212 0.010200 0.040594
v 0.005959 0.010200 0.041396
v -0.006496 0.010200 0.038765
v -0.006370 0.010200 0.040092
v 0.006212 0.010200 0.040594
v 0.006370 0.010200 0.040092
v -0.006341 0.010200 0.037370
v -0.006500 0.010200 0.038729
v 0.006496 0.010200 0.038765
v 0.006500 0.010200 0.038729
v -0.006195 0.010200 0.036940
v -0.005901 0.010200 0.036075
v 0.006195 0.010200 0.036940
v 0.006341 0.010200 0.037370
v -0.005416 0.010200 0.035262
v 0.005901 0.010200 0.036075
v 0.005200 0.010200 0.034900
v 0.005416 0.010200 0.035262
v -0.005200 0.010200 0.034900
v -0.009389 0.010200 0.010421
v -0.008844 0.010200 0.008946
v 0.009389 0.010200 0.010421
v -0.008069 0.010200 0.007577
v 0.008844 0.010200 0.008946
v -0.007624 0.010200 0.007108
v 0.008069 0.010200 0.007577
v -0.007338 0.010200 0.006956
v 0.007624 0.010200 0.007108
v 0.007338 0.010200 0.006956
v -0.006414 0.010200 0.006700
v -0.007053 0.010200 0.006805
v 0.007053 0.010200 0.006805
v 0.006414 0.010200 0.006700
v -0.008318 0.009662 0.029260
v -0.008566 0.009763 0.029010
v 0.008317 0.009662 0.029260
v 0.008566 0.009763 0.029010
v 0.008642 0.009918 0.028720
v -0.008642 0.009918 0.028720
v -0.000928 0.006400 0.045233
v 0.000928 0.006400 0.045233
v -0.002709 0.006400 0.044709
v 0.002709 0.006400 0.044709
v -0.004268 0.006400 0.043702
v 0.004268 0.006400 0.043702
v -0.005480 0.006400 0.042296
v 0.005480 0.006400 0.042296
v -0.006034 0.008767 0.041210
v -0.005925 0.008569 0.041472
v -0.005808 0.008228 0.041719
v -0.005759 0.007914 0.041813
v -0.006241 0.009063 0.040615
v -0.006077 0.008846 0.041107
v -0.005754 0.007882 0.041823
v 0.005825 0.008294 0.041684
v 0.005941 0.008603 0.041437
v 0.006033 0.008768 0.041212
v 0.005760 0.007953 0.041811
v -0.006244 0.009066 0.040604
v 0.006079 0.008849 0.041102
v 0.006232 0.009052 0.040649
v -0.006406 0.009232 0.039901
v 0.006242 0.009063 0.040604
v -0.006492 0.009305 0.039131
v 0.006384 0.009211 0.040020
v -0.006479 0.009295 0.038280
v -0.006486 0.009301 0.038766
v 0.006487 0.009301 0.038766
v 0.006479 0.009295 0.039320
v -0.006384 0.009211 0.037579
v 0.006492 0.009305 0.038469
v -0.006231 0.009051 0.036951
v 0.006406 0.009232 0.037700
v -0.006079 0.008849 0.036499
v -0.006224 0.009042 0.036930
v 0.006223 0.009039 0.036931
v 0.006241 0.009062 0.036983
v -0.006033 0.008768 0.036388
v 0.006034 0.008767 0.036389
v 0.006076 0.008845 0.036491
v -0.005760 0.007953 0.035789
v -0.005825 0.008293 0.035916
v -0.005941 0.008603 0.036162
v -0.005443 0.006400 0.035247
v 0.005925 0.008568 0.036127
v 0.005808 0.008227 0.035881
v 0.005759 0.007914 0.035787
v 0.005754 0.007880 0.035777
v 0.005443 0.006400 0.035247
v 0.005200 0.006400 0.034900
v -0.005200 0.006400 0.034900
v -0.005051 0.006400 0.034616
v -0.005000 0.006400 0.034300
v 0.005051 0.006400 0.034616
v -0.005000 0.006400 0.031676
v 0.005000 0.006400 0.034300
v 0.005000 0.006400 0.031676
v -0.005102 0.006400 0.031235
v 0.005102 0.006400 0.031235
v -0.005389 0.006400 0.030885
v 0.005389 0.006400 0.030885
v -0.006062 0.008823 0.030408
v -0.005847 0.008366 0.030551
v -0.006387 0.009214 0.030206
v -0.006119 0.008892 0.030372
v -0.005765 0.007963 0.030608
v -0.005758 0.007925 0.030613
v 0.005750 0.007754 0.030619
v 0.005800 0.008176 0.030583
v 0.005806 0.008219 0.030580
v 0.005958 0.008639 0.030476
v 0.006210 0.009026 0.030314
v -0.006556 0.009334 0.030111
v 0.006213 0.009029 0.030312
v -0.008868 0.009707 0.020400
v -0.009500 0.010153 0.019622
v -0.009500 0.005100 0.011230
v -0.009389 0.005558 0.010421
v -0.009436 0.005453 0.010611
v -0.009437 0.005446 0.010624
v 0.009500 0.005100 0.011230
v 0.009426 0.005442 0.010628
v 0.009490 0.005243 0.010982
v -0.008844 0.006038 0.008946
v -0.008847 0.006038 0.008952
v -0.008848 0.006038 0.008955
v -0.009153 0.005857 0.009690
v -0.009200 0.005801 0.009834
v -0.009360 0.005610 0.010321
v 0.009205 0.005806 0.009839
v 0.009195 0.005819 0.009808
v 0.009389 0.005558 0.010421
v 0.008843 0.006027 0.008957
v 0.008934 0.006001 0.009145
v -0.008069 0.006100 0.007577
v -0.008500 0.006100 0.008274
v 0.008839 0.006028 0.008948
v 0.008500 0.006100 0.008274
v 0.008609 0.006094 0.008473
v 0.008069 0.006100 0.007577
v -0.007351 0.006100 0.006933
v 0.007351 0.006100 0.006933
v -0.006414 0.006100 0.006700
v 0.006414 0.006100 0.006700
v 0.009500 0.010150 0.019627
v -0.006873 0.009539 0.029937
v -0.006808 0.009514 0.029969
v 0.006555 0.009348 0.030109
v 0.006584 0.009375 0.030092
v 0.006974 0.009593 0.029883
v -0.009500 0.009267 0.020065
v 0.008868 0.009707 0.020400
v 0.009500 0.009907 0.019762
v -0.008277 0.009679 0.029287
v -0.007847 0.009743 0.029488
v 0.007694 0.009807 0.029556
v 0.007802 0.009749 0.029509
v 0.007912 0.009733 0.029458
v 0.008264 0.009683 0.029294
v -0.007292 0.009697 0.029728
v 0.006976 0.009594 0.029882
v 0.007477 0.009731 0.029645
v 0.008863 0.009712 0.028357
v -0.008936 0.009511 0.028644
v -0.008855 0.009407 0.028869
v -0.008798 0.009448 0.028927
v 0.008809 0.009436 0.028911
v 0.008936 0.009511 0.028644
v 0.008770 0.009463 0.028949
v 0.009500 0.009061 0.020145
v -0.007802 0.009749 0.029509
v -0.008776 0.009463 0.028949
v -0.008744 0.009485 0.028982
v -0.008454 0.009606 0.029171
v 0.008456 0.009608 0.029172
v 0.008688 0.009516 0.029025
v -0.007847 0.009748 0.027800
v -0.006870 0.009546 0.027800
v 0.006976 0.009594 0.028500
v 0.007914 0.009743 0.028500
v -0.008800 0.009452 0.027800
v 0.008814 0.009443 0.028500
v 0.006278 0.006396 0.028500
v 0.008867 0.009708 0.028356
v -0.008940 0.009577 0.028339
v -0.009376 0.008624 0.027800
v -0.009192 0.009136 0.027800
v 0.009373 0.008622 0.020400
v 0.008941 0.009578 0.028339
v -0.009373 0.008622 0.020400
v 0.009500 0.008638 0.020263
v 0.006213 0.009030 0.028500
v 0.005796 0.008177 0.028500
v 0.005819 0.007228 0.028500
v 0.009192 0.009136 0.028282
v 0.009191 0.009137 0.028304
v 0.009079 0.009242 0.028608
v 0.009145 0.009183 0.028500
v -0.009192 0.009136 0.028282
v -0.009161 0.009168 0.028460
v -0.006112 0.008898 0.027800
v -0.005761 0.007963 0.027800
v -0.009081 0.009241 0.028608
v -0.009046 0.009273 0.028675
v 0.009006 0.009306 0.028726
v 0.008855 0.009406 0.028869
v 0.006235 0.009056 0.037577
v -0.006130 0.008923 0.038496
v -0.009500 0.008636 0.020271
v 0.009192 0.009136 0.028500
v 0.009376 0.008624 0.028500
v -0.005818 0.008267 0.038988
v 0.005818 0.008267 0.038612
v 0.009382 0.008602 0.020400
v 0.009500 0.008390 0.020333
v -0.009382 0.008602 0.020400
v -0.009500 0.008554 0.020297
v 0.009500 0.007700 0.028500
v -0.009500 0.007700 0.027800
v -0.005906 0.006976 0.027800
v -0.009500 0.007700 0.020400
v -0.009500 0.007890 0.020395
v 0.009500 0.007700 0.020400
v 0.005760 0.007914 0.041812
v -0.005760 0.007914 0.035788
v -0.005771 0.007458 0.030603
v -0.005909 0.006978 0.030509
v -0.005890 0.007013 0.030521
v -0.005756 0.007600 0.035780
v -0.005761 0.007538 0.038725
v 0.005756 0.007601 0.041820
v 0.005761 0.007538 0.038876
v -0.005764 0.007512 0.041804
v 0.005764 0.007510 0.035797
v 0.005810 0.007265 0.030577
v 0.009500 0.006782 0.027800
v 0.009500 0.006782 0.028500
v 0.009214 0.006388 0.028500
v -0.009500 0.006782 0.027800
v 0.009500 -0.006100 0.009547
v 0.005815 0.007244 0.041704
v -0.005815 0.007244 0.035896
v -0.005891 0.007028 0.036055
v -0.005836 0.007169 0.041662
v 0.005891 0.007028 0.041545
v 0.005836 0.007168 0.035939
v 0.001193 0.006400 0.041278
v 0.000000 0.006400 0.041550
v 0.000000 0.007400 0.041550
v 0.001193 0.007400 0.041278
v -0.001193 0.007400 0.041278
v 0.000000 0.007400 0.038800
v -0.001193 0.006400 0.041278
v -0.002150 0.007400 0.040515
v 0.002150 0.006400 0.040515
v 0.002150 0.007400 0.040515
v -0.002150 0.006400 0.040515
v -0.002681 0.007400 0.039412
v 0.002681 0.006400 0.039412
v 0.002681 0.007400 0.039412
v -0.002681 0.006400 0.039412
v -0.002681 0.007400 0.038188
v 0.002681 0.006400 0.038188
v 0.002681 0.007400 0.038188
v 0.000000 0.007400 0.036050
v 0.001193 0.007400 0.036322
v -0.001193 0.007400 0.036322
v -0.002150 0.007400 0.037085
v 0.002150 0.007400 0.037085
v -0.002681 0.006400 0.038188
v 0.002150 0.006400 0.037085
v -0.002150 0.006400 0.037085
v 0.001193 0.006400 0.036322
v -0.001193 0.006400 0.036322
v 0.000000 0.006400 0.036050
v 0.005823 0.007229 0.030568
v 0.005984 0.006811 0.030459
v 0.006274 0.006400 0.028800
v -0.005892 0.007029 0.041540
v 0.005892 0.007029 0.036060
v -0.005964 0.006849 0.041384
v -0.006028 0.006733 0.039236
v 0.005965 0.006848 0.036217
v 0.006029 0.006731 0.039238
v -0.005924 0.006935 0.036124
v 0.005924 0.006935 0.041476
v -0.006093 0.006630 0.030388
v -0.006274 0.006400 0.030274
v -0.006509 0.006181 0.027800
v -0.006509 0.006181 0.028800
v -0.006274 0.006400 0.028800
v -0.009244 0.006420 0.027800
v 0.006093 0.006630 0.041063
v -0.006093 0.006630 0.036537
v -0.006119 0.006593 0.040994
v 0.006119 0.006592 0.036607
v 0.006274 0.006400 0.030274
v 0.009374 0.006582 0.028286
v 0.009428 0.006666 0.028142
v 0.009476 0.006740 0.028015
v -0.009500 -0.006782 0.027800
v -0.009471 0.006731 0.028039
v -0.009475 -0.006738 0.028022
v 0.009500 -0.006782 0.027800
v 0.009471 -0.006731 0.028039
v -0.006220 0.006469 0.036932
v -0.006274 0.006400 0.037102
v -0.006274 0.006400 0.040498
v -0.006241 0.006441 0.040603
v 0.006241 0.006443 0.040603
v 0.006274 0.006400 0.040498
v 0.006221 0.006466 0.036931
v -0.009429 0.006667 0.028142
v -0.009428 -0.006667 0.028142
v -0.009358 0.006562 0.028313
v -0.009370 -0.006577 0.028293
v -0.009239 -0.006424 0.028453
v 0.009429 -0.006667 0.028142
v 0.009237 -0.006426 0.028450
v 0.009358 -0.006562 0.028313
v -0.006244 0.006400 0.040604
v 0.006225 0.006400 0.036930
v -0.009237 0.006426 0.028450
v -0.006225 0.006400 0.036930
v 0.006274 0.006400 0.037102
v 0.006244 0.006400 0.040604
v -0.008415 0.005864 0.027800
v -0.009196 0.006379 0.028497
v -0.007421 0.005777 0.027800
v -0.007421 -0.005777 0.028800
v 0.006278 0.006396 0.028800
v -0.005906 -0.006976 0.028800
v 0.005906 -0.006976 0.028800
v -0.006509 -0.006181 0.028800
v 0.006509 -0.006181 0.028800
v 0.007421 -0.005777 0.028800
v 0.007067 0.005870 0.028500
v 0.007067 0.005870 0.028800
v 0.008011 0.005767 0.028500
v 0.008896 0.006111 0.028500
v 0.009206 0.006380 0.028506
v 0.009196 -0.006379 0.028497
v 0.008969 0.006164 0.028683
v -0.009115 0.006289 0.028588
v -0.009155 -0.006326 0.028556
v -0.008892 -0.006108 0.028720
v -0.009200 -0.006379 0.028501
v -0.008842 0.006081 0.028731
v -0.007421 0.005777 0.028800
v 0.008892 0.006117 0.028708
v 0.009115 -0.006289 0.028588
v 0.008841 0.006085 0.028724
v 0.008842 -0.006081 0.028731
v 0.008500 0.005896 0.028800
v 0.008628 0.005953 0.028792
v -0.008500 0.006100 0.000000
v 0.008843 0.006025 0.000000
v 0.008526 0.006100 0.000000
v 0.008500 0.006100 0.000000
v -0.001193 0.006100 0.002478
v 0.000000 0.006100 0.002750
v 0.002150 0.006100 0.001715
v 0.002681 0.006100 0.000612
v 0.001193 0.006100 0.002478
v 0.001193 -0.007100 0.002478
v 0.000000 -0.007100 0.002750
v -0.008342 0.006100 -0.001469
v -0.008426 0.006100 -0.001122
v -0.008015 0.006100 -0.002832
v -0.002150 0.006100 0.001715
v -0.001193 -0.007100 0.002478
v 0.002150 -0.007100 0.001715
v -0.002681 0.006100 0.000612
v -0.002150 -0.007100 0.001715
v 0.002681 -0.007100 0.000612
v -0.002681 0.006100 -0.000612
v -0.002681 -0.007100 0.000612
v 0.008337 0.006100 -0.001472
v 0.002681 0.006100 -0.000612
v 0.002681 -0.007100 -0.000612
v 0.008397 0.006100 -0.001481
v -0.008526 0.006100 0.000000
v -0.002150 0.006100 -0.001715
v -0.007341 0.006100 -0.004240
v -0.007980 0.006100 -0.002904
v -0.002681 -0.007100 -0.000612
v 0.008295 0.006100 -0.001858
v 0.007937 0.006100 -0.002890
v 0.007664 0.006100 -0.003676
v 0.007321 0.006100 -0.004225
v 0.002150 0.006100 -0.001715
v 0.002150 -0.007100 -0.001715
v -0.008397 0.006100 -0.001481
v -0.006102 0.006100 -0.005917
v -0.006476 0.006100 -0.005436
v -0.005979 0.006100 -0.006041
v -0.007238 0.006100 -0.004457
v -0.001193 0.006100 -0.002478
v -0.004492 0.006100 -0.007216
v -0.005433 0.006100 -0.006473
v -0.002150 -0.007100 -0.001715
v 0.006496 0.006100 -0.005448
v 0.001193 0.006100 -0.002478
v 0.006657 0.006100 -0.005285
v 0.001193 -0.007100 -0.002478
v 0.008012 0.006100 -0.002916
v 0.000000 0.006100 -0.002750
v -0.002937 0.006100 -0.007977
v -0.004239 0.006100 -0.007340
v -0.001193 -0.007100 -0.002478
v 0.005454 0.006100 -0.006501
v 0.005355 0.006100 -0.006601
v 0.004229 0.006100 -0.007328
v 0.003814 0.006100 -0.007596
v 0.002891 0.006100 -0.007944
v 0.002145 0.006100 -0.008225
v 0.000000 -0.007100 -0.002750
v 0.000429 0.006100 -0.008489
v 0.000002 0.006100 -0.008468
v -0.001281 0.006100 -0.008403
v -0.001472 0.006100 -0.008354
v 0.001470 0.006100 -0.008329
v -0.008012 0.006100 -0.002916
v 0.007736 0.006100 -0.003584
v 0.007384 0.006100 -0.004263
v -0.007384 0.006100 -0.004263
v -0.006531 0.006100 -0.005480
v 0.006531 0.006100 -0.005480
v 0.005480 0.006100 -0.006531
v -0.006038 0.006100 -0.006019
v -0.005480 0.006100 -0.006531
v 0.004263 0.006100 -0.007384
v -0.004263 0.006100 -0.007384
v 0.003610 0.006100 -0.007724
v 0.002916 0.006100 -0.008012
v -0.002916 0.006100 -0.008012
v 0.001481 0.006100 -0.008397
v 0.002211 0.006100 -0.008234
v 0.000745 0.006100 -0.008493
v -0.001481 0.006100 -0.008397
v 0.000000 0.006100 -0.008526
v -0.008843 0.006025 0.000000
v -0.008789 0.006005 -0.001550
v -0.008386 0.006005 -0.003052
v 0.008789 0.006005 -0.001550
v -0.007729 0.006005 -0.004462
v 0.008386 0.006005 -0.003052
v -0.006837 0.006005 -0.005737
v 0.007729 0.006005 -0.004462
v 0.006837 0.006005 -0.005737
v -0.005737 0.006005 -0.006837
v -0.004462 0.006005 -0.007729
v 0.005737 0.006005 -0.006837
v -0.003052 0.006005 -0.008386
v 0.004462 0.006005 -0.007729
v -0.001550 0.006005 -0.008789
v 0.003052 0.006005 -0.008386
v 0.000000 0.006005 -0.008925
v 0.001550 0.006005 -0.008789
v 0.008794 -0.006044 0.028756
v -0.008794 0.006044 0.028756
v -0.008844 -0.006081 0.028731
v -0.008500 0.005896 0.028800
v -0.008558 -0.005920 0.028798
v -0.009196 0.005793 0.000000
v -0.008925 0.006005 0.000000
v 0.008925 0.006005 0.000000
v 0.009196 0.005793 0.000000
v -0.009135 0.005731 -0.001611
v -0.008717 0.005731 -0.003173
v 0.009135 0.005731 -0.001611
v -0.008033 0.005731 -0.004638
v 0.008717 0.005731 -0.003173
v -0.007106 0.005731 -0.005963
v 0.008033 0.005731 -0.004638
v -0.005963 0.005731 -0.007106
v 0.007106 0.005731 -0.005963
v -0.004638 0.005731 -0.008033
v 0.005963 0.005731 -0.007106
v -0.003173 0.005731 -0.008717
v 0.004638 0.005731 -0.008033
v -0.001611 0.005731 -0.009135
v 0.003173 0.005731 -0.008717
v 0.000000 0.005731 -0.009276
v 0.001611 0.005731 -0.009135
v 0.008500 -0.005896 0.028800
v -0.008415 0.005864 0.028800
v -0.008500 -0.005896 0.028800
v 0.008011 0.005767 0.028800
v -0.008415 -0.005864 0.028800
v 0.009276 0.005731 0.000000
v 0.009422 0.005438 0.000000
v -0.009276 0.005731 0.000000
v 0.008415 -0.005864 0.028800
v -0.009422 0.005438 0.000000
v -0.009327 0.005339 -0.001645
v -0.008900 0.005339 -0.003239
v 0.009327 0.005339 -0.001645
v -0.008202 0.005339 -0.004735
v 0.008900 0.005339 -0.003239
v -0.007255 0.005339 -0.006088
v 0.008202 0.005339 -0.004735
v -0.006088 0.005339 -0.007255
v 0.007255 0.005339 -0.006088
v -0.004735 0.005339 -0.008202
v 0.006088 0.005339 -0.007255
v -0.003239 0.005339 -0.008900
v 0.004735 0.005339 -0.008202
v -0.001645 0.005339 -0.009327
v 0.003239 0.005339 -0.008900
v 0.000000 0.005339 -0.009471
v 0.001645 0.005339 -0.009327
v -0.009471 0.005339 0.000000
v 0.009471 0.005339 0.000000
v 0.009500 0.005100 0.000000
v -0.009500 0.005100 0.000000
v -0.009356 0.005100 -0.001650
v -0.009191 0.005100 -0.002265
v -0.008927 0.005100 -0.003249
v 0.009356 0.005100 -0.001650
v 0.009191 0.005100 -0.002265
v -0.008389 0.005100 -0.004404
v 0.008927 0.005100 -0.003249
v -0.008227 0.005100 -0.004750
v -0.007277 0.005100 -0.006106
v 0.008227 0.005100 -0.004750
v 0.008389 0.005100 -0.004404
v -0.006106 0.005100 -0.007277
v -0.007098 0.005100 -0.006286
v 0.007277 0.005100 -0.006106
v 0.007098 0.005100 -0.006286
v -0.005376 0.005100 -0.007789
v 0.006106 0.005100 -0.007277
v 0.005376 0.005100 -0.007789
v -0.003364 0.005100 -0.008873
v -0.004750 0.005100 -0.008227
v 0.004750 0.005100 -0.008227
v 0.003364 0.005100 -0.008873
v -0.001650 0.005100 -0.009356
v -0.003249 0.005100 -0.008927
v 0.003249 0.005100 -0.008927
v 0.000000 0.005100 -0.009500
v -0.001142 0.005100 -0.009400
v 0.001650 0.005100 -0.009356
v 0.001142 0.005100 -0.009400
v -0.009500 -0.006100 0.000000
v -0.009500 -0.006100 0.009547
v -0.009500 -0.007700 0.027800
v -0.009500 -0.008390 0.020333
v -0.009500 -0.007700 0.020400
v 0.009500 -0.006100 0.000000
v -0.009356 -0.006100 -0.001650
v -0.009191 -0.006100 -0.002265
v 0.009356 -0.006100 -0.001650
v -0.008927 -0.006100 -0.003249
v 0.009191 -0.006100 -0.002265
v -0.008389 -0.006100 -0.004404
v 0.008927 -0.006100 -0.003249
v -0.008227 -0.006100 -0.004750
v 0.008389 -0.006100 -0.004404
v -0.007277 -0.006100 -0.006106
v 0.008227 -0.006100 -0.004750
v -0.007098 -0.006100 -0.006286
v 0.007277 -0.006100 -0.006106
v -0.006106 -0.006100 -0.007277
v 0.007098 -0.006100 -0.006286
v -0.005376 -0.006100 -0.007789
v 0.006106 -0.006100 -0.007277
v -0.004750 -0.006100 -0.008227
v 0.005376 -0.006100 -0.007789
v -0.003364 -0.006100 -0.008873
v 0.004750 -0.006100 -0.008227
v -0.003249 -0.006100 -0.008927
v 0.003364 -0.006100 -0.008873
v -0.001650 -0.006100 -0.009356
v 0.003249 -0.006100 -0.008927
v -0.001142 -0.006100 -0.009400
v 0.001650 -0.006100 -0.009356
v 0.000000 -0.006100 -0.009500
v 0.001142 -0.006100 -0.009400
v -0.007421 -0.005777 0.027800
v -0.008415 -0.005864 0.027800
v 0.007421 -0.005777 0.027800
v 0.006509 -0.006181 0.027800
v -0.006509 -0.006181 0.027800
v -0.005906 -0.006976 0.027800
v 0.008415 -0.005864 0.027800
v 0.009244 -0.006420 0.027800
v -0.009244 -0.006420 0.027800
v -0.009500 -0.010200 0.009547
v -0.009500 -0.010200 0.019599
v -0.009500 -0.010150 0.019627
v -0.009500 -0.009907 0.019762
v -0.009500 -0.009061 0.020145
v -0.009500 -0.008638 0.020263
v -0.009437 -0.006446 0.009054
v 0.009500 -0.008554 0.020297
v 0.009500 -0.008636 0.020271
v 0.009500 -0.007700 0.020400
v 0.009500 -0.007890 0.020395
v 0.009500 -0.010153 0.019622
v 0.009500 -0.010200 0.009547
v 0.009500 -0.009267 0.020065
v 0.009439 -0.006443 0.009059
v 0.009421 -0.006442 0.000000
v -0.009421 -0.006442 0.000000
v -0.009257 -0.006536 -0.001632
v 0.009257 -0.006536 -0.001632
v -0.008833 -0.006536 -0.003215
v -0.008141 -0.006536 -0.004700
v 0.008833 -0.006536 -0.003215
v 0.008141 -0.006536 -0.004700
v -0.007201 -0.006536 -0.006042
v 0.007201 -0.006536 -0.006042
v -0.006042 -0.006536 -0.007201
v 0.006042 -0.006536 -0.007201
v -0.004700 -0.006536 -0.008141
v 0.004700 -0.006536 -0.008141
v -0.003215 -0.006536 -0.008833
v 0.003215 -0.006536 -0.008833
v -0.001632 -0.006536 -0.009257
v 0.001632 -0.006536 -0.009257
v 0.000000 -0.006536 -0.009400
v 0.005906 -0.006976 0.027800
v 0.009400 -0.006536 0.000000
v 0.009435 -0.006453 0.009044
v 0.009438 -0.006446 0.009054
v -0.009435 -0.006453 0.009044
v -0.009400 -0.006536 0.000000
v -0.009435 -0.010200 0.009044
v -0.009293 -0.006710 0.008549
v 0.009435 -0.010200 0.009044
v 0.009359 -0.006612 0.008768
v 0.009192 -0.006795 0.000000
v -0.009197 -0.006796 0.008285
v -0.009192 -0.006795 0.000000
v -0.008982 -0.006884 -0.001584
v -0.008571 -0.006884 -0.003119
v 0.008982 -0.006884 -0.001584
v -0.007899 -0.006884 -0.004560
v 0.008571 -0.006884 -0.003119
v -0.006987 -0.006884 -0.005863
v 0.007899 -0.006884 -0.004560
v -0.005863 -0.006884 -0.006987
v 0.006987 -0.006884 -0.005863
v -0.004560 -0.006884 -0.007899
v 0.005863 -0.006884 -0.006987
v -0.003119 -0.006884 -0.008571
v 0.004560 -0.006884 -0.007899
v -0.001584 -0.006884 -0.008982
v 0.003119 -0.006884 -0.008571
v 0.000000 -0.006884 -0.009121
v 0.001584 -0.006884 -0.008982
v 0.009200 -0.006802 0.008284
v 0.009500 -0.007700 0.027800
v 0.009121 -0.006884 0.000000
v -0.009121 -0.006884 0.000000
v -0.009026 -0.006951 0.007812
v 0.009156 -0.006855 0.008149
v 0.008849 -0.007038 0.007405
v 0.008838 -0.007021 0.000000
v -0.008838 -0.007021 0.000000
v -0.008841 -0.007023 0.007408
v -0.008595 -0.007074 -0.001516
v -0.008202 -0.007074 -0.002985
v 0.008595 -0.007074 -0.001516
v -0.007559 -0.007074 -0.004364
v 0.008202 -0.007074 -0.002985
v -0.006686 -0.007074 -0.005610
v 0.007559 -0.007074 -0.004364
v -0.005610 -0.007074 -0.006686
v 0.006686 -0.007074 -0.005610
v -0.004364 -0.007074 -0.007559
v 0.005610 -0.007074 -0.006686
v -0.002985 -0.007074 -0.008202
v 0.004364 -0.007074 -0.007559
v -0.001516 -0.007074 -0.008595
v 0.002985 -0.007074 -0.008202
v 0.000000 -0.007074 -0.008728
v 0.001516 -0.007074 -0.008595
v -0.008962 -0.010200 0.007659
v -0.005801 -0.007300 0.028800
v 0.005801 -0.007300 0.028800
v 0.005761 -0.007963 0.027800
v -0.005761 -0.007963 0.027800
v 0.009376 -0.008624 0.027800
v 0.008728 -0.007074 0.000000
v 0.008847 -0.007038 0.007402
v -0.008728 -0.007074 0.000000
v -0.008690 -0.007082 0.007080
v -0.008794 -0.007041 0.007307
v -0.008782 -0.010200 0.007314
v 0.008962 -0.010200 0.007659
v 0.008782 -0.010200 0.007314
v 0.008797 -0.007047 0.007305
v 0.008500 -0.007100 0.006724
v 0.008500 -0.007100 0.000000
v -0.008500 -0.007100 0.000000
v -0.008500 -0.007100 0.006724
v -0.008371 -0.007100 -0.001476
v -0.007987 -0.007100 -0.002907
v 0.008371 -0.007100 -0.001476
v -0.007361 -0.007100 -0.004250
v 0.007987 -0.007100 -0.002907
v -0.006511 -0.007100 -0.005464
v 0.007361 -0.007100 -0.004250
v -0.005464 -0.007100 -0.006511
v 0.006511 -0.007100 -0.005464
v -0.004250 -0.007100 -0.007361
v 0.005464 -0.007100 -0.006511
v -0.002907 -0.007100 -0.007987
v 0.004250 -0.007100 -0.007361
v -0.001476 -0.007100 -0.008371
v 0.002907 -0.007100 -0.007987
v 0.000000 -0.007100 -0.008500
v 0.001476 -0.007100 -0.008371
v -0.008286 -0.010200 0.006362
v -0.007654 -0.010200 0.005495
v -0.007671 -0.007100 0.005482
v 0.008286 -0.010200 0.006362
v 0.007671 -0.007100 0.005482
v -0.007424 -0.010200 0.005180
v -0.006395 -0.007100 0.004140
v 0.007424 -0.010200 0.005180
v 0.006395 -0.007100 0.004140
v 0.007654 -0.010200 0.005495
v -0.006395 -0.010200 0.004140
v -0.005783 -0.007100 0.003777
v 0.006395 -0.010200 0.004140
v 0.005783 -0.010200 0.003777
v 0.005783 -0.007100 0.003777
v -0.005083 -0.007100 0.003650
v -0.005783 -0.010200 0.003777
v 0.005083 -0.010200 0.003650
v 0.005083 -0.007100 0.003650
v -0.005083 -0.010200 0.003650
v 0.000498 -0.010200 0.042264
v 0.001339 -0.007300 0.042034
v 0.000000 -0.007300 0.042300
v -0.001339 -0.007300 0.042034
v -0.000498 -0.010200 0.042264
v 0.000000 -0.010200 0.042264
v 0.000000 -0.007300 0.041550
v 0.001193 -0.007300 0.041278
v -0.002475 -0.007300 0.041275
v -0.001454 -0.010200 0.041984
v -0.001335 -0.010200 0.042019
v -0.001193 -0.007300 0.041278
v 0.002292 -0.010200 0.041445
v 0.002475 -0.007300 0.041275
v 0.001454 -0.010200 0.041984
v 0.001335 -0.010200 0.042019
v 0.002150 -0.007300 0.040515
v 0.001193 -0.008300 0.041278
v 0.000000 -0.008300 0.041550
v -0.002150 -0.007300 0.040515
v -0.001193 -0.008300 0.041278
v 0.002150 -0.008300 0.040515
v -0.002455 -0.010200 0.041257
v -0.002292 -0.010200 0.041445
v -0.002944 -0.010200 0.040692
v -0.003234 -0.007300 0.040139
v 0.002944 -0.010200 0.040692
v 0.003234 -0.007300 0.040139
v 0.002455 -0.010200 0.041257
v 0.002681 -0.007300 0.039412
v -0.002681 -0.007300 0.039412
v -0.002150 -0.008300 0.040515
v 0.002681 -0.008300 0.039412
v -0.003203 -0.010200 0.040125
v -0.003358 -0.010200 0.039786
v -0.003500 -0.007300 0.038800
v 0.003358 -0.010200 0.039786
v 0.003500 -0.007300 0.038800
v 0.003203 -0.010200 0.040125
v 0.002681 -0.007300 0.038188
v -0.002681 -0.007300 0.038188
v -0.002681 -0.008300 0.039412
v 0.002681 -0.008300 0.038188
v -0.003500 -0.010200 0.038800
v -0.003500 -0.010200 0.033143
v -0.003500 -0.007300 0.033143
v 0.003500 -0.010200 0.038800
v 0.003500 -0.007300 0.033143
v 0.002150 -0.007300 0.037085
v -0.002150 -0.007300 0.037085
v -0.002681 -0.008300 0.038188
v 0.002150 -0.008300 0.037085
v -0.001193 -0.007300 0.036322
v -0.003557 -0.007300 0.032810
v -0.002150 -0.008300 0.037085
v 0.001193 -0.007300 0.036322
v 0.001193 -0.008300 0.036322
v 0.000000 -0.007300 0.036050
v -0.003722 -0.007300 0.032515
v -0.001193 -0.008300 0.036322
v 0.003722 -0.007300 0.032515
v 0.003557 -0.007300 0.032810
v 0.000000 -0.008300 0.036050
v -0.003557 -0.010200 0.032810
v 0.003500 -0.010200 0.033143
v -0.003722 -0.010200 0.032515
v 0.003557 -0.010200 0.032810
v -0.004549 -0.010200 0.031611
v -0.004847 -0.007300 0.031334
v 0.004549 -0.010200 0.031611
v 0.004847 -0.007300 0.031334
v 0.003722 -0.010200 0.032515
v -0.005801 -0.007300 0.030583
v -0.005750 -0.007769 0.030618
v -0.005775 -0.007962 0.030601
v -0.004858 -0.010200 0.031347
v 0.005761 -0.007539 0.030611
v 0.005801 -0.007300 0.030583
v 0.004858 -0.010200 0.031347
v 0.005767 -0.007963 0.030606
v 0.005888 -0.008479 0.030523
v 0.005768 -0.008020 0.030606
v -0.009382 -0.008602 0.020400
v -0.009376 -0.008624 0.027800
v 0.009373 -0.008622 0.020400
v 0.009382 -0.008602 0.020400
v -0.005810 -0.008236 0.030577
v -0.006112 -0.008898 0.027800
v -0.006123 -0.008890 0.030370
v -0.005982 -0.008685 0.030460
v -0.009192 -0.009136 0.027800
v -0.008800 -0.009452 0.027800
v 0.006103 -0.008885 0.030381
v 0.006112 -0.008898 0.027800
v 0.008800 -0.009452 0.027800
v 0.000000 -0.008300 0.038800
v -0.009373 -0.008622 0.020400
v -0.008868 -0.009707 0.020400
v 0.008868 -0.009707 0.020400
v 0.009192 -0.009136 0.027800
v 0.008863 -0.009712 0.020400
v 0.006113 -0.008897 0.030375
v 0.005479 -0.010200 0.030816
v -0.006243 -0.009065 0.030293
v -0.005479 -0.010200 0.030816
v 0.006368 -0.009192 0.030218
v -0.006565 -0.009361 0.030102
v -0.006368 -0.009180 0.030219
v -0.006870 -0.009546 0.027800
v 0.006384 -0.009211 0.030207
v 0.006809 -0.009515 0.029969
v 0.006870 -0.009546 0.027800
v -0.006372 -0.010200 0.030224
v -0.008942 -0.009576 0.028339
v -0.009192 -0.009136 0.028282
v -0.009160 -0.009169 0.028462
v -0.009077 -0.009244 0.028608
v 0.008941 -0.009575 0.028339
v 0.009192 -0.009136 0.028282
v 0.009161 -0.009168 0.028460
v -0.008863 -0.009712 0.020400
v -0.008863 -0.009712 0.028357
v -0.008867 -0.009708 0.028356
v 0.009081 -0.009241 0.028608
v 0.008937 -0.009509 0.028644
v 0.006372 -0.010200 0.030224
v 0.009046 -0.009273 0.028674
v -0.009019 -0.009296 0.028710
v -0.008937 -0.009509 0.028644
v 0.008857 -0.009406 0.028867
v -0.008855 -0.009404 0.028864
v -0.006877 -0.009533 0.029936
v -0.006500 -0.010200 0.030140
v -0.008795 -0.009443 0.028921
v 0.008798 -0.009448 0.028927
v 0.008642 -0.009918 0.028720
v -0.007847 -0.009748 0.027800
v -0.008765 -0.009463 0.028948
v -0.008642 -0.009918 0.028720
v 0.008776 -0.009463 0.028949
v 0.008566 -0.009763 0.029010
v 0.007847 -0.009748 0.027800
v 0.008744 -0.009485 0.028981
v -0.008665 -0.009529 0.029042
v -0.008566 -0.009763 0.029010
v 0.008454 -0.009606 0.029172
v 0.008863 -0.009712 0.028357
v 0.008858 -0.009720 0.028358
v 0.006873 -0.009539 0.029937
v 0.006500 -0.010200 0.030140
v -0.008455 -0.009607 0.029172
v -0.007020 -0.009612 0.029860
v 0.007292 -0.009697 0.029728
v 0.007111 -0.010099 0.029817
v -0.007802 -0.009749 0.029509
v -0.007523 -0.009737 0.029625
v 0.007802 -0.009749 0.029509
v 0.008318 -0.009663 0.029260
v -0.008314 -0.009659 0.029259
v -0.007167 -0.010090 0.029788
v -0.007111 -0.010099 0.029817
v -0.008219 -0.009694 0.029317
v -0.007830 -0.010105 0.029438
v -0.007907 -0.010370 0.029222
v 0.008283 -0.009678 0.029284
v 0.007830 -0.010105 0.029438
v 0.007907 -0.010370 0.029222
v 0.007847 -0.009743 0.029488
v -0.007847 -0.009743 0.029488
v 0.007695 -0.009807 0.029556
v 0.007167 -0.010090 0.029788
v 0.009500 -0.010200 0.019599
v -0.008012 -0.010563 0.020400
v -0.008621 -0.009993 0.028417
v 0.008012 -0.010563 0.020400
v 0.008622 -0.009995 0.028416
v -0.007695 -0.009807 0.029556
v 0.008295 -0.010274 0.028816
v 0.007159 -0.010441 0.029723
v -0.008413 -0.010235 0.028469
v -0.008295 -0.010274 0.028816
v 0.008429 -0.010219 0.028464
v -0.007159 -0.010441 0.029723
v -0.006487 -0.010428 0.030117
v -0.009455 -0.010496 0.019455
v -0.000484 -0.010636 0.042165
v 0.000484 -0.010636 0.042165
v -0.001412 -0.010636 0.041893
v 0.001412 -0.010636 0.041893
v -0.002226 -0.010636 0.041369
v 0.002226 -0.010636 0.041369
v -0.002860 -0.010636 0.040638
v 0.002860 -0.010636 0.040638
v -0.003262 -0.010636 0.039758
v 0.003262 -0.010636 0.039758
v -0.003400 -0.010636 0.038800
v 0.003400 -0.010636 0.038800
v 0.003474 -0.010428 0.033143
v -0.003474 -0.010428 0.033143
v -0.003532 -0.010428 0.032801
v -0.003702 -0.010428 0.032498
v 0.003532 -0.010428 0.032801
v -0.004530 -0.010428 0.031592
v 0.003702 -0.010428 0.032498
v 0.004530 -0.010428 0.031592
v -0.005463 -0.010428 0.030795
v 0.005463 -0.010428 0.030795
v 0.006487 -0.010428 0.030117
v 0.009499 -0.010238 0.019577
v 0.008007 -0.010568 0.020400
v -0.009410 -0.010428 0.009050
v -0.009474 -0.010428 0.009547
v 0.009474 -0.010428 0.009547
v 0.009443 -0.010534 0.019441
v 0.009410 -0.010428 0.009050
v -0.008935 -0.010439 0.007671
v 0.008935 -0.010439 0.007671
v -0.008262 -0.010439 0.006377
v -0.007402 -0.010439 0.005199
v 0.008262 -0.010439 0.006377
v 0.007402 -0.010439 0.005199
v -0.006378 -0.010428 0.004160
v 0.006378 -0.010428 0.004160
v -0.005774 -0.010428 0.003801
v -0.005083 -0.010428 0.003676
v 0.005774 -0.010428 0.003801
v 0.005083 -0.010428 0.003676
v 0.008253 -0.010360 0.028513
v -0.008253 -0.010360 0.028513
v -0.007911 -0.010569 0.028932
v 0.007911 -0.010569 0.028932
v 0.008007 -0.010557 0.028580
v -0.008005 -0.010553 0.028582
v -0.007065 -0.010973 0.029227
v -0.007145 -0.010752 0.029517
v 0.007145 -0.010752 0.029517
v 0.007065 -0.010973 0.029227
v -0.003355 -0.010691 0.038800
v -0.003347 -0.010691 0.033143
v 0.003347 -0.010691 0.033143
v -0.003353 -0.010821 0.032738
v -0.003554 -0.010821 0.032379
v 0.003353 -0.010821 0.032738
v -0.004398 -0.010821 0.031456
v 0.003554 -0.010821 0.032379
v -0.005349 -0.010821 0.030643
v 0.004398 -0.010821 0.031456
v -0.006455 -0.010559 0.030062
v 0.006455 -0.010559 0.030062
v 0.005349 -0.010821 0.030643
v -0.009405 -0.010438 0.009051
v -0.009421 -0.010538 0.009547
v -0.009432 -0.010543 0.019443
v 0.009405 -0.010438 0.009051
v 0.009420 -0.010540 0.009547
v 0.009436 -0.010547 0.019437
v -0.006375 -0.010438 0.004164
v 0.006375 -0.010438 0.004164
v -0.005083 -0.010691 0.003803
v -0.005708 -0.010821 0.003979
v 0.005708 -0.010821 0.003979
v 0.005083 -0.010691 0.003803
v -0.008756 -0.010830 0.007748
v -0.009226 -0.010821 0.009098
v 0.009226 -0.010821 0.009098
v -0.006253 -0.010821 0.004303
v 0.007254 -0.010830 0.005325
v 0.006253 -0.010821 0.004303
v -0.008096 -0.010830 0.006480
v 0.008756 -0.010830 0.007748
v -0.007254 -0.010830 0.005325
v 0.008096 -0.010830 0.006480
v -0.006392 -0.010821 0.029953
v 0.006392 -0.010821 0.029953
v -0.009284 -0.010821 0.009547
v -0.009306 -0.010791 0.019374
v 0.009284 -0.010821 0.009547
v 0.009312 -0.010784 0.019375
v -0.007867 -0.010660 0.028619
v 0.007917 -0.010628 0.028605
v -0.009199 -0.010899 0.019374
v -0.008500 -0.011200 0.019599
v -0.008007 -0.010568 0.020400
v -0.008843 -0.011131 0.019443
v -0.008450 -0.011200 0.019627
v -0.008254 -0.011200 0.019737
v -0.007396 -0.011200 0.020132
v -0.006922 -0.011073 0.020400
v 0.007576 -0.011200 0.020061
v 0.008453 -0.011200 0.019622
v 0.008500 -0.011200 0.019599
v 0.008839 -0.011140 0.019440
v 0.009082 -0.011013 0.019375
v 0.009194 -0.010901 0.019375
v 0.006936 -0.011200 0.020271
v 0.006922 -0.011073 0.020400
v -0.007848 -0.010670 0.028625
v 0.007846 -0.010665 0.028627
v 0.007321 -0.010941 0.028788
v -0.001296 -0.010984 0.041639
v -0.000444 -0.010984 0.041889
v 0.000444 -0.010984 0.041889
v -0.002044 -0.010984 0.041159
v 0.001296 -0.010984 0.041639
v -0.002625 -0.010984 0.040487
v 0.002044 -0.010984 0.041159
v -0.002994 -0.010984 0.039679
v 0.002625 -0.010984 0.040487
v 0.002994 -0.010984 0.039679
v 0.003355 -0.010691 0.038800
v -0.007306 -0.010947 0.028793
v -0.003284 -0.010821 0.033143
v 0.003284 -0.010821 0.033143
v -0.005083 -0.010821 0.003866
v 0.005083 -0.010821 0.003866
v -0.003121 -0.010984 0.038800
v 0.003121 -0.010984 0.038800
v 0.006348 -0.010892 0.029876
v 0.006218 -0.011100 0.029651
v -0.006218 -0.011100 0.029651
v -0.006348 -0.010892 0.029876
v -0.002991 -0.011055 0.033143
v 0.002991 -0.011055 0.033143
v -0.003283 -0.011100 0.032160
v -0.003025 -0.011100 0.032622
v 0.003025 -0.011100 0.032622
v -0.004156 -0.011100 0.031206
v 0.003283 -0.011100 0.032160
v -0.005140 -0.011100 0.030365
v 0.004156 -0.011100 0.031206
v 0.005140 -0.011100 0.030365
v -0.009195 -0.010892 0.009547
v 0.009191 -0.010895 0.009547
v -0.008433 -0.011105 0.007886
v -0.008890 -0.011100 0.009186
v 0.008890 -0.011100 0.009186
v -0.005586 -0.011100 0.004305
v -0.006025 -0.011100 0.004566
v 0.006986 -0.011105 0.005553
v 0.006025 -0.011100 0.004566
v -0.005083 -0.011055 0.004158
v 0.005586 -0.011100 0.004305
v 0.005083 -0.011055 0.004158
v -0.007797 -0.011105 0.006665
v 0.008433 -0.011105 0.007886
v -0.006986 -0.011105 0.005553
v 0.007797 -0.011105 0.006665
v -0.008936 -0.011100 0.009547
v 0.008936 -0.011100 0.009547
v -0.009089 -0.011008 0.019374
v 0.006938 -0.011055 0.028921
v -0.006938 -0.011056 0.028921
v -0.006670 -0.011135 0.029014
v -0.006182 -0.011116 0.029590
v -0.006919 -0.011061 0.028927
v 0.006000 -0.011200 0.029274
v 0.006664 -0.011136 0.029016
v 0.006919 -0.011061 0.028927
v 0.006182 -0.011116 0.029590
v -0.001133 -0.011174 0.041282
v -0.000388 -0.011174 0.041500
v 0.000388 -0.011174 0.041500
v -0.001787 -0.011174 0.040862
v 0.001133 -0.011174 0.041282
v -0.002295 -0.011174 0.040275
v 0.001787 -0.011174 0.040862
v -0.002618 -0.011174 0.039569
v 0.002295 -0.011174 0.040275
v -0.002991 -0.011047 0.038800
v 0.002618 -0.011174 0.039569
v 0.002991 -0.011047 0.038800
v -0.008842 -0.011121 0.009547
v 0.008835 -0.011123 0.009547
v -0.002728 -0.011174 0.038800
v -0.002936 -0.011100 0.033143
v 0.002728 -0.011174 0.038800
v 0.002936 -0.011100 0.033143
v -0.005083 -0.011100 0.004214
v 0.005083 -0.011100 0.004214
v 0.006903 -0.011082 0.020400
v -0.006939 -0.011200 0.020262
v -0.006903 -0.011082 0.020400
v -0.006692 -0.011200 0.020332
v -0.006000 -0.011200 0.020400
v 0.006000 -0.011200 0.020400
v 0.006198 -0.011200 0.020394
v 0.006868 -0.011200 0.020294
v -0.002500 -0.011200 0.033143
v -0.002614 -0.011200 0.032476
v 0.002500 -0.011200 0.033143
v -0.002944 -0.011200 0.031886
v 0.002614 -0.011200 0.032476
v -0.003853 -0.011200 0.030892
v 0.002944 -0.011200 0.031886
v -0.004877 -0.011200 0.030017
v 0.003853 -0.011200 0.030892
v 0.004877 -0.011200 0.030017
v -0.008067 -0.011200 0.008043
v -0.008492 -0.011194 0.009289
v 0.008492 -0.011194 0.009289
v -0.005756 -0.011194 0.004876
v 0.006683 -0.011200 0.005811
v 0.005756 -0.011194 0.004876
v -0.005083 -0.011200 0.004650
v -0.005433 -0.011200 0.004713
v 0.005433 -0.011200 0.004713
v 0.005083 -0.011200 0.004650
v -0.007459 -0.011200 0.006875
v 0.008067 -0.011200 0.008043
v -0.006683 -0.011200 0.005811
v 0.007459 -0.011200 0.006875
v -0.006000 -0.011200 0.029274
v -0.008500 -0.011200 0.009547
v -0.008794 -0.011156 0.019456
v 0.008500 -0.011200 0.009547
v 0.008832 -0.011143 0.019441
v -0.000356 -0.011200 0.041275
v 0.000000 -0.011200 0.041300
v -0.001038 -0.011200 0.041074
v 0.000356 -0.011200 0.041275
v -0.001637 -0.011200 0.040689
v 0.001038 -0.011200 0.041074
v -0.002103 -0.011200 0.040152
v 0.001637 -0.011200 0.040689
v -0.002399 -0.011200 0.039504
v 0.002103 -0.011200 0.040152
v -0.002500 -0.011200 0.038800
v 0.002399 -0.011200 0.039504
v 0.002500 -0.011200 0.038800
v -0.008468 -0.011200 0.009295
v 0.008468 -0.011200 0.009295
v 0.008030 -0.011200 0.008058
v -0.005739 -0.011200 0.004895
v -0.006653 -0.011200 0.005837
v 0.005739 -0.011200 0.004895
v -0.008003 -0.011200 0.008068
v -0.007803 -0.011200 0.007540
v 0.007971 -0.011200 0.007889
v -0.006778 -0.011200 0.005966
v -0.007396 -0.011200 0.006915
v 0.007395 -0.011200 0.006913
v 0.007016 -0.011200 0.006271
v 0.006632 -0.011200 0.005857
vn -0.0000 0.9999 0.0132
vn -0.0007 0.9999 0.0137
vn -0.0007 1.0000 0.0052
vn -0.0000 1.0000 -0.0000
vn -0.0000 1.0000 0.0001
vn 0.0021 0.9999 0.0144
vn 0.0007 1.0000 0.0047
vn 0.0003 1.0000 0.0048
vn -0.0760 0.9314 0.3559
vn -0.0022 1.0000 0.0055
vn 0.0030 1.0000 0.0069
vn 0.0082 0.9992 0.0384
vn 0.0046 0.9999 0.0105
vn 0.0031 1.0000 0.0069
vn -0.0074 0.9998 0.0165
vn -0.0060 1.0000 0.0079
vn -0.0000 1.0000 0.0002
vn -0.0062 0.9999 0.0082
vn 0.0104 0.9999 0.0133
vn 0.0039 1.0000 0.0052
vn 0.0042 1.0000 0.0053
vn -0.0038 1.0000 0.0052
vn -0.0039 1.0000 0.0052
vn -0.0042 1.0000 0.0033
vn -0.0505 0.9977 0.0449
vn 0.0505 0.9977 0.0449
vn 0.0038 1.0000 0.0029
vn -0.0047 1.0000 0.0020
vn -0.0102 0.9999 0.0051
vn -0.0133 0.9999 0.0085
vn 0.0109 0.9999 0.0070
vn 0.0133 0.9999 0.0054
vn 0.0047 1.0000 0.0019
vn 0.0045 1.0000 0.0023
vn -0.0075 1.0000 0.0032
vn -0.0048 1.0000 0.0018
vn -0.0167 0.9999 0.0043
vn -0.0052 1.0000 0.0007
vn 0.0064 1.0000 0.0008
vn 0.1028 0.9942 0.0325
vn -0.0123 0.9999 -0.0006
vn -0.0175 0.9998 0.0017
vn 0.0175 0.9998 0.0017
vn 0.0105 0.9999 -0.0014
vn 0.0105 0.9999 -0.0012
vn 0.0063 1.0000 -0.0009
vn -0.0120 0.9999 -0.0006
vn -0.0112 0.9999 -0.0019
vn -0.0046 1.0000 -0.0011
vn -0.0162 0.9999 -0.0010
vn 0.0737 0.9970 -0.0250
vn 0.0044 1.0000 -0.0019
vn -0.2177 0.9732 -0.0739
vn -0.0051 1.0000 -0.0029
vn -0.0051 1.0000 -0.0028
vn 0.0120 0.9999 -0.0064
vn 0.0111 0.9999 -0.0074
vn -0.0978 0.9933 -0.0611
vn -0.1030 0.9932 -0.0540
vn 0.0121 0.9999 -0.0063
vn 0.0112 0.9999 -0.0076
vn -0.1147 0.9932 -0.0186
vn -0.1030 0.9932 -0.0539
vn 0.1016 0.9931 -0.0580
vn 0.1147 0.9932 -0.0186
vn -0.1147 0.9934 -0.0000
vn 0.1147 0.9934 -0.0000
vn -0.1147 0.9930 0.0271
vn 0.1385 0.9899 0.0316
vn 0.1147 0.9932 0.0176
vn -0.0855 0.9961 0.0202
vn -0.1454 0.9891 0.0223
vn -0.1313 0.9892 0.0645
vn 0.0683 0.9961 0.0553
vn -0.1096 0.9899 0.0903
vn 0.0916 0.9930 0.0742
vn 0.1313 0.9892 0.0645
vn 0.1065 0.9891 0.1015
vn -0.0840 0.9932 0.0800
vn -0.0671 0.9934 0.0932
vn 0.0671 0.9934 0.0932
vn -0.0607 0.9934 0.0975
vn -0.0578 0.9946 0.0863
vn 0.0502 0.9955 0.0806
vn -0.0954 0.9954 -0.0000
vn -0.1195 0.9908 0.0632
vn 0.0961 0.9954 -0.0000
vn 0.0640 0.9934 0.0955
vn 0.1201 0.9908 0.0628
vn -0.1301 0.9915 -0.0027
vn -0.0282 0.2150 0.9762
vn 0.0786 0.5992 0.7968
vn 0.1301 0.9915 -0.0027
vn -0.1086 0.6817 0.7235
vn 0.1895 0.7209 0.6666
vn -0.2264 0.6868 0.6907
vn -0.2528 0.5848 0.7708
vn -0.3070 0.6594 0.6862
vn -0.3071 0.6593 0.6863
vn 0.1923 0.7101 0.6773
vn 0.3157 0.6784 0.6633
vn 0.3283 0.6194 0.7131
vn 0.2733 0.5871 0.7620
vn -0.3524 0.6168 0.7038
vn 0.3966 0.5859 0.7067
vn -0.4315 0.5597 0.7075
vn -0.4428 0.4553 0.7724
vn -0.1686 0.9857 -0.0000
vn 0.1488 0.9889 -0.0000
vn 0.5014 0.5016 0.7050
vn 0.4275 0.5622 0.7079
vn -0.4589 0.8884 -0.0124
vn -0.2236 0.9747 -0.0021
vn -0.2235 0.9742 -0.0307
vn 0.2236 0.9747 -0.0028
vn 0.2235 0.9742 -0.0307
vn -0.2104 0.9745 -0.0776
vn -0.2234 0.9742 -0.0307
vn 0.2107 0.9745 -0.0777
vn 0.2103 0.9745 -0.0777
vn 0.2234 0.9742 -0.0307
vn -0.2107 0.9745 -0.0778
vn -0.1954 0.9745 -0.1107
vn 0.1951 0.9745 -0.1106
vn 0.1954 0.9745 -0.1107
vn -0.1951 0.9745 -0.1105
vn -0.1643 0.9740 -0.1557
vn 0.1643 0.9740 -0.1557
vn -0.1060 0.9740 -0.2000
vn 0.1060 0.9740 -0.2000
vn -0.0366 0.9740 -0.2234
vn 0.0366 0.9740 -0.2234
vn -0.0000 0.9747 -0.2235
vn 0.0144 0.9618 0.2733
vn -0.0122 0.9729 0.2308
vn -0.0486 0.9727 0.2269
vn 0.0486 0.9727 0.2269
vn -0.0000 0.9727 0.2321
vn -0.0950 0.9727 0.2117
vn -0.0950 0.9727 0.2118
vn 0.0950 0.9727 0.2117
vn -0.1372 0.9727 0.1872
vn -0.1372 0.9727 0.1871
vn 0.1372 0.9727 0.1872
vn 0.0950 0.9727 0.2118
vn -0.1733 0.9727 0.1543
vn -0.1734 0.9727 0.1543
vn 0.1733 0.9727 0.1543
vn -0.1947 0.9729 0.1246
vn 0.1947 0.9729 0.1246
vn 0.1734 0.9727 0.1543
vn -0.2177 0.9682 0.1236
vn -0.2067 0.9729 0.1034
vn 0.2447 0.9618 0.1224
vn -0.2213 0.9727 0.0698
vn -0.2561 0.9619 0.0958
vn 0.2213 0.9727 0.0698
vn 0.2018 0.9727 0.1146
vn -0.2238 0.9729 0.0578
vn -0.2310 0.9727 0.0219
vn 0.2310 0.9727 0.0219
vn -0.2305 0.9727 -0.0269
vn -0.2724 0.9620 -0.0175
vn 0.2305 0.9727 -0.0269
vn -0.2278 0.9729 -0.0391
vn -0.2198 0.9727 -0.0746
vn 0.2198 0.9727 -0.0746
vn -0.0977 0.9934 -0.0610
vn -0.2068 0.9730 -0.1029
vn 0.2043 0.9729 -0.1082
vn 0.1919 0.9729 -0.1290
vn 0.1917 0.9730 -0.1290
vn 0.2150 0.9682 -0.1283
vn 0.2291 0.9703 -0.0780
vn -0.1029 0.9932 -0.0539
vn -0.3639 0.9001 -0.2395
vn -0.3893 0.8982 -0.2040
vn -0.4339 0.8982 -0.0704
vn 0.2293 0.9702 -0.0781
vn 0.3724 0.8942 -0.2485
vn 0.4339 0.8982 -0.0704
vn -0.4350 0.9004 -0.0000
vn 0.4350 0.9004 -0.0000
vn -0.4340 0.8984 0.0666
vn 0.4340 0.8984 0.0666
vn -0.3941 0.8984 0.1936
vn 0.3941 0.8984 0.1936
vn -0.3179 0.8985 0.3028
vn -0.3179 0.8984 0.3029
vn 0.3180 0.8984 0.3029
vn -0.2426 0.9001 0.3620
vn -0.2426 0.9001 0.3619
vn 0.2426 0.9001 0.3620
vn 0.2426 0.9001 0.3619
vn 0.3179 0.8985 0.3029
vn -0.3851 0.8331 0.3970
vn -0.3319 0.8923 0.3060
vn 0.2768 0.8983 0.3412
vn 0.3839 0.8340 0.3963
vn 0.2432 0.9562 0.1629
vn 0.4478 0.8941 -0.0011
vn 0.4923 0.4924 0.7178
vn 0.4563 0.5018 0.7348
vn -0.4635 0.5244 0.7142
vn -0.4613 0.8873 -0.0020
vn -0.2855 0.9584 0.0018
vn 0.2841 0.9588 0.0013
vn 0.4220 0.9066 0.0058
vn 0.4475 0.8943 -0.0011
vn 0.4562 0.5019 0.7349
vn -0.2234 0.9747 0.0064
vn -0.2233 0.9743 -0.0307
vn 0.2234 0.9747 0.0068
vn 0.2233 0.9743 -0.0307
vn -0.2186 0.9603 0.1733
vn -0.2768 0.8983 0.3413
vn 0.2768 0.8983 0.3413
vn -0.0000 0.7858 0.6185
vn -0.1295 0.7858 0.6048
vn 0.1295 0.7858 0.6048
vn -0.2532 0.7858 0.5643
vn 0.2532 0.7858 0.5643
vn -0.3657 0.7858 0.4988
vn 0.3657 0.7858 0.4988
vn -0.4620 0.7858 0.4112
vn 0.4620 0.7858 0.4112
vn -0.5379 0.7858 0.3054
vn -0.5378 0.7858 0.3053
vn 0.5379 0.7858 0.3054
vn -0.5898 0.7858 0.1860
vn 0.5898 0.7858 0.1860
vn 0.5378 0.7858 0.3054
vn -0.6157 0.7858 0.0584
vn 0.6157 0.7858 0.0584
vn 0.5899 0.7858 0.1860
vn -0.6143 0.7858 -0.0718
vn 0.6143 0.7858 -0.0718
vn -0.5857 0.7858 -0.1988
vn 0.5857 0.7858 -0.1988
vn -0.5399 0.7867 -0.2995
vn 0.5313 0.7856 -0.3170
vn 0.5311 0.7858 -0.3170
vn 0.5857 0.7858 -0.1987
vn 0.5804 0.7780 -0.2407
vn -0.7061 0.7081 -0.0051
vn -0.6257 0.7800 -0.0008
vn -0.6234 0.7772 -0.0857
vn 0.6257 0.7800 -0.0009
vn 0.7060 0.7082 -0.0053
vn 0.6234 0.7772 -0.0857
vn -0.5881 0.7791 -0.2172
vn -0.6234 0.7772 -0.0856
vn 0.5881 0.7791 -0.2171
vn 0.6234 0.7772 -0.0856
vn -0.5455 0.7791 -0.3089
vn 0.5455 0.7791 -0.3089
vn 0.5881 0.7791 -0.2172
vn -0.4579 0.7760 -0.4338
vn -0.4578 0.7760 -0.4338
vn 0.4579 0.7760 -0.4337
vn -0.2954 0.7760 -0.5573
vn 0.2954 0.7760 -0.5573
vn 0.4579 0.7760 -0.4338
vn -0.1020 0.7761 -0.6223
vn -0.1021 0.7760 -0.6224
vn 0.1021 0.7760 -0.6224
vn 0.1020 0.7761 -0.6223
vn -0.0000 0.7802 -0.6256
vn -0.4220 0.9066 0.0014
vn -0.2854 0.9584 0.0014
vn -0.2855 0.9584 0.0014
vn -0.4220 0.9066 -0.0021
vn -0.4624 0.8867 -0.0081
vn -0.4628 0.8864 -0.0081
vn 0.2839 0.9588 0.0013
vn 0.2840 0.9588 0.0013
vn 0.4531 0.8914 -0.0074
vn 0.4220 0.9066 -0.0031
vn 0.3198 0.9397 0.1210
vn -0.3199 0.9400 0.1181
vn -0.0000 0.7801 -0.6257
vn -0.3203 0.9399 0.1179
vn -0.4350 0.9005 -0.0000
vn 0.4349 0.9005 -0.0000
vn 0.4350 0.9005 -0.0000
vn -0.4340 0.8985 0.0666
vn 0.4340 0.8985 0.0666
vn -0.4878 0.4880 0.7238
vn 0.4875 0.4879 0.7241
vn -0.6608 0.6243 -0.4166
vn -0.6945 0.6206 -0.3640
vn -0.7739 0.6207 -0.1255
vn -0.6945 0.6207 -0.3639
vn 0.5805 0.7779 -0.2406
vn 0.6673 0.6145 -0.4209
vn 0.7739 0.6207 -0.1255
vn -0.7801 0.6257 -0.0000
vn 0.7801 0.6257 -0.0000
vn -0.7746 0.6212 0.1188
vn 0.7746 0.6212 0.1188
vn -0.7034 0.6212 0.3455
vn -0.7034 0.6212 0.3456
vn -0.7746 0.6212 0.1187
vn 0.7744 0.6214 0.1191
vn 0.7034 0.6212 0.3455
vn -0.5674 0.6212 0.5406
vn -0.5674 0.6212 0.5405
vn 0.7033 0.6212 0.3456
vn 0.5674 0.6212 0.5405
vn -0.4347 0.6249 0.6485
vn -0.4348 0.6248 0.6486
vn 0.4347 0.6249 0.6485
vn 0.4348 0.6248 0.6486
vn -0.4080 0.6256 0.6649
vn -0.3889 0.7813 0.4882
vn 0.4080 0.6256 0.6649
vn 0.3889 0.7813 0.4882
vn -0.4818 0.8485 0.2190
vn -0.5089 0.7066 0.4917
vn -0.5311 0.7381 0.4161
vn 0.5089 0.7066 0.4917
vn 0.4755 0.8600 0.1852
vn 0.4979 0.8372 0.2263
vn 0.5311 0.7381 0.4161
vn -0.4975 0.8519 0.1636
vn -0.4877 0.4881 0.7238
vn -0.7060 0.7082 0.0008
vn -0.6257 0.7801 -0.0008
vn 0.7061 0.7081 0.0006
vn 0.6257 0.7801 -0.0009
vn 0.5127 0.4737 0.7160
vn 0.4385 0.4384 0.7846
vn -0.4347 0.6248 0.6486
vn -0.4080 0.6255 0.6650
vn 0.4347 0.6248 0.6486
vn 0.4080 0.6255 0.6650
vn -0.6231 0.7774 -0.0856
vn 0.6235 0.7771 -0.0856
vn -0.0000 0.4432 0.8964
vn -0.1876 0.4432 0.8766
vn -0.1877 0.4432 0.8765
vn 0.1877 0.4432 0.8766
vn -0.3670 0.4432 0.8178
vn -0.3670 0.4432 0.8179
vn 0.3670 0.4432 0.8179
vn 0.1876 0.4432 0.8765
vn -0.5300 0.4432 0.7230
vn 0.5300 0.4432 0.7230
vn -0.6696 0.4432 0.5960
vn 0.6697 0.4432 0.5960
vn -0.7796 0.4432 0.4426
vn -0.7796 0.4431 0.4426
vn 0.7795 0.4432 0.4426
vn 0.6696 0.4432 0.5960
vn -0.8550 0.4431 0.2696
vn -0.8549 0.4432 0.2696
vn 0.8548 0.4434 0.2696
vn 0.7796 0.4431 0.4426
vn -0.8924 0.4432 0.0847
vn 0.8924 0.4432 0.0847
vn 0.8549 0.4432 0.2696
vn -0.8904 0.4432 -0.1040
vn -0.8904 0.4431 -0.1040
vn 0.8904 0.4432 -0.1040
vn -0.8489 0.4432 -0.2881
vn -0.8489 0.4431 -0.2881
vn 0.8489 0.4432 -0.2881
vn 0.8904 0.4431 -0.1040
vn -0.6608 0.6244 -0.4165
vn -0.7785 0.4438 -0.4438
vn 0.7697 0.4433 -0.4594
vn 0.7698 0.4432 -0.4594
vn 0.8489 0.4431 -0.2881
vn 0.8263 0.4353 -0.3574
vn -0.9004 0.4351 -0.0011
vn -0.8936 0.4318 -0.1227
vn 0.9005 0.4349 -0.0009
vn 0.8937 0.4316 -0.1228
vn -0.8452 0.4338 -0.3121
vn -0.8937 0.4316 -0.1227
vn 0.8452 0.4338 -0.3121
vn -0.7840 0.4338 -0.4440
vn -0.7841 0.4338 -0.4439
vn 0.7841 0.4338 -0.4440
vn -0.6553 0.4303 -0.6209
vn -0.6553 0.4303 -0.6208
vn 0.7840 0.4338 -0.4439
vn 0.6553 0.4303 -0.6209
vn -0.4228 0.4303 -0.7975
vn -0.4227 0.4304 -0.7975
vn 0.4228 0.4304 -0.7975
vn 0.6553 0.4303 -0.6208
vn -0.1461 0.4303 -0.8908
vn 0.1461 0.4303 -0.8908
vn 0.4228 0.4303 -0.7976
vn -0.0000 0.4350 -0.9005
vn 0.8933 0.4495 -0.0015
vn -0.5012 0.4575 0.7345
vn -0.8864 0.4628 -0.0021
vn -0.4741 0.5015 0.7237
vn -0.5173 0.4892 0.7022
vn 0.4741 0.5015 0.7237
vn 0.5173 0.4892 0.7022
vn -0.7740 0.6206 -0.1256
vn -0.7802 0.6255 -0.0000
vn 0.7802 0.6255 -0.0000
vn 0.7740 0.6206 -0.1256
vn -0.7745 0.6213 0.1189
vn 0.7747 0.6211 0.1188
vn -0.0000 0.4349 -0.9005
vn -0.1460 0.4303 -0.8908
vn 0.1460 0.4303 -0.8908
vn -0.4971 0.8521 0.1637
vn 0.6145 0.7889 0.0014
vn 0.7071 0.7071 0.0041
vn 0.6315 0.7636 0.1342
vn -0.8275 0.2227 -0.5153
vn -0.8639 0.2208 -0.4527
vn -0.8639 0.2209 -0.4526
vn -0.9627 0.2209 -0.1562
vn 0.8275 0.2177 -0.5176
vn 0.9627 0.2209 -0.1562
vn -0.9747 0.2236 -0.0000
vn 0.9747 0.2236 -0.0000
vn -0.9640 0.2212 0.1478
vn -0.9640 0.2211 0.1481
vn 0.9640 0.2212 0.1478
vn -0.8753 0.2212 0.4301
vn 0.8753 0.2212 0.4301
vn -0.7061 0.2211 0.6727
vn -0.8753 0.2212 0.4300
vn -0.7062 0.2212 0.6726
vn 0.8753 0.2212 0.4300
vn 0.7061 0.2212 0.6727
vn -0.5428 0.2231 0.8097
vn -0.5428 0.2228 0.8098
vn 0.5428 0.2228 0.8098
vn 0.5428 0.2231 0.8097
vn 0.7062 0.2211 0.6726
vn -0.4607 0.2232 0.8590
vn 0.4607 0.2232 0.8590
vn -0.6239 0.7815 0.0010
vn -0.6414 0.7527 0.1484
vn -0.6298 0.7631 0.1449
vn -0.6261 0.6388 0.4471
vn 0.6261 0.6388 0.4471
vn 0.6287 0.7662 0.1333
vn -0.7070 0.7072 0.0009
vn -0.5013 0.4573 0.7346
vn -0.5062 0.4387 0.7425
vn -0.5065 0.4336 0.7453
vn -0.5066 0.4336 0.7453
vn -0.5016 0.5017 0.7047
vn -0.5427 0.2231 0.8097
vn -0.4582 0.1743 0.8716
vn -0.4837 0.2236 0.8462
vn -0.4836 0.2236 0.8462
vn 0.5427 0.2231 0.8097
vn 0.4840 0.2236 0.8460
vn 0.4606 0.2191 0.8602
vn -0.7575 0.6527 -0.0115
vn -0.7575 0.6528 -0.0115
vn -0.6239 0.7815 0.0009
vn -0.8654 0.4995 -0.0392
vn -0.7071 0.7071 -0.0000
vn -0.5016 0.5016 0.7048
vn 0.6144 0.7890 0.0014
vn 0.7567 0.6537 -0.0111
vn 0.7071 0.7071 -0.0035
vn -0.6397 0.7581 0.1268
vn 0.6310 0.7650 0.1291
vn -0.8864 0.4630 -0.0026
vn -0.9003 0.4352 -0.0021
vn 0.8932 0.4496 -0.0017
vn 0.9004 0.4350 -0.0015
vn 0.5255 0.4627 0.7140
vn -0.8937 0.4316 -0.1228
vn 0.8936 0.4317 -0.1228
vn -0.9822 0.1877 -0.0008
vn -0.9934 0.1147 0.0023
vn 0.9887 0.1498 -0.0000
vn 0.9934 0.1147 0.0013
vn 0.5621 0.4276 0.7079
vn -0.4706 0.1687 0.8661
vn -0.4816 0.1678 0.8602
vn -0.5290 0.4383 0.7267
vn -0.4485 0.1459 0.8818
vn 0.4818 0.1678 0.8601
vn 0.4821 0.1677 0.8599
vn 0.5290 0.4383 0.7267
vn 0.4568 0.1695 0.8733
vn -0.0000 0.1197 0.9928
vn -0.2078 0.1196 0.9708
vn -0.2078 0.1195 0.9708
vn -0.2080 0.1197 0.9708
vn 0.2077 0.1195 0.9709
vn 0.2078 0.1195 0.9708
vn -0.4065 0.1196 0.9058
vn 0.2078 0.1196 0.9708
vn 0.4065 0.1196 0.9058
vn -0.5870 0.1195 0.8007
vn -0.5870 0.1194 0.8007
vn -0.4063 0.1198 0.9058
vn 0.5870 0.1195 0.8007
vn 0.5871 0.1199 0.8006
vn 0.4065 0.1195 0.9058
vn 0.4063 0.1198 0.9058
vn -0.7416 0.1196 0.6601
vn -0.7416 0.1197 0.6600
vn -0.5868 0.1197 0.8008
vn 0.7416 0.1197 0.6600
vn 0.5872 0.1196 0.8006
vn -0.8634 0.1196 0.4902
vn -0.8634 0.1197 0.4902
vn 0.8634 0.1196 0.4902
vn 0.7417 0.1196 0.6600
vn -0.9469 0.1196 0.2986
vn 0.9469 0.1196 0.2986
vn -0.9884 0.1196 0.0938
vn -0.9884 0.1197 0.0938
vn -0.9468 0.1197 0.2986
vn 0.9468 0.1197 0.2986
vn 0.9884 0.1197 0.0938
vn -0.9861 0.1198 -0.1152
vn -0.9861 0.1195 -0.1152
vn -0.9884 0.1196 0.0937
vn 0.9884 0.1196 0.0938
vn 0.9884 0.1196 0.0939
vn 0.9861 0.1195 -0.1152
vn -0.9401 0.1198 -0.3191
vn -0.9402 0.1196 -0.3190
vn -0.9402 0.1197 -0.3190
vn 0.9402 0.1196 -0.3190
vn 0.9861 0.1198 -0.1152
vn 0.9401 0.1198 -0.3191
vn -0.8525 0.1196 -0.5088
vn -0.8333 0.1909 -0.5188
vn 0.9402 0.1197 -0.3190
vn 0.8525 0.1196 -0.5088
vn 0.8795 0.1188 -0.4608
vn 0.8525 0.1195 -0.5088
vn 0.8526 0.1196 -0.5087
vn -0.8372 0.2225 -0.4996
vn -0.9843 0.1137 -0.1352
vn -0.9843 0.1138 -0.1352
vn 0.9843 0.1137 -0.1352
vn -0.9319 0.1144 -0.3442
vn -0.9319 0.1144 -0.3441
vn 0.9319 0.1144 -0.3441
vn 0.9843 0.1138 -0.1352
vn -0.8645 0.1144 -0.4895
vn 0.8645 0.1144 -0.4895
vn 0.9319 0.1144 -0.3442
vn -0.7212 0.1133 -0.6834
vn -0.7213 0.1132 -0.6833
vn 0.7213 0.1133 -0.6833
vn -0.4654 0.1132 -0.8778
vn -0.4653 0.1133 -0.8779
vn 0.4654 0.1132 -0.8778
vn 0.7212 0.1132 -0.6834
vn 0.4653 0.1133 -0.8779
vn -0.1607 0.1132 -0.9805
vn -0.1607 0.1133 -0.9805
vn 0.1607 0.1133 -0.9805
vn -0.0000 0.1147 -0.9934
vn 0.1607 0.1132 -0.9805
vn -0.6061 0.3892 0.6937
vn -0.5780 0.3746 0.7250
vn -0.6663 0.5461 0.5078
vn 0.6066 0.3889 0.6934
vn 0.5775 0.3737 0.7258
vn 0.6734 0.5645 0.4773
vn 0.6764 0.5170 0.5245
vn -0.6395 0.7583 0.1269
vn -0.7285 0.6622 0.1755
vn -0.6918 0.5462 0.4723
vn 0.7285 0.6629 0.1729
vn -0.9998 0.0188 -0.0000
vn 0.7647 0.6357 0.1053
vn -0.7657 0.6336 0.1107
vn -0.0000 -0.0080 1.0000
vn -0.2095 0.0056 0.9778
vn 0.2095 0.0056 0.9778
vn -0.2093 0.0056 0.9778
vn 0.2093 0.0056 0.9778
vn -0.4094 0.0095 0.9123
vn -0.2826 -0.0168 0.9591
vn 0.2826 -0.0168 0.9591
vn 0.4094 0.0095 0.9123
vn -0.4093 0.0095 0.9124
vn 0.4093 0.0095 0.9124
vn -0.5913 0.0035 0.8064
vn -0.5422 -0.0157 0.8401
vn 0.5913 0.0035 0.8064
vn 0.5422 -0.0157 0.8401
vn -0.5910 0.0035 0.8066
vn 0.5910 0.0035 0.8066
vn -0.7470 -0.0043 0.6648
vn 0.7470 -0.0043 0.6648
vn -0.8696 0.0072 0.4937
vn -0.7576 -0.0107 0.6527
vn 0.7576 -0.0107 0.6527
vn 0.8696 0.0072 0.4937
vn -0.9072 0.0538 0.4172
vn -0.8875 0.0269 0.4600
vn -0.8695 0.0140 0.4938
vn -0.8631 -0.1222 0.4900
vn -0.9262 0.1124 0.3598
vn -0.9072 0.0538 0.4173
vn -0.8697 0.0141 0.4934
vn -0.8549 0.0072 0.5187
vn 0.8901 0.0296 0.4549
vn 0.9083 0.0564 0.4146
vn 0.8695 -0.0182 0.4936
vn 0.8552 0.0072 0.5182
vn 0.8731 0.0161 0.4873
vn -0.9533 0.0296 0.3006
vn -0.9677 0.0749 0.2409
vn 0.9252 -0.0006 0.3794
vn 0.9457 0.0131 0.3247
vn 0.9533 0.0306 0.3006
vn -0.9534 -0.0240 0.3007
vn -0.9724 0.0295 0.2313
vn 0.9696 0.0281 0.2431
vn 0.9533 0.0282 0.3007
vn -0.9950 0.0334 0.0944
vn -0.9936 0.0146 0.1118
vn 0.9719 -0.0032 0.2356
vn 0.9955 0.0073 0.0945
vn -0.9931 -0.0692 0.0943
vn -0.9998 -0.0111 -0.0145
vn -0.9998 -0.0111 -0.0144
vn 0.9955 -0.0099 0.0944
vn 0.9875 0.0683 0.1418
vn 0.9998 -0.0099 0.0146
vn -0.9931 0.0191 -0.1160
vn -0.9891 0.0469 -0.1394
vn 0.9998 -0.0132 0.0143
vn 0.9929 0.0248 -0.1160
vn -0.9466 0.0272 -0.3213
vn -0.9720 -0.0069 -0.2348
vn 0.9932 0.0286 -0.1129
vn 0.9460 -0.0454 -0.3211
vn -0.9467 0.0238 -0.3213
vn -0.9435 0.0270 -0.3302
vn 0.9466 0.0259 -0.3212
vn 0.9723 0.0306 -0.2315
vn 0.9444 0.0259 -0.3277
vn -0.8582 -0.0327 -0.5122
vn -0.9245 0.0021 -0.3812
vn 0.8582 -0.0330 -0.5122
vn 0.9233 0.0012 -0.3842
vn 0.9450 0.0218 -0.3263
vn -0.8706 0.0182 -0.4916
vn -0.8881 0.0333 -0.4585
vn -0.9063 0.0621 -0.4180
vn -0.8524 0.0081 -0.5228
vn -0.8587 0.0081 -0.5124
vn 0.9052 0.0592 -0.4208
vn 0.8854 0.0302 -0.4638
vn 0.8669 0.0158 -0.4982
vn 0.8668 0.0157 -0.4983
vn 0.8522 0.0081 -0.5232
vn 0.8191 0.0081 -0.5735
vn 0.8587 -0.0000 -0.5124
vn -0.8192 -0.0000 -0.5736
vn -0.8858 -0.0000 -0.4641
vn 0.8858 -0.0000 -0.4641
vn -0.9871 -0.0000 -0.1602
vn 0.9871 -0.0000 -0.1602
vn -1.0000 -0.0000 -0.0000
vn 1.0000 -0.0000 -0.0000
vn -0.9885 -0.0000 0.1515
vn 0.9885 -0.0000 0.1515
vn -0.8975 -0.0030 0.4411
vn -0.9740 0.0061 0.2263
vn 0.9740 0.0061 0.2263
vn 0.8975 -0.0030 0.4411
vn -0.8975 -0.0030 0.4409
vn 0.8975 -0.0030 0.4409
vn -0.7241 -0.0000 0.6897
vn -0.7744 0.0061 0.6326
vn 0.7744 0.0061 0.6326
vn 0.7241 -0.0000 0.6897
vn -0.5666 -0.0083 0.8239
vn -0.5568 -0.0080 0.8306
vn -0.5469 -0.0224 0.8369
vn -0.5467 -0.0225 0.8370
vn -0.5802 -0.0031 0.8145
vn -0.5801 -0.0032 0.8146
vn -0.5928 -0.0000 0.8053
vn 0.5931 -0.0000 0.8051
vn 0.5840 -0.0021 0.8117
vn 0.5842 -0.0021 0.8116
vn 0.5728 -0.0056 0.8197
vn 0.5569 -0.0142 0.8304
vn 0.5567 -0.0144 0.8306
vn -0.4674 0.0008 0.8841
vn -0.4889 0.0025 0.8723
vn 0.5108 0.0018 0.8597
vn 0.4691 0.0149 0.8830
vn -0.5015 0.5016 0.7049
vn -0.6172 0.3517 0.7038
vn -0.9907 -0.0000 -0.1361
vn -0.9732 0.0167 -0.2293
vn -0.9946 -0.0000 -0.1036
vn -0.9946 -0.0000 -0.1037
vn 0.9907 0.0018 -0.1361
vn 0.9848 0.0066 -0.1734
vn 0.9991 -0.0000 -0.0415
vn -0.9381 -0.0001 -0.3464
vn -0.8911 0.0434 -0.4518
vn -0.8912 0.0434 -0.4516
vn -0.9250 0.0136 -0.3797
vn -0.9500 0.0009 -0.3122
vn -0.9501 0.0009 -0.3121
vn -0.9615 -0.0000 -0.2748
vn 0.9536 -0.0000 -0.3011
vn 0.9535 -0.0000 -0.3013
vn 0.9381 -0.0012 -0.3464
vn 0.9016 0.0334 -0.4313
vn 0.9312 0.0098 -0.3644
vn 0.9842 -0.0000 -0.1768
vn -0.8702 -0.0000 -0.4927
vn -0.8504 0.0149 -0.5260
vn -0.8904 -0.0001 -0.4553
vn 0.9002 -0.0014 -0.4355
vn 0.8702 0.0077 -0.4927
vn 0.8774 0.0050 -0.4798
vn -0.7259 -0.0000 -0.6878
vn 0.8505 -0.0000 -0.5261
vn 0.7259 -0.0000 -0.6878
vn -0.6677 -0.0128 -0.7444
vn -0.4684 0.0064 -0.8835
vn 0.6677 -0.0128 -0.7444
vn 0.4684 0.0064 -0.8835
vn -0.4683 0.0064 -0.8835
vn 0.4683 0.0064 -0.8835
vn -0.1618 -0.0000 -0.9868
vn -0.2413 -0.0128 -0.9704
vn 0.1618 -0.0000 -0.9868
vn 0.2413 -0.0128 -0.9704
vn -0.0000 -0.0000 -1.0000
vn 0.5867 0.3945 0.7072
vn -0.4658 -0.0088 0.8848
vn -0.4504 -0.0184 0.8926
vn -0.4900 0.0008 0.8717
vn 0.5115 -0.0017 0.8593
vn 0.5116 -0.0018 0.8592
vn 0.4738 -0.0036 0.8806
vn 0.4655 -0.0110 0.8850
vn -0.6172 0.3519 0.7038
vn 0.5876 0.3943 0.7066
vn 0.5040 0.5041 0.7013
vn -0.4364 0.1431 0.8883
vn -0.6118 0.4002 0.6823
vn -0.4537 0.1427 0.8797
vn 0.4594 0.1391 0.8772
vn 0.4346 0.1435 0.8891
vn 0.5962 0.3700 0.7124
vn 0.4595 0.1391 0.8772
vn -0.4691 0.0166 0.8830
vn -0.4443 0.0026 0.8959
vn 0.4256 0.0018 0.9049
vn 0.4659 -0.0109 0.8848
vn -0.3965 -0.0118 0.9179
vn 0.4257 0.0083 0.9048
vn 0.3875 -0.0314 0.9214
vn -0.7656 0.6337 0.1107
vn 0.7579 0.6524 -0.0001
vn -0.7497 0.4535 0.4820
vn -0.8122 0.5543 0.1819
vn -0.7741 0.4519 0.4435
vn -0.7719 0.4524 0.4466
vn 0.7489 0.4526 0.4841
vn 0.7830 0.4402 0.4396
vn 0.7507 0.4522 0.4816
vn 0.8123 0.5547 0.1801
vn 0.6192 0.3235 0.7155
vn -0.4307 0.0667 0.9000
vn -0.3965 -0.0115 0.9180
vn 0.3874 -0.0311 0.9214
vn -0.7722 0.4489 0.4498
vn -0.7723 0.4487 0.4496
vn -0.6072 0.3143 0.7297
vn -0.6073 0.3141 0.7297
vn 0.5948 0.3387 0.7290
vn 0.5947 0.3388 0.7290
vn 0.7537 0.4037 0.5186
vn 0.1469 -0.9891 -0.0029
vn -0.2019 -0.9794 0.0064
vn -0.1237 -0.9910 0.0504
vn 0.1570 -0.9873 0.0233
vn 0.0884 -0.9928 0.0802
vn -0.1461 -0.9892 -0.0103
vn 0.1471 -0.9891 -0.0029
vn 0.3505 -0.9347 0.0583
vn 0.3504 -0.9348 0.0583
vn 0.3502 -0.9349 0.0582
vn 0.4585 -0.8753 0.1536
vn 0.2964 -0.9551 0.0027
vn -0.0000 -0.0000 1.0000
vn -0.3159 -0.9486 -0.0202
vn -0.3996 -0.8939 0.2031
vn -0.3250 -0.9430 0.0720
vn -0.3249 -0.9430 0.0719
vn -0.3248 -0.9431 0.0718
vn -0.1467 -0.9891 -0.0103
vn 0.2644 -0.9644 -0.0001
vn -0.8690 0.4816 0.1134
vn 0.7070 0.7072 -0.0001
vn 0.7580 0.6523 -0.0000
vn 0.7614 0.6064 0.2291
vn -0.8683 0.4961 -0.0000
vn -0.8690 0.4817 0.1134
vn -0.9410 0.3381 -0.0156
vn -0.7059 0.7061 0.0548
vn 0.9066 0.4220 -0.0000
vn 0.8685 0.4955 -0.0124
vn 0.8699 0.4794 0.1163
vn -0.9066 0.4220 -0.0005
vn -0.5925 0.2758 0.7569
vn 0.5532 0.2246 0.8022
vn 0.6758 0.3146 0.6666
vn -0.3513 -0.9363 -0.0036
vn 0.5948 -0.8039 -0.0001
vn 0.3406 -0.9214 0.1873
vn 0.5141 -0.8552 0.0657
vn 0.8686 0.4954 -0.0124
vn 0.8697 0.4935 0.0078
vn 0.8848 0.4526 0.1106
vn 0.8249 0.5189 0.2242
vn 0.8691 0.4867 0.0888
vn -0.8683 0.4960 -0.0000
vn -0.8593 0.4980 0.1168
vn -0.8701 0.4886 0.0650
vn -0.6500 -0.7599 0.0075
vn -0.3515 -0.9362 -0.0036
vn -0.5946 -0.8032 0.0376
vn -0.8668 0.4305 0.2517
vn -0.7752 0.4171 0.4744
vn -0.8668 0.4305 0.2518
vn 0.8589 0.4132 0.3025
vn 0.7512 0.4488 0.4841
vn 0.7510 0.4490 0.4841
vn 0.5778 -0.8162 -0.0044
vn 0.6491 -0.7602 0.0269
vn 0.5778 -0.8162 -0.0045
vn 0.6489 -0.7604 0.0269
vn 0.6451 -0.7638 0.0233
vn 0.6280 -0.7782 -0.0000
vn 0.5779 -0.8161 -0.0044
vn -0.6177 -0.7849 0.0484
vn -0.6175 -0.7850 0.0488
vn -0.5645 -0.8252 -0.0209
vn -0.5644 -0.8253 -0.0208
vn 0.6820 -0.7313 -0.0003
vn -0.5945 -0.8032 0.0376
vn 0.7217 -0.6920 -0.0143
vn 0.6935 -0.7204 0.0017
vn -0.7153 -0.6987 0.0130
vn -0.7284 -0.6852 -0.0026
vn 0.6934 -0.7205 0.0018
vn -0.7284 -0.6851 -0.0027
vn -0.7245 -0.6891 -0.0159
vn 0.6815 -0.7318 0.0050
vn -0.6814 0.2265 0.6959
vn 0.7172 -0.6969 -0.0009
vn -0.7296 -0.6838 0.0069
vn -0.7681 -0.6403 -0.0036
vn 0.7224 -0.6914 -0.0001
vn -0.7379 -0.6749 -0.0078
vn 0.7093 0.7049 0.0002
vn -0.0001 -0.0000 1.0000
vn 0.7263 0.6873 -0.0000
vn 0.9411 0.3381 -0.0000
vn 0.9412 0.3379 -0.0005
vn -0.7299 -0.6836 0.0069
vn 0.7224 -0.6915 -0.0001
vn -0.7954 -0.6061 -0.0017
vn 0.7964 -0.6047 0.0009
vn 1.0000 0.0001 -0.0001
vn 0.9019 -0.4291 -0.0486
vn 0.7966 -0.6045 0.0009
vn 0.8199 -0.5725 0.0001
vn 0.8785 -0.4777 0.0109
vn 0.7990 -0.6013 0.0001
vn -0.7966 -0.6045 0.0020
vn -0.7967 -0.6043 0.0020
vn 0.8984 -0.4392 -0.0003
vn 0.7210 -0.6760 0.1520
vn 0.8474 -0.5281 0.0539
vn -0.8795 -0.4759 0.0039
vn -0.8498 -0.5271 -0.0001
vn -0.8747 -0.4847 -0.0044
vn -0.7680 -0.6405 -0.0036
vn -0.9362 -0.3514 0.0079
vn -0.9084 -0.4169 0.0327
vn -0.8722 -0.4892 -0.0001
vn 0.8723 -0.4890 0.0001
vn -0.8868 -0.4617 0.0178
vn -0.9256 -0.3784 -0.0047
vn 0.8870 -0.4615 -0.0177
vn 0.9256 -0.3785 0.0047
vn 0.9400 -0.3412 0.0026
vn 0.6758 0.3146 0.6665
vn 0.7183 0.1877 0.6700
vn 1.0000 0.0002 -0.0001
vn -0.6607 0.3080 0.6845
vn -0.6893 0.2244 0.6889
vn 0.9911 0.1331 0.0003
vn 0.9066 0.4220 -0.0005
vn -0.9911 0.1331 -0.0005
vn -0.9059 0.4218 0.0369
vn 0.9368 -0.3498 0.0008
vn -0.9369 -0.3496 -0.0008
vn -0.9915 0.1300 -0.0000
vn -0.2016 0.0264 0.9791
vn -0.6762 0.1071 0.7289
vn 0.5955 0.0781 0.7996
vn 0.9915 0.1300 -0.0000
vn -0.9453 -0.3263 -0.0012
vn 0.9455 -0.3257 0.0012
vn -1.0000 -0.0001 -0.0000
vn 1.0000 -0.0002 -0.0000
vn -0.9800 -0.1988 -0.0014
vn 0.8916 -0.0004 0.4528
vn 0.9854 -0.1704 -0.0009
vn -0.8916 -0.0004 -0.4528
vn -0.9854 -0.1703 0.0009
vn 0.9884 -0.1519 -0.0015
vn 0.9866 -0.1631 -0.0000
vn -0.9883 -0.1526 0.0014
vn -0.9866 -0.1633 0.0001
vn 0.9928 -0.1194 -0.0022
vn 0.9993 0.0245 0.0267
vn 0.9929 -0.1193 -0.0021
vn -0.9996 0.0298 0.0018
vn -0.9800 -0.1990 -0.0014
vn -0.9895 0.1447 -0.0014
vn -0.8943 0.4340 0.1091
vn -0.9670 0.2514 0.0419
vn 0.8637 0.0014 0.5041
vn -0.8610 0.0016 -0.5087
vn -0.5906 0.0008 0.8070
vn -0.8609 0.0015 -0.5088
vn -1.0000 0.0044 0.0001
vn -0.9999 -0.0132 -0.0022
vn 0.8636 0.0014 0.5042
vn 1.0000 0.0044 -0.0001
vn 0.9999 -0.0134 0.0022
vn -0.8890 0.0004 0.4579
vn -0.9999 0.0122 -0.0009
vn 0.8888 0.0003 -0.4582
vn 0.9999 0.0124 0.0009
vn -0.8680 -0.0022 0.4966
vn 0.8654 -0.0026 -0.5010
vn 0.9927 0.1209 0.0025
vn 0.5868 0.0026 0.8097
vn 0.8764 -0.0106 0.4815
vn 0.9863 0.1652 -0.0016
vn -0.8741 -0.0123 -0.4855
vn -0.9862 0.1654 0.0016
vn -0.9470 0.3209 -0.0154
vn -0.9787 0.2052 0.0008
vn -0.9737 0.2277 0.0038
vn 0.9469 0.3211 0.0153
vn 0.9786 0.2060 -0.0009
vn 0.9737 0.2280 -0.0037
vn -0.8787 -0.0136 0.4772
vn 0.8766 -0.0158 -0.4810
vn -0.5816 0.0058 0.8134
vn -0.2225 -0.0000 -0.9749
vn 0.2225 -0.0000 -0.9749
vn -0.0000 -1.0000 -0.0000
vn 0.6235 -0.0000 -0.7818
vn -0.6235 -0.0000 -0.7818
vn 0.9010 -0.0000 -0.4339
vn -0.9010 -0.0000 -0.4339
vn 0.9010 -0.0000 0.4339
vn -0.9010 -0.0000 0.4339
vn 0.6235 -0.0000 0.7818
vn -0.6235 -0.0000 0.7818
vn 0.2225 -0.0000 0.9749
vn -0.2225 -0.0000 0.9749
vn 0.9332 0.3594 -0.0020
vn 0.5775 0.0095 0.8164
vn -0.8848 -0.0329 -0.4649
vn 0.8869 -0.0291 0.4610
vn 0.9332 0.3595 -0.0020
vn 0.5772 0.0097 0.8165
vn 0.8711 0.4901 0.0310
vn 0.8758 0.4827 0.0037
vn -0.8900 -0.0376 0.4543
vn -0.9284 0.3716 -0.0003
vn 0.8878 -0.0420 -0.4583
vn 0.9281 0.3723 0.0003
vn -0.8901 -0.0378 0.4543
vn -0.9081 0.4188 -0.0003
vn -0.9308 0.3654 0.0079
vn 0.8879 -0.0423 -0.4581
vn 0.9076 0.4199 0.0003
vn 0.9300 0.3676 -0.0055
vn -0.8848 -0.0330 -0.4648
vn -0.9460 0.3241 -0.0107
vn 0.8870 -0.0293 0.4609
vn 0.9469 0.3210 0.0154
vn -0.5727 0.0167 0.8196
vn -0.8842 0.4671 -0.0014
vn -0.7905 0.6119 0.0247
vn -0.7965 0.6047 -0.0000
vn -0.6717 0.7215 0.1681
vn -0.8424 0.5389 -0.0000
vn 0.8983 -0.0840 0.4314
vn 0.8720 0.4894 -0.0035
vn -0.8957 -0.0912 -0.4353
vn -0.8724 0.4888 0.0024
vn -0.8989 -0.1062 0.4252
vn -0.8546 0.5192 -0.0028
vn 0.8960 -0.1145 -0.4291
vn 0.8549 0.5187 0.0019
vn 0.8168 0.5769 -0.0000
vn 0.5674 0.0305 0.8229
vn 0.8076 -0.5857 0.0689
vn 0.8422 -0.5392 0.0051
vn 0.8692 -0.4945 -0.0000
vn 0.8157 0.5780 0.0234
vn -0.9938 -0.0000 0.1115
vn -0.9927 0.0001 0.1204
vn 0.9941 -0.0000 0.1084
vn 0.9927 -0.0002 0.1204
vn 0.9351 0.0002 0.3545
vn -0.7903 0.6126 -0.0043
vn -0.7902 0.6128 -0.0043
vn -0.8037 0.5950 -0.0000
vn -0.7884 0.6150 0.0083
vn -0.7884 0.6151 0.0083
vn 0.7924 0.6099 0.0060
vn 0.7923 0.6101 0.0060
vn 0.7854 0.6190 -0.0058
vn 0.8054 0.5927 -0.0011
vn 0.8156 0.5782 0.0229
vn -0.9324 -0.0002 0.3615
vn -0.9250 -0.0000 0.3800
vn 0.8155 0.5782 0.0229
vn -0.9325 -0.0000 0.3613
vn -0.7751 0.0038 0.6318
vn -0.9260 -0.0045 0.3776
vn 0.9250 -0.0000 0.3800
vn 0.9360 -0.0054 0.3519
vn 0.7521 0.0045 0.6591
vn 0.9250 -0.0000 0.3799
vn -0.5672 0.0402 0.8226
vn 0.8822 -0.2642 0.3898
vn -0.8770 -0.2763 -0.3931
vn -0.8868 -0.2301 0.4009
vn -0.9596 0.0844 0.2685
vn 0.8881 -0.2021 -0.4128
vn 0.9592 0.0702 -0.2738
vn 0.8015 -0.0009 0.5981
vn 0.7530 0.6579 -0.0131
vn -0.7498 0.0002 0.6617
vn -0.9038 0.0813 -0.4201
vn -0.9583 0.0823 -0.2736
vn 0.7779 0.6284 -0.0000
vn 0.9071 0.0949 0.4101
vn 0.9586 0.0957 0.2682
vn 0.5574 0.8301 -0.0126
vn 0.6441 0.7458 0.1698
vn -0.7494 0.0002 0.6622
vn 0.7370 0.6759 -0.0000
vn -0.0004 -0.0000 1.0000
vn 0.5546 0.8321 -0.0000
vn -0.6553 0.7543 0.0407
vn 0.7492 -0.0012 0.6623
vn 0.5989 -0.0010 0.8008
vn -0.6557 0.7540 0.0409
vn 0.5994 -0.0010 0.8004
vn -0.5310 0.0022 0.8473
vn -0.7734 0.0004 0.6339
vn -0.7528 -0.0066 0.6582
vn 0.5788 0.8119 0.0761
vn -0.4619 0.0011 0.8869
vn -0.4052 0.9142 -0.0000
vn -0.5344 0.8445 -0.0341
vn 0.3058 -0.0037 0.9521
vn 0.7517 0.0038 0.6595
vn -0.5343 0.8446 -0.0341
vn 0.3033 0.0006 0.9529
vn 0.4624 -0.0002 0.8867
vn -0.3558 0.9158 0.1865
vn -0.3982 0.9087 0.1254
vn -0.5344 0.8445 -0.0342
vn -0.1762 0.9844 -0.0000
vn 0.0647 0.9979 -0.0064
vn 0.2303 0.9731 0.0007
vn 0.0129 0.9999 -0.0000
vn 0.0131 0.9999 -0.0011
vn 0.0059 1.0000 -0.0007
vn -0.1758 0.9844 -0.0000
vn -0.0130 0.9999 0.0064
vn -0.0129 0.9999 -0.0009
vn -0.0059 1.0000 -0.0014
vn -0.1515 0.9884 -0.0133
vn -0.0058 1.0000 -0.0014
vn 0.3540 0.9304 -0.0950
vn 0.0042 1.0000 -0.0015
vn -0.0090 1.0000 -0.0043
vn -0.0171 0.9998 -0.0046
vn 0.0042 1.0000 -0.0017
vn 0.0086 1.0000 -0.0030
vn -0.0090 0.9999 -0.0043
vn 0.0140 0.9999 -0.0073
vn 0.0041 1.0000 -0.0026
vn -0.0067 1.0000 -0.0031
vn -0.0067 1.0000 -0.0032
vn -0.0037 1.0000 -0.0029
vn -0.0335 0.9992 -0.0234
vn 0.0313 0.9993 -0.0219
vn 0.0051 1.0000 -0.0050
vn -0.0040 1.0000 -0.0031
vn 0.0050 1.0000 -0.0050
vn 0.0060 1.0000 -0.0059
vn -0.0115 0.9999 -0.0105
vn -0.0091 0.9999 -0.0090
vn -0.0098 0.9999 -0.0107
vn -0.0029 1.0000 -0.0037
vn 0.0061 1.0000 -0.0060
vn 0.0133 0.9997 -0.0190
vn 0.0028 1.0000 -0.0043
vn -0.0323 0.9984 -0.0462
vn -0.0031 1.0000 -0.0064
vn -0.0030 1.0000 -0.0061
vn 0.0083 0.9998 -0.0159
vn 0.0025 1.0000 -0.0067
vn 0.0016 1.0000 -0.0043
vn 0.0018 1.0000 -0.0042
vn -0.0062 0.9999 -0.0132
vn -0.0029 0.9999 -0.0113
vn 0.0007 1.0000 -0.0048
vn 0.0032 0.9999 -0.0142
vn 0.0036 0.9999 -0.0113
vn 0.0010 1.0000 -0.0068
vn 0.0007 1.0000 -0.0052
vn -0.0020 1.0000 -0.0076
vn -0.0020 1.0000 -0.0079
vn -0.0027 0.9995 -0.0309
vn -0.0003 1.0000 -0.0058
vn -0.0003 1.0000 -0.0061
vn 0.0008 0.9998 -0.0189
vn 0.2302 0.9729 -0.0201
vn -0.2303 0.9731 -0.0015
vn -0.2302 0.9729 -0.0201
vn -0.2303 0.9729 -0.0201
vn -0.2232 0.9729 -0.0598
vn -0.2233 0.9729 -0.0598
vn 0.2303 0.9729 -0.0201
vn 0.2233 0.9729 -0.0598
vn -0.2095 0.9729 -0.0977
vn 0.2232 0.9729 -0.0598
vn 0.2130 0.9731 -0.0879
vn 0.2424 0.9620 -0.1258
vn -0.1893 0.9729 -0.1326
vn 0.1893 0.9729 -0.1326
vn 0.2095 0.9729 -0.0977
vn -0.1701 0.9731 -0.1556
vn 0.1634 0.9729 -0.1634
vn -0.1771 0.9681 -0.1771
vn -0.1559 0.9731 -0.1698
vn -0.1326 0.9729 -0.1893
vn 0.1326 0.9729 -0.1893
vn -0.0977 0.9729 -0.2095
vn 0.1065 0.9731 -0.2044
vn 0.1050 0.9617 -0.2532
vn -0.0598 0.9729 -0.2232
vn -0.0598 0.9729 -0.2233
vn 0.0694 0.9731 -0.2198
vn 0.0977 0.9729 -0.2095
vn 0.0594 0.9617 -0.2677
vn -0.0201 0.9729 -0.2303
vn -0.0201 0.9729 -0.2302
vn 0.0301 0.9731 -0.2285
vn 0.0598 0.9729 -0.2233
vn 0.0120 0.9616 -0.2742
vn 0.0201 0.9729 -0.2303
vn 0.2759 0.9612 -0.0003
vn 0.3027 0.0013 0.9531
vn 0.4633 0.0005 0.8862
vn -0.4625 0.0001 0.8866
vn -0.2286 0.0001 0.9735
vn 0.4492 0.8934 0.0094
vn -0.1484 0.0006 0.9889
vn -0.2277 -0.0010 0.9737
vn -0.1789 0.9839 -0.0015
vn -0.5154 0.8570 -0.0034
vn -0.2303 0.9731 -0.0016
vn -0.6160 0.7878 0.0024
vn 0.2757 0.9612 -0.0003
vn 0.2303 0.9731 -0.0003
vn 0.2752 0.9614 0.0002
vn 0.6160 0.7878 -0.0003
vn 0.6151 0.7866 -0.0538
vn -0.6151 0.7866 -0.0538
vn -0.5964 0.7866 -0.1598
vn 0.5964 0.7866 -0.1598
vn -0.5597 0.7866 -0.2610
vn -0.5596 0.7866 -0.2610
vn 0.5596 0.7866 -0.2609
vn -0.5058 0.7866 -0.3542
vn 0.5596 0.7866 -0.2610
vn 0.5058 0.7866 -0.3542
vn -0.4366 0.7866 -0.4366
vn 0.4366 0.7866 -0.4366
vn -0.3542 0.7866 -0.5058
vn 0.3542 0.7866 -0.5058
vn -0.2609 0.7866 -0.5596
vn -0.2610 0.7866 -0.5596
vn 0.2610 0.7866 -0.5597
vn -0.1598 0.7866 -0.5964
vn 0.2610 0.7866 -0.5596
vn 0.1598 0.7866 -0.5964
vn -0.0538 0.7866 -0.6151
vn 0.0538 0.7866 -0.6151
vn 0.5756 0.8177 -0.0021
vn 0.0643 -0.0000 0.9979
vn 0.1482 -0.0009 0.9890
vn 0.3539 0.9353 -0.0000
vn -0.0288 -0.0000 0.9996
vn -0.2548 0.9670 -0.0000
vn 0.1084 0.9941 -0.0000
vn 0.0870 0.9962 -0.0000
vn -0.7675 0.6410 -0.0008
vn 0.8043 0.5942 -0.0015
vn 0.6162 0.7876 -0.0016
vn 0.8951 0.4458 0.0031
vn 0.8074 0.5899 -0.0042
vn -0.7677 0.6409 -0.0008
vn 0.6150 0.7867 -0.0538
vn -0.6159 0.7877 0.0113
vn -0.9192 0.3938 -0.0081
vn -0.8799 0.4752 -0.0056
vn -0.6150 0.7867 -0.0538
vn 0.8924 0.4445 -0.0781
vn -0.9868 0.1614 -0.0106
vn -0.8951 0.4458 -0.0016
vn -0.8924 0.4445 -0.0781
vn -0.8653 0.4444 -0.2319
vn -0.8654 0.4442 -0.2319
vn 0.8654 0.4442 -0.2319
vn -0.8119 0.4444 -0.3786
vn 0.8653 0.4444 -0.2319
vn 0.8119 0.4444 -0.3786
vn -0.7338 0.4445 -0.5138
vn -0.7338 0.4444 -0.5138
vn 0.7338 0.4444 -0.5138
vn -0.6334 0.4445 -0.6334
vn 0.7338 0.4445 -0.5138
vn 0.6334 0.4445 -0.6334
vn -0.5138 0.4444 -0.7338
vn -0.5138 0.4445 -0.7338
vn 0.5138 0.4445 -0.7338
vn -0.3786 0.4444 -0.8119
vn 0.5138 0.4444 -0.7338
vn 0.3786 0.4444 -0.8119
vn -0.2318 0.4445 -0.8653
vn -0.2319 0.4444 -0.8653
vn 0.2319 0.4444 -0.8653
vn -0.0781 0.4445 -0.8924
vn 0.0781 0.4445 -0.8924
vn 0.2319 0.4445 -0.8653
vn 0.9527 0.3039 -0.0005
vn -0.9833 0.1818 0.0013
vn -0.8951 0.4459 -0.0016
vn 0.9518 0.3068 0.0011
vn 0.8951 0.4459 -0.0005
vn 0.8923 0.4446 -0.0781
vn -0.8923 0.4446 -0.0781
vn 0.9927 0.1204 -0.0006
vn 0.9890 0.1203 -0.0865
vn -0.9927 0.1204 -0.0000
vn -0.9890 0.1199 -0.0865
vn -0.9890 0.1200 -0.0865
vn -0.9589 0.1203 -0.2569
vn -0.9589 0.1200 -0.2570
vn -0.9590 0.1199 -0.2570
vn 0.9890 0.1200 -0.0865
vn 0.9589 0.1200 -0.2570
vn -0.8997 0.1200 -0.4196
vn -0.8997 0.1201 -0.4196
vn 0.9589 0.1201 -0.2569
vn 0.8997 0.1201 -0.4196
vn -0.8998 0.1202 -0.4195
vn -0.8132 0.1199 -0.5694
vn -0.8132 0.1201 -0.5694
vn 0.8132 0.1201 -0.5694
vn 0.8997 0.1200 -0.4196
vn 0.8998 0.1202 -0.4195
vn -0.7020 0.1199 -0.7020
vn -0.7020 0.1201 -0.7020
vn -0.7019 0.1202 -0.7020
vn 0.8132 0.1199 -0.5695
vn 0.7020 0.1201 -0.7020
vn 0.7021 0.1199 -0.7019
vn -0.5695 0.1199 -0.8132
vn -0.5694 0.1201 -0.8132
vn 0.7020 0.1199 -0.7020
vn 0.5695 0.1199 -0.8132
vn 0.5694 0.1201 -0.8132
vn -0.4196 0.1202 -0.8997
vn -0.4196 0.1201 -0.8997
vn 0.4196 0.1202 -0.8997
vn 0.4196 0.1201 -0.8997
vn -0.2570 0.1200 -0.9589
vn -0.4194 0.1201 -0.8998
vn 0.4197 0.1201 -0.8997
vn 0.2570 0.1200 -0.9589
vn -0.0865 0.1199 -0.9890
vn -0.0865 0.1200 -0.9890
vn 0.0865 0.1200 -0.9890
vn 0.0865 0.1199 -0.9890
vn 0.9974 0.0718 -0.0000
vn -1.0000 0.0002 0.0002
vn 0.9962 -0.0000 -0.0871
vn -0.9962 -0.0000 -0.0871
vn -0.9659 -0.0000 -0.2588
vn 0.9659 -0.0000 -0.2588
vn -0.9063 -0.0000 -0.4226
vn 0.9063 -0.0000 -0.4226
vn -0.8191 -0.0000 -0.5736
vn 0.8191 -0.0000 -0.5736
vn -0.7072 -0.0000 -0.7070
vn 0.7072 -0.0000 -0.7070
vn -0.7071 -0.0000 -0.7071
vn 0.7071 -0.0000 -0.7071
vn -0.5736 -0.0000 -0.8191
vn 0.5736 -0.0000 -0.8191
vn -0.5736 -0.0000 -0.8192
vn 0.5736 -0.0000 -0.8192
vn -0.4226 -0.0000 -0.9063
vn 0.4226 -0.0000 -0.9063
vn -0.4228 -0.0000 -0.9062
vn -0.4225 -0.0000 -0.9064
vn 0.4225 -0.0000 -0.9064
vn -0.2588 -0.0000 -0.9659
vn 0.2588 -0.0000 -0.9659
vn -0.0871 -0.0000 -0.9962
vn 0.0871 -0.0000 -0.9962
vn -0.0872 -0.0000 -0.9962
vn 0.0872 -0.0000 -0.9962
vn -0.4052 -0.9142 -0.0000
vn 0.0870 -0.9962 -0.0000
vn -0.0870 -0.9962 -0.0000
vn 0.4052 -0.9142 -0.0000
vn 0.3539 -0.9353 -0.0000
vn -0.3539 -0.9353 -0.0000
vn 0.3901 -0.9208 0.0035
vn 0.4860 -0.8737 0.0199
vn 0.4859 -0.8738 0.0198
vn 0.5987 -0.7948 0.0992
vn 0.6464 -0.7419 0.1782
vn 0.5574 -0.8301 0.0138
vn -0.5788 -0.8119 0.0761
vn -0.4492 -0.8934 0.0094
vn -0.5574 -0.8301 -0.0126
vn -0.6442 -0.7458 0.1699
vn -0.6441 -0.7458 0.1698
vn -1.0000 -0.0002 -0.0001
vn -0.9919 -0.0000 -0.1270
vn -0.9837 -0.1796 -0.0000
vn 1.0000 -0.0003 -0.0000
vn 1.0000 0.0001 -0.0000
vn 0.9847 -0.1741 -0.0000
vn 0.9924 -0.0000 -0.1231
vn 0.9712 -0.2228 -0.0850
vn 0.9747 -0.2236 -0.0019
vn -0.9747 -0.2236 -0.0017
vn -0.9712 -0.2228 -0.0850
vn -0.9416 -0.2229 -0.2523
vn -0.9711 -0.2229 -0.0850
vn 0.9711 -0.2229 -0.0850
vn 0.9416 -0.2229 -0.2523
vn -0.9416 -0.2228 -0.2523
vn 0.9416 -0.2228 -0.2523
vn -0.8835 -0.2229 -0.4120
vn -0.8835 -0.2228 -0.4120
vn 0.8835 -0.2229 -0.4120
vn -0.8836 -0.2228 -0.4119
vn 0.8836 -0.2228 -0.4119
vn 0.8835 -0.2228 -0.4120
vn -0.7986 -0.2228 -0.5592
vn -0.7986 -0.2227 -0.5592
vn 0.7985 -0.2228 -0.5592
vn -0.6895 -0.2227 -0.6892
vn 0.6895 -0.2227 -0.6892
vn 0.7986 -0.2227 -0.5592
vn -0.6893 -0.2228 -0.6893
vn -0.6893 -0.2227 -0.6894
vn 0.6893 -0.2227 -0.6894
vn 0.6893 -0.2228 -0.6893
vn -0.5592 -0.2227 -0.7986
vn -0.5592 -0.2229 -0.7985
vn 0.5592 -0.2227 -0.7985
vn -0.5591 -0.2228 -0.7986
vn 0.5591 -0.2228 -0.7986
vn 0.5592 -0.2228 -0.7986
vn -0.4120 -0.2228 -0.8835
vn 0.4120 -0.2228 -0.8835
vn -0.4120 -0.2229 -0.8835
vn -0.4118 -0.2229 -0.8836
vn 0.4118 -0.2229 -0.8836
vn 0.4120 -0.2229 -0.8835
vn -0.2523 -0.2229 -0.9416
vn 0.2523 -0.2229 -0.9416
vn -0.0849 -0.2229 -0.9711
vn 0.0849 -0.2229 -0.9711
vn -0.0850 -0.2228 -0.9711
vn 0.0850 -0.2228 -0.9712
vn 0.0850 -0.2228 -0.9711
vn -0.7965 -0.6047 -0.0000
vn 0.7965 -0.6047 -0.0000
vn 0.7639 -0.6453 -0.0101
vn 0.8157 -0.5780 0.0237
vn 0.8167 -0.5765 0.0253
vn 0.7638 -0.6454 -0.0101
vn -0.8157 -0.5780 0.0234
vn -0.8156 -0.5782 0.0229
vn -0.8155 -0.5782 0.0229
vn -0.7530 -0.6579 -0.0131
vn 0.9711 -0.2231 -0.0850
vn 0.9746 -0.2239 -0.0018
vn 0.9384 -0.3456 -0.0019
vn 0.9382 -0.3461 -0.0019
vn -0.9842 -0.1771 -0.0017
vn -0.9746 -0.2239 -0.0018
vn -0.9711 -0.2228 -0.0850
vn 0.9712 -0.0153 -0.2379
vn -0.9919 -0.0000 -0.1268
vn 0.9712 -0.0153 -0.2380
vn -0.9607 -0.0000 -0.2774
vn -0.8727 -0.4883 0.0010
vn 0.9640 -0.0000 -0.2659
vn 0.9008 -0.4342 0.0004
vn 0.9919 -0.0000 -0.1270
vn 0.7783 -0.6242 -0.0681
vn 0.7801 -0.6256 -0.0018
vn -0.6795 -0.7336 -0.0064
vn -0.7801 -0.6256 -0.0005
vn -0.7783 -0.6242 -0.0681
vn -0.7546 -0.6242 -0.2022
vn 0.7546 -0.6242 -0.2022
vn -0.7080 -0.6243 -0.3301
vn -0.7080 -0.6242 -0.3302
vn 0.7080 -0.6242 -0.3302
vn -0.6399 -0.6243 -0.4481
vn -0.6400 -0.6242 -0.4481
vn 0.6399 -0.6243 -0.4481
vn 0.7080 -0.6243 -0.3301
vn -0.5524 -0.6242 -0.5524
vn 0.6400 -0.6242 -0.4481
vn 0.5524 -0.6242 -0.5524
vn -0.4481 -0.6242 -0.6400
vn -0.4481 -0.6243 -0.6399
vn 0.4481 -0.6242 -0.6400
vn -0.3301 -0.6243 -0.7080
vn -0.3302 -0.6242 -0.7080
vn 0.4481 -0.6243 -0.6399
vn 0.3301 -0.6243 -0.7080
vn -0.2022 -0.6242 -0.7546
vn 0.2022 -0.6242 -0.7546
vn 0.3302 -0.6242 -0.7080
vn -0.0681 -0.6242 -0.7783
vn -0.0681 -0.6243 -0.7782
vn 0.0681 -0.6242 -0.7783
vn 0.0681 -0.6243 -0.7782
vn 0.9505 -0.0037 -0.3107
vn 0.7689 -0.6393 -0.0013
vn 0.8205 -0.5712 0.0204
vn -0.9411 -0.0094 -0.3381
vn 0.7780 -0.6245 -0.0680
vn 0.7801 -0.6256 -0.0013
vn -0.7801 -0.6257 -0.0005
vn -0.7780 -0.6245 -0.0680
vn -0.9411 -0.0094 -0.3380
vn -0.6675 -0.7446 0.0018
vn 0.9505 -0.0037 -0.3108
vn 0.7685 -0.6398 -0.0010
vn 0.9259 -0.0235 -0.3771
vn 0.5100 -0.8602 0.0009
vn 0.4348 -0.8997 -0.0380
vn 0.4348 -0.9005 -0.0027
vn -0.4351 -0.9004 -0.0005
vn -0.3715 -0.9284 -0.0034
vn -0.4348 -0.8997 -0.0380
vn -0.4346 -0.8998 -0.0381
vn -0.4214 -0.8998 -0.1129
vn 0.4346 -0.8998 -0.0381
vn 0.4214 -0.8998 -0.1129
vn -0.3954 -0.8998 -0.1844
vn 0.3954 -0.8998 -0.1844
vn 0.4215 -0.8998 -0.1129
vn -0.3574 -0.8998 -0.2503
vn -0.3574 -0.8998 -0.2502
vn 0.3574 -0.8998 -0.2503
vn -0.3085 -0.8998 -0.3085
vn 0.3085 -0.8998 -0.3085
vn 0.3574 -0.8998 -0.2502
vn -0.2502 -0.8998 -0.3574
vn -0.2503 -0.8998 -0.3574
vn 0.2502 -0.8998 -0.3574
vn -0.1844 -0.8998 -0.3954
vn 0.2503 -0.8998 -0.3574
vn 0.1844 -0.8998 -0.3954
vn -0.1129 -0.8998 -0.4215
vn -0.1129 -0.8998 -0.4214
vn 0.1129 -0.8998 -0.4214
vn -0.0380 -0.8998 -0.4346
vn -0.0380 -0.8998 -0.4347
vn 0.0380 -0.8998 -0.4346
vn 0.0380 -0.8998 -0.4347
vn -0.9461 -0.0034 -0.3238
vn -0.9092 0.0017 -0.4164
vn -0.9517 -0.3071 -0.0000
vn 0.9895 -0.1447 -0.0000
vn 0.9389 -0.3029 0.1635
vn -0.9879 -0.1445 0.0564
vn 0.4346 -0.8998 -0.0380
vn 0.4349 -0.9005 -0.0027
vn 0.1802 -0.9836 -0.0025
vn -0.4346 -0.9006 0.0012
vn -0.3660 -0.9306 -0.0005
vn -0.3657 -0.9307 -0.0005
vn -0.4347 -0.8998 -0.0380
vn -0.8870 -0.0027 -0.4617
vn -0.9096 -0.0045 -0.4154
vn 0.8905 -0.0047 -0.4550
vn 0.9461 0.0078 -0.3238
vn 0.8870 -0.0054 -0.4617
vn 0.8905 -0.0056 -0.4549
vn 0.1717 -0.9851 0.0020
vn 0.8906 -0.0056 -0.4548
vn 0.1756 -0.9845 -0.0000
vn 0.1150 -0.9934 0.0025
vn 0.1150 -0.9933 -0.0101
vn -0.1150 -0.9934 -0.0000
vn -0.0945 -0.9955 -0.0007
vn -0.1150 -0.9933 -0.0101
vn -0.1115 -0.9933 -0.0299
vn 0.1112 -0.9934 -0.0298
vn -0.1046 -0.9933 -0.0488
vn 0.1046 -0.9933 -0.0488
vn 0.1110 -0.9934 -0.0298
vn -0.0945 -0.9933 -0.0662
vn 0.0945 -0.9933 -0.0662
vn -0.0816 -0.9933 -0.0816
vn 0.0816 -0.9933 -0.0816
vn -0.0662 -0.9933 -0.0945
vn 0.0662 -0.9933 -0.0945
vn -0.0488 -0.9933 -0.1046
vn -0.0486 -0.9934 -0.1042
vn 0.0486 -0.9934 -0.1042
vn -0.0298 -0.9934 -0.1110
vn 0.0488 -0.9933 -0.1046
vn 0.0299 -0.9933 -0.1115
vn -0.0101 -0.9933 -0.1150
vn 0.0298 -0.9934 -0.1112
vn 0.0101 -0.9933 -0.1150
vn -0.8870 -0.0087 -0.4618
vn -0.8818 -0.0058 -0.4715
vn -0.8079 0.0131 -0.5892
vn -0.8317 -0.0069 -0.5552
vn 0.8317 0.0074 -0.5552
vn 0.8870 -0.0073 -0.4618
vn -0.8080 -0.0069 -0.5892
vn -0.7246 0.0095 -0.6891
vn 0.7246 0.0095 -0.6891
vn 0.8080 -0.0069 -0.5892
vn 0.8079 -0.0069 -0.5892
vn -0.7107 -0.0000 -0.7035
vn -0.5112 -0.0000 -0.8595
vn 0.5112 -0.0000 -0.8595
vn 0.7107 -0.0000 -0.7035
vn -0.1779 -0.0000 -0.9840
vn 0.1779 -0.0000 -0.9840
vn 0.1951 0.0215 0.9806
vn -0.1951 0.0215 0.9806
vn -0.0000 -0.0123 0.9999
vn -0.5556 0.0076 0.8314
vn -0.2817 -0.0054 0.9595
vn -0.2818 -0.0054 0.9595
vn 0.5555 0.0138 0.8314
vn 0.5406 0.0069 0.8412
vn 0.2818 -0.0054 0.9595
vn 0.2817 -0.0054 0.9595
vn -0.7557 -0.0092 0.6549
vn -0.5406 0.0153 0.8411
vn -0.7557 -0.0092 0.6548
vn -0.8312 0.0230 0.5554
vn 0.8312 0.0230 0.5554
vn 0.7557 -0.0092 0.6548
vn 0.7557 -0.0092 0.6549
vn -0.9096 -0.0115 0.4154
vn -0.9806 0.0184 0.1951
vn 0.9806 0.0184 0.1951
vn 0.9096 -0.0115 0.4154
vn -0.9898 -0.0000 0.1423
vn 0.9898 -0.0000 0.1423
vn -0.9856 -0.0000 0.1690
vn 0.9856 -0.0000 0.1690
vn -0.8729 -0.0000 0.4880
vn 0.8729 -0.0000 0.4880
vn -0.7379 -0.0000 0.6750
vn -0.7239 -0.0086 0.6898
vn 0.7239 -0.0086 0.6898
vn 0.7379 -0.0000 0.6750
vn -0.6187 -0.0077 0.7856
vn -0.6244 0.0102 0.7810
vn -0.6498 0.0057 0.7601
vn -0.6225 0.0057 0.7826
vn 0.6187 -0.0120 0.7856
vn 0.6498 0.0057 0.7601
vn 0.6208 0.0010 0.7840
vn 0.6187 0.0057 0.7856
vn 0.6324 0.0258 0.7742
vn 0.6207 0.0008 0.7840
vn -0.9941 -0.1084 -0.0000
vn 0.9863 -0.1629 0.0247
vn 0.9982 -0.0600 -0.0000
vn -0.9972 -0.0736 0.0091
vn 0.9999 0.0148 -0.0021
vn -0.9915 -0.1300 -0.0000
vn -0.9911 -0.1331 0.0004
vn 0.9911 -0.1331 -0.0005
vn 0.9059 -0.4218 0.0369
vn 0.9915 -0.1300 -0.0000
vn -0.5955 -0.0781 0.7996
vn 0.2017 -0.0265 0.9791
vn -0.9918 0.1277 -0.0048
vn 0.6762 -0.1071 0.7289
vn -0.9918 0.1276 -0.0048
vn -0.6177 0.0090 0.7864
vn 0.9999 0.0147 -0.0021
vn -0.9362 0.3514 -0.0050
vn -0.8374 0.5411 0.0773
vn -0.9352 0.3537 0.0184
vn 0.9680 0.2511 0.0027
vn 0.8887 0.4562 0.0452
vn 0.9362 0.3514 0.0015
vn -0.6001 0.0226 0.7996
vn -0.7183 -0.1877 0.6700
vn 0.5912 0.0318 0.8059
vn 0.6893 -0.2244 0.6889
vn -0.6758 -0.3146 0.6665
vn -0.9066 -0.4219 -0.0005
vn 0.6607 -0.3080 0.6845
vn -0.6758 -0.3146 0.6666
vn -0.9066 -0.4220 -0.0005
vn 0.5925 -0.2758 0.7569
vn 0.6814 -0.2265 0.6959
vn 0.9066 -0.4220 -0.0005
vn -0.9410 -0.3381 -0.0152
vn 0.9410 -0.3381 -0.0156
vn 0.7059 -0.7061 0.0548
vn -0.5532 -0.2246 0.8022
vn -0.5822 0.0431 0.8119
vn 0.7573 0.6530 -0.0006
vn 0.5422 0.0201 0.8400
vn 0.6488 -0.0571 0.7589
vn -0.8232 0.5677 -0.0052
vn -0.6486 -0.0607 0.7587
vn -0.5516 0.0126 0.8340
vn 0.7574 0.6530 -0.0006
vn 0.5423 0.0201 0.8399
vn -0.6813 0.7319 0.0133
vn -0.6498 0.7597 0.0251
vn 0.7574 0.6529 -0.0006
vn 0.5950 0.8028 0.0373
vn 0.6500 0.7599 0.0074
vn -0.6192 -0.3235 0.7155
vn -0.5520 0.0122 0.8337
vn -0.5140 0.0064 0.8578
vn -0.8694 -0.4942 -0.0000
vn 0.6481 0.7612 0.0225
vn 0.6280 0.7782 -0.0000
vn 0.6456 0.7633 0.0240
vn -0.8711 -0.4866 0.0664
vn 0.8683 -0.4960 -0.0000
vn -0.6451 0.7637 0.0233
vn -0.6280 0.7782 -0.0000
vn 0.8701 -0.4886 0.0651
vn -0.7068 -0.7070 0.0236
vn -0.8685 -0.4957 -0.0001
vn -0.7000 -0.6612 -0.2699
vn -0.8693 -0.4942 -0.0002
vn 0.8683 -0.4961 -0.0000
vn -0.6489 0.7604 0.0269
vn 0.8667 -0.4305 0.2519
vn 0.8591 -0.4981 0.1173
vn -0.8335 -0.5103 0.2116
vn 0.5321 0.0079 0.8467
vn 0.5521 0.0079 0.8338
vn 0.4952 0.0087 0.8688
vn -0.6490 0.7603 0.0269
vn 0.8668 -0.4305 0.2517
vn 0.6462 0.7628 0.0244
vn -0.8656 -0.4165 0.2780
vn -0.8862 -0.4498 0.1105
vn 0.6172 -0.3519 0.7038
vn -0.5777 0.8162 -0.0045
vn 0.7754 -0.4169 0.4743
vn 0.5551 0.8318 -0.0093
vn -0.7509 -0.4395 0.4930
vn -0.4800 0.8772 -0.0068
vn -0.5522 -0.0058 0.8337
vn -0.4720 0.0025 0.8816
vn 0.5549 0.8319 -0.0093
vn -0.7508 -0.4395 0.4931
vn -0.5780 0.8160 -0.0044
vn 0.7501 -0.4533 0.4816
vn 0.7722 -0.4524 0.4463
vn 0.2963 0.9550 -0.0090
vn 0.4490 0.8825 0.1398
vn -0.7460 -0.4483 0.4925
vn -0.7504 -0.4472 0.4867
vn -0.5777 0.8162 -0.0044
vn 0.7725 -0.4488 0.4493
vn 0.7743 -0.4517 0.4433
vn -0.2964 0.9551 0.0028
vn -0.4587 0.8752 0.1538
vn 0.7725 -0.4488 0.4492
vn 0.4487 0.8827 0.1395
vn -0.7531 -0.3901 0.5298
vn -0.7886 -0.4326 0.4369
vn -0.3510 0.9345 0.0589
vn 0.6083 -0.3149 0.7286
vn -0.8699 -0.4792 0.1167
vn -0.7616 -0.6058 0.2302
vn -0.8126 -0.5542 0.1805
vn 0.8689 -0.4816 0.1138
vn 0.8689 -0.4817 0.1137
vn 0.8125 -0.5537 0.1826
vn 0.3508 0.9364 -0.0036
vn 0.4507 0.0197 0.8925
vn 0.5517 -0.0407 0.8330
vn 0.3231 0.9452 0.0459
vn -0.5827 -0.3466 0.7351
vn -0.4801 0.8772 -0.0068
vn 0.3510 0.9364 -0.0036
vn 0.4444 -0.0026 0.8958
vn 0.4658 0.0089 0.8848
vn -0.2019 0.9794 0.0064
vn -0.0756 0.9942 0.0770
vn -0.2470 0.9689 0.0130
vn 0.2019 0.9794 0.0064
vn 0.1237 0.9910 0.0504
vn 0.6083 -0.3149 0.7285
vn -0.5828 -0.3465 0.7351
vn -0.4215 -0.0073 0.9068
vn -0.4660 0.0097 0.8847
vn -0.4657 0.0097 0.8849
vn 0.3232 0.9452 0.0459
vn -0.5819 -0.3342 0.7414
vn -0.5729 -0.3662 0.7333
vn -0.6110 -0.3858 0.6912
vn 0.6129 -0.4044 0.6789
vn 0.5787 -0.3759 0.7238
vn 0.6053 -0.3898 0.6940
vn -0.1485 0.9889 -0.0030
vn 0.4373 -0.1430 0.8879
vn 0.1321 0.9912 -0.0025
vn -0.4282 -0.1445 0.8920
vn 0.3964 0.0117 0.9180
vn 0.3964 0.0119 0.9180
vn 0.4693 -0.0167 0.8829
vn -0.5876 -0.3943 0.7066
vn -0.5041 -0.5041 0.7013
vn 0.5015 -0.5016 0.7049
vn 0.6172 -0.3517 0.7038
vn -0.5868 -0.3944 0.7072
vn -0.5016 -0.5016 0.7048
vn -0.7071 -0.7071 -0.0035
vn -0.7581 -0.6522 -0.0001
vn 0.5016 -0.5016 0.7048
vn 0.7071 -0.7071 -0.0000
vn 0.8655 -0.4993 -0.0392
vn -0.7649 -0.6355 0.1052
vn 0.7574 -0.6528 -0.0115
vn 0.7656 -0.6338 0.1106
vn -0.3849 0.0366 0.9222
vn -0.3850 0.0368 0.9222
vn 0.4315 -0.0688 0.8995
vn 0.4538 -0.1426 0.8796
vn 0.1319 0.9913 -0.0025
vn -0.4282 -0.1446 0.8920
vn -0.4595 -0.1391 0.8772
vn -0.6734 -0.5646 0.4773
vn 0.6917 -0.5464 0.4722
vn 0.6662 -0.5463 0.5076
vn 0.4485 -0.1459 0.8818
vn 0.4705 -0.1686 0.8661
vn -0.4595 -0.1390 0.8772
vn -0.7283 -0.6631 0.1731
vn -0.7648 -0.6357 0.1052
vn -0.6764 -0.5175 0.5241
vn 0.7283 -0.6624 0.1755
vn 0.7657 -0.6337 0.1106
vn -0.7567 -0.6536 -0.0111
vn 0.7575 -0.6527 -0.0115
vn -0.4820 -0.1677 0.8600
vn -0.4568 -0.1696 0.8733
vn 0.4817 -0.1678 0.8601
vn -0.4786 -0.1148 0.8705
vn -0.4959 -0.1637 0.8528
vn 0.4819 -0.1677 0.8600
vn -0.5290 -0.4383 0.7267
vn 0.5290 -0.4383 0.7267
vn -0.9887 -0.1498 -0.0000
vn -0.5066 -0.4365 0.7436
vn -0.0000 -0.2215 0.9752
vn -0.2748 -0.2215 0.9357
vn 0.2748 -0.2215 0.9357
vn -0.2747 -0.2214 0.9357
vn 0.2747 -0.2214 0.9357
vn -0.5272 -0.2214 0.8204
vn -0.5272 -0.2215 0.8204
vn 0.5272 -0.2214 0.8204
vn -0.7369 -0.2215 0.6387
vn 0.7369 -0.2215 0.6387
vn 0.5272 -0.2215 0.8203
vn -0.7369 -0.2215 0.6386
vn -0.7370 -0.2214 0.6386
vn 0.7370 -0.2214 0.6386
vn 0.7369 -0.2215 0.6386
vn -0.8871 -0.2214 0.4051
vn -0.8871 -0.2215 0.4051
vn 0.8871 -0.2214 0.4051
vn -0.8870 -0.2215 0.4051
vn 0.8870 -0.2215 0.4051
vn -0.9652 -0.2215 0.1388
vn 0.9652 -0.2215 0.1388
vn -0.9747 -0.2236 -0.0000
vn 0.9747 -0.2236 0.0045
vn 0.9934 -0.1150 -0.0000
vn -0.9933 -0.1150 0.0087
vn -0.9792 -0.1134 0.1680
vn -0.9793 -0.1132 0.1679
vn 0.9793 -0.1130 0.1681
vn -0.8673 -0.1132 0.4848
vn -0.8672 -0.1132 0.4849
vn 0.8672 -0.1132 0.4848
vn 0.9793 -0.1132 0.1680
vn -0.7330 -0.1145 0.6705
vn -0.7330 -0.1146 0.6705
vn 0.7330 -0.1146 0.6705
vn 0.8672 -0.1132 0.4849
vn -0.6455 -0.1145 0.7551
vn 0.7330 -0.1145 0.6705
vn 0.6455 -0.1145 0.7551
vn -0.6455 -0.1149 0.7551
vn -0.6456 -0.1147 0.7550
vn 0.6455 -0.1147 0.7551
vn -0.5484 -0.1147 0.8283
vn -0.5484 -0.1149 0.8283
vn 0.6455 -0.1149 0.7550
vn 0.5484 -0.1149 0.8283
vn -0.5486 -0.1146 0.8282
vn 0.5484 -0.1147 0.8283
vn 0.5486 -0.1146 0.8282
vn 0.5001 -0.1148 0.8583
vn 0.9998 -0.0188 -0.0000
vn 0.5066 -0.4337 0.7452
vn 0.5017 -0.5018 0.7047
vn -0.9855 -0.1138 -0.1262
vn -0.9855 -0.1139 -0.1261
vn -0.9934 -0.1147 0.0011
vn 0.9855 -0.1138 -0.1261
vn 0.9822 -0.1878 -0.0006
vn 0.9934 -0.1147 0.0019
vn -0.9399 -0.1145 -0.3217
vn 0.9855 -0.1139 -0.1262
vn 0.9399 -0.1145 -0.3217
vn -0.8806 -0.1201 -0.4584
vn -0.9390 -0.1201 -0.3223
vn 0.9390 -0.1201 -0.3223
vn 0.8806 -0.1201 -0.4584
vn -0.8806 -0.1202 -0.4584
vn 0.8806 -0.1202 -0.4584
vn -0.8021 -0.1200 -0.5850
vn -0.8021 -0.1201 -0.5850
vn 0.8021 -0.1200 -0.5850
vn -0.8021 -0.1202 -0.5849
vn 0.8021 -0.1202 -0.5849
vn 0.8021 -0.1201 -0.5850
vn -0.7060 -0.1146 -0.6989
vn -0.7062 -0.1202 -0.6977
vn 0.7060 -0.1146 -0.6989
vn 0.7062 -0.1202 -0.6977
vn -0.5079 -0.1128 -0.8540
vn -0.5079 -0.1130 -0.8540
vn 0.5079 -0.1128 -0.8540
vn -0.1768 -0.1132 -0.9777
vn -0.1767 -0.1129 -0.9778
vn 0.1768 -0.1129 -0.9778
vn 0.5079 -0.1130 -0.8540
vn -0.0000 -0.1150 -0.9934
vn 0.6239 -0.7815 0.0009
vn 0.6397 -0.7581 0.1267
vn -0.6149 -0.7886 0.0014
vn -0.6314 -0.7647 0.1288
vn 0.5062 -0.4387 0.7425
vn -0.6261 -0.6388 0.4472
vn -0.6283 -0.7671 0.1299
vn 0.6298 -0.7632 0.1447
vn 0.6396 -0.7582 0.1267
vn 0.6261 -0.6388 0.4472
vn -0.6146 -0.7888 0.0014
vn -0.6316 -0.7635 0.1344
vn 0.6238 -0.7816 0.0009
vn -0.5091 -0.7064 0.4918
vn -0.5312 -0.7379 0.4163
vn -0.5174 -0.4889 0.7023
vn 0.5174 -0.4893 0.7021
vn 0.5312 -0.7379 0.4163
vn 0.5091 -0.7064 0.4918
vn -0.7801 -0.6255 -0.0128
vn -0.9005 -0.4349 -0.0014
vn -0.8899 -0.4298 0.1527
vn 0.8899 -0.4298 0.1527
vn 0.9005 -0.4349 -0.0043
vn -0.7881 -0.4299 0.4406
vn -0.7881 -0.4298 0.4406
vn 0.7881 -0.4298 0.4406
vn -0.6646 -0.4343 0.6080
vn 0.6646 -0.4343 0.6080
vn 0.7881 -0.4299 0.4406
vn -0.5854 -0.4342 0.6847
vn -0.5853 -0.4343 0.6847
vn 0.5854 -0.4343 0.6847
vn -0.4972 -0.4344 0.7510
vn -0.4973 -0.4342 0.7511
vn 0.4972 -0.4344 0.7510
vn 0.4973 -0.4342 0.7511
vn 0.5854 -0.4342 0.6847
vn -0.4485 -0.4351 0.7808
vn 0.4485 -0.4351 0.7808
vn -0.8945 -0.4322 -0.1145
vn -0.8945 -0.4321 -0.1145
vn -0.8931 -0.4498 -0.0014
vn -0.9004 -0.4350 -0.0012
vn 0.8945 -0.4321 -0.1145
vn 0.8944 -0.4324 -0.1145
vn 0.8863 -0.4631 -0.0022
vn 0.9005 -0.4349 -0.0018
vn -0.8528 -0.4342 -0.2901
vn 0.8529 -0.4341 -0.2901
vn -0.4617 -0.4294 -0.7762
vn -0.6391 -0.4340 -0.6350
vn 0.6391 -0.4340 -0.6350
vn 0.4617 -0.4293 -0.7762
vn -0.1606 -0.4293 -0.8888
vn -0.4617 -0.4293 -0.7762
vn 0.1606 -0.4293 -0.8888
vn -0.0000 -0.4349 -0.9005
vn -0.8480 -0.4446 -0.2885
vn -0.8518 -0.4340 -0.2936
vn 0.8529 -0.4341 -0.2902
vn -0.4617 -0.4293 -0.7763
vn 0.6354 -0.4446 -0.6313
vn 0.6417 -0.4339 -0.6325
vn 0.4617 -0.4293 -0.7763
vn -0.7945 -0.4446 -0.4136
vn 0.8468 -0.4447 -0.2918
vn 0.7945 -0.4446 -0.4136
vn -0.7237 -0.4446 -0.5278
vn 0.7237 -0.4446 -0.5278
vn -0.6379 -0.4447 -0.6288
vn -0.4665 -0.5036 0.7272
vn -0.4485 -0.4349 0.7808
vn 0.4485 -0.4349 0.7808
vn 0.4665 -0.5036 0.7272
vn -0.5017 -0.4567 0.7346
vn 0.5013 -0.4574 0.7345
vn -0.8945 -0.4320 -0.1146
vn -0.8932 -0.4496 -0.0012
vn -0.9005 -0.4349 -0.0008
vn 0.8946 -0.4319 -0.1146
vn 0.8864 -0.4629 -0.0018
vn 0.9005 -0.4348 -0.0009
vn -0.5017 -0.4565 0.7348
vn 0.5014 -0.4571 0.7346
vn -0.6319 -0.7633 0.1345
vn 0.7070 -0.7072 0.0009
vn 0.6239 -0.7815 0.0010
vn 0.6414 -0.7528 0.1482
vn -0.4877 -0.4878 0.7240
vn -0.5014 -0.5016 0.7050
vn -0.4337 -0.5575 0.7079
vn -0.4737 -0.5128 0.7160
vn -0.7069 -0.7073 0.0040
vn -0.3966 -0.5859 0.7067
vn -0.3283 -0.6194 0.7131
vn -0.2733 -0.5871 0.7620
vn -0.4220 -0.9066 -0.0031
vn 0.3524 -0.6168 0.7038
vn 0.4315 -0.5597 0.7075
vn 0.4635 -0.5244 0.7142
vn 0.4878 -0.4880 0.7238
vn 0.4877 -0.4881 0.7238
vn 0.2528 -0.5848 0.7708
vn 0.3070 -0.6594 0.6862
vn 0.4220 -0.9066 -0.0021
vn -0.4914 -0.8521 0.1802
vn -0.4759 -0.8596 0.1860
vn 0.4975 -0.8519 0.1638
vn 0.4819 -0.8484 0.2188
vn 0.4628 -0.8864 -0.0081
vn -0.2206 -0.6217 0.7515
vn -0.2207 -0.6217 0.7515
vn -0.0000 -0.6217 0.7832
vn 0.2207 -0.6217 0.7515
vn -0.4235 -0.6217 0.6589
vn 0.4235 -0.6217 0.6589
vn -0.5920 -0.6217 0.5129
vn -0.5919 -0.6218 0.5129
vn 0.5919 -0.6217 0.5129
vn -0.7124 -0.6218 0.3254
vn -0.7125 -0.6217 0.3253
vn 0.7124 -0.6218 0.3253
vn 0.5919 -0.6218 0.5129
vn -0.7753 -0.6217 0.1115
vn -0.7753 -0.6216 0.1115
vn 0.7125 -0.6217 0.3254
vn 0.7753 -0.6217 0.1115
vn 0.7753 -0.6216 0.1115
vn 0.7802 -0.6255 -0.0013
vn -0.4536 -0.8912 -0.0075
vn 0.4627 -0.8865 -0.0081
vn -0.4534 -0.8913 -0.0074
vn -0.4981 -0.8371 0.2262
vn -0.9004 -0.4350 -0.0014
vn -0.8899 -0.4299 0.1527
vn 0.8899 -0.4299 0.1527
vn 0.9004 -0.4350 -0.0014
vn -0.0000 -0.4350 -0.9005
vn -0.7752 -0.6218 0.1115
vn -0.7801 -0.6257 0.0044
vn 0.7801 -0.6257 0.0044
vn 0.7752 -0.6218 0.1115
vn 0.3659 -0.7787 0.5097
vn 0.3659 -0.7785 0.5099
vn 0.3669 -0.7857 0.4980
vn -0.3659 -0.7785 0.5099
vn -0.3659 -0.7787 0.5097
vn -0.3669 -0.7857 0.4980
vn 0.7060 -0.7082 0.0006
vn -0.7061 -0.7081 0.0005
vn -0.6257 -0.7801 -0.0044
vn -0.6221 -0.7756 0.1067
vn 0.6221 -0.7756 0.1068
vn 0.6257 -0.7801 -0.0044
vn -0.5510 -0.7756 0.3080
vn -0.6221 -0.7756 0.1068
vn 0.5510 -0.7756 0.3080
vn -0.4622 -0.7795 0.4228
vn 0.4622 -0.7795 0.4228
vn -0.4070 -0.7795 0.4761
vn -0.4071 -0.7795 0.4761
vn 0.4071 -0.7795 0.4761
vn -0.3457 -0.7796 0.5222
vn -0.3458 -0.7795 0.5223
vn 0.3457 -0.7796 0.5222
vn 0.3458 -0.7795 0.5223
vn -0.6234 -0.7778 -0.0799
vn -0.6254 -0.7803 -0.0008
vn 0.6238 -0.7775 -0.0798
vn 0.6257 -0.7801 -0.0007
vn -0.5846 -0.7868 -0.1980
vn -0.5924 -0.7791 -0.2049
vn -0.6237 -0.7776 -0.0798
vn 0.6237 -0.7776 -0.0798
vn 0.5935 -0.7793 -0.2012
vn -0.3230 -0.7751 -0.5430
vn -0.4441 -0.7793 -0.4422
vn 0.4373 -0.7868 -0.4356
vn 0.4469 -0.7791 -0.4395
vn 0.3230 -0.7751 -0.5430
vn -0.1124 -0.7751 -0.6217
vn 0.1124 -0.7751 -0.6217
vn -0.0000 -0.7801 -0.6257
vn -0.5474 -0.7869 -0.2850
vn -0.5474 -0.7868 -0.2850
vn 0.5832 -0.7869 -0.2016
vn 0.5474 -0.7869 -0.2850
vn -0.4986 -0.7868 -0.3637
vn -0.4986 -0.7869 -0.3637
vn 0.5474 -0.7868 -0.2850
vn 0.4986 -0.7868 -0.3637
vn -0.4399 -0.7869 -0.4327
vn 0.4986 -0.7869 -0.3637
vn -0.6237 -0.7775 -0.0799
vn -0.6257 -0.7800 -0.0008
vn 0.6237 -0.7775 -0.0799
vn 0.6257 -0.7800 -0.0007
vn -0.7060 -0.7082 -0.0044
vn -0.4382 -0.4383 0.7847
vn 0.7061 -0.7081 -0.0042
vn 0.2854 -0.9584 0.0014
vn 0.3202 -0.9400 0.1179
vn -0.2840 -0.9588 0.0013
vn -0.3198 -0.9397 0.1211
vn -0.2521 -0.9364 0.2441
vn -0.3198 -0.9397 0.1209
vn -0.3197 -0.9397 0.1211
vn -0.2120 -0.9680 0.1342
vn 0.2108 -0.9255 0.3145
vn 0.3202 -0.9400 0.1180
vn 0.3203 -0.9399 0.1180
vn 0.2120 -0.9680 0.1342
vn 0.2119 -0.9681 0.1339
vn -0.1236 -0.8987 0.4208
vn -0.0000 -0.8987 0.4386
vn 0.1236 -0.8987 0.4208
vn -0.2371 -0.8987 0.3690
vn -0.2371 -0.8987 0.3689
vn 0.2371 -0.8987 0.3690
vn -0.3315 -0.8987 0.2872
vn 0.3315 -0.8987 0.2872
vn 0.2371 -0.8987 0.3689
vn -0.3990 -0.8987 0.1822
vn 0.3990 -0.8987 0.1822
vn -0.4341 -0.8987 0.0624
vn 0.4341 -0.8987 0.0624
vn -0.4350 -0.9005 0.0014
vn 0.4350 -0.9005 0.0014
vn -0.2234 -0.9747 0.0056
vn -0.4475 -0.8943 -0.0009
vn 0.4613 -0.8872 -0.0017
vn 0.2237 -0.9746 0.0053
vn -0.6257 -0.7801 0.0013
vn -0.4350 -0.9004 0.0043
vn 0.4350 -0.9004 0.0043
vn 0.6256 -0.7801 0.0013
vn 0.2855 -0.9584 0.0014
vn -0.6224 -0.7754 0.1068
vn 0.6224 -0.7754 0.1068
vn -0.0000 -0.7802 -0.6256
vn -0.1124 -0.7752 -0.6216
vn 0.1124 -0.7751 -0.6218
vn -0.0000 -0.7801 -0.6256
vn 0.2855 -0.9584 0.0018
vn 0.4220 -0.9066 0.0014
vn -0.2841 -0.9588 0.0013
vn -0.1923 -0.7101 0.6773
vn -0.3157 -0.6784 0.6634
vn -0.4220 -0.9066 0.0058
vn 0.3070 -0.6594 0.6863
vn -0.1892 -0.7209 0.6668
vn -0.0786 -0.5992 0.7968
vn -0.1301 -0.9915 -0.0027
vn 0.0282 -0.2150 0.9762
vn 0.1086 -0.6817 0.7235
vn 0.2264 -0.6868 0.6907
vn 0.1301 -0.9915 -0.0027
vn -0.2235 -0.9747 -0.0045
vn -0.2233 -0.9740 0.0383
vn -0.2234 -0.9740 0.0383
vn 0.2234 -0.9740 0.0383
vn 0.2235 -0.9747 -0.0045
vn -0.1978 -0.9740 0.1106
vn 0.1978 -0.9740 0.1106
vn -0.1652 -0.9746 0.1511
vn 0.1652 -0.9746 0.1511
vn -0.1455 -0.9746 0.1702
vn 0.1455 -0.9746 0.1702
vn -0.1236 -0.9746 0.1867
vn -0.1237 -0.9746 0.1868
vn 0.1237 -0.9746 0.1868
vn 0.1236 -0.9746 0.1867
vn -0.2233 -0.9743 -0.0286
vn 0.2236 -0.9743 -0.0286
vn -0.2193 -0.9729 -0.0731
vn -0.2131 -0.9746 -0.0685
vn -0.2234 -0.9743 -0.0286
vn 0.2234 -0.9743 -0.0286
vn 0.2125 -0.9746 -0.0707
vn -0.1160 -0.9739 -0.1950
vn -0.1578 -0.9746 -0.1589
vn 0.1630 -0.9729 -0.1640
vn 0.1561 -0.9746 -0.1604
vn 0.1160 -0.9739 -0.1950
vn -0.0403 -0.9739 -0.2234
vn -0.0404 -0.9739 -0.2233
vn -0.1161 -0.9739 -0.1950
vn 0.1161 -0.9739 -0.1950
vn 0.0404 -0.9739 -0.2233
vn -0.0000 -0.9747 -0.2235
vn 0.0403 -0.9739 -0.2233
vn -0.2049 -0.9729 -0.1067
vn 0.2202 -0.9729 -0.0709
vn 0.2049 -0.9729 -0.1067
vn -0.1867 -0.9729 -0.1361
vn 0.1867 -0.9729 -0.1361
vn -0.1614 -0.9729 -0.1658
vn -0.1587 -0.9732 0.1666
vn -0.2235 -0.9743 -0.0287
vn -0.4476 -0.8942 -0.0009
vn -0.2236 -0.9747 -0.0023
vn 0.2235 -0.9743 -0.0287
vn 0.2236 -0.9747 -0.0017
vn -0.4429 -0.4534 0.7735
vn -0.0961 -0.9954 -0.0000
vn 0.0953 -0.9954 -0.0000
vn 0.4594 -0.8882 -0.0103
vn 0.4430 -0.4552 0.7724
vn 0.1686 -0.9857 -0.0000
vn -0.1488 -0.9889 -0.0000
vn -0.0082 -0.9934 0.1148
vn -0.0327 -0.9933 0.1112
vn -0.0326 -0.9933 0.1112
vn -0.0000 -0.9915 0.1304
vn 0.0082 -0.9934 0.1148
vn 0.0327 -0.9933 0.1112
vn -0.0627 -0.9933 0.0975
vn 0.0627 -0.9933 0.0975
vn -0.0876 -0.9933 0.0759
vn 0.0876 -0.9933 0.0759
vn -0.1054 -0.9933 0.0481
vn 0.1054 -0.9933 0.0481
vn -0.1147 -0.9933 0.0165
vn 0.1147 -0.9933 0.0165
vn 0.1054 -0.9933 0.0482
vn -0.1148 -0.9934 -0.0000
vn 0.1148 -0.9934 -0.0000
vn -0.2134 -0.9746 -0.0686
vn -0.2236 -0.9743 -0.0286
vn 0.2117 -0.9745 -0.0748
vn 0.0098 -1.0000 0.0010
vn -0.1161 -0.9739 -0.1952
vn -0.1610 -0.9745 -0.1563
vn -0.0035 -1.0000 -0.0092
vn 0.1565 -0.9745 -0.1608
vn 0.1160 -0.9739 -0.1951
vn -0.0045 -1.0000 -0.0017
vn -0.0047 -1.0000 -0.0018
vn -0.1896 -0.9769 -0.0987
vn 0.0082 -1.0000 -0.0029
vn 0.0218 -0.9997 -0.0113
vn -0.0038 -1.0000 -0.0025
vn -0.0199 -0.9997 -0.0144
vn 0.0040 -1.0000 -0.0024
vn 0.0040 -1.0000 -0.0023
vn 0.0038 -1.0000 -0.0022
vn 0.1727 -0.9770 -0.1253
vn -0.0062 -1.0000 -0.0060
vn 0.0036 -1.0000 -0.0034
vn 0.0036 -1.0000 -0.0033
s 0
usemtl Material.027
f 1//1 2//1 3//1
f 4//2 1//2 3//2
f 5//3 4//3 3//3
f 6//4 5//4 3//4
f 2//5 6//5 3//5
f 1//6 6//6 2//6
f 7//4 8//4 5//4
f 6//4 7//4 5//4
f 8//3 4//3 5//3
f 9//4 7//4 6//4
f 10//5 9//5 6//5
f 11//7 10//7 6//7
f 1//8 11//8 6//8
f 12//9 4//9 8//9
f 7//10 12//10 8//10
f 13//11 9//11 10//11
f 11//12 13//12 10//12
f 14//4 7//4 9//4
f 15//4 14//4 9//4
f 16//4 15//4 9//4
f 17//13 16//13 9//13
f 13//14 17//14 9//14
f 14//10 12//10 7//10
f 18//15 12//15 14//15
f 15//16 18//16 14//16
f 19//17 15//17 16//17
f 17//13 19//13 16//13
f 20//4 21//4 15//4
f 19//4 22//4 15//4
f 22//4 23//4 15//4
f 23//4 24//4 15//4
f 24//4 20//4 15//4
f 21//4 25//4 15//4
f 25//18 18//18 15//18
f 17//19 22//19 19//19
f 17//20 26//20 22//20
f 26//21 23//21 22//21
f 21//4 27//4 25//4
f 28//22 18//22 25//22
f 27//23 28//23 25//23
f 21//4 29//4 27//4
f 29//24 30//24 27//24
f 30//25 28//25 27//25
f 26//26 31//26 23//26
f 31//27 24//27 23//27
f 21//4 32//4 29//4
f 32//24 30//24 29//24
f 31//27 20//27 24//27
f 21//4 33//4 32//4
f 33//28 34//28 32//28
f 34//29 35//29 32//29
f 35//30 30//30 32//30
f 31//31 36//31 20//31
f 36//32 21//32 20//32
f 37//4 38//4 21//4
f 38//4 39//4 21//4
f 39//4 40//4 21//4
f 41//4 42//4 21//4
f 42//4 43//4 21//4
f 43//4 37//4 21//4
f 40//4 44//4 21//4
f 44//4 45//4 21//4
f 45//4 46//4 21//4
f 46//4 33//4 21//4
f 47//33 41//33 21//33
f 36//34 47//34 21//34
f 46//35 48//35 33//35
f 48//36 34//36 33//36
f 49//37 48//37 46//37
f 45//38 49//38 46//38
f 50//4 42//4 41//4
f 51//39 50//39 41//39
f 47//40 51//40 41//40
f 52//4 42//4 50//4
f 51//39 52//39 50//39
f 44//38 49//38 45//38
f 40//41 53//41 44//41
f 53//42 49//42 44//42
f 54//4 42//4 52//4
f 51//43 55//43 52//43
f 55//44 54//44 52//44
f 56//4 42//4 54//4
f 57//4 56//4 54//4
f 55//45 58//45 54//45
f 58//46 57//46 54//46
f 39//47 53//47 40//47
f 59//48 60//48 39//48
f 38//49 59//49 39//49
f 60//50 53//50 39//50
f 37//49 59//49 38//49
f 61//4 56//4 57//4
f 58//46 61//46 57//46
f 62//4 56//4 61//4
f 58//51 63//51 61//51
f 63//52 62//52 61//52
f 64//53 59//53 37//53
f 43//54 64//54 37//54
f 65//4 56//4 62//4
f 63//52 65//52 62//52
f 42//55 64//55 43//55
f 66//4 56//4 65//4
f 63//56 67//56 65//56
f 67//57 66//57 65//57
f 68//58 64//58 42//58
f 56//59 68//59 42//59
f 69//4 56//4 66//4
f 70//60 69//60 66//60
f 67//61 70//61 66//61
f 69//4 71//4 56//4
f 71//4 72//4 56//4
f 72//62 73//62 56//62
f 73//63 68//63 56//63
f 70//64 74//64 69//64
f 75//65 71//65 69//65
f 74//65 75//65 69//65
f 71//4 76//4 72//4
f 77//62 73//62 72//62
f 76//66 77//66 72//66
f 78//4 76//4 71//4
f 79//67 78//67 71//67
f 75//67 79//67 71//67
f 80//4 81//4 76//4
f 82//4 80//4 76//4
f 78//4 82//4 76//4
f 83//66 77//66 76//66
f 81//68 83//68 76//68
f 84//69 82//69 78//69
f 79//70 84//70 78//70
f 80//4 85//4 81//4
f 85//71 86//71 81//71
f 87//72 83//72 81//72
f 86//73 87//73 81//73
f 84//69 80//69 82//69
f 88//4 89//4 80//4
f 89//4 90//4 80//4
f 90//4 91//4 80//4
f 91//4 85//4 80//4
f 92//4 88//4 80//4
f 93//4 92//4 80//4
f 84//74 93//74 80//74
f 91//75 86//75 85//75
f 94//4 92//4 93//4
f 95//76 94//76 93//76
f 84//77 96//77 93//77
f 96//78 95//78 93//78
f 90//75 86//75 91//75
f 97//79 86//79 90//79
f 89//80 97//80 90//80
f 98//4 92//4 94//4
f 95//81 98//81 94//81
f 88//82 99//82 89//82
f 99//83 97//83 89//83
f 100//4 101//4 98//4
f 101//4 92//4 98//4
f 95//84 100//84 98//84
f 92//85 102//85 88//85
f 102//86 99//86 88//86
f 103//87 101//87 100//87
f 95//88 104//88 100//88
f 104//89 103//89 100//89
f 105//4 106//4 92//4
f 107//4 105//4 92//4
f 108//4 107//4 92//4
f 101//4 108//4 92//4
f 109//90 102//90 92//90
f 106//91 109//91 92//91
f 110//4 108//4 101//4
f 111//92 110//92 101//92
f 103//93 111//93 101//93
f 112//4 113//4 106//4
f 105//4 112//4 106//4
f 113//94 109//94 106//94
f 114//4 108//4 110//4
f 111//95 114//95 110//95
f 112//4 115//4 113//4
f 115//96 109//96 113//96
f 112//4 116//4 115//4
f 116//97 117//97 115//97
f 117//98 118//98 115//98
f 118//99 109//99 115//99
f 119//4 108//4 114//4
f 120//100 119//100 114//100
f 111//101 120//101 114//101
f 121//4 108//4 119//4
f 122//102 121//102 119//102
f 120//103 122//103 119//103
f 112//4 123//4 116//4
f 123//104 117//104 116//104
f 124//4 108//4 121//4
f 122//105 124//105 121//105
f 125//4 108//4 124//4
f 122//105 125//105 124//105
f 126//4 127//4 123//4
f 112//4 126//4 123//4
f 127//104 117//104 123//104
f 128//106 117//106 127//106
f 129//107 128//107 127//107
f 126//108 129//108 127//108
f 130//4 108//4 125//4
f 131//109 130//109 125//109
f 122//110 132//110 125//110
f 132//111 131//111 125//111
f 112//4 133//4 126//4
f 128//112 129//112 126//112
f 134//113 128//113 126//113
f 133//114 134//114 126//114
f 135//4 136//4 130//4
f 136//4 108//4 130//4
f 131//115 137//115 130//115
f 137//116 135//116 130//116
f 112//4 138//4 133//4
f 138//117 139//117 133//117
f 139//118 134//118 133//118
f 140//119 136//119 135//119
f 141//120 140//120 135//120
f 137//121 141//121 135//121
f 112//4 142//4 138//4
f 143//122 139//122 138//122
f 142//123 143//123 138//123
f 144//4 108//4 136//4
f 145//124 144//124 136//124
f 140//125 145//125 136//125
f 112//4 146//4 142//4
f 147//126 143//126 142//126
f 146//127 148//127 142//127
f 148//127 147//127 142//127
f 145//128 108//128 144//128
f 112//4 149//4 146//4
f 149//129 150//129 146//129
f 150//129 148//129 146//129
f 151//130 107//130 108//130
f 145//128 151//128 108//128
f 112//131 152//131 149//131
f 152//131 150//131 149//131
f 153//132 105//132 107//132
f 151//130 153//130 107//130
f 105//133 152//133 112//133
f 154//133 152//133 105//133
f 153//132 154//132 105//132
f 155//134 11//134 1//134
f 4//135 155//135 1//135
f 156//136 155//136 4//136
f 12//136 156//136 4//136
f 157//137 13//137 11//137
f 155//138 157//138 11//138
f 158//139 156//139 12//139
f 18//140 158//140 12//140
f 159//141 17//141 13//141
f 157//137 159//137 13//137
f 160//142 158//142 18//142
f 28//143 160//143 18//143
f 161//144 26//144 17//144
f 159//145 161//145 17//145
f 162//146 160//146 28//146
f 30//147 162//147 28//147
f 163//148 31//148 26//148
f 161//144 163//144 26//144
f 35//149 162//149 30//149
f 164//150 36//150 31//150
f 163//151 164//151 31//151
f 165//152 162//152 35//152
f 34//153 165//153 35//153
f 164//154 47//154 36//154
f 166//155 165//155 34//155
f 48//156 166//156 34//156
f 167//157 51//157 47//157
f 164//158 167//158 47//158
f 49//159 166//159 48//159
f 168//160 166//160 49//160
f 53//160 168//160 49//160
f 169//161 55//161 51//161
f 167//157 169//157 51//157
f 170//162 168//162 53//162
f 60//163 170//163 53//163
f 171//164 58//164 55//164
f 169//161 171//161 55//161
f 59//165 170//165 60//165
f 64//166 172//166 59//166
f 172//166 170//166 59//166
f 173//167 63//167 58//167
f 171//164 173//164 58//164
f 68//168 174//168 64//168
f 174//169 172//169 64//169
f 175//170 67//170 63//170
f 173//167 175//167 63//167
f 176//171 177//171 67//171
f 177//172 70//172 67//172
f 175//173 176//173 67//173
f 177//174 74//174 70//174
f 73//175 174//175 68//175
f 178//176 172//176 174//176
f 73//177 178//177 174//177
f 77//178 179//178 73//178
f 179//178 180//178 73//178
f 180//177 178//177 73//177
f 177//179 176//179 74//179
f 176//180 181//180 74//180
f 182//181 75//181 74//181
f 181//181 182//181 74//181
f 83//182 179//182 77//182
f 183//183 79//183 75//183
f 182//183 183//183 75//183
f 184//182 179//182 83//182
f 87//184 184//184 83//184
f 183//185 84//185 79//185
f 185//184 184//184 87//184
f 86//186 186//186 87//186
f 186//186 185//186 87//186
f 187//187 96//187 84//187
f 183//185 187//185 84//185
f 97//188 188//188 86//188
f 188//189 186//189 86//189
f 187//187 189//187 96//187
f 189//190 95//190 96//190
f 99//191 190//191 97//191
f 190//192 188//192 97//192
f 191//193 104//193 95//193
f 192//194 191//194 95//194
f 189//195 192//195 95//195
f 102//196 193//196 99//196
f 193//197 190//197 99//197
f 191//198 194//198 104//198
f 195//199 103//199 104//199
f 194//200 195//200 104//200
f 196//201 137//201 131//201
f 132//202 197//202 131//202
f 197//203 196//203 131//203
f 198//204 117//204 128//204
f 134//205 198//205 128//205
f 109//206 193//206 102//206
f 195//207 120//207 103//207
f 120//208 111//208 103//208
f 199//209 137//209 196//209
f 197//210 199//210 196//210
f 200//211 198//211 134//211
f 139//212 200//212 134//212
f 199//213 201//213 137//213
f 201//214 141//214 137//214
f 202//191 188//191 190//191
f 193//215 203//215 190//215
f 203//216 202//216 190//216
f 192//193 204//193 191//193
f 204//217 194//217 191//217
f 205//218 157//218 155//218
f 206//219 205//219 155//219
f 156//219 206//219 155//219
f 207//220 159//220 157//220
f 205//218 207//218 157//218
f 208//221 206//221 156//221
f 158//221 208//221 156//221
f 209//222 161//222 159//222
f 207//220 209//220 159//220
f 210//223 208//223 158//223
f 160//223 210//223 158//223
f 211//224 163//224 161//224
f 209//222 211//222 161//222
f 212//225 210//225 160//225
f 162//225 212//225 160//225
f 213//226 164//226 163//226
f 211//224 213//224 163//224
f 214//227 212//227 162//227
f 165//228 214//228 162//228
f 215//229 167//229 164//229
f 213//226 215//226 164//226
f 216//230 214//230 165//230
f 166//230 216//230 165//230
f 217//231 169//231 167//231
f 215//232 217//232 167//232
f 218//233 216//233 166//233
f 168//233 218//233 166//233
f 219//234 171//234 169//234
f 217//235 219//235 169//235
f 220//236 218//236 168//236
f 170//236 220//236 168//236
f 221//237 173//237 171//237
f 219//234 221//234 171//234
f 172//238 222//238 170//238
f 222//238 220//238 170//238
f 223//239 175//239 173//239
f 221//237 223//237 173//237
f 178//176 224//176 172//176
f 224//240 222//240 172//240
f 225//241 176//241 175//241
f 226//242 225//242 175//242
f 223//243 226//243 175//243
f 225//244 181//244 176//244
f 227//245 198//245 200//245
f 228//246 227//246 200//246
f 139//247 228//247 200//247
f 229//248 230//248 201//248
f 199//249 229//249 201//249
f 230//250 141//250 201//250
f 231//251 232//251 139//251
f 143//251 231//251 139//251
f 232//252 228//252 139//252
f 233//253 140//253 141//253
f 230//254 233//254 141//254
f 147//255 234//255 143//255
f 234//255 231//255 143//255
f 235//256 145//256 140//256
f 233//257 235//257 140//257
f 148//258 236//258 147//258
f 236//259 234//259 147//259
f 235//256 237//256 145//256
f 237//260 151//260 145//260
f 150//261 238//261 148//261
f 238//261 236//261 148//261
f 239//262 153//262 151//262
f 237//263 239//263 151//263
f 152//264 240//264 150//264
f 240//265 238//265 150//265
f 241//266 242//266 153//266
f 242//267 154//267 153//267
f 239//262 241//262 153//262
f 154//268 240//268 152//268
f 242//268 240//268 154//268
f 180//177 224//177 178//177
f 118//269 193//269 109//269
f 243//270 193//270 118//270
f 244//271 243//271 118//271
f 117//272 245//272 118//272
f 245//273 246//273 118//273
f 246//274 244//274 118//274
f 195//275 247//275 120//275
f 247//276 248//276 120//276
f 248//277 249//277 120//277
f 249//278 122//278 120//278
f 194//279 247//279 195//279
f 243//280 203//280 193//280
f 194//279 248//279 247//279
f 242//281 250//281 240//281
f 250//265 238//265 240//265
f 251//281 250//281 242//281
f 241//266 251//266 242//266
f 244//282 203//282 243//282
f 252//178 180//178 179//178
f 184//283 252//283 179//283
f 253//284 183//284 182//284
f 254//285 253//285 182//285
f 181//181 254//181 182//181
f 255//283 252//283 184//283
f 185//286 255//286 184//286
f 253//287 187//287 183//287
f 227//288 117//288 198//288
f 197//289 229//289 199//289
f 256//290 222//290 224//290
f 180//291 256//291 224//291
f 257//292 258//292 180//292
f 252//292 257//292 180//292
f 258//293 256//293 180//293
f 225//294 259//294 181//294
f 259//295 260//295 181//295
f 261//296 254//296 181//296
f 260//296 261//296 181//296
f 255//297 257//297 252//297
f 262//298 253//298 254//298
f 261//298 262//298 254//298
f 263//297 257//297 255//297
f 185//299 263//299 255//299
f 262//300 187//300 253//300
f 186//301 264//301 185//301
f 264//302 265//302 185//302
f 265//303 263//303 185//303
f 262//304 266//304 187//304
f 266//305 189//305 187//305
f 188//306 267//306 186//306
f 267//307 264//307 186//307
f 266//308 268//308 189//308
f 268//309 192//309 189//309
f 202//310 269//310 188//310
f 269//311 267//311 188//311
f 270//312 204//312 192//312
f 271//313 270//313 192//313
f 268//309 271//309 192//309
f 272//314 269//314 202//314
f 203//315 272//315 202//315
f 270//316 273//316 204//316
f 273//317 194//317 204//317
f 244//318 274//318 203//318
f 274//319 275//319 203//319
f 275//320 272//320 203//320
f 276//321 277//321 194//321
f 277//322 249//322 194//322
f 249//323 248//323 194//323
f 273//324 276//324 194//324
f 226//241 259//241 225//241
f 246//325 274//325 244//325
f 278//326 117//326 227//326
f 279//327 278//327 227//327
f 228//328 279//328 227//328
f 280//329 281//329 229//329
f 281//330 230//330 229//330
f 197//331 282//331 229//331
f 282//332 280//332 229//332
f 283//333 267//333 269//333
f 272//334 283//334 269//334
f 271//335 284//335 270//335
f 284//336 273//336 270//336
f 232//337 279//337 228//337
f 281//338 233//338 230//338
f 285//339 207//339 205//339
f 286//340 285//340 205//340
f 206//341 286//341 205//341
f 287//342 209//342 207//342
f 285//339 287//339 207//339
f 288//343 286//343 206//343
f 208//344 288//344 206//344
f 289//345 211//345 209//345
f 287//346 289//346 209//346
f 290//347 288//347 208//347
f 210//347 290//347 208//347
f 291//348 213//348 211//348
f 289//345 291//345 211//345
f 292//349 290//349 210//349
f 212//349 292//349 210//349
f 293//350 215//350 213//350
f 291//348 293//348 213//348
f 294//351 292//351 212//351
f 214//352 294//352 212//352
f 295//353 217//353 215//353
f 293//354 295//354 215//354
f 296//355 294//355 214//355
f 216//356 296//356 214//356
f 297//357 219//357 217//357
f 295//358 297//358 217//358
f 298//359 296//359 216//359
f 218//359 298//359 216//359
f 299//360 221//360 219//360
f 297//361 299//361 219//361
f 300//362 298//362 218//362
f 220//363 300//363 218//363
f 301//364 223//364 221//364
f 299//360 301//360 221//360
f 302//365 300//365 220//365
f 222//366 302//366 220//366
f 303//367 226//367 223//367
f 301//368 303//368 223//368
f 256//369 304//369 222//369
f 304//370 302//370 222//370
f 305//371 259//371 226//371
f 306//372 305//372 226//372
f 303//373 306//373 226//373
f 305//374 260//374 259//374
f 307//375 278//375 279//375
f 232//376 307//376 279//376
f 280//377 308//377 281//377
f 308//378 233//378 281//378
f 309//379 310//379 232//379
f 231//379 309//379 232//379
f 310//380 307//380 232//380
f 311//381 235//381 233//381
f 308//378 311//378 233//378
f 234//382 312//382 231//382
f 312//383 309//383 231//383
f 313//384 237//384 235//384
f 311//381 313//381 235//381
f 236//385 314//385 234//385
f 314//386 312//386 234//386
f 313//387 315//387 237//387
f 315//388 239//388 237//388
f 238//389 316//389 236//389
f 316//390 314//390 236//390
f 317//391 241//391 239//391
f 315//392 317//392 239//392
f 250//393 318//393 238//393
f 318//393 316//393 238//393
f 319//394 320//394 241//394
f 320//394 251//394 241//394
f 317//395 319//395 241//395
f 251//396 318//396 250//396
f 320//396 318//396 251//396
f 258//293 304//293 256//293
f 282//397 308//397 280//397
f 321//398 117//398 278//398
f 307//399 321//399 278//399
f 322//400 283//400 272//400
f 275//401 322//401 272//401
f 284//402 323//402 273//402
f 323//403 276//403 273//403
f 324//404 258//404 257//404
f 263//405 324//405 257//405
f 325//406 262//406 261//406
f 326//406 325//406 261//406
f 260//407 326//407 261//407
f 327//405 324//405 263//405
f 265//408 327//408 263//408
f 325//409 266//409 262//409
f 320//410 328//410 318//410
f 328//411 316//411 318//411
f 329//410 328//410 320//410
f 319//412 329//412 320//412
f 245//413 274//413 246//413
f 330//414 132//414 249//414
f 132//415 122//415 249//415
f 277//416 330//416 249//416
f 331//417 302//417 304//417
f 258//418 331//418 304//418
f 332//419 331//419 258//419
f 333//420 332//420 258//420
f 324//420 333//420 258//420
f 334//421 335//421 260//421
f 305//374 334//374 260//374
f 335//422 326//422 260//422
f 327//423 333//423 324//423
f 336//424 325//424 326//424
f 337//424 336//424 326//424
f 335//422 337//422 326//422
f 338//423 333//423 327//423
f 339//425 338//425 327//425
f 265//426 339//426 327//426
f 336//427 266//427 325//427
f 340//428 339//428 265//428
f 264//428 340//428 265//428
f 336//427 341//427 266//427
f 341//429 342//429 266//429
f 342//429 268//429 266//429
f 267//430 343//430 264//430
f 344//431 340//431 264//431
f 343//432 344//432 264//432
f 342//433 345//433 268//433
f 345//434 271//434 268//434
f 346//435 343//435 267//435
f 283//436 346//436 267//436
f 347//437 284//437 271//437
f 348//438 347//438 271//438
f 345//439 348//439 271//439
f 322//440 346//440 283//440
f 347//441 323//441 284//441
f 117//442 349//442 245//442
f 349//443 274//443 245//443
f 306//372 334//372 305//372
f 349//444 350//444 274//444
f 350//445 275//445 274//445
f 276//446 351//446 277//446
f 351//447 330//447 277//447
f 352//448 349//448 117//448
f 321//449 353//449 117//449
f 353//450 354//450 117//450
f 354//451 355//452 117//452
f 355//453 352//453 117//453
f 356//454 343//454 346//454
f 322//455 357//455 346//455
f 357//456 358//456 346//456
f 358//457 356//457 346//457
f 348//458 359//458 347//458
f 359//459 360//459 347//459
f 360//460 323//460 347//460
f 361//461 362//461 352//461
f 363//462 361//462 352//462
f 362//463 364//463 352//463
f 364//463 349//463 352//463
f 365//464 363//464 352//464
f 366//465 365//465 352//465
f 355//466 366//466 352//466
f 330//467 367//467 132//467
f 367//467 368//467 132//467
f 368//468 369//468 132//468
f 369//469 197//469 132//469
f 364//470 350//470 349//470
f 351//471 367//471 330//471
f 370//472 353//472 321//472
f 307//473 370//473 321//473
f 371//474 372//474 282//474
f 372//475 308//475 282//475
f 197//476 371//476 282//476
f 310//477 370//477 307//477
f 372//478 311//478 308//478
f 373//479 354//479 353//479
f 370//480 373//480 353//480
f 374//481 375//481 371//481
f 375//482 372//482 371//482
f 197//483 374//483 371//483
f 376//484 377//484 322//484
f 377//485 357//485 322//485
f 275//486 378//486 322//486
f 378//487 376//487 322//487
f 360//488 379//488 323//488
f 379//489 380//489 323//489
f 381//490 276//490 323//490
f 380//491 381//491 323//491
f 382//492 287//492 285//492
f 286//493 383//493 285//493
f 383//494 384//494 285//494
f 384//495 382//495 285//495
f 382//492 385//492 287//492
f 385//496 386//496 287//496
f 386//497 289//497 287//497
f 288//498 387//498 286//498
f 387//498 383//498 286//498
f 386//499 388//499 289//499
f 388//500 291//500 289//500
f 290//501 389//501 288//501
f 389//502 390//502 288//502
f 390//503 387//503 288//503
f 391//504 293//504 291//504
f 392//505 391//505 291//505
f 388//506 393//506 291//506
f 393//507 392//507 291//507
f 292//508 394//508 290//508
f 394//509 395//509 290//509
f 395//510 389//510 290//510
f 396//511 295//511 293//511
f 391//512 396//512 293//512
f 294//513 397//513 292//513
f 397//514 398//514 292//514
f 398//513 394//513 292//513
f 399//515 297//515 295//515
f 400//515 399//515 295//515
f 396//516 400//516 295//516
f 296//517 401//517 294//517
f 401//517 397//517 294//517
f 402//518 299//518 297//518
f 399//515 402//515 297//515
f 298//519 403//519 296//519
f 403//520 404//520 296//520
f 404//521 401//521 296//521
f 405//522 406//522 299//522
f 406//523 301//523 299//523
f 402//518 405//518 299//518
f 300//524 407//524 298//524
f 407//525 408//525 298//525
f 408//526 403//526 298//526
f 406//527 409//527 301//527
f 409//528 410//528 301//528
f 410//529 303//529 301//529
f 411//530 407//530 300//530
f 412//531 411//531 300//531
f 302//532 412//532 300//532
f 413//533 306//533 303//533
f 410//534 414//534 303//534
f 414//535 413//535 303//535
f 415//536 412//536 302//536
f 331//537 415//537 302//537
f 413//538 416//538 306//538
f 416//539 334//539 306//539
f 417//540 335//540 334//540
f 416//541 418//541 334//541
f 418//542 417//542 334//542
f 419//543 415//543 331//543
f 332//419 419//419 331//419
f 420//544 373//544 370//544
f 310//545 420//545 370//545
f 375//546 311//546 372//546
f 421//547 420//547 310//547
f 309//548 421//548 310//548
f 422//549 313//549 311//549
f 375//550 422//550 311//550
f 312//551 423//551 309//551
f 423//551 421//551 309//551
f 424//552 315//552 313//552
f 422//553 424//553 313//553
f 425//554 423//554 312//554
f 314//555 425//555 312//555
f 424//552 426//552 315//552
f 426//556 317//556 315//556
f 427//557 425//557 314//557
f 316//558 427//558 314//558
f 428//559 429//559 317//559
f 426//560 428//560 317//560
f 429//561 319//561 317//561
f 328//562 430//562 316//562
f 431//558 427//558 316//558
f 430//563 431//563 316//563
f 429//561 432//561 319//561
f 432//564 329//564 319//564
f 329//565 430//565 328//565
f 433//565 430//565 329//565
f 432//566 433//566 329//566
f 434//567 378//567 275//567
f 435//568 434//568 275//568
f 350//569 435//569 275//569
f 381//570 436//570 276//570
f 436//571 437//571 276//571
f 437//572 438//572 276//572
f 438//573 351//573 276//573
f 362//574 350//574 364//574
f 351//471 368//471 367//471
f 362//575 439//575 350//575
f 439//576 435//576 350//576
f 438//577 368//577 351//577
f 373//578 355//578 354//578
f 438//579 369//579 368//579
f 361//580 439//580 362//580
f 440//581 385//581 382//581
f 384//582 440//582 382//582
f 440//581 441//581 385//581
f 441//583 386//583 385//583
f 383//584 440//584 384//584
f 441//585 388//585 386//585
f 387//586 442//586 383//586
f 442//587 440//587 383//587
f 441//588 443//588 388//588
f 443//589 393//589 388//589
f 390//590 442//590 387//590
f 443//591 392//591 393//591
f 389//592 444//592 390//592
f 444//593 442//593 390//593
f 445//594 391//594 392//594
f 443//595 445//595 392//595
f 395//596 444//596 389//596
f 445//597 396//597 391//597
f 394//598 444//598 395//598
f 445//599 400//599 396//599
f 398//600 446//600 394//600
f 446//601 444//601 394//601
f 445//602 447//602 400//602
f 447//603 399//603 400//603
f 448//604 449//604 398//604
f 449//605 450//605 398//605
f 450//606 451//606 398//606
f 397//607 452//607 398//607
f 452//608 453//608 398//608
f 453//609 448//609 398//609
f 451//610 454//610 398//610
f 454//611 446//611 398//611
f 455//612 456//612 399//612
f 456//613 457//613 399//613
f 457//614 402//614 399//614
f 447//615 458//615 399//615
f 458//616 455//616 399//616
f 401//617 459//617 397//617
f 459//618 452//618 397//618
f 457//619 460//619 402//619
f 460//620 461//620 402//620
f 461//621 405//621 402//621
f 404//622 462//622 401//622
f 462//623 459//623 401//623
f 461//624 463//624 405//624
f 463//625 406//625 405//625
f 403//626 464//626 404//626
f 464//627 462//627 404//627
f 463//628 465//628 406//628
f 465//629 409//629 406//629
f 408//630 466//630 403//630
f 466//631 467//631 403//631
f 467//632 464//632 403//632
f 468//633 410//633 409//633
f 465//634 469//634 409//634
f 469//635 468//635 409//635
f 407//636 470//636 408//636
f 470//637 466//637 408//637
f 468//638 471//638 410//638
f 471//639 414//639 410//639
f 411//640 472//640 407//640
f 472//641 470//641 407//641
f 471//642 473//642 414//642
f 473//643 413//643 414//643
f 412//644 474//644 411//644
f 474//645 475//645 411//645
f 475//645 472//645 411//645
f 476//646 416//646 413//646
f 473//647 477//647 413//647
f 477//648 476//648 413//648
f 415//649 478//649 412//649
f 478//650 474//650 412//650
f 479//651 418//651 416//651
f 480//652 479//652 416//652
f 476//653 480//653 416//653
f 481//654 482//654 415//654
f 482//655 483//655 415//655
f 483//656 478//656 415//656
f 484//657 481//657 415//657
f 419//658 484//658 415//658
f 479//659 485//659 418//659
f 485//660 486//660 418//660
f 486//661 487//661 418//661
f 487//662 488//662 418//662
f 488//663 489//663 418//663
f 489//664 490//664 418//664
f 490//665 417//665 418//665
f 491//666 484//666 419//666
f 332//667 492//667 419//667
f 492//667 491//667 419//667
f 490//668 335//668 417//668
f 333//669 493//669 332//669
f 493//669 492//669 332//669
f 490//668 494//668 335//668
f 494//670 337//670 335//670
f 338//671 495//671 333//671
f 495//671 493//671 333//671
f 496//672 336//672 337//672
f 494//670 496//670 337//670
f 339//673 495//673 338//673
f 496//672 497//672 336//672
f 497//674 341//674 336//674
f 340//675 498//675 339//675
f 498//676 495//676 339//676
f 497//677 499//677 341//677
f 499//678 342//678 341//678
f 344//679 498//679 340//679
f 499//680 345//680 342//680
f 343//681 500//681 344//681
f 500//682 498//682 344//682
f 499//683 501//683 345//683
f 501//684 348//684 345//684
f 502//685 503//685 343//685
f 356//686 504//686 343//686
f 504//687 505//687 343//687
f 505//688 502//688 343//688
f 503//689 506//689 343//689
f 506//690 507//690 343//690
f 507//691 500//691 343//691
f 501//692 508//692 348//692
f 508//693 509//693 348//693
f 509//694 510//694 348//694
f 510//695 511//695 348//695
f 511//696 512//696 348//696
f 512//697 359//697 348//697
f 358//698 513//698 356//698
f 513//699 504//699 356//699
f 512//700 514//700 359//700
f 514//701 360//701 359//701
f 515//702 366//702 355//702
f 516//703 515//703 355//703
f 373//671 516//671 355//671
f 517//671 516//671 373//671
f 420//704 518//704 373//704
f 518//705 519//705 373//705
f 519//706 520//706 373//706
f 520//707 517//707 373//707
f 374//672 521//672 375//672
f 522//708 422//708 375//708
f 523//709 522//709 375//709
f 521//710 523//710 375//710
f 421//711 524//711 420//711
f 524//712 525//712 420//712
f 525//713 526//713 420//713
f 526//714 527//714 420//714
f 527//715 528//715 420//715
f 528//716 529//716 420//716
f 529//717 518//717 420//717
f 530//718 531//718 422//718
f 532//719 530//719 422//719
f 533//720 424//720 422//720
f 534//721 533//721 422//721
f 531//722 534//722 422//722
f 522//723 532//723 422//723
f 423//724 535//724 421//724
f 535//725 536//725 421//725
f 536//726 524//726 421//726
f 533//727 537//727 424//727
f 538//728 426//728 424//728
f 539//729 538//729 424//729
f 537//727 539//727 424//727
f 425//730 535//730 423//730
f 538//731 540//731 426//731
f 540//732 428//732 426//732
f 541//733 535//733 425//733
f 427//734 541//734 425//734
f 540//735 542//735 428//735
f 542//736 429//736 428//736
f 431//737 541//737 427//737
f 542//738 432//738 429//738
f 430//739 543//739 431//739
f 543//740 541//740 431//740
f 544//741 433//741 432//741
f 542//742 544//742 432//742
f 544//743 543//743 430//743
f 433//743 544//743 430//743
f 197//744 545//744 374//744
f 545//672 521//672 374//672
f 357//745 546//745 358//745
f 546//746 547//746 358//746
f 547//747 513//747 358//747
f 514//748 548//748 360//748
f 548//749 549//749 360//749
f 549//750 550//750 360//750
f 550//751 379//751 360//751
f 551//752 515//752 516//752
f 517//671 551//671 516//671
f 552//753 553//753 545//753
f 197//754 552//754 545//754
f 553//672 521//672 545//672
f 554//755 555//755 378//755
f 434//756 554//756 378//756
f 555//757 376//757 378//757
f 556//758 557//758 381//758
f 557//759 558//759 381//759
f 558//759 559//759 381//759
f 559//760 436//760 381//760
f 380//761 556//761 381//761
f 377//762 560//762 357//762
f 560//763 546//763 357//763
f 550//764 561//764 379//764
f 561//765 380//765 379//765
f 376//766 560//766 377//766
f 561//767 562//767 380//767
f 562//768 556//768 380//768
f 363//769 439//769 361//769
f 563//770 197//770 369//770
f 438//579 563//579 369//579
f 564//771 565//771 439//771
f 363//772 564//772 439//772
f 566//773 435//773 439//773
f 565//774 566//774 439//774
f 567//775 568//775 438//775
f 437//776 569//776 438//776
f 569//777 567//777 438//777
f 568//778 563//778 438//778
f 552//779 570//779 553//779
f 570//672 521//672 553//672
f 555//780 571//780 376//780
f 571//781 560//781 376//781
f 562//782 557//782 556//782
f 566//783 572//783 435//783
f 572//784 573//784 435//784
f 573//785 574//785 435//785
f 574//786 434//786 435//786
f 436//787 575//787 437//787
f 575//788 576//788 437//788
f 576//789 569//789 437//789
f 555//790 577//790 571//790
f 577//791 578//791 571//791
f 578//792 560//792 571//792
f 579//793 580//793 557//793
f 562//794 579//794 557//794
f 580//795 558//795 557//795
f 555//796 554//796 577//796
f 554//797 434//797 577//797
f 434//798 574//798 577//798
f 574//799 573//799 577//799
f 573//800 572//800 577//800
f 572//801 581//801 577//801
f 581//802 578//802 577//802
f 582//803 567//803 580//803
f 567//804 569//804 580//804
f 569//804 576//804 580//804
f 576//805 575//805 580//805
f 575//806 436//806 580//806
f 436//807 559//807 580//807
f 559//808 558//808 580//808
f 583//802 582//802 580//802
f 579//802 583//802 580//802
f 561//809 579//809 562//809
f 365//810 564//810 363//810
f 552//811 197//811 563//811
f 584//812 552//812 563//812
f 568//813 584//813 563//813
f 366//814 585//814 365//814
f 585//815 564//815 365//815
f 586//816 587//816 366//816
f 587//814 585//814 366//814
f 515//817 586//817 366//817
f 588//818 552//818 584//818
f 589//819 588//819 584//819
f 568//820 589//820 584//820
f 590//821 586//821 515//821
f 551//822 590//822 515//822
f 591//823 570//823 552//823
f 588//824 591//824 552//824
f 578//825 546//825 560//825
f 561//826 592//826 579//826
f 592//802 593//802 579//802
f 594//802 583//802 579//802
f 593//802 594//802 579//802
f 550//827 592//827 561//827
f 549//828 592//828 550//828
f 595//829 588//829 589//829
f 596//830 595//830 589//830
f 568//831 597//831 589//831
f 597//832 598//832 589//832
f 598//833 596//833 589//833
f 587//834 599//834 585//834
f 600//835 564//835 585//835
f 599//836 600//836 585//836
f 601//837 547//837 578//837
f 547//838 546//838 578//838
f 602//802 601//802 578//802
f 581//802 602//802 578//802
f 601//839 513//839 547//839
f 603//840 604//840 564//840
f 604//841 565//841 564//841
f 600//842 603//842 564//842
f 605//843 597//843 568//843
f 567//844 606//844 568//844
f 606//845 605//845 568//845
f 566//846 581//846 572//846
f 604//847 603//847 581//847
f 565//848 604//848 581//848
f 603//849 600//849 581//849
f 600//850 599//850 581//850
f 599//851 587//851 581//851
f 566//852 565//852 581//852
f 587//802 586//802 581//802
f 586//802 602//802 581//802
f 598//853 597//853 582//853
f 597//854 605//854 582//854
f 605//855 606//855 582//855
f 606//856 567//856 582//856
f 583//802 598//802 582//802
f 548//857 592//857 549//857
f 514//857 592//857 548//857
f 601//858 504//858 513//858
f 607//859 473//859 471//859
f 468//860 607//860 471//860
f 608//861 462//861 464//861
f 467//862 608//862 464//862
f 469//863 607//863 468//863
f 466//864 608//864 467//864
f 470//865 608//865 466//865
f 465//866 607//866 469//866
f 609//867 590//867 551//867
f 517//671 609//671 551//671
f 607//868 477//868 473//868
f 608//869 459//869 462//869
f 601//870 505//870 504//870
f 463//871 607//871 465//871
f 472//872 608//872 470//872
f 610//873 596//873 598//873
f 611//874 610//874 598//874
f 583//802 611//802 598//802
f 610//875 595//875 596//875
f 611//876 595//876 610//876
f 611//877 588//877 595//877
f 608//878 452//878 459//878
f 461//879 607//879 463//879
f 608//880 453//880 452//880
f 607//881 476//881 477//881
f 591//882 521//882 570//882
f 479//883 480//883 607//883
f 480//884 476//884 607//884
f 457//885 479//885 607//885
f 460//886 457//886 607//886
f 461//887 460//887 607//887
f 475//888 608//888 472//888
f 474//889 608//889 475//889
f 514//890 593//890 592//890
f 512//891 593//891 514//891
f 511//892 593//892 512//892
f 448//893 453//893 608//893
f 478//894 448//894 608//894
f 474//895 478//895 608//895
f 502//896 505//896 601//896
f 602//897 502//897 601//897
f 602//898 503//898 502//898
f 483//899 448//899 478//899
f 456//900 479//900 457//900
f 612//901 449//901 448//901
f 483//902 612//902 448//902
f 613//903 485//903 479//903
f 456//904 613//904 479//904
f 510//905 593//905 511//905
f 588//906 614//906 591//906
f 614//907 615//907 591//907
f 615//908 521//908 591//908
f 616//909 590//909 609//909
f 617//910 616//910 609//910
f 517//671 617//671 609//671
f 618//911 614//911 611//911
f 614//912 588//912 611//912
f 583//802 618//802 611//802
f 590//913 619//913 586//913
f 619//802 620//802 586//802
f 620//802 602//802 586//802
f 616//914 619//914 590//914
f 455//915 613//915 456//915
f 482//916 612//916 483//916
f 621//917 619//917 616//917
f 622//918 621//918 616//918
f 617//919 622//919 616//919
f 623//920 615//920 614//920
f 618//921 623//921 614//921
f 612//922 450//922 449//922
f 613//923 486//923 485//923
f 517//924 622//924 617//924
f 623//925 521//925 615//925
f 602//926 506//926 503//926
f 458//927 624//927 455//927
f 624//928 613//928 455//928
f 481//929 625//929 482//929
f 625//930 612//930 482//930
f 487//931 486//931 613//931
f 624//932 487//932 613//932
f 451//933 450//933 612//933
f 625//934 451//934 612//934
f 509//935 593//935 510//935
f 508//936 594//936 593//936
f 509//937 508//937 593//937
f 626//938 507//938 602//938
f 507//939 506//939 602//939
f 620//940 627//940 602//940
f 627//941 628//941 602//941
f 628//942 626//942 602//942
f 447//943 624//943 458//943
f 484//944 625//944 481//944
f 626//945 500//945 507//945
f 484//946 629//946 625//946
f 630//947 451//947 625//947
f 629//948 630//948 625//948
f 447//949 631//949 624//949
f 632//950 487//950 624//950
f 631//951 632//951 624//951
f 633//952 454//952 451//952
f 630//953 633//953 451//953
f 634//954 488//954 487//954
f 632//955 634//955 487//955
f 517//671 621//671 622//671
f 633//956 446//956 454//956
f 634//957 489//957 488//957
f 635//958 594//958 508//958
f 501//959 635//959 508//959
f 636//672 623//672 618//672
f 637//672 636//672 618//672
f 638//802 637//802 618//802
f 583//802 638//802 618//802
f 621//671 639//671 619//671
f 639//802 620//802 619//802
f 517//671 639//671 621//671
f 640//672 521//672 623//672
f 636//672 640//672 623//672
f 447//960 641//960 631//960
f 641//961 632//961 631//961
f 484//962 642//962 629//962
f 642//963 630//963 629//963
f 642//964 643//964 630//964
f 644//965 633//965 630//965
f 643//966 644//966 630//966
f 641//967 645//967 632//967
f 646//968 634//968 632//968
f 645//969 646//969 632//969
f 644//970 446//970 633//970
f 646//971 489//971 634//971
f 628//972 500//972 626//972
f 647//973 648//973 649//973
f 650//973 647//973 649//973
f 648//974 651//974 649//974
f 651//975 652//975 649//975
f 652//975 650//975 649//975
f 653//976 654//976 651//976
f 648//974 653//974 651//974
f 654//975 652//975 651//975
f 655//977 647//977 650//977
f 656//977 655//977 650//977
f 652//975 656//975 650//975
f 657//978 658//978 654//978
f 653//976 657//976 654//976
f 658//975 652//975 654//975
f 659//979 655//979 656//979
f 660//979 659//979 656//979
f 652//975 660//975 656//975
f 661//672 662//672 658//672
f 657//978 661//978 658//978
f 662//975 652//975 658//975
f 663//671 659//671 660//671
f 664//671 663//671 660//671
f 652//975 664//975 660//975
f 665//975 666//975 652//975
f 667//975 665//975 652//975
f 662//975 668//975 652//975
f 668//975 667//975 652//975
f 666//975 669//975 652//975
f 669//975 664//975 652//975
f 670//980 668//980 662//980
f 661//672 670//672 662//672
f 671//981 663//981 664//981
f 669//981 671//981 664//981
f 672//982 667//982 668//982
f 670//980 672//980 668//980
f 673//983 671//983 669//983
f 666//983 673//983 669//983
f 674//984 665//984 667//984
f 672//982 674//982 667//982
f 675//985 673//985 666//985
f 665//985 675//985 666//985
f 674//984 675//984 665//984
f 676//986 594//986 635//986
f 501//987 676//987 635//987
f 484//988 643//988 642//988
f 447//989 645//989 641//989
f 677//990 594//990 676//990
f 501//991 677//991 676//991
f 677//992 678//992 594//992
f 678//993 583//993 594//993
f 679//994 446//994 644//994
f 643//995 679//995 644//995
f 680//996 489//996 646//996
f 645//997 680//997 646//997
f 681//998 446//998 679//998
f 643//999 682//999 679//999
f 682//1000 681//1000 679//1000
f 683//1001 489//1001 680//1001
f 645//1002 684//1002 680//1002
f 684//1003 683//1003 680//1003
f 484//1004 685//1004 643//1004
f 685//1005 682//1005 643//1005
f 447//1006 686//1006 645//1006
f 686//1007 684//1007 645//1007
f 627//1008 500//1008 628//1008
f 620//1009 687//1009 627//1009
f 687//1008 500//1008 627//1008
f 688//1010 687//1010 620//1010
f 689//1011 690//1011 620//1011
f 690//1012 691//1012 620//1012
f 691//1013 688//1013 620//1013
f 639//802 692//802 620//802
f 692//802 689//802 620//802
f 447//1014 693//1014 686//1014
f 693//1015 684//1015 686//1015
f 484//1016 694//1016 685//1016
f 694//1017 682//1017 685//1017
f 695//1018 446//1018 681//1018
f 682//1019 695//1019 681//1019
f 696//1020 489//1020 683//1020
f 684//1021 696//1021 683//1021
f 697//1022 678//1022 677//1022
f 501//1023 697//1023 677//1023
f 638//1024 698//1024 637//1024
f 698//1025 699//1025 637//1025
f 699//1025 700//1025 637//1025
f 700//1026 636//1026 637//1026
f 517//671 701//671 639//671
f 702//1027 692//1027 639//1027
f 701//1028 703//1028 639//1028
f 703//1029 702//1029 639//1029
f 704//672 640//672 636//672
f 700//1030 704//1030 636//1030
f 705//1031 704//1031 700//1031
f 699//1032 705//1032 700//1032
f 694//1033 706//1033 682//1033
f 706//1034 707//1034 682//1034
f 707//1035 708//1035 682//1035
f 708//1036 709//1036 682//1036
f 709//1037 695//1037 682//1037
f 710//1038 711//1038 684//1038
f 693//1039 710//1039 684//1039
f 712//1040 696//1040 684//1040
f 711//1041 712//1041 684//1041
f 713//1042 692//1042 702//1042
f 703//1043 714//1043 702//1043
f 714//1044 713//1044 702//1044
f 715//1045 692//1045 713//1045
f 714//1046 716//1046 713//1046
f 716//1047 717//1047 713//1047
f 717//1048 715//1048 713//1048
f 718//1049 705//1049 699//1049
f 698//1050 719//1050 699//1050
f 719//1051 720//1051 699//1051
f 720//1052 718//1052 699//1052
f 688//1053 500//1053 687//1053
f 447//1054 710//1054 693//1054
f 484//1055 706//1055 694//1055
f 721//1056 446//1056 695//1056
f 709//1057 721//1057 695//1057
f 722//1058 489//1058 696//1058
f 712//1059 722//1059 696//1059
f 638//1060 719//1060 698//1060
f 723//1061 692//1061 715//1061
f 717//1062 723//1062 715//1062
f 484//1063 724//1063 706//1063
f 724//1064 707//1064 706//1064
f 725//1059 722//1059 712//1059
f 711//1065 725//1065 712//1065
f 447//1066 726//1066 710//1066
f 726//1067 711//1067 710//1067
f 708//1057 721//1057 709//1057
f 727//1068 692//1068 723//1068
f 728//1069 727//1069 723//1069
f 717//1070 728//1070 723//1070
f 727//802 729//802 692//802
f 729//802 689//802 692//802
f 648//975 441//975 440//975
f 653//975 648//975 440//975
f 442//975 653//975 440//975
f 648//975 443//975 441//975
f 444//975 653//975 442//975
f 647//975 445//975 443//975
f 648//975 647//975 443//975
f 657//975 653//975 444//975
f 446//975 657//975 444//975
f 647//975 655//975 445//975
f 655//975 447//975 445//975
f 721//975 657//975 446//975
f 655//975 726//975 447//975
f 708//975 661//975 721//975
f 661//975 657//975 721//975
f 655//975 659//975 726//975
f 659//975 711//975 726//975
f 707//975 670//975 708//975
f 670//975 661//975 708//975
f 659//975 725//975 711//975
f 496//975 494//975 659//975
f 663//975 499//975 659//975
f 499//975 497//975 659//975
f 497//975 496//975 659//975
f 494//975 490//975 659//975
f 490//975 489//975 659//975
f 489//975 722//975 659//975
f 722//975 725//975 659//975
f 707//975 724//975 670//975
f 724//975 484//975 670//975
f 484//975 672//975 670//975
f 671//975 499//975 663//975
f 498//975 674//975 672//975
f 492//975 493//975 672//975
f 493//975 495//975 672//975
f 495//975 498//975 672//975
f 484//975 491//975 672//975
f 491//975 492//975 672//975
f 673//975 499//975 671//975
f 498//975 691//975 674//975
f 691//975 675//975 674//975
f 678//975 499//975 673//975
f 691//975 678//975 673//975
f 675//975 691//975 673//975
f 500//975 691//975 498//975
f 678//975 501//975 499//975
f 688//975 691//975 500//975
f 678//975 697//975 501//975
f 730//802 678//802 691//802
f 690//802 730//802 691//802
f 731//1071 583//1071 678//1071
f 732//802 733//802 678//802
f 734//802 732//802 678//802
f 730//802 734//802 678//802
f 733//802 735//802 678//802
f 735//802 736//802 678//802
f 736//1072 731//1072 678//1072
f 737//1073 583//1073 731//1073
f 738//1073 737//1073 731//1073
f 736//802 738//802 731//802
f 737//802 739//802 583//802
f 740//802 638//802 583//802
f 739//802 740//802 583//802
f 740//1074 741//1074 638//1074
f 742//1075 719//1075 638//1075
f 741//1076 742//1076 638//1076
f 740//1077 743//1077 741//1077
f 743//1078 742//1078 741//1078
f 744//1069 727//1069 728//1069
f 745//1079 746//1079 728//1079
f 717//1080 747//1080 728//1080
f 747//1080 745//1080 728//1080
f 746//1081 744//1081 728//1081
f 748//1082 727//1082 744//1082
f 746//1083 748//1083 744//1083
f 689//1084 749//1084 690//1084
f 749//802 730//802 690//802
f 729//1084 749//1084 689//1084
f 740//1085 750//1085 743//1085
f 750//1086 751//1086 743//1086
f 751//1087 742//1087 743//1087
f 740//1088 752//1088 750//1088
f 752//1089 753//1089 750//1089
f 753//1090 751//1090 750//1090
f 739//1091 754//1091 740//1091
f 754//1092 755//1092 740//1092
f 755//1093 752//1093 740//1093
f 756//1094 524//1094 536//1094
f 535//4 756//4 536//4
f 539//1095 757//1095 538//1095
f 757//1096 758//1096 538//1096
f 758//1097 759//1097 538//1097
f 759//4 540//4 538//4
f 541//4 756//4 535//4
f 759//4 542//4 540//4
f 760//4 756//4 541//4
f 761//4 760//4 541//4
f 543//4 761//4 541//4
f 762//4 544//4 542//4
f 763//4 762//4 542//4
f 759//4 763//4 542//4
f 764//4 761//4 543//4
f 544//4 764//4 543//4
f 762//4 764//4 544//4
f 765//973 766//973 761//973
f 764//973 765//973 761//973
f 766//974 760//974 761//974
f 767//4 768//4 760//4
f 769//4 767//4 760//4
f 770//4 769//4 760//4
f 768//4 756//4 760//4
f 771//976 770//976 760//976
f 766//974 771//974 760//974
f 772//977 765//977 764//977
f 762//977 772//977 764//977
f 773//4 769//4 770//4
f 774//978 773//978 770//978
f 771//976 774//976 770//976
f 775//979 772//979 762//979
f 763//979 775//979 762//979
f 776//4 769//4 773//4
f 777//672 776//672 773//672
f 774//978 777//978 773//978
f 759//4 778//4 763//4
f 778//4 779//4 763//4
f 780//671 775//671 763//671
f 779//671 780//671 763//671
f 758//1098 781//1098 759//1098
f 781//1099 778//1099 759//1099
f 525//1100 524//1100 756//1100
f 782//1101 525//1101 756//1101
f 768//1102 782//1102 756//1102
f 783//4 784//4 776//4
f 784//4 785//4 776//4
f 785//4 769//4 776//4
f 786//980 783//980 776//980
f 777//672 786//672 776//672
f 778//4 787//4 779//4
f 787//4 788//4 779//4
f 788//4 789//4 779//4
f 789//4 790//4 779//4
f 790//4 791//4 779//4
f 792//981 780//981 779//981
f 791//981 792//981 779//981
f 767//1103 793//1103 768//1103
f 793//1104 782//1104 768//1104
f 769//1105 793//1105 767//1105
f 781//1099 787//1099 778//1099
f 794//4 795//4 783//4
f 796//4 794//4 783//4
f 795//4 797//4 783//4
f 797//4 784//4 783//4
f 798//4 799//4 783//4
f 799//4 800//4 783//4
f 800//4 796//4 783//4
f 801//982 798//982 783//982
f 786//980 801//980 783//980
f 802//4 803//4 791//4
f 790//4 804//4 791//4
f 804//4 802//4 791//4
f 805//983 792//983 791//983
f 803//983 805//983 791//983
f 781//1106 806//1106 787//1106
f 806//1107 788//1107 787//1107
f 807//4 808//4 798//4
f 808//4 809//4 798//4
f 809//4 799//4 798//4
f 810//984 807//984 798//984
f 801//982 810//982 798//982
f 802//4 811//4 803//4
f 811//4 812//4 803//4
f 812//4 813//4 803//4
f 813//4 814//4 803//4
f 814//4 815//4 803//4
f 815//4 816//4 803//4
f 816//4 807//4 803//4
f 817//985 805//985 803//985
f 807//985 817//985 803//985
f 818//4 819//4 807//4
f 819//4 820//4 807//4
f 820//4 821//4 807//4
f 821//4 808//4 807//4
f 816//4 822//4 807//4
f 822//4 818//4 807//4
f 810//984 817//984 807//984
f 785//1108 823//1108 769//1108
f 823//1109 793//1109 769//1109
f 806//1110 824//1110 788//1110
f 824//1111 789//1111 788//1111
f 784//1112 823//1112 785//1112
f 824//1113 825//1113 789//1113
f 825//1114 790//1114 789//1114
f 825//1114 804//1114 790//1114
f 826//1115 823//1115 784//1115
f 797//1116 826//1116 784//1116
f 795//1117 827//1117 797//1117
f 827//1118 826//1118 797//1118
f 825//1119 828//1119 804//1119
f 828//1120 802//1120 804//1120
f 794//1121 827//1121 795//1121
f 828//1122 829//1122 802//1122
f 829//1123 811//1123 802//1123
f 830//1124 827//1124 794//1124
f 796//1125 830//1125 794//1125
f 831//1126 830//1126 796//1126
f 800//1127 831//1127 796//1127
f 799//1127 831//1127 800//1127
f 829//1128 812//1128 811//1128
f 829//1129 832//1129 812//1129
f 832//1130 813//1130 812//1130
f 833//1131 831//1131 799//1131
f 809//1132 833//1132 799//1132
f 832//1130 814//1130 813//1130
f 808//1133 833//1133 809//1133
f 832//1134 834//1134 814//1134
f 834//1135 815//1135 814//1135
f 835//1136 816//1136 815//1136
f 834//1137 835//1137 815//1137
f 836//1138 833//1138 808//1138
f 821//1139 836//1139 808//1139
f 837//1140 822//1140 816//1140
f 838//1141 837//1141 816//1141
f 835//1142 838//1142 816//1142
f 839//1143 818//1143 822//1143
f 837//1144 839//1144 822//1144
f 840//1145 836//1145 821//1145
f 820//1146 840//1146 821//1146
f 841//1147 840//1147 820//1147
f 819//1148 841//1148 820//1148
f 818//1149 841//1149 819//1149
f 839//1150 841//1150 818//1150
f 757//1151 781//1151 758//1151
f 842//1152 525//1152 782//1152
f 793//1153 842//1153 782//1153
f 843//1154 842//1154 793//1154
f 823//1155 844//1155 793//1155
f 844//1156 843//1156 793//1156
f 757//1157 845//1157 781//1157
f 845//1158 806//1158 781//1158
f 846//1159 844//1159 823//1159
f 826//1159 846//1159 823//1159
f 845//1160 847//1160 806//1160
f 847//1161 824//1161 806//1161
f 847//1162 825//1162 824//1162
f 848//1163 846//1163 826//1163
f 827//1163 848//1163 826//1163
f 849//1164 828//1164 825//1164
f 847//1165 849//1165 825//1165
f 830//1166 848//1166 827//1166
f 850//1167 829//1167 828//1167
f 849//1164 850//1164 828//1164
f 851//1168 848//1168 830//1168
f 831//1169 851//1169 830//1169
f 852//1170 851//1170 831//1170
f 833//1170 852//1170 831//1170
f 853//1171 832//1171 829//1171
f 850//1167 853//1167 829//1167
f 854//1172 852//1172 833//1172
f 836//1172 854//1172 833//1172
f 855//1173 834//1173 832//1173
f 853//1171 855//1171 832//1171
f 855//1174 835//1174 834//1174
f 856//1175 854//1175 836//1175
f 840//1176 856//1176 836//1176
f 857//1177 838//1177 835//1177
f 855//1178 857//1178 835//1178
f 857//1179 837//1179 838//1179
f 858//1180 856//1180 840//1180
f 841//1181 858//1181 840//1181
f 859//1182 839//1182 837//1182
f 857//1183 859//1183 837//1183
f 859//1184 841//1184 839//1184
f 859//1185 858//1185 841//1185
f 537//1186 757//1186 539//1186
f 755//1187 860//1187 752//1187
f 860//1188 753//1188 752//1188
f 861//1082 727//1082 748//1082
f 862//1189 861//1189 748//1189
f 746//1190 862//1190 748//1190
f 863//1191 727//1191 861//1191
f 864//1192 863//1192 861//1192
f 862//1193 864//1193 861//1193
f 842//1194 526//1194 525//1194
f 865//1195 527//1195 526//1195
f 842//1196 866//1196 526//1196
f 866//1197 865//1197 526//1197
f 533//1198 757//1198 537//1198
f 867//1199 757//1199 533//1199
f 534//1200 867//1200 533//1200
f 867//1157 845//1157 757//1157
f 843//1154 866//1154 842//1154
f 534//1201 868//1201 867//1201
f 868//1202 845//1202 867//1202
f 843//1203 865//1203 866//1203
f 869//1203 865//1203 843//1203
f 844//1204 870//1204 843//1204
f 870//1204 869//1204 843//1204
f 868//1202 871//1202 845//1202
f 871//1205 847//1205 845//1205
f 846//1206 872//1206 844//1206
f 872//1207 870//1207 844//1207
f 871//1205 873//1205 847//1205
f 873//1208 849//1208 847//1208
f 874//1209 872//1209 846//1209
f 848//1209 874//1209 846//1209
f 873//1210 875//1210 849//1210
f 875//1211 850//1211 849//1211
f 851//1212 876//1212 848//1212
f 876//1212 874//1212 848//1212
f 875//1211 877//1211 850//1211
f 877//1213 853//1213 850//1213
f 852//1214 878//1214 851//1214
f 878//1214 876//1214 851//1214
f 877//1213 879//1213 853//1213
f 879//1215 855//1215 853//1215
f 854//1216 880//1216 852//1216
f 880//1217 878//1217 852//1217
f 881//1218 857//1218 855//1218
f 879//1215 881//1215 855//1215
f 856//1219 882//1219 854//1219
f 882//1219 880//1219 854//1219
f 881//1220 883//1220 857//1220
f 883//1221 859//1221 857//1221
f 858//1222 884//1222 856//1222
f 884//1222 882//1222 856//1222
f 885//1223 858//1223 859//1223
f 883//1221 885//1221 859//1221
f 885//1223 884//1223 858//1223
f 531//1224 868//1224 534//1224
f 754//1225 886//1225 755//1225
f 886//1226 860//1226 755//1226
f 887//1227 727//1227 863//1227
f 864//1228 888//1228 863//1228
f 888//802 887//802 863//802
f 739//1229 889//1229 754//1229
f 889//802 886//802 754//802
f 739//1230 737//1230 738//1230
f 889//1230 739//1230 738//1230
f 736//802 889//802 738//802
f 729//1231 727//1231 887//1231
f 749//1231 729//1231 887//1231
f 890//802 749//802 887//802
f 888//802 890//802 887//802
f 865//1232 528//1232 527//1232
f 530//1233 868//1233 531//1233
f 891//1234 868//1234 530//1234
f 892//1235 891//1235 530//1235
f 532//1236 892//1236 530//1236
f 865//1237 529//1237 528//1237
f 891//1238 871//1238 868//1238
f 893//1239 519//1239 865//1239
f 519//1240 518//1240 865//1240
f 518//1241 529//1241 865//1241
f 869//1242 893//1242 865//1242
f 890//802 730//802 749//802
f 736//802 894//802 889//802
f 894//874 886//874 889//874
f 892//1243 871//1243 891//1243
f 520//1244 519//1244 893//1244
f 895//1245 520//1245 893//1245
f 869//1246 895//1246 893//1246
f 896//1246 895//1246 869//1246
f 870//1247 897//1247 869//1247
f 897//1248 896//1248 869//1248
f 892//1243 898//1243 871//1243
f 898//1249 873//1249 871//1249
f 872//1250 899//1250 870//1250
f 899//1250 897//1250 870//1250
f 898//1251 900//1251 873//1251
f 900//1252 875//1252 873//1252
f 874//1253 901//1253 872//1253
f 901//1254 899//1254 872//1254
f 900//1252 902//1252 875//1252
f 902//1255 877//1255 875//1255
f 903//1256 901//1256 874//1256
f 876//1256 903//1256 874//1256
f 902//1257 904//1257 877//1257
f 904//1258 879//1258 877//1258
f 878//1259 905//1259 876//1259
f 905//1260 903//1260 876//1260
f 906//1261 881//1261 879//1261
f 904//1258 906//1258 879//1258
f 880//1262 907//1262 878//1262
f 907//1262 905//1262 878//1262
f 906//1263 908//1263 881//1263
f 908//1264 883//1264 881//1264
f 882//1265 909//1265 880//1265
f 909//1266 907//1266 880//1266
f 908//1264 910//1264 883//1264
f 910//1267 885//1267 883//1267
f 884//1268 911//1268 882//1268
f 911//1268 909//1268 882//1268
f 912//1269 884//1269 885//1269
f 910//1270 912//1270 885//1270
f 912//1269 911//1269 884//1269
f 522//1271 892//1271 532//1271
f 913//1272 517//1272 520//1272
f 895//1273 913//1273 520//1273
f 523//1274 914//1274 522//1274
f 914//1275 892//1275 522//1275
f 914//1276 898//1276 892//1276
f 896//1277 913//1277 895//1277
f 523//1278 915//1278 914//1278
f 915//1279 898//1279 914//1279
f 916//1280 517//1280 913//1280
f 917//1281 916//1281 913//1281
f 896//1282 917//1282 913//1282
f 918//1283 917//1283 896//1283
f 897//1284 919//1284 896//1284
f 919//1285 918//1285 896//1285
f 915//1286 920//1286 898//1286
f 920//1287 921//1287 898//1287
f 921//1287 900//1287 898//1287
f 899//1288 922//1288 897//1288
f 922//1289 919//1289 897//1289
f 921//1290 923//1290 900//1290
f 923//1291 902//1291 900//1291
f 924//1292 922//1292 899//1292
f 901//1293 925//1293 899//1293
f 925//1294 924//1294 899//1294
f 926//1295 904//1295 902//1295
f 923//1296 927//1296 902//1296
f 927//1297 926//1297 902//1297
f 903//1298 928//1298 901//1298
f 928//1299 929//1299 901//1299
f 929//1300 925//1300 901//1300
f 926//1301 930//1301 904//1301
f 931//1302 906//1302 904//1302
f 930//1303 931//1303 904//1303
f 932//1304 928//1304 903//1304
f 905//1305 932//1305 903//1305
f 931//1306 933//1306 906//1306
f 933//1307 934//1307 906//1307
f 934//1308 908//1308 906//1308
f 935//1309 936//1309 905//1309
f 907//1310 935//1310 905//1310
f 936//1305 932//1305 905//1305
f 934//1308 937//1308 908//1308
f 937//1311 938//1311 908//1311
f 938//1312 910//1312 908//1312
f 909//1313 939//1313 907//1313
f 940//1314 935//1314 907//1314
f 939//1313 940//1313 907//1313
f 938//1315 941//1315 910//1315
f 941//1316 912//1316 910//1316
f 911//1317 942//1317 909//1317
f 942//1317 943//1317 909//1317
f 943//1318 939//1318 909//1318
f 941//1316 944//1316 912//1316
f 944//1319 945//1319 912//1319
f 945//1320 911//1320 912//1320
f 945//1320 942//1320 911//1320
f 521//1321 915//1321 523//1321
f 916//671 946//671 517//671
f 946//671 947//671 517//671
f 948//671 701//671 517//671
f 947//671 949//671 517//671
f 949//1322 950//1322 517//1322
f 950//671 948//671 517//671
f 640//672 915//672 521//672
f 640//672 951//672 915//672
f 951//1323 920//1323 915//1323
f 917//1324 952//1324 916//1324
f 952//1324 946//1324 916//1324
f 918//1325 953//1325 917//1325
f 953//1325 952//1325 917//1325
f 951//1323 954//1323 920//1323
f 954//1326 921//1326 920//1326
f 919//1325 955//1325 918//1325
f 955//1325 953//1325 918//1325
f 954//1326 956//1326 921//1326
f 956//1326 923//1326 921//1326
f 922//1327 957//1327 919//1327
f 957//1327 955//1327 919//1327
f 956//1326 958//1326 923//1326
f 958//1328 927//1328 923//1328
f 924//1327 959//1327 922//1327
f 959//1327 957//1327 922//1327
f 958//1328 960//1328 927//1328
f 960//1328 926//1328 927//1328
f 925//1329 961//1329 924//1329
f 961//1329 959//1329 924//1329
f 960//1328 962//1328 926//1328
f 962//1330 930//1330 926//1330
f 929//1331 963//1331 925//1331
f 963//1331 961//1331 925//1331
f 962//1330 964//1330 930//1330
f 964//1332 931//1332 930//1332
f 928//1333 965//1333 929//1333
f 965//1333 963//1333 929//1333
f 964//1332 966//1332 931//1332
f 966//1334 933//1334 931//1334
f 932//1335 967//1335 928//1335
f 967//1335 965//1335 928//1335
f 966//1334 968//1334 933//1334
f 968//1336 934//1336 933//1336
f 936//1337 969//1337 932//1337
f 969//1337 967//1337 932//1337
f 968//1336 970//1336 934//1336
f 970//1338 937//1338 934//1338
f 935//1339 971//1339 936//1339
f 971//1339 969//1339 936//1339
f 970//1338 972//1338 937//1338
f 972//1340 938//1340 937//1340
f 940//1341 973//1341 935//1341
f 973//1342 971//1342 935//1342
f 972//1340 974//1340 938//1340
f 974//1343 941//1343 938//1343
f 939//1344 975//1344 940//1344
f 975//1344 973//1344 940//1344
f 974//1343 976//1343 941//1343
f 976//1345 944//1345 941//1345
f 943//1346 977//1346 939//1346
f 977//1346 975//1346 939//1346
f 976//1345 978//1345 944//1345
f 978//1347 945//1347 944//1347
f 942//1348 979//1348 943//1348
f 979//1348 977//1348 943//1348
f 978//1347 980//1347 945//1347
f 980//1349 942//1349 945//1349
f 980//1349 979//1349 942//1349
f 981//1350 734//1350 730//1350
f 982//1351 981//1351 730//1351
f 890//1351 982//1351 730//1351
f 983//1352 894//1352 736//1352
f 984//1353 983//1353 736//1353
f 735//1353 984//1353 736//1353
f 985//1350 734//1350 981//1350
f 986//802 985//802 981//802
f 982//802 986//802 981//802
f 987//1352 894//1352 983//1352
f 988//802 987//802 983//802
f 984//802 988//802 983//802
f 888//1354 982//1354 890//1354
f 987//1355 886//1355 894//1355
f 888//1356 864//1356 982//1356
f 864//1357 862//1357 982//1357
f 862//1358 746//1358 982//1358
f 746//1359 745//1359 982//1359
f 745//1360 747//1360 982//1360
f 747//1361 989//1361 982//1361
f 989//802 986//802 982//802
f 751//1362 753//1362 987//1362
f 753//1362 860//1362 987//1362
f 860//1363 886//1363 987//1363
f 988//1364 719//1364 987//1364
f 719//1365 742//1365 987//1365
f 742//1366 751//1366 987//1366
f 990//671 991//671 947//671
f 991//671 992//671 947//671
f 992//671 993//671 947//671
f 993//671 994//671 947//671
f 994//924 995//924 947//924
f 995//1367 949//1367 947//1367
f 996//1368 990//1368 947//1368
f 946//1369 996//1369 947//1369
f 997//672 998//672 640//672
f 704//672 999//672 640//672
f 999//1370 1000//1370 640//1370
f 1000//1371 997//1371 640//1371
f 1001//672 1002//672 640//672
f 1003//672 1001//672 640//672
f 998//672 1003//672 640//672
f 1004//1372 951//1372 640//1372
f 1002//1373 1004//1373 640//1373
f 1005//1374 954//1374 951//1374
f 1004//1375 1005//1375 951//1375
f 1006//1376 996//1376 946//1376
f 952//1377 1006//1377 946//1377
f 953//1378 1007//1378 952//1378
f 1007//1379 1006//1379 952//1379
f 1005//1380 1008//1380 954//1380
f 1008//1381 956//1381 954//1381
f 1009//1382 1007//1382 953//1382
f 955//1378 1009//1378 953//1378
f 1008//1383 958//1383 956//1383
f 1010//1384 1009//1384 955//1384
f 957//1385 1010//1385 955//1385
f 1011//1386 960//1386 958//1386
f 1008//1381 1011//1381 958//1381
f 959//1387 1010//1387 957//1387
f 1012//1388 962//1388 960//1388
f 1011//1389 1012//1389 960//1389
f 1013//1390 1010//1390 959//1390
f 961//1391 1013//1391 959//1391
f 1012//1392 964//1392 962//1392
f 963//1393 1013//1393 961//1393
f 1014//1394 966//1394 964//1394
f 1012//1395 1014//1395 964//1395
f 1015//1396 1013//1396 963//1396
f 965//1397 1015//1397 963//1397
f 1016//1398 968//1398 966//1398
f 1014//1399 1016//1399 966//1399
f 1017//1400 1015//1400 965//1400
f 967//1401 1017//1401 965//1401
f 1016//1402 970//1402 968//1402
f 969//1403 1017//1403 967//1403
f 1018//1404 972//1404 970//1404
f 1016//1405 1018//1405 970//1405
f 971//1406 1017//1406 969//1406
f 1018//1407 974//1407 972//1407
f 1019//1408 1017//1408 971//1408
f 973//1409 1019//1409 971//1409
f 1020//1410 976//1410 974//1410
f 1018//1411 1020//1411 974//1411
f 1021//1412 1019//1412 973//1412
f 975//1412 1021//1412 973//1412
f 1020//1413 978//1413 976//1413
f 977//1414 1021//1414 975//1414
f 1022//1415 980//1415 978//1415
f 1020//1413 1022//1413 978//1413
f 1023//1416 1021//1416 977//1416
f 979//1416 1023//1416 977//1416
f 1022//1417 979//1417 980//1417
f 1022//1418 1023//1418 979//1418
f 985//1419 732//1419 734//1419
f 1024//1420 984//1420 735//1420
f 733//1420 1024//1420 735//1420
f 986//1419 732//1419 985//1419
f 1024//802 988//802 984//802
f 717//1421 989//1421 747//1421
f 714//1422 701//1422 989//1422
f 716//1423 714//1423 989//1423
f 717//1424 716//1424 989//1424
f 701//802 948//802 989//802
f 948//802 986//802 989//802
f 704//1425 705//1425 988//1425
f 705//1426 718//1426 988//1426
f 718//1427 720//1427 988//1427
f 720//1428 719//1428 988//1428
f 1024//802 704//802 988//802
f 1025//1429 1008//1429 1005//1429
f 1026//1430 1025//1430 1005//1430
f 1027//1431 1026//1431 1005//1431
f 1004//1432 1027//1432 1005//1432
f 1028//1433 996//1433 1006//1433
f 1029//1434 1028//1434 1006//1434
f 1007//1435 1029//1435 1006//1435
f 1002//1436 1027//1436 1004//1436
f 1028//1437 1030//1437 996//1437
f 1030//1368 990//1368 996//1368
f 1002//1438 1026//1438 1027//1438
f 1031//1439 1030//1439 1028//1439
f 1029//1440 1031//1440 1028//1440
f 1032//1441 1033//1441 1026//1441
f 1033//1442 1025//1442 1026//1442
f 1002//1443 1032//1443 1026//1443
f 1034//1444 1008//1444 1025//1444
f 1033//1445 1034//1445 1025//1445
f 1035//1446 1031//1446 1029//1446
f 1036//1447 1035//1447 1029//1447
f 1007//1448 1036//1448 1029//1448
f 1037//1448 1036//1448 1007//1448
f 1038//1449 1037//1449 1007//1449
f 1009//1449 1038//1449 1007//1449
f 1034//1444 1039//1444 1008//1444
f 1039//1450 1011//1450 1008//1450
f 1010//1451 1040//1451 1009//1451
f 1040//1452 1038//1452 1009//1452
f 1041//1453 1012//1453 1011//1453
f 1039//1450 1041//1450 1011//1450
f 1042//1454 1040//1454 1010//1454
f 1013//1455 1042//1455 1010//1455
f 1043//1456 1014//1456 1012//1456
f 1041//1457 1043//1457 1012//1457
f 1044//1458 1042//1458 1013//1458
f 1015//1458 1044//1458 1013//1458
f 1043//1459 1045//1459 1014//1459
f 1045//1460 1016//1460 1014//1460
f 1046//1461 1044//1461 1015//1461
f 1017//1462 1046//1462 1015//1462
f 1047//1463 1018//1463 1016//1463
f 1045//1460 1047//1460 1016//1460
f 1048//1464 1046//1464 1017//1464
f 1019//1465 1048//1465 1017//1465
f 1047//1466 1049//1466 1018//1466
f 1049//1467 1020//1467 1018//1467
f 1050//1468 1048//1468 1019//1468
f 1021//1468 1050//1468 1019//1468
f 1051//1469 1022//1469 1020//1469
f 1049//1470 1051//1470 1020//1470
f 1052//1471 1050//1471 1021//1471
f 1023//1472 1052//1472 1021//1472
f 1051//1469 1053//1469 1022//1469
f 1053//1473 1023//1473 1022//1473
f 1053//1474 1052//1474 1023//1474
f 1032//1475 1054//1475 1033//1475
f 1054//1476 1034//1476 1033//1476
f 703//1477 701//1477 714//1477
f 1035//1478 1030//1478 1031//1478
f 1055//672 999//672 704//672
f 1024//802 1055//802 704//802
f 1056//1479 1039//1479 1034//1479
f 1054//1480 1056//1480 1034//1480
f 1057//1481 1035//1481 1036//1481
f 1037//1482 1057//1482 1036//1482
f 1058//1483 1030//1483 1035//1483
f 1057//1484 1058//1484 1035//1484
f 1032//1485 1059//1485 1054//1485
f 1059//1486 1056//1486 1054//1486
f 1032//1487 1060//1487 1059//1487
f 1060//1488 1056//1488 1059//1488
f 1061//1489 1039//1489 1056//1489
f 1060//1490 1061//1490 1056//1490
f 1062//1491 1063//1491 1057//1491
f 1063//1492 1058//1492 1057//1492
f 1037//1493 1062//1493 1057//1493
f 1064//1494 1062//1494 1037//1494
f 1065//1495 1064//1495 1037//1495
f 1038//1495 1065//1495 1037//1495
f 1061//1496 1066//1496 1039//1496
f 1066//1497 1041//1497 1039//1497
f 1040//1498 1067//1498 1038//1498
f 1067//1498 1065//1498 1038//1498
f 1068//1499 1043//1499 1041//1499
f 1066//1500 1068//1500 1041//1500
f 1069//1501 1067//1501 1040//1501
f 1042//1502 1069//1502 1040//1502
f 1070//1503 1045//1503 1043//1503
f 1068//1499 1070//1499 1043//1499
f 1071//1504 1069//1504 1042//1504
f 1044//1504 1071//1504 1042//1504
f 1072//1505 1047//1505 1045//1505
f 1070//1506 1072//1506 1045//1506
f 1073//1507 1071//1507 1044//1507
f 1046//1508 1073//1508 1044//1508
f 1072//1505 1074//1505 1047//1505
f 1074//1509 1049//1509 1047//1509
f 1075//1510 1073//1510 1046//1510
f 1048//1510 1075//1510 1046//1510
f 1074//1511 1076//1511 1049//1511
f 1076//1512 1051//1512 1049//1512
f 1077//1513 1075//1513 1048//1513
f 1050//1514 1077//1514 1048//1514
f 1078//1515 1053//1515 1051//1515
f 1076//1512 1078//1512 1051//1512
f 1079//1516 1077//1516 1050//1516
f 1052//1517 1079//1517 1050//1517
f 1078//1515 1080//1515 1053//1515
f 1080//1518 1052//1518 1053//1518
f 1080//1519 1079//1519 1052//1519
f 1081//1520 1030//1520 1058//1520
f 1063//1521 1081//1521 1058//1521
f 986//1522 1082//1522 732//1522
f 1082//802 1083//802 732//802
f 1083//802 733//802 732//802
f 1084//1523 1024//1523 733//1523
f 1083//1524 1084//1524 733//1524
f 1085//1525 1082//1525 986//1525
f 948//802 1085//802 986//802
f 1086//802 1055//802 1024//802
f 1084//802 1086//802 1024//802
f 1087//1526 1066//1526 1061//1526
f 1088//1527 1087//1527 1061//1527
f 1060//1528 1088//1528 1061//1528
f 1089//1529 1090//1529 1062//1529
f 1090//1530 1091//1530 1062//1530
f 1091//1531 1063//1531 1062//1531
f 1064//1532 1089//1532 1062//1532
f 1092//1533 1081//1533 1063//1533
f 1091//1534 1092//1534 1063//1534
f 1093//1535 1088//1535 1060//1535
f 1032//1536 1093//1536 1060//1536
f 1093//1537 1094//1537 1088//1537
f 1094//1538 1095//1538 1088//1538
f 1095//1539 1087//1539 1088//1539
f 1090//1534 1092//1534 1091//1534
f 1094//1540 1096//1540 1095//1540
f 1096//1541 1097//1541 1095//1541
f 1097//1542 1087//1542 1095//1542
f 1097//1543 1066//1543 1087//1543
f 1098//1544 1099//1544 1089//1544
f 1099//1545 1090//1545 1089//1545
f 1100//1546 1098//1546 1089//1546
f 1064//1546 1100//1546 1089//1546
f 1101//1547 1100//1547 1064//1547
f 1065//1547 1101//1547 1064//1547
f 1097//1543 1102//1543 1066//1543
f 1102//1548 1068//1548 1066//1548
f 1067//1549 1103//1549 1065//1549
f 1103//1549 1101//1549 1065//1549
f 1104//1550 1070//1550 1068//1550
f 1102//1551 1104//1551 1068//1551
f 1105//1552 1103//1552 1067//1552
f 1069//1552 1105//1552 1067//1552
f 1106//1553 1072//1553 1070//1553
f 1104//1550 1106//1550 1070//1550
f 1107//1554 1105//1554 1069//1554
f 1071//1554 1107//1554 1069//1554
f 1108//1555 1074//1555 1072//1555
f 1106//1553 1108//1553 1072//1553
f 1109//1556 1107//1556 1071//1556
f 1073//1556 1109//1556 1071//1556
f 1108//1555 1110//1555 1074//1555
f 1110//1557 1076//1557 1074//1557
f 1111//1558 1109//1558 1073//1558
f 1075//1559 1111//1559 1073//1559
f 1110//1557 1112//1557 1076//1557
f 1112//1560 1078//1560 1076//1560
f 1113//1561 1111//1561 1075//1561
f 1077//1561 1113//1561 1075//1561
f 1112//1562 1114//1562 1078//1562
f 1114//1563 1080//1563 1078//1563
f 1115//1564 1113//1564 1077//1564
f 1079//1564 1115//1564 1077//1564
f 1114//1565 1116//1565 1080//1565
f 1116//1566 1079//1566 1080//1566
f 1116//1566 1115//1566 1079//1566
f 1117//1567 1092//1567 1090//1567
f 1099//1568 1117//1568 1090//1568
f 1118//1569 1117//1569 1099//1569
f 1119//1570 1118//1570 1099//1570
f 1098//975 1119//975 1099//975
f 1120//1571 1121//1571 1096//1571
f 1094//1572 1120//1572 1096//1572
f 1121//975 1097//975 1096//975
f 1122//1573 1118//1573 1119//1573
f 1123//1574 1122//1574 1119//1574
f 1098//975 1123//975 1119//975
f 1124//1575 1125//1575 1121//1575
f 1126//1576 1124//1576 1121//1576
f 1120//1577 1126//1577 1121//1577
f 1125//975 1097//975 1121//975
f 1127//1578 1122//1578 1123//1578
f 1128//1579 1127//1579 1123//1579
f 1098//975 1128//975 1123//975
f 1129//1580 1130//1580 1125//1580
f 1130//1580 1131//1580 1125//1580
f 1124//1581 1129//1581 1125//1581
f 1131//975 1097//975 1125//975
f 1132//1582 1133//1582 1128//1582
f 1133//1579 1127//1579 1128//1579
f 1098//975 1132//975 1128//975
f 1130//1583 1134//1583 1131//1583
f 1134//1583 1135//1583 1131//1583
f 1135//975 765//975 1131//975
f 765//975 772//975 1131//975
f 772//975 775//975 1131//975
f 775//975 1097//975 1131//975
f 1136//1582 1133//1582 1132//1582
f 1135//743 1134//743 1132//743
f 1134//743 1136//743 1132//743
f 1098//975 771//975 1132//975
f 771//975 766//975 1132//975
f 766//975 1135//975 1132//975
f 766//975 765//975 1135//975
f 1098//975 774//975 771//975
f 1098//975 777//975 774//975
f 1098//975 786//975 777//975
f 1102//975 1097//975 775//975
f 780//975 1102//975 775//975
f 1100//975 786//975 1098//975
f 1103//975 801//975 786//975
f 1101//975 1103//975 786//975
f 1100//975 1101//975 786//975
f 1104//975 1102//975 780//975
f 792//975 1104//975 780//975
f 1107//975 810//975 801//975
f 1105//975 1107//975 801//975
f 1103//975 1105//975 801//975
f 1110//975 1108//975 792//975
f 805//975 1110//975 792//975
f 1106//975 1104//975 792//975
f 1108//975 1106//975 792//975
f 1109//975 1111//975 810//975
f 1111//975 1113//975 810//975
f 1113//975 817//975 810//975
f 1107//975 1109//975 810//975
f 1112//975 1110//975 805//975
f 817//975 1116//975 805//975
f 1116//975 1114//975 805//975
f 1114//975 1112//975 805//975
f 1113//975 1115//975 817//975
f 1115//975 1116//975 817//975
f 1137//1584 1138//1584 1139//1584
f 1140//1585 1141//1585 1139//1585
f 1141//1586 1142//1586 1139//1586
f 1142//1586 1137//1586 1139//1586
f 1143//4 1140//4 1139//4
f 1144//4 1143//4 1139//4
f 1138//4 1144//4 1139//4
f 1145//1587 1146//1587 1140//1587
f 1146//1588 1147//1588 1140//1588
f 1147//1589 1141//1589 1140//1589
f 1148//4 1145//4 1140//4
f 1143//4 1148//4 1140//4
f 1149//1590 1150//1590 1138//1590
f 1151//1591 1149//1591 1138//1591
f 1137//1592 1152//1592 1138//1592
f 1152//1593 1151//1593 1138//1593
f 1153//4 1144//4 1138//4
f 1150//4 1153//4 1138//4
f 1154//973 1155//973 1143//973
f 1144//973 1154//973 1143//973
f 1155//974 1148//974 1143//974
f 1156//4 1145//4 1148//4
f 1157//976 1156//976 1148//976
f 1155//974 1157//974 1148//974
f 1158//977 1154//977 1144//977
f 1153//977 1158//977 1144//977
f 1159//1594 1160//1594 1145//1594
f 1160//1595 1146//1595 1145//1595
f 1161//1596 1159//1596 1145//1596
f 1162//1597 1161//1597 1145//1597
f 1156//4 1162//4 1145//4
f 1163//1598 1164//1598 1150//1598
f 1165//1599 1163//1599 1150//1599
f 1149//1600 1165//1600 1150//1600
f 1166//4 1153//4 1150//4
f 1164//4 1166//4 1150//4
f 1167//4 1162//4 1156//4
f 1168//978 1167//978 1156//978
f 1157//976 1168//976 1156//976
f 1169//979 1158//979 1153//979
f 1166//979 1169//979 1153//979
f 1170//1601 1161//1601 1162//1601
f 1171//1601 1170//1601 1162//1601
f 1172//1602 1171//1602 1162//1602
f 1167//4 1172//4 1162//4
f 1173//1603 1174//1603 1164//1603
f 1175//1604 1173//1604 1164//1604
f 1163//1604 1175//1604 1164//1604
f 1176//4 1166//4 1164//4
f 1174//4 1176//4 1164//4
f 1177//4 1172//4 1167//4
f 1178//672 1177//672 1167//672
f 1168//978 1178//978 1167//978
f 1179//671 1169//671 1166//671
f 1176//671 1179//671 1166//671
f 1180//1605 1171//1605 1172//1605
f 1181//671 1180//671 1172//671
f 1182//671 1181//671 1172//671
f 1177//4 1182//4 1172//4
f 1183//672 1184//672 1174//672
f 1173//1606 1183//1606 1174//1606
f 1185//4 1176//4 1174//4
f 1184//4 1185//4 1174//4
f 1186//4 1182//4 1177//4
f 1187//980 1186//980 1177//980
f 1178//672 1187//672 1177//672
f 1188//981 1179//981 1176//981
f 1185//981 1188//981 1176//981
f 1189//4 1190//4 1186//4
f 1190//4 1182//4 1186//4
f 1191//982 1189//982 1186//982
f 1187//980 1191//980 1186//980
f 1184//4 1192//4 1185//4
f 1193//983 1188//983 1185//983
f 1192//983 1193//983 1185//983
f 1194//4 1082//4 1189//4
f 1082//4 1195//4 1189//4
f 1195//4 1190//4 1189//4
f 1196//984 1194//984 1189//984
f 1191//982 1196//982 1189//982
f 1083//4 1194//4 1192//4
f 1197//4 1083//4 1192//4
f 1184//4 1198//4 1192//4
f 1198//4 1197//4 1192//4
f 1199//985 1193//985 1192//985
f 1194//985 1199//985 1192//985
f 1196//984 1199//984 1194//984
f 1083//4 1082//4 1194//4
f 1190//1607 1200//1607 1182//1607
f 1200//1607 1181//1607 1182//1607
f 1183//672 1201//672 1184//672
f 1201//1608 1198//1608 1184//1608
f 1195//1609 1202//1609 1190//1609
f 1202//1609 1200//1609 1190//1609
f 1201//1608 1203//1608 1198//1608
f 1203//1610 1197//1610 1198//1610
f 1204//1611 1202//1611 1195//1611
f 1205//1612 1204//1612 1195//1612
f 1082//4 1205//4 1195//4
f 1206//1613 1207//1613 1197//1613
f 1208//1614 1206//1614 1197//1614
f 1207//4 1083//4 1197//4
f 1203//1610 1208//1610 1197//1610
f 1209//1615 1210//1615 1205//1615
f 1210//1616 1211//1616 1205//1616
f 1212//1617 1204//1617 1205//1617
f 1211//1618 1212//1618 1205//1618
f 1082//4 1209//4 1205//4
f 1213//1619 1214//1619 1207//1619
f 1206//1620 1215//1620 1207//1620
f 1216//1621 1213//1621 1207//1621
f 1215//1622 1217//1622 1207//1622
f 1217//1623 1218//1623 1207//1623
f 1218//1624 1216//1624 1207//1624
f 1214//4 1083//4 1207//4
f 1082//1625 1210//1625 1209//1625
f 1213//1626 1084//1626 1214//1626
f 1084//1627 1083//1627 1214//1627
f 1085//1628 1210//1628 1082//1628
f 1216//1629 1084//1629 1213//1629
f 950//1630 1219//1630 948//1630
f 1219//1631 1220//1631 948//1631
f 1220//802 1085//802 948//802
f 1086//1632 1221//1632 1055//1632
f 1221//1633 1222//1633 1055//1633
f 1222//1634 999//1634 1055//1634
f 949//1635 1219//1635 950//1635
f 1222//1636 1000//1636 999//1636
f 1085//1637 1211//1637 1210//1637
f 1222//1638 997//1638 1000//1638
f 1085//1639 1223//1639 1211//1639
f 1223//1640 1212//1640 1211//1640
f 1218//1641 1084//1641 1216//1641
f 1224//1642 1225//1642 1085//1642
f 1225//1643 1226//1643 1085//1643
f 1226//1644 1223//1644 1085//1644
f 1220//802 1227//802 1085//802
f 1227//802 1228//802 1085//802
f 1228//802 1224//802 1085//802
f 1218//1645 1217//1645 1084//1645
f 1217//1646 1229//1646 1084//1646
f 1229//1647 1230//1647 1084//1647
f 1231//802 1086//802 1084//802
f 1230//802 1231//802 1084//802
f 1226//1648 1212//1648 1223//1648
f 1154//4 1232//4 1155//4
f 1232//4 1157//4 1155//4
f 1232//4 1168//4 1157//4
f 1158//4 1232//4 1154//4
f 1232//4 1178//4 1168//4
f 1169//4 1232//4 1158//4
f 1232//4 1187//4 1178//4
f 1179//4 1232//4 1169//4
f 1199//4 1196//4 1232//4
f 1193//4 1199//4 1232//4
f 1179//4 1188//4 1232//4
f 1188//4 1193//4 1232//4
f 1196//4 1191//4 1232//4
f 1191//4 1187//4 1232//4
f 995//1649 1219//1649 949//1649
f 1215//1650 1229//1650 1217//1650
f 1222//1651 998//1651 997//1651
f 995//1652 1233//1652 1219//1652
f 1233//1653 1220//1653 1219//1653
f 1221//1654 998//1654 1222//1654
f 995//1655 1234//1655 1233//1655
f 1234//1656 1220//1656 1233//1656
f 1235//1657 1003//1657 1221//1657
f 1003//1658 998//1658 1221//1658
f 1086//1659 1235//1659 1221//1659
f 1234//1660 1227//1660 1220//1660
f 1236//1661 1237//1661 1086//1661
f 1237//1662 1235//1662 1086//1662
f 1231//802 1236//802 1086//802
f 994//1663 1234//1663 995//1663
f 1225//1664 1212//1664 1226//1664
f 1238//1665 1230//1665 1229//1665
f 1239//1666 1238//1666 1229//1666
f 1215//1667 1239//1667 1229//1667
f 1224//1668 1240//1668 1225//1668
f 1241//1669 1212//1669 1225//1669
f 1240//1670 1241//1670 1225//1670
f 1242//1671 1230//1671 1238//1671
f 1239//1672 1242//1672 1238//1672
f 1243//1673 1244//1673 1224//1673
f 1245//1674 1243//1674 1224//1674
f 1244//1673 1240//1673 1224//1673
f 1228//802 1245//802 1224//802
f 1242//1675 1246//1675 1230//1675
f 1246//1676 1247//1676 1230//1676
f 1247//1677 1248//1677 1230//1677
f 1248//802 1231//802 1230//802
f 993//1678 1234//1678 994//1678
f 1249//1679 1241//1679 1240//1679
f 1244//1680 1249//1680 1240//1680
f 1227//1681 1250//1681 1251//1681
f 1252//1682 1253//1682 1251//1682
f 1228//1683 1227//1683 1251//1683
f 1253//1684 1228//1684 1251//1684
f 1250//1685 1252//1685 1251//1685
f 1254//1686 1236//1686 1255//1686
f 1231//1687 1256//1687 1255//1687
f 1236//1688 1231//1688 1255//1688
f 1256//1689 1254//1689 1255//1689
f 1234//1690 1257//1690 1227//1690
f 1257//1691 1258//1691 1227//1691
f 1258//1692 1259//1692 1227//1692
f 1259//1693 1250//1693 1227//1693
f 1254//1694 1237//1694 1236//1694
f 1231//1695 1260//1695 1256//1695
f 1260//1696 1261//1696 1256//1696
f 1261//1697 1254//1697 1256//1697
f 1250//1698 1253//1698 1252//1698
f 1243//1680 1249//1680 1244//1680
f 1262//1699 1246//1699 1242//1699
f 1239//1700 1262//1700 1242//1700
f 1262//1701 1247//1701 1246//1701
f 1231//1702 1263//1702 1260//1702
f 1263//1703 1261//1703 1260//1703
f 1264//1704 1228//1704 1253//1704
f 1265//1705 1264//1705 1253//1705
f 1250//1706 1265//1706 1253//1706
f 1235//1707 1001//1707 1003//1707
f 1231//1708 1266//1708 1263//1708
f 1266//1709 1261//1709 1263//1709
f 1267//1710 1228//1710 1264//1710
f 1265//1711 1267//1711 1264//1711
f 1245//1712 1268//1712 1243//1712
f 1269//1713 1249//1713 1243//1713
f 1268//1714 1269//1714 1243//1714
f 1270//1715 1228//1715 1267//1715
f 1265//1716 1270//1716 1267//1716
f 1231//1717 1271//1717 1266//1717
f 1272//1718 1261//1718 1266//1718
f 1271//1719 1272//1719 1266//1719
f 1273//1720 1228//1720 1270//1720
f 1274//1721 1273//1721 1270//1721
f 1265//1722 1275//1722 1270//1722
f 1275//1723 1274//1723 1270//1723
f 1231//1724 1276//1724 1271//1724
f 1276//1725 1277//1725 1271//1725
f 1277//1726 1272//1726 1271//1726
f 1273//802 1245//802 1228//802
f 1278//1727 1276//1727 1231//1727
f 1248//802 1278//802 1231//802
f 1278//1728 1279//1728 1276//1728
f 1279//1729 1277//1729 1276//1729
f 1280//1730 1273//1730 1274//1730
f 1281//1731 1280//1731 1274//1731
f 1275//1732 1281//1732 1274//1732
f 1278//1733 1282//1733 1279//1733
f 1282//1734 1277//1734 1279//1734
f 1250//1735 1259//1735 1265//1735
f 1259//1736 1258//1736 1265//1736
f 1258//1737 1275//1737 1265//1737
f 1283//1738 1254//1738 1261//1738
f 1284//1739 1283//1739 1261//1739
f 1272//1740 1284//1740 1261//1740
f 1285//1741 1248//1741 1247//1741
f 1286//1742 1285//1742 1247//1742
f 1262//1743 1286//1743 1247//1743
f 1287//1744 1273//1744 1280//1744
f 1281//1745 1287//1745 1280//1745
f 1245//1746 1288//1746 1268//1746
f 1288//1714 1269//1714 1268//1714
f 1289//1747 1248//1747 1285//1747
f 1290//1748 1289//1748 1285//1748
f 1286//1749 1290//1749 1285//1749
f 1273//1750 1291//1750 1245//1750
f 1291//1751 1292//1751 1245//1751
f 1292//1752 1288//1752 1245//1752
f 1293//1753 1278//1753 1248//1753
f 1289//1754 1293//1754 1248//1754
f 1283//1694 1237//1694 1254//1694
f 1278//1733 1294//1733 1282//1733
f 1294//1755 1277//1755 1282//1755
f 1295//1744 1273//1744 1287//1744
f 1281//1756 1295//1756 1287//1756
f 1292//1757 1296//1757 1288//1757
f 1296//1758 1297//1758 1288//1758
f 1297//1759 1269//1759 1288//1759
f 1298//1760 1273//1760 1295//1760
f 1299//1761 1298//1761 1295//1761
f 1281//1762 1300//1762 1295//1762
f 1300//1763 1299//1763 1295//1763
f 1278//1733 1301//1733 1294//1733
f 1301//1764 1302//1764 1294//1764
f 1303//1765 1277//1765 1294//1765
f 1302//1766 1303//1766 1294//1766
f 1278//1767 1304//1767 1301//1767
f 1304//1768 1302//1768 1301//1768
f 1305//1769 1273//1769 1298//1769
f 1299//1770 1305//1770 1298//1770
f 1306//1771 1293//1771 1289//1771
f 1307//1772 1306//1772 1289//1772
f 1290//1773 1307//1773 1289//1773
f 993//1774 992//1774 1234//1774
f 992//1775 1257//1775 1234//1775
f 1237//1776 1308//1776 1235//1776
f 1308//1777 1001//1777 1235//1777
f 992//1778 991//1778 1257//1778
f 991//1779 1309//1779 1257//1779
f 1309//1780 1310//1780 1257//1780
f 1310//1781 1258//1781 1257//1781
f 1311//1782 1308//1782 1237//1782
f 1283//1783 1311//1783 1237//1783
f 1284//1784 1311//1784 1283//1784
f 1310//1785 1275//1785 1258//1785
f 1312//1786 1311//1786 1284//1786
f 1272//1787 1312//1787 1284//1787
f 1291//1788 1313//1788 1292//1788
f 1313//1789 1296//1789 1292//1789
f 1278//1767 1293//1767 1304//1767
f 1293//1790 1306//1790 1304//1790
f 1306//1791 1302//1791 1304//1791
f 1291//1792 1273//1792 1305//1792
f 1299//1793 1291//1793 1305//1793
f 1299//1794 1313//1794 1291//1794
f 1275//1795 1300//1795 1281//1795
f 1314//1796 1272//1796 1277//1796
f 1303//1797 1314//1797 1277//1797
f 1315//1798 1302//1798 1306//1798
f 1307//1799 1315//1799 1306//1799
f 1299//1800 1296//1800 1313//1800
f 1316//1801 1317//1801 1275//1801
f 1310//1802 1316//1802 1275//1802
f 1317//1803 1300//1803 1275//1803
f 1314//1804 1318//1804 1272//1804
f 1318//1805 1312//1805 1272//1805
f 1309//1806 1316//1806 1310//1806
f 1318//1807 1311//1807 1312//1807
f 1319//1808 1297//1808 1296//1808
f 1299//1809 1319//1809 1296//1809
f 1290//1810 1315//1810 1307//1810
f 1320//1811 1269//1811 1297//1811
f 1319//1812 1320//1812 1297//1812
f 1286//1813 1315//1813 1290//1813
f 1300//1814 1319//1814 1299//1814
f 1315//1815 1303//1815 1302//1815
f 1308//672 1002//672 1001//672
f 990//1816 1321//1816 991//1816
f 1321//1817 1309//1817 991//1817
f 1322//1818 1142//1818 1141//1818
f 1147//1819 1322//1819 1141//1819
f 1322//1818 1137//1818 1142//1818
f 1323//1820 1152//1820 1137//1820
f 1322//1818 1323//1818 1137//1818
f 1324//1821 1322//1821 1147//1821
f 1146//1821 1324//1821 1147//1821
f 1325//1822 1151//1822 1152//1822
f 1323//1822 1325//1822 1152//1822
f 1326//1823 1324//1823 1146//1823
f 1160//1824 1326//1824 1146//1824
f 1325//1825 1149//1825 1151//1825
f 1159//1826 1326//1826 1160//1826
f 1327//1827 1165//1827 1149//1827
f 1325//1828 1327//1828 1149//1828
f 1328//1829 1326//1829 1159//1829
f 1161//1830 1328//1830 1159//1830
f 1329//1831 1163//1831 1165//1831
f 1327//1832 1329//1832 1165//1832
f 1330//1833 1328//1833 1161//1833
f 1170//1834 1330//1834 1161//1834
f 1329//1835 1175//1835 1163//1835
f 1171//1836 1330//1836 1170//1836
f 1331//1837 1173//1837 1175//1837
f 1329//1835 1331//1835 1175//1835
f 1332//1838 1330//1838 1171//1838
f 1180//1838 1332//1838 1171//1838
f 1331//1839 1183//1839 1173//1839
f 1181//1840 1332//1840 1180//1840
f 1333//1841 1334//1841 1183//1841
f 1334//1842 1201//1842 1183//1842
f 1331//1839 1333//1839 1183//1839
f 1335//1843 1332//1843 1181//1843
f 1336//1844 1335//1844 1181//1844
f 1200//1845 1336//1845 1181//1845
f 1334//1846 1203//1846 1201//1846
f 1202//1847 1337//1847 1200//1847
f 1337//1848 1336//1848 1200//1848
f 1338//1849 1208//1849 1203//1849
f 1334//1850 1338//1850 1203//1850
f 1204//1851 1339//1851 1202//1851
f 1339//1852 1337//1852 1202//1852
f 1340//1853 1206//1853 1208//1853
f 1338//1854 1340//1854 1208//1854
f 1212//1855 1339//1855 1204//1855
f 1340//1856 1341//1856 1206//1856
f 1341//1857 1215//1857 1206//1857
f 1241//1858 1342//1858 1212//1858
f 1342//1859 1339//1859 1212//1859
f 1341//1860 1239//1860 1215//1860
f 1249//1861 1320//1861 1241//1861
f 1320//1862 1342//1862 1241//1862
f 1341//1863 1343//1863 1239//1863
f 1343//1864 1262//1864 1239//1864
f 1269//1865 1320//1865 1249//1865
f 1343//1866 1344//1866 1262//1866
f 1344//1867 1286//1867 1262//1867
f 1344//1868 1315//1868 1286//1868
f 1345//1869 1002//1869 1308//1869
f 1346//1870 1345//1870 1308//1870
f 1311//1871 1346//1871 1308//1871
f 1347//1872 1348//1872 990//1872
f 1030//1873 1347//1873 990//1873
f 1348//1874 1321//1874 990//1874
f 1349//1875 1032//1875 1002//1875
f 1345//1876 1350//1876 1002//1876
f 1350//1877 1349//1877 1002//1877
f 1081//1878 1347//1878 1030//1878
f 1349//1879 1351//1879 1032//1879
f 1351//1880 1093//1880 1032//1880
f 1092//1881 1352//1881 1081//1881
f 1352//1882 1347//1882 1081//1882
f 1351//1883 1353//1883 1093//1883
f 1353//1884 1094//1884 1093//1884
f 1354//1885 1352//1885 1092//1885
f 1117//1881 1354//1881 1092//1881
f 1353//1886 1120//1886 1094//1886
f 1355//1887 1354//1887 1117//1887
f 1118//1888 1355//1888 1117//1888
f 1353//1884 1356//1884 1120//1884
f 1356//1889 1126//1889 1120//1889
f 1122//1890 1355//1890 1118//1890
f 1357//1891 1124//1891 1126//1891
f 1356//1892 1357//1892 1126//1892
f 1127//1893 1358//1893 1122//1893
f 1358//1894 1355//1894 1122//1894
f 1359//1895 1129//1895 1124//1895
f 1357//1896 1359//1896 1124//1896
f 1360//1897 1358//1897 1127//1897
f 1133//1898 1360//1898 1127//1898
f 1359//1899 1130//1899 1129//1899
f 1136//1900 1361//1900 1133//1900
f 1361//1901 1360//1901 1133//1901
f 1362//1902 1134//1902 1130//1902
f 1359//1903 1362//1903 1130//1903
f 1134//1904 1361//1904 1136//1904
f 1362//1902 1363//1902 1134//1902
f 1363//1904 1361//1904 1134//1904
f 1364//1905 1311//1905 1318//1905
f 1314//1906 1364//1906 1318//1906
f 1309//1907 1365//1907 1316//1907
f 1365//1908 1317//1908 1316//1908
f 1346//1909 1350//1909 1345//1909
f 1366//1910 1300//1910 1317//1910
f 1365//1911 1366//1911 1317//1911
f 1367//1912 1368//1912 1314//1912
f 1368//1913 1364//1913 1314//1913
f 1303//1914 1367//1914 1314//1914
f 1309//1915 1369//1915 1365//1915
f 1369//1916 1366//1916 1365//1916
f 1368//1917 1311//1917 1364//1917
f 1366//1918 1370//1918 1300//1918
f 1370//1919 1371//1919 1300//1919
f 1371//1920 1319//1920 1300//1920
f 1315//1921 1372//1921 1303//1921
f 1372//1922 1373//1922 1303//1922
f 1373//1923 1367//1923 1303//1923
f 1374//1924 1332//1924 1335//1924
f 1375//1925 1374//1925 1335//1925
f 1336//1926 1375//1926 1335//1926
f 1376//1927 1338//1927 1334//1927
f 1333//1928 1376//1928 1334//1928
f 1377//1926 1375//1926 1336//1926
f 1337//1929 1378//1929 1336//1929
f 1378//1930 1377//1930 1336//1930
f 1376//1927 1379//1927 1338//1927
f 1379//1931 1340//1931 1338//1931
f 1339//1932 1380//1932 1337//1932
f 1380//1932 1378//1932 1337//1932
f 1381//1933 1341//1933 1340//1933
f 1379//1934 1381//1934 1340//1934
f 1342//1935 1382//1935 1339//1935
f 1382//1936 1380//1936 1339//1936
f 1383//1937 1343//1937 1341//1937
f 1381//1933 1383//1933 1341//1933
f 1320//1938 1384//1938 1342//1938
f 1384//1939 1382//1939 1342//1939
f 1385//1940 1344//1940 1343//1940
f 1386//1941 1385//1941 1343//1941
f 1383//1942 1386//1942 1343//1942
f 1319//1943 1384//1943 1320//1943
f 1385//1944 1315//1944 1344//1944
f 1387//1945 1388//1945 1348//1945
f 1347//1946 1387//1946 1348//1946
f 1389//1947 1321//1947 1348//1947
f 1388//1948 1389//1948 1348//1948
f 1390//1949 1351//1949 1349//1949
f 1391//1950 1390//1950 1349//1950
f 1350//1951 1392//1951 1349//1951
f 1392//1952 1391//1952 1349//1952
f 1352//1953 1387//1953 1347//1953
f 1390//1954 1353//1954 1351//1954
f 1360//1955 1393//1955 1358//1955
f 1393//1956 1355//1956 1358//1956
f 1357//1957 1394//1957 1359//1957
f 1394//1958 1362//1958 1359//1958
f 1361//1959 1395//1959 1360//1959
f 1395//1959 1396//1959 1360//1959
f 1396//1960 1393//1960 1360//1960
f 1394//1958 1397//1958 1362//1958
f 1398//1961 1363//1961 1362//1961
f 1397//1961 1398//1961 1362//1961
f 1363//1962 1395//1962 1361//1962
f 1398//1962 1395//1962 1363//1962
f 1352//1963 1399//1963 1387//1963
f 1399//1964 1400//1964 1387//1964
f 1400//1946 1388//1946 1387//1946
f 1391//1949 1401//1949 1390//1949
f 1401//1965 1353//1965 1390//1965
f 1396//1966 1402//1966 1393//1966
f 1402//1956 1355//1956 1393//1956
f 1357//1967 1403//1967 1394//1967
f 1403//1968 1404//1968 1394//1968
f 1404//1969 1397//1969 1394//1969
f 1405//1970 1399//1970 1352//1970
f 1354//1970 1405//1970 1352//1970
f 1401//1971 1406//1971 1353//1971
f 1406//1972 1356//1972 1353//1972
f 1407//1973 1405//1973 1354//1973
f 1355//1973 1407//1973 1354//1973
f 1406//1972 1408//1972 1356//1972
f 1408//1974 1357//1974 1356//1974
f 1402//1975 1407//1975 1355//1975
f 1408//1974 1403//1974 1357//1974
f 1371//1976 1409//1976 1319//1976
f 1409//1977 1384//1977 1319//1977
f 1385//1978 1410//1978 1315//1978
f 1410//1979 1372//1979 1315//1979
f 1389//1980 1309//1980 1321//1980
f 1346//1981 1392//1981 1350//1981
f 1400//1982 1411//1982 1388//1982
f 1412//1983 1389//1983 1388//1983
f 1411//1984 1412//1984 1388//1984
f 1413//1985 1401//1985 1391//1985
f 1392//1986 1414//1986 1391//1986
f 1414//1987 1413//1987 1391//1987
f 1412//1988 1309//1988 1389//1988
f 1346//1989 1414//1989 1392//1989
f 1309//1907 1415//1907 1369//1907
f 1415//1990 1366//1990 1369//1990
f 1346//1991 1311//1991 1368//1991
f 1416//1992 1346//1992 1368//1992
f 1367//1993 1416//1993 1368//1993
f 1409//1939 1382//1939 1384//1939
f 1386//1941 1410//1941 1385//1941
f 1412//1994 1417//1994 1309//1994
f 1418//1995 1419//1995 1309//1995
f 1420//1996 1418//1996 1309//1996
f 1417//1997 1420//1997 1309//1997
f 1419//1998 1415//1998 1309//1998
f 1418//1999 1421//1999 1419//1999
f 1421//1999 1422//1999 1419//1999
f 1422//2000 1423//2000 1419//2000
f 1423//2001 1424//2001 1419//2001
f 1424//2002 1415//2002 1419//2002
f 1425//2003 1426//2003 1346//2003
f 1426//2003 1427//2003 1346//2003
f 1427//2004 1428//2004 1346//2004
f 1428//2005 1429//2005 1346//2005
f 1429//2006 1430//2006 1346//2006
f 1430//2007 1414//2007 1346//2007
f 1431//2008 1425//2008 1346//2008
f 1432//2009 1431//2009 1346//2009
f 1416//2010 1432//2010 1346//2010
f 1415//2011 1433//2011 1366//2011
f 1433//2012 1370//2012 1366//2012
f 1434//2013 1416//2013 1367//2013
f 1373//2014 1435//2014 1367//2014
f 1435//2013 1434//2013 1367//2013
f 1434//2015 1432//2015 1416//2015
f 1436//2016 1437//2016 1322//2016
f 1324//2017 1436//2017 1322//2017
f 1437//2018 1323//2018 1322//2018
f 1438//2019 1325//2019 1323//2019
f 1437//2018 1438//2018 1323//2018
f 1439//2020 1436//2020 1324//2020
f 1326//2020 1439//2020 1324//2020
f 1440//2021 1327//2021 1325//2021
f 1438//2019 1440//2019 1325//2019
f 1441//2022 1439//2022 1326//2022
f 1328//2023 1441//2023 1326//2023
f 1440//2021 1442//2021 1327//2021
f 1442//2024 1329//2024 1327//2024
f 1443//2025 1441//2025 1328//2025
f 1330//2026 1443//2026 1328//2026
f 1444//2027 1331//2027 1329//2027
f 1442//2028 1444//2028 1329//2028
f 1374//2029 1443//2029 1330//2029
f 1332//2030 1374//2030 1330//2030
f 1444//2031 1445//2031 1331//2031
f 1445//2032 1446//2032 1331//2032
f 1446//2033 1333//2033 1331//2033
f 1446//2034 1376//2034 1333//2034
f 1424//2035 1433//2035 1415//2035
f 1435//2036 1432//2036 1434//2036
f 1424//2037 1447//2037 1433//2037
f 1447//2038 1370//2038 1433//2038
f 1448//2039 1374//2039 1375//2039
f 1377//2040 1448//2040 1375//2040
f 1449//2041 1379//2041 1376//2041
f 1446//2042 1449//2042 1376//2042
f 1398//2043 1450//2043 1395//2043
f 1450//1959 1396//1959 1395//1959
f 1397//1961 1451//1961 1398//1961
f 1451//2043 1450//2043 1398//2043
f 1452//2044 1443//2044 1374//2044
f 1448//2045 1452//2045 1374//2045
f 1453//2046 1449//2046 1446//2046
f 1445//2047 1453//2047 1446//2047
f 1410//2048 1454//2048 1372//2048
f 1454//2049 1455//2049 1372//2049
f 1455//2050 1373//2050 1372//2050
f 1456//2051 1457//2051 1371//2051
f 1457//2052 1409//2052 1371//2052
f 1370//2053 1456//2053 1371//2053
f 1430//2054 1413//2054 1414//2054
f 1411//2055 1417//2055 1412//2055
f 1458//2056 1452//2056 1448//2056
f 1377//2057 1458//2057 1448//2057
f 1459//2058 1379//2058 1449//2058
f 1453//2059 1459//2059 1449//2059
f 1378//2060 1460//2060 1377//2060
f 1460//2060 1461//2060 1377//2060
f 1461//2061 1458//2061 1377//2061
f 1459//2058 1462//2058 1379//2058
f 1462//2062 1381//2062 1379//2062
f 1380//2063 1463//2063 1378//2063
f 1463//2063 1460//2063 1378//2063
f 1464//2064 1383//2064 1381//2064
f 1462//2062 1464//2062 1381//2062
f 1382//2065 1465//2065 1380//2065
f 1465//2066 1463//2066 1380//2066
f 1466//2067 1386//2067 1383//2067
f 1464//2064 1466//2064 1383//2064
f 1409//2068 1457//2068 1382//2068
f 1457//2069 1465//2069 1382//2069
f 1454//2070 1410//2070 1386//2070
f 1467//2071 1454//2071 1386//2071
f 1466//2067 1467//2067 1386//2067
f 1400//2072 1468//2072 1411//2072
f 1468//2073 1417//2073 1411//2073
f 1469//2074 1401//2074 1413//2074
f 1430//2075 1469//2075 1413//2075
f 1399//2076 1470//2076 1400//2076
f 1470//2077 1471//2077 1400//2077
f 1471//2078 1468//2078 1400//2078
f 1469//2079 1472//2079 1401//2079
f 1472//2080 1406//2080 1401//2080
f 1396//2081 1473//2081 1402//2081
f 1473//2081 1474//2081 1402//2081
f 1474//2082 1407//2082 1402//2082
f 1403//2083 1475//2083 1404//2083
f 1475//2084 1476//2084 1404//2084
f 1476//2085 1397//2085 1404//2085
f 1450//2086 1477//2086 1396//2086
f 1477//2086 1473//2086 1396//2086
f 1476//2085 1478//2085 1397//2085
f 1479//2087 1451//2087 1397//2087
f 1478//2087 1479//2087 1397//2087
f 1451//2088 1477//2088 1450//2088
f 1479//2088 1477//2088 1451//2088
f 1480//2089 1470//2089 1399//2089
f 1405//2090 1480//2090 1399//2090
f 1472//2091 1481//2091 1406//2091
f 1481//2092 1408//2092 1406//2092
f 1482//2093 1480//2093 1405//2093
f 1407//2094 1482//2094 1405//2094
f 1481//2095 1483//2095 1408//2095
f 1483//2096 1403//2096 1408//2096
f 1474//2097 1482//2097 1407//2097
f 1483//2098 1475//2098 1403//2098
f 1456//2069 1465//2069 1457//2069
f 1467//2071 1455//2071 1454//2071
f 1471//2099 1484//2099 1468//2099
f 1484//2100 1417//2100 1468//2100
f 1485//2101 1472//2101 1469//2101
f 1430//2102 1485//2102 1469//2102
f 1484//2103 1486//2103 1417//2103
f 1486//2104 1420//2104 1417//2104
f 1429//2105 1485//2105 1430//2105
f 1487//2106 1432//2106 1435//2106
f 1373//2107 1487//2107 1435//2107
f 1424//2108 1488//2108 1447//2108
f 1488//2109 1370//2109 1447//2109
f 1489//2110 1490//2110 1370//2110
f 1491//2111 1489//2111 1370//2111
f 1488//2112 1491//2112 1370//2112
f 1490//2113 1456//2113 1370//2113
f 1492//2114 1493//2114 1373//2114
f 1493//2115 1494//2115 1373//2115
f 1494//2116 1487//2116 1373//2116
f 1455//2117 1495//2117 1373//2117
f 1495//2118 1492//2118 1373//2118
f 1496//2119 1497//2119 1437//2119
f 1436//2119 1496//2119 1437//2119
f 1497//2120 1438//2120 1437//2120
f 1498//2121 1440//2121 1438//2121
f 1497//2120 1498//2120 1438//2120
f 1499//2122 1496//2122 1436//2122
f 1439//2123 1499//2123 1436//2123
f 1500//2124 1442//2124 1440//2124
f 1498//2121 1500//2121 1440//2121
f 1501//2125 1499//2125 1439//2125
f 1441//2125 1501//2125 1439//2125
f 1502//2126 1444//2126 1442//2126
f 1500//2127 1502//2127 1442//2127
f 1503//2128 1501//2128 1441//2128
f 1443//2128 1503//2128 1441//2128
f 1504//2129 1445//2129 1444//2129
f 1502//2126 1504//2126 1444//2126
f 1505//2130 1503//2130 1443//2130
f 1452//2130 1505//2130 1443//2130
f 1506//2131 1507//2131 1445//2131
f 1504//2129 1506//2129 1445//2129
f 1507//2131 1453//2131 1445//2131
f 1458//2132 1505//2132 1452//2132
f 1507//2133 1459//2133 1453//2133
f 1484//2134 1508//2134 1486//2134
f 1508//2135 1420//2135 1486//2135
f 1428//2136 1509//2136 1429//2136
f 1509//2137 1485//2137 1429//2137
f 1510//2130 1503//2130 1505//2130
f 1458//2138 1511//2138 1505//2138
f 1511//2139 1510//2139 1505//2139
f 1512//2140 1513//2140 1507//2140
f 1513//2141 1459//2141 1507//2141
f 1506//2131 1512//2131 1507//2131
f 1494//2142 1432//2142 1487//2142
f 1461//2143 1511//2143 1458//2143
f 1513//2144 1462//2144 1459//2144
f 1479//2145 1514//2145 1477//2145
f 1514//2146 1473//2146 1477//2146
f 1478//2147 1515//2147 1479//2147
f 1515//2148 1514//2148 1479//2148
f 1424//2108 1491//2108 1488//2108
f 1493//2149 1516//2149 1494//2149
f 1516//2150 1432//2150 1494//2150
f 1424//2151 1489//2151 1491//2151
f 1423//2152 1517//2152 1424//2152
f 1517//2153 1518//2153 1424//2153
f 1518//2154 1489//2154 1424//2154
f 1516//2155 1431//2155 1432//2155
f 1517//2156 1519//2156 1518//2156
f 1519//2157 1520//2157 1518//2157
f 1520//2158 1489//2158 1518//2158
f 1521//2159 1522//2159 1516//2159
f 1522//2160 1523//2160 1516//2160
f 1523//2161 1431//2161 1516//2161
f 1493//2162 1521//2162 1516//2162
f 1524//2163 1510//2163 1511//2163
f 1461//2164 1525//2164 1511//2164
f 1525//2165 1524//2165 1511//2165
f 1526//2166 1462//2166 1513//2166
f 1512//2167 1526//2167 1513//2167
f 1460//2168 1527//2168 1461//2168
f 1527//2168 1525//2168 1461//2168
f 1526//2166 1528//2166 1462//2166
f 1528//2169 1464//2169 1462//2169
f 1463//2170 1529//2170 1460//2170
f 1529//2170 1527//2170 1460//2170
f 1530//2171 1466//2171 1464//2171
f 1528//2169 1530//2169 1464//2169
f 1465//2172 1531//2172 1463//2172
f 1531//2172 1529//2172 1463//2172
f 1532//2173 1467//2173 1466//2173
f 1530//2171 1532//2171 1466//2171
f 1490//2174 1531//2174 1465//2174
f 1456//2175 1490//2175 1465//2175
f 1495//2176 1455//2176 1467//2176
f 1533//2177 1495//2177 1467//2177
f 1532//2173 1533//2173 1467//2173
f 1471//2178 1508//2178 1484//2178
f 1509//2179 1472//2179 1485//2179
f 1470//2180 1534//2180 1471//2180
f 1534//2181 1535//2181 1471//2181
f 1535//2182 1508//2182 1471//2182
f 1509//2183 1536//2183 1472//2183
f 1536//2184 1481//2184 1472//2184
f 1473//2185 1537//2185 1474//2185
f 1537//2186 1482//2186 1474//2186
f 1475//2187 1538//2187 1476//2187
f 1538//2188 1539//2188 1476//2188
f 1539//2189 1478//2189 1476//2189
f 1540//2190 1541//2190 1473//2190
f 1514//2191 1540//2191 1473//2191
f 1541//2192 1537//2192 1473//2192
f 1539//2193 1542//2193 1478//2193
f 1542//2194 1515//2194 1478//2194
f 1515//2195 1540//2195 1514//2195
f 1542//2196 1543//2196 1515//2196
f 1543//2195 1540//2195 1515//2195
f 1544//2197 1534//2197 1470//2197
f 1480//2197 1544//2197 1470//2197
f 1536//2198 1545//2198 1481//2198
f 1545//2199 1483//2199 1481//2199
f 1546//2200 1544//2200 1480//2200
f 1482//2200 1546//2200 1480//2200
f 1545//2199 1547//2199 1483//2199
f 1547//2201 1475//2201 1483//2201
f 1537//2202 1546//2202 1482//2202
f 1547//2201 1538//2201 1475//2201
f 1489//2203 1548//2203 1490//2203
f 1548//2174 1531//2174 1490//2174
f 1533//2177 1492//2177 1495//2177
f 1535//2204 1549//2204 1508//2204
f 1550//2205 1420//2205 1508//2205
f 1549//2206 1550//2206 1508//2206
f 1551//2207 1536//2207 1509//2207
f 1428//2208 1551//2208 1509//2208
f 1550//2209 1418//2209 1420//2209
f 1520//2210 1548//2210 1489//2210
f 1492//2211 1521//2211 1493//2211
f 1552//2212 1551//2212 1428//2212
f 1427//2213 1552//2213 1428//2213
f 1427//2214 1551//2214 1552//2214
f 1549//2215 1418//2215 1550//2215
f 1553//2216 1554//2216 1497//2216
f 1555//2217 1553//2217 1497//2217
f 1496//2218 1555//2218 1497//2218
f 1554//2219 1498//2219 1497//2219
f 1554//2220 1556//2220 1498//2220
f 1556//2221 1500//2221 1498//2221
f 1557//2222 1555//2222 1496//2222
f 1499//2222 1557//2222 1496//2222
f 1558//2223 1502//2223 1500//2223
f 1556//2221 1558//2221 1500//2221
f 1559//2224 1557//2224 1499//2224
f 1501//2224 1559//2224 1499//2224
f 1560//2225 1504//2225 1502//2225
f 1558//2223 1560//2223 1502//2223
f 1561//2226 1559//2226 1501//2226
f 1503//2226 1561//2226 1501//2226
f 1562//2227 1506//2227 1504//2227
f 1560//2225 1562//2225 1504//2225
f 1510//2228 1563//2228 1503//2228
f 1563//2228 1561//2228 1503//2228
f 1564//2229 1512//2229 1506//2229
f 1562//2230 1564//2230 1506//2230
f 1524//2231 1563//2231 1510//2231
f 1565//2232 1526//2232 1512//2232
f 1564//2229 1565//2229 1512//2229
f 1534//2233 1566//2233 1535//2233
f 1566//2234 1549//2234 1535//2234
f 1551//2179 1567//2179 1536//2179
f 1567//2235 1568//2235 1536//2235
f 1568//2236 1545//2236 1536//2236
f 1541//2237 1569//2237 1537//2237
f 1569//2238 1570//2238 1537//2238
f 1570//2239 1546//2239 1537//2239
f 1538//2240 1571//2240 1539//2240
f 1571//2241 1542//2241 1539//2241
f 1572//2242 1566//2242 1534//2242
f 1573//2243 1572//2243 1534//2243
f 1544//2244 1573//2244 1534//2244
f 1568//2245 1574//2245 1545//2245
f 1574//2246 1547//2246 1545//2246
f 1575//2247 1576//2247 1544//2247
f 1576//2247 1573//2247 1544//2247
f 1546//2248 1575//2248 1544//2248
f 1574//2249 1577//2250 1547//2249
f 1577//2251 1578//2251 1547//2251
f 1578//2252 1538//2252 1547//2252
f 1570//2253 1575//2253 1546//2253
f 1579//2254 1571//2254 1538//2254
f 1578//2255 1579//2255 1538//2255
f 1553//975 1563//975 1554//975
f 1563//975 1556//975 1554//975
f 1555//975 1563//975 1553//975
f 1563//975 1558//975 1556//975
f 1557//975 1563//975 1555//975
f 1563//975 1560//975 1558//975
f 1559//975 1563//975 1557//975
f 1563//975 1562//975 1560//975
f 1561//975 1563//975 1559//975
f 1563//975 1564//975 1562//975
f 1563//975 1565//975 1564//975
f 1524//975 1526//975 1563//975
f 1526//975 1565//975 1563//975
f 1525//975 1528//975 1524//975
f 1528//975 1526//975 1524//975
f 1527//975 1521//975 1525//975
f 1521//975 1492//975 1525//975
f 1492//975 1533//975 1525//975
f 1533//975 1532//975 1525//975
f 1532//975 1530//975 1525//975
f 1530//975 1528//975 1525//975
f 1529//975 1521//975 1527//975
f 1531//975 1521//975 1529//975
f 1548//975 1520//975 1531//975
f 1520//975 1521//975 1531//975
f 1572//975 1521//975 1520//975
f 1519//975 1572//975 1520//975
f 1572//975 1573//975 1521//975
f 1573//975 1576//975 1521//975
f 1576//975 1522//975 1521//975
f 1576//975 1568//975 1522//975
f 1568//975 1523//975 1522//975
f 1517//975 1572//975 1519//975
f 1568//975 1431//975 1523//975
f 1568//975 1425//975 1431//975
f 1423//975 1572//975 1517//975
f 1422//975 1572//975 1423//975
f 1568//975 1426//975 1425//975
f 1421//975 1572//975 1422//975
f 1418//975 1572//975 1421//975
f 1568//975 1551//975 1426//975
f 1551//975 1427//975 1426//975
f 1549//975 1572//975 1418//975
f 1566//975 1572//975 1549//975
f 1568//975 1567//975 1551//975
f 1576//975 1575//975 1568//975
f 1575//975 1570//975 1568//975
f 1570//975 1574//975 1568//975
f 1570//975 1577//975 1574//975
f 1570//975 1578//975 1577//975
f 1570//975 1579//975 1578//975
f 1543//975 1571//975 1579//975
f 1540//975 1543//975 1579//975
f 1570//975 1540//975 1579//975
f 1569//975 1540//975 1570//975
f 1541//975 1540//975 1569//975
f 1543//975 1542//975 1571//975
