# Blender 4.5.0
# www.blender.org
mtllib rl_dg_1_1.mtl
o rl_dg_1_1_c
v -0.009750 0.008837 0.014000
v -0.009750 -0.008500 0.017500
v -0.009750 0.008500 0.017500
v -0.009750 0.009500 0.014000
v -0.009750 0.009500 0.016500
v 0.017150 -0.008500 0.017500
v 0.017150 0.008500 0.017500
v 0.017150 0.009500 0.016500
v -0.009750 -0.008837 0.014000
v -0.009750 -0.009500 0.016500
v 0.017150 -0.006000 0.011200
v 0.017150 0.006000 0.011200
v 0.017150 -0.009500 0.016500
v 0.017150 -0.007339 0.010934
v -0.007700 0.009500 0.014000
v -0.007700 -0.009500 0.014000
v -0.009750 -0.009500 0.014000
v 0.011650 0.009500 -0.007700
v 0.011650 0.009500 0.014000
v 0.017150 0.009500 0.007700
v 0.007700 0.009500 0.014000
v 0.017150 0.009234 0.009039
v 0.017150 0.008475 0.010175
v 0.017150 0.007339 0.010934
v 0.007700 -0.009500 0.014000
v 0.011650 -0.009500 0.014000
v 0.017150 -0.009500 0.007700
v 0.017150 -0.009234 0.009039
v 0.017150 -0.008475 0.010175
v -0.010175 0.008475 0.014000
v -0.010984 0.007211 0.014000
v -0.011200 0.006000 0.014000
v -0.011200 -0.006000 0.014000
v -0.011200 -0.002614 0.006324
v -0.011200 -0.002944 0.006914
v -0.011200 0.006000 0.009526
v -0.011200 -0.004877 0.008783
v -0.011200 -0.003853 0.007908
v -0.011160 0.006526 0.009733
v -0.011052 0.006938 0.009878
v -0.010984 -0.007211 0.014000
v -0.010175 -0.008475 0.014000
v -0.011200 -0.006000 0.009526
v -0.011126 -0.006716 0.009803
v -0.011056 -0.006938 0.009879
v -0.010981 0.007211 0.009975
v -0.010660 0.007867 0.010181
v -0.010670 0.007848 0.010175
v -0.010974 0.007238 0.009984
v -0.010167 0.008466 0.010344
v -0.010283 0.008362 0.010318
v -0.010911 -0.007392 0.010035
v -0.010658 -0.007843 0.010171
v -0.010557 -0.008022 0.010225
v -0.010970 -0.007207 0.009971
v -0.009136 0.009192 0.011000
v -0.009136 0.009192 0.010518
v -0.009758 0.008831 0.010435
v -0.009993 0.008621 0.010383
v -0.010063 -0.008581 0.010374
v -0.010001 -0.008628 0.010386
v -0.009480 -0.009013 0.010478
v -0.009136 -0.009192 0.011000
v -0.010165 -0.008466 0.010344
v -0.008911 0.009284 0.014000
v -0.008911 0.009284 0.011000
v -0.008911 -0.009284 0.014000
v -0.008911 -0.009284 0.011000
v -0.007700 -0.009500 0.011000
v -0.006782 0.009500 0.011000
v -0.007700 0.009500 0.011000
v -0.006782 -0.009500 0.011000
v 0.006782 -0.009500 0.011000
v 0.006782 0.009500 0.011000
v 0.007700 0.009500 0.010300
v 0.008911 0.009284 0.014000
v 0.007700 -0.009500 0.011000
v 0.008911 -0.009284 0.014000
v 0.008911 -0.009284 0.011000
v 0.010175 0.008475 0.014000
v 0.008911 0.009284 0.010300
v 0.009136 0.009192 0.010518
v 0.009479 0.009014 0.010478
v 0.010175 -0.008475 0.014000
v 0.010984 0.007211 0.014000
v 0.010000 0.008629 0.010386
v 0.010062 0.008582 0.010375
v 0.010557 0.008022 0.010225
v 0.010165 0.008466 0.010344
v 0.010984 -0.007211 0.014000
v 0.009136 -0.009192 0.011000
v 0.009136 -0.009192 0.010518
v 0.009758 -0.008831 0.010435
v 0.009992 -0.008622 0.010383
v 0.010167 -0.008466 0.010344
v 0.011200 0.006000 0.014000
v 0.010911 0.007392 0.010035
v 0.010658 0.007842 0.010171
v 0.011056 0.006937 0.009879
v 0.010970 0.007207 0.009971
v 0.011200 -0.006000 0.014000
v 0.011053 -0.006937 0.009878
v 0.010661 -0.007866 0.010180
v 0.010974 -0.007237 0.009984
v 0.010981 -0.007211 0.009975
v 0.010283 -0.008362 0.010318
v 0.011200 0.005375 0.009137
v 0.011200 0.006000 0.009526
v 0.011126 0.006716 0.009803
v 0.011200 -0.006000 0.009526
v 0.011200 -0.005375 0.009137
v 0.011200 0.004778 0.008707
v 0.011200 0.004395 0.008239
v 0.011200 0.004205 0.008006
v 0.011160 -0.006526 0.009733
v 0.011650 0.006000 -0.011200
v 0.011650 -0.009500 -0.007700
v 0.011650 -0.006000 -0.011200
v 0.021550 0.006000 0.011200
v 0.021550 0.006903 0.011082
v 0.021550 -0.006000 0.011200
v 0.021550 -0.006903 0.011082
v 0.033811 0.007242 0.011200
v 0.021631 0.006756 0.011200
v 0.034250 0.006414 0.011200
v 0.034198 0.006733 0.011200
v 0.034250 -0.006414 0.011200
v 0.021628 -0.006743 0.011200
v 0.034046 0.007019 0.011200
v 0.021687 -0.006938 0.011200
v 0.021687 0.006938 0.011200
v 0.021864 0.007516 0.011200
v 0.021550 0.007318 0.010888
v 0.021852 -0.007484 0.011200
v 0.021550 -0.007318 0.010888
v 0.022310 -0.008429 0.011200
v 0.021550 -0.008007 0.010568
v 0.022328 0.008453 0.011200
v 0.021550 0.008007 0.010568
v 0.022322 -0.008449 0.011200
v 0.022351 -0.008500 0.011200
v 0.030720 0.008500 0.011200
v 0.022351 0.008500 0.011200
v 0.021550 0.008437 0.010137
v 0.022509 0.008838 0.011138
v 0.030720 0.008834 0.011118
v 0.030720 -0.008500 0.011200
v 0.022512 -0.008846 0.011137
v 0.021550 -0.008437 0.010137
v 0.032583 0.007938 0.011200
v 0.031259 0.008426 0.011200
v 0.031259 -0.008426 0.011200
v 0.030720 -0.008841 0.011116
v 0.031384 0.008873 0.011086
v 0.032583 -0.007938 0.011200
v 0.032779 -0.008358 0.011086
v 0.031384 -0.008873 0.011086
v 0.032779 0.008358 0.011086
v 0.033811 -0.007242 0.011200
v 0.034072 -0.007626 0.011086
v 0.034072 0.007626 0.011086
v 0.034416 0.007300 0.011086
v 0.034046 -0.007019 0.011200
v 0.034198 -0.006733 0.011200
v 0.034638 0.006882 0.011086
v 0.034416 -0.007300 0.011086
v 0.034714 0.006414 0.011086
v 0.034638 -0.006882 0.011086
v 0.034714 -0.006414 0.011086
v 0.022517 0.008856 0.011134
v 0.022516 -0.008854 0.011135
v 0.022584 -0.009156 0.010955
v 0.022579 0.009197 0.010905
v 0.022584 0.009158 0.010953
v 0.030720 0.008964 0.011086
v 0.030720 -0.008964 0.011086
v 0.030720 0.009186 0.010890
v 0.022578 -0.009200 0.010901
v 0.030720 -0.009189 0.010887
v 0.032929 0.008682 0.010770
v 0.031481 0.009217 0.010770
v 0.031481 -0.009217 0.010770
v 0.034273 0.007922 0.010770
v 0.032929 -0.008682 0.010770
v 0.034700 0.007516 0.010770
v 0.034273 -0.007922 0.010770
v 0.034976 0.006996 0.010770
v 0.034700 -0.007516 0.010770
v 0.034744 0.006414 0.011059
v 0.034976 -0.006996 0.010770
v 0.034744 -0.006414 0.011059
v 0.035072 0.006414 0.010770
v 0.035072 -0.006414 0.010770
v -0.009743 0.007847 0.009312
v -0.009692 0.008229 0.009488
v -0.009748 0.007847 0.011000
v -0.009659 0.008313 0.009541
v -0.009604 0.008453 0.009630
v -0.009497 0.008723 0.009802
v -0.009463 0.008772 0.009851
v -0.009452 0.008800 0.011000
v -0.009749 0.007802 0.009291
v -0.009546 0.006870 0.011000
v -0.008898 0.006112 0.011000
v -0.009749 -0.007802 0.009291
v -0.009546 -0.006870 0.011000
v -0.009748 -0.007847 0.011000
v -0.009607 -0.008454 0.009628
v -0.009665 -0.008322 0.009539
v -0.009461 -0.008783 0.009852
v -0.009668 -0.008316 0.009534
v -0.009742 -0.007847 0.009312
v -0.009452 -0.008800 0.011000
v -0.009451 -0.008800 0.009867
v -0.009457 -0.008791 0.009857
v -0.009688 0.007257 0.009055
v -0.009480 0.006746 0.008798
v -0.009533 0.006876 0.008863
v -0.009423 -0.006653 0.008747
v -0.008898 -0.006112 0.011000
v -0.009529 -0.006878 0.008864
v -0.009660 -0.007156 0.009007
v -0.009749 -0.007701 0.009250
v -0.009271 0.009048 0.010129
v -0.009240 0.009082 0.010192
v -0.009168 0.009160 0.010339
v -0.009446 0.008797 0.009876
v -0.007963 0.005761 0.011000
v -0.009136 -0.009192 0.010518
v -0.009238 -0.009086 0.010192
v -0.007963 -0.005761 0.011000
v -0.006976 0.005906 0.011000
v -0.008887 0.006127 0.008432
v -0.009138 0.006310 0.008548
v -0.009184 0.006368 0.008581
v -0.008701 0.005990 0.008345
v -0.009174 -0.006369 0.008580
v -0.009062 -0.006241 0.008505
v -0.008890 -0.006123 0.008430
v -0.008247 0.005813 0.008225
v -0.007300 0.005801 0.008217
v -0.007780 0.005750 0.008182
v -0.007962 0.005775 0.008199
v -0.006976 0.005906 0.010000
v -0.007300 0.005801 0.010000
v -0.008252 -0.005814 0.008226
v -0.007962 -0.005773 0.008198
v -0.007803 -0.005751 0.008182
v -0.007300 -0.005801 0.010000
v -0.006976 -0.005906 0.011000
v -0.008688 -0.005984 0.008341
v -0.006420 -0.009244 0.011000
v -0.006181 0.006509 0.011000
v -0.006181 0.006509 0.010000
v -0.006420 0.009244 0.011000
v -0.005864 0.008415 0.011000
v -0.005777 0.007421 0.011000
v -0.006976 -0.005906 0.010000
v -0.006181 -0.006509 0.011000
v -0.005777 -0.007421 0.011000
v -0.006757 0.009486 0.010835
v 0.006740 0.009476 0.010785
v -0.006665 -0.009427 0.010658
v -0.006738 -0.009475 0.010778
v -0.006662 0.009425 0.010658
v -0.006424 0.009239 0.010347
v -0.006563 -0.009360 0.010489
v -0.005864 -0.008415 0.011000
v -0.006379 -0.009196 0.010303
v -0.006426 -0.009237 0.010350
v -0.005777 0.007421 0.010000
v -0.006181 -0.006509 0.010000
v -0.006089 0.008864 0.010069
v -0.006079 0.008845 0.010065
v -0.006333 0.009161 0.010250
v -0.005896 0.008500 0.010000
v -0.005864 0.008415 0.010000
v -0.006379 0.009200 0.010299
v -0.006049 -0.008802 0.010047
v -0.006080 -0.008843 0.010068
v -0.005896 -0.008500 0.010000
v -0.006290 -0.009116 0.010212
v -0.005777 -0.007421 0.010000
v -0.005864 -0.008415 0.010000
v 0.005864 -0.008415 0.011000
v 0.005864 -0.008415 0.010000
v 0.005777 -0.007421 0.011000
v 0.005777 -0.007421 0.010000
v 0.006181 -0.006509 0.011000
v 0.006976 -0.005906 0.011000
v 0.006420 -0.009244 0.011000
v 0.006089 -0.008864 0.010069
v 0.006079 -0.008845 0.010065
v 0.006333 -0.009161 0.010250
v 0.005896 -0.008500 0.010000
v 0.006424 -0.009239 0.010347
v 0.006379 -0.009200 0.010299
v 0.006181 -0.006509 0.010000
v 0.006757 -0.009486 0.010835
v 0.006662 -0.009425 0.010658
v 0.006782 0.009500 0.010300
v 0.006400 -0.006274 0.008526
v 0.006787 -0.005997 0.008350
v 0.006982 -0.005921 0.008298
v 0.007963 -0.005761 0.011000
v 0.006400 -0.006274 0.010000
v 0.007766 -0.005750 0.008181
v 0.007962 -0.005774 0.008198
v 0.008214 -0.005805 0.008220
v 0.008701 -0.005991 0.008346
v 0.008898 -0.006112 0.011000
v 0.007264 -0.005810 0.008223
v 0.009546 -0.006870 0.011000
v 0.009452 -0.008800 0.011000
v 0.009748 -0.007847 0.011000
v 0.009138 -0.006310 0.008547
v 0.009331 -0.006556 0.008689
v 0.009479 -0.006744 0.008797
v 0.008887 -0.006126 0.008431
v 0.009271 -0.009048 0.010128
v 0.009240 -0.009082 0.010192
v 0.009168 -0.009160 0.010339
v 0.009463 -0.008772 0.009851
v 0.009446 -0.008797 0.009876
v 0.009749 -0.007802 0.009291
v 0.009688 -0.007256 0.009055
v 0.009533 -0.006876 0.008863
v 0.009743 -0.007847 0.009312
v 0.009695 -0.008217 0.009481
v 0.009658 -0.008312 0.009541
v 0.009603 -0.008453 0.009631
v 0.009497 -0.008723 0.009802
v 0.022558 0.009369 0.010695
v 0.030720 0.009322 0.010770
v 0.022559 -0.009365 0.010701
v 0.030720 -0.009322 0.010770
v 0.022501 -0.009423 0.010541
v 0.006665 0.009427 0.010658
v 0.030720 0.009413 0.010538
v 0.030720 -0.009413 0.010536
v 0.033000 0.008835 0.010341
v 0.031526 0.009379 0.010341
v 0.031526 -0.009379 0.010341
v 0.034367 0.008061 0.010341
v 0.033000 -0.008835 0.010341
v 0.034834 0.007618 0.010341
v 0.034367 -0.008061 0.010341
v 0.035136 0.007049 0.010341
v 0.034834 -0.007618 0.010341
v 0.035101 0.006414 0.010694
v 0.035136 -0.007049 0.010341
v 0.035101 -0.006414 0.010694
v 0.022503 0.009423 0.010543
v 0.035240 0.006414 0.010341
v 0.035240 -0.006414 0.010341
v -0.006588 0.009378 0.010521
v 0.006588 -0.009378 0.010521
v 0.006569 0.009364 0.010496
v 0.022438 0.009487 0.010364
v 0.030720 0.009490 0.010341
v 0.022439 -0.009486 0.010366
v 0.030720 -0.009490 0.010341
v 0.009136 0.009192 0.010300
v 0.009137 0.009191 0.010496
v -0.009146 -0.009182 0.010421
v 0.009183 0.009145 0.010300
v 0.006388 0.009214 0.010300
v 0.009918 0.008642 0.010080
v 0.009236 0.009088 0.010192
v -0.009918 -0.008642 0.010080
v -0.009918 0.008642 0.010080
v 0.009918 -0.008642 0.010080
v 0.022351 -0.009500 0.010200
v 0.030720 -0.009500 0.010200
v 0.022351 0.009500 0.010200
v 0.030720 0.009500 0.010200
v -0.010569 -0.007911 0.009868
v 0.010569 0.007911 0.009867
v 0.031529 0.009389 0.010200
v 0.033004 0.008844 0.010200
v 0.031529 -0.009389 0.010200
v 0.034373 0.008069 0.010200
v 0.033004 -0.008844 0.010200
v 0.034842 0.007624 0.010200
v 0.034373 -0.008069 0.010200
v 0.035145 0.007053 0.010200
v 0.034994 0.007338 0.010200
v 0.034842 -0.007624 0.010200
v 0.034994 -0.007338 0.010200
v 0.035250 0.006414 0.010200
v 0.035145 -0.007053 0.010200
v 0.035250 -0.006414 0.010200
v 0.005870 0.007067 0.010300
v 0.005870 0.007067 0.010000
v 0.005767 0.008011 0.010300
v 0.005767 0.008011 0.010000
v 0.006111 0.008896 0.010300
v 0.006396 0.006278 0.010300
v 0.006396 0.006278 0.010000
v 0.006082 0.008844 0.010070
v 0.006111 0.008897 0.010082
v 0.005912 0.008539 0.010001
v 0.005896 0.008500 0.010000
v 0.006380 0.009206 0.010294
v 0.007228 0.005819 0.010300
v 0.006400 0.006274 0.010000
v 0.009443 0.008814 0.010300
v 0.009743 0.007914 0.010300
v 0.009594 0.006976 0.010300
v 0.007231 0.005830 0.008237
v 0.006842 0.005968 0.008330
v 0.008177 0.005796 0.010300
v 0.007758 0.005750 0.008181
v 0.007331 0.005794 0.008212
v 0.008259 0.005816 0.008227
v 0.008176 0.005805 0.008220
v 0.009030 0.006213 0.010300
v 0.009024 0.006221 0.008492
v 0.008734 0.006009 0.008357
v 0.009446 0.006690 0.008767
v 0.009335 0.006556 0.008689
v 0.009115 0.006288 0.008534
v 0.009252 0.009071 0.010162
v 0.009438 0.008810 0.009888
v 0.009577 0.006984 0.008918
v 0.009672 0.007196 0.009027
v 0.009749 0.007802 0.009291
v 0.009750 0.007743 0.009268
v 0.009607 0.008455 0.009628
v 0.009664 0.008319 0.009539
v 0.009486 0.008742 0.009817
v 0.009675 0.008293 0.009522
v 0.009733 0.007912 0.009343
v 0.009463 0.008775 0.009851
v 0.021550 0.008868 0.009707
v 0.022328 0.009500 0.010153
v 0.022322 -0.009500 0.010149
v 0.030720 -0.009500 0.005100
v 0.030720 0.009500 0.005100
v 0.031529 0.009389 0.005558
v 0.031396 0.009423 0.005485
v 0.031324 0.009431 0.005444
v 0.031322 -0.009425 0.005442
v 0.030929 -0.009493 0.005221
v 0.032112 0.009204 0.005805
v 0.032943 0.008872 0.006028
v 0.032159 0.009189 0.005825
v 0.032114 -0.009202 0.005803
v 0.032187 -0.009179 0.005834
v 0.031529 -0.009389 0.005558
v 0.032907 -0.008889 0.006022
v 0.032995 -0.008844 0.006031
v 0.034373 0.008069 0.006100
v 0.033676 0.008500 0.006100
v 0.033003 0.008842 0.006034
v 0.032996 0.008845 0.006034
v 0.033676 -0.008500 0.006100
v 0.033002 -0.008840 0.006031
v 0.034373 -0.008069 0.006100
v 0.035017 0.007351 0.006100
v 0.035017 -0.007351 0.006100
v 0.035250 0.006414 0.006100
v 0.035250 -0.006414 0.006100
v -0.009247 -0.009076 0.010170
v -0.010569 0.007911 0.009868
v 0.010569 -0.007911 0.009867
v 0.021550 -0.008868 0.009707
v -0.010973 -0.007065 0.009573
v 0.010973 0.007065 0.009573
v 0.021860 0.009500 0.009207
v 0.022283 -0.009500 0.010081
v 0.021839 -0.009500 0.009151
v 0.009763 0.008566 0.009790
v 0.010371 0.007906 0.009578
v 0.010371 -0.007906 0.009578
v 0.009763 -0.008566 0.009790
v -0.009763 -0.008566 0.009790
v -0.010370 -0.007907 0.009578
v -0.009763 0.008566 0.009790
v -0.010370 0.007907 0.009578
v -0.007300 0.000000 0.002750
v -0.007300 0.001278 0.002435
v -0.007300 0.003722 0.006285
v -0.007300 0.004847 0.007466
v -0.007300 -0.005801 0.008217
v -0.007300 -0.001278 0.002435
v -0.007300 -0.004847 0.007466
v -0.007300 -0.003722 0.006285
v 0.006400 0.006274 0.008526
v 0.006400 0.005389 0.007915
v 0.006400 0.005102 0.007565
v 0.006400 0.000000 0.002750
v 0.006400 0.001278 0.002435
v 0.006400 -0.005389 0.007915
v 0.006400 -0.005102 0.007565
v 0.006400 -0.001278 0.002435
v -0.010973 0.007065 0.009573
v 0.010973 -0.007065 0.009573
v 0.011190 -0.006070 0.009404
v 0.011105 -0.006179 0.009216
v -0.011110 -0.006182 0.009212
v 0.011190 0.006070 0.009404
v 0.011105 0.006179 0.009216
v -0.011110 0.006182 0.009212
v 0.021550 0.009188 0.009018
v 0.021550 -0.009188 0.009018
v -0.010105 0.007830 0.009362
v -0.010441 0.007159 0.009077
v -0.010752 0.007145 0.009283
v -0.010105 -0.007830 0.009362
v -0.010752 -0.007145 0.009283
v -0.010441 -0.007159 0.009077
v 0.010105 0.007830 0.009362
v 0.010752 0.007145 0.009283
v 0.010441 0.007159 0.009076
v 0.010105 -0.007830 0.009362
v 0.010752 -0.007145 0.009283
v 0.010441 -0.007159 0.009076
v -0.011086 -0.006232 0.009124
v -0.011086 0.006232 0.009124
v 0.011022 0.006285 0.009033
v 0.011022 -0.006285 0.009033
v -0.011200 0.004877 0.008783
v 0.011190 0.004864 0.008595
v 0.011190 -0.004864 0.008595
v -0.009807 -0.007695 0.009244
v -0.010090 -0.007167 0.009012
v -0.009807 0.007695 0.009244
v 0.009807 0.007694 0.009244
v 0.010090 0.007167 0.009012
v 0.009807 -0.007694 0.009244
v -0.010887 0.006345 0.008929
v -0.010770 0.006411 0.008815
v -0.010887 -0.006345 0.008929
v -0.010770 -0.006411 0.008815
v 0.010664 0.006443 0.008759
v 0.010889 0.006343 0.008931
v 0.010664 -0.006443 0.008759
v 0.010889 -0.006343 0.008931
v -0.010090 0.007167 0.009012
v 0.010090 -0.007167 0.009012
v 0.011022 0.005126 0.008256
v 0.011022 -0.005126 0.008256
v -0.011086 0.005157 0.008412
v -0.011086 -0.005157 0.008412
v 0.021694 0.009500 0.008641
v 0.021687 -0.009500 0.008638
v 0.011200 -0.004778 0.008707
v -0.010099 0.007111 0.008983
v -0.010200 0.006500 0.008660
v -0.010341 0.006495 0.008669
v -0.010558 0.006452 0.008743
v -0.010099 -0.007111 0.008983
v -0.010341 -0.006495 0.008669
v -0.010558 -0.006452 0.008743
v 0.010563 0.006455 0.008738
v 0.010191 0.006556 0.008690
v 0.010099 0.007110 0.008983
v 0.010563 -0.006455 0.008738
v 0.010099 -0.007110 0.008983
v 0.021550 0.009382 0.008602
v 0.021550 -0.009382 0.008602
v -0.010200 -0.006500 0.008660
v 0.010191 -0.006556 0.008690
v 0.010664 0.005319 0.008006
v 0.010664 -0.005319 0.008006
v -0.010770 0.005372 0.008127
v -0.010770 -0.005372 0.008127
v -0.010200 0.006372 0.008576
v -0.011200 0.003853 0.007908
v -0.011086 -0.004176 0.007574
v -0.010200 -0.006372 0.008576
v -0.010341 0.005473 0.007992
v -0.010341 -0.005473 0.007992
v 0.010200 0.005389 0.007915
v 0.010200 0.006500 0.008660
v 0.010200 -0.006500 0.008660
v 0.010200 -0.005389 0.007915
v 0.011200 -0.004395 0.008239
v 0.011190 -0.004475 0.008187
v -0.010200 -0.005479 0.007984
v 0.021612 0.009500 0.008362
v 0.021627 -0.009500 0.008437
v 0.021550 0.009500 0.007700
v 0.021550 -0.009500 0.007700
v 0.011190 0.004475 0.008187
v 0.011022 0.004827 0.007942
v -0.010200 0.005479 0.007984
v -0.010200 0.004858 0.007453
v -0.010200 -0.004858 0.007453
v -0.011086 0.004176 0.007574
v -0.010770 -0.004425 0.007317
v 0.010664 0.005086 0.007761
v 0.011022 -0.004827 0.007942
v 0.011200 -0.004205 0.008006
v 0.011190 0.004227 0.007681
v 0.011022 0.004636 0.007553
v 0.011200 -0.004137 0.007713
v 0.011190 -0.004227 0.007681
v -0.010770 0.004425 0.007317
v -0.010341 -0.004542 0.007196
v 0.010200 0.005180 0.007696
v 0.010664 -0.005086 0.007761
v 0.011200 0.004137 0.007713
v 0.011200 0.004000 0.007124
v -0.010341 0.004542 0.007196
v 0.010664 0.004937 0.007458
v 0.011022 -0.004636 0.007553
v 0.010200 -0.005180 0.007696
v -0.011200 0.002944 0.006914
v -0.011086 -0.003306 0.006622
v 0.010200 0.005113 0.007560
v 0.010664 -0.004937 0.007458
v 0.010200 -0.005113 0.007560
v 0.011200 -0.004000 0.007124
v 0.011190 -0.004141 0.007124
v 0.021550 0.009500 -0.007700
v 0.032403 0.009500 -0.006100
v 0.032403 -0.009500 -0.006100
v 0.021550 -0.009500 -0.007700
v 0.011190 0.004141 0.007124
v 0.011051 0.004494 0.007124
v 0.011051 -0.004494 0.007124
v -0.011086 0.003306 0.006622
v -0.010770 -0.003584 0.006397
v 0.010200 0.005046 0.007424
v 0.006400 0.005000 0.007124
v 0.006400 -0.005000 0.007124
v 0.010200 -0.005046 0.007424
v 0.010694 0.004859 0.007124
v 0.011022 0.004570 0.007124
v 0.011022 -0.004570 0.007124
v 0.010694 -0.004859 0.007124
v -0.010200 0.004549 0.007189
v -0.010200 -0.004549 0.007189
v 0.010664 0.004886 0.007124
v 0.010200 0.005000 0.007124
v 0.010664 -0.004886 0.007124
v 0.010200 -0.005000 0.007124
v -0.010770 0.003584 0.006397
v -0.010341 -0.003714 0.006292
v -0.010341 0.003714 0.006292
v -0.010200 -0.003722 0.006285
v -0.010200 0.003722 0.006285
v 0.006400 0.005000 0.004500
v 0.010200 -0.005000 0.004500
v 0.006400 -0.005000 0.004500
v 0.010664 0.004886 0.004500
v 0.010200 0.005000 0.004500
v 0.010694 0.004859 0.004500
v 0.010664 -0.004886 0.004500
v 0.011022 0.004570 0.004500
v 0.010694 -0.004859 0.004500
v 0.011051 0.004494 0.004500
v 0.011022 -0.004570 0.004500
v 0.011190 0.004141 0.004500
v 0.011051 -0.004494 0.004500
v 0.011200 0.004000 0.004500
v 0.011190 -0.004141 0.004500
v 0.011200 -0.004000 0.004500
v -0.011200 0.002614 0.006324
v -0.011086 -0.003052 0.006169
v -0.011086 0.003052 0.006169
v -0.010770 -0.003389 0.006050
v -0.010770 0.003389 0.006050
v -0.010341 -0.003548 0.005993
v -0.011200 0.002500 0.005657
v -0.011200 -0.002500 0.005657
v -0.011086 -0.002964 0.005657
v -0.010341 0.003548 0.005993
v -0.010200 -0.003557 0.005990
v -0.010200 0.003557 0.005990
v -0.007300 -0.003557 0.005990
v -0.007300 0.003557 0.005990
v -0.011059 0.002994 0.005657
v -0.011086 0.002964 0.005657
v -0.011059 -0.002994 0.005657
v 0.041950 0.008500 0.006100
v 0.041950 -0.008842 0.006020
v 0.041950 -0.008526 0.006100
v 0.041950 -0.008500 0.006100
v 0.040975 0.002571 0.006100
v 0.039892 0.001824 0.006100
v 0.039200 0.000000 0.006100
v 0.039280 0.000658 0.006100
v 0.039280 -0.000658 0.006100
v 0.039892 -0.001824 0.006100
v 0.039280 0.000658 -0.007100
v 0.039280 -0.000658 -0.007100
v 0.039892 -0.001824 -0.007100
v 0.039892 0.001824 -0.007100
v 0.040975 -0.002571 0.006100
v 0.040975 -0.002571 -0.007100
v 0.042281 0.002730 0.006100
v 0.040975 0.002571 -0.007100
v 0.042281 -0.002730 0.006100
v 0.042281 -0.002730 -0.007100
v 0.041950 0.008526 0.006100
v 0.043508 0.008321 0.006100
v 0.043507 -0.008315 0.006100
v 0.043517 -0.008381 0.006100
v 0.043512 0.002263 0.006100
v 0.043876 0.008279 0.006100
v 0.042281 0.002730 -0.007100
v 0.043943 -0.008263 0.006100
v 0.043512 -0.002263 0.006100
v 0.043512 -0.002263 -0.007100
v 0.043517 0.008381 0.006100
v 0.047321 0.006588 0.006100
v 0.046395 0.007180 0.006100
v 0.045670 0.007643 0.006100
v 0.045004 0.007879 0.006100
v 0.044385 0.001278 0.006100
v 0.048160 0.005803 0.006100
v 0.047664 0.006268 0.006100
v 0.043512 0.002263 -0.007100
v 0.045687 -0.007634 0.006100
v 0.046393 -0.007177 0.006100
v 0.047393 -0.006529 0.006100
v 0.047651 -0.006257 0.006100
v 0.048758 -0.005089 0.006100
v 0.044385 -0.001278 0.006100
v 0.045004 -0.007881 0.006100
v 0.044385 -0.001278 -0.007100
v 0.044257 0.008208 0.006100
v 0.044257 -0.008208 0.006100
v 0.049361 0.004163 0.006100
v 0.048685 0.005087 0.006100
v 0.044700 0.000000 0.006100
v 0.050117 0.002323 0.006100
v 0.049521 0.003773 0.006100
v 0.044385 0.001278 -0.007100
v 0.049740 -0.003400 0.006100
v 0.049526 -0.003769 0.006100
v 0.044700 0.000000 -0.007100
v 0.050300 -0.001590 0.006100
v 0.050361 -0.000780 0.006100
v 0.050444 0.000319 0.006100
v 0.050373 0.000778 0.006100
v 0.050077 -0.002311 0.006100
v 0.050147 0.002250 0.006100
v 0.045730 0.007642 0.006100
v 0.045030 0.007950 0.006100
v 0.045030 -0.007950 0.006100
v 0.046438 0.007249 0.006100
v 0.045730 -0.007642 0.006100
v 0.047074 -0.006815 0.006100
v 0.046438 -0.007249 0.006100
v 0.047074 0.006815 0.006100
v 0.047694 0.006301 0.006100
v 0.047694 -0.006301 0.006100
v 0.048754 -0.005138 0.006100
v 0.048754 0.005138 0.006100
v 0.048241 0.005754 0.006100
v 0.049194 0.004497 0.006100
v 0.049582 -0.003800 0.006100
v 0.049582 0.003800 0.006100
v 0.049898 -0.003086 0.006100
v 0.050151 -0.002333 0.006100
v 0.050151 0.002333 0.006100
v 0.050440 0.000787 0.006100
v 0.050330 -0.001570 0.006100
v 0.050476 0.000000 0.006100
v 0.050440 -0.000787 0.006100
v 0.041950 0.008842 0.006020
v 0.043595 0.008799 0.005992
v 0.043595 -0.008799 0.005992
v 0.045183 0.008346 0.005992
v 0.045183 -0.008346 0.005992
v 0.046662 0.007610 0.005992
v 0.046662 -0.007610 0.005992
v 0.047980 0.006615 0.005992
v 0.047980 -0.006615 0.005992
v 0.049093 0.005394 0.005992
v 0.049093 -0.005394 0.005992
v 0.049963 0.003990 0.005992
v 0.050559 0.002450 0.005992
v 0.049963 -0.003990 0.005992
v 0.050863 0.000826 0.005992
v 0.050559 -0.002450 0.005992
v 0.050863 -0.000826 0.005992
v -0.010694 0.003351 0.005657
v -0.010770 0.003322 0.005657
v -0.010694 -0.003351 0.005657
v -0.010770 -0.003322 0.005657
v 0.041950 -0.008951 0.005992
v 0.041950 0.009190 0.005787
v 0.041950 0.008951 0.005992
v 0.041950 -0.009190 0.005787
v -0.010341 0.003490 0.005657
v -0.010341 -0.003490 0.005657
v -0.010200 -0.003500 0.005657
v 0.043661 0.009155 0.005682
v 0.045314 0.008684 0.005682
v 0.043661 -0.009155 0.005682
v 0.046853 0.007918 0.005682
v 0.045314 -0.008684 0.005682
v 0.048224 0.006882 0.005682
v 0.046853 -0.007918 0.005682
v 0.049382 0.005612 0.005682
v 0.048224 -0.006882 0.005682
v 0.050287 0.004151 0.005682
v 0.049382 -0.005612 0.005682
v 0.050908 0.002549 0.005682
v 0.050287 -0.004151 0.005682
v 0.051223 0.000859 0.005682
v 0.050908 -0.002549 0.005682
v 0.051223 -0.000859 0.005682
v -0.010200 0.003500 0.005657
v -0.007300 -0.003500 0.005657
v -0.007300 0.003500 0.005657
v -0.007300 -0.002263 0.001562
v 0.041950 -0.009313 0.005682
v 0.041950 0.009313 0.005682
v 0.041950 0.009414 0.005436
v 0.041950 -0.009414 0.005436
v 0.043693 0.009326 0.005255
v 0.045377 0.008847 0.005255
v 0.043693 -0.009326 0.005255
v 0.046945 0.008067 0.005255
v 0.045377 -0.008847 0.005255
v 0.048342 0.007012 0.005255
v 0.046945 -0.008067 0.005255
v 0.049522 0.005718 0.005255
v 0.048342 -0.007012 0.005255
v 0.050443 0.004229 0.005255
v 0.049522 -0.005718 0.005255
v 0.051076 0.002596 0.005255
v 0.050443 -0.004229 0.005255
v 0.051398 0.000875 0.005255
v 0.051076 -0.002596 0.005255
v 0.051398 -0.000875 0.005255
v -0.011200 0.002500 0.000000
v -0.011200 -0.002500 0.000000
v -0.011190 0.002641 0.000000
v -0.011190 -0.002641 0.000000
v -0.011051 0.002994 0.000000
v -0.011051 -0.002994 0.000000
v -0.011022 0.003070 0.000000
v -0.011022 -0.003070 0.000000
v -0.010694 0.003359 0.000000
v -0.010694 -0.003359 0.000000
v -0.010664 0.003386 0.000000
v -0.010664 -0.003386 0.000000
v -0.010200 0.003500 0.000000
v -0.010200 -0.003500 0.000000
v -0.007300 -0.003500 0.000000
v -0.007300 0.003500 0.000000
v -0.007300 0.002263 0.001562
v -0.007300 -0.002730 0.000331
v 0.041950 -0.009488 0.005255
v 0.041950 0.009488 0.005255
v 0.041950 0.009500 0.005100
v 0.043696 0.009338 0.005100
v 0.041950 -0.009500 0.005100
v 0.044398 0.009138 0.005100
v 0.043696 -0.009338 0.005100
v 0.044398 -0.009138 0.005100
v 0.045382 0.008858 0.005100
v 0.046690 0.008207 0.005100
v 0.045382 -0.008858 0.005100
v 0.048350 0.007021 0.005100
v 0.046951 0.008077 0.005100
v 0.046690 -0.008207 0.005100
v 0.046951 -0.008077 0.005100
v 0.049531 0.005725 0.005100
v 0.048645 0.006697 0.005100
v 0.048350 -0.007021 0.005100
v 0.048645 -0.006697 0.005100
v 0.050147 0.004731 0.005100
v 0.049531 -0.005725 0.005100
v 0.050147 -0.004731 0.005100
v 0.051087 0.002600 0.005100
v 0.050454 0.004234 0.005100
v 0.050454 -0.004234 0.005100
v 0.051409 0.000877 0.005100
v 0.051114 0.002456 0.005100
v 0.051087 -0.002600 0.005100
v 0.051114 -0.002456 0.005100
v 0.051409 0.000000 0.005100
v 0.051409 -0.000877 0.005100
v 0.041950 0.009500 -0.006100
v 0.043696 0.009338 -0.006100
v 0.041950 -0.009500 -0.006100
v 0.044398 0.009138 -0.006100
v 0.043696 -0.009338 -0.006100
v 0.045382 0.008858 -0.006100
v 0.044398 -0.009138 -0.006100
v 0.046690 0.008207 -0.006100
v 0.045382 -0.008858 -0.006100
v 0.046951 0.008077 -0.006100
v 0.046690 -0.008207 -0.006100
v 0.048350 0.007021 -0.006100
v 0.046951 -0.008077 -0.006100
v 0.048645 0.006697 -0.006100
v 0.048350 -0.007021 -0.006100
v 0.049531 0.005725 -0.006100
v 0.048645 -0.006697 -0.006100
v 0.050147 0.004731 -0.006100
v 0.049531 -0.005725 -0.006100
v 0.050454 0.004234 -0.006100
v 0.050147 -0.004731 -0.006100
v 0.051087 0.002600 -0.006100
v 0.050454 -0.004234 -0.006100
v 0.051114 0.002456 -0.006100
v 0.051087 -0.002600 -0.006100
v 0.051409 0.000877 -0.006100
v 0.051114 -0.002456 -0.006100
v 0.051409 0.000000 -0.006100
v 0.051409 -0.000877 -0.006100
v 0.006400 0.005051 0.004184
v 0.006400 -0.005051 0.004184
v 0.010200 -0.005051 0.004184
v 0.010200 0.005051 0.004184
v 0.010664 -0.004943 0.004148
v 0.010664 0.004943 0.004148
v 0.011022 0.004643 0.004048
v 0.011022 -0.004643 0.004048
v 0.011190 0.004236 0.003912
v 0.011190 -0.004236 0.003912
v 0.011200 0.004103 0.003868
v 0.011200 -0.004103 0.003868
v 0.006400 0.002263 0.001562
v 0.006400 0.005200 0.003900
v 0.006400 -0.005200 0.003900
v 0.010200 -0.005200 0.003900
v 0.010656 0.005092 0.003819
v 0.010354 0.005190 0.003893
v 0.010200 0.005200 0.003900
v 0.010348 -0.005171 0.003878
v 0.011004 0.004844 0.003633
v 0.010781 0.005051 0.003788
v 0.010766 -0.005037 0.003778
v 0.010664 -0.005109 0.003831
v 0.011092 0.004761 0.003571
v 0.011022 -0.004856 0.003642
v 0.011071 -0.004755 0.003566
v 0.011200 0.004421 0.003316
v 0.011172 0.004509 0.003382
v 0.011198 -0.004421 0.003316
v 0.011190 -0.004513 0.003385
v 0.010200 0.005540 0.003323
v 0.006400 0.005575 0.003343
v 0.006400 -0.005575 0.003343
v 0.006400 -0.002263 0.001562
v 0.010200 -0.005540 0.003323
v 0.010354 0.005919 0.002658
v 0.010354 -0.005919 0.002658
v 0.011200 0.004400 0.003300
v 0.011200 0.005270 0.001573
v 0.011200 0.004970 0.002232
v 0.011200 0.004647 0.002943
v 0.011200 -0.004400 0.003300
v 0.011200 0.005500 0.000000
v 0.011200 0.005341 0.001089
v 0.010781 -0.005759 0.002586
v 0.010781 0.005759 0.002586
v 0.011092 -0.005429 0.002438
v 0.011092 0.005429 0.002438
v 0.011200 0.004751 0.002823
v 0.011200 -0.005042 0.002264
v 0.007781 0.005750 0.003031
v 0.007408 0.005779 0.002975
v 0.007063 0.005871 0.002788
v 0.007027 0.005888 0.002751
v 0.006765 0.006010 0.002477
v 0.006491 0.006196 0.001964
v 0.006400 0.006274 0.001698
v 0.006400 0.002730 0.000331
v 0.006649 -0.006081 0.002297
v 0.006945 -0.005919 0.002686
v 0.006400 -0.006274 0.001698
v 0.007028 -0.005891 0.002745
v 0.007278 -0.005807 0.002921
v 0.007664 -0.005752 0.003028
v 0.006400 -0.002730 0.000331
v 0.010200 0.005930 0.002663
v 0.008768 0.006033 0.002413
v 0.008529 0.005908 0.002711
v 0.008162 0.005793 0.002948
v 0.007913 0.005765 0.003002
v 0.009062 0.006241 0.001817
v 0.008825 0.006063 0.002342
v 0.010200 -0.005930 0.002663
v 0.007914 -0.005765 0.003003
v 0.008039 -0.005771 0.002991
v 0.008384 -0.005853 0.002827
v 0.008716 -0.005999 0.002503
v 0.008768 -0.006033 0.002411
v 0.011200 0.005273 -0.001562
v 0.011200 0.005309 -0.001315
v 0.011200 -0.004981 0.002233
v 0.011200 0.005484 -0.000112
v 0.007483 -0.005768 0.000107
v 0.008209 -0.005803 0.000135
v 0.007913 -0.005765 -0.003002
v 0.008203 0.005802 0.000134
v 0.007914 0.005764 -0.003003
v 0.007483 0.005768 -0.000107
v 0.011200 0.005042 0.002264
v 0.007028 0.005891 -0.002744
v 0.007012 0.005896 -0.002734
v 0.006825 0.005977 -0.002516
v -0.008300 -0.001278 0.002435
v -0.008300 0.000000 0.000000
v -0.008300 0.000000 0.002750
v -0.008300 0.001278 0.002435
v 0.007400 0.000000 0.002750
v 0.007400 0.001278 0.002435
v 0.007400 -0.001278 0.002435
v 0.007400 0.000000 0.000000
v 0.007018 -0.005889 0.000006
v 0.007027 -0.005888 -0.002750
v 0.007065 -0.005871 -0.002789
v 0.010200 0.006340 0.001386
v 0.009163 0.006339 0.001387
v 0.010354 -0.006358 0.001293
v 0.010200 -0.006340 0.001386
v 0.008985 -0.006177 0.002025
v 0.010354 0.006358 0.001293
v 0.010781 -0.006187 0.001258
v 0.010781 0.006187 0.001258
v 0.011092 -0.005832 0.001186
v 0.011092 0.005832 0.001186
v 0.011200 0.005257 0.001706
v 0.011200 -0.005416 0.001101
v 0.011200 -0.005257 0.001706
v -0.008300 0.002263 0.001562
v -0.008300 -0.002263 0.001562
v 0.007400 0.002263 0.001562
v 0.007400 -0.002263 0.001562
v 0.008977 0.006171 -0.000513
v 0.008768 0.006033 -0.002412
v 0.008530 -0.005908 -0.002710
v 0.008768 -0.006033 -0.002413
v 0.008983 -0.006176 -0.000512
v 0.011200 -0.005160 0.001904
v 0.009176 -0.006348 0.001389
v 0.006649 0.006081 -0.002297
v 0.011200 -0.005340 0.001085
v 0.011200 0.005416 0.001101
v 0.006400 0.006274 -0.001698
v 0.006400 -0.006274 -0.001698
v -0.008300 0.002730 0.000331
v -0.007300 0.002730 0.000331
v -0.008300 -0.002730 0.000331
v 0.007400 0.002730 0.000331
v 0.007400 -0.002730 0.000331
v 0.009184 -0.006356 0.001361
v 0.009234 0.006409 0.001085
v 0.010200 0.006370 0.001295
v 0.010200 -0.006370 0.001295
v 0.009284 -0.006466 0.000661
v 0.010200 0.006499 -0.000135
v 0.009307 0.006495 0.000254
v 0.010354 -0.006487 -0.000135
v 0.010200 -0.006499 -0.000135
v 0.010354 0.006487 -0.000135
v 0.010781 -0.006312 -0.000131
v 0.010781 0.006312 -0.000131
v 0.011092 -0.005950 -0.000124
v 0.011092 0.005950 -0.000124
v 0.011200 -0.005525 -0.000115
v 0.011200 -0.005503 0.000506
v 0.011200 0.005525 -0.000115
v 0.011200 -0.005483 0.000434
v 0.009308 -0.006495 -0.000249
v 0.011200 -0.005500 0.000000
v -0.008300 0.002571 -0.000975
v -0.007300 0.002571 -0.000975
v -0.008300 -0.002571 -0.000975
v -0.007300 0.003234 -0.001339
v -0.007300 -0.002571 -0.000975
v 0.006400 0.002571 -0.000975
v 0.007400 0.002571 -0.000975
v 0.006400 -0.002571 -0.000975
v 0.007400 -0.002571 -0.000975
v 0.009285 0.006467 -0.000656
v 0.008493 -0.005897 -0.002734
v 0.008719 0.006000 -0.002499
v 0.008480 0.005895 -0.002733
v 0.008387 0.005854 -0.002825
v 0.007409 -0.005779 -0.002975
v 0.006492 -0.006195 -0.001967
v 0.006766 -0.006009 -0.002479
v 0.007011 -0.005896 -0.002733
v -0.011200 0.000356 -0.002475
v -0.011200 0.000000 -0.002500
v -0.011200 -0.000356 -0.002475
v -0.011200 0.002399 -0.000704
v -0.011200 0.002103 -0.001352
v -0.011200 0.001637 -0.001889
v -0.011200 0.001038 -0.002274
v -0.011200 -0.001038 -0.002274
v -0.011200 -0.001637 -0.001889
v -0.011200 -0.002103 -0.001352
v -0.011200 -0.002399 -0.000704
v -0.011190 -0.002534 -0.000744
v -0.011190 0.002534 -0.000744
v -0.011022 0.002945 -0.000865
v -0.011022 -0.002945 -0.000865
v -0.010664 0.003249 -0.000954
v -0.010664 -0.003249 -0.000954
v -0.010200 -0.003358 -0.000986
v -0.010200 0.003358 -0.000986
v -0.008300 0.000000 -0.002750
v -0.008300 0.000658 -0.002670
v -0.008300 -0.000658 -0.002670
v -0.008300 -0.001824 -0.002058
v -0.008300 0.001824 -0.002058
v -0.007300 -0.003234 -0.001339
v 0.007400 0.000000 -0.002750
v 0.007400 -0.000658 -0.002670
v 0.007400 0.000658 -0.002670
v 0.007400 0.001824 -0.002058
v 0.007400 -0.001824 -0.002058
v 0.011200 -0.005483 -0.000112
v 0.007665 0.005752 -0.003028
v 0.007277 0.005807 -0.002921
v 0.011200 -0.005304 -0.001314
v 0.011200 -0.005365 -0.001326
v 0.011200 0.005365 -0.001326
v 0.011092 0.005778 -0.001427
v 0.010781 0.006129 -0.001514
v 0.011092 -0.005778 -0.001427
v 0.010354 0.006299 -0.001556
v 0.010781 -0.006129 -0.001514
v 0.010200 0.006423 -0.000704
v 0.010200 -0.006423 -0.000704
v 0.010354 -0.006299 -0.001556
v 0.009267 -0.006448 -0.000708
v 0.008826 -0.006064 -0.002341
v 0.009063 -0.006241 -0.001815
v 0.009235 -0.006409 -0.001081
v 0.009277 0.006458 -0.000709
v 0.009185 0.006357 -0.001356
v 0.008987 0.006178 -0.002020
v -0.011190 -0.002222 -0.001428
v 0.010200 0.006310 -0.001559
v 0.010200 -0.006310 -0.001559
v -0.011190 0.002222 -0.001428
v -0.011022 -0.002582 -0.001660
v -0.011022 0.002582 -0.001660
v -0.010664 -0.002848 -0.001830
v -0.010200 0.003203 -0.001325
v -0.010664 0.002848 -0.001830
v -0.010200 -0.003203 -0.001325
v -0.010200 -0.002944 -0.001892
v -0.007300 0.001824 -0.002058
v -0.007300 0.002475 -0.002475
v -0.007300 -0.001824 -0.002058
v 0.006400 0.005897 -0.002734
v 0.006400 0.001824 -0.002058
v 0.006400 -0.001824 -0.002058
v 0.006400 -0.004716 -0.004473
v 0.006400 -0.005897 -0.002734
v 0.010200 -0.005880 -0.002728
v 0.011200 0.004873 -0.002438
v 0.011200 -0.005260 -0.001609
v -0.010200 0.002944 -0.001892
v 0.011200 0.004943 -0.002472
v 0.011092 0.005323 -0.002662
v 0.011200 -0.004943 -0.002472
v -0.007300 -0.002475 -0.002475
v -0.011190 -0.001729 -0.001996
v 0.010781 0.005647 -0.002823
v 0.011092 -0.005323 -0.002662
v -0.011190 0.001729 -0.001996
v -0.011022 -0.002010 -0.002320
v 0.010354 0.005803 -0.002901
v 0.010781 -0.005647 -0.002823
v 0.010200 0.005880 -0.002728
v 0.010354 -0.005803 -0.002901
v 0.011200 -0.004876 -0.002440
v -0.011022 0.002010 -0.002320
v -0.010664 -0.002217 -0.002559
v -0.010664 0.002217 -0.002559
v -0.010200 0.002455 -0.002457
v -0.010200 -0.002455 -0.002457
v -0.011190 -0.001097 -0.002402
v -0.011190 0.001097 -0.002402
v -0.011022 -0.001275 -0.002792
v -0.007300 0.000658 -0.002670
v -0.007300 0.001339 -0.003234
v -0.007300 -0.000658 -0.002670
v 0.006400 0.003043 -0.005744
v 0.006400 0.000658 -0.002670
v 0.006400 0.004716 -0.004473
v 0.006400 -0.000658 -0.002670
v 0.006400 -0.003043 -0.005744
v -0.011190 -0.000376 -0.002614
v 0.006945 0.005919 -0.002686
v -0.011022 0.001275 -0.002792
v -0.010664 -0.001406 -0.003080
v -0.011190 0.000376 -0.002614
v -0.011022 -0.000437 -0.003039
v 0.011200 -0.004638 -0.002956
v 0.011200 -0.004217 -0.003444
v 0.011200 -0.003597 -0.004161
v 0.011200 -0.003374 -0.004304
v 0.011200 -0.002350 -0.004958
v 0.011200 0.004632 -0.002966
v 0.011200 0.004639 -0.003004
v -0.010200 0.002292 -0.002645
v -0.010200 -0.002292 -0.002645
v 0.011092 0.004609 -0.003766
v 0.011200 -0.004639 -0.003004
v -0.010200 -0.001454 -0.003184
v -0.007300 -0.001339 -0.003234
v -0.010664 0.001406 -0.003080
v -0.011022 0.000437 -0.003039
v -0.010200 0.001454 -0.003184
v 0.010781 0.004889 -0.003995
v 0.011092 -0.004609 -0.003766
v -0.007300 0.000000 -0.003500
v 0.006400 0.001051 -0.006414
v 0.006400 0.000000 -0.002750
v 0.006400 -0.001051 -0.006414
v 0.010200 0.005814 -0.002907
v 0.010200 -0.005814 -0.002907
v 0.008164 -0.005793 -0.002948
v -0.010664 -0.000482 -0.003351
v 0.010354 0.005024 -0.004105
v 0.010781 -0.004889 -0.003995
v 0.010200 0.004692 -0.004447
v 0.008038 0.005771 -0.002991
v 0.010200 0.005033 -0.004113
v 0.010354 -0.005024 -0.004105
v 0.010200 -0.005033 -0.004113
v 0.010200 -0.004692 -0.004447
v 0.011200 0.004217 -0.003444
v 0.011200 0.004280 -0.003497
v 0.007782 -0.005750 -0.003031
v 0.011200 -0.004280 -0.003497
v -0.010664 0.000482 -0.003351
v -0.010200 0.001335 -0.003219
v -0.010200 -0.001335 -0.003219
v -0.010200 0.000498 -0.003464
v -0.010200 -0.000498 -0.003464
v -0.010200 0.000000 -0.003464
v 0.011200 0.003587 -0.004170
v 0.011200 0.003407 -0.004351
v 0.011092 0.003669 -0.004686
v 0.011200 -0.003407 -0.004351
v 0.010781 0.003892 -0.004971
v 0.011092 -0.003669 -0.004686
v 0.010354 0.004000 -0.005108
v 0.010781 -0.003892 -0.004971
v 0.010354 -0.004000 -0.005108
v 0.011200 0.003374 -0.004303
v 0.011200 0.002344 -0.004949
v 0.011200 -0.002368 -0.004993
v 0.011200 0.002368 -0.004993
v 0.011092 0.002550 -0.005377
v 0.010200 0.004007 -0.005118
v 0.010200 -0.004007 -0.005118
v 0.010781 0.002706 -0.005704
v 0.011092 -0.002550 -0.005377
v 0.011200 -0.002267 -0.005011
v 0.011200 -0.001197 -0.005327
v 0.011200 0.001197 -0.005326
v 0.011200 0.002192 -0.005044
v 0.010354 0.002780 -0.005862
v 0.010781 -0.002706 -0.005704
v 0.011200 0.001214 -0.005392
v 0.011092 0.001307 -0.005806
v 0.011200 -0.001214 -0.005392
v 0.010200 0.003029 -0.005722
v 0.010354 -0.002780 -0.005862
v 0.010200 -0.003029 -0.005722
v 0.011200 0.000000 -0.005442
v 0.011200 0.000772 -0.005446
v 0.011200 -0.000819 -0.005439
v 0.010781 0.001387 -0.006159
v 0.011092 -0.001307 -0.005806
v 0.011200 0.000592 -0.005495
v 0.011092 0.000000 -0.005952
v 0.011200 -0.000592 -0.005495
v 0.011200 0.000000 -0.005527
v 0.010354 0.001425 -0.006330
v 0.010781 -0.001387 -0.006159
v 0.010200 0.002785 -0.005873
v 0.010200 -0.002785 -0.005873
v 0.010200 0.001428 -0.006341
v 0.010200 -0.001428 -0.006341
v 0.010781 0.000000 -0.006314
v 0.010354 -0.001425 -0.006330
v 0.021627 0.009500 -0.008437
v 0.032403 0.009500 -0.010200
v 0.022351 0.009500 -0.010200
v 0.022322 0.009500 -0.010149
v 0.022283 0.009500 -0.010081
v 0.021839 0.009500 -0.009151
v 0.021687 0.009500 -0.008638
v 0.032896 0.009437 -0.006446
v 0.021612 -0.009500 -0.008362
v 0.021694 -0.009500 -0.008641
v 0.022328 -0.009500 -0.010153
v 0.032403 -0.009500 -0.010200
v 0.021860 -0.009500 -0.009207
v 0.032896 -0.009437 -0.006446
v 0.041950 0.009416 -0.006441
v 0.041950 -0.009416 -0.006441
v 0.043675 0.009226 -0.006564
v 0.043675 -0.009226 -0.006564
v 0.045340 0.008752 -0.006564
v 0.046891 0.007980 -0.006564
v 0.045340 -0.008752 -0.006564
v 0.046891 -0.007980 -0.006564
v 0.048273 0.006936 -0.006564
v 0.048273 -0.006936 -0.006564
v 0.049440 0.005656 -0.006564
v 0.050352 0.004184 -0.006564
v 0.049440 -0.005656 -0.006564
v 0.050352 -0.004184 -0.006564
v 0.050977 0.002568 -0.006564
v 0.050977 -0.002568 -0.006564
v 0.051296 0.000866 -0.006564
v 0.051296 -0.000866 -0.006564
v 0.010354 0.000000 -0.006488
v 0.010200 0.000000 -0.006500
v 0.010200 0.001047 -0.006384
v 0.010200 -0.001047 -0.006384
v 0.032906 0.009435 -0.006453
v 0.041950 0.009386 -0.006564
v 0.041950 -0.009386 -0.006564
v 0.032906 -0.009435 -0.006453
v 0.032906 0.009435 -0.010200
v 0.033443 0.009279 -0.006727
v 0.032906 -0.009435 -0.010200
v 0.033088 -0.009386 -0.006563
v 0.033662 -0.009205 -0.006805
v 0.041950 -0.009187 -0.006789
v 0.041950 0.009187 -0.006789
v 0.033664 0.009197 -0.006796
v 0.043617 0.008915 -0.006922
v 0.045226 0.008457 -0.006922
v 0.043617 -0.008915 -0.006922
v 0.046725 0.007711 -0.006922
v 0.045226 -0.008457 -0.006922
v 0.048060 0.006703 -0.006922
v 0.046725 -0.007711 -0.006922
v 0.049188 0.005466 -0.006922
v 0.048060 -0.006703 -0.006922
v 0.050069 0.004043 -0.006922
v 0.049188 -0.005466 -0.006922
v 0.050674 0.002482 -0.006922
v 0.050069 -0.004043 -0.006922
v 0.050981 0.000837 -0.006922
v 0.050674 -0.002482 -0.006922
v 0.050981 -0.000837 -0.006922
v 0.041950 0.009070 -0.006922
v 0.034244 0.008981 -0.006977
v 0.041950 -0.009070 -0.006922
v 0.033699 -0.009193 -0.006821
v 0.034493 -0.008872 -0.007029
v 0.041950 0.008836 -0.007013
v 0.034540 0.008841 -0.007021
v 0.041950 -0.008836 -0.007013
v 0.043538 0.008494 -0.007090
v 0.045071 0.008057 -0.007090
v 0.043538 -0.008494 -0.007090
v 0.046499 0.007347 -0.007090
v 0.045071 -0.008057 -0.007090
v 0.047771 0.006386 -0.007090
v 0.046499 -0.007347 -0.007090
v 0.048846 0.005207 -0.007090
v 0.047771 -0.006386 -0.007090
v 0.049685 0.003852 -0.007090
v 0.048846 -0.005207 -0.007090
v 0.050261 0.002365 -0.007090
v 0.049685 -0.003852 -0.007090
v 0.050554 0.000797 -0.007090
v 0.050261 -0.002365 -0.007090
v 0.050554 -0.000797 -0.007090
v 0.034290 0.008962 -0.010200
v 0.041950 0.008641 -0.007090
v 0.035023 0.008611 -0.007094
v 0.034642 0.008792 -0.007037
v 0.041950 -0.008641 -0.007090
v 0.034644 -0.008796 -0.007043
v 0.034545 -0.008846 -0.007034
v 0.034636 0.008782 -0.010200
v 0.034290 -0.008962 -0.010200
v 0.034636 -0.008782 -0.010200
v 0.035226 -0.008500 -0.007100
v 0.041950 0.008500 -0.007100
v 0.035226 0.008500 -0.007100
v 0.043512 0.008355 -0.007100
v 0.041950 -0.008500 -0.007100
v 0.045021 0.007926 -0.007100
v 0.043512 -0.008355 -0.007100
v 0.046425 0.007227 -0.007100
v 0.045021 -0.007926 -0.007100
v 0.047676 0.006282 -0.007100
v 0.046425 -0.007227 -0.007100
v 0.048733 0.005122 -0.007100
v 0.047676 -0.006282 -0.007100
v 0.049559 0.003789 -0.007100
v 0.048733 -0.005122 -0.007100
v 0.050125 0.002326 -0.007100
v 0.049559 -0.003789 -0.007100
v 0.050414 0.000784 -0.007100
v 0.050125 -0.002326 -0.007100
v 0.050414 -0.000784 -0.007100
v 0.035588 0.008286 -0.010200
v 0.036455 0.007654 -0.010200
v 0.036468 0.007671 -0.007100
v 0.035588 -0.008286 -0.010200
v 0.036468 -0.007671 -0.007100
v 0.036770 0.007424 -0.010200
v 0.037810 0.006395 -0.007100
v 0.036770 -0.007424 -0.010200
v 0.037810 -0.006395 -0.007100
v 0.036455 -0.007654 -0.010200
v 0.037810 0.006395 -0.010200
v 0.038173 0.005783 -0.007100
v 0.037810 -0.006395 -0.010200
v 0.038173 -0.005783 -0.010200
v 0.038173 -0.005783 -0.007100
v 0.038300 0.005083 -0.007100
v 0.038173 0.005783 -0.010200
v 0.038300 -0.005083 -0.010200
v 0.038300 -0.005083 -0.007100
v 0.038300 0.005083 -0.010200
v 0.021550 0.009382 -0.008602
v 0.011650 0.009234 -0.009039
v 0.021550 -0.009382 -0.008602
v 0.011650 -0.009234 -0.009039
v 0.011650 -0.008475 -0.010175
v 0.011650 -0.007339 -0.010934
v 0.021550 0.009188 -0.009018
v 0.021550 -0.009188 -0.009018
v 0.021550 0.008868 -0.009707
v 0.021550 -0.008868 -0.009707
v 0.011650 0.008475 -0.010175
v 0.011650 0.007339 -0.010934
v 0.021550 0.008437 -0.010137
v 0.021550 -0.008437 -0.010137
v 0.022351 -0.009500 -0.010200
v 0.022578 0.009200 -0.010901
v 0.022584 0.009156 -0.010955
v 0.022516 0.008854 -0.011135
v 0.022351 0.008500 -0.011200
v 0.021550 0.008007 -0.010568
v 0.022512 0.008846 -0.011137
v 0.022501 0.009423 -0.010541
v 0.022439 0.009486 -0.010366
v 0.022558 -0.009369 -0.010695
v 0.022503 -0.009423 -0.010543
v 0.022438 -0.009487 -0.010364
v 0.022509 -0.008838 -0.011138
v 0.022517 -0.008856 -0.011134
v 0.022579 -0.009197 -0.010905
v 0.021550 -0.008007 -0.010568
v 0.022328 -0.008453 -0.011200
v 0.022351 -0.008500 -0.011200
v 0.032904 0.009426 -0.010341
v 0.032403 0.009490 -0.010341
v 0.032403 -0.009490 -0.010341
v 0.032904 -0.009426 -0.010341
v 0.034286 0.008951 -0.010354
v 0.034286 -0.008951 -0.010354
v 0.035582 0.008276 -0.010354
v 0.036762 0.007415 -0.010354
v 0.035582 -0.008276 -0.010354
v 0.036762 -0.007415 -0.010354
v 0.037802 0.006389 -0.010341
v 0.037802 -0.006389 -0.010341
v 0.038164 0.005780 -0.010341
v 0.038290 0.005083 -0.010341
v 0.038164 -0.005780 -0.010341
v 0.038290 -0.005083 -0.010341
v 0.032403 0.009413 -0.010536
v 0.032903 -0.009421 -0.010353
v 0.032403 -0.009413 -0.010538
v 0.032903 0.009421 -0.010353
v 0.037798 0.006385 -0.010353
v 0.037798 -0.006385 -0.010353
v 0.038151 0.005083 -0.010694
v 0.038006 0.005721 -0.010770
v 0.038006 -0.005721 -0.010770
v 0.038151 -0.005083 -0.010694
v 0.034217 0.008790 -0.010782
v 0.032862 0.009263 -0.010770
v 0.032403 0.009322 -0.010770
v 0.032862 -0.009263 -0.010770
v 0.037675 0.006278 -0.010770
v 0.036649 -0.007282 -0.010782
v 0.037675 -0.006278 -0.010770
v 0.035490 0.008128 -0.010782
v 0.034217 -0.008790 -0.010782
v 0.036649 0.007282 -0.010782
v 0.035490 -0.008128 -0.010782
v 0.022559 0.009365 -0.010701
v 0.032403 -0.009322 -0.010770
v 0.022322 0.008449 -0.011200
v 0.022310 0.008428 -0.011200
v 0.021852 0.007484 -0.011200
v 0.021550 0.007318 -0.010888
v 0.021550 -0.007318 -0.010888
v 0.021864 -0.007516 -0.011200
v 0.038122 0.005083 -0.010770
v 0.038122 -0.005083 -0.010770
v 0.032403 0.009189 -0.010887
v 0.032403 -0.009186 -0.010890
v 0.034074 0.008457 -0.011092
v 0.032771 0.008917 -0.011086
v 0.032771 -0.008917 -0.011086
v 0.037672 0.005596 -0.011086
v 0.037405 0.006044 -0.011086
v 0.036414 -0.007006 -0.011092
v 0.037405 -0.006044 -0.011086
v 0.037794 0.005083 -0.011059
v 0.037672 -0.005596 -0.011086
v 0.037794 -0.005083 -0.011059
v 0.035299 0.007820 -0.011092
v 0.034074 -0.008457 -0.011092
v 0.036414 0.007006 -0.011092
v 0.035299 -0.007820 -0.011092
v 0.032403 0.008964 -0.011086
v 0.021687 0.006938 -0.011200
v 0.021550 0.006903 -0.011082
v 0.021550 -0.006903 -0.011082
v 0.021687 -0.006938 -0.011200
v 0.032403 -0.008964 -0.011086
v 0.022584 -0.009158 -0.010953
v 0.032403 -0.008834 -0.011118
v 0.032403 0.008841 -0.011116
v 0.037764 0.005083 -0.011086
v 0.037764 -0.005083 -0.011086
v 0.021628 0.006743 -0.011200
v 0.021550 0.006000 -0.011200
v 0.021550 -0.006000 -0.011200
v 0.021631 -0.006756 -0.011200
v 0.033907 0.008067 -0.011200
v 0.032661 0.008492 -0.011194
v 0.032661 -0.008492 -0.011194
v 0.037073 0.005755 -0.011194
v 0.036139 -0.006683 -0.011200
v 0.037073 -0.005755 -0.011194
v 0.037300 0.005083 -0.011200
v 0.037237 0.005433 -0.011200
v 0.037237 -0.005433 -0.011200
v 0.037300 -0.005083 -0.011200
v 0.035075 0.007459 -0.011200
v 0.033907 -0.008067 -0.011200
v 0.036139 0.006683 -0.011200
v 0.035075 -0.007459 -0.011200
v 0.032403 0.008500 -0.011200
v 0.032403 -0.008500 -0.011200
v 0.032654 0.008468 -0.011200
v 0.032654 -0.008468 -0.011200
v 0.033819 -0.008076 -0.011200
v 0.037055 0.005739 -0.011200
v 0.036186 0.006608 -0.011200
v 0.037055 -0.005739 -0.011200
v 0.034527 0.007742 -0.011200
v 0.033878 0.007994 -0.011200
v 0.033892 -0.008035 -0.011200
v 0.035037 -0.007394 -0.011200
v 0.035034 0.007396 -0.011200
v 0.035572 -0.007094 -0.011200
v 0.036117 0.006656 -0.011200
v 0.036087 -0.006624 -0.011200
vn -1.0000 -0.0000 -0.0000
vn -0.0000 -0.0000 1.0000
vn -0.0000 0.7071 0.7071
vn -0.0000 -0.7071 0.7071
vn 1.0000 -0.0000 -0.0000
vn -0.0000 1.0000 -0.0000
vn -0.0000 -1.0000 -0.0000
vn -0.9972 0.0753 -0.0000
vn -0.9690 0.2463 0.0213
vn -0.9844 0.1758 0.0047
vn -0.9947 -0.1028 -0.0000
vn -0.9557 -0.2924 0.0330
vn -0.9844 -0.1758 0.0055
vn -0.9673 0.2536 -0.0007
vn -0.8952 0.4456 0.0007
vn -0.8952 0.4457 0.0007
vn -0.9673 0.2538 -0.0007
vn -0.8422 0.5391 -0.0032
vn -0.6753 0.7307 0.0998
vn -0.7992 0.6000 0.0354
vn -0.8723 -0.4890 0.0064
vn -0.8420 -0.5390 0.0205
vn -0.9527 -0.3038 -0.0036
vn -0.9527 -0.3040 -0.0036
vn -0.6479 0.7605 -0.0426
vn -0.5680 0.8230 -0.0000
vn -0.5044 0.8630 0.0272
vn -0.6659 0.7461 -0.0033
vn -0.6660 0.7460 -0.0033
vn -0.5957 -0.8032 0.0053
vn -0.5958 -0.8031 0.0053
vn -0.4998 -0.8655 0.0338
vn -0.6479 -0.7605 -0.0426
vn -0.7496 -0.6619 -0.0036
vn -0.7495 -0.6620 -0.0036
vn -0.0000 -0.0000 -1.0000
vn -0.4703 0.8825 -0.0000
vn -0.3783 0.9251 0.0321
vn -0.3783 -0.9251 0.0321
vn -0.4703 -0.8825 -0.0000
vn -0.1758 0.9844 -0.0000
vn -0.1758 -0.9844 -0.0000
vn 0.1758 0.9844 -0.0000
vn 0.1758 -0.9844 -0.0000
vn 0.3784 0.9256 -0.0000
vn 0.4605 0.8876 0.0063
vn 0.5390 0.8420 0.0224
vn 0.5391 -0.8422 -0.0000
vn 0.5954 0.8034 0.0054
vn 0.5953 0.8035 0.0054
vn 0.8420 0.5390 0.0205
vn 0.7493 0.6622 -0.0036
vn 0.7494 0.6621 -0.0036
vn 0.3769 -0.9219 0.0898
vn 0.5680 -0.8230 -0.0000
vn 0.5044 -0.8630 0.0272
vn 0.6659 -0.7460 -0.0033
vn 0.6660 -0.7460 -0.0033
vn 0.8422 -0.5391 -0.0032
vn 0.8723 0.4890 0.0063
vn 0.8723 0.4889 0.0063
vn 0.9844 0.1758 0.0055
vn 0.9527 0.3039 -0.0036
vn 0.9526 0.3041 -0.0036
vn 0.9844 -0.1758 0.0048
vn 0.8953 -0.4454 0.0007
vn 0.9673 -0.2536 -0.0007
vn 0.9674 -0.2534 -0.0007
vn 0.6753 -0.7307 0.0998
vn 0.7994 -0.5998 0.0353
vn 0.9947 0.1028 -0.0000
vn 0.9557 0.2923 0.0330
vn 0.9690 -0.2461 0.0213
vn 0.9972 -0.0753 -0.0000
vn -0.0136 0.1950 0.9807
vn -0.0000 0.1300 0.9915
vn -0.0000 -0.1300 0.9915
vn -0.0136 -0.1950 0.9807
vn -0.7713 0.0827 0.6311
vn -0.7765 -0.0819 0.6247
vn -0.6691 -0.2014 0.7154
vn -0.6696 0.2056 0.7137
vn -0.6659 0.3149 0.6763
vn -0.7547 0.2315 0.6138
vn -0.7576 -0.2282 0.6115
vn -0.6655 -0.3151 0.6767
vn -0.7059 -0.3426 0.6199
vn -0.7600 -0.2743 0.5892
vn -0.7588 0.2749 0.5905
vn -0.7034 0.3480 0.6197
vn -0.7071 -0.4071 0.5782
vn -0.7071 -0.4070 0.5783
vn -0.7002 0.5049 0.5048
vn -0.7518 0.3716 0.5447
vn -0.7307 0.4365 0.5249
vn -0.0000 0.2391 0.9710
vn 0.0025 0.1799 0.9837
vn -0.0000 -0.1800 0.9837
vn -0.7048 -0.5016 0.5016
vn -0.7310 -0.4358 0.5252
vn 0.0328 0.2389 0.9705
vn 0.0026 -0.2390 0.9710
vn 0.0328 -0.2389 0.9705
vn 0.0830 0.2250 0.9708
vn 0.0328 0.2390 0.9705
vn 0.0831 -0.2254 0.9707
vn 0.0831 -0.2250 0.9708
vn 0.0329 -0.2390 0.9705
vn 0.0832 0.2253 0.9707
vn 0.1185 0.2090 0.9707
vn 0.1183 -0.2087 0.9708
vn 0.1183 -0.2090 0.9707
vn 0.1182 0.2087 0.9708
vn 0.1665 0.1757 0.9703
vn 0.1665 0.1758 0.9702
vn 0.1666 -0.1757 0.9702
vn 0.2139 0.1134 0.9702
vn 0.2139 0.1134 0.9703
vn 0.2139 -0.1134 0.9703
vn 0.1665 -0.1758 0.9703
vn 0.2389 0.0392 0.9703
vn 0.2389 -0.0392 0.9703
vn 0.2391 -0.0000 0.9710
vn -0.7307 0.4366 0.5249
vn 0.0025 0.1800 0.9837
vn 0.0026 -0.1788 0.9839
vn -0.7308 -0.4359 0.5252
vn 0.0028 -0.5127 0.8586
vn -0.7252 -0.4661 0.5069
vn -0.7240 0.4708 0.5041
vn -0.7868 0.4366 0.4363
vn 0.0031 0.5145 0.8575
vn -0.0102 0.2388 0.9710
vn 0.0328 0.2391 0.9704
vn -0.0100 -0.2390 0.9710
vn 0.0328 -0.2388 0.9705
vn 0.0081 0.7746 0.6324
vn 0.0023 0.6621 0.7494
vn 0.0906 0.6594 0.7464
vn 0.0022 -0.6621 0.7494
vn 0.0079 -0.7713 0.6364
vn 0.0906 -0.6594 0.7464
vn 0.2298 0.6223 0.7483
vn 0.0906 0.6594 0.7463
vn 0.2298 -0.6223 0.7483
vn 0.0906 -0.6594 0.7463
vn 0.3269 0.5772 0.7483
vn 0.3269 0.5773 0.7483
vn 0.3269 -0.5773 0.7483
vn 0.4588 0.4843 0.7450
vn 0.4588 0.4842 0.7450
vn 0.3268 -0.5772 0.7483
vn 0.4587 -0.4843 0.7450
vn 0.5894 0.3124 0.7450
vn 0.5894 -0.3124 0.7450
vn 0.4588 -0.4843 0.7450
vn 0.6582 0.1079 0.7450
vn 0.6583 0.1080 0.7450
vn 0.6583 -0.1080 0.7450
vn 0.6582 -0.1079 0.7450
vn 0.6621 -0.0000 0.7494
vn 0.0114 0.4221 0.9065
vn 0.0114 -0.4221 0.9065
vn 0.6622 -0.0000 0.7493
vn 0.6583 0.1079 0.7449
vn 0.6583 -0.1079 0.7449
vn 0.9909 -0.1348 0.0026
vn 0.9398 -0.3380 -0.0506
vn 0.9397 -0.3382 -0.0507
vn 0.9398 -0.3381 -0.0507
vn 0.8765 -0.4571 -0.1509
vn 0.9551 -0.2964 -0.0020
vn 0.9909 -0.1345 0.0026
vn 0.9794 0.2019 -0.0064
vn 0.9794 -0.2019 -0.0064
vn 0.9280 0.3665 -0.0669
vn 0.9281 0.3663 -0.0668
vn 0.9280 0.3666 -0.0668
vn 0.9876 0.1571 0.0032
vn 0.9876 0.1569 0.0032
vn 0.9551 0.2964 0.0009
vn 0.8706 0.4645 -0.1625
vn 0.9280 0.3664 -0.0669
vn 0.9903 0.1309 -0.0464
vn 0.7599 0.6499 -0.0138
vn 0.9270 0.3751 0.0068
vn 0.9271 0.3749 0.0068
vn 0.7598 -0.6498 -0.0209
vn 0.9060 -0.4231 0.0089
vn 0.9945 -0.0382 -0.0974
vn 0.9839 -0.1758 -0.0309
vn 0.7603 -0.6490 -0.0270
vn 0.7601 -0.6493 -0.0272
vn 0.7637 -0.6452 -0.0234
vn 0.7782 -0.6280 -0.0000
vn 0.8183 -0.5747 0.0061
vn 0.8183 -0.5748 0.0061
vn 0.7782 0.6280 -0.0000
vn 0.7613 0.6479 -0.0272
vn 0.8013 0.5982 0.0009
vn -0.4602 -0.8878 -0.0000
vn 0.5923 0.8057 0.0070
vn 0.7795 0.6259 -0.0259
vn 0.5924 0.8056 0.0070
vn 0.3513 0.9361 -0.0168
vn 0.7487 -0.6627 -0.0152
vn 0.7488 -0.6626 -0.0152
vn 0.5679 -0.8231 0.0050
vn 0.3514 -0.9362 0.0048
vn 0.3601 0.9327 -0.0196
vn -0.1051 0.9944 -0.0108
vn 0.1331 0.9911 0.0047
vn 0.1329 0.9911 0.0047
vn -0.1447 0.9895 -0.0000
vn -0.3029 0.9389 -0.1635
vn -0.0600 0.9982 -0.0000
vn 0.1399 -0.9902 0.0042
vn 0.1400 -0.9901 0.0042
vn -0.0718 -0.9974 -0.0079
vn -0.1445 -0.9879 -0.0564
vn 0.5411 -0.8374 -0.0775
vn 0.3580 -0.9335 -0.0195
vn -0.6047 0.7965 -0.0000
vn -0.3071 -0.9517 -0.0000
vn -0.6047 -0.7965 -0.0000
vn -0.5780 -0.8158 -0.0179
vn -0.0000 0.9941 -0.1084
vn 0.0004 0.9966 -0.0829
vn -0.5755 0.8175 -0.0216
vn -0.5780 0.8157 -0.0227
vn -0.0000 -0.9938 -0.1115
vn -0.5749 -0.8178 -0.0271
vn -0.6089 -0.7932 0.0100
vn -0.8302 -0.5574 0.0097
vn -0.5775 0.8161 -0.0233
vn -0.8302 0.5574 -0.0105
vn -0.6572 0.7536 0.0132
vn -0.9142 0.4052 -0.0000
vn -0.9142 -0.4052 -0.0000
vn -0.8842 -0.4670 -0.0113
vn -0.7970 -0.5965 -0.0947
vn -0.8842 -0.4669 -0.0112
vn -0.9353 -0.3539 -0.0000
vn -0.9962 -0.0870 -0.0000
vn -0.7407 -0.6472 -0.1804
vn -0.7406 -0.6472 -0.1804
vn -0.8110 0.5799 -0.0776
vn -0.8925 0.4509 -0.0096
vn -0.7457 0.6442 -0.1700
vn -0.9962 0.0870 -0.0000
vn -0.9353 0.3539 -0.0000
vn 0.9962 0.0870 -0.0000
vn 0.9142 -0.4052 -0.0000
vn 0.8842 0.4670 -0.0112
vn 0.7970 0.5965 -0.0947
vn 0.8842 0.4669 -0.0112
vn 0.9353 0.3539 -0.0000
vn 0.8302 0.5574 0.0097
vn 0.7407 0.6472 -0.1804
vn 0.7406 0.6472 -0.1804
vn 0.6047 -0.7965 -0.0000
vn 0.5780 0.8158 -0.0179
vn 0.5749 0.8178 -0.0271
vn 0.6089 0.7932 0.0100
vn -0.4944 0.8693 -0.0000
vn -0.0005 -0.9966 -0.0829
vn 0.5784 -0.8156 -0.0132
vn 0.3666 -0.9303 0.0059
vn 0.1447 -0.9895 0.0057
vn 0.7215 -0.6717 -0.1681
vn 0.5389 -0.8424 -0.0000
vn -0.1213 -0.9926 0.0045
vn -0.1212 -0.9926 0.0045
vn -0.3531 -0.9354 -0.0173
vn -0.3513 -0.9361 -0.0168
vn 0.3481 -0.9347 -0.0714
vn 0.1176 -0.9930 -0.0123
vn -0.7792 -0.6263 -0.0258
vn -0.7791 -0.6264 -0.0257
vn -0.7599 -0.6499 -0.0139
vn -0.5923 -0.8057 0.0070
vn -0.5922 -0.8058 0.0070
vn -0.7782 0.6280 -0.0000
vn -0.7601 0.6492 -0.0271
vn -0.7600 0.6493 -0.0272
vn -0.7636 0.6452 -0.0234
vn -0.9551 0.2964 -0.0020
vn -0.8184 0.5746 0.0061
vn -0.8184 0.5747 0.0061
vn -0.9794 -0.2019 -0.0064
vn -0.9903 -0.1311 -0.0463
vn -0.9268 -0.3756 0.0069
vn -0.9268 -0.3755 0.0069
vn -0.9913 0.1316 0.0025
vn -0.9407 0.3358 -0.0489
vn -0.9406 0.3360 -0.0490
vn -0.9405 0.3361 -0.0491
vn -0.8764 0.4572 -0.1510
vn -0.7241 -0.4955 0.4797
vn -0.0151 0.5555 0.8314
vn 0.0114 0.4220 0.9065
vn 0.0114 -0.4220 0.9065
vn -0.0151 -0.5555 0.8314
vn -0.7241 0.4963 0.4789
vn 0.0023 0.6623 0.7493
vn -0.0013 0.7741 0.6331
vn -0.0012 -0.7711 0.6367
vn 0.0022 -0.6623 0.7493
vn -0.7830 -0.4400 0.4397
vn -0.7239 -0.5067 0.4683
vn 0.0906 0.6596 0.7462
vn 0.0906 -0.6596 0.7462
vn -0.0007 0.9315 -0.3639
vn -0.0001 0.9451 -0.3268
vn 0.0008 -0.9289 -0.3704
vn 0.0001 -0.9451 -0.3268
vn -0.5426 0.8400 -0.0055
vn 0.0020 0.9308 0.3654
vn 0.1268 0.9233 0.3625
vn 0.0019 -0.9308 0.3654
vn 0.1269 -0.9235 0.3621
vn 0.3226 0.8737 0.3641
vn 0.3226 0.8736 0.3642
vn 0.1269 0.9234 0.3622
vn 0.3226 -0.8737 0.3641
vn 0.1269 -0.9234 0.3622
vn 0.4589 0.8104 0.3642
vn 0.4589 -0.8104 0.3642
vn 0.3226 -0.8737 0.3642
vn 0.6414 0.6769 0.3611
vn 0.6414 -0.6769 0.3611
vn 0.8239 0.4368 0.3611
vn 0.8239 0.4367 0.3611
vn 0.8239 -0.4368 0.3611
vn 0.9204 0.1508 0.3608
vn 0.9202 0.1509 0.3611
vn 0.9202 -0.1509 0.3611
vn 0.9204 -0.1508 0.3608
vn 0.9310 -0.0000 0.3649
vn 0.9310 -0.0000 0.3651
vn 0.0013 -0.9408 0.3389
vn -0.7279 0.5190 0.4480
vn 0.0014 0.9426 0.3339
vn 0.9309 -0.0000 0.3652
vn 0.9203 0.1508 0.3610
vn 0.9203 -0.1508 0.3610
vn -0.7370 -0.6537 -0.1714
vn 0.7370 0.6537 -0.1714
vn 0.0046 -0.9296 -0.3685
vn -0.0035 -0.7831 -0.6219
vn -0.0048 0.9324 -0.3613
vn 0.0035 0.7831 -0.6219
vn -0.5425 0.8400 -0.0055
vn 0.0121 0.7071 0.7070
vn 0.0121 -0.7071 0.7070
vn 0.0014 0.9310 0.3650
vn 0.0005 0.9425 0.3343
vn 0.0006 -0.9409 0.3388
vn 0.0013 -0.9310 0.3650
vn -0.7280 -0.5188 0.4483
vn 0.1268 0.9234 0.3623
vn 0.1269 -0.9235 0.3620
vn 0.3785 0.9256 -0.0000
vn 0.4591 0.8883 -0.0091
vn 0.6898 0.7240 -0.0000
vn 0.4945 -0.8668 -0.0642
vn -0.4945 0.8668 -0.0640
vn 0.7334 0.6797 -0.0081
vn -0.4412 -0.8848 -0.1501
vn 0.4530 0.8859 -0.1003
vn 0.7049 0.7094 -0.0000
vn -0.0007 0.7952 -0.6063
vn -0.5854 0.8073 -0.0748
vn -0.0002 -0.7507 -0.6607
vn 0.5767 0.8082 -0.1193
vn 0.5086 0.8330 -0.2176
vn 0.4973 0.8429 -0.2055
vn -0.5772 -0.8079 -0.1190
vn -0.5076 -0.8332 -0.2193
vn -0.6487 0.7533 -0.1084
vn -0.5028 0.8364 -0.2183
vn 0.6488 -0.7532 -0.1085
vn 0.5028 -0.8364 -0.2182
vn 0.5770 0.8080 -0.1193
vn -0.5771 -0.8079 -0.1190
vn 0.6488 -0.7532 -0.1086
vn -0.6488 0.7532 -0.1084
vn 0.7051 0.6777 -0.2088
vn -0.7051 -0.6777 -0.2088
vn -0.0000 -0.9965 0.0836
vn -0.0003 -0.9975 0.0705
vn -0.7331 -0.5271 0.4298
vn -0.7329 0.5270 0.4303
vn -0.0002 0.9975 0.0708
vn -0.0000 0.9967 0.0816
vn -0.0005 -0.7506 -0.6608
vn -0.0002 -0.7816 -0.6238
vn -0.0008 0.7811 -0.6244
vn -0.6488 0.7532 -0.1083
vn -0.7016 -0.6834 -0.2017
vn -0.7118 -0.6773 -0.1860
vn 0.7016 0.6834 -0.2017
vn 0.7115 0.6775 -0.1864
vn 0.1357 0.9883 0.0702
vn 0.1357 0.9882 0.0702
vn 0.1357 -0.9883 0.0702
vn 0.3456 0.9357 0.0707
vn 0.3455 0.9358 0.0703
vn 0.3455 -0.9357 0.0707
vn 0.1357 -0.9883 0.0703
vn 0.4915 0.8680 0.0705
vn 0.4915 0.8680 0.0703
vn 0.4915 -0.8680 0.0703
vn 0.3456 -0.9358 0.0703
vn 0.6861 0.7242 0.0695
vn 0.6861 0.7241 0.0698
vn 0.4915 -0.8680 0.0705
vn 0.6861 -0.7242 0.0698
vn 0.8814 0.4672 0.0695
vn 0.8814 0.4672 0.0696
vn 0.8814 -0.4672 0.0695
vn 0.6861 -0.7242 0.0699
vn 0.8814 -0.4672 0.0696
vn 0.9844 0.1614 0.0698
vn 0.9845 -0.1613 0.0694
vn 0.9975 -0.0000 0.0704
vn 0.9844 -0.1614 0.0695
vn -0.5111 0.8370 -0.1954
vn 0.5112 -0.8370 -0.1951
vn -0.7015 0.6286 -0.3358
vn 0.7014 -0.6283 -0.3366
vn -0.0005 -0.7817 -0.6237
vn -0.0021 -0.5219 -0.8530
vn 0.0077 -0.7542 -0.6566
vn 0.9941 0.1084 -0.0000
vn 0.9321 -0.3621 -0.0000
vn 0.8321 0.5546 -0.0000
vn 0.8736 -0.4866 0.0004
vn 0.8736 -0.4867 0.0006
vn 0.9109 -0.2400 -0.3358
vn 0.9127 -0.3781 -0.1548
vn 0.7546 -0.6562 -0.0005
vn 0.7546 -0.6562 -0.0006
vn -0.0005 0.5664 -0.8241
vn 0.4827 0.8758 -0.0037
vn 0.6759 0.7370 -0.0000
vn 0.3357 0.9419 0.0053
vn 0.4898 0.8713 -0.0302
vn 0.0245 0.9993 -0.0266
vn 0.1029 0.9947 -0.0068
vn 0.3359 0.9419 0.0053
vn -0.1313 0.9913 0.0042
vn -0.1308 0.9914 0.0042
vn -0.4392 0.8984 0.0056
vn -0.5675 0.8201 -0.0730
vn -0.3750 0.9270 -0.0061
vn -0.7689 0.6393 -0.0099
vn -0.8035 0.5944 -0.0333
vn -0.5928 0.8054 0.0057
vn -0.7844 -0.6173 -0.0596
vn -0.7845 -0.6173 -0.0596
vn -0.8056 -0.5923 0.0162
vn -0.9487 -0.3159 0.0155
vn -0.9157 0.4016 0.0136
vn -0.9158 0.4015 0.0136
vn -0.9873 0.1570 -0.0233
vn -0.9918 0.0375 -0.1218
vn -0.9872 0.1557 -0.0332
vn -0.9372 -0.3388 -0.0832
vn -0.9371 -0.3389 -0.0833
vn -0.9372 -0.3389 -0.0832
vn -0.9879 -0.1548 0.0112
vn -0.9879 -0.1547 0.0113
vn -0.8882 -0.4034 -0.2199
vn -0.8882 -0.4035 -0.2200
vn -0.0005 0.5663 -0.8242
vn 0.0083 0.7852 -0.6191
vn -0.0005 0.5204 -0.8539
vn 0.8464 0.5160 -0.1316
vn -0.8464 -0.5161 -0.1316
vn -0.0075 -0.1894 -0.9819
vn -0.0003 -0.4662 -0.8847
vn -0.7048 0.5016 0.5017
vn -0.7034 0.6199 0.3477
vn -0.7360 -0.5299 0.4213
vn 0.1361 0.9907 -0.0000
vn 0.2383 0.9710 0.0183
vn 0.1129 0.9936 -0.0001
vn 0.1135 0.9935 -0.0000
vn 0.1361 -0.9907 0.0015
vn 0.1675 -0.9859 0.0056
vn 0.0348 -0.9994 -0.0000
vn 0.3021 0.9533 -0.0000
vn 0.3464 0.9381 0.0012
vn 0.3722 0.9281 0.0112
vn 0.3022 0.9533 -0.0000
vn 0.3038 -0.9527 -0.0000
vn 0.3036 -0.9528 -0.0000
vn 0.3717 -0.9283 0.0114
vn 0.4470 -0.8936 0.0404
vn 0.3464 -0.9381 -0.0008
vn 0.1703 -0.9854 -0.0000
vn 0.4927 0.8702 -0.0000
vn 0.5260 0.8504 0.0149
vn 0.4527 0.8916 -0.0006
vn 0.4525 0.8917 -0.0006
vn 0.4927 -0.8702 0.0077
vn 0.4509 -0.8926 -0.0010
vn 0.4507 -0.8927 -0.0010
vn 0.6878 0.7259 -0.0000
vn 0.5260 -0.8505 -0.0000
vn 0.6878 -0.7259 -0.0000
vn 0.7443 0.6677 -0.0128
vn 0.8835 0.4684 0.0064
vn 0.7443 -0.6677 -0.0128
vn 0.8835 -0.4684 0.0064
vn 0.8835 0.4683 0.0064
vn 0.8835 -0.4683 0.0064
vn 0.9868 0.1617 -0.0000
vn 0.9704 0.2412 -0.0128
vn 0.9868 -0.1617 -0.0000
vn 0.9704 -0.2412 -0.0128
vn 0.5143 0.8356 -0.1933
vn 0.8658 0.4784 -0.1466
vn -0.5241 -0.8395 -0.1434
vn -0.5112 0.8370 -0.1951
vn -0.7247 0.6791 -0.1165
vn -0.8560 0.4836 -0.1825
vn 0.8562 -0.4832 -0.1830
vn 0.7248 -0.6791 -0.1159
vn -0.0151 0.8314 0.5555
vn 0.0121 0.7070 0.7071
vn 0.0121 -0.7070 0.7071
vn -0.0151 -0.8314 0.5555
vn -0.8562 0.4834 -0.1825
vn -0.8707 -0.4685 -0.1495
vn -0.8021 -0.5329 -0.2696
vn 0.8708 0.4683 -0.1495
vn 0.8020 0.5329 -0.2698
vn -0.4554 -0.7889 -0.4127
vn 0.4483 0.7793 -0.4378
vn -0.7034 0.6201 0.3474
vn -0.7016 -0.5039 0.5039
vn -0.7070 -0.5803 0.4043
vn -0.4491 0.7692 -0.4546
vn 0.4492 -0.7691 -0.4547
vn 0.0006 0.1857 -0.9826
vn 0.0004 0.2217 -0.9751
vn -0.7077 -0.6204 0.3381
vn 0.4482 0.7793 -0.4379
vn 0.4496 0.7758 -0.4427
vn 0.5645 0.6734 -0.4773
vn 0.6097 0.6674 -0.4277
vn 0.6097 -0.6674 -0.4277
vn 0.5645 -0.6734 -0.4773
vn 0.4466 -0.7781 -0.4417
vn -0.4554 -0.7890 -0.4124
vn -0.4943 -0.6275 -0.6016
vn -0.4599 -0.7678 -0.4460
vn -0.5646 -0.6734 -0.4773
vn -0.6096 -0.6673 -0.4279
vn -0.4465 0.7783 -0.4415
vn -0.5647 0.6734 -0.4772
vn -0.6096 0.6673 -0.4279
vn 0.0004 0.2216 -0.9751
vn -0.0003 -0.1855 -0.9826
vn 0.0085 -0.4715 -0.8818
vn -0.0006 0.1850 -0.9827
vn -0.0000 -0.1525 -0.9883
vn -0.9354 -0.3355 -0.1119
vn 0.9353 0.3356 -0.1119
vn -0.0000 0.0195 -0.9998
vn -0.1001 -0.9950 -0.0000
vn 0.5696 0.8219 -0.0000
vn -0.9483 0.2922 -0.1239
vn -0.8543 0.4789 -0.2020
vn 0.9484 -0.2920 -0.1239
vn 0.8543 -0.4788 -0.2022
vn 0.9484 -0.2919 -0.1239
vn -0.9483 0.2921 -0.1239
vn 0.9354 0.3354 -0.1118
vn -0.9354 -0.3353 -0.1118
vn -0.9354 -0.3355 -0.1117
vn 0.8210 -0.3687 -0.4360
vn 0.9242 -0.2854 -0.2539
vn 0.9644 -0.2086 -0.1628
vn -0.4343 0.7707 -0.4663
vn 0.4343 -0.7705 -0.4665
vn -0.7064 0.5091 -0.4918
vn -0.7064 -0.5091 -0.4918
vn 0.7066 0.5090 -0.4916
vn 0.7066 -0.5090 -0.4916
vn -0.2996 -0.6232 -0.7224
vn -0.4342 0.7707 -0.4663
vn 0.4344 -0.7706 -0.4663
vn 0.4534 0.7787 -0.4337
vn 0.3175 0.6100 -0.7260
vn -0.9694 -0.1691 -0.1780
vn -0.9370 -0.2467 -0.2473
vn 0.9938 0.1096 -0.0178
vn 0.9272 0.2592 -0.2704
vn 0.9364 0.2414 -0.2545
vn -0.3179 0.5949 -0.7383
vn 0.3171 -0.5926 -0.7404
vn 0.3174 0.6100 -0.7261
vn 0.3786 0.5804 -0.7210
vn 0.3623 -0.5705 -0.7371
vn 0.3169 -0.5926 -0.7405
vn -0.2997 -0.6231 -0.7224
vn -0.3833 -0.5831 -0.7162
vn -0.3177 0.5950 -0.7382
vn -0.3649 0.5720 -0.7346
vn -0.9705 0.1482 -0.1904
vn -0.9348 0.2489 -0.2535
vn 0.9957 -0.0873 -0.0308
vn 0.0114 0.9065 0.4220
vn -0.7593 0.5900 0.2746
vn -0.7610 -0.5882 0.2738
vn 0.0114 -0.9065 0.4220
vn -0.3853 0.6118 -0.6908
vn -0.4383 0.5290 -0.7267
vn -0.4892 0.5173 -0.7022
vn -0.7379 0.5312 -0.4163
vn -0.3927 -0.6010 -0.6961
vn -0.7380 -0.5312 -0.4160
vn -0.4892 -0.5173 -0.7022
vn -0.4383 -0.5290 -0.7267
vn 0.3908 0.6037 -0.6948
vn 0.7381 0.5310 -0.4162
vn 0.4892 0.5173 -0.7022
vn 0.4383 0.5289 -0.7267
vn 0.3842 -0.6133 -0.6901
vn 0.7381 -0.5310 -0.4162
vn 0.4892 -0.5173 -0.7022
vn 0.4383 -0.5289 -0.7267
vn -0.9654 -0.2121 -0.1520
vn -0.7845 -0.3728 -0.4955
vn -0.9654 0.2121 -0.1520
vn -0.7845 0.3728 -0.4955
vn 0.9281 0.2491 -0.2766
vn 0.7816 0.3871 -0.4891
vn 0.9281 -0.2491 -0.2766
vn 0.7816 -0.3871 -0.4891
vn 0.3513 -0.5950 -0.7229
vn -0.3594 0.5975 -0.7168
vn 0.4116 0.6146 -0.6729
vn -0.4497 -0.6295 -0.6337
vn -0.1422 -0.4422 -0.8856
vn -0.9709 0.1322 -0.1997
vn -0.9709 -0.1322 -0.1997
vn 0.9975 0.0373 -0.0598
vn 0.9975 -0.0373 -0.0598
vn 0.1427 0.4389 -0.8871
vn -0.1443 0.4297 -0.8914
vn 0.1445 -0.4277 -0.8923
vn 0.9982 0.0335 -0.0499
vn 0.9306 0.2037 -0.3039
vn 0.9982 -0.0337 -0.0502
vn 0.9306 -0.2037 -0.3039
vn -0.1392 -0.4594 -0.8773
vn -0.1422 -0.4420 -0.8857
vn -0.1697 -0.4568 -0.8732
vn -0.1390 -0.4595 -0.8772
vn -0.1438 0.4519 -0.8804
vn -0.1459 0.4485 -0.8818
vn 0.1389 0.4598 -0.8771
vn 0.1427 0.4386 -0.8873
vn 0.1697 0.4567 -0.8733
vn 0.1391 0.4595 -0.8772
vn 0.1459 -0.4485 -0.8818
vn 0.1440 -0.4516 -0.8805
vn -0.0480 0.4229 -0.9049
vn 0.0433 -0.4209 -0.9061
vn 0.0084 0.3980 -0.9173
vn 0.0593 -0.3745 -0.9253
vn -0.0653 0.3716 -0.9261
vn -0.0088 -0.3981 -0.9173
vn -0.7487 0.3692 -0.5506
vn -0.7485 0.3693 -0.5508
vn -0.5016 0.4737 -0.7239
vn -0.7487 -0.3692 -0.5506
vn -0.7485 -0.3693 -0.5508
vn -0.5016 -0.4737 -0.7239
vn 0.5009 0.4762 -0.7227
vn 0.6621 0.3929 -0.6382
vn 0.6619 0.3930 -0.6383
vn 0.5009 -0.4762 -0.7227
vn 0.6621 -0.3929 -0.6382
vn 0.6623 -0.3929 -0.6380
vn -0.0299 0.4066 -0.9131
vn 0.0537 -0.4142 -0.9086
vn -0.1684 0.4704 -0.8662
vn 0.0085 0.3980 -0.9173
vn -0.0009 -0.4023 -0.9155
vn -0.0027 0.4006 -0.9163
vn 0.1687 -0.4705 -0.8661
vn -0.0084 -0.3980 -0.9173
vn 0.9307 0.2037 -0.3039
vn 0.9307 -0.2037 -0.3039
vn -0.7548 0.6173 0.2219
vn -0.7608 -0.6083 0.2259
vn -0.0000 -1.0000 0.0001
vn 0.9975 0.0412 -0.0572
vn 0.9975 -0.0412 -0.0572
vn -0.7488 0.3659 -0.5527
vn -0.7488 -0.3659 -0.5527
vn -0.1678 0.4817 -0.8601
vn -0.1677 0.4819 -0.8600
vn -0.0708 0.5141 -0.8548
vn -0.3651 0.4465 -0.8170
vn -0.3649 0.4463 -0.8171
vn -0.1677 -0.4819 -0.8600
vn -0.1631 -0.4982 -0.8516
vn -0.3651 -0.4465 -0.8170
vn -0.3652 -0.4465 -0.8169
vn 0.2389 0.4546 -0.8580
vn 0.2334 0.4544 -0.8597
vn 0.1679 0.4819 -0.8600
vn 0.1678 0.4821 -0.8599
vn 0.2389 -0.4546 -0.8580
vn 0.1678 -0.4821 -0.8599
vn 0.1762 -0.4517 -0.8746
vn -0.0025 0.4492 -0.8934
vn -0.0111 0.4684 -0.8834
vn 0.0110 -0.4687 -0.8833
vn 0.0024 -0.4494 -0.8933
vn -0.0136 0.9807 0.1951
vn 0.0114 0.9065 0.4219
vn 0.0114 -0.9065 0.4219
vn -0.0136 -0.9807 0.1951
vn 0.6612 0.4177 -0.6231
vn 0.6612 -0.4177 -0.6231
vn 0.0001 0.4558 -0.8901
vn 0.0031 0.4677 -0.8839
vn -0.6507 0.6885 0.3204
vn -0.6676 -0.6750 0.3142
vn 0.0011 -0.4669 -0.8843
vn 0.0019 -0.4605 -0.8877
vn 0.0064 0.4662 -0.8846
vn -0.0708 -0.4750 -0.8771
vn 0.0049 -0.4664 -0.8846
vn -0.0032 0.4666 -0.8845
vn 0.2390 -0.4840 -0.8418
vn -0.0064 -0.4662 -0.8847
vn 0.6613 0.4177 -0.6231
vn 0.6614 0.4176 -0.6230
vn 0.6613 -0.4177 -0.6231
vn 0.6614 -0.4176 -0.6230
vn -0.7487 0.3660 -0.5528
vn -0.7487 -0.3660 -0.5528
vn -0.0096 0.4593 -0.8882
vn 0.0077 -0.4625 -0.8866
vn 0.0147 0.4546 -0.8906
vn -0.0136 -0.4545 -0.8906
vn -0.3647 0.5140 -0.7764
vn -0.3647 -0.5140 -0.7764
vn 0.0067 0.5013 -0.8652
vn -0.0294 0.5519 -0.8334
vn 0.0010 -0.4967 -0.8679
vn -0.9709 0.1557 -0.1821
vn -0.9709 -0.1557 -0.1821
vn 0.0003 0.5013 -0.8653
vn 0.2386 0.5407 -0.8067
vn 0.2386 -0.5407 -0.8067
vn -0.0159 -0.5521 -0.8336
vn 0.0057 -0.5091 -0.8607
vn -0.3646 0.5141 -0.7764
vn -0.3646 -0.5141 -0.7764
vn 0.2385 0.5407 -0.8067
vn 0.2391 0.4842 -0.8417
vn 0.2385 -0.5407 -0.8067
vn 0.2391 -0.4842 -0.8417
vn 0.9974 0.0563 -0.0460
vn 0.9945 -0.0812 -0.0663
vn 0.9975 -0.0516 -0.0492
vn 0.0002 0.4672 -0.8841
vn 0.0010 -0.4670 -0.8842
vn 0.0029 0.4995 -0.8663
vn 0.0034 -0.4953 -0.8687
vn -0.0706 0.5508 -0.8316
vn -0.0708 0.5507 -0.8317
vn -0.0706 -0.5508 -0.8316
vn -0.0708 -0.5507 -0.8317
vn -0.0706 -0.5507 -0.8317
vn -0.0124 0.5567 -0.8306
vn -0.0116 -0.5567 -0.8306
vn -0.6530 0.7326 0.1920
vn -0.6713 -0.7139 0.1993
vn 0.0001 -1.0000 0.0003
vn -0.0000 0.9915 0.1300
vn -0.8114 0.5795 0.0760
vn -0.7804 -0.6200 0.0813
vn -0.0000 -0.9915 0.1300
vn 0.9944 0.0768 -0.0731
vn 0.9295 0.2671 -0.2544
vn 0.9295 -0.2671 -0.2544
vn 0.0433 0.5223 -0.8517
vn 0.0067 0.5520 -0.8338
vn 0.0057 -0.5090 -0.8608
vn -0.0706 0.5507 -0.8317
vn 0.0123 -0.5520 -0.8338
vn 0.0468 0.5792 -0.8138
vn -0.1047 0.6463 -0.7559
vn -0.0175 -0.5520 -0.8336
vn -0.0178 0.5522 -0.8335
vn 0.0293 0.5674 -0.8229
vn 0.0318 -0.5674 -0.8229
vn 0.0125 -0.5517 -0.8339
vn -0.0177 0.5523 -0.8335
vn -0.0000 -1.0000 -0.0002
vn 0.0467 0.5793 -0.8138
vn -0.0176 -0.5520 -0.8337
vn 0.0432 -0.5822 -0.8119
vn -0.0607 -0.6487 -0.7587
vn -0.7488 0.4307 -0.5038
vn -0.7488 -0.4307 -0.5038
vn -0.7487 -0.4308 -0.5038
vn -0.0066 0.5701 -0.8216
vn 0.0097 -0.5770 -0.8167
vn -0.0061 -0.5713 -0.8207
vn 0.0231 0.5996 -0.8000
vn 0.0230 -0.5998 -0.7998
vn 0.0085 0.5782 -0.8159
vn 0.0100 -0.5768 -0.8168
vn 0.6578 0.5454 -0.5195
vn 0.6578 0.5453 -0.5195
vn 0.6578 -0.5454 -0.5195
vn 0.9945 0.0812 -0.0663
vn 0.9945 -0.0815 -0.0665
vn 0.0084 0.5784 -0.8157
vn -0.0023 0.5832 -0.8123
vn 0.0095 -0.6169 -0.7870
vn 0.0057 0.6217 -0.7833
vn 0.0106 0.6246 -0.7809
vn 0.0026 -0.5868 -0.8098
vn -0.0022 0.5833 -0.8123
vn -0.0021 -0.5838 -0.8119
vn -0.0074 0.6187 -0.7856
vn -0.0071 -0.6187 -0.7856
vn 0.0023 0.5875 -0.8093
vn 0.0108 0.6246 -0.7808
vn -0.0021 -0.5840 -0.8118
vn 0.0114 -0.6250 -0.7805
vn 0.0057 -0.6226 -0.7826
vn 0.9981 0.0549 -0.0270
vn 0.9295 0.3311 -0.1627
vn 0.9990 -0.0440 -0.0102
vn 0.9945 -0.0941 -0.0462
vn 0.9295 -0.3311 -0.1626
vn -0.0000 -0.5931 -0.8051
vn -0.0000 0.5932 -0.8051
vn -0.3647 0.6051 -0.7077
vn -0.7487 0.4307 -0.5038
vn -0.3647 -0.6051 -0.7077
vn 0.2365 0.7035 -0.6702
vn 0.2364 0.7036 -0.6701
vn 0.6578 -0.5453 -0.5196
vn 0.2364 -0.7035 -0.6702
vn 0.9944 0.1025 -0.0238
vn -0.0703 0.6482 -0.7582
vn -0.0703 -0.6483 -0.7582
vn -0.0705 -0.6482 -0.7582
vn -0.0706 0.6482 -0.7582
vn 0.6578 0.6760 -0.3321
vn 0.9295 -0.3311 -0.1627
vn 0.6578 -0.6760 -0.3322
vn 0.0061 0.7744 -0.6326
vn -0.0000 0.7241 -0.6897
vn -0.0000 -0.7241 -0.6897
vn 0.0061 -0.7744 -0.6326
vn 0.2365 -0.7036 -0.6701
vn -0.9709 0.1767 -0.1617
vn -0.9709 -0.1767 -0.1617
vn 0.2365 0.8721 -0.4284
vn 0.6578 -0.6760 -0.3321
vn 0.2365 -0.8721 -0.4284
vn 0.9945 0.1021 -0.0237
vn 0.9974 -0.0704 -0.0164
vn 0.9944 -0.1048 -0.0161
vn -0.0030 0.8975 -0.4409
vn -0.0030 -0.8975 -0.4409
vn 0.9975 0.0705 -0.0108
vn 0.9295 0.3646 -0.0560
vn 0.9295 0.3647 -0.0559
vn 0.9295 -0.3646 -0.0560
vn 0.9295 -0.3647 -0.0559
vn -0.7487 0.4891 -0.4474
vn -0.7487 -0.4891 -0.4474
vn 0.0061 0.9740 -0.2263
vn -0.0030 0.8975 -0.4411
vn -0.0030 -0.8975 -0.4411
vn 0.0061 -0.9740 -0.2263
vn 0.2365 0.8720 -0.4286
vn 0.2365 -0.8720 -0.4286
vn 0.6578 0.7445 -0.1142
vn 0.9295 0.3645 -0.0559
vn 0.9295 -0.3645 -0.0559
vn 0.6578 -0.7445 -0.1142
vn 0.0057 0.6497 -0.7601
vn -0.0086 0.7239 -0.6898
vn -0.0086 -0.7239 -0.6898
vn 0.0057 -0.6497 -0.7601
vn 0.2365 0.9604 -0.1472
vn 0.2365 -0.9604 -0.1472
vn -0.0707 0.6482 -0.7582
vn -0.0707 -0.6482 -0.7582
vn -0.0000 0.9885 -0.1515
vn -0.0000 -0.9885 -0.1515
vn -0.3647 0.6870 -0.6285
vn -0.3647 -0.6870 -0.6285
vn -0.0702 0.7360 -0.6733
vn -0.0702 -0.7360 -0.6733
vn -0.0707 -0.7360 -0.6733
vn -0.0703 0.7360 -0.6733
vn -0.0000 0.7379 -0.6750
vn -0.0000 -0.7379 -0.6750
vn 0.2391 0.9710 -0.0000
vn 0.2391 -0.9710 -0.0000
vn 0.6623 0.7492 -0.0000
vn 0.6624 0.7492 -0.0000
vn 0.6623 -0.7492 -0.0000
vn 0.6621 0.7494 -0.0000
vn 0.6621 -0.7494 -0.0000
vn 0.6620 -0.7495 -0.0000
vn 0.9310 0.3651 -0.0000
vn 0.9310 -0.3651 -0.0000
vn 0.9309 0.3652 -0.0000
vn 0.9309 -0.3652 -0.0000
vn 0.9975 0.0705 -0.0000
vn 0.9975 -0.0708 -0.0000
vn 0.9975 -0.0705 -0.0000
vn -0.9702 0.2116 -0.1183
vn -0.9702 -0.2116 -0.1183
vn -0.7446 0.5827 -0.3257
vn -0.7446 -0.5827 -0.3257
vn -0.3607 0.8141 -0.4551
vn -0.3607 -0.8141 -0.4552
vn -0.3606 -0.8141 -0.4551
vn -0.9702 0.2389 -0.0410
vn -0.9702 -0.2389 -0.0410
vn -0.0694 0.8707 -0.4869
vn -0.3606 0.8141 -0.4552
vn -0.0698 -0.8707 -0.4868
vn -0.0697 -0.8707 -0.4869
vn -0.0697 0.8707 -0.4868
vn -0.0000 0.8729 -0.4880
vn -0.0000 -0.8729 -0.4880
vn -0.7446 0.6579 -0.1128
vn -0.7446 0.6578 -0.1129
vn -0.7446 -0.6579 -0.1128
vn -0.7446 -0.6579 -0.1129
vn -0.0000 0.1887 0.9820
vn 0.0012 -0.2000 0.9798
vn -0.0007 -0.2446 0.9696
vn -0.0000 -0.0130 0.9999
vn 0.9927 -0.1206 -0.0000
vn 1.0000 -0.0000 0.0061
vn 0.9927 0.1206 -0.0000
vn 0.8855 -0.4647 -0.0000
vn 0.8855 0.4647 -0.0000
vn 0.5681 -0.8230 -0.0000
vn 0.5681 0.8230 -0.0000
vn 0.1205 -0.9927 -0.0000
vn 0.1205 0.9927 -0.0000
vn -0.0000 0.1888 0.9820
vn -0.0069 0.0130 0.9999
vn 0.0015 0.0129 0.9999
vn 0.0012 -0.0131 0.9999
vn 0.0006 -0.0053 1.0000
vn -0.3546 -0.9350 -0.0000
vn -0.3546 0.9350 -0.0000
vn 0.0007 0.0059 1.0000
vn 0.0005 0.0056 1.0000
vn -0.7485 -0.6631 -0.0000
vn -0.7485 0.6631 -0.0000
vn 0.0020 0.0056 1.0000
vn 0.0044 0.0188 0.9998
vn 0.0044 -0.0187 0.9998
vn 0.0020 -0.0057 1.0000
vn -0.9709 -0.2393 -0.0000
vn -0.9709 0.2393 -0.0000
vn 0.0058 0.0164 0.9998
vn 0.0019 0.0043 1.0000
vn 0.0014 0.0041 1.0000
vn 0.0015 -0.0046 1.0000
vn 0.0016 -0.0045 1.0000
vn 0.0057 0.0103 0.9999
vn 0.0024 0.0037 1.0000
vn 0.0062 -0.0095 0.9999
vn 0.0056 -0.0126 0.9999
vn 0.0029 -0.0045 1.0000
vn 0.0024 -0.0035 1.0000
vn 0.0019 -0.0034 1.0000
vn 0.0031 0.0049 1.0000
vn 0.0025 0.0036 1.0000
vn 0.0131 0.0157 0.9998
vn 0.0052 0.0056 1.0000
vn 0.0040 -0.0038 1.0000
vn 0.0132 -0.0158 0.9998
vn 0.0080 -0.0076 0.9999
vn 0.0043 -0.0039 1.0000
vn 0.0055 0.0058 1.0000
vn 0.0033 0.0025 1.0000
vn 0.0107 0.0108 0.9999
vn 0.0086 0.0071 0.9999
vn 0.0046 0.0034 1.0000
vn 0.0034 0.0024 1.0000
vn 0.0048 -0.0028 1.0000
vn 0.0133 -0.0082 0.9999
vn 0.0046 0.0019 1.0000
vn 0.0178 0.0100 0.9998
vn 0.0049 0.0020 1.0000
vn 0.0056 -0.0017 1.0000
vn 0.0181 -0.0080 0.9998
vn 0.0041 -0.0013 1.0000
vn 0.0044 -0.0015 1.0000
vn 0.0090 0.0037 1.0000
vn 0.0090 0.0035 1.0000
vn 0.0053 0.0008 1.0000
vn 0.0177 0.0033 0.9998
vn 0.0121 -0.0009 0.9999
vn 0.0135 -0.0032 0.9999
vn 0.0059 -0.0004 1.0000
vn 0.0045 -0.0002 1.0000
vn 0.0040 -0.0006 1.0000
vn 0.0197 0.0009 0.9998
vn 0.0016 0.2446 0.9696
vn 0.0227 0.2445 0.9694
vn 0.0227 -0.2445 0.9694
vn 0.0556 0.2384 0.9696
vn 0.0556 -0.2384 0.9696
vn 0.0731 0.2568 0.9637
vn 0.0774 0.2323 0.9696
vn 0.0924 -0.2771 0.9564
vn 0.0986 0.2241 0.9696
vn 0.0986 -0.2241 0.9696
vn 0.0672 -0.2362 0.9694
vn 0.1188 0.2140 0.9696
vn 0.1190 0.2390 0.9637
vn 0.1420 -0.2558 0.9562
vn 0.1381 0.2021 0.9696
vn 0.1381 -0.2021 0.9696
vn 0.1094 -0.2198 0.9694
vn 0.1562 0.1885 0.9696
vn 0.1609 0.2131 0.9637
vn 0.1869 -0.2255 0.9562
vn 0.1729 0.1732 0.9696
vn 0.1814 -0.1654 0.9694
vn 0.1479 -0.1959 0.9694
vn 0.1973 0.1799 0.9637
vn 0.1882 0.1565 0.9696
vn 0.2019 0.1385 0.9696
vn 0.2087 -0.1293 0.9694
vn 0.2270 0.1406 0.9637
vn 0.2138 0.1192 0.9696
vn 0.2289 0.0887 0.9694
vn 0.2290 0.0887 0.9694
vn 0.2239 -0.0989 0.9696
vn 0.2783 -0.0934 0.9559
vn 0.2414 0.0451 0.9694
vn 0.2413 0.0451 0.9694
vn 0.2383 -0.0561 0.9696
vn 0.2290 -0.0887 0.9694
vn 0.2911 -0.0407 0.9558
vn 0.2445 0.0113 0.9696
vn 0.2445 -0.0113 0.9696
vn 0.2413 -0.0451 0.9694
vn 0.2670 -0.0000 0.9637
vn -0.3606 0.9193 -0.1577
vn -0.3604 0.9194 -0.1577
vn -0.7445 0.6580 -0.1129
vn -0.3606 -0.9193 -0.1577
vn -0.3609 -0.9192 -0.1578
vn -0.7445 -0.6580 -0.1129
vn 0.0016 0.1916 0.9815
vn 0.0012 -0.1998 0.9798
vn 0.0012 -0.2445 0.9696
vn 0.0018 -0.2007 0.9796
vn 0.0031 0.5464 0.8375
vn 0.0017 0.2445 0.9696
vn -0.0027 0.6508 0.7592
vn -0.0020 -0.6508 0.7592
vn 0.0034 -0.5486 0.8361
vn -0.0696 0.9832 -0.1687
vn -0.0695 -0.9832 -0.1687
vn -0.0696 -0.9832 -0.1686
vn 0.0602 0.6497 0.7578
vn 0.0602 -0.6497 0.7578
vn 0.1786 0.6275 0.7578
vn 0.1786 -0.6275 0.7578
vn 0.2908 0.5840 0.7578
vn 0.2908 0.5841 0.7578
vn 0.2908 -0.5840 0.7578
vn 0.3932 0.5207 0.7578
vn 0.3932 0.5208 0.7577
vn 0.3932 -0.5207 0.7578
vn 0.2908 -0.5841 0.7578
vn 0.4822 0.4396 0.7577
vn 0.4822 0.4395 0.7578
vn 0.4823 -0.4396 0.7577
vn 0.3933 -0.5207 0.7577
vn 0.5547 0.3435 0.7578
vn 0.4822 -0.4396 0.7578
vn 0.5547 -0.3435 0.7578
vn 0.6084 0.2357 0.7578
vn 0.6084 -0.2357 0.7578
vn 0.6414 0.1199 0.7578
vn 0.6414 -0.1199 0.7578
vn 0.6525 -0.0000 0.7578
vn -0.0695 0.9832 -0.1688
vn -0.0000 0.9856 -0.1690
vn -0.0000 -0.9856 -0.1690
vn 0.0020 -0.7984 0.6021
vn 0.0022 0.8027 0.5964
vn 0.0022 0.8028 0.5963
vn -0.0014 -0.7945 0.6073
vn 0.0020 -0.6509 0.7591
vn 0.0084 0.9121 0.4098
vn -0.0074 0.6509 0.7591
vn 0.0602 0.6498 0.7578
vn 0.0602 -0.6498 0.7578
vn 0.0068 0.9827 0.1850
vn 0.0018 0.9256 0.3785
vn 0.0854 0.9222 0.3772
vn 0.0022 -0.9256 0.3785
vn 0.0854 -0.9222 0.3772
vn 0.0855 0.9222 0.3771
vn 0.2535 0.8908 0.3771
vn 0.0855 -0.9222 0.3771
vn 0.2535 -0.8908 0.3771
vn 0.4128 0.8291 0.3771
vn 0.4128 -0.8291 0.3771
vn 0.5582 0.7391 0.3771
vn 0.5582 0.7391 0.3772
vn 0.5582 -0.7391 0.3771
vn 0.6844 0.6239 0.3772
vn 0.6844 0.6240 0.3771
vn 0.6844 -0.6240 0.3772
vn 0.5581 -0.7391 0.3772
vn 0.7874 0.4876 0.3771
vn 0.7874 0.4875 0.3772
vn 0.7874 -0.4876 0.3771
vn 0.6844 -0.6240 0.3771
vn 0.8636 0.3346 0.3771
vn 0.8636 0.3346 0.3772
vn 0.7874 -0.4876 0.3772
vn 0.8636 -0.3346 0.3772
vn 0.9104 0.1702 0.3771
vn 0.9104 0.1702 0.3772
vn 0.8636 -0.3346 0.3771
vn 0.9104 -0.1702 0.3771
vn 0.9261 -0.0000 0.3772
vn 0.9104 -0.1702 0.3772
vn -0.9710 0.2391 0.0043
vn -0.9975 0.0708 -0.0000
vn -0.9975 -0.0709 -0.0000
vn -0.9710 -0.2391 0.0043
vn -0.7494 0.6621 -0.0010
vn -0.9309 0.3652 -0.0037
vn -0.9309 -0.3652 -0.0037
vn -0.7495 -0.6620 -0.0010
vn -0.7493 0.6622 0.0039
vn -0.9310 0.3651 -0.0013
vn -0.9310 -0.3651 -0.0013
vn -0.7493 -0.6622 0.0039
vn -0.3651 0.9310 0.0013
vn -0.6621 0.7494 -0.0039
vn -0.6621 -0.7494 -0.0039
vn -0.3654 -0.9308 0.0013
vn -0.3652 0.9309 0.0037
vn -0.6623 0.7492 0.0010
vn -0.6623 -0.7492 0.0010
vn -0.3652 -0.9309 0.0037
vn -0.0705 0.9975 -0.0000
vn -0.2391 0.9710 -0.0042
vn -0.2391 -0.9710 -0.0042
vn -0.0708 -0.9975 -0.0000
vn 0.0011 -0.9564 0.2920
vn 0.0017 0.9811 0.1936
vn -0.0005 -0.9556 0.2946
vn 0.0012 -0.9256 0.3784
vn -0.0042 0.9256 0.3784
vn 0.0854 0.9222 0.3771
vn 0.0854 -0.9222 0.3771
vn -0.0000 0.9970 0.0773
vn 0.0920 0.9928 0.0773
vn 0.0920 0.9928 0.0771
vn 0.0002 -0.9970 0.0776
vn 0.0920 -0.9928 0.0773
vn 0.2728 0.9589 0.0774
vn 0.2729 0.9590 0.0770
vn 0.2729 -0.9590 0.0771
vn 0.0920 -0.9927 0.0774
vn 0.2729 -0.9590 0.0770
vn 0.2728 0.9590 0.0772
vn 0.4444 0.8925 0.0772
vn 0.2728 -0.9590 0.0772
vn 0.4444 -0.8925 0.0772
vn 0.6008 0.7956 0.0772
vn 0.6008 0.7957 0.0770
vn 0.4445 0.8925 0.0770
vn 0.4445 -0.8925 0.0770
vn 0.6009 -0.7956 0.0770
vn 0.7368 0.6716 0.0773
vn 0.7368 0.6716 0.0772
vn 0.7368 0.6717 0.0773
vn 0.6008 -0.7956 0.0772
vn 0.7368 -0.6717 0.0771
vn 0.7368 -0.6716 0.0772
vn 0.8477 0.5248 0.0773
vn 0.8477 0.5249 0.0769
vn 0.7368 -0.6717 0.0773
vn 0.8477 -0.5248 0.0773
vn 0.8477 -0.5249 0.0769
vn 0.9297 0.3602 0.0774
vn 0.8477 0.5248 0.0774
vn 0.9297 0.3602 0.0771
vn 0.8477 -0.5249 0.0770
vn 0.9297 -0.3602 0.0770
vn 0.9800 0.1832 0.0774
vn 0.9801 0.1832 0.0769
vn 0.9801 0.1830 0.0772
vn 0.9801 -0.1830 0.0772
vn 0.9297 -0.3602 0.0771
vn 0.9800 -0.1832 0.0770
vn 0.9970 -0.0000 0.0772
vn 0.9970 -0.0000 0.0768
vn 0.9800 -0.1832 0.0772
vn -0.0000 -0.9982 0.0602
vn 0.0923 0.9957 -0.0000
vn 0.0923 -0.9957 -0.0000
vn 0.2737 0.9618 -0.0000
vn 0.2737 -0.9618 -0.0000
vn 0.2736 0.9618 -0.0000
vn 0.2736 -0.9618 -0.0000
vn 0.4457 0.8952 -0.0000
vn 0.4457 -0.8952 -0.0000
vn 0.4458 0.8951 -0.0000
vn 0.4458 -0.8951 -0.0000
vn 0.6026 0.7980 -0.0000
vn 0.6026 -0.7980 -0.0000
vn 0.7390 0.6737 -0.0000
vn 0.7390 -0.6737 -0.0000
vn 0.8502 0.5264 -0.0000
vn 0.8502 -0.5264 -0.0000
vn 0.8502 0.5265 -0.0000
vn 0.8502 -0.5265 -0.0000
vn 0.9325 0.3612 -0.0000
vn 0.9325 -0.3612 -0.0000
vn 0.9830 0.1836 -0.0000
vn 0.9830 0.1837 -0.0000
vn 0.9830 -0.1837 -0.0000
vn 0.9830 0.1838 -0.0000
vn 0.9830 -0.1836 -0.0000
vn 0.9830 -0.1838 -0.0000
vn -0.0000 0.9871 0.1602
vn -0.0000 -0.9871 0.1602
vn 0.2362 0.9592 0.1557
vn 0.2362 -0.9592 0.1557
vn 0.2362 -0.9592 0.1556
vn 0.6575 0.7437 0.1206
vn 0.2362 0.9592 0.1556
vn 0.6575 -0.7437 0.1206
vn 0.6573 0.7439 0.1207
vn 0.6573 -0.7439 0.1207
vn 0.9293 0.3645 0.0591
vn 0.9293 -0.3645 0.0591
vn 0.9293 0.3645 0.0592
vn 0.9293 0.3646 0.0592
vn 0.9293 -0.3646 0.0592
vn 0.9293 -0.3645 0.0592
vn 0.9974 0.0708 0.0115
vn 0.9975 0.0704 0.0114
vn 0.9974 -0.0708 0.0115
vn 0.9975 -0.0704 0.0114
vn -0.0000 0.8858 0.4640
vn -0.0000 -0.8858 0.4640
vn 0.2381 0.8869 0.3959
vn 0.3781 0.7413 0.5546
vn 0.0763 0.8832 0.4627
vn 0.2362 -0.8607 0.4510
vn 0.2361 -0.8608 0.4509
vn 0.6605 0.6869 0.3032
vn 0.7587 0.5130 0.4015
vn 0.3695 0.8499 0.3758
vn 0.6573 -0.6676 0.3497
vn 0.6572 -0.6676 0.3498
vn 0.9258 0.3115 0.2140
vn 0.7494 0.6083 0.2614
vn 0.9293 -0.3271 0.1714
vn 0.9293 -0.3272 0.1714
vn 0.6573 -0.6676 0.3498
vn 0.9974 0.0624 0.0354
vn 0.9670 0.2385 0.0896
vn 0.9670 0.2383 0.0895
vn 0.9974 -0.0632 0.0332
vn 0.9974 -0.0634 0.0332
vn 0.0104 0.8299 0.5579
vn -0.0000 0.8614 0.5079
vn -0.0000 -0.8299 0.5579
vn 0.0769 0.8589 0.5064
vn 0.2376 -0.8367 0.4934
vn 0.0104 -0.8614 0.5079
vn 0.0766 0.8589 0.5065
vn 0.3761 0.7981 0.4707
vn 0.1625 -0.8409 0.5162
vn 0.2381 -0.8276 0.5084
vn 0.9999 0.0121 0.0064
vn 0.9974 -0.0632 0.0331
vn 0.3766 -0.8059 0.4568
vn 0.6609 -0.6378 0.3956
vn 0.3761 0.7982 0.4707
vn 0.3759 0.7982 0.4707
vn 0.7568 0.5630 0.3320
vn 0.6606 -0.6379 0.3957
vn 0.9307 -0.3061 0.2003
vn 0.7576 -0.5709 0.3163
vn 0.7568 0.5631 0.3320
vn 0.7567 0.5632 0.3320
vn 0.9639 0.2294 0.1353
vn 0.9694 0.2039 0.1364
vn 0.9307 -0.3062 0.2003
vn 0.9975 -0.0605 0.0371
vn 0.9695 -0.2185 0.1114
vn 0.9694 0.2039 0.1365
vn -0.0033 0.8776 0.4793
vn -0.0120 0.8874 0.4609
vn -0.0384 0.8993 0.4357
vn -0.0386 0.8994 0.4355
vn -0.1315 0.9069 0.4002
vn -0.3354 0.8669 0.3688
vn 0.0104 0.8510 0.5250
vn -0.0620 -0.9041 0.4228
vn -0.2209 -0.8975 0.3818
vn -0.0185 -0.8916 0.4524
vn -0.0184 -0.8916 0.4524
vn -0.0055 -0.8808 0.4734
vn 0.0104 -0.8531 0.5216
vn 0.0770 0.8588 0.5064
vn 0.0458 0.9067 0.4193
vn 0.0242 0.8848 0.4653
vn 0.0134 0.8612 0.5080
vn 0.0134 0.8613 0.5078
vn -0.1404 0.8529 0.5029
vn 0.0977 0.9285 0.3582
vn 0.0457 0.9067 0.4194
vn 0.0765 -0.8589 0.5065
vn 0.0088 -0.8469 0.5316
vn 0.0087 -0.8466 0.5321
vn 0.0198 -0.8768 0.4804
vn 0.0347 -0.8977 0.4392
vn 0.0727 -0.9208 0.3832
vn -0.0270 -0.8611 0.5078
vn 0.9998 0.0146 0.0098
vn 0.9999 0.0108 0.0075
vn 0.9975 -0.0606 0.0371
vn 1.0000 -0.0046 0.0025
vn 0.0003 0.8875 0.4607
vn -0.0501 -0.9987 0.0086
vn 0.1412 -0.9900 -0.0033
vn -0.0025 -0.8963 0.4434
vn -0.1873 -0.9823 -0.0060
vn -0.1297 -0.9916 0.0001
vn 0.0071 -1.0000 0.0001
vn -0.1109 0.9938 0.0016
vn -0.1276 0.9918 -0.0001
vn 0.0074 1.0000 -0.0001
vn 0.0287 0.9996 -0.0030
vn 0.2566 0.9665 0.0026
vn -0.3000 0.9539 -0.0013
vn 1.0000 0.0069 0.0032
vn 0.3139 -0.9494 0.0099
vn -0.3944 -0.9189 0.0086
vn 1.0000 0.0041 0.0021
vn 0.9694 0.2177 0.1131
vn 0.4190 0.9080 0.0005
vn 0.2514 0.9679 0.0018
vn 0.3205 0.9472 0.0005
vn 0.3954 0.9185 0.0003
vn 0.4201 0.9075 -0.0009
vn -0.0000 0.2393 -0.9709
vn -0.0000 -0.2393 -0.9709
vn -0.0772 -0.9970 -0.0005
vn 0.3214 -0.9470 -0.0019
vn 0.4183 -0.9083 -0.0005
vn 0.2512 -0.9679 -0.0018
vn -0.4456 0.8950 0.0195
vn 0.4755 -0.8797 0.0030
vn 0.0765 0.9491 0.3055
vn -0.0006 0.9519 0.3064
vn 0.0849 0.9666 0.2416
vn 0.0768 -0.9491 0.3055
vn 0.0766 -0.9491 0.3054
vn 0.0059 -0.9362 0.3513
vn 0.0327 -0.9514 0.3062
vn 0.0769 0.9491 0.3054
vn 0.3760 0.8821 0.2838
vn 0.3760 -0.8821 0.2838
vn 0.3760 0.8821 0.2839
vn 0.7568 0.6222 0.2002
vn 0.7568 -0.6222 0.2003
vn 0.7567 -0.6223 0.2002
vn -0.5052 -0.8622 0.0370
vn 0.5615 0.8275 0.0014
vn 0.7567 0.6223 0.2003
vn 0.9694 0.2289 0.0882
vn 0.9639 0.2535 0.0816
vn 0.9692 -0.2345 0.0755
vn 0.9694 -0.2289 0.0882
vn 0.9568 -0.2813 0.0740
vn -0.0000 -0.6631 -0.7485
vn -0.0000 0.6631 -0.7485
vn -0.4563 0.8898 0.0092
vn -0.3788 0.9255 -0.0001
vn -0.5497 0.8354 -0.0001
vn -0.3589 -0.9334 -0.0060
vn -0.4655 -0.8851 0.0001
vn -0.5510 -0.8345 0.0001
vn -0.5522 -0.8337 -0.0001
vn -0.6014 0.7989 -0.0020
vn 0.5770 -0.8164 0.0246
vn 1.0000 0.0043 0.0017
vn 0.9998 -0.0178 0.0068
vn 1.0000 0.0073 0.0034
vn 0.0082 -0.9647 0.2631
vn -0.6685 -0.7437 -0.0000
vn 0.5028 0.8644 -0.0048
vn 0.6473 0.7622 0.0033
vn 1.0000 -0.0067 0.0015
vn -0.6915 0.7224 0.0035
vn 0.9999 0.0166 0.0043
vn 0.9694 0.2372 0.0624
vn 1.0000 -0.0045 0.0012
vn 0.6148 0.7887 -0.0000
vn 0.5295 -0.8483 -0.0000
vn 1.0000 0.0047 0.0007
vn -0.0000 -0.9350 -0.3546
vn -0.0000 0.9350 -0.3546
vn 0.0082 -0.9647 0.2632
vn -0.6686 -0.7436 0.0001
vn -0.0006 0.9747 0.2235
vn 0.0766 0.9491 0.3054
vn -0.0281 0.9515 0.3064
vn 0.0771 -0.9490 0.3056
vn 0.0069 -0.9519 0.3065
vn -0.0033 -0.9879 0.1553
vn -0.7120 -0.7021 0.0087
vn 0.0771 0.9930 0.0895
vn 0.0352 0.9953 0.0897
vn 0.0175 0.9943 0.1048
vn 0.0771 -0.9930 0.0896
vn 0.0770 -0.9930 0.0895
vn 0.0429 -0.9950 0.0897
vn 0.0767 0.9930 0.0896
vn 0.3760 0.9229 0.0833
vn 0.3761 -0.9228 0.0832
vn 0.3760 -0.9229 0.0832
vn 0.3761 0.9228 0.0832
vn 0.7567 0.6511 0.0587
vn 0.7568 -0.6511 0.0587
vn 0.7567 -0.6511 0.0587
vn 0.7568 0.6511 0.0587
vn 0.9692 0.2454 0.0221
vn 0.9692 -0.2454 0.0221
vn 0.9566 -0.2911 0.0103
vn 0.9695 -0.2427 0.0357
vn 0.9997 0.0239 0.0022
vn 0.9999 -0.0116 0.0017
vn 1.0000 -0.0045 0.0010
vn -0.7123 0.7018 0.0100
vn -0.0078 -0.9995 0.0315
vn -0.7039 -0.7103 0.0046
vn 0.9999 -0.0156 0.0006
vn 0.9999 -0.0166 0.0006
vn -0.0000 -0.9927 0.1205
vn -0.0000 0.9927 0.1205
vn -0.0173 0.9994 -0.0305
vn -0.6947 0.7193 -0.0050
vn -0.2257 -0.9742 0.0093
vn -0.3007 -0.9537 0.0013
vn -0.3961 0.9182 -0.0084
vn -0.5089 0.8601 -0.0349
vn -0.1881 0.9821 0.0056
vn 0.0285 -0.9996 0.0030
vn 0.2562 -0.9666 -0.0026
vn 0.5940 -0.8037 -0.0335
vn 0.5436 -0.8392 -0.0146
vn 0.4197 -0.9076 0.0013
vn 0.4199 -0.9076 0.0013
vn -0.9975 0.0705 -0.0101
vn -0.9974 -0.0708 -0.0102
vn -0.9975 -0.0704 -0.0101
vn -0.9975 0.0704 -0.0101
vn -0.9296 0.3647 -0.0524
vn -0.9296 -0.3647 -0.0524
vn -0.9297 0.3646 -0.0524
vn -0.9297 -0.3646 -0.0524
vn -0.6583 0.7451 -0.1071
vn -0.6583 -0.7451 -0.1071
vn -0.6585 0.7449 -0.1071
vn -0.2368 0.9617 -0.1383
vn -0.2367 -0.9617 -0.1383
vn -0.2368 -0.9617 -0.1383
vn -0.2367 0.9617 -0.1383
vn -0.0000 0.9898 -0.1423
vn -0.0000 -0.9898 -0.1423
vn 0.0184 0.9806 -0.1951
vn 0.0184 -0.9806 -0.1951
vn 1.0000 0.0085 -0.0012
vn 1.0000 -0.0081 -0.0012
vn -0.0503 0.9987 -0.0087
vn 0.3141 0.9493 -0.0099
vn 0.1411 0.9900 0.0033
vn 1.0000 -0.0085 -0.0011
vn 1.0000 -0.0057 -0.0008
vn 1.0000 0.0063 -0.0008
vn 0.9692 0.2442 -0.0323
vn 0.9692 -0.2442 -0.0323
vn 0.7568 0.6480 -0.0857
vn 0.7568 -0.6480 -0.0857
vn 0.3761 0.9186 -0.1215
vn 0.3761 -0.9186 -0.1215
vn 0.0768 0.9884 -0.1307
vn 0.0770 0.9884 -0.1308
vn 0.0767 -0.9885 -0.1307
vn 0.0768 -0.9884 -0.1307
vn 0.0401 0.9906 -0.1310
vn 0.0130 -0.9913 -0.1311
vn 0.0266 -0.9941 -0.1048
vn -0.6966 -0.7173 -0.0129
vn -0.6037 -0.7972 0.0033
vn -0.4497 -0.8930 -0.0158
vn -0.6878 -0.7258 -0.0054
vn -0.6965 -0.7174 -0.0127
vn -0.6967 0.7173 -0.0134
vn -0.5541 0.8324 0.0006
vn -0.6684 0.7438 -0.0005
vn 0.0384 0.9863 -0.1601
vn -0.9975 0.0647 -0.0296
vn -0.9975 -0.0647 -0.0296
vn -0.9975 -0.0648 -0.0296
vn 0.0766 0.9884 -0.1308
vn 0.0194 0.9912 -0.1311
vn 0.0384 0.9863 -0.1602
vn 0.0766 -0.9884 -0.1308
vn 0.0266 -0.9910 -0.1311
vn 0.0493 -0.9931 -0.1066
vn -0.9974 0.0650 -0.0297
vn -0.9296 0.3352 -0.1531
vn -0.9296 -0.3352 -0.1531
vn -0.9296 -0.3351 -0.1531
vn -0.6583 0.6847 -0.3127
vn -0.6584 -0.6847 -0.3127
vn -0.6583 -0.6847 -0.3127
vn -0.2367 0.8838 -0.4037
vn -0.2367 0.8838 -0.4036
vn -0.6584 0.6847 -0.3127
vn -0.2367 -0.8838 -0.4037
vn -0.2367 -0.8838 -0.4036
vn -0.0000 -0.8230 0.5681
vn -0.0000 0.8230 0.5681
vn -0.0115 0.9095 -0.4154
vn -0.0115 -0.9095 -0.4154
vn -0.0744 -0.9358 -0.3447
vn 0.1089 -0.9631 -0.2460
vn 1.0000 0.0062 -0.0009
vn -0.0115 0.9096 -0.4154
vn -0.0115 -0.9096 -0.4154
vn 0.9966 0.0775 -0.0285
vn 0.9692 0.2312 -0.0852
vn 0.9689 -0.2320 -0.0856
vn 0.9692 -0.2312 -0.0851
vn 0.0230 0.8312 -0.5554
vn 0.0230 -0.8312 -0.5554
vn -0.9975 0.0538 -0.0466
vn -0.9975 -0.0538 -0.0466
vn -0.0072 0.9661 -0.2580
vn 0.7568 0.6134 -0.2259
vn 0.7568 -0.6134 -0.2260
vn 0.9692 -0.2312 -0.0852
vn -0.9296 0.2785 -0.2413
vn -0.9296 -0.2785 -0.2413
vn 0.3761 0.8695 -0.3203
vn 0.3759 0.8695 -0.3203
vn 0.3761 -0.8695 -0.3203
vn 0.7568 -0.6134 -0.2259
vn 0.0769 0.9356 -0.3447
vn 0.0766 0.9356 -0.3446
vn 0.0766 -0.9356 -0.3447
vn 0.3759 -0.8695 -0.3203
vn 0.0292 0.9380 -0.3455
vn 0.0766 -0.9356 -0.3446
vn 1.0000 0.0042 -0.0019
vn 1.0000 -0.0044 -0.0020
vn -0.6583 0.5688 -0.4929
vn -0.6584 -0.5688 -0.4929
vn -0.6583 -0.5689 -0.4929
vn -0.0920 0.9357 -0.3407
vn -0.1897 -0.9226 -0.3359
vn 0.0325 -0.9424 -0.3330
vn -0.6584 0.5688 -0.4929
vn -0.2367 0.7343 -0.6362
vn -0.2368 0.7343 -0.6362
vn -0.2368 -0.7343 -0.6362
vn -0.2367 -0.7343 -0.6362
vn -0.9975 0.0385 -0.0599
vn -0.9975 -0.0385 -0.0599
vn -0.9974 -0.0387 -0.0601
vn -0.0092 0.7557 -0.6548
vn -0.0092 -0.7557 -0.6548
vn -0.0348 -0.9329 -0.3585
vn -0.9296 0.1992 -0.3100
vn -0.9296 -0.1992 -0.3100
vn -0.9297 -0.1992 -0.3099
vn 0.0208 0.9335 -0.3580
vn -0.0000 -0.4647 0.8855
vn -0.0000 0.4647 0.8855
vn -0.9975 0.0201 -0.0683
vn -0.9975 -0.0201 -0.0683
vn -0.0033 0.9226 -0.3857
vn 0.7544 0.5602 0.3421
vn -0.9297 0.1992 -0.3099
vn -0.6584 0.4070 -0.6332
vn -0.6584 -0.4069 -0.6332
vn -0.6584 -0.4070 -0.6332
vn 0.0114 -0.9180 -0.3965
vn -0.9297 0.1038 -0.3535
vn -0.9296 -0.1038 -0.3535
vn -0.9297 -0.1038 -0.3535
vn 0.0207 0.9334 -0.3581
vn 0.9999 0.0147 -0.0067
vn 1.0000 0.0041 -0.0023
vn -0.2367 0.7342 -0.6363
vn -0.0092 0.7557 -0.6549
vn -0.2367 -0.7342 -0.6363
vn -0.0092 -0.7557 -0.6549
vn 0.9692 0.2068 -0.1339
vn 0.9564 0.2535 -0.1449
vn 0.9999 -0.0128 -0.0073
vn 0.9694 -0.2130 -0.1217
vn -0.9975 0.0050 -0.0705
vn -0.9975 -0.0050 -0.0705
vn 0.0138 0.5555 -0.8314
vn 0.0153 -0.5406 -0.8412
vn 0.0076 -0.5556 -0.8314
vn 0.0021 -0.9149 -0.4037
vn 0.0095 0.9085 -0.4178
vn -0.9962 -0.0000 -0.0869
vn 0.1880 0.9627 -0.1944
vn -0.2367 0.5253 -0.8173
vn -0.2367 -0.5253 -0.8173
vn -0.9296 -0.0000 -0.3685
vn -0.9296 0.1038 -0.3535
vn 0.0069 0.5406 -0.8412
vn 0.7568 0.5488 -0.3551
vn 0.7568 0.5487 -0.3551
vn 0.7568 -0.5488 -0.3551
vn 0.9639 -0.2236 -0.1447
vn -0.0000 -0.1206 0.9927
vn -0.0000 0.1206 0.9927
vn -0.0797 -0.0000 0.9968
vn 0.0014 0.9030 -0.4297
vn 0.0104 -0.8937 -0.4485
vn 0.0768 0.9356 -0.3446
vn 0.0052 0.9384 -0.3455
vn 0.0768 -0.9356 -0.3447
vn 0.0105 -0.9383 -0.3457
vn 0.0021 -0.9148 -0.4039
vn 0.0014 0.8273 -0.5617
vn -0.0953 0.8390 -0.5357
vn -0.0004 -0.9005 -0.4349
vn -0.0102 -0.9063 -0.4225
vn -0.0032 -0.8273 -0.5617
vn -0.0951 0.8390 -0.5357
vn -0.1507 -0.8420 -0.5181
vn -0.0709 -0.8354 -0.5450
vn -0.6584 0.2121 -0.7222
vn -0.6584 -0.2121 -0.7222
vn -0.6583 -0.2121 -0.7222
vn 0.3759 0.7780 -0.5034
vn 0.3760 0.7779 -0.5034
vn 0.3759 -0.7780 -0.5035
vn 0.0566 0.8405 -0.5388
vn -0.1873 0.6874 -0.7017
vn -0.0060 0.8395 -0.5433
vn -0.0024 0.8964 -0.4433
vn 0.0766 0.8371 -0.5417
vn 0.0771 0.8370 -0.5417
vn 0.0768 -0.8371 -0.5417
vn 0.3760 -0.7779 -0.5034
vn 0.0766 -0.8371 -0.5417
vn 0.0024 -0.8395 -0.5433
vn -0.0370 0.8274 -0.5604
vn -0.1460 -0.6923 -0.7067
vn 0.0300 -0.8246 -0.5649
vn 0.9999 -0.0085 -0.0074
vn 1.0000 0.0033 -0.0029
vn 0.9999 0.0104 -0.0075
vn -0.0209 -0.8220 -0.5692
vn 0.0003 -0.8874 -0.4610
vn 0.0150 0.8139 -0.5808
vn 0.0434 -0.7918 -0.6092
vn 0.0092 -0.8097 -0.5867
vn 0.0151 0.8140 -0.5807
vn 0.9694 0.1982 -0.1445
vn 1.0000 -0.0036 -0.0026
vn 0.9694 -0.1982 -0.1445
vn 0.0092 0.8090 -0.5877
vn -0.6583 -0.0000 -0.7527
vn -0.6583 0.2121 -0.7222
vn -0.2367 0.2737 -0.9322
vn -0.2367 -0.2737 -0.9322
vn -0.0054 0.2817 -0.9595
vn -0.0054 -0.2817 -0.9595
vn -0.2367 0.2738 -0.9322
vn -0.0054 0.2818 -0.9595
vn -0.2367 -0.2738 -0.9322
vn -0.0054 -0.2818 -0.9595
vn 0.0215 0.1951 -0.9806
vn 0.0215 -0.1951 -0.9806
vn -0.2367 -0.0000 -0.9716
vn 1.0000 -0.0033 -0.0029
vn -0.0123 -0.0000 -0.9999
vn 0.9965 0.0587 -0.0598
vn 0.9692 0.1724 -0.1760
vn 0.9945 -0.0736 -0.0750
vn 0.9692 -0.1724 -0.1760
vn 0.7568 0.4574 -0.4670
vn 0.7568 -0.4574 -0.4670
vn 0.3760 0.6483 -0.6620
vn 0.3759 0.6484 -0.6620
vn 0.3760 -0.6484 -0.6620
vn 0.0769 0.6976 -0.7123
vn 0.0766 0.6977 -0.7123
vn 0.0766 -0.6977 -0.7123
vn 0.0769 -0.6976 -0.7123
vn 0.3759 -0.6484 -0.6620
vn 1.0000 -0.0033 -0.0052
vn 1.0000 0.0033 -0.0052
vn 1.0000 -0.0032 -0.0053
vn 1.0000 -0.0049 -0.0076
vn 1.0000 0.0038 -0.0061
vn 0.9692 0.1295 -0.2096
vn 0.9692 -0.1295 -0.2096
vn 0.0770 0.6976 -0.7123
vn 0.0093 0.6997 -0.7144
vn 0.0770 -0.6976 -0.7123
vn 0.0093 -0.6997 -0.7144
vn -0.0223 0.6047 -0.7962
vn -0.0223 -0.6047 -0.7962
vn 0.7568 0.3437 -0.5560
vn 0.7568 0.3436 -0.5560
vn 0.7568 -0.3437 -0.5560
vn 1.0000 0.0038 -0.0060
vn 0.3759 0.4872 -0.7882
vn 0.3759 -0.4872 -0.7882
vn 0.7568 -0.3436 -0.5560
vn 0.9993 0.0124 -0.0357
vn 0.9692 0.0803 -0.2329
vn 0.9998 -0.0072 -0.0208
vn 0.9692 -0.0803 -0.2329
vn 1.0000 -0.0015 -0.0052
vn 1.0000 0.0014 -0.0051
vn 0.0769 0.5242 -0.8481
vn 0.0770 0.5242 -0.8481
vn 0.0770 -0.5242 -0.8481
vn 0.0067 0.5257 -0.8506
vn 0.0768 -0.5242 -0.8481
vn 0.0067 -0.5257 -0.8506
vn 0.7568 0.2131 -0.6179
vn 0.7568 0.2132 -0.6180
vn 0.7568 -0.2131 -0.6179
vn 0.9998 0.0030 -0.0182
vn 0.9692 0.0272 -0.2448
vn 0.9569 0.0475 -0.2866
vn 0.9998 -0.0032 -0.0192
vn 0.9694 -0.0402 -0.2420
vn 1.0000 -0.0000 -0.0065
vn 1.0000 -0.0002 -0.0043
vn 1.0000 -0.0000 -0.0072
vn 1.0000 0.0002 -0.0043
vn 0.9695 0.0132 -0.2449
vn 0.9695 -0.0132 -0.2449
vn 0.9639 -0.0294 -0.2647
vn 0.3759 0.3021 -0.8760
vn 0.3760 0.3021 -0.8760
vn 0.3759 -0.3021 -0.8760
vn 0.7568 -0.2131 -0.6180
vn 0.0768 0.5242 -0.8481
vn -0.0100 0.3261 -0.9453
vn -0.0134 0.3191 -0.9476
vn -0.0134 -0.3191 -0.9476
vn -0.0100 -0.3261 -0.9453
vn 0.7568 0.0722 -0.6497
vn 0.7567 0.0722 -0.6497
vn 0.7568 -0.0722 -0.6497
vn 0.0770 0.3251 -0.9425
vn 0.0768 0.3251 -0.9425
vn 0.0768 -0.3251 -0.9426
vn 0.3760 -0.3021 -0.8760
vn 0.0770 -0.3251 -0.9425
vn 0.7567 -0.0722 -0.6497
vn -0.0000 1.0000 0.0002
vn -0.0000 1.0000 -0.0001
vn -0.0000 1.0000 0.0001
vn 0.1270 0.9919 -0.0000
vn -0.0000 0.9837 -0.1796
vn -0.0000 -0.9837 -0.1796
vn 0.1270 -0.9919 -0.0000
vn 0.0024 0.9710 -0.2391
vn 0.0896 0.9671 -0.2381
vn 0.0896 -0.9671 -0.2381
vn 0.0024 -0.9710 -0.2391
vn 0.2658 0.9342 -0.2381
vn 0.2658 -0.9342 -0.2381
vn 0.2658 -0.9342 -0.2380
vn 0.4329 0.8694 -0.2381
vn 0.4329 0.8694 -0.2382
vn 0.4329 -0.8694 -0.2381
vn 0.4330 0.8694 -0.2381
vn 0.4330 -0.8694 -0.2381
vn 0.4329 -0.8694 -0.2382
vn 0.5853 0.7751 -0.2381
vn 0.5853 -0.7751 -0.2381
vn 0.7178 0.6543 -0.2381
vn 0.7178 -0.6543 -0.2381
vn 0.7177 0.6543 -0.2382
vn 0.7177 -0.6544 -0.2380
vn 0.8258 0.5113 -0.2382
vn 0.8258 0.5113 -0.2381
vn 0.8258 -0.5112 -0.2382
vn 0.7177 -0.6543 -0.2382
vn 0.8257 0.5113 -0.2382
vn 0.8257 -0.5113 -0.2382
vn 0.8258 -0.5113 -0.2381
vn 0.9056 0.3508 -0.2382
vn 0.9056 -0.3508 -0.2382
vn 0.9547 0.1784 -0.2382
vn 0.9547 -0.1784 -0.2382
vn 0.9547 0.1785 -0.2381
vn 0.9547 -0.1785 -0.2381
vn 0.9713 -0.0000 -0.2381
vn 0.3760 0.1024 -0.9210
vn 0.3760 0.1024 -0.9209
vn 0.3760 -0.1024 -0.9210
vn 0.3760 -0.1024 -0.9209
vn 0.0767 0.1102 -0.9910
vn 0.0771 0.1101 -0.9909
vn 0.0770 0.1102 -0.9909
vn 0.0770 -0.1102 -0.9909
vn 0.0082 0.1105 -0.9938
vn 0.0082 -0.1105 -0.9938
vn 0.0767 -0.1101 -0.9910
vn -0.0225 -0.0000 -0.9997
vn 0.0024 0.9844 -0.1761
vn 0.0024 0.9710 -0.2392
vn 0.0896 0.9671 -0.2383
vn 0.0896 -0.9671 -0.2383
vn 0.0024 -0.9710 -0.2392
vn 0.0024 -0.9844 -0.1761
vn 0.1272 0.9919 -0.0000
vn 0.1268 -0.9919 -0.0000
vn 0.2796 0.9601 -0.0000
vn -0.0013 0.8670 -0.4983
vn 0.2613 -0.9653 -0.0000
vn -0.0000 -0.9129 -0.4081
vn 0.3012 -0.9535 -0.0022
vn 0.0029 -0.8031 -0.5958
vn -0.0000 -0.7493 -0.6622
vn 0.0014 0.7493 -0.6622
vn 0.0063 0.6524 -0.7578
vn 0.0693 0.7475 -0.6606
vn 0.0693 -0.7475 -0.6606
vn 0.0693 0.7476 -0.6606
vn 0.2054 0.7221 -0.6606
vn 0.2055 0.7221 -0.6606
vn 0.0693 -0.7476 -0.6606
vn 0.2054 -0.7221 -0.6606
vn 0.3347 0.6721 -0.6606
vn 0.3346 0.6721 -0.6606
vn 0.3347 -0.6720 -0.6606
vn 0.4524 0.5991 -0.6606
vn 0.4524 -0.5991 -0.6606
vn 0.3347 -0.6721 -0.6606
vn 0.5548 0.5058 -0.6606
vn 0.5548 0.5058 -0.6605
vn 0.5548 -0.5058 -0.6606
vn 0.6384 0.3952 -0.6605
vn 0.6383 0.3952 -0.6605
vn 0.6383 -0.3952 -0.6605
vn 0.5548 -0.5058 -0.6605
vn 0.7001 0.2712 -0.6605
vn 0.7001 -0.2712 -0.6605
vn 0.7380 0.1379 -0.6605
vn 0.7379 0.1380 -0.6606
vn 0.7380 -0.1380 -0.6605
vn 0.7507 -0.0000 -0.6606
vn 0.7380 -0.1379 -0.6606
vn 0.3453 0.9384 -0.0111
vn -0.0039 0.7494 -0.6621
vn 0.0014 0.6449 -0.7643
vn 0.0693 0.7476 -0.6605
vn 0.0693 -0.7476 -0.6605
vn 0.0029 -0.7494 -0.6621
vn 0.3454 0.9384 -0.0112
vn 0.3013 -0.9535 -0.0022
vn 0.0048 -0.8051 -0.5932
vn 0.3697 -0.9289 -0.0200
vn -0.0022 -0.5393 -0.8421
vn 0.0012 0.3652 -0.9309
vn 0.0032 0.3082 -0.9513
vn 0.0338 0.3649 -0.9304
vn 0.0338 -0.3649 -0.9304
vn 0.0037 -0.3651 -0.9309
vn 0.0338 0.3650 -0.9304
vn 0.1003 0.3526 -0.9304
vn 0.0338 -0.3650 -0.9304
vn 0.1003 -0.3526 -0.9304
vn 0.1634 0.3282 -0.9304
vn 0.1634 0.3281 -0.9304
vn 0.1634 -0.3281 -0.9304
vn 0.2209 0.2925 -0.9304
vn 0.2209 -0.2925 -0.9304
vn 0.1634 -0.3282 -0.9304
vn 0.2709 0.2470 -0.9304
vn 0.2709 0.2469 -0.9304
vn 0.2709 -0.2470 -0.9304
vn 0.3117 0.1930 -0.9304
vn 0.3116 0.1930 -0.9304
vn 0.3116 -0.1930 -0.9304
vn 0.2709 -0.2469 -0.9304
vn 0.3418 0.1324 -0.9304
vn 0.3418 -0.1324 -0.9304
vn 0.3117 -0.1930 -0.9304
vn 0.3603 0.0674 -0.9304
vn 0.3603 -0.0673 -0.9304
vn 0.3666 -0.0000 -0.9304
vn 0.3603 -0.0674 -0.9304
vn 0.3238 0.9461 -0.0011
vn 0.4296 0.9030 0.0007
vn -0.0010 0.3653 -0.9309
vn 0.0012 0.3045 -0.9525
vn 0.0012 0.3042 -0.9526
vn 0.0338 0.3651 -0.9304
vn 0.0338 -0.3651 -0.9304
vn 0.0018 -0.3653 -0.9309
vn 0.0029 -0.1938 -0.9810
vn 0.4618 0.8870 -0.0025
vn 0.4290 0.9033 -0.0038
vn 0.4526 -0.8917 -0.0037
vn 0.3238 -0.9461 0.0060
vn 0.4618 -0.8870 -0.0046
vn 0.4522 -0.8919 -0.0050
vn 0.4523 -0.8919 -0.0050
vn -0.0024 -0.1837 -0.9830
vn -0.0000 0.0708 -0.9975
vn 0.0003 0.0543 -0.9985
vn 0.0065 0.0705 -0.9975
vn 0.0066 0.0708 -0.9975
vn 0.0066 -0.0708 -0.9975
vn -0.0000 -0.0708 -0.9975
vn 0.0195 0.0684 -0.9975
vn 0.0194 0.0681 -0.9975
vn 0.0195 -0.0684 -0.9975
vn 0.0317 0.0637 -0.9975
vn 0.0316 0.0634 -0.9975
vn 0.0317 -0.0637 -0.9975
vn 0.0194 -0.0681 -0.9975
vn 0.0429 0.0567 -0.9975
vn 0.0426 0.0564 -0.9975
vn 0.0429 -0.0567 -0.9975
vn 0.0526 0.0479 -0.9975
vn 0.0429 -0.0568 -0.9975
vn 0.0526 -0.0479 -0.9975
vn 0.0605 0.0374 -0.9975
vn 0.0605 -0.0374 -0.9975
vn 0.0663 0.0257 -0.9975
vn 0.0663 -0.0257 -0.9975
vn 0.0699 0.0131 -0.9975
vn 0.0699 -0.0131 -0.9975
vn 0.0711 -0.0000 -0.9975
vn 0.0708 -0.0000 -0.9975
vn 0.4617 0.8870 -0.0087
vn 0.4794 0.8776 -0.0045
vn 0.5892 0.8079 0.0131
vn 0.5552 0.8317 -0.0069
vn 0.5552 -0.8317 0.0075
vn 0.4617 -0.8870 -0.0073
vn 0.5893 0.8079 -0.0069
vn 0.6891 0.7246 0.0094
vn 0.6891 -0.7246 0.0094
vn 0.5893 -0.8079 -0.0069
vn 0.5892 -0.8079 -0.0069
vn 0.7035 0.7107 -0.0000
vn 0.8595 0.5111 -0.0000
vn 0.8595 -0.5111 -0.0000
vn 0.7035 -0.7107 -0.0000
vn 0.9840 0.1779 -0.0000
vn 0.9840 -0.1779 -0.0000
vn -0.0061 0.9808 -0.1951
vn -0.0000 0.9915 -0.1300
vn -0.0000 -0.9915 -0.1300
vn -0.0061 -0.9808 -0.1951
vn -0.7804 0.6200 -0.0813
vn -0.8114 -0.5795 -0.0760
vn -0.6530 -0.7326 -0.1920
vn -0.6713 0.7139 -0.1993
vn -0.6676 0.6750 -0.3142
vn 0.0051 0.9066 -0.4220
vn -0.6507 -0.6885 -0.3204
vn 0.0051 -0.9066 -0.4220
vn -0.7608 0.6083 -0.2259
vn -0.7548 -0.6173 -0.2219
vn -0.7610 0.5882 -0.2738
vn -0.7593 -0.5900 -0.2746
vn -0.0067 0.8315 -0.5555
vn -0.0067 -0.8315 -0.5555
vn -0.7077 0.6204 -0.3381
vn -0.7034 -0.6201 -0.3474
vn -0.7016 0.5039 -0.5039
vn -0.7070 0.5803 -0.4043
vn 0.0054 0.7070 -0.7071
vn -0.7048 -0.5016 -0.5017
vn -0.7034 -0.6199 -0.3477
vn 0.0054 -0.7070 -0.7071
vn -0.7241 0.4955 -0.4797
vn -0.7252 0.4661 -0.5069
vn -0.7048 0.5016 -0.5016
vn -0.7310 0.4358 -0.5252
vn -0.7308 0.4361 -0.5251
vn -0.7361 0.5300 -0.4210
vn -0.7239 0.5067 -0.4683
vn -0.7280 0.5188 -0.4483
vn -0.7331 0.5271 -0.4298
vn 0.0054 0.7071 -0.7071
vn -0.7279 -0.5190 -0.4480
vn -0.7329 -0.5270 -0.4303
vn -0.7306 -0.4366 -0.5250
vn -0.7241 -0.4963 -0.4789
vn -0.7240 -0.4708 -0.5041
vn -0.7002 -0.5049 -0.5048
vn -0.7517 -0.3721 -0.5446
vn -0.7307 -0.4365 -0.5249
vn 0.0054 -0.7071 -0.7071
vn -0.0067 0.5556 -0.8314
vn -0.0067 -0.5556 -0.8314
vn -0.0000 0.9965 -0.0836
vn -0.0000 -0.9967 -0.0816
vn 0.1266 0.9894 -0.0704
vn 0.1267 0.9895 -0.0703
vn -0.0002 0.9975 -0.0708
vn 0.1266 -0.9895 -0.0703
vn -0.0002 -0.9975 -0.0708
vn 0.3230 0.9437 -0.0708
vn 0.1267 -0.9894 -0.0704
vn 0.3230 -0.9438 -0.0704
vn 0.4604 0.8843 -0.0773
vn 0.3235 0.9431 -0.0773
vn 0.3235 -0.9431 -0.0773
vn 0.4604 -0.8843 -0.0773
vn 0.4604 0.8844 -0.0772
vn 0.4604 -0.8844 -0.0773
vn 0.5875 0.8055 -0.0772
vn 0.5875 0.8055 -0.0771
vn 0.4604 -0.8844 -0.0772
vn 0.5875 -0.8055 -0.0772
vn 0.5875 0.8055 -0.0774
vn 0.5875 -0.8055 -0.0774
vn 0.5875 -0.8055 -0.0771
vn 0.7017 0.7089 -0.0706
vn 0.7010 0.7090 -0.0770
vn 0.7017 -0.7089 -0.0706
vn 0.7010 -0.7090 -0.0770
vn 0.8574 0.5099 -0.0697
vn 0.8574 0.5099 -0.0696
vn 0.8574 -0.5099 -0.0697
vn 0.9817 0.1774 -0.0694
vn 0.9817 0.1775 -0.0696
vn 0.9817 -0.1775 -0.0696
vn 0.8574 -0.5099 -0.0696
vn 0.9975 -0.0000 -0.0708
vn 0.9817 -0.1775 -0.0697
vn 0.1184 0.9245 -0.3624
vn 0.0005 0.9408 -0.3389
vn 0.0011 0.9310 -0.3650
vn 0.1184 -0.9244 -0.3626
vn 0.1183 -0.9245 -0.3624
vn 0.0011 -0.9309 -0.3653
vn 0.0004 -0.9423 -0.3347
vn 0.2996 0.8817 -0.3644
vn 0.1184 0.9244 -0.3627
vn 0.1183 0.9244 -0.3627
vn 0.2996 -0.8817 -0.3644
vn 0.8018 0.4769 -0.3601
vn 0.6567 0.6604 -0.3643
vn 0.6566 0.6604 -0.3643
vn 0.6566 -0.6604 -0.3644
vn 0.8018 -0.4769 -0.3601
vn 0.9180 0.1660 -0.3601
vn 0.8019 0.4768 -0.3601
vn 0.8019 -0.4768 -0.3601
vn 0.9180 -0.1660 -0.3601
vn 0.9309 -0.0000 -0.3652
vn 0.2979 0.8768 -0.3775
vn 0.3039 0.8803 -0.3644
vn 0.1183 0.9243 -0.3628
vn 0.1184 0.9243 -0.3629
vn 0.1184 -0.9243 -0.3628
vn 0.2996 -0.8817 -0.3645
vn 0.8018 0.4769 -0.3602
vn 0.6566 0.6604 -0.3645
vn 0.6529 -0.6567 -0.3775
vn 0.6534 -0.6636 -0.3643
vn 0.8018 -0.4769 -0.3602
vn 0.4276 0.8214 -0.3775
vn 0.4276 0.8214 -0.3774
vn 0.3020 -0.8753 -0.3776
vn 0.4276 -0.8214 -0.3775
vn 0.5457 0.7482 -0.3775
vn 0.5456 0.7482 -0.3775
vn 0.4276 -0.8214 -0.3774
vn 0.5457 -0.7482 -0.3775
vn 0.6498 0.6597 -0.3776
vn 0.0011 0.9408 -0.3390
vn 0.0016 0.9308 -0.3654
vn 0.1183 -0.9243 -0.3629
vn 0.0017 -0.9308 -0.3654
vn 0.0011 -0.9426 -0.3340
vn -0.7830 0.4400 -0.4397
vn -0.7071 0.4070 -0.5783
vn -0.7059 0.3426 -0.6199
vn -0.7600 0.2743 -0.5892
vn 0.0051 0.4220 -0.9066
vn -0.7588 -0.2749 -0.5905
vn -0.7034 -0.3480 -0.6197
vn 0.0051 -0.4220 -0.9066
vn 0.9308 -0.0000 -0.3655
vn 0.9179 0.1659 -0.3604
vn 0.9179 -0.1659 -0.3604
vn -0.0011 -0.7741 -0.6331
vn -0.0010 0.7711 -0.6367
vn 0.0845 0.6599 -0.7466
vn 0.0018 0.6623 -0.7493
vn 0.0845 -0.6599 -0.7466
vn 0.0019 -0.6623 -0.7493
vn 0.2087 0.6178 -0.7581
vn 0.2173 0.6267 -0.7483
vn 0.0845 0.6598 -0.7467
vn 0.0845 -0.6598 -0.7467
vn 0.2125 -0.6282 -0.7485
vn 0.5742 0.3415 -0.7441
vn 0.4682 0.4696 -0.7485
vn 0.4606 -0.4617 -0.7581
vn 0.4648 -0.4732 -0.7484
vn 0.5742 -0.3415 -0.7441
vn 0.6575 0.1188 -0.7440
vn 0.6574 0.1189 -0.7441
vn 0.6575 -0.1188 -0.7440
vn 0.6574 -0.1189 -0.7441
vn 0.6622 -0.0000 -0.7493
vn 0.3010 0.5783 -0.7583
vn 0.3010 0.5783 -0.7582
vn 0.2134 -0.6159 -0.7583
vn 0.3010 -0.5783 -0.7583
vn 0.3842 0.5268 -0.7582
vn 0.3010 -0.5783 -0.7582
vn 0.3842 -0.5268 -0.7582
vn 0.4569 0.4650 -0.7583
vn 0.0844 0.6597 -0.7468
vn 0.0018 0.6621 -0.7494
vn -0.7576 0.2282 -0.6115
vn -0.6656 0.3149 -0.6766
vn -0.6661 -0.3147 -0.6762
vn -0.7547 -0.2315 -0.6138
vn 0.0844 -0.6597 -0.7468
vn 0.0019 -0.6621 -0.7494
vn 0.0066 0.7714 -0.6363
vn 0.0067 -0.7747 -0.6323
vn -0.7868 -0.4366 -0.4363
vn -0.0061 0.1951 -0.9808
vn -0.0061 -0.1951 -0.9808
vn -0.0084 -0.2389 -0.9710
vn 0.0026 -0.5146 -0.8574
vn -0.0083 0.2393 -0.9709
vn 0.0024 0.5128 -0.8585
vn 0.6621 -0.0000 -0.7494
vn 0.6575 0.1188 -0.7441
vn 0.6575 -0.1188 -0.7441
vn 0.6622 -0.0000 -0.7494
vn -0.6692 0.2014 -0.7152
vn -0.7765 0.0820 -0.6248
vn -0.0000 0.1301 -0.9915
vn -0.7715 -0.0827 -0.6309
vn -0.6698 -0.2056 -0.7135
vn -0.0000 -0.1301 -0.9915
vn 0.0306 0.2392 -0.9705
vn 0.0306 -0.2391 -0.9705
vn 0.0772 0.2331 -0.9694
vn 0.0733 0.2280 -0.9709
vn 0.0307 0.2390 -0.9705
vn 0.0306 -0.2390 -0.9705
vn 0.0752 -0.2275 -0.9709
vn 0.2087 0.1241 -0.9701
vn 0.1703 0.1685 -0.9709
vn 0.1744 -0.1728 -0.9694
vn 0.1717 -0.1670 -0.9709
vn 0.2087 -0.1241 -0.9701
vn 0.2389 0.0432 -0.9701
vn 0.2389 -0.0432 -0.9701
vn 0.2391 -0.0000 -0.9710
vn 0.1133 0.2176 -0.9694
vn 0.0753 -0.2339 -0.9694
vn 0.1133 -0.2176 -0.9694
vn 0.1446 0.1982 -0.9694
vn 0.1446 -0.1982 -0.9694
vn 0.1760 0.1714 -0.9694
vn 0.0306 0.2389 -0.9706
vn 0.0021 0.1792 -0.9838
vn 0.0021 0.2390 -0.9710
vn -0.0000 -0.2391 -0.9710
vn 0.0021 -0.1801 -0.9837
vn 0.0021 -0.1802 -0.9836
vn -0.0000 0.1800 -0.9837
vn 0.0732 0.2278 -0.9709
vn 0.0306 -0.2389 -0.9706
vn 0.0764 -0.2270 -0.9709
vn 0.0077 -0.0361 -0.9993
vn 0.2087 0.1242 -0.9701
vn 0.1694 0.1693 -0.9709
vn 0.0289 0.0230 -0.9993
vn 0.1715 -0.1668 -0.9710
vn 0.2085 -0.1240 -0.9701
vn 0.0016 0.0040 -1.0000
vn 0.0016 0.0041 -1.0000
vn 0.1194 0.2304 -0.9658
vn 0.0048 -0.0085 -1.0000
vn 0.0048 -0.0086 -1.0000
vn 0.0021 -0.0040 -1.0000
vn 0.0025 0.0037 -1.0000
vn 0.0026 0.0035 -1.0000
vn 0.0022 -0.0039 -1.0000
vn 0.1524 -0.2100 -0.9657
vn 0.0055 0.0080 -1.0000
vn 0.0056 0.0081 -1.0000
vn 0.0028 -0.0031 -1.0000
vn 0.0029 -0.0032 -1.0000
vn 0.0001 -0.0000 -1.0000
s 0
usemtl Material.001
f 1//1 2//1 3//1
f 4//1 1//1 3//1
f 5//1 4//1 3//1
f 6//2 7//2 3//2
f 2//2 6//2 3//2
f 7//3 8//3 3//3
f 8//3 5//3 3//3
f 9//1 10//1 2//1
f 1//1 9//1 2//1
f 10//4 6//4 2//4
f 6//5 11//5 7//5
f 11//5 12//5 7//5
f 12//5 8//5 7//5
f 13//5 14//5 6//5
f 14//5 11//5 6//5
f 10//4 13//4 6//4
f 15//6 4//6 5//6
f 8//6 15//6 5//6
f 16//7 13//7 10//7
f 17//7 16//7 10//7
f 9//1 17//1 10//1
f 18//6 19//6 8//6
f 20//6 18//6 8//6
f 21//6 15//6 8//6
f 19//6 21//6 8//6
f 22//5 20//5 8//5
f 23//5 22//5 8//5
f 12//5 24//5 8//5
f 24//5 23//5 8//5
f 16//7 25//7 13//7
f 25//7 26//7 13//7
f 26//7 27//7 13//7
f 27//5 28//5 13//5
f 28//5 29//5 13//5
f 29//5 14//5 13//5
f 30//2 31//2 32//2
f 33//2 9//2 32//2
f 9//2 1//2 32//2
f 1//2 30//2 32//2
f 34//1 35//1 32//1
f 36//1 34//1 32//1
f 37//1 33//1 32//1
f 38//1 37//1 32//1
f 35//1 38//1 32//1
f 39//8 36//8 32//8
f 40//9 39//9 32//9
f 31//10 40//10 32//10
f 41//2 42//2 33//2
f 42//2 9//2 33//2
f 43//11 44//11 33//11
f 44//12 45//12 33//12
f 45//13 41//13 33//13
f 37//1 43//1 33//1
f 46//14 40//14 31//14
f 47//15 48//15 31//15
f 48//16 49//16 31//16
f 49//17 46//17 31//17
f 30//18 50//18 31//18
f 50//19 51//19 31//19
f 51//20 47//20 31//20
f 52//21 53//21 41//21
f 53//21 54//21 41//21
f 54//22 42//22 41//22
f 45//23 55//23 41//23
f 55//24 52//24 41//24
f 1//25 56//25 30//25
f 56//26 57//26 30//26
f 57//27 58//27 30//27
f 58//28 59//28 30//28
f 59//29 50//29 30//29
f 60//30 61//30 42//30
f 61//31 62//31 42//31
f 62//32 63//32 42//32
f 63//33 9//33 42//33
f 54//34 64//34 42//34
f 64//35 60//35 42//35
f 65//36 1//36 4//36
f 15//36 65//36 4//36
f 65//37 66//37 1//37
f 66//38 56//38 1//38
f 67//36 17//36 9//36
f 63//39 68//39 9//39
f 68//40 67//40 9//40
f 67//36 16//36 17//36
f 15//41 66//41 65//41
f 68//42 69//42 67//42
f 69//42 16//42 67//42
f 70//6 71//6 15//6
f 21//6 70//6 15//6
f 71//41 66//41 15//41
f 69//7 72//7 16//7
f 72//7 73//7 16//7
f 73//7 25//7 16//7
f 74//6 70//6 21//6
f 75//6 74//6 21//6
f 19//36 76//36 21//36
f 76//43 75//43 21//43
f 73//7 77//7 25//7
f 78//36 26//36 25//36
f 79//44 78//44 25//44
f 77//44 79//44 25//44
f 19//36 80//36 76//36
f 81//43 75//43 76//43
f 82//45 81//45 76//45
f 83//46 82//46 76//46
f 80//47 83//47 76//47
f 84//36 26//36 78//36
f 79//48 84//48 78//48
f 19//36 85//36 80//36
f 86//49 83//49 80//49
f 87//50 86//50 80//50
f 85//51 88//51 80//51
f 88//52 89//52 80//52
f 89//53 87//53 80//53
f 90//36 26//36 84//36
f 79//54 91//54 84//54
f 91//55 92//55 84//55
f 92//56 93//56 84//56
f 93//57 94//57 84//57
f 94//58 95//58 84//58
f 95//59 90//59 84//59
f 19//36 96//36 85//36
f 97//60 98//60 85//60
f 98//61 88//61 85//61
f 96//62 99//62 85//62
f 99//63 100//63 85//63
f 100//64 97//64 85//64
f 101//36 26//36 90//36
f 102//65 101//65 90//65
f 103//66 104//66 90//66
f 104//67 105//67 90//67
f 105//68 102//68 90//68
f 95//69 106//69 90//69
f 106//70 103//70 90//70
f 19//36 101//36 96//36
f 107//5 108//5 96//5
f 101//5 107//5 96//5
f 108//71 109//71 96//71
f 109//72 99//72 96//72
f 19//36 26//36 101//36
f 110//5 111//5 101//5
f 112//5 107//5 101//5
f 113//5 112//5 101//5
f 114//5 113//5 101//5
f 111//5 114//5 101//5
f 102//73 115//73 101//73
f 115//74 110//74 101//74
f 116//1 26//1 19//1
f 18//1 116//1 19//1
f 117//7 27//7 26//7
f 116//1 118//1 26//1
f 118//1 117//1 26//1
f 11//2 119//2 12//2
f 120//75 24//75 12//75
f 119//76 120//76 12//76
f 121//2 119//2 11//2
f 122//77 121//77 11//77
f 14//78 122//78 11//78
f 123//2 124//2 119//2
f 121//2 123//2 119//2
f 124//79 120//79 119//79
f 125//2 126//2 121//2
f 127//2 125//2 121//2
f 128//2 127//2 121//2
f 129//2 123//2 121//2
f 126//2 129//2 121//2
f 122//80 128//80 121//80
f 130//2 127//2 128//2
f 122//81 130//81 128//81
f 123//2 131//2 124//2
f 131//82 120//82 124//82
f 123//2 132//2 131//2
f 133//83 120//83 131//83
f 132//84 133//84 131//84
f 134//2 127//2 130//2
f 135//85 134//85 130//85
f 122//86 135//86 130//86
f 136//2 127//2 134//2
f 137//87 136//87 134//87
f 135//88 137//88 134//88
f 123//2 138//2 132//2
f 139//89 133//89 132//89
f 138//90 139//90 132//90
f 140//2 127//2 136//2
f 137//91 140//91 136//91
f 141//2 127//2 140//2
f 137//92 141//92 140//92
f 123//2 142//2 138//2
f 142//2 143//2 138//2
f 144//93 139//93 138//93
f 143//94 144//94 138//94
f 145//95 144//95 143//95
f 142//96 146//96 143//96
f 146//97 145//97 143//97
f 147//2 127//2 141//2
f 148//98 147//98 141//98
f 137//99 149//99 141//99
f 149//100 148//100 141//100
f 150//2 151//2 142//2
f 123//2 150//2 142//2
f 151//101 146//101 142//101
f 152//2 127//2 147//2
f 148//102 153//102 147//102
f 153//103 152//103 147//103
f 150//104 154//104 151//104
f 154//105 146//105 151//105
f 155//2 127//2 152//2
f 156//106 155//106 152//106
f 157//107 156//107 152//107
f 153//108 157//108 152//108
f 158//109 154//109 150//109
f 123//110 158//110 150//110
f 159//2 127//2 155//2
f 160//111 159//111 155//111
f 156//112 160//112 155//112
f 161//113 158//113 123//113
f 129//114 162//114 123//114
f 162//115 161//115 123//115
f 163//2 164//2 159//2
f 164//2 127//2 159//2
f 160//116 163//116 159//116
f 126//117 165//117 129//117
f 165//118 162//118 129//118
f 166//119 164//119 163//119
f 160//120 166//120 163//120
f 125//121 167//121 126//121
f 167//121 165//121 126//121
f 168//122 127//122 164//122
f 166//119 168//119 164//119
f 127//123 167//123 125//123
f 169//123 167//123 127//123
f 168//122 169//122 127//122
f 170//124 144//124 145//124
f 146//125 170//125 145//125
f 171//126 153//126 148//126
f 149//127 171//127 148//127
f 172//128 153//128 171//128
f 149//129 172//129 171//129
f 173//130 144//130 170//130
f 174//131 173//131 170//131
f 146//132 174//132 170//132
f 175//133 174//133 146//133
f 154//134 175//134 146//134
f 172//135 176//135 153//135
f 176//136 157//136 153//136
f 173//137 174//137 175//137
f 177//138 173//138 175//138
f 154//139 177//139 175//139
f 178//140 179//140 176//140
f 172//141 178//141 176//141
f 179//142 157//142 176//142
f 180//143 181//143 154//143
f 158//143 180//143 154//143
f 181//144 177//144 154//144
f 182//145 156//145 157//145
f 179//146 182//146 157//146
f 161//147 183//147 158//147
f 183//148 180//148 158//148
f 184//149 160//149 156//149
f 182//145 184//145 156//145
f 162//150 185//150 161//150
f 185//151 183//151 161//151
f 184//152 186//152 160//152
f 186//153 166//153 160//153
f 165//154 187//154 162//154
f 187//154 185//154 162//154
f 188//155 168//155 166//155
f 186//156 188//156 166//156
f 167//157 189//157 165//157
f 189//158 187//158 165//158
f 190//159 191//159 168//159
f 191//160 169//160 168//160
f 188//155 190//155 168//155
f 169//161 189//161 167//161
f 191//161 189//161 169//161
f 133//162 24//162 120//162
f 14//163 135//163 122//163
f 191//164 192//164 189//164
f 192//165 187//165 189//165
f 193//164 192//164 191//164
f 190//166 193//166 191//166
f 194//167 195//167 196//167
f 195//168 197//168 196//168
f 197//169 198//169 196//169
f 198//170 199//170 196//170
f 199//171 200//171 196//171
f 200//172 201//172 196//172
f 202//173 194//173 196//173
f 203//174 202//174 196//174
f 204//36 203//36 196//36
f 201//36 204//36 196//36
f 205//175 206//175 207//175
f 208//176 209//176 207//176
f 210//177 208//177 207//177
f 209//178 211//178 207//178
f 211//179 212//179 207//179
f 212//180 205//180 207//180
f 213//181 214//181 207//181
f 214//182 215//182 207//182
f 215//183 210//183 207//183
f 206//36 213//36 207//36
f 216//184 202//184 203//184
f 204//185 217//185 203//185
f 217//186 218//186 203//186
f 218//187 216//187 203//187
f 219//188 220//188 206//188
f 221//189 219//189 206//189
f 222//189 221//189 206//189
f 205//190 223//190 206//190
f 223//191 222//191 206//191
f 220//36 213//36 206//36
f 224//192 225//192 201//192
f 225//193 226//193 201//193
f 226//194 57//194 201//194
f 57//195 56//195 201//195
f 200//196 227//196 201//196
f 227//197 224//197 201//197
f 56//36 66//36 201//36
f 228//36 204//36 201//36
f 66//36 228//36 201//36
f 63//198 229//198 213//198
f 229//199 230//199 213//199
f 230//200 214//200 213//200
f 231//36 63//36 213//36
f 220//36 231//36 213//36
f 62//201 229//201 63//201
f 231//36 68//36 63//36
f 232//36 228//36 66//36
f 71//36 232//36 66//36
f 231//36 69//36 68//36
f 233//202 234//202 204//202
f 234//203 235//203 204//203
f 235//203 217//203 204//203
f 236//204 233//204 204//204
f 228//205 236//205 204//205
f 219//206 237//206 220//206
f 237//207 238//207 220//207
f 238//208 239//208 220//208
f 239//209 231//209 220//209
f 240//210 236//210 228//210
f 241//211 242//211 228//211
f 242//212 243//212 228//212
f 243//213 240//213 228//213
f 232//214 244//214 228//214
f 244//215 245//215 228//215
f 245//216 241//216 228//216
f 246//217 247//217 231//217
f 247//218 248//218 231//218
f 248//219 249//219 231//219
f 249//220 250//220 231//220
f 239//221 251//221 231//221
f 251//222 246//222 231//222
f 250//36 69//36 231//36
f 70//36 232//36 71//36
f 252//36 72//36 69//36
f 250//36 252//36 69//36
f 253//223 254//223 232//223
f 254//223 244//223 232//223
f 70//36 255//36 232//36
f 255//36 256//36 232//36
f 256//36 257//36 232//36
f 257//36 253//36 232//36
f 249//224 258//224 250//224
f 258//225 259//225 250//225
f 259//36 260//36 250//36
f 260//36 252//36 250//36
f 261//226 255//226 70//226
f 74//227 262//227 70//227
f 262//228 261//228 70//228
f 263//229 264//229 72//229
f 252//230 263//230 72//230
f 264//231 73//231 72//231
f 261//232 265//232 255//232
f 265//233 266//233 255//233
f 266//234 256//234 255//234
f 267//235 263//235 252//235
f 268//236 269//236 252//236
f 269//237 270//237 252//237
f 270//237 267//237 252//237
f 260//36 268//36 252//36
f 257//238 271//238 253//238
f 271//238 254//238 253//238
f 258//225 272//225 259//225
f 272//239 260//239 259//239
f 273//240 274//240 256//240
f 275//241 273//241 256//241
f 274//242 276//242 256//242
f 276//243 277//243 256//243
f 277//244 257//244 256//244
f 266//245 278//245 256//245
f 278//246 275//246 256//246
f 279//247 280//247 268//247
f 281//248 279//248 268//248
f 280//247 282//247 268//247
f 282//249 269//249 268//249
f 260//250 283//250 268//250
f 283//250 284//250 268//250
f 284//251 281//251 268//251
f 277//244 271//244 257//244
f 272//239 283//239 260//239
f 285//252 286//252 287//252
f 286//252 288//252 287//252
f 288//253 289//253 287//253
f 289//36 290//36 287//36
f 291//36 285//36 287//36
f 290//36 291//36 287//36
f 292//254 293//254 285//254
f 294//255 292//255 285//255
f 293//256 295//256 285//256
f 295//257 286//257 285//257
f 291//258 296//258 285//258
f 296//259 297//259 285//259
f 297//260 294//260 285//260
f 288//253 298//253 289//253
f 298//261 290//261 289//261
f 73//262 299//262 291//262
f 299//263 300//263 291//263
f 300//264 296//264 291//264
f 290//36 73//36 291//36
f 75//6 301//6 74//6
f 301//265 262//265 74//265
f 264//266 299//266 73//266
f 290//36 77//36 73//36
f 302//267 303//267 290//267
f 303//268 304//268 290//268
f 304//269 305//269 290//269
f 298//270 306//270 290//270
f 306//271 302//271 290//271
f 79//36 77//36 290//36
f 305//36 79//36 290//36
f 307//272 308//272 305//272
f 308//273 309//273 305//273
f 309//274 310//274 305//274
f 310//275 311//275 305//275
f 304//276 312//276 305//276
f 312//277 307//277 305//277
f 311//36 313//36 305//36
f 314//36 79//36 305//36
f 315//36 314//36 305//36
f 313//36 315//36 305//36
f 316//278 317//278 311//278
f 317//279 318//279 311//279
f 318//280 313//280 311//280
f 310//281 319//281 311//281
f 319//282 316//282 311//282
f 314//36 91//36 79//36
f 314//283 92//283 91//283
f 320//284 321//284 314//284
f 321//285 322//285 314//285
f 322//286 92//286 314//286
f 315//287 323//287 314//287
f 323//288 324//288 314//288
f 324//289 320//289 314//289
f 325//290 315//290 313//290
f 326//291 325//291 313//291
f 318//292 327//292 313//292
f 327//293 326//293 313//293
f 328//294 329//294 315//294
f 329//295 330//295 315//295
f 330//296 331//296 315//296
f 331//297 332//297 315//297
f 332//298 323//298 315//298
f 325//294 328//294 315//294
f 149//299 178//299 172//299
f 139//300 23//300 24//300
f 133//301 139//301 24//301
f 137//302 135//302 14//302
f 29//303 137//303 14//303
f 333//304 144//304 173//304
f 177//305 334//305 173//305
f 334//306 333//306 173//306
f 335//307 336//307 178//307
f 336//308 179//308 178//308
f 337//309 335//309 178//309
f 149//310 337//310 178//310
f 181//311 334//311 177//311
f 336//312 182//312 179//312
f 262//313 338//313 261//313
f 338//314 265//314 261//314
f 264//315 263//315 299//315
f 263//316 300//316 299//316
f 301//317 338//317 262//317
f 339//318 333//318 334//318
f 181//319 339//319 334//319
f 335//320 340//320 336//320
f 340//321 182//321 336//321
f 341//322 342//322 181//322
f 180//323 341//323 181//323
f 342//324 339//324 181//324
f 343//325 184//325 182//325
f 340//326 343//326 182//326
f 183//327 344//327 180//327
f 344//327 341//327 180//327
f 345//328 186//328 184//328
f 343//329 345//329 184//329
f 185//330 346//330 183//330
f 346//330 344//330 183//330
f 345//328 347//328 186//328
f 347//331 188//331 186//331
f 187//332 348//332 185//332
f 348//333 346//333 185//333
f 349//334 190//334 188//334
f 347//331 349//331 188//331
f 192//335 350//335 187//335
f 350//336 348//336 187//336
f 351//337 352//337 190//337
f 352//338 193//338 190//338
f 349//334 351//334 190//334
f 193//339 350//339 192//339
f 352//340 350//340 193//340
f 337//341 340//341 335//341
f 353//342 144//342 333//342
f 339//343 353//343 333//343
f 352//344 354//344 350//344
f 354//345 348//345 350//345
f 355//344 354//344 352//344
f 351//346 355//346 352//346
f 356//347 266//347 265//347
f 338//314 356//314 265//314
f 357//348 296//348 300//348
f 263//316 357//316 300//316
f 267//349 296//349 263//349
f 296//350 357//350 263//350
f 358//351 266//351 338//351
f 266//352 356//352 338//352
f 301//353 358//353 338//353
f 144//354 23//354 139//354
f 29//355 149//355 137//355
f 359//342 144//342 353//342
f 339//356 360//356 353//356
f 360//357 359//357 353//357
f 361//358 362//358 337//358
f 362//359 340//359 337//359
f 149//360 361//360 337//360
f 342//361 360//361 339//361
f 362//362 343//362 340//362
f 363//363 81//363 82//363
f 83//364 364//364 82//364
f 364//365 363//365 82//365
f 322//366 93//366 92//366
f 226//367 58//367 57//367
f 365//368 230//368 229//368
f 62//369 230//369 229//369
f 83//370 366//370 364//370
f 366//371 363//371 364//371
f 367//372 266//372 358//372
f 301//373 367//373 358//373
f 270//374 296//374 267//374
f 86//375 368//375 83//375
f 368//376 369//376 83//376
f 369//377 366//377 83//377
f 61//378 370//378 62//378
f 370//379 230//379 62//379
f 371//380 59//380 58//380
f 226//381 371//381 58//381
f 372//382 94//382 93//382
f 322//383 372//383 93//383
f 87//384 368//384 86//384
f 60//385 370//385 61//385
f 372//386 95//386 94//386
f 371//387 50//387 59//387
f 89//388 368//388 87//388
f 64//389 370//389 60//389
f 373//390 374//390 361//390
f 374//391 362//391 361//391
f 149//392 373//392 361//392
f 375//393 144//393 359//393
f 360//394 376//394 359//394
f 376//395 375//395 359//395
f 269//396 297//396 270//396
f 297//397 296//397 270//397
f 367//398 278//398 266//398
f 371//399 51//399 50//399
f 372//382 106//382 95//382
f 377//400 370//400 64//400
f 54//401 377//401 64//401
f 378//402 368//402 89//402
f 88//403 378//403 89//403
f 379//404 376//404 360//404
f 342//405 379//405 360//405
f 374//406 343//406 362//406
f 380//407 379//407 342//407
f 341//408 380//408 342//408
f 381//409 345//409 343//409
f 374//410 381//410 343//410
f 344//411 382//411 341//411
f 382//412 380//412 341//412
f 383//413 347//413 345//413
f 381//414 383//414 345//414
f 346//415 384//415 344//415
f 384//416 382//416 344//416
f 383//417 385//417 347//417
f 385//418 349//418 347//418
f 348//419 386//419 346//419
f 386//420 387//420 346//420
f 387//419 384//419 346//419
f 388//421 389//421 349//421
f 385//422 388//422 349//422
f 389//423 351//423 349//423
f 354//424 390//424 348//424
f 390//424 386//424 348//424
f 389//421 391//421 351//421
f 391//425 355//425 351//425
f 355//426 390//426 354//426
f 392//426 390//426 355//426
f 391//427 392//427 355//427
f 225//428 371//428 226//428
f 321//429 372//429 322//429
f 371//430 47//430 51//430
f 372//431 103//431 106//431
f 294//432 297//432 269//432
f 292//433 294//433 269//433
f 282//434 292//434 269//434
f 393//435 394//435 395//435
f 394//435 396//435 395//435
f 396//436 397//436 395//436
f 398//36 393//36 395//36
f 397//36 398//36 395//36
f 398//437 399//437 393//437
f 399//437 394//437 393//437
f 400//438 401//438 397//438
f 402//439 400//439 397//439
f 396//440 403//440 397//440
f 403//441 402//441 397//441
f 401//442 404//442 397//442
f 404//443 367//443 397//443
f 367//36 398//36 397//36
f 404//444 278//444 367//444
f 301//36 75//36 367//36
f 75//36 398//36 367//36
f 405//445 406//445 398//445
f 406//446 399//446 398//446
f 366//36 407//36 398//36
f 81//36 366//36 398//36
f 75//36 81//36 398//36
f 407//36 408//36 398//36
f 408//36 409//36 398//36
f 409//36 405//36 398//36
f 410//447 411//447 405//447
f 411//448 406//448 405//448
f 412//449 413//449 405//449
f 413//450 414//450 405//450
f 414//451 410//451 405//451
f 409//36 412//36 405//36
f 415//452 416//452 412//452
f 416//453 413//453 412//453
f 417//454 418//454 412//454
f 418//455 419//455 412//455
f 419//456 415//456 412//456
f 409//36 417//36 412//36
f 363//36 366//36 81//36
f 420//457 421//457 417//457
f 409//458 420//458 417//458
f 421//457 422//457 417//457
f 422//459 418//459 417//459
f 369//460 407//460 366//460
f 369//461 423//461 407//461
f 423//462 424//462 407//462
f 424//463 408//463 407//463
f 425//464 420//464 409//464
f 426//465 425//465 409//465
f 408//466 427//466 409//466
f 427//467 428//467 409//467
f 428//468 426//468 409//468
f 429//469 430//469 408//469
f 431//470 429//470 408//470
f 430//471 432//471 408//471
f 432//472 433//472 408//472
f 433//473 427//473 408//473
f 424//474 434//474 408//474
f 434//475 431//475 408//475
f 404//476 401//476 278//476
f 401//477 275//477 278//477
f 401//478 273//478 275//478
f 98//479 378//479 88//479
f 53//480 377//480 54//480
f 293//481 292//481 282//481
f 280//482 293//482 282//482
f 435//483 144//483 375//483
f 436//484 435//484 375//484
f 376//6 436//6 375//6
f 149//485 437//485 373//485
f 438//7 374//7 373//7
f 437//7 438//7 373//7
f 439//6 436//6 376//6
f 379//486 440//486 376//486
f 440//487 441//487 376//487
f 441//488 442//488 376//488
f 442//489 439//489 376//489
f 443//490 381//490 374//490
f 444//491 443//491 374//491
f 438//492 444//492 374//492
f 445//493 440//493 379//493
f 380//494 446//494 379//494
f 446//495 447//495 379//495
f 447//496 445//496 379//496
f 448//497 449//497 381//497
f 450//498 448//498 381//498
f 449//499 451//499 381//499
f 451//500 452//500 381//500
f 452//501 383//501 381//501
f 443//502 450//502 381//502
f 382//503 453//503 380//503
f 453//504 454//504 380//504
f 454//505 455//505 380//505
f 455//506 456//506 380//506
f 456//505 446//505 380//505
f 457//507 385//507 383//507
f 458//508 457//508 383//508
f 452//509 458//509 383//509
f 384//510 453//510 382//510
f 457//511 459//511 385//511
f 459//512 388//512 385//512
f 460//513 453//513 384//513
f 387//514 460//514 384//514
f 459//515 461//515 388//515
f 461//516 389//516 388//516
f 386//517 460//517 387//517
f 461//518 391//518 389//518
f 390//519 462//519 386//519
f 462//520 460//520 386//520
f 463//521 392//521 391//521
f 461//522 463//522 391//522
f 463//5 462//5 390//5
f 392//5 463//5 390//5
f 368//523 423//523 369//523
f 464//524 214//524 230//524
f 370//525 464//525 230//525
f 224//526 371//526 225//526
f 320//429 372//429 321//429
f 371//527 465//527 47//527
f 465//528 48//528 47//528
f 466//529 104//529 103//529
f 372//530 466//530 103//530
f 435//531 22//531 23//531
f 144//532 435//532 23//532
f 467//533 149//533 29//533
f 28//534 467//534 29//534
f 465//535 49//535 48//535
f 468//536 377//536 53//536
f 52//537 468//537 53//537
f 469//538 378//538 98//538
f 97//539 469//539 98//539
f 370//540 214//540 464//540
f 368//541 424//541 423//541
f 470//542 435//542 436//542
f 439//6 470//6 436//6
f 149//543 467//543 437//543
f 467//544 471//544 437//544
f 471//7 438//7 437//7
f 227//545 371//545 224//545
f 324//546 372//546 320//546
f 274//547 273//547 401//547
f 400//548 274//548 401//548
f 467//549 472//549 471//549
f 472//7 438//7 471//7
f 434//550 424//550 368//550
f 473//551 434//551 368//551
f 474//552 473//552 368//552
f 378//553 474//553 368//553
f 475//554 466//554 372//554
f 476//555 475//555 372//555
f 324//556 476//556 372//556
f 215//557 214//557 370//557
f 210//558 215//558 370//558
f 477//559 210//559 370//559
f 478//560 477//560 370//560
f 377//561 478//561 370//561
f 227//562 479//562 371//562
f 479//563 480//563 371//563
f 480//564 465//564 371//564
f 402//565 274//565 400//565
f 295//566 293//566 280//566
f 279//567 295//567 280//567
f 402//568 276//568 274//568
f 281//569 295//569 279//569
f 55//570 468//570 52//570
f 100//571 469//571 97//571
f 403//572 276//572 402//572
f 258//36 249//36 245//36
f 244//36 258//36 245//36
f 481//5 482//5 245//5
f 249//5 481//5 245//5
f 482//5 483//5 245//5
f 483//5 484//5 245//5
f 484//5 241//5 245//5
f 248//573 485//573 249//573
f 486//5 481//5 249//5
f 485//5 487//5 249//5
f 487//5 488//5 249//5
f 488//5 486//5 249//5
f 406//36 258//36 244//36
f 254//36 406//36 244//36
f 406//36 272//36 258//36
f 271//36 406//36 254//36
f 406//36 283//36 272//36
f 403//36 396//36 276//36
f 396//36 277//36 276//36
f 284//36 286//36 281//36
f 286//36 295//36 281//36
f 396//36 271//36 277//36
f 283//36 288//36 284//36
f 288//36 286//36 284//36
f 399//36 406//36 271//36
f 394//36 399//36 271//36
f 396//36 394//36 271//36
f 406//36 306//36 283//36
f 306//36 298//36 283//36
f 298//36 288//36 283//36
f 411//574 489//574 406//574
f 489//1 490//1 406//1
f 490//1 491//1 406//1
f 492//1 306//1 406//1
f 493//1 492//1 406//1
f 491//1 493//1 406//1
f 494//1 302//1 306//1
f 495//1 494//1 306//1
f 496//1 495//1 306//1
f 492//1 496//1 306//1
f 497//575 46//575 49//575
f 465//576 497//576 49//576
f 498//577 105//577 104//577
f 466//578 498//578 104//578
f 498//579 102//579 105//579
f 497//580 40//580 46//580
f 99//581 469//581 100//581
f 45//582 468//582 55//582
f 44//583 468//583 45//583
f 109//581 469//581 99//581
f 497//580 39//580 40//580
f 499//584 115//584 102//584
f 500//585 499//585 102//585
f 498//586 500//586 102//586
f 200//587 479//587 227//587
f 323//588 476//588 324//588
f 480//589 497//589 465//589
f 468//590 478//590 377//590
f 469//591 474//591 378//591
f 475//592 498//592 466//592
f 477//593 208//593 210//593
f 199//594 479//594 200//594
f 332//595 476//595 323//595
f 473//596 431//596 434//596
f 473//597 429//597 431//597
f 43//598 501//598 44//598
f 501//599 468//599 44//599
f 108//600 502//600 109//600
f 502//601 503//601 109//601
f 503//602 469//602 109//602
f 198//603 479//603 199//603
f 331//604 476//604 332//604
f 430//605 429//605 473//605
f 474//606 430//606 473//606
f 330//607 475//607 476//607
f 331//608 330//608 476//608
f 209//609 208//609 477//609
f 478//610 209//610 477//610
f 198//611 197//611 479//611
f 197//612 480//612 479//612
f 504//613 36//613 39//613
f 497//614 504//614 39//614
f 499//615 110//615 115//615
f 505//616 22//616 435//616
f 470//617 505//617 435//617
f 506//618 472//618 467//618
f 28//619 506//619 467//619
f 197//620 507//620 480//620
f 507//621 508//621 480//621
f 508//622 509//622 480//622
f 509//623 497//623 480//623
f 510//624 209//624 478//624
f 468//625 511//625 478//625
f 511//626 512//626 478//626
f 512//627 510//627 478//627
f 513//628 430//628 474//628
f 469//629 514//629 474//629
f 514//630 515//630 474//630
f 515//631 513//631 474//631
f 330//632 516//632 475//632
f 517//633 498//633 475//633
f 518//634 517//634 475//634
f 516//635 518//635 475//635
f 501//636 519//636 468//636
f 519//637 511//637 468//637
f 520//638 504//638 497//638
f 509//639 520//639 497//639
f 503//640 521//640 469//640
f 521//641 514//641 469//641
f 522//642 500//642 498//642
f 517//643 522//643 498//643
f 329//644 516//644 330//644
f 195//645 507//645 197//645
f 513//646 432//646 430//646
f 510//647 211//647 209//647
f 510//648 212//648 211//648
f 523//1 34//1 36//1
f 504//649 523//649 36//649
f 37//650 501//650 43//650
f 107//651 502//651 108//651
f 499//652 111//652 110//652
f 513//653 433//653 432//653
f 194//654 507//654 195//654
f 328//655 516//655 329//655
f 107//656 524//656 502//656
f 524//657 503//657 502//657
f 525//658 111//658 499//658
f 500//659 525//659 499//659
f 526//660 205//660 510//660
f 205//661 212//661 510//661
f 512//662 527//662 510//662
f 527//663 526//663 510//663
f 194//664 528//664 507//664
f 528//665 508//665 507//665
f 529//666 427//666 513//666
f 427//667 433//667 513//667
f 515//668 530//668 513//668
f 530//669 529//669 513//669
f 531//670 518//670 516//670
f 328//671 531//671 516//671
f 202//672 528//672 194//672
f 325//673 531//673 328//673
f 216//674 528//674 202//674
f 526//675 223//675 205//675
f 529//676 428//676 427//676
f 326//677 531//677 325//677
f 532//678 520//678 509//678
f 533//679 532//679 509//679
f 508//680 533//680 509//680
f 519//681 534//681 511//681
f 534//682 535//682 511//682
f 535//683 512//683 511//683
f 536//684 515//684 514//684
f 537//685 536//685 514//685
f 521//686 537//686 514//686
f 518//687 538//687 517//687
f 538//688 539//688 517//688
f 539//689 522//689 517//689
f 529//690 426//690 428//690
f 526//691 222//691 223//691
f 540//692 508//692 528//692
f 216//693 540//693 528//693
f 527//694 222//694 526//694
f 530//695 426//695 529//695
f 541//696 518//696 531//696
f 326//697 541//697 531//697
f 524//698 542//698 503//698
f 542//657 521//657 503//657
f 543//699 525//699 500//699
f 522//659 543//659 500//659
f 520//649 544//649 504//649
f 544//649 523//649 504//649
f 37//650 545//650 501//650
f 545//650 519//650 501//650
f 546//700 505//700 470//700
f 439//6 546//6 470//6
f 506//701 547//701 472//701
f 547//702 438//702 472//702
f 112//703 524//703 107//703
f 548//5 114//5 111//5
f 525//704 548//704 111//704
f 532//705 544//705 520//705
f 545//706 534//706 519//706
f 540//707 549//707 508//707
f 549//708 550//708 508//708
f 550//709 551//709 508//709
f 551//710 552//710 508//710
f 552//711 533//711 508//711
f 553//712 527//712 512//712
f 554//713 553//713 512//713
f 555//714 554//714 512//714
f 535//715 555//715 512//715
f 536//716 556//716 515//716
f 556//717 557//717 515//717
f 557//718 558//718 515//718
f 558//719 530//719 515//719
f 559//720 538//720 518//720
f 541//721 560//721 518//721
f 560//722 559//722 518//722
f 218//723 549//723 216//723
f 549//724 540//724 216//724
f 560//725 541//725 326//725
f 327//726 560//726 326//726
f 561//727 20//727 22//727
f 505//728 561//728 22//728
f 562//729 506//729 28//729
f 27//730 562//730 28//730
f 542//731 537//731 521//731
f 539//732 543//732 522//732
f 558//733 425//733 426//733
f 530//734 558//734 426//734
f 546//735 561//735 505//735
f 562//736 547//736 506//736
f 553//737 222//737 527//737
f 553//738 221//738 222//738
f 218//739 550//739 549//739
f 554//740 563//740 553//740
f 563//741 221//741 553//741
f 557//742 425//742 558//742
f 564//743 559//743 560//743
f 327//744 564//744 560//744
f 542//745 565//745 537//745
f 565//746 536//746 537//746
f 566//747 543//747 539//747
f 538//748 566//748 539//748
f 533//749 567//749 532//749
f 567//705 544//705 532//705
f 568//750 535//750 534//750
f 545//706 568//706 534//706
f 557//751 420//751 425//751
f 563//752 219//752 221//752
f 217//753 550//753 218//753
f 318//754 564//754 327//754
f 552//755 567//755 533//755
f 568//756 555//756 535//756
f 235//757 569//757 217//757
f 569//758 550//758 217//758
f 317//759 564//759 318//759
f 570//1 34//1 523//1
f 544//760 570//760 523//760
f 571//761 545//761 37//761
f 38//761 571//761 37//761
f 557//762 421//762 420//762
f 565//763 556//763 536//763
f 559//764 566//764 538//764
f 563//765 572//765 219//765
f 572//766 237//766 219//766
f 551//767 573//767 552//767
f 573//755 567//755 552//755
f 574//768 554//768 555//768
f 568//756 574//756 555//756
f 565//769 575//769 556//769
f 575//763 576//763 556//763
f 576//770 557//770 556//770
f 577//764 578//764 559//764
f 578//771 566//771 559//771
f 564//772 577//772 559//772
f 113//773 524//773 112//773
f 579//5 114//5 548//5
f 580//774 579//774 548//774
f 525//775 580//775 548//775
f 576//776 421//776 557//776
f 317//777 577//777 564//777
f 576//778 422//778 421//778
f 316//779 577//779 317//779
f 550//780 569//780 551//780
f 569//781 573//781 551//781
f 572//782 563//782 554//782
f 581//783 572//783 554//783
f 574//784 581//784 554//784
f 575//785 422//785 576//785
f 316//786 578//786 577//786
f 582//787 561//787 546//787
f 439//6 582//6 546//6
f 562//788 583//788 547//788
f 583//789 438//789 547//789
f 584//790 20//790 561//790
f 582//791 584//791 561//791
f 585//792 583//792 562//792
f 27//793 585//793 562//793
f 113//794 586//794 524//794
f 586//795 587//795 524//795
f 587//795 542//795 524//795
f 543//796 580//796 525//796
f 234//797 588//797 235//797
f 588//798 569//798 235//798
f 572//799 238//799 237//799
f 588//800 573//800 569//800
f 581//801 238//801 572//801
f 233//802 589//802 234//802
f 589//803 588//803 234//803
f 319//804 578//804 316//804
f 575//805 418//805 422//805
f 411//806 490//806 489//806
f 494//807 303//807 302//807
f 581//808 239//808 238//808
f 575//809 419//809 418//809
f 585//810 438//810 583//810
f 236//811 589//811 233//811
f 310//812 578//812 319//812
f 590//813 251//813 239//813
f 581//814 590//814 239//814
f 567//815 591//815 544//815
f 591//760 570//760 544//760
f 592//816 568//816 545//816
f 571//817 592//817 545//817
f 439//6 584//6 582//6
f 575//818 415//818 419//818
f 494//819 304//819 303//819
f 309//820 578//820 310//820
f 240//821 589//821 236//821
f 590//822 246//822 251//822
f 410//823 490//823 411//823
f 494//824 312//824 304//824
f 587//825 593//825 542//825
f 593//826 565//826 542//826
f 594//796 580//796 543//796
f 566//827 594//827 543//827
f 114//828 586//828 113//828
f 595//5 114//5 579//5
f 580//829 595//829 579//829
f 414//830 490//830 410//830
f 575//831 416//831 415//831
f 590//832 247//832 246//832
f 484//833 589//833 240//833
f 243//834 484//834 240//834
f 494//835 307//835 312//835
f 575//836 413//836 416//836
f 308//837 578//837 309//837
f 484//838 242//838 241//838
f 248//839 487//839 485//839
f 413//840 490//840 414//840
f 242//841 484//841 243//841
f 307//842 578//842 308//842
f 487//843 248//843 247//843
f 590//844 487//844 247//844
f 114//845 596//845 586//845
f 596//846 597//846 586//846
f 597//846 587//846 586//846
f 598//847 595//847 580//847
f 599//848 598//848 580//848
f 594//849 599//849 580//849
f 494//850 578//850 307//850
f 575//851 490//851 413//851
f 573//852 600//852 567//852
f 600//853 591//853 567//853
f 601//854 574//854 568//854
f 592//854 601//854 568//854
f 593//855 602//855 565//855
f 602//856 575//856 565//856
f 603//857 594//857 566//857
f 578//858 603//858 566//858
f 595//5 604//5 114//5
f 604//859 596//859 114//859
f 605//5 604//5 595//5
f 598//5 605//5 595//5
f 588//860 606//860 573//860
f 606//852 600//852 573//852
f 590//861 581//861 574//861
f 601//862 590//862 574//862
f 589//863 606//863 588//863
f 597//864 607//864 587//864
f 607//864 593//864 587//864
f 608//865 599//865 594//865
f 603//866 608//866 594//866
f 602//867 491//867 490//867
f 575//868 602//868 490//868
f 609//869 578//869 494//869
f 495//870 609//870 494//870
f 609//871 603//871 578//871
f 610//1 34//1 570//1
f 591//872 610//872 570//872
f 611//873 571//873 38//873
f 35//873 611//873 38//873
f 607//874 612//874 593//874
f 612//874 602//874 593//874
f 613//875 608//875 603//875
f 614//876 613//876 603//876
f 609//876 614//876 603//876
f 605//877 596//877 604//877
f 615//5 605//5 598//5
f 616//878 615//878 598//878
f 599//879 616//879 598//879
f 617//6 18//6 20//6
f 618//6 617//6 20//6
f 584//6 618//6 20//6
f 619//7 585//7 27//7
f 117//7 620//7 27//7
f 620//7 619//7 27//7
f 439//6 618//6 584//6
f 619//7 438//7 585//7
f 612//880 491//880 602//880
f 495//881 614//881 609//881
f 605//882 621//882 596//882
f 621//883 622//883 596//883
f 622//884 597//884 596//884
f 623//885 616//885 599//885
f 608//886 623//886 599//886
f 600//887 624//887 591//887
f 624//872 610//872 591//872
f 625//888 592//888 571//888
f 611//888 625//888 571//888
f 626//889 627//889 491//889
f 612//890 626//890 491//890
f 627//1 493//1 491//1
f 496//1 628//1 495//1
f 629//891 614//891 495//891
f 628//892 629//892 495//892
f 607//893 626//893 612//893
f 629//894 613//894 614//894
f 630//895 607//895 597//895
f 631//895 630//895 597//895
f 622//896 631//896 597//896
f 632//897 623//897 608//897
f 633//898 632//898 608//898
f 613//898 633//898 608//898
f 634//899 589//899 484//899
f 483//900 634//900 484//900
f 635//901 488//901 487//901
f 590//902 635//902 487//902
f 630//895 636//895 607//895
f 636//903 637//903 607//903
f 637//903 626//903 607//903
f 638//898 633//898 613//898
f 629//904 638//904 613//904
f 634//905 606//905 589//905
f 601//906 635//906 590//906
f 637//907 627//907 626//907
f 639//904 638//904 629//904
f 628//908 639//908 629//908
f 606//909 640//909 600//909
f 640//887 624//887 600//887
f 641//910 601//910 592//910
f 625//910 641//910 592//910
f 634//911 642//911 606//911
f 642//909 640//909 606//909
f 643//912 635//912 601//912
f 641//913 643//913 601//913
f 644//914 642//914 634//914
f 483//915 644//915 634//915
f 643//916 488//916 635//916
f 637//6 645//6 627//6
f 645//1 493//1 627//1
f 646//7 639//7 628//7
f 647//7 646//7 628//7
f 496//1 647//1 628//1
f 648//917 649//917 637//917
f 636//917 648//917 637//917
f 649//6 645//6 637//6
f 646//918 638//918 639//918
f 650//919 648//919 636//919
f 630//920 650//920 636//920
f 651//921 633//921 638//921
f 646//918 651//918 638//918
f 652//922 650//922 630//922
f 631//922 652//922 630//922
f 653//923 632//923 633//923
f 651//924 653//924 633//924
f 654//925 652//925 631//925
f 622//925 654//925 631//925
f 655//926 623//926 632//926
f 653//923 655//923 632//923
f 656//927 654//927 622//927
f 621//927 656//927 622//927
f 657//928 616//928 623//928
f 655//926 657//926 623//926
f 658//929 656//929 621//929
f 605//929 658//929 621//929
f 659//930 615//930 616//930
f 657//928 659//928 616//928
f 615//5 658//5 605//5
f 660//5 658//5 615//5
f 659//931 660//931 615//931
f 661//1 34//1 610//1
f 624//932 661//932 610//932
f 662//933 611//933 35//933
f 34//933 662//933 35//933
f 640//934 663//934 624//934
f 663//932 661//932 624//932
f 664//935 625//935 611//935
f 662//935 664//935 611//935
f 642//936 665//936 640//936
f 665//934 663//934 640//934
f 666//937 641//937 625//937
f 664//938 666//938 625//938
f 667//1 34//1 661//1
f 663//939 667//939 661//939
f 667//1 668//1 34//1
f 669//940 662//940 34//940
f 668//940 669//940 34//940
f 644//941 670//941 642//941
f 670//942 665//942 642//942
f 671//943 643//943 641//943
f 666//944 671//944 641//944
f 672//945 670//945 644//945
f 483//946 672//946 644//946
f 673//947 488//947 643//947
f 671//947 673//947 643//947
f 482//5 674//5 483//5
f 674//946 672//946 483//946
f 673//5 486//5 488//5
f 665//948 675//948 663//948
f 675//949 676//949 663//949
f 676//939 667//939 663//939
f 677//950 664//950 662//950
f 669//951 677//951 662//951
f 678//952 455//952 454//952
f 453//2 678//2 454//2
f 458//953 679//953 457//953
f 679//954 680//954 457//954
f 680//955 681//955 457//955
f 681//2 459//2 457//2
f 682//2 678//2 453//2
f 460//2 682//2 453//2
f 681//2 461//2 459//2
f 683//2 682//2 460//2
f 462//2 684//2 460//2
f 684//2 685//2 460//2
f 685//2 683//2 460//2
f 681//2 463//2 461//2
f 463//2 686//2 462//2
f 686//2 684//2 462//2
f 681//2 687//2 463//2
f 687//2 686//2 463//2
f 688//956 685//956 684//956
f 689//957 688//957 684//957
f 686//958 689//958 684//958
f 688//959 683//959 685//959
f 690//960 689//960 686//960
f 687//960 690//960 686//960
f 691//961 682//961 683//961
f 688//959 691//959 683//959
f 681//2 692//2 687//2
f 693//962 690//962 687//962
f 692//962 693//962 687//962
f 694//2 678//2 682//2
f 695//963 694//963 682//963
f 691//961 695//961 682//961
f 681//2 696//2 692//2
f 697//964 693//964 692//964
f 696//964 697//964 692//964
f 456//965 455//965 678//965
f 698//966 456//966 678//966
f 694//2 699//2 678//2
f 699//967 698//967 678//967
f 700//2 696//2 681//2
f 680//968 701//968 681//968
f 701//969 700//969 681//969
f 702//2 703//2 694//2
f 703//2 699//2 694//2
f 704//970 702//970 694//970
f 695//963 704//963 694//963
f 700//2 705//2 696//2
f 705//2 706//2 696//2
f 707//971 697//971 696//971
f 706//971 707//971 696//971
f 701//969 705//969 700//969
f 703//972 708//972 699//972
f 708//973 698//973 699//973
f 709//2 710//2 702//2
f 710//2 711//2 702//2
f 711//2 712//2 702//2
f 712//2 703//2 702//2
f 713//2 714//2 702//2
f 714//2 715//2 702//2
f 715//2 709//2 702//2
f 716//974 713//974 702//974
f 704//970 716//970 702//970
f 717//2 718//2 706//2
f 718//2 719//2 706//2
f 719//2 720//2 706//2
f 720//2 721//2 706//2
f 721//2 722//2 706//2
f 705//2 723//2 706//2
f 723//2 717//2 706//2
f 724//975 707//975 706//975
f 722//975 724//975 706//975
f 712//976 725//976 703//976
f 725//977 708//977 703//977
f 701//978 726//978 705//978
f 726//979 723//979 705//979
f 727//2 728//2 713//2
f 728//2 714//2 713//2
f 729//2 730//2 713//2
f 730//2 731//2 713//2
f 731//2 727//2 713//2
f 732//980 729//980 713//980
f 716//974 732//974 713//974
f 733//2 729//2 722//2
f 721//2 734//2 722//2
f 734//2 733//2 722//2
f 735//981 724//981 722//981
f 729//981 735//981 722//981
f 736//2 737//2 729//2
f 737//2 738//2 729//2
f 738//2 739//2 729//2
f 733//2 740//2 729//2
f 740//2 736//2 729//2
f 739//2 741//2 729//2
f 741//2 730//2 729//2
f 732//980 735//980 729//980
f 711//982 742//982 712//982
f 742//983 743//983 712//983
f 743//984 725//984 712//984
f 726//985 744//985 723//985
f 744//986 717//986 723//986
f 745//987 742//987 711//987
f 710//988 745//988 711//988
f 746//989 718//989 717//989
f 744//990 746//990 717//990
f 747//991 719//991 718//991
f 748//992 747//992 718//992
f 746//993 748//993 718//993
f 709//994 749//994 710//994
f 749//995 745//995 710//995
f 750//996 749//996 709//996
f 715//997 750//997 709//997
f 751//998 720//998 719//998
f 747//999 751//999 719//999
f 752//1000 721//1000 720//1000
f 751//1001 752//1001 720//1001
f 714//1002 750//1002 715//1002
f 728//1003 753//1003 714//1003
f 754//1004 750//1004 714//1004
f 753//1005 754//1005 714//1005
f 727//1006 755//1006 728//1006
f 755//1007 753//1007 728//1007
f 756//1008 734//1008 721//1008
f 752//1009 756//1009 721//1009
f 731//1010 757//1010 727//1010
f 757//1011 755//1011 727//1011
f 730//1012 757//1012 731//1012
f 756//1008 733//1008 734//1008
f 758//1013 740//1013 733//1013
f 756//1014 758//1014 733//1014
f 759//1015 736//1015 740//1015
f 758//1016 759//1016 740//1016
f 741//1017 760//1017 730//1017
f 760//1018 757//1018 730//1018
f 739//1019 761//1019 741//1019
f 761//1020 760//1020 741//1020
f 762//1021 737//1021 736//1021
f 759//1022 762//1022 736//1022
f 763//1023 738//1023 737//1023
f 764//1024 763//1024 737//1024
f 762//1025 764//1025 737//1025
f 738//1019 761//1019 739//1019
f 763//1026 761//1026 738//1026
f 765//1027 456//1027 698//1027
f 708//1028 765//1028 698//1028
f 679//1029 701//1029 680//1029
f 725//1030 766//1030 708//1030
f 766//1028 765//1028 708//1028
f 679//1029 767//1029 701//1029
f 767//1031 726//1031 701//1031
f 768//1032 766//1032 725//1032
f 743//1033 768//1033 725//1033
f 767//1034 744//1034 726//1034
f 742//1035 768//1035 743//1035
f 769//1036 746//1036 744//1036
f 767//1037 769//1037 744//1037
f 745//1038 770//1038 742//1038
f 770//1039 768//1039 742//1039
f 769//1040 748//1040 746//1040
f 749//1041 770//1041 745//1041
f 771//1042 747//1042 748//1042
f 769//1043 771//1043 748//1043
f 750//1044 772//1044 749//1044
f 772//1045 770//1045 749//1045
f 771//1046 751//1046 747//1046
f 754//1047 772//1047 750//1047
f 773//1048 752//1048 751//1048
f 771//1049 773//1049 751//1049
f 774//1050 772//1050 754//1050
f 753//1051 774//1051 754//1051
f 755//1052 774//1052 753//1052
f 775//1053 756//1053 752//1053
f 773//1048 775//1048 752//1048
f 776//1054 774//1054 755//1054
f 757//1055 776//1055 755//1055
f 777//1056 776//1056 757//1056
f 760//1057 777//1057 757//1057
f 778//1058 758//1058 756//1058
f 775//1053 778//1053 756//1053
f 778//1059 759//1059 758//1059
f 779//1060 777//1060 760//1060
f 761//1061 779//1061 760//1061
f 780//1062 762//1062 759//1062
f 778//1063 780//1063 759//1063
f 780//1064 764//1064 762//1064
f 763//1065 779//1065 761//1065
f 781//1066 763//1066 764//1066
f 780//1067 781//1067 764//1067
f 781//1068 779//1068 763//1068
f 670//1069 782//1069 665//1069
f 782//1070 783//1070 665//1070
f 783//1071 675//1071 665//1071
f 784//1072 666//1072 664//1072
f 785//1073 784//1073 664//1073
f 677//1074 785//1074 664//1074
f 765//1075 446//1075 456//1075
f 452//1076 679//1076 458//1076
f 786//1077 679//1077 452//1077
f 451//1078 786//1078 452//1078
f 787//1079 447//1079 446//1079
f 765//1080 788//1080 446//1080
f 788//1081 787//1081 446//1081
f 789//1082 786//1082 451//1082
f 449//1083 789//1083 451//1083
f 766//1028 788//1028 765//1028
f 786//1029 767//1029 679//1029
f 672//1084 790//1084 670//1084
f 790//1069 782//1069 670//1069
f 791//1085 792//1085 666//1085
f 792//1086 671//1086 666//1086
f 784//1072 791//1072 666//1072
f 766//1087 787//1087 788//1087
f 789//1088 767//1088 786//1088
f 793//1087 787//1087 766//1087
f 794//1089 793//1089 766//1089
f 768//1089 794//1089 766//1089
f 795//1090 769//1090 767//1090
f 789//1088 795//1088 767//1088
f 796//1091 794//1091 768//1091
f 770//1092 796//1092 768//1092
f 795//1090 797//1090 769//1090
f 797//1093 771//1093 769//1093
f 798//1094 796//1094 770//1094
f 772//1095 798//1095 770//1095
f 799//1096 773//1096 771//1096
f 797//1097 799//1097 771//1097
f 800//1098 798//1098 772//1098
f 774//1099 800//1099 772//1099
f 801//1100 775//1100 773//1100
f 799//1101 801//1101 773//1101
f 776//1102 802//1102 774//1102
f 802//1102 800//1102 774//1102
f 801//1103 803//1103 775//1103
f 803//1104 778//1104 775//1104
f 777//1105 804//1105 776//1105
f 804//1105 802//1105 776//1105
f 805//1106 780//1106 778//1106
f 803//1104 805//1104 778//1104
f 806//1107 804//1107 777//1107
f 779//1107 806//1107 777//1107
f 805//1106 807//1106 780//1106
f 807//1108 781//1108 780//1108
f 781//1109 808//1109 779//1109
f 808//1109 806//1109 779//1109
f 807//1108 808//1108 781//1108
f 809//1110 790//1110 672//1110
f 674//1111 809//1111 672//1111
f 810//1112 673//1112 671//1112
f 792//1112 810//1112 671//1112
f 482//5 811//5 674//5
f 811//1111 809//1111 674//1111
f 812//5 486//5 673//5
f 810//5 812//5 673//5
f 448//1113 789//1113 449//1113
f 787//1114 445//1114 447//1114
f 787//1115 440//1115 445//1115
f 450//1116 813//1116 448//1116
f 813//1117 789//1117 448//1117
f 441//1118 440//1118 787//1118
f 814//1119 441//1119 787//1119
f 793//1120 814//1120 787//1120
f 813//1121 795//1121 789//1121
f 442//1122 441//1122 814//1122
f 815//1123 442//1123 814//1123
f 793//1124 815//1124 814//1124
f 450//1125 816//1125 813//1125
f 816//1126 795//1126 813//1126
f 817//1127 815//1127 793//1127
f 818//1128 817//1128 793//1128
f 794//1128 818//1128 793//1128
f 816//1129 819//1129 795//1129
f 819//1130 797//1130 795//1130
f 796//1131 820//1131 794//1131
f 820//1131 818//1131 794//1131
f 819//1130 821//1130 797//1130
f 821//1132 799//1132 797//1132
f 822//1133 820//1133 796//1133
f 798//1134 822//1134 796//1134
f 823//1135 801//1135 799//1135
f 821//1132 823//1132 799//1132
f 824//1136 822//1136 798//1136
f 800//1137 824//1137 798//1137
f 825//1138 803//1138 801//1138
f 823//1139 825//1139 801//1139
f 826//1140 824//1140 800//1140
f 802//1141 826//1141 800//1141
f 827//1142 805//1142 803//1142
f 825//1143 827//1143 803//1143
f 804//1144 828//1144 802//1144
f 828//1145 826//1145 802//1145
f 827//1146 829//1146 805//1146
f 829//1147 807//1147 805//1147
f 830//1148 828//1148 804//1148
f 806//1149 830//1149 804//1149
f 829//1150 831//1150 807//1150
f 831//1151 808//1151 807//1151
f 808//1152 832//1152 806//1152
f 832//1152 830//1152 806//1152
f 831//1153 832//1153 808//1153
f 833//1 834//1 667//1
f 834//1 668//1 667//1
f 676//1154 835//1154 667//1154
f 835//1155 833//1155 667//1155
f 834//1156 836//1156 668//1156
f 836//1157 669//1157 668//1157
f 675//1158 837//1158 676//1158
f 837//1159 835//1159 676//1159
f 836//1160 838//1160 669//1160
f 838//1161 677//1161 669//1161
f 783//1162 839//1162 675//1162
f 839//1163 837//1163 675//1163
f 838//1164 840//1164 677//1164
f 840//1165 785//1165 677//1165
f 782//1166 841//1166 783//1166
f 841//1167 839//1167 783//1167
f 840//1168 842//1168 785//1168
f 842//1169 784//1169 785//1169
f 790//1170 843//1170 782//1170
f 843//1171 841//1171 782//1171
f 842//1172 844//1172 784//1172
f 844//1173 791//1173 784//1173
f 809//1174 845//1174 790//1174
f 845//1175 843//1175 790//1175
f 844//1176 846//1176 791//1176
f 846//1177 792//1177 791//1177
f 811//6 845//6 809//6
f 846//7 847//7 792//7
f 847//7 810//7 792//7
f 848//6 845//6 811//6
f 849//5 848//5 811//5
f 482//5 849//5 811//5
f 850//5 812//5 810//5
f 847//5 850//5 810//5
f 443//1178 816//1178 450//1178
f 815//1179 439//1179 442//1179
f 444//1180 851//1180 443//1180
f 851//1181 816//1181 443//1181
f 852//1182 439//1182 815//1182
f 817//1183 852//1183 815//1183
f 851//1184 819//1184 816//1184
f 853//1185 439//1185 852//1185
f 854//1186 853//1186 852//1186
f 817//1187 854//1187 852//1187
f 444//1188 855//1188 851//1188
f 855//1189 819//1189 851//1189
f 856//1190 854//1190 817//1190
f 818//1191 856//1191 817//1191
f 857//1192 858//1192 819//1192
f 855//1193 857//1193 819//1193
f 858//1194 821//1194 819//1194
f 859//1195 856//1195 818//1195
f 820//1196 860//1196 818//1196
f 860//1196 859//1196 818//1196
f 858//1197 861//1197 821//1197
f 861//1198 823//1198 821//1198
f 822//1199 862//1199 820//1199
f 862//1200 863//1200 820//1200
f 863//1201 860//1201 820//1201
f 864//1202 865//1202 823//1202
f 865//1203 825//1203 823//1203
f 861//1198 864//1198 823//1198
f 866//1204 867//1204 822//1204
f 867//1205 862//1205 822//1205
f 824//1206 866//1206 822//1206
f 865//1207 868//1207 825//1207
f 869//1208 827//1208 825//1208
f 868//1209 869//1209 825//1209
f 870//1210 866//1210 824//1210
f 826//1211 870//1211 824//1211
f 869//1212 871//1212 827//1212
f 871//1213 872//1213 827//1213
f 872//1214 829//1214 827//1214
f 873//1215 874//1215 826//1215
f 874//1216 870//1216 826//1216
f 828//1217 873//1217 826//1217
f 872//1218 875//1218 829//1218
f 875//1219 831//1219 829//1219
f 876//1220 877//1220 828//1220
f 830//1221 876//1221 828//1221
f 877//1222 873//1222 828//1222
f 878//1223 879//1223 831//1223
f 875//1224 878//1224 831//1224
f 879//1225 832//1225 831//1225
f 832//1226 880//1226 830//1226
f 880//1227 876//1227 830//1227
f 881//1227 880//1227 832//1227
f 879//1228 881//1228 832//1228
f 438//1229 855//1229 444//1229
f 853//6 882//6 439//6
f 882//6 618//6 439//6
f 619//7 855//7 438//7
f 854//1230 883//1230 853//1230
f 883//1230 882//1230 853//1230
f 619//7 884//7 855//7
f 884//1231 857//1231 855//1231
f 856//1232 885//1232 854//1232
f 885//1232 883//1232 854//1232
f 884//1231 886//1231 857//1231
f 886//1233 858//1233 857//1233
f 859//1234 887//1234 856//1234
f 887//1234 885//1234 856//1234
f 886//1233 888//1233 858//1233
f 888//1235 861//1235 858//1235
f 860//1236 889//1236 859//1236
f 889//1236 887//1236 859//1236
f 888//1235 890//1235 861//1235
f 890//1237 864//1237 861//1237
f 863//1238 891//1238 860//1238
f 891//1238 889//1238 860//1238
f 890//1237 892//1237 864//1237
f 892//1239 865//1239 864//1239
f 862//1240 893//1240 863//1240
f 893//1240 891//1240 863//1240
f 892//1239 894//1239 865//1239
f 894//1241 868//1241 865//1241
f 867//1242 895//1242 862//1242
f 895//1242 893//1242 862//1242
f 894//1241 896//1241 868//1241
f 896//1243 869//1243 868//1243
f 866//1242 897//1242 867//1242
f 897//1242 895//1242 867//1242
f 896//1243 898//1243 869//1243
f 898//1243 871//1243 869//1243
f 870//1244 899//1244 866//1244
f 899//1244 897//1244 866//1244
f 898//1243 900//1243 871//1243
f 900//1245 872//1245 871//1245
f 874//1246 901//1246 870//1246
f 901//1246 899//1246 870//1246
f 900//1245 902//1245 872//1245
f 902//1247 875//1247 872//1247
f 873//1248 903//1248 874//1248
f 903//1248 901//1248 874//1248
f 902//1247 904//1247 875//1247
f 904//1249 878//1249 875//1249
f 877//1250 905//1250 873//1250
f 905//1251 903//1251 873//1251
f 904//1249 906//1249 878//1249
f 906//1252 879//1252 878//1252
f 876//1253 907//1253 877//1253
f 907//1253 905//1253 877//1253
f 906//1254 908//1254 879//1254
f 908//1255 881//1255 879//1255
f 880//5 909//5 876//5
f 909//5 907//5 876//5
f 881//5 910//5 880//5
f 910//5 909//5 880//5
f 908//1255 910//1255 881//1255
f 911//1 493//1 645//1
f 649//1256 911//1256 645//1256
f 496//1 912//1 647//1
f 913//1257 646//1257 647//1257
f 912//1257 913//1257 647//1257
f 648//1258 914//1258 649//1258
f 914//1256 911//1256 649//1256
f 913//1259 915//1259 646//1259
f 915//1260 651//1260 646//1260
f 650//1261 916//1261 648//1261
f 916//1262 914//1262 648//1262
f 915//1263 653//1263 651//1263
f 652//1264 917//1264 650//1264
f 917//1264 916//1264 650//1264
f 918//1265 655//1265 653//1265
f 915//1265 918//1265 653//1265
f 654//1266 917//1266 652//1266
f 918//1267 657//1267 655//1267
f 656//1268 919//1268 654//1268
f 919//1269 917//1269 654//1269
f 918//1270 920//1270 657//1270
f 920//1271 659//1271 657//1271
f 658//1272 921//1272 656//1272
f 921//1273 919//1273 656//1273
f 920//1274 660//1274 659//1274
f 922//5 921//5 658//5
f 660//5 922//5 658//5
f 920//1275 922//1275 660//1275
f 923//1 493//1 911//1
f 924//1 923//1 911//1
f 914//1276 924//1276 911//1276
f 496//1 925//1 912//1
f 926//1277 913//1277 912//1277
f 925//1277 926//1277 912//1277
f 916//1278 927//1278 914//1278
f 927//1279 928//1279 914//1279
f 928//1280 929//1280 914//1280
f 929//1276 924//1276 914//1276
f 930//1281 915//1281 913//1281
f 926//1282 930//1282 913//1282
f 917//1283 931//1283 916//1283
f 931//1284 932//1284 916//1284
f 932//1285 927//1285 916//1285
f 933//1286 918//1286 915//1286
f 934//1287 933//1287 915//1287
f 930//1281 934//1281 915//1281
f 919//1288 935//1288 917//1288
f 935//1289 931//1289 917//1289
f 936//1290 937//1290 918//1290
f 937//1291 920//1291 918//1291
f 933//1292 936//1292 918//1292
f 921//1293 938//1293 919//1293
f 938//1294 939//1294 919//1294
f 939//1295 935//1295 919//1295
f 940//1296 922//1296 920//1296
f 941//1297 940//1297 920//1297
f 937//1291 941//1291 920//1291
f 942//1298 943//1298 924//1298
f 929//1299 942//1299 924//1299
f 943//1 923//1 924//1
f 944//1300 926//1300 925//1300
f 945//1 944//1 925//1
f 496//1 945//1 925//1
f 928//1301 942//1301 929//1301
f 946//1302 930//1302 926//1302
f 944//1303 946//1303 926//1303
f 947//1304 942//1304 928//1304
f 927//1305 947//1305 928//1305
f 946//1306 948//1306 930//1306
f 948//1307 934//1307 930//1307
f 922//5 949//5 921//5
f 949//1308 938//1308 921//1308
f 950//5 951//5 922//5
f 951//5 952//5 922//5
f 952//5 949//5 922//5
f 953//5 954//5 922//5
f 954//5 955//5 922//5
f 955//5 950//5 922//5
f 940//1309 953//1309 922//1309
f 948//1310 956//1310 934//1310
f 956//1311 933//1311 934//1311
f 957//1312 947//1312 927//1312
f 932//1313 957//1313 927//1313
f 931//1314 957//1314 932//1314
f 956//1315 936//1315 933//1315
f 958//1316 937//1316 936//1316
f 956//1317 958//1317 936//1317
f 959//1318 957//1318 931//1318
f 935//1319 959//1319 931//1319
f 960//1320 959//1320 935//1320
f 939//1321 960//1321 935//1321
f 958//1322 941//1322 937//1322
f 961//1323 940//1323 941//1323
f 958//1324 961//1324 941//1324
f 938//1325 960//1325 939//1325
f 962//1326 963//1326 943//1326
f 963//1327 964//1327 943//1327
f 964//1328 965//1328 943//1328
f 965//1329 966//1329 943//1329
f 966//1330 967//1330 943//1330
f 967//1331 968//1331 943//1331
f 942//1332 962//1332 943//1332
f 969//1 923//1 943//1
f 968//1 969//1 943//1
f 970//1333 971//1333 944//1333
f 972//1334 970//1334 944//1334
f 971//1335 973//1335 944//1335
f 973//1336 974//1336 944//1336
f 974//1337 975//1337 944//1337
f 975//1338 946//1338 944//1338
f 976//1 972//1 944//1
f 945//1 976//1 944//1
f 947//1339 977//1339 942//1339
f 978//1340 979//1340 942//1340
f 979//1341 980//1341 942//1341
f 980//1342 981//1342 942//1342
f 981//1343 962//1343 942//1343
f 977//1344 982//1344 942//1344
f 982//1345 983//1345 942//1345
f 983//1346 978//1346 942//1346
f 984//1347 948//1347 946//1347
f 975//1348 985//1348 946//1348
f 985//1349 986//1349 946//1349
f 986//1350 987//1350 946//1350
f 987//1351 988//1351 946//1351
f 988//1352 989//1352 946//1352
f 989//1353 984//1353 946//1353
f 952//1354 960//1354 938//1354
f 949//1355 952//1355 938//1355
f 961//1356 953//1356 940//1356
f 990//5 991//5 953//5
f 992//5 990//5 953//5
f 991//5 993//5 953//5
f 993//5 954//5 953//5
f 961//1357 992//1357 953//1357
f 981//1358 963//1358 962//1358
f 994//1359 985//1359 975//1359
f 974//1360 994//1360 975//1360
f 987//1361 986//1361 985//1361
f 995//1362 987//1362 985//1362
f 996//1363 995//1363 985//1363
f 994//1364 996//1364 985//1364
f 980//1365 997//1365 981//1365
f 997//1366 998//1366 981//1366
f 998//1367 999//1367 981//1367
f 999//1368 963//1368 981//1368
f 999//1369 964//1369 963//1369
f 979//1370 997//1370 980//1370
f 951//1371 960//1371 952//1371
f 973//1372 994//1372 974//1372
f 995//1373 988//1373 987//1373
f 951//1374 1000//1374 960//1374
f 1000//1375 959//1375 960//1375
f 1001//1376 965//1376 964//1376
f 999//1377 1001//1377 964//1377
f 1001//1378 1002//1378 965//1378
f 1002//1379 1003//1379 965//1379
f 1003//1380 966//1380 965//1380
f 1004//5 1005//5 1006//5
f 1005//5 1007//5 1006//5
f 481//1381 1004//1381 1006//1381
f 482//1382 481//1382 1006//1382
f 1007//1382 482//1382 1006//1382
f 486//1381 1004//1381 481//1381
f 1008//1381 496//1381 492//1381
f 493//1382 1009//1382 492//1382
f 1009//1382 1008//1382 492//1382
f 1010//1381 496//1381 1008//1381
f 1009//1 1011//1 1008//1
f 1011//1 1010//1 1008//1
f 1012//1383 1013//1383 973//1383
f 971//1384 1012//1384 973//1384
f 1013//1385 1014//1385 973//1385
f 1014//1386 994//1386 973//1386
f 978//1387 997//1387 979//1387
f 970//1388 1012//1388 971//1388
f 947//1389 1015//1389 977//1389
f 1015//1390 1016//1390 977//1390
f 1016//1391 982//1391 977//1391
f 1017//1392 948//1392 984//1392
f 1018//1393 1017//1393 984//1393
f 989//1394 1019//1394 984//1394
f 1019//1395 1018//1395 984//1395
f 1020//1396 1015//1396 947//1396
f 957//1397 1020//1397 947//1397
f 1021//1398 956//1398 948//1398
f 1017//1398 1021//1398 948//1398
f 1022//1399 1020//1399 957//1399
f 959//1400 1022//1400 957//1400
f 1023//1401 958//1401 956//1401
f 1021//1402 1023//1402 956//1402
f 995//1403 989//1403 988//1403
f 1003//1404 967//1404 966//1404
f 1024//1405 1022//1405 959//1405
f 1000//1406 1025//1406 959//1406
f 1025//1407 1024//1407 959//1407
f 1023//1408 1026//1408 958//1408
f 1027//1409 961//1409 958//1409
f 1026//1410 1027//1410 958//1410
f 1005//5 1028//5 1007//5
f 849//1411 482//1411 1007//1411
f 1028//1411 849//1411 1007//1411
f 1029//5 1005//5 1004//5
f 486//1412 1029//1412 1004//1412
f 812//1412 1029//1412 486//1412
f 923//1411 1030//1411 493//1411
f 1030//1411 1009//1411 493//1411
f 1010//1412 945//1412 496//1412
f 1030//1 1011//1 1009//1
f 1031//1412 945//1412 1010//1412
f 1011//1 1031//1 1010//1
f 983//1413 1032//1413 978//1413
f 1033//1414 997//1414 978//1414
f 1032//1415 1033//1415 978//1415
f 995//1416 1034//1416 989//1416
f 1034//1417 1035//1417 989//1417
f 1035//1418 1036//1418 989//1418
f 1036//1419 1019//1419 989//1419
f 982//1420 1032//1420 983//1420
f 972//1421 1012//1421 970//1421
f 951//1422 1025//1422 1000//1422
f 1037//1357 992//1357 961//1357
f 1027//1423 1037//1423 961//1423
f 1037//5 990//5 992//5
f 950//1424 1025//1424 951//1424
f 1038//1425 1018//1425 1019//1425
f 1036//1426 1038//1426 1019//1426
f 1003//1427 1039//1427 967//1427
f 1039//1428 968//1428 967//1428
f 1040//5 990//5 1037//5
f 1027//1429 1040//1429 1037//1429
f 1016//1430 1032//1430 982//1430
f 950//1431 1041//1431 1025//1431
f 1041//1432 1024//1432 1025//1432
f 1026//1433 1040//1433 1027//1433
f 1042//1 969//1 968//1
f 1039//1434 1042//1434 968//1434
f 976//1 1043//1 972//1
f 1043//1435 1012//1435 972//1435
f 955//1436 1041//1436 950//1436
f 1005//5 1044//5 1028//5
f 1045//1437 849//1437 1028//1437
f 1044//1437 1045//1437 1028//1437
f 1046//5 1005//5 1029//5
f 812//1438 1046//1438 1029//1438
f 1045//5 848//5 849//5
f 850//1438 1046//1438 812//1438
f 969//1437 1047//1437 923//1437
f 1047//1437 1030//1437 923//1437
f 1031//1438 976//1438 945//1438
f 1047//1 1011//1 1030//1
f 1048//1438 976//1438 1031//1438
f 1011//1 1048//1 1031//1
f 1049//1439 1018//1439 1038//1439
f 1036//1440 1049//1440 1038//1440
f 1015//1441 1050//1441 1016//1441
f 1050//1430 1032//1430 1016//1430
f 1020//1442 1051//1442 1015//1442
f 1051//1443 1050//1443 1015//1443
f 1052//1444 1017//1444 1018//1444
f 1049//1445 1052//1445 1018//1445
f 1053//1446 1052//1446 1049//1446
f 1036//1447 1053//1447 1049//1447
f 1020//1448 1054//1448 1051//1448
f 1054//1449 1055//1449 1051//1449
f 1055//1450 1050//1450 1051//1450
f 1056//1451 1017//1451 1052//1451
f 1057//1452 1056//1452 1052//1452
f 1053//1453 1057//1453 1052//1453
f 1058//1454 1054//1454 1020//1454
f 1022//1455 1058//1455 1020//1455
f 1056//1456 1059//1456 1017//1456
f 1059//1457 1021//1457 1017//1457
f 1060//1458 1058//1458 1022//1458
f 1024//1459 1060//1459 1022//1459
f 1059//1460 1061//1460 1021//1460
f 1061//1461 1023//1461 1021//1461
f 1062//1462 1060//1462 1024//1462
f 1041//1463 1062//1463 1024//1463
f 1061//1464 1063//1464 1023//1464
f 1063//1465 1064//1465 1023//1465
f 1064//1466 1026//1466 1023//1466
f 954//1467 1065//1467 1041//1467
f 955//1436 954//1436 1041//1436
f 1065//1463 1062//1463 1041//1463
f 1064//1468 1066//1468 1026//1468
f 1066//1469 1040//1469 1026//1469
f 1055//1470 1032//1470 1050//1470
f 1066//5 990//5 1040//5
f 1067//1471 1057//1471 1053//1471
f 1036//1472 1067//1472 1053//1472
f 1068//1473 1066//1473 1064//1473
f 1063//1474 1068//1474 1064//1474
f 1068//5 990//5 1066//5
f 1005//5 1069//5 1044//5
f 1070//1475 1045//1475 1044//1475
f 1069//1475 1070//1475 1044//1475
f 1071//5 1005//5 1046//5
f 850//1476 1071//1476 1046//1476
f 1070//5 1072//5 1045//5
f 1072//5 848//5 1045//5
f 847//5 1073//5 850//5
f 1073//1476 1071//1476 850//1476
f 1042//1 1074//1 969//1
f 1074//1475 1075//1475 969//1475
f 1075//1475 1047//1475 969//1475
f 1076//1 1043//1 976//1
f 1048//1476 1076//1476 976//1476
f 1075//1 1011//1 1047//1
f 1077//1476 1076//1476 1048//1476
f 1011//1 1077//1 1048//1
f 1054//1477 1078//1477 1055//1477
f 1078//1478 1032//1478 1055//1478
f 996//1479 1079//1479 995//1479
f 1079//1480 1034//1480 995//1480
f 1080//1481 1081//1481 997//1481
f 1033//1482 1080//1482 997//1482
f 1081//1481 1082//1481 997//1481
f 1082//1483 998//1483 997//1483
f 1083//1484 996//1484 994//1484
f 1014//1485 1083//1485 994//1485
f 1043//1486 1084//1486 1012//1486
f 1084//1487 1085//1487 1012//1487
f 1085//1488 1086//1488 1012//1488
f 1086//1489 1013//1489 1012//1489
f 1087//1 1088//1 833//1
f 1088//1 1089//1 833//1
f 1090//1 1091//1 833//1
f 1091//1 1092//1 833//1
f 1092//1 1093//1 833//1
f 1093//1 1087//1 833//1
f 1089//1 1094//1 833//1
f 1094//1 1095//1 833//1
f 1095//1 1096//1 833//1
f 1096//1 1097//1 833//1
f 1097//1 834//1 833//1
f 835//1490 1090//1490 833//1490
f 1098//1491 836//1491 834//1491
f 1097//1492 1098//1492 834//1492
f 1099//1493 1090//1493 835//1493
f 837//1494 1099//1494 835//1494
f 1098//1495 838//1495 836//1495
f 1100//1494 1099//1494 837//1494
f 839//1496 1100//1496 837//1496
f 1098//1495 1101//1495 838//1495
f 1101//1497 840//1497 838//1497
f 841//1498 1100//1498 839//1498
f 1101//1499 842//1499 840//1499
f 1102//1498 1100//1498 841//1498
f 843//1500 1102//1500 841//1500
f 1101//1499 1103//1499 842//1499
f 1103//1499 844//1499 842//1499
f 845//1501 1102//1501 843//1501
f 1103//1502 1104//1502 844//1502
f 1104//1503 846//1503 844//1503
f 1105//1504 1102//1504 845//1504
f 848//1505 1105//1505 845//1505
f 1104//1506 847//1506 846//1506
f 1106//5 1107//5 1005//5
f 1108//5 1106//5 1005//5
f 1071//5 1109//5 1005//5
f 1109//5 1108//5 1005//5
f 1107//5 1110//5 1005//5
f 1110//5 1069//5 1005//5
f 1072//1507 1105//1507 848//1507
f 1104//1508 1111//1508 847//1508
f 1111//5 1073//5 847//5
f 1112//1 1113//1 1011//1
f 1114//1 1112//1 1011//1
f 1075//1 1115//1 1011//1
f 1115//1 1114//1 1011//1
f 1113//1 1116//1 1011//1
f 1116//1 1077//1 1011//1
f 993//1509 1065//1509 954//1509
f 1117//5 990//5 1068//5
f 1063//1510 1117//1510 1068//1510
f 998//1511 1118//1511 999//1511
f 1119//1512 1001//1512 999//1512
f 1118//1513 1119//1513 999//1513
f 1120//5 990//5 1117//5
f 1063//1514 1121//1514 1117//1514
f 1121//1515 1120//1515 1117//1515
f 991//1509 1065//1509 993//1509
f 991//1516 1122//1516 1065//1516
f 1123//1517 1062//1517 1065//1517
f 1122//1517 1123//1517 1065//1517
f 1061//1518 1121//1518 1063//1518
f 1124//1519 1060//1519 1062//1519
f 1123//1519 1124//1519 1062//1519
f 1059//1520 1125//1520 1061//1520
f 1125//1518 1121//1518 1061//1518
f 1126//1521 1058//1521 1060//1521
f 1124//1521 1126//1521 1060//1521
f 1056//1522 1127//1522 1059//1522
f 1127//1520 1125//1520 1059//1520
f 1126//1523 1128//1523 1058//1523
f 1128//1524 1054//1524 1058//1524
f 1057//1525 1129//1525 1056//1525
f 1129//1526 1130//1526 1056//1526
f 1130//1522 1127//1522 1056//1522
f 1128//1527 1078//1527 1054//1527
f 1067//1528 1129//1528 1057//1528
f 1131//1529 1129//1529 1067//1529
f 1036//1530 1131//1530 1067//1530
f 1132//1531 1133//1531 1036//1531
f 1035//1532 1132//1532 1036//1532
f 1133//1533 1134//1533 1036//1533
f 1134//1534 1131//1534 1036//1534
f 1078//1535 1135//1535 1032//1535
f 1135//1535 1136//1535 1032//1535
f 1137//1536 1033//1536 1032//1536
f 1136//1537 1137//1537 1032//1537
f 1128//1538 1135//1538 1078//1538
f 1099//1539 1091//1539 1090//1539
f 1096//1540 1138//1540 1097//1540
f 1138//1541 1098//1541 1097//1541
f 1126//1542 1139//1542 1128//1542
f 1139//1543 1136//1543 1128//1543
f 1136//1544 1135//1544 1128//1544
f 1140//1545 1130//1545 1129//1545
f 1131//1546 1140//1546 1129//1546
f 1134//1547 1140//1547 1131//1547
f 1141//1548 1091//1548 1099//1548
f 1100//1549 1141//1549 1099//1549
f 1138//1550 1142//1550 1098//1550
f 1142//1551 1101//1551 1098//1551
f 1102//1552 1143//1552 1100//1552
f 1143//1549 1141//1549 1100//1549
f 1142//1553 1144//1553 1101//1553
f 1144//1554 1103//1554 1101//1554
f 1105//1555 1145//1555 1102//1555
f 1145//1556 1146//1556 1102//1556
f 1146//1557 1143//1557 1102//1557
f 1147//1558 1104//1558 1103//1558
f 1144//1559 1148//1559 1103//1559
f 1148//1559 1147//1559 1103//1559
f 1149//1560 1070//1560 1069//1560
f 1110//1560 1149//1560 1069//1560
f 1073//1561 1109//1561 1071//1561
f 1149//5 1150//5 1070//5
f 1150//5 1072//5 1070//5
f 1111//5 1151//5 1073//5
f 1151//1561 1109//1561 1073//1561
f 1042//1 1152//1 1074//1
f 1152//1 1153//1 1074//1
f 1153//1560 1115//1560 1074//1560
f 1115//1560 1075//1560 1074//1560
f 1154//1 1155//1 1076//1
f 1155//1 1156//1 1076//1
f 1156//1 1043//1 1076//1
f 1077//1561 1154//1561 1076//1561
f 1116//1561 1154//1561 1077//1561
f 1072//1562 1145//1562 1105//1562
f 1147//1563 1111//1563 1104//1563
f 1157//1564 1140//1564 1134//1564
f 1133//1565 1157//1565 1134//1565
f 1158//5 990//5 1120//5
f 1159//5 1158//5 1120//5
f 1121//1515 1159//1515 1120//1515
f 990//1566 1122//1566 991//1566
f 1160//1556 1146//1556 1145//1556
f 1072//1567 1160//1567 1145//1567
f 1148//1568 1111//1568 1147//1568
f 990//1569 1161//1569 1122//1569
f 1162//1570 1123//1570 1122//1570
f 1161//1570 1162//1570 1122//1570
f 1163//1571 1159//1571 1121//1571
f 1125//1572 1163//1572 1121//1572
f 1150//1573 1160//1573 1072//1573
f 1148//1574 1164//1574 1111//1574
f 1164//5 1151//5 1111//5
f 1141//1575 1092//1575 1091//1575
f 1095//1576 1165//1576 1096//1576
f 1165//1576 1138//1576 1096//1576
f 1139//1577 1137//1577 1136//1577
f 1166//1578 1124//1578 1123//1578
f 1162//1578 1166//1578 1123//1578
f 1127//1579 1167//1579 1125//1579
f 1167//1580 1163//1580 1125//1580
f 1168//1575 1092//1575 1141//1575
f 1143//1581 1168//1581 1141//1581
f 1165//1582 1169//1582 1138//1582
f 1169//1582 1142//1582 1138//1582
f 1170//1583 1126//1583 1124//1583
f 1166//1584 1170//1584 1124//1584
f 1130//1585 1171//1585 1127//1585
f 1171//1586 1167//1586 1127//1586
f 1170//1587 1172//1587 1126//1587
f 1172//1588 1139//1588 1126//1588
f 1140//1589 1173//1589 1130//1589
f 1173//1590 1171//1590 1130//1590
f 1172//1591 1137//1591 1139//1591
f 1157//1592 1173//1592 1140//1592
f 1158//1593 1161//1593 990//1593
f 1174//5 1158//5 1159//5
f 1163//1594 1174//1594 1159//1594
f 1146//1595 1175//1595 1143//1595
f 1175//1581 1168//1581 1143//1581
f 1169//1596 1176//1596 1142//1596
f 1176//1597 1144//1597 1142//1597
f 1039//1598 1152//1598 1042//1598
f 1156//1599 1084//1599 1043//1599
f 1132//1600 1157//1600 1133//1600
f 1177//1601 1175//1601 1146//1601
f 1160//1602 1178//1602 1146//1602
f 1178//1603 1177//1603 1146//1603
f 1176//1604 1179//1604 1144//1604
f 1179//1605 1148//1605 1144//1605
f 1168//1606 1093//1606 1092//1606
f 1094//1607 1180//1607 1095//1607
f 1180//1608 1165//1608 1095//1608
f 1150//1609 1178//1609 1160//1609
f 1179//1610 1164//1610 1148//1610
f 1156//1611 1085//1611 1084//1611
f 1175//1612 1181//1612 1168//1612
f 1181//1606 1093//1606 1168//1606
f 1182//1613 1169//1613 1165//1613
f 1180//1614 1182//1614 1165//1614
f 1172//1615 1033//1615 1137//1615
f 1107//1616 1183//1616 1110//1616
f 1183//1616 1149//1616 1110//1616
f 1151//1617 1108//1617 1109//1617
f 1183//5 1184//5 1149//5
f 1184//5 1150//5 1149//5
f 1164//5 1185//5 1151//5
f 1185//1617 1108//1617 1151//1617
f 1186//1 1187//1 1153//1
f 1152//1 1188//1 1153//1
f 1188//1 1186//1 1153//1
f 1187//1616 1114//1616 1153//1616
f 1114//1616 1115//1616 1153//1616
f 1189//1 1190//1 1154//1
f 1190//1 1155//1 1154//1
f 1116//1617 1189//1617 1154//1617
f 1113//1617 1189//1617 1116//1617
f 1181//1618 1087//1618 1093//1618
f 1089//1619 1191//1619 1094//1619
f 1191//1619 1180//1619 1094//1619
f 1192//1620 1152//1620 1039//1620
f 1003//1621 1192//1621 1039//1621
f 1193//1622 1181//1622 1175//1622
f 1177//1623 1193//1623 1175//1623
f 1194//1624 1176//1624 1169//1624
f 1182//1625 1194//1625 1169//1625
f 1035//1626 1157//1626 1132//1626
f 1195//1618 1087//1618 1181//1618
f 1193//1627 1195//1627 1181//1627
f 1191//1628 1196//1628 1180//1628
f 1196//1629 1182//1629 1180//1629
f 1172//1630 1080//1630 1033//1630
f 1034//1626 1157//1626 1035//1626
f 1174//5 1197//5 1158//5
f 1197//5 1198//5 1158//5
f 1198//5 1199//5 1158//5
f 1199//5 1200//5 1158//5
f 1200//5 1201//5 1158//5
f 1201//5 1202//5 1158//5
f 1202//1631 1203//1631 1158//1631
f 1203//1632 1161//1632 1158//1632
f 1163//1594 1197//1594 1174//1594
f 1204//1633 1177//1633 1178//1633
f 1150//1634 1204//1634 1178//1634
f 1176//1635 1205//1635 1179//1635
f 1205//1636 1164//1636 1179//1636
f 1206//1637 1162//1637 1161//1637
f 1203//1638 1206//1638 1161//1638
f 1207//1639 1197//1639 1163//1639
f 1167//1640 1207//1640 1163//1640
f 1195//1641 1088//1641 1087//1641
f 1088//1642 1191//1642 1089//1642
f 1184//1643 1204//1643 1150//1643
f 1205//1644 1208//1644 1164//1644
f 1208//1645 1209//1645 1164//1645
f 1209//5 1185//5 1164//5
f 1156//1646 1086//1646 1085//1646
f 1172//1647 1081//1647 1080//1647
f 1195//1648 1191//1648 1088//1648
f 1002//1649 1192//1649 1003//1649
f 1210//1623 1193//1623 1177//1623
f 1204//1650 1210//1650 1177//1650
f 1194//1651 1208//1651 1176//1651
f 1208//1651 1205//1651 1176//1651
f 1211//1652 1191//1652 1195//1652
f 1193//1653 1211//1653 1195//1653
f 1211//1652 1196//1652 1191//1652
f 1212//1650 1210//1650 1204//1650
f 1184//1654 1212//1654 1204//1654
f 1213//1655 1166//1655 1162//1655
f 1206//1656 1213//1656 1162//1656
f 1171//1657 1214//1657 1167//1657
f 1214//1658 1207//1658 1167//1658
f 1106//1659 1183//1659 1107//1659
f 1185//1660 1106//1660 1108//1660
f 1185//5 1209//5 1183//5
f 1209//5 1215//5 1183//5
f 1215//5 1184//5 1183//5
f 1106//1661 1185//1661 1183//1661
f 1186//1 1216//1 1187//1
f 1216//1 1217//1 1187//1
f 1217//1659 1112//1659 1187//1659
f 1112//1659 1114//1659 1187//1659
f 1217//1 1218//1 1189//1
f 1218//1 1190//1 1189//1
f 1113//1660 1217//1660 1189//1660
f 1112//1660 1217//1660 1113//1660
f 1002//1662 1152//1662 1192//1662
f 1079//1663 1157//1663 1034//1663
f 1170//1664 1219//1664 1172//1664
f 1219//1665 1082//1665 1172//1665
f 1082//1647 1081//1647 1172//1647
f 1220//1666 1173//1666 1157//1666
f 1079//1667 1220//1667 1157//1667
f 1156//1668 1013//1668 1086//1668
f 1188//1669 1152//1669 1002//1669
f 1001//1670 1188//1670 1002//1670
f 1221//1671 1220//1671 1079//1671
f 996//1672 1221//1672 1079//1672
f 1155//1673 1013//1673 1156//1673
f 1119//1674 1188//1674 1001//1674
f 1216//1 1218//1 1217//1
f 1155//1675 1014//1675 1013//1675
f 1155//1676 1083//1676 1014//1676
f 1210//1677 1211//1677 1193//1677
f 1222//1678 1194//1678 1182//1678
f 1196//1679 1222//1679 1182//1679
f 1223//1680 1170//1680 1166//1680
f 1213//1681 1223//1681 1166//1681
f 1173//1682 1224//1682 1171//1682
f 1224//1657 1214//1657 1171//1657
f 1225//1683 1226//1683 1082//1683
f 1227//1684 1225//1684 1082//1684
f 1219//1685 1227//1685 1082//1685
f 1226//1686 998//1686 1082//1686
f 1223//1687 1227//1687 1170//1687
f 1227//1688 1219//1688 1170//1688
f 1220//1689 1228//1689 1173//1689
f 1228//1690 1224//1690 1173//1690
f 1229//1691 1228//1691 1220//1691
f 1221//1692 1229//1692 1220//1692
f 1118//1693 1188//1693 1119//1693
f 1230//1694 1229//1694 1221//1694
f 996//1695 1230//1695 1221//1695
f 1207//1696 1198//1696 1197//1696
f 1201//5 1231//5 1202//5
f 1231//1697 1232//1697 1202//1697
f 1232//1698 1203//1698 1202//1698
f 1155//1699 1233//1699 1083//1699
f 1233//1700 996//1700 1083//1700
f 1225//1701 998//1701 1226//1701
f 1233//1702 1155//1702 996//1702
f 1155//1703 1230//1703 996//1703
f 1225//1704 1118//1704 998//1704
f 1232//1705 1206//1705 1203//1705
f 1234//1706 1198//1706 1207//1706
f 1214//1707 1234//1707 1207//1707
f 1225//1708 1188//1708 1118//1708
f 1235//1709 1196//1709 1211//1709
f 1210//1710 1235//1710 1211//1710
f 1235//1709 1222//1709 1196//1709
f 1212//1711 1236//1711 1210//1711
f 1236//1711 1235//1711 1210//1711
f 1222//1712 1237//1712 1194//1712
f 1237//1712 1208//1712 1194//1712
f 1184//1713 1236//1713 1212//1713
f 1237//1714 1209//1714 1208//1714
f 1238//1715 1235//1715 1236//1715
f 1184//1716 1238//1716 1236//1716
f 1222//1717 1239//1717 1237//1717
f 1239//1718 1209//1718 1237//1718
f 1215//1719 1238//1719 1184//1719
f 1239//1720 1215//1720 1209//1720
f 1238//1721 1240//1721 1235//1721
f 1240//1721 1222//1721 1235//1721
f 1240//1721 1239//1721 1222//1721
f 1234//1722 1199//1722 1198//1722
f 1201//5 1241//5 1231//5
f 1241//1697 1232//1697 1231//1697
f 1215//1723 1240//1723 1238//1723
f 1215//1723 1239//1723 1240//1723
f 1241//1724 1242//1724 1232//1724
f 1243//1725 1206//1725 1232//1725
f 1242//1725 1243//1725 1232//1725
f 1244//1726 1199//1726 1234//1726
f 1214//1727 1244//1727 1234//1727
f 1245//1728 1213//1728 1206//1728
f 1243//1728 1245//1728 1206//1728
f 1224//1729 1246//1729 1214//1729
f 1246//1727 1244//1727 1214//1727
f 1247//1730 1223//1730 1213//1730
f 1245//1731 1247//1731 1213//1731
f 1228//1732 1248//1732 1224//1732
f 1248//1729 1246//1729 1224//1729
f 1247//1733 1225//1733 1223//1733
f 1225//1734 1227//1734 1223//1734
f 1229//1735 1230//1735 1228//1735
f 1230//1736 1249//1736 1228//1736
f 1249//1737 1248//1737 1228//1737
f 1244//1738 1200//1738 1199//1738
f 1201//5 1250//5 1241//5
f 1250//1739 1242//1739 1241//1739
f 1201//5 1251//5 1250//5
f 1251//1739 1242//1739 1250//1739
f 1244//1740 1252//1740 1200//1740
f 1252//1741 1201//1741 1200//1741
f 1251//1742 1253//1742 1242//1742
f 1254//1743 1243//1743 1242//1743
f 1253//1743 1254//1743 1242//1743
f 1246//1744 1252//1744 1244//1744
f 1247//1745 1255//1745 1225//1745
f 1255//1746 1188//1746 1225//1746
f 1256//1747 1249//1747 1230//1747
f 1155//1748 1256//1748 1230//1748
f 1255//1749 1186//1749 1188//1749
f 1190//1750 1256//1750 1155//1750
f 1257//1751 1245//1751 1243//1751
f 1254//1752 1257//1752 1243//1752
f 1248//1753 1258//1753 1246//1753
f 1258//1744 1252//1744 1246//1744
f 1259//5 1260//5 1251//5
f 1201//5 1259//5 1251//5
f 1261//5 1262//5 1251//5
f 1260//5 1261//5 1251//5
f 1262//1754 1253//1754 1251//1754
f 1252//1741 1259//1741 1201//1741
f 1263//1755 1247//1755 1245//1755
f 1257//1755 1263//1755 1245//1755
f 1249//1756 1264//1756 1248//1756
f 1264//1757 1258//1757 1248//1757
f 1262//1758 1265//1758 1253//1758
f 1266//1759 1254//1759 1253//1759
f 1265//1759 1266//1759 1253//1759
f 1267//1760 1259//1760 1252//1760
f 1258//1761 1267//1761 1252//1761
f 1267//1762 1260//1762 1259//1762
f 1261//1763 1265//1763 1262//1763
f 1263//1764 1268//1764 1247//1764
f 1268//1765 1255//1765 1247//1765
f 1256//1766 1269//1766 1249//1766
f 1269//1756 1264//1756 1249//1756
f 1268//1767 1186//1767 1255//1767
f 1270//1768 1269//1768 1256//1768
f 1190//1769 1270//1769 1256//1769
f 1271//5 1272//5 1261//5
f 1260//5 1271//5 1261//5
f 1272//1763 1265//1763 1261//1763
f 1273//5 1271//5 1260//5
f 1267//1762 1273//1762 1260//1762
f 1274//1770 1257//1770 1254//1770
f 1266//1771 1274//1771 1254//1771
f 1264//1772 1275//1772 1258//1772
f 1275//1761 1267//1761 1258//1761
f 1272//1773 1276//1773 1265//1773
f 1277//1774 1266//1774 1265//1774
f 1276//1775 1277//1775 1265//1775
f 1278//1776 1273//1776 1267//1776
f 1275//1777 1278//1777 1267//1777
f 1278//1778 1271//1778 1273//1778
f 1278//1779 1279//1779 1271//1779
f 1276//1780 1272//1780 1271//1780
f 1279//1781 1276//1781 1271//1781
f 1279//1782 1277//1782 1276//1782
f 1277//1783 1279//1783 1278//1783
f 1275//1784 1277//1784 1278//1784
f 1280//1785 1263//1785 1257//1785
f 1274//1786 1280//1786 1257//1786
f 1269//1787 1281//1787 1264//1787
f 1281//1788 1275//1788 1264//1788
f 1263//1789 1282//1789 1268//1789
f 1282//1767 1186//1767 1268//1767
f 1283//1768 1269//1768 1270//1768
f 1190//1769 1283//1769 1270//1769
f 1282//1790 1284//1790 1186//1790
f 1284//1791 1216//1791 1186//1791
f 1218//1792 1285//1792 1190//1792
f 1285//1793 1283//1793 1190//1793
f 1286//1794 1274//1794 1266//1794
f 1277//1795 1286//1795 1266//1795
f 1281//1796 1277//1796 1275//1796
f 1280//1797 1284//1797 1263//1797
f 1284//1798 1282//1798 1263//1798
f 1283//1799 1287//1799 1269//1799
f 1287//1800 1281//1800 1269//1800
f 1285//1801 1287//1801 1283//1801
f 1281//1802 1286//1802 1277//1802
f 1288//1803 617//1803 618//1803
f 1289//6 1290//6 618//6
f 1290//6 1291//6 618//6
f 1291//6 1292//6 618//6
f 1292//6 1293//6 618//6
f 1293//1804 1294//1804 618//1804
f 1294//1805 1288//1805 618//1805
f 1295//1806 1289//1806 618//1806
f 882//1807 1295//1807 618//1807
f 620//7 1296//7 619//7
f 1296//7 1297//7 619//7
f 1298//7 1299//7 619//7
f 1300//7 1298//7 619//7
f 1297//7 1300//7 619//7
f 1301//1808 884//1808 619//1808
f 1299//1809 1301//1809 619//1809
f 1302//1810 1295//1810 882//1810
f 883//1811 1302//1811 882//1811
f 1303//1812 886//1812 884//1812
f 1301//1813 1303//1813 884//1813
f 885//1814 1304//1814 883//1814
f 1304//1811 1302//1811 883//1811
f 1303//1812 1305//1812 886//1812
f 1305//1815 888//1815 886//1815
f 1306//1814 1304//1814 885//1814
f 887//1814 1306//1814 885//1814
f 1305//1816 890//1816 888//1816
f 1307//1817 1306//1817 887//1817
f 889//1818 1307//1818 887//1818
f 1308//1819 892//1819 890//1819
f 1305//1815 1308//1815 890//1815
f 891//1820 1307//1820 889//1820
f 1309//1821 894//1821 892//1821
f 1308//1822 1309//1822 892//1822
f 1310//1823 1307//1823 891//1823
f 893//1823 1310//1823 891//1823
f 1309//1824 896//1824 894//1824
f 895//1825 1310//1825 893//1825
f 1311//1826 898//1826 896//1826
f 1309//1824 1311//1824 896//1824
f 1312//1825 1310//1825 895//1825
f 897//1827 1312//1827 895//1827
f 1311//1828 900//1828 898//1828
f 1313//1829 1312//1829 897//1829
f 899//1830 1313//1830 897//1830
f 1314//1831 902//1831 900//1831
f 1311//1832 1314//1832 900//1832
f 901//1833 1313//1833 899//1833
f 1315//1834 904//1834 902//1834
f 1314//1835 1315//1835 902//1835
f 1316//1836 1313//1836 901//1836
f 903//1836 1316//1836 901//1836
f 1315//1837 906//1837 904//1837
f 905//1838 1316//1838 903//1838
f 1317//1839 908//1839 906//1839
f 1315//1837 1317//1837 906//1837
f 1318//1840 1316//1840 905//1840
f 907//1840 1318//1840 905//1840
f 1319//1841 910//1841 908//1841
f 1317//1841 1319//1841 908//1841
f 1319//1842 1318//1842 907//1842
f 909//1842 1319//1842 907//1842
f 910//1842 1319//1842 909//1842
f 1320//1843 1280//1843 1274//1843
f 1286//1844 1320//1844 1274//1844
f 1287//1845 1286//1845 1281//1845
f 1287//1846 1320//1846 1286//1846
f 1320//1847 1321//1847 1280//1847
f 1321//1848 1322//1848 1280//1848
f 1322//1849 1284//1849 1280//1849
f 1285//1850 1323//1850 1287//1850
f 1323//1850 1320//1850 1287//1850
f 1322//1851 1216//1851 1284//1851
f 1218//1852 1323//1852 1285//1852
f 1321//1851 1216//1851 1322//1851
f 1321//1853 1320//1853 1323//1853
f 1218//1852 1321//1852 1323//1852
f 1321//1854 1218//1854 1216//1854
f 1324//1855 1295//1855 1302//1855
f 1325//1856 1324//1856 1302//1856
f 1304//1857 1325//1857 1302//1857
f 1326//1858 1305//1858 1303//1858
f 1327//1859 1326//1859 1303//1859
f 1301//1860 1327//1860 1303//1860
f 1324//1861 1328//1861 1295//1861
f 1328//1806 1289//1806 1295//1806
f 1299//1862 1327//1862 1301//1862
f 1329//1863 1328//1863 1324//1863
f 1325//1864 1329//1864 1324//1864
f 1330//1865 1331//1865 1327//1865
f 1331//1866 1326//1866 1327//1866
f 1299//1809 1330//1809 1327//1809
f 1330//1867 1332//1867 1331//1867
f 1332//1868 1333//1868 1331//1868
f 1333//1869 1326//1869 1331//1869
f 1334//1870 1335//1870 1325//1870
f 1335//1871 1329//1871 1325//1871
f 1304//1872 1334//1872 1325//1872
f 1333//1873 1305//1873 1326//1873
f 1336//1874 1334//1874 1304//1874
f 1337//1875 1336//1875 1304//1875
f 1306//1876 1337//1876 1304//1876
f 1333//1877 1338//1877 1305//1877
f 1338//1878 1308//1878 1305//1878
f 1307//1879 1339//1879 1306//1879
f 1339//1880 1337//1880 1306//1880
f 1340//1881 1309//1881 1308//1881
f 1338//1878 1340//1878 1308//1878
f 1341//1882 1339//1882 1307//1882
f 1310//1882 1341//1882 1307//1882
f 1342//1883 1311//1883 1309//1883
f 1340//1884 1342//1884 1309//1884
f 1343//1885 1341//1885 1310//1885
f 1312//1886 1343//1886 1310//1886
f 1342//1883 1344//1883 1311//1883
f 1344//1887 1314//1887 1311//1887
f 1313//1888 1345//1888 1312//1888
f 1345//1889 1343//1889 1312//1889
f 1346//1890 1315//1890 1314//1890
f 1344//1891 1346//1891 1314//1891
f 1347//1892 1345//1892 1313//1892
f 1316//1892 1347//1892 1313//1892
f 1348//1893 1317//1893 1315//1893
f 1346//1890 1348//1890 1315//1890
f 1349//1894 1347//1894 1316//1894
f 1318//1895 1349//1895 1316//1895
f 1350//1896 1319//1896 1317//1896
f 1348//1893 1350//1893 1317//1893
f 1351//1897 1349//1897 1318//1897
f 1319//1897 1351//1897 1318//1897
f 1350//1898 1351//1898 1319//1898
f 1335//1899 1328//1899 1329//1899
f 1352//1900 1353//1900 1334//1900
f 1353//1901 1335//1901 1334//1901
f 1336//1902 1352//1902 1334//1902
f 1354//1903 1338//1903 1333//1903
f 1332//1904 1354//1904 1333//1904
f 1353//1905 1328//1905 1335//1905
f 1330//1906 1355//1906 1332//1906
f 1355//1907 1354//1907 1332//1907
f 1330//1908 1356//1908 1355//1908
f 1356//1909 1354//1909 1355//1909
f 1357//1910 1358//1910 1352//1910
f 1358//1911 1353//1911 1352//1911
f 1336//1912 1357//1912 1352//1912
f 1359//1913 1338//1913 1354//1913
f 1356//1914 1359//1914 1354//1914
f 1360//1915 1357//1915 1336//1915
f 1361//1916 1360//1916 1336//1916
f 1337//1916 1361//1916 1336//1916
f 1359//1917 1362//1917 1338//1917
f 1362//1918 1340//1918 1338//1918
f 1339//1919 1363//1919 1337//1919
f 1363//1920 1361//1920 1337//1920
f 1364//1921 1342//1921 1340//1921
f 1362//1918 1364//1918 1340//1918
f 1365//1922 1363//1922 1339//1922
f 1341//1922 1365//1922 1339//1922
f 1366//1923 1344//1923 1342//1923
f 1364//1924 1366//1924 1342//1924
f 1367//1925 1365//1925 1341//1925
f 1343//1926 1367//1926 1341//1926
f 1366//1923 1368//1923 1344//1923
f 1368//1927 1346//1927 1344//1927
f 1345//1928 1369//1928 1343//1928
f 1369//1929 1367//1929 1343//1929
f 1370//1930 1348//1930 1346//1930
f 1368//1931 1370//1931 1346//1931
f 1371//1932 1369//1932 1345//1932
f 1347//1932 1371//1932 1345//1932
f 1372//1933 1350//1933 1348//1933
f 1370//1934 1372//1934 1348//1934
f 1373//1935 1371//1935 1347//1935
f 1349//1935 1373//1935 1347//1935
f 1374//1936 1351//1936 1350//1936
f 1372//1933 1374//1933 1350//1933
f 1375//1937 1373//1937 1349//1937
f 1351//1937 1375//1937 1349//1937
f 1374//1938 1375//1938 1351//1938
f 1376//1939 1328//1939 1353//1939
f 1358//1940 1376//1940 1353//1940
f 1377//1941 1378//1941 1357//1941
f 1378//1942 1379//1942 1357//1942
f 1379//1943 1358//1943 1357//1943
f 1360//1944 1377//1944 1357//1944
f 1380//1945 1362//1945 1359//1945
f 1381//1946 1380//1946 1359//1946
f 1382//1947 1381//1947 1359//1947
f 1356//1947 1382//1947 1359//1947
f 1383//1948 1376//1948 1358//1948
f 1379//1949 1383//1949 1358//1949
f 1384//1950 1382//1950 1356//1950
f 1330//1951 1384//1951 1356//1951
f 1384//1952 1385//1952 1382//1952
f 1385//1953 1381//1953 1382//1953
f 1378//1949 1383//1949 1379//1949
f 1385//1954 1386//1954 1381//1954
f 1386//1955 1380//1955 1381//1955
f 1387//1956 1388//1956 1377//1956
f 1388//1957 1378//1957 1377//1957
f 1389//1958 1387//1958 1377//1958
f 1360//1959 1389//1959 1377//1959
f 1390//1960 1362//1960 1380//1960
f 1386//1961 1390//1961 1380//1961
f 1391//1962 1389//1962 1360//1962
f 1361//1963 1391//1963 1360//1963
f 1390//1960 1392//1960 1362//1960
f 1392//1964 1364//1964 1362//1964
f 1363//1965 1393//1965 1361//1965
f 1393//1966 1391//1966 1361//1966
f 1394//1967 1366//1967 1364//1967
f 1392//1968 1394//1968 1364//1968
f 1395//1969 1393//1969 1363//1969
f 1365//1970 1395//1970 1363//1970
f 1394//1967 1396//1967 1366//1967
f 1396//1971 1368//1971 1366//1971
f 1397//1972 1395//1972 1365//1972
f 1367//1972 1397//1972 1365//1972
f 1396//1973 1398//1973 1368//1973
f 1398//1974 1370//1974 1368//1974
f 1369//1975 1399//1975 1367//1975
f 1399//1975 1397//1975 1367//1975
f 1400//1976 1372//1976 1370//1976
f 1398//1974 1400//1974 1370//1974
f 1401//1977 1399//1977 1369//1977
f 1371//1977 1401//1977 1369//1977
f 1400//1976 1402//1976 1372//1976
f 1402//1978 1374//1978 1372//1978
f 1403//1979 1401//1979 1371//1979
f 1373//1979 1403//1979 1371//1979
f 1402//1978 1404//1978 1374//1978
f 1404//1980 1375//1980 1374//1980
f 1405//1981 1403//1981 1373//1981
f 1375//1982 1405//1982 1373//1982
f 1404//1980 1405//1980 1375//1980
f 1406//1983 1383//1983 1378//1983
f 1388//1984 1406//1984 1378//1984
f 1407//1985 1406//1985 1388//1985
f 1408//1986 1407//1986 1388//1986
f 1387//36 1408//36 1388//36
f 1409//1987 1410//1987 1386//1987
f 1385//1988 1409//1988 1386//1988
f 1410//36 1390//36 1386//36
f 1411//1989 1407//1989 1408//1989
f 1412//1990 1411//1990 1408//1990
f 1387//36 1412//36 1408//36
f 1413//1991 1414//1991 1410//1991
f 1415//1992 1413//1992 1410//1992
f 1409//1993 1415//1993 1410//1993
f 1414//36 1390//36 1410//36
f 1416//1994 1411//1994 1412//1994
f 1417//1995 1416//1995 1412//1995
f 695//36 1417//36 1412//36
f 704//36 695//36 1412//36
f 1387//36 704//36 1412//36
f 1418//1996 1419//1996 1414//1996
f 1419//1996 1420//1996 1414//1996
f 1413//1997 1418//1997 1414//1997
f 693//36 1390//36 1414//36
f 1420//36 693//36 1414//36
f 1421//1998 1422//1998 1417//1998
f 1422//1995 1416//1995 1417//1995
f 695//36 1421//36 1417//36
f 1419//1999 1423//1999 1420//1999
f 1423//1999 1424//1999 1420//1999
f 690//36 693//36 1420//36
f 1424//36 690//36 1420//36
f 1425//1998 1422//1998 1421//1998
f 1424//5 1423//5 1421//5
f 1423//5 1425//5 1421//5
f 695//36 691//36 1421//36
f 691//36 688//36 1421//36
f 688//36 1424//36 1421//36
f 689//36 690//36 1424//36
f 688//36 689//36 1424//36
f 697//36 1390//36 693//36
f 1389//36 704//36 1387//36
f 697//36 1392//36 1390//36
f 1391//36 716//36 704//36
f 1389//36 1391//36 704//36
f 707//36 1394//36 697//36
f 1394//36 1392//36 697//36
f 1395//36 732//36 716//36
f 1393//36 1395//36 716//36
f 1391//36 1393//36 716//36
f 1396//36 1394//36 707//36
f 724//36 1400//36 707//36
f 1400//36 1398//36 707//36
f 1398//36 1396//36 707//36
f 1397//36 1399//36 732//36
f 1399//36 1401//36 732//36
f 1401//36 1403//36 732//36
f 1403//36 735//36 732//36
f 1395//36 1397//36 732//36
f 735//36 1404//36 724//36
f 1404//36 1402//36 724//36
f 1402//36 1400//36 724//36
f 1403//36 1405//36 735//36
f 1405//36 1404//36 735//36
f 1426//2000 1427//2000 18//2000
f 617//2001 1426//2001 18//2001
f 1427//1 116//1 18//1
f 1428//2002 620//2002 117//2002
f 1429//2003 1428//2003 117//2003
f 1430//1 1429//1 117//1
f 118//1 1431//1 117//1
f 1431//1 1430//1 117//1
f 1288//2004 1426//2004 617//2004
f 1428//2005 1296//2005 620//2005
f 1428//2006 1297//2006 1296//2006
f 1294//2007 1426//2007 1288//2007
f 1294//2008 1432//2008 1426//2008
f 1432//2009 1427//2009 1426//2009
f 1433//2010 1297//2010 1428//2010
f 1429//2011 1433//2011 1428//2011
f 1293//2012 1432//2012 1294//2012
f 1433//2013 1300//2013 1297//2013
f 1293//2014 1434//2014 1432//2014
f 1434//2009 1427//2009 1432//2009
f 1435//2015 1300//2015 1433//2015
f 1429//2011 1435//2011 1433//2011
f 1434//2016 1436//2016 1427//2016
f 1436//1 1437//1 1427//1
f 1437//1 116//1 1427//1
f 1430//2017 1435//2017 1429//2017
f 1292//2018 1434//2018 1293//2018
f 1435//2019 1298//2019 1300//2019
f 1291//2020 1438//2020 1434//2020
f 1292//2021 1291//2021 1434//2021
f 1438//2022 1436//2022 1434//2022
f 1439//2023 1440//2023 1435//2023
f 1440//2024 1298//2024 1435//2024
f 1430//2025 1439//2025 1435//2025
f 1441//2026 1442//2026 1438//2026
f 1442//2027 1443//2027 1438//2027
f 1444//2028 1445//2028 1438//2028
f 1446//2029 1444//2029 1438//2029
f 1443//2030 1446//2030 1438//2030
f 1291//2031 1290//2031 1438//2031
f 1447//2032 1441//2032 1438//2032
f 1448//2033 1447//2033 1438//2033
f 1290//2034 1448//2034 1438//2034
f 1445//2035 1436//2035 1438//2035
f 1449//2036 1450//2036 1439//2036
f 1450//2036 1451//2036 1439//2036
f 1451//2037 1440//2037 1439//2037
f 1452//2038 1453//2038 1439//2038
f 1454//2039 1449//2039 1439//2039
f 1453//2040 1454//2040 1439//2040
f 1455//2041 1456//2041 1439//2041
f 1456//2042 1457//2042 1439//2042
f 1457//2043 1452//2043 1439//2043
f 1430//2044 1455//2044 1439//2044
f 1440//7 1299//7 1298//7
f 1445//2045 1437//2045 1436//2045
f 1431//2046 1455//2046 1430//2046
f 1289//2047 1448//2047 1290//2047
f 1451//2048 1299//2048 1440//2048
f 1328//2049 1458//2049 1289//2049
f 1458//2050 1459//2050 1289//2050
f 1459//2051 1448//2051 1289//2051
f 1460//2052 1330//2052 1299//2052
f 1451//2053 1460//2053 1299//2053
f 1376//2054 1458//2054 1328//2054
f 1460//2055 1461//2055 1330//2055
f 1461//2056 1384//2056 1330//2056
f 1383//2057 1462//2057 1376//2057
f 1462//2058 1458//2058 1376//2058
f 1461//2059 1463//2059 1384//2059
f 1463//2060 1385//2060 1384//2060
f 1464//2061 1462//2061 1383//2061
f 1406//2061 1464//2061 1383//2061
f 1463//2062 1409//2062 1385//2062
f 1465//2063 1464//2063 1406//2063
f 1407//2064 1465//2064 1406//2064
f 1463//2065 1466//2065 1409//2065
f 1466//2066 1415//2066 1409//2066
f 1411//2067 1465//2067 1407//2067
f 1467//2068 1413//2068 1415//2068
f 1466//2069 1467//2069 1415//2069
f 1416//2070 1468//2070 1411//2070
f 1468//2071 1465//2071 1411//2071
f 1469//2072 1418//2072 1413//2072
f 1467//2073 1469//2073 1413//2073
f 1470//2074 1468//2074 1416//2074
f 1422//2075 1470//2075 1416//2075
f 1469//2076 1419//2076 1418//2076
f 1425//2077 1471//2077 1422//2077
f 1471//2078 1470//2078 1422//2078
f 1472//2079 1423//2079 1419//2079
f 1469//2080 1472//2080 1419//2080
f 1423//2081 1471//2081 1425//2081
f 1472//2082 1473//2082 1423//2082
f 1473//2081 1471//2081 1423//2081
f 1458//2083 1474//2083 1459//2083
f 1447//2084 1448//2084 1459//2084
f 1474//2085 1447//2085 1459//2085
f 1475//2086 1461//2086 1460//2086
f 1476//2087 1475//2087 1460//2087
f 1450//2088 1476//2088 1460//2088
f 1451//2089 1450//2089 1460//2089
f 1462//2090 1477//2090 1458//2090
f 1477//2091 1474//2091 1458//2092
f 1475//2093 1463//2093 1461//2093
f 1470//2094 1478//2094 1468//2094
f 1478//2095 1465//2095 1468//2096
f 1467//2097 1479//2097 1469//2097
f 1479//2098 1472//2098 1469//2098
f 1471//2099 1480//2099 1470//2099
f 1480//2099 1481//2099 1470//2099
f 1481//2100 1478//2100 1470//2100
f 1479//2101 1482//2101 1472//2101
f 1483//2102 1473//2102 1472//2102
f 1482//2102 1483//2102 1472//2102
f 1473//2103 1480//2103 1471//2103
f 1483//2103 1480//2103 1473//2103
f 1462//2104 1484//2104 1477//2104
f 1484//2105 1485//2105 1477//2105
f 1485//2106 1486//2106 1477//2106
f 1486//2107 1474//2107 1477//2107
f 1476//2108 1487//2108 1475//2108
f 1487//2109 1463//2109 1475//2109
f 1481//2110 1488//2110 1478//2110
f 1488//2111 1465//2111 1478//2111
f 1467//2112 1489//2112 1479//2112
f 1489//2113 1490//2113 1479//2113
f 1490//2114 1482//2114 1479//2114
f 1491//2115 1484//2115 1462//2115
f 1464//2116 1491//2116 1462//2116
f 1487//2117 1492//2117 1463//2117
f 1492//2118 1466//2118 1463//2118
f 1493//2119 1491//2119 1464//2119
f 1465//2120 1493//2120 1464//2120
f 1492//2121 1494//2121 1466//2121
f 1494//2122 1467//2122 1466//2122
f 1488//2123 1493//2123 1465//2123
f 1494//2122 1489//2122 1467//2122
f 1495//2124 1447//2124 1474//2124
f 1486//2125 1495//2125 1474//2125
f 1496//2126 1487//2126 1476//2126
f 1449//2127 1496//2127 1476//2127
f 1450//2128 1449//2128 1476//2128
f 1495//2129 1441//2129 1447//2129
f 1444//2130 1497//2130 1445//2130
f 1497//2130 1498//2130 1445//2130
f 1498//2131 1499//2131 1445//2131
f 1499//2132 1500//2132 1445//2132
f 1500//2133 1437//2133 1445//2133
f 1501//2134 1502//2134 1455//2134
f 1502//2135 1456//2135 1455//2135
f 1431//2136 1501//2136 1455//2136
f 1483//2137 1503//2137 1480//2137
f 1503//2138 1481//2138 1480//2138
f 1482//2139 1504//2139 1483//2139
f 1504//2103 1503//2103 1483//2103
f 1454//2140 1496//2140 1449//2140
f 1486//2141 1441//2141 1495//2141
f 1485//2142 1505//2142 1486//2142
f 1505//2143 1441//2143 1486//2143
f 1506//2144 1487//2144 1496//2144
f 1454//2145 1506//2145 1496//2145
f 1484//2146 1507//2146 1485//2146
f 1507//2147 1508//2147 1485//2147
f 1508//2148 1505//2148 1485//2148
f 1506//2149 1509//2149 1487//2149
f 1509//2150 1492//2150 1487//2150
f 1481//2151 1510//2151 1488//2151
f 1510//2151 1511//2151 1488//2151
f 1511//2152 1493//2152 1488//2152
f 1489//2153 1512//2153 1490//2153
f 1512//2154 1513//2154 1490//2154
f 1513//2155 1482//2155 1490//2155
f 1503//2156 1514//2156 1481//2156
f 1514//2157 1510//2157 1481//2157
f 1513//2155 1515//2155 1482//2155
f 1516//2158 1504//2158 1482//2158
f 1515//2159 1516//2159 1482//2159
f 1504//2160 1514//2160 1503//2160
f 1516//2160 1514//2160 1504//2160
f 1517//2161 1507//2161 1484//2161
f 1491//2162 1517//2162 1484//2162
f 1509//2163 1518//2163 1492//2163
f 1518//2164 1494//2164 1492//2164
f 1519//2165 1517//2165 1491//2165
f 1493//2165 1519//2165 1491//2165
f 1518//2166 1520//2166 1494//2166
f 1520//2167 1489//2167 1494//2167
f 1511//2168 1519//2168 1493//2168
f 1520//2167 1512//2167 1489//2167
f 1508//2169 1521//2169 1505//2169
f 1521//2170 1441//2170 1505//2170
f 1499//2171 1522//2171 1500//2171
f 1522//2172 1523//2172 1500//2172
f 1523//2133 1437//2133 1500//2133
f 1524//2173 1525//2173 1501//2173
f 1525//2174 1502//2174 1501//2174
f 1431//2136 1524//2136 1501//2136
f 1526//2175 1509//2175 1506//2175
f 1454//2176 1526//2176 1506//2176
f 1521//2177 1442//2177 1441//2177
f 1527//2178 1526//2178 1454//2178
f 1453//2179 1527//2179 1454//2179
f 1523//2180 116//2180 1437//2180
f 118//2181 1524//2181 1431//2181
f 1528//2182 1526//2182 1527//2182
f 1453//2183 1528//2183 1527//2183
f 1521//2184 1529//2184 1442//2184
f 1529//2185 1443//2185 1442//2185
f 1516//2186 1530//2186 1514//2186
f 1530//2187 1510//2187 1514//2187
f 1515//2188 1531//2188 1516//2188
f 1531//2189 1530//2189 1516//2189
f 1522//2190 1532//2190 1523//2190
f 1532//2191 1533//2191 1523//2191
f 1533//2192 116//2192 1523//2192
f 1534//2193 1535//2193 1524//2193
f 1535//2194 1525//2194 1524//2194
f 118//2195 1534//2195 1524//2195
f 1508//2196 1529//2196 1521//2196
f 1528//2197 1509//2197 1526//2197
f 1507//2198 1536//2198 1508//2198
f 1536//2199 1537//2199 1508//2199
f 1537//2200 1529//2200 1508//2200
f 1528//2201 1538//2201 1509//2201
f 1538//2202 1518//2202 1509//2202
f 1510//2203 1539//2203 1511//2203
f 1539//2204 1519//2204 1511//2204
f 1512//2205 1540//2205 1513//2205
f 1540//2206 1541//2206 1513//2206
f 1541//2207 1515//2207 1513//2207
f 1542//2208 1543//2208 1510//2208
f 1530//2208 1542//2208 1510//2208
f 1543//2203 1539//2203 1510//2203
f 1541//2207 1544//2207 1515//2207
f 1544//2209 1531//2209 1515//2209
f 1531//2210 1542//2210 1530//2210
f 1544//2209 1545//2209 1531//2209
f 1545//2210 1542//2210 1531//2210
f 1546//2211 1536//2211 1507//2211
f 1517//2211 1546//2211 1507//2211
f 1538//2212 1547//2212 1518//2212
f 1547//2213 1520//2213 1518//2213
f 1548//2214 1546//2214 1517//2214
f 1519//2214 1548//2214 1517//2214
f 1547//2213 1549//2213 1520//2213
f 1549//2215 1512//2215 1520//2215
f 1539//2216 1548//2216 1519//2216
f 1549//2215 1540//2215 1512//2215
f 1537//2217 1550//2217 1529//2217
f 1446//2218 1443//2218 1529//2218
f 1550//2219 1446//2219 1529//2219
f 1551//2201 1538//2201 1528//2201
f 1457//2220 1551//2220 1528//2220
f 1452//2221 1457//2221 1528//2221
f 1453//2222 1452//2222 1528//2222
f 1550//2223 1444//2223 1446//2223
f 1536//2224 1552//2224 1537//2224
f 1552//2217 1550//2217 1537//2217
f 1551//2225 1553//2225 1538//2225
f 1553//2226 1554//2226 1538//2226
f 1554//2227 1547//2227 1538//2227
f 1543//2228 1555//2228 1539//2228
f 1555//2229 1556//2229 1539//2229
f 1556//2230 1548//2230 1539//2230
f 1540//2231 1557//2231 1541//2231
f 1557//2232 1544//2232 1541//2232
f 1558//2233 1559//2233 1536//2233
f 1559//2234 1552//2234 1536//2234
f 1546//2235 1558//2235 1536//2235
f 1560//2236 1561//2236 1547//2236
f 1554//2237 1560//2237 1547//2237
f 1561//2238 1549//2238 1547//2238
f 1562//2239 1558//2239 1546//2239
f 1548//2240 1562//2240 1546//2240
f 1561//2241 1563//2241 1549//2241
f 1563//2242 1540//2242 1549//2242
f 1564//2243 1562//2243 1548//2243
f 1556//2244 1564//2244 1548//2244
f 1563//2245 1565//2245 1540//2245
f 1565//2246 1557//2246 1540//2246
f 1534//36 118//36 116//36
f 1533//36 1534//36 116//36
f 1560//36 1534//36 1533//36
f 1532//36 1560//36 1533//36
f 1560//36 1535//36 1534//36
f 1522//36 1560//36 1532//36
f 1560//36 1525//36 1535//36
f 1560//36 1502//36 1525//36
f 1499//36 1560//36 1522//36
f 1498//36 1560//36 1499//36
f 1560//36 1456//36 1502//36
f 1497//2247 1560//2247 1498//2247
f 1444//36 1560//36 1497//36
f 1560//36 1551//36 1456//36
f 1551//36 1457//36 1456//36
f 1550//36 1560//36 1444//36
f 1552//36 1560//36 1550//36
f 1554//36 1553//36 1551//36
f 1560//36 1554//36 1551//36
f 1559//36 1560//36 1552//36
f 1558//36 1560//36 1559//36
f 1562//36 1564//36 1560//36
f 1558//36 1562//36 1560//36
f 1564//36 1561//36 1560//36
f 1564//36 1563//36 1561//36
f 1564//36 1565//36 1563//36
f 1545//36 1557//36 1565//36
f 1542//36 1545//36 1565//36
f 1564//36 1542//36 1565//36
f 1556//36 1542//36 1564//36
f 1555//36 1542//36 1556//36
f 1543//36 1542//36 1555//36
f 1545//36 1544//36 1557//36
