# Blender 4.5.0
# www.blender.org
mtllib rl_dg_s_mount.mtl
o short_mount
v -0.000691 -0.038480 0.014213
v -0.000517 -0.037496 0.015200
v -0.001095 -0.037881 0.014157
v -0.000714 -0.037168 0.015200
v -0.000911 -0.036841 0.015200
v -0.000872 -0.039490 0.013198
v -0.000871 -0.039490 0.013200
v -0.001078 -0.039220 0.013141
v -0.001283 -0.038951 0.013084
v -0.001283 -0.038951 0.011700
v -0.000872 -0.039490 0.011700
v -0.005296 -0.038674 0.007700
v -0.005359 -0.039135 0.007272
v -0.004503 -0.038769 0.007780
v -0.004471 -0.039246 0.007361
v -0.003816 -0.038835 0.007986
v -0.000943 -0.039489 0.010918
v -0.001347 -0.038950 0.010994
v -0.001155 -0.039483 0.010160
v -0.001536 -0.038948 0.010309
v -0.001499 -0.039472 0.009452
v -0.001844 -0.038942 0.009669
v -0.001965 -0.039451 0.008813
v -0.002262 -0.038930 0.009092
v -0.002988 -0.039387 0.007948
v -0.003177 -0.038883 0.008310
v -0.003239 -0.039367 0.007803
v -0.003703 -0.039326 0.007589
v -0.008349 -0.038608 0.007272
v -0.008250 -0.038153 0.007700
v -0.012116 -0.037041 0.011700
v -0.012687 -0.037407 0.011700
v -0.012027 -0.037072 0.010840
v -0.012587 -0.037441 0.010749
v -0.011880 -0.037124 0.010315
v -0.012354 -0.037518 0.009992
v -0.011820 -0.037145 0.010157
v -0.011499 -0.037254 0.009523
v -0.011994 -0.037635 0.009290
v -0.010993 -0.037418 0.008871
v -0.011201 -0.037879 0.008355
v -0.010793 -0.037481 0.008678
v -0.010234 -0.037648 0.008260
v -0.010574 -0.038058 0.007892
v -0.009612 -0.037821 0.007953
v -0.009126 -0.038431 0.007342
v -0.008944 -0.037992 0.007764
v -0.009655 -0.038302 0.007474
v -0.009876 -0.038245 0.007552
v -0.012116 -0.037041 0.013084
v -0.012401 -0.037224 0.013141
v -0.012687 -0.037407 0.013198
v -0.011928 -0.035971 0.014157
v -0.012688 -0.037407 0.013200
v -0.012511 -0.036396 0.014213
v -0.011744 -0.034931 0.015200
v -0.012041 -0.035171 0.015200
v -0.012339 -0.035412 0.015200
v -0.001096 0.039201 0.013130
v -0.001289 0.038982 0.012991
v -0.001092 0.037866 0.014112
v -0.000729 0.038446 0.014247
v -0.000902 0.039420 0.013270
v -0.000901 0.036781 0.015200
v -0.000731 0.037137 0.015200
v -0.000561 0.037496 0.015200
v -0.000871 0.039456 0.013235
v -0.000840 0.039491 0.013200
v -0.000840 0.039491 0.011700
v -0.001289 0.038982 0.011700
v -0.005361 0.039134 0.007235
v -0.005303 0.038711 0.007700
v -0.004519 0.039241 0.007314
v -0.004556 0.038800 0.007771
v -0.003740 0.039323 0.007535
v -0.003865 0.038867 0.007969
v -0.003240 0.039367 0.007763
v -0.003220 0.038916 0.008287
v -0.001353 0.038982 0.010994
v -0.000911 0.039489 0.010911
v -0.001541 0.038980 0.010311
v -0.001123 0.039484 0.010150
v -0.001847 0.038975 0.009674
v -0.001468 0.039473 0.009439
v -0.002262 0.038964 0.009099
v -0.001934 0.039453 0.008796
v -0.003014 0.039385 0.007890
v -0.008347 0.038608 0.007235
v -0.008257 0.038190 0.007700
v -0.008950 0.038028 0.007764
v -0.012718 0.037397 0.011700
v -0.012122 0.037072 0.011700
v -0.012627 0.037427 0.010792
v -0.012042 0.037101 0.010887
v -0.012401 0.037503 0.010023
v -0.011842 0.037172 0.010197
v -0.012046 0.037618 0.009312
v -0.011528 0.037279 0.009561
v -0.011213 0.037875 0.008320
v -0.010999 0.037453 0.008871
v -0.010792 0.037517 0.008672
v -0.010583 0.038056 0.007856
v -0.010235 0.037685 0.008257
v -0.009883 0.038244 0.007516
v -0.009616 0.037857 0.007952
v -0.009655 0.038302 0.007436
v -0.009130 0.038430 0.007306
v -0.012122 0.037072 0.012991
v -0.012378 0.037212 0.013130
v -0.012718 0.037397 0.013200
v -0.012676 0.037374 0.013235
v -0.012634 0.037351 0.013270
v -0.012015 0.035148 0.015200
v -0.011733 0.034870 0.015200
v -0.011925 0.035955 0.014112
v -0.012298 0.035426 0.015200
v -0.012464 0.036377 0.014247
v -0.029700 -0.018560 0.008900
v -0.030091 -0.017079 0.008900
v -0.029700 -0.018560 0.012200
v -0.030091 -0.017079 0.012200
v -0.030152 -0.018738 0.012200
v -0.030152 -0.018738 0.015200
v -0.029815 -0.019498 0.015200
v -0.029815 -0.019498 0.012200
v -0.029700 -0.020321 0.015200
v -0.029700 -0.020321 0.012200
v -0.015158 -0.031103 0.008900
v -0.016472 -0.030800 0.008900
v -0.015158 -0.031103 0.012200
v -0.016472 -0.030800 0.012200
v -0.018434 -0.030800 0.015200
v -0.016998 -0.031166 0.015200
v -0.018434 -0.030800 0.012200
v -0.016998 -0.031166 0.012200
v -0.011348 0.032686 0.012200
v -0.011348 0.032686 0.011700
v -0.011506 0.033583 0.012200
v -0.011506 0.033583 0.015200
v -0.000515 0.034596 0.011700
v -0.000674 0.035494 0.012200
v -0.000515 0.034596 0.012200
v -0.001092 0.037866 0.014112
v -0.000674 0.035494 0.015200
v -0.007480 0.033782 0.007700
v -0.005949 0.034085 0.007700
v -0.004525 0.034303 0.007700
v -0.009315 0.033322 0.008173
v -0.008428 0.033558 0.007820
v -0.010090 0.033096 0.008740
v -0.010698 0.032904 0.009472
v -0.011125 0.032763 0.010355
v -0.011331 0.032692 0.011315
v -0.000636 0.034594 0.010730
v -0.000991 0.034586 0.009818
v -0.001559 0.034565 0.009017
v -0.004148 0.034350 0.007718
v -0.002305 0.034523 0.008376
v -0.003147 0.034457 0.007947
v -0.003188 0.034453 0.007932
v -0.024284 -0.031154 0.013200
v -0.023930 -0.030800 0.013696
v -0.024284 -0.031154 0.008900
v -0.023930 -0.030800 0.008900
v -0.029700 -0.025279 0.013698
v -0.030054 -0.025633 0.013200
v -0.029700 -0.025279 0.008900
v -0.030054 -0.025633 0.008900
v -0.017143 -0.030055 0.008900
v -0.022055 -0.026660 0.008900
v -0.026310 -0.022471 0.008900
v -0.029782 -0.017613 0.008900
v -0.026649 -0.029156 0.008900
v -0.029700 -0.024092 0.014457
v -0.029700 -0.022894 0.015200
v -0.021392 -0.030800 0.015200
v -0.022667 -0.030800 0.014458
v -0.030091 0.017079 0.008900
v -0.029700 0.018560 0.008900
v -0.030091 0.017079 0.012200
v -0.029700 0.018560 0.012200
v -0.029700 0.020321 0.012200
v -0.029700 0.020321 0.015200
v -0.029815 0.019498 0.015200
v -0.029815 0.019498 0.012200
v -0.030152 0.018738 0.015200
v -0.030152 0.018738 0.012200
v -0.016472 0.030800 0.008900
v -0.015158 0.031103 0.008900
v -0.016472 0.030800 0.012200
v -0.015158 0.031103 0.012200
v -0.016998 0.031166 0.015200
v -0.018434 0.030800 0.015200
v -0.016998 0.031166 0.012200
v -0.018434 0.030800 0.012200
v -0.000515 -0.034596 0.012200
v -0.000515 -0.034596 0.011700
v -0.000674 -0.035494 0.012200
v -0.000674 -0.035494 0.015200
v -0.011348 -0.032686 0.011700
v -0.011506 -0.033583 0.012200
v -0.011348 -0.032686 0.012200
v -0.011928 -0.035971 0.014157
v -0.011506 -0.033583 0.015200
v -0.011319 -0.032696 0.011210
v -0.011108 -0.032769 0.010305
v -0.010728 -0.032895 0.009518
v -0.010153 -0.033077 0.008800
v -0.009362 -0.033309 0.008200
v -0.007480 -0.033782 0.007700
v -0.008453 -0.033551 0.007827
v -0.005949 -0.034085 0.007700
v -0.004525 -0.034303 0.007700
v -0.003978 -0.034370 0.007738
v -0.002997 -0.034470 0.008006
v -0.002253 -0.034526 0.008411
v -0.001506 -0.034567 0.009077
v -0.000639 -0.034594 0.010718
v -0.000983 -0.034586 0.009834
v 0.036500 0.000000 0.000000
v 0.039500 0.000000 0.003000
v 0.039499 -0.000295 0.003000
v 0.036499 -0.000273 0.000000
v 0.038917 -0.006762 0.003000
v 0.035961 -0.006248 0.000000
v 0.037283 -0.013046 0.003000
v 0.034452 -0.012055 0.000000
v 0.034643 -0.018977 0.003000
v 0.032011 -0.017536 0.000000
v 0.031066 -0.024396 0.003000
v 0.028706 -0.022543 0.000000
v 0.026649 -0.029156 0.003000
v 0.024625 -0.026941 0.000000
v 0.021513 -0.033127 0.003000
v 0.019879 -0.030611 0.000000
v 0.015796 -0.036204 0.003000
v 0.014596 -0.033454 0.000000
v 0.009651 -0.038303 0.003000
v 0.008918 -0.035394 0.000000
v 0.003246 -0.039366 0.003000
v 0.003000 -0.036376 0.000000
v -0.003246 -0.039366 0.003000
v -0.003000 -0.036376 0.000000
v -0.009651 -0.038303 0.003000
v -0.008918 -0.035394 0.000000
v -0.015796 -0.036204 0.003000
v -0.014596 -0.033454 0.000000
v -0.021513 -0.033127 0.003000
v -0.019879 -0.030611 0.000000
v -0.026649 -0.029156 0.003000
v -0.024625 -0.026941 0.000000
v -0.031066 -0.024396 0.003000
v -0.028706 -0.022543 0.000000
v -0.034643 -0.018977 0.003000
v -0.032011 -0.017536 0.000000
v -0.037283 -0.013046 0.003000
v -0.034452 -0.012055 0.000000
v -0.038917 -0.006762 0.003000
v -0.035961 -0.006248 0.000000
v -0.039499 -0.000295 0.003000
v -0.036499 -0.000273 0.000000
v -0.039500 0.000000 0.003000
v -0.036500 0.000000 0.000000
v 0.020778 0.017678 0.000850
v 0.024428 0.017678 0.004500
v 0.020672 0.018480 0.000850
v 0.024198 0.019425 0.004500
v 0.020362 0.019228 0.000850
v 0.023523 0.021053 0.004500
v 0.019870 0.019870 0.000850
v 0.022451 0.022451 0.004500
v 0.019228 0.020362 0.000850
v 0.021053 0.023523 0.004500
v 0.018480 0.020672 0.000850
v 0.019425 0.024198 0.004500
v 0.017678 0.020778 0.000850
v 0.017678 0.024428 0.004500
v 0.016875 0.020672 0.000850
v 0.015931 0.024198 0.004500
v 0.016128 0.020362 0.000850
v 0.014303 0.023523 0.004500
v 0.015486 0.019870 0.000850
v 0.012905 0.022451 0.004500
v 0.014993 0.019228 0.000850
v 0.011832 0.021053 0.004500
v 0.014683 0.018480 0.000850
v 0.011158 0.019425 0.004500
v 0.014578 0.017678 0.000850
v 0.010928 0.017678 0.004500
v 0.020778 0.017678 0.000000
v 0.020362 0.019228 0.000000
v 0.019228 0.020362 0.000000
v 0.017678 0.020778 0.000000
v 0.016128 0.020362 0.000000
v 0.014993 0.019228 0.000000
v 0.014578 0.017678 0.000000
v 0.020778 -0.017678 0.000850
v 0.024428 -0.017678 0.004500
v 0.020672 -0.016875 0.000850
v 0.024198 -0.015931 0.004500
v 0.020362 -0.016128 0.000850
v 0.023523 -0.014303 0.004500
v 0.019870 -0.015486 0.000850
v 0.022451 -0.012905 0.004500
v 0.019228 -0.014993 0.000850
v 0.021053 -0.011832 0.004500
v 0.018480 -0.014683 0.000850
v 0.019425 -0.011158 0.004500
v 0.017678 -0.014578 0.000850
v 0.017678 -0.010928 0.004500
v 0.016875 -0.014683 0.000850
v 0.015931 -0.011158 0.004500
v 0.016128 -0.014993 0.000850
v 0.014303 -0.011832 0.004500
v 0.015486 -0.015486 0.000850
v 0.012905 -0.012905 0.004500
v 0.014993 -0.016128 0.000850
v 0.011832 -0.014303 0.004500
v 0.014683 -0.016875 0.000850
v 0.011158 -0.015931 0.004500
v 0.014578 -0.017678 0.000850
v 0.010928 -0.017678 0.004500
v 0.020778 -0.017678 0.000000
v 0.020362 -0.016128 0.000000
v 0.019228 -0.014993 0.000000
v 0.017678 -0.014578 0.000000
v 0.016128 -0.014993 0.000000
v 0.014993 -0.016128 0.000000
v 0.014578 -0.017678 0.000000
v -0.014578 -0.017678 0.000850
v -0.010928 -0.017678 0.004500
v -0.014683 -0.016875 0.000850
v -0.011158 -0.015931 0.004500
v -0.014993 -0.016128 0.000850
v -0.011832 -0.014303 0.004500
v -0.015486 -0.015486 0.000850
v -0.012905 -0.012905 0.004500
v -0.016128 -0.014993 0.000850
v -0.014303 -0.011832 0.004500
v -0.016875 -0.014683 0.000850
v -0.015931 -0.011158 0.004500
v -0.017678 -0.014578 0.000850
v -0.017678 -0.010928 0.004500
v -0.018480 -0.014683 0.000850
v -0.019425 -0.011158 0.004500
v -0.019228 -0.014993 0.000850
v -0.021053 -0.011832 0.004500
v -0.019870 -0.015486 0.000850
v -0.022451 -0.012905 0.004500
v -0.020362 -0.016128 0.000850
v -0.023523 -0.014303 0.004500
v -0.020672 -0.016875 0.000850
v -0.024198 -0.015931 0.004500
v -0.020778 -0.017678 0.000850
v -0.024428 -0.017678 0.004500
v -0.014993 -0.016128 0.000000
v -0.014578 -0.017678 0.000000
v -0.016128 -0.014993 0.000000
v -0.017678 -0.014578 0.000000
v -0.019228 -0.014993 0.000000
v -0.020362 -0.016128 0.000000
v -0.020778 -0.017678 0.000000
v -0.014578 0.017678 0.000850
v -0.010928 0.017678 0.004500
v -0.014683 0.018480 0.000850
v -0.011158 0.019425 0.004500
v -0.014993 0.019228 0.000850
v -0.011832 0.021053 0.004500
v -0.015486 0.019870 0.000850
v -0.012905 0.022451 0.004500
v -0.016128 0.020362 0.000850
v -0.014303 0.023523 0.004500
v -0.016875 0.020672 0.000850
v -0.015931 0.024198 0.004500
v -0.017678 0.020778 0.000850
v -0.017678 0.024428 0.004500
v -0.018480 0.020672 0.000850
v -0.019425 0.024198 0.004500
v -0.019228 0.020362 0.000850
v -0.021053 0.023523 0.004500
v -0.019870 0.019870 0.000850
v -0.022451 0.022451 0.004500
v -0.020362 0.019228 0.000850
v -0.023523 0.021053 0.004500
v -0.020672 0.018480 0.000850
v -0.024198 0.019425 0.004500
v -0.020778 0.017678 0.000850
v -0.024428 0.017678 0.004500
v -0.014578 0.017678 0.000000
v -0.014993 0.019228 0.000000
v -0.016128 0.020362 0.000000
v -0.017678 0.020778 0.000000
v -0.019228 0.020362 0.000000
v -0.020362 0.019228 0.000000
v -0.020778 0.017678 0.000000
v 0.014303 0.011832 0.004500
v 0.012905 0.012905 0.004500
v 0.029782 -0.017613 0.004500
v 0.024198 -0.019425 0.004500
v 0.029782 0.017613 0.004500
v 0.032366 0.012230 0.004500
v 0.024198 0.015931 0.004500
v 0.033987 0.006483 0.004500
v 0.023523 0.014303 0.004500
v 0.022451 0.012905 0.004500
v 0.017678 0.010928 0.004500
v 0.015931 0.011158 0.004500
v 0.022055 0.026660 0.004500
v 0.011158 0.015931 0.004500
v 0.011832 0.014303 0.004500
v 0.026310 -0.022471 0.004500
v -0.011832 -0.021053 0.004500
v 0.011720 -0.032554 0.004500
v -0.011158 -0.019425 0.004500
v 0.017143 -0.030055 0.004500
v 0.022055 -0.026660 0.004500
v 0.021053 0.011832 0.004500
v 0.019425 0.011158 0.004500
v 0.023523 -0.021053 0.004500
v 0.022451 -0.022451 0.004500
v 0.021053 -0.023523 0.004500
v 0.019425 -0.024198 0.004500
v 0.017678 -0.024428 0.004500
v 0.015931 -0.024198 0.004500
v 0.014303 -0.023523 0.004500
v 0.012905 -0.022451 0.004500
v -0.029782 -0.017613 0.004500
v -0.026310 -0.022471 0.004500
v -0.023523 -0.021053 0.004500
v -0.034596 0.000543 0.004500
v -0.033987 0.006483 0.004500
v -0.032366 0.012230 0.004500
v -0.026310 0.022471 0.004500
v -0.029782 0.017613 0.004500
v -0.024198 -0.019425 0.004500
v -0.032366 -0.012230 0.004500
v -0.033987 -0.006483 0.004500
v -0.011158 0.015931 0.004500
v -0.011832 0.014303 0.004500
v -0.022055 0.026660 0.004500
v 0.026310 0.022471 0.004500
v -0.022055 -0.026660 0.004500
v -0.017143 -0.030055 0.004500
v -0.017678 -0.024428 0.004500
v -0.034600 0.000000 0.004500
v -0.034596 -0.000543 0.004500
v 0.011832 -0.021053 0.004500
v 0.011158 -0.019425 0.004500
v 0.034596 0.000543 0.004500
v -0.015931 -0.024198 0.004500
v -0.011720 -0.032554 0.004500
v -0.014303 -0.023523 0.004500
v -0.005949 -0.034085 0.004500
v -0.012905 -0.022451 0.004500
v 0.000000 -0.034600 0.004500
v 0.005949 -0.034085 0.004500
v -0.019425 -0.024198 0.004500
v -0.021053 -0.023523 0.004500
v -0.022451 -0.022451 0.004500
v -0.015931 0.011158 0.004500
v -0.017678 0.010928 0.004500
v -0.019425 0.011158 0.004500
v -0.021053 0.011832 0.004500
v -0.022451 0.012905 0.004500
v -0.012905 0.012905 0.004500
v -0.014303 0.011832 0.004500
v -0.023523 0.014303 0.004500
v -0.024198 0.015931 0.004500
v 0.032366 -0.012230 0.004500
v 0.033987 -0.006483 0.004500
v 0.034596 -0.000543 0.004500
v 0.034600 0.000000 0.004500
v -0.011720 0.032554 0.004500
v -0.017143 0.030055 0.004500
v 0.017143 0.030055 0.004500
v 0.011720 0.032554 0.004500
v 0.005949 0.034085 0.004500
v 0.000000 0.034600 0.004500
v -0.005949 0.034085 0.004500
v -0.030054 0.025633 0.008900
v -0.030054 0.025633 0.013200
v -0.029700 0.025279 0.008900
v -0.029700 0.025279 0.013698
v -0.023930 0.030800 0.008900
v -0.023930 0.030800 0.013696
v -0.024284 0.031154 0.008900
v -0.024284 0.031154 0.013200
v -0.026649 0.029156 0.008900
v -0.017143 0.030055 0.008900
v -0.029782 0.017613 0.008900
v -0.026310 0.022471 0.008900
v -0.022055 0.026660 0.008900
v -0.036200 0.001700 0.008500
v -0.036200 0.003000 0.008500
v -0.036200 0.001605 0.007939
v -0.036200 0.002832 0.007509
v -0.036200 0.001147 0.007245
v -0.036200 0.002024 0.006286
v -0.036200 0.000415 0.006851
v -0.036200 0.000733 0.005591
v -0.036200 -0.000415 0.006851
v -0.036200 -0.000733 0.005591
v -0.036200 -0.001147 0.007245
v -0.036200 -0.002024 0.006286
v -0.036200 -0.001605 0.007939
v -0.036200 -0.002832 0.007509
v -0.036200 -0.001700 0.008500
v -0.036200 -0.003000 0.008500
v -0.036200 -0.001605 0.009061
v -0.036200 -0.002832 0.009491
v -0.036200 -0.001147 0.009755
v -0.036200 -0.002024 0.010714
v -0.036200 -0.000415 0.010148
v -0.036200 -0.000733 0.011409
v -0.036200 0.000415 0.010148
v -0.036200 0.000733 0.011409
v -0.036200 0.001147 0.009755
v -0.036200 0.002024 0.010714
v -0.036200 0.001605 0.009061
v -0.036200 0.002832 0.009491
v -0.034558 -0.001700 0.008500
v -0.034559 -0.001692 0.008660
v -0.034567 -0.001509 0.009282
v -0.034600 0.000000 0.010200
v -0.034597 -0.000415 0.010148
v -0.034594 -0.000643 0.010074
v -0.034581 -0.001140 0.009761
v -0.034600 0.000160 0.010192
v -0.034597 0.000415 0.010148
v -0.034591 0.000782 0.010009
v -0.034581 0.001147 0.009755
v -0.034577 0.001261 0.009641
v -0.034564 0.001574 0.009143
v -0.034558 0.001700 0.008500
v -0.039386 0.003000 0.008500
v -0.039451 0.001973 0.010760
v -0.039448 0.002024 0.010714
v -0.039419 0.002528 0.010115
v -0.039395 0.002880 0.009341
v -0.039480 0.001259 0.011223
v -0.039493 0.000733 0.011409
v -0.039500 0.000000 0.011500
v -0.039497 0.000442 0.011467
v -0.039435 -0.002260 0.010473
v -0.039448 -0.002024 0.010714
v -0.039467 -0.001615 0.011028
v -0.039491 -0.000841 0.011380
v -0.039406 -0.002723 0.009759
v -0.039388 -0.002967 0.008944
v -0.039386 -0.003000 0.008500
v 0.005864 -0.035762 0.008500
v 0.004347 -0.036085 0.008500
v 0.005957 -0.035743 0.007939
v 0.004526 -0.036047 0.007427
v 0.006405 -0.035647 0.007245
v 0.005382 -0.035865 0.006101
v 0.007120 -0.035495 0.006851
v 0.006750 -0.035574 0.005349
v 0.007933 -0.035323 0.006851
v 0.008303 -0.035244 0.005349
v 0.008648 -0.035170 0.007245
v 0.009671 -0.034953 0.006101
v 0.009096 -0.035075 0.007939
v 0.010527 -0.034771 0.007427
v 0.009189 -0.035055 0.008500
v 0.010705 -0.034733 0.008500
v 0.009096 -0.035075 0.009061
v 0.010527 -0.034771 0.009573
v 0.008648 -0.035170 0.009755
v 0.009671 -0.034953 0.010899
v 0.007933 -0.035323 0.010148
v 0.008303 -0.035244 0.011651
v 0.007120 -0.035495 0.010148
v 0.006750 -0.035574 0.011651
v 0.006405 -0.035647 0.009755
v 0.005382 -0.035865 0.010899
v 0.005957 -0.035743 0.009061
v 0.004526 -0.036047 0.009573
v 0.008848 -0.033450 0.008500
v 0.008824 -0.033456 0.008789
v 0.008184 -0.033618 0.009863
v 0.008312 -0.033587 0.009755
v 0.008598 -0.033515 0.009401
v 0.008756 -0.033474 0.009061
v 0.007666 -0.033740 0.010130
v 0.007037 -0.033877 0.010192
v 0.006787 -0.033928 0.010148
v 0.006427 -0.033998 0.010009
v 0.006068 -0.034064 0.009755
v 0.005956 -0.034083 0.009641
v 0.005647 -0.034136 0.009143
v 0.005522 -0.034156 0.008500
v 0.005006 -0.039182 0.008500
v 0.005125 -0.039166 0.009376
v 0.005477 -0.039118 0.010191
v 0.005949 -0.039049 0.010796
v 0.006649 -0.038936 0.011334
v 0.007461 -0.038789 0.011658
v 0.008210 -0.038637 0.011750
v 0.009067 -0.038445 0.011630
v 0.009660 -0.038300 0.011390
v 0.009855 -0.038251 0.011278
v 0.010445 -0.038094 0.010800
v 0.010961 -0.037949 0.010096
v 0.011364 -0.037830 0.008500
v 0.011275 -0.037857 0.009269
v 0.009189 0.035055 0.008500
v 0.010705 0.034733 0.008500
v 0.009096 0.035075 0.007939
v 0.010527 0.034771 0.007427
v 0.008648 0.035170 0.007245
v 0.009671 0.034953 0.006101
v 0.007933 0.035323 0.006851
v 0.008303 0.035244 0.005349
v 0.007120 0.035495 0.006851
v 0.006750 0.035574 0.005349
v 0.006405 0.035647 0.007245
v 0.005382 0.035865 0.006101
v 0.005957 0.035743 0.007939
v 0.004526 0.036047 0.007427
v 0.005864 0.035762 0.008500
v 0.004347 0.036085 0.008500
v 0.005957 0.035743 0.009061
v 0.004526 0.036047 0.009573
v 0.006405 0.035647 0.009755
v 0.005382 0.035865 0.010899
v 0.007120 0.035495 0.010148
v 0.006750 0.035574 0.011651
v 0.007933 0.035323 0.010148
v 0.008303 0.035244 0.011651
v 0.008648 0.035170 0.009755
v 0.009671 0.034953 0.010899
v 0.009096 0.035075 0.009061
v 0.010527 0.034771 0.009573
v 0.006197 0.034040 0.009863
v 0.006068 0.034064 0.009755
v 0.005522 0.034156 0.008500
v 0.005547 0.034153 0.008789
v 0.005928 0.034088 0.009609
v 0.005777 0.034114 0.009401
v 0.005616 0.034141 0.009061
v 0.006720 0.033941 0.010130
v 0.007350 0.033810 0.010192
v 0.007600 0.033755 0.010148
v 0.007957 0.033673 0.010009
v 0.008312 0.033587 0.009755
v 0.008422 0.033559 0.009641
v 0.008726 0.033482 0.009143
v 0.008848 0.033450 0.008500
v 0.011364 0.037830 0.008500
v 0.011248 0.037865 0.009376
v 0.010907 0.037964 0.010191
v 0.008961 0.038470 0.011658
v 0.009657 0.038301 0.011392
v 0.009762 0.038275 0.011334
v 0.010448 0.038093 0.010796
v 0.008215 0.038636 0.011750
v 0.007354 0.038809 0.011630
v 0.006555 0.038952 0.011278
v 0.005952 0.039049 0.010800
v 0.005422 0.039126 0.010096
v 0.005006 0.039182 0.008500
v 0.005098 0.039170 0.009269
v 0.036200 0.001700 0.008500
v 0.036200 0.003000 0.008500
v 0.036200 0.001605 0.009061
v 0.036200 0.002832 0.009491
v 0.036200 0.001147 0.009755
v 0.036200 0.002024 0.010714
v 0.036200 0.000415 0.010148
v 0.036200 0.000733 0.011409
v 0.036200 -0.000415 0.010148
v 0.036200 -0.000733 0.011409
v 0.036200 -0.001147 0.009755
v 0.036200 -0.002024 0.010714
v 0.036200 -0.001605 0.009061
v 0.036200 -0.002832 0.009491
v 0.036200 -0.001700 0.008500
v 0.036200 -0.003000 0.008500
v 0.036200 -0.001605 0.007939
v 0.036200 -0.002832 0.007509
v 0.036200 -0.001147 0.007245
v 0.036200 -0.002024 0.006286
v 0.036200 -0.000415 0.006851
v 0.036200 -0.000733 0.005591
v 0.036200 0.000415 0.006851
v 0.036200 0.000733 0.005591
v 0.036200 0.001147 0.007245
v 0.036200 0.002024 0.006286
v 0.036200 0.001605 0.007939
v 0.036200 0.002832 0.007509
v 0.034558 0.001700 0.008500
v 0.034559 0.001692 0.008660
v 0.034567 0.001509 0.009282
v 0.034600 0.000000 0.010200
v 0.034597 0.000415 0.010148
v 0.034594 0.000643 0.010074
v 0.034581 0.001141 0.009760
v 0.034600 -0.000160 0.010192
v 0.034597 -0.000415 0.010148
v 0.034591 -0.000782 0.010009
v 0.034581 -0.001147 0.009755
v 0.034577 -0.001260 0.009641
v 0.034564 -0.001574 0.009143
v 0.034558 -0.001700 0.008500
v 0.039386 -0.003000 0.008500
v 0.039451 -0.001969 0.010763
v 0.039448 -0.002024 0.010714
v 0.039419 -0.002526 0.010118
v 0.039395 -0.002880 0.009342
v 0.039480 -0.001253 0.011226
v 0.039493 -0.000733 0.011409
v 0.039500 0.000000 0.011500
v 0.039498 -0.000437 0.011468
v 0.039435 0.002260 0.010473
v 0.039448 0.002024 0.010714
v 0.039467 0.001615 0.011028
v 0.039491 0.000841 0.011380
v 0.039406 0.002723 0.009759
v 0.039388 0.002967 0.008942
v 0.039386 0.003000 0.008500
v -0.022667 0.030800 0.014458
v -0.021392 0.030800 0.015200
v -0.029700 0.022894 0.015200
v -0.029700 0.024092 0.014457
v -0.017678 -0.020778 0.000000
v -0.016128 -0.020362 0.000000
v -0.014993 -0.016128 0.000000
v 0.014993 -0.016128 0.000000
v -0.014993 -0.019228 0.000000
v -0.019228 -0.020362 0.000000
v -0.020362 -0.019228 0.000000
v 0.014993 -0.019228 0.000000
v -0.034452 0.012055 0.000000
v -0.032011 0.017536 0.000000
v 0.014993 0.016128 0.000000
v 0.016128 0.014993 0.000000
v -0.003000 0.036376 0.000000
v -0.014993 0.019228 0.000000
v -0.008918 0.035394 0.000000
v -0.016128 0.020362 0.000000
v -0.014596 0.033454 0.000000
v -0.017678 0.020778 0.000000
v -0.020362 0.019228 0.000000
v -0.028706 0.022543 0.000000
v -0.019228 0.020362 0.000000
v -0.024625 0.026941 0.000000
v -0.019879 0.030611 0.000000
v -0.019228 -0.014993 0.000000
v -0.036499 0.000273 0.000000
v 0.020362 -0.016128 0.000000
v 0.020362 -0.019228 0.000000
v 0.019228 -0.020362 0.000000
v 0.017678 -0.020778 0.000000
v 0.019228 -0.014993 0.000000
v 0.035961 0.006248 0.000000
v 0.036499 0.000273 0.000000
v 0.008918 0.035394 0.000000
v 0.014596 0.033454 0.000000
v 0.017678 0.020778 0.000000
v 0.019879 0.030611 0.000000
v 0.019228 0.020362 0.000000
v 0.024625 0.026941 0.000000
v 0.020362 0.019228 0.000000
v 0.028706 0.022543 0.000000
v -0.020362 -0.016128 0.000000
v -0.016128 -0.014993 0.000000
v -0.017678 -0.014578 0.000000
v -0.035961 0.006248 0.000000
v 0.016128 -0.020362 0.000000
v -0.020362 0.016128 0.000000
v -0.019228 0.014993 0.000000
v -0.017678 0.014578 0.000000
v 0.003000 0.036376 0.000000
v -0.014993 0.016128 0.000000
v -0.016128 0.014993 0.000000
v 0.014993 0.019228 0.000000
v 0.016128 0.020362 0.000000
v 0.032011 0.017536 0.000000
v 0.034452 0.012055 0.000000
v 0.020362 0.016128 0.000000
v 0.019228 0.014993 0.000000
v 0.017678 0.014578 0.000000
v 0.017678 -0.014578 0.000000
v 0.016128 -0.014993 0.000000
v -0.035388 -0.002817 0.012200
v -0.034497 -0.008380 0.012200
v -0.033987 -0.006483 0.012200
v -0.032366 -0.012230 0.012200
v -0.032737 -0.013732 0.012200
v -0.034596 -0.000543 0.012200
v -0.034600 0.000000 0.012200
v -0.035388 0.002817 0.012200
v -0.034596 0.000543 0.012200
v -0.034497 0.008380 0.012200
v -0.033987 0.006483 0.012200
v -0.032737 0.013732 0.012200
v -0.032366 0.012230 0.012200
v -0.011720 -0.032554 0.012200
v 0.004954 -0.035153 0.012200
v 0.004954 -0.035153 0.015200
v 0.010456 -0.033925 0.012200
v 0.010456 -0.033925 0.015200
v 0.015695 -0.031842 0.012200
v 0.015695 -0.031842 0.015200
v 0.020538 -0.028956 0.012200
v 0.020538 -0.028956 0.015200
v 0.024863 -0.025339 0.012200
v 0.024863 -0.025339 0.015200
v 0.028561 -0.021084 0.012200
v 0.028561 -0.021084 0.015200
v 0.031538 -0.016296 0.012200
v 0.031538 -0.016296 0.015200
v 0.033721 -0.011098 0.012200
v 0.033721 -0.011098 0.015200
v 0.035052 -0.005620 0.012200
v 0.035052 -0.005620 0.015200
v 0.035500 0.000000 0.012200
v 0.035500 0.000000 0.015200
v -0.022667 0.030800 0.014458
v -0.020424 0.031450 0.015200
v -0.021513 0.033127 0.013200
v -0.014996 0.034371 0.015200
v -0.015796 0.036204 0.013200
v -0.000729 0.038446 0.014247
v 0.004461 0.037234 0.015200
v 0.003246 0.039366 0.013200
v 0.003246 -0.039366 0.013200
v -0.000691 -0.038480 0.014213
v 0.004732 -0.039216 0.013200
v 0.004492 -0.037230 0.015200
v 0.009651 -0.038303 0.013200
v 0.010411 -0.036026 0.015200
v 0.010966 -0.037947 0.013200
v 0.015796 -0.036204 0.013200
v 0.016059 -0.033887 0.015200
v 0.016916 -0.035695 0.013200
v 0.021513 -0.033127 0.013200
v 0.021291 -0.030870 0.015200
v 0.022427 -0.032516 0.013200
v 0.026649 -0.029156 0.013200
v 0.025971 -0.027051 0.015200
v 0.027356 -0.028494 0.013200
v 0.031066 -0.024396 0.013200
v 0.029977 -0.022531 0.015200
v 0.031576 -0.023732 0.013200
v 0.034643 -0.018977 0.013200
v 0.033205 -0.017426 0.015200
v 0.034976 -0.018355 0.013200
v 0.037283 -0.013046 0.013200
v 0.035572 -0.011869 0.015200
v 0.037469 -0.012502 0.013200
v 0.038917 -0.006762 0.013200
v 0.037016 -0.006005 0.015200
v 0.038990 -0.006325 0.013200
v 0.039500 0.000000 0.013200
v 0.037500 0.000016 0.015200
v 0.039500 0.000017 0.013200
v 0.038985 0.006358 0.013200
v 0.037011 0.006036 0.015200
v 0.038917 0.006762 0.013200
v 0.035562 0.011899 0.015200
v 0.037459 0.012534 0.013200
v 0.037283 0.013046 0.013200
v 0.033190 0.017454 0.015200
v 0.034961 0.018385 0.013200
v 0.034643 0.018977 0.013200
v 0.029958 0.022556 0.015200
v 0.031556 0.023759 0.013200
v 0.031066 0.024396 0.013200
v 0.025948 0.027073 0.015200
v 0.027332 0.028517 0.013200
v 0.026649 0.029156 0.013200
v 0.021265 0.030888 0.015200
v 0.022399 0.032535 0.013200
v 0.021513 0.033127 0.013200
v 0.016031 0.033901 0.015200
v 0.016886 0.035709 0.013200
v 0.015796 0.036204 0.013200
v 0.010380 0.036035 0.015200
v 0.010934 0.037957 0.013200
v 0.009651 0.038303 0.013200
v 0.004698 0.039220 0.013200
v 0.004954 0.035153 0.015200
v 0.035052 0.005620 0.015200
v 0.033721 0.011098 0.015200
v 0.031538 0.016296 0.015200
v 0.028561 0.021084 0.015200
v 0.024863 0.025339 0.015200
v 0.020538 0.028956 0.015200
v 0.015695 0.031842 0.015200
v 0.010456 0.033925 0.015200
v -0.031066 -0.024396 0.013200
v 0.039491 -0.000839 0.005620
v 0.039467 -0.001614 0.005971
v 0.039448 -0.002024 0.006286
v 0.039435 -0.002259 0.006526
v 0.039406 -0.002724 0.007243
v 0.039388 -0.002967 0.008059
v 0.039500 0.000000 0.005500
v -0.039497 -0.000441 0.005533
v -0.039500 0.000000 0.005500
v -0.038917 -0.006762 0.013200
v -0.039395 -0.002880 0.007661
v -0.039419 -0.002529 0.006886
v -0.039448 -0.002024 0.006286
v -0.039451 -0.001974 0.006241
v -0.039480 -0.001257 0.005776
v -0.039493 -0.000733 0.005591
v -0.039499 -0.000295 0.013200
v -0.039500 0.000000 0.013200
v -0.015796 -0.036204 0.013200
v 0.011248 -0.037865 0.007624
v 0.010909 -0.037964 0.006812
v 0.009657 -0.038301 0.005608
v 0.009764 -0.038274 0.005667
v 0.010446 -0.038094 0.006201
v 0.008960 -0.038470 0.005341
v 0.008214 -0.038637 0.005250
v 0.007351 -0.038810 0.005371
v 0.006552 -0.038953 0.005724
v 0.005951 -0.039049 0.006201
v 0.005420 -0.039126 0.006908
v 0.005097 -0.039170 0.007733
v -0.034643 -0.018977 0.013200
v -0.037283 -0.013046 0.013200
v -0.021513 -0.033127 0.013200
v -0.011720 0.032554 0.012200
v 0.000000 -0.034600 0.012200
v 0.029782 0.017613 0.012200
v 0.028561 0.021084 0.012200
v 0.026310 0.022471 0.012200
v 0.024863 0.025339 0.012200
v 0.022055 0.026660 0.012200
v 0.020538 0.028956 0.012200
v 0.017143 0.030055 0.012200
v 0.015695 0.031842 0.012200
v 0.011720 0.032554 0.012200
v 0.010456 0.033925 0.012200
v 0.005949 0.034085 0.012200
v 0.004954 0.035153 0.012200
v 0.000000 0.034600 0.012200
v 0.034596 0.000543 0.012200
v 0.033987 0.006483 0.012200
v 0.035052 0.005620 0.012200
v 0.032366 0.012230 0.012200
v 0.033721 0.011098 0.012200
v 0.031538 0.016296 0.012200
v 0.005949 -0.034085 0.012200
v 0.011720 -0.032554 0.012200
v 0.017143 -0.030055 0.012200
v 0.022055 -0.026660 0.012200
v 0.026310 -0.022471 0.012200
v 0.029782 -0.017613 0.012200
v 0.032366 -0.012230 0.012200
v 0.033987 -0.006483 0.012200
v 0.034596 -0.000543 0.012200
v 0.034600 0.000000 0.012200
v 0.034597 0.000415 0.006851
v 0.034591 0.000782 0.006991
v 0.034577 0.001261 0.007360
v 0.034564 0.001574 0.007857
v 0.034581 0.001147 0.007245
v 0.034600 0.000000 0.006800
v 0.034600 0.000160 0.006808
v -0.034600 0.000000 0.006800
v -0.034597 0.000415 0.006851
v -0.034559 0.001692 0.008340
v -0.034567 0.001509 0.007718
v -0.034581 0.001141 0.007239
v -0.034594 0.000643 0.006926
v 0.000000 0.034600 0.004500
v 0.008824 0.033456 0.008211
v 0.008756 0.033474 0.007939
v 0.008598 0.033515 0.007600
v 0.008312 0.033587 0.007245
v 0.006787 0.033928 0.006851
v 0.006427 0.033998 0.006991
v 0.008184 0.033618 0.007136
v 0.007666 0.033740 0.006870
v 0.007037 0.033877 0.006808
v 0.006068 0.034064 0.007245
v 0.005956 0.034084 0.007360
v 0.005647 0.034136 0.007857
v -0.032737 0.013732 0.015200
v -0.034497 0.008380 0.015200
v -0.035388 0.002817 0.015200
v -0.035388 -0.002817 0.015200
v -0.034497 -0.008380 0.015200
v -0.032737 -0.013732 0.015200
v -0.029700 0.024092 0.014457
v -0.031066 0.024396 0.013200
v -0.034643 0.018977 0.013200
v -0.032888 0.018017 0.015200
v -0.037283 0.013046 0.013200
v -0.035396 0.012385 0.015200
v -0.038917 0.006762 0.013200
v -0.036946 0.006420 0.015200
v -0.039499 0.000295 0.013200
v -0.037499 0.000280 0.015200
v -0.037500 0.000000 0.015200
v -0.014996 -0.034371 0.015200
v -0.022667 -0.030800 0.014458
v -0.020424 -0.031450 0.015200
v -0.032888 -0.018017 0.015200
v -0.035396 -0.012385 0.015200
v -0.036946 -0.006420 0.015200
v -0.037499 -0.000280 0.015200
v -0.029700 -0.024092 0.014457
v -0.034597 -0.000415 0.006851
v -0.034591 -0.000782 0.006990
v 0.000000 -0.034600 0.004500
v -0.034577 -0.001261 0.007359
v -0.034564 -0.001574 0.007857
v -0.034581 -0.001147 0.007245
v -0.034600 -0.000160 0.006808
v 0.034597 -0.000415 0.006851
v 0.034559 -0.001692 0.008340
v 0.034567 -0.001509 0.007718
v 0.034581 -0.001141 0.007239
v 0.034594 -0.000643 0.006926
v 0.005547 -0.034153 0.008211
v 0.006068 -0.034064 0.007245
v 0.006198 -0.034040 0.007136
v 0.005616 -0.034141 0.007939
v 0.005777 -0.034114 0.007600
v 0.005928 -0.034088 0.007391
v 0.006720 -0.033941 0.006870
v 0.007350 -0.033810 0.006808
v 0.007600 -0.033755 0.006851
v 0.007957 -0.033673 0.006991
v 0.008312 -0.033587 0.007245
v 0.008422 -0.033559 0.007360
v 0.008726 -0.033482 0.007857
v 0.003246 0.039366 0.003000
v -0.009651 0.038303 0.003000
v -0.003246 0.039366 0.003000
v -0.015796 0.036204 0.003000
v -0.039491 0.000842 0.005620
v -0.039467 0.001618 0.005974
v -0.038917 0.006762 0.003000
v -0.039448 0.002024 0.006286
v -0.039435 0.002263 0.006531
v -0.039406 0.002726 0.007247
v -0.039388 0.002968 0.008063
v -0.039499 0.000295 0.003000
v 0.039499 0.000295 0.003000
v 0.039497 0.000444 0.005533
v 0.039395 0.002880 0.007659
v 0.038917 0.006762 0.003000
v 0.039419 0.002528 0.006885
v 0.039448 0.002024 0.006286
v 0.039451 0.001973 0.006240
v 0.039480 0.001259 0.005777
v 0.039493 0.000733 0.005591
v 0.005125 0.039166 0.007624
v 0.005476 0.039119 0.006812
v 0.005951 0.039049 0.006201
v 0.006647 0.038937 0.005667
v 0.007462 0.038789 0.005341
v 0.009651 0.038303 0.003000
v 0.008211 0.038637 0.005250
v 0.009070 0.038445 0.005371
v 0.009660 0.038300 0.005610
v 0.015796 0.036204 0.003000
v 0.009858 0.038250 0.005724
v 0.010446 0.038094 0.006201
v 0.010963 0.037948 0.006908
v 0.011275 0.037856 0.007733
v 0.037283 0.013046 0.003000
v 0.034643 0.018977 0.003000
v 0.031066 0.024396 0.003000
v 0.026649 0.029156 0.003000
v 0.021513 0.033127 0.003000
v -0.021513 0.033127 0.003000
v -0.026649 0.029156 0.003000
v -0.031066 0.024396 0.003000
v -0.034643 0.018977 0.003000
v -0.037283 0.013046 0.003000
v -0.020672 0.016875 0.000850
v -0.020362 0.016128 0.000000
v -0.020362 0.016128 0.000850
v -0.019870 0.015486 0.000850
v -0.019228 0.014993 0.000000
v -0.019228 0.014993 0.000850
v -0.017678 0.014578 0.000000
v -0.018480 0.014683 0.000850
v -0.017678 0.014578 0.000850
v -0.016128 0.014993 0.000000
v -0.016875 0.014683 0.000850
v -0.016128 0.014993 0.000850
v -0.015486 0.015486 0.000850
v -0.014993 0.016128 0.000000
v -0.014683 0.016875 0.000850
v -0.014993 0.016128 0.000850
v -0.019870 -0.019870 0.000850
v -0.019228 -0.020362 0.000000
v -0.020362 -0.019228 0.000850
v -0.020362 -0.019228 0.000000
v -0.020672 -0.018480 0.000850
v -0.019228 -0.020362 0.000850
v -0.018480 -0.020672 0.000850
v -0.017678 -0.020778 0.000000
v -0.017678 -0.020778 0.000850
v -0.016875 -0.020672 0.000850
v -0.016128 -0.020362 0.000000
v -0.016128 -0.020362 0.000850
v -0.015486 -0.019870 0.000850
v -0.014993 -0.019228 0.000000
v -0.014683 -0.018480 0.000850
v -0.014993 -0.019228 0.000850
v 0.014683 -0.018480 0.000850
v 0.014993 -0.019228 0.000000
v 0.014993 -0.019228 0.000850
v 0.015486 -0.019870 0.000850
v 0.016128 -0.020362 0.000000
v 0.016128 -0.020362 0.000850
v 0.016875 -0.020672 0.000850
v 0.017678 -0.020778 0.000000
v 0.017678 -0.020778 0.000850
v 0.018480 -0.020672 0.000850
v 0.019228 -0.020362 0.000000
v 0.019228 -0.020362 0.000850
v 0.019870 -0.019870 0.000850
v 0.020362 -0.019228 0.000000
v 0.020672 -0.018480 0.000850
v 0.020362 -0.019228 0.000850
v 0.014683 0.016875 0.000850
v 0.014993 0.016128 0.000000
v 0.014993 0.016128 0.000850
v 0.015486 0.015486 0.000850
v 0.016128 0.014993 0.000000
v 0.016128 0.014993 0.000850
v 0.017678 0.014578 0.000000
v 0.016875 0.014683 0.000850
v 0.017678 0.014578 0.000850
v 0.019228 0.014993 0.000000
v 0.018480 0.014683 0.000850
v 0.019228 0.014993 0.000850
v 0.019870 0.015486 0.000850
v 0.020362 0.016128 0.000000
v 0.020672 0.016875 0.000850
v 0.020362 0.016128 0.000850
vn -0.7138 -0.4286 0.5539
vn -0.7133 -0.4294 0.5539
vn -0.7131 -0.4296 0.5540
vn -0.7158 -0.4283 0.5515
vn -0.7149 -0.4279 0.5530
vn -0.7148 -0.4281 0.5530
vn -0.7142 -0.4289 0.5531
vn -0.7954 -0.6061 -0.0000
vn -0.1538 -0.6608 0.7347
vn -0.1563 -0.6578 0.7368
vn -0.2757 -0.6447 0.7130
vn -0.7934 -0.6046 0.0710
vn -0.7932 -0.6047 0.0712
vn -0.7679 -0.6052 0.2098
vn -0.7673 -0.6059 0.2103
vn -0.7187 -0.6070 0.3392
vn -0.7175 -0.6080 0.3398
vn -0.6490 -0.6103 0.4542
vn -0.6474 -0.6116 0.4548
vn -0.5317 -0.6144 0.5829
vn -0.5289 -0.6174 0.5823
vn -0.4244 -0.6284 0.6519
vn -0.3840 -0.6439 0.6618
vn -0.3699 -0.6344 0.6788
vn -0.2786 -0.6421 0.7142
vn -0.1176 -0.6669 0.7359
vn 0.5380 -0.8384 0.0868
vn 0.5378 -0.8386 0.0865
vn 0.5098 -0.8305 0.2245
vn 0.5166 -0.8212 0.2425
vn 0.4860 -0.8241 0.2909
vn 0.4531 -0.8116 0.3688
vn 0.4527 -0.8125 0.3674
vn 0.3750 -0.7867 0.4903
vn 0.3832 -0.7612 0.5232
vn 0.3038 -0.7691 0.5623
vn 0.2391 -0.7484 0.6186
vn 0.2393 -0.7504 0.6161
vn 0.1354 -0.7212 0.6794
vn -0.0860 -0.6727 0.7349
vn -0.0879 -0.6698 0.7373
vn 0.0098 -0.6939 0.7200
vn 0.0198 -0.7057 0.7082
vn 0.0657 -0.7064 0.7048
vn 0.1362 -0.7236 0.6767
vn 0.5401 -0.8416 -0.0000
vn 0.5253 -0.6470 0.5527
vn 0.5256 -0.6464 0.5531
vn 0.5254 -0.6467 0.5530
vn 0.5231 -0.6476 0.5540
vn 0.5243 -0.6472 0.5533
vn 0.5242 -0.6470 0.5536
vn 0.5232 -0.6472 0.5544
vn -0.7807 0.3687 0.5046
vn -0.7807 0.3681 0.5050
vn -0.7787 0.3705 0.5064
vn -0.7797 0.3694 0.5056
vn -0.7796 0.3692 0.5059
vn -0.7786 0.3699 0.5068
vn -0.7496 0.6619 -0.0000
vn -0.7496 0.6619 0.0002
vn -0.1546 0.7207 0.6758
vn -0.1511 0.7181 0.6794
vn -0.2613 0.7057 0.6585
vn -0.2583 0.7029 0.6628
vn -0.3473 0.6953 0.6292
vn -0.3569 0.7020 0.6163
vn -0.7479 0.6604 0.0672
vn -0.7475 0.6609 0.0667
vn -0.7235 0.6612 0.1983
vn -0.7228 0.6625 0.1965
vn -0.6765 0.6635 0.3195
vn -0.6760 0.6655 0.3165
vn -0.6104 0.6676 0.4264
vn -0.6103 0.6701 0.4225
vn -0.4975 0.6723 0.5481
vn -0.4973 0.6777 0.5417
vn -0.3976 0.6886 0.6064
vn -0.1279 0.7252 0.6766
vn -0.1076 0.7289 0.6761
vn 0.4765 0.8758 0.0770
vn 0.4758 0.8761 0.0775
vn 0.4482 0.8671 0.2173
vn 0.4462 0.8679 0.2185
vn 0.3996 0.8522 0.3377
vn 0.3961 0.8533 0.3390
vn 0.3115 0.8234 0.4744
vn 0.3569 0.8035 0.4764
vn 0.2514 0.8132 0.5248
vn 0.1943 0.7951 0.5746
vn 0.1887 0.7967 0.5742
vn 0.0991 0.7714 0.6286
vn 0.0935 0.7732 0.6273
vn 0.0329 0.7583 0.6511
vn -0.0098 0.7570 0.6533
vn -0.0180 0.7479 0.6635
vn -0.1034 0.7270 0.6788
vn 0.4781 0.8783 -0.0000
vn 0.4779 0.8784 -0.0000
vn 0.4778 0.8785 -0.0000
vn 0.4780 0.8784 -0.0002
vn 0.4779 0.8784 0.0001
vn 0.6050 0.6145 0.5064
vn 0.6054 0.6142 0.5063
vn 0.6076 0.6134 0.5046
vn 0.6062 0.6134 0.5062
vn 0.6063 0.6138 0.5056
vn 0.6076 0.6130 0.5051
vn 0.9669 0.2553 -0.0000
vn 0.9143 0.4050 -0.0000
vn 0.9904 0.1386 -0.0000
vn 0.2248 0.9744 -0.0000
vn 0.2470 0.9690 -0.0000
vn 0.9848 0.1737 -0.0000
vn 0.9848 0.1736 -0.0000
vn -0.9848 -0.1736 -0.0000
vn -0.9848 -0.1737 -0.0000
vn -0.0000 -0.0000 1.0000
vn 0.3531 0.0690 0.9330
vn 0.2612 0.0427 0.9643
vn 0.1194 0.0265 0.9925
vn 0.0878 0.0155 0.9960
vn 0.4248 0.0723 0.9024
vn 0.5736 0.1054 0.8123
vn 0.5671 0.1025 0.8172
vn 0.6705 0.1176 0.7326
vn 0.7447 0.1355 0.6535
vn 0.7695 0.1333 0.6246
vn 0.8789 0.1576 0.4503
vn 0.8751 0.1585 0.4573
vn 0.9428 0.1636 0.2906
vn 0.9599 0.1761 0.2182
vn 0.9805 0.1681 0.1021
vn 0.9837 0.1734 0.0480
vn -0.9774 -0.1723 0.1221
vn -0.9822 -0.1657 0.0887
vn -0.9176 -0.1713 0.3587
vn -0.9531 -0.1488 0.2637
vn -0.8026 -0.1648 0.5733
vn -0.0928 -0.0164 0.9955
vn -0.0458 -0.0161 0.9988
vn -0.2723 -0.0364 0.9615
vn -0.8943 -0.1225 0.4303
vn -0.8021 -0.1389 0.5808
vn -0.6435 -0.1169 0.7564
vn -0.6383 -0.1176 0.7608
vn -0.4477 -0.0753 0.8910
vn -0.4364 -0.0756 0.8966
vn -0.3358 -0.0594 0.9401
vn -0.2134 -0.0410 0.9761
vn -0.7072 0.7070 -0.0000
vn 0.7071 -0.7071 -0.0000
vn 1.0000 -0.0000 -0.0000
vn -0.0000 1.0000 -0.0000
vn 0.9669 -0.2553 -0.0000
vn 0.9904 -0.1386 -0.0000
vn 0.9143 -0.4050 -0.0000
vn 0.2248 -0.9744 -0.0000
vn 0.2470 -0.9690 -0.0000
vn -0.9848 0.1736 -0.0000
vn -0.9848 0.1737 -0.0000
vn 0.9848 -0.1736 -0.0000
vn 0.9848 -0.1737 -0.0000
vn 0.9829 -0.1733 0.0614
vn 0.9799 -0.1675 0.1080
vn 0.9556 -0.1745 0.2374
vn 0.9451 -0.1668 0.2811
vn 0.8796 -0.1548 0.4498
vn 0.9126 -0.1793 0.3674
vn 0.8709 -0.1537 0.4669
vn 0.7571 -0.1333 0.6396
vn 0.7648 -0.1376 0.6293
vn 0.5829 -0.0995 0.8064
vn 0.6645 -0.1438 0.7333
vn 0.0878 -0.0155 0.9960
vn 0.1226 -0.0276 0.9921
vn 0.2616 -0.0426 0.9642
vn 0.3624 -0.0710 0.9293
vn 0.4257 -0.0730 0.9019
vn 0.5755 -0.1044 0.8111
vn -0.0680 0.0120 0.9976
vn -0.0982 0.0213 0.9949
vn -0.2594 0.0402 0.9649
vn -0.2823 0.0486 0.9581
vn -0.4716 0.0845 0.8778
vn -0.4465 0.0740 0.8917
vn -0.6564 0.1219 0.7445
vn -0.9809 0.1730 0.0886
vn -0.9782 0.1667 0.1238
vn -0.9495 0.1709 0.2631
vn -0.9203 0.1559 0.3589
vn -0.8890 0.1596 0.4293
vn -0.8131 0.1394 0.5652
vn -0.8008 0.1408 0.5821
vn -0.6419 0.1139 0.7582
vn 0.7071 -0.0027 -0.7071
vn 0.7071 -0.0026 -0.7071
vn 0.7055 -0.0635 -0.7059
vn 0.7054 -0.0635 -0.7059
vn 0.6855 -0.1782 -0.7059
vn 0.6471 -0.2881 -0.7059
vn 0.5911 -0.3902 -0.7059
vn 0.5192 -0.4818 -0.7059
vn 0.4333 -0.5603 -0.7059
vn 0.3356 -0.6237 -0.7059
vn 0.2289 -0.6703 -0.7059
vn 0.1160 -0.6987 -0.7059
vn -0.0000 -0.7083 -0.7059
vn -0.1160 -0.6987 -0.7059
vn -0.2289 -0.6703 -0.7059
vn -0.3356 -0.6237 -0.7059
vn -0.4333 -0.5603 -0.7059
vn -0.5192 -0.4818 -0.7059
vn -0.5911 -0.3902 -0.7059
vn -0.6471 -0.2881 -0.7059
vn -0.6855 -0.1782 -0.7059
vn -0.7054 -0.0635 -0.7059
vn -0.7055 -0.0635 -0.7059
vn -0.7071 -0.0027 -0.7071
vn -0.7071 -0.0026 -0.7071
vn -0.7041 -0.0927 0.7041
vn -0.6561 -0.2718 0.7041
vn -0.6561 -0.2717 0.7041
vn -0.5634 -0.4323 0.7041
vn -0.4323 -0.5634 0.7041
vn -0.2718 -0.6561 0.7041
vn -0.2717 -0.6561 0.7041
vn -0.0927 -0.7041 0.7041
vn 0.0927 -0.7041 0.7041
vn 0.2718 -0.6561 0.7041
vn 0.4323 -0.5634 0.7041
vn 0.5634 -0.4323 0.7041
vn 0.6561 -0.2718 0.7041
vn 0.7041 -0.0927 0.7041
vn -0.9914 -0.1305 -0.0000
vn -0.9585 -0.2569 0.1233
vn -0.9239 -0.3827 -0.0000
vn -0.7934 -0.6087 -0.0000
vn -0.7017 -0.7017 0.1234
vn -0.6087 -0.7934 -0.0000
vn -0.2588 -0.9659 -0.0000
vn -0.3716 -0.8970 0.2393
vn -0.1305 -0.9914 -0.0000
vn 0.2588 -0.9659 -0.0000
vn 0.1267 -0.9626 0.2393
vn 0.3827 -0.9239 -0.0000
vn 0.5910 -0.7703 0.2393
vn 0.9914 -0.1305 -0.0000
vn 0.9585 -0.2569 0.1233
vn 0.9239 -0.3827 -0.0000
vn 0.7934 -0.6087 -0.0000
vn -0.9659 -0.2588 -0.0000
vn -0.9626 -0.1267 0.2393
vn -0.3827 -0.9239 -0.0000
vn -0.2569 -0.9585 0.1233
vn 0.9659 -0.2588 -0.0000
vn 0.8970 -0.3716 0.2393
vn -0.7071 -0.7071 -0.0000
vn -0.7703 -0.5910 0.2393
vn 0.6087 -0.7934 -0.0000
vn 0.7017 -0.7017 0.1234
vn 0.9586 -0.2568 0.1233
vn 0.2717 -0.6561 0.7041
vn 0.6561 -0.2717 0.7041
vn -0.2568 -0.9586 0.1233
vn 0.7071 0.7071 -0.0000
vn -0.7072 -0.7070 -0.0000
vn -1.0000 -0.0000 -0.0000
vn -0.0000 0.9989 -0.0472
vn 0.0118 0.9858 -0.1675
vn -0.0177 0.9591 -0.2826
vn 0.0258 0.8343 -0.5507
vn -0.0000 0.1230 -0.9924
vn -0.0000 0.3121 -0.9500
vn 0.0261 0.4737 -0.8803
vn 0.0010 0.5326 -0.8464
vn -0.0010 0.7919 -0.6107
vn 0.0444 -0.0473 -0.9979
vn 0.0274 -0.0000 -0.9996
vn -0.0000 -0.1696 -0.9855
vn -0.0000 -0.3547 -0.9350
vn 0.0319 -0.4737 -0.8801
vn -0.0000 -0.5724 -0.8200
vn -0.0000 -0.7088 -0.7054
vn 0.0197 -0.8344 -0.5508
vn 0.0105 -0.8465 -0.5323
vn -0.0103 -0.9858 -0.1675
vn -0.0000 -0.9812 -0.1928
vn -0.0000 -0.9859 -0.1675
vn -0.0000 -0.6662 -0.7457
vn -0.0000 -0.7653 -0.6437
vn -0.0281 -0.8343 -0.5507
vn 0.0057 -0.9105 -0.4134
vn -0.0082 -0.9899 -0.1416
vn -0.0032 -0.5441 -0.8390
vn -0.0260 -0.4737 -0.8803
vn 0.0001 -0.3332 -0.9428
vn -0.0276 -0.0000 -0.9996
vn -0.0110 -0.0743 -0.9972
vn 0.0001 -0.1961 -0.9806
vn -0.0000 0.7151 -0.6990
vn -0.0000 0.6088 -0.7933
vn -0.0253 0.4737 -0.8803
vn -0.0055 0.4134 -0.9105
vn 0.0042 0.1417 -0.9899
vn -0.0205 0.8384 -0.5446
vn -0.0178 0.8344 -0.5508
vn 0.0085 0.9580 -0.2865
vn -0.0131 0.9858 -0.1675
vn -0.0000 0.9973 -0.0741
vn 0.2079 -0.9781 -0.0000
vn 0.2079 -0.9782 -0.0000
vn -0.9746 -0.2072 -0.0854
vn -0.9673 -0.1906 -0.1675
vn -0.6228 -0.1324 -0.7711
vn -0.7517 -0.1598 -0.6399
vn -0.8225 -0.1429 -0.5506
vn -0.8818 -0.1874 -0.4327
vn -0.9468 -0.2012 -0.2512
vn -0.4434 -0.0701 -0.8936
vn -0.4655 -0.0888 -0.8806
vn -0.0933 -0.0275 -0.9953
vn -0.0057 0.0268 -0.9996
vn 0.1659 0.0353 -0.9855
vn 0.3469 0.0737 -0.9350
vn 0.4567 0.1296 -0.8801
vn 0.5597 0.1190 -0.8201
vn 0.6933 0.1474 -0.7054
vn 0.8121 0.1927 -0.5508
vn 0.8257 0.1863 -0.5325
vn 0.9664 0.1949 -0.1674
vn 0.9598 0.2040 -0.1926
vn 0.9690 0.2060 -0.1361
vn 0.9661 0.1963 -0.1675
vn 0.8957 0.1974 -0.3984
vn 0.8222 0.1440 -0.5506
vn 0.7703 0.1572 -0.6180
vn 0.5902 0.1308 -0.7966
vn 0.4695 0.0692 -0.8802
vn 0.3580 0.0772 -0.9305
vn 0.1167 0.0237 -0.9929
vn 0.0062 -0.0292 -0.9996
vn -0.1333 -0.0251 -0.9908
vn -0.3565 -0.0788 -0.9310
vn -0.4571 -0.1278 -0.8802
vn -0.4716 -0.1266 -0.8727
vn -0.6048 -0.1241 -0.7866
vn -0.8142 -0.1832 -0.5509
vn -0.7689 -0.2045 -0.6057
vn -0.9643 -0.2050 -0.1675
vn -0.9675 -0.2226 -0.1197
vn -0.9117 -0.1848 -0.3669
vn 0.2079 0.9781 -0.0000
vn 0.2079 0.9782 -0.0000
vn 0.6229 -0.1324 -0.7711
vn 0.9746 -0.2072 -0.0853
vn 0.9612 -0.2193 -0.1674
vn 0.7021 -0.1492 -0.6963
vn 0.7843 -0.1841 -0.5924
vn 0.8094 -0.2040 -0.5507
vn 0.8818 -0.1874 -0.4328
vn 0.9468 -0.2012 -0.2512
vn 0.4335 -0.1163 -0.8936
vn 0.4614 -0.1082 -0.8805
vn 0.0964 -0.0128 -0.9953
vn -0.0057 -0.0268 -0.9996
vn -0.1659 0.0353 -0.9855
vn -0.3469 0.0737 -0.9350
vn -0.4699 0.0673 -0.8802
vn -0.5598 0.1190 -0.8201
vn -0.6932 0.1474 -0.7055
vn -0.8203 0.1543 -0.5508
vn -0.8301 0.1657 -0.5325
vn -0.9621 0.2150 -0.1676
vn -0.9598 0.2040 -0.1927
vn -0.9690 0.2060 -0.1361
vn -0.9624 0.2136 -0.1675
vn -0.8985 0.1840 -0.3985
vn -0.8097 0.2029 -0.5506
vn -0.3410 0.0715 -0.9373
vn -0.4552 0.1268 -0.8813
vn -0.4570 0.1278 -0.8802
vn -0.5924 0.1206 -0.7966
vn -0.7676 0.1698 -0.6180
vn -0.1163 0.0258 -0.9929
vn 0.0062 0.0292 -0.9996
vn 0.1320 -0.0313 -0.9908
vn 0.3899 -0.0790 -0.9175
vn 0.4693 -0.0703 -0.8802
vn 0.6030 -0.1326 -0.7867
vn 0.8184 -0.1638 -0.5509
vn 0.7856 -0.1259 -0.6057
vn 0.9643 -0.2050 -0.1675
vn 0.9744 -0.1901 -0.1196
vn 0.9081 -0.2020 -0.3668
vn -0.0000 -0.9989 -0.0472
vn -0.0118 -0.9858 -0.1675
vn 0.0178 -0.9591 -0.2826
vn -0.0258 -0.8343 -0.5507
vn -0.0000 -0.1230 -0.9924
vn -0.0000 -0.3117 -0.9502
vn -0.0261 -0.4737 -0.8803
vn -0.0009 -0.5326 -0.8463
vn 0.0009 -0.7920 -0.6106
vn -0.0444 0.0473 -0.9979
vn -0.0274 -0.0000 -0.9996
vn -0.0000 0.1696 -0.9855
vn -0.0000 0.3546 -0.9350
vn -0.0319 0.4737 -0.8801
vn -0.0000 0.5723 -0.8200
vn -0.0000 0.7088 -0.7054
vn -0.0197 0.8344 -0.5508
vn -0.0106 0.8464 -0.5324
vn 0.0102 0.9858 -0.1675
vn -0.0000 0.9813 -0.1927
vn -0.0000 0.9859 -0.1675
vn -0.0000 0.6658 -0.7461
vn -0.0000 0.7649 -0.6442
vn 0.0281 0.8342 -0.5507
vn -0.0057 0.9102 -0.4140
vn 0.0082 0.9899 -0.1417
vn 0.0035 0.5424 -0.8401
vn 0.0259 0.4737 -0.8803
vn -0.0000 0.3324 -0.9431
vn 0.0276 -0.0000 -0.9996
vn 0.0113 0.0730 -0.9973
vn -0.0000 0.1953 -0.9807
vn -0.0000 -0.7150 -0.6991
vn -0.0000 -0.6087 -0.7934
vn 0.0253 -0.4737 -0.8803
vn 0.0055 -0.4134 -0.9105
vn -0.0042 -0.1417 -0.9899
vn 0.0205 -0.8384 -0.5447
vn 0.0178 -0.8344 -0.5508
vn -0.0085 -0.9581 -0.2861
vn 0.0131 -0.9858 -0.1675
vn -0.0000 -0.9972 -0.0742
vn -0.0000 -1.0000 -0.0000
vn -0.0000 -0.0000 -1.0000
vn 0.4029 -0.9152 -0.0000
vn -0.0605 0.9982 -0.0000
vn -0.2177 0.9760 -0.0000
vn -0.3695 0.9292 -0.0000
vn -0.5119 0.8590 -0.0000
vn -0.6415 0.7671 -0.0000
vn -0.7548 0.6559 -0.0000
vn -0.8492 0.5281 -0.0000
vn -0.9221 0.3871 -0.0000
vn -0.9717 0.2362 -0.0000
vn -0.9968 0.0794 -0.0000
vn -0.4025 0.5993 0.6920
vn -0.4116 0.5777 0.7049
vn -0.4194 0.5837 0.6953
vn -0.2269 0.6696 0.7072
vn -0.2581 0.6607 0.7049
vn -0.2585 0.6610 0.7045
vn -0.4024 0.5816 0.7070
vn -0.3356 0.6237 0.7059
vn -0.2553 0.6598 0.7068
vn -0.2506 0.6468 0.7203
vn 0.0371 0.7109 0.7023
vn 0.0211 0.6904 0.7232
vn 0.0211 0.6903 0.7233
vn 0.0210 0.6901 0.7234
vn 0.0372 0.7111 0.7021
vn 0.0214 -0.7100 0.7039
vn 0.0627 -0.6178 0.7839
vn 0.0349 -0.7107 0.7026
vn 0.0376 -0.7069 0.7063
vn 0.1291 -0.6959 0.7064
vn 0.1382 -0.6792 0.7208
vn 0.1846 -0.6826 0.7071
vn 0.2403 -0.6658 0.7064
vn 0.2458 -0.6493 0.7197
vn 0.2928 -0.6437 0.7071
vn 0.3451 -0.6181 0.7063
vn 0.3474 -0.6024 0.7186
vn 0.3934 -0.5876 0.7071
vn 0.4408 -0.5539 0.7063
vn 0.4404 -0.5397 0.7174
vn 0.4834 -0.5161 0.7071
vn 0.5248 -0.4751 0.7062
vn 0.5224 -0.4629 0.7161
vn 0.5607 -0.4308 0.7071
vn 0.5950 -0.3838 0.7062
vn 0.5911 -0.3738 0.7148
vn 0.6232 -0.3342 0.7071
vn 0.6494 -0.2822 0.7062
vn 0.6448 -0.2746 0.7133
vn 0.6691 -0.2286 0.7071
vn 0.6866 -0.1732 0.7061
vn 0.6820 -0.1679 0.7118
vn 0.6973 -0.1171 0.7071
vn 0.7060 -0.0569 0.7060
vn 0.7057 -0.0567 0.7062
vn 0.7071 -0.0000 0.7071
vn 0.7059 0.0573 0.7060
vn 0.6973 0.1174 0.7071
vn 0.6823 0.1686 0.7114
vn 0.6865 0.1735 0.7061
vn 0.6690 0.2289 0.7071
vn 0.6449 0.2753 0.7129
vn 0.6493 0.2825 0.7061
vn 0.6230 0.3344 0.7071
vn 0.5911 0.3745 0.7144
vn 0.5948 0.3840 0.7062
vn 0.5605 0.4311 0.7071
vn 0.5222 0.4636 0.7158
vn 0.5247 0.4754 0.7062
vn 0.4832 0.5163 0.7071
vn 0.4402 0.5404 0.7171
vn 0.4406 0.5541 0.7063
vn 0.3931 0.5878 0.7071
vn 0.3471 0.6029 0.7183
vn 0.3449 0.6182 0.7063
vn 0.2925 0.6438 0.7071
vn 0.2454 0.6497 0.7195
vn 0.2400 0.6659 0.7063
vn 0.1843 0.6827 0.7071
vn 0.1377 0.6796 0.7205
vn 0.1288 0.6960 0.7064
vn 0.0711 0.7036 0.7071
vn -0.7738 -0.6334 -0.0000
vn 0.9968 -0.0803 -0.0000
vn 0.9953 -0.0641 -0.0732
vn 0.9957 -0.0804 -0.0451
vn 0.9955 -0.0883 -0.0336
vn 0.9950 -0.0972 -0.0222
vn 0.9940 -0.1088 -0.0110
vn 0.9957 -0.0753 0.0537
vn 0.9932 -0.1162 0.0061
vn 0.9943 -0.1055 0.0170
vn 0.9840 -0.1653 -0.0668
vn 0.9956 -0.0901 0.0275
vn 0.9957 -0.0843 0.0375
vn 0.9937 -0.0587 0.0957
vn 0.9888 -0.0431 0.1431
vn 0.9765 -0.0210 0.2145
vn 0.9959 -0.0896 -0.0156
vn 1.0000 -0.0038 0.0022
vn 0.9999 -0.0107 -0.0000
vn -1.0000 -0.0038 0.0003
vn -1.0000 -0.0057 -0.0000
vn -0.9938 -0.0700 0.0859
vn -0.9951 -0.0849 0.0509
vn -0.9951 -0.0921 0.0372
vn -0.9947 -0.1000 0.0241
vn -0.9938 -0.1105 0.0116
vn -0.9928 -0.1195 0.0034
vn -0.9945 -0.1034 -0.0159
vn -0.9954 -0.0917 -0.0288
vn -0.9956 -0.0850 -0.0385
vn -0.9958 -0.0751 -0.0530
vn -0.9957 -0.0896 -0.0243
vn -0.9997 -0.0259 -0.0022
vn -0.9999 -0.0150 -0.0003
vn -0.9957 -0.0896 0.0226
vn -1.0000 -0.0038 -0.0032
vn -0.9999 -0.0107 -0.0000
vn -0.7190 -0.6947 -0.0223
vn -0.7331 -0.6802 -0.0000
vn -0.6452 -0.7640 -0.0000
vn -0.6116 -0.7909 -0.0226
vn -0.2849 -0.9568 -0.0585
vn -0.3232 -0.9463 -0.0040
vn -0.2472 -0.9690 -0.0000
vn -0.2378 -0.9713 -0.0000
vn -0.3018 -0.9526 -0.0389
vn -0.3184 -0.9477 -0.0231
vn -0.3323 -0.9431 -0.0137
vn -0.3209 -0.9471 -0.0000
vn -0.3609 -0.9326 -0.0000
vn -0.3630 -0.9318 -0.0051
vn -0.3725 -0.9278 -0.0196
vn -0.1030 -0.9947 -0.0015
vn -0.1237 -0.9923 -0.0074
vn -0.1638 -0.9861 -0.0275
vn -0.1736 -0.9847 -0.0173
vn -0.2214 -0.9752 -0.0021
vn 0.0301 -0.9985 -0.0465
vn 0.0301 -0.9985 -0.0464
vn 0.0301 -0.9995 -0.0000
vn 0.0099 -0.9999 -0.0102
vn -0.0000 -0.9999 -0.0163
vn -0.0108 -0.9996 -0.0242
vn -0.0287 -0.9988 -0.0403
vn -0.0000 -1.0000 -0.0041
vn -0.0788 -0.9969 -0.0000
vn -0.0879 -0.9961 -0.0000
vn 0.3283 -0.9444 0.0194
vn 0.3364 -0.9417 -0.0073
vn 0.3247 -0.9456 -0.0202
vn 0.2459 -0.9693 -0.0000
vn 0.3232 -0.9463 -0.0035
vn 0.2997 -0.9521 -0.0610
vn 0.3137 -0.9488 -0.0358
vn 0.1109 -0.9938 0.0024
vn 0.2357 -0.9718 -0.0000
vn 0.2180 -0.9759 -0.0055
vn 0.1637 -0.9856 -0.0417
vn 0.1842 -0.9788 -0.0892
vn 0.1579 -0.9866 -0.0418
vn 0.1416 -0.9897 -0.0215
vn 0.1294 -0.9915 -0.0111
vn 0.1194 -0.9928 -0.0054
vn 0.0319 -0.9995 -0.0050
vn 0.0292 -0.9996 -0.0000
vn 0.1045 -0.9945 -0.0000
vn 0.1107 -0.9939 -0.0020
vn 0.1192 -0.9928 0.0066
vn 0.1281 -0.9917 0.0132
vn 0.1010 -0.9947 -0.0176
vn 0.1944 -0.9804 0.0330
vn 0.1822 -0.9819 0.0508
vn 0.1686 -0.9854 0.0258
vn 0.1527 -0.9882 0.0090
vn 0.2196 -0.9756 0.0069
vn 0.2371 -0.9715 -0.0000
vn 0.2610 -0.9653 0.0001
vn 0.2512 -0.9679 0.0077
vn 0.3391 -0.9395 -0.0476
vn 0.3059 -0.9498 0.0658
vn 0.3178 -0.9474 0.0375
vn -0.8346 -0.5509 -0.0000
vn -0.9135 -0.4067 -0.0000
vn -0.9678 -0.2516 -0.0000
vn -0.9923 -0.1237 -0.0000
vn -0.9933 -0.1152 -0.0059
vn -0.3567 -0.9342 -0.0000
vn -0.4739 -0.8806 -0.0000
vn -0.5803 -0.8144 -0.0000
vn 0.3382 -0.9411 0.0066
vn 0.3444 -0.9388 -0.0000
vn 0.4141 -0.9102 -0.0000
vn 0.4738 -0.8806 -0.0080
vn 0.4875 -0.8731 -0.0000
vn 0.5563 -0.8310 -0.0000
vn 0.6117 -0.7910 -0.0074
vn 0.6227 -0.7825 -0.0000
vn 0.6837 -0.7298 -0.0000
vn 0.7330 -0.6802 -0.0066
vn 0.7413 -0.6711 -0.0000
vn 0.7930 -0.6093 -0.0000
vn 0.8346 -0.5509 -0.0059
vn 0.8404 -0.5420 -0.0000
vn 0.8813 -0.4726 -0.0000
vn 0.9135 -0.4067 -0.0051
vn 0.9171 -0.3986 -0.0000
vn 0.9463 -0.3233 -0.0000
vn 0.9678 -0.2516 -0.0042
vn 0.9696 -0.2446 -0.0000
vn 0.9924 -0.1233 -0.0000
vn 0.9917 -0.1286 -0.0040
vn 0.9053 -0.4248 -0.0000
vn 0.9999 -0.0173 0.0002
vn -0.9999 -0.0173 -0.0002
vn -1.0000 -0.0060 -0.0000
vn -1.0000 -0.0078 -0.0004
vn -0.9950 -0.0940 0.0335
vn -0.9948 -0.1019 0.0079
vn -0.9948 -0.0755 0.0685
vn -0.9951 -0.0849 0.0503
vn -0.9932 -0.1162 -0.0031
vn -0.9942 -0.1057 -0.0175
vn -0.9949 -0.0917 -0.0414
vn -0.9946 -0.1019 -0.0190
vn -0.9997 -0.0260 -0.0004
vn -0.9999 -0.0152 0.0001
vn -1.0000 -0.0078 -0.0000
vn -1.0000 -0.0026 0.0013
vn -1.0000 -0.0085 0.0003
vn 1.0000 -0.0060 -0.0000
vn 1.0000 -0.0078 0.0003
vn 0.9948 -0.0955 -0.0345
vn 0.9948 -0.1019 -0.0090
vn 0.9944 -0.0778 -0.0718
vn 0.9949 -0.0868 -0.0521
vn 0.9932 -0.1162 0.0029
vn 0.9943 -0.1047 0.0173
vn 0.9951 -0.0901 0.0401
vn 0.9946 -0.1019 0.0169
vn 0.9997 -0.0259 0.0003
vn 0.9999 -0.0152 -0.0001
vn 1.0000 -0.0078 -0.0000
vn 1.0000 -0.0023 -0.0015
vn 1.0000 -0.0085 -0.0003
vn 0.3890 -0.9213 -0.0000
vn 0.4185 -0.9078 0.0275
vn 0.4670 -0.8842 -0.0000
vn 0.5686 -0.8226 -0.0000
vn 0.7015 -0.7126 -0.0000
vn 0.8136 -0.5814 -0.0000
vn 0.9015 -0.4329 -0.0000
vn 0.2365 -0.9699 0.0585
vn 0.2562 -0.9661 0.0311
vn 0.1941 -0.9810 -0.0000
vn 0.1514 -0.9885 -0.0000
vn 0.2664 -0.9635 0.0270
vn 0.2882 -0.9575 0.0115
vn 0.3052 -0.9523 0.0043
vn 0.3179 -0.9481 0.0014
vn 0.3265 -0.9452 0.0004
vn 0.3331 -0.9429 -0.0000
vn 0.3337 -0.9427 0.0003
vn 0.3334 -0.9428 -0.0000
vn 0.0074 -1.0000 -0.0000
vn 0.0061 -1.0000 0.0013
vn 0.0092 -1.0000 -0.0000
vn 0.0205 -0.9998 0.0012
vn 0.0321 -0.9995 0.0033
vn 0.0483 -0.9988 0.0089
vn 0.0682 -0.9975 0.0208
vn 0.0804 -0.9963 0.0318
vn 0.0862 -0.9956 0.0374
vn 0.1002 -0.9946 0.0261
vn 0.1248 -0.9921 0.0121
vn -0.1775 -0.9841 -0.0002
vn -0.1860 -0.9825 -0.0011
vn -0.2027 -0.9792 -0.0076
vn -0.2560 -0.9655 -0.0467
vn -0.2317 -0.9675 -0.1007
vn -0.2487 -0.9663 -0.0660
vn -0.2626 -0.9640 -0.0410
vn -0.2703 -0.9623 -0.0295
vn -0.2775 -0.9605 -0.0195
vn -0.2934 -0.9560 0.0032
vn -0.2867 -0.9580 0.0090
vn -0.2806 -0.9597 0.0147
vn -0.2720 -0.9620 0.0241
vn -0.1901 -0.9818 0.0022
vn -0.2647 -0.9637 0.0337
vn -0.2532 -0.9661 0.0501
vn -0.2560 -0.9656 0.0451
vn -0.2137 -0.9768 0.0128
vn -0.1988 -0.9800 0.0055
vn -0.1804 -0.9836 0.0003
vn -0.1738 -0.9848 -0.0000
vn -0.0863 -0.9963 -0.0002
vn -0.1052 -0.9937 0.0396
vn -0.0902 -0.9958 0.0141
vn -0.0801 -0.9968 -0.0000
vn -0.0843 -0.9964 -0.0064
vn -0.0916 -0.9956 -0.0184
vn -0.0989 -0.9946 -0.0316
vn -0.0863 -0.9963 -0.0052
vn -0.1697 -0.9855 -0.0000
vn -0.1736 -0.9848 -0.0000
vn 0.9939 -0.1093 -0.0122
vn 0.9929 -0.1185 -0.0000
vn 0.9625 -0.2714 -0.0000
vn 0.8605 -0.4986 0.1045
vn -0.2891 -0.9573 -0.0071
vn -0.2975 -0.9547 -0.0000
vn -0.4187 -0.9081 -0.0000
vn -0.5686 -0.8226 -0.0000
vn -0.7015 -0.7126 -0.0000
vn -0.8136 -0.5814 -0.0000
vn -0.9015 -0.4329 -0.0000
vn -0.9625 -0.2714 -0.0000
vn -0.9929 -0.1185 -0.0000
vn -0.9940 -0.1086 0.0120
vn 0.8886 -0.4588 -0.0000
vn 0.9499 -0.3124 -0.0000
vn 0.9874 -0.1582 -0.0000
vn 0.9874 0.1582 -0.0000
vn 0.9499 0.3124 -0.0000
vn 0.8886 0.4588 -0.0000
vn 0.4029 0.9152 -0.0000
vn -0.5445 0.4517 0.7067
vn -0.5489 0.4492 0.7049
vn -0.5536 0.4390 0.7076
vn -0.5950 0.3928 0.7012
vn -0.5928 0.3875 0.7060
vn -0.6471 0.2881 0.7059
vn -0.6855 0.1782 0.7059
vn -0.7054 0.0635 0.7059
vn -0.7055 0.0635 0.7059
vn -0.7071 0.0027 0.7071
vn -0.7071 0.0025 0.7071
vn -0.2588 -0.6608 0.7045
vn -0.4261 -0.5652 0.7064
vn -0.4156 -0.5833 0.6979
vn -0.2561 -0.6618 0.7046
vn -0.2566 -0.6592 0.7068
vn -0.3356 -0.6237 0.7059
vn -0.3943 -0.5870 0.7071
vn -0.4087 -0.5824 0.7026
vn -0.5950 -0.3928 0.7012
vn -0.5477 -0.4482 0.7065
vn -0.5483 -0.4503 0.7046
vn -0.5536 -0.4390 0.7076
vn -0.5928 -0.3875 0.7060
vn -0.6471 -0.2881 0.7059
vn -0.6855 -0.1782 0.7059
vn -0.7054 -0.0635 0.7059
vn -0.7055 -0.0635 0.7059
vn -0.7071 -0.0025 0.7071
vn -0.7071 -0.0027 0.7071
vn -0.9999 0.0173 0.0002
vn 0.9998 0.0173 -0.0002
vn 0.0074 1.0000 -0.0000
vn 0.1514 0.9885 -0.0000
vn 0.1216 0.9925 0.0135
vn 0.0862 0.9956 0.0353
vn 0.0900 0.9951 0.0401
vn 0.0654 0.9977 0.0189
vn 0.0472 0.9989 0.0084
vn 0.0315 0.9995 0.0032
vn 0.0203 0.9998 0.0012
vn 0.0062 1.0000 0.0012
vn 0.3065 0.9519 0.0039
vn 0.3334 0.9428 -0.0000
vn 0.3335 0.9427 0.0001
vn 0.3332 0.9429 -0.0000
vn 0.3257 0.9455 0.0005
vn 0.3179 0.9481 0.0014
vn 0.2894 0.9571 0.0108
vn 0.2673 0.9633 0.0262
vn 0.2561 0.9659 0.0379
vn 0.2328 0.9723 0.0193
vn 0.1941 0.9810 -0.0000
vn 0.3890 0.9213 -0.0000
vn 0.4658 0.8819 0.0730
vn 0.4187 0.9081 -0.0000
vn 0.5686 0.8226 -0.0000
vn 0.7015 0.7126 -0.0000
vn 0.8136 0.5814 -0.0000
vn 0.8652 0.5014 -0.0000
vn 0.9014 0.4328 0.0109
vn 0.9053 0.4248 -0.0000
vn 1.0000 0.0060 -0.0000
vn 1.0000 0.0078 -0.0004
vn 0.9950 0.0940 0.0335
vn 0.9948 0.1019 0.0079
vn 0.9948 0.0754 0.0685
vn 0.9951 0.0849 0.0502
vn 0.9932 0.1164 -0.0029
vn 0.9942 0.1057 -0.0175
vn 0.9949 0.0917 -0.0415
vn 0.9946 0.1019 -0.0190
vn 0.9997 0.0260 -0.0004
vn 0.9999 0.0152 0.0001
vn 1.0000 0.0078 -0.0000
vn 1.0000 0.0027 0.0012
vn 1.0000 0.0085 0.0003
vn -1.0000 0.0060 -0.0000
vn -1.0000 0.0078 0.0003
vn -0.9948 0.0955 -0.0345
vn -0.9948 0.1019 -0.0090
vn -0.9944 0.0777 -0.0718
vn -0.9949 0.0868 -0.0521
vn -0.9932 0.1162 0.0029
vn -0.9943 0.1047 0.0173
vn -0.9951 0.0901 0.0401
vn -0.9946 0.1019 0.0169
vn -0.9997 0.0260 0.0003
vn -0.9999 0.0152 -0.0001
vn -1.0000 0.0078 -0.0000
vn -1.0000 0.0023 -0.0015
vn -1.0000 0.0085 -0.0003
vn 0.0090 1.0000 -0.0000
vn -0.0801 0.9968 -0.0000
vn -0.0847 0.9964 0.0064
vn -0.1776 0.9841 0.0002
vn -0.0924 0.9956 0.0181
vn -0.1002 0.9945 0.0309
vn -0.0863 0.9963 0.0047
vn -0.1692 0.9856 -0.0000
vn -0.1737 0.9848 -0.0000
vn -0.1861 0.9825 0.0010
vn -0.2027 0.9792 0.0066
vn -0.2561 0.9658 0.0406
vn -0.2304 0.9688 0.0908
vn -0.2469 0.9671 0.0610
vn -0.2610 0.9646 0.0386
vn -0.2688 0.9628 0.0283
vn -0.2765 0.9608 0.0187
vn -0.2936 0.9559 -0.0033
vn -0.2874 0.9578 -0.0091
vn -0.2815 0.9594 -0.0151
vn -0.2732 0.9616 -0.0252
vn -0.1899 0.9818 -0.0025
vn -0.2662 0.9633 -0.0356
vn -0.2549 0.9655 -0.0537
vn -0.2559 0.9653 -0.0516
vn -0.2139 0.9768 -0.0148
vn -0.1988 0.9800 -0.0062
vn -0.1805 0.9836 -0.0004
vn -0.1739 0.9848 -0.0000
vn -0.0863 0.9963 0.0002
vn -0.1036 0.9938 -0.0406
vn -0.0895 0.9959 -0.0142
vn -0.9939 0.1093 -0.0121
vn -0.9929 0.1185 -0.0000
vn -0.9625 0.2714 -0.0000
vn -0.9015 0.4329 -0.0000
vn -0.8136 0.5814 -0.0000
vn -0.7015 0.7126 -0.0000
vn -0.5686 0.8226 -0.0000
vn -0.4187 0.9081 -0.0000
vn -0.2975 0.9547 -0.0000
vn -0.2886 0.9574 0.0070
vn 0.9940 0.1086 0.0120
vn 0.9929 0.1185 -0.0000
vn 0.9625 0.2714 -0.0000
vn -0.0101 0.9997 -0.0239
vn 0.0395 0.9991 -0.0181
vn 0.0323 0.9995 -0.0050
vn 0.0305 0.9995 -0.0000
vn -0.2377 0.9713 -0.0000
vn -0.2215 0.9752 -0.0021
vn -0.1638 0.9863 -0.0206
vn -0.1735 0.9843 -0.0328
vn -0.1244 0.9922 -0.0078
vn -0.1041 0.9946 -0.0017
vn -0.0883 0.9961 -0.0000
vn -0.0000 1.0000 -0.0001
vn -0.0447 0.9971 -0.0610
vn -0.0287 0.9988 -0.0405
vn -0.3332 0.9427 -0.0133
vn -0.3632 0.9317 -0.0047
vn -0.3613 0.9325 -0.0000
vn -0.3422 0.9396 -0.0083
vn -0.3190 0.9475 -0.0227
vn -0.3021 0.9525 -0.0390
vn -0.3232 0.9462 -0.0139
vn -0.2594 0.9658 -0.0007
vn -0.2474 0.9689 -0.0000
vn -0.7738 0.6334 -0.0000
vn -1.0000 0.0038 -0.0005
vn -1.0000 0.0057 -0.0000
vn -0.9953 0.0642 -0.0730
vn -0.9957 0.0804 -0.0450
vn -0.9955 0.0884 -0.0335
vn -0.9950 0.0972 -0.0221
vn -0.9940 0.1089 -0.0110
vn -0.9932 0.1162 0.0061
vn -0.9943 0.1056 0.0169
vn -0.9950 0.0950 0.0316
vn -0.9951 0.0889 0.0432
vn -0.9950 0.0801 0.0605
vn -0.9954 0.0896 0.0341
vn -0.9996 0.0264 0.0033
vn -0.9999 0.0152 0.0005
vn -0.9959 0.0896 -0.0157
vn -1.0000 0.0038 0.0022
vn -0.9999 0.0107 -0.0000
vn 1.0000 0.0038 0.0003
vn 1.0000 0.0056 -0.0000
vn 0.9949 0.0659 0.0770
vn 0.9957 0.0806 0.0451
vn 0.9956 0.0876 0.0327
vn 0.9824 0.1654 -0.0864
vn 0.9947 0.0999 0.0241
vn 0.9938 0.1105 0.0116
vn 0.9933 0.1152 -0.0059
vn 0.9945 0.1033 -0.0159
vn 0.9954 0.0916 -0.0288
vn 0.9956 0.0848 -0.0386
vn 0.9958 0.0752 -0.0529
vn 0.9957 0.0896 -0.0243
vn 0.9997 0.0259 -0.0022
vn 0.9999 0.0151 -0.0003
vn 0.9851 0.0347 0.1687
vn 0.9967 0.0810 -0.0008
vn 1.0000 0.0006 -0.0000
vn 0.2184 0.9758 0.0081
vn 0.1818 0.9823 0.0458
vn 0.1883 0.9801 0.0625
vn 0.1661 0.9858 0.0233
vn 0.1005 0.9941 -0.0412
vn 0.1386 0.9900 0.0254
vn 0.1276 0.9918 0.0126
vn 0.1181 0.9930 0.0059
vn 0.1103 0.9939 0.0022
vn 0.1045 0.9945 -0.0000
vn 0.0269 0.9996 -0.0000
vn 0.0005 0.9999 -0.0162
vn 0.1117 0.9937 -0.0023
vn 0.1205 0.9927 -0.0060
vn 0.1301 0.9914 -0.0116
vn 0.1426 0.9895 -0.0224
vn 0.1606 0.9859 -0.0460
vn 0.1636 0.9852 -0.0515
vn 0.1960 0.9804 -0.0202
vn 0.3374 0.9413 0.0074
vn 0.2194 0.9756 -0.0046
vn 0.2370 0.9715 -0.0000
vn 0.3232 0.9463 -0.0003
vn 0.2907 0.9533 -0.0822
vn 0.3009 0.9518 -0.0589
vn 0.3144 0.9487 -0.0345
vn 0.3261 0.9452 -0.0185
vn 0.3270 0.9448 0.0213
vn 0.3172 0.9475 0.0389
vn 0.3390 0.9406 -0.0151
vn 0.2579 0.9662 0.0028
vn 0.2606 0.9654 0.0009
vn 0.2456 0.9694 -0.0000
vn 0.2357 0.9718 -0.0000
vn 0.9928 0.1195 0.0034
vn 0.9923 0.1237 -0.0000
vn 0.9695 0.2450 -0.0000
vn 0.9678 0.2516 -0.0040
vn 0.9461 0.3238 -0.0000
vn 0.9170 0.3990 -0.0000
vn 0.9135 0.4067 -0.0049
vn 0.8811 0.4729 -0.0000
vn 0.8401 0.5424 -0.0000
vn 0.8346 0.5509 -0.0057
vn 0.7927 0.6096 -0.0000
vn 0.7411 0.6714 -0.0000
vn 0.7330 0.6802 -0.0065
vn 0.6834 0.7301 -0.0000
vn 0.6223 0.7827 -0.0000
vn 0.6117 0.7910 -0.0072
vn 0.5559 0.8312 -0.0000
vn 0.4872 0.8733 -0.0000
vn 0.4738 0.8806 -0.0079
vn 0.4137 0.9104 -0.0000
vn 0.3433 0.9392 -0.0000
vn 0.3522 0.9359 -0.0083
vn -0.3601 0.9329 -0.0000
vn -0.4739 0.8806 -0.0000
vn -0.5803 0.8144 -0.0000
vn -0.6445 0.7631 -0.0473
vn -0.6117 0.7911 -0.0000
vn -0.7191 0.6949 -0.0000
vn -0.7330 0.6801 -0.0168
vn -0.8346 0.5509 -0.0000
vn -0.9135 0.4067 -0.0000
vn -0.9678 0.2516 -0.0000
vn -0.9924 0.1233 -0.0000
vn -0.9917 0.1284 -0.0038
vn -0.9968 -0.0794 -0.0000
vn -0.9717 -0.2362 -0.0000
vn -0.9221 -0.3871 -0.0000
vn -0.8492 -0.5281 -0.0000
vn -0.7548 -0.6559 -0.0000
vn -0.6415 -0.7671 -0.0000
vn -0.5119 -0.8590 -0.0000
vn -0.3695 -0.9292 -0.0000
vn -0.2177 -0.9760 -0.0000
vn -0.0605 -0.9982 -0.0000
vn -0.0000 -0.9899 0.1416
vn 0.0070 -0.9859 0.1675
vn -0.0057 -0.9105 0.4135
vn 0.0281 -0.8342 0.5507
vn -0.0000 -0.7652 0.6438
vn -0.0000 -0.6664 0.7456
vn 0.0032 -0.5440 0.8391
vn 0.0260 -0.4737 0.8803
vn -0.0000 -0.3334 0.9428
vn 0.0276 -0.0000 0.9996
vn 0.0110 -0.0740 0.9972
vn -0.0000 -0.1965 0.9805
vn -0.0000 0.7149 0.6992
vn -0.0000 0.6085 0.7935
vn 0.0253 0.4737 0.8803
vn 0.0053 0.4129 0.9108
vn -0.0041 0.1413 0.9900
vn 0.0205 0.8385 0.5445
vn 0.0177 0.8344 0.5508
vn -0.0085 0.9583 0.2858
vn 0.0131 0.9858 0.1675
vn -0.0000 0.9973 0.0736
vn -0.0444 -0.0472 0.9979
vn -0.0274 -0.0000 0.9996
vn -0.0000 -0.1697 0.9855
vn -0.0000 -0.3546 0.9350
vn -0.0319 -0.4737 0.8801
vn -0.0000 -0.5724 0.8200
vn -0.0000 -0.7089 0.7053
vn -0.0197 -0.8344 0.5508
vn -0.0105 -0.8465 0.5323
vn 0.0103 -0.9858 0.1675
vn -0.0000 -0.9812 0.1928
vn -0.0000 0.9989 0.0472
vn -0.0118 0.9858 0.1675
vn 0.0177 0.9591 0.2824
vn -0.0258 0.8343 0.5507
vn -0.0000 0.1230 0.9924
vn -0.0000 0.3119 0.9501
vn -0.0262 0.4737 0.8803
vn -0.0009 0.5326 0.8463
vn 0.0009 0.7920 0.6105
vn 0.9691 -0.2060 0.1361
vn 0.9661 -0.1963 0.1675
vn 0.8959 -0.1974 0.3980
vn 0.8222 -0.1441 0.5506
vn 0.7703 -0.1573 0.6179
vn 0.5901 -0.1307 0.7967
vn 0.4695 -0.0692 0.8802
vn 0.3581 -0.0773 0.9305
vn 0.1164 -0.0236 0.9929
vn 0.0062 0.0292 0.9996
vn -0.1339 0.0251 0.9907
vn -0.3569 0.0790 0.9308
vn -0.4571 0.1278 0.8802
vn -0.4720 0.1266 0.8725
vn -0.6054 0.1242 0.7862
vn -0.8142 0.1833 0.5509
vn -0.7697 0.2043 0.6049
vn -0.9643 0.2050 0.1675
vn -0.9676 0.2229 0.1189
vn -0.9121 0.1849 0.3660
vn 0.9643 -0.2050 0.1675
vn -0.9746 0.2072 0.0853
vn -0.9673 0.1907 0.1675
vn -0.9469 0.2013 0.2508
vn -0.8820 0.1875 0.4324
vn -0.8225 0.1429 0.5506
vn -0.7519 0.1598 0.6396
vn -0.0057 -0.0268 0.9996
vn -0.0932 0.0275 0.9953
vn -0.4655 0.0888 0.8806
vn -0.4431 0.0700 0.8937
vn -0.6229 0.1324 0.7710
vn 0.4567 -0.1297 0.8801
vn 0.3468 -0.0737 0.9350
vn 0.1660 -0.0353 0.9855
vn 0.9616 -0.1953 0.1928
vn 0.8258 -0.1863 0.5323
vn 0.8121 -0.1927 0.5508
vn 0.6935 -0.1474 0.7052
vn 0.5598 -0.1190 0.8200
vn -0.9691 -0.2060 0.1360
vn -0.9624 -0.2136 0.1675
vn -0.8987 -0.1841 0.3980
vn -0.8097 -0.2028 0.5506
vn -0.3409 -0.0714 0.9374
vn -0.4558 -0.1271 0.8810
vn -0.4571 -0.1278 0.8802
vn -0.5922 -0.1207 0.7967
vn -0.7677 -0.1697 0.6179
vn -0.1159 -0.0258 0.9929
vn 0.0062 -0.0292 0.9996
vn 0.1326 0.0315 0.9907
vn 0.3908 0.0790 0.9171
vn 0.4693 0.0703 0.8802
vn 0.6036 0.1327 0.7862
vn 0.8184 0.1637 0.5509
vn 0.7862 0.1264 0.6049
vn 0.9643 0.2050 0.1675
vn 0.9746 0.1899 0.1189
vn 0.9084 0.2021 0.3660
vn -0.9643 -0.2050 0.1676
vn 0.9746 0.2072 0.0852
vn 0.9612 0.2193 0.1674
vn 0.7019 0.1492 0.6964
vn 0.7846 0.1842 0.5920
vn 0.8094 0.2040 0.5507
vn 0.8820 0.1875 0.4324
vn 0.9469 0.2013 0.2508
vn -0.0057 0.0268 0.9996
vn 0.0963 0.0128 0.9953
vn 0.4615 0.1082 0.8805
vn 0.4333 0.1163 0.8937
vn 0.6226 0.1323 0.7713
vn -0.4699 -0.0673 0.8801
vn -0.3469 -0.0737 0.9350
vn -0.1660 -0.0353 0.9855
vn -0.9579 -0.2127 0.1928
vn -0.8302 -0.1657 0.5324
vn -0.8203 -0.1542 0.5508
vn -0.6934 -0.1474 0.7053
vn -0.5598 -0.1190 0.8200
vn -0.0000 0.9900 0.1412
vn -0.0071 0.9859 0.1675
vn 0.0057 0.9108 0.4129
vn -0.0281 0.8342 0.5507
vn -0.0000 0.7654 0.6436
vn -0.0000 0.6663 0.7457
vn -0.0032 0.5439 0.8391
vn -0.0260 0.4737 0.8803
vn -0.0000 0.3331 0.9429
vn -0.0276 -0.0000 0.9996
vn -0.0111 0.0736 0.9972
vn -0.0000 0.1957 0.9807
vn -0.0000 -0.7157 0.6984
vn -0.0000 -0.6092 0.7930
vn -0.0252 -0.4737 0.8803
vn -0.0055 -0.4141 0.9102
vn 0.0042 -0.1417 0.9899
vn -0.0209 -0.8395 0.5430
vn -0.0175 -0.8344 0.5508
vn 0.0084 -0.9587 0.2844
vn -0.0131 -0.9858 0.1675
vn -0.0000 -0.9973 0.0730
vn 0.0443 0.0469 0.9979
vn 0.0275 -0.0000 0.9996
vn -0.0000 0.1698 0.9855
vn -0.0000 0.3545 0.9350
vn 0.0319 0.4737 0.8801
vn -0.0000 0.5723 0.8200
vn -0.0000 0.7088 0.7054
vn 0.0197 0.8344 0.5508
vn 0.0106 0.8464 0.5324
vn -0.0102 0.9858 0.1675
vn -0.0000 0.9813 0.1927
vn -0.0000 -0.9989 0.0472
vn 0.0118 -0.9858 0.1675
vn -0.0177 -0.9591 0.2825
vn 0.0258 -0.8343 0.5507
vn -0.0000 -0.1230 0.9924
vn -0.0000 -0.3119 0.9501
vn 0.0262 -0.4737 0.8803
vn 0.0009 -0.5327 0.8463
vn -0.0009 -0.7920 0.6105
vn 0.9914 0.1305 -0.0000
vn 0.9586 0.2568 0.1233
vn 0.9239 0.3827 -0.0000
vn 0.7934 0.6087 -0.0000
vn 0.7017 0.7017 0.1234
vn 0.6087 0.7934 -0.0000
vn 0.2588 0.9659 -0.0000
vn 0.3716 0.8970 0.2393
vn 0.1305 0.9914 -0.0000
vn -0.2588 0.9659 -0.0000
vn -0.1267 0.9626 0.2393
vn -0.3827 0.9239 -0.0000
vn -0.6087 0.7934 -0.0000
vn -0.7017 0.7017 0.1234
vn -0.9914 0.1305 -0.0000
vn -0.9586 0.2568 0.1233
vn -0.9239 0.3827 -0.0000
vn -0.7934 0.6087 -0.0000
vn 0.7041 0.0927 0.7041
vn 0.6561 0.2718 0.7041
vn 0.5634 0.4323 0.7041
vn 0.4323 0.5634 0.7041
vn 0.2718 0.6561 0.7041
vn 0.0927 0.7041 0.7041
vn -0.0927 0.7041 0.7041
vn -0.2718 0.6561 0.7041
vn -0.4323 0.5634 0.7041
vn -0.5634 0.4323 0.7041
vn -0.6561 0.2718 0.7041
vn -0.7041 0.0927 0.7041
vn 0.7703 0.5910 0.2393
vn 0.9585 0.2569 0.1233
vn 0.3827 0.9239 -0.0000
vn 0.2569 0.9585 0.1233
vn -0.1305 0.9914 -0.0000
vn -0.2568 0.9586 0.1233
vn -0.9585 0.2569 0.1233
vn 0.6561 0.2717 0.7041
vn 0.2717 0.6561 0.7041
vn 0.2568 0.9586 0.1233
vn -0.2569 0.9585 0.1233
vn -0.2717 0.6561 0.7041
vn -0.6561 0.2717 0.7041
vn -0.7071 0.0027 -0.7071
vn -0.7071 0.0026 -0.7071
vn -0.7055 0.0635 -0.7059
vn -0.7054 0.0635 -0.7059
vn -0.6855 0.1782 -0.7059
vn -0.6471 0.2881 -0.7059
vn -0.5911 0.3902 -0.7059
vn -0.5192 0.4818 -0.7059
vn -0.4333 0.5603 -0.7059
vn -0.3356 0.6237 -0.7059
vn -0.2289 0.6703 -0.7059
vn -0.1160 0.6987 -0.7059
vn -0.0000 0.7083 -0.7059
vn 0.1160 0.6987 -0.7059
vn 0.2289 0.6703 -0.7059
vn 0.3356 0.6237 -0.7059
vn 0.4333 0.5603 -0.7059
vn 0.5192 0.4818 -0.7059
vn 0.5911 0.3902 -0.7059
vn 0.6471 0.2881 -0.7059
vn 0.6855 0.1782 -0.7059
vn 0.7054 0.0635 -0.7059
vn 0.7071 0.0027 -0.7071
vn 0.7071 0.0026 -0.7071
s 0
usemtl Material.035
f 1//1 2//1 3//1
f 3//2 2//2 4//2
f 3//3 4//3 5//3
f 6//4 7//4 8//4
f 8//5 7//5 1//5
f 8//6 1//6 9//6
f 9//7 1//7 3//7
f 9//8 10//8 8//8
f 8//8 10//8 11//8
f 8//8 11//8 6//8
f 12//9 13//9 14//9
f 14//10 13//10 15//10
f 14//11 15//11 16//11
f 11//12 10//12 17//12
f 17//13 10//13 18//13
f 17//14 18//14 19//14
f 19//15 18//15 20//15
f 19//16 20//16 21//16
f 21//17 20//17 22//17
f 21//18 22//18 23//18
f 23//19 22//19 24//19
f 23//20 24//20 25//20
f 25//21 24//21 26//21
f 25//22 26//22 27//22
f 27//23 26//23 16//23
f 27//24 16//24 28//24
f 28//25 16//25 15//25
f 29//26 13//26 30//26
f 30//26 13//26 12//26
f 31//27 32//27 33//27
f 33//28 32//28 34//28
f 33//29 34//29 35//29
f 35//30 34//30 36//30
f 35//31 36//31 37//31
f 37//32 36//32 38//32
f 38//33 36//33 39//33
f 38//34 39//34 40//34
f 40//35 39//35 41//35
f 40//36 41//36 42//36
f 42//37 41//37 43//37
f 43//38 41//38 44//38
f 43//39 44//39 45//39
f 29//40 30//40 46//40
f 46//41 30//41 47//41
f 46//42 47//42 48//42
f 48//43 47//43 45//43
f 48//44 45//44 49//44
f 49//45 45//45 44//45
f 31//46 50//46 32//46
f 32//46 50//46 51//46
f 32//46 51//46 52//46
f 51//47 50//47 53//47
f 54//48 52//48 55//48
f 55//49 52//49 51//49
f 53//50 56//50 57//50
f 51//51 53//51 55//51
f 55//52 53//52 57//52
f 55//53 57//53 58//53
f 59//54 60//54 61//54
f 62//55 63//55 59//55
f 61//56 64//56 65//56
f 59//57 61//57 62//57
f 62//58 61//58 65//58
f 62//59 65//59 66//59
f 67//60 68//60 69//60
f 63//61 67//61 59//61
f 59//60 67//60 69//60
f 59//60 69//60 60//60
f 60//60 69//60 70//60
f 71//62 72//62 73//62
f 73//63 72//63 74//63
f 73//64 74//64 75//64
f 75//65 74//65 76//65
f 75//66 76//66 77//66
f 77//67 76//67 78//67
f 70//68 69//68 79//68
f 79//69 69//69 80//69
f 79//70 80//70 81//70
f 81//71 80//71 82//71
f 81//72 82//72 83//72
f 83//73 82//73 84//73
f 83//74 84//74 85//74
f 85//75 84//75 86//75
f 85//76 86//76 78//76
f 78//77 86//77 87//77
f 78//78 87//78 77//78
f 71//79 88//79 72//79
f 72//79 88//79 89//79
f 90//80 89//80 88//80
f 91//81 92//81 93//81
f 93//82 92//82 94//82
f 93//83 94//83 95//83
f 95//84 94//84 96//84
f 95//85 96//85 97//85
f 97//86 96//86 98//86
f 97//87 98//87 99//87
f 98//88 100//88 99//88
f 99//89 100//89 101//89
f 99//90 101//90 102//90
f 102//91 101//91 103//91
f 102//92 103//92 104//92
f 104//93 103//93 105//93
f 104//94 105//94 106//94
f 106//95 105//95 90//95
f 106//96 90//96 107//96
f 107//97 90//97 88//97
f 108//98 92//98 109//98
f 109//99 92//99 91//99
f 91//100 110//100 109//100
f 109//101 110//101 111//101
f 109//102 111//102 112//102
f 113//103 114//103 115//103
f 113//104 115//104 116//104
f 115//105 108//105 109//105
f 116//106 115//106 117//106
f 117//107 115//107 109//107
f 117//108 109//108 112//108
f 118//109 119//109 120//109
f 120//109 119//109 121//109
f 122//110 123//110 124//110
f 122//110 124//110 125//110
f 125//111 124//111 126//111
f 125//111 126//111 127//111
f 128//112 129//112 130//112
f 130//112 129//112 131//112
f 132//113 133//113 134//113
f 134//113 133//113 135//113
f 136//114 137//114 138//114
f 138//115 137//115 92//115
f 114//115 139//115 115//115
f 115//115 139//115 138//115
f 115//115 138//115 108//115
f 108//115 138//115 92//115
f 70//116 140//116 141//116
f 141//116 140//116 142//116
f 60//117 70//117 143//117
f 143//116 70//116 141//116
f 143//116 141//116 64//116
f 64//117 141//117 144//117
f 89//118 145//118 72//118
f 72//118 145//118 146//118
f 72//118 146//118 147//118
f 105//119 148//119 149//119
f 105//120 149//120 90//120
f 90//121 149//121 145//121
f 90//122 145//122 89//122
f 105//123 103//123 148//123
f 148//124 103//124 101//124
f 148//125 101//125 150//125
f 150//126 101//126 100//126
f 150//127 100//127 151//127
f 151//128 100//128 98//128
f 151//129 98//129 152//129
f 98//130 96//130 152//130
f 152//131 96//131 94//131
f 152//132 94//132 153//132
f 153//133 94//133 92//133
f 153//134 92//134 137//134
f 140//135 70//135 154//135
f 154//136 70//136 79//136
f 154//137 79//137 155//137
f 155//138 79//138 81//138
f 155//139 81//139 156//139
f 72//140 147//140 74//140
f 74//141 147//141 157//141
f 74//142 157//142 76//142
f 81//143 83//143 156//143
f 156//144 83//144 85//144
f 156//145 85//145 158//145
f 158//146 85//146 78//146
f 158//147 78//147 159//147
f 159//148 78//148 76//148
f 159//149 76//149 160//149
f 160//150 76//150 157//150
f 161//151 162//151 163//151
f 163//151 162//151 164//151
f 165//152 166//152 167//152
f 167//152 166//152 168//152
f 169//118 170//118 167//118
f 167//118 170//118 171//118
f 167//118 171//118 118//118
f 118//118 171//118 172//118
f 118//118 172//118 119//118
f 167//118 168//118 173//118
f 128//118 169//118 129//118
f 129//118 169//118 167//118
f 129//118 167//118 164//118
f 164//118 167//118 173//118
f 164//118 173//118 163//118
f 118//153 120//153 167//153
f 167//153 120//153 127//153
f 165//153 167//153 174//153
f 174//153 167//153 127//153
f 174//153 127//153 175//153
f 175//153 127//153 126//153
f 131//154 129//154 134//154
f 134//154 129//154 164//154
f 176//154 132//154 177//154
f 177//154 132//154 134//154
f 177//154 134//154 162//154
f 162//154 134//154 164//154
f 178//155 179//155 180//155
f 180//155 179//155 181//155
f 182//156 183//156 184//156
f 182//156 184//156 185//156
f 185//157 184//157 186//157
f 185//157 186//157 187//157
f 188//158 189//158 190//158
f 190//158 189//158 191//158
f 192//159 193//159 194//159
f 194//159 193//159 195//159
f 196//160 197//160 198//160
f 198//160 197//160 10//160
f 5//161 199//161 3//161
f 3//160 199//160 198//160
f 3//161 198//161 9//161
f 9//161 198//161 10//161
f 31//162 200//162 201//162
f 201//163 200//163 202//163
f 50//162 31//162 203//162
f 203//162 31//162 201//162
f 203//163 201//163 56//163
f 56//162 201//162 204//162
f 200//164 31//164 205//164
f 205//165 31//165 33//165
f 205//166 33//166 206//166
f 206//167 33//167 35//167
f 206//168 35//168 207//168
f 35//169 37//169 207//169
f 207//170 37//170 38//170
f 207//171 38//171 208//171
f 208//172 38//172 40//172
f 208//173 40//173 209//173
f 209//174 40//174 42//174
f 30//175 210//175 47//175
f 47//176 210//176 211//176
f 47//177 211//177 45//177
f 45//178 211//178 209//178
f 45//179 209//179 43//179
f 43//180 209//180 42//180
f 210//118 30//118 212//118
f 212//118 30//118 12//118
f 212//118 12//118 213//118
f 213//181 12//181 214//181
f 214//182 12//182 14//182
f 214//183 14//183 215//183
f 215//184 14//184 16//184
f 215//185 16//185 216//185
f 216//186 16//186 26//186
f 216//187 26//187 217//187
f 10//188 197//188 18//188
f 18//189 197//189 218//189
f 18//190 218//190 20//190
f 20//191 218//191 219//191
f 20//192 219//192 22//192
f 22//193 219//193 217//193
f 22//194 217//194 24//194
f 24//195 217//195 26//195
f 220//196 221//196 222//196
f 220//197 222//197 223//197
f 223//198 222//198 224//198
f 223//199 224//199 225//199
f 225//200 224//200 226//200
f 225//200 226//200 227//200
f 227//201 226//201 228//201
f 227//201 228//201 229//201
f 229//202 228//202 230//202
f 229//202 230//202 231//202
f 231//203 230//203 232//203
f 231//203 232//203 233//203
f 233//204 232//204 234//204
f 233//204 234//204 235//204
f 235//205 234//205 236//205
f 235//205 236//205 237//205
f 237//206 236//206 238//206
f 237//206 238//206 239//206
f 239//207 238//207 240//207
f 239//207 240//207 241//207
f 241//208 240//208 242//208
f 241//208 242//208 243//208
f 243//209 242//209 244//209
f 243//209 244//209 245//209
f 245//210 244//210 246//210
f 245//210 246//210 247//210
f 247//211 246//211 248//211
f 247//211 248//211 249//211
f 249//212 248//212 250//212
f 249//212 250//212 251//212
f 251//213 250//213 252//213
f 251//213 252//213 253//213
f 253//214 252//214 254//214
f 253//214 254//214 255//214
f 255//215 254//215 256//215
f 255//215 256//215 257//215
f 257//216 256//216 258//216
f 257//216 258//216 259//216
f 259//217 258//217 260//217
f 259//218 260//218 261//218
f 261//219 260//219 262//219
f 261//220 262//220 263//220
f 264//221 265//221 266//221
f 266//221 265//221 267//221
f 266//222 267//222 268//222
f 268//223 267//223 269//223
f 268//224 269//224 270//224
f 270//224 269//224 271//224
f 270//225 271//225 272//225
f 272//225 271//225 273//225
f 272//226 273//226 274//226
f 274//227 273//227 275//227
f 274//228 275//228 276//228
f 276//228 275//228 277//228
f 276//229 277//229 278//229
f 278//229 277//229 279//229
f 278//230 279//230 280//230
f 280//230 279//230 281//230
f 280//231 281//231 282//231
f 282//231 281//231 283//231
f 282//232 283//232 284//232
f 284//232 283//232 285//232
f 284//233 285//233 286//233
f 286//233 285//233 287//233
f 286//234 287//234 288//234
f 288//234 287//234 289//234
f 290//235 264//235 266//235
f 290//236 266//236 291//236
f 266//237 268//237 291//237
f 291//238 268//238 270//238
f 291//239 270//239 292//239
f 292//240 270//240 272//240
f 292//241 272//241 293//241
f 272//242 274//242 293//242
f 293//243 274//243 276//243
f 293//244 276//244 294//244
f 276//245 278//245 294//245
f 294//246 278//246 280//246
f 294//152 280//152 295//152
f 295//247 280//247 282//247
f 288//248 296//248 286//248
f 286//249 296//249 295//249
f 286//250 295//250 284//250
f 284//251 295//251 282//251
f 297//221 298//221 299//221
f 299//221 298//221 300//221
f 299//222 300//222 301//222
f 301//222 300//222 302//222
f 301//224 302//224 303//224
f 303//224 302//224 304//224
f 303//225 304//225 305//225
f 305//225 304//225 306//225
f 305//226 306//226 307//226
f 307//226 306//226 308//226
f 307//228 308//228 309//228
f 309//228 308//228 310//228
f 309//229 310//229 311//229
f 311//229 310//229 312//229
f 311//230 312//230 313//230
f 313//230 312//230 314//230
f 313//231 314//231 315//231
f 315//231 314//231 316//231
f 315//232 316//232 317//232
f 317//232 316//232 318//232
f 317//233 318//233 319//233
f 319//233 318//233 320//233
f 319//234 320//234 321//234
f 321//234 320//234 322//234
f 323//252 297//252 324//252
f 324//253 297//253 299//253
f 299//237 301//237 324//237
f 324//238 301//238 303//238
f 324//239 303//239 325//239
f 303//240 305//240 325//240
f 325//254 305//254 307//254
f 325//255 307//255 326//255
f 326//243 307//243 309//243
f 326//244 309//244 327//244
f 309//245 311//245 327//245
f 327//246 311//246 313//246
f 327//152 313//152 328//152
f 313//247 315//247 328//247
f 328//251 315//251 317//251
f 328//256 317//256 329//256
f 329//257 317//257 319//257
f 329//248 319//248 321//248
f 330//221 331//221 332//221
f 332//221 331//221 333//221
f 332//222 333//222 334//222
f 334//222 333//222 335//222
f 334//224 335//224 336//224
f 336//224 335//224 337//224
f 336//225 337//225 338//225
f 338//225 337//225 339//225
f 338//226 339//226 340//226
f 340//226 339//226 341//226
f 340//228 341//228 342//228
f 342//228 341//228 343//228
f 342//229 343//229 344//229
f 344//229 343//229 345//229
f 344//230 345//230 346//230
f 346//230 345//230 347//230
f 346//231 347//231 348//231
f 348//231 347//231 349//231
f 348//232 349//232 350//232
f 350//232 349//232 351//232
f 350//233 351//233 352//233
f 352//233 351//233 353//233
f 352//234 353//234 354//234
f 354//234 353//234 355//234
f 356//252 357//252 330//252
f 330//253 332//253 356//253
f 356//237 332//237 334//237
f 356//258 334//258 358//258
f 334//259 336//259 358//259
f 358//240 336//240 338//240
f 358//241 338//241 359//241
f 338//242 340//242 359//242
f 359//243 340//243 342//243
f 359//244 342//244 360//244
f 360//245 342//245 344//245
f 344//246 346//246 360//246
f 360//260 346//260 348//260
f 360//261 348//261 361//261
f 354//248 362//248 352//248
f 352//262 362//262 361//262
f 352//250 361//250 350//250
f 350//251 361//251 348//251
f 363//221 364//221 365//221
f 365//221 364//221 366//221
f 365//222 366//222 367//222
f 367//222 366//222 368//222
f 367//224 368//224 369//224
f 369//224 368//224 370//224
f 369//225 370//225 371//225
f 371//225 370//225 372//225
f 371//226 372//226 373//226
f 373//226 372//226 374//226
f 373//228 374//228 375//228
f 375//228 374//228 376//228
f 375//229 376//229 377//229
f 377//229 376//229 378//229
f 377//230 378//230 379//230
f 379//263 378//263 380//263
f 379//231 380//231 381//231
f 381//231 380//231 382//231
f 381//232 382//232 383//232
f 383//232 382//232 384//232
f 383//233 384//233 385//233
f 385//264 384//264 386//264
f 385//234 386//234 387//234
f 387//234 386//234 388//234
f 389//252 363//252 390//252
f 390//253 363//253 365//253
f 365//237 367//237 390//237
f 390//238 367//238 369//238
f 390//239 369//239 391//239
f 369//240 371//240 391//240
f 391//254 371//254 373//254
f 391//265 373//265 392//265
f 392//243 373//243 375//243
f 392//244 375//244 393//244
f 393//245 375//245 377//245
f 377//246 379//246 393//246
f 393//260 379//260 381//260
f 393//261 381//261 394//261
f 387//248 395//248 385//248
f 385//249 395//249 394//249
f 385//250 394//250 383//250
f 383//251 394//251 381//251
f 396//118 397//118 364//118
f 398//118 298//118 399//118
f 400//118 265//118 401//118
f 401//118 265//118 402//118
f 401//118 402//118 403//118
f 403//118 402//118 404//118
f 403//118 404//118 405//118
f 403//118 406//118 407//118
f 275//118 273//118 408//118
f 370//118 368//118 289//118
f 289//118 368//118 366//118
f 289//118 366//118 409//118
f 409//118 366//118 364//118
f 409//118 364//118 410//118
f 410//118 364//118 397//118
f 398//118 399//118 411//118
f 412//118 413//118 414//118
f 414//118 413//118 415//118
f 414//118 415//118 416//118
f 341//118 339//118 320//118
f 320//118 339//118 337//118
f 405//118 417//118 403//118
f 403//118 417//118 418//118
f 403//118 418//118 406//118
f 399//118 419//118 411//118
f 411//118 419//118 420//118
f 411//118 420//118 416//118
f 416//118 420//118 421//118
f 416//118 421//118 422//118
f 422//118 423//118 416//118
f 416//118 423//118 424//118
f 416//118 424//118 414//118
f 414//118 424//118 425//118
f 414//118 425//118 426//118
f 427//118 428//118 429//118
f 430//118 318//118 431//118
f 431//118 318//118 432//118
f 433//118 434//118 386//118
f 429//118 435//118 427//118
f 427//118 435//118 355//118
f 427//118 355//118 436//118
f 436//118 355//118 353//118
f 436//118 353//118 437//118
f 437//118 353//118 351//118
f 437//118 351//118 349//118
f 349//118 347//118 437//118
f 437//118 347//118 345//118
f 437//118 345//118 343//118
f 312//118 438//118 439//118
f 386//118 384//118 433//118
f 433//118 384//118 382//118
f 433//118 382//118 440//118
f 408//118 273//118 441//118
f 442//118 443//118 444//118
f 430//118 445//118 318//118
f 318//118 445//118 446//118
f 318//118 446//118 320//118
f 320//118 446//118 437//118
f 320//118 437//118 341//118
f 341//118 437//118 343//118
f 426//118 447//118 414//118
f 414//118 447//118 448//118
f 414//118 448//118 331//118
f 331//118 448//118 322//118
f 331//118 322//118 333//118
f 333//118 322//118 320//118
f 333//118 320//118 335//118
f 335//118 320//118 337//118
f 312//118 439//118 314//118
f 396//118 364//118 407//118
f 407//118 364//118 438//118
f 407//118 438//118 403//118
f 403//118 438//118 312//118
f 403//118 312//118 310//118
f 310//118 308//118 403//118
f 403//118 308//118 306//118
f 403//118 306//118 449//118
f 273//118 271//118 441//118
f 441//118 271//118 269//118
f 441//118 269//118 400//118
f 400//118 269//118 267//118
f 400//118 267//118 265//118
f 444//118 443//118 450//118
f 450//118 443//118 451//118
f 450//118 451//118 452//118
f 452//118 451//118 453//118
f 452//118 453//118 454//118
f 454//118 453//118 455//118
f 454//118 455//118 412//118
f 412//118 455//118 456//118
f 412//118 456//118 413//118
f 444//118 457//118 442//118
f 442//118 457//118 458//118
f 442//118 458//118 428//118
f 428//118 458//118 459//118
f 428//118 459//118 429//118
f 460//118 461//118 318//118
f 318//118 461//118 462//118
f 318//118 462//118 432//118
f 432//118 462//118 463//118
f 432//118 463//118 464//118
f 287//118 374//118 289//118
f 289//118 374//118 372//118
f 289//118 372//118 370//118
f 314//118 439//118 316//118
f 316//118 439//118 465//118
f 316//118 465//118 318//118
f 318//118 465//118 466//118
f 318//118 466//118 460//118
f 464//118 467//118 432//118
f 432//118 467//118 468//118
f 432//118 468//118 434//118
f 434//118 468//118 388//118
f 434//118 388//118 386//118
f 298//118 398//118 300//118
f 300//118 398//118 469//118
f 300//118 469//118 302//118
f 302//118 469//118 470//118
f 302//118 470//118 304//118
f 304//118 470//118 471//118
f 304//118 471//118 306//118
f 306//118 471//118 472//118
f 306//118 472//118 449//118
f 287//118 285//118 374//118
f 374//118 285//118 473//118
f 374//118 473//118 376//118
f 376//118 473//118 474//118
f 376//118 474//118 378//118
f 378//118 474//118 440//118
f 378//118 440//118 380//118
f 380//118 440//118 382//118
f 275//118 408//118 277//118
f 277//118 408//118 475//118
f 277//118 475//118 279//118
f 279//118 475//118 476//118
f 279//118 476//118 281//118
f 281//118 476//118 477//118
f 281//118 477//118 283//118
f 283//118 477//118 478//118
f 283//118 478//118 285//118
f 285//118 478//118 479//118
f 285//118 479//118 473//118
f 480//266 481//266 482//266
f 482//266 481//266 483//266
f 484//267 485//267 486//267
f 486//267 485//267 487//267
f 488//118 480//118 482//118
f 486//118 488//118 484//118
f 484//118 488//118 482//118
f 484//118 482//118 188//118
f 188//118 482//118 489//118
f 188//118 489//118 189//118
f 178//118 490//118 179//118
f 179//118 490//118 491//118
f 179//118 491//118 482//118
f 482//118 491//118 492//118
f 482//118 492//118 489//118
f 493//268 494//268 495//268
f 495//268 494//268 496//268
f 495//268 496//268 497//268
f 497//268 496//268 498//268
f 497//268 498//268 499//268
f 499//268 498//268 500//268
f 499//268 500//268 501//268
f 501//268 500//268 502//268
f 501//268 502//268 503//268
f 503//268 502//268 504//268
f 503//268 504//268 505//268
f 505//268 504//268 506//268
f 505//268 506//268 507//268
f 507//268 506//268 508//268
f 507//268 508//268 509//268
f 509//268 508//268 510//268
f 509//268 510//268 511//268
f 511//268 510//268 512//268
f 511//268 512//268 513//268
f 513//268 512//268 514//268
f 513//268 514//268 515//268
f 515//268 514//268 516//268
f 515//268 516//268 517//268
f 517//268 516//268 518//268
f 517//268 518//268 519//268
f 519//268 518//268 520//268
f 519//268 520//268 493//268
f 493//268 520//268 494//268
f 521//269 507//269 522//269
f 522//270 507//270 509//270
f 522//271 509//271 523//271
f 523//272 509//272 511//272
f 524//273 525//273 513//273
f 513//274 525//274 526//274
f 513//275 526//275 511//275
f 511//276 526//276 527//276
f 511//277 527//277 523//277
f 524//278 513//278 528//278
f 528//279 513//279 515//279
f 528//280 515//280 529//280
f 529//281 515//281 530//281
f 530//282 515//282 517//282
f 530//283 517//283 531//283
f 531//284 517//284 532//284
f 532//285 517//285 519//285
f 532//286 519//286 533//286
f 533//287 519//287 493//287
f 533//288 493//288 534//288
f 535//289 494//289 520//289
f 536//290 537//290 518//290
f 518//291 537//291 538//291
f 518//292 538//292 520//292
f 520//293 538//293 539//293
f 520//294 539//294 535//294
f 536//295 518//295 540//295
f 540//296 518//296 516//296
f 540//297 516//297 541//297
f 514//298 542//298 516//298
f 516//299 542//299 543//299
f 516//300 543//300 541//300
f 544//301 545//301 512//301
f 512//302 545//302 546//302
f 512//303 546//303 514//303
f 514//304 546//304 547//304
f 514//305 547//305 542//305
f 544//306 512//306 548//306
f 548//307 512//307 510//307
f 548//308 510//308 549//308
f 549//309 510//309 508//309
f 549//310 508//310 550//310
f 551//311 552//311 553//311
f 553//311 552//311 554//311
f 553//312 554//312 555//312
f 555//312 554//312 556//312
f 555//311 556//311 557//311
f 557//311 556//311 558//311
f 557//311 558//311 559//311
f 559//311 558//311 560//311
f 559//311 560//311 561//311
f 561//312 560//312 562//312
f 561//312 562//312 563//312
f 563//311 562//311 564//311
f 563//311 564//311 565//311
f 565//311 564//311 566//311
f 565//311 566//311 567//311
f 567//311 566//311 568//311
f 567//312 568//312 569//312
f 569//312 568//312 570//312
f 569//311 570//311 571//311
f 571//312 570//312 572//312
f 571//311 572//311 573//311
f 573//311 572//311 574//311
f 573//311 574//311 575//311
f 575//311 574//311 576//311
f 575//312 576//312 577//312
f 577//312 576//312 578//312
f 577//311 578//311 551//311
f 551//311 578//311 552//311
f 579//313 565//313 580//313
f 580//314 565//314 567//314
f 581//315 582//315 569//315
f 569//316 582//316 583//316
f 569//317 583//317 567//317
f 567//318 583//318 584//318
f 567//319 584//319 580//319
f 581//320 569//320 585//320
f 585//321 569//321 571//321
f 585//322 571//322 586//322
f 586//323 571//323 573//323
f 586//324 573//324 587//324
f 587//325 573//325 588//325
f 588//326 573//326 575//326
f 588//327 575//327 589//327
f 589//328 575//328 590//328
f 590//329 575//329 577//329
f 590//330 577//330 591//330
f 591//331 577//331 551//331
f 591//332 551//332 592//332
f 593//333 552//333 594//333
f 594//334 552//334 578//334
f 594//335 578//335 595//335
f 595//336 578//336 576//336
f 595//337 576//337 596//337
f 596//338 576//338 597//338
f 597//339 576//339 574//339
f 597//340 574//340 598//340
f 598//341 574//341 599//341
f 599//342 574//342 572//342
f 599//343 572//343 600//343
f 600//344 572//344 601//344
f 601//345 572//345 570//345
f 601//346 570//346 602//346
f 602//347 570//347 603//347
f 603//348 570//348 568//348
f 603//349 568//349 604//349
f 566//350 605//350 568//350
f 568//351 605//351 606//351
f 568//352 606//352 604//352
f 607//353 608//353 609//353
f 609//353 608//353 610//353
f 609//354 610//354 611//354
f 611//354 610//354 612//354
f 611//353 612//353 613//353
f 613//354 612//354 614//354
f 613//353 614//353 615//353
f 615//353 614//353 616//353
f 615//353 616//353 617//353
f 617//353 616//353 618//353
f 617//354 618//354 619//354
f 619//354 618//354 620//354
f 619//353 620//353 621//353
f 621//353 620//353 622//353
f 621//353 622//353 623//353
f 623//353 622//353 624//353
f 623//354 624//354 625//354
f 625//354 624//354 626//354
f 625//353 626//353 627//353
f 627//353 626//353 628//353
f 627//353 628//353 629//353
f 629//353 628//353 630//353
f 629//353 630//353 631//353
f 631//354 630//354 632//354
f 631//354 632//354 633//354
f 633//353 632//353 634//353
f 633//353 634//353 607//353
f 607//353 634//353 608//353
f 635//355 636//355 625//355
f 637//356 621//356 638//356
f 638//357 621//357 623//357
f 636//358 639//358 625//358
f 625//359 639//359 640//359
f 625//360 640//360 623//360
f 623//361 640//361 641//361
f 623//362 641//362 638//362
f 635//363 625//363 642//363
f 642//364 625//364 627//364
f 642//365 627//365 643//365
f 643//366 627//366 629//366
f 643//367 629//367 644//367
f 644//368 629//368 645//368
f 645//369 629//369 631//369
f 645//370 631//370 646//370
f 646//371 631//371 647//371
f 647//372 631//372 633//372
f 647//373 633//373 648//373
f 648//374 633//374 607//374
f 648//375 607//375 649//375
f 650//376 608//376 651//376
f 651//377 608//377 634//377
f 651//378 634//378 652//378
f 652//379 634//379 632//379
f 653//380 654//380 630//380
f 630//381 654//381 655//381
f 630//382 655//382 632//382
f 632//383 655//383 656//383
f 632//384 656//384 652//384
f 653//385 630//385 657//385
f 657//386 630//386 628//386
f 657//387 628//387 658//387
f 658//388 628//388 659//388
f 659//389 628//389 626//389
f 659//390 626//390 660//390
f 660//391 626//391 624//391
f 660//392 624//392 661//392
f 622//393 662//393 624//393
f 624//394 662//394 663//394
f 624//395 663//395 661//395
f 664//153 665//153 666//153
f 666//153 665//153 667//153
f 666//153 667//153 668//153
f 668//153 667//153 669//153
f 668//153 669//153 670//153
f 670//153 669//153 671//153
f 670//153 671//153 672//153
f 672//153 671//153 673//153
f 672//153 673//153 674//153
f 674//153 673//153 675//153
f 674//153 675//153 676//153
f 676//153 675//153 677//153
f 676//153 677//153 678//153
f 678//153 677//153 679//153
f 678//153 679//153 680//153
f 680//153 679//153 681//153
f 680//153 681//153 682//153
f 682//153 681//153 683//153
f 682//153 683//153 684//153
f 684//153 683//153 685//153
f 684//153 685//153 686//153
f 686//153 685//153 687//153
f 686//153 687//153 688//153
f 688//153 687//153 689//153
f 688//153 689//153 690//153
f 690//153 689//153 691//153
f 690//153 691//153 664//153
f 664//153 691//153 665//153
f 692//396 664//396 693//396
f 693//397 664//397 666//397
f 693//398 666//398 694//398
f 694//399 666//399 668//399
f 695//400 696//400 670//400
f 670//401 696//401 697//401
f 670//402 697//402 668//402
f 668//403 697//403 698//403
f 668//404 698//404 694//404
f 695//405 670//405 699//405
f 699//406 670//406 672//406
f 699//407 672//407 700//407
f 700//408 672//408 701//408
f 701//409 672//409 674//409
f 701//410 674//410 702//410
f 702//411 674//411 703//411
f 703//412 674//412 676//412
f 703//413 676//413 704//413
f 704//414 676//414 678//414
f 704//415 678//415 705//415
f 706//416 679//416 677//416
f 707//417 708//417 675//417
f 675//418 708//418 709//418
f 675//419 709//419 677//419
f 677//420 709//420 710//420
f 677//421 710//421 706//421
f 707//422 675//422 711//422
f 711//423 675//423 673//423
f 711//424 673//424 712//424
f 671//425 713//425 673//425
f 673//426 713//426 714//426
f 673//427 714//427 712//427
f 715//428 716//428 669//428
f 669//429 716//429 717//429
f 669//430 717//430 671//430
f 671//431 717//431 718//431
f 671//432 718//432 713//432
f 715//433 669//433 719//433
f 719//434 669//434 667//434
f 719//435 667//435 720//435
f 720//436 667//436 665//436
f 720//437 665//437 721//437
f 188//438 190//438 484//438
f 484//438 190//438 195//438
f 485//438 484//438 722//438
f 722//438 484//438 195//438
f 722//438 195//438 723//438
f 723//438 195//438 193//438
f 181//153 179//153 182//153
f 182//153 179//153 482//153
f 724//153 183//153 725//153
f 725//153 183//153 182//153
f 725//153 182//153 483//153
f 483//153 182//153 482//153
f 329//439 726//439 727//439
f 728//439 729//439 357//439
f 357//439 729//439 329//439
f 357//439 329//439 730//439
f 730//439 329//439 727//439
f 245//439 247//439 726//439
f 726//439 247//439 249//439
f 726//439 249//439 731//439
f 731//439 249//439 251//439
f 731//439 251//439 732//439
f 732//439 251//439 253//439
f 732//439 253//439 362//439
f 726//439 329//439 245//439
f 245//439 329//439 733//439
f 245//439 733//439 243//439
f 734//439 735//439 395//439
f 736//439 737//439 729//439
f 738//439 739//439 740//439
f 740//439 739//439 741//439
f 740//439 741//439 742//439
f 742//439 741//439 743//439
f 395//439 735//439 744//439
f 744//439 735//439 745//439
f 744//439 745//439 746//439
f 746//439 745//439 747//439
f 746//439 747//439 743//439
f 743//439 747//439 748//439
f 743//439 748//439 742//439
f 749//439 263//439 750//439
f 751//439 227//439 323//439
f 323//439 227//439 229//439
f 323//439 229//439 752//439
f 752//439 229//439 231//439
f 752//439 231//439 753//439
f 753//439 231//439 233//439
f 753//439 233//439 754//439
f 755//439 756//439 757//439
f 758//439 759//439 760//439
f 760//439 759//439 761//439
f 760//439 761//439 762//439
f 762//439 761//439 763//439
f 762//439 763//439 764//439
f 764//439 763//439 765//439
f 764//439 765//439 290//439
f 253//439 255//439 362//439
f 362//439 255//439 257//439
f 362//439 257//439 766//439
f 766//439 257//439 259//439
f 766//439 259//439 749//439
f 749//439 259//439 261//439
f 749//439 261//439 263//439
f 767//439 768//439 734//439
f 734//439 768//439 749//439
f 734//439 749//439 769//439
f 769//439 749//439 750//439
f 233//439 235//439 754//439
f 754//439 235//439 237//439
f 754//439 237//439 770//439
f 770//439 237//439 239//439
f 770//439 239//439 733//439
f 733//439 239//439 241//439
f 733//439 241//439 243//439
f 757//439 220//439 755//439
f 755//439 220//439 223//439
f 755//439 223//439 751//439
f 751//439 223//439 225//439
f 751//439 225//439 227//439
f 395//439 771//439 734//439
f 734//439 771//439 772//439
f 734//439 772//439 773//439
f 738//439 774//439 739//439
f 739//439 774//439 758//439
f 739//439 758//439 389//439
f 389//439 758//439 760//439
f 389//439 760//439 775//439
f 728//439 767//439 729//439
f 729//439 767//439 734//439
f 729//439 734//439 736//439
f 736//439 734//439 773//439
f 736//439 773//439 296//439
f 296//439 773//439 776//439
f 296//439 776//439 777//439
f 777//439 776//439 775//439
f 777//439 775//439 778//439
f 778//439 775//439 760//439
f 765//439 779//439 290//439
f 290//439 779//439 780//439
f 290//439 780//439 781//439
f 781//439 780//439 756//439
f 781//439 756//439 782//439
f 782//439 756//439 755//439
f 782//439 755//439 783//439
f 783//439 755//439 784//439
f 783//439 784//439 737//439
f 737//439 784//439 785//439
f 737//439 785//439 729//439
f 786//118 787//118 788//118
f 182//118 185//118 181//118
f 181//118 185//118 187//118
f 788//118 787//118 789//118
f 789//118 787//118 790//118
f 789//118 790//118 121//118
f 121//118 790//118 122//118
f 121//118 122//118 120//118
f 120//118 122//118 125//118
f 120//118 125//118 127//118
f 788//118 791//118 786//118
f 786//118 791//118 792//118
f 786//118 792//118 793//118
f 793//118 792//118 794//118
f 793//118 794//118 795//118
f 795//118 794//118 796//118
f 795//118 796//118 797//118
f 797//118 796//118 798//118
f 797//118 798//118 187//118
f 187//118 798//118 180//118
f 187//118 180//118 181//118
f 131//118 134//118 135//118
f 201//118 202//118 799//118
f 201//118 799//118 135//118
f 135//118 799//118 130//118
f 135//118 130//118 131//118
f 138//440 139//440 194//440
f 194//440 139//440 192//440
f 198//441 199//441 800//441
f 800//441 199//441 801//441
f 800//442 801//442 802//442
f 802//442 801//442 803//442
f 802//443 803//443 804//443
f 804//443 803//443 805//443
f 804//444 805//444 806//444
f 806//444 805//444 807//444
f 806//445 807//445 808//445
f 808//445 807//445 809//445
f 808//446 809//446 810//446
f 810//446 809//446 811//446
f 810//447 811//447 812//447
f 812//447 811//447 813//447
f 812//448 813//448 814//448
f 814//448 813//448 815//448
f 814//449 815//449 816//449
f 816//449 815//449 817//449
f 816//450 817//450 818//450
f 818//450 817//450 819//450
f 820//451 723//451 821//451
f 487//452 485//452 822//452
f 822//453 485//453 820//453
f 112//454 111//454 117//454
f 117//455 111//455 823//455
f 117//456 823//456 116//456
f 820//457 821//457 822//457
f 822//458 821//458 823//458
f 822//458 823//458 824//458
f 824//459 823//459 111//459
f 824//460 111//460 110//460
f 825//461 66//461 826//461
f 827//462 68//462 67//462
f 827//463 67//463 826//463
f 826//464 67//464 63//464
f 826//465 63//465 825//465
f 7//466 828//466 829//466
f 829//467 828//467 830//467
f 829//468 830//468 2//468
f 2//469 830//469 831//469
f 831//470 830//470 832//470
f 831//471 832//471 833//471
f 832//472 834//472 833//472
f 833//473 834//473 835//473
f 833//474 835//474 836//474
f 835//475 837//475 836//475
f 836//476 837//476 838//476
f 836//477 838//477 839//477
f 838//478 840//478 839//478
f 839//479 840//479 841//479
f 839//480 841//480 842//480
f 841//481 843//481 842//481
f 842//482 843//482 844//482
f 842//483 844//483 845//483
f 844//484 846//484 845//484
f 845//485 846//485 847//485
f 845//486 847//486 848//486
f 847//487 849//487 848//487
f 848//488 849//488 850//488
f 848//489 850//489 851//489
f 850//490 852//490 851//490
f 851//491 852//491 853//491
f 851//492 853//492 854//492
f 853//493 855//493 854//493
f 854//494 855//494 856//494
f 854//495 856//495 857//495
f 856//496 858//496 857//496
f 857//497 858//497 859//497
f 857//497 859//497 860//497
f 860//498 859//498 861//498
f 860//499 861//499 862//499
f 861//500 863//500 862//500
f 862//501 863//501 864//501
f 862//502 864//502 865//502
f 864//503 866//503 865//503
f 865//504 866//504 867//504
f 865//505 867//505 868//505
f 867//506 869//506 868//506
f 868//507 869//507 870//507
f 868//508 870//508 871//508
f 870//509 872//509 871//509
f 871//510 872//510 873//510
f 871//511 873//511 874//511
f 873//512 875//512 874//512
f 874//513 875//513 876//513
f 874//514 876//514 877//514
f 876//515 878//515 877//515
f 877//516 878//516 879//516
f 877//517 879//517 880//517
f 879//518 881//518 880//518
f 880//519 881//519 882//519
f 880//520 882//520 826//520
f 826//521 882//521 883//521
f 826//522 883//522 827//522
f 139//118 114//118 192//118
f 192//118 114//118 113//118
f 113//118 116//118 192//118
f 192//118 116//118 823//118
f 192//118 823//118 193//118
f 193//118 823//118 821//118
f 193//118 821//118 723//118
f 4//118 2//118 831//118
f 801//118 199//118 5//118
f 64//118 144//118 65//118
f 65//118 144//118 884//118
f 65//118 884//118 66//118
f 5//118 4//118 801//118
f 801//118 4//118 831//118
f 801//118 831//118 803//118
f 803//118 831//118 833//118
f 803//118 833//118 805//118
f 805//118 833//118 836//118
f 805//118 836//118 807//118
f 807//118 836//118 839//118
f 807//118 839//118 809//118
f 809//118 839//118 842//118
f 809//118 842//118 811//118
f 811//118 842//118 845//118
f 811//118 845//118 813//118
f 813//118 845//118 848//118
f 813//118 848//118 815//118
f 815//118 848//118 851//118
f 815//118 851//118 817//118
f 817//118 851//118 854//118
f 817//118 854//118 819//118
f 819//118 854//118 857//118
f 819//118 857//118 885//118
f 885//118 857//118 860//118
f 885//118 860//118 886//118
f 886//118 860//118 862//118
f 886//118 862//118 887//118
f 887//118 862//118 865//118
f 887//118 865//118 888//118
f 888//118 865//118 868//118
f 888//118 868//118 889//118
f 889//118 868//118 871//118
f 889//118 871//118 890//118
f 890//118 871//118 874//118
f 890//118 874//118 891//118
f 891//118 874//118 877//118
f 891//118 877//118 892//118
f 892//118 877//118 880//118
f 892//118 880//118 884//118
f 884//118 880//118 826//118
f 884//118 826//118 66//118
f 168//523 166//523 893//523
f 713//524 856//524 855//524
f 894//525 895//525 224//525
f 224//526 895//526 896//526
f 896//527 897//527 224//527
f 224//528 897//528 898//528
f 224//529 898//529 899//529
f 707//530 711//530 855//530
f 706//531 710//531 853//531
f 853//532 710//532 709//532
f 853//533 709//533 855//533
f 855//534 709//534 708//534
f 855//535 708//535 707//535
f 711//536 712//536 855//536
f 855//537 712//537 714//537
f 855//538 714//538 713//538
f 224//539 222//539 894//539
f 894//540 222//540 221//540
f 894//541 221//541 900//541
f 260//542 901//542 262//542
f 262//543 901//543 902//543
f 547//544 546//544 903//544
f 903//545 546//545 545//545
f 903//546 545//546 544//546
f 544//547 548//547 903//547
f 903//548 548//548 549//548
f 903//549 549//549 550//549
f 904//550 905//550 258//550
f 258//551 905//551 906//551
f 906//552 907//552 258//552
f 258//553 907//553 908//553
f 258//554 908//554 260//554
f 260//555 908//555 909//555
f 260//556 909//556 901//556
f 903//557 910//557 547//557
f 547//558 910//558 911//558
f 547//559 911//559 542//559
f 168//560 252//560 173//560
f 173//561 252//561 250//561
f 173//562 250//562 163//562
f 163//563 250//563 248//563
f 44//564 246//564 49//564
f 49//565 246//565 244//565
f 49//566 244//566 48//566
f 48//567 244//567 46//567
f 44//568 41//568 246//568
f 246//569 41//569 39//569
f 246//570 39//570 36//570
f 52//571 54//571 32//571
f 32//572 54//572 912//572
f 32//573 912//573 34//573
f 34//574 912//574 36//574
f 28//575 15//575 242//575
f 242//576 15//576 13//576
f 242//577 13//577 244//577
f 244//578 13//578 29//578
f 244//579 29//579 46//579
f 7//580 6//580 828//581
f 828//582 6//582 11//582
f 17//583 19//583 240//583
f 240//584 19//584 21//584
f 21//585 23//585 240//585
f 240//586 23//586 25//586
f 240//587 25//587 242//587
f 242//588 25//588 27//588
f 242//589 27//589 28//589
f 835//590 604//590 606//590
f 605//591 913//591 236//591
f 236//592 913//592 914//592
f 915//593 238//593 916//593
f 916//594 238//594 236//594
f 916//595 236//595 917//595
f 917//596 236//596 914//596
f 593//597 594//597 828//597
f 915//598 918//598 238//598
f 238//599 918//599 919//599
f 238//600 919//600 240//600
f 240//601 919//601 920//601
f 240//602 920//602 921//602
f 921//603 922//603 240//603
f 240//604 922//604 923//604
f 240//605 923//605 924//605
f 11//606 17//606 828//606
f 828//607 17//607 240//607
f 828//608 240//608 593//608
f 593//609 240//609 924//609
f 594//610 595//610 828//610
f 828//611 595//611 596//611
f 828//612 596//612 830//612
f 599//613 832//613 598//613
f 598//614 832//614 830//614
f 598//615 830//615 597//615
f 597//616 830//616 596//616
f 599//617 600//617 832//617
f 832//618 600//618 601//618
f 832//619 601//619 834//619
f 834//620 601//620 602//620
f 834//621 602//621 835//621
f 835//622 602//622 603//622
f 835//623 603//623 604//623
f 168//523 893//523 252//523
f 252//624 893//624 925//624
f 252//624 925//624 254//624
f 254//625 925//625 926//625
f 254//625 926//625 256//625
f 256//626 926//626 903//626
f 256//626 903//626 258//626
f 258//627 903//627 550//627
f 258//628 550//628 904//628
f 36//629 912//629 246//629
f 246//630 912//630 927//630
f 246//630 927//630 248//630
f 248//631 927//631 161//631
f 248//631 161//631 163//631
f 606//632 605//632 835//632
f 835//633 605//633 236//633
f 835//634 236//634 837//634
f 837//635 236//635 234//635
f 837//636 234//636 838//636
f 838//637 234//637 840//637
f 840//638 234//638 232//638
f 840//639 232//639 841//639
f 841//640 232//640 843//640
f 843//641 232//641 230//641
f 843//642 230//642 844//642
f 844//643 230//643 846//643
f 846//644 230//644 228//644
f 846//645 228//645 847//645
f 847//646 228//646 849//646
f 849//647 228//647 226//647
f 849//648 226//648 850//648
f 850//649 226//649 852//649
f 852//650 226//650 224//650
f 852//651 224//651 853//651
f 853//652 224//652 899//652
f 853//653 899//653 706//653
f 195//118 190//118 194//118
f 194//118 190//118 191//118
f 194//118 191//118 138//118
f 138//118 191//118 928//118
f 138//118 928//118 136//118
f 929//118 196//118 198//118
f 930//118 931//118 932//118
f 932//118 931//118 933//118
f 932//118 933//118 934//118
f 934//118 933//118 935//118
f 934//118 935//118 936//118
f 936//118 935//118 937//118
f 936//118 937//118 938//118
f 938//118 937//118 939//118
f 938//118 939//118 940//118
f 940//118 939//118 941//118
f 940//118 941//118 942//118
f 942//118 941//118 141//118
f 942//118 141//118 142//118
f 943//118 818//118 944//118
f 944//118 818//118 945//118
f 944//118 945//118 946//118
f 946//118 945//118 947//118
f 946//118 947//118 930//118
f 930//118 947//118 948//118
f 930//118 948//118 931//118
f 929//118 198//118 949//118
f 949//118 198//118 800//118
f 949//118 800//118 950//118
f 950//118 800//118 802//118
f 950//118 802//118 951//118
f 802//118 804//118 951//118
f 951//118 804//118 806//118
f 951//118 806//118 952//118
f 952//118 806//118 808//118
f 952//118 808//118 953//118
f 953//118 808//118 810//118
f 953//118 810//118 954//118
f 954//118 810//118 812//118
f 954//118 812//118 955//118
f 955//118 812//118 814//118
f 955//118 814//118 956//118
f 956//118 814//118 816//118
f 956//118 816//118 957//118
f 957//118 816//118 818//118
f 957//118 818//118 958//118
f 958//118 818//118 943//118
f 178//654 180//654 798//654
f 529//655 530//655 794//655
f 959//656 960//656 449//656
f 695//657 958//657 696//657
f 696//658 958//658 943//658
f 961//659 962//659 403//659
f 449//660 960//660 403//660
f 403//661 960//661 963//661
f 403//662 963//662 961//662
f 692//663 693//663 944//663
f 693//664 694//664 944//664
f 944//665 694//665 698//665
f 944//666 698//666 943//666
f 943//667 698//667 697//667
f 943//668 697//668 696//668
f 472//669 964//669 449//669
f 449//670 964//670 965//670
f 449//671 965//671 959//671
f 966//672 445//672 967//672
f 967//673 445//673 430//673
f 532//674 533//674 796//674
f 794//675 530//675 796//675
f 796//676 530//676 531//676
f 796//677 531//677 532//677
f 534//678 968//678 431//678
f 968//679 969//679 431//679
f 431//680 969//680 970//680
f 431//681 970//681 430//681
f 430//682 970//682 971//682
f 430//683 971//683 967//683
f 792//684 524//684 794//684
f 794//685 524//685 528//685
f 794//686 528//686 529//686
f 928//687 191//687 473//687
f 473//687 191//687 189//687
f 473//688 189//688 474//688
f 474//689 189//689 489//689
f 474//690 489//690 440//690
f 440//690 489//690 492//690
f 440//691 492//691 433//691
f 433//691 492//691 491//691
f 433//692 491//692 434//692
f 434//692 491//692 490//692
f 434//693 490//693 432//693
f 149//694 473//694 145//694
f 145//695 473//695 479//695
f 145//696 479//696 146//696
f 146//697 479//697 147//697
f 149//698 148//698 473//698
f 473//699 148//699 150//699
f 473//700 150//700 151//700
f 151//701 152//701 473//701
f 473//702 152//702 153//702
f 473//703 153//703 928//703
f 928//704 153//704 137//704
f 928//705 137//705 136//705
f 142//706 140//706 942//706
f 942//707 140//707 154//707
f 942//708 154//708 972//708
f 154//709 155//709 972//709
f 972//710 155//710 156//710
f 972//711 156//711 158//711
f 158//712 159//712 972//712
f 972//713 159//713 160//713
f 972//714 160//714 479//714
f 479//715 160//715 157//715
f 479//716 157//716 147//716
f 636//717 635//717 940//717
f 635//718 642//718 940//718
f 940//719 642//719 643//719
f 940//720 643//720 938//720
f 938//721 643//721 644//721
f 938//722 644//722 645//722
f 645//723 646//723 938//723
f 938//724 646//724 647//724
f 938//725 647//725 648//725
f 649//726 973//726 476//726
f 973//727 974//727 476//727
f 476//728 974//728 975//728
f 476//729 975//729 976//729
f 977//730 978//730 477//730
f 976//731 979//731 476//731
f 476//732 979//732 980//732
f 476//733 980//733 477//733
f 477//734 980//734 981//734
f 477//735 981//735 977//735
f 978//736 982//736 477//736
f 477//737 982//737 983//737
f 477//738 983//738 972//738
f 983//739 984//739 972//739
f 972//740 984//740 637//740
f 972//741 637//741 942//741
f 942//742 637//742 638//742
f 638//743 641//743 942//743
f 942//744 641//744 640//744
f 942//745 640//745 940//745
f 940//746 640//746 639//746
f 940//747 639//747 636//747
f 533//748 534//748 796//748
f 796//749 534//749 431//749
f 796//750 431//750 798//750
f 798//750 431//750 432//750
f 798//654 432//654 178//654
f 178//751 432//751 490//751
f 648//752 649//752 938//752
f 938//753 649//753 476//753
f 938//754 476//754 936//754
f 936//754 476//754 475//754
f 936//755 475//755 934//755
f 934//755 475//755 408//755
f 934//756 408//756 932//756
f 932//756 408//756 441//756
f 932//757 441//757 930//757
f 930//757 441//757 400//757
f 930//758 400//758 946//758
f 946//758 400//758 401//758
f 946//759 401//759 944//759
f 944//759 401//759 403//759
f 944//760 403//760 692//760
f 692//761 403//761 962//761
f 187//762 186//762 797//762
f 797//762 186//762 985//762
f 797//763 985//763 795//763
f 795//763 985//763 986//763
f 795//764 986//764 793//764
f 793//764 986//764 987//764
f 793//153 987//153 786//153
f 786//153 987//153 988//153
f 786//765 988//765 787//765
f 787//765 988//765 989//765
f 787//766 989//766 790//766
f 790//766 989//766 990//766
f 790//767 990//767 122//767
f 122//767 990//767 123//767
f 135//768 133//768 201//768
f 201//768 133//768 204//768
f 483//769 481//769 991//769
f 991//770 481//770 992//770
f 991//771 992//771 724//771
f 724//772 992//772 993//772
f 724//773 993//773 994//773
f 994//774 993//774 995//774
f 994//774 995//774 996//774
f 996//775 995//775 997//775
f 996//775 997//775 998//775
f 998//776 997//776 999//776
f 998//777 999//777 1000//777
f 1000//778 999//778 911//778
f 1000//779 911//779 1001//779
f 55//780 58//780 1002//780
f 162//781 161//781 1003//781
f 1003//782 161//782 927//782
f 912//783 54//783 55//783
f 55//784 1002//784 912//784
f 912//785 1002//785 1004//785
f 912//785 1004//785 927//785
f 927//786 1004//786 176//786
f 927//787 176//787 1003//787
f 1005//118 175//118 126//118
f 186//118 184//118 994//118
f 994//118 184//118 183//118
f 994//118 183//118 724//118
f 186//118 994//118 985//118
f 985//118 994//118 996//118
f 985//118 996//118 986//118
f 986//118 996//118 998//118
f 986//118 998//118 987//118
f 126//118 124//118 1005//118
f 1005//118 124//118 123//118
f 1005//118 123//118 1006//118
f 1006//118 123//118 990//118
f 1006//118 990//118 1007//118
f 1007//118 990//118 989//118
f 1007//118 989//118 1008//118
f 1008//118 989//118 988//118
f 1008//118 988//118 1001//118
f 1001//118 988//118 987//118
f 1001//118 987//118 1000//118
f 1000//118 987//118 998//118
f 56//118 204//118 57//118
f 57//118 204//118 133//118
f 58//118 57//118 1002//118
f 1002//118 57//118 133//118
f 1002//118 133//118 1004//118
f 1004//118 133//118 132//118
f 1004//118 132//118 176//118
f 925//788 893//788 175//788
f 166//789 165//789 893//789
f 893//790 165//790 1009//790
f 893//791 1009//791 175//791
f 175//792 1005//792 925//792
f 925//793 1005//793 1006//793
f 925//793 1006//793 926//793
f 926//794 1006//794 1007//794
f 926//794 1007//794 903//794
f 903//795 1007//795 1008//795
f 903//796 1008//796 910//796
f 910//797 1008//797 1001//797
f 910//798 1001//798 911//798
f 700//799 701//799 957//799
f 1010//800 1011//800 446//800
f 197//801 196//801 929//801
f 212//802 213//802 453//802
f 453//803 213//803 214//803
f 453//804 214//804 1012//804
f 1012//805 214//805 215//805
f 1012//806 215//806 216//806
f 216//807 217//807 1012//807
f 1012//808 217//808 219//808
f 1012//809 219//809 218//809
f 197//810 929//810 218//810
f 207//811 208//811 451//811
f 202//812 200//812 799//812
f 799//813 200//813 205//813
f 799//814 205//814 451//814
f 451//815 205//815 206//815
f 451//816 206//816 207//816
f 208//817 209//817 451//817
f 451//818 209//818 211//818
f 451//819 211//819 453//819
f 453//820 211//820 210//820
f 453//821 210//821 212//821
f 130//822 799//822 128//822
f 128//822 799//822 451//822
f 128//823 451//823 169//823
f 169//824 451//824 443//824
f 169//825 443//825 170//825
f 170//825 443//825 442//825
f 170//826 442//826 171//826
f 171//826 442//826 428//826
f 171//827 428//827 172//827
f 172//827 428//827 427//827
f 172//828 427//828 119//828
f 119//829 427//829 436//829
f 119//830 436//830 121//830
f 524//831 792//831 525//831
f 525//832 792//832 791//832
f 1013//833 1014//833 437//833
f 446//834 1011//834 437//834
f 437//835 1011//835 1015//835
f 437//836 1015//836 1013//836
f 521//837 522//837 788//837
f 522//838 523//838 788//838
f 788//839 523//839 527//839
f 788//840 527//840 791//840
f 791//841 527//841 526//841
f 791//842 526//842 525//842
f 445//843 966//843 446//843
f 446//844 966//844 1016//844
f 446//845 1016//845 1010//845
f 964//846 472//846 1017//846
f 1017//847 472//847 471//847
f 703//848 704//848 956//848
f 957//849 701//849 956//849
f 956//850 701//850 702//850
f 956//851 702//851 703//851
f 705//852 1018//852 470//852
f 1018//853 1019//853 470//853
f 470//854 1019//854 1020//854
f 470//855 1020//855 471//855
f 471//856 1020//856 1021//856
f 471//857 1021//857 1017//857
f 958//858 695//858 957//858
f 957//859 695//859 699//859
f 957//860 699//860 700//860
f 218//861 929//861 1012//861
f 1012//862 929//862 592//862
f 1012//863 592//863 1022//863
f 1023//864 1024//864 456//864
f 1022//865 1025//865 1012//865
f 1012//866 1025//866 1026//866
f 1012//867 1026//867 456//867
f 456//868 1026//868 1027//868
f 456//869 1027//869 1023//869
f 1024//870 1028//870 456//870
f 456//871 1028//871 1029//871
f 456//872 1029//872 413//872
f 413//873 1029//873 1030//873
f 413//874 1030//874 1031//874
f 1031//875 1032//875 413//875
f 413//876 1032//876 1033//876
f 413//877 1033//877 1034//877
f 579//878 580//878 950//878
f 580//879 584//879 950//879
f 950//880 584//880 583//880
f 950//881 583//881 582//881
f 587//882 588//882 949//882
f 582//883 581//883 950//883
f 950//884 581//884 585//884
f 950//885 585//885 949//885
f 949//886 585//886 586//886
f 949//887 586//887 587//887
f 588//888 589//888 949//888
f 949//889 589//889 590//889
f 949//890 590//890 929//890
f 929//891 590//891 591//891
f 929//892 591//892 592//892
f 704//893 705//893 956//893
f 956//894 705//894 470//894
f 956//895 470//895 955//895
f 955//895 470//895 469//895
f 955//896 469//896 954//896
f 954//896 469//896 398//896
f 954//897 398//897 953//897
f 953//897 398//897 411//897
f 953//898 411//898 952//898
f 952//898 411//898 416//898
f 952//899 416//899 951//899
f 951//899 416//899 415//899
f 951//900 415//900 950//900
f 950//900 415//900 413//900
f 950//901 413//901 579//901
f 579//902 413//902 1034//902
f 1014//903 521//903 437//903
f 437//904 521//904 788//904
f 437//905 788//905 436//905
f 436//905 788//905 789//905
f 436//830 789//830 121//830
f 1035//906 86//906 84//906
f 82//907 80//907 827//907
f 827//908 80//908 69//908
f 827//909 69//909 68//909
f 106//910 107//910 1036//910
f 1036//911 107//911 88//911
f 1036//912 88//912 1037//912
f 1037//913 88//913 71//913
f 1037//914 71//914 73//914
f 73//915 75//915 1037//915
f 1037//916 75//916 77//916
f 1037//917 77//917 1035//917
f 1035//918 77//918 87//918
f 1035//919 87//919 86//919
f 95//920 97//920 1038//920
f 93//921 824//921 91//921
f 91//922 824//922 110//922
f 95//923 1038//923 93//923
f 97//924 99//924 1038//924
f 1038//925 99//925 102//925
f 1038//926 102//926 1036//926
f 1036//927 102//927 104//927
f 1036//928 104//928 106//928
f 992//929 481//929 480//929
f 999//930 543//930 911//930
f 911//931 543//931 542//931
f 1039//932 1040//932 1041//932
f 1041//933 1040//933 1042//933
f 1042//934 1043//934 1041//934
f 1041//935 1043//935 1044//935
f 1041//936 1044//936 1045//936
f 535//937 539//937 997//937
f 997//938 539//938 538//938
f 997//939 538//939 537//939
f 537//940 536//940 997//940
f 997//941 536//941 540//941
f 997//942 540//942 999//942
f 999//943 540//943 541//943
f 999//944 541//944 543//944
f 1041//945 1046//945 1039//945
f 1039//946 1046//946 262//946
f 1039//947 262//947 902//947
f 1047//948 1048//948 221//948
f 221//949 1048//949 900//949
f 859//950 718//950 717//950
f 717//951 716//951 859//951
f 859//952 716//952 715//952
f 859//953 715//953 861//953
f 861//954 715//954 719//954
f 861//955 719//955 720//955
f 721//956 1049//956 1050//956
f 1050//957 1049//957 1051//957
f 1050//958 1051//958 1052//958
f 1052//959 1053//959 1050//959
f 1050//960 1053//960 1054//960
f 1050//961 1054//961 1047//961
f 1047//962 1054//962 1055//962
f 1047//963 1055//963 1048//963
f 718//964 859//964 713//964
f 713//965 859//965 858//965
f 713//966 858//966 856//966
f 653//967 657//967 882//967
f 882//968 657//968 883//968
f 657//969 658//969 883//969
f 883//970 658//970 659//970
f 883//971 659//971 827//971
f 659//972 660//972 827//972
f 827//973 660//973 661//973
f 827//974 661//974 663//974
f 663//975 662//975 827//975
f 827//976 662//976 1035//976
f 827//977 1035//977 82//977
f 82//978 1035//978 84//978
f 662//979 1056//979 1035//979
f 1035//980 1056//980 1057//980
f 1035//981 1057//981 1058//981
f 1058//982 1059//982 1035//982
f 1035//983 1059//983 1060//983
f 1035//984 1060//984 1061//984
f 1061//985 1060//985 1062//985
f 650//986 651//986 879//986
f 1062//987 1063//987 1061//987
f 1061//988 1063//988 1064//988
f 1061//989 1064//989 1065//989
f 1065//990 1064//990 1066//990
f 1066//991 1067//991 1065//991
f 1065//992 1067//992 1068//992
f 1065//993 1068//993 1069//993
f 651//994 652//994 879//994
f 879//995 652//995 656//995
f 879//996 656//996 881//996
f 881//997 656//997 655//997
f 881//998 655//998 882//998
f 882//999 655//999 654//999
f 882//1000 654//1000 653//1000
f 720//1001 721//1001 861//1001
f 861//1002 721//1002 1050//1002
f 861//1003 1050//1003 863//1003
f 863//1004 1050//1004 1070//1004
f 863//1005 1070//1005 864//1005
f 864//1006 1070//1006 866//1006
f 866//1007 1070//1007 1071//1007
f 866//1008 1071//1008 867//1008
f 867//1009 1071//1009 869//1009
f 869//1010 1071//1010 1072//1010
f 869//1011 1072//1011 870//1011
f 870//1012 1072//1012 872//1012
f 872//1013 1072//1013 1073//1013
f 872//1014 1073//1014 873//1014
f 873//1015 1073//1015 875//1015
f 875//1016 1073//1016 1074//1016
f 875//1017 1074//1017 876//1017
f 876//1018 1074//1018 878//1018
f 878//1019 1074//1019 1065//1019
f 878//1020 1065//1020 879//1020
f 879//1021 1065//1021 1069//1021
f 879//1022 1069//1022 650//1022
f 93//1023 1038//1023 824//1023
f 824//1024 1038//1024 1075//1024
f 824//1024 1075//1024 822//1024
f 487//1025 822//1025 486//1025
f 486//1025 822//1025 1075//1025
f 486//1026 1075//1026 488//1026
f 488//1027 1075//1027 1076//1027
f 488//1028 1076//1028 480//1028
f 480//1029 1076//1029 1077//1029
f 480//929 1077//929 992//929
f 992//1030 1077//1030 1078//1030
f 992//1030 1078//1030 993//1030
f 993//1031 1078//1031 1079//1031
f 993//1031 1079//1031 995//1031
f 995//1032 1079//1032 1041//1032
f 995//1032 1041//1032 997//1032
f 997//1033 1041//1033 1045//1033
f 997//1034 1045//1034 535//1034
f 818//1035 819//1035 945//1035
f 945//1035 819//1035 885//1035
f 945//1036 885//1036 947//1036
f 947//1036 885//1036 886//1036
f 947//1037 886//1037 948//1037
f 948//1037 886//1037 887//1037
f 948//1038 887//1038 931//1038
f 931//1038 887//1038 888//1038
f 931//1039 888//1039 933//1039
f 933//1039 888//1039 889//1039
f 933//1040 889//1040 935//1040
f 935//1040 889//1040 890//1040
f 935//1041 890//1041 937//1041
f 937//1041 890//1041 891//1041
f 937//1042 891//1042 939//1042
f 939//1042 891//1042 892//1042
f 939//1043 892//1043 941//1043
f 941//1043 892//1043 884//1043
f 941//1044 884//1044 141//1044
f 141//1044 884//1044 144//1044
f 721//1045 665//1045 1049//1045
f 1049//1046 665//1046 691//1046
f 1049//1047 691//1047 1051//1047
f 1051//1048 691//1048 689//1048
f 1051//1049 689//1049 1052//1049
f 1052//1050 689//1050 1053//1050
f 1053//1051 689//1051 1054//1051
f 1054//1052 689//1052 687//1052
f 1054//1053 687//1053 1055//1053
f 685//1054 900//1054 687//1054
f 687//1055 900//1055 1048//1055
f 687//1056 1048//1056 1055//1056
f 897//1057 896//1057 683//1057
f 683//1058 896//1058 895//1058
f 683//1059 895//1059 685//1059
f 685//1060 895//1060 894//1060
f 685//1061 894//1061 900//1061
f 897//1062 683//1062 898//1062
f 898//1063 683//1063 681//1063
f 898//1064 681//1064 899//1064
f 899//1065 681//1065 679//1065
f 899//1066 679//1066 706//1066
f 964//1067 684//1067 965//1067
f 965//1068 684//1068 686//1068
f 965//1069 686//1069 959//1069
f 959//1070 686//1070 960//1070
f 960//1071 686//1071 688//1071
f 960//1072 688//1072 963//1072
f 963//1073 688//1073 961//1073
f 961//1074 688//1074 690//1074
f 961//1075 690//1075 962//1075
f 962//1076 690//1076 664//1076
f 962//1077 664//1077 692//1077
f 705//1078 678//1078 1018//1078
f 1018//1079 678//1079 680//1079
f 1018//1080 680//1080 1019//1080
f 1019//1081 680//1081 682//1081
f 964//1082 1017//1082 684//1082
f 684//1083 1017//1083 1021//1083
f 684//1084 1021//1084 682//1084
f 682//1085 1021//1085 1020//1085
f 682//1086 1020//1086 1019//1086
f 662//1087 622//1087 1056//1087
f 1056//1088 622//1088 620//1088
f 1056//1089 620//1089 1057//1089
f 1057//1090 620//1090 618//1090
f 1057//1091 618//1091 1058//1091
f 1058//1092 618//1092 1059//1092
f 1059//1093 618//1093 616//1093
f 1059//1094 616//1094 1060//1094
f 1060//1095 616//1095 1062//1095
f 1062//1096 616//1096 614//1096
f 1062//1097 614//1097 1063//1097
f 1063//1098 614//1098 1064//1098
f 1064//1099 614//1099 612//1099
f 1064//1100 612//1100 1066//1100
f 1066//1101 612//1101 1067//1101
f 1067//1102 612//1102 610//1102
f 1067//1103 610//1103 1068//1103
f 608//1104 650//1104 610//1104
f 610//1105 650//1105 1069//1105
f 610//1106 1069//1106 1068//1106
f 619//1107 621//1107 637//1107
f 649//1108 607//1108 973//1108
f 973//1109 607//1109 609//1109
f 973//1110 609//1110 974//1110
f 974//1111 609//1111 975//1111
f 975//1112 609//1112 611//1112
f 975//1113 611//1113 976//1113
f 615//1114 981//1114 613//1114
f 613//1115 981//1115 980//1115
f 613//1116 980//1116 611//1116
f 611//1117 980//1117 979//1117
f 611//1118 979//1118 976//1118
f 617//1119 978//1119 615//1119
f 615//1120 978//1120 977//1120
f 615//1121 977//1121 981//1121
f 637//1122 984//1122 619//1122
f 619//1123 984//1123 983//1123
f 619//1124 983//1124 617//1124
f 617//1125 983//1125 982//1125
f 617//1126 982//1126 978//1126
f 605//1127 566//1127 913//1127
f 913//1128 566//1128 564//1128
f 913//1129 564//1129 914//1129
f 914//1130 564//1130 562//1130
f 918//1131 915//1131 560//1131
f 560//1132 915//1132 916//1132
f 560//1133 916//1133 562//1133
f 562//1134 916//1134 917//1134
f 562//1135 917//1135 914//1135
f 918//1136 560//1136 919//1136
f 919//1137 560//1137 558//1137
f 919//1138 558//1138 920//1138
f 920//1139 558//1139 921//1139
f 921//1140 558//1140 556//1140
f 921//1141 556//1141 922//1141
f 922//1142 556//1142 554//1142
f 922//1143 554//1143 923//1143
f 552//1144 593//1144 554//1144
f 554//1145 593//1145 924//1145
f 554//1146 924//1146 923//1146
f 563//1147 565//1147 579//1147
f 592//1148 551//1148 1022//1148
f 1022//1149 551//1149 553//1149
f 1023//1150 1027//1150 555//1150
f 555//1151 1027//1151 1026//1151
f 555//1152 1026//1152 553//1152
f 553//1153 1026//1153 1025//1153
f 553//1154 1025//1154 1022//1154
f 559//1155 1029//1155 557//1155
f 557//1156 1029//1156 1028//1156
f 557//1157 1028//1157 555//1157
f 555//1158 1028//1158 1024//1158
f 555//1159 1024//1159 1023//1159
f 561//1160 1031//1160 559//1160
f 559//1161 1031//1161 1030//1161
f 559//1162 1030//1162 1029//1162
f 579//1163 1034//1163 563//1163
f 563//1164 1034//1164 1033//1164
f 563//1165 1033//1165 561//1165
f 561//1166 1033//1166 1032//1166
f 561//1167 1032//1167 1031//1167
f 550//1168 508//1168 904//1168
f 904//1169 508//1169 506//1169
f 904//1170 506//1170 905//1170
f 905//1171 506//1171 504//1171
f 905//1172 504//1172 906//1172
f 906//1173 504//1173 907//1173
f 907//1174 504//1174 908//1174
f 908//1175 504//1175 502//1175
f 908//1176 502//1176 909//1176
f 500//1177 902//1177 502//1177
f 502//1178 902//1178 901//1178
f 502//1179 901//1179 909//1179
f 1043//1180 1042//1180 498//1180
f 498//1181 1042//1181 1040//1181
f 498//1182 1040//1182 500//1182
f 500//1183 1040//1183 1039//1183
f 500//1184 1039//1184 902//1184
f 1043//1185 498//1185 1044//1185
f 1044//1186 498//1186 496//1186
f 1044//1187 496//1187 1045//1187
f 1045//1188 496//1188 494//1188
f 1045//1189 494//1189 535//1189
f 966//1190 499//1190 1016//1190
f 1016//1191 499//1191 501//1191
f 1016//1192 501//1192 1010//1192
f 1010//1193 501//1193 1011//1193
f 1011//1194 501//1194 503//1194
f 1011//1195 503//1195 1015//1195
f 1015//1196 503//1196 1013//1196
f 1013//1197 503//1197 505//1197
f 1013//1198 505//1198 1014//1198
f 1014//1199 505//1199 507//1199
f 1014//1200 507//1200 521//1200
f 534//1201 493//1201 968//1201
f 968//1202 493//1202 495//1202
f 968//1203 495//1203 969//1203
f 969//1204 495//1204 497//1204
f 966//1205 967//1205 499//1205
f 499//1206 967//1206 971//1206
f 499//1207 971//1207 497//1207
f 497//1208 971//1208 970//1208
f 497//1209 970//1209 969//1209
f 395//1210 387//1210 1080//1210
f 395//1211 1080//1211 1081//1211
f 1080//1212 1082//1212 1081//1212
f 1081//1213 1082//1213 1083//1213
f 1081//1214 1083//1214 1084//1214
f 1084//1215 1083//1215 1085//1215
f 1084//1216 1085//1216 1086//1216
f 1085//1217 1087//1217 1086//1217
f 1086//1218 1087//1218 1088//1218
f 1086//1219 1088//1219 1089//1219
f 1089//1220 1088//1220 1090//1220
f 1090//1221 1091//1221 1089//1221
f 1089//1222 1091//1222 1092//1222
f 1089//1223 1092//1223 1093//1223
f 363//1224 389//1224 1094//1224
f 1094//1225 389//1225 1093//1225
f 1094//1226 1093//1226 1095//1226
f 1095//1227 1093//1227 1092//1227
f 387//1228 388//1228 1080//1228
f 1080//1228 388//1228 468//1228
f 1080//1229 468//1229 1082//1229
f 1082//1229 468//1229 467//1229
f 1082//1230 467//1230 1083//1230
f 1083//1230 467//1230 464//1230
f 1083//1231 464//1231 1085//1231
f 1085//1231 464//1231 463//1231
f 1085//1232 463//1232 1087//1232
f 1087//1232 463//1232 462//1232
f 1087//1233 462//1233 1088//1233
f 1088//1233 462//1233 461//1233
f 1088//1234 461//1234 1090//1234
f 1090//1234 461//1234 460//1234
f 1090//1235 460//1235 1091//1235
f 1091//1235 460//1235 466//1235
f 1091//1236 466//1236 1092//1236
f 1092//1236 466//1236 465//1236
f 1092//1237 465//1237 1095//1237
f 1095//1237 465//1237 439//1237
f 1095//1238 439//1238 1094//1238
f 1094//1238 439//1238 438//1238
f 1094//1239 438//1239 363//1239
f 363//1239 438//1239 364//1239
f 1096//1240 1097//1240 1098//1240
f 1098//266 1097//266 1099//266
f 1098//1212 1099//1212 1100//1212
f 1100//1241 1099//1241 362//1241
f 1100//1210 362//1210 354//1210
f 1096//1215 1101//1215 1097//1215
f 1097//1242 1101//1242 1102//1242
f 1097//1243 1102//1243 1103//1243
f 1102//1218 1104//1218 1103//1218
f 1103//1244 1104//1244 1105//1244
f 1103//1245 1105//1245 1106//1245
f 1105//1221 1107//1221 1106//1221
f 1106//1222 1107//1222 1108//1222
f 1106//1223 1108//1223 1109//1223
f 330//1224 357//1224 1110//1224
f 1110//1246 357//1246 1109//1246
f 1110//1226 1109//1226 1111//1226
f 1111//1227 1109//1227 1108//1227
f 354//1228 355//1228 1100//1228
f 1100//1228 355//1228 435//1228
f 1100//1229 435//1229 1098//1229
f 1098//1247 435//1247 429//1247
f 1098//1230 429//1230 1096//1230
f 1096//1230 429//1230 459//1230
f 1096//1231 459//1231 1101//1231
f 1101//1231 459//1231 458//1231
f 1101//1232 458//1232 1102//1232
f 1102//1248 458//1248 457//1248
f 1102//1233 457//1233 1104//1233
f 1104//1233 457//1233 444//1233
f 1104//1234 444//1234 1105//1234
f 1105//1234 444//1234 450//1234
f 1105//1235 450//1235 1107//1235
f 1107//1235 450//1235 452//1235
f 1107//1236 452//1236 1108//1236
f 1108//1236 452//1236 454//1236
f 1108//1237 454//1237 1111//1237
f 1111//1237 454//1237 412//1237
f 1111//1238 412//1238 1110//1238
f 1110//1238 412//1238 414//1238
f 1110//1239 414//1239 330//1239
f 330//1239 414//1239 331//1239
f 329//1210 321//1210 1112//1210
f 329//1241 1112//1241 1113//1241
f 1112//1212 1114//1212 1113//1212
f 1113//1213 1114//1213 1115//1213
f 1113//1214 1115//1214 1116//1214
f 1115//1215 1117//1215 1116//1215
f 1116//1242 1117//1242 1118//1242
f 1116//1249 1118//1249 1119//1249
f 1118//1218 1120//1218 1119//1218
f 1119//1244 1120//1244 1121//1244
f 1119//1250 1121//1250 1122//1250
f 1121//1221 1123//1221 1122//1221
f 1122//1222 1123//1222 1124//1222
f 1122//1223 1124//1223 1125//1223
f 297//1224 323//1224 1126//1224
f 1126//1246 323//1246 1125//1246
f 1126//1226 1125//1226 1127//1226
f 1127//1227 1125//1227 1124//1227
f 321//1228 322//1228 1112//1228
f 1112//1228 322//1228 448//1228
f 1112//1229 448//1229 1114//1229
f 1114//1229 448//1229 447//1229
f 1114//1230 447//1230 1115//1230
f 1115//1230 447//1230 426//1230
f 1115//1231 426//1231 1117//1231
f 1117//1231 426//1231 425//1231
f 1117//1232 425//1232 1118//1232
f 1118//1232 425//1232 424//1232
f 1118//1233 424//1233 1120//1233
f 1120//1233 424//1233 423//1233
f 1120//1234 423//1234 1121//1234
f 1121//1234 423//1234 422//1234
f 1121//1235 422//1235 1123//1235
f 1123//1251 422//1251 421//1251
f 1123//1236 421//1236 1124//1236
f 1124//1236 421//1236 420//1236
f 1124//1237 420//1237 1127//1237
f 1127//1237 420//1237 419//1237
f 1127//1238 419//1238 1126//1238
f 1126//1252 419//1252 399//1252
f 1126//1239 399//1239 297//1239
f 297//1239 399//1239 298//1239
f 296//1210 288//1210 1128//1210
f 296//1211 1128//1211 1129//1211
f 1128//1212 1130//1212 1129//1212
f 1129//1213 1130//1213 1131//1213
f 1129//1214 1131//1214 1132//1214
f 1132//1215 1131//1215 1133//1215
f 1132//1216 1133//1216 1134//1216
f 1133//1217 1135//1217 1134//1217
f 1134//1218 1135//1218 1136//1218
f 1134//1219 1136//1219 1137//1219
f 1137//1220 1136//1220 1138//1220
f 1138//1221 1139//1221 1137//1221
f 1137//1222 1139//1222 1140//1222
f 1137//1223 1140//1223 1141//1223
f 264//1224 290//1224 1142//1224
f 1142//1225 290//1225 1141//1225
f 1142//1226 1141//1226 1143//1226
f 1143//1227 1141//1227 1140//1227
f 288//1228 289//1228 1128//1228
f 1128//1228 289//1228 409//1228
f 1128//1229 409//1229 1130//1229
f 1130//1229 409//1229 410//1229
f 1130//1230 410//1230 1131//1230
f 1131//1230 410//1230 397//1230
f 1131//1231 397//1231 1133//1231
f 1133//1231 397//1231 396//1231
f 1133//1232 396//1232 1135//1232
f 1135//1232 396//1232 407//1232
f 1135//1233 407//1233 1136//1233
f 1136//1233 407//1233 406//1233
f 1136//1234 406//1234 1138//1234
f 1138//1234 406//1234 418//1234
f 1138//1235 418//1235 1139//1235
f 1139//1235 418//1235 417//1235
f 1139//1236 417//1236 1140//1236
f 1140//1236 417//1236 405//1236
f 1140//1237 405//1237 1143//1237
f 1143//1237 405//1237 404//1237
f 1143//1238 404//1238 1142//1238
f 1142//1238 404//1238 402//1238
f 1142//1239 402//1239 264//1239
f 264//1239 402//1239 265//1239
f 263//1253 262//1253 1046//1253
f 263//1254 1046//1254 750//1254
f 750//1255 1046//1255 1041//1255
f 750//1256 1041//1256 769//1256
f 769//1257 1041//1257 1079//1257
f 769//1257 1079//1257 734//1257
f 734//1258 1079//1258 1078//1258
f 734//1258 1078//1258 735//1258
f 735//1259 1078//1259 1077//1259
f 735//1259 1077//1259 745//1259
f 745//1260 1077//1260 1076//1260
f 745//1260 1076//1260 747//1260
f 747//1261 1076//1261 1075//1261
f 747//1261 1075//1261 748//1261
f 748//1262 1075//1262 1038//1262
f 748//1262 1038//1262 742//1262
f 742//1263 1038//1263 1036//1263
f 742//1263 1036//1263 740//1263
f 740//1264 1036//1264 1037//1264
f 740//1264 1037//1264 738//1264
f 738//1265 1037//1265 1035//1265
f 738//1265 1035//1265 774//1265
f 774//1266 1035//1266 1061//1266
f 774//1266 1061//1266 758//1266
f 758//1267 1061//1267 1065//1267
f 758//1267 1065//1267 759//1267
f 759//1268 1065//1268 1074//1268
f 759//1268 1074//1268 761//1268
f 761//1269 1074//1269 1073//1269
f 761//1269 1073//1269 763//1269
f 763//1270 1073//1270 1072//1270
f 763//1270 1072//1270 765//1270
f 765//1271 1072//1271 1071//1271
f 765//1271 1071//1271 779//1271
f 779//1272 1071//1272 1070//1272
f 779//1272 1070//1272 780//1272
f 780//1273 1070//1273 1050//1273
f 780//1273 1050//1273 756//1273
f 756//1274 1050//1274 1047//1274
f 756//1274 1047//1274 757//1274
f 757//1275 1047//1275 221//1275
f 757//1276 221//1276 220//1276
