# Blender 4.5.0
# www.blender.org
mtllib rl_dg_3_4.mtl
o rl_dg_2_4_c
v 0.001500 -0.010760 0.025500
v -0.006005 -0.011200 0.020500
v 0.006003 -0.011200 0.020500
v 0.005887 -0.010760 0.025500
v 0.006639 -0.011114 0.020500
v 0.006000 -0.011200 0.009526
v 0.006470 -0.011157 0.009709
v 0.006630 -0.011143 0.009772
v -0.006000 -0.011200 0.009526
v -0.004877 -0.011200 0.008783
v -0.003853 -0.011200 0.007908
v -0.002944 -0.011200 0.006914
v -0.002614 -0.011200 0.006323
v 0.004877 -0.011200 0.008783
v 0.006183 -0.011121 0.009209
v 0.006625 -0.011081 0.009398
v 0.003853 -0.011200 0.007908
v 0.004139 -0.011112 0.007612
v 0.005125 -0.011112 0.008455
v 0.002944 -0.011200 0.006914
v 0.003229 -0.011121 0.006684
v 0.002614 -0.011200 0.006323
v 0.002500 -0.011200 0.005657
v 0.002961 -0.011130 0.006201
v -0.002500 -0.011200 0.005657
v -0.002500 -0.011200 0.000000
v 0.002500 -0.011200 0.000000
v -0.002415 -0.011200 -0.000647
v -0.002165 -0.011200 -0.001250
v -0.001768 -0.011200 -0.001768
v -0.001250 -0.011200 -0.002165
v -0.000647 -0.011200 -0.002415
v 0.000000 -0.011200 -0.002500
v 0.000647 -0.011200 -0.002415
v 0.001250 -0.011200 -0.002165
v 0.002415 -0.011200 -0.000647
v 0.002760 -0.011134 -0.000740
v 0.002858 -0.011134 0.000000
v 0.002861 -0.011103 0.005657
v 0.001768 -0.011200 -0.001768
v 0.002165 -0.011200 -0.001250
v 0.002475 -0.011134 -0.001429
v 0.002021 -0.011134 -0.002021
v 0.001429 -0.011134 -0.002475
v 0.000740 -0.011134 -0.002760
v 0.000000 -0.011134 -0.002858
v -0.000740 -0.011134 -0.002760
v -0.001429 -0.011134 -0.002475
v -0.002021 -0.011134 -0.002021
v -0.002475 -0.011134 -0.001429
v -0.002760 -0.011134 -0.000740
v -0.002858 -0.011134 0.000000
v -0.002861 -0.011103 0.005657
v -0.002961 -0.011130 0.006201
v -0.003229 -0.011121 0.006684
v -0.005125 -0.011112 0.008455
v -0.004139 -0.011112 0.007612
v -0.006183 -0.011121 0.009209
v -0.006354 -0.011182 0.009668
v 0.000907 -0.010754 0.025559
v 0.000712 -0.010749 0.025619
v 0.000336 -0.010737 0.025735
v -0.000185 -0.010709 0.026018
v -0.005885 -0.011028 0.022527
v -0.006627 -0.011145 0.020501
v -0.006469 -0.011159 0.009710
v -0.006625 -0.011081 0.009398
v -0.006646 -0.011140 0.020501
v -0.006922 -0.011071 0.009876
v -0.006429 -0.010868 0.023699
v 0.006926 -0.011061 0.009875
v 0.007065 -0.010973 0.009573
v -0.006920 -0.011064 0.020501
v 0.002989 -0.011049 0.000000
v 0.003000 -0.011066 0.005657
v 0.003098 -0.010907 -0.000830
v 0.002777 -0.010907 -0.001604
v 0.002268 -0.010907 -0.002268
v 0.001604 -0.010907 -0.002777
v 0.000830 -0.010907 -0.003098
v 0.000000 -0.010907 -0.003207
v -0.000830 -0.010907 -0.003098
v -0.001604 -0.010907 -0.002777
v -0.002268 -0.010907 -0.002268
v -0.002777 -0.010907 -0.001604
v -0.003098 -0.010907 -0.000830
v -0.002989 -0.011049 0.000000
v 0.003281 -0.010907 0.006088
v 0.003494 -0.010907 0.006469
v 0.003264 -0.011112 0.006656
v -0.003281 -0.010907 0.006088
v -0.003183 -0.010883 0.005657
v -0.003000 -0.011066 0.005657
v -0.003264 -0.011112 0.006656
v 0.006205 -0.011112 0.009170
v -0.006205 -0.011112 0.009170
v 0.006929 -0.011074 0.020500
v 0.006527 -0.010701 0.025500
v 0.006522 -0.010701 0.025500
v 0.006354 -0.010907 0.008914
v 0.005303 -0.010907 0.008218
v 0.004345 -0.010907 0.007399
v -0.004345 -0.010907 0.007399
v -0.003494 -0.010907 0.006469
v -0.005303 -0.010907 0.008218
v -0.006353 -0.010907 0.008914
v -0.007066 -0.010973 0.009573
v -0.007145 -0.010752 0.009283
v 0.007273 -0.010911 0.020500
v 0.007148 -0.010524 0.025500
v 0.007231 -0.010976 0.009982
v 0.007399 -0.010895 0.010035
v 0.007792 -0.010707 0.010158
v 0.007847 -0.010667 0.010174
v 0.006939 -0.011057 0.009880
v -0.006941 -0.011067 0.009882
v -0.006985 -0.011058 0.009899
v 0.003183 -0.010883 0.005657
v -0.003207 -0.010907 0.000000
v -0.007075 -0.010679 0.023739
v -0.007254 -0.010971 0.020501
v -0.007485 -0.010869 0.010064
v -0.007402 -0.010901 0.010037
v -0.007497 -0.010803 0.009730
v 0.003207 -0.010907 0.000000
v -0.005785 -0.010927 0.023648
v 0.007497 -0.010803 0.009730
v 0.007145 -0.010752 0.009283
v -0.007533 -0.010591 0.009440
v -0.007294 -0.010951 0.020501
v -0.007848 -0.010677 0.020501
v -0.007844 -0.010661 0.010172
v -0.000222 -0.010706 0.026049
v -0.005614 -0.010754 0.025558
v -0.006085 -0.010544 0.027040
v 0.007910 -0.010610 0.020500
v 0.007722 -0.010238 0.025500
v 0.007172 -0.010512 0.025500
v 0.006464 -0.010567 0.008723
v 0.005439 -0.010558 0.008037
v 0.004503 -0.010558 0.007236
v 0.003666 -0.010567 0.006331
v 0.003491 -0.010568 0.006014
v 0.003355 -0.010693 0.000000
v 0.003366 -0.010700 0.005657
v 0.002955 -0.010611 -0.001706
v 0.003295 -0.010611 -0.000883
v 0.002412 -0.010611 -0.002412
v 0.001706 -0.010611 -0.002955
v 0.000883 -0.010611 -0.003295
v 0.000000 -0.010611 -0.003412
v -0.000883 -0.010611 -0.003295
v -0.001706 -0.010611 -0.002955
v -0.002412 -0.010611 -0.002412
v -0.002955 -0.010611 -0.001706
v -0.003295 -0.010611 -0.000883
v -0.003355 -0.010693 0.000000
v -0.003491 -0.010568 0.006014
v -0.003366 -0.010700 0.005657
v -0.003666 -0.010567 0.006331
v -0.004503 -0.010558 0.007236
v -0.005439 -0.010558 0.008037
v -0.006464 -0.010567 0.008723
v -0.007911 -0.010569 0.009867
v 0.007911 -0.010569 0.009867
v 0.007533 -0.010591 0.009440
v -0.007907 -0.010370 0.009578
v 0.001500 0.010760 0.025500
v 0.000979 0.010756 0.025546
v -0.005521 -0.010667 0.026354
v 0.000712 0.010748 0.025621
v 0.007159 -0.010441 0.009077
v -0.007159 -0.010441 0.009077
v 0.000405 0.010740 0.025707
v -0.000128 0.010713 0.025980
v -0.000219 0.010705 0.026053
v -0.000588 -0.010675 0.026355
v 0.003403 -0.010561 0.005657
v -0.003403 -0.010561 0.005657
v -0.003412 -0.010611 0.000000
v 0.003412 -0.010611 0.000000
v -0.007697 -0.010353 0.023764
v -0.006727 -0.010353 0.027097
v -0.007917 -0.010625 0.020501
v -0.000644 -0.010670 0.026402
v -0.000593 0.010675 0.026351
v -0.000948 -0.010630 0.026780
v -0.000951 0.010630 0.026778
v 0.008024 -0.010556 0.020500
v 0.008017 -0.010546 0.010222
v -0.001015 -0.010621 0.026865
v -0.001289 -0.010563 0.027396
v -0.001379 -0.010527 0.027712
v -0.005449 -0.010600 0.026969
v -0.008012 -0.010563 0.010222
v -0.000979 0.010627 0.026811
v -0.001213 0.010580 0.027240
v -0.008008 -0.010557 0.020501
v -0.001264 0.010570 0.027333
v 0.003381 -0.010200 -0.000906
v 0.003500 -0.010200 0.000000
v 0.003500 -0.010200 0.005657
v 0.003264 -0.010200 -0.001187
v 0.003031 -0.010200 -0.001750
v 0.002660 -0.010200 -0.002234
v 0.001750 -0.010200 -0.003031
v 0.002475 -0.010200 -0.002475
v 0.000906 -0.010200 -0.003381
v 0.000000 -0.010200 -0.003500
v 0.000604 -0.010200 -0.003420
v -0.000604 -0.010200 -0.003420
v -0.001750 -0.010200 -0.003031
v -0.000906 -0.010200 -0.003381
v -0.002475 -0.010200 -0.002475
v -0.002660 -0.010200 -0.002234
v -0.003031 -0.010200 -0.001750
v -0.003264 -0.010200 -0.001187
v -0.003500 -0.010200 0.000000
v -0.003381 -0.010200 -0.000906
v 0.007793 -0.010183 0.025500
v -0.001453 -0.010498 0.027970
v -0.005257 -0.010421 0.028607
v 0.007907 -0.010370 0.009578
v -0.007830 -0.010105 0.009362
v 0.008295 -0.010274 0.009984
v -0.008015 -0.010562 0.010223
v -0.008295 -0.010274 0.009984
v -0.008253 -0.010095 0.009694
v 0.003722 -0.010200 0.006285
v 0.003671 -0.010558 0.006327
v 0.003557 -0.010200 0.005990
v -0.003500 -0.010200 0.005657
v -0.003557 -0.010200 0.005990
v -0.003671 -0.010558 0.006327
v 0.006467 -0.010558 0.008717
v -0.006467 -0.010558 0.008717
v -0.001381 0.010527 0.027712
v -0.008253 -0.010361 0.010287
v 0.007111 -0.010099 0.008983
v 0.006500 -0.010200 0.008660
v 0.006372 -0.010200 0.008576
v 0.004858 -0.010200 0.007453
v 0.005479 -0.010200 0.007984
v 0.004548 -0.010200 0.007189
v -0.004549 -0.010200 0.007189
v -0.003722 -0.010200 0.006285
v -0.004858 -0.010200 0.007453
v -0.005479 -0.010200 0.007984
v -0.006372 -0.010200 0.008576
v -0.006500 -0.010200 0.008660
v -0.008335 -0.010312 0.020500
v -0.008486 -0.010163 0.010350
v 0.008439 -0.010136 0.020500
v 0.008237 -0.009848 0.025500
v 0.008265 -0.010368 0.010292
v 0.008627 -0.009998 0.010385
v 0.008721 -0.009901 0.010409
v -0.005648 -0.010121 0.030406
v -0.001500 -0.010434 0.028500
v -0.001441 0.010505 0.027906
v 0.007830 -0.010105 0.009362
v 0.007167 -0.010090 0.009012
v -0.007695 -0.009807 0.009244
v -0.007167 -0.010090 0.009012
v -0.007111 -0.010099 0.008983
v -0.005023 -0.010179 0.030324
v -0.004888 -0.010041 0.031307
v -0.001500 -0.010011 0.031494
v -0.001500 0.007234 0.039010
v -0.001500 0.007475 0.038827
v -0.001500 0.010434 0.028500
v -0.001500 0.009886 0.032236
v -0.001500 0.009382 0.034742
v -0.001500 0.008692 0.037030
v -0.001500 0.008421 0.037603
v -0.001500 0.008369 0.037713
v -0.001500 0.008337 0.037761
v -0.001500 0.008077 0.038139
v -0.001500 0.007939 0.038340
v -0.001500 0.007676 0.038616
v 0.008253 -0.010095 0.009694
v -0.008135 -0.009859 0.009475
v 0.008642 -0.009918 0.010080
v -0.008642 -0.009918 0.010080
v -0.008253 -0.009900 0.023773
v -0.007345 -0.010027 0.027136
v -0.006285 -0.009927 0.030471
v -0.008470 -0.010168 0.020500
v -0.008566 -0.009763 0.009790
v 0.006528 -0.009334 0.008677
v 0.006875 -0.009539 0.008864
v 0.006946 -0.009581 0.008903
v 0.006369 -0.009177 0.008581
v 0.006188 -0.008999 0.008472
v 0.004847 -0.007300 0.007466
v 0.005773 -0.007962 0.008198
v 0.005797 -0.008180 0.008214
v 0.005942 -0.008605 0.008313
v 0.006121 -0.008892 0.008429
v 0.003722 -0.007300 0.006285
v 0.003557 -0.007300 0.005990
v 0.003500 -0.007300 0.005657
v 0.003500 -0.007300 0.000000
v 0.003289 -0.007300 -0.001197
v 0.002681 -0.007300 -0.002250
v 0.001750 -0.007300 -0.003031
v 0.000608 -0.007300 -0.003447
v -0.000608 -0.007300 -0.003447
v -0.001750 -0.007300 -0.003031
v -0.002681 -0.007300 -0.002250
v -0.003289 -0.007300 -0.001197
v -0.003500 -0.007300 0.000000
v -0.003500 -0.007300 0.005657
v -0.003557 -0.007300 0.005990
v -0.003722 -0.007300 0.006285
v -0.004847 -0.007300 0.007466
v -0.006127 -0.008918 0.008434
v -0.006114 -0.008896 0.008426
v -0.005897 -0.008502 0.008283
v -0.006368 -0.009180 0.008581
v -0.006864 -0.009543 0.008861
v -0.006456 -0.009275 0.008634
v -0.006871 -0.009545 0.008864
v -0.005401 -0.009852 0.032100
v -0.008746 -0.009876 0.020501
v -0.008624 -0.009997 0.010384
v 0.008876 -0.009695 0.020500
v 0.008347 -0.009727 0.025500
v 0.008864 -0.009687 0.010442
v 0.007847 -0.009744 0.009312
v 0.008135 -0.009859 0.009475
v 0.007802 -0.009749 0.009291
v 0.007695 -0.009807 0.009244
v -0.007926 -0.009742 0.009342
v -0.007847 -0.009747 0.009310
v -0.007323 -0.009704 0.009086
v 0.008313 -0.009659 0.009541
v 0.008566 -0.009763 0.009790
v -0.008456 -0.009610 0.009626
v -0.008340 -0.009661 0.009548
v 0.007361 -0.009712 0.009103
v -0.004858 -0.010008 0.031494
v -0.007899 -0.009575 0.027154
v -0.006899 -0.009601 0.030514
v -0.004062 -0.009522 0.034112
v -0.004521 -0.009629 0.033615
v -0.004776 -0.009916 0.032010
v -0.001500 -0.009353 0.034863
v -0.003380 -0.009346 0.034862
v -0.003671 -0.009431 0.034535
v -0.008861 -0.009711 0.010443
v -0.008937 -0.009509 0.010156
v -0.006034 -0.009657 0.032168
v 0.008794 -0.009442 0.009879
v 0.008937 -0.009509 0.010156
v 0.008764 -0.009462 0.009852
v -0.008857 -0.009407 0.009931
v -0.008798 -0.009449 0.009870
v -0.008706 -0.009344 0.023763
v -0.008856 -0.009707 0.020501
v 0.008201 -0.009699 0.009473
v -0.008322 -0.009664 0.009539
v -0.005007 -0.009566 0.033702
v -0.005122 -0.009552 0.033723
v -0.005133 -0.009548 0.033724
v -0.007802 -0.009749 0.009291
v 0.008455 -0.009608 0.009627
v 0.008629 -0.009546 0.009732
v -0.008780 -0.009462 0.009851
v -0.008762 -0.009475 0.009833
v 0.006870 -0.009546 0.011000
v 0.007847 -0.009748 0.011000
v -0.007848 -0.009748 0.011000
v -0.006870 -0.009546 0.011000
v 0.008800 -0.009452 0.011000
v -0.008801 -0.009452 0.011000
v 0.008670 -0.009372 0.025500
v -0.008882 -0.009687 0.010448
v -0.008920 -0.009609 0.020501
v -0.009192 -0.009136 0.011000
v -0.008943 -0.009577 0.010462
v 0.008916 -0.009607 0.020500
v 0.009192 -0.009136 0.011000
v 0.009083 -0.009357 0.010494
v 0.008939 -0.009573 0.010460
v -0.005706 -0.009372 0.033800
v -0.005758 -0.009346 0.033803
v -0.006000 -0.009226 0.033818
v -0.006243 -0.009106 0.033833
v -0.006645 -0.009331 0.032211
v -0.005506 -0.009434 0.033773
v -0.004360 -0.009429 0.034390
v -0.009091 -0.009348 0.020502
v 0.009212 -0.008966 0.020500
v 0.009009 -0.008823 0.025500
v 0.008797 -0.009167 0.025500
v -0.007448 -0.009151 0.030529
v -0.009192 -0.009136 0.010518
v -0.009161 -0.009167 0.010341
v -0.008350 -0.009021 0.027149
v -0.004665 -0.009256 0.034658
v 0.006112 -0.008898 0.011000
v -0.006112 -0.008898 0.011000
v 0.009075 -0.009244 0.010192
v 0.008989 -0.009320 0.010053
v 0.008856 -0.009404 0.009934
v -0.009081 -0.009241 0.010192
v -0.009044 -0.009275 0.010122
v 0.009192 -0.009136 0.010518
v 0.005761 -0.007963 0.011000
v -0.009376 -0.008624 0.011000
v -0.005761 -0.007963 0.011000
v -0.002884 -0.009007 0.036010
v -0.004961 -0.009006 0.034901
v -0.001500 -0.008692 0.037030
v -0.002533 -0.009098 0.035815
v -0.002591 -0.009115 0.035749
v -0.009032 -0.008722 0.023737
v -0.009244 -0.008986 0.020502
v -0.006774 -0.008725 0.033812
v -0.007192 -0.008882 0.032222
v -0.006468 -0.008944 0.033824
v -0.006363 -0.009020 0.033828
v -0.003183 -0.008825 0.036256
v 0.009151 -0.009177 0.010314
v -0.007699 -0.008396 0.031834
v -0.007898 -0.008601 0.030515
v 0.009383 -0.008595 0.011000
v 0.009383 -0.008595 0.020500
v -0.009325 -0.008797 0.020502
v -0.005231 -0.008685 0.035102
v -0.001500 -0.008427 0.037606
v -0.008411 -0.008166 0.029109
v -0.008675 -0.008402 0.027121
v -0.008198 -0.008241 0.030074
v -0.003473 -0.008574 0.036473
v 0.009119 -0.008541 0.025500
v -0.006901 -0.008611 0.033794
v -0.006921 -0.008593 0.033792
v -0.006925 -0.008589 0.033791
v -0.007288 -0.008500 0.032992
v -0.007289 -0.008499 0.032990
v -0.007567 -0.008429 0.032206
v -0.001704 -0.008196 0.037915
v -0.001500 -0.008416 0.037629
v -0.009368 -0.008622 0.020500
v -0.005461 -0.008310 0.035250
v -0.009436 -0.008338 0.020498
v -0.008916 -0.008013 0.026335
v -0.009076 -0.008009 0.025058
v -0.009147 -0.008007 0.024482
v -0.009222 -0.008076 0.023696
v -0.003739 -0.008260 0.036649
v -0.009456 -0.008256 0.020498
v -0.009500 -0.007700 0.011000
v -0.005906 -0.006976 0.011000
v -0.007709 -0.008393 0.031805
v -0.007851 -0.008349 0.031303
v -0.008079 -0.008278 0.030495
v 0.009500 -0.007700 0.011000
v 0.009418 -0.008330 0.020500
v 0.009243 -0.008220 0.025500
v -0.006628 -0.008171 0.034296
v -0.006635 0.008177 0.034300
v -0.006925 0.008589 0.033791
v -0.001985 -0.007947 0.038092
v -0.005774 -0.008061 0.008198
v -0.007280 0.008502 0.032989
v -0.007364 0.008481 0.032799
v -0.001500 -0.008328 0.037765
v -0.008578 -0.008107 0.028350
v -0.008788 -0.008048 0.027097
v -0.008564 -0.008112 0.028415
v -0.007565 0.008428 0.032203
v -0.007697 0.008394 0.031808
v -0.007832 0.008358 0.031406
v -0.007859 0.008350 0.031305
v -0.008075 0.008279 0.030490
v -0.009484 -0.007875 0.020718
v -0.009449 -0.007967 0.021177
v -0.009372 -0.008025 0.022146
v 0.009500 -0.007698 0.020500
v 0.009362 -0.007583 0.025500
v 0.009304 -0.007891 0.025500
v -0.001500 -0.008081 0.038144
v -0.005639 -0.007899 0.035340
v -0.006575 -0.008096 0.034387
v -0.003968 -0.007896 0.036773
v 0.002690 -0.008300 -0.000572
v 0.000000 -0.008300 0.000000
v 0.002750 -0.008300 0.000000
v 0.002690 -0.008300 0.000572
v 0.002690 -0.007300 -0.000572
v 0.002690 -0.007300 0.000572
v 0.002225 -0.008300 -0.001616
v 0.002225 -0.008300 0.001616
v 0.002225 -0.007300 0.001616
v 0.001375 -0.008300 -0.002382
v 0.002225 -0.007300 -0.001616
v 0.001375 -0.008300 0.002382
v 0.001375 -0.007300 0.002382
v 0.000287 -0.008300 -0.002735
v 0.001375 -0.007300 -0.002382
v 0.000287 -0.008300 0.002735
v 0.000287 -0.007300 0.002735
v -0.000850 -0.008300 -0.002615
v 0.000287 -0.007300 -0.002735
v -0.000850 -0.008300 0.002615
v -0.000850 -0.007300 0.002615
v -0.001840 -0.008300 0.002044
v -0.002512 -0.008300 -0.001119
v -0.002750 -0.008300 0.000000
v -0.002512 -0.008300 0.001118
v -0.001840 -0.008300 -0.002044
v -0.000850 -0.007300 -0.002615
v -0.001840 -0.007300 0.002044
v -0.001840 -0.007300 -0.002044
v -0.002512 -0.007300 0.001118
v -0.002512 -0.007300 -0.001119
v -0.002750 -0.007300 0.000000
v -0.008326 0.008196 0.029538
v -0.002246 -0.007646 0.038226
v -0.009496 -0.007793 0.020553
v -0.009500 -0.007755 0.020497
v -0.008411 0.008166 0.029117
v -0.005888 0.007200 0.035289
v -0.006144 0.007519 0.034997
v -0.006180 0.007566 0.034948
v -0.006579 0.008098 0.034395
v -0.006587 0.008109 0.034384
v -0.008553 0.008117 0.028413
v -0.008705 0.008065 0.027664
v -0.006488 -0.007974 0.034534
v -0.001500 -0.008018 0.038240
v -0.009167 -0.008007 0.024325
v -0.009227 -0.008012 0.023691
v -0.005770 -0.007963 0.008195
v -0.008792 0.008046 0.027090
v -0.009450 0.007966 0.021168
v -0.009270 0.008022 0.023308
v -0.009386 0.008021 0.021982
v -0.001500 -0.007677 0.038619
v -0.008994 0.008003 0.025776
v -0.009149 0.008013 0.024384
v -0.009227 0.008019 0.023690
v -0.009074 0.008008 0.025058
v -0.006178 -0.007567 0.034935
v -0.009475 0.007834 0.020834
v -0.009475 -0.007834 0.020838
v 0.005750 -0.007740 0.008182
v 0.005801 -0.007300 0.010000
v 0.005906 -0.006976 0.011000
v -0.005801 -0.007300 0.008217
v -0.005754 -0.007619 0.008184
v -0.005906 -0.006976 0.010000
v -0.005801 -0.007300 0.010000
v -0.005762 -0.007477 0.035371
v -0.004151 -0.007501 0.036841
v -0.002475 -0.007304 0.038312
v -0.009500 0.007701 0.020500
v -0.009500 -0.007701 0.020500
v -0.009499 -0.007742 0.020510
v 0.005801 -0.007300 0.008217
v -0.009500 -0.006782 0.011000
v 0.009500 -0.006782 0.011000
v 0.009244 -0.006420 0.011000
v 0.009500 0.007698 0.020500
v 0.009439 0.007478 0.022987
v 0.009439 -0.007478 0.022987
v 0.009500 0.006782 0.011000
v -0.001500 -0.007570 0.038739
v -0.001500 -0.007234 0.039011
v 0.009377 -0.007255 0.025500
v -0.005990 -0.007322 0.035177
v -0.002663 -0.006937 0.038348
v -0.004282 -0.007096 0.036854
v 0.009377 0.007255 0.025500
v -0.005819 -0.007151 0.035358
v -0.004362 -0.006684 0.036816
v -0.005671 -0.007047 0.035508
v -0.005769 -0.007101 0.035412
v -0.005816 -0.007148 0.035362
v -0.005820 0.007153 0.035357
v -0.001500 -0.007229 0.039014
v -0.001923 -0.006565 0.039100
v -0.001731 -0.006913 0.039085
v 0.005906 -0.006976 0.010000
v -0.001500 -0.007057 0.039153
v -0.001500 0.006966 0.039212
v -0.001500 0.006442 0.039483
v -0.001500 0.006318 0.039519
v -0.005816 0.007149 0.035362
v -0.005671 0.007047 0.035508
v -0.002806 -0.006560 0.038333
v -0.003553 -0.006459 0.037626
v -0.001500 -0.006774 0.039312
v -0.003067 0.006276 0.038112
v -0.004366 0.006683 0.036812
v -0.005123 0.006920 0.036055
v -0.002906 0.006196 0.038272
v 0.006509 -0.006181 0.011000
v 0.006509 -0.006181 0.010000
v -0.006274 0.006400 0.010000
v 0.007421 -0.005777 0.011000
v 0.008415 -0.005864 0.011000
v -0.006509 -0.006181 0.010000
v -0.006509 -0.006181 0.011000
v -0.009244 -0.006420 0.011000
v 0.009429 -0.006667 0.010657
v 0.009475 -0.006738 0.010778
v 0.009444 0.006688 0.010671
v 0.009494 0.006771 0.010890
v -0.009494 -0.006771 0.010890
v -0.009500 0.006782 0.011000
v -0.001500 -0.006561 0.039432
v -0.009444 -0.006688 0.010671
v -0.009436 -0.006675 0.010655
v 0.009436 0.006675 0.010655
v -0.009477 0.006740 0.010785
v -0.009310 -0.006499 0.010414
v -0.009429 0.006667 0.010657
v 0.009378 -0.006588 0.010521
v 0.009240 0.006424 0.010342
v 0.009310 0.006499 0.010414
v 0.009241 -0.006422 0.010341
v -0.001975 -0.005769 0.039203
v -0.002179 -0.005858 0.038999
v -0.002906 -0.006176 0.038272
v -0.001500 -0.006318 0.039514
v -0.009240 -0.006424 0.010342
v -0.008415 -0.005864 0.011000
v -0.009199 -0.006380 0.010301
v -0.009382 0.006594 0.010529
v -0.009214 0.006388 0.010300
v 0.009206 -0.006380 0.010294
v 0.009199 0.006380 0.010301
v -0.007421 -0.005777 0.011000
v -0.009096 -0.006271 0.010197
v -0.008985 0.006177 0.010126
v -0.009206 0.006380 0.010294
v 0.009199 -0.006371 0.010285
v 0.008917 -0.006126 0.010091
v -0.001500 -0.006015 0.039618
v -0.001500 -0.005496 0.039678
v -0.001500 0.005496 0.039678
v -0.008843 -0.006081 0.010069
v -0.008892 0.006117 0.010093
v 0.007421 -0.005777 0.010000
v -0.007421 -0.005777 0.010000
v -0.002188 0.005839 0.038990
v 0.008843 -0.006083 0.010071
v 0.008843 0.006081 0.010069
v 0.009095 0.006271 0.010197
v 0.008601 -0.005940 0.010005
v 0.008794 0.006044 0.010044
v -0.008794 -0.006044 0.010044
v -0.008841 0.006085 0.010075
v -0.008500 -0.005896 0.010000
v -0.008668 0.005973 0.010014
v 0.008500 -0.005896 0.010000
v 0.008500 0.005896 0.010000
v 0.008415 -0.005864 0.010000
v 0.008415 0.005864 0.010000
v -0.008415 -0.005864 0.010000
v -0.008500 0.005896 0.010000
v -0.008011 0.005767 0.010000
v 0.007421 0.005777 0.010000
v 0.006274 0.006400 0.010000
v 0.006509 0.006181 0.010000
v -0.006278 0.006396 0.010000
v -0.007067 0.005870 0.010000
v -0.001500 0.005895 0.039643
v -0.008011 0.005767 0.010300
v -0.008896 0.006111 0.010300
v -0.007067 0.005870 0.010300
v -0.006278 0.006396 0.010300
v 0.007421 0.005777 0.011000
v 0.006509 0.006181 0.011000
v 0.008415 0.005864 0.011000
v 0.009244 0.006420 0.011000
v -0.001926 0.006567 0.039097
v -0.002810 0.006562 0.038330
v 0.005906 0.006976 0.011000
v -0.001734 0.006915 0.039081
v -0.009500 0.006782 0.010300
v -0.009500 0.007700 0.010300
v -0.005819 0.007228 0.010300
v -0.009145 0.009183 0.010300
v -0.008814 0.009443 0.010300
v -0.009376 0.008624 0.010300
v -0.007914 0.009743 0.010300
v -0.006976 0.009594 0.010300
v 0.005740 0.006400 -0.003049
v 0.006250 0.006427 -0.001785
v 0.006274 0.006400 -0.001698
v 0.002690 0.006400 0.000572
v 0.002750 0.006400 0.000000
v 0.002690 0.006400 -0.000572
v 0.006274 0.006400 0.001698
v 0.006003 0.006776 -0.000339
v 0.006157 0.006547 0.002066
v 0.006162 0.006400 0.002067
v 0.006177 0.006515 0.008465
v 0.006274 0.006400 0.008526
v 0.005389 0.006400 0.007915
v 0.005385 0.006400 0.003639
v 0.002225 0.006400 0.001616
v 0.005754 0.007882 -0.003023
v 0.005761 0.007536 -0.003009
v 0.005824 0.007212 -0.002887
v 0.005891 0.007028 -0.002743
v 0.005934 0.006912 -0.002653
v 0.006081 0.006648 -0.002295
v 0.005713 0.010200 -0.003035
v 0.005492 0.010200 -0.003476
v 0.004716 0.006400 -0.004473
v 0.002225 0.006400 -0.001616
v 0.005102 0.006400 0.007565
v 0.005180 0.010200 0.007696
v 0.005389 0.010200 0.007915
v 0.005750 0.007766 0.008181
v 0.005795 0.007326 0.008213
v 0.005912 0.006978 0.008293
v 0.005934 0.006911 0.008308
v 0.005766 0.007498 0.003001
v 0.005751 0.007814 0.003029
v 0.006104 0.006613 0.002233
v 0.005942 0.006894 0.002634
v 0.005891 0.007028 0.002744
v 0.005835 0.007175 0.002865
v 0.005365 0.010200 0.003627
v 0.005200 0.010200 0.003900
v 0.005200 0.006400 0.003900
v 0.001375 0.006400 0.002382
v 0.005051 0.006400 0.004184
v -0.005389 0.006400 0.007915
v -0.005103 0.006400 0.007565
v -0.006274 0.006400 0.008526
v 0.000287 0.006400 0.002735
v -0.000850 0.006400 0.002615
v 0.005000 0.006400 0.007124
v 0.005113 0.010200 0.007560
v 0.005046 0.010200 0.007424
v 0.005000 0.006400 0.004500
v 0.005051 0.010200 0.004184
v 0.005000 0.010200 0.004500
v 0.005000 0.010200 0.007124
v 0.004713 0.010200 -0.004470
v 0.004686 0.010200 -0.004504
v 0.003349 0.006400 -0.005571
v 0.003691 0.010200 -0.005350
v 0.001738 0.006400 -0.006263
v 0.002547 0.010200 -0.005980
v 0.003335 0.010200 -0.005546
v 0.001375 0.006400 -0.002382
v 0.002690 0.007400 0.000572
v 0.002750 0.007400 0.000000
v 0.002690 0.007400 -0.000572
v 0.002225 0.007400 0.001616
v 0.002225 0.007400 -0.001616
v 0.001375 0.007400 0.002382
v 0.000000 0.006400 -0.006500
v 0.001300 0.010200 -0.006369
v 0.001729 0.010200 -0.006235
v 0.000287 0.006400 -0.002735
v 0.001375 0.007400 -0.002382
v 0.000287 0.007400 0.002735
v -0.000850 0.006400 -0.002615
v -0.001738 0.006400 -0.006263
v 0.000287 0.007400 -0.002735
v -0.000850 0.007400 0.002615
v -0.001300 0.010200 -0.006369
v 0.000000 0.010200 -0.006500
v -0.001840 0.006400 -0.002044
v -0.003349 0.006400 -0.005571
v -0.000850 0.007400 -0.002615
v -0.001840 0.006400 0.002044
v -0.001840 0.007400 0.002044
v -0.002547 0.010200 -0.005980
v -0.001729 0.010200 -0.006235
v -0.002512 0.006400 -0.001119
v -0.005741 0.006400 -0.003049
v -0.004716 0.006400 -0.004473
v -0.001840 0.007400 -0.002044
v -0.005000 0.006400 0.004500
v -0.005051 0.006400 0.004184
v -0.005000 0.006400 0.007124
v -0.005200 0.006400 0.003900
v -0.005386 0.006400 0.003639
v -0.002512 0.006400 0.001118
v -0.002512 0.007400 0.001118
v -0.002750 0.006400 0.000000
v -0.006274 0.006400 -0.001698
v -0.002512 0.007400 -0.001119
v -0.006274 0.006400 0.001698
v -0.006163 0.006400 0.002067
v -0.002750 0.007400 0.000000
v -0.003691 0.010200 -0.005350
v -0.003335 0.010200 -0.005546
v -0.004686 0.010200 -0.004504
v -0.004713 0.010200 -0.004470
v -0.005492 0.010200 -0.003476
v -0.005000 0.010200 0.007124
v -0.005000 0.010200 0.004500
v -0.005046 0.010200 0.007424
v -0.005051 0.010200 0.004184
v -0.005113 0.010200 0.007560
v -0.005180 0.010200 0.007696
v -0.005365 0.010200 0.003627
v -0.005200 0.010200 0.003900
v -0.005754 0.007880 0.003023
v -0.005762 0.007534 0.003009
v -0.005824 0.007210 0.002886
v -0.005891 0.007028 0.002743
v -0.005935 0.006910 0.002651
v -0.006082 0.006646 0.002293
v -0.005389 0.010200 0.007915
v -0.005999 0.006784 0.008351
v -0.005839 0.007159 0.008243
v -0.005826 0.007229 0.008234
v -0.005754 0.007616 0.008185
v -0.005775 0.008065 0.008199
v -0.006104 0.006613 -0.002233
v -0.005942 0.006894 -0.002634
v -0.005891 0.007028 -0.002744
v -0.005835 0.007174 -0.002865
v -0.005766 0.007497 -0.003000
v -0.005751 0.007814 -0.003029
v -0.005713 0.010200 -0.003035
v -0.006251 0.006426 0.001782
v -0.006157 0.006548 0.002065
v -0.006003 0.006776 -0.000339
v -0.002667 0.006938 0.038344
v -0.004154 0.007502 0.036838
v -0.004284 0.007096 0.036851
v -0.002478 0.007306 0.038309
v 0.009500 0.007700 0.011000
v -0.002249 0.007647 0.038222
v -0.005763 0.007477 0.035370
v -0.003971 0.007897 0.036770
v 0.005761 0.007963 0.011000
v 0.009383 0.008595 0.011000
v -0.005761 0.007541 0.000075
v 0.005761 0.007541 -0.000075
v -0.005641 0.007900 0.035338
v -0.005796 0.008177 0.010300
v -0.001989 0.007949 0.038088
v 0.009318 0.007894 0.025500
v -0.003742 0.008261 0.036646
v 0.000000 0.007400 0.000000
v 0.009418 0.008330 0.020500
v -0.005463 0.008310 0.035248
v -0.005763 0.007914 -0.003007
v -0.005759 0.007914 0.003014
v 0.005763 0.007914 0.003007
v 0.005759 0.007914 -0.003014
v -0.003475 0.008575 0.036470
v -0.009499 0.007739 0.020508
v -0.009457 0.008251 0.020498
v -0.009496 0.007791 0.020550
v 0.005770 0.007963 0.008196
v -0.009483 0.007877 0.020725
v -0.009435 0.008338 0.020498
v 0.007441 0.010394 0.025500
v 0.007167 0.010500 0.025500
v 0.008464 0.009620 0.025500
v 0.008348 0.009726 0.025500
v 0.007989 0.010054 0.025500
v 0.007791 0.010177 0.025500
v 0.006839 0.010627 0.025500
v 0.006520 0.010687 0.025500
v 0.006205 0.010746 0.025500
v 0.005887 0.010760 0.025500
v 0.009318 0.007900 0.025500
v 0.009131 0.008545 0.025500
v 0.008803 0.009170 0.025500
v -0.005233 0.008686 0.035100
v 0.009141 0.008525 0.025500
v 0.005789 0.008144 0.002955
v 0.005841 0.008347 0.000275
v -0.005789 0.008144 -0.002956
v -0.005841 0.008346 -0.000275
v 0.005793 0.008162 -0.002948
v -0.005793 0.008161 0.002949
v -0.001708 0.008197 0.037911
v -0.003186 0.008826 0.036253
v 0.005788 0.008139 0.008208
v 0.005915 0.008546 0.008295
v 0.006112 0.008898 0.011000
v 0.008800 0.009452 0.011000
v -0.008676 0.008402 0.027114
v -0.009032 0.008723 0.023735
v -0.009222 0.008076 0.023694
v -0.005805 0.008174 0.008220
v -0.009363 0.008620 0.020500
v -0.006921 0.008593 0.033791
v -0.006899 0.008610 0.033793
v -0.005879 0.008457 -0.002772
v 0.005879 0.008458 0.002772
v -0.005890 0.008484 0.002750
v 0.005890 0.008485 -0.002749
v -0.008351 0.009022 0.027142
v -0.005889 0.008483 0.008277
v -0.006213 0.009030 0.010300
v -0.006223 0.009021 0.008492
v -0.006094 0.008871 0.008413
v -0.007899 0.008602 0.030510
v -0.004963 0.009006 0.034899
v 0.009383 0.008595 0.020500
v -0.006031 0.008769 -0.002421
v -0.006015 0.008745 -0.002464
v -0.006017 0.008749 0.002458
v -0.006031 0.008769 0.002422
v 0.006031 0.008769 0.002421
v 0.006015 0.008745 0.002464
v 0.006018 0.008750 -0.002456
v 0.006031 0.008769 -0.002422
v -0.002887 0.009007 0.036007
v -0.007193 0.008883 0.032219
v -0.007449 0.009152 0.030524
v -0.008707 0.009345 0.023761
v 0.008854 0.009102 0.025500
v 0.009212 0.008966 0.020500
v 0.006118 0.008894 0.008428
v -0.004667 0.009256 0.034657
v 0.009192 0.009136 0.011000
v -0.007899 0.009576 0.027147
v -0.006473 0.008951 0.033829
v -0.006645 0.009331 0.032208
v -0.009300 0.008869 0.020502
v -0.009192 0.009136 0.010518
v -0.009192 0.009136 0.010300
v -0.006419 0.008994 0.033833
v -0.006001 0.009230 0.033820
v -0.006366 0.009024 0.033832
v -0.001949 0.008883 0.036495
v -0.009074 0.009379 0.020502
v -0.009248 0.008988 0.020502
v -0.006076 0.010200 -0.002308
v -0.006162 0.008966 -0.002069
v -0.006092 0.008869 -0.000177
v 0.005875 0.010200 0.002782
v 0.006162 0.008966 0.002067
v 0.006174 0.008981 0.000509
v -0.005875 0.010200 0.002782
v -0.006162 0.008963 0.002067
v 0.006076 0.010200 -0.002308
v 0.006173 0.008980 -0.002036
v -0.004361 0.009429 0.034388
v -0.006173 0.008980 0.002037
v -0.006337 0.009166 0.001445
v -0.006455 0.009275 0.000760
v -0.006480 0.009295 0.000344
v -0.006500 0.009311 -0.000003
v -0.006452 0.009272 -0.000788
v -0.006343 0.009170 -0.001403
v -0.006327 0.009155 -0.001489
v -0.002598 0.009107 0.035746
v 0.006153 0.008954 0.008451
v 0.006497 0.009309 0.008658
v 0.006555 0.009346 0.008690
v 0.006864 0.009543 0.008860
v 0.006870 0.009546 0.011000
v -0.006132 0.010200 0.002057
v -0.006321 0.010200 -0.001397
v 0.008916 0.009607 0.020500
v 0.006132 0.010200 0.002057
v 0.006312 0.010200 0.001551
v 0.006327 0.009156 0.001488
v 0.006337 0.009166 -0.001444
v 0.006345 0.009172 -0.001403
v 0.006456 0.009275 -0.000758
v 0.006500 0.009311 0.000005
v 0.006479 0.009294 0.000344
v 0.006452 0.009273 0.000786
v -0.005504 0.009431 0.033772
v -0.005757 0.009340 0.033801
v -0.005891 0.009292 0.033816
v -0.003010 0.009249 0.035271
v -0.006400 0.009226 0.008602
v -0.008254 0.009901 0.023771
v -0.006035 0.009657 0.032166
v -0.006794 0.009507 0.008824
v -0.006556 0.009337 0.008689
v 0.009161 0.009167 0.010341
v 0.009192 0.009136 0.010518
v 0.008942 0.009579 0.010461
v 0.008876 0.009695 0.020500
v -0.009191 0.009137 0.010496
v -0.009082 0.009358 0.010494
v -0.006899 0.009602 0.030509
v -0.007346 0.010028 0.027129
v 0.006483 0.010200 0.000343
v -0.006312 0.010200 0.001551
v 0.006321 0.010200 -0.001397
v 0.009081 0.009241 0.010192
v 0.008936 0.009511 0.010156
v -0.006415 0.010200 -0.001046
v -0.009129 0.009199 0.010263
v -0.009078 0.009241 0.010192
v -0.006500 0.010200 0.008660
v -0.006556 0.010191 0.008690
v 0.009044 0.009275 0.010122
v -0.008939 0.009358 0.009997
v -0.008937 0.009511 0.010156
v -0.003495 0.009371 0.034739
v -0.005263 0.009518 0.033744
v -0.005007 0.009562 0.033701
v -0.005132 0.009541 0.033722
v -0.006495 0.010200 0.000257
v -0.006483 0.010200 0.000343
v 0.008856 0.009408 0.009929
v 0.006415 0.010200 -0.001046
v 0.006495 0.010200 0.000257
v 0.006500 0.010200 0.008660
v -0.008856 0.009708 0.020501
v -0.008921 0.009610 0.020501
v -0.008739 0.009885 0.020501
v 0.006555 0.010191 0.008690
v -0.008856 0.009408 0.009927
v -0.008938 0.009575 0.010460
v -0.004067 0.009515 0.034112
v -0.008810 0.009436 0.009887
v 0.008798 0.009449 0.009870
v 0.008642 0.009918 0.010080
v -0.004521 0.009629 0.033615
v -0.004683 0.009618 0.033647
v -0.008768 0.009461 0.009852
v -0.008642 0.009918 0.010080
v 0.008780 0.009462 0.009851
v 0.008566 0.009763 0.009790
v 0.007847 0.009748 0.011000
v -0.008608 0.009557 0.009716
v -0.008566 0.009763 0.009790
v 0.008762 0.009475 0.009833
v 0.008456 0.009610 0.009627
v -0.006981 0.009581 0.008917
v -0.007110 0.010099 0.008983
v 0.008882 0.009687 0.010448
v 0.008625 0.009996 0.010384
v 0.008875 0.009694 0.010446
v -0.008852 0.009705 0.010440
v -0.008720 0.009902 0.010409
v -0.004742 0.009881 0.032268
v -0.005401 0.009853 0.032097
v 0.006870 0.009545 0.008864
v 0.007323 0.009704 0.009086
v 0.007110 0.010099 0.008983
v 0.007802 0.009749 0.009291
v -0.008457 0.009611 0.009625
v -0.007698 0.010353 0.023762
v -0.007239 0.009683 0.009046
v -0.007167 0.010090 0.009012
v -0.007802 0.009749 0.009291
v -0.007692 0.009749 0.009246
v -0.006286 0.009928 0.030466
v -0.006728 0.010353 0.027090
v 0.008337 0.009662 0.009546
v 0.008253 0.010094 0.009694
v -0.008317 0.009661 0.009540
v -0.008238 0.009690 0.009493
v -0.008253 0.010094 0.009694
v -0.008136 0.009858 0.009475
v 0.008322 0.009665 0.009539
v 0.008136 0.009858 0.009475
v 0.007860 0.009747 0.009315
v -0.007694 0.009807 0.009244
v -0.007912 0.009734 0.009342
v 0.008439 0.010136 0.020500
v 0.007694 0.009807 0.009244
v 0.007167 0.010090 0.009012
v -0.007830 0.010105 0.009362
v 0.007847 0.009747 0.009310
v 0.007830 0.010105 0.009362
v 0.008296 0.010273 0.009984
v 0.007159 0.010441 0.009076
v -0.004747 0.009886 0.032236
v -0.005649 0.010122 0.030401
v 0.007906 0.010371 0.009578
v -0.008471 0.010169 0.020500
v -0.005025 0.010183 0.030319
v -0.008350 0.010299 0.020500
v -0.008008 0.010557 0.020501
v -0.008628 0.009997 0.010385
v 0.008254 0.010360 0.010288
v 0.008486 0.010163 0.010350
v -0.008296 0.010273 0.009984
v -0.006086 0.010545 0.027033
v 0.008024 0.010556 0.020500
v -0.008264 0.010369 0.010292
v -0.007076 0.010679 0.023737
v -0.007159 0.010441 0.009076
v 0.007911 0.010569 0.009867
v -0.007906 0.010371 0.009578
v 0.006463 0.010567 0.008723
v 0.007535 0.010590 0.009441
v -0.005107 0.010271 0.029757
v 0.007910 0.010610 0.020500
v -0.006461 0.010566 0.008728
v 0.006429 0.010557 0.000255
v 0.006350 0.010557 -0.001036
v 0.006248 0.010557 0.001535
v 0.006015 0.010557 -0.002285
v 0.005436 0.010557 -0.003441
v 0.005815 0.010557 0.002753
v 0.005340 0.010569 0.007978
v 0.005147 0.010557 0.003860
v 0.004984 0.010570 0.004161
v 0.005107 0.010611 0.007746
v 0.004962 0.010611 0.007450
v 0.004903 0.010563 0.004500
v 0.004912 0.010611 0.007124
v 0.004639 0.010557 -0.004459
v 0.003653 0.010557 -0.005296
v 0.002521 0.010557 -0.005920
v 0.001286 0.010557 -0.006304
v 0.000000 0.010557 -0.006434
v -0.001286 0.010557 -0.006304
v -0.002521 0.010557 -0.005920
v -0.003654 0.010557 -0.005296
v -0.004639 0.010557 -0.004459
v -0.005436 0.010557 -0.003441
v -0.004912 0.010611 0.004500
v -0.004962 0.010611 0.007450
v -0.004912 0.010611 0.007124
v -0.005147 0.010557 0.003860
v -0.004967 0.010611 0.004156
v -0.005107 0.010611 0.007746
v -0.005335 0.010611 0.007985
v -0.006015 0.010557 -0.002285
v -0.005815 0.010557 0.002753
v -0.006350 0.010557 -0.001036
v -0.006248 0.010557 0.001535
v -0.006429 0.010557 0.000255
v -0.005422 0.010575 0.027239
v 0.008023 0.010555 0.010225
v -0.007911 0.010569 0.009867
v -0.008005 0.010554 0.010219
v -0.006429 0.010869 0.023697
v -0.007851 0.010675 0.020501
v -0.007917 0.010625 0.020501
v 0.007499 0.010802 0.009730
v -0.007535 0.010590 0.009441
v 0.007145 0.010752 0.009283
v 0.006463 0.010570 0.008724
v 0.006462 0.010583 0.008726
v -0.006456 0.010611 0.008737
v -0.007145 0.010752 0.009283
v 0.007273 0.010911 0.020500
v -0.005457 0.010608 0.026964
v -0.005476 0.010627 0.026812
v -0.007846 0.010668 0.010174
v 0.008015 0.010562 0.010223
v 0.006126 0.010907 -0.000999
v 0.006202 0.010907 0.000246
v 0.005803 0.010907 -0.002204
v 0.006028 0.010907 0.001481
v 0.005245 0.010907 -0.003320
v 0.005610 0.010907 0.002656
v 0.005141 0.010569 0.003856
v 0.004475 0.010907 -0.004301
v 0.003525 0.010907 -0.005109
v 0.002432 0.010907 -0.005711
v 0.001241 0.010907 -0.006082
v 0.000000 0.010907 -0.006207
v -0.001241 0.010907 -0.006082
v -0.002432 0.010907 -0.005711
v -0.003525 0.010907 -0.005109
v -0.004475 0.010907 -0.004301
v -0.005245 0.010907 -0.003320
v -0.005122 0.010605 0.003842
v -0.005803 0.010907 -0.002204
v -0.005610 0.010907 0.002656
v -0.006126 0.010907 -0.000999
v -0.006028 0.010907 0.001481
v -0.006202 0.010907 0.000246
v 0.007843 0.010661 0.010172
v 0.006929 0.011074 0.020500
v 0.004866 0.010700 0.004500
v 0.004855 0.010693 0.007124
v 0.005335 0.010611 0.007985
v 0.004966 0.010907 0.003724
v 0.004770 0.010911 0.004090
v 0.007486 0.010869 0.010064
v -0.007499 0.010802 0.009730
v -0.007792 0.010707 0.010158
v 0.004679 0.010887 0.004500
v 0.006354 0.010907 0.008914
v 0.007065 0.010973 0.009573
v -0.004773 0.010907 0.004091
v -0.004966 0.010907 0.003724
v 0.004939 0.010907 0.007863
v 0.005210 0.010907 0.008147
v 0.006351 0.010910 0.008917
v 0.004767 0.010907 0.007511
v -0.004855 0.010693 0.004500
v -0.004855 0.010693 0.007124
v -0.004767 0.010907 0.007511
v -0.004939 0.010907 0.007863
v -0.005210 0.010907 0.008147
v -0.006353 0.010907 0.008914
v -0.005794 0.010930 0.023647
v -0.005812 0.010947 0.023467
v -0.006005 0.011200 0.020500
v -0.007295 0.010953 0.020501
v -0.006920 0.011064 0.020501
v -0.007280 0.010961 0.020501
v -0.006654 0.011140 0.020501
v 0.006639 0.011114 0.020500
v 0.004707 0.010907 0.007124
v -0.004707 0.010907 0.004500
v -0.004707 0.010907 0.007124
v -0.007402 0.010894 0.010036
v 0.006003 0.011200 0.020500
v 0.006626 0.011082 0.009398
v -0.007065 0.010973 0.009573
v 0.006984 0.011059 0.009898
v 0.007404 0.010900 0.010037
v -0.007231 0.010976 0.009982
v -0.006646 0.011141 0.020501
v 0.004500 0.011066 0.004500
v 0.004489 0.011049 0.007124
v 0.005825 0.011115 -0.000950
v 0.005898 0.011115 0.000234
v 0.005518 0.011115 -0.002096
v 0.005732 0.011115 0.001408
v 0.004987 0.011115 -0.003157
v 0.005335 0.011115 0.002526
v 0.004255 0.011115 -0.004090
v 0.005207 0.010910 0.008150
v 0.004722 0.011115 0.003541
v 0.004445 0.011132 0.003982
v 0.004433 0.011134 0.007616
v 0.004653 0.011134 0.008063
v 0.004998 0.011132 0.008421
v 0.003352 0.011115 -0.004858
v 0.002313 0.011115 -0.005431
v 0.001180 0.011115 -0.005783
v 0.000000 0.011115 -0.005902
v -0.001180 0.011115 -0.005783
v -0.002313 0.011115 -0.005431
v -0.003352 0.011115 -0.004858
v -0.004256 0.011115 -0.004090
v -0.004987 0.011115 -0.003157
v -0.004489 0.011049 0.004500
v -0.004489 0.011049 0.007124
v -0.004433 0.011134 0.007616
v -0.004653 0.011134 0.008063
v -0.004442 0.011134 0.003981
v -0.004722 0.011115 0.003541
v -0.004996 0.011134 0.008424
v -0.005518 0.011115 -0.002096
v -0.005335 0.011115 0.002526
v -0.005826 0.011115 -0.000950
v -0.005732 0.011115 0.001408
v -0.005898 0.011115 0.000234
v -0.006183 0.011128 0.009209
v -0.006626 0.011082 0.009398
v 0.006191 0.011124 0.009195
v 0.006928 0.011070 0.009878
v 0.006940 0.011067 0.009882
v -0.006938 0.011058 0.009879
v -0.006920 0.011063 0.009873
v -0.006630 0.011143 0.009772
v 0.004358 0.011134 0.007124
v -0.004358 0.011134 0.004500
v -0.004358 0.011134 0.007124
v 0.004354 0.011105 0.004500
v 0.006469 0.011159 0.009710
v 0.006180 0.011128 0.009214
v 0.006353 0.011182 0.009667
v 0.006184 0.011127 0.009208
v -0.006179 0.011134 0.009217
v -0.006470 0.011157 0.009710
v 0.004000 0.011200 0.004500
v 0.004000 0.011200 0.007124
v 0.005454 0.011200 -0.000890
v 0.005522 0.011200 0.000219
v 0.005166 0.011200 -0.001962
v 0.005338 0.011200 -0.001431
v 0.005367 0.011200 0.001318
v 0.005471 0.011200 0.000781
v 0.004670 0.011200 -0.002956
v 0.004688 0.011125 0.003516
v 0.004995 0.011200 0.002365
v 0.003985 0.011200 -0.003830
v 0.003575 0.011200 -0.004214
v 0.002165 0.011200 -0.005085
v 0.003138 0.011200 -0.004549
v 0.001105 0.011200 -0.005415
v 0.000000 0.011200 -0.005527
v -0.001105 0.011200 -0.005415
v -0.002165 0.011200 -0.005085
v -0.003138 0.011200 -0.004549
v -0.002658 0.011200 -0.004846
v -0.003985 0.011200 -0.003830
v -0.004670 0.011200 -0.002956
v -0.004347 0.011200 -0.003412
v -0.004685 0.011126 0.003513
v -0.005167 0.011200 -0.001962
v -0.004995 0.011200 0.002365
v -0.005455 0.011200 -0.000890
v -0.005367 0.011200 0.001318
v -0.005522 0.011200 0.000219
v 0.004421 0.011200 0.003316
v 0.004103 0.011200 0.003868
v -0.004421 0.011200 0.003316
v 0.004996 0.011134 0.008424
v 0.005375 0.011200 0.009137
v 0.006000 0.011200 0.009526
v 0.004778 0.011200 0.008707
v 0.004237 0.011200 0.008069
v 0.004386 0.011200 0.008245
v 0.004008 0.011200 0.007311
v 0.004129 0.011200 0.007712
v -0.004000 0.011200 0.004500
v -0.004103 0.011200 0.003868
v -0.004000 0.011200 0.007124
v -0.004175 0.011200 0.007942
v -0.004127 0.011200 0.007716
v -0.004634 0.011200 0.008586
v -0.004391 0.011200 0.008245
v -0.006000 0.011200 0.009526
v -0.005375 0.011200 0.009137
v -0.004778 0.011200 0.008707
v 0.005500 0.011200 0.000000
v 0.005485 0.011200 0.000217
v 0.005451 0.011200 0.000738
v 0.005317 0.011200 -0.001409
v 0.005385 0.011200 -0.000880
v 0.005089 0.011200 0.002086
v 0.005300 0.011200 0.001301
v 0.005106 0.011200 -0.001939
v 0.004832 0.011200 -0.002627
v 0.004400 0.011200 0.003300
v 0.004945 0.011200 0.002339
v 0.004618 0.011200 -0.002921
v 0.003989 0.011200 -0.003787
v 0.003964 0.011200 -0.003810
v 0.003575 0.011200 -0.004179
v 0.003100 0.011200 -0.004492
v 0.002419 0.011200 -0.004939
v 0.001152 0.011200 -0.005378
v 0.002146 0.011200 -0.005034
v 0.001099 0.011200 -0.005384
v 0.000000 0.011200 -0.005500
v -0.001096 0.011200 -0.005362
v -0.001364 0.011200 -0.005328
v -0.002142 0.011200 -0.005027
v -0.002585 0.011200 -0.004855
v -0.003096 0.011200 -0.004490
v -0.003753 0.011200 -0.004021
v -0.004269 0.011200 -0.003467
v -0.003956 0.011200 -0.003803
v -0.004611 0.011200 -0.002919
v -0.004400 0.011200 0.003300
v -0.004804 0.011200 0.002680
v -0.004998 0.011200 -0.002295
v -0.005323 0.011200 0.001384
v -0.004939 0.011200 0.002341
v -0.005111 0.011200 -0.001943
v -0.005405 0.011200 -0.001020
v -0.005473 0.011200 0.000215
v -0.005332 0.011200 0.001311
v -0.005417 0.011200 -0.000884
v -0.005500 0.011200 0.000000
vn -0.0000 -0.9962 0.0876
vn 0.1339 -0.9869 0.0899
vn 0.0903 -0.9959 -0.0000
vn 0.0901 -0.9959 -0.0000
vn 0.1344 -0.9909 0.0026
vn -0.0000 -1.0000 -0.0000
vn 0.1537 -0.9761 -0.1536
vn 0.1517 -0.9750 -0.1624
vn 0.1162 -0.9776 -0.1756
vn 0.1368 -0.9776 -0.1600
vn 0.1162 -0.9776 -0.1755
vn 0.1554 -0.9776 -0.1421
vn 0.1553 -0.9776 -0.1421
vn 0.1860 -0.9770 -0.1040
vn 0.1873 -0.9818 -0.0321
vn 0.1713 -0.9822 -0.0777
vn 0.1818 -0.9830 -0.0239
vn 0.1818 -0.9833 0.0052
vn 0.2587 -0.9660 -0.0000
vn 0.2576 -0.9616 -0.0943
vn 0.1694 -0.9830 -0.0702
vn 0.1454 -0.9831 -0.1116
vn 0.1455 -0.9830 -0.1116
vn 0.1116 -0.9830 -0.1455
vn 0.1116 -0.9831 -0.1454
vn 0.0702 -0.9830 -0.1694
vn 0.0239 -0.9830 -0.1818
vn 0.0239 -0.9831 -0.1818
vn -0.0239 -0.9830 -0.1818
vn -0.0702 -0.9830 -0.1694
vn -0.1116 -0.9831 -0.1454
vn -0.1116 -0.9830 -0.1455
vn -0.1455 -0.9830 -0.1116
vn -0.1454 -0.9831 -0.1116
vn -0.1694 -0.9830 -0.0702
vn -0.1817 -0.9831 -0.0239
vn -0.1818 -0.9830 -0.0239
vn -0.1818 -0.9833 -0.0000
vn -0.2584 -0.9650 -0.0444
vn -0.2586 -0.9660 0.0051
vn -0.1659 -0.9818 -0.0927
vn -0.1707 -0.9821 -0.0793
vn -0.1554 -0.9776 -0.1421
vn -0.1960 -0.9763 -0.0915
vn -0.1368 -0.9776 -0.1600
vn -0.1553 -0.9776 -0.1421
vn -0.1162 -0.9776 -0.1756
vn -0.1162 -0.9776 -0.1755
vn -0.0506 -0.9987 -0.0000
vn -0.1190 -0.9775 -0.1740
vn -0.0008 -0.9961 0.0888
vn -0.0022 -0.9959 0.0907
vn -0.0036 -0.9957 0.0924
vn 0.0043 -0.9964 0.0841
vn -0.0874 -0.9922 0.0892
vn -0.0879 -0.9961 0.0012
vn -0.1926 -0.9813 -0.0015
vn -0.2343 -0.9642 -0.1244
vn -0.1690 -0.9669 -0.1912
vn -0.2662 -0.9639 -0.0026
vn -0.1926 -0.9813 -0.0014
vn 0.1515 -0.9750 -0.1625
vn -0.0941 -0.9913 0.0916
vn -0.2649 -0.9591 0.0993
vn 0.2662 -0.9639 0.0024
vn 0.2946 -0.9423 -0.1588
vn 0.3071 -0.9426 -0.1315
vn -0.2664 -0.9587 0.0994
vn -0.2678 -0.9635 0.0007
vn 0.5427 -0.8369 -0.0715
vn 0.5441 -0.8390 -0.0036
vn 0.2589 -0.9659 0.0051
vn 0.5428 -0.8368 -0.0715
vn 0.5058 -0.8368 -0.2095
vn 0.4345 -0.8367 -0.3333
vn 0.4344 -0.8368 -0.3333
vn 0.3334 -0.8367 -0.4344
vn 0.3332 -0.8368 -0.4343
vn 0.2096 -0.8368 -0.5059
vn 0.2095 -0.8368 -0.5058
vn 0.0714 -0.8368 -0.5429
vn 0.0715 -0.8368 -0.5429
vn -0.0715 -0.8368 -0.5429
vn -0.0714 -0.8368 -0.5429
vn -0.2095 -0.8368 -0.5058
vn -0.2095 -0.8368 -0.5059
vn -0.3333 -0.8367 -0.4345
vn -0.3333 -0.8368 -0.4343
vn -0.4344 -0.8368 -0.3333
vn -0.4344 -0.8367 -0.3334
vn -0.5059 -0.8367 -0.2096
vn -0.5059 -0.8368 -0.2095
vn -0.5427 -0.8369 -0.0715
vn -0.5429 -0.8367 -0.0716
vn -0.5441 -0.8390 0.0042
vn 0.4841 -0.8321 -0.2707
vn 0.4908 -0.8202 -0.2940
vn 0.1957 -0.9764 -0.0913
vn 0.2578 -0.9616 -0.0943
vn 0.5570 -0.8286 -0.0575
vn -0.5236 -0.8357 -0.1657
vn -0.7068 -0.7066 -0.0326
vn -0.2578 -0.9616 -0.0943
vn -0.1956 -0.9764 -0.0913
vn -0.4781 -0.8308 -0.2851
vn 0.1535 -0.9762 -0.1531
vn 0.1160 -0.9777 -0.1752
vn 0.1552 -0.9776 -0.1419
vn -0.1552 -0.9776 -0.1419
vn -0.1162 -0.9776 -0.1754
vn -0.1537 -0.9761 -0.1535
vn 0.1338 -0.9874 0.0845
vn 0.0868 -0.9927 0.0839
vn 0.0920 -0.9922 0.0840
vn 0.1343 -0.9909 -0.0013
vn 0.3162 -0.8222 -0.4733
vn 0.3142 -0.8223 -0.4745
vn 0.3699 -0.8222 -0.4326
vn 0.3698 -0.8223 -0.4326
vn 0.4199 -0.8223 -0.3841
vn -0.4200 -0.8222 -0.3842
vn -0.4199 -0.8223 -0.3841
vn -0.5010 -0.8189 -0.2801
vn -0.3699 -0.8222 -0.4326
vn -0.3698 -0.8222 -0.4326
vn -0.3142 -0.8223 -0.4745
vn -0.3162 -0.8222 -0.4733
vn -0.2589 -0.9659 -0.0035
vn 0.3881 -0.7761 -0.4970
vn -0.2961 -0.9411 -0.1634
vn -0.3865 -0.7816 -0.4896
vn -0.3836 -0.7792 -0.4957
vn 0.4271 -0.9006 0.0805
vn 0.2730 -0.9575 0.0935
vn 0.4324 -0.9017 0.0040
vn 0.5778 -0.8160 0.0192
vn 0.4284 -0.9036 0.0024
vn 0.2638 -0.9646 -0.0013
vn 0.2674 -0.9636 -0.0013
vn -0.1938 -0.9810 0.0007
vn -0.2551 -0.9490 -0.1854
vn -0.1913 -0.9815 0.0007
vn -0.2534 -0.9493 -0.1861
vn 0.7072 -0.7070 -0.0036
vn 0.6934 -0.6932 -0.1964
vn -0.5445 -0.8388 -0.0036
vn -0.7072 -0.7070 0.0060
vn -0.2748 -0.9562 0.1005
vn -0.2661 -0.9586 0.1012
vn -0.2676 -0.9635 -0.0035
vn -0.3539 -0.9353 0.0017
vn -0.3534 -0.9355 0.0017
vn 0.3041 -0.9433 -0.1331
vn -0.3966 -0.9029 -0.1657
vn -0.4065 -0.9034 -0.1364
vn 0.3071 -0.9425 -0.1316
vn 0.5431 -0.8366 -0.0714
vn 0.5444 -0.8388 0.0059
vn -0.5431 -0.8366 -0.0715
vn 0.0007 -0.9959 0.0899
vn -0.0825 -0.9919 0.0970
vn 0.4162 -0.8922 -0.1753
vn 0.4606 -0.8795 -0.1198
vn 0.3822 -0.7826 -0.4914
vn 0.4651 -0.7611 -0.4521
vn -0.4680 -0.7397 -0.4834
vn -0.4912 -0.7526 -0.4386
vn -0.4418 -0.8910 0.1048
vn -0.4441 -0.8960 0.0011
vn -0.4413 -0.8912 0.1048
vn -0.5014 -0.8652 0.0024
vn -0.4437 -0.8962 -0.0015
vn 0.0008 -0.9960 0.0899
vn -0.0032 -0.9951 0.0990
vn -0.1248 -0.9871 0.1003
vn -0.0819 -0.9911 0.1046
vn 0.4268 -0.9005 0.0831
vn 0.4450 -0.8919 0.0803
vn 0.4457 -0.8916 0.0803
vn 0.4283 -0.9036 0.0024
vn 0.4396 -0.5441 -0.7146
vn 0.4634 -0.5435 -0.6999
vn 0.4634 -0.5437 -0.6998
vn 0.5454 -0.5437 -0.6379
vn 0.5454 -0.5436 -0.6380
vn 0.6192 -0.5437 -0.5665
vn 0.6193 -0.5436 -0.5665
vn 0.7353 -0.5389 -0.4111
vn 0.7354 -0.5442 -0.4039
vn 0.8085 -0.5480 -0.2144
vn 0.8180 -0.5650 -0.1076
vn 0.8228 -0.5683 -0.0023
vn 0.7071 -0.7071 0.0060
vn 0.7622 -0.5651 -0.3158
vn 0.7623 -0.5650 -0.3157
vn 0.6545 -0.5652 -0.5022
vn 0.6545 -0.5651 -0.5022
vn 0.5022 -0.5652 -0.6545
vn 0.5024 -0.5649 -0.6546
vn 0.3158 -0.5649 -0.7623
vn 0.3157 -0.5650 -0.7623
vn 0.1077 -0.5652 -0.8179
vn 0.1077 -0.5650 -0.8180
vn -0.1077 -0.5650 -0.8180
vn -0.1077 -0.5651 -0.8179
vn -0.3157 -0.5649 -0.7623
vn -0.3158 -0.5650 -0.7623
vn -0.5023 -0.5652 -0.6545
vn -0.5023 -0.5649 -0.6547
vn -0.6545 -0.5651 -0.5023
vn -0.6545 -0.5652 -0.5022
vn -0.7622 -0.5652 -0.3156
vn -0.7622 -0.5651 -0.3157
vn -0.8179 -0.5652 -0.1076
vn -0.8180 -0.5650 -0.1077
vn -0.8228 -0.5683 0.0059
vn -0.8369 -0.5392 -0.0940
vn -0.6933 -0.6933 -0.1964
vn -0.7326 -0.5437 -0.4096
vn -0.6193 -0.5437 -0.5665
vn -0.7386 -0.5384 -0.4057
vn -0.5454 -0.5437 -0.6379
vn -0.5454 -0.5437 -0.6380
vn -0.4634 -0.5437 -0.6998
vn -0.4396 -0.5442 -0.7146
vn -0.3969 -0.9028 -0.1656
vn 0.4607 -0.8795 -0.1198
vn 0.7071 -0.7070 0.0136
vn -0.7071 -0.7071 -0.0023
vn -0.5277 -0.8383 -0.1373
vn -0.5232 -0.8392 -0.1485
vn -0.2730 -0.9544 0.1207
vn 0.5278 -0.8307 -0.1770
vn 0.4953 -0.7292 -0.4722
vn 0.5478 -0.7061 -0.4487
vn -0.5469 -0.6867 -0.4790
vn -0.5708 -0.6948 -0.4375
vn -0.0000 -0.0000 1.0000
vn 0.0993 0.0003 0.9951
vn 0.0875 -0.0000 0.9962
vn -0.0009 -0.9941 0.1089
vn -0.0737 -0.9904 0.1170
vn 0.2940 -0.0001 0.9558
vn 0.2703 -0.0003 0.9628
vn 0.4958 -0.4955 -0.7132
vn 0.4623 -0.5045 -0.7292
vn -0.4957 -0.4956 -0.7132
vn -0.4623 -0.5047 -0.7291
vn 0.2942 -0.0001 0.9557
vn 0.2702 0.0004 0.9628
vn 0.4561 -0.0003 0.8899
vn 0.4771 0.0003 0.8788
vn 0.6230 -0.0003 0.7822
vn 0.6424 -0.0002 0.7664
vn 0.6004 -0.7895 -0.1275
vn -0.0015 -0.9950 0.0995
vn 0.6412 -0.0002 0.7674
vn -0.0011 -0.0000 1.0000
vn 0.9658 -0.2593 -0.0022
vn 0.9386 -0.2519 -0.2358
vn -0.9386 -0.2519 -0.2358
vn -0.8225 -0.5688 -0.0023
vn -0.9658 -0.2593 0.0037
vn 0.8177 -0.5655 -0.1076
vn 0.8225 -0.5688 0.0062
vn -0.8177 -0.5655 -0.1076
vn -0.4571 -0.8827 0.1086
vn -0.2741 -0.9540 0.1210
vn -0.4550 -0.8806 0.1327
vn -0.5952 -0.7965 0.1064
vn -0.5985 -0.8011 -0.0015
vn -0.0015 -0.9950 0.0996
vn 0.6232 0.0003 0.7820
vn 0.6417 0.0003 0.7669
vn -0.0015 -0.9946 0.1034
vn 0.7658 -0.0003 0.6430
vn 0.7805 0.0002 0.6252
vn 0.4286 -0.9035 0.0024
vn 0.5819 -0.8133 -0.0012
vn 0.6005 -0.7894 -0.1274
vn -0.0020 -0.9942 0.1076
vn -0.0033 -0.9936 0.1128
vn -0.0020 -0.9940 0.1090
vn -0.0738 -0.9904 0.1170
vn -0.5018 -0.8650 -0.0006
vn -0.5274 -0.8384 -0.1374
vn 0.7670 0.0002 0.6417
vn 0.8781 0.0006 0.4784
vn 0.7804 -0.0038 0.6253
vn -0.5962 -0.7958 0.1064
vn -0.5995 -0.8004 0.0007
vn 0.8783 -0.0003 0.4781
vn 0.8885 0.0003 0.4588
vn 0.9697 -0.2085 -0.1276
vn 0.9697 -0.2084 -0.1276
vn 0.9777 -0.2101 -0.0000
vn 0.9660 -0.2587 0.0037
vn 0.9035 -0.2085 -0.3744
vn 0.9036 -0.2085 -0.3743
vn 0.9037 -0.2083 -0.3742
vn 0.7759 -0.2084 -0.5954
vn 0.7759 -0.2085 -0.5954
vn 0.5953 -0.2085 -0.7760
vn 0.5954 -0.2084 -0.7759
vn 0.3743 -0.2085 -0.9036
vn 0.1277 -0.2084 -0.9697
vn 0.1276 -0.2085 -0.9697
vn -0.1277 -0.2084 -0.9697
vn -0.3743 -0.2085 -0.9036
vn -0.1276 -0.2085 -0.9697
vn -0.5953 -0.2084 -0.7760
vn -0.5954 -0.2085 -0.7759
vn -0.7759 -0.2084 -0.5954
vn -0.7759 -0.2085 -0.5954
vn -0.9036 -0.2083 -0.3743
vn -0.9036 -0.2085 -0.3742
vn -0.9697 -0.2084 -0.1276
vn -0.9697 -0.2085 -0.1276
vn -0.9035 -0.2085 -0.3744
vn -0.9777 -0.2101 0.0033
vn 0.4269 -0.9001 0.0867
vn 0.6009 -0.7951 0.0818
vn -0.0027 -0.9936 0.1128
vn -0.0018 -0.9940 0.1090
vn 0.5282 -0.4425 -0.7247
vn 0.5703 -0.6734 -0.4703
vn -0.5273 -0.4394 -0.7273
vn -0.5294 -0.4404 -0.7251
vn 0.6291 -0.7651 -0.1375
vn 0.6261 -0.6387 -0.4474
vn -0.5462 -0.8253 -0.1430
vn -0.6321 -0.7561 -0.1694
vn -0.6221 -0.6224 -0.4750
vn -0.6451 -0.6256 -0.4387
vn 0.8559 -0.1793 -0.4850
vn 0.7397 -0.5364 -0.4063
vn 0.8579 -0.1846 -0.4795
vn 0.9532 -0.1864 -0.2381
vn -0.9387 -0.2514 -0.2359
vn -0.9686 -0.1846 -0.1663
vn -0.8552 -0.1844 -0.4844
vn -0.7397 -0.5364 -0.4064
vn 0.4560 -0.5476 -0.7016
vn 0.4620 -0.5476 -0.6977
vn 0.6198 -0.5425 -0.5670
vn -0.6199 -0.5424 -0.5671
vn -0.4621 -0.5474 -0.6977
vn -0.4559 -0.5475 -0.7017
vn -0.5201 -0.8541 0.0007
vn 0.9555 -0.0003 0.2948
vn 0.9618 0.0001 0.2738
vn -0.6454 -0.7638 0.0008
vn -0.6596 -0.7419 -0.1202
vn 0.9530 -0.2552 -0.1636
vn -0.9660 -0.2587 -0.0000
vn 0.4762 -0.1693 -0.8629
vn 0.4825 -0.1817 -0.8569
vn 0.5430 -0.1814 -0.8199
vn 0.5429 -0.1814 -0.8200
vn 0.6390 -0.1814 -0.7475
vn 0.6390 -0.1813 -0.7475
vn 0.7256 -0.1813 -0.6638
vn 0.7256 -0.1814 -0.6638
vn -0.7256 -0.1814 -0.6638
vn -0.7256 -0.1813 -0.6638
vn -0.8588 -0.1792 -0.4800
vn -0.6390 -0.1813 -0.7475
vn -0.6390 -0.1814 -0.7475
vn -0.5429 -0.1814 -0.8200
vn -0.5430 -0.1814 -0.8199
vn -0.4768 -0.1817 -0.8601
vn -0.5959 -0.7960 0.1064
vn -0.5991 -0.8006 -0.0028
vn 0.7089 -0.7019 0.0691
vn 0.6011 -0.7944 0.0868
vn 0.7150 -0.6991 0.0041
vn 0.7149 -0.6992 0.0041
vn 0.7106 -0.7036 0.0035
vn 0.6052 -0.7760 -0.1778
vn -0.1158 -0.9835 0.1387
vn -0.2701 -0.9504 0.1546
vn -0.0002 -0.0000 1.0000
vn -0.0001 -0.9929 0.1189
vn 0.9960 -0.0003 0.0889
vn 0.9555 0.0003 0.2949
vn 0.5290 -0.4384 -0.7266
vn 0.4567 -0.1695 -0.8733
vn 0.4823 -0.1676 -0.8598
vn -0.4485 -0.1458 -0.8818
vn -0.4705 -0.1685 -0.8662
vn -0.4823 -0.1676 -0.8598
vn -0.4819 -0.1677 -0.8600
vn 0.0005 -0.9903 0.1391
vn 0.0005 -0.9903 0.1392
vn 0.0011 -0.9902 0.1398
vn 1.0000 -0.0000 -0.0000
vn 0.9950 -0.0000 0.0995
vn -0.0725 -0.9862 0.1486
vn 0.5682 -0.4144 -0.7110
vn 0.6409 -0.6077 -0.4689
vn -0.5600 -0.3973 -0.7270
vn -0.5848 -0.4036 -0.7037
vn 0.7276 -0.6727 -0.1348
vn 0.7258 -0.6736 -0.1399
vn -0.7254 -0.6818 -0.0940
vn -0.6634 -0.7031 -0.2560
vn -0.6265 -0.7712 0.1127
vn -0.4554 -0.8803 0.1328
vn -0.6241 -0.7688 0.1396
vn -0.2733 -0.9493 0.1556
vn -0.4509 -0.8763 0.1696
vn -0.7245 -0.6814 0.1038
vn -0.7285 -0.6850 0.0008
vn 0.6980 -0.5592 -0.4472
vn -0.6917 -0.5465 -0.4721
vn -0.7126 -0.5458 -0.4408
vn -0.0001 -0.0000 1.0000
vn 0.5522 -0.0024 -0.8337
vn 0.4768 0.0010 -0.8790
vn 0.4771 0.0008 -0.8789
vn 0.4655 0.0116 -0.8850
vn 0.5187 0.0061 -0.8549
vn 0.5188 0.0061 -0.8549
vn 0.5520 0.0131 -0.8337
vn 0.6480 -0.0743 -0.7580
vn 0.6498 0.0057 -0.7601
vn 0.6226 0.0057 -0.7825
vn 0.6198 0.0076 -0.7847
vn 0.6028 0.0203 -0.7976
vn 0.5858 0.0384 -0.8096
vn 0.5857 0.0385 -0.8096
vn 0.7379 -0.0000 -0.6750
vn 0.7239 -0.0086 -0.6898
vn 0.8729 -0.0000 -0.4879
vn 0.9856 -0.0000 -0.1692
vn 0.9915 -0.0000 -0.1305
vn 0.9238 -0.0092 -0.3828
vn 0.9847 0.0137 -0.1736
vn 0.9239 -0.0092 -0.3826
vn 0.7933 -0.0092 -0.6088
vn 0.8659 0.0183 -0.4999
vn 0.7933 -0.0092 -0.6087
vn 0.6088 -0.0000 -0.7934
vn 0.6427 0.0137 -0.7660
vn 0.3827 -0.0000 -0.9239
vn 0.1305 -0.0092 -0.9914
vn 0.3420 0.0137 -0.9396
vn 0.1306 -0.0092 -0.9914
vn -0.1305 -0.0092 -0.9914
vn -0.0000 0.0183 -0.9998
vn -0.3827 -0.0000 -0.9239
vn -0.3420 0.0137 -0.9396
vn -0.6088 -0.0000 -0.7934
vn -0.7933 -0.0092 -0.6087
vn -0.6427 0.0137 -0.7660
vn -0.7933 -0.0092 -0.6088
vn -0.9239 -0.0092 -0.3826
vn -0.8659 0.0184 -0.4999
vn -0.9238 -0.0092 -0.3828
vn -0.9915 -0.0000 -0.1305
vn -0.9847 0.0138 -0.1737
vn -1.0000 -0.0000 -0.0000
vn -0.9856 -0.0000 -0.1692
vn -0.8729 -0.0000 -0.4879
vn -0.7379 -0.0000 -0.6750
vn -0.6498 0.0057 -0.7601
vn -0.7239 -0.0086 -0.6898
vn -0.6486 -0.0617 -0.7586
vn -0.5897 0.0336 -0.8069
vn -0.5899 0.0332 -0.8068
vn -0.6182 0.0057 -0.7860
vn -0.5521 0.0066 -0.8338
vn -0.5388 0.0230 -0.8421
vn -0.5514 -0.0519 -0.8326
vn -0.4897 0.0113 -0.8718
vn -0.5265 0.0066 -0.8502
vn -0.4655 0.0115 -0.8850
vn -0.4471 0.0248 -0.8942
vn -0.0699 -0.9836 0.1662
vn -0.1220 -0.9804 0.1545
vn -0.7244 -0.6815 0.1038
vn -0.7698 -0.6383 0.0009
vn -0.7284 -0.6851 -0.0005
vn -0.7762 -0.6198 -0.1156
vn 0.7089 -0.7018 0.0705
vn 0.7375 -0.6718 0.0685
vn 0.8320 -0.5546 0.0103
vn 0.7106 -0.7036 -0.0014
vn -0.2685 -0.9446 0.1890
vn 0.4427 -0.1447 -0.8849
vn 0.4251 -0.1450 -0.8934
vn 0.4594 -0.1390 -0.8773
vn 0.5758 -0.3844 -0.7216
vn 0.4595 -0.1390 -0.8772
vn -0.4573 -0.1680 -0.8733
vn -0.3870 -0.1515 -0.9096
vn -0.4409 -0.1504 -0.8848
vn 0.4660 0.0118 -0.8847
vn -0.4703 -0.0224 -0.8822
vn -0.4402 -0.0022 -0.8979
vn 0.5849 -0.3400 -0.7364
vn 0.6342 -0.3332 -0.6977
vn 0.7060 -0.5317 -0.4679
vn -0.5919 -0.3494 -0.7263
vn -0.6251 -0.3587 -0.6932
vn -0.6041 -0.3603 -0.7108
vn 0.3934 0.0186 -0.9192
vn 0.4331 -0.0060 -0.9013
vn -0.3951 0.0149 -0.9185
vn -0.0010 -0.9844 0.1761
vn -0.0723 -0.9798 0.1866
vn -0.6238 -0.7690 0.1395
vn -0.4531 -0.8750 0.1703
vn -0.6191 -0.7648 0.1783
vn 0.0144 -0.9802 0.1974
vn -0.0010 -0.9844 0.1762
vn -0.0038 -0.9814 0.1918
vn 0.0420 -0.9754 0.2162
vn 0.0145 -0.9802 0.1974
vn -0.0722 -0.9798 0.1866
vn 0.7257 -0.6736 -0.1400
vn -0.7701 -0.6380 -0.0016
vn -0.8149 -0.5707 -0.1007
vn -0.7731 -0.5971 -0.2142
vn -0.2710 -0.9436 0.1904
vn -0.4482 -0.8702 0.2048
vn 0.7454 -0.4478 -0.4938
vn 0.7357 -0.4499 -0.5063
vn 0.8133 -0.5572 -0.1674
vn 0.7912 -0.4293 -0.4355
vn -0.7524 -0.4563 -0.4750
vn -0.7739 -0.4552 -0.4402
vn -0.7709 -0.4562 -0.4445
vn -0.0722 -0.9798 0.1867
vn 0.8354 -0.5370 -0.1172
vn -0.7714 -0.6266 0.1113
vn -0.7687 -0.6239 0.1408
vn -0.8330 -0.5444 0.0987
vn -0.8372 -0.5469 0.0007
vn 0.4269 -0.1848 -0.8852
vn 0.5630 -0.2391 -0.7911
vn -0.4665 -0.1590 -0.8701
vn -0.4636 -0.1554 -0.8723
vn -0.0897 -0.9764 0.1964
vn -0.0899 -0.9764 0.1964
vn -0.2551 -0.9419 0.2183
vn -0.2663 -0.9385 0.2196
vn 0.3933 0.0183 -0.9192
vn -0.3811 0.0446 -0.9234
vn -0.3950 0.0146 -0.9186
vn 0.5731 -0.3636 -0.7344
vn 0.5730 -0.3637 -0.7344
vn 0.7375 -0.3672 -0.5667
vn -0.7745 -0.4620 -0.4320
vn -0.7727 -0.4597 -0.4377
vn -0.6225 -0.3162 -0.7159
vn 0.1095 0.9923 -0.0583
vn 0.2020 0.9794 -0.0064
vn -0.1261 0.9920 0.0024
vn 0.0548 0.9985 0.0005
vn -0.2020 0.9794 -0.0064
vn -0.1173 0.9916 -0.0540
vn -0.3119 0.9492 -0.0417
vn -0.3122 0.9491 -0.0418
vn -0.2964 0.9550 0.0097
vn -0.4416 0.8875 -0.1314
vn -0.3123 0.9491 -0.0418
vn -0.1271 0.9919 0.0024
vn -0.0000 -0.0000 -1.0000
vn 0.0558 0.9984 0.0005
vn 0.1901 0.9817 -0.0059
vn 0.1918 0.9814 -0.0064
vn 0.3633 0.9292 -0.0677
vn 0.3638 0.9290 -0.0680
vn 0.4594 0.8745 -0.1556
vn 0.2964 0.9551 -0.0033
vn 0.7378 -0.6710 0.0737
vn 0.3022 0.9532 -0.0051
vn -0.7692 -0.6390 0.0007
vn -0.7724 -0.5976 -0.2148
vn -0.8333 -0.5439 0.0986
vn -0.8375 -0.5464 -0.0032
vn -0.8708 -0.4916 0.0012
vn -0.8706 -0.4921 0.0012
vn -0.3305 0.9438 0.0004
vn 0.9062 -0.4180 0.0643
vn 0.9080 -0.4189 0.0056
vn 0.8939 -0.4483 0.0034
vn 0.8328 -0.5535 -0.0015
vn 0.8328 -0.5536 -0.0015
vn 0.8353 -0.5371 -0.1173
vn -0.8710 -0.4758 -0.1219
vn -0.4195 -0.8762 0.2372
vn -0.4199 -0.8760 0.2372
vn -0.4201 -0.8759 0.2372
vn -0.4459 -0.8649 0.2303
vn -0.2608 -0.9408 0.2165
vn -0.4499 -0.8691 0.2058
vn -0.0758 -0.9616 0.2636
vn -0.0575 -0.9638 0.2603
vn -0.8331 -0.5442 0.0987
vn -0.8374 -0.5467 -0.0032
vn 0.9068 -0.4187 0.0488
vn 0.8485 -0.5249 0.0665
vn 0.8486 -0.5248 0.0665
vn 0.9079 -0.4192 0.0055
vn -0.6153 -0.7589 0.2130
vn -0.6202 -0.7638 0.1787
vn 0.5090 0.8608 0.0040
vn -0.8712 -0.4909 -0.0000
vn -0.8729 -0.4834 -0.0661
vn -0.8602 -0.4942 -0.1258
vn -0.7682 -0.6246 0.1406
vn -0.7635 -0.6203 0.1798
vn 0.8353 -0.5372 -0.1173
vn -0.0759 -0.9616 0.2637
vn -0.1833 -0.9080 0.3766
vn -0.2186 -0.8947 0.3896
vn -0.2229 -0.8929 0.3912
vn 0.6497 0.7597 -0.0261
vn 0.5085 0.8611 0.0040
vn -0.6499 0.7600 -0.0008
vn -0.3270 0.9450 0.0004
vn -0.5671 0.8222 -0.0487
vn -0.0575 -0.9638 0.2604
vn 0.8823 -0.4330 -0.1844
vn 0.8597 -0.4041 -0.3126
vn 0.7344 -0.4669 -0.4926
vn 0.7341 -0.4673 -0.4927
vn -0.8668 -0.4295 -0.2533
vn -0.8667 -0.4293 -0.2542
vn -0.7781 -0.4196 -0.4674
vn 0.5818 0.8133 0.0031
vn -0.5392 0.8421 0.0100
vn -0.6280 0.7782 -0.0000
vn -0.6445 0.7642 -0.0226
vn -0.6417 0.7667 -0.0210
vn 0.6484 0.7609 -0.0265
vn 0.5806 0.8142 0.0030
vn 0.6489 0.7604 -0.0268
vn 0.6450 0.7638 -0.0232
vn 0.6280 0.7782 -0.0000
vn 0.5797 0.8148 0.0031
vn -0.2230 -0.8929 0.3912
vn -0.0671 -0.9495 0.3065
vn -0.1695 -0.9049 0.3903
vn -0.0688 -0.9483 0.3099
vn -0.3037 -0.8232 0.4796
vn -0.3582 -0.7859 0.5041
vn 0.8970 -0.4421 -0.0000
vn 0.8901 -0.4190 -0.1794
vn 0.0327 -0.9560 0.2916
vn -0.0038 -0.9669 0.2550
vn -0.0038 -0.9670 0.2549
vn -0.8832 -0.4573 0.1045
vn -0.9163 -0.3898 0.0920
vn -0.9202 -0.3916 0.0011
vn -0.3585 -0.7857 0.5042
vn -0.0731 -0.9475 0.3114
vn -0.8803 -0.4545 0.1361
vn 0.7032 0.7110 -0.0074
vn -0.6126 -0.7544 0.2360
vn -0.5710 -0.7820 0.2498
vn -0.5707 -0.7822 0.2498
vn -0.5710 -0.7821 0.2498
vn -0.6161 -0.7582 0.2134
vn -0.7352 0.6779 -0.0013
vn -0.2917 -0.8205 0.4916
vn -0.1932 -0.8875 0.4183
vn -0.6336 0.7731 -0.0294
vn -0.3587 -0.7855 0.5044
vn -0.7592 -0.6158 0.2106
vn -0.7567 -0.6183 0.2125
vn -0.7636 -0.6202 0.1798
vn 0.9425 -0.3341 -0.0000
vn 0.9078 -0.4193 0.0055
vn -0.9200 -0.3919 0.0011
vn -0.9411 -0.3380 -0.0011
vn -0.0731 -0.9474 0.3115
vn -0.4829 -0.6404 0.5973
vn -0.4178 -0.7089 0.5682
vn -0.1329 -0.9005 0.4140
vn -0.0362 -0.9288 0.3688
vn -0.8754 -0.4524 0.1702
vn -0.8862 -0.4342 0.1619
vn -0.8795 -0.4561 0.1358
vn -0.8522 -0.4928 0.1758
vn -0.4831 -0.6401 0.5974
vn -0.1568 -0.8768 0.4545
vn -0.4070 -0.7065 0.5790
vn -0.3100 -0.8004 0.5130
vn 0.8474 0.5310 0.0042
vn -0.9161 -0.3901 0.0920
vn 0.9066 -0.4187 0.0526
vn 0.9315 -0.3606 0.0481
vn -0.4831 -0.6400 0.5975
vn -0.8752 0.4838 0.0011
vn 0.9362 0.3514 0.0041
vn -0.8751 0.4839 0.0011
vn -0.9360 0.3513 -0.0230
vn 0.8579 0.5098 -0.0641
vn -0.6641 -0.7064 0.2450
vn -0.6646 -0.7059 0.2449
vn -0.7033 -0.6675 0.2444
vn -0.7023 -0.6685 0.2448
vn -0.7567 -0.6181 0.2130
vn -0.6653 -0.7052 0.2450
vn -0.7567 -0.6181 0.2129
vn -0.2763 -0.7905 0.5466
vn -0.2052 -0.8402 0.5020
vn -0.1197 -0.9017 0.4155
vn -0.9677 -0.2344 0.0931
vn -0.9718 -0.2360 0.0009
vn -0.5188 -0.5692 0.6379
vn -0.5527 -0.5169 0.6537
vn -0.9678 -0.2340 0.0932
vn -0.9535 -0.2774 0.1181
vn -0.9534 -0.2776 0.1183
vn -0.9551 -0.2736 0.1141
vn -0.9573 -0.2759 0.0869
vn -0.9385 -0.3202 0.1292
vn -0.5093 -0.5671 0.6473
vn -0.4197 -0.6866 0.5937
vn -0.9911 -0.1332 -0.0032
vn -0.9719 -0.2356 0.0009
vn -0.9718 -0.2356 0.0009
vn -0.5517 -0.5186 0.6532
vn 0.9471 0.3206 -0.0129
vn -0.7525 -0.6239 0.2108
vn -0.8605 -0.4679 0.2015
vn -0.8604 -0.4681 0.2016
vn 0.9916 -0.1290 -0.0000
vn 0.9917 -0.1285 -0.0000
vn 0.9910 -0.1284 0.0375
vn 0.9313 -0.3604 0.0533
vn -0.6084 -0.3983 0.6865
vn -0.5239 -0.4786 0.7047
vn -0.8618 -0.0005 0.5073
vn -0.8683 -0.0000 0.4960
vn -0.9104 -0.0000 0.4136
vn -0.3909 -0.6781 0.6223
vn -0.3080 -0.7567 0.5766
vn -0.9637 0.2669 -0.0049
vn -0.6342 0.0287 -0.7727
vn -0.9144 0.0005 0.4048
vn -0.9090 0.0005 0.4167
vn -0.9146 0.0005 0.4043
vn -0.9426 -0.0004 0.3340
vn -0.9426 -0.0004 0.3339
vn -0.1401 -0.8296 0.5404
vn -0.9452 -0.2925 0.1449
vn -0.8995 -0.4035 0.1678
vn -0.9005 -0.4014 0.1675
vn -0.9452 -0.2925 0.1450
vn -0.9479 0.0006 0.3185
vn -0.9428 0.0006 0.3333
vn -0.9624 -0.0006 0.2716
vn -0.9669 -0.0005 0.2553
vn -0.9667 -0.0005 0.2557
vn -0.9624 0.0003 0.2717
vn -0.9355 -0.2250 0.2725
vn -0.9909 -0.1250 0.0494
vn -0.9639 -0.2521 0.0854
vn -0.9847 -0.1600 0.0687
vn 0.9912 -0.1287 0.0303
vn 0.9822 -0.1837 0.0384
vn 0.9821 -0.1841 0.0385
vn 0.9917 -0.1287 -0.0000
vn -0.1400 -0.8296 0.5406
vn -0.6062 -0.4124 0.6801
vn -0.6085 -0.3974 0.6868
vn -0.5933 -0.4096 0.6930
vn -0.5170 -0.5497 0.6562
vn -0.0000 1.0000 -0.0000
vn -0.9945 -0.0000 0.1045
vn -0.9982 -0.0600 -0.0000
vn -0.9945 -0.0000 -0.1045
vn -0.9135 -0.0000 0.4068
vn -0.9135 -0.0000 -0.4068
vn -0.6691 -0.0000 0.7432
vn -0.6691 -0.0000 -0.7432
vn -0.3091 -0.0000 0.9510
vn -0.3091 -0.0000 -0.9510
vn 0.1046 -0.0000 0.9945
vn 0.1046 -0.0000 -0.9945
vn 0.5000 -0.0000 0.8660
vn 0.5000 -0.0000 -0.8660
vn 0.8090 -0.0000 0.5878
vn 0.8090 -0.0000 -0.5878
vn 0.9781 -0.0000 0.2080
vn 0.9781 -0.0000 -0.2080
vn -0.9668 0.0003 0.2555
vn -0.9623 0.0013 0.2718
vn -0.4940 -0.5430 0.6790
vn -0.4134 -0.6452 0.6425
vn -0.9962 -0.0865 0.0053
vn -0.9956 -0.0893 0.0298
vn -0.9962 -0.0865 -0.0005
vn -0.9802 -0.0012 0.1981
vn -0.9765 -0.0001 0.2154
vn -0.2713 -0.7415 0.6136
vn 0.9944 0.1060 0.0044
vn -0.8654 0.0093 0.5010
vn -0.7549 -0.0060 0.6558
vn -0.8108 -0.0011 0.5854
vn -0.8113 -0.0011 0.5847
vn -0.8131 -0.0011 0.5821
vn -0.8683 -0.0005 0.4960
vn -0.9802 -0.0001 0.1978
vn -0.9765 0.0006 0.2153
vn -0.9802 0.0006 0.1979
vn -0.9764 0.0015 0.2159
vn -0.9862 -0.0007 0.1654
vn -0.8652 0.0093 0.5013
vn -0.6158 -0.3896 0.6848
vn -0.2791 -0.8046 0.5240
vn -0.9411 -0.3175 0.1166
vn -0.9928 -0.0734 0.0941
vn -0.9928 -0.0735 0.0941
vn -0.9990 0.0451 0.0030
vn -0.6217 0.0032 -0.7833
vn -0.9862 -0.0002 0.1656
vn -0.9885 -0.0002 0.1512
vn -0.9969 -0.0000 0.0791
vn -0.9956 -0.0004 0.0938
vn -0.9962 0.0001 0.0873
vn -0.9969 -0.0000 0.0786
vn -0.3000 -0.7096 0.6375
vn -0.9923 -0.0005 0.1238
vn -0.9885 0.0005 0.1512
vn -0.9938 -0.0000 0.1112
vn -0.9956 0.0008 0.0938
vn -0.9923 0.0001 0.1239
vn -0.9938 0.0001 0.1111
vn -0.9923 0.0007 0.1240
vn -0.9938 0.0006 0.1112
vn -0.7910 0.0009 0.6118
vn -0.6650 -0.2010 0.7193
vn -0.9972 -0.0000 0.0754
vn -0.9972 -0.0019 0.0747
vn -0.9971 -0.0000 0.0754
vn 0.9944 0.1057 0.0044
vn 0.9971 -0.0750 -0.0099
vn 0.9879 -0.1445 -0.0564
vn -0.9894 -0.1438 -0.0201
vn -0.9990 0.0455 0.0030
vn -0.9895 -0.1447 -0.0000
vn -0.9390 -0.3028 -0.1634
vn -0.9982 -0.0601 -0.0000
vn 0.6236 0.0080 -0.7817
vn -0.3823 -0.6324 0.6738
vn -0.6752 -0.2469 0.6951
vn -0.6558 -0.2427 0.7148
vn -0.5971 -0.3966 0.6973
vn -0.5805 -0.3918 0.7138
vn -0.5079 -0.5148 0.6907
vn -0.9973 -0.0000 0.0741
vn -0.9972 -0.0000 0.0741
vn -0.9972 0.0005 0.0743
vn -0.9973 -0.0007 0.0740
vn -0.9986 -0.0219 0.0489
vn -0.9993 -0.0088 0.0358
vn -1.0000 -0.0066 -0.0000
vn 0.9933 -0.1156 -0.0000
vn 0.6187 -0.0082 -0.7856
vn 0.9997 -0.0000 0.0245
vn 0.9985 -0.0463 0.0286
vn -0.3587 -0.6943 0.6239
vn -0.4791 -0.5027 0.7195
vn -0.4263 -0.5683 0.7038
vn -0.6187 -0.0104 -0.7856
vn 0.9985 -0.0465 0.0286
vn -0.7908 0.0009 0.6121
vn -0.6988 -0.1544 0.6985
vn -0.6472 -0.2324 0.7260
vn -0.5877 -0.3709 0.7191
vn -0.6570 -0.2353 0.7162
vn -0.6804 -0.0914 0.7271
vn -0.6935 -0.0807 0.7160
vn -0.6699 -0.0923 0.7367
vn -0.6809 -0.0915 0.7267
vn -0.6785 -0.0911 0.7289
vn -0.6969 -0.0706 0.7137
vn -0.7103 -0.0004 0.7039
vn -0.7277 -0.0000 0.6859
vn -0.4516 -0.5682 0.6879
vn -0.5681 -0.3627 0.7387
vn -0.5788 -0.3517 0.7358
vn -0.4774 -0.5077 0.7171
vn 0.9517 -0.3069 -0.0000
vn -0.0000 1.0000 0.0001
vn -0.5294 -0.5329 0.6601
vn -0.7114 -0.0000 0.7028
vn -0.7254 -0.0000 0.6883
vn -0.7099 -0.0000 0.7043
vn -0.7284 0.0004 0.6852
vn -0.6993 -0.0000 0.7149
vn -0.6917 -0.0782 0.7180
vn -0.6499 -0.2198 0.7275
vn -0.6955 -0.0703 0.7151
vn -0.4922 -0.4259 0.7592
vn -0.7071 -0.0000 0.7071
vn -0.7070 -0.0000 0.7072
vn 0.7964 -0.6047 -0.0000
vn -0.7964 -0.6047 -0.0000
vn -0.6404 -0.2158 0.7371
vn -0.5503 -0.3372 0.7638
vn -0.8234 -0.5671 -0.0192
vn -0.8157 -0.5779 -0.0244
vn 0.9938 0.0014 -0.1115
vn 0.9755 -0.0013 -0.2200
vn 0.9985 -0.0000 -0.0554
vn 0.8159 -0.5780 -0.0126
vn -0.9985 -0.0000 -0.0554
vn -0.5622 -0.4045 0.7213
vn 0.7631 -0.6423 -0.0718
vn 0.8183 -0.5740 -0.0306
vn -0.9755 0.0013 -0.2200
vn 0.9354 -0.0005 -0.3537
vn 0.8871 -0.0016 -0.4617
vn -0.8871 0.0018 -0.4616
vn -0.9941 -0.0015 -0.1081
vn 0.8068 -0.5907 -0.0119
vn -0.8869 0.0005 -0.4619
vn -0.9380 0.0005 -0.3467
vn -0.8172 -0.5757 -0.0268
vn 0.7144 -0.0065 -0.6997
vn 0.8869 -0.0005 -0.4619
vn 0.9365 0.0051 -0.3506
vn -0.7740 -0.6332 0.0055
vn 0.7971 0.0002 -0.6039
vn -0.6693 -0.1389 0.7299
vn -0.6692 -0.1389 0.7300
vn -0.6545 -0.0496 0.7544
vn -0.5947 -0.2594 0.7609
vn -0.6504 -0.1398 0.7466
vn -0.6914 -0.0648 0.7196
vn 0.7325 -0.6807 0.0085
vn -0.7144 0.0065 -0.6998
vn 0.5574 -0.8302 0.0083
vn 0.6385 -0.7530 -0.1590
vn -0.9388 -0.0053 -0.3444
vn -0.8065 -0.0004 -0.5913
vn -0.7101 -0.0009 -0.7041
vn -0.7751 -0.6318 0.0055
vn 0.7105 0.0002 -0.7037
vn 0.7983 0.0008 -0.6023
vn -0.5574 -0.8301 -0.0176
vn 0.6387 -0.7527 -0.1595
vn -0.7124 0.0023 -0.7018
vn -0.6062 -0.0008 -0.7953
vn -0.6081 -0.0008 -0.7938
vn -0.6469 -0.7402 -0.1834
vn 0.7967 0.0008 -0.6043
vn -0.6089 -0.7857 -0.1096
vn 0.5666 0.0011 -0.8240
vn -0.7045 -0.2292 0.6717
vn 0.5749 -0.8148 -0.0740
vn -0.4514 -0.0001 -0.8923
vn -0.3324 -0.0024 -0.9431
vn 0.4052 -0.9143 -0.0000
vn 0.4052 -0.9142 -0.0000
vn -0.4052 -0.9142 -0.0000
vn -0.4051 -0.9143 -0.0000
vn -0.5010 -0.8650 -0.0273
vn 0.2627 -0.0002 -0.9649
vn 0.4507 0.0011 -0.8926
vn 0.7134 -0.0043 -0.7007
vn -0.5009 -0.8651 -0.0272
vn 0.2620 -0.0011 -0.9651
vn 0.4517 -0.0001 -0.8922
vn 0.5746 -0.8151 -0.0738
vn -0.4510 0.0005 -0.8925
vn -0.3302 0.0005 -0.9439
vn 0.4492 -0.8934 -0.0094
vn -0.1486 -0.0009 -0.9889
vn -0.3304 0.0011 -0.9438
vn -0.6797 -0.0850 0.7285
vn -0.4006 -0.9162 -0.0045
vn 0.0507 -0.0000 -0.9987
vn 0.1486 0.0008 -0.9889
vn -0.3542 -0.9352 -0.0000
vn 0.3542 -0.9352 -0.0000
vn -0.0847 -0.0000 -0.9964
vn -0.0869 -0.9962 -0.0000
vn 0.0869 -0.9962 -0.0000
vn -0.7072 -0.0000 0.7070
vn -0.6895 0.0643 0.7214
vn -0.1084 0.9941 -0.0000
vn 0.2548 0.9670 -0.0000
vn 0.3558 0.9158 -0.1864
vn -0.0870 0.9962 -0.0000
vn 0.4052 0.9142 -0.0000
vn -0.6505 0.1247 0.7492
vn -0.6886 0.0672 0.7221
vn -0.6872 0.1434 0.7122
vn -0.3542 0.9352 -0.0000
vn -0.5749 0.8149 -0.0741
vn -0.5748 0.8150 -0.0740
vn -0.4491 0.8934 -0.0094
vn -0.5574 0.8302 0.0083
vn -0.6385 0.7530 -0.1590
vn -0.6388 0.7526 -0.1597
vn -0.5546 0.8321 -0.0000
vn -0.6188 0.2207 0.7539
vn 0.4076 0.9063 -0.1112
vn 0.5490 0.8350 0.0362
vn 0.5485 0.8354 0.0360
vn 0.5493 0.8349 0.0360
vn 0.6554 0.7537 -0.0489
vn 0.6554 0.7534 -0.0540
vn 0.7964 0.6048 -0.0000
vn 0.6716 0.7216 -0.1681
vn -0.6886 0.0672 0.7220
vn -0.6932 0.0754 0.7168
vn -0.5549 0.3397 0.7594
vn -0.7335 0.1910 0.6523
vn -0.8079 -0.5859 -0.0639
vn -0.7376 0.6752 -0.0000
vn -0.8758 0.4827 -0.0037
vn 0.8766 -0.3342 -0.3463
vn 0.8111 0.5850 -0.0000
vn 0.7754 0.6311 -0.0199
vn 0.9565 0.0358 0.2895
vn 0.7912 0.6115 0.0075
vn 0.7707 0.6363 -0.0333
vn 0.8423 0.5390 -0.0000
vn 0.5670 0.0476 -0.8223
vn 0.8959 0.0355 0.4428
vn 0.8853 -0.0000 -0.4651
vn 0.8907 -0.0005 -0.4546
vn 0.9015 -0.0060 -0.4327
vn 0.9015 -0.0059 -0.4328
vn 0.9149 -0.0346 -0.4022
vn 0.9186 -0.1461 -0.3673
vn 0.6450 0.0075 -0.7641
vn 0.8944 0.0081 -0.4472
vn 0.8117 -0.0126 -0.5839
vn 0.7242 -0.0000 -0.6896
vn 0.7745 0.0061 -0.6326
vn 0.5932 -0.0000 -0.8050
vn 0.5874 0.0024 -0.8093
vn 0.5793 0.0078 -0.8151
vn 0.5700 0.0225 -0.8213
vn 0.8629 -0.0050 0.5053
vn 0.8660 -0.3048 0.3964
vn 0.8916 -0.1121 0.4387
vn 0.8832 -0.0454 0.4668
vn 0.8831 -0.0450 0.4670
vn 0.8731 -0.0189 0.4872
vn 0.8513 0.0064 0.5246
vn 0.8562 0.0064 0.5166
vn 0.8146 -0.0000 0.5801
vn 0.8858 -0.0000 0.4640
vn 0.8975 -0.0030 -0.4411
vn 0.9740 0.0061 -0.2265
vn 0.9871 -0.0000 0.1604
vn 0.9884 -0.0000 -0.1517
vn 0.7869 0.0011 -0.6171
vn 0.7878 0.0011 -0.6159
vn 0.6261 -0.0015 -0.7797
vn 0.6476 -0.0141 -0.7618
vn 0.3948 -0.0156 -0.9186
vn 0.4823 0.0074 -0.8760
vn 0.4822 0.0074 -0.8760
vn 0.1349 -0.0119 -0.9908
vn 0.2973 0.0078 -0.9547
vn 0.2974 0.0078 -0.9547
vn -0.1349 -0.0119 -0.9908
vn -0.1005 -0.0000 -0.9949
vn 0.1005 -0.0000 -0.9949
vn -0.3948 -0.0156 -0.9186
vn -0.2974 0.0078 -0.9547
vn -0.2973 0.0078 -0.9547
vn -0.4822 0.0074 -0.8760
vn -0.4823 0.0074 -0.8760
vn -0.6477 -0.0141 -0.7618
vn -0.6261 -0.0015 -0.7797
vn -0.7865 0.0011 -0.6176
vn -0.7870 0.0011 -0.6170
vn -0.8117 -0.0126 -0.5839
vn -0.9871 -0.0000 0.1600
vn -0.9884 -0.0000 -0.1517
vn -0.9740 0.0061 -0.2265
vn -0.8857 -0.0000 0.4643
vn -0.8975 -0.0030 -0.4411
vn -0.7745 0.0061 -0.6326
vn -0.8145 0.0064 0.5801
vn -0.8562 -0.0000 0.5166
vn -0.8606 -0.0023 0.5092
vn -0.8721 -0.0173 0.4890
vn -0.8823 -0.0416 0.4688
vn -0.8823 -0.0414 0.4689
vn -0.8910 -0.1027 0.4422
vn -0.8908 -0.1126 0.4402
vn -0.8514 0.0064 0.5245
vn -0.7242 -0.0000 -0.6896
vn -0.5674 0.0319 -0.8228
vn -0.5763 0.0113 -0.8172
vn -0.5843 0.0041 -0.8116
vn -0.5846 0.0039 -0.8113
vn -0.5963 -0.0015 -0.8028
vn -0.5920 -0.0000 -0.8060
vn -0.9152 -0.1781 -0.3615
vn -0.9164 -0.0399 -0.3982
vn -0.9028 -0.0075 -0.4301
vn -0.9026 -0.0073 -0.4305
vn -0.8918 -0.0007 -0.4525
vn -0.8856 -0.0000 -0.4645
vn -0.8943 0.0081 -0.4473
vn -0.5776 0.0072 -0.8163
vn -0.9542 -0.0777 0.2888
vn -0.9535 0.0372 0.2991
vn -0.8112 0.5848 -0.0000
vn -0.7940 0.6079 -0.0098
vn -0.7688 0.6393 0.0157
vn -0.8123 0.5832 -0.0000
vn -0.8711 0.4902 -0.0315
vn -0.8183 0.5740 -0.0306
vn -0.8159 0.5781 -0.0123
vn -0.8068 0.5907 -0.0119
vn -0.7326 0.6806 0.0085
vn -0.7998 0.6003 0.0057
vn 0.8020 0.5973 -0.0072
vn -0.5139 0.3932 0.7624
vn 0.8537 0.5207 -0.0035
vn 0.7913 0.6114 0.0075
vn -0.8000 0.6000 0.0056
vn -0.6404 0.2160 0.7370
vn -0.6515 0.2207 0.7258
vn -0.6457 0.2318 0.7276
vn -0.6937 0.0695 0.7169
vn -0.5788 0.3518 0.7357
vn -0.5683 0.3627 0.7385
vn -0.8438 -0.5367 -0.0049
vn 0.8645 0.5027 -0.0022
vn -0.8640 0.5035 0.0029
vn -0.8719 0.4896 -0.0020
vn 0.8720 0.4895 0.0027
vn -0.8440 -0.5364 -0.0048
vn -0.7633 0.6421 -0.0718
vn -0.6944 0.0697 0.7162
vn -0.8690 -0.4948 -0.0000
vn 0.9351 0.3542 0.0051
vn 0.9407 0.3391 -0.0083
vn 0.9137 0.4065 0.0001
vn -0.9354 0.3536 -0.0066
vn -0.9398 0.3416 0.0062
vn -0.9136 0.4066 -0.0001
vn -0.9207 0.3903 -0.0042
vn 0.9478 0.3190 0.0024
vn -0.5016 0.5227 0.6893
vn -0.4740 0.5090 0.7185
vn -0.4807 0.5036 0.7179
vn -0.6950 0.0805 0.7145
vn -0.6954 0.0797 0.7142
vn -0.5907 0.3721 0.7160
vn -0.5775 0.3911 0.7166
vn 0.9893 0.1446 -0.0210
vn 0.9480 0.3181 0.0024
vn -0.9693 0.2460 -0.0001
vn -0.9385 0.3446 -0.0194
vn 0.9692 0.2461 0.0001
vn 0.9386 0.3445 0.0194
vn 0.9430 0.3324 -0.0178
vn -0.9427 0.3331 0.0180
vn -0.6749 0.0900 0.7324
vn -0.6581 0.2355 0.7151
vn -0.6548 0.2426 0.7159
vn -0.6762 0.0902 0.7311
vn -0.6751 0.0900 0.7322
vn -0.9830 0.1834 0.0033
vn -0.9783 0.2073 -0.0013
vn 0.9783 0.2073 0.0013
vn -0.6903 0.1014 0.7164
vn -0.9819 0.1892 0.0002
vn 0.9821 0.1885 -0.0001
vn -0.9994 0.0245 -0.0261
vn -0.9832 0.1826 0.0033
vn -0.3719 0.6278 0.6838
vn -0.5265 0.5138 0.6773
vn 0.9952 0.0918 0.0325
vn -0.5123 0.5167 0.6860
vn -0.4897 0.5418 0.6832
vn 0.9947 0.1022 -0.0112
vn -0.3242 0.6845 0.6529
vn -0.6639 0.2445 0.7068
vn -0.6669 0.2339 0.7075
vn 0.9910 0.1287 0.0357
vn 0.9935 0.1103 0.0294
vn -0.9989 0.0475 0.0010
vn 0.9989 0.0471 -0.0010
vn -0.5990 0.3974 0.6952
vn -0.5913 0.4092 0.6949
vn -0.9998 0.0217 -0.0002
vn 0.9998 0.0207 0.0002
vn -0.9936 -0.1122 -0.0131
vn -0.9911 -0.1319 0.0175
vn -1.0000 0.0009 0.0006
vn 0.9935 -0.1128 0.0131
vn 0.9914 -0.1297 -0.0172
vn 1.0000 0.0008 -0.0006
vn -0.6628 0.2398 0.7093
vn -0.9989 -0.0454 -0.0076
vn -0.4192 0.6476 0.6363
vn -0.3853 0.6763 0.6278
vn -0.3241 0.6846 0.6529
vn 0.9917 0.1287 -0.0000
vn 0.9916 0.1290 -0.0000
vn -0.9911 0.1332 -0.0000
vn -0.9596 0.0740 -0.2715
vn -0.9972 -0.0005 0.0743
vn -0.9973 -0.0002 0.0739
vn -0.9969 0.0780 -0.0051
vn -0.9962 0.0819 -0.0282
vn 0.9948 -0.1020 0.0031
vn 0.5849 -0.0019 -0.8111
vn -0.9956 0.0885 0.0304
vn -0.9972 -0.0002 0.0742
vn -0.8630 0.0125 -0.5051
vn 0.8622 0.0127 0.5065
vn -0.9972 0.0014 0.0749
vn -0.9314 0.2345 0.2783
vn -0.9906 0.1280 0.0489
vn -0.8642 0.0142 0.5029
vn 0.8701 0.0129 -0.4927
vn 0.0001 -0.0000 1.0000
vn 0.9967 0.0767 0.0265
vn -0.5200 0.5506 0.6530
vn -0.5063 0.5665 0.6502
vn -0.6009 0.4113 0.6855
vn -0.6618 0.2435 0.7090
vn 0.9612 0.2726 0.0427
vn 0.8631 0.0133 0.5049
vn 0.9832 -0.1823 -0.0006
vn 0.9936 -0.1122 0.0108
vn -0.8641 0.0126 -0.5031
vn -0.9833 -0.1819 0.0006
vn -0.9936 -0.1120 -0.0108
vn 0.8674 0.0129 -0.4974
vn 0.9909 -0.1344 -0.0071
vn -0.8646 0.0144 0.5022
vn -0.9910 -0.1338 0.0071
vn -0.1422 0.8161 0.5601
vn -0.2918 0.7505 0.5930
vn -0.3150 0.7596 0.5691
vn -0.2693 0.7884 0.5531
vn 0.9947 -0.1023 0.0031
vn 0.5854 -0.0018 -0.8108
vn 0.9551 -0.2962 -0.0095
vn 0.9360 -0.3513 -0.0224
vn -0.9848 0.1601 0.0668
vn -0.9446 0.2993 0.1346
vn -0.9403 0.3151 0.1288
vn -0.9598 0.2587 0.1093
vn -0.9597 0.2589 0.1094
vn -0.9540 0.2725 0.1253
vn -0.9906 0.0791 0.1115
vn -0.9656 0.2458 0.0845
vn -0.9654 0.2468 0.0846
vn -0.9644 -0.2645 0.0044
vn -0.5768 -0.0042 -0.8169
vn -0.9249 0.3435 0.1628
vn -0.9661 0.2442 0.0844
vn -0.9571 0.2757 0.0894
vn -0.1420 0.8163 0.5600
vn -0.4661 0.5372 0.7030
vn -0.4786 0.5280 0.7015
vn -0.5982 0.4263 0.6785
vn -0.9251 0.3431 0.1627
vn 0.5751 -0.0048 -0.8180
vn -0.8870 0.0150 -0.4615
vn -0.9607 -0.2777 0.0024
vn 0.8790 0.0260 0.4761
vn 0.9606 -0.2778 -0.0024
vn -0.8803 0.0273 0.4736
vn -0.9575 -0.2885 -0.0023
vn 0.8886 0.0153 -0.4584
vn 0.9572 -0.2893 0.0023
vn -0.8756 0.4525 0.1691
vn -0.8969 0.4152 0.1523
vn -0.9646 -0.2639 0.0044
vn -0.5771 -0.0041 -0.8166
vn -0.8984 -0.4391 0.0071
vn -0.7793 -0.6179 -0.1045
vn -0.8883 -0.4584 -0.0286
vn -0.4852 0.5229 0.7008
vn -0.8675 0.4599 0.1893
vn -0.8578 0.4832 0.1753
vn -0.2025 0.8420 0.5001
vn -0.9693 0.2458 0.0013
vn -0.4237 0.6876 0.5896
vn -0.4030 0.7056 0.5828
vn -0.8675 0.4599 0.1895
vn -0.5228 0.5701 0.6337
vn 0.9905 0.1284 0.0499
vn 0.9917 0.1286 -0.0000
vn -0.2577 0.7965 0.5470
vn -0.9694 0.2456 0.0013
vn -0.8533 -0.5207 -0.0270
vn -0.9064 -0.4223 -0.0049
vn -0.9029 -0.4298 0.0051
vn -0.8486 -0.5286 0.0231
vn -0.9121 -0.4099 0.0001
vn 0.8533 -0.5207 0.0269
vn 0.9063 -0.4226 0.0049
vn 0.9028 -0.4300 -0.0051
vn 0.8472 -0.5307 -0.0235
vn 0.9121 -0.4099 -0.0001
vn -0.8680 0.4592 0.1892
vn -0.7896 0.5748 0.2148
vn -0.1077 0.8993 0.4240
vn -0.1563 0.8767 0.4550
vn -0.7616 0.6158 0.2019
vn -0.7583 0.6149 0.2164
vn -0.7638 0.6096 0.2121
vn -0.8795 0.4560 0.1361
vn -0.8803 0.4546 0.1357
vn -0.1082 0.8990 0.4243
vn -0.9069 0.0231 -0.4207
vn 0.8966 0.0488 0.4401
vn -0.7143 0.6560 0.2438
vn -0.5639 -0.0099 -0.8258
vn -0.8974 0.0505 0.4383
vn 0.9080 0.0240 -0.4184
vn -0.7130 0.6571 0.2445
vn -0.6272 0.7540 0.1951
vn 0.8949 0.4436 0.0497
vn 0.8946 0.4438 0.0520
vn 0.9067 0.4187 0.0501
vn 0.8636 -0.5043 0.0027
vn 0.5606 -0.0117 -0.8280
vn -0.3147 0.8019 0.5079
vn -0.2869 0.8195 0.4962
vn -0.6164 0.7484 0.2447
vn 0.9425 0.3341 0.0039
vn 0.9079 0.4192 -0.0000
vn -0.7636 0.6202 0.1797
vn -0.7635 0.6203 0.1797
vn -0.6182 0.7481 0.2412
vn -0.6112 0.7528 0.2444
vn -0.5179 0.5823 0.6267
vn -0.9655 0.2438 0.0913
vn -0.9413 0.3375 0.0013
vn -0.9694 0.2454 -0.0040
vn -0.9411 0.3380 -0.0000
vn -0.5177 0.5826 0.6266
vn -0.4273 0.7109 0.5586
vn -0.3970 0.7344 0.5505
vn -0.3969 0.7345 0.5504
vn 0.0644 0.9554 0.2883
vn -0.0877 0.9121 0.4005
vn -0.8831 0.4574 0.1043
vn -0.9097 0.4045 0.0939
vn -0.9094 0.4051 0.0939
vn -0.9272 0.0465 -0.3718
vn 0.9145 0.0942 0.3934
vn -0.9155 0.0973 0.3903
vn 0.9279 0.0477 -0.3697
vn -0.8944 0.0069 -0.4472
vn -0.9376 -0.0024 -0.3476
vn -0.8520 -0.5235 0.0001
vn -0.8308 -0.5566 0.0021
vn 0.8557 -0.0367 0.5162
vn 0.9349 0.0126 0.3548
vn 0.8292 -0.5590 -0.0001
vn 0.8329 -0.5534 0.0008
vn -0.9357 0.0134 0.3524
vn -0.8557 -0.0365 0.5162
vn -0.8275 -0.5614 -0.0020
vn 0.8944 0.0070 -0.4472
vn 0.9388 -0.0026 -0.3445
vn 0.8292 -0.5589 -0.0001
vn -0.1987 0.8890 0.4126
vn -0.1641 0.9037 0.3956
vn -0.8284 -0.5601 -0.0021
vn -0.7571 -0.6532 0.0052
vn -0.7271 -0.6863 0.0158
vn -0.7332 -0.6800 0.0107
vn -0.7375 -0.6752 -0.0116
vn -0.7332 -0.6798 -0.0173
vn -0.7335 -0.6794 -0.0171
vn -0.7618 -0.6478 -0.0051
vn -0.9135 0.4069 0.0009
vn -0.5452 -0.0243 -0.8379
vn -0.6162 0.7581 0.2134
vn 0.0123 0.9609 0.2765
vn -0.0400 0.9473 0.3178
vn 0.8634 -0.5044 0.0027
vn 0.5605 -0.0118 -0.8281
vn 0.7191 -0.6949 -0.0039
vn 0.5576 -0.8284 -0.0538
vn 0.5580 -0.8281 -0.0537
vn 0.6500 -0.7600 -0.0008
vn -0.6179 0.7483 0.2412
vn 0.5399 -0.0301 -0.8412
vn -0.9419 0.0249 0.3349
vn -0.9338 0.0249 0.3569
vn -0.9657 0.0167 -0.2593
vn -0.9586 0.0306 -0.2831
vn 0.9064 0.4185 0.0571
vn 0.7981 0.6012 0.0408
vn 0.9079 0.4192 0.0055
vn 0.9419 0.0258 0.3349
vn 0.9420 0.0258 0.3347
vn 0.9620 -0.0024 0.2731
vn 0.7530 -0.6581 -0.0008
vn -0.9608 0.0271 0.2759
vn 0.9621 0.0153 -0.2724
vn 0.7488 -0.6628 -0.0000
vn 0.7020 -0.7121 -0.0085
vn 0.7046 -0.7096 -0.0081
vn 0.7053 -0.7088 -0.0077
vn 0.7185 -0.6954 0.0096
vn 0.7185 -0.6955 0.0093
vn 0.7173 -0.6967 0.0117
vn -0.9138 0.4062 0.0009
vn -0.4712 0.8483 0.2416
vn -0.2569 0.8570 0.4468
vn -0.3184 0.8263 0.4647
vn -0.2570 0.8569 0.4469
vn -0.4010 0.7404 0.5394
vn -0.0860 0.9422 0.3238
vn -0.7547 -0.6561 0.0074
vn -0.5455 -0.0241 -0.8378
vn -0.7682 0.6246 0.1407
vn -0.7688 0.6238 0.1405
vn -0.4442 0.8633 0.2397
vn -0.4729 0.8507 0.2293
vn -0.5907 -0.8064 -0.0281
vn -0.5945 -0.8037 -0.0257
vn -0.6449 -0.7639 -0.0230
vn -0.6280 -0.7782 -0.0000
vn 0.8711 0.4911 -0.0000
vn 0.8728 0.4836 -0.0662
vn 0.9080 0.4189 0.0056
vn 0.8711 0.4912 0.0001
vn -0.7085 0.7058 0.0002
vn -0.6702 0.7422 -0.0000
vn -0.8968 0.4424 -0.0001
vn -0.8973 0.4411 -0.0136
vn -0.8928 0.4379 -0.1056
vn -0.6154 0.7590 0.2129
vn -0.6203 0.7638 0.1783
vn -0.6191 0.7647 0.1786
vn -0.9837 0.0214 -0.1784
vn 0.9902 0.0060 0.1398
vn 0.9813 0.0557 0.1840
vn -0.9852 0.0063 0.1710
vn -0.9422 -0.0114 0.3348
vn 0.9654 0.0272 -0.2592
vn 0.9842 0.0236 -0.1752
vn -0.6489 -0.7604 -0.0267
vn 0.8669 0.4293 -0.2534
vn 0.8603 0.4941 -0.1251
vn 0.7969 0.6000 0.0705
vn -0.9655 0.0215 -0.2594
vn -0.9847 -0.0094 -0.1739
vn 0.9846 0.0236 -0.1733
vn 0.6171 -0.7842 -0.0647
vn -0.8538 0.4927 -0.1680
vn 0.6157 -0.7873 -0.0321
vn -0.7937 0.5635 -0.2291
vn -0.5568 -0.0073 -0.8306
vn -0.4682 0.0050 -0.8836
vn -0.4900 0.0004 -0.8717
vn -0.4731 0.8506 0.2292
vn 0.6158 -0.7872 -0.0324
vn -0.8435 0.3933 -0.3658
vn -0.8807 0.4375 -0.1814
vn -0.0057 0.9736 0.2282
vn -0.0392 0.9656 0.2570
vn -0.2640 0.8676 0.4214
vn -0.1977 0.9110 0.3621
vn -0.1047 0.9357 0.3369
vn -0.1049 0.9356 0.3371
vn -0.9979 0.0226 -0.0609
vn -0.9978 0.0239 -0.0621
vn 0.9982 -0.0038 0.0606
vn -0.9896 0.0338 0.1397
vn -0.9983 -0.0033 0.0582
vn -0.5805 -0.8143 0.0030
vn 0.7780 0.4195 -0.4677
vn 0.9979 0.0252 -0.0591
vn 0.9650 -0.0386 -0.2593
vn -0.3059 0.9236 0.2308
vn 0.9901 -0.0037 0.1401
vn 0.9981 -0.0114 0.0606
vn 0.4811 0.0001 -0.8767
vn 0.5568 -0.0003 -0.8306
vn 0.9979 0.0231 -0.0609
vn -0.9895 -0.0353 0.1400
vn -0.4497 0.8692 0.2056
vn -0.4902 0.0004 -0.8716
vn -0.3057 0.9237 0.2308
vn -0.8294 0.5498 0.0992
vn -0.8295 0.5496 0.0992
vn -0.7715 0.6265 0.1114
vn 0.4675 -0.0011 -0.8840
vn 0.4827 -0.0011 -0.8758
vn 0.5273 -0.8494 0.0217
vn -0.7129 0.5103 -0.4811
vn -0.8326 0.5539 -0.0005
vn -0.8336 0.5523 -0.0004
vn -0.8338 0.5521 -0.0004
vn -0.8352 0.5375 -0.1166
vn -0.0057 0.9736 0.2283
vn -0.0393 0.9656 0.2570
vn 0.0022 0.9804 0.1972
vn 0.5275 -0.8493 0.0216
vn -0.7128 0.5103 -0.4811
vn -0.5797 -0.8148 0.0031
vn 0.7521 0.4565 -0.4753
vn 0.7737 0.4552 -0.4407
vn -0.0126 0.9676 0.2521
vn -0.1148 0.9496 0.2918
vn -0.3061 0.9236 0.2309
vn 0.3159 -0.9485 0.0211
vn 0.3919 -0.9027 -0.1779
vn -0.7495 0.4533 -0.4824
vn -0.7187 0.4587 -0.5226
vn -0.5809 -0.8140 0.0031
vn 0.7739 0.4612 -0.4340
vn 0.7708 0.4561 -0.4448
vn -0.2964 -0.9551 -0.0032
vn 0.3915 -0.9030 -0.1770
vn -0.7188 0.3570 -0.5965
vn -0.7869 0.4349 -0.4377
vn -0.4598 -0.8742 -0.1560
vn 0.7735 0.4605 -0.4355
vn -0.3632 -0.9293 -0.0675
vn 0.6216 0.3158 -0.7168
vn -0.3651 -0.9309 0.0101
vn -0.4655 -0.0109 -0.8850
vn -0.4484 0.0007 -0.8938
vn 0.8714 0.4753 -0.1212
vn 0.8147 0.5711 -0.1008
vn 0.7732 0.5973 -0.2129
vn 0.7721 0.5985 -0.2139
vn -0.8351 0.5375 -0.1166
vn -0.8131 0.5578 -0.1667
vn 0.0551 0.9830 0.1750
vn 0.0002 0.9809 0.1946
vn -0.2673 0.9397 0.2134
vn -0.1324 0.9691 0.2081
vn -0.1321 0.9692 0.2080
vn 0.3294 -0.9442 0.0004
vn 0.4467 -0.0231 -0.8944
vn 0.3305 -0.9438 0.0004
vn 0.4402 0.0022 -0.8979
vn 0.4654 -0.0115 -0.8850
vn 0.2019 -0.9794 -0.0064
vn 0.1173 -0.9916 -0.0540
vn 0.3057 -0.9502 -0.0599
vn -0.5754 0.3749 -0.7269
vn -0.1323 0.9691 0.2081
vn -0.6239 0.7690 0.1395
vn -0.6241 0.7688 0.1395
vn 0.8713 0.4907 0.0001
vn -0.3649 -0.9310 0.0101
vn -0.4659 -0.0048 -0.8848
vn -0.4474 0.0037 -0.8943
vn -0.1571 -0.9873 -0.0233
vn -0.0473 -0.9924 -0.1139
vn -0.1593 -0.9865 -0.0369
vn -0.4481 0.8702 0.2048
vn -0.4531 0.8751 0.1697
vn -0.4508 0.8763 0.1701
vn 0.9051 0.4175 0.0807
vn -0.3634 -0.9292 -0.0676
vn 0.5914 0.3485 -0.7272
vn 0.6248 0.3578 -0.6940
vn -0.5755 0.3748 -0.7269
vn -0.0906 0.9776 0.1900
vn -0.0259 0.9818 0.1880
vn 0.6728 0.7368 0.0664
vn -0.2710 0.9436 0.1903
vn 0.3055 -0.9503 -0.0598
vn -0.5898 0.3463 -0.7296
vn -0.5676 0.2630 -0.7802
vn -0.6249 0.3416 -0.7020
vn -0.1723 -0.9850 -0.0000
vn 0.4539 0.1441 -0.8793
vn 0.6047 0.3597 -0.7106
vn -0.1752 -0.9845 -0.0010
vn 0.4532 0.1433 -0.8798
vn -0.3988 -0.0068 -0.9170
vn -0.4099 -0.0583 -0.9103
vn 0.7692 0.6390 -0.0001
vn 0.1398 -0.9901 0.0095
vn -0.4322 0.1699 -0.8856
vn 0.7694 0.6387 0.0053
vn 0.7106 0.7036 -0.0001
vn 0.7088 0.7019 0.0704
vn 0.3951 -0.0157 -0.9185
vn 0.3950 -0.0150 -0.9186
vn 0.4692 0.0217 -0.8828
vn -0.8336 0.5524 -0.0006
vn 0.6727 0.7364 0.0726
vn 0.1392 -0.9902 0.0095
vn -0.4440 0.1467 -0.8839
vn -0.4306 0.1441 -0.8910
vn -0.0374 -0.9993 0.0001
vn 0.4489 0.1545 -0.8801
vn 0.3808 0.1529 -0.9119
vn -0.0403 -0.9992 0.0001
vn 0.3726 -0.0636 -0.9258
vn 0.4390 0.1519 -0.8856
vn -0.3752 -0.0576 -0.9252
vn -0.4596 0.1390 -0.8772
vn 0.6918 0.5462 -0.4722
vn 0.7127 0.5454 -0.4410
vn -0.7061 0.5314 -0.4680
vn 0.4486 0.1461 -0.8817
vn 0.4706 0.1688 -0.8661
vn -0.4596 0.1391 -0.8772
vn -0.0842 0.9828 0.1644
vn -0.2686 0.9445 0.1890
vn -0.0849 0.9821 0.1681
vn 0.5600 0.3971 -0.7271
vn 0.5848 0.4035 -0.7037
vn -0.5758 0.3842 -0.7216
vn -0.0002 0.9882 0.1530
vn -0.7252 0.6806 0.1042
vn -0.7293 0.6842 -0.0001
vn -0.0002 0.9881 0.1535
vn -0.0757 0.9836 0.1638
vn 0.0045 0.9894 0.1451
vn -0.7250 0.6808 0.1042
vn -0.6265 0.7713 0.1124
vn -0.7147 0.6994 0.0051
vn -0.6016 0.7988 -0.0093
vn -0.7290 0.6845 -0.0002
vn -0.7256 0.6736 -0.1403
vn 0.7257 0.6816 -0.0940
vn 0.6634 0.7030 -0.2562
vn 0.7761 0.6200 -0.1156
vn -0.6981 0.5591 -0.4473
vn -0.7278 0.6714 -0.1397
vn -0.2735 0.9493 0.1548
vn -0.2700 0.9503 0.1552
vn 0.7687 0.6395 0.0103
vn 0.7107 0.7035 0.0033
vn -0.7146 0.6996 0.0051
vn -0.7254 0.6750 -0.1351
vn -0.4554 0.8804 0.1326
vn -0.4549 0.8806 0.1327
vn 0.5251 0.8464 0.0885
vn 0.7087 0.7015 0.0753
vn 0.4814 0.1679 -0.8602
vn -0.4814 0.1679 -0.8602
vn -0.4568 0.1697 -0.8732
vn 0.6220 0.6223 -0.4752
vn 0.6452 0.6256 -0.4385
vn -0.6410 0.6076 -0.4689
vn -0.5682 0.4143 -0.7110
vn 0.4704 0.1710 -0.8657
vn 0.4829 0.1950 -0.8537
vn -0.4818 0.1678 -0.8600
vn 0.5273 0.4393 -0.7273
vn 0.5293 0.4402 -0.7253
vn -0.5290 0.4383 -0.7267
vn -0.0757 0.9836 0.1637
vn -0.1070 0.9847 0.1377
vn 0.6456 0.7637 -0.0001
vn 0.5252 0.8466 0.0857
vn 0.4269 0.9000 0.0880
vn 0.0083 0.9883 0.1522
vn 0.4836 0.1951 -0.8533
vn -0.4841 0.2101 -0.8494
vn -0.4659 0.2067 -0.8604
vn 0.5461 0.1947 -0.8148
vn 0.9738 0.1806 0.1378
vn 0.9817 0.1806 -0.0600
vn 0.9817 0.1809 -0.0600
vn 0.9739 0.1805 0.1375
vn 0.9739 0.1806 0.1375
vn 0.9498 0.1809 -0.2552
vn 0.9499 0.1808 -0.2551
vn 0.9499 0.1808 -0.2550
vn 0.9268 0.1805 0.3294
vn 0.9267 0.1807 0.3295
vn 0.8797 0.1808 -0.4399
vn 0.8797 0.1810 -0.4398
vn 0.9267 0.1806 0.3294
vn 0.8422 0.1806 0.5080
vn 0.7739 0.1810 -0.6069
vn 0.7084 0.2079 -0.6745
vn 0.5409 0.2097 -0.8146
vn 0.8421 0.1808 0.5081
vn 0.8703 0.1862 0.4559
vn 0.8679 0.1796 0.4632
vn 0.8779 0.2079 -0.4314
vn 0.8779 0.2078 -0.4314
vn 0.9542 0.1880 0.2329
vn 0.9542 0.2558 0.1550
vn 0.9668 0.2078 -0.1484
vn 0.9659 0.2589 -0.0080
vn 0.9777 0.2101 -0.0000
vn 0.7748 0.1809 -0.6058
vn 0.7740 0.1807 -0.6068
vn 0.6370 0.1809 -0.7493
vn 0.6370 0.1808 -0.7493
vn 0.4743 0.1809 -0.8616
vn 0.4743 0.1808 -0.8616
vn 0.2925 0.1809 -0.9390
vn 0.2924 0.1809 -0.9390
vn 0.0988 0.1809 -0.9785
vn 0.0988 0.1808 -0.9785
vn -0.0988 0.1809 -0.9785
vn -0.0988 0.1808 -0.9785
vn -0.2924 0.1809 -0.9390
vn -0.2925 0.1809 -0.9390
vn -0.4743 0.1809 -0.8616
vn -0.4744 0.1808 -0.8616
vn -0.6370 0.1809 -0.7493
vn -0.6371 0.1806 -0.7493
vn -0.7735 0.1807 -0.6075
vn -0.7740 0.1807 -0.6068
vn -0.9777 0.2101 -0.0000
vn -0.9656 0.2076 0.1565
vn -0.9669 0.2078 -0.1484
vn -0.9668 0.2078 -0.1484
vn -0.8779 0.2078 -0.4314
vn -0.8713 0.1794 0.4568
vn -0.8521 0.2065 0.4810
vn -0.8779 0.2079 -0.4314
vn -0.7084 0.2079 -0.6745
vn -0.8421 0.1808 0.5081
vn -0.8421 0.1809 0.5080
vn -0.5444 0.2098 -0.8122
vn -0.8796 0.1808 -0.4400
vn -0.8797 0.1809 -0.4399
vn -0.8797 0.1808 -0.4398
vn -0.9267 0.1809 0.3294
vn -0.9499 0.1808 -0.2551
vn -0.9499 0.1808 -0.2550
vn -0.9267 0.1808 0.3293
vn -0.9739 0.1808 0.1375
vn -0.9498 0.1809 -0.2552
vn -0.9817 0.1809 -0.0600
vn -0.9817 0.1806 -0.0600
vn -0.9739 0.1806 0.1378
vn -0.9739 0.1806 0.1376
vn -0.5444 0.2097 -0.8122
vn -0.0030 0.9927 0.1204
vn -0.0851 0.9878 0.1301
vn 0.6320 0.7565 -0.1684
vn 0.6596 0.7419 -0.1202
vn -0.6261 0.6387 -0.4472
vn -0.6290 0.7653 -0.1364
vn -0.6050 0.7759 -0.1788
vn -0.5983 0.7942 0.1064
vn -0.2742 0.9541 0.1208
vn -0.2731 0.9544 0.1209
vn -0.4570 0.8828 0.1085
vn -0.5988 0.7938 0.1064
vn -0.5984 0.7941 0.1064
vn -0.5814 0.8136 -0.0004
vn 0.5471 0.6866 -0.4788
vn 0.5710 0.6946 -0.4376
vn -0.5705 0.6734 -0.4701
vn -0.5282 0.4421 -0.7250
vn 0.3603 0.9299 0.0738
vn -0.0023 0.9930 0.1184
vn 0.4957 0.4956 -0.7132
vn 0.4720 0.2022 -0.8581
vn 0.4716 0.1921 -0.8607
vn 0.4674 0.5033 -0.7268
vn -0.4661 0.2113 -0.8591
vn -0.4714 0.5023 -0.7249
vn -0.4957 0.4956 -0.7132
vn 0.3601 0.9291 0.0840
vn 0.4268 0.9005 0.0831
vn -0.0013 0.9936 0.1126
vn -0.0851 0.9879 0.1300
vn -0.0851 0.9878 0.1303
vn -0.0943 0.9899 0.1057
vn -0.5816 0.8134 -0.0004
vn -0.6005 0.7894 -0.1276
vn 0.6439 0.7651 0.0030
vn 0.4286 0.9035 -0.0001
vn 0.6618 0.7280 -0.1789
vn -0.6017 0.7987 -0.0008
vn 0.8387 0.5422 -0.0513
vn 0.8386 0.5424 -0.0512
vn 0.8319 0.5424 0.1174
vn 0.8114 0.5423 -0.2179
vn 0.8115 0.5422 -0.2179
vn 0.8318 0.5425 0.1175
vn 0.7916 0.5425 0.2814
vn 0.7515 0.5423 -0.3758
vn 0.7917 0.5423 0.2814
vn 0.7194 0.5423 0.4340
vn 0.7195 0.5422 0.4341
vn 0.6612 0.5423 -0.5184
vn 0.7500 0.5388 0.3837
vn 0.5442 0.5422 -0.6402
vn 0.5442 0.5423 -0.6401
vn 0.4052 0.5423 -0.7360
vn 0.4052 0.5422 -0.7361
vn 0.2499 0.5422 -0.8022
vn 0.0844 0.5423 -0.8359
vn 0.0844 0.5423 -0.8360
vn -0.0844 0.5423 -0.8359
vn -0.0844 0.5423 -0.8360
vn -0.2499 0.5422 -0.8022
vn -0.4052 0.5422 -0.7361
vn -0.4052 0.5423 -0.7360
vn -0.5442 0.5423 -0.6401
vn -0.5442 0.5422 -0.6402
vn -0.6612 0.5423 -0.5184
vn -0.7602 0.5374 0.3651
vn -0.7192 0.5428 0.4338
vn -0.7515 0.5423 -0.3758
vn -0.7195 0.5421 0.4341
vn -0.7918 0.5421 0.2815
vn -0.8115 0.5422 -0.2179
vn -0.8114 0.5423 -0.2179
vn -0.7917 0.5423 0.2814
vn -0.8319 0.5423 0.1175
vn -0.8386 0.5424 -0.0513
vn -0.8387 0.5422 -0.0512
vn -0.8319 0.5424 0.1175
vn 0.5001 0.8659 0.0096
vn 0.4283 0.9036 0.0002
vn 0.5280 0.8381 -0.1374
vn 0.9399 0.2517 0.2308
vn 0.9660 0.2587 0.0047
vn 0.8226 0.5684 -0.0132
vn -0.5442 0.2111 -0.8119
vn 0.5419 0.2014 -0.8160
vn 0.7083 0.2084 -0.6744
vn 0.5406 0.2101 -0.8146
vn 0.5430 0.1913 -0.8177
vn 0.7193 0.5424 0.4340
vn 0.7448 0.5478 0.3810
vn 0.7447 0.5395 0.3929
vn 0.5235 0.8391 -0.1480
vn 0.5277 0.8382 -0.1375
vn -0.5481 0.7059 -0.4488
vn -0.5996 0.7900 -0.1280
vn -0.5281 0.8306 -0.1765
vn -0.0012 0.9942 0.1074
vn 0.8072 0.5514 0.2107
vn 0.7070 0.7068 -0.0244
vn -0.0012 0.9928 0.1201
vn -0.0004 0.9942 0.1080
vn 0.4667 0.5546 -0.6889
vn 0.4382 0.5554 -0.7068
vn 0.4680 0.7396 -0.4836
vn 0.4913 0.7526 -0.4384
vn -0.4953 0.7291 -0.4724
vn -0.7440 0.5651 0.3566
vn -0.7460 0.5393 0.3908
vn -0.7194 0.5423 0.4341
vn -0.0000 0.9927 0.1202
vn 0.5980 0.5638 -0.5697
vn 0.5981 0.5640 -0.5694
vn 0.4596 0.5674 -0.6832
vn 0.2238 0.8306 -0.5100
vn 0.7412 0.5639 -0.3642
vn 0.7412 0.5640 -0.3641
vn 0.8163 0.5639 -0.1253
vn 0.8162 0.5640 -0.1253
vn -0.8227 0.5685 -0.0000
vn -0.8155 0.5635 0.1322
vn -0.8162 0.5640 -0.1253
vn -0.8163 0.5639 -0.1253
vn -0.7412 0.5639 -0.3641
vn -0.7412 0.5640 -0.3642
vn -0.8157 0.5632 0.1323
vn -0.5979 0.5640 -0.5696
vn -0.5982 0.5637 -0.5695
vn -0.4585 0.5675 -0.6839
vn -0.4585 0.5674 -0.6840
vn -0.4364 0.5681 -0.6977
vn -0.6021 0.7984 -0.0008
vn -0.0000 0.9955 0.0953
vn -0.0872 0.9908 0.1036
vn -0.0002 0.9954 0.0955
vn -0.0036 0.9949 0.1004
vn 0.1824 0.9790 0.0908
vn 0.4267 0.9001 0.0881
vn 0.0074 0.9964 0.0845
vn -0.0085 0.9952 0.0971
vn 0.4998 0.8661 0.0096
vn -0.4477 0.8942 -0.0008
vn -0.5768 0.8166 0.0204
vn -0.2754 0.9612 -0.0122
vn -0.4472 0.8944 -0.0009
vn -0.0055 0.9955 0.0944
vn -0.4452 0.8892 0.1057
vn -0.2739 0.9565 0.1007
vn -0.4447 0.8894 0.1057
vn -0.2749 0.9562 0.1005
vn 0.1825 0.9793 0.0879
vn 0.1340 0.9871 0.0874
vn 0.8228 0.5683 0.0050
vn -0.8228 0.5683 -0.0000
vn -0.8155 0.5633 0.1324
vn 0.7072 0.7069 -0.0130
vn -0.0054 0.9955 0.0943
vn -0.4321 0.9018 0.0053
vn -0.4606 0.8795 -0.1194
vn -0.0035 0.9957 0.0923
vn -0.0019 0.9959 0.0903
vn 0.0453 0.9950 0.0886
vn 0.1340 0.9874 0.0843
vn -0.0020 0.9959 0.0904
vn 0.3610 0.8293 -0.4265
vn 0.3869 0.7816 -0.4893
vn 0.3834 0.7787 -0.4967
vn -0.3822 0.7826 -0.4914
vn -0.4651 0.7611 -0.4521
vn -0.0000 0.9961 0.0877
vn -0.0009 0.9962 0.0868
vn -0.0000 0.9962 0.0876
vn 0.4065 0.9034 -0.1363
vn 0.3966 0.9029 -0.1659
vn 0.3964 0.9030 -0.1659
vn -0.4608 0.8795 -0.1194
vn -0.4163 0.8921 -0.1756
vn -0.0871 0.9908 0.1038
vn -0.0935 0.9915 0.0908
vn -0.0921 0.9916 0.0907
vn 0.3536 0.9354 0.0004
vn 0.6937 0.6937 0.1940
vn 0.7071 0.7071 0.0077
vn 0.5444 0.8387 -0.0123
vn -0.4322 0.9017 0.0053
vn 0.3538 0.9353 0.0005
vn 0.5654 0.8241 -0.0345
vn 0.5654 0.8241 -0.0346
vn 0.5609 0.8241 0.0792
vn 0.5470 0.8241 -0.1469
vn 0.5471 0.8241 -0.1469
vn 0.5610 0.8240 0.0792
vn 0.5338 0.8240 0.1897
vn 0.5067 0.8241 -0.2534
vn 0.5066 0.8241 -0.2533
vn 0.5337 0.8241 0.1897
vn 0.4849 0.8241 0.2926
vn 0.4458 0.8241 -0.3495
vn 0.4010 0.8326 -0.3820
vn 0.3065 0.8349 -0.4573
vn 0.4850 0.8241 0.2926
vn 0.4869 0.8362 0.2522
vn 0.4945 0.8232 0.2789
vn 0.4925 0.8360 -0.2421
vn 0.3974 0.8360 -0.3785
vn 0.3972 0.8361 -0.3785
vn 0.4925 0.8360 -0.2419
vn 0.5426 0.8359 -0.0833
vn 0.5424 0.8360 -0.0831
vn 0.3669 0.8241 -0.4316
vn 0.2731 0.8241 -0.4962
vn 0.2732 0.8241 -0.4962
vn 0.1684 0.8241 -0.5408
vn 0.0569 0.8241 -0.5636
vn 0.0569 0.8241 -0.5635
vn -0.0569 0.8241 -0.5635
vn -0.0569 0.8241 -0.5636
vn -0.1684 0.8241 -0.5408
vn -0.2731 0.8242 -0.4961
vn -0.2732 0.8241 -0.4962
vn -0.3669 0.8241 -0.4316
vn -0.3668 0.8242 -0.4315
vn -0.4458 0.8241 -0.3495
vn -0.5445 0.8388 -0.0000
vn -0.5423 0.8355 0.0881
vn -0.5426 0.8359 -0.0833
vn -0.5424 0.8360 -0.0831
vn -0.4924 0.8360 -0.2420
vn -0.4926 0.8360 -0.2419
vn -0.4801 0.8342 0.2712
vn -0.5422 0.8357 0.0879
vn -0.5045 0.8220 0.2643
vn -0.3974 0.8360 -0.3785
vn -0.3973 0.8360 -0.3785
vn -0.4850 0.8241 0.2926
vn -0.3036 0.8383 -0.4528
vn -0.5066 0.8241 -0.2533
vn -0.5067 0.8241 -0.2533
vn -0.5337 0.8241 0.1897
vn -0.5471 0.8241 -0.1469
vn -0.5470 0.8241 -0.1469
vn -0.5338 0.8240 0.1898
vn -0.5610 0.8240 0.0792
vn -0.5654 0.8241 -0.0345
vn -0.5654 0.8241 -0.0346
vn -0.5609 0.8241 0.0792
vn -0.3036 0.8383 -0.4529
vn -0.2865 0.8387 -0.4630
vn -0.3885 0.7755 -0.4976
vn 0.3005 0.8383 -0.4550
vn 0.3098 0.8309 -0.4623
vn 0.3002 0.8311 -0.4680
vn 0.5522 0.8323 0.0483
vn -0.0915 0.9917 0.0905
vn 0.2969 0.9407 -0.1642
vn 0.2558 0.9488 -0.1851
vn 0.2540 0.9492 -0.1859
vn -0.3073 0.9425 -0.1314
vn -0.3069 0.9426 -0.1316
vn -0.2948 0.9424 -0.1580
vn -0.3070 0.9426 -0.1315
vn -0.2669 0.9637 -0.0001
vn 0.5441 0.8390 0.0078
vn 0.5422 0.8361 -0.0831
vn -0.5441 0.8390 -0.0000
vn -0.5420 0.8358 0.0879
vn -0.5422 0.8361 -0.0831
vn -0.2668 0.9637 -0.0001
vn 0.1924 0.9813 -0.0004
vn -0.2669 0.9637 -0.0004
vn -0.2754 0.9613 -0.0001
vn 0.2573 0.9615 0.0960
vn 0.2585 0.9660 -0.0109
vn 0.1944 0.9809 -0.0004
vn 0.1345 0.9909 -0.0004
vn 0.1914 0.9815 0.0011
vn 0.2338 0.9644 -0.1238
vn 0.1769 0.9672 -0.1824
vn 0.1579 0.9784 -0.1335
vn 0.1582 0.9782 -0.1342
vn 0.2336 0.9644 -0.1238
vn -0.2856 0.8405 -0.4605
vn -0.1749 0.9731 -0.1499
vn -0.1519 0.9751 -0.1618
vn 0.2576 0.9615 0.0961
vn 0.2588 0.9659 -0.0000
vn 0.1818 0.9833 -0.0110
vn 0.1344 0.9909 0.0021
vn 0.2193 0.9756 -0.0134
vn 0.2175 0.9756 0.0307
vn 0.2122 0.9756 -0.0570
vn 0.2451 0.9663 -0.0792
vn 0.2140 0.9757 -0.0460
vn 0.2070 0.9756 0.0736
vn 0.2149 0.9757 0.0416
vn 0.2560 0.9664 0.0233
vn 0.1965 0.9756 -0.0983
vn 0.1889 0.9754 0.1139
vn 0.1881 0.9756 0.1135
vn 0.1729 0.9756 -0.1356
vn 0.2055 0.9744 0.0914
vn 0.1532 0.9716 -0.1802
vn 0.1499 0.9757 -0.1596
vn 0.1060 0.9756 -0.1925
vn 0.1060 0.9756 -0.1924
vn 0.1331 0.9758 -0.1738
vn 0.0653 0.9756 -0.2098
vn 0.0221 0.9756 -0.2186
vn -0.0221 0.9756 -0.2186
vn -0.0653 0.9756 -0.2098
vn -0.1060 0.9756 -0.1925
vn -0.1350 0.9664 -0.2188
vn -0.0957 0.9757 -0.1969
vn -0.1423 0.9756 -0.1674
vn -0.1729 0.9756 -0.1356
vn -0.2104 0.9663 -0.1486
vn -0.1653 0.9757 -0.1436
vn -0.2056 0.9745 0.0902
vn -0.1883 0.9755 0.1136
vn -0.1965 0.9756 -0.0983
vn -0.1881 0.9756 0.1135
vn -0.2070 0.9756 0.0736
vn -0.2122 0.9756 -0.0570
vn -0.2175 0.9756 0.0307
vn -0.2193 0.9756 -0.0134
vn 0.1114 0.9805 -0.1618
vn 0.1881 0.9756 0.1134
vn 0.1695 0.9829 0.0726
vn 0.1909 0.9755 0.1097
vn -0.2054 0.9745 0.0901
vn 0.1109 0.9807 -0.1613
vn -0.3021 0.8400 -0.4507
vn 0.3074 0.8359 -0.4548
vn 0.1015 0.9842 -0.1452
vn 0.1032 0.9808 -0.1656
vn 0.1133 0.9806 -0.1597
vn 0.4008 0.8329 -0.3817
vn 0.1837 0.9825 0.0298
vn 0.1331 0.9830 -0.1268
vn 0.1063 0.9833 -0.1476
vn 0.1541 0.9794 -0.1306
vn 0.1541 0.9794 -0.1305
vn 0.1557 0.9848 -0.0765
vn 0.1947 0.9791 -0.0588
vn 0.1723 0.9847 -0.0264
vn 0.1818 0.9833 -0.0083
vn -0.1818 0.9833 -0.0000
vn -0.1817 0.9829 0.0295
vn -0.1817 0.9830 -0.0279
vn -0.1975 0.9794 -0.0423
vn -0.1975 0.9794 -0.0422
vn -0.1557 0.9848 -0.0765
vn -0.1607 0.9827 0.0923
vn -0.1655 0.9791 -0.1182
vn -0.1655 0.9791 -0.1181
vn -0.1262 0.9847 -0.1202
vn -0.1015 0.9833 -0.1514
vn -0.0852 0.9869 -0.1367
vn -0.1063 0.9833 -0.1476
vn -0.1177 0.9833 -0.1388
vn -0.1393 0.9818 -0.1292
vn -0.0940 0.9956 -0.0000
vn -0.0920 0.9958 0.0001
vn -0.0907 0.9959 -0.0000
vn -0.0903 0.9959 -0.0000
vn 0.1900 0.9818 0.0045
vn 0.0505 0.9987 -0.0000
vn 0.0403 0.9992 -0.0025
vn 0.0098 1.0000 0.0009
vn 0.0098 1.0000 0.0006
vn 0.0126 0.9999 0.0024
vn 0.0152 0.9999 0.0010
vn 0.0133 0.9999 -0.0028
vn 0.0051 1.0000 -0.0007
vn 0.0723 0.9970 0.0257
vn 0.0050 1.0000 0.0013
vn 0.0118 0.9999 -0.0047
vn 0.0053 1.0000 -0.0017
vn 0.0051 1.0000 -0.0020
vn 0.1765 0.9803 -0.0883
vn 0.0116 0.9999 0.0070
vn 0.0056 1.0000 0.0032
vn 0.0047 1.0000 -0.0034
vn 0.0122 0.9999 -0.0096
vn 0.0121 0.9999 0.0063
vn 0.0088 0.9999 -0.0092
vn 0.0097 0.9999 -0.0103
vn 0.0068 0.9999 -0.0102
vn 0.0032 1.0000 -0.0042
vn 0.0029 1.0000 -0.0044
vn 0.0356 0.9973 -0.0647
vn 0.0022 1.0000 -0.0063
vn 0.0050 0.9999 -0.0161
vn 0.0022 1.0000 -0.0062
vn 0.0012 0.9999 -0.0113
vn 0.0011 0.9999 -0.0110
vn 0.0014 0.9999 -0.0135
vn -0.0014 0.9999 -0.0136
vn -0.0008 1.0000 -0.0066
vn -0.0181 0.9982 -0.0580
vn -0.0021 1.0000 -0.0053
vn -0.0067 0.9999 -0.0138
vn -0.0060 0.9999 -0.0084
vn -0.0026 1.0000 -0.0042
vn -0.0503 0.9970 -0.0592
vn -0.0029 1.0000 -0.0040
vn -0.0120 0.9999 -0.0105
vn -0.0067 1.0000 -0.0063
vn -0.0082 1.0000 -0.0051
vn -0.0042 1.0000 -0.0030
vn -0.0121 0.9999 0.0063
vn -0.2187 0.9668 0.1322
vn -0.0114 0.9999 0.0074
vn -0.0044 1.0000 -0.0027
vn -0.1882 0.9776 -0.0940
vn -0.0176 0.9998 0.0063
vn -0.0055 1.0000 0.0022
vn -0.0058 1.0000 -0.0018
vn -0.0241 0.9997 -0.0065
vn -0.0072 1.0000 0.0010
vn -0.0101 0.9999 0.0013
vn -0.0095 1.0000 -0.0009
vn -0.0400 0.9992 -0.0024
vn -0.0072 1.0000 0.0009
s 0
usemtl Material.016
f 1//1 2//1 3//1
f 4//1 1//1 3//1
f 5//2 4//2 3//2
f 6//3 7//3 3//3
f 7//4 8//4 3//4
f 8//5 5//5 3//5
f 2//6 9//6 3//6
f 9//6 10//6 3//6
f 10//6 11//6 3//6
f 11//6 6//6 3//6
f 11//6 12//6 6//6
f 12//6 13//6 6//6
f 13//6 14//6 6//6
f 15//7 16//7 6//7
f 16//8 7//8 6//8
f 14//9 15//9 6//9
f 13//6 17//6 14//6
f 17//10 18//10 14//10
f 18//10 19//10 14//10
f 19//11 15//11 14//11
f 13//6 20//6 17//6
f 20//12 21//12 17//12
f 21//13 18//13 17//13
f 13//6 22//6 20//6
f 22//14 21//14 20//14
f 13//6 23//6 22//6
f 23//15 24//15 22//15
f 24//16 21//16 22//16
f 25//6 26//6 27//6
f 23//6 25//6 27//6
f 26//6 28//6 27//6
f 28//6 29//6 27//6
f 29//6 30//6 27//6
f 30//6 31//6 27//6
f 31//6 32//6 27//6
f 32//6 33//6 27//6
f 33//6 34//6 27//6
f 34//6 35//6 27//6
f 35//6 36//6 27//6
f 37//17 38//17 27//17
f 36//17 37//17 27//17
f 38//18 39//18 27//18
f 39//19 23//19 27//19
f 13//6 25//6 23//6
f 39//20 24//20 23//20
f 35//6 40//6 36//6
f 40//6 41//6 36//6
f 41//21 42//21 36//21
f 42//21 37//21 36//21
f 40//22 43//22 41//22
f 43//23 42//23 41//23
f 35//24 44//24 40//24
f 44//25 43//25 40//25
f 34//26 45//26 35//26
f 45//26 44//26 35//26
f 33//27 46//27 34//27
f 46//28 45//28 34//28
f 47//29 46//29 33//29
f 32//29 47//29 33//29
f 31//30 48//30 32//30
f 48//30 47//30 32//30
f 30//31 49//31 31//31
f 49//32 48//32 31//32
f 29//33 50//33 30//33
f 50//34 49//34 30//34
f 28//35 51//35 29//35
f 51//35 50//35 29//35
f 26//36 52//36 28//36
f 52//37 51//37 28//37
f 25//38 52//38 26//38
f 13//39 53//39 25//39
f 53//40 52//40 25//40
f 12//41 54//41 13//41
f 54//42 53//42 13//42
f 11//43 55//43 12//43
f 55//44 54//44 12//44
f 10//45 56//45 11//45
f 56//45 57//45 11//45
f 57//46 55//46 11//46
f 9//47 58//47 10//47
f 58//48 56//48 10//48
f 2//49 59//49 9//49
f 59//50 58//50 9//50
f 1//51 60//51 2//51
f 60//52 61//52 2//52
f 61//52 62//52 2//52
f 62//53 63//53 2//53
f 63//54 64//54 2//54
f 64//55 65//55 2//55
f 65//56 59//56 2//56
f 65//57 66//57 59//57
f 66//58 67//58 59//58
f 67//59 58//59 59//59
f 65//60 68//60 66//60
f 68//61 69//61 66//61
f 69//58 67//58 66//58
f 16//62 8//62 7//62
f 64//63 70//63 65//63
f 70//64 68//64 65//64
f 71//65 5//65 8//65
f 16//66 72//66 8//66
f 72//67 71//67 8//67
f 70//68 73//68 68//68
f 73//69 69//69 68//69
f 37//70 74//70 38//70
f 74//71 75//71 38//71
f 75//72 39//72 38//72
f 76//73 74//73 37//73
f 42//74 77//74 37//74
f 77//74 76//74 37//74
f 43//75 78//75 42//75
f 78//76 77//76 42//76
f 79//77 78//77 43//77
f 44//78 79//78 43//78
f 45//79 80//79 44//79
f 80//80 79//80 44//80
f 46//81 81//81 45//81
f 81//82 80//82 45//82
f 82//83 81//83 46//83
f 47//84 82//84 46//84
f 48//85 83//85 47//85
f 83//86 82//86 47//86
f 49//87 84//87 48//87
f 84//88 83//88 48//88
f 50//89 85//89 49//89
f 85//90 84//90 49//90
f 51//91 86//91 50//91
f 86//92 85//92 50//92
f 52//93 87//93 51//93
f 87//94 86//94 51//94
f 53//95 87//95 52//95
f 88//96 89//96 24//96
f 89//97 90//97 24//97
f 90//98 21//98 24//98
f 39//99 75//99 24//99
f 75//100 88//100 24//100
f 91//101 92//101 54//101
f 92//102 93//102 54//102
f 93//103 53//103 54//103
f 55//104 94//104 54//104
f 94//105 91//105 54//105
f 95//106 16//106 15//106
f 19//107 95//107 15//107
f 90//108 18//108 21//108
f 57//109 94//109 55//109
f 96//110 56//110 58//110
f 67//111 96//111 58//111
f 97//112 98//112 5//112
f 98//113 99//113 5//113
f 99//114 4//114 5//114
f 71//115 97//115 5//115
f 100//116 16//116 95//116
f 19//117 101//117 95//117
f 101//117 100//117 95//117
f 102//118 101//118 19//118
f 18//119 102//119 19//119
f 90//120 89//120 18//120
f 89//120 102//120 18//120
f 57//121 103//121 94//121
f 103//122 104//122 94//122
f 104//123 91//123 94//123
f 105//124 103//124 57//124
f 56//125 105//125 57//125
f 106//126 105//126 56//126
f 96//126 106//126 56//126
f 67//127 106//127 96//127
f 93//128 87//128 53//128
f 100//129 72//129 16//129
f 69//130 107//130 67//130
f 107//131 108//131 67//131
f 108//132 106//132 67//132
f 109//133 110//133 97//133
f 110//134 98//134 97//134
f 111//135 112//135 97//135
f 112//135 113//135 97//135
f 113//136 114//136 97//136
f 114//137 109//137 97//137
f 71//138 115//138 97//138
f 115//139 111//139 97//139
f 73//140 116//140 69//140
f 116//141 107//141 69//141
f 73//142 117//142 116//142
f 117//143 107//143 116//143
f 74//144 118//144 75//144
f 118//145 88//145 75//145
f 119//146 87//146 93//146
f 92//147 119//147 93//147
f 70//148 120//148 73//148
f 120//149 121//149 73//149
f 121//150 122//150 73//150
f 122//151 123//151 73//151
f 123//152 117//152 73//152
f 72//153 115//153 71//153
f 123//154 124//154 117//154
f 124//155 107//155 117//155
f 72//156 111//156 115//156
f 76//157 125//157 74//157
f 125//158 118//158 74//158
f 119//159 86//159 87//159
f 63//160 126//160 64//160
f 126//161 70//161 64//161
f 72//162 127//162 111//162
f 127//163 112//163 111//163
f 100//164 128//164 72//164
f 128//165 127//165 72//165
f 124//166 129//166 107//166
f 129//167 108//167 107//167
f 120//168 130//168 121//168
f 130//169 122//169 121//169
f 120//170 131//170 130//170
f 132//171 122//171 130//171
f 131//172 132//172 130//172
f 133//173 134//173 126//173
f 63//174 133//174 126//174
f 134//175 135//175 126//175
f 135//176 70//176 126//176
f 136//177 137//177 109//177
f 137//178 138//178 109//178
f 138//179 110//179 109//179
f 114//180 136//180 109//180
f 139//181 128//181 100//181
f 101//182 139//182 100//182
f 140//183 139//183 101//183
f 141//184 140//184 101//184
f 102//185 141//185 101//185
f 89//186 142//186 102//186
f 142//187 141//187 102//187
f 88//188 142//188 89//188
f 143//189 142//189 88//189
f 118//190 143//190 88//190
f 76//191 144//191 125//191
f 144//192 145//192 125//192
f 145//193 118//193 125//193
f 77//194 146//194 76//194
f 146//195 147//195 76//195
f 147//191 144//191 76//191
f 78//196 148//196 77//196
f 148//197 146//197 77//197
f 149//198 148//198 78//198
f 79//199 149//199 78//199
f 150//200 149//200 79//200
f 80//201 150//201 79//201
f 81//202 151//202 80//202
f 151//203 150//203 80//203
f 82//204 152//204 81//204
f 152//205 151//205 81//205
f 83//206 153//206 82//206
f 153//207 152//207 82//207
f 84//208 154//208 83//208
f 154//209 153//209 83//209
f 85//210 155//210 84//210
f 155//211 154//211 84//211
f 86//212 156//212 85//212
f 156//213 155//213 85//213
f 157//214 156//214 86//214
f 119//215 157//215 86//215
f 92//216 157//216 119//216
f 158//217 159//217 91//217
f 159//218 92//218 91//218
f 104//219 158//219 91//219
f 103//220 160//220 104//220
f 160//221 158//221 104//221
f 161//220 160//220 103//220
f 162//222 161//222 103//222
f 105//223 162//223 103//223
f 163//224 162//224 105//224
f 106//224 163//224 105//224
f 108//225 163//225 106//225
f 122//226 124//226 123//226
f 127//227 113//227 112//227
f 145//228 143//228 118//228
f 159//229 157//229 92//229
f 132//230 164//230 122//230
f 164//231 124//231 122//231
f 135//232 120//232 70//232
f 165//233 113//233 127//233
f 128//234 166//234 127//234
f 166//235 165//235 127//235
f 164//236 167//236 124//236
f 167//237 129//237 124//237
f 99//238 168//238 4//238
f 168//238 1//238 4//238
f 169//239 60//239 1//239
f 168//240 169//240 1//240
f 133//241 170//241 134//241
f 170//242 135//242 134//242
f 171//243 61//243 60//243
f 169//244 171//244 60//244
f 172//245 166//245 128//245
f 139//246 172//246 128//246
f 129//247 173//247 108//247
f 173//248 163//248 108//248
f 171//249 62//249 61//249
f 171//250 174//250 62//250
f 174//251 175//251 62//251
f 175//252 63//252 62//252
f 175//253 176//253 63//253
f 176//254 133//254 63//254
f 165//255 114//255 113//255
f 177//256 170//256 133//256
f 176//257 177//257 133//257
f 98//258 168//258 99//258
f 110//238 168//238 98//238
f 144//259 178//259 145//259
f 178//260 143//260 145//260
f 158//261 179//261 159//261
f 180//262 157//262 159//262
f 179//263 180//263 159//263
f 147//264 181//264 144//264
f 181//265 178//265 144//265
f 180//266 156//266 157//266
f 182//267 131//267 120//267
f 135//268 183//268 120//268
f 183//269 182//269 120//269
f 182//270 184//270 131//270
f 184//271 132//271 131//271
f 185//272 170//272 177//272
f 176//273 186//273 177//273
f 186//274 185//274 177//274
f 187//275 170//275 185//275
f 186//276 188//276 185//276
f 188//277 187//277 185//277
f 189//278 136//278 114//278
f 190//279 189//279 114//279
f 165//280 190//280 114//280
f 187//275 191//275 170//275
f 191//281 192//281 170//281
f 192//282 193//282 170//282
f 193//283 194//283 170//283
f 194//284 135//284 170//284
f 184//285 195//285 132//285
f 195//286 164//286 132//286
f 188//287 196//287 187//287
f 196//288 197//288 187//288
f 197//289 191//289 187//289
f 182//290 198//290 184//290
f 198//291 195//291 184//291
f 197//292 199//292 191//292
f 199//293 192//293 191//293
f 147//294 200//294 181//294
f 200//295 201//295 181//295
f 201//296 202//296 181//296
f 202//297 178//297 181//297
f 203//298 200//298 147//298
f 146//299 204//299 147//299
f 204//300 203//300 147//300
f 148//301 205//301 146//301
f 205//302 204//302 146//302
f 149//303 206//303 148//303
f 206//304 207//304 148//304
f 207//301 205//301 148//301
f 150//305 208//305 149//305
f 208//305 206//305 149//305
f 151//306 209//306 150//306
f 209//306 210//306 150//306
f 210//307 208//307 150//307
f 152//308 211//308 151//308
f 211//308 209//308 151//308
f 153//309 212//309 152//309
f 212//309 213//309 152//309
f 213//310 211//310 152//310
f 154//311 214//311 153//311
f 214//312 212//312 153//312
f 215//313 214//313 154//313
f 155//314 216//314 154//314
f 216//313 215//313 154//313
f 156//315 217//315 155//315
f 217//316 216//316 155//316
f 180//317 218//317 156//317
f 218//318 219//318 156//318
f 219//319 217//319 156//319
f 179//320 218//320 180//320
f 189//321 220//321 136//321
f 220//322 137//322 136//322
f 193//323 221//323 194//323
f 221//324 222//324 194//324
f 222//284 135//284 194//284
f 172//325 223//325 166//325
f 223//326 165//326 166//326
f 167//327 224//327 129//327
f 224//328 173//328 129//328
f 225//329 190//329 165//329
f 223//330 225//330 165//330
f 195//331 226//331 164//331
f 226//332 227//332 164//332
f 227//333 228//333 164//333
f 228//334 167//334 164//334
f 229//335 230//335 143//335
f 230//336 142//336 143//336
f 231//337 229//337 143//337
f 178//338 231//338 143//338
f 232//339 179//339 158//339
f 233//340 232//340 158//340
f 234//341 233//341 158//341
f 160//342 234//342 158//342
f 235//343 172//343 139//343
f 140//344 235//344 139//344
f 230//345 141//345 142//345
f 161//346 234//346 160//346
f 236//347 162//347 163//347
f 173//348 236//348 163//348
f 198//349 226//349 195//349
f 199//350 237//350 192//350
f 237//351 193//351 192//351
f 198//352 238//352 226//352
f 238//353 227//353 226//353
f 202//354 231//354 178//354
f 232//355 218//355 179//355
f 239//356 172//356 235//356
f 240//357 239//357 235//357
f 241//358 240//358 235//358
f 140//359 241//359 235//359
f 242//360 243//360 140//360
f 243//359 241//359 140//359
f 141//360 242//360 140//360
f 244//361 242//361 141//361
f 229//362 244//362 141//362
f 230//363 229//363 141//363
f 245//364 246//364 234//364
f 161//365 245//365 234//365
f 246//366 233//366 234//366
f 247//367 245//367 161//367
f 248//368 247//368 161//368
f 162//368 248//368 161//368
f 249//369 248//369 162//369
f 236//369 249//369 162//369
f 250//370 249//370 236//370
f 173//371 250//371 236//371
f 182//372 251//372 198//372
f 251//373 252//373 198//373
f 252//352 238//352 198//352
f 253//374 254//374 189//374
f 254//375 220//375 189//375
f 255//376 256//376 189//376
f 256//377 257//377 189//377
f 257//378 253//378 189//378
f 190//279 255//279 189//279
f 225//379 255//379 190//379
f 222//380 258//380 135//380
f 258//381 183//381 135//381
f 237//351 221//351 193//351
f 138//382 168//382 110//382
f 137//238 168//238 138//238
f 259//383 222//383 221//383
f 260//384 259//384 221//384
f 237//385 260//385 221//385
f 261//386 223//386 172//386
f 262//387 261//387 172//387
f 239//388 262//388 172//388
f 224//389 263//389 173//389
f 263//390 264//390 173//390
f 264//391 265//391 173//391
f 265//392 250//392 173//392
f 266//393 222//393 259//393
f 267//394 266//394 259//394
f 268//395 267//395 259//395
f 269//396 268//396 259//396
f 270//396 269//396 259//396
f 271//396 272//396 259//396
f 272//396 273//396 259//396
f 273//396 274//396 259//396
f 274//396 275//396 259//396
f 275//396 276//396 259//396
f 276//396 277//396 259//396
f 277//396 278//396 259//396
f 278//396 279//396 259//396
f 279//396 280//396 259//396
f 280//396 270//396 259//396
f 260//397 271//397 259//397
f 266//398 258//398 222//398
f 261//399 281//399 223//399
f 281//400 225//400 223//400
f 228//401 282//401 167//401
f 282//402 224//402 167//402
f 225//403 283//403 255//403
f 283//404 256//404 255//404
f 284//405 227//405 238//405
f 252//406 284//406 238//406
f 285//407 251//407 182//407
f 183//408 286//408 182//408
f 286//409 285//409 182//409
f 258//410 287//410 183//410
f 287//411 286//411 183//411
f 285//412 288//412 251//412
f 288//413 252//413 251//413
f 281//414 283//414 225//414
f 284//415 289//415 227//415
f 289//416 228//416 227//416
f 220//417 168//417 137//417
f 241//418 290//418 240//418
f 290//419 291//419 240//419
f 291//420 292//420 240//420
f 292//421 239//421 240//421
f 293//422 290//422 241//422
f 294//423 293//423 241//423
f 243//424 294//424 241//424
f 242//425 294//425 243//425
f 244//426 295//426 242//426
f 295//427 296//427 242//427
f 296//428 297//428 242//428
f 297//429 298//429 242//429
f 298//430 299//430 242//430
f 299//431 294//431 242//431
f 229//432 300//432 244//432
f 300//433 295//433 244//433
f 301//434 300//434 229//434
f 231//434 301//434 229//434
f 302//435 301//435 231//435
f 202//435 302//435 231//435
f 200//436 303//436 201//436
f 303//396 202//396 201//396
f 303//396 302//396 202//396
f 203//437 304//437 200//437
f 304//438 303//438 200//438
f 204//439 304//439 203//439
f 205//440 305//440 204//440
f 305//441 304//441 204//441
f 207//442 305//442 205//442
f 206//443 306//443 207//443
f 306//444 305//444 207//444
f 208//445 306//445 206//445
f 210//446 307//446 208//446
f 307//447 306//447 208//447
f 209//448 307//448 210//448
f 211//449 308//449 209//449
f 308//450 307//450 209//450
f 213//449 308//449 211//449
f 212//451 309//451 213//451
f 309//452 308//452 213//452
f 214//453 309//453 212//453
f 215//454 310//454 214//454
f 310//455 309//455 214//455
f 216//456 310//456 215//456
f 217//457 311//457 216//457
f 311//458 310//458 216//458
f 219//459 311//459 217//459
f 218//460 312//460 219//460
f 312//461 311//461 219//461
f 232//462 313//462 218//462
f 313//462 312//462 218//462
f 314//463 313//463 232//463
f 233//463 314//463 232//463
f 315//464 314//464 233//464
f 246//464 315//464 233//464
f 245//465 315//465 246//465
f 247//466 316//466 245//466
f 316//467 315//467 245//467
f 248//468 317//468 247//468
f 317//469 318//469 247//469
f 318//470 319//470 247//470
f 319//471 316//471 247//471
f 249//472 320//472 248//472
f 320//473 317//473 248//473
f 250//474 321//474 249//474
f 321//475 322//475 249//475
f 322//476 320//476 249//476
f 265//477 323//477 250//477
f 323//478 321//478 250//478
f 254//238 168//238 220//238
f 324//479 258//479 266//479
f 267//480 324//480 266//480
f 285//481 325//481 288//481
f 326//482 252//482 288//482
f 325//483 326//483 288//483
f 326//484 284//484 252//484
f 327//485 328//485 253//485
f 328//486 254//486 253//486
f 257//487 329//487 253//487
f 329//488 327//488 253//488
f 324//489 287//489 258//489
f 330//490 331//490 261//490
f 332//491 330//491 261//491
f 333//492 332//492 261//492
f 331//493 281//493 261//493
f 262//494 333//494 261//494
f 282//495 334//495 224//495
f 334//496 335//496 224//496
f 335//497 263//497 224//497
f 292//498 262//498 239//498
f 264//499 336//499 265//499
f 336//500 323//500 265//500
f 337//501 338//501 281//501
f 331//502 337//502 281//502
f 338//503 283//503 281//503
f 289//504 339//504 228//504
f 339//505 340//505 228//505
f 340//506 282//506 228//506
f 341//507 333//507 262//507
f 292//508 341//508 262//508
f 263//509 336//509 264//509
f 268//510 342//510 267//510
f 342//511 324//511 267//511
f 343//512 285//512 286//512
f 287//513 344//513 286//513
f 344//514 343//514 286//514
f 345//515 346//515 268//515
f 346//516 347//516 268//516
f 347//510 342//510 268//510
f 348//517 349//517 268//517
f 349//518 350//518 268//518
f 350//519 345//519 268//519
f 269//396 348//396 268//396
f 347//520 324//520 342//520
f 283//521 257//521 256//521
f 325//522 351//522 326//522
f 352//523 284//523 326//523
f 351//524 352//524 326//524
f 324//525 353//525 287//525
f 353//526 344//526 287//526
f 354//527 355//527 283//527
f 356//528 354//528 283//528
f 355//529 257//529 283//529
f 338//530 356//530 283//530
f 352//531 357//531 284//531
f 357//532 358//532 284//532
f 358//533 289//533 284//533
f 346//534 324//534 347//534
f 355//535 329//535 257//535
f 359//536 325//536 285//536
f 343//537 359//537 285//537
f 359//538 360//538 325//538
f 360//539 351//539 325//539
f 330//540 361//540 331//540
f 361//541 337//541 331//541
f 340//542 362//542 282//542
f 362//543 334//543 282//543
f 346//544 363//544 324//544
f 363//545 364//545 324//545
f 364//546 365//546 324//546
f 365//547 353//547 324//547
f 328//238 168//238 254//238
f 341//548 332//548 333//548
f 335//549 366//549 263//549
f 366//550 336//550 263//550
f 337//551 367//551 338//551
f 367//552 368//552 338//552
f 368//553 356//553 338//553
f 358//554 369//554 289//554
f 369//555 370//555 289//555
f 370//556 339//556 289//556
f 341//557 371//557 332//557
f 371//558 372//558 332//558
f 372//559 330//559 332//559
f 335//560 373//560 366//560
f 373//561 374//561 366//561
f 374//562 336//562 366//562
f 367//563 337//563 372//563
f 368//564 367//564 372//564
f 375//565 354//565 372//565
f 354//566 356//566 372//566
f 356//566 368//566 372//566
f 337//567 361//567 372//567
f 361//568 330//568 372//568
f 371//569 375//569 372//569
f 335//570 334//570 373//570
f 334//571 362//571 373//571
f 362//572 340//572 373//572
f 340//573 339//573 373//573
f 339//574 370//574 373//574
f 370//575 369//575 373//575
f 369//576 376//576 373//576
f 376//569 374//569 373//569
f 377//238 168//238 328//238
f 327//577 377//577 328//577
f 292//578 371//578 341//578
f 360//579 378//579 351//579
f 378//580 352//580 351//580
f 359//581 379//581 360//581
f 379//582 380//582 360//582
f 381//583 378//583 360//583
f 380//584 381//584 360//584
f 374//585 323//585 336//585
f 382//586 377//586 327//586
f 383//587 382//587 327//587
f 384//588 383//588 327//588
f 329//589 385//589 327//589
f 385//590 384//590 327//590
f 355//591 385//591 329//591
f 381//592 352//592 378//592
f 386//593 387//593 353//593
f 387//594 388//594 353//594
f 388//595 389//595 353//595
f 389//596 390//596 353//596
f 365//597 391//597 353//597
f 391//597 386//597 353//597
f 390//598 344//598 353//598
f 392//599 363//599 346//599
f 345//600 392//600 346//600
f 359//601 393//601 379//601
f 393//602 380//602 379//602
f 394//603 395//603 382//603
f 395//604 396//604 382//604
f 396//605 377//605 382//605
f 383//606 394//606 382//606
f 390//607 397//607 344//607
f 397//608 343//608 344//608
f 291//609 371//609 292//609
f 380//610 398//610 381//610
f 398//611 399//611 381//611
f 399//612 352//612 381//612
f 400//613 359//613 343//613
f 397//614 400//614 343//614
f 355//615 384//615 385//615
f 392//616 364//616 363//616
f 392//617 401//617 364//617
f 401//618 365//618 364//618
f 401//619 391//619 365//619
f 290//620 402//620 371//620
f 291//621 290//621 371//621
f 402//569 375//569 371//569
f 403//622 321//622 374//622
f 321//623 323//623 374//623
f 376//569 403//569 374//569
f 403//624 322//624 321//624
f 350//625 392//625 345//625
f 404//626 384//626 355//626
f 405//627 404//627 355//627
f 406//628 405//628 355//628
f 354//629 406//629 355//629
f 399//630 407//630 352//630
f 407//631 408//631 352//631
f 408//632 357//632 352//632
f 358//633 376//633 369//633
f 406//634 354//634 375//634
f 383//635 409//635 375//635
f 409//636 404//636 375//636
f 404//637 405//637 375//637
f 405//634 406//634 375//634
f 410//569 383//569 375//569
f 402//569 410//569 375//569
f 408//638 407//638 376//638
f 357//639 408//639 376//639
f 407//640 399//640 376//640
f 399//641 398//641 376//641
f 398//642 380//642 376//642
f 358//643 357//643 376//643
f 380//569 411//569 376//569
f 411//569 412//569 376//569
f 412//569 403//569 376//569
f 401//644 386//644 391//644
f 349//645 392//645 350//645
f 413//646 401//646 392//646
f 349//647 413//647 392//647
f 396//238 168//238 377//238
f 401//648 414//648 386//648
f 414//649 387//649 386//649
f 409//650 383//650 384//650
f 404//651 409//651 384//651
f 415//652 416//652 348//652
f 416//653 417//653 348//653
f 417//654 349//654 348//654
f 269//396 415//396 348//396
f 359//655 418//655 393//655
f 418//656 419//656 393//656
f 419//657 380//657 393//657
f 414//658 388//658 387//658
f 417//659 413//659 349//659
f 400//660 418//660 359//660
f 293//661 402//661 290//661
f 420//662 421//662 390//662
f 422//663 420//663 390//663
f 389//664 423//664 390//664
f 423//665 422//665 390//665
f 421//666 397//666 390//666
f 403//667 320//667 322//667
f 424//668 414//668 401//668
f 413//669 424//669 401//669
f 409//670 425//670 404//670
f 414//671 389//671 388//671
f 403//667 317//667 320//667
f 294//661 402//661 293//661
f 395//238 168//238 396//238
f 426//672 427//672 397//672
f 421//673 426//673 397//673
f 427//674 400//674 397//674
f 428//675 429//675 383//675
f 429//676 394//676 383//676
f 410//569 428//569 383//569
f 419//677 430//677 380//677
f 430//678 411//678 380//678
f 416//679 413//679 417//679
f 431//680 423//680 389//680
f 414//681 431//681 389//681
f 415//682 432//682 416//682
f 432//683 413//683 416//683
f 433//684 434//684 400//684
f 435//685 433//685 400//685
f 434//686 418//686 400//686
f 427//687 435//687 400//687
f 431//688 422//688 423//688
f 432//689 424//689 413//689
f 436//690 431//690 414//690
f 424//691 436//691 414//691
f 299//692 402//692 294//692
f 418//693 430//693 419//693
f 429//694 437//694 394//694
f 437//695 395//695 394//695
f 431//696 420//696 422//696
f 403//697 318//697 317//697
f 299//698 410//698 402//698
f 319//699 318//699 403//699
f 412//700 319//700 403//700
f 298//701 410//701 299//701
f 438//702 439//702 421//702
f 439//703 440//703 421//703
f 440//704 441//704 421//704
f 441//705 442//705 421//705
f 442//706 443//706 421//706
f 420//707 438//707 421//707
f 443//708 426//708 421//708
f 444//709 436//709 424//709
f 445//710 444//710 424//710
f 432//711 445//711 424//711
f 437//238 168//238 395//238
f 418//712 446//712 430//712
f 446//713 411//713 430//713
f 431//714 447//714 420//714
f 447//715 438//715 420//715
f 448//716 446//716 418//716
f 449//717 450//717 418//717
f 450//718 451//718 418//718
f 451//719 452//719 418//719
f 452//720 448//720 418//720
f 434//721 449//721 418//721
f 269//396 432//396 415//396
f 453//722 447//722 431//722
f 436//723 453//723 431//723
f 454//724 455//724 411//724
f 448//725 454//725 411//725
f 446//726 448//726 411//726
f 455//569 456//569 411//569
f 456//569 412//569 411//569
f 447//727 439//727 438//727
f 297//728 410//728 298//728
f 426//729 457//729 427//729
f 457//730 458//730 427//730
f 458//731 459//731 427//731
f 459//731 435//731 427//731
f 460//732 461//732 428//732
f 461//733 429//733 428//733
f 410//569 460//569 428//569
f 461//734 462//734 429//734
f 462//735 437//735 429//735
f 447//736 463//736 439//736
f 463//737 440//737 439//737
f 463//738 464//738 440//738
f 464//739 465//739 440//739
f 465//740 441//740 440//740
f 466//741 453//741 436//741
f 444//742 466//742 436//742
f 462//238 168//238 437//238
f 412//743 467//743 319//743
f 467//744 316//744 319//744
f 465//745 468//745 441//745
f 468//746 442//746 441//746
f 468//747 469//747 442//747
f 469//748 443//748 442//748
f 469//749 426//749 443//749
f 269//396 445//396 432//396
f 470//750 444//750 445//750
f 269//396 470//396 445//396
f 471//751 472//751 434//751
f 473//752 471//752 434//752
f 433//753 473//753 434//753
f 472//754 449//754 434//754
f 469//755 474//755 426//755
f 474//755 475//755 426//755
f 475//756 457//756 426//756
f 475//755 476//755 457//755
f 476//757 458//757 457//757
f 476//758 477//758 458//758
f 477//759 478//759 458//759
f 478//760 459//760 458//760
f 479//761 454//761 448//761
f 480//762 479//762 448//762
f 452//763 481//763 448//763
f 481//764 480//764 448//764
f 482//765 483//765 461//765
f 483//766 484//766 461//766
f 484//767 462//767 461//767
f 460//768 482//768 461//768
f 485//769 444//769 470//769
f 269//396 485//396 470//396
f 486//770 487//770 447//770
f 487//771 463//771 447//771
f 488//772 486//772 447//772
f 453//773 488//773 447//773
f 489//774 490//774 491//774
f 490//774 492//774 491//774
f 493//775 489//775 491//775
f 494//776 493//776 491//776
f 492//777 494//777 491//777
f 495//774 490//774 489//774
f 493//778 495//778 489//778
f 490//774 496//774 492//774
f 497//779 494//779 492//779
f 496//779 497//779 492//779
f 498//774 490//774 495//774
f 499//780 498//780 495//780
f 493//778 499//778 495//778
f 490//774 500//774 496//774
f 501//781 497//781 496//781
f 500//781 501//781 496//781
f 502//774 490//774 498//774
f 503//782 502//782 498//782
f 499//780 503//780 498//780
f 490//774 504//774 500//774
f 505//783 501//783 500//783
f 504//783 505//783 500//783
f 506//774 490//774 502//774
f 507//784 506//784 502//784
f 503//782 507//782 502//782
f 490//774 508//774 504//774
f 509//785 505//785 504//785
f 508//785 509//785 504//785
f 510//774 508//774 490//774
f 511//774 512//774 490//774
f 512//774 513//774 490//774
f 513//774 510//774 490//774
f 506//774 514//774 490//774
f 514//774 511//774 490//774
f 515//786 514//786 506//786
f 507//784 515//784 506//784
f 516//787 509//787 508//787
f 510//787 516//787 508//787
f 517//788 511//788 514//788
f 515//786 517//786 514//786
f 518//789 516//789 510//789
f 513//789 518//789 510//789
f 519//790 512//790 511//790
f 517//788 519//788 511//788
f 520//791 518//791 513//791
f 512//791 520//791 513//791
f 519//790 520//790 512//790
f 478//792 521//792 459//792
f 521//793 435//793 459//793
f 522//794 488//794 453//794
f 466//795 522//795 453//795
f 523//796 524//796 454//796
f 479//797 523//797 454//797
f 524//798 455//798 454//798
f 521//799 525//799 435//799
f 525//800 433//800 435//800
f 484//238 168//238 462//238
f 485//801 466//801 444//801
f 296//802 410//802 297//802
f 487//803 526//803 463//803
f 526//804 527//804 463//804
f 527//805 528//805 463//805
f 528//806 529//806 463//806
f 529//807 530//807 463//807
f 530//808 464//808 463//808
f 525//809 531//809 433//809
f 531//810 473//810 433//810
f 531//811 532//811 473//811
f 532//812 471//812 473//812
f 532//813 472//813 471//813
f 533//814 526//814 487//814
f 486//815 533//815 487//815
f 534//816 466//816 485//816
f 269//396 534//396 485//396
f 451//817 535//817 452//817
f 535//818 536//818 452//818
f 536//819 481//819 452//819
f 412//820 537//820 467//820
f 537//821 316//821 467//821
f 538//822 449//822 472//822
f 532//823 538//823 472//823
f 539//824 480//824 481//824
f 536//825 540//825 481//825
f 540//826 541//826 481//826
f 541//827 539//827 481//827
f 542//828 466//828 534//828
f 269//396 542//396 534//396
f 543//829 450//829 449//829
f 538//830 543//830 449//830
f 544//831 545//831 536//831
f 545//831 540//831 536//831
f 535//832 544//832 536//832
f 546//833 451//833 450//833
f 543//834 546//834 450//834
f 544//835 535//835 451//835
f 546//836 544//836 451//836
f 547//837 526//837 533//837
f 486//838 547//838 533//838
f 539//839 548//839 480//839
f 549//840 479//840 480//840
f 548//841 549//841 480//841
f 296//842 550//842 410//842
f 550//843 551//843 410//843
f 551//844 552//844 410//844
f 552//569 460//569 410//569
f 553//845 554//845 412//845
f 554//846 537//846 412//846
f 456//847 555//847 412//847
f 555//848 556//848 412//848
f 556//849 553//849 412//849
f 554//821 316//821 537//821
f 295//850 550//850 296//850
f 542//851 522//851 466//851
f 557//852 547//852 486//852
f 558//853 557//853 486//853
f 488//854 558//854 486//854
f 559//855 558//855 488//855
f 522//856 559//856 488//856
f 483//238 168//238 484//238
f 549//857 523//857 479//857
f 560//858 561//858 549//858
f 548//857 560//857 549//857
f 561//859 562//859 549//859
f 562//860 523//860 549//860
f 562//861 524//861 523//861
f 562//862 561//862 524//862
f 561//863 455//863 524//863
f 563//864 551//864 550//864
f 295//865 563//865 550//865
f 564//462 455//462 561//462
f 560//462 564//462 561//462
f 565//396 482//396 460//396
f 566//569 565//569 460//569
f 552//569 566//569 460//569
f 564//569 456//569 455//569
f 567//866 568//866 482//866
f 568//866 569//866 482//866
f 569//867 483//867 482//867
f 570//396 567//396 482//396
f 565//396 570//396 482//396
f 571//868 522//868 542//868
f 572//396 571//396 542//396
f 269//396 572//396 542//396
f 572//869 559//869 522//869
f 571//870 572//870 522//870
f 553//871 316//871 554//871
f 573//238 168//238 483//238
f 569//872 573//872 483//872
f 574//873 526//873 547//873
f 557//874 574//874 547//874
f 575//875 576//875 558//875
f 559//876 575//876 558//876
f 576//877 557//877 558//877
f 568//866 577//866 569//866
f 577//866 573//866 569//866
f 578//878 574//878 557//878
f 579//879 580//879 557//879
f 580//880 581//880 557//880
f 581//881 582//881 557//881
f 582//882 578//882 557//882
f 576//883 579//883 557//883
f 583//884 526//884 574//884
f 578//885 583//885 574//885
f 572//886 584//886 559//886
f 585//887 575//887 559//887
f 586//888 585//888 559//888
f 584//889 586//889 559//889
f 295//774 551//774 563//774
f 587//890 552//890 551//890
f 556//569 587//569 551//569
f 505//774 556//774 551//774
f 501//774 505//774 551//774
f 295//774 300//774 551//774
f 300//774 501//774 551//774
f 301//891 501//891 300//891
f 497//774 501//774 301//774
f 302//774 497//774 301//774
f 494//774 302//774 303//774
f 493//774 494//774 303//774
f 304//774 493//774 303//774
f 494//774 497//774 302//774
f 499//774 493//774 304//774
f 305//774 499//774 304//774
f 503//774 499//774 305//774
f 306//774 503//774 305//774
f 507//774 503//774 306//774
f 307//774 507//774 306//774
f 515//774 507//774 307//774
f 308//774 515//774 307//774
f 509//774 556//774 505//774
f 309//774 515//774 308//774
f 309//774 517//774 515//774
f 516//774 313//774 509//774
f 313//774 314//774 509//774
f 314//774 315//774 509//774
f 315//774 556//774 509//774
f 310//774 517//774 309//774
f 310//774 519//774 517//774
f 518//774 313//774 516//774
f 310//774 311//774 519//774
f 311//774 520//774 519//774
f 520//774 312//774 518//774
f 312//774 313//774 518//774
f 311//774 312//774 520//774
f 316//774 556//774 315//774
f 553//774 556//774 316//774
f 555//569 587//569 556//569
f 577//238 168//238 573//238
f 269//396 584//396 572//396
f 588//892 586//892 584//892
f 589//396 590//396 584//396
f 590//396 591//396 584//396
f 591//396 588//396 584//396
f 269//396 589//396 584//396
f 592//893 583//893 578//893
f 582//894 592//894 578//894
f 593//895 592//895 582//895
f 581//896 593//896 582//896
f 580//897 593//897 581//897
f 594//898 595//898 576//898
f 575//899 594//899 576//899
f 595//900 579//900 576//900
f 596//901 586//901 588//901
f 591//396 596//396 588//396
f 597//902 598//902 580//902
f 598//902 599//902 580//902
f 599//903 593//903 580//903
f 600//902 597//902 580//902
f 579//902 600//902 580//902
f 601//904 552//904 587//904
f 602//904 601//904 587//904
f 603//569 602//569 587//569
f 555//569 603//569 587//569
f 601//569 604//569 552//569
f 605//569 566//569 552//569
f 604//569 605//569 552//569
f 456//905 606//905 555//905
f 606//569 603//569 555//569
f 607//905 606//905 456//905
f 564//569 608//569 456//569
f 608//569 607//569 456//569
f 585//906 594//906 575//906
f 596//907 585//907 586//907
f 609//908 610//908 565//908
f 566//909 609//909 565//909
f 610//910 611//910 565//910
f 611//911 612//911 565//911
f 612//912 570//912 565//912
f 613//913 608//913 564//913
f 560//462 614//462 564//462
f 614//914 613//914 564//914
f 615//915 585//915 596//915
f 591//396 615//396 596//396
f 616//916 617//916 613//916
f 617//917 608//917 613//917
f 614//918 616//918 613//918
f 609//919 618//919 610//919
f 618//920 611//920 610//920
f 619//921 617//921 616//921
f 614//922 619//922 616//922
f 595//902 600//902 579//902
f 620//923 608//923 617//923
f 621//924 620//924 617//924
f 619//925 621//925 617//925
f 566//926 622//926 609//926
f 623//927 624//927 609//927
f 624//928 618//928 609//928
f 622//929 623//929 609//929
f 566//930 625//930 622//930
f 625//931 623//931 622//931
f 626//932 627//932 585//932
f 627//933 628//933 585//933
f 628//934 594//934 585//934
f 615//935 629//935 585//935
f 629//936 626//936 585//936
f 591//396 629//396 615//396
f 628//937 595//937 594//937
f 630//938 608//938 620//938
f 621//939 630//939 620//939
f 628//902 600//902 595//902
f 631//940 608//940 630//940
f 632//941 631//941 630//941
f 621//942 633//942 630//942
f 633//943 634//943 630//943
f 634//944 632//944 630//944
f 566//945 635//945 625//945
f 636//946 623//946 625//946
f 635//947 636//947 625//947
f 605//948 635//948 566//948
f 631//569 637//569 608//569
f 637//569 607//569 608//569
f 638//949 631//949 632//949
f 639//950 638//950 632//950
f 640//951 639//951 632//951
f 634//952 640//952 632//952
f 605//953 641//953 635//953
f 641//954 636//954 635//954
f 605//955 642//955 641//955
f 642//956 636//956 641//956
f 643//957 626//957 629//957
f 644//396 643//396 629//396
f 645//396 644//396 629//396
f 591//396 645//396 629//396
f 646//958 631//958 638//958
f 647//959 646//959 638//959
f 639//960 647//960 638//960
f 604//961 601//961 602//961
f 648//962 604//962 602//962
f 603//569 648//569 602//569
f 607//963 649//963 606//963
f 649//569 603//569 606//569
f 637//964 649//964 607//964
f 650//902 600//902 628//902
f 627//902 650//902 628//902
f 605//965 651//965 642//965
f 651//966 652//966 642//966
f 652//967 653//967 642//967
f 653//968 636//968 642//968
f 605//969 654//969 651//969
f 654//970 655//970 651//970
f 655//971 652//971 651//971
f 656//972 631//972 646//972
f 657//973 656//973 646//973
f 647//974 657//974 646//974
f 658//975 631//975 656//975
f 659//976 658//976 656//976
f 657//977 659//977 656//977
f 644//978 626//978 643//978
f 605//979 660//979 654//979
f 660//980 661//980 654//980
f 661//981 655//981 654//981
f 605//982 662//982 660//982
f 662//569 663//569 660//569
f 663//569 661//569 660//569
f 664//983 631//983 658//983
f 659//984 665//984 658//984
f 665//569 666//569 658//569
f 666//569 664//569 658//569
f 605//985 648//985 662//985
f 648//569 667//569 662//569
f 667//569 663//569 662//569
f 604//985 648//985 605//985
f 637//986 631//986 664//986
f 649//986 637//986 664//986
f 666//569 649//569 664//569
f 626//987 650//987 627//987
f 668//569 669//569 648//569
f 669//569 667//569 648//569
f 603//569 668//569 648//569
f 670//569 603//569 649//569
f 671//569 670//569 649//569
f 666//569 671//569 649//569
f 644//902 645//902 626//902
f 645//902 650//902 626//902
f 672//988 650//988 645//988
f 591//396 672//396 645//396
f 673//989 671//989 666//989
f 665//990 673//990 666//990
f 665//991 674//991 673//991
f 675//989 671//989 673//989
f 676//569 675//569 673//569
f 674//569 676//569 673//569
f 677//992 663//992 667//992
f 678//993 677//993 667//993
f 669//993 678//993 667//993
f 679//992 663//992 677//992
f 680//569 679//569 677//569
f 678//569 680//569 677//569
f 681//994 682//994 650//994
f 682//995 600//995 650//995
f 672//996 681//996 650//996
f 679//997 661//997 663//997
f 653//998 652//998 679//998
f 652//999 655//999 679//999
f 655//1000 661//1000 679//1000
f 680//1001 623//1001 679//1001
f 623//1002 636//1002 679//1002
f 636//1003 653//1003 679//1003
f 675//1004 670//1004 671//1004
f 676//1004 670//1004 675//1004
f 591//1005 681//1005 672//1005
f 659//1006 674//1006 665//1006
f 657//1007 674//1007 659//1007
f 647//1008 674//1008 657//1008
f 647//1009 639//1009 674//1009
f 639//1010 640//1010 674//1010
f 640//1011 634//1011 674//1011
f 634//569 676//569 674//569
f 683//1012 678//1012 669//1012
f 668//1013 683//1013 669//1013
f 683//569 680//569 678//569
f 682//1014 597//1014 600//1014
f 682//1015 598//1015 597//1015
f 684//1016 681//1016 591//1016
f 590//1017 684//1017 591//1017
f 633//1018 685//1018 634//1018
f 685//569 686//569 634//569
f 686//569 676//569 634//569
f 676//1019 603//1019 670//1019
f 687//1020 603//1020 676//1020
f 688//569 689//569 676//569
f 690//569 688//569 676//569
f 686//569 690//569 676//569
f 689//569 691//569 676//569
f 691//569 692//569 676//569
f 692//569 687//569 676//569
f 693//1021 694//1021 695//1021
f 696//6 697//6 695//6
f 697//6 698//6 695//6
f 698//6 693//6 695//6
f 699//6 696//6 695//6
f 700//1022 699//1022 695//1022
f 694//1023 700//1023 695//1023
f 701//1024 702//1024 699//1024
f 702//6 696//6 699//6
f 700//1025 701//1025 699//1025
f 703//1026 683//1026 704//1026
f 683//1027 668//1027 704//1027
f 668//6 705//6 704//6
f 705//1028 703//1028 704//1028
f 603//6 705//6 668//6
f 701//1029 706//1029 702//1029
f 707//6 696//6 702//6
f 706//6 707//6 702//6
f 708//1030 709//1030 693//1030
f 709//1031 710//1031 693//1031
f 710//1032 711//1032 693//1032
f 711//1033 712//1033 693//1033
f 712//1034 713//1034 693//1034
f 713//1035 694//1035 693//1035
f 714//1036 708//1036 693//1036
f 715//1037 714//1037 693//1037
f 716//1038 715//1038 693//1038
f 698//6 717//6 693//6
f 717//6 716//6 693//6
f 603//6 718//6 705//6
f 719//1039 720//1039 705//1039
f 718//1040 719//1040 705//1040
f 720//1041 721//1041 705//1041
f 721//1042 722//1042 705//1042
f 722//1043 723//1043 705//1043
f 723//1043 724//1043 705//1043
f 724//1044 703//1044 705//1044
f 725//1045 726//1045 706//1045
f 701//1046 727//1046 706//1046
f 727//1047 728//1047 706//1047
f 728//1048 729//1048 706//1048
f 729//1049 730//1049 706//1049
f 730//1050 725//1050 706//1050
f 726//1051 731//1051 706//1051
f 731//1052 732//1052 706//1052
f 732//1053 733//1053 706//1053
f 733//6 707//6 706//6
f 734//6 707//6 733//6
f 735//6 734//6 733//6
f 732//1054 735//1054 733//1054
f 736//6 737//6 718//6
f 603//6 738//6 718//6
f 738//6 736//6 718//6
f 739//6 734//6 718//6
f 740//6 739//6 718//6
f 737//6 740//6 718//6
f 734//6 741//6 718//6
f 742//1055 719//1055 718//1055
f 743//1055 742//1055 718//1055
f 741//1056 743//1056 718//1056
f 744//6 734//6 735//6
f 745//1057 744//1057 735//1057
f 732//1054 745//1054 735//1054
f 746//396 741//396 744//396
f 741//6 734//6 744//6
f 745//1057 746//1057 744//1057
f 746//396 747//396 741//396
f 747//1058 743//1058 741//1058
f 748//1059 715//1059 716//1059
f 749//1060 748//1060 716//1060
f 750//1061 749//1061 716//1061
f 717//6 750//6 716//6
f 751//1062 749//1062 750//1062
f 752//1063 753//1063 750//1063
f 753//1064 754//1064 750//1064
f 754//1065 751//1065 750//1065
f 755//6 752//6 750//6
f 717//6 755//6 750//6
f 696//777 756//777 697//777
f 756//777 757//777 697//777
f 757//775 698//775 697//775
f 757//775 758//775 698//775
f 758//778 717//778 698//778
f 707//779 759//779 696//779
f 759//779 756//779 696//779
f 758//778 760//778 717//778
f 760//780 755//780 717//780
f 734//781 761//781 707//781
f 761//781 759//781 707//781
f 762//1066 763//1066 752//1066
f 763//1067 764//1067 752//1067
f 764//1068 753//1068 752//1068
f 755//6 765//6 752//6
f 765//6 762//6 752//6
f 760//780 766//780 755//780
f 766//782 765//782 755//782
f 739//783 767//783 734//783
f 767//783 761//783 734//783
f 768//6 769//6 765//6
f 769//6 762//6 765//6
f 766//782 770//782 765//782
f 770//784 768//784 765//784
f 740//785 771//785 739//785
f 771//785 767//785 739//785
f 769//1069 772//1069 762//1069
f 772//1070 773//1070 762//1070
f 773//1071 763//1071 762//1071
f 774//6 775//6 768//6
f 775//6 769//6 768//6
f 770//784 776//784 768//784
f 776//786 774//786 768//786
f 737//6 777//6 740//6
f 777//787 778//787 740//787
f 778//787 771//787 740//787
f 775//1072 779//1072 769//1072
f 779//1073 780//1073 769//1073
f 780//1074 772//1074 769//1074
f 781//6 782//6 774//6
f 782//6 783//6 774//6
f 783//6 775//6 774//6
f 776//786 784//786 774//786
f 784//788 781//788 774//788
f 785//6 786//6 777//6
f 737//6 787//6 777//6
f 787//6 785//6 777//6
f 786//6 788//6 777//6
f 788//6 789//6 777//6
f 789//6 790//6 777//6
f 790//789 791//789 777//789
f 791//789 778//789 777//789
f 792//6 793//6 781//6
f 793//6 782//6 781//6
f 784//788 794//788 781//788
f 794//790 792//790 781//790
f 795//6 792//6 790//6
f 789//6 796//6 790//6
f 796//6 795//6 790//6
f 792//791 797//791 790//791
f 797//791 791//791 790//791
f 795//6 793//6 792//6
f 794//790 797//790 792//790
f 798//1075 799//1075 775//1075
f 799//1076 779//1076 775//1076
f 800//1077 798//1077 775//1077
f 783//1078 800//1078 775//1078
f 801//1079 800//1079 783//1079
f 802//1080 801//1080 783//1080
f 782//1081 802//1081 783//1081
f 803//462 804//462 785//462
f 787//462 803//462 785//462
f 804//1082 786//1082 785//1082
f 805//1083 803//1083 787//1083
f 737//1084 805//1084 787//1084
f 806//1085 788//1085 786//1085
f 804//1082 806//1082 786//1082
f 807//1086 805//1086 737//1086
f 808//1086 807//1086 737//1086
f 736//1087 808//1087 737//1087
f 809//1088 789//1088 788//1088
f 810//1089 809//1089 788//1089
f 806//1085 810//1085 788//1085
f 811//1090 812//1090 789//1090
f 812//1091 813//1091 789//1091
f 813//1092 814//1092 789//1092
f 814//1093 815//1093 789//1093
f 815//1094 816//1094 789//1094
f 816//1095 796//1095 789//1095
f 809//1096 811//1096 789//1096
f 817//1097 808//1097 736//1097
f 738//1098 818//1098 736//1098
f 818//1099 819//1099 736//1099
f 819//1100 820//1100 736//1100
f 820//1101 821//1101 736//1101
f 821//1102 822//1102 736//1102
f 822//1103 817//1103 736//1103
f 793//1104 823//1104 782//1104
f 823//1105 824//1105 782//1105
f 824//1106 825//1106 782//1106
f 825//1107 826//1107 782//1107
f 826//1108 827//1108 782//1108
f 827//1109 828//1109 782//1109
f 829//1110 802//1110 782//1110
f 828//1111 829//1111 782//1111
f 830//1112 795//1112 796//1112
f 816//1113 831//1113 796//1113
f 831//1113 830//1113 796//1113
f 795//1114 832//1114 793//1114
f 832//1115 823//1115 793//1115
f 830//1116 832//1116 795//1116
f 603//1117 818//1117 738//1117
f 687//1118 818//1118 603//1118
f 612//1119 618//1119 680//1119
f 570//1120 612//1120 680//1120
f 618//1121 624//1121 680//1121
f 624//1122 623//1122 680//1122
f 683//569 570//569 680//569
f 831//1123 832//1123 830//1123
f 713//1124 700//1124 694//1124
f 589//1125 684//1125 590//1125
f 724//1126 683//1126 703//1126
f 700//1127 727//1127 701//1127
f 816//1128 832//1128 831//1128
f 681//1129 833//1129 682//1129
f 833//1130 834//1130 682//1130
f 834//1131 835//1131 682//1131
f 835//1132 598//1132 682//1132
f 684//1133 836//1133 681//1133
f 836//1134 833//1134 681//1134
f 621//1135 685//1135 633//1135
f 700//1136 728//1136 727//1136
f 832//1137 824//1137 823//1137
f 815//1138 832//1138 816//1138
f 712//1139 700//1139 713//1139
f 619//1140 685//1140 621//1140
f 612//1141 611//1141 618//1141
f 835//1142 599//1142 598//1142
f 614//1143 685//1143 619//1143
f 729//1144 728//1144 700//1144
f 712//1145 711//1145 700//1145
f 711//1146 729//1146 700//1146
f 825//1147 824//1147 832//1147
f 815//1148 814//1148 832//1148
f 814//1149 825//1149 832//1149
f 837//396 567//396 570//396
f 683//569 837//569 570//569
f 614//462 686//462 685//462
f 560//462 686//462 614//462
f 687//1150 819//1150 818//1150
f 723//1151 683//1151 724//1151
f 589//1152 269//1152 684//1152
f 269//1153 838//1153 684//1153
f 838//1154 836//1154 684//1154
f 835//1155 839//1155 599//1155
f 839//1156 593//1156 599//1156
f 836//1157 840//1157 833//1157
f 840//1158 834//1158 833//1158
f 722//1159 841//1159 683//1159
f 723//1160 722//1160 683//1160
f 842//569 837//569 683//569
f 841//569 842//569 683//569
f 814//1161 843//1161 825//1161
f 843//1162 826//1162 825//1162
f 711//1163 844//1163 729//1163
f 844//1164 730//1164 729//1164
f 710//1165 844//1165 711//1165
f 813//1166 843//1166 814//1166
f 839//1167 592//1167 593//1167
f 834//1168 845//1168 835//1168
f 845//1169 839//1169 835//1169
f 839//1170 583//1170 592//1170
f 839//1171 526//1171 583//1171
f 687//1172 820//1172 819//1172
f 843//1173 827//1173 826//1173
f 844//1174 725//1174 730//1174
f 839//1175 527//1175 526//1175
f 812//1176 843//1176 813//1176
f 709//1177 844//1177 710//1177
f 846//1178 821//1178 687//1178
f 821//1179 820//1179 687//1179
f 692//569 846//569 687//569
f 847//1180 838//1180 269//1180
f 270//1181 847//1181 269//1181
f 848//238 168//238 577//238
f 568//1182 848//1182 577//1182
f 838//1183 849//1183 836//1183
f 849//1184 840//1184 836//1184
f 721//1185 841//1185 722//1185
f 756//6 850//6 757//6
f 850//6 758//6 757//6
f 850//6 760//6 758//6
f 759//6 850//6 756//6
f 850//6 766//6 760//6
f 761//6 850//6 759//6
f 850//6 770//6 766//6
f 767//6 850//6 761//6
f 850//6 776//6 770//6
f 771//6 850//6 767//6
f 784//6 776//6 850//6
f 791//6 797//6 850//6
f 797//6 794//6 850//6
f 794//6 784//6 850//6
f 771//6 778//6 850//6
f 778//6 791//6 850//6
f 280//1186 847//1186 270//1186
f 845//1187 528//1187 839//1187
f 528//1188 527//1188 839//1188
f 567//1189 851//1189 568//1189
f 851//1190 848//1190 568//1190
f 843//1191 828//1191 827//1191
f 844//1192 726//1192 725//1192
f 840//1193 852//1193 834//1193
f 852//1194 845//1194 834//1194
f 811//1195 843//1195 812//1195
f 708//1196 844//1196 709//1196
f 853//1197 828//1197 843//1197
f 811//1198 854//1198 843//1198
f 854//1199 853//1199 843//1199
f 855//1200 726//1200 844//1200
f 708//1201 856//1201 844//1201
f 856//1202 855//1202 844//1202
f 845//1203 529//1203 528//1203
f 846//1204 822//1204 821//1204
f 847//1205 857//1205 838//1205
f 857//1206 849//1206 838//1206
f 279//1207 847//1207 280//1207
f 837//1208 851//1208 567//1208
f 842//1209 851//1209 837//1209
f 560//1210 690//1210 686//1210
f 858//1211 859//1211 560//1211
f 548//1212 860//1212 560//1212
f 860//1213 858//1213 560//1213
f 859//1214 690//1214 560//1214
f 860//1215 859//1215 858//1215
f 861//1216 841//1216 721//1216
f 720//1217 861//1217 721//1217
f 862//1218 859//1218 860//1218
f 548//1219 862//1219 860//1219
f 853//1220 829//1220 828//1220
f 855//1221 731//1221 726//1221
f 539//1222 862//1222 548//1222
f 863//1223 859//1223 862//1223
f 539//1224 863//1224 862//1224
f 809//1225 854//1225 811//1225
f 714//1226 856//1226 708//1226
f 864//238 865//238 848//238
f 866//1227 867//1227 848//1227
f 867//238 868//238 848//238
f 868//238 869//238 848//238
f 869//238 864//238 848//238
f 865//238 870//238 848//238
f 870//238 871//238 848//238
f 871//238 872//238 848//238
f 872//238 873//238 848//238
f 873//238 168//238 848//238
f 874//238 875//238 848//238
f 876//238 866//238 848//238
f 875//238 876//238 848//238
f 851//1228 874//1228 848//1228
f 849//1229 877//1229 840//1229
f 877//1230 852//1230 840//1230
f 852//1231 530//1231 845//1231
f 530//1232 529//1232 845//1232
f 878//238 875//238 874//238
f 851//1233 878//1233 874//1233
f 879//1234 731//1234 855//1234
f 856//1235 880//1235 855//1235
f 880//1236 879//1236 855//1236
f 881//1237 829//1237 853//1237
f 854//1238 882//1238 853//1238
f 882//1239 881//1239 853//1239
f 714//1240 883//1240 856//1240
f 883//1241 880//1241 856//1241
f 809//1242 884//1242 854//1242
f 884//1243 882//1243 854//1243
f 278//1244 885//1244 279//1244
f 885//1245 847//1245 279//1245
f 885//1246 886//1246 847//1246
f 886//1247 857//1247 847//1247
f 887//1248 841//1248 861//1248
f 720//1249 887//1249 861//1249
f 887//1250 888//1250 841//1250
f 888//1251 889//1251 841//1251
f 890//569 842//569 841//569
f 889//569 890//569 841//569
f 541//1252 863//1252 539//1252
f 538//1253 891//1253 543//1253
f 891//1254 892//1254 543//1254
f 892//1255 546//1255 543//1255
f 892//1256 544//1256 546//1256
f 892//1257 893//1257 544//1257
f 893//1258 545//1258 544//1258
f 893//1258 540//1258 545//1258
f 540//1259 863//1259 541//1259
f 893//1260 863//1260 540//1260
f 532//1253 891//1253 538//1253
f 846//1261 894//1261 822//1261
f 894//1262 817//1262 822//1262
f 531//1263 891//1263 532//1263
f 895//1264 863//1264 893//1264
f 892//1265 895//1265 893//1265
f 277//1266 885//1266 278//1266
f 896//1267 464//1267 530//1267
f 897//1268 896//1268 530//1268
f 852//1269 897//1269 530//1269
f 525//1270 891//1270 531//1270
f 720//1271 888//1271 887//1271
f 898//1272 829//1272 881//1272
f 882//1273 898//1273 881//1273
f 899//1274 731//1274 879//1274
f 880//1275 899//1275 879//1275
f 809//1276 900//1276 884//1276
f 900//1277 882//1277 884//1277
f 714//1278 901//1278 883//1278
f 901//1279 880//1279 883//1279
f 902//1280 891//1280 525//1280
f 521//1281 902//1281 525//1281
f 846//1282 903//1282 894//1282
f 903//1283 817//1283 894//1283
f 904//1284 905//1284 846//1284
f 905//1285 906//1285 846//1285
f 906//1286 903//1286 846//1286
f 692//569 904//569 846//569
f 896//1287 465//1287 464//1287
f 478//1288 907//1288 521//1288
f 907//1289 902//1289 521//1289
f 277//1290 886//1290 885//1290
f 863//1291 690//1291 859//1291
f 857//1292 908//1292 849//1292
f 908//1293 877//1293 849//1293
f 477//1294 907//1294 478//1294
f 877//1295 897//1295 852//1295
f 909//1296 878//1296 851//1296
f 842//1297 909//1297 851//1297
f 276//1298 886//1298 277//1298
f 895//1299 690//1299 863//1299
f 910//1300 911//1300 882//1300
f 911//1301 898//1301 882//1301
f 900//1302 912//1302 882//1302
f 912//1303 913//1303 882//1303
f 913//1304 910//1304 882//1304
f 914//1305 915//1305 880//1305
f 915//1306 899//1306 880//1306
f 901//1307 916//1307 880//1307
f 916//1308 917//1308 880//1308
f 917//1309 914//1309 880//1309
f 476//1310 907//1310 477//1310
f 475//1311 907//1311 476//1311
f 275//1312 918//1312 276//1312
f 918//1313 886//1313 276//1313
f 474//1314 919//1314 475//1314
f 920//1315 907//1315 475//1315
f 919//1316 920//1316 475//1316
f 902//1317 921//1317 891//1317
f 921//1318 892//1318 891//1318
f 274//1319 918//1319 275//1319
f 469//1314 919//1314 474//1314
f 911//1320 829//1320 898//1320
f 915//1321 731//1321 899//1321
f 468//1322 919//1322 469//1322
f 906//1323 817//1323 903//1323
f 809//1324 912//1324 900//1324
f 714//1325 916//1325 901//1325
f 896//1326 919//1326 468//1326
f 465//1327 896//1327 468//1327
f 909//1328 875//1328 878//1328
f 922//238 876//238 875//238
f 923//1329 922//1329 875//1329
f 909//1330 923//1330 875//1330
f 924//1331 889//1331 888//1331
f 720//1332 924//1332 888//1332
f 886//1333 925//1333 857//1333
f 925//1334 908//1334 857//1334
f 897//1335 919//1335 896//1335
f 926//1336 923//1336 842//1336
f 923//1337 909//1337 842//1337
f 890//569 926//569 842//569
f 920//1338 927//1338 907//1338
f 927//1339 902//1339 907//1339
f 928//1340 929//1340 897//1340
f 929//1341 919//1341 897//1341
f 877//1342 928//1342 897//1342
f 892//1343 930//1343 895//1343
f 931//1344 690//1344 895//1344
f 930//1345 931//1345 895//1345
f 931//1346 932//1346 690//1346
f 932//569 688//569 690//569
f 933//1347 928//1347 877//1347
f 908//1348 934//1348 877//1348
f 934//1349 935//1349 877//1349
f 935//1350 933//1350 877//1350
f 273//1351 936//1351 274//1351
f 936//1352 918//1352 274//1352
f 921//1353 937//1353 892//1353
f 937//1354 938//1354 892//1354
f 938//1355 930//1355 892//1355
f 910//1356 829//1356 911//1356
f 914//1357 731//1357 915//1357
f 809//1358 913//1358 912//1358
f 714//1359 917//1359 916//1359
f 939//1360 829//1360 910//1360
f 940//1361 939//1361 910//1361
f 913//1362 941//1362 910//1362
f 941//1363 940//1363 910//1363
f 942//1364 731//1364 914//1364
f 943//1365 942//1365 914//1365
f 917//1366 944//1366 914//1366
f 944//1367 943//1367 914//1367
f 945//1368 946//1368 913//1368
f 809//1369 945//1369 913//1369
f 946//1370 941//1370 913//1370
f 714//1371 947//1371 917//1371
f 947//1372 948//1372 917//1372
f 948//1373 944//1373 917//1373
f 918//1374 949//1374 886//1374
f 949//1375 925//1375 886//1375
f 946//1376 950//1376 941//1376
f 950//1377 951//1377 941//1377
f 951//1378 952//1378 941//1378
f 952//1379 953//1379 941//1379
f 953//1379 954//1379 941//1379
f 954//1380 955//1380 941//1380
f 955//1381 956//1381 941//1381
f 956//1382 957//1382 941//1382
f 957//1383 940//1383 941//1383
f 938//1384 931//1384 930//1384
f 905//1385 817//1385 906//1385
f 929//1386 920//1386 919//1386
f 273//1387 958//1387 936//1387
f 958//1388 918//1388 936//1388
f 959//1389 889//1389 924//1389
f 720//1390 959//1390 924//1390
f 959//1391 960//1391 889//1391
f 960//1392 961//1392 889//1392
f 961//1393 962//1393 889//1393
f 962//1394 963//1394 889//1394
f 963//569 890//569 889//569
f 933//1395 929//1395 928//1395
f 720//1396 960//1396 959//1396
f 945//1397 964//1397 946//1397
f 964//1398 950//1398 946//1398
f 965//1399 939//1399 940//1399
f 957//1400 965//1400 940//1400
f 966//1401 876//1401 923//1401
f 876//1402 922//1402 923//1402
f 926//1403 966//1403 923//1403
f 967//1404 942//1404 943//1404
f 968//1405 967//1405 943//1405
f 969//1406 968//1406 943//1406
f 944//1407 969//1407 943//1407
f 964//1408 951//1408 950//1408
f 947//1409 970//1409 948//1409
f 970//1410 944//1410 948//1410
f 970//1411 971//1411 944//1411
f 971//1412 972//1412 944//1412
f 972//1413 973//1413 944//1413
f 973//1414 974//1414 944//1414
f 974//1415 975//1415 944//1415
f 975//1416 969//1416 944//1416
f 937//1417 931//1417 938//1417
f 935//1418 929//1418 933//1418
f 976//1419 977//1419 908//1419
f 925//1420 976//1420 908//1420
f 977//1421 978//1421 908//1421
f 978//1422 934//1422 908//1422
f 958//1388 979//1388 918//1388
f 979//1423 949//1423 918//1423
f 904//1424 980//1424 905//1424
f 980//1425 817//1425 905//1425
f 927//1426 981//1426 902//1426
f 981//1427 921//1427 902//1427
f 982//1428 929//1428 935//1428
f 934//1429 982//1429 935//1429
f 983//1430 984//1430 904//1430
f 692//1431 983//1431 904//1431
f 984//1430 980//1430 904//1430
f 273//1387 979//1387 958//1387
f 890//1432 985//1432 986//1432
f 926//1433 890//1433 986//1433
f 987//1434 926//1434 986//1434
f 985//1435 987//1435 986//1435
f 988//1436 966//1436 926//1436
f 987//1437 988//1437 926//1437
f 989//1438 688//1438 932//1438
f 931//1439 989//1439 932//1439
f 937//1440 990//1440 931//1440
f 990//1441 989//1441 931//1441
f 990//1442 688//1442 989//1442
f 929//1443 991//1443 920//1443
f 991//1444 992//1444 920//1444
f 992//1445 927//1445 920//1445
f 956//1446 965//1446 957//1446
f 993//1447 968//1447 969//1447
f 975//1448 993//1448 969//1448
f 994//1449 952//1449 951//1449
f 964//1450 994//1450 951//1450
f 947//1451 995//1451 970//1451
f 995//1452 971//1452 970//1452
f 890//1453 996//1453 985//1453
f 996//1454 997//1454 985//1454
f 997//1455 987//1455 985//1455
f 966//1456 866//1456 876//1456
f 998//1457 965//1457 956//1457
f 955//1458 998//1458 956//1458
f 995//1459 972//1459 971//1459
f 999//1460 689//1460 688//1460
f 990//1461 999//1461 688//1461
f 1000//1462 689//1462 999//1462
f 990//1463 1000//1463 999//1463
f 1001//1464 817//1464 980//1464
f 1002//1465 1001//1465 980//1465
f 984//1466 1002//1466 980//1466
f 978//1467 982//1467 934//1467
f 890//1453 1003//1453 996//1453
f 1003//1454 997//1454 996//1454
f 1004//1468 689//1468 1000//1468
f 1005//1469 1004//1469 1000//1469
f 990//1470 1005//1470 1000//1470
f 273//1471 1006//1471 979//1471
f 1006//1472 949//1472 979//1472
f 1007//1473 976//1473 925//1473
f 949//1474 1008//1474 925//1474
f 1008//1475 1009//1475 925//1475
f 1009//1476 1007//1476 925//1476
f 1010//1477 998//1477 955//1477
f 954//1478 1010//1478 955//1478
f 974//1479 993//1479 975//1479
f 994//1480 1011//1480 952//1480
f 1011//1481 953//1481 952//1481
f 890//1482 1012//1482 1003//1482
f 1012//1483 997//1483 1003//1483
f 1013//1484 973//1484 972//1484
f 995//1485 1013//1485 972//1485
f 977//1486 982//1486 978//1486
f 1014//1487 993//1487 974//1487
f 973//1488 1014//1488 974//1488
f 1011//1481 954//1481 953//1481
f 1015//1489 961//1489 960//1489
f 720//1490 1015//1490 960//1490
f 1013//1491 1014//1491 973//1491
f 1011//1492 1010//1492 954//1492
f 982//1493 991//1493 929//1493
f 983//1494 1002//1494 984//1494
f 976//1495 982//1495 977//1495
f 1016//1496 1017//1496 921//1496
f 1017//1497 937//1497 921//1497
f 1018//1496 1016//1496 921//1496
f 981//1498 1018//1498 921//1498
f 1015//1499 1019//1499 961//1499
f 1019//1500 962//1500 961//1500
f 1020//1501 689//1501 1004//1501
f 1005//1502 1020//1502 1004//1502
f 1016//1503 1021//1503 990//1503
f 1017//1504 1016//1504 990//1504
f 937//1505 1017//1505 990//1505
f 1021//1506 1005//1506 990//1506
f 273//1507 1022//1507 1006//1507
f 1022//1508 949//1508 1006//1508
f 272//1509 1022//1509 273//1509
f 1023//1510 689//1510 1020//1510
f 1005//1511 1023//1511 1020//1511
f 890//1512 1024//1512 1012//1512
f 1025//1513 997//1513 1012//1513
f 1024//1514 1025//1514 1012//1514
f 1026//1515 1027//1515 949//1515
f 1027//1516 1008//1516 949//1516
f 1022//1508 1026//1508 949//1508
f 1007//1517 982//1517 976//1517
f 691//1518 689//1518 1023//1518
f 1028//1519 691//1519 1023//1519
f 1005//1520 1029//1520 1023//1520
f 1029//1521 1028//1521 1023//1521
f 890//1522 1030//1522 1024//1522
f 1030//1523 1031//1523 1024//1523
f 1031//1524 1025//1524 1024//1524
f 1032//1525 1030//1525 890//1525
f 963//569 1032//569 890//569
f 1033//1526 691//1526 1028//1526
f 1034//1527 1033//1527 1028//1527
f 1029//1528 1034//1528 1028//1528
f 1032//1529 1035//1529 1030//1529
f 1035//1530 1031//1530 1030//1530
f 1032//1531 1036//1531 1035//1531
f 1036//1532 1031//1532 1035//1532
f 692//1533 1037//1533 983//1533
f 1038//1534 1002//1534 983//1534
f 1037//1535 1038//1535 983//1535
f 1039//1536 987//1536 997//1536
f 1025//1537 1040//1537 997//1537
f 1040//1538 1041//1538 997//1538
f 1041//1539 1039//1539 997//1539
f 1021//1506 1042//1506 1005//1506
f 1042//1540 1043//1540 1005//1540
f 1043//1541 1029//1541 1005//1541
f 1044//1542 1026//1542 1022//1542
f 272//1543 1044//1543 1022//1543
f 1045//1544 982//1544 1007//1544
f 1009//1545 1045//1545 1007//1545
f 1008//1546 1045//1546 1009//1546
f 1046//1547 963//1547 962//1547
f 1019//1548 1046//1548 962//1548
f 1047//1549 963//1549 1046//1549
f 1048//1550 1047//1550 1046//1550
f 1019//1551 1048//1551 1046//1551
f 1049//1552 1032//1552 963//1552
f 1047//1553 1049//1553 963//1553
f 1050//1554 691//1554 1033//1554
f 1034//1555 1050//1555 1033//1555
f 1027//1556 1045//1556 1008//1556
f 1016//1503 1042//1503 1021//1503
f 992//1557 1051//1557 927//1557
f 1051//1558 981//1558 927//1558
f 1039//1559 988//1559 987//1559
f 692//1560 1052//1560 1037//1560
f 1053//1561 1038//1561 1037//1561
f 1052//1562 1053//1562 1037//1562
f 691//1563 1054//1563 692//1563
f 1054//1564 1055//1564 692//1564
f 1055//1565 1052//1565 692//1565
f 982//1566 1056//1566 991//1566
f 1056//1567 1057//1567 991//1567
f 1057//1568 992//1568 991//1568
f 988//1569 866//1569 966//1569
f 1032//1570 1058//1570 1036//1570
f 1059//1571 1031//1571 1036//1571
f 1058//1572 1059//1572 1036//1572
f 1060//1554 691//1554 1050//1554
f 1034//1573 1060//1573 1050//1573
f 1044//1574 1045//1574 1027//1574
f 1026//1575 1044//1575 1027//1575
f 988//1576 867//1576 866//1576
f 1045//1577 1056//1577 982//1577
f 1061//1578 691//1578 1060//1578
f 1034//1579 1062//1579 1060//1579
f 1063//1580 1061//1580 1060//1580
f 1062//1581 1063//1581 1060//1581
f 1032//1582 1064//1582 1058//1582
f 1064//1583 1065//1583 1058//1583
f 1065//1584 1059//1584 1058//1584
f 1032//1585 1066//1585 1064//1585
f 1066//1586 1065//1586 1064//1586
f 1067//1587 1053//1587 1052//1587
f 1055//1588 1067//1588 1052//1588
f 1041//1589 988//1589 1039//1589
f 1068//1590 691//1590 1061//1590
f 1063//1591 1068//1591 1061//1591
f 1040//1592 1069//1592 1041//1592
f 1069//1593 988//1593 1041//1593
f 1069//1594 867//1594 988//1594
f 1070//1595 1049//1595 1047//1595
f 1071//1596 1070//1596 1047//1596
f 1048//1597 1071//1597 1047//1597
f 1016//1503 1043//1503 1042//1503
f 1018//1598 1043//1598 1016//1598
f 1069//1599 868//1599 867//1599
f 1054//1600 691//1600 1068//1600
f 1063//1601 1072//1601 1068//1601
f 1072//1602 1054//1602 1068//1602
f 1032//1603 1073//1603 1066//1603
f 1074//1604 1065//1604 1066//1604
f 1073//1605 1074//1605 1066//1605
f 1032//1606 1049//1606 1073//1606
f 1049//1607 1070//1607 1073//1607
f 1070//1608 1074//1608 1073//1608
f 1054//1609 1067//1609 1055//1609
f 1072//1610 1067//1610 1054//1610
f 1075//1611 1025//1611 1031//1611
f 1059//1612 1075//1612 1031//1612
f 1029//1613 1062//1613 1034//1613
f 1076//1614 1074//1614 1070//1614
f 1071//1615 1076//1615 1070//1615
f 1072//1616 1053//1616 1067//1616
f 1044//1617 1077//1617 1045//1617
f 1078//1618 1056//1618 1045//1618
f 1077//1619 1078//1619 1045//1619
f 1079//1620 1059//1620 1065//1620
f 1074//1621 1079//1621 1065//1621
f 1062//1622 1072//1622 1063//1622
f 272//1623 1077//1623 1044//1623
f 981//1624 1080//1624 1018//1624
f 1080//1625 1043//1625 1018//1625
f 272//1626 1081//1626 1077//1626
f 1081//1627 1078//1627 1077//1627
f 271//1628 1081//1628 272//1628
f 1082//1629 1080//1629 981//1629
f 1051//1630 1082//1630 981//1630
f 1083//1631 1084//1631 1043//1631
f 1082//1632 1083//1632 1043//1632
f 1080//1633 1082//1633 1043//1633
f 1084//1634 1029//1634 1043//1634
f 1075//1635 1085//1635 1025//1635
f 1085//1636 1086//1636 1025//1636
f 1086//1637 1040//1637 1025//1637
f 1087//1638 1062//1638 1029//1638
f 1084//1639 1087//1639 1029//1639
f 1078//1640 1088//1640 1056//1640
f 1088//1641 1057//1641 1056//1641
f 1086//1642 1089//1642 1040//1642
f 1089//1643 1069//1643 1040//1643
f 1083//1644 1090//1644 1084//1644
f 1090//1645 1087//1645 1084//1645
f 1057//1646 1091//1646 992//1646
f 1091//1647 1051//1647 992//1647
f 1089//1648 869//1648 868//1648
f 1069//1649 1089//1649 868//1649
f 1048//1650 1076//1650 1071//1650
f 1092//1651 1038//1651 1053//1651
f 1072//1652 1092//1652 1053//1652
f 1093//1653 1075//1653 1059//1653
f 1079//1654 1093//1654 1059//1654
f 1087//1655 1094//1655 1062//1655
f 1094//1656 1072//1656 1062//1656
f 1095//1657 1076//1657 1048//1657
f 1019//1658 1095//1658 1048//1658
f 1092//1659 1002//1659 1038//1659
f 1096//1660 1079//1660 1074//1660
f 1076//1661 1096//1661 1074//1661
f 1094//1662 1092//1662 1072//1662
f 1081//1663 1097//1663 1078//1663
f 1097//1664 1088//1664 1078//1664
f 1085//1665 1089//1665 1086//1665
f 1098//1666 864//1666 869//1666
f 1089//1667 1098//1667 869//1667
f 271//1668 1097//1668 1081//1668
f 1015//1669 1095//1669 1019//1669
f 1099//1670 1001//1670 1002//1670
f 1092//1671 1099//1671 1002//1671
f 720//1672 1095//1672 1015//1672
f 1100//1673 993//1673 1014//1673
f 1101//1674 1100//1674 1014//1674
f 1013//1675 1101//1675 1014//1675
f 1102//1676 968//1676 993//1676
f 1100//1677 1102//1677 993//1677
f 995//1678 1101//1678 1013//1678
f 1103//1679 1101//1679 995//1679
f 947//1680 1103//1680 995//1680
f 1102//1681 967//1681 968//1681
f 1102//1682 942//1682 967//1682
f 1104//1683 1103//1683 947//1683
f 714//1684 1104//1684 947//1684
f 1102//1685 1105//1685 942//1685
f 1105//1686 731//1686 942//1686
f 715//1684 1104//1684 714//1684
f 748//1687 1104//1687 715//1687
f 719//1688 1106//1688 720//1688
f 1106//1689 1095//1689 720//1689
f 1105//1690 1107//1690 731//1690
f 1107//1690 732//1690 731//1690
f 1108//1691 745//1691 732//1691
f 1107//1692 1108//1692 732//1692
f 742//1693 1109//1693 719//1693
f 1109//1688 1106//1688 719//1688
f 743//1694 1110//1694 742//1694
f 1110//1694 1109//1694 742//1694
f 1108//1695 1111//1695 745//1695
f 1111//1696 746//1696 745//1696
f 747//1697 1112//1697 743//1697
f 1112//1697 1110//1697 743//1697
f 1111//1698 1112//1698 746//1698
f 1112//1699 747//1699 746//1699
f 749//1700 1113//1700 748//1700
f 1113//1701 1104//1701 748//1701
f 751//1702 1114//1702 749//1702
f 1114//1703 1113//1703 749//1703
f 754//1704 1114//1704 751//1704
f 753//1704 1115//1704 754//1704
f 1115//1705 1114//1705 754//1705
f 764//1706 1116//1706 753//1706
f 1116//1706 1115//1706 753//1706
f 763//1707 1116//1707 764//1707
f 1117//1708 1116//1708 763//1708
f 773//1709 1117//1709 763//1709
f 772//1710 1118//1710 773//1710
f 1118//1711 1117//1711 773//1711
f 780//1712 1118//1712 772//1712
f 1119//1713 1118//1713 780//1713
f 779//1713 1119//1713 780//1713
f 1120//1714 1119//1714 779//1714
f 799//1715 1120//1715 779//1715
f 798//1714 1120//1714 799//1714
f 1121//1716 1120//1716 798//1716
f 800//1717 1121//1717 798//1717
f 801//1718 1121//1718 800//1718
f 1122//1719 1121//1719 801//1719
f 802//1719 1122//1719 801//1719
f 803//1720 1123//1720 804//1720
f 1123//1721 806//1721 804//1721
f 1124//1722 1125//1722 803//1722
f 805//1723 1124//1723 803//1723
f 1125//1720 1123//1720 803//1720
f 807//1724 1124//1724 805//1724
f 1126//1725 810//1725 806//1725
f 1127//1726 1126//1726 806//1726
f 1123//1721 1127//1721 806//1721
f 1128//1724 1124//1724 807//1724
f 808//1727 1128//1727 807//1727
f 1129//1728 1128//1728 808//1728
f 817//1728 1129//1728 808//1728
f 1126//1729 809//1729 810//1729
f 1126//1730 945//1730 809//1730
f 1001//1731 1129//1731 817//1731
f 829//1732 1122//1732 802//1732
f 1130//1733 1122//1733 829//1733
f 939//1734 1130//1734 829//1734
f 1131//1735 964//1735 945//1735
f 1126//1730 1131//1730 945//1730
f 1132//1736 1130//1736 939//1736
f 965//1737 1132//1737 939//1737
f 1131//1735 1133//1735 964//1735
f 1133//1738 994//1738 964//1738
f 1133//1739 1011//1739 994//1739
f 998//1740 1132//1740 965//1740
f 1134//1741 1132//1741 998//1741
f 1010//1742 1134//1742 998//1742
f 1134//1743 1010//1743 1011//1743
f 1133//1744 1134//1744 1011//1744
f 1099//1745 1129//1745 1001//1745
f 271//1746 1135//1746 1097//1746
f 1135//1747 1088//1747 1097//1747
f 1093//1748 1136//1748 1075//1748
f 1136//1749 1085//1749 1075//1749
f 1137//1750 1094//1750 1087//1750
f 1138//1751 1137//1751 1087//1751
f 1090//1752 1138//1752 1087//1752
f 1051//1753 1083//1753 1082//1753
f 1088//1754 1139//1754 1057//1754
f 1139//1755 1091//1755 1057//1755
f 1091//1756 1140//1756 1051//1756
f 1140//1757 1141//1757 1051//1757
f 1141//1758 1083//1758 1051//1758
f 1136//1665 1089//1665 1085//1665
f 1083//1759 1138//1759 1090//1759
f 1142//1760 1093//1760 1079//1760
f 1096//1761 1142//1761 1079//1761
f 1137//1762 1143//1762 1094//1762
f 1143//1763 1092//1763 1094//1763
f 1098//1764 865//1764 864//1764
f 260//1765 1135//1765 271//1765
f 1144//1766 1096//1766 1076//1766
f 1095//1767 1145//1767 1076//1767
f 1145//1768 1146//1768 1076//1768
f 1146//1769 1144//1769 1076//1769
f 1147//1770 1099//1770 1092//1770
f 1148//1771 1147//1771 1092//1771
f 1143//1772 1148//1772 1092//1772
f 1149//1773 870//1773 865//1773
f 1098//1774 1149//1774 865//1774
f 237//1775 1135//1775 260//1775
f 199//1775 1135//1775 237//1775
f 1135//1776 1150//1776 1088//1776
f 1150//1777 1151//1777 1088//1777
f 1151//1778 1139//1778 1088//1778
f 1083//1779 1152//1779 1138//1779
f 1152//1780 1137//1780 1138//1780
f 1153//1781 1098//1781 1136//1781
f 1098//1782 1089//1782 1136//1782
f 1093//1783 1153//1783 1136//1783
f 1141//1784 1152//1784 1083//1784
f 1101//1785 1154//1785 1100//1785
f 1154//1786 1155//1786 1100//1786
f 1155//1787 1102//1787 1100//1787
f 1103//1788 1156//1788 1101//1788
f 1156//1789 1154//1789 1101//1789
f 1155//1790 1157//1790 1102//1790
f 1157//1791 1105//1791 1102//1791
f 1104//1792 1158//1792 1103//1792
f 1158//1792 1156//1792 1103//1792
f 1157//1793 1159//1793 1105//1793
f 1159//1794 1160//1794 1105//1794
f 1160//1795 1107//1795 1105//1795
f 1113//1796 1161//1796 1104//1796
f 1161//1796 1158//1796 1104//1796
f 1160//1797 1108//1797 1107//1797
f 1114//1798 1162//1798 1113//1798
f 1162//1799 1161//1799 1113//1799
f 1115//1800 1163//1800 1114//1800
f 1163//1801 1162//1801 1114//1801
f 1116//1802 1164//1802 1115//1802
f 1164//1802 1163//1802 1115//1802
f 1117//1803 1165//1803 1116//1803
f 1165//1804 1164//1804 1116//1804
f 1166//1805 1165//1805 1117//1805
f 1118//1806 1166//1806 1117//1806
f 1119//1807 1167//1807 1118//1807
f 1167//1807 1166//1807 1118//1807
f 1120//1808 1168//1808 1119//1808
f 1168//1809 1167//1809 1119//1809
f 1121//1810 1169//1810 1120//1810
f 1169//1811 1168//1811 1120//1811
f 1122//1812 1170//1812 1121//1812
f 1170//1812 1169//1812 1121//1812
f 1127//1813 1171//1813 1126//1813
f 1171//1814 1131//1814 1126//1814
f 1130//1815 1172//1815 1122//1815
f 1172//1815 1170//1815 1122//1815
f 1171//1816 1173//1816 1131//1816
f 1173//1817 1133//1817 1131//1817
f 1132//1818 1174//1818 1130//1818
f 1174//1819 1172//1819 1130//1819
f 1173//1820 1175//1820 1133//1820
f 1175//1821 1134//1821 1133//1821
f 1134//1822 1176//1822 1132//1822
f 1176//1823 1174//1823 1132//1823
f 1175//1824 1176//1824 1134//1824
f 1177//1825 1178//1825 1153//1825
f 1178//1826 1149//1826 1153//1826
f 1149//1826 1098//1826 1153//1826
f 1093//1827 1177//1827 1153//1827
f 1108//1828 1179//1828 1111//1828
f 1179//1829 1180//1829 1111//1829
f 1180//1830 1112//1830 1111//1830
f 1147//1831 1129//1831 1099//1831
f 1106//1832 1145//1832 1095//1832
f 1109//1833 1181//1833 1106//1833
f 1181//1834 1146//1834 1106//1834
f 1146//1835 1145//1835 1106//1835
f 1159//1836 1182//1836 1160//1836
f 1183//1837 1108//1837 1160//1837
f 1182//1838 1183//1838 1160//1838
f 1142//1839 1184//1839 1093//1839
f 1184//1840 1177//1840 1093//1840
f 1185//1841 1143//1841 1137//1841
f 1152//1842 1186//1842 1137//1842
f 1186//1843 1185//1843 1137//1843
f 197//1844 1135//1844 199//1844
f 1183//1845 1187//1845 1108//1845
f 1187//1846 1179//1846 1108//1846
f 197//1847 1150//1847 1135//1847
f 196//1848 1150//1848 197//1848
f 1181//1849 1188//1849 1146//1849
f 1188//1850 1144//1850 1146//1850
f 1189//1851 1142//1851 1096//1851
f 1144//1852 1189//1852 1096//1852
f 1185//1853 1148//1853 1143//1853
f 1127//1854 1190//1854 1171//1854
f 1190//1855 1191//1855 1171//1855
f 1191//1856 1173//1856 1171//1856
f 196//1857 1151//1857 1150//1857
f 1192//1858 1193//1858 1181//1858
f 1109//1859 1192//1859 1181//1859
f 1193//1860 1194//1860 1181//1860
f 1194//1861 1188//1861 1181//1861
f 1110//1862 1195//1862 1109//1862
f 1195//1863 1192//1863 1109//1863
f 1180//1864 1195//1864 1110//1864
f 1112//1865 1180//1865 1110//1865
f 1125//1866 1196//1866 1123//1866
f 1196//1867 1127//1867 1123//1867
f 1124//1868 1197//1868 1125//1868
f 1197//1866 1196//1866 1125//1866
f 1198//1869 1197//1869 1124//1869
f 1199//1870 1198//1870 1124//1870
f 1128//1871 1199//1871 1124//1871
f 1196//1872 1190//1872 1127//1872
f 1200//1873 1199//1873 1128//1873
f 1129//1874 1200//1874 1128//1874
f 1147//1875 1201//1875 1129//1875
f 1201//1876 1200//1876 1129//1876
f 1148//1877 1201//1877 1147//1877
f 1140//1878 1152//1878 1141//1878
f 196//1879 1202//1879 1151//1879
f 1202//1880 1139//1880 1151//1880
f 1203//1881 1202//1881 196//1881
f 188//1882 1203//1882 196//1882
f 1178//1883 871//1883 870//1883
f 1149//1884 1178//1884 870//1884
f 1204//1885 1203//1885 188//1885
f 186//1886 1204//1886 188//1886
f 1184//1887 1178//1887 1177//1887
f 1140//1888 1205//1888 1152//1888
f 1206//1889 1186//1889 1152//1889
f 1207//1890 1206//1890 1152//1890
f 1205//1891 1207//1891 1152//1891
f 176//1892 1204//1892 186//1892
f 1091//1893 1205//1893 1140//1893
f 1206//1894 1207//1894 1091//1894
f 1207//1895 1205//1895 1091//1895
f 1208//1894 1206//1894 1091//1894
f 1139//1896 1208//1896 1091//1896
f 1209//1897 872//1897 871//1897
f 1178//1898 1209//1898 871//1898
f 1179//1899 1210//1899 1180//1899
f 1210//1864 1195//1864 1180//1864
f 1197//1900 1211//1900 1196//1900
f 1211//1901 1190//1901 1196//1901
f 1198//1869 1212//1869 1197//1869
f 1212//1900 1211//1900 1197//1900
f 1187//1902 1210//1902 1179//1902
f 175//1903 1204//1903 176//1903
f 1206//1904 1213//1904 1186//1904
f 1213//1905 1185//1905 1186//1905
f 174//1906 1204//1906 175//1906
f 171//1907 1204//1907 174//1907
f 1214//1908 873//1908 872//1908
f 1209//1909 1214//1909 872//1909
f 169//1910 1204//1910 171//1910
f 1188//1911 1194//1911 1144//1911
f 1215//1912 1189//1912 1144//1912
f 1194//1913 1215//1913 1144//1913
f 1216//1914 1201//1914 1148//1914
f 1185//1915 1216//1915 1148//1915
f 1214//1916 1204//1916 169//1916
f 168//1917 1214//1917 169//1917
f 1214//1918 168//1918 873//1918
f 1189//1919 1217//1919 1142//1919
f 1217//1920 1218//1920 1142//1920
f 1218//1921 1184//1921 1142//1921
f 1213//1922 1219//1922 1185//1922
f 1219//1923 1216//1923 1185//1923
f 1202//1924 1203//1924 1139//1924
f 1220//1925 1208//1925 1139//1925
f 1203//1926 1220//1926 1139//1926
f 1218//1927 1178//1927 1184//1927
f 1183//1928 1221//1928 1187//1928
f 1221//1929 1222//1929 1187//1929
f 1222//1930 1210//1930 1187//1930
f 1206//1931 1219//1931 1213//1931
f 1217//1932 1178//1932 1218//1932
f 1154//1933 1223//1933 1155//1933
f 1223//1934 1224//1934 1155//1934
f 1224//1935 1157//1935 1155//1935
f 1156//1936 1225//1936 1154//1936
f 1225//1937 1223//1937 1154//1937
f 1224//1938 1226//1938 1157//1938
f 1226//1939 1159//1939 1157//1939
f 1158//1940 1227//1940 1156//1940
f 1227//1941 1225//1941 1156//1941
f 1226//1942 1228//1942 1159//1942
f 1228//1943 1182//1943 1159//1943
f 1161//1944 1229//1944 1158//1944
f 1229//1944 1227//1944 1158//1944
f 1192//1945 1230//1945 1193//1945
f 1230//1946 1194//1946 1193//1946
f 1228//1947 1231//1947 1182//1947
f 1232//1948 1183//1948 1182//1948
f 1231//1949 1232//1949 1182//1949
f 1233//1950 1234//1950 1192//1950
f 1234//1951 1235//1951 1192//1951
f 1235//1952 1230//1952 1192//1952
f 1195//1953 1233//1953 1192//1953
f 1210//1954 1222//1954 1195//1954
f 1222//1955 1233//1955 1195//1955
f 1162//1956 1236//1956 1161//1956
f 1236//1956 1229//1956 1161//1956
f 1163//1957 1237//1957 1162//1957
f 1237//1958 1236//1958 1162//1958
f 1164//1959 1238//1959 1163//1959
f 1238//1959 1237//1959 1163//1959
f 1165//1960 1239//1960 1164//1960
f 1239//1961 1238//1961 1164//1961
f 1166//1962 1240//1962 1165//1962
f 1240//1963 1239//1963 1165//1963
f 1241//1964 1240//1964 1166//1964
f 1167//1964 1241//1964 1166//1964
f 1168//1965 1242//1965 1167//1965
f 1242//1966 1241//1966 1167//1966
f 1169//1967 1243//1967 1168//1967
f 1243//1968 1242//1968 1168//1968
f 1170//1969 1244//1969 1169//1969
f 1244//1969 1243//1969 1169//1969
f 1212//1970 1245//1970 1211//1970
f 1245//1971 1190//1971 1211//1971
f 1198//1972 1246//1972 1212//1972
f 1246//1970 1245//1970 1212//1970
f 1247//1973 1246//1973 1198//1973
f 1248//1974 1247//1974 1198//1974
f 1199//1975 1248//1975 1198//1975
f 1249//1976 1250//1976 1190//1976
f 1245//1977 1249//1977 1190//1977
f 1250//1978 1191//1978 1190//1978
f 1251//1979 1248//1979 1199//1979
f 1200//1980 1251//1980 1199//1980
f 1250//1981 1173//1981 1191//1981
f 1201//1982 1251//1982 1200//1982
f 1172//1983 1252//1983 1170//1983
f 1252//1984 1244//1984 1170//1984
f 1250//1981 1253//1981 1173//1981
f 1253//1985 1175//1985 1173//1985
f 1174//1986 1254//1986 1172//1986
f 1254//1987 1252//1987 1172//1987
f 1253//1988 1255//1988 1175//1988
f 1255//1989 1176//1989 1175//1989
f 1176//1990 1256//1990 1174//1990
f 1256//1991 1254//1991 1174//1991
f 1255//1992 1256//1992 1176//1992
f 1257//1993 1251//1993 1201//1993
f 1258//1994 1257//1994 1201//1994
f 1216//1995 1258//1995 1201//1995
f 1235//1996 1259//1996 1230//1996
f 1259//1997 1194//1997 1230//1997
f 1259//1998 1215//1998 1194//1998
f 1232//1999 1221//1999 1183//1999
f 1204//2000 1220//2000 1203//2000
f 1215//2001 1260//2001 1189//2001
f 1260//2002 1261//2002 1189//2002
f 1261//2003 1217//2003 1189//2003
f 1262//2004 1263//2004 1216//2004
f 1263//2005 1264//2005 1216//2005
f 1264//2006 1258//2006 1216//2006
f 1219//2007 1262//2007 1216//2007
f 1206//2008 1262//2008 1219//2008
f 1221//2009 1265//2009 1222//2009
f 1265//2010 1233//2010 1222//2010
f 1246//2011 1266//2011 1245//2011
f 1266//2012 1249//2012 1245//2012
f 1247//2013 1267//2013 1246//2013
f 1267//2011 1266//2011 1246//2011
f 1206//2014 1263//2014 1262//2014
f 1261//2015 1178//2015 1217//2015
f 1208//2016 1264//2016 1263//2016
f 1206//2017 1208//2017 1263//2017
f 1232//2018 1268//2018 1221//2018
f 1268//2019 1265//2019 1221//2019
f 1260//2020 1178//2020 1261//2020
f 1209//2021 1178//2021 1260//2021
f 1269//2022 1209//2022 1260//2022
f 1215//2023 1269//2023 1260//2023
f 1270//2024 1271//2024 1215//2024
f 1272//2025 1270//2025 1215//2025
f 1259//2026 1272//2026 1215//2026
f 1271//2027 1269//2027 1215//2027
f 1273//2028 1257//2028 1258//2028
f 1274//2029 1273//2029 1258//2029
f 1264//2030 1274//2030 1258//2030
f 1232//2031 1275//2031 1268//2031
f 1275//2032 1276//2032 1268//2032
f 1276//2033 1265//2033 1268//2033
f 1269//2034 1214//2034 1209//2034
f 1223//2035 1277//2035 1224//2035
f 1277//2035 1278//2035 1224//2035
f 1278//2036 1226//2036 1224//2036
f 1225//2037 1279//2037 1223//2037
f 1279//2038 1280//2038 1223//2038
f 1280//2039 1277//2039 1223//2039
f 1281//2040 1228//2040 1226//2040
f 1282//2041 1281//2041 1226//2041
f 1278//2042 1282//2042 1226//2042
f 1227//2043 1283//2043 1225//2043
f 1283//2043 1279//2043 1225//2043
f 1284//2044 1231//2044 1228//2044
f 1285//2045 1284//2045 1228//2045
f 1281//2040 1285//2040 1228//2040
f 1229//2046 1286//2046 1227//2046
f 1286//2046 1283//2046 1227//2046
f 1284//2047 1232//2047 1231//2047
f 1236//2048 1287//2048 1229//2048
f 1287//2049 1286//2049 1229//2049
f 1237//2050 1288//2050 1236//2050
f 1288//2051 1289//2051 1236//2051
f 1289//2052 1287//2052 1236//2052
f 1238//2053 1290//2053 1237//2053
f 1290//2053 1288//2053 1237//2053
f 1239//2054 1291//2054 1238//2054
f 1291//2054 1290//2054 1238//2054
f 1240//2055 1292//2055 1239//2055
f 1292//2055 1291//2055 1239//2055
f 1241//2056 1293//2056 1240//2056
f 1293//2056 1292//2056 1240//2056
f 1242//2057 1294//2057 1241//2057
f 1294//2058 1295//2058 1241//2058
f 1295//2059 1293//2059 1241//2059
f 1243//2060 1296//2060 1242//2060
f 1296//2060 1294//2060 1242//2060
f 1244//2061 1297//2061 1243//2061
f 1297//2062 1298//2062 1243//2062
f 1298//2063 1296//2063 1243//2063
f 1249//2064 1299//2064 1250//2064
f 1299//2065 1253//2065 1250//2065
f 1252//2066 1300//2066 1244//2066
f 1300//2066 1297//2066 1244//2066
f 1299//2067 1301//2067 1253//2067
f 1301//2068 1255//2068 1253//2068
f 1254//2069 1302//2069 1252//2069
f 1302//2069 1300//2069 1252//2069
f 1301//2068 1303//2068 1255//2068
f 1303//2070 1256//2070 1255//2070
f 1256//2071 1304//2071 1254//2071
f 1304//2071 1302//2071 1254//2071
f 1303//2070 1304//2070 1256//2070
f 1235//2072 1272//2072 1259//2072
f 1285//2073 1305//2073 1284//2073
f 1306//2074 1232//2074 1284//2074
f 1305//2075 1306//2075 1284//2075
f 1249//2076 1307//2076 1299//2076
f 1307//2067 1301//2067 1299//2067
f 1235//2077 1270//2077 1272//2077
f 1273//2078 1251//2078 1257//2078
f 1235//2079 1308//2079 1270//2079
f 1308//2080 1309//2080 1270//2080
f 1309//2081 1310//2081 1270//2081
f 1310//2082 1271//2082 1270//2082
f 1234//2083 1308//2083 1235//2083
f 1306//2084 1275//2084 1232//2084
f 1234//2085 1311//2085 1308//2085
f 1311//2086 1309//2086 1308//2086
f 1312//2087 1313//2087 1234//2087
f 1313//2088 1311//2088 1234//2088
f 1233//2089 1312//2089 1234//2089
f 1314//2090 1315//2090 1233//2090
f 1265//2091 1314//2091 1233//2091
f 1315//2090 1312//2090 1233//2090
f 1276//2092 1314//2092 1265//2092
f 1267//2093 1316//2093 1266//2093
f 1316//2094 1317//2094 1266//2094
f 1317//2094 1249//2094 1266//2094
f 1247//2095 1318//2095 1267//2095
f 1318//2093 1316//2093 1267//2093
f 1319//2096 1320//2096 1247//2096
f 1320//2097 1318//2097 1247//2097
f 1248//2098 1319//2098 1247//2098
f 1317//2099 1307//2099 1249//2099
f 1321//2100 1322//2100 1248//2100
f 1322//2101 1319//2101 1248//2101
f 1251//2102 1321//2102 1248//2102
f 1273//2103 1323//2103 1251//2103
f 1323//2104 1324//2104 1251//2104
f 1324//2105 1325//2105 1251//2105
f 1325//2106 1321//2106 1251//2106
f 1274//2107 1323//2107 1273//2107
f 1220//2108 1264//2108 1208//2108
f 1204//2109 1264//2109 1220//2109
f 1204//2110 1274//2110 1264//2110
f 1204//2111 1323//2111 1274//2111
f 1271//2112 1214//2112 1269//2112
f 1310//2113 1214//2113 1271//2113
f 1277//2114 1326//2114 1278//2114
f 1327//2115 1282//2115 1278//2115
f 1326//2116 1327//2116 1278//2116
f 1328//2117 1281//2117 1282//2117
f 1327//2118 1328//2118 1282//2118
f 1280//2119 1329//2119 1277//2119
f 1329//2120 1330//2120 1277//2120
f 1330//2120 1326//2120 1277//2120
f 1331//2121 1285//2121 1281//2121
f 1332//2122 1331//2122 1281//2122
f 1328//2122 1332//2122 1281//2122
f 1333//2123 1329//2123 1280//2123
f 1279//2124 1333//2124 1280//2124
f 1334//2125 1333//2125 1279//2125
f 1283//2126 1334//2126 1279//2126
f 1335//2127 1305//2127 1285//2127
f 1336//2128 1335//2128 1285//2128
f 1331//2128 1336//2128 1285//2128
f 1337//2129 1334//2129 1283//2129
f 1338//2129 1337//2129 1283//2129
f 1286//2130 1338//2130 1283//2130
f 1335//2131 1306//2131 1305//2131
f 1339//2132 1338//2132 1286//2132
f 1340//2132 1339//2132 1286//2132
f 1287//2133 1340//2133 1286//2133
f 1341//2134 1340//2134 1287//2134
f 1289//2135 1341//2135 1287//2135
f 1342//2136 1341//2136 1289//2136
f 1288//2137 1342//2137 1289//2137
f 1343//2138 1344//2138 1288//2138
f 1290//2139 1343//2139 1288//2139
f 1344//2140 1342//2140 1288//2140
f 1345//2141 1343//2141 1290//2141
f 1291//2142 1345//2142 1290//2142
f 1346//2143 1345//2143 1291//2143
f 1292//2144 1346//2144 1291//2144
f 1347//2145 1346//2145 1292//2145
f 1348//2145 1347//2145 1292//2145
f 1293//2146 1348//2146 1292//2146
f 1349//2147 1348//2147 1293//2147
f 1350//2147 1349//2147 1293//2147
f 1295//2148 1350//2148 1293//2148
f 1351//2149 1350//2149 1295//2149
f 1294//2150 1351//2150 1295//2150
f 1296//2151 1352//2151 1294//2151
f 1352//2152 1351//2152 1294//2152
f 1298//2153 1353//2153 1296//2153
f 1353//2154 1354//2154 1296//2154
f 1354//2154 1352//2154 1296//2154
f 1355//2155 1353//2155 1298//2155
f 1297//2156 1355//2156 1298//2156
f 1317//2157 1356//2157 1307//2157
f 1357//2158 1301//2158 1307//2158
f 1356//2159 1357//2159 1307//2159
f 1358//2160 1355//2160 1297//2160
f 1300//2161 1358//2161 1297//2161
f 1359//2162 1303//2162 1301//2162
f 1360//2163 1359//2163 1301//2163
f 1357//2163 1360//2163 1301//2163
f 1361//2164 1358//2164 1300//2164
f 1362//2164 1361//2164 1300//2164
f 1302//2165 1362//2165 1300//2165
f 1363//2166 1304//2166 1303//2166
f 1364//2167 1363//2167 1303//2167
f 1359//2167 1364//2167 1303//2167
f 1365//2168 1362//2168 1302//2168
f 1366//2168 1365//2168 1302//2168
f 1304//2169 1366//2169 1302//2169
f 1363//2170 1366//2170 1304//2170
f 1322//774 1321//774 1214//774
f 1310//774 1322//774 1214//774
f 1324//774 1204//774 1214//774
f 1325//774 1324//774 1214//774
f 1321//774 1325//774 1214//774
f 1319//774 1322//774 1310//774
f 1309//774 1319//774 1310//774
f 1356//774 1327//774 1326//774
f 1330//774 1356//774 1326//774
f 1356//774 1328//774 1327//774
f 1356//774 1317//774 1328//774
f 1317//774 1332//774 1328//774
f 1329//774 1356//774 1330//774
f 1311//774 1319//774 1309//774
f 1333//774 1356//774 1329//774
f 1317//774 1331//774 1332//774
f 1360//774 1357//774 1333//774
f 1357//774 1356//774 1333//774
f 1334//774 1364//774 1333//774
f 1364//774 1359//774 1333//774
f 1359//774 1360//774 1333//774
f 1317//774 1336//774 1331//774
f 1317//774 1335//774 1336//774
f 1337//774 1364//774 1334//774
f 1313//774 1319//774 1311//774
f 1338//774 1364//774 1337//774
f 1317//774 1306//774 1335//774
f 1312//774 1319//774 1313//774
f 1315//774 1319//774 1312//774
f 1314//774 1319//774 1315//774
f 1317//774 1275//774 1306//774
f 1276//774 1318//774 1314//774
f 1318//774 1320//774 1314//774
f 1320//774 1319//774 1314//774
f 1317//774 1316//774 1275//774
f 1316//774 1276//774 1275//774
f 1316//774 1318//774 1276//774
f 1339//774 1364//774 1338//774
f 1340//774 1364//774 1339//774
f 1341//774 1364//774 1340//774
f 1342//774 1364//774 1341//774
f 1344//774 1364//774 1342//774
f 1343//774 1364//774 1344//774
f 1345//774 1364//774 1343//774
f 1346//774 1364//774 1345//774
f 1347//774 1364//774 1346//774
f 1348//774 1364//774 1347//774
f 1349//774 1364//774 1348//774
f 1350//774 1364//774 1349//774
f 1351//774 1364//774 1350//774
f 1363//774 1364//774 1351//774
f 1352//774 1363//774 1351//774
f 1354//774 1363//774 1352//774
f 1353//774 1363//774 1354//774
f 1355//774 1363//774 1353//774
f 1361//774 1365//774 1355//774
f 1358//774 1361//774 1355//774
f 1366//774 1363//774 1355//774
f 1365//774 1366//774 1355//774
f 1362//774 1365//774 1361//774
f 1323//774 1204//774 1324//774
