# Blender 4.5.0
# www.blender.org
mtllib rl_dg_palm.mtl
o rl_dg_palm_c
v 0.008200 0.042776 0.026539
v -0.032496 0.042910 0.030283
v 0.008200 0.042930 0.032892
v -0.032501 0.042896 0.032892
v 0.008200 0.042868 0.034950
v 0.010200 0.040911 0.034923
v -0.033967 0.042642 0.030284
v -0.032495 0.042913 0.029551
v -0.033976 0.042389 0.024156
v -0.032501 0.042734 0.025089
v -0.032508 0.042879 0.036273
v -0.033983 0.042608 0.036269
v -0.032510 0.042876 0.036873
v -0.032405 0.042696 0.042219
v 0.008200 0.042614 0.043299
v 0.010200 0.040644 0.043208
v 0.010200 0.040911 0.034954
v 0.008200 0.042740 0.025088
v 0.010200 0.040885 0.028272
v 0.010200 0.040792 0.026634
v -0.032501 0.042724 0.024855
v -0.032504 0.042646 0.024129
v 0.008200 0.042371 0.022260
v 0.010200 0.040626 0.023728
v -0.033881 0.042416 0.042267
v -0.032401 0.042689 0.042455
v -0.032230 0.042552 0.045345
v 0.008200 0.042552 0.045345
v -0.033993 0.042035 0.021012
v -0.032519 0.042302 0.020962
v -0.035333 0.041502 0.024235
v -0.035323 0.041752 0.030291
v 0.010200 0.040623 0.043848
v -0.035339 0.041718 0.036252
v -0.032277 0.042551 0.045353
v 0.008200 0.042551 0.045359
v 0.008200 0.042550 0.045373
v -0.032230 0.042551 0.045359
v -0.032326 0.042547 0.045404
v -0.032360 0.042546 0.045409
v -0.032230 0.042550 0.045373
v -0.032267 0.042549 0.045381
v 0.008334 0.042060 0.051601
v 0.008356 0.041978 0.052634
v -0.021827 0.040671 0.069243
v 0.010200 0.040191 0.051489
v -0.032316 0.042546 0.045421
v -0.032387 0.042541 0.045485
v -0.032496 0.042526 0.045638
v -0.032411 0.042531 0.045616
v -0.032458 0.042525 0.045666
v -0.032426 0.042526 0.045674
v -0.032459 0.042517 0.045795
v -0.032500 0.042525 0.045653
v -0.032589 0.042492 0.046030
v -0.032557 0.042496 0.046033
v -0.032489 0.042497 0.046043
v -0.032569 0.042447 0.046685
v -0.032652 0.042436 0.046785
v -0.032691 0.042454 0.046465
v -0.032712 0.042427 0.046781
v -0.032574 0.042438 0.046789
v -0.022122 0.040663 0.069350
v -0.032580 0.042430 0.046891
v -0.032697 0.042315 0.048290
v -0.032513 0.042321 0.048284
v -0.033409 0.042115 0.048270
v -0.032805 0.042305 0.048196
v -0.035235 0.041526 0.042283
v -0.035349 0.041154 0.021150
v 0.008200 0.041896 0.018623
v -0.032536 0.041857 0.018631
v -0.032521 0.042275 0.020720
v 0.010200 0.040468 0.022484
v -0.032376 0.042098 0.051122
v -0.032804 0.042304 0.048205
v -0.032801 0.042297 0.048291
v -0.032501 0.042073 0.051291
v -0.032695 0.042084 0.050788
v -0.034016 0.041423 0.017802
v -0.032331 0.041761 0.054227
v -0.032628 0.042040 0.051304
v -0.034750 0.041223 0.048387
v -0.032348 0.042086 0.051273
v -0.022156 0.040662 0.069363
v -0.031805 0.041855 0.054206
v -0.032070 0.041836 0.054254
v -0.032262 0.041801 0.054132
v -0.035374 0.040558 0.018022
v -0.021750 0.040672 0.069239
v 0.008733 0.040791 0.067727
v 0.010200 0.039512 0.063496
v 0.008735 0.040788 0.067722
v 0.010170 0.039514 0.064083
v 0.009877 0.039746 0.065416
v 0.009944 0.039687 0.065241
v 0.008200 0.041696 0.017937
v -0.032543 0.041676 0.017727
v 0.010200 0.040220 0.020533
v -0.031264 0.041624 0.057134
v -0.031479 0.041601 0.057181
v -0.032247 0.041794 0.054209
v -0.032233 0.041788 0.054280
v -0.031971 0.041678 0.055585
v -0.033644 0.040869 0.054478
v -0.036223 0.040150 0.024350
v -0.036214 0.040396 0.030304
v -0.036230 0.040362 0.036225
v 0.008200 0.041070 0.015797
v -0.032566 0.040838 0.014826
v -0.032545 0.041597 0.017329
v 0.010200 0.039771 0.018382
v 0.010200 0.039635 0.017729
v -0.031644 0.041540 0.057215
v -0.031169 0.041584 0.057652
v -0.031452 0.041459 0.058170
v -0.030952 0.041292 0.060110
v -0.029983 0.041136 0.062964
v -0.034043 0.040438 0.014552
v -0.029671 0.041172 0.062875
v -0.036125 0.040172 0.042262
v -0.036240 0.039811 0.021353
v -0.031999 0.040525 0.060396
v -0.035401 0.039605 0.014877
v -0.030202 0.041040 0.063022
v -0.035636 0.039874 0.048422
v -0.028510 0.040854 0.066925
v -0.022404 0.040640 0.069635
v -0.022398 0.040641 0.069628
v -0.036264 0.039238 0.018347
v -0.030149 0.041023 0.063227
v -0.029358 0.040783 0.065900
v -0.028259 0.040669 0.068690
v 0.008200 0.040598 0.014182
v -0.032568 0.040680 0.014450
v 0.010200 0.039220 0.016381
v 0.010200 0.036520 0.043445
v 0.010200 0.036520 0.022512
v -0.034515 0.039523 0.054599
v -0.027976 0.040722 0.068604
v -0.022500 0.040611 0.070015
v 0.006924 0.040700 0.068884
v 0.007111 0.040703 0.068846
v 0.007000 0.036520 0.067371
v 0.009483 0.040095 0.066454
v 0.008443 0.036520 0.066457
v 0.008680 0.036520 0.066124
v -0.030007 0.040243 0.066115
v -0.028512 0.040527 0.068760
v -0.027405 0.040580 0.070401
v 0.006929 0.036520 0.067392
v 0.005200 0.040672 0.069239
v 0.005200 0.036520 0.067728
v 0.006115 0.036520 0.067638
v -0.032568 0.040572 0.014193
v -0.021750 0.036520 0.067728
v -0.022087 0.036520 0.067813
v -0.022119 0.036520 0.067842
v -0.027867 0.040331 0.070944
v -0.026542 0.040204 0.074404
v -0.022357 0.036520 0.068056
v -0.022386 0.036520 0.068133
v -0.022491 0.036520 0.068401
v -0.022500 0.036520 0.068526
v -0.026311 0.040270 0.074341
v -0.024715 0.039818 0.080090
v -0.023423 0.039358 0.085930
v -0.022778 0.039128 0.088848
v -0.022500 0.039029 0.090108
v -0.022500 0.016191 0.090663
v 0.008200 0.040329 0.013660
v 0.010200 0.038917 0.015393
v -0.034029 0.038907 0.011306
v -0.032574 0.039851 0.012477
v -0.036291 0.038334 0.015362
v -0.027959 0.039998 0.071682
v -0.032853 0.039181 0.060590
v -0.035380 0.038136 0.011734
v -0.036500 0.038932 0.032417
v -0.036498 0.038898 0.030320
v -0.036495 0.038848 0.027201
v -0.036490 0.038861 0.036195
v -0.027685 0.040274 0.071595
v 0.008200 0.039275 0.011611
v 0.010200 0.038500 0.014422
v -0.026881 0.040020 0.074487
v -0.025070 0.039742 0.080169
v -0.030846 0.038897 0.066364
v 0.010200 0.036073 0.019555
v -0.026129 0.039784 0.077188
v -0.025964 0.039732 0.077781
v 0.010200 0.036520 0.062407
v -0.036244 0.038573 0.045110
v -0.036480 0.038794 0.039745
v -0.036472 0.038787 0.039925
v -0.036371 0.038693 0.042208
v -0.036505 0.038657 0.024474
v -0.036521 0.038320 0.021574
v -0.036509 0.038581 0.023392
v -0.026196 0.039699 0.077202
v -0.028802 0.038652 0.071921
v -0.035901 0.038408 0.048373
v -0.035814 0.038366 0.049197
v -0.036008 0.038459 0.047352
v -0.032559 0.039129 0.011199
v -0.023792 0.039293 0.086003
v -0.036530 0.038110 0.020120
v -0.036527 0.038179 0.020602
v 0.009822 0.036520 0.064232
v 0.009736 0.036520 0.064646
v -0.024814 0.039348 0.082855
v -0.025409 0.039546 0.080231
v -0.024892 0.039242 0.082856
v -0.027058 0.038355 0.077360
v -0.036273 0.036970 0.012401
v -0.034815 0.038075 0.054401
v -0.034774 0.038065 0.054569
v -0.034034 0.037892 0.057590
v -0.035113 0.038145 0.053183
v -0.023102 0.039079 0.088921
v -0.024255 0.039162 0.085321
v -0.024076 0.039119 0.086048
v 0.008200 0.038571 0.010242
v -0.032551 0.038703 0.010444
v 0.010200 0.037972 0.013190
v 0.010200 0.037597 0.012546
v -0.023980 0.038505 0.088706
v -0.025771 0.037903 0.082897
v -0.036543 0.037772 0.018701
v -0.036567 0.036925 0.015894
v -0.036554 0.037475 0.017455
v -0.032681 0.037651 0.061999
v -0.032715 0.037655 0.061905
v -0.033116 0.037727 0.060592
v -0.023421 0.038961 0.088705
v -0.023356 0.038945 0.088971
v -0.023272 0.038925 0.089313
v -0.022500 0.038923 0.090843
v -0.036494 0.014445 0.028786
v -0.036496 0.014284 0.030863
v -0.022500 0.038815 0.091589
v -0.033984 0.037883 0.009737
v -0.035326 0.037159 0.010215
v -0.036494 0.014442 0.028750
v -0.030627 0.037380 0.067747
v -0.031110 0.037443 0.066396
v -0.022500 0.038589 0.092528
v -0.036502 0.013812 0.032900
v -0.036502 0.013756 0.033042
v -0.036509 0.013041 0.034844
v -0.036510 0.011989 0.036648
v -0.036508 0.011777 0.036910
v -0.036501 0.010678 0.038275
v -0.036475 0.008786 0.039925
v -0.036481 0.009136 0.039690
v -0.032545 0.038559 0.010251
v -0.036474 0.008706 0.039979
v -0.036497 0.014293 0.026696
v -0.029605 0.037259 0.070508
v -0.029109 0.037186 0.071963
v -0.028359 0.037077 0.074163
v -0.022682 0.038484 0.092566
v -0.022500 0.038527 0.092646
v -0.032525 0.038098 0.009636
v -0.032489 0.037238 0.008488
v 0.008200 0.038069 0.009640
v 0.010200 0.036868 0.011295
v -0.022500 0.038472 0.092749
v -0.023359 0.037887 0.092888
v -0.023278 0.037851 0.092997
v -0.024081 0.036953 0.093056
v -0.023533 0.037761 0.092809
v -0.023515 0.037789 0.092801
v -0.023404 0.037882 0.092770
v -0.024868 0.037176 0.088619
v -0.022500 0.038330 0.092851
v -0.023182 0.037791 0.093080
v -0.036454 0.007410 0.040851
v -0.036425 0.005514 0.041749
v -0.036418 0.004840 0.041951
v -0.036402 0.003519 0.042348
v -0.036389 0.001447 0.042644
v -0.036023 -0.028969 0.047353
v -0.036020 -0.028972 0.047395
v -0.027384 0.036887 0.077360
v -0.027808 0.036996 0.075776
v -0.036574 0.036635 0.015068
v -0.036562 0.035697 0.013139
v -0.036571 0.036442 0.014671
v -0.022500 0.038215 0.092933
v -0.036503 0.013832 0.024662
v -0.022500 0.038208 0.092936
v -0.023063 0.037696 0.093134
v -0.022500 0.033856 0.094311
v -0.036524 0.012023 0.020902
v -0.036512 0.013069 0.022715
v -0.036527 0.011783 0.020602
v -0.036504 0.013752 0.024459
v -0.036222 0.036074 0.010972
v -0.035952 -0.029033 0.048136
v -0.035411 -0.029503 0.051673
v -0.034824 -0.030003 0.054404
v -0.035324 -0.029577 0.052078
v -0.032471 0.036915 0.008161
v 0.008200 0.036555 0.007821
v 0.010200 0.036481 0.010798
v -0.025719 0.036242 0.084732
v -0.026620 0.036690 0.080207
v -0.026364 0.036562 0.081495
v -0.026100 0.036431 0.082820
v -0.024030 0.036975 0.093189
v -0.023930 0.036964 0.093308
v -0.033909 0.036689 0.008273
v -0.035237 0.036023 0.008795
v -0.023243 0.037532 0.093198
v -0.023804 0.036928 0.093393
v -0.023659 0.036866 0.093436
v -0.034292 -0.030450 0.056548
v -0.033579 -0.031042 0.059168
v -0.034630 -0.030169 0.055307
v -0.032661 -0.031774 0.061993
v -0.033036 -0.031475 0.060840
v -0.032159 -0.032173 0.063537
v -0.025078 0.035619 0.089155
v -0.025055 0.035576 0.089378
v -0.024342 0.036304 0.093234
v -0.024151 0.036849 0.093088
v -0.025182 0.035720 0.088439
v -0.036137 0.035039 0.009633
v -0.028354 -0.035025 0.074161
v -0.028813 -0.034693 0.072779
v -0.029124 -0.034469 0.071840
v -0.030176 -0.033673 0.068961
v -0.024436 0.035920 0.093497
v -0.036500 0.034455 0.011193
v -0.036561 0.035630 0.013001
v -0.024324 0.035935 0.093629
v -0.024176 0.035930 0.093718
v -0.024010 0.035903 0.093754
v -0.023734 0.036747 0.093479
v -0.032426 0.036144 0.007380
v -0.033804 0.035331 0.006941
v -0.027701 -0.035496 0.076128
v -0.026533 -0.034623 0.080586
v -0.026361 -0.034445 0.081494
v -0.035114 0.034732 0.007500
v -0.036527 0.011775 0.020591
v -0.025488 -0.009902 0.086166
v -0.025440 -0.009298 0.086486
v -0.025433 -0.009262 0.086533
v -0.025373 -0.008945 0.086942
v -0.025318 -0.008815 0.087326
v -0.025489 -0.010086 0.086160
v 0.008200 0.036168 0.007357
v 0.010200 0.035513 0.009556
v 0.010200 0.035138 0.009196
v 0.001794 0.036310 0.045700
v 0.000600 0.036520 0.045700
v 0.001644 0.036520 0.045852
v 0.001884 0.036520 0.045954
v 0.002500 0.036520 0.038300
v 0.002307 0.035984 0.045700
v 0.002870 0.036520 0.046372
v 0.007000 0.036520 0.038300
v 0.007000 0.017420 0.054300
v 0.007000 0.036520 0.071300
v 0.007000 0.036087 0.073723
v 0.016362 0.036520 0.071300
v 0.016429 0.036350 0.072662
v 0.016389 0.036495 0.071886
v 0.016330 0.036520 0.070274
v 0.017496 0.036214 0.071181
v 0.016237 0.036520 0.067215
v 0.017318 0.036344 0.067212
v 0.017439 0.036344 0.070184
v -0.022500 0.036520 0.059500
v -0.022500 0.036319 0.060250
v -0.022500 0.035770 0.060799
v -0.022500 0.015208 0.090122
v -0.022500 0.014795 0.090255
v -0.022500 0.015638 0.090176
v -0.022500 0.016005 0.090407
v -0.022500 -0.007418 0.097141
v -0.022500 -0.009305 0.087351
v -0.022500 -0.009421 0.087041
v -0.022500 0.010520 0.065000
v -0.022500 0.011270 0.064799
v -0.022500 -0.007240 0.097436
v -0.022500 -0.007087 0.097520
v -0.022500 0.011819 0.064250
v -0.022500 0.012020 0.063500
v -0.022500 0.012020 0.062500
v -0.022500 0.013520 0.061000
v -0.022500 0.035020 0.061000
v -0.012200 0.036520 0.066100
v -0.001000 0.036520 0.066100
v -0.001000 0.036520 0.056553
v 0.003100 0.036520 0.056553
v 0.007000 0.017420 0.038300
v 0.016176 0.036520 0.065237
v -0.001000 0.036196 0.068559
v -0.012200 0.036196 0.068559
v -0.012200 0.036520 0.054870
v -0.012313 0.036514 0.066100
v -0.018300 0.036520 0.059500
v -0.000657 0.036444 0.066100
v -0.000654 0.036457 0.057046
v 0.016282 0.036520 0.064186
v 0.017400 0.036344 0.064248
v 0.016587 0.036520 0.061171
v 0.017651 0.036344 0.061289
v 0.014934 0.036520 0.048971
v 0.013888 0.036520 0.047909
v 0.011908 0.036520 0.045900
v 0.011851 0.036520 0.045819
v 0.016907 0.036520 0.057999
v -0.018300 0.036319 0.060250
v -0.018300 0.034262 0.057961
v -0.018300 0.034958 0.056733
v -0.018300 0.035446 0.055409
v -0.018300 0.035520 0.054870
v -0.018300 0.035520 0.046501
v -0.018300 0.036520 0.041300
v -0.017300 0.036520 0.046501
v -0.017300 0.036520 0.054870
v 0.017520 0.036520 0.055185
v 0.018574 0.036344 0.055402
v 0.003212 0.036446 0.057054
v 0.003268 0.036506 0.056553
v 0.003100 0.036455 0.057056
v 0.003100 0.036520 0.046501
v 0.016064 0.036520 0.049700
v 0.018387 0.036520 0.051201
v 0.019509 0.036288 0.051513
v -0.017632 0.036463 0.046658
v -0.017468 0.036506 0.054870
v -0.017300 0.036409 0.055679
v -0.012540 0.036437 0.055471
v -0.012537 0.036432 0.066100
v 0.018800 0.036279 0.050363
v 0.016586 0.036392 0.048966
v 0.014536 0.036380 0.047223
v -0.016507 0.035984 0.045700
v -0.015994 0.036310 0.045700
v -0.016073 0.036520 0.045924
v 0.003444 0.036449 0.046656
v 0.003075 0.035495 0.045700
v -0.016071 0.036520 0.045924
v -0.015039 0.036520 0.045708
v -0.014800 0.036520 0.041300
v 0.012708 0.036366 0.045139
v -0.014800 0.036520 0.045700
v 0.002346 0.036053 0.038300
v 0.000600 0.036520 0.038300
v 0.001500 0.036520 0.038300
v 0.010146 0.036520 0.043348
v 0.011137 0.036349 0.042757
v 0.009434 0.036520 0.042076
v 0.008837 0.036520 0.040574
v -0.018300 0.034299 0.045926
v -0.018300 0.033020 0.041300
v -0.017831 0.034770 0.041300
v -0.016550 0.036051 0.041300
v 0.007676 0.036520 0.037657
v 0.009855 0.036330 0.040125
v 0.008886 0.036309 0.037296
v 0.001500 0.036520 0.033300
v 0.002500 0.036520 0.032452
v 0.002000 0.036386 0.038300
v 0.002500 0.035959 0.038300
v 0.003631 0.034770 0.038300
v 0.004100 0.033020 0.038300
v 0.007595 0.036520 0.037454
v 0.007036 0.036520 0.034539
v 0.008250 0.036286 0.034328
v 0.006635 0.036520 0.032452
v 0.006646 0.036520 0.032448
v 0.006726 0.036519 0.032421
v 0.007263 0.036468 0.032246
v -0.013500 0.036520 0.033300
v -0.013500 0.036520 0.022512
v 0.002500 0.035520 0.033300
v -0.013500 0.009770 0.033300
v -0.013500 0.034377 0.025430
v -0.013500 0.028382 0.030236
v -0.013500 0.032497 0.027468
v -0.013500 0.033969 0.026066
v -0.013500 0.018798 0.032499
v -0.013500 0.023726 0.031946
v 0.002000 0.036386 0.033300
v 0.002366 0.036020 0.033300
v 0.002500 0.036255 0.031021
v 0.006801 0.036453 0.031722
v 0.007449 0.036366 0.031562
v -0.013500 0.034520 0.024687
v -0.013500 0.034520 0.021608
v -0.013500 0.036073 0.019555
v -0.012313 0.036190 0.068557
v 0.003268 0.036442 0.057053
v 0.003435 0.036433 0.056553
v -0.017646 0.036455 0.046662
v -0.017637 0.036433 0.054870
v -0.017468 0.036395 0.055675
v 0.017918 0.036133 0.072439
v 0.007925 0.036261 0.032036
v -0.017275 0.035495 0.045700
v -0.000647 0.036455 0.057056
v -0.000293 0.036226 0.057810
v -0.000576 0.036426 0.066100
v 0.003100 0.035778 0.058884
v 0.003213 0.035773 0.058881
v -0.000289 0.036223 0.057819
v -0.000087 0.035854 0.058691
v -0.017964 0.036268 0.046734
v 0.006932 0.036216 0.031150
v 0.003495 0.036439 0.046679
v 0.003807 0.036227 0.046735
v -0.000576 0.036105 0.068534
v 0.003651 0.035630 0.058811
v 0.003703 0.036260 0.057006
v -0.036571 0.004839 0.015550
v -0.036570 0.005574 0.015774
v -0.036558 -0.028471 0.014671
v -0.036574 0.001512 0.014860
v -0.036573 0.003577 0.015165
v -0.036561 0.007465 0.016680
v -0.036553 0.008705 0.017523
v -0.036550 0.009183 0.017847
v -0.036537 0.010725 0.019275
v -0.012658 0.036409 0.055679
v -0.012751 0.036354 0.066100
v 0.003703 0.036318 0.056553
v -0.017903 0.036318 0.054870
v -0.017903 0.036214 0.055624
v -0.012751 0.036036 0.068516
v -0.000308 0.036209 0.066100
v -0.017300 0.035864 0.057154
v -0.012882 0.036200 0.056285
v -0.013106 0.035856 0.057131
v -0.013054 0.036040 0.056753
v -0.012886 0.036208 0.066100
v -0.017468 0.035851 0.057148
v 0.017157 0.035987 0.048154
v 0.018842 0.036255 0.050278
v 0.015249 0.035936 0.046474
v 0.008282 0.035850 0.030666
v 0.006954 0.036176 0.031054
v 0.013555 0.035873 0.044467
v 0.016460 0.036233 0.073284
v 0.012109 0.035800 0.042177
v 0.017807 0.036131 0.071148
v 0.018312 0.035955 0.070116
v 0.018193 0.035955 0.067207
v 0.018273 0.035955 0.064299
v 0.018521 0.035955 0.061385
v 0.019431 0.035955 0.055579
v 0.019959 0.036148 0.051639
v 0.019862 0.036215 0.051612
v 0.019764 0.036236 0.051584
v 0.010940 0.035717 0.039650
v -0.018300 0.035770 0.060799
v 0.003788 0.036212 0.056553
v -0.018000 0.036220 0.046728
v -0.017991 0.036208 0.054870
v 0.002350 0.036051 0.038300
v 0.010072 0.035626 0.036940
v -0.024490 0.035885 0.093347
v 0.008260 0.036157 0.031930
v 0.007990 0.036241 0.032016
v 0.009523 0.035526 0.034104
v 0.003975 0.035315 0.058657
v 0.004006 0.035898 0.056911
v 0.002500 0.035193 0.029475
v 0.007153 0.035816 0.030185
v 0.019243 0.036021 0.049465
v 0.019767 0.036164 0.050296
v 0.016485 0.036056 0.073710
v 0.018011 0.035781 0.073688
v 0.003924 0.036048 0.046696
v 0.004022 0.035907 0.046677
v -0.000202 0.036123 0.066100
v -0.018002 0.036217 0.046727
v -0.018222 0.035855 0.046647
v -0.018198 0.035961 0.046694
v -0.018206 0.035944 0.054870
v -0.017903 0.035681 0.057069
v -0.018206 0.035854 0.055524
v 0.004006 0.035944 0.056553
v -0.000202 0.035812 0.068456
v -0.013075 0.036004 0.066100
v -0.013075 0.035698 0.068425
v -0.001000 0.035880 0.069322
v -0.012200 0.035880 0.069322
v -0.012313 0.035242 0.070847
v -0.032397 0.035640 0.006868
v 0.008200 0.034780 0.006309
v -0.032291 0.034066 0.005638
v -0.032392 0.035564 0.006809
v 0.010200 0.033927 0.008033
v 0.019436 0.035608 0.049073
v 0.021003 0.035457 0.050472
v 0.021003 0.035001 0.049469
v 0.019767 0.035599 0.049052
v 0.008751 0.035784 0.031155
v 0.009131 0.035593 0.031666
v 0.020324 0.035895 0.051740
v 0.021003 0.035523 0.051571
v 0.018351 0.035984 0.071091
v 0.018641 0.035771 0.072279
v 0.018745 0.035447 0.073450
v -0.000087 0.035855 0.066100
v -0.000202 0.034903 0.070651
v -0.000576 0.035165 0.070803
v 0.007000 0.031943 0.077867
v 0.007000 0.034470 0.076250
v 0.016541 0.035662 0.074659
v 0.016500 0.035950 0.073964
v -0.036459 0.033949 0.010605
v -0.013500 0.034429 0.021014
v -0.013500 0.031258 0.004000
v 0.009962 0.032002 0.006404
v 0.008200 0.031258 0.004000
v 0.010200 0.032102 0.006728
v 0.010200 0.033604 0.007802
v 0.002366 0.036020 0.038300
v 0.004031 0.035865 0.046657
v -0.013114 0.035860 0.066100
v -0.012751 0.035104 0.070767
v -0.036018 0.033865 0.008404
v 0.002500 0.035520 0.038300
v 0.017646 0.035332 0.047460
v 0.018512 0.035821 0.071074
v -0.018225 0.035856 0.054870
v 0.019088 0.035349 0.070055
v 0.018972 0.035349 0.067204
v 0.019050 0.035349 0.064344
v 0.019295 0.035349 0.061471
v 0.020193 0.035349 0.055736
v 0.020992 0.035432 0.051926
v 0.004024 0.035863 0.056553
v 0.015849 0.035220 0.045844
v -0.024535 0.034808 0.093837
v -0.024445 0.034832 0.093917
v -0.024355 0.034855 0.093996
v -0.024289 0.034861 0.094012
v -0.024117 0.034876 0.094053
v -0.024032 0.035835 0.093776
v -0.024507 0.035835 0.093361
v -0.024557 0.034791 0.093776
v 0.004100 0.034904 0.058456
v 0.004094 0.035512 0.056811
v -0.001000 0.035247 0.070850
v -0.012200 0.035247 0.070850
v 0.014252 0.035084 0.043915
v 0.004100 0.035520 0.056553
v 0.004100 0.035520 0.046501
v -0.017300 0.035089 0.058523
v -0.013200 0.035089 0.058523
v -0.013200 0.035520 0.057826
v -0.013200 0.035546 0.066100
v -0.013200 0.035255 0.068307
v -0.013200 0.035520 0.066100
v -0.000014 0.035688 0.066100
v -0.000024 0.035741 0.058961
v -0.000014 0.035393 0.068343
v -0.018206 0.035342 0.056912
v -0.017468 0.035078 0.058515
v 0.009109 0.034741 0.029788
v 0.007758 0.035784 0.030236
v 0.008302 0.034645 0.029217
v -0.024615 0.034745 0.093614
v 0.019079 0.035252 0.071015
v 0.007210 0.035550 0.029943
v -0.000014 0.034527 0.070434
v 0.012886 0.034927 0.041713
v 0.009151 0.035581 0.031660
v 0.009294 0.035419 0.031618
v 0.009263 0.035305 0.030845
v 0.007300 0.035121 0.029554
v 0.018111 0.035190 0.074852
v 0.018855 0.034897 0.074544
v 0.003100 0.035265 0.059712
v 0.000000 0.035520 0.059376
v 0.003213 0.034746 0.060537
v 0.003651 0.034620 0.060440
v 0.019392 0.034962 0.073160
v 0.019283 0.035255 0.072099
v -0.018300 0.035020 0.061000
v -0.018300 0.033902 0.058284
v 0.011781 0.034749 0.039283
v -0.013075 0.034800 0.070592
v 0.000000 0.035520 0.066100
v 0.000000 0.035230 0.068300
v -0.017903 0.034922 0.058409
v 0.016574 0.035309 0.075163
v 0.003975 0.034342 0.060226
v 0.010957 0.034553 0.036675
v -0.025081 -0.008416 0.089382
v 0.019567 0.035327 0.048807
v 0.019768 0.034897 0.048399
v -0.025015 0.015416 0.089681
v -0.024993 0.016021 0.089872
v -0.024991 0.016069 0.089887
v -0.024938 0.016559 0.090357
v -0.024923 0.016637 0.090491
v -0.024778 0.017342 0.091868
v -0.024647 0.018048 0.093247
v -0.024580 0.020986 0.094019
v -0.024565 0.022159 0.094201
v -0.024541 0.023984 0.094484
v -0.024532 0.026346 0.094605
v -0.024529 0.027022 0.094640
v -0.024542 0.030078 0.094482
v -0.024548 0.030581 0.094403
v -0.024581 0.033079 0.094013
v -0.033676 0.033847 0.005776
v -0.013200 0.035226 0.068299
v 0.009634 0.035036 0.031519
v 0.010430 0.034343 0.033944
v 0.021112 0.035348 0.051960
v 0.021903 0.034414 0.051434
v 0.021903 0.034372 0.050741
v -0.013200 0.029770 0.066100
v 0.000000 0.029770 0.066100
v 0.000000 0.029402 0.064725
v 0.000000 0.033415 0.061960
v 0.000000 0.035306 0.059738
v 0.004100 0.035488 0.056804
v 0.004100 0.034800 0.058410
v 0.004100 0.035321 0.046389
v 0.002500 0.009770 0.033300
v 0.002500 0.030326 0.029107
v 0.002500 0.028382 0.030236
v 0.002500 0.031667 0.028544
v 0.002500 0.023726 0.031946
v 0.002500 0.018798 0.032499
v 0.002500 0.033542 0.028584
v -0.017764 0.034727 0.045700
v 0.003564 0.034727 0.045700
v 0.021903 0.034085 0.050109
v 0.019509 0.034460 0.074154
v 0.000000 0.034381 0.070350
v 0.019093 0.035238 0.071013
v 0.019692 0.034570 0.070008
v 0.019578 0.034570 0.067201
v 0.019656 0.034570 0.064379
v 0.019897 0.034570 0.061537
v 0.020787 0.034570 0.055859
v 0.021639 0.034530 0.052107
v -0.018206 0.034613 0.058199
v 0.019304 0.034609 0.047832
v 0.018024 0.034505 0.046923
v 0.017579 0.034468 0.046607
v -0.034965 0.033321 0.006362
v 0.004100 0.034303 0.045952
v 0.003890 0.034214 0.045700
v 0.004100 0.034479 0.059225
v 0.016622 0.034789 0.075908
v 0.003100 0.034751 0.060541
v 0.009735 0.034645 0.030555
v -0.013200 0.035222 0.068331
v -0.013200 0.034404 0.070363
v 0.019798 0.034616 0.071909
v 0.019807 0.034520 0.070938
v -0.001000 0.034240 0.072163
v -0.012200 0.034240 0.072163
v -0.000576 0.033671 0.072751
v -0.012313 0.033733 0.072813
v 0.000000 0.029402 0.067475
v -0.013200 0.029402 0.067475
v -0.013200 0.034318 0.070321
v 0.016273 0.034325 0.045361
v 0.015954 0.034290 0.045057
v 0.016292 0.034327 0.045379
v 0.007439 0.034459 0.028953
v 0.018208 0.034376 0.075887
v 0.018965 0.034134 0.075521
v -0.000202 0.033457 0.072537
v -0.012751 0.033620 0.072700
v -0.017300 0.034371 0.059167
v -0.013200 0.034371 0.059167
v -0.013200 0.029402 0.064725
v 0.014737 0.034114 0.043530
v 0.014492 0.034078 0.043223
v -0.017468 0.034364 0.059155
v -0.036382 0.033005 0.009511
v 0.009867 0.034774 0.031451
v -0.018300 0.033434 0.058400
v -0.018300 0.020606 0.058400
v -0.018300 0.013520 0.061000
v 0.020955 0.034373 0.048907
v 0.021385 0.034262 0.049206
v 0.020976 0.034367 0.048921
v 0.019906 0.034353 0.072838
v 0.013260 0.033846 0.041206
v 0.013175 0.033825 0.041023
v 0.013387 0.033870 0.041414
v -0.017903 0.034276 0.058989
v 0.004100 0.034456 0.059211
v -0.000014 0.033149 0.072229
v 0.019625 0.033762 0.075042
v 0.019885 0.034647 0.048163
v -0.024098 0.033848 0.094276
v -0.024224 0.030639 0.094849
v -0.024062 0.031868 0.094706
v -0.024387 0.030626 0.094749
v -0.024500 0.030606 0.094596
v -0.013200 0.033806 0.071262
v -0.013075 0.033373 0.072453
v 0.004100 0.034089 0.045860
v 0.004100 0.021020 0.045700
v 0.004100 0.033020 0.045700
v 0.016644 0.034453 0.076216
v 0.008200 0.032917 0.004903
v -0.032283 0.033935 0.005535
v 0.010065 0.034368 0.031395
v -0.018090 0.034214 0.045700
v 0.003100 0.033415 0.061960
v 0.003212 0.033409 0.061952
v 0.012271 0.033599 0.039068
v 0.012233 0.033590 0.038987
v 0.003268 0.033406 0.061949
v 0.009440 0.033849 0.029440
v 0.008514 0.033776 0.028835
v -0.035873 0.032575 0.007310
v -0.018300 0.034291 0.045925
v 0.020194 0.032640 0.046889
v 0.010185 0.034123 0.031361
v 0.010105 0.033776 0.030324
v 0.007499 0.033555 0.028697
v 0.004006 0.033037 0.061525
v 0.003703 0.033283 0.061807
v 0.020157 0.033899 0.071723
v 0.019962 0.033936 0.070922
v -0.018206 0.034101 0.058658
v 0.020080 0.033695 0.069978
v 0.019967 0.033695 0.067199
v 0.020284 0.033695 0.061580
v 0.021168 0.033695 0.055938
v 0.021894 0.034133 0.052178
v 0.021727 0.034392 0.052131
v 0.011411 0.033308 0.036530
v 0.011218 0.033205 0.035638
v 0.021903 0.034205 0.052096
v 0.000000 0.033030 0.072110
v -0.030500 0.001906 0.023518
v -0.030500 0.034520 0.021608
v -0.030500 0.034520 0.024687
v -0.030500 0.034377 0.025430
v -0.030500 0.034429 0.021014
v 0.020197 0.011986 0.032415
v 0.004100 0.033979 0.059947
v 0.004100 0.033892 0.059875
v 0.016696 0.033656 0.076948
v 0.016645 0.034446 0.076223
v 0.020021 0.033905 0.073707
v 0.004100 0.020785 0.045708
v -0.030500 0.029973 0.006705
v -0.013500 0.029973 0.006705
v 0.022308 0.033178 0.051224
v 0.022294 0.033237 0.051124
v -0.013200 0.034096 0.070809
v -0.030500 0.033969 0.026066
v 0.018296 0.033358 0.076755
v 0.021200 0.026112 0.042749
v 0.022965 0.023463 0.041839
v 0.022263 0.033367 0.050904
v 0.022231 0.033498 0.050684
v -0.017300 0.033434 0.059400
v -0.013200 0.033434 0.059400
v -0.013200 0.028395 0.063718
v -0.013200 0.027020 0.063350
v 0.023552 0.023260 0.042367
v -0.017468 0.033434 0.059386
v -0.017791 0.033434 0.059246
v 0.020256 0.033667 0.072506
v 0.010832 0.033000 0.033861
v 0.010344 0.033800 0.031316
v 0.010835 0.033001 0.033873
v 0.004094 0.032776 0.061224
v 0.016276 0.017116 0.033309
v 0.015343 0.018935 0.033656
v 0.014147 0.021393 0.033840
v 0.013964 0.021767 0.033868
v 0.015478 0.018673 0.033606
v -0.018300 0.033255 0.045708
v -0.017903 0.033434 0.059198
v -0.018153 0.033434 0.058889
v 0.024026 0.022972 0.042990
v 0.021808 0.033880 0.049945
v -0.001000 0.033737 0.072818
v -0.012200 0.033737 0.072818
v -0.018300 0.033020 0.045700
v 0.022343 0.033032 0.051472
v 0.019064 0.033173 0.076346
v 0.021947 0.034051 0.052193
v -0.018206 0.033434 0.058824
v -0.013200 0.032948 0.072033
v -0.013200 0.028395 0.068482
v 0.021961 0.033742 0.050212
v 0.021829 0.033861 0.049982
v 0.022017 0.033684 0.052212
v -0.030500 0.032497 0.027468
v 0.020036 0.033661 0.070914
v -0.032201 0.032776 0.004843
v 0.020135 0.033284 0.074483
v 0.020361 0.033277 0.073236
v 0.004100 0.032759 0.061205
v 0.004100 0.019749 0.045925
v 0.024351 0.022615 0.043669
v -0.036374 0.032925 0.009441
v -0.036378 0.032972 0.009482
v -0.022500 0.028179 0.095078
v 0.010083 0.032745 0.029845
v 0.009540 0.032745 0.029336
v 0.008997 0.032745 0.028827
v -0.033404 0.031345 0.004280
v -0.033448 0.031312 0.004288
v -0.032320 0.031878 0.004311
v -0.032500 0.031883 0.004327
v -0.033468 0.031297 0.004292
v 0.012892 0.024186 0.033779
v 0.011950 0.026619 0.033416
v 0.012912 0.024143 0.033780
v 0.011862 0.026895 0.033343
v 0.011286 0.028697 0.032866
v 0.013184 0.023528 0.033803
v -0.013200 0.033049 0.072129
v 0.010384 0.033581 0.031305
v 0.010210 0.032732 0.030235
v 0.008599 0.032732 0.028725
v 0.007502 0.033513 0.028686
v 0.019730 0.032880 0.075795
v 0.020239 0.032501 0.075140
v -0.001000 0.031770 0.074327
v -0.012200 0.031770 0.074327
v -0.000576 0.031723 0.074245
v -0.012313 0.031767 0.074322
v 0.020306 0.032520 0.069962
v 0.020205 0.032520 0.067196
v 0.020157 0.032520 0.065901
v 0.020539 0.032520 0.061606
v 0.020728 0.032520 0.059484
v 0.021446 0.032520 0.055995
v 0.022039 0.033572 0.052218
v 0.022319 0.032895 0.051687
v 0.022345 0.033023 0.051487
v 0.022123 0.032520 0.052702
v -0.000202 0.031571 0.073983
v 0.020464 0.032266 0.071902
v 0.020389 0.032420 0.071286
v 0.020478 0.032237 0.072017
v 0.020340 0.032520 0.070882
v 0.016707 0.033404 0.077095
v -0.012751 0.031687 0.074184
v 0.010546 0.032700 0.031259
v 0.022154 0.032970 0.052250
v 0.007556 0.032700 0.028456
v 0.024511 0.022215 0.044362
v -0.000014 0.031354 0.073607
v -0.017468 0.020606 0.059386
v -0.017300 0.020606 0.059400
v -0.013200 0.020606 0.059400
v -0.017791 0.020606 0.059246
v -0.017903 0.020606 0.059198
v -0.018153 0.020606 0.058889
v -0.018206 0.020606 0.058824
v 0.000000 0.032804 0.062323
v 0.003100 0.032804 0.062323
v 0.003268 0.032799 0.062310
v 0.003703 0.032733 0.062134
v 0.016750 0.032411 0.077675
v -0.013200 0.032230 0.072849
v -0.013075 0.031512 0.073880
v 0.023354 0.027712 0.047785
v 0.018365 0.032181 0.077407
v -0.034176 0.030772 0.004425
v -0.034641 0.030378 0.004627
v -0.034165 0.030781 0.004423
v -0.035553 0.029836 0.005599
v 0.020558 0.032065 0.074435
v 0.020464 0.032739 0.073885
v 0.004006 0.032602 0.061784
v 0.020589 0.031596 0.072730
v 0.011073 0.029592 0.032518
v 0.010789 0.030783 0.032056
v 0.011203 0.029044 0.032731
v 0.019142 0.032056 0.076968
v 0.000000 0.031270 0.073461
v 0.000000 0.028395 0.068482
v 0.004100 0.021020 0.038300
v -0.036523 -0.028503 0.011688
v 0.010583 0.032152 0.031357
v 0.010563 0.032415 0.031283
v 0.010554 0.032525 0.031253
v -0.036487 -0.028533 0.011191
v -0.036365 -0.028637 0.009483
v 0.022241 0.032520 0.052274
v 0.022280 0.032710 0.051977
v -0.013200 0.032167 0.072865
v -0.036258 0.031756 0.008424
v -0.036229 0.031220 0.008154
v 0.008200 0.032795 0.004811
v 0.023261 0.026952 0.048984
v 0.019813 0.031854 0.076364
v 0.020321 0.031590 0.075638
v 0.000000 0.032103 0.062450
v 0.003100 0.032103 0.062450
v 0.003268 0.032103 0.062436
v 0.003591 0.032103 0.062296
v -0.013500 0.031569 0.004154
v -0.013500 0.031876 0.004306
v -0.032138 0.031876 0.004306
v 0.004100 0.032453 0.061387
v 0.004100 0.032103 0.061450
v 0.010304 0.032113 0.030253
v 0.009628 0.031815 0.029346
v 0.008639 0.031584 0.028765
v 0.020633 0.031343 0.073012
v 0.003703 0.032103 0.062248
v 0.003953 0.032103 0.061939
v 0.007570 0.031670 0.028571
v 0.022448 0.031265 0.051545
v 0.023130 0.013110 0.034184
v 0.021947 0.012596 0.033532
v 0.004006 0.032103 0.061874
v -0.036219 0.031365 0.008084
v -0.036027 0.029514 0.006879
v 0.020385 -0.024656 0.071286
v 0.020328 -0.026084 0.070770
v 0.020303 -0.026556 0.070487
v 0.020268 -0.026986 0.070120
v 0.020236 -0.027187 0.069641
v 0.020194 -0.027451 0.069013
v 0.020176 -0.027480 0.068634
v 0.020157 -0.027480 0.065901
v 0.020292 -0.027480 0.064387
v 0.020675 -0.027480 0.060076
v 0.020728 -0.027480 0.059484
v 0.021482 -0.027480 0.055818
v 0.022260 -0.010603 0.052206
v 0.022262 -0.010108 0.052196
v 0.022269 -0.008882 0.052172
v 0.022277 -0.008739 0.052146
v 0.022345 -0.007386 0.051903
v 0.022348 -0.007342 0.051895
v 0.022474 -0.006094 0.051457
v 0.022514 -0.005705 0.051320
v 0.022761 -0.004121 0.050496
v 0.022851 -0.003702 0.050210
v 0.023210 -0.002029 0.049073
v 0.023346 -0.001540 0.048664
v 0.023889 0.000411 0.047033
v 0.022123 -0.027480 0.052702
v 0.020632 0.031285 0.074850
v -0.030500 0.005183 0.027241
v -0.030500 0.028382 0.030236
v 0.020518 0.031531 0.072292
v 0.020390 -0.005847 0.071329
v 0.020390 -0.005608 0.071335
v 0.016756 0.032203 0.077744
v -0.013200 0.031283 0.073484
v 0.016763 0.031932 0.077834
v 0.016786 0.030999 0.078142
v 0.018409 0.030879 0.077816
v -0.013200 0.031223 0.073373
v 0.010266 0.031551 0.030497
v 0.000000 0.021937 0.062450
v 0.003100 0.021937 0.062450
v 0.000000 0.027020 0.063350
v 0.000000 0.028395 0.063718
v 0.003268 0.021937 0.062436
v 0.003591 0.021937 0.062296
v 0.003703 0.021937 0.062248
v 0.003953 0.021937 0.061939
v 0.004006 0.021937 0.061874
v 0.004100 0.021937 0.061450
v 0.020683 0.030643 0.073297
v 0.019192 0.030816 0.077359
v -0.020500 0.031497 0.005585
v -0.032500 0.031096 0.005131
v -0.032500 0.031970 0.006389
v -0.020500 0.031970 0.006389
v -0.032500 0.031660 0.005300
v -0.020405 0.031967 0.006379
v -0.019475 0.031744 0.005593
v -0.020104 0.031925 0.006229
v 0.007000 0.029520 0.078300
v 0.016799 0.029520 0.078300
v 0.016787 0.030889 0.078154
v -0.019462 0.031645 0.005473
v -0.032500 0.031876 0.004306
v -0.032500 0.031576 0.004174
v -0.032500 0.031570 0.004151
v -0.024051 0.030641 0.094841
v 0.019867 0.030714 0.076723
v 0.020373 0.030578 0.075952
v 0.010146 0.031321 0.030168
v 0.009059 0.030655 0.029349
v 0.009602 0.030988 0.029759
v -0.001000 0.029479 0.075276
v -0.012200 0.029479 0.075276
v -0.000576 0.029454 0.075185
v -0.012313 0.029477 0.075270
v -0.019310 0.031696 0.005426
v -0.000202 0.029376 0.074893
v -0.019462 0.030772 0.004616
v -0.019185 0.031660 0.005300
v -0.012751 0.029436 0.075116
v 0.007573 0.031460 0.028594
v -0.018395 0.031305 0.004151
v -0.032500 0.031281 0.004073
v -0.018379 0.031179 0.004055
v -0.020500 0.031066 0.005161
v 0.020679 0.030422 0.075112
v 0.008655 0.030564 0.029282
v -0.032500 0.031266 0.004026
v -0.000014 0.029263 0.074473
v -0.032500 0.031258 0.004000
v -0.018291 0.031258 0.004000
v 0.010744 0.029107 0.031688
v -0.013200 0.030296 0.073971
v -0.013075 0.029345 0.074778
v 0.007599 0.030326 0.029107
v 0.000000 0.029220 0.074310
v -0.033145 0.030927 0.004073
v -0.032500 0.031204 0.004063
v -0.033932 0.030634 0.004242
v -0.018272 0.031246 0.003961
v -0.013500 0.030674 0.002113
v -0.017727 0.030826 0.002604
v -0.017959 0.031055 0.003345
v -0.013500 0.029560 0.005974
v -0.018379 0.029915 0.003393
v -0.013200 0.029838 0.074119
v -0.032500 0.030715 0.004000
v -0.019462 0.029687 0.004048
v -0.020500 0.030662 0.004766
v -0.032500 0.029813 0.004293
v -0.017685 0.030272 0.002371
v 0.010078 0.028588 0.030970
v -0.032632 0.030645 0.004000
v -0.032770 0.030502 0.004000
v -0.033673 0.030470 0.004107
v 0.018421 0.029520 0.077939
v 0.018494 0.029520 0.077923
v -0.017573 0.030674 0.002113
v 0.019151 0.029520 0.077417
v -0.034442 0.030444 0.004522
v -0.020500 0.029802 0.004315
v -0.032500 0.028309 0.004000
v 0.019870 0.029520 0.076862
v 0.020307 0.029520 0.076015
v -0.017564 0.030658 0.002063
v -0.013500 0.029020 0.005544
v -0.013500 0.030048 0.001005
v -0.017536 0.030487 0.001722
v 0.009151 0.028144 0.030557
v 0.020722 0.030103 0.073517
v -0.024034 0.028747 0.095050
v -0.024370 0.026337 0.094960
v -0.024207 0.026334 0.095060
v -0.024034 0.028179 0.095053
v -0.034375 0.029414 0.004200
v -0.034749 0.029522 0.004449
v -0.034606 0.030240 0.004583
v -0.024483 0.026341 0.094805
v 0.020667 0.029520 0.075318
v 0.007952 0.028570 0.030139
v -0.033122 0.030122 0.004000
v -0.033111 0.030150 0.004000
v -0.017500 0.030265 0.001279
v -0.017500 0.029020 0.001036
v -0.017659 0.029020 0.002007
v -0.033956 0.029293 0.004048
v 0.020671 0.029520 0.075200
v 0.020734 0.029520 0.073582
v 0.020725 0.030053 0.073537
v -0.013200 0.029227 0.074336
v -0.018087 0.029020 0.002831
v -0.017695 0.029020 0.002076
v -0.017500 0.030048 0.001005
v -0.034895 0.029882 0.004688
v -0.033526 0.029167 0.004000
v -0.017500 0.029020 0.000256
v -0.013500 0.029020 0.000256
v -0.030500 -0.000392 0.019123
v -0.030500 0.028063 0.005300
v -0.030500 0.029560 0.005974
v -0.030500 0.000820 0.005300
v -0.030500 -0.001584 0.009347
v -0.030500 -0.001578 0.014307
v -0.018400 0.029020 0.003152
v -0.018688 0.029020 0.003446
v -0.035024 0.029598 0.004774
v -0.013200 0.029206 0.074238
v -0.035996 0.029258 0.006733
v -0.035406 0.028763 0.005027
v -0.027500 0.029020 0.004064
v -0.020500 0.029626 0.004223
v -0.019469 0.029020 0.003862
v -0.019558 0.029020 0.003910
v -0.020500 0.029020 0.004064
v -0.030500 0.028884 0.005476
v -0.027500 0.028884 0.005476
v -0.027500 0.029020 0.005544
v -0.035227 0.028348 0.004680
v 0.007000 0.012155 0.078300
v 0.016799 0.012155 0.078300
v 0.018410 0.012155 0.077941
v 0.018494 0.012155 0.077923
v 0.019138 0.012155 0.077427
v 0.019870 0.012155 0.076862
v 0.020295 0.012155 0.076040
v 0.020667 0.012155 0.075318
v 0.020670 0.012155 0.075232
v 0.020734 0.012155 0.073582
v -0.001000 0.028660 0.075384
v -0.012200 0.028660 0.075384
v -0.012313 0.027020 0.075594
v -0.000202 0.027020 0.075203
v -0.000576 0.027020 0.075506
v -0.012751 0.027020 0.075434
v -0.034267 0.028231 0.004073
v -0.034791 0.028295 0.004306
v -0.000014 0.027020 0.074768
v -0.013075 0.027020 0.075084
v -0.013200 0.028138 0.074552
v -0.033559 0.029089 0.004000
v 0.000000 0.027020 0.074600
v -0.035714 0.027409 0.005444
v -0.035739 0.027139 0.005526
v -0.035506 0.028380 0.005144
v -0.035440 0.028688 0.005050
v -0.036330 -0.028667 0.008996
v 0.000000 0.027020 0.068850
v -0.013200 0.027295 0.074596
v 0.011492 0.026504 0.032562
v 0.010849 0.026056 0.031925
v -0.033672 0.028159 0.004000
v -0.027500 0.028309 0.004000
v -0.027500 0.028063 0.005300
v -0.001000 0.027020 0.075600
v -0.012200 0.027020 0.075600
v 0.010011 0.025621 0.031566
v 0.008013 0.028378 0.030228
v -0.013200 0.027020 0.068850
v -0.030500 0.023726 0.031946
v 0.008181 0.027847 0.030474
v -0.035375 0.027139 0.004772
v -0.035458 0.027139 0.004943
v -0.033796 0.027139 0.004000
v -0.027500 0.022470 0.004000
v -0.034615 0.027139 0.004175
v -0.034988 0.027139 0.004469
v -0.034413 0.027139 0.004132
v -0.024033 0.026333 0.095063
v -0.024033 0.025618 0.095067
v -0.022500 0.022460 0.094751
v 0.009140 0.025268 0.031498
v 0.008529 0.026746 0.030984
v -0.013200 0.027020 0.074626
v -0.027500 0.008420 0.005300
v -0.027500 0.021529 0.003942
v 0.023755 0.024326 0.047425
v -0.013200 0.027020 0.074598
v -0.035739 -0.027566 0.005526
v -0.036269 -0.028714 0.008599
v -0.035650 -0.027186 0.005249
v -0.035378 -0.026589 0.004829
v -0.035598 -0.027073 0.005169
v -0.035351 -0.026532 0.004788
v -0.034687 -0.025683 0.004209
v -0.035090 -0.026123 0.004505
v -0.035238 -0.026284 0.004614
v -0.034614 -0.025629 0.004176
v -0.034564 -0.025591 0.004153
v -0.033796 -0.025015 0.004000
v -0.034249 -0.025355 0.004090
v -0.032500 -0.023756 0.004000
v -0.029298 0.020067 0.004000
v -0.031150 0.017048 0.004000
v -0.032500 0.014303 0.004000
v -0.032500 0.012556 0.004000
v -0.032500 0.010798 0.004000
v -0.032500 0.007236 0.004000
v -0.032500 0.003633 0.004000
v -0.032500 0.000020 0.004000
v -0.032500 -0.003593 0.004000
v -0.032500 -0.007196 0.004000
v -0.032500 -0.008986 0.004000
v -0.032500 -0.010758 0.004000
v -0.032500 -0.012516 0.004000
v -0.032500 -0.014263 0.004000
v -0.001000 0.025380 0.075384
v -0.012200 0.025380 0.075384
v -0.000576 0.024586 0.075185
v -0.012313 0.024563 0.075270
v -0.000202 0.024664 0.074893
v -0.012751 0.024604 0.075116
v -0.000014 0.024777 0.074473
v -0.013075 0.024695 0.074778
v 0.000000 0.024820 0.074310
v -0.013200 0.026928 0.074600
v -0.013200 0.024813 0.074336
v -0.013200 0.025645 0.068482
v 0.000000 0.025645 0.068482
v -0.013200 0.025645 0.063718
v 0.000000 0.025645 0.063718
v -0.013200 0.024830 0.074252
v 0.012511 0.023829 0.033087
v 0.011907 0.023447 0.032540
v -0.024516 0.022124 0.094407
v -0.024402 0.022097 0.094559
v -0.024239 0.022079 0.094658
v 0.021636 0.023622 0.041125
v 0.011167 0.023043 0.032224
v -0.013200 0.024363 0.074174
v -0.013200 0.021070 0.072050
v -0.013200 0.021922 0.072902
v -0.013200 0.022818 0.073369
v -0.013200 0.020218 0.071197
v -0.013200 0.024638 0.067475
v 0.000000 0.024638 0.067475
v 0.000000 0.021010 0.072110
v 0.000000 0.022770 0.073461
v -0.013200 0.024638 0.064725
v 0.000000 0.024638 0.064725
v 0.000000 0.021236 0.062323
v 0.009869 0.023720 0.031920
v 0.009338 0.024790 0.031665
v -0.024056 0.022620 0.094775
v -0.001000 0.024561 0.075276
v -0.012200 0.024561 0.075276
v -0.013200 0.023744 0.073971
v -0.000014 0.022686 0.073607
v -0.012751 0.022353 0.074184
v -0.013075 0.022528 0.073880
v -0.000202 0.022469 0.073983
v -0.013200 0.018520 0.066100
v -0.013200 0.018885 0.068287
v -0.013200 0.024270 0.066100
v -0.013200 0.019745 0.070304
v 0.000000 0.024270 0.066100
v 0.000000 0.018810 0.068300
v 0.000000 0.019659 0.070350
v -0.013200 0.019669 0.059167
v -0.013200 0.018951 0.058523
v 0.000000 0.020625 0.061960
v -0.012313 0.022273 0.074322
v -0.000576 0.022317 0.074245
v -0.012200 0.022270 0.074327
v -0.001000 0.022270 0.074327
v 0.024389 0.021409 0.045600
v 0.000000 0.018520 0.066100
v 0.013728 0.021136 0.033276
v 0.013176 0.020817 0.032820
v -0.013200 0.022757 0.073484
v -0.030500 0.018798 0.032499
v 0.010360 0.022731 0.032155
v 0.023243 0.014438 0.035135
v 0.023629 0.013207 0.034345
v 0.023881 0.013195 0.034439
v 0.025438 0.012936 0.035232
v 0.024923 0.013082 0.034899
v 0.024668 0.013155 0.034733
v 0.025626 0.012874 0.035364
v 0.025600 0.012890 0.035337
v 0.012534 0.020459 0.032545
v 0.025178 0.017548 0.039397
v 0.011572 0.020594 0.032436
v 0.010394 0.022671 0.032163
v 0.025541 0.017177 0.040096
v -0.013200 0.021810 0.072849
v -0.000014 0.020891 0.072229
v -0.024059 0.022462 0.094744
v 0.025725 0.016756 0.040811
v -0.012751 0.020420 0.072700
v -0.013075 0.020667 0.072453
v -0.000202 0.020583 0.072537
v -0.024065 0.022075 0.094667
v -0.022500 0.017896 0.093679
v -0.022500 0.017602 0.093430
v -0.012313 0.020307 0.072813
v -0.000576 0.020369 0.072751
v -0.012200 0.020302 0.072818
v -0.001000 0.020302 0.072818
v 0.024418 0.021275 0.045516
v -0.024567 0.017975 0.093467
v -0.024589 0.017995 0.093407
v -0.024563 0.017974 0.093471
v -0.024477 0.017948 0.093545
v -0.024387 0.017920 0.093624
v -0.024379 0.017919 0.093625
v -0.024322 0.017913 0.093639
v -0.024105 0.019699 0.094193
v 0.003268 0.021241 0.062310
v 0.003100 0.021236 0.062323
v 0.003703 0.021307 0.062134
v 0.004006 0.021438 0.061784
v 0.004100 0.021587 0.061387
v -0.013200 0.020991 0.072129
v 0.004094 0.021264 0.061224
v 0.004100 0.021281 0.061205
v -0.027500 0.020798 0.003783
v -0.028441 0.019480 0.003815
v 0.004006 0.021003 0.061525
v 0.003703 0.020757 0.061807
v 0.004100 0.020061 0.059947
v 0.004100 0.020148 0.059875
v 0.024415 0.001962 0.045515
v 0.025281 0.017306 0.043032
v 0.023913 0.000482 0.046963
v 0.003212 0.020631 0.061952
v 0.003268 0.020634 0.061949
v 0.003100 0.020625 0.061960
v 0.015073 0.018468 0.033150
v 0.014581 0.018208 0.032782
v -0.013200 0.020234 0.071262
v -0.018300 0.017520 0.041300
v -0.018300 0.021020 0.041300
v -0.018300 0.021020 0.045700
v -0.018300 0.019950 0.045860
v -0.018090 0.019826 0.045700
v 0.003890 0.019826 0.045700
v -0.017831 0.019270 0.041300
v 0.003631 0.019270 0.038300
v 0.003975 0.019698 0.060226
v -0.000014 0.019513 0.070434
v 0.014034 0.017907 0.032546
v -0.027500 0.020137 0.003639
v 0.003651 0.019420 0.060440
v -0.012751 0.018936 0.070767
v -0.013075 0.019240 0.070592
v 0.003213 0.019294 0.060537
v 0.003100 0.019289 0.060541
v 0.000000 0.018734 0.059738
v -0.017300 0.019669 0.059167
v -0.017468 0.019676 0.059155
v -0.017903 0.019764 0.058989
v -0.018206 0.019939 0.058658
v -0.018300 0.020138 0.058284
v 0.011878 0.020105 0.032448
v -0.000202 0.019137 0.070651
v 0.012985 0.018334 0.032490
v 0.012696 0.018797 0.032479
v -0.012313 0.018798 0.070847
v -0.001000 0.019800 0.072163
v -0.000576 0.018875 0.070803
v -0.012200 0.019800 0.072163
v -0.013200 0.019636 0.070363
v 0.004100 0.019584 0.059211
v -0.018300 0.019778 0.057961
v -0.018206 0.019427 0.058199
v -0.027500 0.018945 0.003115
v -0.027547 0.018869 0.003121
v 0.004100 0.019561 0.059225
v -0.018300 0.019737 0.045952
v -0.017903 0.019118 0.058409
v -0.018300 0.018719 0.046389
v -0.017764 0.019313 0.045700
v 0.003564 0.019313 0.045700
v -0.001000 0.018793 0.070850
v -0.012200 0.018793 0.070850
v -0.018300 0.019082 0.056733
v -0.017468 0.018962 0.058515
v 0.004100 0.019741 0.045926
v 0.004100 0.019240 0.058410
v -0.013200 0.018981 0.068861
v -0.013200 0.019124 0.069317
v 0.003075 0.018545 0.045700
v 0.004100 0.018520 0.046501
v -0.024149 0.017896 0.093679
v 0.004100 0.019136 0.058456
v 0.003975 0.018725 0.058657
v -0.017300 0.018951 0.058523
v -0.000014 0.018647 0.068343
v -0.030239 0.016550 0.003815
v -0.017903 0.018359 0.057069
v -0.018206 0.018698 0.056912
v 0.003651 0.018410 0.058811
v -0.017275 0.018545 0.045700
v 0.003100 0.018775 0.059712
v 0.003213 0.018267 0.058881
v -0.016550 0.017989 0.041300
v 0.002350 0.017989 0.038300
v 0.004094 0.018528 0.056811
v 0.004100 0.018552 0.056804
v 0.004100 0.018520 0.056553
v -0.013075 0.018342 0.068425
v -0.012751 0.018004 0.068516
v -0.000202 0.018227 0.068456
v -0.013200 0.018784 0.068307
v -0.017468 0.018189 0.057148
v -0.018300 0.011020 0.058870
v -0.018300 0.018594 0.055409
v -0.017300 0.018176 0.057154
v -0.013200 0.018520 0.057826
v -0.027500 0.018869 0.003082
v -0.012313 0.017850 0.068557
v -0.000576 0.017935 0.068534
v -0.027500 0.018837 0.003057
v -0.029288 0.016030 0.003121
v -0.027500 0.017997 0.002415
v -0.012200 0.018160 0.069322
v -0.030500 0.013879 0.031864
v -0.013500 0.013879 0.031864
v 0.002500 0.013879 0.031864
v -0.001000 0.018160 0.069322
v -0.013200 0.018494 0.066100
v -0.013114 0.018180 0.066100
v 0.003100 0.018262 0.058884
v 0.000000 0.018520 0.059376
v 0.004006 0.018142 0.056911
v -0.018300 0.018520 0.046501
v -0.018206 0.018186 0.055524
v -0.017903 0.017826 0.055624
v 0.016495 0.015804 0.032716
v -0.000087 0.018185 0.066100
v -0.000014 0.018352 0.066100
v -0.018300 0.018520 0.054870
v -0.018224 0.018177 0.054870
v -0.016507 0.018056 0.045700
v -0.017070 0.017520 0.046372
v -0.017300 0.017520 0.046501
v -0.017644 0.017591 0.046656
v -0.018231 0.018175 0.046657
v -0.018124 0.017992 0.046696
v -0.018008 0.017814 0.046736
v 0.004022 0.018185 0.046647
v 0.003802 0.017823 0.046727
v 0.003800 0.017820 0.046728
v 0.003764 0.017772 0.046734
v 0.003446 0.017585 0.046662
v 0.003432 0.017577 0.046658
v 0.002307 0.018056 0.045700
v 0.004025 0.018184 0.056553
v -0.000094 0.018184 0.058681
v -0.013199 0.018469 0.057735
v -0.018300 0.017420 0.050500
v -0.018300 0.012020 0.050500
v -0.013102 0.018187 0.057132
v 0.016068 0.015604 0.032431
v 0.003268 0.017598 0.057053
v 0.003703 0.017780 0.057006
v -0.017468 0.017645 0.055675
v -0.013075 0.018036 0.066100
v -0.012886 0.017832 0.066100
v 0.013478 0.017596 0.032423
v 0.003212 0.017594 0.057054
v 0.003100 0.017585 0.057056
v -0.000308 0.017831 0.066100
v -0.000202 0.017917 0.066100
v 0.015610 0.015369 0.032236
v -0.017300 0.017631 0.055679
v -0.013021 0.017949 0.056625
v -0.017989 0.017828 0.054870
v -0.018206 0.018096 0.054870
v 0.003998 0.018079 0.046694
v -0.000145 0.018001 0.058304
v 0.004006 0.018096 0.056553
v -0.018222 0.018133 0.046677
v -0.001000 0.017844 0.068559
v -0.012200 0.017844 0.068559
v 0.003791 0.017832 0.056553
v -0.015994 0.017730 0.045700
v -0.016084 0.017520 0.045954
v 0.003100 0.017520 0.046501
v 0.001794 0.017730 0.045700
v -0.024594 0.017890 0.093323
v -0.012751 0.017686 0.066100
v -0.012537 0.017608 0.066100
v -0.000314 0.017834 0.057828
v -0.028680 0.015698 0.002038
v -0.027500 0.017725 0.002030
v -0.014800 0.017520 0.041300
v 0.000600 0.017520 0.038300
v -0.024541 0.017870 0.093457
v -0.012889 0.017833 0.056280
v -0.000657 0.017596 0.066100
v -0.000576 0.017614 0.066100
v -0.024372 0.017870 0.093613
v 0.014642 0.015850 0.032264
v -0.024149 0.017870 0.093670
v -0.022500 0.017724 0.093584
v -0.024588 0.017871 0.093332
v -0.024869 0.016480 0.090565
v -0.024574 0.017830 0.093352
v -0.024848 0.016420 0.090593
v -0.024149 0.017725 0.093581
v -0.024326 0.017712 0.093529
v -0.024459 0.017727 0.093394
v -0.024483 0.017749 0.093385
v -0.012313 0.017526 0.066100
v -0.012200 0.017520 0.066100
v -0.001000 0.017520 0.066100
v -0.000491 0.017659 0.057326
v -0.012658 0.017631 0.055679
v 0.003703 0.017722 0.056553
v -0.017903 0.017722 0.054870
v -0.017635 0.017606 0.054870
v -0.017695 0.017601 0.046679
v 0.003437 0.017607 0.056553
v -0.024758 0.016339 0.090624
v -0.014800 0.017520 0.045700
v -0.015844 0.017520 0.045852
v 0.000839 0.017520 0.045708
v 0.000600 0.017520 0.045700
v 0.001871 0.017520 0.045924
v 0.001873 0.017520 0.045924
v -0.024446 0.017716 0.093398
v -0.024149 0.017712 0.093573
v -0.027500 0.017501 0.001712
v -0.024393 0.017668 0.093418
v -0.024667 0.016258 0.090656
v -0.024149 0.017602 0.093430
v -0.024284 0.017639 0.093423
v -0.024325 0.017650 0.093421
v -0.000647 0.017585 0.057056
v -0.024601 0.016240 0.090658
v -0.017468 0.017534 0.054870
v -0.017300 0.017520 0.054870
v -0.024280 0.016896 0.092046
v -0.012540 0.017603 0.055471
v -0.000654 0.017583 0.057046
v 0.003268 0.017534 0.056553
v -0.012200 0.017520 0.054870
v 0.003100 0.017520 0.056553
v -0.001000 0.017520 0.056553
v 0.026079 0.012602 0.035827
v 0.026201 0.012529 0.035953
v 0.026237 0.012507 0.035989
v -0.018300 0.017420 0.038300
v -0.018300 0.017520 0.038300
v -0.028517 0.015609 0.001000
v -0.027500 0.017340 0.001000
v -0.004500 0.017420 0.050500
v -0.004500 0.017420 0.054300
v -0.004500 0.012020 0.054300
v -0.004500 0.012020 0.050500
v 0.007000 0.011477 0.078565
v 0.007000 0.011816 0.078359
v 0.007000 -0.005174 0.076061
v 0.007000 -0.005521 0.075855
v 0.007000 0.012020 0.054300
v 0.003100 0.012020 0.054300
v -0.017299 0.012020 0.050501
v -0.027500 0.017340 0.000000
v -0.027500 0.008420 0.000000
v -0.029455 0.013755 0.000000
v -0.029435 0.013744 0.001000
v 0.025597 0.015901 0.042091
v 0.026537 0.012149 0.036511
v 0.026718 0.011932 0.036826
v 0.026596 0.012078 0.036613
v 0.019860 0.011868 0.032200
v 0.016752 0.016188 0.033132
v -0.032008 0.014086 0.003904
v -0.024426 0.016191 0.090663
v 0.026906 0.011258 0.037697
v 0.026817 0.011579 0.037282
v 0.026802 0.011631 0.037215
v -0.031031 0.013657 0.003452
v -0.031496 0.013862 0.003777
v -0.031549 0.013885 0.003815
v -0.024805 0.016133 0.090350
v -0.024946 0.015940 0.090009
v -0.024642 0.016051 0.090410
v -0.024463 0.015999 0.090438
v 0.016868 0.015961 0.033064
v -0.024832 0.015862 0.090138
v -0.024671 0.015807 0.090219
v -0.024466 0.015986 0.090423
v -0.024485 0.015887 0.090308
v -0.029957 0.013185 0.002097
v -0.030558 0.013449 0.003121
v -0.024965 0.015176 0.089849
v 0.017974 0.013787 0.032416
v -0.024848 0.015538 0.090016
v 0.026800 0.010560 0.038512
v 0.026881 0.011089 0.037894
v -0.024493 0.015775 0.090261
v -0.024688 0.015515 0.090109
v 0.015139 0.015114 0.032104
v -0.024504 0.015628 0.090200
v 0.018217 0.013263 0.032205
v -0.029923 0.013170 0.002038
v -0.024517 0.015456 0.090130
v 0.017537 0.013018 0.031762
v 0.017159 0.012854 0.031610
v -0.024774 0.015198 0.090052
v -0.024851 0.015192 0.089996
v -0.024513 0.015210 0.090152
v -0.024690 0.015202 0.090092
v -0.025011 0.015166 0.089719
v 0.016344 0.013333 0.031718
v 0.015971 0.013885 0.031837
v -0.024509 0.014972 0.090173
v -0.024679 0.014899 0.090168
v -0.024816 0.014561 0.090261
v -0.024739 0.014602 0.090302
v -0.024929 0.014457 0.090148
v -0.025003 0.014744 0.089783
v -0.024491 0.014810 0.090277
v -0.024654 0.014633 0.090330
v -0.024476 0.014675 0.090364
v -0.022500 0.014477 0.090550
v -0.024465 0.014577 0.090427
v -0.024973 0.014364 0.090046
v -0.024443 0.014499 0.090562
v -0.024619 0.014430 0.090563
v -0.024705 0.014389 0.090546
v -0.024823 0.014097 0.090810
v -0.024732 0.014184 0.090826
v -0.024440 0.014489 0.090580
v -0.024397 0.014341 0.090835
v -0.022500 0.014341 0.090835
v -0.024958 0.014184 0.090171
v -0.024843 0.014032 0.090793
v -0.034700 0.014445 0.028750
v -0.034700 0.013766 0.024454
v -0.034700 0.013766 0.033046
v -0.034700 0.000355 0.027239
v -0.034700 0.000355 0.030261
v 0.023454 0.013196 0.034303
v -0.024642 0.014272 0.090842
v -0.024574 0.014291 0.090840
v -0.024661 0.014254 0.090838
v -0.024092 0.013409 0.094004
v -0.023951 0.012448 0.097176
v -0.024028 0.012427 0.097175
v -0.022500 0.012476 0.097178
v -0.022500 -0.002823 0.098620
v -0.022500 0.007894 0.098615
v -0.022500 0.002536 0.099100
v -0.024083 0.012412 0.097175
v -0.024138 0.012369 0.097166
v -0.024097 0.012408 0.097175
v -0.024188 0.012321 0.097155
v -0.024894 0.013861 0.090748
v -0.024289 0.012201 0.097127
v -0.024279 0.012233 0.097135
v -0.032077 0.012383 0.003857
v -0.024349 0.011996 0.097070
v -0.024298 0.012167 0.097117
v 0.002500 0.009252 0.030077
v -0.030500 0.009252 0.030077
v -0.013500 0.009252 0.030077
v -0.031576 0.010387 0.003251
v -0.031854 0.010523 0.003554
v -0.024250 0.002527 0.098609
v -0.024255 0.004944 0.098525
v -0.024256 0.005074 0.098520
v -0.024275 0.007324 0.098207
v -0.024282 0.008089 0.098101
v -0.024307 0.009669 0.097713
v -0.024329 0.011039 0.097376
v -0.034700 0.011794 0.036923
v -0.034700 0.011794 0.020577
v -0.031578 0.007704 0.000000
v -0.030518 0.011196 0.001119
v -0.030398 0.011495 0.001100
v -0.029754 0.013096 0.001000
v -0.031343 0.010258 0.002905
v -0.018300 0.012770 0.061201
v -0.022500 0.012770 0.061201
v -0.030525 0.011631 0.002045
v -0.023850 0.012476 0.097178
v 0.016763 0.012668 0.031493
v 0.019175 0.011540 0.031606
v 0.019062 0.011436 0.031469
v 0.024272 0.012533 0.033582
v 0.023510 0.012517 0.033370
v 0.025058 0.012426 0.033882
v 0.025809 0.012156 0.034278
v 0.018887 0.011236 0.031287
v 0.018597 0.010902 0.030985
v 0.026460 0.011724 0.034753
v 0.018447 0.010729 0.030829
v 0.018371 0.010633 0.030776
v 0.017571 0.011386 0.031061
v -0.018300 0.012221 0.061750
v -0.022500 0.012221 0.061750
v -0.018300 0.010946 0.059409
v -0.018300 0.010458 0.060733
v 0.023642 0.012310 0.033086
v 0.026957 0.011158 0.035271
v -0.023850 0.012375 0.097363
v -0.022500 0.012357 0.097383
v -0.022500 0.012157 0.097510
v -0.024008 0.012375 0.097323
v -0.024126 0.012375 0.097211
v 0.025460 0.011764 0.032805
v 0.025858 0.011692 0.033230
v -0.032166 0.010661 0.003804
v -0.023850 0.012354 0.097379
v -0.024070 0.012203 0.097435
v -0.024235 0.012203 0.097279
v -0.023850 0.012203 0.097492
v 0.024018 0.011868 0.032200
v 0.025254 0.011800 0.032585
v -0.018300 0.012020 0.062500
v -0.018300 0.009762 0.061961
v -0.023850 0.012157 0.097510
v -0.024024 0.012139 0.097469
v -0.024181 0.012103 0.097373
v -0.024091 0.012132 0.097453
v -0.024082 0.012133 0.097455
v -0.024272 0.012074 0.097294
v -0.024266 0.012075 0.097299
v -0.024293 0.012052 0.097232
v -0.023807 0.009793 0.098179
v 0.026099 0.011649 0.033487
v 0.026588 0.011379 0.034189
v 0.016809 0.012008 0.078311
v 0.018443 0.011871 0.077988
v 0.019896 0.011646 0.076917
v 0.019223 0.011785 0.077540
v 0.020404 0.011461 0.076164
v 0.020715 0.011247 0.075343
v 0.020762 0.010888 0.073735
v -0.023983 0.009789 0.098172
v -0.024147 0.009762 0.098073
v 0.027268 0.010505 0.035792
v -0.024260 0.009722 0.097920
v 0.001794 0.011810 0.049700
v 0.000600 0.012020 0.049700
v 0.001644 0.012020 0.049852
v 0.001884 0.012020 0.049954
v 0.000600 0.012020 0.042300
v 0.007000 0.012020 0.042300
v 0.002307 0.011484 0.049700
v 0.002870 0.012020 0.050372
v -0.001000 0.012020 0.070100
v -0.012200 0.012020 0.058870
v -0.012200 0.012020 0.070100
v -0.001000 0.011696 0.072559
v -0.012200 0.011696 0.072559
v -0.012313 0.012014 0.070100
v -0.001000 0.012020 0.060553
v -0.000657 0.011944 0.070100
v -0.000654 0.011957 0.061046
v -0.018300 0.012020 0.063500
v -0.018300 0.011819 0.064250
v -0.018300 0.009402 0.062284
v 0.003100 0.012020 0.060553
v 0.003212 0.011946 0.061054
v 0.003268 0.012006 0.060553
v 0.003100 0.011955 0.061056
v -0.017632 0.011963 0.050658
v -0.017468 0.012006 0.058870
v -0.017300 0.012020 0.058870
v -0.017300 0.011909 0.059679
v -0.012540 0.011937 0.059471
v -0.012537 0.011932 0.070100
v 0.003444 0.011949 0.050656
v 0.003100 0.012020 0.050501
v 0.007000 -0.007130 0.042300
v 0.007000 -0.007130 0.045300
v 0.007000 -0.005847 0.075800
v 0.003075 0.010995 0.049700
v -0.016507 0.011484 0.049700
v -0.015994 0.011810 0.049700
v -0.016072 0.012020 0.049924
v -0.018300 0.011020 0.050501
v -0.018300 0.012020 0.045300
v -0.014800 0.012020 0.045300
v -0.014800 0.012020 0.049700
v -0.015038 0.012020 0.049708
v -0.018300 0.009799 0.049926
v -0.018300 0.008520 0.045300
v -0.017831 0.010270 0.045300
v -0.016550 0.011551 0.045300
v 0.002350 0.011551 0.042300
v 0.003631 0.010270 0.042300
v 0.004100 0.008520 0.042300
v -0.012313 0.011690 0.072557
v 0.016847 0.011894 0.078352
v 0.003268 0.011942 0.061053
v 0.003435 0.011933 0.060553
v -0.017640 0.011959 0.050660
v -0.017630 0.011936 0.058870
v -0.017468 0.011895 0.059675
v -0.017275 0.010995 0.049700
v -0.017822 0.011845 0.050693
v -0.017964 0.011768 0.050734
v -0.000647 0.011955 0.061056
v -0.000293 0.011726 0.061810
v -0.000576 0.011926 0.070100
v 0.003100 0.011278 0.062884
v 0.003213 0.011273 0.062881
v -0.000289 0.011723 0.061819
v -0.000087 0.011355 0.062691
v 0.003495 0.011939 0.050679
v 0.003807 0.011727 0.050735
v -0.000576 0.011605 0.072534
v 0.003651 0.011130 0.062811
v 0.003703 0.011760 0.061006
v -0.012658 0.011909 0.059679
v -0.012751 0.011854 0.070100
v -0.017903 0.011818 0.058870
v -0.017903 0.011714 0.059624
v 0.003703 0.011818 0.060553
v -0.012751 0.011536 0.072516
v -0.000308 0.011708 0.070100
v -0.017300 0.011364 0.061154
v -0.012882 0.011700 0.060285
v -0.013106 0.011356 0.061131
v -0.013054 0.011540 0.060753
v -0.012886 0.011708 0.070100
v -0.017468 0.011351 0.061148
v 0.016871 0.011823 0.078377
v 0.019300 0.011430 0.077655
v 0.018529 0.011597 0.078077
v 0.025069 0.011801 0.032414
v 0.024018 0.011257 0.031264
v -0.017999 0.011722 0.050728
v 0.016933 0.011639 0.078443
v -0.018300 0.011270 0.064799
v -0.018300 0.010520 0.065000
v 0.003788 0.011712 0.060553
v -0.017988 0.011712 0.058870
v 0.025581 0.011534 0.032433
v 0.024722 0.011249 0.031328
v -0.034700 0.008722 0.040003
v -0.034700 -0.000919 0.033002
v -0.034700 0.008722 0.017497
v -0.034700 -0.000919 0.024498
v 0.019968 0.011161 0.077084
v 0.026283 0.011428 0.033253
v 0.003975 0.010815 0.062657
v 0.004006 0.011398 0.060911
v 0.003924 0.011548 0.050696
v 0.004022 0.011407 0.050677
v 0.026613 0.011365 0.034225
v 0.027011 0.010960 0.034992
v 0.026747 0.011291 0.034417
v -0.000202 0.011623 0.070100
v -0.018206 0.011444 0.058870
v -0.018222 0.011357 0.050648
v -0.018198 0.011461 0.050694
v -0.018225 0.011358 0.058870
v -0.017903 0.011181 0.061069
v -0.018206 0.011354 0.059524
v 0.004006 0.011444 0.060553
v -0.000202 0.011312 0.072456
v -0.013075 0.011504 0.070100
v -0.013075 0.011198 0.072425
v -0.001000 0.011380 0.073322
v -0.012200 0.011380 0.073322
v -0.012313 0.010742 0.074847
v 0.026867 0.011082 0.034222
v 0.017073 0.011502 0.078589
v -0.031039 0.010039 0.002123
v 0.027302 0.010276 0.035962
v -0.000087 0.011355 0.070100
v -0.000202 0.010403 0.074651
v -0.000576 0.010665 0.074803
v 0.018663 0.011339 0.078233
v 0.019419 0.011097 0.077859
v 0.027332 0.009892 0.036385
v 0.027350 0.010097 0.036192
v 0.027334 0.010156 0.036115
v 0.004031 0.011365 0.050658
v -0.013114 0.011360 0.070100
v -0.012751 0.010604 0.074767
v 0.025672 0.011486 0.032436
v 0.025626 0.010900 0.031371
v 0.017117 0.011459 0.078635
v 0.026173 0.011225 0.032454
v 0.007000 -0.004937 0.076387
v 0.007000 0.011268 0.078837
v 0.020476 0.010807 0.076406
v 0.017312 0.011268 0.078837
v 0.018828 0.011096 0.078470
v 0.004024 0.011363 0.060553
v 0.020079 0.010719 0.077377
v 0.026656 0.011059 0.033309
v 0.004100 0.010404 0.062456
v 0.004094 0.011012 0.060811
v 0.018142 0.010345 0.030618
v -0.001000 0.010747 0.074850
v -0.012200 0.010747 0.074850
v 0.004100 0.011020 0.060553
v 0.004100 0.011020 0.050501
v -0.017300 0.010589 0.062523
v -0.013200 0.010589 0.062523
v -0.013200 0.011020 0.061826
v -0.013200 0.011046 0.070100
v -0.013200 0.010755 0.072307
v -0.013200 0.011020 0.070100
v -0.000014 0.011188 0.070100
v -0.000024 0.011241 0.062961
v -0.000014 0.010893 0.072343
v -0.018206 0.010842 0.060912
v -0.017468 0.010577 0.062515
v 0.018898 0.011088 0.078453
v -0.000014 0.010027 0.074434
v 0.027089 0.010724 0.034270
v 0.003100 0.010765 0.063712
v 0.000000 0.011020 0.063376
v 0.003213 0.010246 0.064537
v 0.003651 0.010120 0.064440
v 0.007000 0.007430 0.082187
v 0.007000 0.009807 0.080746
v 0.007000 -0.004852 0.076707
v 0.017340 0.011062 0.079205
v 0.024161 0.010334 0.030613
v 0.024018 0.010345 0.030618
v 0.024687 0.011170 0.031267
v 0.020845 0.009726 0.074179
v 0.020768 0.010808 0.073765
v 0.020792 0.010399 0.075674
v 0.026548 0.010767 0.032545
v 0.026585 0.010274 0.031814
v -0.013075 0.010300 0.074592
v -0.030944 0.009885 0.001333
v 0.000000 0.011020 0.070100
v 0.000000 0.010730 0.072300
v -0.017903 0.010422 0.062409
v 0.025415 0.009828 0.030665
v 0.024300 0.010304 0.030599
v 0.027174 0.010754 0.035349
v 0.027253 0.010457 0.035729
v 0.027182 0.010726 0.035385
v 0.003975 0.009842 0.064226
v 0.019520 0.010736 0.078155
v 0.020217 0.010341 0.077822
v 0.018979 0.010070 0.080028
v 0.026835 0.010455 0.038400
v 0.019731 0.009823 0.079672
v 0.017427 0.010170 0.080380
v 0.026967 0.010619 0.033390
v -0.013200 0.010726 0.072299
v -0.013200 0.005270 0.070100
v 0.000000 0.005270 0.070100
v 0.000000 0.004902 0.068725
v 0.000000 0.008915 0.065960
v 0.000000 0.010806 0.063738
v 0.004100 0.010988 0.060804
v 0.004100 0.010300 0.062410
v 0.004100 0.010821 0.050389
v -0.017764 0.010227 0.049700
v 0.003564 0.010227 0.049700
v 0.027385 0.010156 0.035390
v 0.025423 0.009824 0.030666
v 0.025598 0.009721 0.030738
v 0.025480 0.009800 0.030669
v 0.000000 0.009881 0.074350
v 0.020414 -0.004378 0.071527
v -0.018206 0.010113 0.062199
v 0.004100 0.009803 0.049952
v 0.003890 0.009714 0.049700
v 0.004100 0.009979 0.063225
v 0.020588 0.010228 0.076818
v 0.003100 0.010251 0.064541
v -0.032338 0.007153 0.003795
v 0.026595 0.010709 0.032557
v -0.013200 0.010722 0.072331
v -0.013200 0.009904 0.074363
v -0.001000 0.009740 0.076163
v -0.012200 0.009740 0.076163
v -0.000576 0.009171 0.076751
v -0.012313 0.009233 0.076813
v 0.000000 0.004902 0.071475
v -0.013200 0.004902 0.071475
v 0.027375 0.009912 0.034394
v -0.013200 0.009818 0.074321
v 0.027195 0.010124 0.033492
v 0.026954 0.010272 0.032644
v -0.000202 0.008957 0.076537
v -0.032194 0.007071 0.003573
v -0.012751 0.009120 0.076700
v -0.017300 0.009871 0.063167
v -0.013200 0.009871 0.063167
v -0.013200 0.004902 0.068725
v -0.017468 0.009864 0.063155
v 0.024834 0.003196 0.044308
v 0.024554 0.002370 0.045116
v -0.022500 -0.005480 0.065000
v -0.018300 -0.005480 0.065000
v -0.018300 -0.003894 0.062400
v -0.018300 0.008934 0.062400
v 0.027465 0.009542 0.035394
v 0.025859 0.005853 0.041360
v 0.025911 0.005979 0.041202
v 0.026940 0.008485 0.038064
v 0.027281 0.009306 0.036936
v -0.017903 0.009776 0.062989
v 0.004100 0.009956 0.063211
v -0.000014 0.008649 0.076229
v 0.020981 0.008744 0.074879
v 0.020867 0.009568 0.074291
v 0.020913 0.009665 0.076228
v -0.031971 0.006908 0.003085
v 0.023824 0.009268 0.030048
v 0.020656 0.009712 0.077413
v 0.020389 0.009444 0.079208
v -0.013200 0.009306 0.075262
v -0.013075 0.008873 0.076453
v 0.027442 0.009229 0.035948
v 0.027161 0.009442 0.032510
v 0.027050 0.008878 0.032136
v 0.026406 0.009362 0.031209
v 0.027132 0.009628 0.032814
v -0.018090 0.009714 0.049700
v -0.031846 0.006758 0.002560
v 0.003100 0.008915 0.065960
v 0.003212 0.008909 0.065952
v 0.003268 0.008906 0.065949
v -0.018300 0.009791 0.049925
v 0.017429 0.010147 0.080410
v 0.017451 0.009787 0.080724
v 0.027277 0.009109 0.032952
v 0.027360 0.009073 0.033743
v 0.027414 0.009057 0.034543
v 0.004006 0.008537 0.065525
v 0.003703 0.008783 0.065807
v -0.018206 0.009601 0.062658
v 0.017490 0.009127 0.081299
v 0.019076 0.008633 0.081244
v -0.031263 0.008902 0.001493
v 0.000000 0.008530 0.076110
v 0.004100 0.009479 0.063947
v 0.004100 0.009392 0.063875
v 0.004100 0.008520 0.049700
v 0.004100 0.009589 0.049860
v 0.004100 -0.003715 0.049708
v 0.004100 -0.003480 0.049700
v 0.027417 0.008925 0.035399
v -0.013200 0.009596 0.074809
v 0.027236 0.008751 0.036512
v -0.017300 0.008934 0.063400
v -0.013200 0.008934 0.063400
v -0.013200 0.003895 0.067718
v -0.013200 0.002520 0.067350
v -0.017468 0.008934 0.063386
v -0.017791 0.008934 0.063246
v 0.004094 0.008276 0.065224
v 0.024637 0.008061 0.029700
v 0.019836 0.008459 0.080847
v -0.023796 0.009190 0.098349
v -0.018300 0.008755 0.049708
v -0.023952 0.007402 0.098667
v -0.017903 0.008934 0.063198
v -0.018153 0.008934 0.062889
v -0.013500 0.008770 0.034300
v -0.013500 -0.006730 0.029800
v -0.013500 0.006520 0.029800
v -0.013500 0.006520 0.028337
v 0.002500 0.008770 0.034300
v 0.002500 0.006520 0.029800
v -0.024117 0.007384 0.098566
v -0.001000 0.009237 0.076818
v -0.012200 0.009237 0.076818
v 0.020716 -0.001578 0.073486
v 0.020658 -0.001873 0.073146
v 0.020568 -0.002331 0.072618
v 0.020553 -0.002474 0.072518
v 0.020475 -0.003229 0.071990
v 0.020432 -0.004039 0.071663
v -0.024230 0.007357 0.098410
v 0.026361 0.009213 0.031179
v -0.018300 0.008520 0.049700
v 0.021047 0.009152 0.077049
v 0.020900 0.008957 0.078667
v 0.021135 0.008063 0.075674
v 0.021031 0.008524 0.075136
v 0.021056 0.009089 0.077015
v -0.018206 0.008934 0.062824
v -0.013200 0.008448 0.076033
v -0.013200 0.003895 0.072482
v 0.027377 0.008762 0.035854
v 0.020499 0.008190 0.080306
v 0.027273 0.009032 0.032975
v 0.027269 0.008969 0.032994
v 0.004100 0.008259 0.065205
v 0.004100 -0.004751 0.049925
v 0.026958 0.008560 0.032077
v 0.026444 0.009158 0.031227
v -0.013200 0.008549 0.076129
v 0.023491 0.008542 0.029662
v 0.023349 0.008233 0.029498
v 0.022740 0.006877 0.028557
v 0.022414 0.006151 0.028053
v 0.022056 0.005298 0.027293
v 0.002500 0.006520 0.028337
v -0.001000 0.007270 0.078327
v -0.012200 0.007270 0.078327
v -0.000576 0.007223 0.078245
v -0.012313 0.007267 0.078322
v 0.027212 0.008465 0.036295
v 0.027235 0.008747 0.036510
v 0.025672 0.007333 0.030236
v -0.023782 0.007887 0.098575
v -0.000202 0.007071 0.077983
v 0.021234 0.008400 0.078091
v 0.017506 0.008681 0.081552
v -0.012751 0.007187 0.078184
v 0.021246 0.007721 0.076267
v 0.027246 0.008510 0.033133
v 0.027224 0.008281 0.034695
v 0.027238 0.008482 0.033142
v 0.021012 0.007842 0.079658
v -0.000014 0.006854 0.077607
v -0.017468 -0.003894 0.063386
v -0.017300 -0.003894 0.063400
v -0.013200 -0.003894 0.063400
v -0.017791 -0.003894 0.063246
v -0.017903 -0.003894 0.063198
v -0.018153 -0.003894 0.062889
v -0.018206 -0.003894 0.062824
v 0.027218 0.008264 0.035971
v 0.027253 0.008354 0.035531
v 0.027249 0.008343 0.035405
v 0.000000 0.008304 0.066323
v 0.003100 0.008304 0.066323
v 0.003268 0.008299 0.066310
v 0.003703 0.008233 0.066134
v -0.031552 0.007698 0.001779
v 0.027029 0.008376 0.032414
v 0.027017 0.008468 0.032225
v 0.027014 0.008495 0.032169
v 0.027187 0.008300 0.033203
v -0.013200 0.007730 0.076849
v -0.013075 0.007012 0.077880
v 0.004006 0.008102 0.065784
v -0.013500 -0.007730 0.029532
v -0.013500 0.008770 0.036550
v -0.013500 -0.009230 0.036550
v 0.002500 0.008770 0.036550
v 0.002500 -0.009230 0.036550
v 0.002500 -0.009230 0.030058
v 0.002500 -0.009337 0.029800
v 0.002500 -0.006730 0.029800
v 0.027190 0.008196 0.036089
v 0.025975 0.005414 0.040737
v 0.020884 -0.001132 0.074378
v 0.020786 -0.001391 0.073861
v -0.034700 0.004850 0.041985
v -0.034700 0.004850 0.015515
v 0.017535 0.007872 0.082011
v 0.000000 0.006770 0.077461
v 0.019127 0.006916 0.082015
v 0.026248 0.006539 0.031199
v 0.000000 0.003895 0.072482
v 0.004100 -0.003480 0.042300
v 0.019889 0.006827 0.081593
v -0.013200 0.007667 0.076865
v -0.013500 0.008420 0.005300
v -0.013500 0.008420 0.000000
v -0.013500 0.000548 0.001925
v -0.013500 0.000820 0.005300
v -0.032473 0.001355 0.000000
v -0.013500 -0.000222 0.000689
v -0.013500 -0.000950 0.000000
v -0.013500 0.000324 0.001207
v 0.021370 0.007233 0.076981
v 0.021343 0.007443 0.078953
v 0.021460 0.006597 0.077552
v 0.021397 0.007126 0.077136
v 0.026275 0.005913 0.032254
v 0.027063 0.008111 0.032960
v 0.027133 0.008102 0.033268
v 0.025862 0.004873 0.040234
v 0.025928 0.005047 0.040038
v 0.000000 0.007603 0.066450
v 0.003100 0.007603 0.066450
v 0.003268 0.007603 0.066436
v 0.003591 0.007603 0.066296
v 0.026388 0.006196 0.032436
v 0.027086 0.007935 0.033323
v 0.004100 0.007953 0.065387
v 0.004100 0.007603 0.065450
v 0.023901 0.006405 0.028586
v 0.003703 0.007603 0.066248
v 0.003953 0.007603 0.065939
v 0.020553 0.006687 0.081006
v 0.004006 0.007603 0.065874
v 0.021117 -0.000869 0.075578
v 0.020942 -0.001066 0.074680
v -0.023776 0.007402 0.098659
v -0.023762 0.006086 0.098887
v 0.017543 0.007420 0.082157
v 0.021067 0.006506 0.080293
v -0.013200 0.006783 0.077484
v -0.031809 0.006625 0.002034
v -0.032323 0.003328 0.002967
v -0.031887 0.006301 0.002111
v -0.013200 0.006723 0.077373
v 0.000000 -0.002563 0.066450
v 0.003100 -0.002563 0.066450
v 0.000000 0.002520 0.067350
v 0.000000 0.003895 0.067718
v 0.003268 -0.002563 0.066436
v 0.003591 -0.002563 0.066296
v 0.003703 -0.002563 0.066248
v 0.003953 -0.002563 0.065939
v 0.004006 -0.002563 0.065874
v 0.004100 -0.002563 0.065450
v 0.021514 0.005857 0.077927
v 0.021493 0.006326 0.077766
v 0.021398 0.006299 0.079509
v 0.007000 0.005062 0.082600
v 0.017552 0.006940 0.082311
v 0.017560 0.006520 0.082446
v -0.023934 0.004982 0.098966
v -0.024098 0.004972 0.098863
v -0.024211 0.004959 0.098706
v 0.024954 0.005636 0.029083
v -0.001000 0.004979 0.079276
v -0.012200 0.004979 0.079276
v -0.000576 0.004954 0.079185
v -0.012313 0.004977 0.079270
v -0.000202 0.004876 0.078892
v -0.012751 0.004936 0.079116
v -0.000014 0.004763 0.078473
v -0.032366 0.003478 0.003491
v -0.013200 0.005796 0.077971
v -0.013075 0.004845 0.078778
v 0.019138 0.005062 0.082262
v 0.019214 0.005062 0.082246
v 0.000000 0.004720 0.078310
v 0.019850 0.005062 0.081776
v -0.013200 0.005338 0.078119
v 0.020569 0.005062 0.081246
v 0.025568 0.004135 0.031108
v 0.025525 0.004752 0.030000
v 0.017568 0.005062 0.082600
v 0.022018 0.005208 0.027213
v 0.021391 0.005062 0.079777
v 0.021005 0.005062 0.080467
v 0.023234 0.004852 0.027307
v 0.021537 0.005062 0.078100
v 0.021533 0.005440 0.078071
v 0.021398 0.005062 0.079699
v 0.025332 0.003481 0.041803
v -0.023758 0.004983 0.098961
v 0.021526 0.005459 0.078013
v 0.021506 0.000725 0.077869
v 0.021460 0.000158 0.077540
v 0.021423 -0.000050 0.077306
v 0.021361 -0.000391 0.076921
v 0.021285 -0.000587 0.076492
v 0.021209 -0.000781 0.076066
v 0.024624 0.001876 0.044654
v -0.013200 0.004727 0.078336
v 0.024305 0.004056 0.027763
v 0.024614 0.001595 0.043928
v -0.013200 0.004706 0.078238
v 0.021633 0.004292 0.026396
v 0.021456 0.003826 0.025869
v 0.021023 0.002685 0.024579
v 0.020959 0.002495 0.024307
v 0.007000 0.001620 0.082600
v 0.017568 0.001620 0.082600
v 0.019138 0.001620 0.082262
v 0.019214 0.001620 0.082246
v 0.019850 0.001620 0.081776
v 0.020569 0.001620 0.081246
v 0.021005 0.001620 0.080467
v 0.021391 0.001620 0.079777
v 0.021537 0.001620 0.078100
v -0.023750 0.002946 0.099097
v -0.023928 0.002528 0.099067
v -0.001000 0.004160 0.079384
v -0.012200 0.004160 0.079384
v -0.012313 0.002520 0.079594
v -0.024092 0.002528 0.098964
v -0.024205 0.002528 0.098806
v -0.000202 0.002520 0.079203
v -0.000576 0.002520 0.079506
v -0.012751 0.002520 0.079434
v -0.000014 0.002520 0.078768
v 0.022654 0.003418 0.025870
v -0.034700 0.000555 0.042675
v -0.034700 -0.003230 0.034950
v -0.034700 0.000555 0.014825
v -0.034700 -0.003230 0.022550
v -0.013075 0.002520 0.079084
v -0.013200 0.003638 0.078552
v 0.000000 0.002520 0.078600
v 0.025320 0.003483 0.030577
v 0.024875 0.003092 0.028619
v 0.025525 0.004021 0.031015
v 0.000000 0.002520 0.072850
v -0.013200 0.002795 0.078596
v -0.001000 0.002520 0.079600
v -0.012200 0.002520 0.079600
v 0.023739 0.002607 0.026282
v -0.013200 0.002520 0.072850
v -0.013200 0.002520 0.078626
v 0.024867 0.002293 0.029607
v -0.032348 0.003157 0.003017
v -0.032435 0.001353 0.003582
v 0.022174 0.002131 0.024300
v 0.024286 0.000650 0.027927
v 0.024312 0.001573 0.027062
v -0.023751 0.002536 0.099082
v -0.013200 0.002520 0.078598
v 0.023268 0.001312 0.024666
v -0.023751 0.002528 0.099081
v -0.023756 0.000077 0.098990
v -0.023933 0.000080 0.098968
v -0.024098 0.000090 0.098865
v -0.024211 0.000103 0.098708
v -0.024249 0.002028 0.098626
v -0.001000 0.000880 0.079384
v -0.012200 0.000880 0.079384
v -0.000576 0.000086 0.079185
v -0.012313 0.000063 0.079270
v -0.000202 0.000164 0.078892
v -0.012751 0.000104 0.079116
v -0.000014 0.000277 0.078473
v -0.013075 0.000195 0.078778
v 0.000000 0.000320 0.078310
v -0.013200 0.002428 0.078600
v -0.013200 0.000313 0.078336
v -0.013200 0.001145 0.072482
v 0.000000 0.001145 0.072482
v -0.013200 0.001145 0.067718
v 0.000000 0.001145 0.067718
v 0.020768 0.001930 0.023501
v -0.013200 0.000330 0.078252
v 0.023296 -0.002697 0.048058
v 0.024545 0.001383 0.044140
v 0.023948 -0.000446 0.045975
v 0.023617 -0.001462 0.046994
v 0.023396 -0.002315 0.047728
v 0.021787 0.000992 0.022591
v 0.020587 0.001396 0.022738
v -0.024257 0.000120 0.098496
v 0.020564 0.001319 0.022596
v 0.020267 0.000311 0.020748
v 0.020250 0.000255 0.020646
v 0.007000 -0.000501 0.082244
v 0.017562 0.000412 0.082474
v 0.019135 0.000434 0.082163
v 0.019897 0.000496 0.081737
v 0.020562 0.000592 0.081142
v 0.021076 0.000717 0.080418
v 0.021408 0.000860 0.079620
v 0.021521 0.000904 0.077973
v 0.024249 0.000545 0.027820
v 0.023847 0.000223 0.025358
v -0.036574 0.000556 0.014864
v -0.036390 0.000556 0.042637
v -0.032103 -0.005047 0.000000
v -0.032325 -0.003288 0.002966
v -0.032495 -0.000540 0.003822
v -0.032073 -0.005042 0.002460
v -0.032316 -0.003432 0.002921
v 0.021488 0.000012 0.020751
v 0.022885 0.000172 0.022909
v -0.013200 -0.000137 0.078174
v -0.013200 -0.003430 0.076050
v -0.013200 -0.002577 0.076902
v -0.013200 -0.001682 0.077369
v -0.013200 -0.004282 0.075197
v -0.013200 0.000138 0.071475
v 0.000000 0.000138 0.071475
v 0.000000 -0.003490 0.076110
v 0.000000 -0.001730 0.077461
v -0.013200 0.000138 0.068725
v 0.000000 0.000138 0.068725
v 0.000000 -0.003264 0.066323
v 0.021387 0.000134 0.079387
v -0.001000 0.000061 0.079276
v -0.012200 0.000061 0.079276
v 0.021056 -0.000145 0.080147
v -0.030500 -0.001122 0.006819
v -0.030500 -0.000037 0.005493
v -0.013500 -0.000037 0.005493
v -0.013500 -0.000411 0.004528
v -0.013500 0.000396 0.002662
v 0.020542 -0.000389 0.080840
v -0.036390 -0.000643 0.042626
v -0.036574 -0.000586 0.014869
v -0.036404 -0.002699 0.042298
v -0.034700 -0.003743 0.042007
v -0.034700 -0.003743 0.015493
v -0.034700 -0.006146 0.021758
v 0.020289 0.000444 0.001591
v 0.020289 0.000548 0.001925
v 0.021019 0.000455 0.001988
v 0.020289 0.000396 0.002662
v 0.021008 0.000413 0.002360
v 0.023827 -0.000772 0.026118
v -0.036495 0.000328 0.030257
v -0.036495 0.000508 0.029155
v -0.036495 0.000441 0.027698
v -0.036494 -0.007248 0.029595
v 0.019878 -0.000578 0.081413
v 0.021682 0.000142 0.002338
v 0.021701 0.000175 0.001967
v 0.021005 0.000399 0.001589
v 0.020289 0.000324 0.001207
v -0.036496 0.000329 0.027245
v 0.017562 0.000277 0.082460
v 0.019117 -0.000699 0.081827
v 0.021497 0.000066 0.002654
v 0.021026 0.000285 0.002679
v 0.021670 0.000121 0.001573
v 0.020961 0.000236 0.001207
v 0.020096 -0.000336 0.004393
v 0.020135 -0.000175 0.003929
v -0.036496 0.000273 0.030592
v -0.036501 -0.000486 0.025134
v -0.036497 0.000137 0.026466
v 0.020289 0.000018 0.000916
v -0.013200 -0.000756 0.077971
v 0.021309 -0.000635 0.004381
v 0.017548 -0.000488 0.082205
v -0.000014 -0.001814 0.077607
v -0.036498 -0.000254 0.031949
v 0.020092 -0.000359 0.019110
v 0.021272 -0.000777 0.018829
v 0.021585 -0.000028 0.001196
v 0.020892 -0.000024 0.000886
v 0.023748 -0.001019 0.025800
v 0.023472 -0.000960 0.023503
v -0.012751 -0.002147 0.078184
v -0.013075 -0.001972 0.077880
v 0.022260 -0.000277 0.002279
v 0.022276 -0.000259 0.001915
v 0.022586 -0.000806 0.021016
v -0.000202 -0.002031 0.077983
v 0.021348 -0.000542 0.079007
v 0.021611 0.000013 0.002648
v 0.021899 -0.000121 0.002633
v -0.013200 -0.005980 0.070100
v -0.013200 -0.005615 0.072287
v -0.013200 -0.000230 0.070100
v -0.013200 -0.004755 0.074304
v 0.000000 -0.000230 0.070100
v 0.000000 -0.005690 0.072300
v 0.000000 -0.004841 0.074350
v -0.013200 -0.005549 0.062523
v -0.013200 -0.004831 0.063167
v 0.000000 -0.003875 0.065960
v 0.021016 -0.000949 0.079705
v 0.022226 -0.000312 0.001532
v -0.024262 -0.001004 0.098420
v -0.012313 -0.002227 0.078322
v -0.024229 -0.002290 0.098414
v -0.024116 -0.002317 0.098570
v -0.023952 -0.002335 0.098671
v -0.000576 -0.002183 0.078245
v -0.023775 -0.002338 0.098675
v -0.023757 -0.000132 0.098983
v -0.012200 -0.002230 0.078327
v -0.001000 -0.002230 0.078327
v -0.032366 -0.003438 0.003491
v 0.020289 -0.000222 0.000689
v 0.021452 -0.000260 0.000881
v 0.020807 -0.000344 0.000659
v 0.022103 -0.000439 0.001169
v -0.030500 -0.000729 0.006034
v -0.013500 -0.000729 0.006034
v 0.021289 -0.001136 0.078505
v 0.022167 -0.000372 0.002590
v 0.020503 -0.001303 0.080347
v -0.013500 -0.000950 0.000500
v 0.020289 -0.000950 0.000500
v 0.000000 -0.005980 0.070100
v -0.036502 -0.000937 0.032990
v 0.022709 -0.000802 0.002193
v 0.022712 -0.000800 0.001839
v 0.021918 -0.000630 0.000866
v 0.021289 -0.000547 0.000657
v 0.022639 -0.000847 0.001473
v 0.020084 -0.000386 0.004537
v 0.020911 -0.001102 0.000500
v 0.020062 -0.000478 0.018813
v 0.022589 -0.000769 0.002522
v 0.019950 -0.000939 0.006132
v 0.021106 -0.002001 0.077222
v 0.020010 -0.000681 0.018307
v 0.019921 -0.001079 0.016813
v 0.019868 -0.001313 0.015932
v 0.019834 -0.001480 0.014744
v -0.013500 -0.001122 0.006819
v 0.019938 -0.000995 0.006383
v 0.019838 -0.001457 0.008452
v 0.019838 -0.001457 0.008449
v 0.022485 -0.000946 0.001130
v -0.036503 -0.000949 0.024521
v 0.017544 -0.000734 0.082123
v 0.007000 -0.002756 0.080906
v 0.017496 -0.002348 0.081248
v 0.017515 -0.001803 0.081579
v 0.017538 -0.001116 0.081996
v 0.020956 -0.001652 0.079119
v 0.021693 -0.000864 0.000652
v 0.020950 -0.001136 0.000500
v 0.019841 -0.001578 0.080883
v -0.036573 -0.002639 0.015188
v 0.022263 -0.001089 0.000845
v 0.021148 -0.001272 0.006372
v 0.022241 -0.002086 0.006210
v 0.022405 -0.001451 0.004160
v 0.021124 -0.001374 0.016830
v 0.019082 -0.001755 0.081277
v -0.013200 -0.001743 0.077484
v 0.022593 -0.000778 0.002520
v 0.022368 -0.001593 0.019038
v 0.022632 -0.000850 0.002506
v 0.023016 -0.001396 0.002087
v 0.022999 -0.001403 0.001747
v 0.022945 -0.001426 0.002393
v 0.023182 -0.001969 0.021505
v 0.022902 -0.001439 0.001402
v 0.021996 -0.001261 0.000644
v 0.021408 -0.001535 0.000500
v 0.020849 -0.002347 0.075768
v -0.036502 -0.001067 0.033189
v -0.036505 -0.001357 0.023980
v 0.022726 -0.001504 0.001083
v 0.020443 -0.002103 0.079690
v 0.020289 -0.000950 0.000000
v -0.020446 -0.024825 0.000000
v -0.020716 -0.024700 0.000000
v 0.000000 -0.008500 0.000000
v -0.000750 -0.008701 0.000000
v -0.017500 -0.024980 0.000000
v -0.019430 -0.024980 0.000000
v -0.021365 -0.024400 0.000000
v -0.021910 -0.023984 0.000000
v -0.023794 -0.022118 0.000000
v -0.027677 -0.017016 0.000000
v -0.030483 -0.011251 0.000000
v 0.020910 -0.001103 0.000000
v -0.009500 -0.028980 0.000000
v 0.001500 -0.010000 0.000000
v 0.001299 -0.009250 0.000000
v 0.000750 -0.008701 0.000000
v 0.000750 -0.011299 0.000000
v 0.001299 -0.010750 0.000000
v 0.023364 -0.002377 0.023552
v 0.023466 -0.002016 0.024149
v -0.024275 -0.002255 0.098204
v 0.020726 -0.002496 0.075129
v -0.036506 -0.002124 0.034229
v 0.022582 -0.002120 0.000793
v 0.020916 -0.001105 0.000000
v 0.021406 -0.001537 0.000000
v 0.019819 -0.001550 0.009351
v 0.020604 -0.002749 0.074566
v 0.020870 -0.002235 0.078408
v 0.021451 -0.001611 0.000500
v 0.022289 -0.002166 0.000623
v 0.021662 -0.002265 0.000500
v 0.021581 -0.001839 0.000500
v 0.021046 -0.001713 0.008443
v 0.022135 -0.002525 0.008341
v -0.036510 -0.002497 0.022994
v 0.021032 -0.001774 0.014755
v 0.022216 -0.002187 0.016981
v 0.023047 -0.001615 0.002356
v 0.023142 -0.002033 0.001647
v 0.023026 -0.002051 0.001326
v 0.022851 -0.003280 0.005918
v 0.023008 -0.002631 0.003758
v 0.019821 -0.001542 0.014302
v 0.022834 -0.002081 0.001033
v 0.021415 -0.001545 0.000000
v 0.019796 -0.001667 0.013411
v 0.021545 -0.001854 0.000000
v 0.019795 -0.001674 0.010547
v 0.020996 -0.001945 0.010542
v 0.019793 -0.001680 0.012645
v 0.020499 -0.003096 0.074085
v 0.019784 -0.002454 0.080175
v 0.019787 -0.001710 0.010901
v 0.022972 -0.002776 0.019419
v 0.023125 -0.002036 0.002268
v 0.020991 -0.001965 0.012647
v 0.022083 -0.002756 0.010504
v -0.013200 -0.002690 0.076849
v 0.019030 -0.002682 0.080542
v 0.022121 -0.002586 0.014845
v -0.000014 -0.003609 0.076229
v 0.021692 -0.002203 0.000000
v 0.021683 -0.002581 0.000000
v 0.022078 -0.002776 0.012673
v 0.023285 -0.002695 0.022855
v 0.023193 -0.003071 0.022033
v 0.023084 -0.003512 0.021066
v -0.012751 -0.004080 0.076700
v -0.013075 -0.003833 0.076453
v 0.020838 -0.002410 0.075776
v 0.020637 -0.002951 0.076767
v 0.020762 -0.002671 0.077615
v 0.022926 -0.004299 0.049321
v 0.023078 -0.003539 0.048783
v -0.000202 -0.003917 0.076537
v 0.023213 -0.002515 0.002168
v 0.023149 -0.002662 0.001545
v 0.023127 -0.002051 0.002265
v 0.022823 -0.002649 0.000983
v 0.022751 -0.003728 0.008162
v 0.019704 -0.003181 0.079313
v 0.020358 -0.002766 0.078892
v 0.022404 -0.003125 0.000701
v 0.022666 -0.003186 0.000970
v -0.036508 -0.003237 0.034938
v -0.012313 -0.004193 0.076813
v 0.022191 -0.003075 0.000642
v 0.021674 -0.002953 0.000500
v 0.021722 -0.002582 0.000500
v -0.000576 -0.004131 0.076751
v 0.022827 -0.003384 0.017251
v -0.012200 -0.004197 0.076818
v -0.001000 -0.004197 0.076818
v -0.024294 -0.004000 0.097902
v -0.024147 -0.004692 0.098081
v -0.024260 -0.004653 0.097928
v -0.023982 -0.004720 0.098180
v 0.020412 -0.003528 0.073685
v -0.023782 -0.003092 0.098570
v -0.023780 -0.002821 0.098608
v 0.017474 -0.002733 0.080881
v 0.020437 -0.003026 0.075911
v 0.018958 -0.003455 0.079644
v 0.020262 -0.003420 0.074962
v -0.036512 -0.003249 0.022586
v 0.023198 -0.002663 0.002136
v 0.022701 -0.003962 0.010437
v 0.003268 -0.003259 0.066310
v 0.003100 -0.003264 0.066323
v 0.003703 -0.003193 0.066134
v 0.004006 -0.003062 0.065784
v 0.004100 -0.002913 0.065387
v 0.021674 -0.002953 0.000000
v 0.022738 -0.003789 0.015002
v 0.023031 -0.003765 0.003324
v 0.023134 -0.003297 0.002000
v 0.022935 -0.004199 0.004552
v -0.036571 -0.003731 0.015531
v 0.022938 -0.003251 0.001250
v 0.022992 -0.003263 0.001455
v 0.020251 -0.003260 0.077998
v 0.017473 -0.002752 0.080862
v 0.017439 -0.003339 0.080302
v -0.013200 -0.003509 0.076129
v -0.036417 -0.003730 0.041969
v 0.022697 -0.003982 0.012718
v 0.007000 -0.004299 0.078785
v 0.017365 -0.004103 0.079181
v 0.017418 -0.003558 0.079981
v 0.019603 -0.003726 0.078344
v 0.022998 -0.003915 0.019829
v -0.023807 -0.004722 0.098175
v 0.004094 -0.003236 0.065224
v 0.004100 -0.003219 0.065205
v 0.020126 -0.003577 0.077040
v 0.021123 -0.006702 0.000500
v 0.021105 -0.006039 0.000000
v 0.019991 -0.003710 0.076061
v 0.019752 -0.004011 0.075350
v 0.004006 -0.003497 0.065525
v 0.021567 -0.006745 0.000601
v 0.020078 -0.004045 0.074298
v 0.018868 -0.004039 0.078630
v 0.022078 -0.006799 0.000934
v 0.003703 -0.003743 0.065807
v 0.004100 -0.004439 0.063947
v 0.004100 -0.004352 0.063875
v 0.020295 -0.004602 0.073123
v -0.036508 -0.003356 0.035014
v -0.034700 -0.006146 0.035742
v -0.036514 -0.003824 0.022273
v -0.036517 -0.005114 0.021885
v 0.003212 -0.003869 0.065952
v 0.003268 -0.003866 0.065949
v 0.019486 -0.004077 0.077301
v 0.022414 -0.006834 0.001445
v 0.003100 -0.003875 0.065960
v 0.022887 -0.004445 0.005603
v 0.022813 -0.004825 0.007224
v 0.022560 -0.006852 0.002000
v -0.036509 -0.004724 0.035526
v 0.022791 -0.004945 0.015641
v 0.022865 -0.004554 0.017544
v 0.022899 -0.004374 0.018419
v 0.019565 -0.004496 0.074869
v -0.013200 -0.004266 0.075262
v -0.031846 -0.006718 0.002560
v -0.031971 -0.006868 0.003085
v -0.018300 -0.006980 0.045300
v -0.018300 -0.003480 0.045300
v -0.018300 -0.003480 0.049700
v -0.018300 -0.004549 0.049860
v -0.018090 -0.004674 0.049700
v 0.003890 -0.004674 0.049700
v -0.017831 -0.005230 0.045300
v 0.003631 -0.005230 0.042300
v 0.003975 -0.004802 0.064226
v 0.022747 -0.005202 0.049960
v 0.022570 -0.006456 0.050625
v 0.022474 -0.007461 0.050993
v 0.022536 -0.006694 0.050751
v 0.019961 -0.004880 0.073878
v 0.019316 -0.004162 0.076233
v -0.032194 -0.007031 0.003573
v -0.000014 -0.004987 0.074434
v 0.019104 -0.004476 0.075701
v 0.018763 -0.004421 0.077533
v 0.022797 -0.004917 0.007967
v 0.022753 -0.005166 0.009984
v -0.036429 -0.004700 0.041660
v -0.036569 -0.004641 0.015817
v -0.034700 -0.007625 0.040045
v -0.036457 -0.006560 0.040741
v -0.034700 -0.007625 0.017455
v 0.003651 -0.005080 0.064440
v 0.022745 -0.005209 0.012818
v 0.022784 -0.004989 0.015175
v -0.012751 -0.005564 0.074767
v -0.013075 -0.005260 0.074592
v 0.003213 -0.005206 0.064537
v 0.003100 -0.005211 0.064541
v 0.000000 -0.005766 0.063738
v -0.017300 -0.004831 0.063167
v -0.017468 -0.004824 0.063155
v -0.017903 -0.004736 0.062989
v -0.018206 -0.004561 0.062658
v -0.018300 -0.004362 0.062284
v -0.000202 -0.005363 0.074651
v 0.022752 -0.005171 0.010364
v -0.024305 -0.004603 0.097733
v 0.018906 -0.004847 0.075353
v 0.017351 -0.004190 0.078976
v 0.017337 -0.004275 0.078775
v 0.017286 -0.004581 0.078049
v 0.019447 -0.005124 0.074566
v 0.018708 -0.004569 0.076388
v -0.012313 -0.005702 0.074847
v -0.001000 -0.004700 0.076163
v -0.000576 -0.005625 0.074803
v 0.018368 -0.004788 0.075993
v -0.012200 -0.004700 0.076163
v 0.022462 -0.007460 0.002000
v -0.013200 -0.004864 0.074363
v 0.017188 -0.004852 0.076707
v 0.017273 -0.004617 0.077869
v 0.004100 -0.004916 0.063211
v -0.018300 -0.006779 0.064250
v -0.018300 -0.004722 0.061961
v -0.018300 -0.006230 0.064799
v -0.018206 -0.005073 0.062199
v 0.020241 -0.005847 0.072922
v 0.018646 -0.004580 0.076401
v 0.017895 -0.004720 0.076558
v 0.004100 -0.004939 0.063225
v 0.018152 -0.005076 0.075719
v 0.018784 -0.005312 0.075134
v -0.018300 -0.014042 0.052733
v -0.018300 -0.014738 0.053961
v -0.018300 -0.004763 0.049952
v -0.017903 -0.005382 0.062409
v 0.017600 -0.004941 0.076212
v 0.020234 -0.005847 0.072998
v 0.019845 -0.005847 0.073684
v -0.024757 -0.007872 0.092193
v -0.024692 -0.007762 0.092762
v -0.024348 -0.006927 0.097080
v -0.024293 -0.006983 0.097242
v -0.036561 -0.006513 0.016732
v -0.024271 -0.007004 0.097304
v -0.018300 -0.005781 0.050389
v -0.017764 -0.005187 0.049700
v 0.003564 -0.005187 0.049700
v -0.024266 -0.007006 0.097308
v -0.024181 -0.007033 0.097383
v -0.024090 -0.007062 0.097463
v -0.001000 -0.005707 0.074850
v -0.012200 -0.005707 0.074850
v -0.023827 -0.005992 0.097867
v -0.024024 -0.007069 0.097479
v -0.024081 -0.007063 0.097465
v -0.018300 -0.006980 0.063500
v -0.018300 -0.005418 0.060733
v -0.036510 -0.006147 0.035738
v -0.017468 -0.005538 0.062515
v 0.004100 -0.004759 0.049926
v 0.004100 -0.005260 0.062410
v -0.013200 -0.005519 0.072861
v -0.013200 -0.005376 0.073317
v 0.003075 -0.005955 0.049700
v 0.004100 -0.005980 0.050501
v -0.018300 -0.015098 0.054283
v 0.017365 -0.005179 0.075954
v 0.004100 -0.005364 0.062456
v 0.003975 -0.005775 0.062657
v -0.017300 -0.005549 0.062523
v 0.018078 -0.005246 0.075620
v 0.017085 -0.004868 0.076599
v 0.016898 -0.004959 0.076399
v 0.017022 -0.004883 0.076535
v 0.019408 -0.005847 0.074457
v 0.016606 -0.005180 0.076071
v 0.016636 -0.005122 0.076112
v 0.016864 -0.004981 0.076362
v -0.000014 -0.005853 0.072343
v -0.031893 -0.006232 0.002119
v -0.031810 -0.006585 0.002034
v -0.030944 -0.009845 0.001332
v -0.031318 -0.008666 0.001534
v -0.017903 -0.006141 0.061069
v -0.018206 -0.005802 0.060912
v 0.003651 -0.006090 0.062811
v -0.036518 -0.006148 0.021781
v 0.018691 -0.005847 0.074983
v 0.016468 -0.005452 0.075881
v 0.016528 -0.005333 0.075965
v 0.016459 -0.005523 0.075867
v -0.017275 -0.005955 0.049700
v 0.003100 -0.005725 0.063712
v 0.003213 -0.006233 0.062881
v -0.016550 -0.006511 0.045300
v 0.002350 -0.006511 0.042300
v 0.018025 -0.005435 0.075544
v 0.004094 -0.005972 0.060811
v 0.004100 -0.005948 0.060804
v 0.004100 -0.005980 0.060553
v -0.013075 -0.006158 0.072425
v -0.012751 -0.006496 0.072516
v 0.018056 -0.005847 0.075449
v -0.000202 -0.006272 0.072456
v -0.013200 -0.005715 0.072307
v -0.017468 -0.006311 0.061148
v -0.018300 -0.005906 0.059409
v 0.017995 -0.005636 0.075497
v -0.022500 -0.006230 0.064799
v 0.016440 -0.005667 0.075837
v -0.017300 -0.006324 0.061154
v -0.013200 -0.005980 0.061826
v -0.012313 -0.006650 0.072557
v -0.000576 -0.006565 0.072534
v 0.017981 -0.005847 0.075465
v 0.016417 -0.005847 0.075800
v -0.012200 -0.006340 0.073322
v -0.001000 -0.006340 0.073322
v -0.013200 -0.006006 0.070100
v -0.013114 -0.006320 0.070100
v 0.003100 -0.006238 0.062884
v 0.000000 -0.005980 0.063376
v 0.004006 -0.006358 0.060911
v -0.018300 -0.005980 0.050501
v -0.018206 -0.006314 0.059524
v -0.017903 -0.006674 0.059624
v 0.007000 -0.024480 0.075800
v 0.016417 -0.024480 0.075800
v 0.017991 -0.024480 0.075463
v 0.018056 -0.024480 0.075449
v 0.018704 -0.024480 0.074973
v 0.019408 -0.024480 0.074457
v 0.019859 -0.024480 0.073661
v 0.020234 -0.024480 0.072998
v 0.020244 -0.024480 0.072891
v 0.020390 -0.024480 0.071329
v -0.000087 -0.006315 0.070100
v -0.000014 -0.006148 0.070100
v -0.018300 -0.006980 0.058500
v -0.018300 -0.005980 0.058870
v -0.018224 -0.006323 0.058870
v -0.016507 -0.006444 0.049700
v -0.017070 -0.006980 0.050372
v -0.017300 -0.006980 0.050501
v -0.017644 -0.006909 0.050656
v -0.018231 -0.006325 0.050658
v -0.018124 -0.006508 0.050696
v -0.018008 -0.006686 0.050736
v 0.004022 -0.006315 0.050647
v 0.003998 -0.006421 0.050694
v 0.003802 -0.006677 0.050727
v 0.003800 -0.006680 0.050728
v 0.003764 -0.006728 0.050734
v 0.003446 -0.006915 0.050662
v 0.003432 -0.006923 0.050658
v 0.002307 -0.006444 0.049700
v 0.004025 -0.006316 0.060553
v -0.000094 -0.006316 0.062681
v -0.013199 -0.006031 0.061735
v -0.018300 -0.007181 0.057750
v -0.018300 -0.008480 0.057000
v -0.018300 -0.007730 0.057201
v -0.023849 -0.007087 0.097520
v -0.013102 -0.006313 0.061132
v 0.020946 -0.008129 0.000000
v 0.003268 -0.006902 0.061053
v 0.003703 -0.006720 0.061006
v -0.017468 -0.006855 0.059675
v -0.036510 -0.006186 0.035744
v -0.036510 -0.007643 0.035653
v -0.034700 -0.009125 0.035231
v -0.034700 -0.010712 0.036981
v -0.034700 -0.009125 0.022269
v -0.036517 -0.007851 0.021886
v -0.036518 -0.006463 0.021750
v -0.013075 -0.006464 0.070100
v -0.012886 -0.006668 0.070100
v -0.036501 -0.012460 0.025054
v -0.022500 -0.006779 0.064250
v -0.022500 -0.009731 0.086710
v 0.003212 -0.006906 0.061054
v 0.003100 -0.006915 0.061056
v -0.000308 -0.006669 0.070100
v -0.000202 -0.006583 0.070100
v -0.017300 -0.006869 0.059679
v -0.013021 -0.006551 0.060625
v -0.017989 -0.006672 0.058870
v -0.018206 -0.006404 0.058870
v -0.000145 -0.006499 0.062304
v 0.004006 -0.006404 0.060553
v -0.018222 -0.006367 0.050677
v -0.001000 -0.006656 0.072559
v -0.012200 -0.006656 0.072559
v 0.003791 -0.006668 0.060553
v -0.015994 -0.006770 0.049700
v -0.016084 -0.006980 0.049954
v 0.003100 -0.006980 0.050501
v 0.001794 -0.006770 0.049700
v -0.012751 -0.006814 0.070100
v -0.012537 -0.006892 0.070100
v -0.000314 -0.006666 0.061828
v -0.014800 -0.006980 0.045300
v 0.000600 -0.006980 0.042300
v -0.036554 -0.007604 0.017485
v -0.012889 -0.006667 0.060280
v -0.036473 -0.007603 0.040014
v -0.036295 -0.028724 0.044378
v -0.036473 -0.028557 0.040085
v -0.036365 -0.028658 0.042691
v -0.000657 -0.006904 0.070100
v -0.000576 -0.006886 0.070100
v -0.031039 -0.009999 0.002123
v -0.012313 -0.006974 0.070100
v -0.012200 -0.006980 0.070100
v -0.001000 -0.006980 0.070100
v -0.000491 -0.006841 0.061326
v -0.012658 -0.006869 0.059679
v 0.003703 -0.006778 0.060553
v -0.017903 -0.006778 0.058870
v -0.017635 -0.006893 0.058870
v -0.017695 -0.006899 0.050679
v 0.020914 -0.008127 0.000500
v -0.031343 -0.010218 0.002905
v 0.003437 -0.006893 0.060553
v 0.002500 -0.007730 0.029532
v 0.021924 -0.010448 0.000934
v 0.021411 -0.010455 0.000601
v 0.020953 -0.010461 0.000500
v -0.014800 -0.006980 0.049700
v -0.015844 -0.006980 0.049852
v 0.000839 -0.006980 0.049708
v 0.000600 -0.006980 0.049700
v 0.001871 -0.006980 0.049924
v 0.001873 -0.006980 0.049924
v -0.022500 -0.006980 0.063500
v -0.022500 -0.031480 0.064526
v 0.022262 -0.010443 0.001445
v -0.000647 -0.006915 0.061056
v -0.017468 -0.006966 0.058870
v -0.017300 -0.006980 0.058870
v -0.032034 -0.008770 0.003538
v -0.012540 -0.006897 0.059471
v -0.000654 -0.006917 0.061046
v 0.003268 -0.006966 0.060553
v -0.012200 -0.006980 0.058870
v 0.003100 -0.006980 0.060553
v -0.001000 -0.006980 0.060553
v -0.024298 -0.007104 0.097111
v -0.022500 -0.006980 0.058500
v -0.022500 -0.029980 0.057000
v -0.022500 -0.008480 0.057000
v -0.022500 -0.007181 0.057750
v -0.018300 -0.012380 0.042300
v -0.018300 -0.006980 0.042300
v -0.018300 -0.013480 0.050870
v -0.018300 -0.013554 0.051409
v -0.004500 -0.007130 0.042300
v -0.004500 -0.012380 0.042300
v -0.024229 -0.007147 0.097286
v -0.024066 -0.007147 0.097439
v -0.023849 -0.007147 0.097495
v -0.024286 -0.007146 0.097118
v -0.024708 -0.008052 0.092222
v -0.004500 -0.012380 0.045300
v -0.004500 -0.007130 0.045300
v 0.007000 -0.012380 0.045300
v -0.024279 -0.007170 0.097123
v -0.024595 -0.008218 0.092243
v -0.023849 -0.007232 0.097426
v -0.023995 -0.007325 0.097311
v -0.024186 -0.007262 0.097134
v -0.024105 -0.007325 0.097207
v -0.022500 -0.007730 0.057201
v -0.023849 -0.007325 0.097348
v -0.022500 -0.007355 0.097304
v -0.036514 -0.009122 0.022279
v -0.036514 -0.009224 0.022310
v -0.036510 -0.010360 0.022924
v -0.036506 -0.011472 0.023843
v -0.036506 -0.011596 0.023999
v -0.036502 -0.012373 0.024971
v -0.036501 -0.012428 0.025024
v -0.024127 -0.007320 0.097141
v -0.024097 -0.007350 0.097145
v -0.024426 -0.008327 0.092248
v -0.023849 -0.007347 0.097301
v -0.023932 -0.007395 0.097142
v -0.024025 -0.007370 0.097144
v -0.024054 -0.007362 0.097144
v 0.022460 -0.007626 0.051046
v -0.023849 -0.007418 0.097141
v 0.022408 -0.008271 0.051249
v -0.024248 -0.008363 0.092238
v 0.022393 -0.008842 0.051309
v 0.022365 -0.009862 0.051417
v 0.022410 -0.008233 0.051178
v 0.022393 -0.011375 0.051309
v 0.022455 -0.010442 0.002000
v 0.022370 -0.010094 0.051400
v -0.036475 -0.007731 0.039925
v -0.036474 -0.028556 0.039925
v -0.036549 -0.008234 0.017921
v -0.036502 -0.009795 0.038104
v -0.036483 -0.008283 0.039540
v -0.034700 -0.010712 0.020519
v -0.036509 -0.009048 0.035262
v -0.013500 -0.009230 0.030058
v -0.013500 -0.008462 0.028800
v 0.002500 -0.008462 0.028800
v -0.025267 -0.008989 0.087352
v 0.020877 -0.009031 0.000000
v -0.025248 -0.009056 0.087362
v -0.025157 -0.009146 0.087367
v -0.025156 -0.009148 0.087367
v -0.036536 -0.009757 0.019354
v -0.024996 -0.009256 0.087366
v -0.025000 -0.009255 0.087366
v -0.025067 -0.009236 0.087372
v -0.024823 -0.009305 0.087351
v -0.013500 -0.009337 0.029800
v -0.013500 -0.008730 0.027800
v 0.002500 -0.008730 0.027800
v 0.002500 -0.008998 0.028800
v -0.018300 -0.029980 0.057000
v -0.018300 -0.028394 0.054400
v -0.018300 -0.015566 0.054400
v 0.000000 -0.010000 0.001000
v -0.000750 -0.008701 0.001000
v 0.000000 -0.008500 0.001000
v 0.000750 -0.008701 0.001000
v -0.001299 -0.009250 0.001000
v -0.001299 -0.009250 0.000000
v 0.001299 -0.009250 0.001000
v -0.013500 -0.008730 0.007000
v -0.009500 -0.008730 0.008500
v -0.013500 -0.009480 0.029800
v 0.011500 -0.008730 0.008500
v 0.011500 -0.008730 0.027800
v 0.013875 -0.009049 0.027800
v 0.013804 -0.009307 0.028800
v 0.011500 -0.008998 0.028800
v -0.009500 -0.008730 0.007000
v -0.009500 -0.008882 0.007735
v 0.011500 -0.008932 0.007748
v 0.013875 -0.009049 0.008500
v -0.009500 -0.009407 0.007000
v -0.013500 -0.009480 0.007000
v -0.009500 -0.009316 0.007086
v -0.031854 -0.010483 0.003554
v 0.011500 -0.008998 0.007500
v 0.013804 -0.009307 0.007500
v -0.025385 -0.009374 0.086645
v -0.025224 -0.009272 0.087034
v 0.002500 -0.009730 0.029532
v 0.013611 -0.010014 0.029532
v 0.011500 -0.009730 0.029532
v 0.011500 -0.009364 0.007134
v 0.020923 -0.012102 0.000000
v -0.036509 -0.009121 0.035224
v 0.015332 -0.009587 0.027800
v 0.015218 -0.009829 0.028800
v 0.015332 -0.009587 0.008500
v -0.036507 -0.010359 0.034577
v -0.034700 -0.011610 0.033512
v -0.034700 -0.011610 0.023988
v -0.025061 -0.009371 0.087064
v -0.001500 -0.010000 0.001000
v -0.001500 -0.010000 0.000000
v 0.001500 -0.010000 0.001000
v -0.017500 -0.028980 0.000000
v -0.024884 -0.009431 0.087069
v -0.025272 -0.009486 0.086746
v -0.025111 -0.009565 0.086805
v 0.014906 -0.010491 0.029532
v 0.015218 -0.009829 0.007500
v 0.013611 -0.010014 0.006768
v 0.002500 -0.010730 0.029800
v 0.011500 -0.009730 0.006768
v -0.024888 -0.009440 0.087049
v -0.024912 -0.009488 0.086939
v -0.024935 -0.009616 0.086836
v -0.025440 -0.010108 0.086290
v -0.025307 -0.009782 0.086537
v -0.009853 -0.012199 0.007000
v -0.009500 -0.011345 0.007000
v -0.009500 -0.010730 0.006500
v -0.009500 -0.009965 0.006652
v -0.017500 -0.031480 0.029800
v -0.017500 -0.025480 0.029400
v -0.017500 -0.009480 0.029800
v -0.017500 -0.013480 0.029400
v -0.017500 -0.011730 0.028931
v -0.017500 -0.009980 0.025900
v -0.017500 -0.009480 0.007000
v -0.017500 -0.010449 0.027650
v -0.017500 -0.009980 0.007000
v -0.014500 -0.009980 0.007000
v -0.010100 -0.013480 0.007000
v -0.009940 -0.012411 0.007000
v -0.025149 -0.009832 0.086617
v -0.024981 -0.009870 0.086631
v -0.024958 -0.009747 0.086730
v 0.016675 -0.010367 0.027800
v 0.016521 -0.010586 0.028800
v 0.016675 -0.010367 0.008500
v 0.013347 -0.010978 0.029800
v 0.011500 -0.010730 0.029800
v 0.011500 -0.009978 0.006702
v -0.022500 -0.010154 0.086549
v -0.036527 -0.010687 0.020539
v -0.036570 -0.028460 0.015702
v -0.025168 -0.010145 0.086521
v -0.025325 -0.010129 0.086431
v -0.036508 -0.010686 0.036960
v 0.016100 -0.011185 0.029532
v 0.016521 -0.010586 0.007500
v 0.014906 -0.010491 0.006768
v -0.024993 -0.010158 0.086576
v -0.030593 -0.010949 0.001144
v 0.011500 -0.010730 0.006500
v 0.013347 -0.010978 0.006500
v 0.000753 -0.009980 0.012100
v -0.009846 -0.009980 0.009216
v -0.009948 -0.009980 0.009456
v -0.000930 -0.009980 0.023300
v -0.010100 -0.009980 0.010500
v -0.010100 -0.010190 0.009306
v -0.009428 -0.009980 0.008230
v -0.010100 -0.010516 0.008793
v -0.010100 -0.010516 0.027607
v -0.009142 -0.010037 0.028732
v -0.009299 -0.009980 0.028400
v -0.010100 -0.010190 0.027094
v -0.009876 -0.009980 0.027173
v -0.000930 -0.009980 0.028400
v -0.000930 -0.009994 0.028568
v -0.000121 -0.010091 0.028400
v -0.000329 -0.010063 0.023640
v -0.010100 -0.009980 0.025900
v -0.014500 -0.009980 0.010500
v -0.010092 -0.009980 0.026139
v 0.010300 -0.009980 0.023300
v 0.010300 -0.009980 0.012100
v -0.009876 -0.009980 0.027171
v 0.010300 -0.010068 0.023637
v 0.010300 -0.009986 0.023413
v 0.012759 -0.010304 0.012100
v 0.012759 -0.010304 0.023300
v 0.000753 -0.009980 0.008000
v 0.001246 -0.010043 0.011754
v 0.010300 -0.010056 0.011757
v -0.014500 -0.010449 0.008750
v -0.009299 -0.009980 0.008000
v 0.000753 -0.009994 0.007832
v -0.009144 -0.010051 0.007656
v -0.010100 -0.011005 0.008025
v 0.001254 -0.010054 0.007887
v 0.001256 -0.010045 0.008000
v -0.014500 -0.013480 0.007000
v -0.014500 -0.011730 0.007469
v 0.012757 -0.010310 0.023413
v -0.009138 -0.010045 0.028746
v -0.000930 -0.010067 0.028737
v -0.000125 -0.010105 0.028568
v 0.001253 -0.010058 0.007832
v 0.000753 -0.010066 0.007665
v -0.030525 -0.011591 0.002045
v -0.030962 -0.011839 0.002950
v -0.001299 -0.010750 0.001000
v -0.001299 -0.010750 0.000000
v 0.001299 -0.010750 0.001000
v 0.000750 -0.011299 0.001000
v 0.000000 -0.011500 0.001000
v -0.000750 -0.011299 0.001000
v 0.014480 -0.011396 0.029800
v -0.010100 -0.011005 0.028375
v 0.001256 -0.010045 0.011747
v 0.002010 -0.010274 0.011393
v 0.010300 -0.010074 0.011676
v 0.003084 -0.010722 0.008000
v 0.003081 -0.010727 0.007887
v 0.002019 -0.010277 0.011389
v 0.002891 -0.010645 0.011187
v -0.009066 -0.010232 0.029064
v -0.009121 -0.010061 0.007605
v -0.009065 -0.010273 0.007293
v 0.012734 -0.010395 0.011676
v 0.003011 -0.010870 0.007449
v 0.001206 -0.010240 0.007397
v -0.000121 -0.010091 0.023758
v 0.010300 -0.010146 0.023851
v 0.000753 -0.010182 0.007397
v -0.000930 -0.010182 0.029003
v -0.000176 -0.010286 0.029003
v 0.012716 -0.010464 0.023851
v 0.010300 -0.010291 0.011408
v -0.025491 -0.010582 0.086145
v -0.025417 -0.010913 0.086435
v 0.001354 -0.010636 0.028400
v 0.000485 -0.010300 0.023982
v 0.001331 -0.010644 0.024206
v 0.000953 -0.010460 0.024154
v 0.010300 -0.010292 0.023986
v 0.001348 -0.010649 0.028568
v -0.025324 -0.010494 0.086438
v -0.025167 -0.010474 0.086528
v -0.025001 -0.010335 0.086541
v -0.022500 -0.010606 0.086592
v -0.024993 -0.010457 0.086577
v -0.009072 -0.010280 0.029100
v -0.000930 -0.010292 0.029091
v 0.000753 -0.010288 0.007311
v -0.031666 -0.012168 0.003632
v 0.002857 -0.011185 0.007125
v 0.001111 -0.010602 0.007094
v -0.009104 -0.010452 0.007176
v -0.009123 -0.010593 0.007078
v 0.010300 -0.010377 0.011302
v -0.009072 -0.010283 0.029102
v -0.009153 -0.010645 0.029322
v -0.009106 -0.010539 0.029298
v -0.000930 -0.010556 0.029306
v 0.001269 -0.010819 0.029003
v -0.000276 -0.010646 0.029306
v 0.000753 -0.010556 0.007094
v 0.012656 -0.010687 0.011302
v 0.010300 -0.010496 0.024175
v 0.012625 -0.010802 0.024175
v 0.013522 -0.010620 0.012100
v 0.013522 -0.010620 0.023300
v 0.015047 -0.011258 0.023413
v -0.036504 -0.011481 0.033648
v 0.017864 -0.011366 0.027800
v 0.017674 -0.011555 0.028800
v 0.017864 -0.011366 0.008500
v 0.010300 -0.010645 0.011187
v 0.014851 -0.011597 0.011302
v 0.015003 -0.011335 0.011676
v 0.022394 -0.011425 0.051305
v 0.022450 -0.012538 0.002000
v 0.022466 -0.014135 0.001445
v 0.022129 -0.014166 0.000934
v 0.021618 -0.014211 0.000601
v -0.009142 -0.010635 0.007069
v 0.021002 -0.013342 0.000500
v -0.024984 -0.010598 0.086618
v 0.010300 -0.010640 0.024214
v 0.014967 -0.011396 0.023851
v -0.024971 -0.010787 0.086674
v -0.025145 -0.010783 0.086637
v 0.015525 -0.012003 0.029800
v 0.016100 -0.011185 0.006768
v 0.014480 -0.011396 0.006500
v -0.025303 -0.010837 0.086560
v -0.000930 -0.010644 0.029325
v 0.000753 -0.010637 0.007076
v -0.025464 -0.010978 0.086324
v 0.017157 -0.012073 0.029532
v 0.017674 -0.011555 0.007500
v 0.002656 -0.011596 0.007000
v 0.001011 -0.010988 0.007006
v 0.022292 -0.011481 0.052093
v -0.022500 -0.010991 0.086830
v 0.015050 -0.011253 0.012100
v 0.015050 -0.011253 0.023300
v 0.000753 -0.010980 0.007000
v -0.009299 -0.010980 0.007000
v 0.002723 -0.011411 0.028400
v 0.002723 -0.011411 0.024300
v 0.002026 -0.010980 0.024300
v 0.010300 -0.010954 0.024300
v 0.012507 -0.011244 0.024300
v 0.010300 -0.010980 0.024300
v -0.009299 -0.010980 0.029400
v -0.000930 -0.010980 0.029400
v -0.000391 -0.011054 0.029400
v 0.010300 -0.010812 0.011114
v 0.003161 -0.010759 0.011124
v 0.012543 -0.011107 0.011114
v 0.000934 -0.011542 0.029400
v 0.001112 -0.011158 0.029306
v 0.002715 -0.011422 0.028568
v -0.036510 -0.011079 0.036455
v -0.036527 -0.010737 0.020602
v -0.036569 -0.028461 0.015952
v 0.014634 -0.011973 0.011114
v -0.036508 -0.012104 0.034627
v -0.034700 -0.012704 0.033114
v -0.036523 -0.011046 0.020995
v -0.034700 -0.012704 0.024386
v -0.034700 -0.012373 0.024971
v 0.003912 -0.011235 0.008000
v 0.003576 -0.010980 0.011100
v 0.004737 -0.011754 0.007887
v 0.004640 -0.011880 0.007449
v 0.002500 -0.021480 0.029800
v -0.009500 -0.028980 0.006500
v 0.018500 -0.018802 0.006500
v 0.018500 -0.017730 0.006500
v -0.036554 -0.028476 0.020602
v -0.000750 -0.011299 0.000000
v -0.032077 -0.012343 0.003857
v -0.025105 -0.011041 0.086837
v -0.024931 -0.010970 0.086852
v 0.014792 -0.011700 0.024175
v 0.010300 -0.010980 0.011100
v 0.012500 -0.011270 0.011100
v 0.002609 -0.011578 0.029003
v -0.025266 -0.011123 0.086781
v 0.004426 -0.012158 0.007125
v -0.025449 -0.011202 0.086426
v -0.025317 -0.011477 0.087019
v -0.030474 -0.011247 0.001123
v 0.012499 -0.011274 0.024300
v -0.024928 -0.010984 0.086866
v 0.002600 -0.013066 0.029400
v -0.009873 -0.012201 0.029400
v 0.010300 -0.016730 0.024300
v 0.003938 -0.011194 0.011100
v 0.010300 -0.016730 0.011100
v 0.006650 -0.014397 0.011100
v 0.006523 -0.013696 0.011100
v 0.006160 -0.013085 0.011100
v 0.007918 -0.018105 0.011100
v 0.008925 -0.017098 0.011100
v -0.009402 -0.011161 0.007000
v 0.002610 -0.011700 0.007000
v 0.001004 -0.011012 0.007000
v -0.024894 -0.011142 0.087021
v -0.022500 -0.036806 0.070280
v -0.022500 -0.011185 0.087099
v -0.010100 -0.011773 0.028864
v -0.010100 -0.011773 0.007536
v -0.025050 -0.011235 0.087099
v -0.025206 -0.011335 0.087072
v -0.025116 -0.011254 0.087099
v -0.036512 -0.012077 0.022815
v 0.014550 -0.012119 0.011100
v -0.025296 -0.011417 0.087045
v -0.024877 -0.011185 0.087099
v 0.002161 -0.012238 0.029400
v 0.002399 -0.011887 0.029306
v -0.009500 -0.027615 0.007000
v -0.024722 -0.011734 0.088216
v -0.022500 -0.012284 0.089334
v -0.022500 -0.036531 0.073282
v -0.022500 -0.033619 0.088262
v -0.022500 -0.017129 0.090705
v -0.022500 -0.022842 0.091088
v -0.022500 -0.028524 0.090378
v -0.022500 -0.033277 0.088840
v -0.022500 -0.033005 0.089001
v 0.016450 -0.012780 0.029800
v 0.017157 -0.012073 0.006768
v 0.015525 -0.012003 0.006500
v 0.003425 -0.012021 0.007000
v 0.004741 -0.011749 0.008000
v -0.025372 -0.011633 0.086950
v -0.024711 -0.012321 0.089332
v -0.024820 -0.012352 0.089330
v -0.024754 -0.012333 0.089331
v 0.012531 -0.011278 0.024300
v 0.014563 -0.012096 0.024300
v -0.030392 -0.011453 0.001109
v -0.028193 -0.016147 0.001000
v -0.029754 -0.013056 0.001000
v 0.016362 -0.012260 0.012100
v 0.016362 -0.012260 0.023300
v 0.016951 -0.012829 0.011676
v -0.024883 -0.012408 0.089310
v -0.024871 -0.012397 0.089314
v 0.017013 -0.012767 0.023413
v 0.011675 -0.017098 0.011100
v 0.011675 -0.017098 0.024300
v 0.014521 -0.012182 0.024300
v 0.000000 -0.011500 0.000000
v 0.016737 -0.013043 0.011302
v -0.025001 -0.012515 0.089272
v -0.024911 -0.012434 0.089301
v -0.010100 -0.012286 0.007210
v 0.018863 -0.012555 0.027800
v 0.018644 -0.012709 0.028800
v 0.018863 -0.012555 0.008500
v 0.016900 -0.012880 0.023851
v 0.003367 -0.012129 0.028400
v 0.003367 -0.012129 0.024300
v 0.008925 -0.017098 0.024300
v -0.025014 -0.012554 0.089254
v 0.003354 -0.012136 0.028568
v 0.022458 -0.012538 0.051067
v -0.029954 -0.013144 0.002103
v -0.025218 -0.012183 0.088061
v -0.025022 -0.012575 0.089245
v -0.036504 -0.011597 0.033502
v 0.022329 -0.012500 0.051961
v 0.018045 -0.013130 0.029532
v 0.018644 -0.012709 0.007500
v 0.003189 -0.012224 0.029003
v -0.029963 -0.013148 0.002148
v 0.003411 -0.012044 0.007000
v 0.016429 -0.013351 0.011114
v -0.034700 -0.012373 0.032528
v -0.036500 -0.012373 0.032528
v -0.036501 -0.012524 0.025073
v 0.015462 -0.012694 0.024300
v 0.016653 -0.013127 0.024175
v -0.009299 -0.027980 0.007000
v -0.009402 -0.027799 0.007000
v -0.010100 -0.012286 0.029190
v -0.024580 -0.012284 0.089334
v 0.006160 -0.013085 0.008000
v 0.006152 -0.013091 0.007887
v 0.006149 -0.013094 0.007832
v -0.009875 -0.012209 0.029400
v -0.030558 -0.013409 0.003121
v -0.031449 -0.013801 0.003772
v 0.005725 -0.013463 0.007094
v 0.006007 -0.013217 0.007397
v 0.002858 -0.012399 0.029306
v 0.016310 -0.013470 0.011100
v 0.016450 -0.012780 0.006500
v 0.004147 -0.012521 0.007000
v 0.004075 -0.012608 0.007000
v 0.017227 -0.013705 0.029800
v 0.018045 -0.013130 0.006768
v -0.036504 -0.012681 0.024395
v 0.015009 -0.012404 0.024300
v 0.021032 -0.013340 0.000000
v -0.036503 -0.012682 0.033105
v 0.003600 -0.013066 0.028400
v 0.003600 -0.013066 0.024300
v 0.007550 -0.019480 0.024300
v 0.007918 -0.018105 0.024300
v 0.003586 -0.013066 0.028568
v 0.003446 -0.013066 0.028891
v 0.005424 -0.013724 0.007006
v -0.025052 -0.013445 0.089378
v -0.025076 -0.012733 0.089174
v -0.025052 -0.030498 0.089378
v -0.010092 -0.013245 0.029400
v 0.003398 -0.013066 0.029003
v 0.003089 -0.013066 0.029253
v 0.002483 -0.012598 0.029400
v 0.017017 -0.012762 0.012100
v 0.017017 -0.012762 0.023300
v -0.024580 -0.012394 0.089481
v -0.022500 -0.012405 0.089490
v -0.022500 -0.012576 0.089588
v -0.010100 -0.013480 0.029400
v -0.024751 -0.012394 0.089438
v -0.032010 -0.014048 0.003894
v -0.036500 -0.012428 0.032476
v -0.036501 -0.012569 0.025086
v -0.034700 -0.012423 0.032471
v -0.034700 -0.012833 0.032659
v -0.034700 -0.012823 0.032735
v -0.034700 -0.012423 0.025029
v -0.034700 -0.012833 0.024841
v -0.034700 -0.012823 0.024765
v 0.007000 -0.012380 0.034300
v 0.007000 -0.026980 0.034300
v 0.007000 -0.031480 0.039800
v 0.007000 -0.031480 0.068800
v 0.007000 -0.031047 0.071223
v 0.007000 -0.029430 0.073750
v 0.007000 -0.026903 0.075367
v -0.018300 -0.012480 0.037300
v -0.018300 -0.012380 0.034300
v -0.018300 -0.013480 0.042501
v -0.018300 -0.012480 0.034300
v 0.000600 -0.012480 0.034300
v 0.004100 -0.015980 0.034300
v 0.003631 -0.014230 0.034300
v 0.002350 -0.012949 0.034300
v -0.024580 -0.012406 0.089488
v -0.024797 -0.012552 0.089526
v 0.003024 -0.013066 0.029306
v 0.016233 -0.013552 0.024300
v 0.012682 -0.018105 0.024300
v -0.024580 -0.012552 0.089580
v -0.024965 -0.012552 0.089376
v -0.036500 -0.012461 0.032445
v -0.034700 -0.012523 0.032421
v -0.034700 -0.012523 0.025079
v -0.034700 -0.012735 0.025035
v -0.034700 -0.012806 0.024949
v -0.036500 -0.012524 0.032427
v 0.000600 -0.012480 0.041700
v -0.001000 -0.012480 0.052553
v 0.001644 -0.012480 0.041852
v 0.001884 -0.012480 0.041954
v 0.001794 -0.012690 0.041700
v 0.002870 -0.012480 0.042372
v 0.002307 -0.013016 0.041700
v -0.001000 -0.012480 0.062100
v -0.012200 -0.012480 0.050870
v -0.012200 -0.012480 0.062100
v -0.001000 -0.012804 0.064559
v -0.012200 -0.012804 0.064559
v -0.012313 -0.012486 0.062100
v -0.000657 -0.012556 0.062100
v -0.000654 -0.012543 0.053046
v 0.003100 -0.012480 0.052553
v -0.014800 -0.012480 0.041700
v 0.003100 -0.012480 0.042501
v 0.003212 -0.012554 0.053054
v 0.003268 -0.012494 0.052553
v 0.003100 -0.012545 0.053056
v -0.017300 -0.012480 0.042501
v -0.017632 -0.012537 0.042658
v -0.017300 -0.012480 0.050870
v -0.017468 -0.012494 0.050870
v -0.016073 -0.012480 0.041924
v -0.017300 -0.012591 0.051679
v -0.012540 -0.012563 0.051471
v -0.015039 -0.012480 0.041708
v -0.016071 -0.012480 0.041924
v -0.012537 -0.012568 0.062100
v -0.016507 -0.013016 0.041700
v -0.015994 -0.012690 0.041700
v 0.003444 -0.012551 0.042656
v 0.003075 -0.013505 0.041700
v -0.014800 -0.012480 0.037300
v -0.018300 -0.014701 0.041926
v -0.018300 -0.015980 0.037300
v -0.017831 -0.014230 0.037300
v -0.016550 -0.012949 0.037300
v -0.012313 -0.012810 0.064557
v 0.003268 -0.012558 0.053053
v 0.003435 -0.012567 0.052553
v -0.017646 -0.012545 0.042662
v -0.017637 -0.012567 0.050870
v -0.017468 -0.012605 0.051675
v 0.022451 -0.014155 0.051537
v 0.022497 -0.013216 0.050922
v -0.036500 -0.012568 0.032414
v -0.034700 -0.012634 0.032419
v -0.036501 -0.012633 0.025074
v -0.034700 -0.012634 0.025081
v -0.017275 -0.013505 0.041700
v 0.023058 -0.018895 0.034800
v 0.022893 -0.017262 0.032600
v 0.022890 -0.017229 0.032532
v 0.022825 -0.016619 0.031277
v 0.022823 -0.016606 0.031250
v 0.022798 -0.016370 0.030106
v 0.022797 -0.016363 0.029900
v 0.022797 -0.016363 0.007500
v 0.022815 -0.016527 0.006838
v 0.022826 -0.016628 0.006429
v 0.022891 -0.017235 0.005712
v 0.022601 -0.014123 0.002000
v 0.022843 -0.016793 0.006234
v -0.000647 -0.012545 0.053056
v -0.000293 -0.012774 0.053810
v -0.000576 -0.012574 0.062100
v 0.003100 -0.013222 0.054884
v 0.003213 -0.013227 0.054881
v -0.000289 -0.012777 0.053819
v -0.000087 -0.013145 0.054691
v -0.017964 -0.012732 0.042734
v 0.003495 -0.012561 0.042679
v 0.003807 -0.012773 0.042735
v -0.024580 -0.012576 0.089588
v -0.024749 -0.012595 0.089550
v -0.024805 -0.012602 0.089538
v -0.024902 -0.012631 0.089461
v -0.024813 -0.012603 0.089536
v -0.024987 -0.012658 0.089391
v -0.024992 -0.012659 0.089386
v -0.025015 -0.012679 0.089328
v 0.019294 -0.013230 0.027800
v 0.019127 -0.013327 0.028522
v 0.019643 -0.013898 0.008500
v -0.000576 -0.012895 0.064534
v 0.003651 -0.013370 0.054811
v 0.003703 -0.012740 0.053006
v -0.012658 -0.012591 0.051679
v -0.012751 -0.012646 0.062100
v 0.003703 -0.012682 0.052553
v -0.017903 -0.012682 0.050870
v -0.017903 -0.012786 0.051624
v -0.012751 -0.012964 0.064516
v -0.036500 -0.012633 0.032426
v -0.000308 -0.012791 0.062100
v -0.024499 -0.015098 0.090279
v -0.017300 -0.013136 0.053154
v -0.012882 -0.012800 0.052285
v -0.013106 -0.013144 0.053131
v -0.013054 -0.012960 0.052753
v -0.012886 -0.012792 0.062100
v -0.024669 -0.015104 0.090270
v -0.024829 -0.015130 0.090177
v -0.017468 -0.013149 0.053148
v 0.005405 -0.013741 0.007000
v 0.003411 -0.026916 0.007000
v 0.002610 -0.027260 0.007000
v 0.004075 -0.026352 0.007000
v 0.005650 -0.014397 0.007000
v 0.005587 -0.014047 0.007000
v 0.001004 -0.027948 0.007000
v 0.000753 -0.027980 0.007000
v -0.036501 -0.012688 0.025063
v -0.036500 -0.012687 0.032436
v -0.034700 -0.012735 0.032465
v -0.034700 -0.012806 0.032551
v -0.024943 -0.015167 0.090033
v -0.036502 -0.012823 0.024765
v -0.036501 -0.012823 0.032735
v 0.003788 -0.012788 0.052553
v -0.018000 -0.012780 0.042728
v -0.017991 -0.012792 0.050870
v -0.036500 -0.012731 0.032471
v -0.036501 -0.012731 0.025029
v -0.036501 -0.012801 0.032554
v -0.036500 -0.012781 0.032511
v -0.036501 -0.012828 0.032615
v -0.036485 -0.028544 0.038060
v 0.016329 -0.013451 0.024300
v 0.019062 -0.013364 0.028800
v 0.018745 -0.013547 0.029166
v 0.019401 -0.014012 0.007500
v -0.036502 -0.012782 0.024988
v 0.003975 -0.013685 0.054657
v 0.004006 -0.013102 0.052911
v 0.018527 -0.014730 0.012100
v 0.018527 -0.014730 0.023300
v 0.018445 -0.014777 0.011676
v 0.018522 -0.014733 0.023413
v 0.004022 -0.013093 0.042677
v -0.000202 -0.012877 0.062100
v -0.018002 -0.012783 0.042727
v 0.017227 -0.013705 0.006500
v -0.036502 -0.012801 0.024946
v -0.036540 -0.028490 0.024769
v -0.036511 -0.028520 0.033564
v -0.036508 -0.028523 0.034507
v -0.018198 -0.013039 0.042693
v -0.018206 -0.013056 0.050870
v -0.017903 -0.013319 0.053069
v -0.018206 -0.013146 0.051524
v 0.004006 -0.013056 0.052553
v -0.000202 -0.013187 0.064456
v -0.013075 -0.012996 0.062100
v -0.013075 -0.013302 0.064425
v -0.036502 -0.012828 0.024886
v -0.001000 -0.013120 0.065321
v -0.012200 -0.013120 0.065321
v -0.012313 -0.013758 0.066847
v -0.036501 -0.012826 0.032659
v -0.036502 -0.012826 0.024841
v 0.018183 -0.014929 0.011302
v -0.000087 -0.013145 0.062100
v 0.018384 -0.014813 0.023851
v -0.000202 -0.014097 0.066651
v -0.000576 -0.013835 0.066803
v -0.013114 -0.013140 0.062100
v -0.012751 -0.013896 0.066767
v -0.018222 -0.013145 0.042647
v -0.018225 -0.013144 0.050870
v 0.017807 -0.015146 0.011114
v 0.004024 -0.013137 0.052553
v 0.004031 -0.013135 0.042657
v 0.002600 -0.025894 0.029400
v 0.003024 -0.025894 0.029306
v 0.003089 -0.025894 0.029253
v 0.003398 -0.025894 0.029003
v 0.003446 -0.025894 0.028891
v 0.003586 -0.025894 0.028568
v 0.003600 -0.025894 0.028400
v 0.003600 -0.025894 0.024300
v 0.006523 -0.013696 0.008000
v 0.006510 -0.013701 0.007832
v 0.006334 -0.013767 0.007397
v 0.004100 -0.014096 0.054456
v 0.004094 -0.013488 0.052811
v -0.001000 -0.013753 0.066850
v -0.012200 -0.013753 0.066850
v 0.017049 -0.014270 0.024300
v 0.018080 -0.014988 0.024175
v 0.018428 -0.013730 0.029532
v 0.018188 -0.013869 0.029607
v 0.018739 -0.014324 0.006768
v 0.004100 -0.013480 0.052553
v 0.004100 -0.013480 0.042501
v -0.017300 -0.013911 0.054523
v -0.013200 -0.013911 0.054523
v -0.013200 -0.013480 0.053826
v -0.013200 -0.013454 0.062100
v -0.013200 -0.013744 0.064307
v -0.013200 -0.013480 0.062100
v -0.028391 -0.016261 0.002148
v -0.000014 -0.013312 0.062100
v -0.000024 -0.013259 0.054961
v -0.000014 -0.013607 0.064343
v -0.018206 -0.013658 0.052912
v -0.028956 -0.016585 0.003121
v -0.017468 -0.013922 0.054515
v -0.000014 -0.014473 0.066434
v 0.022561 -0.013894 0.050698
v 0.005984 -0.013898 0.007094
v 0.003100 -0.013735 0.055712
v 0.000000 -0.013480 0.055376
v 0.003651 -0.014380 0.056440
v 0.003213 -0.014254 0.056537
v 0.019861 -0.014398 0.027809
v 0.020045 -0.015439 0.028587
v -0.013075 -0.014200 0.066592
v 0.000000 -0.013480 0.062100
v 0.000000 -0.013770 0.064300
v -0.017903 -0.014078 0.054409
v 0.021329 -0.016738 0.000000
v 0.021093 -0.014258 0.000500
v 0.017661 -0.015230 0.011100
v 0.019572 -0.015557 0.029287
v 0.003975 -0.014658 0.056226
v -0.029800 -0.017069 0.003772
v -0.025011 -0.029144 0.089719
v -0.025001 -0.014927 0.089803
v -0.025047 -0.030384 0.089417
v -0.013200 -0.013774 0.064299
v 0.012682 -0.018105 0.011100
v -0.013200 -0.019230 0.062100
v 0.000000 -0.019230 0.062100
v 0.000000 -0.019598 0.060725
v 0.000000 -0.015585 0.057960
v 0.000000 -0.013694 0.055738
v 0.004100 -0.013512 0.052804
v 0.004100 -0.014200 0.054410
v 0.004100 -0.013679 0.042389
v -0.010100 -0.025480 0.029400
v 0.002483 -0.026362 0.029400
v -0.017764 -0.014273 0.041700
v 0.003564 -0.014273 0.041700
v 0.017065 -0.014333 0.024300
v 0.000000 -0.014619 0.066350
v -0.018206 -0.014387 0.054199
v 0.004100 -0.014697 0.041952
v 0.003890 -0.014786 0.041700
v 0.004100 -0.014521 0.055225
v 0.004100 -0.015021 0.055947
v 0.003100 -0.014249 0.056541
v 0.006650 -0.014397 0.008000
v 0.006636 -0.014397 0.007832
v 0.006496 -0.014397 0.007509
v 0.017562 -0.014230 0.029800
v 0.017926 -0.017835 0.029800
v 0.017834 -0.014750 0.006500
v 0.018861 -0.015741 0.029720
v -0.013200 -0.013778 0.064331
v -0.013200 -0.014596 0.066363
v -0.001000 -0.014760 0.068163
v -0.012200 -0.014760 0.068163
v -0.000576 -0.015329 0.068751
v -0.012313 -0.015267 0.068813
v 0.006448 -0.014397 0.007397
v 0.006139 -0.014397 0.007147
v 0.000000 -0.019598 0.063475
v -0.013200 -0.019598 0.063475
v -0.013200 -0.014682 0.066321
v -0.000202 -0.015543 0.068537
v 0.018093 -0.015862 0.029814
v 0.022768 -0.016089 0.049973
v 0.022491 -0.014691 0.051400
v -0.012751 -0.015380 0.068700
v 0.020181 -0.015355 0.008500
v 0.020143 -0.015366 0.027819
v 0.006074 -0.014397 0.007094
v -0.017300 -0.014629 0.055167
v -0.013200 -0.014629 0.055167
v -0.013200 -0.019598 0.060725
v -0.017468 -0.014636 0.055155
v 0.019923 -0.015426 0.007500
v -0.030796 -0.017640 0.004000
v -0.017903 -0.014724 0.054989
v 0.004100 -0.014544 0.055211
v -0.000014 -0.015851 0.068229
v 0.022894 -0.017269 0.005672
v 0.022950 -0.017802 0.002000
v 0.022924 -0.017803 0.001723
v 0.022825 -0.017808 0.001495
v 0.022809 -0.017809 0.001460
v 0.022653 -0.017817 0.001104
v 0.022487 -0.017826 0.000968
v 0.022482 -0.017826 0.000963
v 0.022097 -0.017846 0.000647
v -0.013200 -0.015194 0.067262
v -0.013075 -0.015627 0.068453
v 0.021988 -0.017852 0.000622
v 0.021964 -0.017853 0.000616
v -0.018090 -0.014786 0.041700
v 0.003100 -0.015585 0.057960
v 0.003212 -0.015591 0.057952
v 0.003268 -0.015594 0.057949
v 0.021450 -0.017879 0.000500
v 0.017684 -0.015217 0.024300
v -0.018300 -0.014709 0.041925
v 0.019216 -0.015619 0.006768
v 0.017573 -0.015277 0.024300
v 0.003703 -0.015717 0.057807
v 0.004006 -0.015963 0.057525
v -0.018206 -0.014899 0.054658
v 0.006650 -0.024563 0.011100
v 0.006650 -0.024563 0.008000
v 0.007550 -0.019480 0.011100
v 0.006636 -0.024563 0.007832
v 0.006496 -0.024563 0.007509
v 0.006448 -0.024563 0.007397
v 0.006139 -0.024563 0.007147
v 0.006074 -0.024563 0.007094
v 0.005650 -0.024563 0.007000
v 0.000000 -0.015970 0.068110
v 0.004100 -0.015108 0.055875
v 0.004100 -0.029760 0.054410
v 0.004100 -0.027980 0.041700
v 0.004100 -0.015980 0.041700
v 0.004100 -0.028215 0.041708
v 0.004100 -0.014911 0.041860
v -0.013200 -0.014904 0.066809
v -0.017300 -0.015566 0.055400
v -0.013200 -0.015566 0.055400
v -0.013200 -0.020605 0.059718
v -0.013200 -0.021980 0.059350
v -0.017468 -0.015566 0.055386
v -0.017791 -0.015566 0.055246
v 0.004094 -0.016224 0.057224
v 0.022697 -0.016763 0.050711
v -0.018300 -0.015745 0.041708
v -0.017903 -0.015566 0.055198
v -0.018153 -0.015566 0.054889
v 0.019476 -0.017021 0.012100
v 0.019476 -0.017021 0.023300
v 0.019385 -0.017046 0.011676
v 0.019470 -0.017023 0.023413
v 0.018252 -0.015883 0.006500
v -0.001000 -0.015262 0.068817
v -0.012200 -0.015262 0.068817
v 0.019093 -0.017124 0.011302
v -0.018300 -0.015980 0.041700
v 0.019316 -0.017064 0.023851
v -0.018206 -0.015566 0.054824
v -0.013200 -0.016052 0.068033
v -0.013200 -0.020605 0.064482
v -0.024995 -0.015210 0.089857
v 0.018673 -0.017237 0.011114
v 0.018171 -0.016204 0.024300
v 0.018978 -0.017155 0.024175
v -0.024484 -0.015541 0.090401
v -0.024615 -0.017648 0.090754
v -0.024455 -0.017135 0.090664
v 0.004100 -0.016241 0.057205
v 0.004100 -0.028852 0.055875
v 0.004100 -0.029416 0.055211
v 0.004100 -0.016897 0.057450
v 0.004100 -0.016547 0.057387
v -0.024775 -0.017664 0.090659
v 0.018510 -0.017280 0.011100
v -0.024889 -0.017688 0.090512
v -0.013200 -0.015951 0.068129
v -0.024940 -0.017715 0.090336
v -0.001000 -0.017230 0.070327
v -0.012200 -0.017230 0.070327
v -0.000576 -0.017277 0.070245
v -0.012313 -0.017233 0.070322
v 0.018319 -0.016662 0.024300
v -0.000202 -0.017429 0.069983
v 0.020159 -0.015419 0.027819
v 0.020341 -0.016043 0.027825
v 0.020500 -0.017730 0.008500
v 0.020319 -0.017730 0.007823
v -0.012751 -0.017313 0.070184
v 0.019866 -0.017730 0.007134
v 0.020232 -0.017730 0.007500
v 0.020332 -0.017737 0.028628
v 0.020339 -0.017737 0.028592
v -0.000014 -0.017646 0.069607
v 0.019149 -0.017747 0.029716
v 0.019854 -0.017743 0.029296
v -0.017468 -0.028394 0.055386
v -0.017300 -0.028394 0.055400
v -0.013200 -0.028394 0.055400
v -0.017791 -0.028394 0.055246
v -0.017903 -0.028394 0.055198
v -0.018153 -0.028394 0.054889
v -0.018206 -0.028394 0.054824
v 0.000000 -0.016196 0.058323
v 0.003100 -0.016196 0.058323
v 0.003268 -0.016201 0.058310
v 0.003703 -0.016267 0.058134
v 0.019177 -0.017730 0.006681
v 0.019500 -0.017730 0.006768
v -0.013200 -0.016770 0.068849
v -0.013075 -0.017488 0.069880
v 0.004006 -0.016398 0.057784
v 0.018104 -0.015941 0.029814
v 0.018324 -0.017503 0.029819
v 0.019113 -0.017747 0.029720
v 0.000000 -0.017730 0.069461
v 0.000000 -0.020605 0.064482
v 0.004100 -0.026980 0.034300
v 0.020500 -0.017730 0.027824
v -0.013200 -0.016833 0.068865
v 0.022804 -0.016449 0.049857
v -0.027645 -0.016995 0.001000
v 0.000000 -0.016897 0.058450
v 0.003100 -0.016897 0.058450
v 0.003268 -0.016897 0.058436
v 0.003591 -0.016897 0.058296
v 0.018535 -0.017273 0.024300
v -0.026498 -0.019190 0.002148
v -0.027024 -0.019571 0.003121
v 0.003703 -0.016897 0.058248
v 0.003953 -0.016897 0.057939
v 0.022744 -0.016877 0.029900
v 0.022745 -0.016867 0.007500
v 0.022761 -0.016947 0.006969
v 0.004006 -0.016897 0.057874
v 0.023073 -0.019109 0.049002
v 0.022796 -0.017750 0.050383
v -0.027812 -0.020143 0.003772
v 0.022798 -0.017013 0.031140
v 0.022787 -0.017175 0.006484
v 0.018438 -0.017294 0.024300
v 0.021450 -0.017879 0.000000
v -0.013200 -0.017717 0.069484
v 0.022828 -0.017538 0.006085
v -0.013200 -0.017777 0.069373
v 0.022742 -0.016902 0.007500
v 0.022542 -0.017345 0.030432
v 0.022742 -0.016902 0.029900
v 0.022624 -0.017405 0.031010
v 0.000000 -0.027063 0.058450
v 0.003100 -0.027063 0.058450
v 0.000000 -0.021980 0.059350
v 0.000000 -0.020605 0.059718
v 0.003268 -0.027063 0.058436
v 0.003591 -0.027063 0.058296
v 0.003703 -0.027063 0.058248
v 0.003953 -0.027063 0.057939
v 0.004006 -0.027063 0.057874
v 0.004100 -0.027063 0.057450
v 0.022472 -0.017371 0.029900
v 0.022472 -0.017371 0.007500
v 0.022485 -0.017422 0.007107
v 0.022509 -0.017589 0.006745
v -0.026313 -0.019056 0.001000
v 0.022881 -0.017481 0.032379
v 0.022801 -0.017740 0.032228
v 0.022712 -0.017541 0.031610
v -0.024134 -0.021747 0.001000
v 0.019584 -0.017840 0.012100
v 0.019584 -0.017840 0.023300
v 0.019794 -0.019480 0.023413
v 0.019403 -0.019480 0.011302
v 0.019706 -0.019480 0.011676
v 0.019634 -0.019480 0.023851
v -0.028742 -0.020816 0.004000
v 0.018968 -0.019480 0.011114
v -0.024446 -0.017646 0.090749
v -0.024427 -0.018646 0.090914
v 0.019284 -0.019480 0.024175
v 0.018752 -0.018362 0.024300
v -0.001000 -0.019521 0.071276
v -0.012200 -0.019521 0.071276
v -0.000576 -0.019546 0.071185
v -0.012313 -0.019523 0.071270
v 0.018800 -0.019480 0.011100
v 0.022960 -0.018276 0.033502
v 0.022950 -0.017802 0.005369
v 0.022950 -0.017804 0.005397
v 0.022850 -0.017988 0.005807
v 0.022950 -0.017813 0.005423
v -0.000202 -0.019624 0.070893
v 0.013050 -0.019480 0.011100
v 0.018796 -0.019205 0.024300
v -0.012751 -0.019564 0.071116
v 0.022320 -0.017719 0.030911
v 0.022157 -0.017676 0.030378
v 0.022034 -0.017689 0.029900
v 0.022034 -0.017689 0.007500
v 0.022024 -0.017743 0.007190
v 0.022488 -0.017823 0.031484
v -0.000014 -0.019737 0.070473
v -0.013200 -0.018704 0.069971
v -0.013075 -0.019655 0.070778
v 0.018335 -0.017748 0.029817
v 0.022811 -0.018056 0.005955
v 0.022845 -0.017998 0.005827
v 0.022548 -0.017854 0.006443
v 0.022652 -0.017978 0.032094
v 0.022094 -0.018082 0.006667
v 0.022051 -0.017873 0.006905
v 0.000000 -0.019780 0.070310
v -0.024586 -0.020223 0.091018
v -0.024747 -0.020230 0.090921
v 0.021935 -0.017776 0.030364
v 0.021749 -0.017750 0.029900
v 0.022010 -0.017694 0.029900
v -0.024861 -0.020239 0.090772
v -0.024936 -0.017914 0.090374
v 0.022013 -0.017694 0.007500
v 0.021505 -0.017802 0.007500
v 0.021511 -0.017826 0.007282
v 0.022062 -0.017962 0.031104
v 0.022040 -0.017955 0.031056
v 0.021947 -0.017929 0.030855
v 0.022179 -0.018037 0.031404
v 0.020500 -0.017802 0.027824
v 0.020500 -0.017802 0.008500
v 0.020376 -0.017802 0.007808
v 0.020232 -0.017802 0.007500
v 0.019965 -0.017880 0.007158
v 0.020225 -0.017802 0.007488
v 0.019910 -0.017897 0.007089
v 0.019519 -0.018122 0.006817
v 0.019887 -0.017904 0.007060
v 0.019270 -0.018268 0.006654
v 0.019189 -0.018324 0.006638
v 0.018984 -0.018466 0.006597
v 0.020400 -0.017802 0.028448
v 0.020325 -0.017802 0.028581
v 0.020011 -0.017802 0.029134
v 0.022925 -0.018401 0.033410
v 0.022801 -0.018175 0.032739
v 0.021519 -0.017860 0.007213
v 0.021525 -0.017885 0.007164
v 0.019845 -0.017847 0.029281
v 0.019620 -0.017908 0.029480
v 0.019361 -0.018068 0.029599
v 0.019693 -0.017888 0.029415
v 0.019269 -0.018126 0.029641
v 0.019121 -0.018218 0.029709
v 0.018336 -0.017791 0.029817
v 0.019046 -0.018265 0.029744
v 0.021540 -0.017812 0.029976
v 0.021505 -0.017802 0.029900
v 0.022944 -0.019382 0.049909
v 0.021714 -0.017862 0.030352
v 0.021890 -0.017913 0.030733
v -0.013200 -0.019162 0.070119
v 0.017928 -0.017853 0.029800
v 0.018366 -0.018808 0.029811
v 0.018815 -0.018450 0.029767
v 0.020784 -0.017802 0.029465
v 0.021351 -0.017874 0.030248
v 0.020426 -0.017873 0.029701
v 0.020578 -0.017802 0.029377
v 0.022950 -0.018802 0.005200
v 0.022950 -0.020230 0.002000
v 0.022814 -0.020230 0.001492
v 0.022749 -0.020230 0.001250
v 0.022357 -0.018152 0.031863
v 0.022475 -0.020230 0.000975
v 0.019800 -0.019480 0.012100
v 0.019800 -0.019480 0.023300
v 0.022200 -0.020230 0.000701
v 0.021958 -0.020230 0.000636
v 0.018237 -0.021480 0.029800
v 0.021450 -0.020230 0.000500
v 0.022539 -0.018193 0.006231
v 0.022563 -0.018181 0.006207
v 0.022131 -0.018321 0.006472
v 0.022372 -0.018276 0.006400
v 0.020279 -0.018106 0.030017
v 0.021146 -0.018111 0.030532
v 0.021564 -0.018041 0.006851
v 0.021579 -0.018103 0.006804
v 0.021552 -0.017993 0.006947
v 0.011950 -0.029730 0.000000
v 0.021450 -0.020230 0.000000
v -0.024913 -0.020252 0.090577
v 0.021895 -0.018116 0.031195
v 0.022411 -0.018186 0.032000
v 0.022420 -0.018193 0.032025
v 0.022870 -0.018802 0.005650
v 0.022752 -0.018802 0.005834
v 0.019335 -0.018100 0.029675
v 0.021600 -0.018191 0.006739
v 0.021752 -0.018390 0.006584
v 0.022086 -0.018329 0.006485
v 0.019280 -0.018449 0.029892
v 0.020185 -0.018461 0.030218
v 0.013050 -0.019480 0.024300
v 0.021016 -0.018473 0.030711
v 0.021735 -0.018482 0.031346
v 0.022323 -0.018490 0.032109
v 0.022769 -0.018417 0.032922
v 0.022659 -0.018346 0.032639
v 0.022824 -0.018497 0.033236
v 0.022775 -0.018426 0.032956
v 0.022569 -0.018802 0.006119
v 0.021650 -0.018396 0.006586
v 0.021650 -0.018458 0.006573
v 0.023045 -0.018819 0.034492
v 0.022941 -0.018668 0.033903
v 0.022285 -0.018802 0.006302
v 0.022100 -0.018802 0.006420
v 0.021650 -0.018802 0.006500
v 0.022755 -0.018496 0.032965
v 0.018826 -0.019480 0.024300
v 0.022840 -0.018521 0.033329
v 0.019261 -0.018825 0.029971
v 0.019459 -0.018828 0.030007
v 0.019547 -0.018830 0.030040
v 0.020157 -0.018843 0.030270
v 0.020467 -0.018848 0.030427
v 0.020943 -0.018857 0.030770
v 0.021455 -0.018867 0.031140
v 0.020963 -0.018858 0.030785
v 0.022067 -0.018877 0.031865
v 0.021675 -0.018870 0.031400
v 0.022692 -0.018887 0.032992
v 0.022256 -0.018880 0.032090
v 0.022799 -0.018889 0.033212
v 0.022806 -0.018889 0.033248
v 0.022942 -0.018892 0.033904
v -0.024417 -0.020223 0.091007
v 0.023042 -0.018894 0.034388
v -0.013200 -0.019773 0.070335
v 0.021650 -0.020230 0.006500
v 0.011950 -0.029930 0.006500
v 0.013468 -0.029811 0.006500
v 0.014948 -0.029455 0.006500
v 0.019798 -0.025931 0.006500
v 0.020593 -0.024634 0.006500
v 0.018809 -0.027089 0.006500
v 0.021175 -0.023227 0.006500
v 0.021531 -0.021747 0.006500
v 0.016354 -0.028873 0.006500
v 0.017652 -0.028077 0.006500
v 0.022300 -0.020230 0.006326
v 0.022776 -0.020230 0.005850
v 0.022950 -0.020230 0.005200
v 0.019106 -0.021438 0.030033
v 0.019706 -0.021408 0.030194
v 0.020040 -0.021392 0.030284
v 0.020734 -0.021358 0.030470
v 0.020925 -0.021349 0.030660
v 0.021078 -0.021341 0.030814
v 0.021648 -0.021313 0.031385
v 0.022189 -0.021287 0.031926
v 0.022372 -0.021278 0.032109
v 0.022562 -0.021269 0.032300
v 0.022827 -0.021256 0.033289
v 0.022748 -0.021260 0.032995
v 0.022999 -0.021248 0.033930
v 0.023231 -0.021236 0.034800
v 0.023127 -0.019668 0.034800
v 0.023114 -0.019519 0.048870
v -0.024297 -0.021894 0.002103
v -0.013200 -0.019794 0.070238
v -0.024786 -0.022336 0.003121
v -0.024303 -0.021900 0.002148
v 0.018799 -0.019480 0.024300
v 0.023027 -0.020297 0.049644
v 0.007918 -0.020855 0.024300
v 0.007918 -0.020855 0.011100
v 0.012682 -0.020855 0.024300
v 0.018799 -0.019572 0.024300
v 0.018535 -0.021687 0.024300
v 0.018978 -0.021805 0.024175
v 0.019316 -0.021896 0.023851
v 0.019470 -0.021937 0.023413
v 0.019584 -0.021120 0.023300
v 0.019584 -0.021120 0.012100
v 0.019385 -0.021914 0.011676
v 0.019093 -0.021836 0.011302
v 0.018673 -0.021723 0.011114
v 0.018510 -0.021680 0.011100
v 0.012682 -0.020855 0.011100
v 0.023124 -0.019668 0.048841
v -0.001000 -0.020340 0.071384
v -0.012200 -0.020340 0.071384
v -0.012313 -0.021980 0.071594
v -0.000202 -0.021980 0.071203
v -0.000576 -0.021980 0.071506
v -0.012751 -0.021980 0.071434
v -0.025509 -0.022987 0.003772
v 0.018452 -0.021670 0.024300
v -0.000014 -0.021980 0.070768
v -0.013075 -0.021980 0.071084
v -0.013200 -0.020862 0.070552
v 0.023239 -0.021403 0.048502
v 0.000000 -0.021980 0.070600
v 0.000000 -0.021980 0.064850
v -0.013200 -0.021705 0.070596
v -0.025543 -0.023018 0.003781
v -0.024408 -0.021785 0.091099
v -0.024582 -0.022830 0.091057
v -0.024743 -0.022827 0.090960
v 0.022173 -0.021849 0.006326
v 0.022643 -0.021923 0.005850
v 0.022815 -0.021951 0.002000
v 0.022815 -0.021951 0.005200
v 0.022616 -0.021919 0.001250
v 0.022074 -0.021833 0.000701
v 0.021333 -0.021716 0.000500
v 0.020985 -0.023166 0.000000
v -0.024907 -0.020936 0.090636
v -0.024857 -0.022822 0.090811
v -0.024922 -0.022818 0.090498
v 0.023117 -0.022081 0.049359
v -0.001000 -0.021980 0.071600
v -0.012200 -0.021980 0.071600
v -0.013200 -0.021980 0.064850
v -0.026362 -0.023756 0.004000
v 0.008925 -0.021862 0.024300
v 0.008925 -0.021862 0.011100
v 0.016250 -0.025430 0.024300
v 0.017102 -0.024577 0.024300
v 0.017569 -0.023682 0.024300
v 0.018374 -0.022137 0.024300
v 0.015397 -0.026282 0.024300
v 0.011675 -0.021862 0.024300
v 0.006523 -0.025263 0.011100
v 0.016310 -0.025490 0.011100
v 0.011675 -0.021862 0.011100
v 0.017661 -0.023730 0.011100
v -0.013200 -0.021980 0.070626
v -0.024910 -0.022817 0.090606
v 0.019476 -0.021939 0.012100
v 0.019476 -0.021939 0.023300
v 0.023261 -0.022381 0.034927
v 0.023187 -0.022564 0.034003
v 0.022922 -0.022749 0.033088
v 0.022458 -0.022931 0.032209
v 0.021809 -0.023097 0.031424
v 0.021009 -0.023235 0.030787
v 0.020112 -0.023338 0.030333
v 0.023251 -0.022002 0.048469
v 0.019180 -0.023404 0.030072
v 0.018267 -0.023218 0.029952
v 0.002500 -0.024119 0.030154
v 0.002500 -0.030480 0.029800
v -0.002800 -0.031480 0.029800
v 0.018171 -0.022756 0.024300
v -0.013200 -0.021980 0.070598
v 0.021698 -0.023397 0.000701
v 0.020985 -0.023166 0.000500
v 0.017807 -0.023814 0.011114
v -0.023793 -0.022118 0.001015
v -0.024413 -0.022830 0.091053
v 0.018384 -0.024147 0.023851
v 0.018080 -0.023972 0.024175
v 0.022221 -0.023567 0.001250
v 0.018183 -0.024031 0.011302
v 0.021794 -0.023428 0.006326
v 0.010300 -0.027980 0.024300
v 0.010300 -0.022230 0.024300
v 0.002723 -0.027549 0.024300
v 0.003367 -0.026831 0.024300
v 0.010300 -0.022230 0.011100
v 0.012487 -0.027615 0.024300
v 0.014504 -0.026755 0.024300
v 0.006160 -0.025875 0.011100
v 0.012500 -0.027690 0.011100
v 0.014550 -0.026841 0.011100
v -0.023685 -0.022235 0.001020
v -0.022857 -0.023322 0.002192
v 0.018522 -0.024227 0.023413
v 0.018445 -0.024183 0.011676
v 0.022412 -0.023629 0.002000
v 0.022246 -0.023575 0.005850
v 0.018527 -0.024230 0.023300
v 0.018527 -0.024230 0.012100
v 0.022412 -0.023629 0.005200
v -0.001000 -0.023620 0.071384
v -0.012200 -0.023620 0.071384
v -0.000576 -0.024414 0.071185
v -0.012313 -0.024437 0.071270
v -0.000202 -0.024336 0.070893
v -0.012751 -0.024396 0.071116
v -0.000014 -0.024223 0.070473
v -0.013075 -0.024305 0.070778
v 0.000000 -0.024180 0.070310
v -0.013200 -0.022072 0.070599
v -0.013200 -0.024187 0.070335
v -0.013200 -0.023355 0.064482
v 0.000000 -0.023355 0.064482
v -0.013200 -0.023355 0.059718
v 0.000000 -0.023355 0.059718
v 0.023270 -0.023038 0.048413
v 0.023271 -0.022770 0.034970
v 0.023120 -0.022129 0.049351
v -0.013200 -0.024170 0.070252
v -0.022613 -0.023315 0.001229
v 0.023114 -0.023474 0.049370
v 0.010300 -0.027980 0.011100
v -0.023342 -0.023590 0.003110
v 0.023167 -0.023893 0.034347
v 0.022893 -0.024240 0.033494
v 0.022425 -0.024567 0.032672
v 0.017684 -0.023743 0.024300
v 0.023248 -0.023537 0.035219
v -0.024912 -0.023969 0.090588
v -0.024976 -0.027905 0.090022
v -0.024931 -0.025383 0.090419
v -0.024877 -0.025408 0.090625
v -0.024763 -0.025427 0.090773
v -0.024602 -0.025440 0.090869
v -0.024413 -0.022840 0.091053
v -0.024422 -0.024802 0.090967
v -0.024432 -0.025442 0.090874
v 0.021776 -0.024853 0.031936
v -0.024001 -0.024099 0.003786
v 0.023226 -0.024284 0.035461
v 0.023248 -0.023564 0.048472
v 0.021083 -0.024883 0.000701
v 0.020415 -0.024543 0.000500
v 0.019636 -0.025814 0.000000
v 0.017534 -0.027916 0.000000
v 0.014886 -0.029265 0.000000
v 0.018267 -0.023428 0.030008
v 0.020980 -0.025078 0.031336
v -0.022448 -0.023482 0.001261
v -0.021487 -0.024684 0.002925
v -0.021369 -0.024701 0.002630
v 0.020090 -0.025230 0.030905
v -0.013200 -0.024637 0.070174
v -0.013200 -0.027930 0.068050
v -0.013200 -0.027077 0.068902
v -0.013200 -0.026182 0.069369
v -0.013200 -0.028782 0.067197
v -0.013200 -0.024362 0.063475
v 0.000000 -0.024362 0.063475
v 0.000000 -0.026230 0.069461
v 0.000000 -0.027990 0.068110
v -0.013200 -0.024362 0.060725
v 0.000000 -0.024362 0.060725
v 0.000000 -0.027763 0.058323
v 0.021572 -0.025133 0.001250
v 0.019166 -0.025308 0.030651
v 0.018268 -0.024839 0.030381
v 0.018268 -0.024110 0.030188
v 0.021172 -0.024929 0.006326
v 0.023113 -0.023621 0.049372
v -0.021042 -0.024749 0.001815
v 0.023200 -0.024538 0.035601
v 0.023208 -0.024535 0.048580
v 0.021751 -0.025224 0.002000
v 0.021596 -0.025145 0.005850
v -0.021829 -0.024839 0.003392
v -0.022171 -0.024994 0.003858
v -0.001000 -0.024439 0.071276
v -0.012200 -0.024439 0.071276
v 0.023025 -0.024834 0.049650
v 0.023135 -0.025154 0.048770
v 0.023208 -0.024539 0.048581
v 0.021751 -0.025224 0.005200
v 0.017049 -0.024690 0.024300
v -0.032500 -0.025015 0.004000
v -0.032500 -0.025247 0.004288
v -0.024701 -0.024733 0.004135
v 0.016429 -0.025609 0.011114
v 0.022782 -0.025642 0.034153
v 0.016900 -0.026080 0.023851
v 0.016653 -0.025833 0.024175
v 0.016737 -0.025917 0.011302
v -0.022984 -0.025630 0.004466
v -0.023745 -0.025238 0.004309
v -0.024512 -0.024843 0.004151
v -0.022388 -0.025163 0.004020
v 0.007000 -0.026980 0.031448
v 0.002500 -0.026980 0.031448
v 0.017013 -0.026193 0.023413
v 0.016951 -0.026131 0.011676
v -0.013200 -0.025256 0.069971
v -0.000014 -0.026314 0.069607
v 0.017017 -0.026197 0.023300
v 0.017017 -0.026197 0.012100
v 0.022305 -0.026088 0.033426
v -0.012751 -0.026647 0.070184
v -0.013075 -0.026472 0.069880
v -0.000202 -0.026531 0.069983
v -0.013200 -0.030480 0.062100
v -0.013200 -0.030115 0.064287
v -0.013200 -0.024730 0.062100
v -0.013200 -0.029255 0.066304
v 0.000000 -0.024730 0.062100
v 0.000000 -0.030190 0.064300
v 0.000000 -0.029341 0.066350
v -0.013200 -0.030049 0.054523
v -0.013200 -0.029331 0.055167
v 0.000000 -0.028375 0.057960
v -0.012313 -0.026727 0.070322
v -0.020844 -0.024913 0.002003
v -0.000576 -0.026683 0.070245
v -0.012200 -0.026730 0.070327
v -0.001000 -0.026730 0.070327
v 0.016414 -0.025440 0.075734
v 0.017984 -0.025819 0.075342
v 0.018745 -0.025752 0.074917
v 0.019409 -0.025650 0.074324
v 0.019923 -0.025518 0.073603
v 0.020254 -0.025367 0.072809
v 0.023187 -0.024664 0.035670
v 0.022555 -0.028018 0.039800
v 0.022603 -0.027868 0.038858
v 0.022608 -0.027850 0.038822
v 0.022739 -0.027395 0.037896
v 0.022907 -0.026692 0.037054
v 0.022913 -0.026656 0.037024
v 0.023085 -0.025678 0.036226
v 0.020243 -0.026255 0.000701
v 0.019636 -0.025814 0.000500
v 0.006510 -0.025259 0.007832
v 0.006523 -0.025263 0.008000
v 0.006334 -0.025193 0.007397
v 0.005984 -0.025062 0.007094
v 0.005587 -0.024913 0.007000
v 0.005405 -0.025219 0.007000
v 0.021658 -0.026471 0.032772
v 0.020358 -0.025612 0.071052
v 0.022593 -0.026901 0.035035
v -0.020437 -0.025420 0.003313
v 0.016329 -0.025509 0.024300
v -0.019494 -0.025737 0.002571
v -0.020128 -0.025414 0.002694
v 0.000000 -0.030480 0.062100
v -0.018483 -0.025774 0.002076
v 0.023020 -0.024906 0.049666
v 0.018259 -0.025303 0.030594
v -0.020816 -0.025541 0.003914
v 0.020687 -0.026577 0.001250
v 0.022842 -0.026050 0.050233
v 0.023034 -0.026009 0.049033
v 0.005424 -0.025236 0.007006
v 0.020323 -0.026314 0.006326
v -0.017500 -0.026531 0.004056
v -0.018481 -0.025776 0.002081
v -0.021245 -0.025805 0.004429
v -0.034139 -0.025473 0.004053
v -0.034197 -0.025416 0.004047
v -0.032500 -0.025906 0.004209
v 0.005725 -0.025497 0.007094
v 0.020874 -0.026767 0.032232
v 0.020849 -0.026696 0.002000
v 0.020708 -0.026593 0.005850
v -0.020952 -0.026439 0.005033
v 0.006007 -0.025743 0.007397
v 0.004147 -0.026439 0.007000
v 0.020849 -0.026696 0.005200
v 0.020003 -0.026959 0.031834
v -0.032500 -0.026691 0.005282
v -0.013200 -0.026243 0.069484
v 0.006152 -0.025869 0.007887
v 0.006149 -0.025866 0.007832
v 0.006160 -0.025875 0.008000
v 0.018237 -0.026436 0.031115
v 0.020222 -0.026219 0.072559
v 0.019887 -0.026512 0.073303
v -0.024952 -0.026984 0.090229
v -0.024922 -0.027947 0.090219
v -0.024808 -0.027980 0.090364
v -0.019952 -0.025537 0.002863
v -0.034464 -0.025906 0.004209
v -0.034582 -0.025800 0.004185
v -0.019364 -0.025948 0.003429
v -0.019174 -0.026049 0.003614
v -0.024648 -0.028003 0.090458
v 0.015462 -0.026266 0.024300
v 0.016409 -0.025840 0.075637
v -0.024470 -0.027776 0.090535
v -0.010100 -0.026674 0.029190
v -0.017500 -0.027230 0.028931
v -0.009940 -0.026549 0.029400
v -0.010100 -0.026674 0.007210
v -0.014500 -0.027230 0.007469
v -0.014500 -0.025480 0.007000
v -0.010100 -0.025480 0.007000
v -0.009965 -0.026462 0.007000
v -0.014500 -0.028980 0.007000
v 0.004426 -0.026802 0.007125
v 0.019373 -0.026770 0.073981
v -0.019715 -0.026189 0.004499
v -0.020018 -0.026376 0.004889
v 0.014634 -0.026987 0.011114
v 0.020347 -0.026010 0.070954
v 0.022104 -0.027433 0.034433
v 0.022355 -0.027944 0.036083
v -0.035045 -0.026172 0.004449
v -0.018698 -0.026299 0.004076
v 0.004640 -0.027080 0.007449
v 0.018711 -0.026971 0.074540
v -0.034963 -0.026233 0.004421
v -0.020322 -0.026611 0.005227
v 0.019198 -0.027478 0.000701
v 0.018668 -0.026947 0.000500
v 0.016398 -0.026808 0.075402
v 0.017954 -0.027104 0.074945
v 0.014967 -0.027564 0.023851
v 0.014792 -0.027260 0.024175
v 0.004737 -0.027206 0.007887
v 0.004741 -0.027211 0.008000
v 0.003938 -0.027766 0.011100
v 0.002858 -0.026561 0.029306
v 0.003189 -0.026736 0.029003
v 0.003354 -0.026824 0.028568
v 0.003367 -0.026831 0.028400
v -0.035008 -0.026814 0.004673
v -0.035123 -0.026771 0.004667
v -0.032500 -0.031306 0.007330
v 0.014851 -0.027363 0.011302
v 0.022896 -0.026663 0.049386
v 0.020174 -0.026992 0.072158
v 0.022839 -0.026062 0.050244
v 0.022576 -0.027095 0.051108
v 0.015047 -0.027702 0.023413
v 0.021462 -0.027886 0.033887
v 0.016362 -0.026700 0.012100
v 0.015003 -0.027625 0.011676
v -0.035336 -0.026649 0.004745
v -0.035237 -0.026714 0.004691
v -0.017500 -0.027125 0.005724
v -0.017500 -0.027284 0.006114
v -0.018800 -0.027026 0.005695
v 0.016362 -0.026700 0.023300
v 0.019833 -0.027413 0.072824
v -0.013200 -0.027190 0.068849
v 0.019586 -0.027866 0.001250
v 0.014563 -0.026864 0.024300
v -0.017500 -0.026928 0.005239
v 0.019269 -0.027549 0.006326
v -0.000014 -0.028109 0.068229
v -0.009848 -0.026763 0.029400
v -0.009411 -0.027781 0.029400
v -0.009299 -0.027980 0.029400
v -0.000930 -0.027980 0.029400
v -0.000391 -0.027906 0.029400
v 0.000934 -0.027418 0.029400
v 0.002161 -0.026722 0.029400
v 0.002399 -0.027073 0.029306
v -0.020091 -0.026674 0.005298
v 0.018211 -0.027019 0.031519
v 0.003425 -0.026939 0.007000
v -0.009843 -0.026765 0.007000
v -0.012751 -0.028580 0.068700
v -0.013075 -0.028333 0.068453
v 0.019319 -0.027784 0.073432
v -0.000202 -0.028417 0.068537
v 0.020115 -0.027666 0.071621
v 0.002609 -0.027382 0.029003
v 0.019728 -0.028008 0.002000
v 0.019605 -0.027885 0.005850
v -0.012313 -0.028693 0.068813
v -0.035542 -0.027142 0.005060
v -0.035556 -0.027719 0.005295
v -0.035558 -0.027718 0.005296
v 0.022752 -0.027348 0.049755
v 0.022566 -0.027557 0.050681
v -0.032500 -0.027493 0.006571
v -0.010100 -0.027187 0.028864
v -0.010100 -0.027187 0.007536
v -0.000576 -0.028631 0.068751
v 0.022116 -0.028728 0.037254
v 0.019728 -0.028008 0.005200
v 0.015050 -0.027707 0.012100
v 0.015050 -0.027707 0.023300
v -0.035409 -0.027774 0.005230
v -0.035412 -0.027774 0.005230
v -0.035471 -0.027761 0.005239
v -0.012200 -0.028697 0.068817
v -0.001000 -0.028697 0.068817
v 0.002715 -0.027537 0.028568
v 0.013061 -0.027519 0.024300
v 0.013517 -0.027376 0.024300
v 0.020697 -0.028234 0.033428
v 0.002857 -0.027775 0.007125
v 0.016396 -0.026899 0.075359
v -0.035253 -0.027808 0.005207
v 0.002723 -0.027549 0.028400
v 0.016390 -0.027153 0.075242
v 0.016335 -0.029150 0.074014
v 0.016360 -0.028353 0.074594
v 0.016371 -0.028002 0.074849
v 0.002656 -0.027364 0.007000
v 0.017975 -0.028522 0.000701
v 0.017534 -0.027916 0.000500
v 0.018171 -0.027895 0.032129
v 0.018202 -0.027208 0.031651
v 0.019854 -0.028462 0.033079
v 0.018660 -0.028076 0.073938
v 0.004100 -0.027980 0.034300
v 0.002500 -0.030480 0.034300
v 0.002500 -0.026980 0.034300
v 0.007000 -0.027230 0.031618
v 0.007000 -0.029661 0.034050
v 0.007000 -0.031126 0.037161
v 0.020054 -0.028209 0.070977
v 0.012543 -0.027853 0.011114
v 0.019768 -0.028196 0.072184
v -0.017500 -0.027493 0.006571
v 0.003268 -0.027759 0.058310
v 0.003100 -0.027763 0.058323
v 0.003703 -0.027693 0.058134
v 0.004006 -0.027562 0.057784
v 0.004100 -0.027413 0.057387
v 0.004100 -0.027719 0.057205
v -0.035670 -0.027645 0.005400
v 0.001269 -0.028141 0.029003
v 0.001112 -0.027802 0.029306
v 0.003011 -0.028090 0.007449
v 0.022498 -0.027308 0.051376
v 0.022393 -0.028264 0.051272
v 0.017910 -0.028272 0.074309
v -0.035645 -0.027674 0.005353
v 0.019995 -0.028608 0.070247
v -0.010100 -0.027955 0.028375
v -0.010100 -0.027955 0.008025
v -0.013200 -0.028009 0.068129
v 0.003912 -0.027725 0.008000
v 0.003081 -0.028233 0.007887
v -0.017500 -0.028511 0.027650
v -0.014500 -0.028511 0.008750
v 0.018126 -0.028531 0.032759
v 0.018086 -0.029091 0.033313
v 0.001011 -0.027972 0.007006
v 0.012625 -0.028158 0.024175
v 0.012716 -0.028496 0.023851
v 0.022412 -0.027480 0.051669
v 0.022403 -0.027870 0.051472
v 0.022555 -0.028018 0.050254
v 0.012656 -0.028273 0.011302
v 0.012507 -0.027716 0.024300
v 0.001348 -0.028311 0.028568
v 0.021936 -0.029216 0.038506
v 0.019253 -0.028665 0.072701
v 0.004094 -0.027736 0.057224
v 0.021854 -0.028526 0.035625
v 0.019944 -0.028849 0.069459
v 0.018298 -0.028967 0.001250
v 0.019797 -0.028896 0.068650
v 0.019938 -0.028961 0.064364
v 0.020364 -0.028961 0.060036
v 0.021099 -0.028961 0.055738
v 0.021906 -0.028949 0.052282
v 0.021914 -0.028931 0.052275
v 0.022204 -0.028347 0.052052
v -0.017500 -0.028980 0.010461
v -0.032500 -0.030820 0.015275
v -0.032500 -0.031480 0.007446
v 0.001354 -0.028324 0.028400
v 0.018034 -0.028603 0.006326
v 0.002026 -0.027980 0.024300
v 0.022153 -0.028937 0.050803
v 0.004006 -0.027997 0.057525
v 0.012757 -0.028650 0.023413
v -0.035835 -0.028277 0.005935
v -0.009500 -0.028980 0.007000
v 0.012734 -0.028565 0.011676
v -0.035859 -0.029066 0.006227
v -0.035835 -0.029098 0.006179
v -0.035747 -0.029144 0.006120
v 0.003703 -0.028243 0.057807
v 0.013522 -0.028340 0.023300
v 0.013522 -0.028340 0.012100
v 0.010300 -0.028006 0.024300
v 0.010300 -0.028320 0.024214
v -0.035659 -0.029190 0.006061
v 0.004100 -0.028939 0.055947
v 0.003084 -0.028238 0.008000
v 0.003212 -0.028369 0.057952
v 0.003268 -0.028366 0.057949
v -0.035598 -0.029203 0.006052
v 0.003100 -0.028375 0.057960
v 0.003576 -0.027980 0.011100
v -0.035347 -0.028525 0.005611
v 0.001111 -0.028358 0.007094
v -0.024476 -0.028010 0.090476
v -0.000276 -0.028314 0.029306
v -0.000176 -0.028674 0.029003
v 0.010300 -0.028315 0.011187
v 0.010300 -0.028148 0.011114
v 0.018416 -0.029129 0.002000
v 0.021808 -0.029348 0.039800
v 0.021870 -0.029209 0.052109
v 0.018313 -0.028988 0.005850
v 0.021219 -0.029022 0.035204
v 0.020479 -0.029407 0.034844
v -0.025029 -0.029947 0.089563
v -0.000930 -0.028323 0.029324
v 0.016604 -0.029363 0.000701
v 0.016263 -0.028695 0.000500
v -0.013200 -0.028766 0.067262
v -0.024880 -0.030486 0.089737
v -0.024994 -0.030440 0.089596
v -0.010100 -0.028444 0.027607
v -0.009428 -0.028980 0.028170
v -0.009299 -0.028980 0.028400
v -0.009144 -0.028909 0.028744
v -0.009142 -0.028325 0.029331
v -0.009104 -0.028508 0.029224
v -0.009064 -0.028686 0.029108
v -0.009153 -0.028315 0.007078
v -0.009072 -0.028677 0.007298
v -0.009072 -0.028680 0.007300
v -0.009066 -0.028728 0.007336
v -0.009138 -0.028915 0.007654
v -0.009142 -0.028923 0.007668
v -0.010100 -0.028444 0.008793
v 0.000753 -0.028316 0.007075
v -0.024720 -0.030518 0.089828
v -0.018090 -0.029174 0.041700
v -0.018300 -0.029049 0.041860
v -0.018300 -0.027980 0.041700
v -0.018300 -0.027980 0.037300
v -0.018300 -0.031480 0.037300
v 0.003890 -0.029174 0.041700
v -0.017831 -0.029730 0.037300
v 0.003631 -0.029730 0.034300
v 0.001935 -0.028031 0.024299
v 0.002881 -0.028316 0.011194
v 0.003975 -0.029302 0.056226
v -0.024550 -0.030529 0.089842
v -0.024491 -0.028517 0.090348
v 0.018416 -0.029129 0.005200
v 0.001332 -0.028313 0.024202
v 0.018599 -0.029036 0.073134
v 0.001253 -0.028902 0.007832
v 0.001206 -0.028720 0.007397
v -0.000014 -0.029487 0.066434
v -0.000125 -0.028855 0.028568
v 0.010300 -0.028464 0.024175
v 0.010300 -0.028668 0.023986
v 0.019700 -0.028824 0.071418
v 0.004100 -0.029251 0.041925
v 0.001254 -0.028906 0.007887
v 0.019671 -0.029663 0.034559
v 0.001256 -0.028915 0.008000
v 0.003651 -0.029580 0.056440
v 0.021564 -0.029726 0.051411
v 0.022128 -0.028980 0.050837
v 0.021760 -0.029458 0.051923
v 0.017856 -0.029289 0.073457
v 0.010300 -0.028669 0.011408
v 0.010300 -0.028583 0.011302
v -0.035925 -0.028981 0.006356
v -0.000121 -0.028869 0.028400
v 0.000825 -0.028551 0.024121
v -0.000930 -0.028672 0.029088
v -0.000930 -0.028404 0.029306
v -0.009106 -0.028421 0.007102
v 0.002504 -0.028499 0.011245
v 0.000753 -0.028404 0.007094
v -0.009123 -0.028367 0.029322
v -0.012751 -0.030064 0.066767
v -0.013075 -0.029760 0.066592
v 0.012759 -0.028656 0.012100
v 0.012759 -0.028656 0.023300
v 0.000753 -0.028668 0.007308
v 0.003213 -0.029706 0.056537
v 0.003100 -0.029711 0.056541
v 0.000000 -0.030266 0.055738
v -0.017300 -0.029331 0.055167
v -0.017468 -0.029324 0.055155
v -0.017903 -0.029236 0.054989
v -0.018206 -0.029061 0.054658
v -0.018300 -0.028862 0.054283
v -0.000202 -0.029863 0.066651
v -0.010100 -0.028770 0.027094
v -0.009846 -0.028980 0.027184
v -0.009299 -0.028980 0.008000
v -0.010100 -0.028770 0.009306
v -0.036457 -0.029611 0.015942
v -0.036391 -0.029675 0.011254
v -0.036391 -0.029680 0.024764
v -0.036393 -0.029678 0.033569
v 0.010300 -0.028814 0.023851
v 0.010300 -0.028892 0.023637
v 0.002028 -0.028666 0.011414
v -0.017500 -0.028980 0.025900
v -0.014500 -0.028980 0.010500
v 0.016853 -0.029852 0.001250
v -0.035436 -0.029237 0.006027
v 0.020981 -0.029850 0.036662
v -0.036187 -0.029865 0.008747
v -0.036391 -0.029680 0.038049
v 0.000480 -0.028667 0.023989
v 0.010300 -0.028904 0.011757
v 0.010300 -0.028886 0.011676
v -0.012313 -0.030202 0.066847
v 0.016649 -0.029452 0.006326
v 0.019062 -0.030198 0.069776
v 0.019635 -0.029285 0.070552
v -0.001000 -0.029200 0.068163
v -0.000576 -0.030125 0.066803
v 0.010300 -0.028974 0.023413
v 0.010300 -0.028980 0.023300
v 0.010300 -0.028980 0.012100
v -0.036277 -0.029795 0.042635
v 0.018534 -0.029808 0.072172
v 0.019183 -0.029371 0.071826
v 0.001526 -0.028841 0.011591
v -0.000121 -0.028869 0.023758
v 0.000753 -0.028778 0.007397
v -0.000930 -0.028778 0.029003
v -0.000930 -0.028893 0.028735
v -0.009121 -0.028899 0.028795
v -0.012200 -0.029200 0.068163
v 0.015118 -0.029978 0.000701
v 0.014886 -0.029265 0.000500
v -0.035915 -0.030075 0.006996
v 0.000753 -0.028893 0.007663
v 0.020805 -0.030354 0.038209
v -0.013200 -0.029364 0.066363
v -0.010100 -0.028980 0.025900
v -0.009948 -0.028980 0.026944
v -0.010092 -0.028980 0.010261
v -0.010100 -0.028980 0.010500
v -0.009876 -0.028980 0.009229
v -0.009876 -0.028980 0.009227
v 0.001256 -0.028915 0.011747
v 0.019787 -0.028933 0.068650
v 0.018924 -0.030198 0.068686
v 0.019641 -0.029480 0.068656
v -0.000930 -0.028966 0.028568
v -0.000930 -0.028980 0.028400
v -0.018206 -0.029573 0.054199
v -0.018300 -0.029222 0.053961
v -0.000329 -0.028897 0.023640
v 0.001246 -0.028917 0.011754
v 0.000753 -0.028966 0.007832
v -0.000930 -0.028980 0.023300
v 0.000753 -0.028980 0.008000
v 0.000753 -0.028980 0.012100
v 0.021586 -0.029743 0.039800
v 0.004100 -0.029439 0.055225
v 0.021682 -0.029399 0.052454
v 0.019038 -0.030323 0.064311
v 0.019471 -0.030323 0.059916
v 0.020862 -0.030306 0.052777
v 0.020933 -0.030254 0.052757
v 0.021020 -0.030190 0.052733
v 0.020217 -0.030323 0.055553
v 0.016944 -0.030031 0.002000
v -0.035934 -0.030129 0.047261
v -0.017500 -0.031480 0.018847
v -0.017500 -0.030820 0.015275
v -0.009500 -0.029930 0.006500
v -0.009500 -0.029730 0.000500
v -0.009500 -0.031230 0.002000
v -0.009500 -0.031230 0.005200
v -0.009500 -0.029730 0.000000
v -0.035869 -0.030151 0.006865
v 0.016865 -0.029876 0.005850
v 0.020264 -0.030257 0.036414
v 0.017798 -0.030110 0.072435
v -0.018300 -0.029263 0.041952
v -0.017903 -0.029882 0.054409
v 0.018033 -0.029632 0.034071
v -0.035755 -0.030211 0.006751
v 0.016944 -0.030031 0.005200
v 0.016323 -0.029409 0.073730
v -0.018300 -0.030281 0.042389
v -0.017764 -0.029687 0.041700
v 0.003564 -0.029687 0.041700
v -0.035605 -0.030244 0.006674
v -0.001000 -0.030207 0.066850
v -0.012200 -0.030207 0.066850
v -0.035469 -0.029780 0.006356
v -0.018300 -0.029918 0.052733
v -0.018300 -0.030730 0.056799
v -0.018300 -0.031480 0.055500
v -0.017468 -0.030037 0.054515
v 0.004100 -0.029259 0.041926
v -0.013200 -0.030019 0.064861
v -0.013200 -0.029876 0.065318
v 0.003075 -0.030455 0.041700
v 0.004100 -0.030480 0.042501
v 0.013554 -0.030354 0.000701
v 0.013436 -0.029613 0.000500
v 0.019118 -0.029888 0.070838
v 0.016323 -0.029412 0.073727
v 0.016293 -0.030110 0.072960
v 0.003975 -0.030275 0.054657
v -0.017300 -0.030049 0.054523
v 0.015287 -0.030500 0.001250
v 0.018472 -0.030373 0.071084
v 0.020714 -0.030516 0.052486
v 0.019490 -0.030537 0.036211
v 0.016253 -0.030815 0.071778
v 0.016283 -0.030280 0.072675
v 0.004100 -0.029864 0.054456
v 0.015148 -0.030073 0.006326
v 0.021440 -0.029891 0.051537
v 0.020493 -0.030692 0.052182
v 0.021386 -0.029962 0.051592
v -0.000014 -0.030353 0.064343
v -0.035252 -0.030767 0.051847
v -0.017903 -0.030641 0.053069
v -0.018206 -0.030302 0.052912
v 0.003651 -0.030590 0.054811
v -0.036054 -0.030806 0.011329
v -0.036119 -0.030739 0.015930
v 0.011950 -0.030480 0.000701
v 0.011950 -0.029730 0.000500
v 0.018019 -0.029768 0.034260
v 0.017989 -0.030079 0.034696
v 0.017912 -0.030689 0.035975
v -0.035856 -0.031003 0.008923
v -0.036051 -0.030811 0.024758
v -0.036053 -0.030808 0.033575
v -0.036051 -0.030810 0.038036
v -0.017275 -0.030455 0.041700
v 0.003100 -0.030225 0.055712
v 0.003213 -0.030733 0.054881
v 0.020662 -0.030416 0.039800
v -0.016550 -0.031011 0.037300
v 0.002350 -0.031011 0.034300
v 0.002366 -0.030980 0.034300
v -0.009500 -0.030480 0.000701
v -0.009500 -0.031029 0.001250
v 0.004094 -0.030472 0.052811
v 0.004100 -0.030448 0.052804
v 0.004100 -0.030480 0.052553
v -0.013075 -0.030658 0.064425
v -0.012751 -0.030996 0.064516
v -0.035409 -0.030240 0.006646
v -0.035937 -0.030929 0.042568
v 0.017744 -0.030714 0.071276
v 0.013569 -0.030453 0.006326
v 0.015349 -0.030692 0.002000
v -0.000202 -0.030772 0.064456
v -0.035915 -0.030092 0.007006
v -0.035914 -0.030212 0.007076
v -0.035675 -0.031135 0.007646
v -0.013200 -0.030215 0.064307
v 0.015295 -0.030526 0.005850
v -0.017468 -0.030811 0.053148
v -0.018300 -0.030406 0.051409
v -0.009500 -0.030580 0.006326
v 0.011950 -0.030580 0.006326
v 0.013639 -0.030896 0.001250
v -0.022500 -0.030730 0.056799
v -0.034254 -0.031673 0.056246
v 0.015349 -0.030692 0.005200
v -0.017300 -0.030824 0.053154
v -0.013200 -0.030480 0.053826
v -0.012313 -0.031150 0.064557
v -0.000576 -0.031065 0.064534
v -0.035594 -0.031276 0.047102
v -0.035518 -0.031239 0.007404
v -0.035627 -0.031200 0.007520
v 0.018895 -0.030226 0.068687
v 0.018178 -0.030944 0.068717
v 0.017696 -0.031079 0.070027
v -0.012200 -0.030840 0.065321
v -0.001000 -0.030840 0.065321
v -0.013200 -0.030506 0.062100
v -0.013114 -0.030820 0.062100
v 0.003100 -0.030738 0.054884
v 0.017672 -0.031210 0.064231
v -0.035318 -0.030941 0.007089
v -0.035379 -0.031247 0.007319
v 0.019356 -0.031069 0.037977
v 0.000000 -0.030480 0.055376
v 0.004006 -0.030858 0.052911
v -0.018300 -0.030480 0.042501
v -0.018206 -0.030814 0.051524
v -0.017903 -0.031174 0.051624
v 0.020077 -0.030887 0.052995
v 0.018877 -0.031210 0.055272
v 0.018114 -0.031210 0.059734
v 0.019352 -0.031173 0.053152
v 0.019474 -0.031125 0.053126
v -0.000087 -0.030815 0.062100
v -0.000014 -0.030648 0.062100
v 0.011950 -0.031029 0.001250
v 0.019737 -0.031088 0.039800
v -0.018224 -0.030823 0.050870
v -0.018300 -0.030480 0.050870
v -0.025087 -0.032884 0.088750
v -0.025063 -0.032907 0.088806
v -0.025148 -0.032821 0.088599
v -0.025088 -0.032882 0.088746
v 0.013644 -0.030923 0.005850
v -0.017644 -0.031409 0.042656
v -0.018008 -0.031186 0.042736
v -0.016507 -0.030944 0.041700
v -0.017070 -0.031480 0.042372
v -0.017300 -0.031480 0.042501
v -0.018231 -0.030825 0.042657
v 0.004022 -0.030815 0.042647
v 0.003802 -0.031177 0.042727
v 0.003800 -0.031180 0.042728
v 0.003764 -0.031228 0.042734
v 0.003446 -0.031415 0.042662
v 0.003432 -0.031423 0.042658
v 0.002307 -0.030944 0.041700
v 0.004025 -0.030816 0.052553
v -0.000094 -0.030816 0.054681
v -0.013199 -0.030531 0.053735
v 0.002366 -0.030980 0.029800
v 0.002000 -0.031346 0.029800
v 0.001500 -0.031480 0.029800
v -0.024976 -0.032940 0.088877
v -0.024974 -0.032940 0.088879
v -0.024884 -0.032973 0.088951
v 0.013671 -0.031095 0.002000
v 0.019343 -0.031230 0.052985
v 0.019456 -0.031197 0.052717
v 0.019726 -0.031065 0.052577
v -0.024652 -0.033005 0.089001
v -0.024558 -0.030803 0.089773
v -0.024822 -0.032982 0.088965
v -0.013102 -0.030813 0.053132
v 0.017891 -0.030860 0.036333
v -0.009500 -0.031056 0.005850
v 0.011950 -0.031056 0.005850
v 0.003268 -0.031402 0.053053
v 0.003703 -0.031220 0.053006
v -0.017468 -0.031355 0.051675
v -0.013075 -0.030964 0.062100
v -0.012886 -0.031168 0.062100
v 0.013671 -0.031095 0.005200
v 0.016244 -0.030921 0.071468
v 0.016237 -0.031009 0.071210
v 0.016212 -0.031315 0.070311
v -0.022500 -0.031279 0.056250
v -0.018300 -0.031279 0.056250
v 0.003212 -0.031406 0.053054
v 0.003100 -0.031415 0.053056
v -0.035502 -0.031847 0.011410
v -0.035568 -0.031779 0.015917
v -0.034919 -0.031939 0.051569
v -0.000308 -0.031169 0.062100
v -0.000202 -0.031083 0.062100
v -0.035304 -0.032049 0.009115
v -0.035497 -0.031853 0.024752
v -0.035499 -0.031850 0.033581
v -0.035497 -0.031852 0.038023
v -0.017300 -0.031369 0.051679
v -0.013021 -0.031051 0.052625
v -0.017989 -0.031172 0.050870
v -0.018206 -0.030904 0.050870
v 0.003998 -0.030920 0.042693
v -0.000145 -0.030999 0.054304
v 0.004006 -0.030904 0.052553
v -0.032500 -0.031480 0.018847
v -0.018222 -0.030867 0.042677
v -0.012200 -0.031156 0.064559
v -0.004201 -0.031480 0.062100
v -0.001000 -0.031156 0.064559
v 0.003791 -0.031168 0.052553
v 0.017858 -0.031085 0.037172
v 0.011950 -0.031230 0.002000
v -0.035380 -0.031974 0.042495
v -0.035204 -0.031215 0.007273
v -0.015994 -0.031270 0.041700
v -0.016084 -0.031480 0.041954
v 0.003100 -0.031480 0.042501
v 0.001794 -0.031270 0.041700
v 0.002346 -0.031013 0.034300
v 0.017632 -0.031091 0.068740
v -0.012751 -0.031314 0.062100
v -0.012537 -0.031392 0.062100
v -0.000314 -0.031166 0.053828
v -0.035665 -0.031172 0.007669
v -0.035633 -0.031298 0.007747
v -0.035190 -0.032116 0.008277
v -0.014800 -0.031480 0.037300
v 0.000600 -0.031480 0.034300
v 0.001500 -0.031480 0.034300
v 0.002000 -0.031346 0.034300
v -0.033019 -0.032747 0.060487
v 0.016209 -0.031331 0.070161
v -0.012889 -0.031167 0.052280
v 0.011950 -0.031230 0.005200
v -0.000657 -0.031404 0.062100
v -0.000576 -0.031386 0.062100
v 0.017821 -0.031336 0.038107
v 0.017831 -0.031265 0.037845
v 0.019293 -0.031178 0.039800
v 0.016180 -0.031480 0.068800
v 0.017595 -0.031101 0.068741
v 0.016143 -0.031480 0.067057
v -0.012313 -0.031474 0.062100
v -0.012200 -0.031480 0.062100
v -0.001000 -0.031480 0.062100
v -0.000491 -0.031341 0.053326
v -0.012658 -0.031369 0.051679
v 0.003703 -0.031278 0.052553
v -0.017903 -0.031278 0.050870
v 0.018920 -0.031344 0.053245
v -0.017635 -0.031393 0.050870
v 0.019185 -0.031257 0.052842
v 0.017798 -0.031480 0.039800
v -0.017695 -0.031399 0.042679
v -0.035152 -0.032173 0.008157
v 0.016321 -0.031480 0.064152
v 0.016740 -0.031480 0.059551
v 0.017535 -0.031480 0.054987
v 0.016527 -0.031480 0.060774
v -0.035166 -0.031304 0.007333
v 0.003437 -0.031393 0.052553
v 0.017798 -0.031480 0.053477
v 0.018290 -0.031456 0.053254
v -0.034929 -0.032177 0.007948
v -0.035052 -0.032191 0.008040
v -0.014800 -0.031480 0.041700
v -0.015844 -0.031480 0.041852
v 0.000839 -0.031480 0.041708
v 0.000600 -0.031480 0.041700
v 0.001871 -0.031480 0.041924
v 0.001873 -0.031480 0.041924
v -0.035031 -0.032330 0.046928
v -0.022500 -0.031480 0.055500
v -0.034868 -0.032021 0.007813
v -0.034155 -0.032948 0.008468
v -0.034786 -0.032127 0.007889
v -0.000647 -0.031415 0.053056
v -0.017468 -0.031466 0.050870
v -0.017300 -0.031480 0.050870
v -0.012540 -0.031397 0.051471
v -0.000654 -0.031417 0.053046
v 0.003268 -0.031466 0.052553
v -0.012200 -0.031480 0.050870
v 0.003100 -0.031480 0.052553
v -0.001000 -0.031480 0.052553
v -0.022432 -0.031480 0.064256
v -0.022500 -0.036841 0.066477
v -0.022485 -0.036845 0.066320
v -0.022399 -0.031480 0.064127
v -0.022328 -0.036856 0.065974
v -0.022436 -0.036849 0.066212
v -0.022264 -0.031480 0.063978
v -0.022272 -0.036857 0.065930
v -0.022147 -0.031480 0.063849
v -0.022044 -0.036863 0.065751
v -0.022003 -0.031480 0.063797
v -0.022008 -0.036863 0.065743
v -0.021823 -0.031480 0.063731
v -0.021750 -0.031480 0.063728
v -0.021750 -0.036865 0.065688
v -0.007800 -0.031480 0.063728
v -0.005844 -0.031480 0.063304
v -0.005348 -0.031480 0.062940
v -0.015334 -0.034391 0.064787
v -0.015282 -0.034295 0.064752
v -0.014948 -0.034082 0.064675
v -0.014553 -0.033980 0.064638
v -0.014867 -0.034030 0.064656
v -0.015521 -0.034847 0.064953
v -0.015523 -0.034736 0.064913
v -0.007800 -0.033980 0.064638
v -0.006219 -0.033980 0.064365
v -0.005328 -0.033980 0.063868
v -0.004800 -0.033980 0.063573
v -0.003541 -0.031480 0.061018
v -0.004158 -0.033338 0.062729
v -0.003163 -0.031480 0.060398
v -0.002800 -0.031480 0.058407
v -0.003543 -0.032723 0.061471
v -0.003144 -0.032324 0.060654
v -0.002800 -0.031980 0.058589
v -0.002800 -0.031480 0.007446
v -0.002800 -0.031980 0.007785
v -0.003809 -0.032989 0.008498
v -0.014955 -0.034071 0.009306
v -0.015277 -0.034290 0.009474
v -0.014553 -0.033980 0.009236
v -0.014928 -0.034053 0.009291
v -0.033567 -0.033531 0.008897
v -0.015332 -0.034392 0.009554
v -0.015525 -0.034745 0.009831
v -0.033925 -0.032881 0.055871
v -0.034812 -0.032703 0.018401
v -0.034827 -0.032688 0.015903
v -0.034840 -0.032675 0.013594
v -0.034759 -0.032757 0.011494
v -0.034556 -0.032960 0.009314
v -0.034738 -0.032777 0.010973
v -0.034772 -0.032744 0.034488
v -0.034774 -0.032742 0.033588
v -0.034743 -0.032773 0.038008
v -0.034796 -0.032719 0.024745
v -0.034348 -0.033009 0.051264
v -0.034724 -0.032792 0.040348
v -0.034624 -0.032892 0.042419
v -0.034550 -0.032966 0.043956
v -0.035169 -0.032155 0.008303
v -0.035058 -0.032360 0.008436
v -0.034422 -0.033043 0.008708
v -0.034445 -0.033034 0.008752
v -0.034508 -0.033009 0.008874
v -0.034261 -0.033002 0.008540
v -0.034299 -0.033022 0.008566
v -0.034361 -0.033033 0.008637
v -0.034215 -0.033299 0.047302
v -0.034270 -0.033244 0.046749
v -0.031066 -0.036173 0.011343
v -0.004800 -0.033980 0.009236
v -0.030140 -0.035073 0.068561
v -0.032686 -0.033998 0.060039
v -0.031494 -0.035807 0.011035
v -0.025167 -0.033020 0.088452
v -0.033338 -0.033973 0.055456
v -0.025122 -0.033155 0.088558
v -0.025010 -0.033282 0.088649
v -0.024996 -0.033127 0.088789
v -0.024834 -0.033195 0.088862
v -0.024661 -0.033210 0.088859
v -0.030698 -0.036291 0.011133
v -0.033701 -0.033798 0.050384
v -0.033568 -0.033923 0.050946
v -0.026240 -0.034320 0.082132
v -0.025167 -0.033027 0.088447
v -0.025558 -0.033619 0.085720
v -0.025195 -0.033128 0.088231
v -0.025146 -0.033299 0.088258
v -0.030854 -0.036292 0.011260
v -0.030803 -0.036292 0.011218
v -0.030904 -0.036286 0.011305
v -0.030892 -0.036293 0.011291
v -0.024847 -0.033371 0.088702
v -0.024664 -0.033264 0.088822
v -0.024669 -0.033376 0.088745
v -0.022500 -0.033510 0.088558
v -0.025145 -0.033303 0.088258
v -0.025125 -0.033370 0.088269
v -0.025028 -0.033398 0.088476
v -0.024863 -0.033502 0.088503
v -0.026164 -0.034499 0.082152
v -0.025037 -0.033457 0.088274
v -0.026054 -0.034662 0.082161
v -0.024682 -0.033483 0.088544
v -0.025035 -0.033460 0.088275
v -0.024944 -0.033549 0.088280
v -0.024685 -0.033515 0.088485
v -0.024878 -0.033568 0.088275
v -0.024697 -0.033608 0.088309
v -0.015525 -0.034847 0.009914
v -0.030557 -0.036276 0.011099
v -0.030606 -0.036277 0.011102
v -0.025890 -0.034773 0.082149
v -0.024700 -0.033619 0.088262
v -0.025714 -0.034812 0.082121
v -0.027223 -0.035987 0.076080
v -0.032920 -0.034533 0.053693
v -0.032519 -0.034893 0.055020
v -0.032075 -0.035117 0.059538
v -0.029974 -0.036619 0.066442
v -0.029764 -0.036416 0.068051
v -0.029997 -0.036633 0.066210
v -0.030140 -0.036723 0.064743
v -0.028731 -0.036138 0.072404
v -0.027649 -0.035668 0.076146
v -0.027629 -0.035734 0.076153
v -0.027542 -0.035823 0.076144
v -0.028586 -0.036242 0.072812
v -0.027391 -0.035933 0.076120
v -0.027455 -0.035912 0.076135
v -0.015513 -0.035260 0.065104
v -0.015526 -0.035211 0.010207
v -0.015513 -0.035260 0.010362
v -0.015520 -0.035236 0.010284
v -0.031215 -0.036035 0.059011
v -0.031790 -0.035550 0.057435
v -0.028467 -0.036142 0.073322
v -0.029560 -0.036543 0.068546
v -0.029344 -0.036503 0.069645
v -0.029159 -0.036491 0.070400
v -0.031060 -0.036166 0.059435
v -0.030210 -0.036767 0.064032
v -0.030205 -0.036764 0.064082
v -0.015510 -0.035280 0.010263
v -0.015497 -0.035349 0.010319
v -0.015369 -0.035742 0.065279
v -0.015100 -0.036601 0.058984
v -0.015097 -0.036613 0.058773
v -0.014886 -0.037244 0.051973
v -0.014739 -0.037676 0.036206
v -0.014587 -0.038106 0.020438
v -0.014791 -0.037527 0.017227
v -0.014814 -0.037459 0.016967
v -0.015064 -0.036713 0.014154
v -0.015128 -0.036509 0.013600
v -0.015414 -0.035596 0.011115
v -0.015502 -0.035547 0.010484
v -0.015511 -0.035919 0.010794
v -0.015586 -0.035873 0.010755
v -0.015200 -0.036955 0.013458
v -0.015107 -0.036738 0.013520
v -0.028396 -0.036284 0.073332
v -0.028370 -0.036336 0.073336
v -0.015221 -0.036223 0.065454
v -0.015700 -0.036865 0.065688
v -0.015487 -0.036816 0.065670
v -0.028286 -0.036405 0.073329
v -0.015869 -0.036276 0.011099
v -0.015669 -0.036195 0.011029
v -0.015773 -0.036259 0.011084
v -0.028203 -0.036475 0.073322
v -0.015661 -0.036190 0.011025
v -0.027627 -0.036258 0.074686
v -0.028147 -0.036490 0.073311
v -0.028669 -0.036311 0.072460
v -0.028696 -0.036321 0.072347
v -0.029472 -0.037478 0.055085
v -0.029510 -0.037448 0.055458
v -0.030094 -0.036980 0.061183
v -0.030152 -0.036933 0.061924
v -0.028696 -0.038069 0.049021
v -0.030985 -0.036243 0.011401
v -0.027058 -0.039282 0.032904
v -0.027258 -0.039139 0.036131
v -0.027319 -0.039096 0.037105
v -0.027891 -0.038681 0.042583
v -0.027967 -0.038625 0.043316
v -0.015387 -0.037108 0.013427
v -0.015206 -0.036439 0.065532
v -0.029853 -0.037174 0.013904
v -0.029705 -0.037251 0.013819
v -0.027996 -0.036531 0.073282
v -0.030627 -0.036283 0.011116
v -0.029653 -0.037169 0.013462
v -0.029547 -0.037253 0.013754
v -0.015604 -0.037139 0.013441
v -0.029083 -0.036613 0.070379
v -0.029055 -0.036656 0.070371
v -0.028976 -0.036712 0.070350
v -0.029673 -0.036564 0.067972
v -0.015205 -0.036449 0.065536
v -0.015082 -0.036815 0.059002
v -0.015300 -0.036668 0.065616
v -0.015173 -0.037044 0.059018
v -0.028897 -0.036767 0.070329
v -0.028508 -0.036791 0.071103
v -0.028847 -0.036777 0.070316
v -0.029930 -0.036721 0.066201
v -0.029830 -0.036792 0.066188
v -0.015483 -0.036815 0.065669
v -0.014789 -0.037682 0.016913
v -0.030039 -0.036886 0.064077
v -0.014880 -0.037909 0.016868
v -0.030004 -0.037016 0.061940
v -0.028709 -0.036806 0.070280
v -0.029717 -0.036835 0.066171
v -0.029462 -0.036829 0.066966
v -0.015363 -0.037201 0.059025
v -0.014872 -0.037443 0.051994
v -0.015675 -0.036944 0.063773
v -0.015663 -0.036982 0.063222
v -0.029573 -0.036856 0.066150
v -0.029818 -0.036932 0.064066
v -0.029810 -0.036914 0.064426
v -0.029837 -0.036976 0.063222
v -0.015069 -0.038067 0.016847
v -0.029858 -0.037023 0.062306
v -0.029369 -0.037523 0.055481
v -0.029837 -0.037044 0.061954
v -0.015570 -0.037274 0.059025
v -0.029245 -0.037518 0.055844
v -0.014962 -0.037674 0.052013
v -0.015542 -0.037338 0.013981
v -0.015334 -0.037966 0.016304
v -0.028633 -0.037983 0.016286
v -0.029813 -0.037207 0.013991
v -0.027932 -0.038651 0.024894
v -0.015526 -0.037409 0.057072
v -0.015153 -0.037833 0.052023
v -0.028835 -0.037973 0.016731
v -0.014781 -0.037555 0.048615
v -0.028646 -0.038081 0.016821
v -0.028630 -0.037986 0.016299
v -0.029202 -0.037551 0.055503
v -0.015386 -0.037823 0.052778
v -0.014633 -0.038125 0.044986
v -0.028557 -0.038151 0.049048
v -0.028857 -0.037815 0.052776
v -0.014559 -0.038332 0.020403
v -0.014666 -0.037880 0.044962
v -0.014722 -0.038358 0.045006
v -0.014504 -0.038335 0.039841
v -0.014465 -0.038441 0.037944
v -0.014378 -0.038677 0.033700
v -0.014366 -0.038709 0.030923
v -0.014357 -0.038734 0.028766
v -0.014378 -0.038676 0.027422
v -0.014425 -0.038550 0.024455
v -0.014446 -0.038493 0.023926
v -0.014574 -0.038143 0.020641
v -0.014647 -0.038565 0.020373
v -0.015361 -0.037896 0.052022
v -0.028389 -0.038173 0.049072
v -0.015214 -0.038330 0.047520
v -0.014913 -0.038520 0.045014
v -0.014838 -0.038727 0.020359
v -0.015285 -0.038115 0.016853
v -0.027816 -0.038608 0.019303
v -0.028501 -0.038084 0.016775
v -0.028794 -0.038004 0.016883
v -0.028077 -0.038544 0.019547
v -0.015063 -0.038755 0.020212
v -0.015277 -0.038139 0.016943
v -0.027839 -0.038687 0.019949
v -0.027700 -0.038694 0.019918
v -0.014428 -0.038687 0.037960
v -0.014412 -0.038729 0.023905
v -0.027740 -0.038761 0.042608
v -0.027754 -0.038660 0.044047
v -0.015137 -0.038546 0.045008
v -0.014500 -0.038966 0.023888
v -0.014516 -0.038923 0.037973
v -0.014946 -0.039083 0.038791
v -0.014708 -0.039087 0.037979
v -0.027994 -0.038605 0.019994
v -0.027603 -0.038769 0.042625
v -0.014339 -0.038926 0.027413
v -0.014692 -0.039129 0.023880
v -0.027504 -0.038963 0.022612
v -0.027437 -0.039011 0.023212
v -0.027159 -0.039210 0.025680
v -0.027124 -0.039235 0.026445
v -0.027000 -0.039323 0.029185
v -0.027007 -0.039318 0.029675
v -0.027047 -0.039290 0.032737
v -0.014325 -0.038962 0.030926
v -0.027282 -0.039093 0.023184
v -0.027321 -0.038974 0.021920
v -0.015057 -0.038772 0.020364
v -0.014992 -0.038951 0.021922
v -0.014426 -0.039163 0.027407
v -0.027104 -0.039220 0.036146
v -0.027127 -0.039117 0.038116
v -0.014412 -0.039199 0.030928
v -0.014911 -0.039177 0.023883
v -0.027150 -0.039099 0.023166
v -0.027252 -0.039025 0.022284
v -0.014618 -0.039328 0.027404
v -0.014933 -0.039116 0.038116
v -0.014833 -0.039388 0.032502
v -0.014604 -0.039364 0.030929
v -0.014931 -0.039123 0.037977
v -0.026967 -0.039318 0.026432
v -0.026883 -0.039292 0.025474
v -0.027046 -0.039176 0.037352
v -0.026970 -0.039230 0.036157
v -0.014841 -0.039367 0.027405
v -0.014907 -0.039187 0.023970
v -0.026838 -0.039325 0.026423
v -0.026916 -0.039354 0.032912
v -0.026762 -0.039378 0.032867
v -0.026858 -0.039394 0.029674
v -0.026737 -0.039396 0.028509
v -0.014832 -0.039391 0.027855
v -0.014832 -0.039391 0.028508
v -0.026724 -0.039406 0.029673
v -0.014833 -0.039389 0.030928
v -0.026715 -0.039412 0.028965
v -0.036200 -0.004100 0.022167
v -0.036200 -0.002706 0.022854
v -0.036200 0.000886 0.014855
v -0.036200 -0.001368 0.014979
v -0.036200 0.003130 0.015097
v -0.034700 -0.001368 0.014979
v -0.034700 0.000886 0.014855
v -0.036200 -0.003572 0.015466
v -0.034700 -0.003572 0.015466
v -0.036200 0.005306 0.015700
v -0.034700 0.003130 0.015097
v -0.036200 -0.005612 0.021804
v -0.036200 -0.005668 0.016303
v -0.034700 -0.005668 0.016303
v -0.036200 -0.001498 0.023833
v -0.036200 0.007355 0.016646
v -0.034700 0.005306 0.015700
v -0.036200 -0.007166 0.021784
v -0.036200 -0.007601 0.017469
v -0.034700 -0.007601 0.017469
v -0.036200 -0.000536 0.025054
v -0.036200 0.009224 0.017912
v -0.034700 0.007355 0.016646
v -0.036200 -0.008686 0.022107
v -0.036200 -0.009320 0.018932
v -0.034700 -0.009320 0.018932
v -0.036200 0.010863 0.019464
v -0.034700 0.009224 0.017912
v -0.036200 -0.010098 0.022758
v -0.036200 -0.010779 0.020655
v -0.034700 -0.010779 0.020655
v -0.036200 0.000134 0.026457
v -0.036200 0.012230 0.021261
v -0.034700 0.010863 0.019464
v -0.036200 -0.011331 0.023704
v -0.036200 -0.011941 0.022590
v -0.034700 -0.011941 0.022590
v -0.036200 0.013288 0.023255
v -0.034700 0.012230 0.021261
v -0.034700 -0.007166 0.021784
v -0.034700 -0.008686 0.022107
v -0.034700 -0.005612 0.021804
v -0.034700 -0.010098 0.022758
v -0.034700 -0.004100 0.022167
v -0.036200 -0.012325 0.024899
v -0.036200 -0.012773 0.024688
v -0.034700 -0.012773 0.024688
v -0.034700 -0.011331 0.023704
v -0.034700 -0.002706 0.022854
v -0.036200 0.000477 0.027973
v -0.036200 0.014009 0.025394
v -0.034700 0.013288 0.023255
v -0.034700 -0.012325 0.024899
v -0.034700 -0.001498 0.023833
v -0.036200 -0.012780 0.024806
v -0.034700 -0.012780 0.024806
v -0.036200 -0.012641 0.024988
v -0.036200 -0.012732 0.024914
v -0.034700 -0.012732 0.024914
v -0.036200 -0.012412 0.024979
v -0.034700 -0.012641 0.024988
v -0.036200 -0.012525 0.025011
v -0.034700 -0.012412 0.024979
v -0.034700 -0.012525 0.025011
v -0.034700 -0.000536 0.025054
v -0.036200 0.014374 0.027621
v -0.034700 0.014009 0.025394
v -0.034700 0.000134 0.026457
v -0.036200 0.014374 0.029879
v -0.034700 0.014374 0.027621
v -0.036200 0.000477 0.029527
v -0.036200 0.014009 0.032106
v -0.034700 0.000477 0.027973
v -0.036200 0.000134 0.031043
v -0.036200 0.013288 0.034245
v -0.034700 0.000477 0.029527
v -0.034700 0.014374 0.029879
v -0.036200 -0.000536 0.032446
v -0.036200 0.010863 0.038036
v -0.036200 0.012230 0.036239
v -0.034700 0.000134 0.031043
v -0.034700 0.014009 0.032106
v -0.036200 -0.001498 0.033667
v -0.036200 0.007355 0.040854
v -0.036200 0.009224 0.039588
v -0.034700 -0.000536 0.032446
v -0.036200 -0.012641 0.032512
v -0.036200 -0.012773 0.032812
v -0.036200 -0.012525 0.032489
v -0.036200 -0.012412 0.032521
v -0.034700 -0.012525 0.032489
v -0.034700 -0.012641 0.032512
v -0.036200 -0.012732 0.032586
v -0.036200 -0.012780 0.032694
v -0.034700 -0.012732 0.032586
v -0.036200 -0.012325 0.032601
v -0.034700 -0.012412 0.032521
v -0.034700 -0.012780 0.032694
v -0.036200 -0.011331 0.033796
v -0.034700 -0.011331 0.033796
v -0.034700 -0.012325 0.032601
v -0.034700 -0.012773 0.032812
v -0.036200 -0.011941 0.034910
v -0.034700 -0.011941 0.034910
v -0.036200 -0.002706 0.034645
v -0.036200 0.003130 0.042403
v -0.036200 0.005306 0.041800
v -0.034700 -0.001498 0.033667
v -0.036200 -0.010098 0.034742
v -0.034700 -0.010098 0.034742
v -0.034700 0.013288 0.034245
v -0.036200 -0.004100 0.035333
v -0.036200 0.000886 0.042645
v -0.034700 -0.002706 0.034645
v -0.036200 -0.010779 0.036845
v -0.036200 -0.008686 0.035393
v -0.034700 -0.008686 0.035393
v -0.034700 -0.010779 0.036845
v -0.036200 -0.005612 0.035696
v -0.036200 -0.003572 0.042034
v -0.036200 -0.001368 0.042521
v -0.034700 -0.004100 0.035333
v -0.036200 -0.009320 0.038567
v -0.036200 -0.007166 0.035716
v -0.034700 -0.007166 0.035716
v -0.036200 -0.007601 0.040031
v -0.036200 -0.005668 0.041196
v -0.034700 -0.005612 0.035696
v -0.034700 0.012230 0.036239
v -0.034700 -0.009320 0.038567
v -0.034700 0.010863 0.038036
v -0.034700 -0.007601 0.040031
v -0.034700 0.009224 0.039588
v -0.034700 -0.005668 0.041196
v -0.034700 0.007355 0.040854
v -0.034700 -0.003572 0.042034
v -0.034700 0.005306 0.041800
v -0.034700 -0.001368 0.042521
v -0.034700 0.003130 0.042403
v -0.034700 0.000886 0.042645
vn 0.0011 0.9997 -0.0243
vn -0.0008 1.0000 0.0051
vn -0.0008 0.9995 0.0304
vn 0.6993 0.7145 0.0217
vn 0.7189 0.6950 -0.0169
vn -0.1789 0.9839 0.0046
vn -0.2003 0.9789 -0.0401
vn -0.2037 0.9782 -0.0391
vn 0.0004 0.9992 -0.0402
vn 0.0038 1.0000 0.0050
vn -0.1789 0.9839 0.0047
vn 0.0004 1.0000 0.0051
vn -0.1808 0.9835 0.0051
vn -0.1808 0.9835 0.0046
vn -0.1934 0.9804 0.0367
vn 0.0016 0.9995 0.0304
vn 0.0011 0.9994 0.0336
vn 0.7021 0.7118 0.0216
vn 0.6991 0.7147 0.0231
vn 0.6993 0.7148 -0.0027
vn -0.0002 0.9997 -0.0243
vn 0.6883 0.7255 -0.0028
vn 0.7047 0.7084 -0.0404
vn 0.7046 0.7094 -0.0173
vn -0.0002 0.9992 -0.0402
vn 0.0002 0.9942 -0.1079
vn 0.0007 0.9916 -0.1294
vn 0.7130 0.7001 -0.0399
vn 0.6926 0.7152 -0.0934
vn -0.2038 0.9782 -0.0390
vn -0.1725 0.9793 -0.1055
vn -0.1854 0.9820 0.0366
vn -0.1855 0.9820 0.0346
vn -0.1878 0.9805 0.0575
vn -0.0000 0.9989 0.0473
vn 0.0012 0.9995 0.0304
vn -0.1725 0.9789 -0.1095
vn -0.1807 0.9779 -0.1054
vn 0.0017 0.9942 -0.1080
vn -0.5487 0.8354 -0.0337
vn -0.5488 0.8353 -0.0336
vn -0.5490 0.8358 0.0033
vn 0.7023 0.7115 0.0217
vn 0.7021 0.7117 0.0231
vn -0.5489 0.8351 0.0361
vn -0.0210 0.9992 -0.0328
vn -0.0000 0.9983 0.0577
vn -0.0000 0.9975 0.0711
vn -0.0000 0.9979 0.0649
vn -0.0063 0.9979 0.0640
vn -0.0023 0.9974 0.0719
vn 0.7077 0.7056 0.0361
vn -0.0646 0.9979 -0.0100
vn -0.0254 0.9985 0.0487
vn 0.7075 0.7058 0.0357
vn -0.0000 0.9979 0.0643
vn -0.0032 0.9979 0.0647
vn -0.0175 0.9990 0.0419
vn -0.0000 0.9969 0.0785
vn -0.0000 0.9969 0.0784
vn 0.7089 0.7042 0.0398
vn 0.7083 0.7047 0.0402
vn 0.0002 0.9969 0.0784
vn -0.0057 0.9974 0.0714
vn -0.0093 0.9973 0.0734
vn -0.0232 0.9977 0.0632
vn -0.1182 0.9929 0.0162
vn -0.0652 0.9967 0.0480
vn -0.0001 0.9969 0.0785
vn -0.0087 0.9972 0.0743
vn -0.0426 0.9968 0.0679
vn -0.0311 0.9969 0.0725
vn -0.0000 0.9969 0.0786
vn -0.0435 0.9968 0.0667
vn -0.0434 0.9968 0.0669
vn -0.1819 0.9824 0.0424
vn -0.0355 0.9963 0.0787
vn -0.1401 0.9893 0.0402
vn -0.0431 0.9968 0.0669
vn -0.0354 0.9963 0.0783
vn -0.1816 0.9825 0.0425
vn -0.0214 0.9969 0.0758
vn -0.1421 0.9879 0.0618
vn -0.0392 0.9964 0.0755
vn -0.1817 0.9824 0.0426
vn -0.0811 0.9944 0.0673
vn -0.2633 0.9625 0.0659
vn -0.1500 0.9858 0.0754
vn -0.0381 0.9964 0.0761
vn -0.0002 0.9969 0.0785
vn -0.0381 0.9964 0.0763
vn -0.1496 0.9859 0.0749
vn -0.0312 0.9964 0.0793
vn -0.0448 0.9957 0.0805
vn 0.0001 0.9969 0.0784
vn -0.2928 0.9541 0.0632
vn -0.2796 0.9576 0.0701
vn -0.1542 0.9852 0.0749
vn -0.5488 0.8352 0.0360
vn -0.5467 0.8330 0.0848
vn -0.5489 0.8309 -0.0908
vn -0.5490 0.8309 -0.0907
vn -0.0010 0.9916 -0.1294
vn 0.0051 0.9805 -0.1963
vn 0.0017 0.9941 -0.1081
vn 0.6918 0.7163 -0.0909
vn 0.6918 0.7160 -0.0935
vn -0.0315 0.9963 0.0799
vn -0.1682 0.9816 0.0908
vn -0.1683 0.9816 0.0898
vn -0.1683 0.9815 0.0913
vn -0.0754 0.9936 0.0847
vn -0.2887 0.9529 0.0927
vn -0.2886 0.9528 0.0940
vn -0.2886 0.9529 0.0936
vn -0.1868 0.9781 0.0914
vn -0.1937 0.9640 -0.1822
vn -0.1755 0.9656 -0.1920
vn -0.4099 0.9031 0.1277
vn -0.4201 0.8981 0.1302
vn -0.5462 0.8334 0.0846
vn -0.5384 0.8298 0.1466
vn -0.0674 0.9936 0.0906
vn -0.0543 0.9946 0.0883
vn -0.0675 0.9937 0.0895
vn -0.2440 0.9632 0.1130
vn -0.2436 0.9633 0.1127
vn -0.3591 0.9249 0.1246
vn -0.2474 0.9623 0.1134
vn -0.5489 0.8219 -0.1525
vn -0.5492 0.8217 -0.1523
vn 0.7082 0.7049 0.0399
vn 0.7128 0.7003 0.0374
vn 0.7221 0.6910 0.0344
vn 0.7136 0.6995 0.0373
vn 0.7148 0.6984 0.0369
vn 0.7176 0.6955 0.0361
vn 0.0010 0.9598 -0.2807
vn -0.0010 0.9806 -0.1962
vn 0.6894 0.7186 -0.0913
vn 0.7314 0.6545 -0.1914
vn -0.1755 0.9656 -0.1919
vn -0.0849 0.9920 0.0938
vn -0.0539 0.9944 0.0906
vn -0.2587 0.9568 0.1328
vn -0.2590 0.9567 0.1329
vn -0.2872 0.9485 0.1340
vn -0.2587 0.9568 0.1327
vn -0.3340 0.9312 0.1459
vn -0.3342 0.9311 0.1460
vn -0.3343 0.9311 0.1459
vn -0.5370 0.8308 0.1459
vn -0.5268 0.8283 0.1907
vn -0.8357 0.5488 -0.0214
vn -0.8358 0.5490 0.0009
vn -0.8358 0.5491 0.0009
vn -0.8356 0.5484 0.0319
vn 0.0012 0.9598 -0.2807
vn 0.0020 0.9570 -0.2901
vn 0.0005 0.9806 -0.1962
vn 0.7027 0.6965 -0.1455
vn 0.6925 0.6924 -0.2025
vn -0.5202 0.8359 0.1751
vn -0.3194 0.9367 0.1433
vn -0.3197 0.9366 0.1434
vn -0.2393 0.9601 0.1446
vn -0.3008 0.9412 0.1536
vn -0.1047 0.9888 0.1067
vn -0.2019 0.9378 -0.2825
vn -0.2015 0.9378 -0.2827
vn -0.0875 0.9908 0.1031
vn -0.5201 0.8360 0.1750
vn -0.8353 0.5489 0.0317
vn -0.8325 0.5461 0.0931
vn -0.8359 0.5459 -0.0570
vn -0.5567 0.8059 0.2016
vn -0.5400 0.8152 0.2096
vn -0.5486 0.8014 -0.2385
vn -0.5494 0.8010 -0.2379
vn -0.5400 0.8152 0.2095
vn -0.3548 0.9192 0.1708
vn -0.8314 0.5479 0.0926
vn -0.8202 0.5428 0.1806
vn -0.0002 0.9969 0.0788
vn -0.8360 0.5401 -0.0964
vn -0.8361 0.5401 -0.0964
vn -0.3548 0.9192 0.1709
vn -0.3384 0.9231 0.1829
vn -0.3940 0.8989 0.1918
vn -0.1419 0.9822 0.1227
vn 0.0001 0.9598 -0.2807
vn 0.0040 0.9219 -0.3874
vn 0.6962 0.6862 -0.2109
vn 0.6961 0.6891 -0.2015
vn -0.5400 0.8152 0.2094
vn -0.5785 0.7793 0.2410
vn 1.0000 -0.0000 -0.0000
vn 1.0000 0.0001 -0.0000
vn -0.8184 0.5459 0.1795
vn -0.8013 0.5416 0.2542
vn -0.1436 0.9820 0.1229
vn -0.1755 0.9078 -0.3809
vn -0.0000 0.9969 0.0782
vn 0.7184 -0.3406 0.6066
vn 0.5543 -0.2899 0.7802
vn 0.7084 0.7051 0.0321
vn 0.5144 -0.2760 0.8119
vn 0.7935 -0.2223 0.5665
vn 0.7788 -0.2287 0.5840
vn -0.5739 0.7834 0.2386
vn -0.5734 0.7834 0.2398
vn -0.4371 0.8751 0.2077
vn -0.1436 0.9820 0.1230
vn 0.2729 -0.3264 0.9050
vn 0.1953 -0.3295 0.9237
vn 0.1949 -0.3355 0.9217
vn 0.2733 -0.3231 0.9060
vn 0.0932 -0.3011 0.9490
vn -0.1755 0.9078 -0.3810
vn -0.0007 0.9219 -0.3874
vn -0.0000 -0.3420 0.9397
vn 0.0511 -0.3281 0.9433
vn 0.2309 -0.3328 0.9143
vn 0.3311 -0.3226 0.8867
vn 0.6428 -0.2853 0.7110
vn -0.4677 0.8584 0.2106
vn -0.1450 0.9817 0.1236
vn 0.3331 -0.2982 0.8945
vn 0.6473 -0.2603 0.7164
vn 0.7288 -0.2318 0.6444
vn 0.9202 -0.1574 0.3583
vn 0.7320 -0.2095 0.6483
vn 0.9242 -0.1280 0.3599
vn 0.9675 -0.0865 0.2377
vn 0.9964 -0.0430 0.0737
vn -0.0007 0.8892 -0.4576
vn 0.7004 0.6822 -0.2097
vn 0.7156 0.6211 -0.3196
vn -0.2381 0.9608 0.1417
vn -0.1833 0.8889 -0.4198
vn -0.2756 0.8865 -0.3717
vn 0.0004 0.9219 -0.3874
vn -0.8359 0.5273 -0.1524
vn -0.8364 0.5267 -0.1518
vn -0.5894 0.7680 0.2505
vn -0.6298 0.7347 0.2522
vn -0.7997 0.5445 0.2530
vn -0.7850 0.5419 0.3002
vn -0.5459 0.7570 -0.3592
vn -0.5490 0.7558 -0.3569
vn -0.9818 0.1897 -0.0015
vn -0.9825 0.1864 -0.0038
vn -0.9825 0.1864 -0.0039
vn -0.9815 0.1913 -0.0064
vn -0.9852 0.1702 0.0224
vn -0.9853 0.1705 0.0059
vn -0.6486 0.7211 0.2436
vn -0.4290 0.8817 0.1966
vn 0.0028 0.8892 -0.4576
vn 0.7037 0.6530 -0.2800
vn 0.7026 0.6327 -0.3256
vn -0.2392 0.9611 0.1380
vn -0.1795 0.9756 0.1266
vn -0.7837 0.5444 0.2991
vn -0.7796 0.5439 0.3106
vn -0.4289 0.8817 0.1966
vn -0.5653 0.7982 0.2082
vn -0.9694 0.2291 0.0881
vn -0.9855 0.1623 0.0499
vn -0.9855 0.1622 0.0500
vn -0.9855 0.1622 0.0499
vn -0.9715 0.2368 0.0072
vn -0.9828 0.1847 -0.0095
vn -0.9830 0.1827 -0.0152
vn -0.9813 0.1915 -0.0212
vn 0.8795 -0.2356 0.4135
vn -0.7359 0.6254 0.2595
vn -0.6682 0.7003 0.2513
vn -0.7797 0.5435 0.3108
vn -0.7899 0.5447 0.2818
vn -0.9786 0.1729 0.1118
vn -0.9601 0.2089 0.1860
vn -0.9786 0.1729 0.1119
vn -0.1649 0.8581 -0.4864
vn 0.0019 0.8708 -0.4917
vn -0.1823 0.9765 0.1150
vn -0.1504 0.9824 0.1106
vn -0.9818 0.1878 -0.0280
vn -0.9831 0.1821 -0.0198
vn 0.9032 -0.1616 0.3977
vn 0.8018 -0.1718 0.5724
vn 0.9751 -0.0911 0.2022
vn -0.4837 0.8582 0.1720
vn -0.4686 0.8666 0.1717
vn -0.5933 0.7813 0.1936
vn -0.7044 0.6758 0.2172
vn -0.7917 0.5412 0.2834
vn -0.8066 0.5445 0.2301
vn 0.9733 -0.1029 0.2052
vn -0.8322 0.5002 -0.2393
vn -0.8361 0.4963 -0.2338
vn -0.7854 0.5779 0.2218
vn -0.9559 0.1645 0.2434
vn -0.9559 0.1645 0.2435
vn -0.9358 0.2236 0.2725
vn -0.9565 0.2291 0.1808
vn 0.9923 -0.1128 0.0518
vn 0.9765 -0.0737 0.2025
vn -0.1510 0.9826 0.1080
vn -0.1276 0.9862 0.1058
vn -0.7854 0.5780 0.2218
vn -0.5027 0.8459 0.1779
vn -0.4951 0.8500 0.1797
vn -0.4966 0.8506 0.1728
vn 0.0006 0.8892 -0.4575
vn 0.6729 0.6798 -0.2915
vn 0.6926 0.6233 -0.3631
vn 0.6925 0.6415 -0.3301
vn -0.6605 0.7252 0.1943
vn -0.8098 0.5388 0.2323
vn -0.8170 0.5424 0.1957
vn -0.9833 0.1789 -0.0339
vn -0.9835 0.1757 -0.0442
vn -0.9798 0.1911 -0.0591
vn -0.9222 0.2011 0.3304
vn -0.9179 0.2084 0.3377
vn -0.9396 0.1709 0.2966
vn -0.6194 0.7598 0.1977
vn -0.1649 0.8580 -0.4864
vn -0.6195 0.7597 0.1976
vn -0.4346 0.8864 0.1596
vn -0.4347 0.8863 0.1597
vn -0.4346 0.8863 0.1597
vn -0.3781 0.9057 0.1918
vn -0.1968 0.9704 0.1402
vn -0.6195 0.7597 0.1977
vn -1.0000 -0.0001 -0.0009
vn -1.0000 -0.0003 0.0028
vn -0.6445 0.7214 0.2533
vn -0.2709 0.9527 0.1377
vn -0.2016 0.8174 -0.5397
vn -0.5428 0.6959 -0.4702
vn -0.5453 0.6959 -0.4673
vn -1.0000 -0.0002 0.0010
vn -0.9200 0.1831 0.3465
vn -0.9244 0.1753 0.3386
vn -0.9244 0.1753 0.3387
vn -1.0000 0.0002 0.0034
vn -0.5509 0.8114 0.1956
vn -1.0000 0.0016 -0.0026
vn -0.9990 -0.0110 0.0434
vn -1.0000 0.0020 -0.0030
vn -1.0000 0.0020 -0.0028
vn -1.0000 0.0014 0.0003
vn -1.0000 0.0007 0.0062
vn -1.0000 0.0007 0.0063
vn -0.9990 0.0001 0.0439
vn -0.9997 0.0001 0.0232
vn -0.9999 0.0002 0.0142
vn -0.1575 0.7880 -0.5952
vn -0.0004 0.8004 -0.5995
vn -0.9990 0.0002 0.0439
vn -0.9997 0.0015 0.0255
vn -1.0000 -0.0000 0.0035
vn -1.0000 -0.0002 0.0012
vn -0.9237 0.2026 0.3251
vn -0.9344 0.1770 0.3092
vn -0.9204 0.1770 0.3485
vn -0.4680 0.8687 0.1622
vn -0.3833 0.8178 0.4293
vn -1.0000 0.0004 0.0065
vn -0.9945 -0.0102 0.1042
vn 0.0024 0.7685 -0.6399
vn 0.7072 0.6109 -0.3559
vn 0.7038 0.5459 -0.4545
vn -0.4089 0.7468 0.5244
vn -0.4875 0.7730 0.4060
vn -0.4021 0.7422 0.5361
vn -0.7843 0.5898 0.1923
vn -0.7843 0.5899 0.1922
vn -0.5926 0.7793 0.2036
vn -0.8210 0.5356 0.1976
vn -0.8241 0.5393 0.1733
vn -0.5960 0.7796 0.1925
vn -0.1815 0.5709 0.8007
vn -0.2560 0.6178 0.7435
vn -0.9994 0.0073 0.0339
vn -0.9991 0.0053 0.0430
vn -0.9987 0.0039 0.0515
vn -0.9987 0.0039 0.0516
vn -0.9981 0.0025 0.0609
vn -0.9969 0.0002 0.0790
vn -0.9945 0.0002 0.1047
vn -0.9958 0.0006 0.0913
vn -0.9849 -0.0016 0.1731
vn -0.9484 0.2100 0.2377
vn -0.9355 0.1365 0.3259
vn -0.9410 0.2084 0.2668
vn -0.9836 0.1726 -0.0526
vn -0.9812 0.1729 -0.0857
vn -0.9795 0.1788 -0.0930
vn -0.9795 0.1789 -0.0931
vn -0.1814 0.5708 0.8008
vn -1.0000 0.0001 0.0065
vn -1.0000 -0.0003 0.0032
vn -0.0339 0.3770 0.9256
vn 0.0624 0.3007 0.9517
vn -0.0688 0.4256 0.9023
vn -1.0000 -0.0000 0.0065
vn -1.0000 -0.0000 0.0078
vn -1.0000 -0.0002 0.0049
vn -1.0000 -0.0002 0.0047
vn -1.0000 -0.0000 0.0066
vn -0.9714 -0.0074 0.2375
vn -0.8280 0.4576 -0.3240
vn -0.8319 0.4562 -0.3158
vn -1.0000 -0.0000 0.0089
vn -0.9958 0.0083 0.0916
vn -0.9885 0.0026 0.1514
vn -0.9713 0.0001 0.2378
vn -0.9776 0.0001 0.2102
vn -0.9777 0.0001 0.2102
vn 0.0053 0.7120 -0.7021
vn 0.0015 0.7685 -0.6399
vn 0.7007 0.5628 -0.4385
vn 0.7002 0.5487 -0.4569
vn -0.9714 0.1618 0.1738
vn -0.9606 0.0876 0.2637
vn -0.9563 0.2028 0.2104
vn -0.9563 0.2027 0.2105
vn -0.9564 0.2027 0.2104
vn -0.9564 -0.0026 0.2922
vn -0.5960 0.7796 0.1924
vn -0.6428 0.5862 0.4931
vn -0.6458 0.6218 0.4431
vn -0.5379 0.6014 0.5907
vn -0.5783 0.6061 0.5461
vn -0.1972 0.7549 -0.6256
vn -0.5370 0.6401 -0.5495
vn -0.5399 0.6404 -0.5462
vn -0.3442 0.5249 0.7784
vn -0.0689 0.4257 0.9023
vn -0.3630 0.5371 0.7614
vn -0.1008 0.4024 0.9099
vn -0.2124 0.4445 0.8702
vn -1.0000 -0.0000 0.0088
vn -0.7817 0.5905 0.2007
vn -0.9564 -0.0026 0.2921
vn 0.0627 0.3007 0.9517
vn -0.9418 -0.0079 0.3362
vn -0.9648 0.0018 0.2630
vn -0.9774 0.0072 0.2115
vn -0.9417 -0.0003 0.3365
vn -0.9511 -0.0003 0.3090
vn 0.0640 0.3009 0.9515
vn -1.0000 -0.0000 0.0083
vn -0.9417 0.0004 0.3365
vn -0.9509 0.0016 0.3094
vn -0.9378 -0.0004 0.3472
vn -0.9464 0.0024 0.3229
vn -0.1641 0.6975 -0.6975
vn -0.9744 0.1785 0.1364
vn -0.9139 0.3671 0.1734
vn -0.9724 0.1826 0.1453
vn -0.9679 0.1881 0.1667
vn -0.7912 0.5875 0.1699
vn -0.8205 0.4201 -0.3875
vn -0.8261 0.4193 -0.3766
vn -0.9465 -0.0001 0.3228
vn -0.9491 -0.0001 0.3148
vn -0.9393 -0.0011 0.3431
vn -0.9658 0.0015 0.2592
vn -0.7817 0.5905 0.2008
vn -0.6675 0.4332 0.6056
vn -0.7988 0.4298 0.4210
vn -0.9800 0.1510 -0.1298
vn -0.9797 0.1517 -0.1313
vn -0.9813 0.1708 -0.0893
vn -0.7101 0.4433 0.5471
vn -0.4564 0.4199 0.7845
vn -0.4239 0.4194 0.8027
vn -0.1401 0.3534 0.9249
vn -0.1925 0.3598 0.9130
vn -0.1057 0.3935 0.9132
vn -0.1880 0.6937 -0.6953
vn -0.1630 0.6845 -0.7105
vn 0.0004 0.7118 -0.7024
vn -0.9492 -0.0012 0.3146
vn -0.9673 -0.0001 0.2535
vn -0.9659 0.0002 0.2591
vn 0.0643 0.3010 0.9514
vn -0.8965 0.3770 0.2328
vn 0.0473 0.2947 0.9544
vn -0.9824 -0.0002 0.1868
vn -0.9808 -0.0000 0.1953
vn -0.5290 0.5732 -0.6258
vn -0.5324 0.5738 -0.6223
vn -1.0000 -0.0030 -0.0049
vn -1.0000 -0.0001 0.0078
vn -0.9879 -0.0030 0.1550
vn -0.9890 -0.0038 0.1482
vn -0.9898 -0.0045 0.1424
vn -0.9807 0.0025 0.1955
vn -0.9830 -0.0000 0.1838
vn -0.9843 -0.0008 0.1765
vn -0.0008 0.7684 -0.6399
vn 0.6864 0.5736 -0.4470
vn 0.7022 0.4930 -0.5137
vn 0.7014 0.5477 -0.4561
vn -0.0000 -1.0000 -0.0000
vn -1.0000 -0.0000 -0.0000
vn -0.0000 1.0000 -0.0000
vn -0.0000 0.9659 0.2589
vn -0.0000 0.9659 0.2588
vn 0.0002 -1.0000 0.0001
vn -0.0000 -1.0000 -0.0006
vn -0.0000 -0.0000 1.0000
vn 0.2588 0.9659 -0.0000
vn -0.0000 -0.0000 -1.0000
vn -0.0000 -0.9888 0.1495
vn -1.0000 0.0001 0.0054
vn -0.9986 -0.0002 -0.0533
vn -1.0000 0.0001 0.0024
vn -1.0000 0.0003 0.0084
vn -1.0000 0.0003 0.0095
vn -1.0000 0.0003 0.0094
vn -1.0000 0.0002 0.0087
vn -1.0000 0.0001 0.0078
vn -1.0000 -0.0002 -0.0061
vn 0.6932 0.7208 -0.0000
vn 0.7071 0.7071 -0.0019
vn -0.0000 0.7071 0.7071
vn -0.7959 0.6054 0.0023
vn -0.7770 0.6295 0.0017
vn -0.9293 0.3541 0.1049
vn -0.5154 0.4854 -0.7062
vn -0.9897 -0.0006 0.1433
vn -0.5145 0.4858 -0.7066
vn -0.7958 0.6055 0.0017
vn -0.0008 0.7118 -0.7023
vn 0.0026 0.6024 -0.7982
vn 0.0015 0.6160 -0.7877
vn 0.0015 0.6161 -0.7877
vn 0.7141 0.4847 -0.5051
vn 0.6869 0.4378 -0.5801
vn -0.1880 0.6938 -0.6952
vn -0.9759 0.1381 -0.1688
vn -0.9715 0.1413 -0.1903
vn -0.0000 -0.9553 0.2957
vn -0.0001 -0.9553 0.2957
vn 0.8560 0.5169 -0.0000
vn -0.8103 0.3749 -0.4505
vn -0.8175 0.3751 -0.4371
vn -0.0001 -0.0000 -1.0000
vn 0.9659 0.2588 -0.0000
vn -0.6761 0.2543 0.6915
vn -0.7535 0.2531 0.6067
vn -0.6764 0.2542 0.6912
vn -0.4848 0.2940 0.8237
vn -0.2458 0.2811 0.9277
vn -0.1857 0.2881 0.9394
vn -0.1414 0.3474 0.9270
vn -0.8964 0.3773 0.2327
vn -0.9419 0.1723 0.2884
vn -0.9138 0.1871 0.3604
vn 0.0472 0.2946 0.9545
vn -0.9293 0.3540 0.1049
vn 0.0211 0.2761 0.9609
vn -0.9837 0.1270 0.1271
vn -0.9427 0.1613 0.2921
vn -0.0000 0.2588 0.9659
vn -1.0000 -0.0002 -0.0059
vn -0.1718 0.5997 -0.7816
vn -0.9995 -0.0009 -0.0329
vn -0.9946 0.0006 0.1037
vn -0.9934 0.0007 0.1144
vn -0.9931 -0.0002 0.1169
vn -0.9932 -0.0002 0.1164
vn -0.9936 -0.0003 0.1134
vn -0.9938 -0.0004 0.1109
vn -0.9945 -0.0008 0.1050
vn -0.9954 -0.0021 0.0953
vn -0.9955 -0.0022 0.0951
vn -0.9954 -0.0020 0.0956
vn -0.9952 -0.0009 0.0981
vn -0.9949 0.0011 0.1012
vn -0.9946 0.0033 0.1037
vn -0.9946 0.0032 0.1036
vn -0.9945 0.0045 0.1042
vn -0.9854 0.0006 0.1702
vn -0.1717 0.5990 -0.7821
vn -0.1728 0.5995 -0.7815
vn -0.5191 0.4996 -0.6934
vn -0.5232 0.5008 -0.6895
vn -0.9675 0.1297 -0.2173
vn -0.9754 0.1284 -0.1794
vn -0.0222 0.2115 0.9771
vn -0.2438 0.2014 0.9487
vn -0.4793 0.1635 0.8623
vn -0.2436 0.2014 0.9487
vn -0.2433 0.1849 0.9522
vn -0.6750 0.1343 0.7255
vn -0.5239 0.1531 0.8379
vn -0.6748 0.1343 0.7257
vn -0.9449 0.0506 0.3235
vn -0.8060 0.0987 0.5836
vn -0.9450 0.0577 0.3220
vn -0.8999 0.0721 0.4301
vn 0.0027 0.6024 -0.7982
vn 0.0022 0.6162 -0.7876
vn 0.6885 0.4221 -0.5898
vn 0.6885 0.4220 -0.5898
vn 0.6728 0.4058 -0.6187
vn 0.7044 0.4276 -0.5666
vn -0.7978 0.3253 -0.5077
vn -0.8064 0.3270 -0.4927
vn -0.0000 -0.9820 -0.1890
vn -0.0000 -0.9886 0.1504
vn -0.9977 -0.0028 -0.0678
vn -0.0000 -0.9548 0.2974
vn -0.0000 -0.8418 -0.5398
vn -0.1728 0.5996 -0.7814
vn -0.0000 -0.6899 -0.7239
vn -0.1781 0.4953 -0.8503
vn -0.0005 0.5127 -0.8586
vn -0.9651 0.0974 -0.2429
vn -0.9663 0.1079 -0.2338
vn -0.9663 0.1075 -0.2341
vn -0.0222 0.2116 0.9771
vn 0.0799 0.1334 0.9878
vn -0.4581 0.4188 -0.7841
vn -0.1554 0.5184 -0.8409
vn -0.0578 0.5699 -0.8197
vn -0.2404 0.4787 -0.8444
vn -0.4581 0.4190 -0.7840
vn -0.5098 0.4012 -0.7610
vn -0.6073 0.3528 -0.7118
vn -0.4689 0.4379 -0.7670
vn -0.4689 0.4377 -0.7671
vn -0.7723 0.2574 -0.5807
vn -0.7909 0.2552 -0.5562
vn -0.9709 0.0245 0.2381
vn -0.9999 0.0019 -0.0118
vn -0.9937 -0.0017 -0.1118
vn -0.9975 -0.0002 -0.0713
vn -0.9975 -0.0002 -0.0712
vn -0.9936 -0.0002 -0.1130
vn -0.9621 0.1183 -0.2456
vn -0.9937 -0.0002 -0.1118
vn -0.9926 0.0067 -0.1209
vn -0.0009 0.6023 -0.7983
vn 0.0004 0.4668 -0.8844
vn 0.0021 0.4435 -0.8963
vn -0.0009 0.4985 -0.8669
vn 0.7104 0.3285 -0.6225
vn -0.0210 0.5115 -0.8590
vn -0.0000 0.5127 -0.8586
vn -0.9535 0.0886 -0.2882
vn -0.9412 0.0931 -0.3249
vn -0.0000 -0.5581 -0.8298
vn -0.0059 0.8213 -0.5705
vn -0.0000 0.8621 -0.5067
vn -0.0000 -0.9618 0.2736
vn -0.0290 0.8618 -0.5065
vn -0.0000 -0.9619 0.2736
vn -0.1242 0.8604 -0.4943
vn -0.4138 0.6816 -0.6036
vn -0.1738 0.8665 -0.4679
vn -1.0000 0.0002 -0.0000
vn -0.0000 0.9553 -0.2956
vn -0.2135 0.4362 -0.8741
vn -0.0000 0.9552 -0.2960
vn -0.0000 0.4510 -0.8925
vn -0.0000 0.4435 -0.8963
vn 0.0002 0.4508 -0.8926
vn 0.0230 0.1099 0.9937
vn 0.0428 0.1100 0.9930
vn -0.9927 0.0066 -0.1207
vn -0.4138 0.6816 -0.6035
vn -0.4132 0.6377 -0.6501
vn -0.4564 0.6278 -0.6306
vn -0.0000 -0.9618 0.2738
vn -0.7103 0.3659 -0.6013
vn -0.5327 0.6143 -0.5822
vn -0.1740 0.6896 -0.7030
vn -0.2106 0.4214 -0.8821
vn 0.0002 0.4416 -0.8972
vn -0.0000 0.4360 -0.8999
vn 0.0036 0.7003 -0.7139
vn -0.9890 -0.0065 -0.1478
vn -0.0000 -0.9553 0.2958
vn -0.3461 0.2360 -0.9080
vn -0.1659 0.3537 -0.9205
vn -0.2131 0.1248 -0.9690
vn -0.7102 0.3662 -0.6012
vn -0.4230 0.3592 -0.8319
vn -0.2997 0.2790 -0.9123
vn -0.9880 -0.0012 -0.1547
vn -0.0697 0.1273 -0.9894
vn -0.0689 0.1297 -0.9892
vn -0.0918 0.0887 -0.9918
vn -0.1200 0.0637 -0.9907
vn -0.2988 0.2758 -0.9136
vn -0.4231 0.3591 -0.8319
vn -0.4956 0.1473 -0.8560
vn -0.5254 0.1784 -0.8320
vn 0.0427 0.1100 0.9930
vn -0.5228 0.0397 0.8516
vn -0.5234 0.0398 0.8512
vn -0.4214 0.0428 0.9059
vn -0.7123 0.0035 0.7018
vn -0.3695 0.1648 -0.9145
vn -0.4978 0.2089 -0.8418
vn -0.5520 0.2578 -0.7930
vn -0.5254 0.1787 -0.8319
vn -0.8053 0.0259 0.5924
vn -0.9709 0.0245 0.2384
vn -0.9556 0.0112 0.2944
vn -0.8059 0.0258 0.5916
vn -0.9510 0.0114 0.3089
vn -0.1213 0.1172 -0.9857
vn -0.1398 0.0830 -0.9867
vn -0.1516 0.0642 -0.9864
vn -0.3077 0.1212 -0.9437
vn -0.4956 0.1475 -0.8559
vn -0.7368 0.0278 -0.6756
vn -0.7367 0.4443 -0.5097
vn -0.5994 0.2605 -0.7569
vn -0.0994 0.0421 -0.9942
vn -0.0000 -0.8711 0.4911
vn -0.7999 0.1931 -0.5682
vn -0.7396 0.1382 -0.6587
vn -0.9412 0.0740 -0.3297
vn -0.9390 0.0523 -0.3399
vn -0.7396 0.1383 -0.6587
vn -0.0000 -0.5927 0.8054
vn 0.0482 -0.4445 0.8945
vn -0.0000 -0.6228 0.7824
vn -0.7629 0.1892 -0.6183
vn -0.5407 0.0552 -0.8394
vn -0.9794 -0.0033 -0.2021
vn -0.3991 0.0624 -0.9148
vn -0.3219 0.0726 -0.9440
vn -0.6305 0.1632 -0.7589
vn -0.0994 0.0420 -0.9942
vn -0.1154 0.0107 -0.9933
vn -0.9711 0.0180 -0.2381
vn -0.9352 0.0952 -0.3410
vn -0.8778 0.2839 -0.3859
vn -0.9353 0.0951 -0.3409
vn -0.9790 -0.0023 -0.2040
vn -0.9974 0.0030 -0.0714
vn -0.1200 0.0146 -0.9927
vn -0.0000 -0.2099 0.9777
vn -0.7777 0.1715 -0.6048
vn -0.0158 0.0053 0.9999
vn -0.8566 0.0247 -0.5155
vn -0.0000 -0.3447 -0.9387
vn -0.8566 0.0246 -0.5155
vn -0.8977 0.0765 -0.4339
vn -0.8744 0.0618 -0.4812
vn -0.6491 0.0210 -0.7604
vn -0.6178 -0.0053 -0.7863
vn -0.4016 0.0421 -0.9148
vn -0.6177 -0.0054 -0.7864
vn -0.2091 -0.0250 -0.9776
vn -0.2092 -0.0250 -0.9776
vn -0.0158 0.0054 0.9999
vn 0.0881 -0.0567 0.9945
vn -0.0178 0.0054 0.9998
vn -0.8994 -0.0486 -0.4345
vn -0.9854 -0.0000 -0.1700
vn -0.9884 0.0010 -0.1518
vn -0.9516 -0.0000 -0.3072
vn -0.9004 -0.0004 -0.4350
vn -0.8399 0.0014 -0.5428
vn -0.8400 0.0014 -0.5425
vn -0.9004 -0.0005 -0.4351
vn -0.8390 -0.0001 -0.5441
vn -0.5925 0.0009 -0.8056
vn -0.6177 0.0003 -0.7864
vn -0.5923 0.0009 -0.8057
vn -0.8387 -0.0005 -0.5446
vn -0.4163 0.0021 -0.9092
vn -0.6178 -0.0000 -0.7863
vn -0.4147 -0.0000 -0.9099
vn -0.2092 0.0002 -0.9779
vn -0.2093 -0.0000 -0.9779
vn -0.1959 0.0002 -0.9806
vn -0.1960 0.0002 -0.9806
vn -0.9721 -0.0080 0.2344
vn -0.8060 -0.0495 0.5898
vn -0.9262 -0.0284 0.3760
vn -0.8047 -0.0498 0.5916
vn -0.5223 -0.0762 0.8493
vn -0.5237 -0.0762 0.8485
vn -0.3834 -0.0840 0.9197
vn -0.0179 0.0054 0.9998
vn 0.0055 -0.0969 0.9953
vn -0.3399 -0.0885 0.9363
vn -0.9732 -0.0229 0.2288
vn -0.0000 -0.1115 -0.9938
vn -0.0048 -0.1954 0.9807
vn -0.0545 -0.1946 0.9794
vn -0.0048 -0.1956 0.9807
vn -0.0543 -0.1945 0.9794
vn 0.0037 -0.2288 0.9735
vn -0.9733 -0.0229 0.2285
vn -0.8057 -0.1213 0.5797
vn -0.9443 -0.0615 0.3233
vn -0.9288 -0.0715 0.3635
vn -0.6741 -0.1638 0.7203
vn -0.6753 -0.1635 0.7192
vn -0.6741 -0.1638 0.7202
vn -0.5239 -0.1880 0.8307
vn -0.2429 -0.2260 0.9434
vn -0.2431 -0.2260 0.9433
vn -0.5329 -0.1911 0.8243
vn -0.0543 -0.1944 0.9794
vn 0.0923 -0.1962 0.9762
vn -0.9444 -0.0631 0.3226
vn -0.0000 -0.2742 0.9617
vn -0.2441 -0.2603 0.9342
vn -0.0000 0.1281 -0.9918
vn -0.9419 -0.1814 0.2827
vn -0.9532 -0.2228 0.2043
vn -0.9419 -0.1815 0.2828
vn -0.6095 -0.6282 0.4837
vn -0.6764 -0.2339 0.6984
vn -0.9152 -0.2349 0.3274
vn -0.6765 -0.2338 0.6983
vn -0.6400 -0.3303 0.6937
vn -0.2427 -0.2628 0.9338
vn -0.2441 -0.2629 0.9334
vn -0.0000 -0.3305 0.9438
vn -0.2327 -0.3215 0.9179
vn 1.0000 -0.0001 -0.0000
vn 0.0028 -0.4851 0.8744
vn -0.9269 -0.1460 0.3457
vn -0.9623 -0.1911 0.1935
vn -0.9529 -0.2210 0.2078
vn -0.9268 -0.1463 0.3458
vn -0.9505 -0.2281 0.2111
vn -0.9528 -0.2214 0.2078
vn -0.0015 -0.5220 0.8529
vn -0.2113 -0.5106 0.8334
vn -0.2112 -0.5105 0.8335
vn -0.6433 -0.5000 0.5797
vn -0.5509 -0.5832 0.5970
vn -0.6835 -0.5870 0.4340
vn -0.6838 -0.5867 0.4339
vn -0.6899 -0.6145 0.3826
vn -0.6867 -0.6174 0.3836
vn -0.6901 -0.6144 0.3824
vn -0.6485 -0.4852 0.5865
vn -0.6896 -0.6149 0.3826
vn -0.0016 -0.5225 0.8526
vn -0.2113 -0.5108 0.8333
vn 0.0017 -0.7843 0.6203
vn -0.6488 -0.4848 0.5865
vn -0.6864 -0.6178 0.3836
vn -0.6899 -0.6147 0.3823
vn -0.0000 -0.7938 0.6082
vn -0.1524 -0.7845 0.6010
vn -0.2485 -0.8369 0.4877
vn -0.2483 -0.8370 0.4876
vn -0.2487 -0.8369 0.4876
vn -0.2513 -0.8518 0.4597
vn -0.2514 -0.8517 0.4597
vn -0.2501 -0.8521 0.4597
vn -0.2513 -0.8524 0.4586
vn -0.2401 -0.8549 0.4600
vn -0.0000 -0.8908 0.4544
vn -0.0000 0.0001 1.0000
vn -0.0006 -0.0000 1.0000
vn -0.9501 -0.2257 0.2155
vn -0.2496 -0.8517 0.4607
vn -0.9483 -0.2173 0.2313
vn -0.9543 -0.1458 0.2607
vn -0.9547 -0.2632 0.1392
vn -0.6897 -0.4697 0.5511
vn -0.9639 -0.1117 0.2418
vn -0.6637 -0.5399 0.5177
vn -0.6634 -0.5402 0.5178
vn -0.2281 -0.7568 0.6126
vn -0.5292 -0.6758 0.5130
vn -0.2199 -0.7228 0.6552
vn -0.3117 -0.7312 0.6068
vn -0.0000 -0.7597 0.6503
vn 0.0116 -0.8076 0.5896
vn -0.7993 -0.3173 0.5103
vn -0.5203 -0.4921 0.6979
vn -0.5088 -0.4911 0.7071
vn -0.9539 -0.0579 0.2946
vn -0.3079 -0.6971 0.6475
vn -0.1154 -0.6025 0.7897
vn -0.3080 -0.6970 0.6475
vn -0.9517 -0.0400 0.3043
vn -0.9708 -0.0388 0.2365
vn -0.0109 -0.5335 0.8457
vn 0.0124 -0.7607 0.6490
vn 0.0124 -0.7609 0.6487
vn -0.6412 -0.1419 0.7542
vn -0.7903 -0.1810 0.5853
vn 0.0132 -0.3827 0.9238
vn -0.2747 -0.3498 0.8956
vn -0.5066 -0.2776 0.8163
vn -0.5130 -0.2798 0.8115
vn -0.2497 -0.3281 0.9111
vn 0.0132 -0.3828 0.9237
vn 0.0132 -0.3826 0.9238
vn -0.0115 -0.1254 0.9920
vn -0.2289 -0.3572 0.9056
vn -0.5048 -0.0183 0.8631
vn -0.5862 -0.0416 0.8091
vn -0.7894 -0.0289 0.6132
vn -0.0888 0.0870 0.9922
vn -0.4247 -0.0477 0.9041
vn -0.3182 -0.0510 0.9466
vn 0.0149 0.0889 0.9959
vn -0.9922 0.0012 0.1243
vn -0.9431 0.0337 0.3307
vn 0.0146 0.3064 0.9518
vn -0.0327 0.0883 0.9956
vn -0.3229 0.0792 0.9431
vn -0.1308 0.2370 0.9627
vn -0.4275 0.2049 0.8805
vn -0.5788 0.2884 0.7628
vn -0.5676 0.2902 0.7705
vn 0.1125 0.3909 0.9135
vn -0.7793 0.2056 0.5919
vn -0.7844 0.2048 0.5855
vn -0.9432 0.0335 0.3306
vn -0.9705 0.0503 0.2358
vn 0.0136 0.5421 0.8402
vn -0.2421 0.5058 0.8280
vn -0.2709 0.4836 0.8323
vn -0.2424 0.5058 0.8279
vn -0.4233 0.4435 0.7900
vn 0.0136 0.5422 0.8401
vn -0.0112 0.6804 0.7328
vn 0.0136 0.5423 0.8401
vn -0.9932 0.0013 0.1161
vn -0.9482 0.1265 0.2914
vn -0.2731 0.4989 0.8225
vn 0.0030 0.8660 0.5001
vn -0.2735 0.7026 0.6569
vn -0.4419 0.6406 0.6280
vn -0.6034 0.5572 0.5704
vn -0.4269 0.6509 0.6277
vn 0.0128 0.8666 0.4988
vn -0.6496 0.5847 0.4860
vn -0.2131 0.7981 0.5636
vn -0.8022 0.4610 0.3795
vn 0.0129 0.8667 0.4986
vn -0.3123 0.7991 0.5137
vn -0.0000 0.8659 0.5002
vn 0.0120 0.9026 0.4303
vn -0.3124 0.7991 0.5136
vn -0.9482 0.1268 0.2913
vn -0.9392 0.2150 0.2678
vn -0.9699 0.1223 0.2108
vn 0.0015 -0.9974 0.0727
vn 0.0015 -0.9974 0.0726
vn -0.0944 -0.9833 0.1555
vn -0.0129 -0.9876 -0.1562
vn -0.1757 -0.9590 -0.2225
vn -0.0015 -0.9970 -0.0774
vn -0.4505 0.7924 0.4112
vn -0.2299 0.8551 0.4648
vn -0.2298 0.8551 0.4647
vn -0.6732 0.6264 0.3930
vn -0.9932 0.0013 0.1163
vn -0.0000 0.9594 0.2822
vn -0.1588 0.9429 0.2926
vn -0.2548 0.9215 0.2930
vn -0.2533 0.9219 0.2930
vn -0.0101 -0.9752 0.2211
vn -0.2529 0.9221 0.2930
vn -0.2551 0.9214 0.2931
vn -0.6939 0.6724 0.2575
vn -0.6981 0.6684 0.2567
vn -0.2548 0.9215 0.2931
vn -0.6939 0.6724 0.2577
vn -0.6982 0.6683 0.2567
vn -0.6940 0.6723 0.2576
vn -0.9938 0.0015 0.1112
vn -0.9460 0.2266 0.2320
vn -0.9558 0.2494 0.1557
vn -0.9584 0.2406 0.1533
vn -0.6980 0.6684 0.2570
vn -0.9557 0.2494 0.1560
vn -0.9584 0.2405 0.1534
vn -0.9585 0.2405 0.1534
vn -0.0000 0.3603 -0.9328
vn -0.9966 0.0008 0.0828
vn -0.9963 0.0033 0.0856
vn -0.9962 0.0056 0.0874
vn -0.9962 0.0057 0.0875
vn -0.9961 0.0068 0.0880
vn -0.9963 0.0031 0.0861
vn 0.0081 -0.9312 0.3644
vn 0.0059 -0.9295 -0.3687
vn 0.0059 -0.9295 -0.3688
vn -0.1528 -0.8536 -0.4980
vn -0.0269 -0.8910 -0.4532
vn 0.0081 -0.9312 0.3645
vn -0.0921 -0.8876 0.4514
vn -0.2548 0.9223 0.2906
vn -0.0195 -0.8658 0.5000
vn -0.0000 0.8782 0.4783
vn -0.2384 0.8528 0.4646
vn 0.0042 0.8652 0.5015
vn -0.1066 0.9042 0.4136
vn -0.2499 0.9004 0.3561
vn -0.2241 0.7969 0.5610
vn -0.3372 0.8708 0.3577
vn -0.2242 0.7969 0.5609
vn -0.7004 0.7081 0.0900
vn -0.0037 0.5989 0.8008
vn -0.2020 0.5866 0.7843
vn -0.2019 0.5869 0.7840
vn -0.5553 0.5869 0.5892
vn -0.8121 0.5677 0.1349
vn -0.5557 0.5867 0.5890
vn -0.6879 0.6385 0.3451
vn 0.0069 0.5365 0.8439
vn -0.0037 0.5992 0.8006
vn -0.2019 0.5869 0.7841
vn -0.6877 0.6387 0.3452
vn -0.9286 0.1856 0.3214
vn -0.0000 0.3675 0.9300
vn -0.2367 0.3149 0.9192
vn -0.2493 0.3560 0.9006
vn -0.6794 0.3613 0.6386
vn -0.2479 0.3066 0.9190
vn -0.2482 0.3066 0.9189
vn -0.6548 0.2993 0.6941
vn -0.6829 0.2688 0.6793
vn -0.9045 0.2910 0.3118
vn -0.6841 0.2685 0.6781
vn -0.9445 0.2092 0.2533
vn -0.9446 0.2089 0.2532
vn -0.9446 0.2092 0.2530
vn -0.0000 0.2509 0.9680
vn 0.0762 0.2727 0.9591
vn -0.2470 0.2595 0.9336
vn -0.2478 0.2739 0.9293
vn -0.0389 0.2860 0.9574
vn -0.6834 0.2000 0.7021
vn -0.5301 0.2264 0.8171
vn -0.6830 0.2001 0.7025
vn -0.6839 0.1998 0.7017
vn -0.9504 0.0757 0.3016
vn -0.8132 0.1461 0.5633
vn -0.9505 0.0760 0.3012
vn -0.9497 0.0763 0.3037
vn 0.0131 -0.7816 0.6236
vn 0.0117 -0.7786 -0.6274
vn -0.0401 -0.7074 -0.7056
vn -0.1318 -0.6710 -0.7296
vn 0.0131 -0.7817 0.6236
vn 0.0131 -0.7816 0.6237
vn -0.0878 -0.7053 0.7035
vn -0.9772 0.0359 0.2094
vn -0.0300 -0.6789 0.7336
vn 0.0761 0.2726 0.9591
vn -0.0387 0.2713 0.9617
vn -0.2757 0.1916 0.9420
vn -0.5291 0.1656 0.8322
vn -0.0000 -0.7071 -0.7071
vn -0.8126 0.1081 0.5728
vn -0.5304 0.1653 0.8315
vn -0.8135 0.1077 0.5715
vn -0.9645 0.0414 0.2609
vn -0.0000 0.5719 -0.8203
vn 0.0122 0.5371 -0.8435
vn -0.0314 0.1704 0.9849
vn 0.0442 0.1711 0.9843
vn 0.0168 -0.5620 0.8270
vn 0.0164 -0.5580 -0.8297
vn 0.0164 -0.5581 -0.8296
vn -0.0535 -0.4549 -0.8889
vn -0.1147 -0.4265 -0.8972
vn -0.0825 -0.4540 0.8872
vn -0.9762 0.0215 0.2156
vn -0.0315 0.1704 0.9849
vn 0.0855 0.0899 0.9923
vn 0.0443 0.1711 0.9843
vn -0.0422 -0.4316 0.9011
vn 0.0444 0.1711 0.9842
vn -0.3039 0.1146 0.9458
vn -0.5295 0.1001 0.8424
vn -0.8131 0.0653 0.5784
vn -0.5305 0.1000 0.8418
vn -0.8137 0.0651 0.5777
vn -0.9762 0.0193 0.2160
vn -0.9688 0.0259 0.2463
vn 0.0194 0.0667 0.9976
vn 0.0284 0.0667 0.9974
vn 0.9919 0.0020 -0.1271
vn 0.9907 -0.0000 -0.1361
vn 0.0194 -0.2920 0.9562
vn 0.0203 -0.2875 -0.9576
vn 0.9918 -0.0001 -0.1278
vn 0.9917 -0.0003 -0.1282
vn -0.9720 0.0062 0.2348
vn 0.0195 0.0667 0.9976
vn 0.0287 0.0667 0.9974
vn -0.2536 0.0393 0.9665
vn -0.5302 0.0337 0.8472
vn -0.8135 0.0220 0.5812
vn -0.5303 0.0336 0.8471
vn -0.9721 0.0072 0.2346
vn -0.8137 0.0219 0.5809
vn -0.9751 0.0057 0.2216
vn -0.0656 -0.1584 -0.9852
vn -0.0999 -0.1413 -0.9849
vn 0.0202 -0.2875 -0.9576
vn -0.0768 -0.1582 0.9844
vn -0.0557 -0.1455 0.9878
vn -0.0146 -0.0370 0.9992
vn -0.0794 -0.0368 0.9962
vn -0.0794 -0.0369 0.9962
vn -0.0146 -0.0371 0.9992
vn 0.0872 -0.0888 0.9922
vn -0.1253 -0.0399 0.9913
vn -0.5304 -0.0331 0.8471
vn -0.8137 -0.0216 0.5808
vn -0.5300 -0.0331 0.8474
vn -0.8134 -0.0216 0.5812
vn -0.9751 0.0056 0.2216
vn -0.9662 -0.0081 0.2575
vn -0.9961 0.0010 0.0886
vn -0.9958 -0.0021 0.0920
vn -0.9775 -0.0103 0.2107
vn 0.0209 0.0041 0.9998
vn -0.9987 -0.0002 -0.0508
vn 0.0227 0.0085 -0.9997
vn -0.9971 -0.0003 0.0759
vn -0.9971 -0.0002 0.0759
vn -0.9987 -0.0002 -0.0511
vn -0.0837 0.1578 -0.9839
vn -0.0746 0.1532 -0.9854
vn -0.0703 0.1533 0.9857
vn -0.0151 0.9868 0.1613
vn 0.1133 0.9925 -0.0462
vn -1.0000 -0.0001 -0.0008
vn -1.0000 -0.0000 0.0005
vn 0.0476 0.9989 -0.0000
vn -0.0149 0.9708 -0.2393
vn -1.0000 0.0002 0.0015
vn 0.0364 0.9062 0.4213
vn 0.0690 0.9046 -0.4206
vn 0.0723 0.9033 -0.4228
vn -0.0149 0.9708 -0.2392
vn -1.0000 -0.0001 -0.0007
vn 0.1317 0.9240 0.3591
vn -1.0000 0.0001 -0.0021
vn -1.0000 0.0007 0.0025
vn -0.9635 -0.0254 0.2666
vn -0.8137 -0.0648 0.5777
vn -0.8130 -0.0648 0.5786
vn -0.5303 -0.0994 0.8420
vn -0.5296 -0.0994 0.8424
vn -0.0244 -0.1217 0.9923
vn -0.2376 -0.1320 0.9624
vn -0.1253 -0.0365 0.9915
vn 0.2032 -0.0368 0.9784
vn -0.0097 -0.1378 0.9904
vn -0.0118 0.8360 0.5485
vn -1.0000 0.0004 -0.0029
vn -0.0207 0.7982 -0.6020
vn -1.0000 0.0010 0.0030
vn -0.0704 0.1532 0.9857
vn -1.0000 -0.0006 -0.0005
vn -0.9982 -0.0028 0.0605
vn 0.0264 0.6444 0.7643
vn -0.0118 0.8360 0.5486
vn 0.0631 0.6433 -0.7630
vn -1.0000 0.0003 -0.0028
vn -0.9955 -0.0056 0.0949
vn -0.9775 -0.0256 0.2092
vn 0.1439 0.6942 0.7052
vn 0.0793 0.6520 -0.7540
vn -1.0000 0.0011 0.0031
vn -0.0074 0.5372 0.8434
vn -1.0000 0.0002 -0.0027
vn -0.9955 -0.0056 0.0948
vn -0.9775 -0.0256 0.2096
vn -0.8135 -0.1073 0.5716
vn -0.8126 -0.1074 0.5728
vn -0.9651 -0.0408 0.2589
vn -0.5303 -0.1646 0.8317
vn -0.5292 -0.1647 0.8324
vn -0.2876 -0.1898 0.9388
vn -0.0248 -0.1377 0.9902
vn -0.0246 -0.1376 0.9902
vn -0.0221 0.4770 -0.8786
vn -1.0000 0.0012 0.0032
vn 0.0210 0.2996 0.9538
vn -1.0000 -0.0007 0.0040
vn 0.0231 0.3036 -0.9525
vn -0.9986 -0.0045 0.0520
vn 0.0116 -0.2358 0.9717
vn 0.0331 -0.2497 0.9678
vn 0.0235 -0.2359 0.9715
vn -0.0074 0.5373 0.8433
vn 0.0162 0.2622 0.9649
vn -0.0221 0.4769 -0.8787
vn 0.0516 0.2881 -0.9562
vn 0.0814 0.2613 -0.9618
vn -1.0000 0.0003 -0.0027
vn 0.1614 0.3457 0.9244
vn -1.0000 0.0001 -0.0026
vn -1.0000 -0.0007 0.0039
vn -0.0800 0.4496 -0.8896
vn -0.0657 0.4427 -0.8943
vn -0.0623 0.4502 0.8908
vn -1.0000 0.0013 0.0033
vn -0.9953 -0.0087 0.0964
vn -0.9752 -0.0430 0.2172
vn -0.9879 -0.0840 0.1301
vn -0.9879 -0.0841 0.1302
vn -0.9968 -0.0041 0.0801
vn -0.9752 -0.0498 0.2155
vn -0.9501 -0.0679 0.3043
vn -0.0871 0.4371 0.8952
vn -1.0000 -0.0008 0.0074
vn -0.8133 -0.1456 0.5634
vn -0.9505 -0.0754 0.3015
vn -0.6833 -0.1993 0.7024
vn -0.6848 -0.1989 0.7010
vn -0.5302 -0.2256 0.8173
vn -0.6835 -0.1993 0.7022
vn -0.9990 -0.0064 0.0438
vn 0.0236 -0.2360 0.9715
vn -0.3385 -0.2635 0.9033
vn -0.2477 -0.2730 0.9296
vn -0.2471 -0.2731 0.9297
vn 0.0587 -0.2362 0.9699
vn -0.0023 0.1472 0.9891
vn -1.0000 0.0002 -0.0026
vn -0.0129 0.0992 -0.9950
vn -1.0000 0.0009 0.0032
vn -0.0000 -0.2588 0.9659
vn -0.0000 -0.3020 0.9533
vn -0.2479 -0.2879 0.9250
vn -0.0023 0.1470 0.9891
vn 0.0024 -0.0624 0.9980
vn 0.0908 -0.1683 0.9815
vn 0.0891 -0.1684 -0.9817
vn 0.0213 -0.0972 -0.9950
vn -0.0129 0.0993 -0.9950
vn -1.0000 0.0010 0.0032
vn -1.0000 0.0043 -0.0033
vn -1.0000 -0.0000 -0.0008
vn -0.0000 -0.7071 0.7071
vn -1.0000 -0.0008 0.0030
vn 0.0197 0.5684 0.8225
vn -1.0000 -0.0009 0.0085
vn 0.0213 0.5715 -0.8203
vn -0.9958 0.0078 0.0916
vn -0.9998 0.0001 0.0220
vn -0.9991 -0.0005 0.0413
vn -0.9991 -0.0005 0.0414
vn -0.0000 -0.9659 0.2588
vn -0.9427 -0.2236 0.2478
vn -0.9602 -0.2499 0.1247
vn -0.9427 -0.2234 0.2477
vn -0.5987 -0.6735 0.4336
vn -0.6839 -0.2850 0.6716
vn -0.9135 -0.2841 0.2911
vn -0.6840 -0.2847 0.6717
vn -0.2480 -0.3264 0.9121
vn -0.6377 -0.3694 0.6760
vn -0.2489 -0.3262 0.9119
vn -0.2494 -0.3695 0.8952
vn -0.2350 -0.3342 0.9127
vn -0.0000 -0.3818 0.9242
vn 0.0054 -0.4809 0.8768
vn -0.9261 -0.2071 0.3153
vn -0.9818 -0.1535 0.1121
vn -0.9600 -0.2487 0.1287
vn -0.9261 -0.2073 0.3153
vn -0.8247 -0.5391 0.1708
vn -0.9608 -0.2517 0.1162
vn -0.0100 -0.6366 0.7711
vn -0.1948 -0.6244 0.7564
vn -0.1947 -0.6245 0.7564
vn -0.5359 -0.6244 0.5682
vn -0.6869 -0.6598 0.3047
vn -0.7300 -0.6283 0.2689
vn -0.5361 -0.6245 0.5681
vn -0.7003 -0.6873 0.1929
vn -0.0100 -0.6365 0.7712
vn -0.1949 -0.6246 0.7562
vn 0.0048 -0.7534 0.6576
vn -1.0000 -0.0013 0.0030
vn -1.0000 -0.0014 0.0031
vn -1.0000 -0.0014 0.0030
vn -1.0000 -0.0011 0.0029
vn -1.0000 -0.0012 0.0030
vn -1.0000 -0.0009 0.0025
vn -1.0000 -0.0011 0.0028
vn -0.7007 -0.6895 0.1835
vn -0.7000 -0.6876 0.1929
vn -0.7008 -0.6893 0.1836
vn -0.7007 -0.6891 0.1847
vn -0.5368 -0.8193 0.2015
vn -0.0069 -0.9134 0.4070
vn -0.1042 -0.9085 0.4047
vn -0.1119 -0.9324 0.3438
vn -0.2488 -0.9245 0.2889
vn -0.2806 -0.9126 0.2974
vn -0.2456 -0.9129 0.3260
vn -0.2372 -0.8873 0.3954
vn -0.2560 -0.9445 0.2058
vn -0.0000 -0.9337 0.3581
vn -0.2558 -0.9446 0.2058
vn -0.2555 -0.9446 0.2058
vn -0.2559 -0.9451 0.2031
vn -0.1811 -0.9626 0.2017
vn -0.0000 -0.9819 0.1893
vn 0.0213 0.5716 -0.8203
vn -0.9998 -0.0001 0.0222
vn -1.0000 -0.0000 0.0064
vn 0.0197 0.5685 0.8225
vn -0.0839 0.7019 -0.7073
vn -0.0488 0.6879 -0.7242
vn -0.0534 0.7034 0.7088
vn 0.0050 -0.2680 0.9634
vn -1.0000 -0.0006 -0.0006
vn -0.9997 -0.0001 0.0224
vn -0.9587 -0.2373 0.1565
vn -0.0056 -0.2955 -0.9553
vn -0.9588 -0.2373 0.1565
vn -0.8222 -0.5340 0.1972
vn -0.9561 -0.2470 0.1574
vn -0.9525 -0.2521 0.1707
vn -0.6939 -0.6885 0.2110
vn -0.6935 -0.6887 0.2113
vn -0.5353 -0.8163 0.2171
vn -0.1058 0.6810 0.7246
vn -1.0000 -0.0009 0.0081
vn -0.9999 -0.0002 0.0133
vn -0.1809 -0.9621 0.2040
vn -0.2532 -0.9446 0.2090
vn -0.6925 -0.6873 0.2190
vn -0.2530 -0.9446 0.2091
vn -0.2530 -0.9440 0.2118
vn -0.9540 -0.2542 0.1592
vn -0.9454 -0.2429 0.2172
vn -0.9630 -0.1346 0.2335
vn -0.9544 -0.1513 0.2573
vn -0.6735 -0.5965 0.4366
vn -0.9589 -0.2643 0.1034
vn -0.0045 -0.4629 0.8864
vn -1.0000 -0.0010 -0.0005
vn -0.6618 -0.6483 0.3765
vn -0.0045 -0.4631 0.8863
vn -1.0000 -0.0013 -0.0003
vn -0.0057 -0.2956 -0.9553
vn 0.0903 -0.5665 0.8191
vn 0.0059 -0.4752 -0.8799
vn 0.1538 -0.6292 -0.7619
vn 0.0223 -0.5686 -0.8223
vn -0.6611 -0.6492 0.3761
vn -0.6823 -0.6737 0.2841
vn -0.5327 -0.7518 0.3886
vn -0.2233 -0.8932 0.3903
vn -0.2225 -0.8933 0.3905
vn -0.2143 -0.8749 0.4343
vn -0.3006 -0.8672 0.3970
vn -0.9544 -0.1515 0.2573
vn -0.7977 -0.4127 0.4398
vn -0.5227 -0.6401 0.5631
vn -0.5024 -0.6435 0.5774
vn -0.9532 -0.0786 0.2920
vn -0.0000 -0.9140 0.4057
vn 0.0079 -0.9370 0.3491
vn -0.2955 -0.8481 0.4399
vn -0.2955 -0.8481 0.4397
vn -0.3193 -0.7290 0.6055
vn 0.1387 -0.6362 0.7590
vn -0.9597 -0.0613 0.2744
vn -0.6067 -0.3092 0.7323
vn -0.7805 -0.2946 0.5514
vn -0.0084 -0.7305 0.6829
vn 0.0084 -0.9146 0.4043
vn 0.0084 -0.9146 0.4042
vn -0.4959 -0.4519 0.7415
vn -0.5103 -0.4531 0.7310
vn 0.0109 -0.6283 0.7779
vn -0.1934 -0.5457 0.8153
vn -0.3002 -0.5649 0.7686
vn -0.3000 -0.5649 0.7687
vn 0.0109 -0.6284 0.7778
vn 0.0109 -0.6284 0.7779
vn -0.0095 -0.3541 0.9351
vn 0.0172 0.7865 0.6174
vn -1.0000 0.0002 0.0080
vn -0.9999 0.0041 -0.0118
vn -0.4939 -0.2277 0.8392
vn -0.5013 -0.2304 0.8341
vn -0.7783 -0.1468 0.6105
vn 0.0184 0.7889 -0.6142
vn -1.0000 -0.0010 0.0056
vn -0.3066 -0.2626 0.9149
vn -0.1239 -0.1832 0.9752
vn 0.0107 -0.1905 0.9816
vn -0.9348 -0.0068 0.3552
vn -0.9819 -0.0012 0.1895
vn -0.9314 0.0392 0.3618
vn -0.9695 -0.0029 0.2449
vn -0.5949 0.1266 0.7937
vn -0.7750 0.0106 0.6319
vn -0.4964 0.0164 0.8680
vn -0.4958 0.0167 0.8683
vn -0.0982 0.0208 0.9950
vn -0.3066 -0.1679 0.9369
vn 0.0107 -0.1903 0.9817
vn -0.0232 0.2803 0.9596
vn -0.0003 0.0951 0.9955
vn -0.2862 0.2522 0.9244
vn 0.0122 -0.6377 0.7702
vn -1.0000 -0.0026 -0.0000
vn 0.0110 0.2823 0.9593
vn -0.2865 0.2521 0.9243
vn -0.2861 0.2521 0.9245
vn -0.1893 0.3153 0.9299
vn -0.5026 0.2564 0.8256
vn -0.7760 0.1681 0.6079
vn -0.4946 0.2631 0.8283
vn -0.9871 0.0047 0.1602
vn -0.9349 0.0909 0.3429
vn 0.0110 0.2822 0.9593
vn -0.0103 0.5248 0.8512
vn -1.0000 -0.0010 0.0057
vn 0.0172 0.7867 0.6171
vn -1.0000 0.0004 0.0077
vn -1.0000 0.0015 0.0034
vn -0.0348 0.8717 -0.4888
vn -0.0881 0.8856 -0.4561
vn -0.0433 0.8882 0.4574
vn -1.0000 0.0015 0.0091
vn -1.0000 0.0015 0.0033
vn -0.2991 0.5539 0.7770
vn -0.5119 0.4744 0.7161
vn -0.1374 0.6766 0.7234
vn 0.0128 0.7001 0.7140
vn -0.4981 0.4883 0.7166
vn -0.7876 0.3088 0.5332
vn -0.9350 0.0911 0.3428
vn -0.6521 0.4859 0.5820
vn -0.9610 0.0968 0.2591
vn 0.0128 0.7002 0.7139
vn -0.3225 0.6247 0.7112
vn -0.9871 0.0048 0.1599
vn 0.0129 0.7002 0.7138
vn -0.3223 0.6247 0.7112
vn -0.0045 0.8119 0.5838
vn -0.1584 0.7786 0.6073
vn -0.5223 0.6347 0.5695
vn -0.6705 0.5898 0.4502
vn -0.2192 0.7628 0.6084
vn -0.1262 0.8628 0.4896
vn -1.0000 0.0016 0.0073
vn -1.0000 -0.0021 0.0001
vn -0.9501 0.2563 0.1777
vn -0.6519 0.5429 0.5294
vn -0.0000 0.8768 0.4809
vn -0.2389 0.8286 0.5064
vn -0.0000 0.8973 0.4414
vn -0.2468 0.8556 0.4551
vn -0.9885 0.0067 0.1510
vn -0.9337 0.1967 0.2991
vn -0.2387 0.8585 0.4540
vn -0.2469 0.8560 0.4541
vn -0.2483 0.8557 0.4541
vn -0.2486 0.8556 0.4541
vn -0.6796 0.6184 0.3946
vn -0.6829 0.6155 0.3935
vn -0.6828 0.6156 0.3935
vn -0.6796 0.6182 0.3949
vn -0.6832 0.6151 0.3936
vn -0.6833 0.6150 0.3936
vn -0.9443 0.2279 0.2376
vn -0.9467 0.2209 0.2342
vn -0.0099 -0.7817 -0.6236
vn -0.9437 0.2253 0.2421
vn -0.9548 0.1960 0.2233
vn -0.9467 0.2208 0.2345
vn -0.0092 -0.7822 0.6229
vn -1.0000 -0.0043 0.0001
vn -0.0098 -0.7905 -0.6124
vn -0.0000 -0.7817 -0.6237
vn -0.0092 -0.7905 0.6124
vn -0.0000 -0.7822 0.6230
vn -1.0000 -0.0046 0.0002
vn -1.0000 -0.0009 -0.0002
vn -0.9899 0.0091 0.1416
vn -0.2489 0.8561 0.4529
vn 0.0133 0.9340 0.3571
vn -1.0000 0.0018 0.0055
vn 0.0128 0.9348 -0.3549
vn -1.0000 -0.0029 -0.0026
vn -0.9918 0.0027 0.1279
vn -0.9867 0.0027 0.1625
vn -0.9921 -0.0000 0.1253
vn -0.9472 0.2226 0.2309
vn -0.0000 0.8011 0.5985
vn -0.2291 0.7798 0.5826
vn 0.0013 0.7925 0.6099
vn -0.2447 0.8413 0.4821
vn -0.1302 0.8408 0.5254
vn -0.2448 0.8413 0.4820
vn -0.6357 0.4910 0.5956
vn -0.0000 -0.6853 0.7283
vn -1.0000 -0.0034 0.0002
vn -1.0000 -0.0012 0.0001
vn 0.0039 -0.7496 0.6619
vn -0.0000 -0.7495 -0.6620
vn 0.0038 -0.6872 -0.7264
vn -0.0012 0.5286 0.8488
vn -0.2058 0.5172 0.8307
vn -0.6291 0.5073 0.5890
vn -0.2058 0.5172 0.8308
vn -0.6392 0.4982 0.5858
vn 0.0021 0.4949 0.8689
vn -0.0012 0.5284 0.8490
vn -0.2058 0.5171 0.8308
vn -0.5402 0.5852 0.6048
vn -0.6754 0.5886 0.4443
vn -0.0033 -0.4520 0.8920
vn 0.0039 -0.6851 0.7284
vn 0.0035 -0.4524 -0.8918
vn -0.0078 -0.2810 -0.9597
vn 0.0038 -0.6870 -0.7266
vn -1.0000 -0.0036 0.0002
vn -0.6755 0.5887 0.4441
vn 0.0034 -0.2804 0.9599
vn -1.0000 -0.0010 0.0002
vn -0.9167 0.1493 0.3707
vn -0.0033 -0.0193 0.9998
vn 0.0034 -0.2798 0.9600
vn 0.0036 -0.2811 -0.9597
vn -0.0086 0.1871 -0.9823
vn 0.0040 -0.0195 -0.9998
vn -1.0000 -0.0011 0.0002
vn -0.0000 0.3372 0.9414
vn -0.2311 0.2749 0.9333
vn -0.2411 0.3272 0.9137
vn -0.2388 0.2668 0.9337
vn -0.6417 0.2681 0.7185
vn -0.6635 0.3396 0.6666
vn -0.2387 0.2669 0.9337
vn -0.6655 0.2373 0.7076
vn -0.6669 0.2368 0.7066
vn -0.8952 0.2615 0.3610
vn -0.9340 0.1846 0.3058
vn -0.9340 0.1846 0.3057
vn 0.0041 0.1821 0.9833
vn -1.0000 0.0009 0.0002
vn -0.9341 0.1845 0.3055
vn -0.0000 0.2383 0.9712
vn 0.0651 0.2658 0.9618
vn -0.2378 0.2497 0.9387
vn -0.2388 0.2608 0.9354
vn -0.0620 0.2735 0.9599
vn -0.2382 0.2610 0.9355
vn -0.6638 0.1880 0.7239
vn -0.5152 0.2139 0.8299
vn -0.6637 0.1880 0.7240
vn 0.0041 0.1871 -0.9823
vn -1.0000 0.0004 0.0002
vn -1.0000 0.0007 0.0002
vn -0.0111 0.1820 0.9832
vn 0.0039 0.4170 0.9089
vn -0.0035 0.4170 -0.9089
vn -0.6642 0.1881 0.7235
vn -0.9356 0.0710 0.3459
vn -0.7943 0.1371 0.5919
vn -0.9356 0.0673 0.3467
vn -0.9413 0.0666 0.3309
vn 0.0128 0.9539 -0.2999
vn -0.0000 0.9349 -0.3550
vn -1.0000 -0.0030 -0.0027
vn 0.0041 0.6229 0.7823
vn -1.0000 0.0029 0.0002
vn 0.0041 0.6267 -0.7792
vn -1.0000 0.0092 0.0002
vn -1.0000 0.0084 0.0002
vn -1.0000 -0.0017 -0.0000
vn -1.0000 0.0042 0.0063
vn -1.0000 0.0007 0.0028
vn -0.0000 0.9540 0.2999
vn 0.0040 0.7706 0.6374
vn -0.0086 0.6228 0.7823
vn 0.0041 0.6265 -0.7794
vn -1.0000 0.0012 0.0028
vn -0.0033 0.7708 -0.6370
vn 0.0036 0.9108 0.4128
vn 0.0034 0.9104 -0.4138
vn -1.0000 0.0024 0.0033
vn -1.0000 0.0024 0.0028
vn 0.0035 0.9711 0.2388
vn -0.0078 0.9108 0.4128
vn 0.0034 0.9105 -0.4135
vn -1.0000 0.0024 0.0026
vn -0.0034 0.9711 -0.2385
vn -0.0000 0.9906 -0.1365
vn 0.0038 0.9989 -0.0471
vn -1.0000 -0.0033 -0.0034
vn -0.0000 0.9990 0.0439
vn -1.0000 0.0022 0.0041
vn 0.0039 0.9906 0.1365
vn 0.0039 0.9990 0.0446
vn -1.0000 0.0022 0.0040
vn 0.0038 0.9989 -0.0472
vn -1.0000 -0.0034 -0.0035
vn -0.9929 -0.0000 0.1186
vn -0.9925 -0.0000 0.1222
vn -0.9928 -0.0000 0.1197
vn -0.9549 0.0511 0.2925
vn -0.9999 0.0113 0.0015
vn -0.9999 0.0130 0.0017
vn -0.9936 -0.0000 0.1132
vn -0.9613 0.0315 0.2737
vn -0.0618 0.2620 0.9631
vn -0.0433 0.1860 0.9816
vn -0.3116 0.1494 0.9384
vn -0.5134 0.1500 0.8449
vn -0.7932 0.0975 0.6012
vn -0.5155 0.1495 0.8437
vn -0.7951 0.0967 0.5987
vn -0.9613 0.0314 0.2737
vn -0.9935 -0.0000 0.1135
vn -0.9616 0.0311 0.2726
vn -0.0211 0.1627 0.9865
vn -0.0211 0.1627 0.9864
vn 0.0556 0.0667 0.9962
vn 0.0312 0.1636 0.9860
vn 0.0311 0.1636 0.9860
vn -0.3095 0.0933 0.9463
vn -0.5144 0.0816 0.8536
vn -0.7944 0.0530 0.6051
vn -0.5155 0.0814 0.8530
vn -0.7955 0.0527 0.6037
vn -0.9566 0.0190 0.2908
vn -0.9935 -0.0000 0.1137
vn -0.9938 0.0001 0.1114
vn -0.9657 0.0132 0.2591
vn 0.0389 0.0591 0.9975
vn 0.0630 0.0592 0.9963
vn 0.0629 0.0591 0.9963
vn -0.3131 0.0138 0.9496
vn -0.5150 0.0121 0.8571
vn -0.7952 0.0079 0.6063
vn -0.5153 0.0121 0.8569
vn -0.9658 0.0131 0.2591
vn -0.9520 0.0031 0.3061
vn -0.7953 0.0078 0.6062
vn -0.9940 -0.0000 0.1097
vn -0.9934 -0.0002 0.1146
vn -0.9677 -0.0023 0.2523
vn -0.9999 0.0001 0.0125
vn -0.0181 -0.0437 0.9989
vn 0.0215 -0.0439 0.9988
vn -0.9999 0.0001 0.0124
vn -0.9934 -0.0002 0.1145
vn -0.9939 -0.0000 0.1103
vn -0.7946 -0.0374 0.6059
vn -0.7955 -0.0374 0.6048
vn -0.9495 -0.0151 0.3133
vn -0.5155 -0.0577 0.8549
vn -0.5149 -0.0576 0.8553
vn -0.0181 -0.0438 0.9989
vn 0.0216 -0.0440 0.9988
vn -0.2846 -0.0668 0.9563
vn 0.0217 -0.0439 0.9988
vn 0.0857 -0.1447 0.9858
vn 0.0570 -0.1238 0.9907
vn -0.0000 -0.1898 -0.9818
vn -0.0093 -0.1527 -0.9882
vn -0.9677 -0.0171 0.2517
vn -0.0093 -0.1526 -0.9883
vn -0.0315 -0.1433 0.9892
vn 0.0026 -0.3678 -0.9299
vn -0.0000 -0.1156 -0.9933
vn -0.0020 -0.1141 -0.9935
vn -0.3917 0.2897 -0.8733
vn 0.0322 -0.2287 -0.9730
vn 0.0025 -0.5669 -0.8238
vn -0.0306 -0.4226 -0.9058
vn -0.9928 -0.0011 0.1199
vn -0.9499 -0.0328 0.3108
vn -0.7936 -0.0823 0.6028
vn -0.7952 -0.0821 0.6007
vn -0.1341 -0.2453 -0.9601
vn -0.2189 -0.1294 -0.9671
vn -0.0599 -0.2847 -0.9567
vn -0.5155 -0.1268 0.8475
vn -0.5139 -0.1268 0.8484
vn -0.2245 -0.1504 0.9628
vn -0.0316 -0.1433 0.9892
vn 0.0242 -0.1442 0.9893
vn -0.0000 -0.3390 -0.9408
vn -0.3397 -0.1144 -0.9336
vn -0.3398 -0.1143 -0.9335
vn -0.0048 -0.5820 -0.8131
vn -0.6929 0.1624 -0.7025
vn -0.3872 -0.1620 -0.9076
vn -0.4084 -0.1324 -0.9031
vn -0.1459 -0.3714 -0.9170
vn -0.0000 -0.4544 -0.8908
vn -0.1419 -0.3764 -0.9155
vn -0.1066 -0.4005 -0.9101
vn 0.0212 -0.5002 -0.8656
vn -0.6930 0.1628 -0.7023
vn -0.4858 -0.3436 -0.8037
vn -0.7965 0.1199 -0.5926
vn -0.5505 -0.1697 -0.8174
vn -0.4604 -0.2206 -0.8599
vn -0.3403 -0.3056 -0.8893
vn 0.0019 -0.7455 -0.6665
vn -0.8775 0.0655 -0.4751
vn -0.8773 0.0659 -0.4753
vn 0.0019 -0.7458 -0.6662
vn -0.8738 0.0560 -0.4831
vn -0.5883 -0.2707 -0.7620
vn -0.6164 -0.2572 -0.7443
vn -0.4823 -0.3204 -0.8153
vn -0.0144 -0.7713 -0.6363
vn 0.0019 -0.8493 -0.5279
vn -0.2185 -0.4140 -0.8837
vn -0.2185 -0.4139 -0.8837
vn -0.3662 -0.3734 -0.8523
vn -0.2188 -0.4133 -0.8839
vn -0.6160 -0.2524 -0.7462
vn -0.1292 -0.4567 -0.8802
vn 0.0585 -0.4838 -0.8732
vn -0.2195 -0.4193 -0.8809
vn -0.9658 -0.0327 0.2574
vn -0.0000 -0.8825 -0.4703
vn -0.6580 -0.2087 -0.7235
vn -0.9031 -0.0574 -0.4256
vn -0.6209 -0.2823 -0.7313
vn -0.8939 -0.0713 -0.4426
vn -0.8987 -0.1000 -0.4271
vn -0.0000 -0.9341 -0.3571
vn -0.9871 0.0445 -0.1537
vn -0.9012 -0.1186 -0.4169
vn -0.8935 -0.1312 -0.4294
vn -0.9120 -0.1090 -0.3954
vn -0.9014 -0.1210 -0.4157
vn -0.6377 -0.3212 -0.7001
vn -0.6273 -0.3258 -0.7074
vn -0.6267 -0.3260 -0.7077
vn -0.6268 -0.3260 -0.7077
vn -0.6378 -0.3203 -0.7005
vn -0.6270 -0.3250 -0.7080
vn -0.2277 -0.4629 -0.8566
vn -0.2252 -0.4635 -0.8570
vn -0.2257 -0.4634 -0.8569
vn -0.2690 -0.4534 -0.8497
vn -0.2245 -0.4556 -0.8614
vn -0.0151 -0.2436 0.9698
vn -0.1118 -0.2394 0.9645
vn 0.0415 -0.4943 -0.8683
vn -0.9949 0.0032 0.1009
vn -0.9658 -0.0326 0.2570
vn -0.7946 -0.1257 0.5939
vn -0.9526 -0.0475 0.3005
vn -0.7921 -0.1263 0.5972
vn -0.5155 -0.1943 0.8346
vn -0.5123 -0.1946 0.8365
vn -0.0977 -0.2392 0.9660
vn -0.9873 0.0338 -0.1555
vn -0.9131 -0.1163 -0.3907
vn -0.9953 -0.0971 0.0030
vn -0.9949 -0.0999 -0.0107
vn -0.9947 -0.1021 -0.0126
vn -0.9941 -0.1077 -0.0106
vn -0.9937 -0.1118 0.0066
vn -0.9922 -0.1245 0.0029
vn -0.9922 -0.1245 -0.0002
vn -0.9948 -0.1015 0.0030
vn -0.9940 -0.0873 -0.0657
vn -0.9948 -0.1015 0.0029
vn -0.9946 -0.1037 0.0056
vn 0.0376 -0.2935 0.9552
vn 0.0250 -0.5070 -0.8616
vn -0.2286 -0.4702 -0.8525
vn -0.9934 -0.0877 -0.0742
vn -0.9923 -0.1053 -0.0645
vn -0.9965 -0.0831 0.0058
vn -0.9965 -0.0830 0.0004
vn -0.9965 -0.0832 0.0059
vn -0.9900 -0.1367 0.0357
vn -0.9961 -0.0789 0.0382
vn -0.9967 -0.0782 0.0228
vn -0.9861 -0.0886 -0.1408
vn -0.9859 -0.0911 -0.1404
vn -0.9858 -0.0888 -0.1423
vn -0.9865 -0.1439 0.0782
vn -0.9930 -0.0832 0.0838
vn -0.9943 -0.0821 0.0678
vn -0.9565 -0.1538 -0.2480
vn -0.9192 -0.1933 -0.3431
vn -0.9833 -0.1231 0.1339
vn -0.9191 -0.1935 -0.3434
vn -0.6446 -0.3852 -0.6604
vn -0.7489 -0.3442 -0.5662
vn -0.6447 -0.3851 -0.6603
vn -0.9916 -0.0024 0.1295
vn -0.2318 -0.4982 -0.8355
vn -0.4800 -0.4595 -0.7473
vn -0.2314 -0.4929 -0.8388
vn -0.2599 -0.4944 -0.8295
vn 0.0145 -0.5180 -0.8553
vn -0.9766 -0.0963 0.1923
vn -0.9856 -0.1058 0.1318
vn -0.9581 -0.2864 -0.0096
vn -0.9579 -0.2868 -0.0094
vn -0.9579 -0.2870 0.0049
vn -0.9563 -0.2869 -0.0561
vn -0.9558 -0.2887 -0.0550
vn -0.9577 -0.2876 -0.0002
vn -0.9577 -0.2876 0.0003
vn -0.9576 -0.2878 0.0166
vn -0.9577 -0.2876 0.0050
vn 0.0029 -0.5342 -0.8453
vn -0.1094 -0.5414 -0.8336
vn -0.9574 -0.2882 0.0167
vn -0.9558 -0.2896 0.0500
vn -0.9856 -0.0921 -0.1418
vn -0.9856 -0.0917 -0.1419
vn -0.9486 -0.3027 -0.0920
vn -0.9505 -0.2927 -0.1044
vn -0.9620 -0.0503 0.2686
vn -0.0000 -0.2589 0.9659
vn -0.9736 -0.1147 0.1973
vn -0.9743 -0.1272 0.1862
vn -0.9564 -0.1541 -0.2482
vn -0.9564 -0.1540 -0.2482
vn -0.9558 -0.2898 0.0500
vn -0.9502 -0.2951 0.1002
vn -0.7347 -0.4764 -0.4830
vn -0.7123 -0.4825 -0.5098
vn -0.9273 -0.3273 -0.1816
vn -0.8611 -0.4094 -0.3014
vn -0.9660 -0.0898 0.2426
vn -0.4707 -0.5480 -0.6915
vn 0.0028 -0.5343 -0.8453
vn -0.1094 -0.5415 -0.8336
vn -0.2046 -0.5617 -0.8016
vn -0.4543 -0.5521 -0.6991
vn -0.9619 -0.0505 0.2685
vn -0.9345 -0.0844 0.3458
vn -0.9620 -0.0503 0.2685
vn -0.9347 -0.0843 0.3454
vn -0.9344 -0.0842 0.3462
vn -0.7935 -0.1651 0.5857
vn -0.6658 -0.2241 0.7117
vn -0.6622 -0.2247 0.7149
vn -0.5146 -0.2574 0.8179
vn -0.6623 -0.2246 0.7148
vn -0.9849 -0.0170 0.1720
vn -0.2397 -0.3122 0.9193
vn -0.0977 -0.2401 0.9658
vn -0.2376 -0.3124 0.9198
vn 0.0994 -0.2454 0.9643
vn -0.8833 -0.4687 -0.0057
vn -0.8835 -0.4685 -0.0058
vn -0.8834 -0.4686 0.0030
vn -0.9505 -0.2940 0.1001
vn -0.9408 -0.3034 0.1510
vn -0.0000 -0.3311 0.9436
vn -0.8815 -0.4709 -0.0339
vn -0.8819 -0.4702 -0.0344
vn -0.8829 -0.4695 -0.0001
vn -0.8829 -0.4695 0.0002
vn -0.8828 -0.4696 0.0100
vn -0.8829 -0.4696 0.0031
vn -0.0000 -0.9834 -0.1816
vn -0.8821 -0.4709 0.0104
vn -0.8812 -0.4718 0.0304
vn -0.0014 -0.5573 -0.8303
vn -0.1058 -0.5838 -0.8050
vn -0.9458 -0.3081 -0.1022
vn -0.9458 -0.3083 -0.1021
vn -0.8676 -0.4956 -0.0402
vn -0.8754 -0.4764 -0.0813
vn -0.9607 -0.1233 0.2486
vn -0.9538 -0.0920 0.2861
vn -0.9230 -0.3447 -0.1710
vn -0.9229 -0.3450 -0.1711
vn -0.6695 -0.6076 -0.4274
vn -0.8803 -0.4706 -0.0611
vn -0.7615 -0.5884 -0.2718
vn -0.0014 -0.5574 -0.8302
vn -0.1058 -0.5839 -0.8049
vn -0.4114 -0.6368 -0.6521
vn -0.6451 -0.6169 -0.4508
vn -0.4243 -0.6389 -0.6416
vn -0.1084 -0.5922 -0.7985
vn -0.8794 -0.4751 0.0310
vn -0.8760 -0.4783 0.0615
vn -0.1841 -0.5992 -0.7792
vn 0.0059 -0.5739 -0.8189
vn -0.0214 -0.5551 -0.8315
vn 0.0060 -0.5741 -0.8188
vn -0.9538 -0.0920 0.2862
vn 0.9663 0.0841 0.2434
vn 0.9951 0.0339 0.0931
vn 0.9651 0.0964 0.2434
vn 0.9025 0.1468 0.4048
vn 0.9026 0.1467 0.4047
vn 0.7194 0.2361 0.6532
vn 0.5994 0.2673 0.7545
vn 0.7178 0.2442 0.6520
vn 0.5984 0.2726 0.7534
vn 0.3221 0.3216 0.8904
vn 0.1999 0.3299 0.9226
vn 0.3218 0.3217 0.8905
vn 0.0486 0.3416 0.9386
vn 0.1996 0.3369 0.9201
vn -0.0000 0.3421 0.9397
vn -0.0000 0.3420 0.9397
vn 0.0001 0.3421 0.9397
vn 0.1978 0.3576 0.9127
vn 0.1602 0.3376 0.9276
vn 0.5653 0.2909 0.7719
vn 0.4667 0.2853 0.8371
vn 0.5604 0.3167 0.7653
vn 0.4628 0.3116 0.8299
vn 0.8380 0.1920 0.5107
vn 0.6685 0.2521 0.6997
vn 0.8457 0.1813 0.5019
vn 0.8408 0.1744 0.5124
vn 0.9809 0.0766 0.1790
vn 0.9826 0.0634 0.1743
vn -0.0000 -0.5618 -0.8273
vn -0.0004 -0.5767 -0.8169
vn -0.0051 -0.6058 -0.7956
vn -0.0013 -0.5881 -0.8088
vn -0.0032 -0.5970 -0.8022
vn -0.0052 -0.6059 -0.7956
vn 0.0145 -0.5825 -0.8127
vn -0.0075 -0.6151 -0.7884
vn -0.0075 -0.6150 -0.7885
vn 0.0033 -0.5787 -0.8156
vn -0.9408 -0.3036 0.1510
vn -0.9301 -0.3133 0.1916
vn -0.7754 -0.6315 0.0009
vn -0.7752 -0.6318 0.0008
vn -0.7785 -0.6276 -0.0019
vn -0.7742 -0.6329 -0.0052
vn -0.7716 -0.6361 -0.0103
vn -0.7766 -0.6298 -0.0159
vn -0.7754 -0.6315 0.0001
vn -0.7756 -0.6312 0.0004
vn -0.7756 -0.6312 -0.0000
vn -0.7734 -0.6339 0.0031
vn -0.7734 -0.6339 0.0011
vn -0.7774 -0.6290 0.0004
vn -0.8730 -0.4838 0.0618
vn -0.8670 -0.4896 0.0932
vn -0.7718 -0.6358 0.0064
vn -0.7745 -0.6325 0.0101
vn -0.7786 -0.6275 0.0012
vn 0.7072 -0.7070 -0.0000
vn 0.7071 -0.7071 -0.0000
vn -0.1031 -0.6258 -0.7732
vn -0.8555 -0.5122 -0.0758
vn -0.8555 -0.5122 -0.0757
vn -0.7737 -0.6335 0.0095
vn -0.8664 -0.4974 -0.0441
vn -0.1032 -0.6256 -0.7733
vn -0.8663 -0.4976 -0.0442
vn -0.6822 -0.7016 -0.2057
vn -0.5784 -0.7233 -0.3771
vn -0.6823 -0.7016 -0.2055
vn -0.6348 -0.7229 -0.2729
vn -0.9398 -0.1693 0.2968
vn -0.1608 -0.6580 -0.7357
vn -0.1613 -0.6583 -0.7352
vn -0.3648 -0.7114 -0.6007
vn -0.4544 -0.7329 -0.5062
vn -0.4544 -0.7329 -0.5063
vn -0.7685 -0.6395 0.0210
vn -0.7672 -0.6413 0.0132
vn -0.7585 -0.6516 -0.0116
vn -0.6800 -0.7332 -0.0003
vn -0.6791 -0.7341 0.0024
vn -0.6800 -0.7332 -0.0004
vn -0.6798 -0.7334 -0.0002
vn -0.6796 -0.7336 -0.0001
vn -0.6809 -0.7324 -0.0005
vn -0.9457 -0.1119 0.3050
vn -0.9293 -0.3157 0.1915
vn -0.9160 -0.3269 0.2325
vn -0.6808 -0.7325 -0.0005
vn -0.6811 -0.7275 0.0825
vn -0.6826 -0.7307 0.0055
vn -0.6873 -0.7264 -0.0020
vn -0.9836 -0.0369 0.1764
vn -0.9360 -0.1474 0.3197
vn -0.8619 -0.4984 0.0930
vn -0.8552 -0.5046 0.1188
vn -0.9524 -0.0822 0.2935
vn -0.9355 -0.1132 0.3347
vn -0.7788 -0.2898 0.5563
vn -0.9288 -0.2480 0.2754
vn -0.8591 -0.2972 0.4168
vn -0.6640 -0.2596 0.7012
vn -0.6653 -0.2598 0.6999
vn -0.6641 -0.2595 0.7012
vn -0.1433 -0.6756 -0.7232
vn -0.6826 -0.7308 0.0055
vn -0.6905 -0.7233 -0.0026
vn -0.2418 -0.4092 0.8798
vn -0.5140 -0.4184 0.7488
vn -0.2439 -0.5431 0.8035
vn -0.0217 -0.4319 0.9017
vn -0.0000 -0.5970 -0.8023
vn -0.2879 -0.7655 -0.5754
vn -0.1247 -0.6941 -0.7090
vn -0.0000 -0.5677 0.8232
vn -0.0079 -0.5099 0.8602
vn -0.7609 -0.6485 0.0219
vn -0.7548 -0.6552 0.0325
vn -0.7550 -0.6550 0.0312
vn -0.6112 -0.7765 -0.1534
vn -0.9840 -0.0353 0.1746
vn -0.4318 -0.8663 0.2513
vn -0.9580 -0.1059 0.2664
vn -0.3927 -0.7952 -0.4619
vn -0.9870 -0.0507 0.1522
vn -0.4003 -0.8820 0.2486
vn -0.9427 -0.2378 0.2339
vn -0.9664 -0.1942 0.1684
vn -0.3931 -0.7948 -0.4622
vn -0.3804 -0.7926 -0.4765
vn -0.3808 -0.7927 -0.4760
vn -0.5010 -0.8016 -0.3263
vn -0.6046 -0.7811 -0.1561
vn -0.6074 -0.7799 -0.1510
vn -0.3809 -0.7925 -0.4764
vn -0.5247 -0.5525 0.6477
vn -0.5117 -0.5492 0.6607
vn -0.9509 -0.2478 0.1855
vn -0.8115 -0.4997 0.3029
vn -0.0346 -0.5665 0.8233
vn -0.0953 -0.6671 0.7388
vn -0.0100 -0.5675 0.8233
vn -0.6906 -0.7232 -0.0027
vn 0.0354 -0.5685 0.8219
vn -0.0096 -0.7691 0.6390
vn -0.2105 -0.5485 0.8092
vn -0.9196 -0.2157 0.3283
vn -0.9194 -0.2164 0.3284
vn -0.8521 -0.3908 0.3483
vn -0.5329 -0.6865 0.4946
vn -0.5165 -0.6868 0.5114
vn -0.6891 -0.7246 -0.0024
vn -0.9510 -0.2475 0.1855
vn -0.9477 -0.2438 0.2060
vn -0.9864 0.0589 0.1532
vn -0.6914 -0.6840 0.2326
vn -0.6891 -0.6806 0.2488
vn -0.8118 -0.5340 0.2364
vn -0.0389 -0.8334 0.5513
vn -0.1382 -0.8698 0.4736
vn -0.0141 -0.8818 0.4715
vn -0.6906 -0.6848 0.2327
vn -0.5387 -0.7623 0.3588
vn -0.6914 -0.6839 0.2327
vn -0.6902 -0.6795 0.2487
vn -0.6889 -0.6808 0.2488
vn -0.0141 -0.8816 0.4718
vn -0.0160 -0.8815 0.4718
vn -0.2591 -0.9227 0.2855
vn -0.2430 -0.9270 0.2857
vn -0.0160 -0.8817 0.4716
vn -0.0096 -0.9391 0.3435
vn 0.0060 -0.8824 0.4705
vn -0.0018 -0.6268 -0.7792
vn -0.0018 -0.6269 -0.7791
vn -0.1352 -0.7048 -0.6964
vn -0.0306 -0.6456 -0.7631
vn -0.2513 -0.9410 0.2266
vn -0.5311 -0.8114 0.2439
vn -0.2516 -0.9417 0.2235
vn -0.2512 -0.9410 0.2266
vn -0.0000 -0.9766 0.2150
vn -0.9032 -0.3551 0.2411
vn -0.0000 -0.9816 0.1908
vn -0.1811 -0.9594 0.2164
vn -0.9428 -0.1142 0.3131
vn -0.6821 -0.7313 -0.0015
vn -0.6820 -0.7313 -0.0015
vn -0.7517 -0.6588 0.0310
vn -0.7374 -0.6743 0.0392
vn -0.7374 -0.6743 0.0394
vn -0.8483 -0.5162 0.1178
vn 0.1913 -0.9815 -0.0000
vn 0.1590 -0.9873 0.0002
vn -0.8641 -0.4727 0.1725
vn -0.8169 -0.5652 0.1147
vn -0.8168 -0.5655 0.1145
vn -0.8380 -0.5248 0.1496
vn -0.9113 -0.3420 0.2292
vn 0.5610 -0.8278 -0.0003
vn 0.5380 -0.8429 -0.0002
vn 0.5611 -0.8277 -0.0002
vn 0.5380 -0.8430 0.0010
vn 0.8770 -0.4804 -0.0034
vn 0.8775 -0.4797 -0.0000
vn -0.9032 -0.3551 0.2412
vn 0.8776 -0.4795 0.0009
vn 1.0000 -0.0051 -0.0034
vn 0.8781 -0.4785 -0.0000
vn -0.9425 -0.1159 0.3133
vn -0.9501 -0.1274 0.2847
vn -0.7989 -0.5218 0.2991
vn -0.9705 0.0954 0.2214
vn -0.6682 -0.7440 -0.0004
vn -0.9229 -0.2518 0.2912
vn -0.9240 -0.2523 0.2872
vn -0.6688 -0.6816 0.2969
vn -0.5229 -0.8036 0.2843
vn -0.9442 -0.1315 0.3020
vn -0.9498 -0.1328 0.2833
vn 0.9998 0.0187 -0.0001
vn -0.1786 -0.9570 0.2286
vn -0.6670 -0.6809 0.3025
vn -0.2437 -0.9393 0.2414
vn -0.2429 -0.9391 0.2432
vn 0.9996 0.0297 -0.0000
vn 0.9884 -0.0971 -0.1164
vn 0.9905 -0.0872 -0.1060
vn -0.4983 -0.8629 -0.0841
vn -0.6590 -0.7522 0.0001
vn -0.7369 -0.6749 0.0391
vn -0.9661 -0.0855 0.2434
vn -0.9505 -0.1196 0.2866
vn -0.9122 -0.3618 0.1926
vn -0.9139 -0.3356 0.2284
vn -0.9173 -0.3094 0.2505
vn -0.8929 -0.3550 0.2770
vn -0.7158 -0.6968 0.0465
vn -0.7983 -0.5914 0.1142
vn -0.7162 -0.6967 0.0415
vn -0.7158 -0.6968 0.0464
vn -0.7983 -0.5912 0.1143
vn -0.0012 -0.6322 -0.7748
vn 0.9782 0.2074 -0.0120
vn 0.9823 0.1851 -0.0277
vn 0.9805 0.1964 0.0105
vn 0.9583 0.2858 0.0019
vn 0.9569 0.2904 0.0008
vn 0.9612 0.2758 0.0042
vn 0.9548 0.2972 0.0007
vn 0.9569 0.2904 0.0013
vn 0.9452 0.3266 -0.0012
vn 0.9489 0.3157 -0.0006
vn 0.9488 0.3159 -0.0007
vn 0.9545 0.2982 -0.0001
vn 0.9589 0.2836 -0.0000
vn 0.9840 0.0990 0.1480
vn 0.9898 -0.0234 -0.1408
vn -0.0010 -0.6337 -0.7735
vn -0.0004 -0.6399 -0.7684
vn -0.9184 -0.2488 0.3076
vn 0.0053 -0.6400 -0.7684
vn -0.0004 -0.6391 -0.7691
vn 0.9678 -0.1746 -0.1812
vn 0.9894 -0.0322 -0.1415
vn 0.9152 -0.3202 -0.2448
vn 0.9907 0.1156 -0.0714
vn -0.9208 -0.2501 0.2992
vn -0.8587 -0.4032 0.3162
vn -0.6625 -0.6777 0.3192
vn -0.8596 -0.4041 0.3126
vn 0.9555 0.2951 0.0006
vn 0.0003 0.3420 0.9397
vn -0.5870 -0.7986 -0.1331
vn -0.6633 -0.6785 0.3158
vn -0.5896 -0.7458 0.3102
vn -0.0000 -0.6488 -0.7610
vn -0.0024 -0.6476 -0.7620
vn -0.0050 -0.6472 -0.7623
vn -0.0017 -0.6480 -0.7616
vn -0.2407 -0.9375 0.2513
vn -0.5911 -0.7462 0.3063
vn -0.0056 -0.6466 -0.7628
vn 0.6741 -0.6583 -0.3350
vn -0.2403 -0.9374 0.2520
vn -0.2532 -0.9337 0.2533
vn -0.2094 -0.9469 0.2441
vn -0.6455 -0.7637 0.0002
vn -0.9309 -0.2490 0.2674
vn -0.9346 -0.2577 0.2451
vn -0.9345 -0.2578 0.2453
vn -0.8668 -0.4098 0.2840
vn -0.6412 -0.7674 -0.0027
vn -0.6413 -0.7673 -0.0028
vn -0.6426 -0.7662 -0.0016
vn -0.6266 -0.7794 0.0002
vn -0.6520 -0.7582 -0.0095
vn -0.7019 -0.7113 0.0369
vn -0.6552 -0.7554 0.0129
vn -0.6049 -0.7963 -0.0024
vn -0.6048 -0.7963 -0.0024
vn -0.6039 -0.7971 -0.0026
vn -0.6038 -0.7972 -0.0026
vn -0.6125 -0.7904 -0.0012
vn -0.5869 -0.7986 -0.1335
vn 0.3576 -0.8693 -0.3411
vn 0.3400 -0.8649 -0.3692
vn 0.6259 -0.7016 -0.3406
vn 0.0001 0.3419 0.9397
vn 0.9972 0.0740 0.0143
vn -0.8668 -0.4098 0.2839
vn -0.6501 -0.7598 0.0113
vn -0.5008 -0.8605 -0.0936
vn -0.5337 -0.8429 -0.0688
vn -0.2106 -0.9478 0.2396
vn 0.1075 -0.9290 -0.3542
vn -0.0000 -0.9208 -0.3900
vn 0.0098 -0.9341 -0.3568
vn -0.0000 -0.9355 -0.3535
vn 0.0138 -0.9594 -0.2818
vn -0.0001 -0.9384 -0.3456
vn 0.1096 -0.9286 -0.3545
vn -0.0003 -0.9205 -0.3908
vn 0.0098 -0.9342 -0.3567
vn -0.5847 -0.7842 0.2077
vn -0.6950 -0.6788 0.2371
vn -0.8745 -0.4158 0.2496
vn -0.5336 -0.8430 -0.0688
vn -0.2057 -0.9426 -0.2632
vn -0.2043 -0.9433 -0.2617
vn -0.2302 -0.9406 -0.2498
vn -0.2046 -0.9432 -0.2616
vn -0.8022 -0.5472 0.2388
vn -0.8007 -0.5471 0.2441
vn -0.6095 -0.7608 0.2230
vn -0.5230 -0.8270 0.2062
vn -0.6103 -0.7611 0.2196
vn -0.7922 -0.5840 0.1771
vn 0.0004 0.3421 0.9396
vn 0.9961 0.0876 0.0139
vn 0.9971 0.0742 0.0147
vn 0.9225 -0.3841 0.0396
vn 0.9284 -0.3696 0.0383
vn -0.5245 -0.8270 0.2025
vn -0.2320 -0.9614 0.1478
vn -0.2275 -0.9592 0.1680
vn -0.1664 -0.9771 0.1327
vn -0.4888 -0.8501 0.1959
vn -0.8111 -0.5472 0.2066
vn -0.7488 -0.6405 0.1706
vn -0.0000 -0.9958 0.0912
vn 0.0133 -0.9932 0.1154
vn -0.7270 -0.6666 0.1647
vn -0.7033 -0.6918 0.1635
vn 0.9961 0.0876 0.0134
vn -0.8175 -0.5470 0.1800
vn 0.9950 0.0971 0.0219
vn -0.7836 -0.6107 0.1142
vn -0.7837 -0.6106 0.1140
vn -0.5450 -0.8287 0.1277
vn -0.5613 -0.8172 0.1304
vn -0.0000 0.3417 0.9398
vn 0.6362 -0.7695 0.0560
vn -0.5453 -0.8284 0.1278
vn 0.9942 0.0819 -0.0703
vn 0.9909 0.1228 -0.0556
vn -0.5671 -0.8184 0.0929
vn -0.6324 -0.7691 0.0925
vn -0.5896 -0.8006 0.1068
vn 0.9222 -0.3413 -0.1819
vn 0.9258 -0.3329 -0.1792
vn -0.5893 -0.8009 0.1065
vn -0.1890 -0.9808 0.0484
vn -0.4929 -0.8684 0.0549
vn -0.5803 -0.8134 0.0398
vn -0.1853 -0.9807 0.0631
vn -0.3491 -0.9331 0.0863
vn -0.1888 -0.9808 0.0497
vn -0.0522 -0.9983 0.0250
vn -0.0000 -0.9998 0.0181
vn -0.3506 -0.9334 0.0766
vn -0.0000 -1.0000 0.0071
vn -0.0011 -1.0000 0.0093
vn 0.2282 -0.9717 0.0605
vn 0.6384 -0.7677 0.0561
vn 0.9279 -0.3678 0.0608
vn 0.9973 0.0703 0.0236
vn 0.2276 -0.9728 0.0431
vn -0.0155 -0.9975 0.0689
vn 0.1099 -0.9922 0.0595
vn 0.0006 -0.9994 0.0333
vn -0.1351 -0.9895 0.0516
vn -0.1365 -0.9896 0.0450
vn 0.0009 -0.9996 0.0274
vn 0.0023 -0.9995 0.0309
vn -0.0040 -0.9987 0.0515
vn 0.0007 -0.9994 0.0333
vn 0.0044 -0.9995 0.0317
vn -0.0036 -0.9987 0.0515
vn 0.0028 -0.9994 0.0359
vn -0.2107 -0.9756 0.0615
vn 0.0029 -0.9994 0.0358
vn 0.0014 -0.9992 0.0404
vn 0.0015 -0.9992 0.0401
vn -0.0000 -0.9992 0.0412
vn 0.0006 -0.9991 0.0430
vn -0.2009 -0.9781 0.0550
vn -0.1963 -0.9789 0.0561
vn -0.2009 -0.9781 0.0549
vn -0.4904 -0.8713 0.0172
vn -0.0005 -0.9976 0.0692
vn 0.6340 -0.7273 -0.2629
vn 0.6352 -0.7263 -0.2626
vn -0.0005 -0.9987 0.0514
vn -0.1849 -0.9812 0.0547
vn -0.4734 -0.8805 0.0236
vn -0.5006 -0.8655 0.0187
vn -0.0018 -0.9976 0.0692
vn -0.0010 -0.9982 0.0597
vn 0.3317 -0.9406 0.0727
vn -0.1698 -0.9843 0.0486
vn -0.1462 -0.9872 0.0631
vn -0.1707 -0.9835 0.0597
vn 0.9311 -0.3597 0.0604
vn 0.6376 -0.7653 0.0881
vn -0.0002 -0.9970 0.0773
vn 0.1097 -0.9286 -0.3544
vn 0.3500 -0.8959 -0.2737
vn 0.2240 -0.9328 -0.2824
vn 0.0017 -0.9607 -0.2776
vn -0.0143 -0.9388 -0.3441
vn -0.1116 -0.9648 -0.2381
vn -0.6506 -0.7594 0.0116
vn -0.6466 -0.7627 0.0105
vn -0.5007 -0.8605 -0.0936
vn 0.1426 -0.9854 0.0933
vn 0.6417 -0.7619 0.0881
vn -0.6238 -0.7816 0.0041
vn -0.4767 -0.8759 -0.0748
vn 0.9487 0.3161 0.0001
vn 0.9972 0.0703 0.0244
vn -0.4652 -0.8816 -0.0797
vn -0.1080 -0.9673 -0.2294
vn -0.2598 -0.9488 -0.1798
vn 0.0017 -0.9976 0.0693
vn 0.0119 -0.9784 -0.2064
vn 0.0015 -0.9653 -0.2613
vn -0.0007 -0.9954 0.0962
vn -0.0007 -0.9954 0.0959
vn 0.2863 -0.9528 0.1012
vn 0.9309 -0.3591 0.0666
vn 0.9934 0.1125 0.0229
vn -0.4735 -0.8805 0.0236
vn 0.9909 0.1228 -0.0555
vn -0.4788 -0.8776 0.0253
vn -0.5104 -0.8597 0.0186
vn -0.1750 -0.9819 0.0729
vn -0.1596 -0.9842 0.0761
vn 0.9935 0.1041 -0.0463
vn 0.9907 0.1301 -0.0395
vn -0.0006 -0.9954 0.0962
vn 0.9420 0.3357 -0.0001
vn 0.9907 0.1346 0.0193
vn 0.9344 -0.3501 0.0662
vn 0.6414 -0.7611 0.0963
vn 0.9410 0.3384 0.0005
vn 0.9410 0.3385 0.0005
vn 0.9407 0.3392 0.0002
vn 0.9407 0.3393 0.0001
vn 0.9396 0.3422 -0.0003
vn 0.9396 0.3421 -0.0003
vn 0.9400 0.3411 -0.0002
vn 0.9401 0.3409 -0.0002
vn 0.9430 0.3328 -0.0000
vn 0.9326 -0.3388 -0.1248
vn 0.9300 -0.3452 -0.1263
vn -0.0006 -0.9954 0.0959
vn -0.0006 -0.9954 0.0963
vn -0.1385 -0.9873 0.0780
vn 0.2864 -0.9528 0.1012
vn 0.2485 -0.9632 0.1028
vn 0.6453 -0.7578 0.0963
vn 0.9907 0.1350 0.0193
vn -0.0005 -0.9954 0.0959
vn 0.6417 -0.7450 -0.1821
vn 0.6428 -0.7441 -0.1819
vn -0.0128 -0.9655 -0.2600
vn 0.0015 -0.9791 -0.2032
vn 0.2007 -0.9410 -0.2725
vn -0.6026 -0.7981 0.0004
vn -0.4772 -0.8774 -0.0496
vn -0.0814 -0.9800 -0.1813
vn -0.0807 -0.9801 -0.1811
vn -0.6026 -0.7980 0.0004
vn -0.4774 -0.8773 -0.0494
vn 0.2458 -0.9496 -0.1945
vn 0.2400 -0.9510 -0.1948
vn 0.2007 -0.9410 -0.2726
vn -0.5107 -0.8596 0.0185
vn -0.4359 -0.8979 -0.0615
vn -0.0807 -0.9801 -0.1812
vn -0.2346 -0.9638 -0.1263
vn 0.9907 0.1302 -0.0397
vn -0.0190 -0.9656 -0.2595
vn 0.0115 -0.9900 -0.1406
vn 0.9347 -0.3512 0.0553
vn 0.9943 0.1043 0.0206
vn -0.0004 -0.9827 -0.1850
vn 0.9929 0.1160 -0.0283
vn 0.9895 0.1427 -0.0233
vn -0.1997 -0.9775 0.0672
vn -0.4467 -0.8942 0.0280
vn -0.0005 -0.9954 0.0963
vn 0.0024 -0.9963 0.0861
vn 0.1163 -0.9892 0.0890
vn 0.9367 -0.3413 -0.0778
vn 0.9351 -0.3456 -0.0786
vn 0.9887 0.1492 0.0120
vn 0.9372 -0.3443 0.0551
vn 0.6456 -0.7595 0.0799
vn 0.9895 0.1427 -0.0234
vn 0.2764 -0.9573 0.0852
vn 0.6483 -0.7571 0.0800
vn -0.5895 -0.8077 -0.0002
vn -0.4757 -0.8790 -0.0312
vn 0.0030 -0.9970 0.0772
vn 0.0013 -0.9963 0.0860
vn 0.9932 0.1154 -0.0144
vn 0.9877 0.1562 -0.0090
vn 0.6466 -0.7544 -0.1132
vn 0.6476 -0.7536 -0.1130
vn -0.5896 -0.8077 -0.0002
vn -0.0762 -0.9894 -0.1239
vn -0.4715 -0.8817 0.0176
vn -0.5867 -0.8098 0.0007
vn -0.5865 -0.8099 0.0007
vn -0.5865 -0.8100 0.0006
vn -0.5864 -0.8100 0.0006
vn -0.5840 -0.8117 -0.0002
vn -0.5832 -0.8123 -0.0003
vn -0.5843 -0.8116 -0.0001
vn -0.0666 -0.9953 0.0697
vn 0.9871 0.1600 0.0024
vn 0.9975 0.0694 0.0119
vn 0.9379 -0.3457 0.0272
vn -0.4242 -0.9047 -0.0404
vn -0.2173 -0.9724 -0.0845
vn -0.0762 -0.9894 -0.1240
vn -0.0012 -0.9904 -0.1383
vn -0.0021 -0.9935 -0.1140
vn 0.9872 0.1597 0.0024
vn 0.1999 -0.9724 -0.1201
vn 0.1999 -0.9724 -0.1202
vn 0.2042 -0.9716 -0.1196
vn 0.9379 -0.3446 -0.0391
vn 0.9388 -0.3422 -0.0389
vn 0.9937 0.1121 -0.0027
vn -0.4205 -0.9070 0.0231
vn -0.2091 -0.9767 0.0488
vn -0.0015 -0.9970 0.0768
vn 0.0019 -0.9934 -0.1144
vn 0.9391 -0.3426 0.0273
vn 0.6492 -0.7596 0.0393
vn 0.9392 -0.3432 -0.0071
vn 0.9393 -0.3430 -0.0071
vn 0.0004 -0.9934 -0.1143
vn 0.0035 -0.9965 -0.0837
vn 0.0019 -0.9903 -0.1388
vn 0.2095 -0.9704 -0.1203
vn -0.4680 -0.8835 -0.0185
vn 0.6494 -0.7584 -0.0564
vn 0.6500 -0.7579 -0.0563
vn -0.2787 -0.9570 -0.0811
vn -0.4677 -0.8837 -0.0186
vn -0.0560 -0.9955 -0.0768
vn 0.0001 -0.9988 0.0484
vn 0.1574 -0.9862 0.0506
vn 0.3838 -0.9225 0.0419
vn 0.1577 -0.9862 0.0506
vn 0.1577 -0.9862 0.0504
vn 0.6504 -0.7586 0.0394
vn -0.4214 -0.9066 -0.0219
vn -0.2238 -0.9736 -0.0457
vn -0.4649 -0.8853 0.0102
vn -0.0015 -0.9965 -0.0832
vn 0.0001 -0.9970 0.0770
vn 0.0019 -0.9988 0.0486
vn -0.2537 -0.9661 0.0478
vn 0.0021 -0.9990 0.0452
vn 0.0016 -0.9988 0.0484
vn 0.1730 -0.9831 -0.0591
vn 0.2367 -0.9700 -0.0555
vn 0.2095 -0.9704 -0.1204
vn 0.6505 -0.7594 -0.0103
vn 0.6507 -0.7593 -0.0103
vn -0.0743 -0.9964 0.0402
vn -0.0056 -0.9934 -0.1141
vn 0.0007 -0.9986 -0.0525
vn 0.0044 -0.9994 -0.0346
vn -0.4663 -0.8846 -0.0072
vn -0.4506 -0.8926 0.0106
vn -0.1499 -0.9882 0.0320
vn -0.0748 -0.9964 0.0402
vn 0.0006 -0.9990 0.0451
vn -0.4663 -0.8846 -0.0073
vn -0.4507 -0.8926 0.0112
vn -0.4563 -0.8898 0.0023
vn -0.4423 -0.8969 0.0034
vn -0.0556 -0.9980 -0.0317
vn -0.4309 -0.9024 -0.0069
vn -0.1811 -0.9833 -0.0172
vn -0.4560 -0.8900 0.0022
vn -0.0008 -0.9994 -0.0343
vn 0.1731 -0.9834 -0.0551
vn 0.2833 -0.9590 0.0007
vn 0.2281 -0.9736 -0.0108
vn -0.0856 -0.9963 0.0110
vn -0.1572 -0.9875 0.0066
vn 0.1077 -0.9942 0.0007
vn -0.0024 -0.9986 -0.0524
vn -0.0008 -1.0000 0.0007
vn 0.0005 -1.0000 0.0086
vn 0.0014 -1.0000 0.0007
vn 0.0005 -1.0000 0.0007
vn 0.0021 -1.0000 0.0086
vn 0.0005 -0.9994 -0.0345
vn -0.2306 -0.9728 -0.0224
vn -0.0852 -0.9963 0.0076
vn 0.1116 0.6346 -0.7647
vn 0.2831 0.6877 -0.6685
vn 0.4017 0.6310 -0.6637
vn 0.3130 0.5968 -0.7389
vn -0.0000 0.9914 0.1305
vn -0.0570 0.9984 -0.0000
vn -0.0565 0.9899 0.1303
vn 0.2174 0.9761 0.0015
vn 0.1797 0.9837 -0.0000
vn 0.2156 0.9681 0.1275
vn -0.0000 0.9919 0.1271
vn 0.0838 0.9884 0.1265
vn 0.0839 0.9884 0.1265
vn 0.0845 0.9964 -0.0000
vn -0.1684 0.9857 -0.0000
vn -0.0841 0.9965 -0.0035
vn -0.0837 0.9872 0.1357
vn -0.0000 0.9907 0.1361
vn -0.2345 0.9721 0.0005
vn -0.3413 0.9399 -0.0029
vn -0.4409 0.4806 -0.7581
vn -0.3619 0.5685 -0.7388
vn -0.3311 0.6281 -0.7042
vn 0.2024 0.9793 -0.0020
vn 0.4078 0.5560 -0.7243
vn 0.4350 0.5478 -0.7146
vn -0.1460 0.6960 -0.7030
vn -0.1470 0.6957 -0.7031
vn -0.0001 -1.0000 -0.0000
vn -0.1733 0.9849 -0.0000
vn -0.0333 0.1895 -0.9813
vn 0.0002 -1.0000 -0.0000
vn 0.2582 0.9661 -0.0000
vn 0.1732 0.9847 -0.0212
vn -0.2587 0.9656 -0.0241
vn 0.3569 0.5608 -0.7470
vn -0.0563 0.9899 0.1303
vn -0.3388 0.9328 0.1228
vn 0.3940 0.9117 0.1168
vn 0.0837 0.9884 0.1266
vn 0.3967 0.9180 0.0018
vn -0.5063 0.8623 0.0056
vn -0.3966 0.9180 0.0029
vn -0.0836 0.9872 0.1356
vn -0.3935 0.9108 0.1251
vn -0.4717 0.5262 -0.7076
vn -0.3698 0.5810 -0.7250
vn -0.0000 0.9918 0.1275
vn 0.1775 0.9841 0.0015
vn -0.0000 0.9567 0.2912
vn 0.5467 0.8373 -0.0015
vn 0.2175 0.9761 0.0015
vn 0.0561 0.9362 0.3469
vn 0.0839 0.9350 0.3447
vn -0.0000 0.9564 0.2919
vn 0.0234 0.9227 0.3848
vn 0.0014 0.9377 0.3474
vn -0.4717 0.5262 -0.7075
vn -0.5069 0.8620 0.0029
vn 0.2005 0.9797 0.0017
vn 0.4428 0.4465 -0.7776
vn 0.4751 0.5243 -0.7066
vn 0.0838 0.9350 0.3447
vn 0.2157 0.9681 0.1275
vn 0.3953 0.8637 0.3128
vn 0.3400 0.8798 0.3322
vn 0.5612 0.8276 0.0038
vn -0.2306 0.9730 0.0030
vn -0.3415 0.9399 0.0006
vn 0.3940 0.9117 0.1167
vn 0.3967 0.9179 -0.0043
vn -0.3968 0.9179 -0.0027
vn -0.3936 0.9107 0.1251
vn -0.3937 0.9107 0.1251
vn -0.3389 0.9328 0.1228
vn 0.6295 0.7770 0.0028
vn 0.6263 0.7729 0.1018
vn -0.0842 0.9347 0.3452
vn -0.0000 0.9456 0.3253
vn 0.0036 0.9381 0.3464
vn -0.0309 0.9013 0.4321
vn -0.0000 0.9456 0.3252
vn -0.6831 0.7303 -0.0009
vn -0.7344 0.6787 -0.0030
vn -0.3956 0.8615 0.3182
vn -0.7315 0.6761 0.0890
vn 0.7744 0.6275 0.0803
vn 0.7769 0.6296 0.0024
vn -0.7741 0.6271 0.0861
vn -0.5369 0.8435 0.0182
vn 0.4992 0.8665 0.0073
vn 0.5370 0.8435 0.0108
vn 0.7757 0.5944 0.2122
vn 0.7329 0.6356 0.2428
vn 0.7744 0.6276 0.0803
vn 0.5115 0.4884 -0.7070
vn 0.5402 0.8416 0.0027
vn 0.8299 0.5579 0.0024
vn 0.7259 0.5608 -0.3983
vn 0.8801 0.4747 -0.0035
vn 0.6296 0.7769 0.0028
vn -0.4469 0.4431 -0.7772
vn -0.5256 0.4748 -0.7059
vn -0.7770 0.6296 0.0017
vn -0.7958 0.6056 0.0005
vn -0.3956 0.8616 0.3182
vn -0.7760 0.5917 0.2185
vn -0.7741 0.6272 0.0861
vn 0.7769 0.6296 -0.0011
vn -0.7342 0.6789 -0.0009
vn -0.7313 0.6762 0.0890
vn -0.7314 0.6761 0.0890
vn -0.6798 0.7334 0.0013
vn -0.0000 0.9239 0.3827
vn -0.0558 0.9224 0.3821
vn 0.2156 0.9021 0.3737
vn -0.0562 0.9224 0.3821
vn -0.3388 0.8692 0.3600
vn 0.9180 0.3966 -0.0001
vn 0.9167 0.3961 0.0521
vn 0.6263 0.7203 0.2984
vn 0.6263 0.7202 0.2983
vn 0.2156 0.9022 0.3737
vn -0.0024 -0.0000 -1.0000
vn -0.7069 0.7068 -0.0271
vn 0.5216 0.8531 0.0108
vn 0.5330 0.4605 -0.7098
vn 0.4819 0.4405 -0.7574
vn -0.9635 0.2677 -0.0010
vn -0.9650 0.2623 -0.0011
vn -0.7314 0.6300 0.2610
vn -0.9643 0.2624 0.0346
vn 0.5369 0.8436 0.0112
vn -0.9761 0.2172 -0.0005
vn -0.9741 0.2261 -0.0004
vn 0.7246 0.6890 -0.0130
vn 0.9758 0.2168 0.0277
vn 0.9805 0.1965 0.0009
vn 0.9761 0.2172 0.0007
vn -0.9757 0.2171 0.0298
vn 0.9759 0.2055 0.0729
vn 0.9648 0.2440 0.0984
vn 0.9757 0.2172 0.0280
vn -0.0560 0.9224 0.3821
vn 0.2155 0.9022 0.3737
vn 0.9761 0.2173 0.0007
vn 0.9804 0.1972 -0.0000
vn 0.5480 0.4346 -0.7148
vn -0.0843 0.8671 0.4910
vn -0.0000 0.8702 0.4927
vn -0.0148 0.8504 0.5260
vn 0.0041 0.8999 0.4361
vn 0.9757 0.2173 0.0277
vn -0.9649 0.2625 -0.0010
vn -0.9644 0.2623 0.0345
vn -0.9629 0.2698 -0.0000
vn -0.9999 0.0131 -0.0100
vn -0.9761 0.2174 -0.0000
vn -0.9741 0.2263 -0.0004
vn -0.9756 0.2173 0.0298
vn -0.9757 0.2173 0.0298
vn 0.9180 0.3966 0.0016
vn 0.8768 0.4809 -0.0001
vn -0.5468 0.4384 -0.7133
vn -0.0016 0.9210 0.3896
vn -0.9759 0.2046 0.0754
vn -0.9759 0.2049 0.0757
vn -0.3956 0.7992 0.4525
vn -0.0839 0.8671 0.4909
vn 0.9167 0.3691 0.1529
vn 0.0561 0.8486 0.5261
vn 0.0008 0.8833 0.4687
vn 0.0128 0.8498 0.5269
vn 0.0566 0.8485 0.5262
vn 0.3398 0.7993 0.4956
vn 0.3399 0.7993 0.4956
vn 0.9942 0.1074 -0.0006
vn -0.7314 0.6301 0.2610
vn -0.9644 0.2444 0.1012
vn 0.9964 0.0843 -0.0000
vn 0.9964 0.0843 0.0111
vn -0.7759 0.5489 0.3108
vn -0.3957 0.7992 0.4525
vn 0.7325 0.5785 0.3587
vn 0.0157 0.8610 0.5084
vn 0.9757 0.2171 0.0278
vn -0.5716 0.3495 -0.7423
vn 0.5556 0.4092 -0.7237
vn -0.8435 0.5368 0.0182
vn -0.6013 0.3827 -0.7014
vn 0.5618 0.3576 -0.7460
vn 0.8435 0.5370 0.0108
vn 1.0000 0.0029 0.0012
vn 0.9964 0.0786 0.0326
vn -0.9759 0.1900 0.1077
vn -0.9759 0.1898 0.1074
vn -0.7760 0.5489 0.3108
vn 0.6826 0.2883 -0.6715
vn 0.5619 0.3576 -0.7460
vn 0.9571 0.2462 0.1526
vn 0.9648 0.2300 0.1272
vn 0.0157 0.8497 0.5270
vn -0.0314 0.7611 0.6479
vn 0.0561 0.8485 0.5262
vn -0.9999 0.0146 0.0060
vn -0.9999 0.0112 0.0015
vn -0.0000 0.7934 0.6088
vn -0.0560 0.7921 0.6078
vn 0.2155 0.7747 0.5944
vn 0.2155 0.7747 0.5945
vn -0.0561 0.7921 0.6078
vn -0.3388 0.7464 0.5727
vn -1.0000 0.0034 0.0016
vn 0.6263 0.6185 0.4746
vn 0.6263 0.6185 0.4745
vn -0.3388 0.7464 0.5728
vn -0.7314 0.5411 0.4152
vn -0.0000 0.6677 0.7444
vn -0.0817 0.6655 0.7419
vn -0.0819 0.6655 0.7419
vn -0.3868 0.6157 0.6865
vn -0.3867 0.6158 0.6865
vn -0.7676 0.4279 0.4771
vn 0.9999 0.0115 0.0064
vn 0.9167 0.3170 0.2432
vn -0.9648 0.2189 0.1456
vn -0.9506 0.2464 0.1890
vn -0.8434 0.5369 0.0182
vn -0.9656 0.2587 -0.0241
vn 0.9658 0.2588 -0.0143
vn 0.8436 0.5369 0.0108
vn 0.0838 0.7255 0.6831
vn 0.0561 0.7258 0.6856
vn -0.0000 0.7281 0.6855
vn 0.0841 0.7244 0.6842
vn 0.3400 0.6887 0.6404
vn -0.6050 0.3851 -0.6969
vn -0.4992 0.1773 -0.8482
vn 0.7320 0.4892 0.4742
vn 0.3953 0.6641 0.6346
vn 0.7749 0.4663 0.4268
vn -0.9747 0.1494 0.1665
vn 0.9964 0.0675 0.0518
vn 0.9648 0.2162 0.1495
vn 1.0000 0.0026 0.0018
vn 0.9999 0.0099 0.0085
vn -0.9993 0.0314 0.0210
vn -0.0000 0.2413 0.9705
vn -0.0818 0.2405 0.9672
vn -0.0820 0.2405 0.9672
vn -0.3868 0.2225 0.8949
vn -0.3867 0.2225 0.8949
vn 0.9756 0.1658 0.1436
vn 0.9645 0.1902 0.1832
vn 0.6826 0.2884 -0.6715
vn -0.6972 0.1468 -0.7017
vn -0.3866 0.2225 0.8950
vn -0.7677 0.1546 0.6219
vn -0.7676 0.1546 0.6220
vn -0.9747 0.1493 0.1665
vn -0.0000 0.7934 0.6087
vn -0.0558 0.7921 0.6078
vn -0.9849 0.1732 -0.0000
vn -0.1913 0.0337 -0.9810
vn 0.6435 0.1132 -0.7570
vn 0.9849 0.1732 -0.0000
vn -0.7675 0.1547 0.6221
vn -0.9747 0.0540 0.2171
vn -1.0000 0.0027 0.0025
vn 1.0000 0.0004 0.0044
vn 0.9756 0.1671 0.1422
vn -0.9648 0.1981 0.1730
vn -1.0000 0.0020 0.0017
vn -0.0000 0.6088 0.7934
vn -0.0000 0.6088 0.7933
vn -0.0558 0.6078 0.7921
vn 0.2155 0.5945 0.7747
vn -0.3388 0.5728 0.7464
vn -0.0559 0.6078 0.7921
vn 0.6264 0.4746 0.6184
vn 0.6263 0.4746 0.6185
vn -0.7313 0.4152 0.5411
vn 0.9167 0.2432 0.3170
vn -0.0841 -0.0000 0.9965
vn -0.3967 -0.0000 0.9179
vn -0.3966 -0.0000 0.9180
vn -0.7770 -0.0000 0.6295
vn -0.7768 -0.0000 0.6297
vn -0.7769 -0.0000 0.6296
vn -0.9761 -0.0000 0.2174
vn -0.0000 0.5112 0.8594
vn 0.0829 0.5094 0.8565
vn 0.0833 0.5094 0.8565
vn 0.3913 0.4704 0.7910
vn 0.3913 0.4704 0.7909
vn -0.9648 0.1736 0.1974
vn -0.9506 0.1891 0.2464
vn -0.7314 0.4152 0.5410
vn 0.7719 0.3250 0.5464
vn 0.7719 0.3249 0.5464
vn 0.9964 0.0518 0.0675
vn -1.0000 0.0017 0.0019
vn 0.9754 0.1128 0.1896
vn -1.0000 0.0071 0.0066
vn -0.0000 0.1779 0.9840
vn 0.0832 0.1773 0.9806
vn 0.3913 0.1637 0.9056
vn 0.9754 0.1127 0.1896
vn 0.3916 0.1636 0.9055
vn 0.7719 0.1131 0.6256
vn 0.7719 0.1131 0.6255
vn 0.9754 0.0392 0.2171
vn 0.7719 0.1132 0.6256
vn 0.9754 0.0393 0.2171
vn -0.9999 0.0086 0.0128
vn -0.9648 0.1464 0.2184
vn -1.0000 0.0014 0.0025
vn 0.0845 -0.0000 0.9964
vn 0.0841 -0.0000 0.9965
vn 0.3967 -0.0000 0.9180
vn 0.3963 -0.0000 0.9181
vn 0.3964 -0.0000 0.9181
vn 0.7769 -0.0000 0.6296
vn 0.7768 -0.0000 0.6298
vn 0.9761 -0.0000 0.2172
vn -0.0000 0.3827 0.9239
vn -0.0559 0.3821 0.9224
vn 0.2155 0.3737 0.9022
vn -0.3388 0.3601 0.8692
vn -0.0557 0.3821 0.9224
vn 0.6263 0.2983 0.7202
vn 0.6263 0.2983 0.7203
vn -0.7314 0.2610 0.6301
vn -0.3389 0.3600 0.8692
vn 0.9167 0.1529 0.3691
vn -0.9648 0.1165 0.2357
vn -0.9505 0.1189 0.2870
vn 0.9964 0.0325 0.0786
vn 0.9964 0.0326 0.0786
vn -1.0000 0.0013 0.0026
vn -1.0000 0.0018 0.0033
vn -0.9990 0.0143 0.0416
vn -0.9648 0.0847 0.2489
vn -1.0000 0.0007 0.0035
vn -0.0000 -0.9659 -0.2588
vn -0.0000 0.1305 0.9914
vn -0.0558 0.1303 0.9899
vn 0.2155 0.1275 0.9682
vn -0.3389 0.1228 0.9328
vn 0.6263 0.1017 0.7729
vn 0.6263 0.1018 0.7729
vn -0.7314 0.0890 0.6761
vn -0.3388 0.1228 0.9328
vn 0.9167 0.0521 0.3961
vn -0.9648 0.0514 0.2578
vn -0.9505 0.0405 0.3080
vn 0.9964 0.0111 0.0844
vn 0.9964 0.0111 0.0843
vn -1.0000 0.0005 0.0028
vn -0.0559 0.1303 0.9899
vn -0.0000 -0.2588 -0.9659
vn -0.9996 0.0018 0.0274
vn -0.9648 0.0173 0.2623
vn -0.0000 -0.1305 0.9914
vn -0.0559 -0.1303 0.9899
vn 0.2155 -0.1275 0.9682
vn -0.3389 -0.1228 0.9328
vn 0.6263 -0.1017 0.7729
vn 0.6263 -0.1018 0.7729
vn -0.3388 -0.1228 0.9328
vn -0.7314 -0.0890 0.6762
vn 0.9167 -0.0521 0.3961
vn -0.7314 -0.0890 0.6761
vn -0.9644 -0.0345 0.2622
vn 0.9964 -0.0111 0.0843
vn -0.9999 0.0001 0.0123
vn -0.9997 -0.0031 0.0235
vn -0.0000 0.2588 -0.9659
vn -1.0000 -0.0006 0.0037
vn -0.0000 0.7071 -0.7071
vn -0.0562 -0.1303 0.9899
vn -1.0000 -0.0007 0.0042
vn 0.9964 -0.0326 0.0786
vn -0.9648 -0.0847 0.2489
vn -0.9990 -0.0143 0.0418
vn 0.9167 -0.1529 0.3691
vn 0.9964 -0.0325 0.0786
vn -0.7314 -0.2610 0.6301
vn -0.9505 -0.1189 0.2870
vn 0.6263 -0.2983 0.7203
vn -0.0000 0.9659 -0.2588
vn -0.3389 -0.3600 0.8692
vn -0.3388 -0.3600 0.8693
vn 0.6263 -0.2983 0.7202
vn 0.2155 -0.3737 0.9022
vn -0.0558 -0.3821 0.9224
vn -0.0564 -0.3821 0.9224
vn -0.0000 -0.3827 0.9239
vn -1.0000 -0.0016 0.0030
vn -0.9648 -0.1165 0.2357
vn -1.0000 -0.0012 0.0025
vn -1.0000 -0.0013 0.0025
vn 0.9964 -0.0518 0.0675
vn -0.9648 -0.1464 0.2184
vn -0.9998 -0.0101 0.0152
vn 0.9167 -0.2432 0.3170
vn -0.7314 -0.4152 0.5411
vn -0.9505 -0.1891 0.2464
vn 0.6263 -0.4746 0.6185
vn -0.3388 -0.5728 0.7464
vn 0.6264 -0.4746 0.6185
vn 0.2155 -0.5945 0.7747
vn -0.0558 -0.6078 0.7921
vn -0.0562 -0.6078 0.7921
vn -0.0000 -0.6088 0.7933
vn -0.0000 -0.1779 0.9840
vn 0.0828 -0.1772 0.9807
vn 0.0832 -0.1773 0.9806
vn 0.3913 -0.1637 0.9056
vn 0.3911 -0.1638 0.9057
vn 0.7719 -0.1131 0.6256
vn 0.7719 -0.1131 0.6255
vn 0.7719 -0.1132 0.6256
vn 0.9754 -0.0393 0.2171
vn 0.9754 -0.0392 0.2171
vn -1.0000 -0.0057 0.0057
vn -0.9648 -0.1736 0.1974
vn -1.0000 -0.0021 0.0024
vn 0.9753 -0.1128 0.1897
vn 0.9754 -0.1128 0.1896
vn 0.7719 -0.3249 0.5464
vn 0.7719 -0.3250 0.5464
vn 0.3913 -0.4704 0.7909
vn 1.0000 -0.0024 0.0020
vn 0.9759 -0.1567 0.1517
vn 0.0833 -0.5094 0.8565
vn 0.0831 -0.5094 0.8565
vn -0.0000 -0.5112 0.8594
vn 0.0825 -0.5095 0.8565
vn -1.0000 -0.0024 0.0021
vn -0.9999 -0.0072 0.0072
vn -0.6435 -0.1132 -0.7570
vn -0.9849 -0.1732 -0.0000
vn 0.1914 -0.0337 -0.9809
vn 0.9849 -0.1732 -0.0000
vn -0.9656 -0.2587 -0.0241
vn 0.9658 -0.2588 -0.0143
vn 0.9964 -0.0675 0.0518
vn 0.9647 -0.1967 0.1749
vn 0.7757 -0.4543 0.4381
vn -0.9648 -0.1981 0.1730
vn 0.9167 -0.3170 0.2432
vn 0.6971 -0.1468 -0.7018
vn 0.7329 -0.5000 0.4614
vn 0.3952 -0.6641 0.6346
vn -0.7314 -0.5411 0.4152
vn -0.9506 -0.2464 0.1891
vn 0.3401 -0.6887 0.6404
vn 0.0845 -0.7244 0.6842
vn 0.0835 -0.7244 0.6843
vn -0.0000 -0.7281 0.6855
vn -0.0314 -0.7611 0.6479
vn 0.0558 -0.7269 0.6844
vn -0.0000 -0.2413 0.9705
vn -0.0816 -0.2405 0.9672
vn -0.0819 -0.2405 0.9672
vn -0.3868 -0.2225 0.8949
vn -0.3867 -0.2225 0.8949
vn -0.3867 -0.2225 0.8950
vn -0.7677 -0.1546 0.6219
vn -0.7676 -0.1546 0.6219
vn -0.7678 -0.1546 0.6218
vn -0.9747 -0.0540 0.2171
vn 0.6263 -0.6185 0.4746
vn -0.3388 -0.7464 0.5728
vn -0.3388 -0.7464 0.5727
vn 0.2155 -0.7747 0.5944
vn -0.0561 -0.7921 0.6078
vn -0.0559 -0.7921 0.6078
vn -0.0000 -0.7934 0.6088
vn -0.9648 -0.2189 0.1456
vn -0.9999 -0.0127 0.0085
vn -1.0000 -0.0026 0.0014
vn -0.9747 -0.1494 0.1665
vn 0.9648 -0.2162 0.1495
vn 0.9999 -0.0107 0.0074
vn -0.6826 -0.2884 -0.6715
vn -0.7676 -0.4279 0.4771
vn -0.6826 -0.2883 -0.6715
vn -0.5618 -0.3576 -0.7460
vn -0.8434 -0.5369 0.0182
vn 0.6050 -0.3850 -0.6969
vn 0.8436 -0.5369 0.0108
vn -0.0560 -0.7921 0.6078
vn 0.2155 -0.7747 0.5945
vn -0.9759 -0.1897 0.1075
vn -0.3867 -0.6157 0.6865
vn -0.3868 -0.6158 0.6864
vn 0.4994 -0.1773 -0.8480
vn -1.0000 -0.0036 0.0019
vn -1.0000 -0.0026 0.0013
vn 0.6014 -0.3828 -0.7013
vn 0.5716 -0.3495 -0.7424
vn 0.9464 -0.2827 0.1563
vn 0.9646 -0.2241 0.1390
vn 0.7325 -0.5785 0.3587
vn -0.0819 -0.6655 0.7419
vn -0.0817 -0.6655 0.7419
vn -0.0000 -0.6677 0.7444
vn 0.9964 -0.0786 0.0326
vn -0.9648 -0.2362 0.1156
vn 0.9999 -0.0121 0.0052
vn 1.0000 -0.0028 0.0015
vn 0.9167 -0.3691 0.1529
vn -0.7760 -0.5489 0.3108
vn -0.7759 -0.5489 0.3108
vn -0.9759 -0.1901 0.1076
vn 0.7325 -0.5786 0.3587
vn 0.3399 -0.7993 0.4956
vn -0.8435 -0.5369 0.0182
vn 0.8435 -0.5370 0.0108
vn 0.0562 -0.8485 0.5261
vn 0.3398 -0.7993 0.4956
vn 0.0564 -0.8485 0.5261
vn 0.0157 -0.8497 0.5270
vn -0.7069 -0.7068 -0.0271
vn 0.7070 -0.7070 -0.0161
vn 0.9756 -0.2019 0.0865
vn 1.0000 -0.0042 -0.0016
vn -0.7314 -0.6301 0.2610
vn -0.9506 -0.2869 0.1188
vn 0.6263 -0.7202 0.2983
vn 0.9645 -0.2486 0.0889
vn -0.9994 -0.0339 0.0114
vn -0.9648 -0.2492 0.0838
vn -0.3957 -0.7992 0.4525
vn -0.3956 -0.7992 0.4525
vn -0.9759 -0.2049 0.0756
vn -1.0000 -0.0035 0.0006
vn -0.0839 -0.8671 0.4910
vn -0.0842 -0.8671 0.4909
vn -0.0000 -0.8505 0.5260
vn -0.0077 -0.8702 0.4927
vn -0.3388 -0.8692 0.3600
vn 0.2155 -0.9022 0.3737
vn 0.6263 -0.7203 0.2983
vn 0.9964 -0.0843 0.0111
vn -0.0561 -0.9224 0.3821
vn -0.0563 -0.9224 0.3821
vn -0.0000 -0.9239 0.3827
vn 0.2156 -0.9021 0.3737
vn -0.9999 -0.0131 0.0017
vn -0.9644 -0.2623 0.0345
vn 0.0561 -0.8486 0.5261
vn 0.0157 -0.8498 0.5269
vn 0.0090 -0.8610 0.5085
vn 0.7320 -0.6423 0.2274
vn 0.9756 -0.2024 0.0847
vn -0.5556 -0.4092 -0.7238
vn -0.9759 -0.2046 0.0755
vn -0.7760 -0.5917 0.2185
vn -0.7759 -0.5917 0.2185
vn 0.9167 -0.3961 0.0521
vn -0.9757 -0.2173 0.0299
vn -0.9757 -0.2172 0.0298
vn 0.9757 -0.2172 0.0278
vn -0.3569 -0.5608 -0.7470
vn -0.4078 -0.5561 -0.7242
vn -0.4350 -0.5478 -0.7146
vn -0.5480 -0.4346 -0.7148
vn -0.5330 -0.4605 -0.7098
vn -0.4751 -0.5244 -0.7066
vn -0.5117 -0.4881 -0.7070
vn -0.5369 -0.8435 0.0182
vn 0.5468 -0.4383 -0.7134
vn 0.5255 -0.4749 -0.7059
vn 0.5155 -0.4855 -0.7061
vn 0.5153 -0.4855 -0.7062
vn 0.4717 -0.5262 -0.7075
vn 0.4718 -0.5262 -0.7075
vn 0.3698 -0.5810 -0.7250
vn 0.5369 -0.8436 0.0108
vn 0.9757 -0.2172 0.0277
vn -0.9999 -0.0130 -0.0000
vn 0.9630 -0.2693 -0.0000
vn 0.9964 -0.0843 -0.0088
vn -0.0057 -0.8998 0.4363
vn -0.0062 -0.8744 0.4852
vn -0.9997 -0.0246 -0.0000
vn 0.9761 -0.2173 -0.0000
vn -0.9761 -0.2173 0.0009
vn -0.9804 -0.1972 -0.0000
vn 0.9741 -0.2261 -0.0003
vn -0.9649 -0.2625 0.0007
vn 0.0046 -0.9052 0.4250
vn -0.9473 -0.3204 -0.0015
vn 0.3400 -0.8798 0.3322
vn 0.3952 -0.8637 0.3128
vn 0.7749 -0.5896 0.2279
vn -0.3956 -0.8615 0.3182
vn -0.3956 -0.8616 0.3182
vn 0.9180 -0.3966 -0.0009
vn -0.9644 -0.2621 0.0345
vn -0.7313 -0.6762 0.0890
vn -0.7314 -0.6761 0.0890
vn 0.0561 -0.9368 0.3454
vn 0.0845 -0.9349 0.3447
vn 0.0839 -0.9344 0.3462
vn 0.0009 -0.9377 0.3474
vn 0.6263 -0.7729 0.1018
vn 0.6262 -0.7730 0.1018
vn -0.0841 -0.9348 0.3452
vn -0.0842 -0.9348 0.3452
vn -0.0257 -0.9067 0.4210
vn 0.0042 -0.9381 0.3464
vn -0.9649 -0.2626 -0.0015
vn -0.9479 -0.3185 -0.0025
vn -0.7741 -0.6272 0.0861
vn -0.9756 -0.2174 0.0299
vn 0.4467 -0.4429 -0.7774
vn 0.9635 -0.2676 -0.0009
vn 0.9180 -0.3966 0.0024
vn 0.9757 -0.2171 0.0278
vn 0.9761 -0.2172 -0.0004
vn 0.0495 -0.9016 0.4297
vn -0.9761 -0.2172 0.0009
vn -0.9804 -0.1968 0.0011
vn -0.4822 -0.4407 -0.7572
vn -0.0560 -0.9224 0.3821
vn 0.7744 -0.6276 0.0804
vn 0.7744 -0.6275 0.0803
vn -0.8309 -0.5564 0.0030
vn -0.7770 -0.6295 -0.0013
vn -0.7162 -0.5572 -0.4202
vn 0.7770 -0.6296 0.0014
vn 0.7957 -0.6057 0.0004
vn -0.4017 -0.6310 -0.6637
vn -0.3130 -0.5968 -0.7389
vn -0.5369 -0.8434 0.0182
vn 0.4409 -0.4805 -0.7581
vn 0.3619 -0.5685 -0.7388
vn 0.5370 -0.8435 0.0108
vn -0.7342 -0.6789 0.0020
vn -0.7315 -0.6761 0.0890
vn -0.3390 -0.9328 0.1228
vn -0.3388 -0.9328 0.1228
vn 0.0051 -0.9445 0.3286
vn 0.7064 -0.7078 -0.0025
vn -0.2587 -0.9656 -0.0241
vn 0.2588 -0.9658 -0.0143
vn -0.0000 -0.9479 0.3185
vn -0.6588 -0.7523 0.0001
vn 0.2157 -0.9681 0.1275
vn 0.2156 -0.9681 0.1275
vn 0.6295 -0.7770 -0.0007
vn -0.0561 -0.9899 0.1303
vn -0.0563 -0.9899 0.1303
vn -0.0000 -0.9914 0.1305
vn 0.7040 -0.7102 -0.0007
vn -0.7344 -0.6787 0.0001
vn -0.6619 -0.7496 -0.0020
vn 0.7745 -0.6274 0.0803
vn 0.7768 -0.6297 0.0014
vn 0.7960 -0.6053 0.0014
vn 0.6295 -0.7770 0.0021
vn -0.7769 -0.6296 0.0030
vn -0.7740 -0.6273 0.0861
vn -0.3936 -0.9107 0.1251
vn -0.3936 -0.9107 0.1250
vn 0.7959 -0.6054 0.0019
vn -0.3967 -0.9179 -0.0052
vn -0.5610 -0.8278 0.0046
vn -0.4427 -0.4466 -0.7776
vn 0.3940 -0.9117 0.1168
vn 0.3941 -0.9116 0.1167
vn 0.5069 -0.8620 0.0024
vn 0.3968 -0.9179 -0.0022
vn -0.1116 -0.6346 -0.7647
vn -0.2831 -0.6877 -0.6685
vn -0.1732 -0.9849 -0.0000
vn 0.0333 -0.1895 -0.9813
vn 0.1470 -0.6957 -0.7031
vn 0.3311 -0.6280 -0.7042
vn 0.1460 -0.6959 -0.7031
vn 0.1733 -0.9849 -0.0000
vn -0.3412 -0.9400 0.0019
vn -0.0000 -0.9640 0.2658
vn 0.4324 -0.9017 -0.0004
vn -0.0836 -0.9872 0.1356
vn -0.0832 -0.9873 0.1357
vn -0.3936 -0.9108 0.1251
vn -0.0000 -0.9907 0.1361
vn -0.2348 -0.9720 0.0005
vn 0.1769 -0.9842 0.0019
vn 0.2175 -0.9761 0.0015
vn -0.3413 -0.9399 0.0006
vn 0.3939 -0.9117 0.1168
vn 0.3966 -0.9180 0.0024
vn -0.3967 -0.9180 0.0022
vn -0.2008 -0.9796 0.0021
vn -0.2389 -0.9710 -0.0018
vn 0.0836 -0.9884 0.1265
vn 0.2174 -0.9761 0.0015
vn 0.0837 -0.9884 0.1265
vn 0.0838 -0.9884 0.1265
vn -0.2025 -0.9793 -0.0024
vn 0.5065 -0.8622 0.0047
vn -0.0000 -0.9919 0.1271
vn -0.0000 -0.9919 0.1268
vn 0.1797 -0.9837 -0.0000
vn 0.1684 -0.9857 -0.0000
vn 0.0844 -0.9964 -0.0029
vn -0.0844 -0.9964 -0.0000
vn -0.0566 -0.9984 -0.0000
vn 0.0003 -1.0000 -0.0000
vn -0.0002 -1.0000 -0.0000
vn -0.0000 -1.0000 -0.0001
vn 0.1116 0.6347 -0.7647
vn -0.0565 0.9984 -0.0000
vn -0.0560 0.9899 0.1303
vn 0.0833 0.9884 0.1266
vn -0.0844 0.9964 -0.0035
vn -0.1679 0.9858 -0.0000
vn -0.0837 0.9872 0.1356
vn -0.0000 0.9907 0.1362
vn -0.2349 0.9720 0.0005
vn -0.3416 0.9399 -0.0029
vn 0.1761 0.9844 -0.0025
vn 0.2015 0.9795 -0.0000
vn 0.4078 0.5560 -0.7242
vn -0.4409 0.4805 -0.7581
vn -0.3309 0.6283 -0.7041
vn -0.0331 0.1885 -0.9815
vn 0.1733 0.9849 -0.0000
vn 0.2588 0.9658 -0.0143
vn -0.1469 0.6956 -0.7033
vn -0.0562 0.9899 0.1303
vn -0.3390 0.9327 0.1228
vn 0.0840 0.9884 0.1266
vn -0.3969 0.9179 0.0030
vn -0.5066 0.8621 0.0056
vn -0.4716 0.5261 -0.7077
vn -0.5211 0.6925 -0.4989
vn -0.4608 0.5327 -0.7099
vn -0.5068 0.8621 0.0030
vn -0.0000 0.9919 0.1272
vn 0.1776 0.9841 0.0015
vn -0.0000 0.9566 0.2913
vn 0.0562 0.9362 0.3469
vn 0.0836 0.9350 0.3447
vn 0.2003 0.9797 0.0017
vn 0.4429 0.4465 -0.7775
vn 0.4751 0.5244 -0.7067
vn 0.0840 0.9350 0.3447
vn 0.2157 0.9681 0.1274
vn 0.2155 0.9682 0.1274
vn -0.2305 0.9731 0.0030
vn -0.0000 0.9907 0.1359
vn -0.3966 0.9180 -0.0027
vn -0.3936 0.9108 0.1250
vn 0.6263 0.7729 0.1017
vn -0.0840 0.9348 0.3452
vn -0.7342 0.6789 -0.0030
vn -0.4932 0.5077 -0.7063
vn -0.4670 0.4553 -0.7580
vn -0.7960 0.6052 0.0023
vn -0.7739 0.6274 0.0862
vn 0.7328 0.6356 0.2428
vn 0.5115 0.4883 -0.7070
vn 0.5406 0.8413 0.0027
vn 0.8300 0.5578 0.0024
vn 0.7255 0.5610 -0.3987
vn 0.8801 0.4748 -0.0035
vn -0.7768 0.6297 0.0018
vn -0.4470 0.4430 -0.7771
vn -0.5252 0.4753 -0.7059
vn -0.7960 0.6052 0.0050
vn -0.9760 0.2173 -0.0173
vn -0.3955 0.8616 0.3182
vn -0.7741 0.6272 0.0862
vn -0.7742 0.6271 0.0861
vn 0.6262 0.7730 0.1018
vn 0.6264 0.7729 0.1017
vn -0.7343 0.6788 -0.0009
vn -0.6799 0.7333 0.0013
vn -0.0557 0.9225 0.3821
vn -0.7068 0.7068 -0.0271
vn 0.7070 0.7070 -0.0161
vn 0.5369 0.8436 0.0108
vn 0.4821 0.4407 -0.7572
vn -0.9634 0.2680 -0.0010
vn -0.9649 0.2627 -0.0011
vn -0.3390 0.8692 0.3600
vn -0.7313 0.6301 0.2610
vn -0.9644 0.2622 0.0345
vn -0.9741 0.2262 -0.0004
vn 0.9757 0.2172 0.0278
vn 0.9805 0.1964 0.0009
vn 0.9761 0.2174 0.0007
vn -0.9756 0.2176 0.0299
vn 0.9757 0.2172 0.0277
vn -0.0555 0.9225 0.3821
vn 0.9804 0.1973 -0.0000
vn 0.5479 0.4346 -0.7147
vn -0.0149 0.8504 0.5260
vn 0.0041 0.8999 0.4360
vn 0.9757 0.2173 0.0278
vn -0.9761 0.2173 -0.0000
vn -0.9757 0.2172 0.0298
vn -0.9757 0.2173 0.0299
vn -0.5468 0.4383 -0.7134
vn -0.9629 0.2699 -0.0000
vn 0.9179 0.3967 0.0016
vn 0.8767 0.4810 -0.0001
vn 0.9167 0.3962 0.0522
vn -0.0016 0.9209 0.3897
vn -0.3955 0.7993 0.4525
vn -0.0842 0.8671 0.4910
vn 0.0562 0.8485 0.5261
vn 0.0008 0.8834 0.4686
vn 0.0564 0.8485 0.5261
vn 0.9942 0.1075 -0.0006
vn -0.9644 0.2443 0.1012
vn -0.7760 0.5488 0.3108
vn 0.7325 0.5785 0.3588
vn -0.9999 0.0131 0.0018
vn 0.0157 0.8609 0.5086
vn -0.5716 0.3495 -0.7424
vn 0.5556 0.4092 -0.7238
vn 0.9760 0.2054 0.0728
vn 0.9648 0.2300 0.1271
vn -0.9999 0.0145 0.0060
vn -0.0555 0.7921 0.6078
vn 0.2157 0.7747 0.5944
vn -0.3389 0.7464 0.5727
vn -0.0818 0.6654 0.7420
vn -0.7314 0.5410 0.4152
vn -0.9506 0.2464 0.1891
vn 0.0839 0.7255 0.6831
vn 0.0557 0.7258 0.6856
vn 0.0840 0.7244 0.6843
vn 0.3401 0.6887 0.6404
vn -0.4994 0.1774 -0.8480
vn 0.3952 0.6642 0.6346
vn 0.7749 0.4663 0.4267
vn 0.9999 0.0100 0.0085
vn -1.0000 0.0030 0.0014
vn -0.0000 0.2413 0.9704
vn -0.0819 0.2405 0.9672
vn -0.6971 0.1468 -0.7017
vn -0.7676 0.1547 0.6220
vn -0.0000 0.7933 0.6088
vn -0.0562 0.7921 0.6078
vn 0.2156 0.7747 0.5945
vn -0.1915 0.0337 -0.9809
vn 0.9756 0.1672 0.1423
vn 0.2156 0.5945 0.7747
vn -0.3389 0.5727 0.7464
vn -0.0563 0.6078 0.7921
vn 0.9167 0.2432 0.3169
vn -0.0845 -0.0000 0.9964
vn -0.0844 -0.0000 0.9964
vn -0.7772 -0.0000 0.6293
vn -0.0000 0.5112 0.8595
vn 0.0832 0.5094 0.8565
vn -0.9505 0.1891 0.2464
vn -0.7314 0.4151 0.5410
vn -1.0000 0.0015 0.0017
vn -1.0000 0.0070 0.0066
vn 0.0831 0.1773 0.9806
vn 0.9753 0.1128 0.1897
vn 0.3915 0.1637 0.9055
vn 0.7722 0.1130 0.6252
vn -0.9999 0.0085 0.0127
vn 0.0844 -0.0000 0.9964
vn 0.3968 -0.0000 0.9179
vn 0.7769 -0.0000 0.6297
vn 0.7772 -0.0000 0.6293
vn 0.9761 -0.0000 0.2173
vn 0.6264 0.2983 0.7202
vn -0.7314 0.2610 0.6300
vn 0.9167 0.1529 0.3692
vn -1.0000 0.0020 0.0036
vn -0.9990 0.0143 0.0417
vn 0.6264 0.1018 0.7729
vn 0.9167 0.0522 0.3961
vn 0.9167 0.0522 0.3962
vn -0.0564 0.1303 0.9899
vn 0.2154 0.1275 0.9682
vn -0.9996 0.0018 0.0273
vn -0.9648 0.0173 0.2624
vn -0.0560 -0.1303 0.9899
vn -0.0557 -0.1303 0.9899
vn 0.6264 -0.1018 0.7729
vn 0.9167 -0.0522 0.3961
vn 0.9964 -0.0111 0.0844
vn -0.9997 -0.0031 0.0234
vn -1.0000 -0.0006 0.0038
vn -0.0558 -0.1303 0.9899
vn -0.9990 -0.0142 0.0418
vn 0.9167 -0.1529 0.3692
vn -0.7314 -0.2610 0.6300
vn -0.3388 -0.3601 0.8692
vn 0.6264 -0.2983 0.7202
vn 0.9167 -0.2432 0.3169
vn -0.7314 -0.4151 0.5410
vn -0.0563 -0.6078 0.7921
vn -0.0000 -0.6088 0.7934
vn 0.2156 -0.5944 0.7747
vn 0.0831 -0.1773 0.9806
vn 0.3914 -0.1637 0.9056
vn 0.7720 -0.1131 0.6254
vn -1.0000 -0.0058 0.0058
vn 0.9759 -0.1566 0.1516
vn 0.0832 -0.5094 0.8565
vn 0.3914 -0.4704 0.7909
vn 0.0830 -0.5094 0.8565
vn -1.0000 -0.0021 0.0018
vn -1.0000 -0.0070 0.0070
vn 0.1913 -0.0336 -0.9810
vn 0.9849 -0.1733 -0.0000
vn 0.9648 -0.1967 0.1749
vn 0.7329 -0.5001 0.4614
vn 0.3953 -0.6641 0.6346
vn -0.7314 -0.5410 0.4151
vn 0.3400 -0.6887 0.6404
vn 0.0838 -0.7244 0.6843
vn 0.0840 -0.7244 0.6843
vn 0.0561 -0.7269 0.6844
vn -0.0000 -0.2413 0.9704
vn -0.0820 -0.2405 0.9672
vn -0.3866 -0.2225 0.8950
vn -0.7676 -0.1547 0.6219
vn -0.7675 -0.1547 0.6221
vn -0.9747 -0.0540 0.2170
vn -0.3389 -0.7464 0.5727
vn 0.2156 -0.7747 0.5944
vn -0.0562 -0.7921 0.6078
vn -0.0000 -0.7934 0.6087
vn -0.9747 -0.1493 0.1665
vn 0.9999 -0.0108 0.0075
vn 0.6050 -0.3850 -0.6970
vn 0.8436 -0.5368 0.0108
vn -0.3865 -0.6158 0.6866
vn 0.4999 -0.1772 -0.8478
vn -1.0000 -0.0034 0.0018
vn 0.5716 -0.3495 -0.7423
vn 0.9646 -0.2242 0.1390
vn -0.0817 -0.6654 0.7420
vn 0.9999 -0.0123 0.0053
vn 0.7326 -0.5785 0.3587
vn -0.8435 -0.5368 0.0182
vn 0.0561 -0.8485 0.5262
vn 0.0158 -0.8498 0.5269
vn -0.7068 -0.7068 -0.0271
vn 0.9756 -0.2018 0.0865
vn -0.7314 -0.6300 0.2610
vn 0.9645 -0.2487 0.0889
vn -0.9759 -0.2050 0.0756
vn -0.0843 -0.8671 0.4909
vn -0.3388 -0.8692 0.3601
vn -0.0559 -0.9224 0.3821
vn 0.2156 -0.9022 0.3737
vn 0.7320 -0.6422 0.2274
vn -0.3570 -0.5608 -0.7470
vn -0.4079 -0.5560 -0.7242
vn -0.4350 -0.5479 -0.7146
vn 0.5469 -0.4382 -0.7134
vn 0.5152 -0.4856 -0.7062
vn 0.5167 -0.4849 -0.7056
vn 0.5151 -0.4857 -0.7062
vn 0.4716 -0.5262 -0.7075
vn 0.4718 -0.5261 -0.7075
vn -0.9999 -0.0129 -0.0000
vn -0.0061 -0.8745 0.4850
vn -0.9473 -0.3205 -0.0015
vn 0.7749 -0.5895 0.2279
vn -0.3955 -0.8616 0.3182
vn 0.0561 -0.9368 0.3453
vn 0.0840 -0.9350 0.3447
vn 0.0841 -0.9344 0.3462
vn 0.0008 -0.9377 0.3474
vn 0.6265 -0.7728 0.1017
vn 0.9167 -0.3962 0.0521
vn -0.0840 -0.9348 0.3452
vn -0.0843 -0.9348 0.3452
vn -0.0257 -0.9067 0.4209
vn -0.9650 -0.2623 -0.0015
vn -0.9479 -0.3186 -0.0025
vn 0.9179 -0.3967 0.0024
vn 0.9758 -0.2171 0.0278
vn -0.9761 -0.2175 0.0009
vn -0.9804 -0.1969 0.0011
vn -0.4821 -0.4407 -0.7572
vn 0.7744 -0.6275 0.0804
vn -0.8308 -0.5565 0.0030
vn -0.7159 -0.5575 -0.4203
vn 0.4411 -0.4802 -0.7582
vn -0.7315 -0.6760 0.0890
vn -0.3389 -0.9328 0.1228
vn 0.7064 -0.7078 -0.0024
vn 0.2588 -0.9658 -0.0144
vn -0.0000 -0.9479 0.3186
vn -0.6590 -0.7521 0.0001
vn 0.2154 -0.9682 0.1275
vn -0.0559 -0.9899 0.1303
vn 0.2154 -0.9682 0.1274
vn 0.7743 -0.6277 0.0804
vn 0.7958 -0.6056 0.0014
vn -0.7740 -0.6272 0.0861
vn -0.3935 -0.9108 0.1251
vn 0.7959 -0.6055 0.0019
vn -0.5614 -0.8276 0.0046
vn 0.0333 -0.1894 -0.9813
vn 0.1470 -0.6958 -0.7030
vn 0.3311 -0.6280 -0.7043
vn 0.1485 -0.6954 -0.7031
vn 0.1732 -0.9849 -0.0000
vn -0.3415 -0.9399 0.0019
vn -0.2348 -0.9720 0.0006
vn 0.1770 -0.9842 0.0019
vn -0.2004 -0.9797 0.0021
vn -0.2388 -0.9711 -0.0018
vn 0.0833 -0.9885 0.1266
vn 0.2172 -0.9761 0.0015
vn 0.0836 -0.9884 0.1266
vn 0.0834 -0.9884 0.1266
vn -0.2024 -0.9793 -0.0024
vn 0.5064 -0.8623 0.0047
vn -0.0000 -0.9919 0.1270
vn 0.1796 -0.9837 -0.0000
vn 0.1682 -0.9858 -0.0000
vn -0.0841 -0.9965 -0.0000
vn -0.0564 -0.9984 -0.0000
vn -0.0000 -1.0000 0.0002
vn 0.0001 -1.0000 -0.0000
vn -0.7648 0.6345 -0.1116
vn -0.6686 0.6876 -0.2832
vn -0.6638 0.6309 -0.4016
vn -0.7389 0.5967 -0.3130
vn -0.7581 0.4805 0.4409
vn -0.7388 0.5685 0.3619
vn -0.7043 0.6280 0.3311
vn -0.0000 0.9857 0.1684
vn -0.0035 0.9964 0.0841
vn 0.1356 0.9872 0.0837
vn 0.1360 0.9907 -0.0000
vn 0.1361 0.9907 -0.0000
vn -0.0000 0.9849 0.1732
vn -0.0143 0.9658 0.2588
vn -0.9814 0.1892 0.0333
vn 0.0001 1.0000 0.0002
vn -0.0000 1.0000 -0.0001
vn 0.0006 0.9721 0.2347
vn -0.0029 0.9399 0.3416
vn -0.0000 0.9984 0.0564
vn 0.1305 0.9914 -0.0000
vn 0.1303 0.9899 0.0559
vn 0.1270 0.9919 -0.0000
vn -0.0000 0.9837 -0.1795
vn 0.0015 0.9761 -0.2173
vn 0.1275 0.9681 -0.2156
vn -0.0241 0.9656 -0.2587
vn -0.0000 0.9849 -0.1732
vn -0.0020 0.9793 -0.2024
vn -0.0000 0.9964 -0.0845
vn -0.7243 0.5560 -0.4078
vn -0.7146 0.5478 -0.4351
vn 0.1265 0.9884 -0.0838
vn 0.1266 0.9884 -0.0837
vn 0.1271 0.9919 -0.0000
vn -0.7031 0.6956 0.1473
vn -0.7032 0.6956 0.1470
vn -0.7471 0.5608 -0.3569
vn 0.1303 0.9899 0.0563
vn 0.1228 0.9327 0.3390
vn 0.0057 0.8622 0.5066
vn 0.0029 0.9180 0.3966
vn 0.1356 0.9872 0.0836
vn 0.1251 0.9108 0.3935
vn 0.1168 0.9117 -0.3939
vn 0.1266 0.9884 -0.0838
vn 0.0018 0.9180 -0.3966
vn -0.7076 0.5263 0.4715
vn -0.7250 0.5810 0.3698
vn 0.0015 0.9841 -0.1777
vn 0.2912 0.9567 -0.0000
vn -0.0015 0.8373 -0.5467
vn 0.0015 0.9761 -0.2175
vn 0.3468 0.9362 -0.0561
vn 0.3447 0.9350 -0.0836
vn 0.2912 0.9566 -0.0000
vn 0.3847 0.9227 -0.0234
vn 0.3474 0.9377 -0.0014
vn -0.7076 0.5262 0.4716
vn 0.0029 0.8620 0.5068
vn 0.0017 0.9797 -0.2006
vn -0.7777 0.4464 -0.4426
vn -0.7067 0.5244 -0.4750
vn 0.3447 0.9350 -0.0839
vn 0.1275 0.9682 -0.2154
vn 0.1275 0.9682 -0.2155
vn 0.3128 0.8637 -0.3952
vn 0.3322 0.8798 -0.3401
vn 0.1168 0.9117 -0.3940
vn 0.0038 0.8276 -0.5612
vn 0.0030 0.9730 0.2306
vn 0.0006 0.9400 0.3412
vn 0.1166 0.9117 -0.3941
vn -0.0043 0.9180 -0.3966
vn -0.0027 0.9180 0.3966
vn 0.1251 0.9107 0.3936
vn 0.1228 0.9328 0.3388
vn 0.1228 0.9329 0.3386
vn 0.0028 0.7770 -0.6295
vn 0.1017 0.7730 -0.6262
vn 0.3452 0.9347 0.0841
vn 0.3253 0.9456 -0.0000
vn 0.3464 0.9381 -0.0036
vn 0.4321 0.9013 0.0309
vn -0.0009 0.7303 0.6831
vn -0.0030 0.6787 0.7344
vn 0.3452 0.9347 0.0842
vn 0.3182 0.8616 0.3956
vn 0.0890 0.6760 0.7315
vn 0.0023 0.6051 0.7961
vn 0.0017 0.6295 0.7770
vn 0.0862 0.6272 0.7741
vn 0.0804 0.6273 -0.7746
vn 0.0024 0.6294 -0.7771
vn 0.0108 0.8435 0.5370
vn 0.0182 0.8434 -0.5369
vn -0.7062 0.4855 0.5153
vn 0.2122 0.5944 -0.7757
vn 0.2428 0.6356 -0.7328
vn 0.0803 0.6276 -0.7744
vn -0.7070 0.4883 -0.5115
vn 0.0027 0.8411 -0.5409
vn 0.0024 0.5578 -0.8300
vn -0.3988 0.5609 -0.7255
vn -0.0035 0.4748 -0.8801
vn 0.0028 0.7769 -0.6296
vn -0.7061 0.4857 0.5153
vn 0.0017 0.6056 0.7958
vn -0.7770 0.4430 0.4472
vn -0.7060 0.4749 0.5255
vn 0.0004 0.6055 0.7958
vn 0.3181 0.8616 0.3956
vn 0.2185 0.5917 0.7760
vn 0.0803 0.6273 -0.7746
vn -0.0011 0.6297 -0.7768
vn 0.1018 0.7729 -0.6263
vn -0.0009 0.6787 0.7344
vn 0.0890 0.6761 0.7314
vn 0.0013 0.7333 0.6799
vn 0.3827 0.9239 -0.0000
vn 0.3821 0.9224 0.0562
vn 0.3737 0.9022 -0.2155
vn 0.3821 0.9224 0.0560
vn 0.3600 0.8692 0.3388
vn -0.0001 0.3965 -0.9180
vn 0.0521 0.3960 -0.9168
vn 0.2983 0.7202 -0.6263
vn 0.2984 0.7203 -0.6263
vn 0.0108 0.8436 0.5369
vn -0.0161 0.7070 0.7070
vn -0.0271 0.7068 -0.7068
vn 0.0182 0.8435 -0.5368
vn -0.7098 0.4605 -0.5330
vn -0.7575 0.4406 -0.4817
vn -0.0010 0.2677 0.9635
vn -0.0011 0.2624 0.9650
vn 0.3600 0.8692 0.3389
vn 0.2610 0.6300 0.7314
vn 0.0345 0.2622 0.9644
vn -0.0005 0.2174 0.9761
vn -0.0004 0.2263 0.9741
vn 0.0298 0.2172 0.9757
vn 0.0278 0.2171 -0.9758
vn 0.0009 0.1965 -0.9805
vn 0.0007 0.2170 -0.9762
vn 0.0729 0.2055 -0.9759
vn 0.0984 0.2440 -0.9648
vn 0.0277 0.2172 -0.9757
vn 0.0007 0.2174 -0.9761
vn -0.0000 0.1973 -0.9804
vn -0.7148 0.4346 -0.5479
vn 0.4910 0.8671 0.0838
vn 0.4927 0.8702 -0.0000
vn 0.5260 0.8503 0.0149
vn 0.4360 0.8999 -0.0040
vn 0.0278 0.2173 -0.9757
vn -0.0010 0.2625 0.9649
vn 0.0345 0.2623 0.9644
vn -0.0000 0.2699 0.9629
vn -0.0100 0.0134 0.9999
vn -0.0000 0.2173 0.9761
vn -0.0004 0.2264 0.9740
vn 0.0299 0.2173 0.9756
vn 0.0016 0.3966 -0.9180
vn -0.0001 0.4808 -0.8768
vn 0.0522 0.3964 -0.9166
vn 0.0521 0.3962 -0.9167
vn -0.7134 0.4384 0.5467
vn 0.3898 0.9209 0.0016
vn 0.0754 0.2046 0.9759
vn 0.0757 0.2049 0.9758
vn 0.4525 0.7992 0.3956
vn 0.4910 0.8671 0.0839
vn 0.1529 0.3692 -0.9167
vn 0.1529 0.3691 -0.9167
vn 0.5262 0.8485 -0.0561
vn 0.4686 0.8834 -0.0008
vn 0.5269 0.8498 -0.0128
vn 0.5262 0.8485 -0.0562
vn 0.4956 0.7993 -0.3399
vn -0.0006 0.1074 -0.9942
vn 0.1012 0.2444 0.9644
vn -0.0000 0.0841 -0.9965
vn 0.0111 0.0845 -0.9964
vn 0.0111 0.0841 -0.9964
vn 0.3108 0.5488 0.7760
vn 0.4525 0.7992 0.3957
vn 0.3587 0.5785 -0.7325
vn 0.3588 0.5785 -0.7325
vn 0.0015 0.0116 0.9999
vn 0.0017 0.0130 0.9999
vn -0.7424 0.3495 0.5716
vn 0.5085 0.8609 -0.0157
vn -0.7235 0.4100 -0.5553
vn 0.0278 0.2172 -0.9757
vn 0.0108 0.5369 0.8436
vn -0.7015 0.3827 0.6012
vn -0.7312 0.3926 -0.5579
vn -0.7511 0.3545 -0.5570
vn 0.0182 0.5369 -0.8435
vn 0.0012 0.0029 -1.0000
vn 0.0326 0.0787 -0.9964
vn 0.0325 0.0784 -0.9964
vn 0.1077 0.1900 0.9758
vn 0.1075 0.1898 0.9759
vn 0.3108 0.5489 0.7759
vn 0.1526 0.2462 -0.9571
vn 0.1272 0.2300 -0.9648
vn 0.5269 0.8498 -0.0157
vn 0.6479 0.7611 0.0315
vn 0.5261 0.8485 -0.0564
vn 0.0060 0.0146 0.9999
vn 0.0014 0.0111 0.9999
vn 0.6088 0.7934 -0.0000
vn 0.6078 0.7921 0.0558
vn 0.5945 0.7747 -0.2155
vn 0.5944 0.7747 -0.2156
vn 0.6078 0.7921 0.0561
vn 0.5728 0.7464 0.3388
vn 0.0015 0.0033 1.0000
vn 0.4746 0.6185 -0.6263
vn -0.6769 0.2795 -0.6809
vn 0.4151 0.5410 0.7314
vn 0.7444 0.6677 -0.0000
vn 0.7419 0.6655 0.0817
vn 0.6865 0.6157 0.3868
vn 0.6865 0.6158 0.3868
vn 0.4771 0.4280 0.7676
vn 0.0063 0.0115 -0.9999
vn 0.2432 0.3170 -0.9167
vn 0.1456 0.2189 0.9648
vn 0.4151 0.5410 0.7315
vn 0.1891 0.2464 0.9505
vn 0.0108 0.5370 0.8435
vn -0.0143 0.2588 0.9658
vn -0.0241 0.2587 -0.9656
vn 0.0182 0.5368 -0.8435
vn 0.6831 0.7255 -0.0842
vn 0.6856 0.7258 -0.0565
vn 0.6855 0.7281 -0.0000
vn 0.6843 0.7244 -0.0836
vn 0.6403 0.6887 -0.3401
vn -0.6970 0.3851 0.6049
vn -0.8479 0.1774 0.4996
vn 0.4742 0.4892 -0.7320
vn 0.6346 0.6641 -0.3952
vn 0.4267 0.4663 -0.7749
vn 0.1665 0.1494 0.9747
vn 0.0517 0.0673 -0.9964
vn 0.0519 0.0676 -0.9964
vn 0.1495 0.2162 -0.9648
vn 0.0018 0.0026 -1.0000
vn 0.0086 0.0102 -0.9999
vn 0.0209 0.0315 0.9993
vn 0.9705 0.2413 -0.0000
vn 0.9672 0.2405 0.0818
vn 0.9672 0.2405 0.0816
vn 0.8949 0.2225 0.3867
vn 0.8949 0.2225 0.3868
vn 0.1436 0.1658 -0.9756
vn 0.1832 0.1902 -0.9645
vn -0.7018 0.1468 0.6971
vn 0.6219 0.1546 0.7676
vn 0.6220 0.1546 0.7676
vn 0.1665 0.1493 0.9747
vn 0.6088 0.7933 -0.0000
vn -0.0000 0.1733 0.9849
vn -0.9810 0.0336 0.1911
vn -0.7576 0.1131 -0.6428
vn -0.0000 0.1733 -0.9849
vn 0.2171 0.0540 0.9747
vn 0.0024 0.0026 1.0000
vn 0.1116 0.6345 -0.7648
vn 0.2832 0.6876 -0.6686
vn 0.0001 1.0000 -0.0000
vn 0.4016 0.6310 -0.6638
vn 0.3130 0.5967 -0.7389
vn -0.0567 0.9984 -0.0000
vn -0.0559 0.9899 0.1303
vn -0.0003 1.0000 -0.0000
vn 0.0837 0.9884 0.1265
vn 0.0844 0.9964 -0.0000
vn -0.0002 1.0000 0.0001
vn -0.3415 0.9399 -0.0029
vn -0.4408 0.4806 -0.7581
vn -0.3311 0.6280 -0.7043
vn 0.4076 0.5561 -0.7243
vn -0.1732 0.9849 -0.0000
vn -0.1435 0.6964 -0.7031
vn -0.1470 0.6957 -0.7032
vn 0.0044 0.0004 -1.0000
vn -1.0000 -0.0001 -0.0000
vn -0.0000 0.9919 0.1267
vn -0.0001 0.9567 0.2912
vn 0.4427 0.4464 -0.7777
vn 0.4750 0.5244 -0.7067
vn 0.0841 0.9349 0.3447
vn 0.3952 0.8637 0.3128
vn -0.3413 0.9400 0.0006
vn 0.3939 0.9117 0.1168
vn 0.3966 0.9180 -0.0043
vn -0.3387 0.9328 0.1228
vn -0.0308 0.9013 0.4320
vn 0.2168 0.0539 0.9747
vn -0.0841 0.9348 0.3452
vn 0.1423 0.1672 -0.9756
vn 0.7771 0.6294 0.0024
vn -0.7960 0.6053 0.0023
vn -0.5369 0.8434 0.0182
vn 0.1730 0.1981 0.9648
vn 0.0017 0.0019 1.0000
vn 0.7934 0.6088 -0.0000
vn 0.7921 0.6078 0.0559
vn 0.7747 0.5945 -0.2155
vn 0.7465 0.5728 0.3388
vn 0.7921 0.6078 0.0562
vn 0.5405 0.8414 0.0027
vn 0.5203 0.4793 -0.7068
vn -0.5148 0.4863 -0.7061
vn -0.5153 0.4855 -0.7062
vn -0.7769 0.6296 0.0017
vn -0.7958 0.6056 0.0004
vn 0.7743 0.6277 0.0804
vn 0.7768 0.6297 -0.0011
vn -0.7740 0.6273 0.0862
vn -0.0561 0.9224 0.3821
vn -0.3389 0.8692 0.3600
vn 0.6185 0.4746 -0.6263
vn 0.5410 0.4151 0.7315
vn 0.7465 0.5728 0.3387
vn -0.9650 0.2624 -0.0011
vn -0.5467 0.4384 -0.7134
vn 0.3170 0.2432 -0.9167
vn 0.2174 -0.0000 0.9761
vn 0.6296 -0.0000 0.7769
vn 0.6295 -0.0000 0.7770
vn 0.9179 -0.0000 0.3968
vn 0.9180 -0.0000 0.3967
vn 0.9965 -0.0000 0.0841
vn 0.8595 0.5111 -0.0000
vn 0.8565 0.5094 -0.0828
vn 0.8565 0.5094 -0.0829
vn 0.5480 0.4345 -0.7148
vn 0.7910 0.4704 -0.3913
vn 0.7909 0.4704 -0.3914
vn 0.1974 0.1736 0.9648
vn 0.2464 0.1891 0.9505
vn 0.5410 0.4151 0.7314
vn 0.5479 0.4346 -0.7148
vn -0.0841 0.8671 0.4910
vn -0.0149 0.8503 0.5260
vn 0.0040 0.8999 0.4360
vn -0.9999 0.0130 -0.0100
vn -0.9756 0.2173 0.0299
vn -0.0016 0.9209 0.3898
vn -0.3955 0.7992 0.4525
vn -0.0839 0.8671 0.4910
vn 0.5463 0.3250 -0.7720
vn 0.5464 0.3249 -0.7719
vn 0.0563 0.8485 0.5261
vn 0.0673 0.0517 -0.9964
vn 0.7325 0.5786 0.3588
vn 0.0019 0.0017 1.0000
vn 0.1896 0.1128 -0.9754
vn 0.0157 0.8609 0.5085
vn 0.9759 0.2056 0.0729
vn -0.8435 0.5369 0.0182
vn -0.6012 0.3826 -0.7015
vn 0.0065 0.0070 1.0000
vn -0.9759 0.1897 0.1074
vn 0.6825 0.2884 -0.6716
vn 0.9464 0.2657 0.1838
vn 0.9646 0.2242 0.1390
vn 0.0157 0.8498 0.5269
vn 0.9840 0.1779 -0.0000
vn 0.9806 0.1773 -0.0831
vn 0.9807 0.1772 -0.0828
vn 0.9056 0.1637 -0.3912
vn 0.9056 0.1637 -0.3913
vn 0.1896 0.1127 -0.9754
vn 0.1895 0.1127 -0.9754
vn 0.0562 0.8485 0.5262
vn -0.0559 0.7921 0.6078
vn 0.2156 0.7747 0.5944
vn 0.9057 0.1637 -0.3911
vn 0.6256 0.1131 -0.7719
vn 0.6255 0.1131 -0.7720
vn -1.0000 0.0031 0.0014
vn 0.2171 0.0393 -0.9754
vn -0.0821 0.6655 0.7419
vn -0.3868 0.6158 0.6865
vn -0.7676 0.4280 0.4771
vn 0.9999 0.0115 0.0063
vn 0.0842 0.7255 0.6831
vn 0.0127 0.0085 0.9999
vn 0.2184 0.1464 0.9648
vn -0.6049 0.3851 -0.6970
vn -0.4991 0.1775 -0.8481
vn 0.0025 0.0013 1.0000
vn 0.9964 -0.0000 -0.0845
vn 0.9180 -0.0000 -0.3966
vn 0.9181 -0.0000 -0.3965
vn 0.9179 -0.0000 -0.3968
vn 0.6296 -0.0000 -0.7769
vn 0.2172 -0.0000 -0.9761
vn 1.0000 0.0023 0.0016
vn -0.0816 0.2405 0.9672
vn -0.6971 0.1468 -0.7018
vn -0.7676 0.1546 0.6219
vn 0.9239 0.3827 -0.0000
vn 0.9224 0.3821 0.0562
vn 0.9022 0.3737 -0.2155
vn 0.9021 0.3737 -0.2156
vn 0.8693 0.3601 0.3388
vn 0.9224 0.3821 0.0560
vn -0.0563 0.7921 0.6078
vn 0.7202 0.2983 -0.6263
vn -0.1913 0.0336 -0.9810
vn 0.6434 0.1132 -0.7572
vn 0.6300 0.2610 0.7314
vn 0.8692 0.3601 0.3388
vn 0.3692 0.1529 -0.9167
vn 0.3691 0.1529 -0.9167
vn 0.2357 0.1165 0.9648
vn 0.2870 0.1189 0.9505
vn 0.6300 0.2609 0.7315
vn 0.9756 0.1673 0.1424
vn 0.0784 0.0325 -0.9964
vn 0.0787 0.0326 -0.9964
vn 0.0025 0.0012 1.0000
vn -0.0564 0.6078 0.7921
vn 0.0036 0.0019 1.0000
vn -0.7314 0.4152 0.5411
vn -0.3968 -0.0000 0.9179
vn -0.0000 0.5111 0.8595
vn 0.0828 0.5094 0.8565
vn 0.0828 0.1772 0.9807
vn 0.0828 0.1773 0.9807
vn 0.0418 0.0142 0.9990
vn 0.2489 0.0847 0.9648
vn 0.9754 0.1127 0.1895
vn 0.3914 0.1637 0.9056
vn 0.0035 0.0006 1.0000
vn -0.2588 -0.9659 -0.0000
vn 0.2588 -0.9659 -0.0000
vn 0.3967 -0.0000 0.9179
vn 0.9914 0.1305 -0.0000
vn 0.9899 0.1303 0.0560
vn 0.9681 0.1275 -0.2156
vn 0.9328 0.1228 0.3388
vn 0.9899 0.1303 0.0563
vn 0.7729 0.1017 -0.6263
vn 0.7729 0.1018 -0.6263
vn 0.6761 0.0890 0.7315
vn -0.7071 -0.7071 -0.0000
vn 0.3962 0.0521 -0.9167
vn 0.3961 0.0521 -0.9167
vn 0.6761 0.0890 0.7314
vn 0.2579 0.0514 0.9648
vn 0.3080 0.0405 0.9505
vn -0.0558 0.3821 0.9224
vn 0.0841 0.0111 -0.9964
vn 0.0034 0.0007 1.0000
vn 0.0031 0.0006 1.0000
vn 0.9899 0.1303 0.0559
vn 0.9682 0.1274 -0.2155
vn 0.9659 -0.2588 -0.0000
vn -0.9659 -0.2588 -0.0000
vn 0.0275 0.0018 0.9996
vn 0.2624 0.0173 0.9648
vn 0.0122 0.0001 0.9999
vn -0.0000 -0.9659 -0.2589
vn 0.9659 0.2589 -0.0000
vn -0.9659 0.2588 -0.0000
vn 0.0123 0.0001 0.9999
vn 0.0235 -0.0031 0.9997
vn 0.2623 -0.0345 0.9644
vn 0.6761 -0.0890 0.7315
vn 0.6761 -0.0890 0.7314
vn 0.9328 -0.1228 0.3388
vn 0.9899 -0.1303 0.0559
vn 0.9899 -0.1303 0.0562
vn 0.9914 -0.1305 -0.0000
vn 0.9682 -0.1275 -0.2155
vn 0.9681 -0.1274 -0.2157
vn 0.7729 -0.1017 -0.6263
vn 0.7729 -0.1018 -0.6263
vn 0.3962 -0.0522 -0.9167
vn 0.3961 -0.0521 -0.9167
vn 0.0841 -0.0111 -0.9964
vn 0.0845 -0.0111 -0.9964
vn -0.0561 0.1303 0.9899
vn 0.0040 -0.0007 1.0000
vn -0.7313 0.0890 0.6762
vn -0.9648 0.0514 0.2579
vn -1.0000 0.0006 0.0031
vn -0.0560 0.1303 0.9899
vn 0.7071 0.7071 -0.0000
vn -0.7071 0.7071 -0.0000
vn 0.9681 -0.1275 -0.2156
vn 0.0784 -0.0325 -0.9964
vn 0.2489 -0.0847 0.9648
vn 0.0419 -0.0142 0.9990
vn 0.3691 -0.1529 -0.9167
vn 0.6300 -0.2609 0.7315
vn 0.6300 -0.2610 0.7314
vn 0.2870 -0.1189 0.9505
vn 0.7203 -0.2983 -0.6263
vn 0.3692 -0.1529 -0.9167
vn -0.2588 0.9659 -0.0000
vn 0.8692 -0.3601 0.3388
vn 0.7202 -0.2983 -0.6263
vn 0.9022 -0.3737 -0.2156
vn 0.9224 -0.3821 0.0561
vn 0.9224 -0.3821 0.0562
vn 0.9239 -0.3827 -0.0000
vn 0.9022 -0.3737 -0.2155
vn -0.0561 -0.1303 0.9899
vn -0.9644 -0.0345 0.2623
vn 0.0029 -0.0015 1.0000
vn 0.2357 -0.1165 0.9648
vn 0.0024 -0.0012 1.0000
vn 0.0673 -0.0517 -0.9964
vn 0.2184 -0.1464 0.9648
vn 0.0150 -0.0101 0.9998
vn 0.3170 -0.2432 -0.9167
vn 0.0676 -0.0518 -0.9964
vn 0.5410 -0.4151 0.7314
vn 0.2464 -0.1891 0.9505
vn 0.3170 -0.2433 -0.9167
vn 0.6185 -0.4746 -0.6263
vn 0.7464 -0.5728 0.3388
vn 0.7747 -0.5944 -0.2156
vn 0.7921 -0.6078 0.0559
vn 0.7921 -0.6078 0.0558
vn 0.7934 -0.6088 -0.0000
vn 0.7747 -0.5945 -0.2155
vn 0.6263 -0.2984 0.7203
vn -0.3388 -0.3600 0.8692
vn 0.2154 -0.3737 0.9022
vn -0.0561 -0.3821 0.9224
vn -0.0560 -0.3821 0.9224
vn 0.2156 -0.3737 0.9022
vn 0.9840 -0.1779 -0.0000
vn 0.9807 -0.1772 -0.0831
vn 0.9807 -0.1773 -0.0828
vn 0.9056 -0.1637 -0.3912
vn 0.9056 -0.1637 -0.3913
vn 0.9055 -0.1637 -0.3914
vn 0.6256 -0.1131 -0.7719
vn 0.6255 -0.1131 -0.7720
vn 0.6256 -0.1132 -0.7719
vn 0.2171 -0.0393 -0.9754
vn 0.0059 -0.0059 1.0000
vn 0.1974 -0.1736 0.9648
vn 0.0024 -0.0021 1.0000
vn 0.1896 -0.1127 -0.9754
vn 0.1896 -0.1128 -0.9754
vn 0.5463 -0.3249 -0.7720
vn 0.5464 -0.3250 -0.7719
vn 0.7909 -0.4705 -0.3913
vn 0.0020 -0.0024 -1.0000
vn 0.1516 -0.1566 -0.9760
vn 0.1517 -0.1567 -0.9759
vn 0.8565 -0.5094 -0.0827
vn 0.7909 -0.4704 -0.3914
vn 0.8565 -0.5094 -0.0830
vn 0.8595 -0.5111 -0.0000
vn 0.0021 -0.0024 1.0000
vn 0.0072 -0.0072 0.9999
vn -0.0000 -0.1733 0.9849
vn -0.0143 -0.2588 0.9658
vn -0.7572 -0.1132 0.6433
vn -0.0241 -0.2587 -0.9656
vn -0.0000 -0.1733 -0.9849
vn -0.7826 -0.1078 -0.6131
vn 0.0517 -0.0673 -0.9964
vn 0.1749 -0.1967 -0.9647
vn 0.4381 -0.4543 -0.7757
vn 0.1730 -0.1981 0.9648
vn 0.0516 -0.0673 -0.9964
vn 0.2433 -0.3170 -0.9167
vn 0.4614 -0.5000 -0.7329
vn 0.6346 -0.6641 -0.3953
vn 0.4151 -0.5410 0.7314
vn 0.1891 -0.2464 0.9505
vn 0.6403 -0.6887 -0.3400
vn 0.6842 -0.7244 -0.0839
vn 0.6843 -0.7244 -0.0837
vn 0.6855 -0.7281 -0.0000
vn 0.6479 -0.7611 0.0314
vn 0.6844 -0.7269 -0.0565
vn 0.2170 -0.0540 0.9747
vn 0.2171 -0.0540 0.9747
vn 0.6220 -0.1546 0.7676
vn 0.6219 -0.1546 0.7676
vn 0.8949 -0.2225 0.3868
vn 0.8949 -0.2225 0.3867
vn 0.9672 -0.2405 0.0820
vn 0.9672 -0.2405 0.0819
vn 0.9705 -0.2413 -0.0000
vn 0.2432 -0.3170 -0.9167
vn 0.4746 -0.6185 -0.6263
vn 0.5728 -0.7464 0.3388
vn 0.5728 -0.7464 0.3387
vn 0.5944 -0.7747 -0.2155
vn 0.5945 -0.7747 -0.2154
vn 0.6078 -0.7921 0.0560
vn 0.6078 -0.7921 0.0562
vn 0.6087 -0.7934 -0.0000
vn -0.9998 -0.0101 0.0151
vn 0.1456 -0.2189 0.9648
vn 0.0085 -0.0128 0.9999
vn 0.0013 -0.0025 1.0000
vn 0.1665 -0.1493 0.9747
vn 0.1495 -0.2162 -0.9648
vn 0.0076 -0.0110 -0.9999
vn -0.6644 -0.2678 -0.6978
vn -0.7313 -0.4152 0.5411
vn -0.6716 -0.2885 0.6824
vn 0.4771 -0.4280 0.7676
vn -0.6713 -0.2883 0.6828
vn -0.7460 -0.3576 0.5618
vn 0.0108 -0.5370 0.8435
vn -0.6598 -0.4035 -0.6339
vn 0.0182 -0.5368 -0.8435
vn 0.6264 -0.4745 0.6184
vn 0.6088 -0.7933 -0.0000
vn 0.5945 -0.7747 -0.2155
vn 0.1075 -0.1897 0.9759
vn -0.0564 -0.6078 0.7921
vn 0.6865 -0.6158 0.3867
vn 0.0019 -0.0036 1.0000
vn 0.0012 -0.0025 1.0000
vn -0.7460 -0.3007 -0.5943
vn 0.3587 -0.5785 -0.7325
vn 0.1527 -0.2462 -0.9571
vn 0.7419 -0.6655 0.0820
vn 0.7444 -0.6677 -0.0000
vn 0.0325 -0.0784 -0.9964
vn 0.1156 -0.2362 0.9648
vn 0.0052 -0.0123 -0.9999
vn 0.1272 -0.2300 -0.9648
vn 0.0015 -0.0028 -1.0000
vn 0.1529 -0.3692 -0.9167
vn 0.0326 -0.0787 -0.9964
vn 0.3915 -0.1637 0.9055
vn 0.3108 -0.5489 0.7760
vn 0.1076 -0.1901 0.9758
vn 0.4956 -0.7993 -0.3398
vn 0.3587 -0.5785 -0.7326
vn -0.7460 -0.3575 0.5618
vn 0.0108 -0.5369 0.8436
vn -0.7511 -0.3545 -0.5570
vn 0.0182 -0.5369 -0.8435
vn 0.5262 -0.8485 -0.0561
vn 0.5262 -0.8485 -0.0562
vn 0.5269 -0.8498 -0.0158
vn -0.0161 -0.7070 0.7070
vn -0.0271 -0.7068 -0.7068
vn -0.0016 -0.0042 -1.0000
vn 0.0865 -0.2018 -0.9756
vn 0.2609 -0.6300 0.7315
vn 0.2610 -0.6300 0.7314
vn 0.1188 -0.2869 0.9506
vn 0.2983 -0.7202 -0.6263
vn 0.0889 -0.2487 -0.9645
vn 0.0113 -0.0338 0.9994
vn 0.0838 -0.2492 0.9648
vn 0.4525 -0.7992 0.3956
vn 0.9754 -0.1127 0.1896
vn 0.0756 -0.2050 0.9758
vn 0.0006 -0.0034 1.0000
vn 0.4910 -0.8671 0.0842
vn 0.4910 -0.8671 0.0841
vn 0.5260 -0.8505 -0.0000
vn 0.4927 -0.8702 0.0077
vn 0.3601 -0.8692 0.3388
vn 0.3600 -0.8692 0.3388
vn -0.7313 -0.3924 -0.5579
vn 0.3737 -0.9022 -0.2155
vn 0.2983 -0.7203 -0.6263
vn 0.0111 -0.0846 -0.9964
vn 0.3913 -0.4704 0.7910
vn 0.3821 -0.9224 0.0562
vn 0.3827 -0.9239 -0.0000
vn 0.3737 -0.9021 -0.2156
vn 0.0017 -0.0130 0.9999
vn 0.0345 -0.2623 0.9644
vn 0.9760 -0.1565 0.1515
vn 0.5262 -0.8485 -0.0566
vn 0.5270 -0.8497 -0.0158
vn 0.0827 -0.5094 0.8565
vn -0.0000 -0.5111 0.8595
vn 0.5085 -0.8610 -0.0089
vn 0.2274 -0.6422 -0.7320
vn 0.0847 -0.2024 -0.9756
vn -0.7238 -0.4092 0.5556
vn -0.7234 -0.4102 -0.5553
vn 0.0755 -0.2046 0.9759
vn 0.2185 -0.5917 0.7760
vn 0.0521 -0.3962 -0.9167
vn 0.0522 -0.3963 -0.9166
vn 0.0111 -0.0841 -0.9964
vn 0.0299 -0.2173 0.9757
vn 0.0298 -0.2173 0.9757
vn -0.9999 -0.0071 0.0071
vn 0.0278 -0.2172 -0.9757
vn -0.7470 -0.5608 0.3569
vn -0.7243 -0.5561 0.4076
vn -0.7146 -0.5478 0.4350
vn -0.7148 -0.4345 0.5480
vn -0.7098 -0.4605 0.5330
vn -0.7066 -0.5243 0.4751
vn -0.7070 -0.4882 0.5116
vn 0.0108 -0.8436 0.5369
vn -0.7134 -0.4383 -0.5468
vn -0.7060 -0.4749 -0.5255
vn -0.7060 -0.4855 -0.5156
vn -0.7062 -0.4855 -0.5153
vn -0.7076 -0.5262 -0.4716
vn -0.7076 -0.5263 -0.4716
vn -0.7250 -0.5810 -0.3698
vn 0.0182 -0.8435 -0.5368
vn 0.0277 -0.2172 -0.9757
vn -0.0000 -0.2173 -0.9761
vn -0.0003 -0.2261 -0.9741
vn -0.6437 -0.1132 -0.7568
vn 0.1913 -0.0336 -0.9809
vn -0.0000 -0.1972 0.9804
vn 0.0009 -0.2174 0.9761
vn 0.4853 -0.8743 0.0062
vn -0.0000 -0.0131 0.9999
vn -0.0000 -0.0246 0.9997
vn 0.4364 -0.8997 0.0057
vn -0.0000 -0.2693 -0.9631
vn -0.0088 -0.0841 -0.9964
vn 0.0007 -0.2625 0.9649
vn 0.4250 -0.9052 -0.0046
vn -0.0015 -0.3205 0.9473
vn 0.3322 -0.8798 -0.3400
vn 0.3128 -0.8637 -0.3952
vn 0.2279 -0.5895 -0.7749
vn 0.3182 -0.8616 0.3955
vn 0.3182 -0.8616 0.3956
vn -0.0009 -0.3968 -0.9179
vn 0.0345 -0.2621 0.9644
vn 0.0890 -0.6761 0.7314
vn 0.0890 -0.6761 0.7315
vn 0.6970 -0.1468 -0.7018
vn 0.3453 -0.9368 -0.0563
vn 0.3447 -0.9350 -0.0841
vn 0.3462 -0.9344 -0.0838
vn 0.3474 -0.9377 -0.0009
vn 0.1018 -0.7729 -0.6263
vn 0.1017 -0.7727 -0.6266
vn 0.0521 -0.3961 -0.9167
vn 0.3452 -0.9348 0.0841
vn 0.3452 -0.9348 0.0842
vn 0.4209 -0.9067 0.0257
vn 0.3464 -0.9381 -0.0042
vn -0.0015 -0.2623 0.9650
vn -0.0025 -0.3184 0.9480
vn 0.0861 -0.6272 0.7741
vn 0.0299 -0.2174 0.9756
vn -0.0003 -0.2262 -0.9741
vn -0.7770 -0.4431 -0.4471
vn -0.0009 -0.2676 -0.9635
vn 0.0024 -0.3966 -0.9180
vn 0.0278 -0.2171 -0.9757
vn -0.0004 -0.2172 -0.9761
vn 0.4297 -0.9016 -0.0495
vn 0.0009 -0.2172 0.9761
vn 0.0011 -0.1966 0.9805
vn -0.7574 -0.4407 0.4817
vn -0.9506 -0.2464 0.1890
vn 0.3826 -0.9239 -0.0000
vn 0.3820 -0.9225 0.0556
vn 0.3736 -0.9022 -0.2155
vn 0.0804 -0.6275 -0.7744
vn 0.0837 -0.7244 0.6843
vn 0.0030 -0.5563 0.8310
vn -0.0013 -0.6295 0.7770
vn -0.4203 -0.5574 0.7160
vn 0.0840 -0.7244 0.6842
vn 0.0562 -0.7269 0.6844
vn -0.7675 -0.1547 0.6220
vn 0.0014 -0.6296 -0.7769
vn 0.0004 -0.6056 -0.7958
vn 0.6264 -0.6184 0.4745
vn -0.6637 -0.6310 0.4017
vn -0.7389 -0.5968 0.3130
vn 0.0108 -0.8435 0.5370
vn -0.7581 -0.4806 -0.4408
vn -0.7388 -0.5685 -0.3619
vn 0.0182 -0.8434 -0.5369
vn 0.0020 -0.6788 0.7343
vn 0.1228 -0.9328 0.3388
vn 0.3286 -0.9445 -0.0051
vn -0.0024 -0.7078 -0.7064
vn -0.0144 -0.9658 0.2588
vn -0.0241 -0.9656 -0.2587
vn 0.3186 -0.9479 -0.0000
vn 0.0001 -0.7522 0.6589
vn 0.1275 -0.9681 -0.2158
vn 0.1018 -0.7730 -0.6262
vn 0.1275 -0.9681 -0.2155
vn -0.0007 -0.7770 -0.6294
vn 0.1303 -0.9899 0.0560
vn 0.1303 -0.9899 0.0558
vn 0.1305 -0.9914 -0.0000
vn 0.1275 -0.9682 -0.2154
vn -0.0007 -0.7102 -0.7040
vn 0.3185 -0.9479 -0.0000
vn 0.0001 -0.6787 0.7344
vn -0.0020 -0.7496 0.6619
vn 0.0804 -0.6277 -0.7743
vn 0.0014 -0.6297 -0.7768
vn 0.0014 -0.6059 -0.7956
vn 0.0021 -0.7770 -0.6295
vn 0.0030 -0.6296 0.7769
vn 0.1251 -0.9108 0.3935
vn 0.0019 -0.6058 -0.7956
vn -0.0052 -0.9180 0.3966
vn 0.0046 -0.8278 0.5611
vn -0.7776 -0.4465 0.4426
vn 0.1167 -0.9117 -0.3939
vn 0.0024 -0.8620 -0.5069
vn -0.0022 -0.9180 -0.3966
vn -0.9999 -0.0126 0.0084
vn -0.7648 -0.6345 0.1116
vn -0.6685 -0.6876 0.2833
vn -0.0000 -0.9849 0.1732
vn -0.9813 -0.1895 -0.0333
vn -0.7031 -0.6957 -0.1470
vn -0.7043 -0.6280 -0.3311
vn -0.7031 -0.6956 -0.1473
vn -0.0000 -0.9849 -0.1732
vn 0.0019 -0.9399 0.3414
vn 0.2658 -0.9640 -0.0000
vn -0.0004 -0.9018 -0.4321
vn 0.1356 -0.9872 0.0838
vn 0.1356 -0.9872 0.0836
vn 0.1251 -0.9106 0.3938
vn 0.1361 -0.9907 -0.0000
vn 0.0006 -0.9720 0.2348
vn 0.0019 -0.9844 -0.1757
vn 0.0015 -0.9761 -0.2175
vn 0.0006 -0.9399 0.3414
vn 0.1168 -0.9116 -0.3942
vn 0.0024 -0.9179 -0.3969
vn 0.0022 -0.9181 0.3964
vn 0.0021 -0.9796 0.2008
vn -0.0018 -0.9711 0.2388
vn 0.1360 -0.9907 -0.0000
vn 0.1266 -0.9884 -0.0836
vn 0.0015 -0.9761 -0.2172
vn 0.1266 -0.9884 -0.0835
vn 0.1266 -0.9884 -0.0834
vn -0.0024 -0.9793 0.2024
vn 0.0047 -0.8622 -0.5065
vn 0.1270 -0.9919 -0.0000
vn 0.1268 -0.9919 -0.0000
vn -0.0000 -0.9838 -0.1795
vn -0.0000 -0.9858 -0.1682
vn -0.0029 -0.9964 -0.0846
vn -0.0000 -0.9965 0.0841
vn -0.0000 -0.9984 0.0564
vn 0.0001 -1.0000 0.0002
vn -0.6825 -0.2884 -0.6716
vn -0.7676 -0.4280 0.4771
vn 0.6049 -0.3850 -0.6970
vn -0.0000 -0.7933 0.6088
vn 0.2156 -0.7747 0.5945
vn -0.3867 -0.6158 0.6865
vn 0.4989 -0.1777 -0.8482
vn 0.6013 -0.3828 -0.7014
vn 0.9571 -0.2462 0.1527
vn -0.0820 -0.6655 0.7419
vn 0.9999 -0.0122 0.0053
vn 0.9648 -0.2300 0.1272
vn 0.0566 -0.8485 0.5261
vn 0.0563 -0.8485 0.5261
vn 0.3397 -0.7993 0.4956
vn 0.0001 -0.0000 -1.0000
vn -0.0841 -0.8671 0.4910
vn -0.3389 -0.8692 0.3600
vn -0.0562 -0.9224 0.3821
vn 0.0090 -0.8610 0.5084
vn 0.7321 -0.6422 0.2274
vn -0.5556 -0.4093 -0.7238
vn -0.9759 -0.2045 0.0755
vn -0.4751 -0.5243 -0.7066
vn -0.4077 -0.5561 -0.7242
vn -0.4349 -0.5479 -0.7146
vn -0.5242 -0.4752 -0.7067
vn -0.5480 -0.4345 -0.7148
vn 0.5255 -0.4749 -0.7060
vn 0.5146 -0.4861 -0.7064
vn 0.4716 -0.5262 -0.7076
vn 0.4715 -0.5263 -0.7076
vn -0.9999 -0.0131 -0.0000
vn -0.0062 -0.8743 0.4853
vn 0.3399 -0.8798 0.3323
vn 0.3953 -0.8637 0.3128
vn -0.3956 -0.8616 0.3181
vn 0.0566 -0.9368 0.3453
vn 0.0841 -0.9350 0.3447
vn 0.0837 -0.9344 0.3462
vn 0.6265 -0.7727 0.1017
vn 0.9741 -0.2262 -0.0003
vn 0.4471 -0.4430 -0.7771
vn 0.0495 -0.9016 0.4298
vn -0.9804 -0.1970 0.0011
vn -0.4467 -0.4427 -0.7775
vn -0.1967 -0.9058 0.3752
vn 0.0155 -0.9836 0.1799
vn -0.8310 -0.5562 0.0030
vn 0.7958 -0.6056 0.0004
vn 0.4408 -0.4806 -0.7581
vn 0.4995 -0.8663 0.0108
vn 0.8561 -0.5169 -0.0000
vn 0.7071 -0.7071 -0.0021
vn 0.0051 -0.9445 0.3285
vn 0.2581 -0.9660 -0.0142
vn 0.6932 -0.7208 -0.0000
vn 0.6298 -0.7768 -0.0007
vn -0.0560 -0.9899 0.1303
vn -0.0562 -0.9899 0.1303
vn -0.6619 -0.7495 -0.0020
vn -0.3934 -0.9108 0.1251
vn 0.7956 -0.6058 0.0019
vn -0.3965 -0.9180 -0.0052
vn -0.5611 -0.8278 0.0046
vn -0.4427 -0.4464 -0.7776
vn 0.3940 -0.9117 0.1167
vn 0.3939 -0.9117 0.1167
vn 0.3966 -0.9180 -0.0022
vn -0.1116 -0.6345 -0.7648
vn -0.2833 -0.6876 -0.6685
vn 0.0333 -0.1893 -0.9814
vn 0.1436 -0.6965 -0.7030
vn -0.0000 -0.9640 0.2659
vn 0.2587 -0.9659 -0.0000
vn -0.0833 -0.9872 0.1357
vn -0.3938 -0.9106 0.1251
vn -0.2348 -0.9721 0.0006
vn 0.3938 -0.9117 0.1167
vn 0.3969 -0.9179 0.0024
vn -0.3963 -0.9181 0.0022
vn -0.2007 -0.9796 0.0021
vn 0.0837 -0.9884 0.1266
vn 0.0839 -0.9884 0.1265
vn 0.5062 -0.8624 0.0047
vn -0.0000 -0.9919 0.1269
vn -0.0000 -0.9918 0.1279
vn 0.0841 -0.9965 -0.0029
vn -0.0565 -0.9984 -0.0000
vn -0.0015 -1.0000 -0.0000
vn -0.0001 1.0000 -0.0000
vn 0.0002 1.0000 -0.0001
vn -0.0000 -0.0549 -0.9985
vn -0.0000 0.1074 -0.9942
vn -0.0000 -0.2158 -0.9764
vn -0.0000 0.2669 -0.9637
vn -0.0000 -0.3710 -0.9286
vn -0.0000 0.4194 -0.9078
vn -0.0000 -0.5164 -0.8563
vn -0.0000 0.5608 -0.8280
vn -0.0000 -0.6482 -0.7614
vn -0.0000 0.6874 -0.7263
vn -0.0000 -0.7629 -0.6465
vn -0.0000 0.7959 -0.6054
vn -0.0000 -0.8575 -0.5145
vn -0.0000 0.8834 -0.4686
vn -0.0000 0.2079 0.9781
vn -0.0000 -0.2335 0.9724
vn -0.0000 0.4186 0.9082
vn -0.0000 -0.4423 0.8969
vn -0.0000 -0.9295 -0.3689
vn -0.0000 -0.6293 0.7771
vn -0.0000 0.9476 -0.3195
vn -0.0000 0.7688 0.6395
vn -0.0000 -0.7853 0.6191
vn -0.0000 -0.9983 -0.0586
vn -0.0000 -0.9141 0.4055
vn -0.0000 0.6816 0.7317
vn -0.0000 -0.6269 0.7791
vn -0.0000 0.2711 0.9625
vn -0.0000 -0.2003 0.9797
vn -0.0000 -0.9026 0.4305
vn -0.0000 0.9868 -0.1619
vn -0.0000 -0.9753 0.2207
vn -0.0000 -0.9753 -0.2207
vn -0.0000 0.9868 0.1619
vn -0.0000 -0.9026 -0.4305
vn -0.0000 0.9476 0.3195
vn -0.0000 -0.7853 -0.6191
vn -0.0000 0.2711 -0.9625
vn -0.0000 -0.2002 -0.9798
vn -1.0000 0.0001 -0.0000
vn -0.0000 -0.6269 -0.7791
vn -0.0000 0.6816 -0.7317
vn -0.0000 0.2708 -0.9626
vn -0.0000 -0.9141 -0.4055
vn -0.0000 -0.9141 -0.4054
vn -0.0000 0.7688 -0.6395
vn -0.0000 0.6818 -0.7315
vn -0.0000 -0.9983 0.0586
vn -0.0000 -0.9295 0.3689
vn -0.0000 -0.6293 -0.7771
vn -0.0000 0.6088 -0.7934
vn -0.0000 0.8834 0.4686
vn -0.0000 -0.4423 -0.8969
vn -0.0000 0.4186 -0.9082
vn -0.0000 -0.8575 0.5145
vn -0.0000 -0.2335 -0.9724
vn -0.0000 0.2079 -0.9781
vn -0.0000 -0.0131 -0.9999
vn -0.0000 0.7959 0.6054
vn -0.0000 -0.7629 0.6465
vn -0.0000 0.6874 0.7263
vn -0.0000 -0.6482 0.7615
vn -0.0000 0.5608 0.8280
vn -0.0000 -0.5164 0.8563
vn -0.0000 0.4194 0.9078
vn -0.0000 -0.3710 0.9286
vn -0.0000 0.2669 0.9637
vn -0.0000 -0.2158 0.9764
vn -0.0000 0.1074 0.9942
vn -0.0000 -0.0549 0.9985
vn 1.0000 0.0002 -0.0000
vn -0.0076 0.9844 0.1758
vn -0.0090 0.9827 0.1849
vn -0.0000 0.9991 0.0419
vn 0.2594 0.9657 -0.0079
vn 0.2628 0.9644 0.0283
vn 0.1610 0.9869 -0.0049
vn 0.1653 0.9792 0.1174
vn 0.1566 0.9876 -0.0064
vn 0.1459 0.9893 0.0040
vn 0.1551 0.9878 0.0157
vn 0.1617 0.9867 0.0163
vn 0.1553 0.9878 0.0132
vn 0.1387 0.9901 0.0217
vn 0.1581 0.9868 0.0344
vn 0.1909 0.9807 0.0416
vn 0.1602 0.9868 0.0245
vn 0.1715 0.9660 -0.1934
vn 0.0762 0.9901 -0.1180
vn 0.2414 0.9577 -0.1565
vn 0.0766 0.9942 -0.0755
vn 0.1043 0.9892 -0.1028
vn 0.0917 0.9892 -0.1147
vn 0.1004 0.9904 -0.0950
vn 0.1148 0.9902 -0.0799
vn 0.1182 0.9893 -0.0850
vn 0.1281 0.9892 -0.0716
vn 0.1186 0.9918 -0.0472
vn 0.1490 0.9856 -0.0797
vn 0.1572 0.9857 -0.0612
vn 0.1539 0.9862 -0.0612
vn 0.1565 0.9868 -0.0410
vn 0.1829 0.9825 -0.0351
vn 0.0012 1.0000 -0.0003
vn 0.0126 0.9999 -0.0024
vn 0.1883 0.9821 -0.0037
vn 0.0905 0.9958 -0.0137
vn -0.0155 0.9832 -0.1818
vn -0.0000 0.9958 -0.0918
vn 0.1163 0.9911 -0.0649
vn -0.0781 0.9680 -0.2384
vn -0.0613 0.9726 -0.2242
vn 0.0509 0.9898 -0.1330
vn 0.1673 0.9705 0.1736
vn 0.2362 0.9716 -0.0163
vn 0.2779 0.9583 -0.0666
vn 0.2828 0.9578 -0.0507
vn 0.0193 0.9252 -0.3790
vn 0.0306 0.9258 -0.3767
vn 0.2425 0.9253 -0.2914
vn 0.2309 0.9257 -0.2998
vn 0.1714 0.9661 -0.1932
vn 0.2946 0.9182 -0.2648
vn 0.2478 0.9181 -0.3093
vn 0.3755 0.9101 -0.1752
vn 0.0951 0.8982 -0.4291
vn 0.0307 0.9258 -0.3768
vn 0.3439 0.9095 -0.2334
vn 0.3034 0.9094 -0.2844
vn -0.0066 0.9828 0.1848
vn 0.3904 0.8994 -0.1967
vn 0.3563 0.8993 -0.2537
vn 0.2690 0.9570 0.1087
vn 0.4096 0.9111 0.0451
vn 0.4060 0.9137 -0.0165
vn 0.4059 0.9138 -0.0165
vn 0.4061 0.9138 0.0112
vn 0.4047 0.9138 0.0344
vn 0.4015 0.9137 0.0629
vn 0.4016 0.9137 0.0629
vn 0.5337 0.8316 0.1533
vn 0.3944 0.9137 0.0977
vn 0.1934 0.9806 0.0326
vn 0.1936 0.9805 0.0327
vn 0.4332 0.8879 -0.1550
vn 0.4060 0.8877 -0.2169
vn 0.4717 0.8752 -0.1076
vn 0.4516 0.8750 -0.1743
vn 0.2827 0.9579 -0.0507
vn 0.5067 0.8610 -0.0446
vn 0.4926 0.8612 -0.1257
vn 0.2412 0.9578 -0.1565
vn 0.2242 0.9480 -0.2259
vn -0.0239 0.8237 -0.5665
vn 0.1217 0.9682 -0.2185
vn 0.0986 0.9936 -0.0552
vn 0.0994 0.9682 -0.2295
vn 0.2241 0.9480 -0.2260
vn 0.2162 0.9749 -0.0539
vn 0.0036 0.9235 0.3836
vn 0.1697 0.9135 0.3697
vn 0.2100 0.9451 0.2503
vn 0.5819 0.8099 -0.0737
vn 0.2578 0.9659 -0.0239
vn 0.1234 0.9264 -0.3557
vn 0.5468 0.6964 -0.4648
vn 0.5021 0.8626 -0.0617
vn 0.5014 0.7878 -0.3578
vn -0.0023 0.9105 -0.4135
vn 0.3522 0.9110 -0.2147
vn 0.5255 0.8475 -0.0743
vn 0.5287 0.8465 -0.0615
vn 0.5107 0.8285 0.2296
vn 0.5103 0.8584 -0.0520
vn 0.5446 0.8309 0.1138
vn 0.2577 0.9659 -0.0239
vn 0.4557 0.8888 0.0482
vn 0.4733 0.8589 0.1955
vn 0.4608 0.8627 0.2083
vn 0.2560 0.9659 -0.0393
vn -0.0153 0.8421 0.5391
vn 0.0036 0.9235 0.3837
vn 0.1697 0.9135 0.3698
vn 0.3579 0.7252 -0.5882
vn 0.3922 0.7910 -0.4695
vn 0.3371 0.7919 -0.5091
vn 0.7056 0.7069 -0.0495
vn 0.7059 0.7068 -0.0458
vn 0.6146 0.7886 -0.0191
vn 0.6142 0.7888 -0.0250
vn 0.6144 0.7888 0.0169
vn 0.6124 0.7889 0.0521
vn 0.6074 0.7887 0.0952
vn 0.6075 0.7886 0.0952
vn 0.5447 0.8309 0.1138
vn 0.5978 0.7888 0.1426
vn 0.4744 0.7712 -0.4245
vn 0.3984 0.7711 -0.4967
vn 0.5510 0.7470 -0.3719
vn 0.4855 0.7469 -0.4544
vn 0.5384 0.7320 -0.4175
vn 0.0706 0.9695 -0.2347
vn 0.3913 0.7101 -0.5854
vn 0.3374 0.7260 -0.5993
vn 0.7109 0.6990 0.0769
vn 0.0221 0.6747 -0.7377
vn 0.0968 0.6803 -0.7265
vn 0.6217 0.7189 -0.3111
vn 0.5667 0.7187 -0.4029
vn 0.5256 0.8475 -0.0746
vn 0.6847 0.6772 -0.2692
vn 0.6309 0.7635 -0.1381
vn 0.4319 0.7680 -0.4729
vn 0.0968 0.6802 -0.7266
vn 0.0830 0.6860 -0.7229
vn 0.2112 0.8786 0.4283
vn 0.4807 0.8020 0.3546
vn 0.4683 0.8032 0.3680
vn 0.6359 0.7565 0.1529
vn 0.6437 0.7520 0.1420
vn 0.6019 0.7901 -0.1158
vn 0.6850 0.6870 -0.2427
vn 0.6414 0.6868 -0.3419
vn -0.0069 0.8197 0.5728
vn 0.1755 0.8125 0.5559
vn 0.7400 0.6517 -0.1663
vn 0.7079 0.6515 -0.2727
vn 0.3985 0.7223 -0.5653
vn -0.0283 0.6808 -0.7319
vn -0.0284 0.6809 -0.7319
vn 0.4993 0.5907 -0.6339
vn 0.5288 0.8465 -0.0615
vn 0.7320 0.6744 -0.0963
vn 0.0221 0.6746 -0.7378
vn 0.7321 0.6743 -0.0963
vn 0.7853 0.6136 -0.0825
vn 0.7653 0.6134 -0.1949
vn 0.7790 0.6238 0.0628
vn 0.5109 0.8284 0.2295
vn 0.7739 0.6321 -0.0383
vn 0.7739 0.5766 -0.2619
vn 0.6457 0.7064 0.2899
vn 0.6530 0.7042 0.2789
vn 0.5400 0.8314 0.1314
vn 0.7250 0.6765 -0.1290
vn 0.7110 0.6990 0.0768
vn 0.7900 0.6095 0.0661
vn 0.7885 0.6142 -0.0321
vn 0.7884 0.6143 -0.0320
vn 0.7887 0.6143 0.0217
vn 0.7887 0.6144 0.0217
vn 0.7861 0.6144 0.0669
vn 0.7862 0.6144 0.0669
vn 0.7797 0.6141 0.1221
vn 0.7798 0.6141 0.1221
vn 0.7667 0.6143 0.1866
vn 0.8021 0.5556 0.2189
vn 0.8125 0.5550 0.1785
vn 0.4282 0.6688 -0.6078
vn 0.4195 0.6208 -0.6623
vn 0.4196 0.6208 -0.6622
vn 0.5262 0.5761 -0.6254
vn 0.3031 0.7266 -0.6166
vn 0.7641 0.6217 -0.1724
vn 0.6316 0.6420 -0.4346
vn 0.7882 0.6091 0.0877
vn 0.7692 0.6365 -0.0562
vn 0.6957 0.7059 -0.1334
vn 0.6958 0.7057 -0.1333
vn 0.7056 0.7069 -0.0489
vn 0.5265 0.5831 -0.6188
vn 0.6277 0.5430 -0.5578
vn 0.5264 0.5831 -0.6188
vn 0.5263 0.5831 -0.6189
vn -0.0225 0.4750 -0.8797
vn 0.2105 0.7780 0.5920
vn 0.4885 0.7134 0.5024
vn 0.4771 0.7121 0.5150
vn 0.0774 0.6791 -0.7299
vn 0.6283 0.5371 -0.5628
vn 0.6283 0.5371 -0.5629
vn 0.7182 0.5024 -0.4814
vn 0.7063 0.6786 -0.2016
vn 0.7404 0.6701 -0.0516
vn 0.5217 0.5461 -0.6555
vn 0.7790 0.5244 -0.3438
vn 0.5735 0.5212 -0.6321
vn 0.5734 0.5212 -0.6321
vn 0.7979 0.5705 0.1944
vn 0.7830 0.6164 0.0840
vn 0.7818 0.4650 -0.4154
vn 0.7968 0.4566 -0.3958
vn 0.7218 0.4823 -0.4965
vn 0.7218 0.4823 -0.4964
vn 0.6632 0.6283 0.4067
vn 0.6566 0.6284 0.4171
vn 0.5187 0.7034 -0.4860
vn 0.0037 0.6760 0.7369
vn 0.1843 0.6708 0.7184
vn 0.8703 0.4530 -0.1933
vn 0.8845 0.4502 -0.1222
vn 0.8039 0.4208 -0.4204
vn 0.8040 0.4208 -0.4201
vn 0.8593 0.4124 -0.3026
vn 0.7125 0.4685 -0.5224
vn 0.4798 0.4490 -0.7538
vn 0.4580 0.4658 -0.7572
vn 0.3909 0.5352 -0.7488
vn 0.5776 0.4988 -0.6462
vn 0.8775 0.4302 -0.2121
vn 0.7320 0.4483 -0.5131
vn 0.0344 0.4095 -0.9116
vn 0.2257 0.2789 -0.9334
vn 0.8963 0.4429 0.0218
vn 0.8583 0.4780 -0.1865
vn 0.9660 0.2579 -0.0170
vn 0.4560 0.5435 -0.7048
vn 0.9144 0.4048 0.0103
vn 0.9603 0.2588 -0.1045
vn 0.9132 0.4059 -0.0371
vn 0.9135 0.4060 0.0251
vn 0.8440 0.5316 0.0718
vn 0.9126 0.4056 0.0515
vn 0.9030 0.4057 0.1414
vn 0.8874 0.4059 0.2188
vn 0.8126 0.5548 0.1786
vn 0.8727 0.3572 -0.3330
vn 0.9034 0.3572 -0.2372
vn 0.9203 0.3344 -0.2033
vn 0.6663 0.5241 0.5304
vn 0.7645 0.6148 0.1938
vn 0.4701 0.5096 -0.7206
vn 0.4330 0.5173 -0.7381
vn -0.0154 0.5391 0.8421
vn 0.0037 0.6759 0.7370
vn 0.5760 0.4833 -0.6593
vn 0.7934 0.5774 0.1925
vn 0.8087 0.5094 0.2943
vn 0.0210 0.2734 -0.9617
vn 0.1845 0.6709 0.7182
vn 0.9507 0.2958 0.0933
vn 0.9515 0.3043 0.0449
vn 0.9473 0.3198 -0.0194
vn 0.6662 0.5239 0.5307
vn 0.4969 0.5875 0.6387
vn 0.2085 0.6449 0.7353
vn 0.5775 0.4989 -0.6462
vn 0.4486 0.5427 -0.7101
vn 0.5742 0.5170 -0.6348
vn 0.9352 0.3466 0.0723
vn 0.9352 0.3466 0.0724
vn 0.9202 0.3564 -0.1618
vn 0.8846 0.4501 -0.1222
vn 0.6708 0.4861 -0.5601
vn 0.5755 0.5105 -0.6389
vn 0.8944 0.4467 0.0199
vn 0.9045 0.4158 0.0945
vn 0.9524 0.2907 -0.0915
vn 0.9271 0.2921 -0.2349
vn 0.9269 0.2924 -0.2352
vn 0.5837 0.4658 -0.6650
vn 0.4914 0.4998 -0.7133
vn 0.7186 0.3930 -0.5737
vn 0.5709 0.4947 -0.6552
vn 0.6315 0.4449 -0.6350
vn 0.6314 0.4449 -0.6351
vn 0.6844 0.4223 -0.5943
vn 0.8055 0.4191 -0.4189
vn 0.8749 0.3741 -0.3077
vn 0.8671 -0.0027 -0.4982
vn 0.9386 0.2041 0.2782
vn 0.9444 0.3237 0.0574
vn 0.6738 0.5198 0.5251
vn 0.4848 0.5976 0.6386
vn 0.8351 0.4946 -0.2406
vn 0.8020 0.5555 0.2197
vn 0.8640 0.4535 -0.2188
vn 0.6844 0.4223 -0.5944
vn 0.8671 -0.0026 -0.4981
vn 0.8671 -0.0024 -0.4982
vn 0.7775 0.3590 -0.5163
vn 0.9495 0.1951 0.2458
vn 0.9564 0.1949 0.2176
vn 0.9651 0.2560 0.0547
vn 0.9417 0.2568 -0.2173
vn 0.8050 0.5153 0.2938
vn 0.9139 0.3720 0.1629
vn 0.9035 0.4181 0.0938
vn 0.9897 -0.0419 -0.1366
vn 0.9046 0.3443 -0.2515
vn 0.8755 0.3705 -0.3102
vn 0.7776 0.3590 -0.5163
vn 0.8756 0.3703 -0.3100
vn 0.6782 0.1286 -0.7235
vn 0.7844 0.2471 -0.5689
vn 0.5161 0.2473 -0.8200
vn 0.6783 0.1286 -0.7235
vn 0.8488 0.3098 -0.4285
vn 0.8719 0.2776 -0.4033
vn 0.8068 0.3397 -0.4834
vn 0.9181 0.2032 -0.3404
vn 0.9180 0.2033 -0.3404
vn 0.8255 0.3716 -0.4248
vn 0.8068 0.3396 -0.4834
vn 0.8069 0.3396 -0.4833
vn 0.9538 0.1880 -0.2342
vn 0.9741 0.1862 -0.1284
vn 0.9609 0.1186 -0.2500
vn 0.9443 0.1217 -0.3059
vn 0.2444 0.1213 -0.9621
vn 0.1161 0.1135 -0.9867
vn 0.0699 0.2758 -0.9587
vn 0.6666 0.5284 0.5258
vn 0.8171 0.4276 0.3867
vn 0.8193 0.4283 0.3811
vn 0.8756 0.3704 -0.3101
vn 0.9812 0.1895 -0.0359
vn 0.9807 0.1882 0.0529
vn 0.9793 0.1984 -0.0398
vn 0.9795 0.1984 -0.0359
vn 0.9935 0.0991 0.0561
vn 0.9731 0.2136 0.0866
vn 0.9833 0.0972 0.1540
vn 0.9478 0.2349 0.2155
vn 0.9521 0.2350 0.1958
vn 0.9482 0.1952 0.2505
vn 0.9482 0.1951 0.2506
vn 0.9268 0.3659 0.0850
vn 0.9456 0.1952 0.2601
vn 0.9651 0.1710 0.1985
vn 0.9810 0.1787 -0.0754
vn 0.9630 0.2340 -0.1339
vn 0.9841 0.1705 -0.0502
vn 0.9810 0.1786 -0.0752
vn 0.9654 0.2583 -0.0353
vn 0.9645 0.2585 -0.0535
vn -0.0072 0.5044 0.8634
vn 0.1947 0.5013 0.8431
vn 0.8256 0.3716 -0.4248
vn 0.9121 0.2396 -0.3327
vn 0.9349 0.1880 -0.3009
vn 0.9741 0.1864 -0.1284
vn 0.9457 0.1951 0.2599
vn -0.0218 0.0217 -0.9995
vn 0.2319 0.2789 -0.9319
vn 0.9783 0.2068 -0.0164
vn 0.9667 0.2420 -0.0834
vn -0.0072 0.5043 0.8635
vn 0.9795 0.2003 -0.0205
vn 0.9694 0.0550 0.2394
vn 0.5028 0.4413 0.7433
vn 0.2098 0.4833 0.8499
vn 0.9618 0.1538 -0.2264
vn 0.9231 0.3114 0.2254
vn 0.9234 0.3115 0.2244
vn 0.9134 0.3730 0.1628
vn 0.9886 0.1458 -0.0374
vn 0.9895 0.1424 -0.0257
vn 0.9795 0.2003 -0.0206
vn 0.9656 0.1466 -0.2146
vn 0.9594 0.1667 -0.2274
vn 0.4936 0.4493 0.7447
vn 0.6823 0.3915 0.6174
vn 0.9827 0.0661 0.1728
vn 0.9594 0.1666 -0.2274
vn 0.9883 0.0843 -0.1269
vn 0.9925 0.0442 -0.1138
vn 0.9925 0.0444 -0.1139
vn 0.9922 0.0486 -0.1145
vn 0.9482 0.1950 0.2506
vn 0.9862 0.0944 0.1361
vn 0.9812 0.0746 0.1781
vn 0.6767 0.3982 0.6193
vn 0.8270 0.3223 0.4606
vn 0.8289 0.3237 0.4562
vn 0.9429 0.1334 -0.3051
vn 0.8122 -0.0875 -0.5768
vn 0.6828 0.0573 -0.7284
vn 0.6828 0.0573 -0.7283
vn 0.5235 -0.1155 -0.8441
vn 0.2503 -0.0247 -0.9678
vn 0.9900 0.1381 -0.0296
vn 0.9917 0.1277 -0.0127
vn 0.9429 0.1334 -0.3052
vn 0.1759 -0.0279 -0.9840
vn 0.2515 -0.1042 -0.9622
vn 0.9705 0.0419 0.2374
vn 0.9832 0.0633 0.1711
vn 0.9633 0.0530 -0.2632
vn 0.0054 -0.1112 -0.9938
vn 0.9355 0.2804 -0.2148
vn 0.3069 0.5462 -0.7794
vn 0.2027 0.5552 -0.8066
vn 0.9695 0.0056 -0.2452
vn 0.9926 -0.0001 -0.1213
vn 0.9940 -0.0000 -0.1091
vn 0.9993 -0.0001 -0.0366
vn 0.9962 -0.0008 -0.0867
vn 0.9956 -0.0009 -0.0934
vn 0.9993 -0.0007 -0.0366
vn 0.9978 -0.0022 -0.0659
vn 0.9993 -0.0010 -0.0366
vn 0.9978 -0.0028 -0.0657
vn 0.9989 -0.0018 -0.0463
vn 1.0000 -0.0000 -0.0070
vn 0.9961 -0.0000 0.0886
vn 0.9961 -0.0000 0.0887
vn 0.9795 -0.0000 0.2014
vn 0.9634 -0.0000 0.2679
vn 0.9633 -0.0000 0.2686
vn 0.9624 -0.0001 0.2716
vn 0.9625 -0.0001 0.2714
vn 0.9624 -0.0001 0.2717
vn 0.9607 -0.0002 0.2776
vn 0.9606 -0.0002 0.2778
vn 0.9581 -0.0006 0.2865
vn 0.9544 -0.0014 0.2986
vn 0.9544 -0.0014 0.2987
vn 0.9499 -0.0030 0.3126
vn 0.9499 -0.0030 0.3127
vn 0.9642 0.0055 0.2650
vn 0.9645 0.0064 0.2641
vn 0.9641 -0.0000 0.2656
vn 0.9316 0.2351 0.2772
vn 0.9318 0.2354 0.2763
vn 0.9928 0.0093 -0.1191
vn 0.9968 -0.0001 -0.0801
vn 0.9937 -0.0001 -0.1123
vn 0.9919 -0.0001 -0.1272
vn 0.9695 0.0055 -0.2452
vn 0.0036 0.3141 0.9494
vn 0.1986 0.3123 0.9290
vn 0.9928 0.0506 -0.1089
vn 0.9873 -0.0121 -0.1586
vn 0.0036 0.3138 0.9495
vn 0.1985 0.3123 0.9290
vn 0.1985 0.3122 0.9290
vn 0.2089 0.2996 0.9309
vn 0.5065 0.2740 0.8175
vn 0.9439 -0.0256 -0.3293
vn 0.9574 -0.1659 -0.2361
vn 0.8117 -0.2773 -0.5141
vn 0.9969 0.0769 0.0133
vn 0.9958 0.0915 -0.0050
vn 0.5007 0.2790 0.8194
vn 0.6881 0.2437 0.6835
vn -0.0000 0.1758 0.9844
vn -0.0177 0.1061 0.9942
vn -0.0177 0.1058 0.9942
vn 0.0036 0.3140 0.9494
vn 0.6846 0.2477 0.6856
vn 0.8345 0.2005 0.5133
vn 0.8358 0.2020 0.5106
vn 0.8773 0.1766 -0.4462
vn 0.5341 -0.2639 -0.8031
vn 0.6901 -0.3400 -0.6389
vn 0.0054 -0.1110 -0.9938
vn 0.1688 -0.1072 -0.9798
vn -0.0065 -0.3874 -0.9219
vn 0.9870 0.0018 -0.1606
vn 0.9898 0.0132 -0.1419
vn 0.9378 0.1465 0.3147
vn 0.9380 0.1469 0.3139
vn 0.1912 -0.4416 -0.8766
vn 0.2420 -0.4359 -0.8669
vn 0.9531 0.0398 -0.3002
vn 0.9359 0.0112 -0.3520
vn 0.9869 0.0008 -0.1615
vn -0.0000 -0.4118 -0.9113
vn 0.2362 -0.3956 -0.8875
vn 0.6815 -0.2802 -0.6761
vn 0.9983 0.0576 0.0090
vn 0.9533 0.0004 0.3019
vn -0.0000 0.9553 -0.2957
vn -0.7309 0.4527 -0.5106
vn -0.7302 0.3169 -0.6053
vn -0.8185 0.2798 -0.5017
vn -0.5350 0.3918 -0.7485
vn -0.5350 0.3919 -0.7485
vn -0.0057 0.5465 -0.8374
vn -0.8363 0.2879 -0.4666
vn -0.9465 0.0628 -0.3166
vn 0.2031 0.1055 0.9735
vn 0.7777 -0.1535 -0.6096
vn 0.6706 -0.2240 -0.7072
vn 0.2033 0.0898 0.9750
vn 0.2159 0.1055 0.9707
vn 0.5076 0.0989 0.8559
vn 0.2164 0.0897 0.9722
vn -0.9465 0.0627 -0.3165
vn 0.6871 0.0103 0.7265
vn 0.6105 0.0157 0.7919
vn 0.9146 0.0626 -0.3996
vn -0.1740 0.4568 -0.8724
vn -0.1739 0.4567 -0.8724
vn 0.6078 0.0939 0.7885
vn 0.8873 0.0562 0.4577
vn 0.8339 -0.0191 0.5515
vn -0.0000 0.9527 -0.3040
vn -0.9677 0.1351 -0.2130
vn 0.0020 0.8942 -0.4476
vn 0.0073 0.8708 -0.4916
vn 0.0020 0.4639 -0.8859
vn -0.9707 0.1737 -0.1659
vn 0.5169 -0.3559 -0.7786
vn 0.2389 -0.4141 -0.8783
vn 0.9854 0.0013 -0.1705
vn 0.9970 0.0761 0.0113
vn 0.8884 -0.0281 0.4583
vn 0.9413 0.0625 0.3316
vn 0.2444 -0.4544 -0.8566
vn 0.1546 -0.4357 -0.8867
vn 0.0179 0.8946 -0.4465
vn -0.9958 0.0175 -0.0898
vn -0.9855 0.0514 -0.1617
vn -0.9766 0.0410 -0.2112
vn 0.9992 -0.0052 0.0385
vn 0.9992 -0.0052 0.0384
vn 0.9995 0.0173 0.0251
vn 0.9971 0.0759 0.0113
vn -0.0000 -0.5024 -0.8646
vn 0.0021 -0.5065 -0.8622
vn -0.8367 0.0686 -0.5433
vn -0.8818 0.1147 -0.4574
vn -0.8818 0.1147 -0.4576
vn -0.0000 0.7842 -0.6205
vn 0.9858 0.0011 -0.1676
vn 0.9851 0.0006 -0.1719
vn -0.0000 0.5888 -0.8083
vn -0.7004 0.2017 -0.6847
vn -0.5332 0.1350 -0.8351
vn -0.0147 0.1915 -0.9814
vn -0.0014 0.2699 -0.9629
vn 0.0020 0.4638 -0.8860
vn -0.1739 0.4567 -0.8725
vn -0.4559 0.2435 -0.8561
vn -0.4561 0.2435 -0.8559
vn -0.1748 0.2241 -0.9588
vn -0.0000 0.2543 -0.9671
vn -0.1562 0.2512 -0.9553
vn 0.9146 0.0625 -0.3995
vn 0.2172 -0.0000 0.9761
vn 0.2173 -0.0000 0.9761
vn 0.6106 -0.0000 0.7920
vn 0.6105 -0.0000 0.7920
vn 0.8887 -0.0000 0.4584
vn 0.8887 -0.0000 0.4585
vn 0.9993 -0.0000 0.0383
vn 0.9993 -0.0000 0.0381
vn 0.9993 -0.0000 0.0384
vn 0.9885 -0.0000 -0.1510
vn 0.9146 0.0626 -0.3995
vn 0.9170 0.1379 -0.3744
vn 0.7143 -0.0295 -0.6993
vn 0.7426 -0.0262 -0.6692
vn 0.0002 -1.0000 -0.0004
vn -0.0001 -1.0000 0.0001
vn -0.0000 -1.0000 0.0001
vn -0.0001 -1.0000 0.0003
vn -0.0000 0.0893 -0.9960
vn 0.8629 0.1479 -0.4833
vn 0.4665 -0.1841 -0.8651
vn 0.4717 -0.1837 -0.8624
vn -0.0017 -0.4208 -0.9071
vn 0.1895 -0.3627 -0.9124
vn -0.0017 -0.4207 -0.9072
vn 0.0068 -0.3447 -0.9387
vn 0.1896 -0.3626 -0.9124
vn 0.1958 -0.3056 -0.9318
vn 0.0478 -0.3108 -0.9493
vn 0.1896 -0.3626 -0.9125
vn 0.0570 -0.4046 -0.9127
vn 0.9799 0.0978 0.1741
vn 0.9848 0.1019 0.1407
vn 0.9534 0.0004 0.3019
vn 0.8629 0.1478 -0.4833
vn 0.0116 -0.3245 -0.9458
vn 0.8379 0.2524 -0.4839
vn 0.8103 0.2007 -0.5507
vn 0.6360 0.0921 -0.7662
vn 0.6664 0.0960 -0.7393
vn 0.1984 0.5596 -0.8047
vn 0.4474 0.5422 -0.7112
vn 0.4129 -0.0469 -0.9096
vn 0.4141 -0.0467 -0.9090
vn 0.1289 -0.1909 -0.9731
vn 0.0888 -0.1889 -0.9780
vn 0.1776 -0.2573 -0.9499
vn -0.0037 -0.2335 -0.9724
vn 0.9446 -0.0001 0.3282
vn 0.9800 0.1086 0.1667
vn 0.7539 0.3131 -0.5776
vn 0.7541 0.3127 -0.5775
vn 0.7547 0.3002 -0.5833
vn 0.5551 0.1941 -0.8088
vn 0.5860 0.1988 -0.7855
vn -0.0036 -0.1115 -0.9938
vn 0.0591 -0.2035 -0.9773
vn 0.1456 -0.1603 -0.9763
vn 0.1987 0.5596 -0.8046
vn 0.0613 0.5528 -0.8311
vn 0.4458 0.5492 -0.7068
vn 0.3150 0.5594 -0.7667
vn 0.7309 0.3012 -0.6124
vn 0.5617 0.5305 -0.6349
vn 0.3121 0.5736 -0.7573
vn 0.6670 0.5035 -0.5491
vn 0.7536 0.4703 -0.4592
vn 0.3581 0.0734 -0.9308
vn 0.3567 0.0731 -0.9314
vn 0.8012 0.4393 -0.4063
vn 0.7838 0.4471 -0.4309
vn 0.1031 -0.0687 -0.9923
vn 0.1110 -0.0674 -0.9915
vn 0.1109 -0.0674 -0.9915
vn 0.9017 0.3573 -0.2433
vn 0.8908 0.3668 -0.2681
vn 0.0169 -0.1205 -0.9926
vn 0.0170 -0.1208 -0.9925
vn 0.9627 0.2608 -0.0716
vn 0.9591 0.2687 -0.0894
vn -0.0817 0.0611 -0.9948
vn 0.9800 0.1085 0.1667
vn 0.9798 0.1093 0.1673
vn 0.6579 0.3696 -0.6562
vn -0.3139 0.2020 -0.9277
vn -0.1301 0.1211 -0.9841
vn 0.9447 -0.0001 0.3281
vn 0.9446 -0.0002 0.3282
vn 0.9448 -0.0002 0.3277
vn 0.9448 -0.0002 0.3276
vn 0.9797 0.1065 0.1699
vn 0.6455 0.3573 -0.6750
vn 0.4760 0.2793 -0.8339
vn 0.5066 0.2848 -0.8138
vn 0.3057 0.1784 -0.9353
vn 0.3025 0.1776 -0.9365
vn -0.0020 -0.0251 -0.9997
vn 0.1198 0.0513 -0.9915
vn 0.0696 0.0407 -0.9967
vn 0.1199 0.0512 -0.9915
vn -0.6093 0.3192 -0.7259
vn -0.4066 0.3583 -0.8404
vn -0.1500 0.0920 -0.9844
vn -0.4600 0.2821 -0.8419
vn -0.6094 0.3190 -0.7258
vn 0.5721 0.4269 -0.7003
vn -0.5550 0.5055 -0.6606
vn -0.6372 0.3908 -0.6642
vn -0.7006 0.4335 -0.5668
vn -0.0020 0.1281 -0.9918
vn 0.0551 0.0106 -0.9984
vn 0.5469 0.4186 -0.7250
vn 0.5756 0.4213 -0.7009
vn 0.4005 0.3515 -0.8462
vn 0.4307 0.3576 -0.8286
vn 0.0162 0.1016 -0.9947
vn 0.1212 0.1700 -0.9780
vn 0.2567 0.2716 -0.9276
vn 0.2525 0.2703 -0.9291
vn -0.7107 0.4529 -0.5383
vn -0.8153 0.4731 -0.3340
vn 0.0458 0.1491 -0.9878
vn -0.8152 0.4731 -0.3340
vn 0.7537 0.4694 -0.4601
vn 0.7536 0.4695 -0.4602
vn 0.7537 0.4694 -0.4600
vn 0.8906 0.3679 -0.2674
vn -0.8380 0.5167 -0.1755
vn -0.8567 0.5033 -0.1133
vn -0.8622 0.5065 -0.0000
vn -0.8777 0.4786 0.0231
vn -0.8876 0.4366 -0.1469
vn 0.9472 -0.0015 0.3206
vn 0.9797 0.1068 0.1698
vn 0.8932 0.3646 -0.2632
vn 0.9587 0.2703 -0.0884
vn 0.8932 0.3646 -0.2633
vn 0.8933 0.3645 -0.2631
vn -0.1202 0.1260 -0.9847
vn 0.3747 0.4295 -0.8217
vn 0.5469 0.4187 -0.7250
vn -0.1579 0.0777 -0.9844
vn 0.9731 0.2279 -0.0335
vn 0.9731 0.2280 -0.0335
vn 0.9785 0.1120 0.1732
vn -0.4841 0.2381 -0.8420
vn -0.4840 0.2381 -0.8420
vn 0.3310 0.4206 -0.8447
vn 0.4893 0.4685 -0.7356
vn -0.7559 0.3719 -0.5388
vn 0.3313 0.4206 -0.8446
vn 0.9759 0.0853 0.2007
vn -0.0020 0.2106 -0.9776
vn 0.1134 0.2832 -0.9523
vn 0.5837 0.5209 -0.6228
vn 0.3633 0.4142 -0.8345
vn -0.7561 0.3719 -0.5385
vn -0.8834 0.4346 -0.1756
vn 0.3800 0.4281 -0.8200
vn 0.2117 0.3559 -0.9102
vn 0.2073 0.3546 -0.9117
vn 0.0210 0.2537 -0.9671
vn 0.1470 0.5678 -0.8099
vn 0.1586 0.5681 -0.8075
vn -0.1915 -0.0000 -0.9815
vn -0.3055 0.0386 -0.9514
vn -0.1768 0.0343 -0.9836
vn -0.5181 0.1581 -0.8406
vn -0.0020 0.3603 -0.9328
vn 0.0441 0.2401 -0.9697
vn -0.5257 0.1391 -0.8392
vn -0.7024 0.1223 -0.7012
vn -0.3879 0.1030 -0.9159
vn 0.4222 0.5000 -0.7562
vn -0.9346 0.3280 -0.1377
vn -0.9279 0.3714 -0.0321
vn -0.8971 0.4413 0.0231
vn -0.8834 0.4345 -0.1756
vn -0.5084 0.1821 -0.8416
vn -0.7877 0.1676 -0.5929
vn -0.7854 0.3046 -0.5388
vn -0.8664 0.2426 -0.4364
vn 0.0152 0.3283 -0.9445
vn 0.0965 0.3723 -0.9231
vn 0.4416 0.5035 -0.7426
vn 0.4198 0.4972 -0.7593
vn 0.3483 0.4844 -0.8025
vn 0.0978 0.7849 -0.6118
vn 0.2373 0.8183 -0.5236
vn 0.1436 0.8039 -0.5772
vn 0.0017 0.8082 -0.5889
vn 0.2372 0.8183 -0.5236
vn -0.7856 0.3047 -0.5385
vn -0.9172 0.3578 -0.1752
vn -0.9170 0.3580 -0.1756
vn 0.3095 0.7880 -0.5322
vn 0.4912 0.7602 -0.4252
vn -0.0210 0.8030 -0.5956
vn 0.4966 0.7579 -0.4230
vn 0.4925 0.7576 -0.4284
vn 0.3237 0.4647 -0.8242
vn 0.1780 0.4164 -0.8916
vn 0.7018 0.6427 -0.3073
vn 0.6943 0.6580 -0.2914
vn 0.6756 0.6620 -0.3246
vn 0.2996 0.4838 -0.8223
vn 0.1184 0.4049 -0.9066
vn -0.0048 0.3492 -0.9371
vn 0.0965 0.3724 -0.9231
vn 0.6945 0.6578 -0.2913
vn -0.0045 0.8804 -0.4742
vn -0.3199 -0.0000 -0.9474
vn 0.3548 0.5975 -0.7191
vn 0.1335 0.8293 -0.5427
vn 0.6944 0.6580 -0.2914
vn 0.0359 0.8153 -0.5780
vn 0.8185 0.5406 -0.1946
vn 0.8447 0.5195 -0.1288
vn 0.1887 0.8661 -0.4629
vn 0.4863 0.8133 -0.3194
vn 0.4720 0.8142 -0.3380
vn -0.6105 0.0558 -0.7901
vn -0.4887 0.0520 -0.8709
vn -0.0000 0.8950 -0.4460
vn 0.0155 0.8670 -0.4981
vn 0.1688 0.9089 -0.3813
vn 0.2728 0.9573 -0.0956
vn 0.4970 0.8020 -0.3314
vn 0.6797 0.7050 -0.2024
vn 0.6627 0.6963 -0.2756
vn -0.0000 0.0732 0.9973
vn 0.0015 0.1717 0.9852
vn 0.2164 0.0861 0.9725
vn 0.2050 0.1832 0.9615
vn 0.2134 0.1839 0.9595
vn 0.6089 0.0735 0.7898
vn 0.6065 0.1152 0.7867
vn 0.6737 0.3532 0.6491
vn 0.4954 0.3561 0.7924
vn 0.8849 0.0932 0.4564
vn 0.8676 0.2167 0.4475
vn 0.8327 0.2219 0.5074
vn 0.9978 0.0536 0.0385
vn 0.9386 0.0588 0.3400
vn 0.9989 0.0269 0.0384
vn 0.9985 0.0512 0.0178
vn 0.9862 0.0019 -0.1658
vn 0.9124 0.4079 -0.0339
vn 0.8672 0.4645 -0.1796
vn -0.0020 0.3367 0.9416
vn 0.2096 0.3915 0.8960
vn 0.9435 0.3276 0.0500
vn -0.0020 0.3369 0.9415
vn 0.2096 0.3918 0.8959
vn 0.4946 0.3629 0.7897
vn 0.2135 0.3611 0.9078
vn 0.5053 0.4046 0.7622
vn -0.0000 0.8753 -0.4835
vn 0.0790 0.9938 -0.0785
vn 0.1623 0.8260 -0.5398
vn 0.0104 0.8370 -0.5471
vn -0.0020 0.3364 0.9417
vn 0.2153 0.3924 0.8942
vn 0.0020 0.5184 0.8551
vn 0.4256 0.7830 -0.4536
vn 0.4117 0.7521 -0.5146
vn 0.0524 0.8830 -0.4664
vn 0.4974 0.8015 -0.3320
vn 0.6855 0.3546 0.6359
vn 0.6772 0.3283 0.6585
vn 0.5096 0.7880 -0.3454
vn 0.5045 0.7987 -0.3280
vn 0.7116 0.6596 -0.2421
vn 0.8232 0.5254 -0.2154
vn 0.8170 0.5750 -0.0431
vn 0.7115 0.6596 -0.2422
vn 0.5096 0.7880 -0.3456
vn 0.7185 0.6487 -0.2511
vn 0.6763 0.7210 -0.1511
vn 0.8248 0.2905 0.4852
vn -0.0035 0.7265 0.6872
vn 0.1569 0.7899 0.5929
vn -0.8726 0.2613 -0.4126
vn -0.9435 0.2971 -0.1469
vn -0.9172 0.3580 -0.1752
vn 0.9486 0.3142 0.0386
vn 0.9632 0.2361 0.1288
vn 0.4979 0.6244 0.6019
vn 0.2332 0.5899 0.7730
vn 0.4850 0.5773 0.6569
vn 0.9544 0.1563 0.2542
vn 0.9583 0.2853 0.0140
vn 0.9498 0.3097 0.0435
vn 0.9499 0.3096 0.0436
vn 0.0039 0.7963 -0.6049
vn 0.4529 0.8472 -0.2776
vn 0.3363 0.8149 -0.4721
vn 0.4265 0.7845 -0.4501
vn -0.0035 0.7266 0.6871
vn 0.2069 0.8038 0.5577
vn 0.4528 0.8473 -0.2775
vn 0.4264 0.7846 -0.4502
vn -0.0028 0.7940 0.6079
vn 0.9309 0.2127 0.2970
vn 0.8330 0.2706 0.4826
vn 0.2238 0.8079 0.5452
vn 0.2193 0.7529 0.6205
vn -0.0060 0.6739 -0.7388
vn 0.6658 0.5202 0.5348
vn 0.6756 0.5465 0.4949
vn 0.6980 0.6652 -0.2651
vn 0.7053 0.6853 -0.1813
vn 0.0043 0.3936 -0.9193
vn 0.0834 0.4287 -0.8996
vn 0.7185 0.6488 -0.2507
vn 0.7184 0.6487 -0.2511
vn 0.4566 0.7884 0.4121
vn 0.2343 0.7552 0.6122
vn 0.8517 0.5228 -0.0347
vn 0.8440 0.5302 -0.0813
vn -0.0000 0.8724 0.4889
vn -0.0058 0.7940 0.6079
vn 0.2102 0.8598 0.4655
vn 0.9722 0.0993 0.2121
vn 0.0155 0.5787 -0.8154
vn 0.0796 0.5835 -0.8082
vn 0.0800 0.5866 -0.8059
vn 0.0042 0.5787 -0.8155
vn -0.0060 0.6740 -0.7387
vn 0.2403 0.5238 -0.8172
vn 0.9970 0.0763 0.0121
vn 0.9970 0.0764 0.0121
vn 0.9960 0.0888 -0.0043
vn 0.9353 0.1993 0.2925
vn 0.7627 0.5610 -0.3219
vn 0.6239 0.6041 -0.4957
vn 0.7601 0.5559 -0.3364
vn -0.9523 0.3025 -0.0413
vn -0.9453 0.2795 -0.1682
vn 0.2355 0.5013 -0.8326
vn 0.2674 0.5114 -0.8166
vn 0.0502 0.5964 -0.8011
vn 0.8114 0.4500 0.3731
vn 0.8828 0.4459 -0.1478
vn 0.9239 0.1644 -0.3456
vn 0.8441 0.4937 0.2091
vn 0.8441 0.4937 0.2092
vn 0.5957 0.6024 0.5313
vn 0.5956 0.6024 0.5313
vn 0.6495 0.6674 0.3644
vn 0.2202 0.8242 0.5217
vn 0.2372 0.8216 0.5184
vn 0.9721 0.0994 0.2123
vn 0.9722 0.0992 0.2121
vn 0.4669 0.7533 0.4633
vn 0.5841 0.7287 0.3576
vn 0.8438 0.4946 -0.2084
vn -0.0065 0.7963 0.6049
vn 0.1839 0.7894 0.5857
vn 0.8025 0.5108 -0.3084
vn 0.8185 0.5458 -0.1792
vn 0.9196 0.3076 -0.2444
vn 0.9122 0.4083 -0.0341
vn 0.0173 0.6627 -0.7487
vn 0.2611 0.4939 -0.8294
vn 0.5794 0.3749 -0.7237
vn 0.6339 0.3542 -0.6875
vn 0.2607 0.4942 -0.8293
vn 0.9457 -0.0676 0.3181
vn 0.9842 0.0032 -0.1771
vn 0.9842 0.0032 -0.1770
vn 0.9199 0.3290 0.2134
vn 0.8231 0.4260 0.3756
vn -0.7836 -0.0000 -0.6213
vn -0.4970 0.0266 -0.8673
vn 0.7689 0.5745 -0.2804
vn 0.7600 0.5560 -0.3365
vn 0.9394 0.3362 0.0663
vn -0.0000 0.4821 -0.8761
vn 0.9394 0.3362 0.0664
vn 0.9437 0.3189 -0.0876
vn 0.9377 0.3047 -0.1669
vn 0.7945 0.5621 0.2299
vn 0.7793 0.6161 -0.1146
vn 0.8747 0.3310 -0.3541
vn 0.7601 0.5560 -0.3365
vn -0.8316 0.0422 -0.5537
vn -0.6105 0.0557 -0.7901
vn -0.0000 0.4820 -0.8762
vn 0.9109 0.4033 -0.0867
vn 0.9509 -0.0103 0.3093
vn 0.9346 0.0296 0.3546
vn 0.9345 0.0298 0.3547
vn -0.7191 0.0669 -0.6916
vn 0.9756 -0.0191 -0.2187
vn 0.9723 0.2328 -0.0214
vn 0.9574 0.1266 0.2595
vn 0.9507 -0.0021 0.3101
vn 0.9507 -0.0022 0.3100
vn 0.9569 0.0014 0.2905
vn 0.9368 0.0258 0.3489
vn 0.9716 0.1117 0.2085
vn 0.9922 0.1227 -0.0197
vn 0.9903 0.1329 -0.0414
vn 0.9255 0.3136 0.2121
vn 0.9922 0.1229 -0.0198
vn -0.8024 0.1191 -0.5848
vn -0.8870 0.1221 -0.4453
vn -0.0016 0.4611 -0.8874
vn -0.0000 0.4675 -0.8840
vn 0.0044 0.4669 -0.8843
vn 0.8632 0.4263 0.2705
vn 0.8597 0.4708 0.1982
vn 0.6425 0.6772 0.3586
vn 0.0129 0.4648 -0.8853
vn 0.2159 0.3792 -0.8998
vn 0.9859 0.1333 -0.1015
vn 0.9848 0.1303 0.1148
vn 0.8771 0.2820 -0.3888
vn 0.8482 0.1668 -0.5027
vn 0.5851 0.3653 -0.7240
vn 0.9506 0.2016 -0.2359
vn 0.9658 0.2514 -0.0631
vn -0.9018 0.1688 -0.3979
vn -0.9480 0.1632 -0.2734
vn 0.9224 0.3380 0.1871
vn -0.0065 0.7962 0.6050
vn 0.1839 0.7894 0.5856
vn 0.9908 0.1288 -0.0416
vn 0.9858 0.1334 -0.1021
vn 0.0029 0.6568 0.7541
vn 0.2127 0.6489 0.7306
vn 0.9865 0.1310 -0.0979
vn 0.9812 0.0112 -0.1929
vn 0.9882 0.1392 -0.0644
vn 0.9859 0.0609 0.1558
vn 0.2127 0.6488 0.7306
vn 0.2241 0.6385 0.7363
vn 0.4964 0.5802 0.6457
vn -0.9453 0.2794 -0.1682
vn -0.9708 0.2296 -0.0692
vn 0.9989 0.0463 0.0034
vn 0.9900 -0.0775 -0.1178
vn 0.9965 -0.0839 0.0030
vn 0.9501 -0.0457 0.3085
vn -0.9523 0.3024 -0.0412
vn 0.2072 0.3974 -0.8939
vn 0.2207 0.3912 -0.8934
vn 0.2207 0.3912 -0.8935
vn 0.4750 0.5952 0.6481
vn 0.6719 0.5126 0.5346
vn -0.0114 0.5184 0.8551
vn 0.0029 0.6567 0.7541
vn 0.5751 0.1676 -0.8007
vn 0.9859 -0.0010 -0.1674
vn 0.9819 0.0004 -0.1896
vn 0.9859 -0.0010 -0.1673
vn 0.9900 -0.0045 -0.1410
vn 0.9900 -0.0045 -0.1409
vn 0.9945 -0.0109 -0.1039
vn 0.5113 0.0212 -0.8591
vn 0.8563 0.4889 0.1668
vn 0.8522 0.5048 0.1379
vn 0.7797 0.5918 0.2044
vn 0.9861 0.1562 -0.0575
vn 0.9855 0.1578 -0.0623
vn 0.9860 0.1562 -0.0575
vn 0.9843 0.1674 -0.0551
vn 0.9658 0.2514 -0.0632
vn 0.9819 0.0004 -0.1894
vn 0.9908 -0.1316 -0.0330
vn 0.9952 -0.0765 0.0613
vn 0.6547 0.5298 0.5392
vn 0.8173 0.4187 0.3959
vn 0.9201 -0.1569 -0.3590
vn 0.9203 -0.1563 -0.3587
vn 0.9692 -0.0283 -0.2446
vn 0.8853 0.1251 -0.4478
vn 0.5115 0.0211 -0.8590
vn 0.7863 -0.1152 -0.6071
vn 0.9691 -0.1948 0.1514
vn -0.0016 0.4700 -0.8827
vn 0.1932 0.3899 -0.9004
vn -0.0016 0.4701 -0.8826
vn 0.0049 0.5685 -0.8226
vn 0.0049 0.5686 -0.8226
vn 0.0262 0.6590 -0.7517
vn -0.0115 0.5371 -0.8435
vn 0.9551 -0.1804 0.2349
vn 0.9621 -0.2107 0.1729
vn 0.9619 -0.2119 0.1727
vn 0.9620 -0.2118 0.1726
vn 0.5814 0.1843 -0.7925
vn 0.5580 0.1994 -0.8056
vn 0.8359 -0.0571 -0.5460
vn 0.9842 0.1682 -0.0557
vn 0.9042 0.4067 0.1308
vn -0.0062 0.4936 0.8697
vn 0.1820 0.4904 0.8523
vn 0.9906 -0.0841 -0.1080
vn 0.9803 0.1805 -0.0800
vn 0.9842 0.1679 -0.0559
vn 0.9896 -0.1258 -0.0695
vn 0.9906 -0.0842 -0.1080
vn 0.9686 -0.2452 -0.0415
vn 0.9700 -0.2419 -0.0228
vn 0.9628 -0.2702 -0.0102
vn 0.9648 -0.1209 -0.2336
vn 0.8046 0.4374 0.4016
vn 0.9218 0.3049 0.2393
vn 0.9622 -0.2712 0.0228
vn 0.9605 -0.2781 -0.0092
vn 0.9605 -0.2781 -0.0091
vn 0.9502 -0.3104 -0.0266
vn -0.9714 0.2369 0.0154
vn -0.9715 0.2050 -0.1190
vn 0.9883 -0.1035 -0.1121
vn 0.9883 -0.1035 -0.1118
vn 0.9654 -0.1563 -0.2089
vn 0.8885 -0.3457 -0.3017
vn 0.8884 -0.3459 -0.3017
vn 0.8066 -0.1267 -0.5774
vn 0.9523 -0.2306 0.2000
vn 0.9546 -0.2936 0.0503
vn 0.9720 -0.1876 0.1415
vn 0.9730 -0.1695 0.1565
vn 0.9719 -0.1877 0.1418
vn 0.9817 -0.0000 -0.1904
vn 0.9829 -0.0003 -0.1843
vn 0.9829 -0.0003 -0.1841
vn 0.2401 0.4035 0.8829
vn 0.4956 0.3678 0.7868
vn 0.8360 -0.0566 -0.5459
vn 0.8356 -0.0562 -0.5464
vn 0.1933 0.3899 -0.9003
vn 0.9817 -0.0000 -0.1903
vn 0.9425 -0.2738 -0.1918
vn 0.9655 -0.0912 0.2438
vn 0.9610 -0.2752 -0.0272
vn 0.9425 -0.2737 -0.1919
vn 0.9719 -0.1878 0.1418
vn 0.4823 0.3770 0.7908
vn 0.6733 0.3252 0.6640
vn 0.9842 0.1678 -0.0559
vn 0.9137 0.3243 0.2450
vn 0.9925 0.1215 0.0099
vn 0.9924 0.1227 0.0057
vn 0.9842 0.1679 -0.0560
vn 0.9425 -0.2762 -0.1882
vn 0.9417 -0.2757 -0.1930
vn 0.9202 -0.3263 -0.2163
vn 0.9202 -0.3264 -0.2163
vn 0.9292 -0.3696 -0.0000
vn 0.9290 -0.3700 -0.0001
vn 0.9286 -0.3710 0.0002
vn 0.9556 -0.2867 0.0685
vn 0.9278 -0.3730 -0.0008
vn 0.9610 -0.2753 -0.0272
vn 0.9283 -0.3719 -0.0005
vn 0.9278 -0.3731 0.0008
vn 0.9609 -0.2754 -0.0272
vn 0.2193 0.4878 -0.8450
vn 0.1983 0.4848 -0.8518
vn 0.9565 -0.2798 0.0826
vn 0.6620 0.3359 0.6700
vn 0.8204 0.2655 0.5064
vn 0.9463 -0.3028 -0.1138
vn 0.9405 -0.2787 -0.1943
vn 0.9201 -0.3265 -0.2163
vn 0.9828 -0.0000 -0.1845
vn 0.9817 -0.0000 -0.1906
vn 0.5821 0.2596 -0.7706
vn 0.0030 0.3066 0.9518
vn 0.1805 0.3046 0.9352
vn 0.8116 0.2778 0.5140
vn 0.9258 0.1928 0.3251
vn 0.9852 -0.0011 -0.1717
vn -0.9893 0.1393 -0.0428
vn -0.9900 0.1280 -0.0597
vn -0.9714 0.2370 0.0154
vn 0.9958 0.0673 0.0624
vn 0.9922 0.1247 0.0080
vn 0.9198 0.2067 0.3336
vn 0.9959 0.0738 0.0524
vn 0.0030 0.3065 0.9518
vn 0.0030 0.3065 0.9519
vn -0.0094 0.1717 0.9851
vn 0.1805 0.3045 0.9352
vn 0.8548 -0.0089 -0.5189
vn 0.5705 0.2828 -0.7711
vn 0.9851 -0.0011 -0.1718
vn -0.8386 0.0070 -0.5447
vn 0.9879 -0.0044 -0.1553
vn -0.9017 0.0530 -0.4291
vn -0.9618 0.0523 -0.2686
vn 0.1805 0.3045 0.9353
vn 0.2326 0.1299 0.9639
vn 0.2086 0.1304 0.9693
vn 0.4920 0.1303 0.8608
vn -0.9639 0.0810 -0.2536
vn 0.2193 0.4878 -0.8449
vn 0.5925 0.0703 0.8025
vn 0.6678 0.0624 0.7418
vn -0.9885 0.1418 -0.0530
vn 0.5896 0.1230 0.7983
vn 0.8189 0.0910 0.5666
vn 0.9865 -0.0108 -0.1632
vn 0.9883 -0.0052 -0.1525
vn 0.9479 -0.2611 -0.1823
vn 0.9484 -0.2614 -0.1795
vn 0.8518 0.0070 -0.5239
vn -0.0000 0.1048 0.9945
vn 0.2093 0.1037 0.9723
vn -0.0000 0.6343 -0.7731
vn 0.0017 0.6651 -0.7468
vn -0.0007 0.6448 -0.7644
vn 0.9256 0.0753 0.3708
vn 0.8722 0.0212 0.4887
vn 0.8722 0.0212 0.4886
vn 0.2220 0.5612 -0.7974
vn 0.1708 0.6146 -0.7701
vn 0.5942 0.3437 -0.7272
vn -0.9872 0.1121 -0.1133
vn 0.9963 0.0161 0.0841
vn 0.9961 0.0134 0.0869
vn 0.9962 0.0133 0.0865
vn 0.9964 0.0649 0.0549
vn 0.9297 -0.3683 -0.0019
vn 0.9358 -0.3526 0.0033
vn 0.9297 -0.3683 -0.0020
vn 0.9903 -0.0000 -0.1392
vn 0.9874 0.0014 -0.1581
vn 0.9874 0.0014 -0.1583
vn 0.9841 0.0045 -0.1775
vn 0.9822 0.0075 -0.1879
vn 0.9841 0.0046 -0.1776
vn 0.9644 -0.0953 0.2465
vn 0.9625 -0.0856 0.2574
vn 0.8696 0.0528 -0.4908
vn 0.5819 0.3673 -0.7257
vn 0.9582 -0.2748 0.0799
vn 0.9595 -0.2671 0.0897
vn 0.9582 -0.2749 0.0799
vn 0.2329 0.5908 -0.7725
vn -0.0007 0.6655 -0.7464
vn 0.2329 0.5907 -0.7725
vn 0.0021 0.7488 -0.6628
vn 0.0099 0.8179 -0.5753
vn 0.0015 0.7506 -0.6608
vn 0.0021 0.7489 -0.6627
vn 0.2104 -0.0000 0.9776
vn 0.2105 -0.0000 0.9776
vn 0.5940 -0.0000 0.8045
vn 0.5940 -0.0000 0.8044
vn 0.5941 -0.0000 0.8044
vn 0.8724 -0.0000 0.4888
vn 0.8724 -0.0000 0.4887
vn 0.9962 -0.0000 0.0869
vn 0.9962 -0.0000 0.0865
vn 0.9963 -0.0000 0.0865
vn 0.9911 -0.0000 -0.1328
vn 0.1859 0.6569 -0.7307
vn 0.6044 0.4285 -0.6716
vn 0.9574 -0.2326 -0.1711
vn 0.9590 -0.2303 -0.1655
vn 0.9590 -0.2302 -0.1654
vn 0.8659 0.0727 -0.4950
vn 0.2349 0.6878 -0.6869
vn 0.9349 -0.3549 -0.0010
vn 0.8830 0.1191 -0.4541
vn 0.5915 0.4515 -0.6681
vn 0.9348 -0.3551 -0.0010
vn 0.2349 0.6877 -0.6869
vn -0.9672 -0.0000 -0.2541
vn 0.9349 -0.3550 -0.0010
vn 0.9591 -0.2240 -0.1732
vn 0.9342 -0.3567 -0.0008
vn -0.9872 0.1123 -0.1134
vn -0.9979 0.0300 -0.0583
vn -0.9978 0.0300 -0.0583
vn 0.1922 0.7293 -0.6566
vn 0.6114 0.5100 -0.6051
vn -0.9902 0.1338 -0.0391
vn 0.9658 -0.0899 0.2432
vn -0.9986 0.0515 0.0104
vn 0.9680 -0.1858 -0.1689
vn 0.9702 -0.1924 -0.1476
vn 0.8782 0.1423 -0.4566
vn 0.2276 0.7714 -0.5942
vn 0.8931 0.1861 -0.4095
vn 0.5983 0.5312 -0.5999
vn -0.0006 0.8191 -0.5736
vn 0.9658 -0.0900 0.2432
vn 0.9452 -0.3265 -0.0078
vn 0.9512 -0.3084 0.0018
vn 0.9513 -0.3083 0.0018
vn 0.9716 -0.2360 0.0189
vn 0.1974 0.7945 -0.5743
vn 0.6148 0.5849 -0.5291
vn 0.0015 0.8780 -0.4787
vn 0.0015 0.8779 -0.4788
vn 0.0015 0.8779 -0.4789
vn 0.0026 0.8862 -0.4633
vn 0.9683 -0.2373 0.0780
vn 0.9516 -0.2816 0.1231
vn -0.0000 -0.1039 0.9946
vn -0.0071 -0.1655 0.9862
vn 0.2097 -0.0819 0.9743
vn 0.1942 -0.1029 0.9755
vn 0.4916 -0.0931 0.8658
vn 0.5940 -0.0032 0.8045
vn 0.6664 0.0019 0.7456
vn 0.5920 -0.0842 0.8015
vn 0.8711 -0.0544 0.4881
vn 0.8717 0.0423 0.4883
vn 0.8126 0.0325 0.5820
vn 0.9962 0.0033 0.0865
vn 0.9256 -0.0575 0.3742
vn 0.9896 0.0029 -0.1437
vn 0.9971 -0.0346 0.0676
vn 0.9770 -0.1622 -0.1383
vn 0.9707 -0.1786 -0.1611
vn 0.8874 0.2114 -0.4098
vn 0.2228 0.8405 -0.4939
vn 0.9744 -0.1456 0.1716
vn -0.9982 -0.0519 -0.0316
vn -0.9994 0.0328 0.0104
vn -0.9983 -0.0577 0.0122
vn -0.9852 -0.1116 -0.1301
vn -0.9981 -0.0521 -0.0320
vn -0.9957 0.0200 -0.0900
vn 0.2240 0.8448 -0.4859
vn 0.2076 0.8444 -0.4938
vn 0.8994 0.2505 -0.3583
vn 0.6018 0.6037 -0.5228
vn 0.6146 0.6506 -0.4460
vn 0.9939 -0.1032 0.0381
vn 0.9965 -0.0503 0.0672
vn 0.9233 -0.1352 0.3594
vn 0.9256 -0.1399 0.3518
vn -0.0000 0.2195 0.9756
vn 0.9939 -0.1033 0.0380
vn 0.8198 -0.1896 0.5404
vn 0.8163 -0.1853 0.5471
vn 0.9452 -0.3263 -0.0078
vn 0.6669 -0.2318 0.7082
vn -0.0000 0.9544 -0.2987
vn -0.0000 0.9543 -0.2987
vn -0.0000 0.9793 0.2023
vn 0.1459 0.9441 -0.2955
vn 0.0624 0.9774 0.2019
vn 0.1162 0.9865 0.1157
vn 0.9536 -0.3009 -0.0033
vn 0.9812 -0.1289 -0.1434
vn 0.6719 -0.2254 0.7055
vn 0.4872 -0.2607 0.8335
vn 0.9716 -0.1541 0.1796
vn 0.3738 0.9202 0.1160
vn 0.3807 0.9191 0.1017
vn 0.0607 0.9883 -0.1397
vn 0.3728 0.9171 -0.1413
vn 0.0580 0.9528 -0.2982
vn 0.1942 -0.1029 0.9756
vn 0.4931 -0.2550 0.8318
vn 0.2048 -0.2816 0.9374
vn 0.3522 0.8425 0.4077
vn 0.1312 0.9226 0.3628
vn 0.4130 0.8530 0.3190
vn -0.0126 -0.1039 0.9945
vn 0.9777 -0.1450 0.1521
vn 0.9743 -0.1449 0.1723
vn 0.3780 0.9130 -0.1533
vn 0.1184 0.9077 -0.4026
vn 0.3448 0.8479 -0.4028
vn -0.0004 0.9179 0.3968
vn 0.0037 0.9447 0.3278
vn -0.0000 0.9116 0.4111
vn 0.1263 0.8985 0.4204
vn -0.0000 0.6893 -0.7245
vn 0.0891 0.6865 -0.7216
vn 0.2076 0.8445 -0.4937
vn 0.4058 0.8307 0.3812
vn 0.1722 0.8784 0.4458
vn 0.0039 -0.3159 0.9488
vn 0.1827 -0.3133 0.9319
vn -0.0007 0.9284 -0.3715
vn 0.2261 0.8962 -0.3818
vn 0.2090 0.8962 -0.3914
vn 0.2899 0.7125 -0.6390
vn 0.0217 0.7748 -0.6318
vn 0.3484 0.8422 -0.4116
vn 0.9852 -0.1213 -0.1214
vn 0.9813 -0.1288 -0.1433
vn 0.8927 0.2760 -0.3562
vn 0.5901 0.8009 0.1018
vn 0.6049 0.7937 0.0650
vn 0.5864 0.7954 -0.1535
vn 0.9018 0.3091 -0.3021
vn 0.6025 0.6663 -0.4393
vn 0.9855 -0.1697 -0.0060
vn 0.9962 -0.0783 0.0385
vn 0.3993 0.8110 0.4276
vn 0.3990 0.8111 0.4276
vn 0.5838 0.7706 0.2558
vn 0.9213 -0.2207 0.3203
vn 0.9243 -0.2253 0.3080
vn 0.5955 0.7819 -0.1845
vn 0.5409 0.7333 -0.4120
vn 0.4060 0.8306 0.3811
vn -0.9828 -0.0635 0.1736
vn 0.0112 0.6892 -0.7244
vn 0.4058 0.8307 0.3811
vn 0.6119 0.7051 -0.3583
vn 0.2922 0.7068 -0.6443
vn 0.0862 0.5599 -0.8240
vn 0.2138 0.5256 -0.8234
vn 0.4538 0.6151 -0.6447
vn 0.5454 0.7168 -0.4345
vn -0.0000 0.6162 0.7876
vn 0.9940 -0.1089 0.0120
vn 0.9885 -0.1490 -0.0250
vn 0.6594 0.6312 0.4082
vn 0.6624 0.6367 0.3947
vn 0.8138 -0.3019 0.4965
vn 0.8190 -0.3063 0.4852
vn 0.2283 0.9138 0.3360
vn -0.0000 0.2508 -0.9680
vn 0.0048 0.2508 -0.9680
vn 0.7642 0.6417 0.0651
vn 0.7796 0.6262 0.0107
vn 0.7526 0.6320 -0.1848
vn 0.4555 0.5992 -0.6584
vn 0.2153 0.5211 -0.8259
vn 0.3345 0.4533 -0.8262
vn 0.7308 0.5594 0.3913
vn 0.7586 0.6096 -0.2300
vn 0.6895 0.5791 -0.4350
vn -0.0008 0.9448 0.3276
vn 0.2283 0.9137 0.3361
vn 0.0866 0.2165 -0.9724
vn 0.0520 0.2125 -0.9758
vn 0.2260 0.8961 -0.3819
vn 0.6593 0.6314 0.4082
vn 0.6889 0.7022 0.1797
vn -0.0008 0.9449 0.3275
vn 0.6638 -0.3764 0.6463
vn 0.9862 -0.1624 -0.0313
vn 0.9802 -0.1735 -0.0957
vn 0.0014 0.9663 -0.2575
vn 0.0093 0.9902 -0.1392
vn 0.0002 0.9710 -0.2391
vn 0.0049 0.9759 0.2184
vn -0.0049 0.9550 0.2965
vn 0.0049 0.9758 0.2184
vn 0.0049 0.9759 0.2183
vn 0.5760 0.4839 -0.6589
vn 0.6888 0.5539 -0.4676
vn 0.2260 0.8962 -0.3818
vn 0.0039 -0.3158 0.9488
vn 0.1827 -0.3135 0.9318
vn -0.0101 -0.5186 0.8550
vn -0.0082 -0.5103 0.8600
vn -0.0101 -0.5186 0.8549
vn -0.9955 -0.0342 -0.0878
vn 0.9209 -0.3011 0.2474
vn 0.9177 -0.2984 0.2624
vn 0.1314 0.1844 -0.9740
vn 0.1507 0.1731 -0.9733
vn 0.3349 0.4411 -0.8326
vn 0.6720 -0.3658 0.6439
vn 0.4841 -0.4234 0.7657
vn 0.9802 -0.1735 -0.0958
vn 0.5721 0.4604 -0.6787
vn 0.4235 0.3560 -0.8330
vn 0.1957 0.9293 0.3133
vn 0.5992 0.7471 0.2876
vn 0.6090 0.7425 0.2789
vn 0.6024 0.7107 0.3633
vn 0.1928 0.9362 -0.2940
vn 0.2334 0.9360 -0.2633
vn 0.2132 -0.4565 0.8638
vn 0.4941 -0.4139 0.7646
vn -0.0000 0.8941 0.4478
vn 0.8677 0.4170 0.2707
vn 0.8673 0.4158 0.2737
vn 0.9537 -0.3008 -0.0033
vn 0.6014 0.7173 -0.3518
vn 0.6078 0.7474 -0.2683
vn 0.8678 0.4168 0.2706
vn 0.8673 0.4159 0.2737
vn 0.9654 -0.2175 -0.1435
vn 0.8884 0.4589 0.0108
vn 0.8981 0.4363 -0.0555
vn 0.8644 0.4469 -0.2302
vn 0.8672 0.4161 0.2737
vn 0.8777 0.4112 0.2462
vn 0.8945 0.3333 -0.2980
vn 0.9009 0.3598 -0.2427
vn 0.8624 0.4188 -0.2844
vn 0.7848 0.4062 -0.4681
vn 0.8677 0.4169 0.2707
vn 0.1685 0.1489 -0.9744
vn 0.1404 0.1614 -0.9769
vn 0.4197 0.3382 -0.8423
vn 0.9732 -0.1924 -0.1262
vn 0.9700 -0.1944 -0.1457
vn 0.2195 0.9498 0.2229
vn 0.6517 0.3376 -0.6792
vn 0.7753 0.3765 -0.5071
vn 0.8098 -0.4075 0.4220
vn 0.8160 -0.4104 0.4071
vn 0.2378 0.9713 -0.0000
vn 0.2398 0.9708 -0.0027
vn 0.9914 -0.0796 -0.1037
vn 0.9894 -0.0800 -0.1208
vn 0.9626 -0.2710 -0.0009
vn 0.9703 -0.1927 -0.1462
vn 0.9711 -0.1916 -0.1423
vn 0.2334 0.9360 -0.2634
vn 0.5965 0.2234 -0.7709
vn 0.5066 0.1990 -0.8389
vn 0.2398 0.9708 -0.0028
vn 0.6564 0.7544 0.0027
vn 0.6611 0.7503 0.0022
vn 0.1772 -0.5150 0.8386
vn -0.0000 0.9837 0.1799
vn -0.0007 0.9845 0.1755
vn 0.0050 0.9947 0.1029
vn 0.9792 -0.1802 -0.0937
vn 0.9746 -0.1834 -0.1285
vn 0.9118 -0.3643 0.1893
vn 0.9251 -0.3626 0.1125
vn 0.6565 0.7543 -0.0052
vn 0.1884 0.1072 -0.9762
vn 0.1796 0.0804 -0.9805
vn 0.2637 0.0499 -0.9633
vn 0.1884 0.1073 -0.9762
vn 0.4751 0.1734 -0.8627
vn 0.2041 0.9553 0.2137
vn 0.5977 0.7776 0.1952
vn 0.6045 0.7738 0.1894
vn 0.6592 -0.5063 0.5560
vn 0.1485 0.9787 -0.1416
vn 0.2356 0.9523 -0.1941
vn 0.5995 0.7560 -0.2628
vn 0.6035 0.7775 -0.1766
vn 0.9792 -0.1801 -0.0936
vn 0.8716 0.4240 0.2460
vn 0.9958 0.0742 -0.0535
vn 0.9752 0.2215 -0.0004
vn 0.9241 0.2550 -0.2846
vn 0.8676 0.4171 0.2706
vn 0.9117 0.2259 -0.3432
vn 0.8305 0.2300 -0.5074
vn 0.8916 0.4073 0.1978
vn 0.8993 0.3965 0.1846
vn 0.8896 0.3578 0.2839
vn 0.2039 0.9532 0.2231
vn 0.2069 0.9727 0.1047
vn 0.9805 -0.1223 0.1536
vn -0.0007 0.9903 -0.1389
vn 0.2372 0.9611 -0.1417
vn 0.6604 0.1878 -0.7270
vn 0.8112 0.2008 -0.5492
vn 0.6611 0.7503 -0.0053
vn 0.8691 0.4946 0.0027
vn 0.9769 -0.1304 0.1692
vn -0.0007 0.9903 -0.1390
vn 0.9217 0.3877 -0.0153
vn -0.0007 0.9947 0.1028
vn 0.2121 0.9708 0.1120
vn 0.2192 0.9701 0.1047
vn 0.0020 1.0000 -0.0013
vn 0.0015 0.9999 -0.0172
vn 0.9807 -0.1749 -0.0878
vn 0.9874 -0.1547 -0.0343
vn 0.6702 -0.4923 0.5554
vn 0.4799 -0.5700 0.6670
vn 0.0030 0.9998 -0.0172
vn -0.0007 0.9947 0.1027
vn 0.8939 0.3803 -0.2373
vn 0.8982 0.4003 -0.1819
vn 0.8666 0.4931 -0.0768
vn 0.9789 0.1517 0.1371
vn 0.9841 0.1755 0.0279
vn 0.8015 -0.5059 0.3188
vn 0.1851 0.9784 -0.0923
vn 0.2315 0.9727 -0.0175
vn 0.1932 0.9811 0.0101
vn 0.5970 0.7957 0.1019
vn 0.6006 0.7934 0.0990
vn 0.2157 -0.6142 0.7591
vn 0.1772 -0.5150 0.8387
vn 0.4935 -0.5574 0.6677
vn 0.5977 0.7829 -0.1725
vn 0.5999 0.7956 -0.0839
vn 0.9190 0.3867 -0.0775
vn 0.9792 0.1855 0.0825
vn 0.9874 -0.1547 -0.0342
vn 0.5977 0.8017 0.0092
vn 0.5980 0.8014 0.0089
vn 0.5971 0.7980 -0.0818
vn 0.9948 -0.0365 -0.0954
vn 0.9948 -0.0364 -0.0953
vn 0.9956 -0.0394 -0.0852
vn 0.9948 -0.0364 -0.0954
vn 0.9732 -0.1923 -0.1263
vn 0.9044 -0.4239 -0.0480
vn 0.9079 -0.4070 0.1003
vn 0.8934 -0.4490 0.0159
vn 0.9626 -0.2709 -0.0009
vn 0.9824 -0.1058 0.1540
vn 0.9864 -0.1097 0.1225
vn 0.9802 -0.1164 0.1603
vn 0.9936 0.0292 -0.1087
vn 0.9841 0.1754 0.0280
vn 0.9841 0.1755 0.0280
vn 0.9368 0.0667 -0.3434
vn 0.9789 0.1518 0.1371
vn 0.8646 -0.0049 -0.5025
vn 0.8358 0.0310 -0.5481
vn 0.6832 0.0502 -0.7285
vn 0.8901 0.4358 0.1339
vn 0.8955 0.4270 0.1251
vn 0.6649 -0.6079 0.4341
vn 0.6545 -0.6067 0.4512
vn 0.8111 -0.4895 0.3203
vn 0.5041 -0.0099 -0.8636
vn 0.4523 -0.1111 -0.8849
vn 0.7082 -0.0607 -0.7034
vn 0.2546 -0.0481 -0.9659
vn 0.2330 -0.0303 -0.9720
vn 0.1869 0.0354 -0.9817
vn 0.8920 0.4162 -0.1762
vn 0.8947 0.4303 -0.1199
vn 0.9980 -0.0242 0.0576
vn 0.7922 -0.5739 0.2077
vn 0.9796 0.1857 -0.0761
vn 0.9932 -0.1151 0.0165
vn 0.9858 -0.1634 -0.0388
vn 0.9708 -0.1938 -0.1417
vn 0.0033 -0.6907 0.7232
vn 0.1762 -0.6851 0.7068
vn 0.9711 -0.2385 -0.0004
vn 0.8152 -0.5616 -0.1414
vn 0.8291 -0.5549 -0.0692
vn 0.4898 -0.6882 0.5352
vn 0.4758 -0.6852 0.5515
vn 0.9932 -0.1149 0.0166
vn 0.8931 -0.4498 0.0089
vn 0.8918 -0.4518 0.0238
vn 0.9851 -0.1251 0.1177
vn 0.9932 -0.0830 -0.0822
vn 0.8892 0.4521 0.0697
vn 0.8921 0.4470 0.0654
vn 0.9997 -0.0244 -0.0000
vn 0.9887 -0.1284 -0.0774
vn 0.8902 0.4409 -0.1150
vn 0.8916 0.4492 -0.0571
vn 0.9972 -0.0089 0.0746
vn 0.9975 -0.0118 0.0691
vn 0.8627 -0.0574 -0.5025
vn 0.6833 -0.1827 -0.7069
vn 0.9671 -0.2414 -0.0803
vn 0.9432 -0.2085 -0.2586
vn 0.9661 -0.0431 -0.2547
vn 0.7807 -0.6186 0.0886
vn 0.8026 -0.5574 0.2122
vn 0.1762 -0.6852 0.7067
vn 0.1762 -0.6850 0.7069
vn 0.2146 -0.7488 0.6271
vn 0.9678 -0.2516 -0.0002
vn 0.0033 -0.6907 0.7231
vn 0.9085 -0.4068 0.0952
vn 0.0033 -0.6906 0.7232
vn 0.8897 0.4565 0.0063
vn 0.8900 0.4560 0.0060
vn -0.0072 -0.8086 0.5883
vn -0.0135 -0.8257 0.5639
vn -0.0135 -0.8258 0.5639
vn 0.6461 -0.6921 0.3218
vn 0.6572 -0.6901 0.3030
vn 0.9976 -0.0024 -0.0688
vn 0.9978 -0.0014 -0.0662
vn 0.8893 0.4541 -0.0544
vn 0.7446 -0.6573 -0.1165
vn 0.7918 -0.6032 0.0960
vn 0.2569 -0.0377 -0.9657
vn 0.9834 -0.1814 -0.0000
vn 0.9644 -0.1417 -0.2232
vn 0.8333 -0.5513 -0.0403
vn 0.7864 -0.6082 0.1081
vn 0.8325 -0.5521 -0.0465
vn 0.9808 -0.1948 0.0008
vn 0.9715 -0.2368 -0.0012
vn 0.2200 -0.0265 -0.9751
vn 0.2580 -0.0331 -0.9656
vn 0.9121 -0.3622 0.1920
vn 0.9173 -0.3837 0.1061
vn 0.6931 -0.1407 -0.7070
vn 0.4687 -0.7830 0.4089
vn 0.4846 -0.7831 0.3897
vn 0.5384 -0.0793 -0.8389
vn 0.7001 -0.1070 -0.7060
vn 0.9931 -0.1165 0.0163
vn 0.9949 -0.0782 0.0630
vn 0.9438 -0.2059 -0.2586
vn 0.6355 -0.7505 0.1812
vn 0.6473 -0.7449 0.1617
vn 0.8237 -0.1317 -0.5516
vn 0.9538 -0.1536 -0.2583
vn 0.9986 0.0173 0.0496
vn 0.9987 0.0157 0.0477
vn -0.9955 -0.0345 -0.0879
vn 0.9870 -0.1592 0.0207
vn 0.9541 -0.1539 -0.2568
vn 0.1744 -0.8189 0.5468
vn 0.9988 0.0221 -0.0438
vn 0.9988 0.0215 -0.0433
vn 0.9977 -0.0069 -0.0673
vn 0.7928 -0.5382 0.2860
vn 0.8065 -0.5426 0.2348
vn -0.9874 -0.1316 -0.0883
vn -0.9896 -0.1367 -0.0447
vn -0.9639 -0.0810 -0.2536
vn -0.9582 -0.0777 -0.2754
vn 0.1744 -0.8189 0.5469
vn 0.2106 -0.8553 0.4735
vn 0.9807 -0.1953 -0.0000
vn 0.9905 -0.1377 0.0035
vn 0.9811 -0.1933 -0.0055
vn 0.9969 -0.0779 0.0100
vn 0.9904 -0.1379 0.0035
vn 0.9150 -0.2607 0.3080
vn 0.9228 -0.2677 0.2773
vn 0.5619 -0.8265 0.0346
vn 0.6064 -0.7945 -0.0334
vn -0.8128 -0.0000 -0.5825
vn -0.9058 -0.0281 -0.4227
vn 0.9812 -0.0964 0.1673
vn 0.9850 -0.0930 0.1456
vn 0.6208 -0.7749 0.1187
vn 0.5810 -0.7809 0.2294
vn 0.4602 -0.8511 0.2526
vn 0.4774 -0.8476 0.2318
vn 0.9991 0.0342 0.0261
vn 0.9991 0.0332 0.0252
vn 0.9991 0.0379 -0.0211
vn 0.9992 0.0355 -0.0196
vn 0.9992 0.0355 -0.0195
vn 0.9811 -0.1932 -0.0055
vn 0.9991 0.0414 0.0033
vn 0.9991 0.0415 0.0024
vn 0.9992 0.0398 0.0032
vn 0.6434 -0.6492 0.4057
vn 0.6628 -0.6690 0.3363
vn 0.1757 -0.9114 0.3720
vn 0.1758 -0.9114 0.3722
vn 0.2070 -0.9298 0.3043
vn 0.8053 -0.3519 0.4772
vn 0.8176 -0.3675 0.4433
vn 0.5522 -0.8334 -0.0216
vn 0.4517 -0.8873 0.0931
vn 0.0026 -0.9215 0.3884
vn 0.9849 -0.0721 0.1571
vn 0.9896 -0.0744 0.1227
vn 0.4709 -0.8291 0.3016
vn 0.5535 -0.8327 -0.0146
vn 0.0026 -0.9214 0.3886
vn 0.9885 -0.1508 0.0097
vn 0.0026 -0.9214 0.3885
vn -0.0000 -0.9665 0.2568
vn -0.0126 -0.9800 0.1985
vn 0.9854 -0.1704 -0.0033
vn 0.9955 -0.0328 0.0888
vn 0.9963 -0.0540 0.0665
vn 0.1689 -0.9685 0.1829
vn 0.2052 -0.9718 0.1158
vn 0.1689 -0.9685 0.1830
vn 0.2051 -0.9719 0.1158
vn 0.4663 -0.7246 0.5075
vn 0.4899 -0.7648 0.4183
vn 0.6554 -0.4245 0.6247
vn 0.6716 -0.4522 0.5869
vn 0.9854 -0.1705 -0.0033
vn 0.2363 -0.9217 0.3075
vn 0.2657 -0.9204 0.2866
vn 0.2438 -0.8983 0.3656
vn 0.9939 -0.0583 0.0934
vn 0.8664 -0.0916 0.4908
vn 0.9227 -0.1792 0.3414
vn 0.2749 -0.7627 0.5855
vn 0.3020 -0.8222 0.4825
vn 0.9901 -0.1404 0.0043
vn 0.4684 -0.4738 0.7458
vn 0.4905 -0.5891 0.6422
vn -0.0000 -0.9891 0.1473
vn -0.0026 -0.9664 0.2569
vn 0.0056 -0.8729 0.4878
vn 0.0009 -0.9727 0.2321
vn -0.0178 -0.9863 0.1641
vn 0.0209 -0.9767 0.2138
vn 0.8527 -0.1992 0.4830
vn 0.8159 -0.1299 0.5635
vn 0.1292 -0.9093 0.3956
vn 0.9901 -0.1403 0.0043
vn 0.0123 -0.5756 0.8176
vn -0.0012 -0.8087 0.5883
vn -0.0026 -0.8699 0.4933
vn -0.0026 -0.8699 0.4932
vn 0.1616 -0.7947 0.5851
vn 0.1291 -0.9095 0.3952
vn 0.9885 -0.1513 -0.0019
vn 0.0321 -0.8827 0.4688
vn 0.9884 -0.1517 -0.0019
vn -0.9882 -0.1529 0.0123
vn -0.9896 -0.1367 -0.0448
vn -0.9743 -0.2234 -0.0286
vn -0.9654 -0.2520 -0.0677
vn -0.9484 -0.2736 -0.1604
vn 0.3023 -0.5752 0.7601
vn 0.1219 -0.6082 0.7844
vn 0.5849 -0.1525 0.7967
vn 0.6677 -0.3074 0.6780
vn 0.9918 -0.1280 0.0007
vn 0.9918 -0.1277 0.0006
vn -0.0013 -0.5716 0.8205
vn -0.0013 -0.5712 0.8208
vn 0.0126 -0.2029 0.9791
vn -0.0012 -0.5102 0.8600
vn 0.0456 -0.9565 0.2882
vn 0.2026 -0.6271 0.7521
vn 0.9923 -0.1236 -0.0002
vn 0.4812 -0.4379 0.7594
vn 0.2198 -0.4146 0.8830
vn 0.5619 -0.3138 0.7654
vn 0.4893 -0.1610 0.8571
vn 0.1725 -0.6208 0.7647
vn 0.2086 -0.2223 0.9524
vn -0.0176 -0.2263 0.9739
vn 0.2088 -0.2538 0.9444
vn -0.0013 -0.2014 0.9795
vn -0.0007 -0.1654 0.9862
vn 0.2127 -0.2228 0.9514
vn 0.9957 -0.0045 0.0930
vn 0.2068 -0.1588 0.9654
vn 0.2142 -0.1589 0.9638
vn -0.0000 -0.2015 0.9795
vn 0.2043 -0.2221 0.9534
vn 0.9892 -0.0527 0.1365
vn 0.2095 -0.0000 0.9778
vn 0.2094 -0.0000 0.9778
vn 0.5918 -0.0000 0.8061
vn 0.8701 -0.0000 0.4929
vn 0.9956 -0.0000 0.0935
vn 0.9956 -0.0000 0.0932
vn 0.9957 -0.0000 0.0930
vn 0.9937 -0.0000 -0.1123
vn 0.9879 -0.0751 -0.1357
vn 0.9882 -0.0495 0.1451
vn 0.9916 -0.0419 0.1226
vn 0.9879 -0.0644 0.1414
vn -0.9724 -0.2015 -0.1179
vn -0.9745 -0.2210 -0.0386
vn -0.9674 -0.2216 -0.1226
vn 0.2194 -0.0322 -0.9751
vn 0.9873 -0.1451 0.0643
vn -0.9480 -0.1632 -0.2734
vn -0.9018 -0.1688 -0.3979
vn 0.5442 -0.0229 -0.8386
vn 0.5441 -0.0230 -0.8387
vn 0.2165 -0.0091 -0.9762
vn 0.1481 0.0025 -0.9890
vn 0.8335 -0.0351 -0.5514
vn 0.9902 -0.0417 -0.1336
vn 0.8334 -0.0351 -0.5515
vn -0.7924 -0.1165 -0.5987
vn -0.8978 -0.0739 -0.4342
vn -0.6916 -0.0491 -0.7206
vn 0.9898 -0.0252 0.1401
vn 0.9891 -0.0351 0.1433
vn 0.9910 -0.0267 0.1313
vn 0.9891 -0.0354 0.1428
vn 0.9996 -0.0268 0.0007
vn 0.9996 -0.0284 0.0006
vn 1.0000 -0.0024 0.0012
vn 0.9998 0.0183 0.0029
vn 0.9966 -0.0829 -0.0002
vn 0.9967 -0.0810 -0.0002
vn 0.9443 -0.0022 -0.3291
vn 0.9961 -0.0867 -0.0178
vn 0.9951 -0.0756 0.0644
vn 0.9945 0.0169 -0.1029
vn 0.9996 -0.0253 0.0149
vn 0.9902 -0.0120 0.1389
vn -0.0000 -0.9659 0.2589
vn -0.9476 -0.2722 -0.1671
vn -0.1331 -0.9911 -0.0000
vn -0.1286 -0.9579 -0.2567
vn -0.1287 -0.9579 -0.2566
vn -0.0024 -0.9808 0.1951
vn -0.1286 -0.9579 0.2566
vn 0.9898 -0.0252 0.1404
vn -0.7650 -0.0862 -0.6383
vn -0.5483 -0.0652 -0.8337
vn -0.7040 -0.0000 -0.7102
vn 0.9899 -0.0117 0.1411
vn 0.9915 -0.0030 0.1299
vn 0.0016 -0.8315 0.5555
vn -0.0024 -0.9659 0.2588
vn -0.1287 -0.9579 0.2566
vn -0.1287 -0.9579 0.2567
vn -0.0945 -0.7039 -0.7039
vn -0.0946 -0.7039 -0.7039
vn -0.0945 -0.7039 0.7039
vn -0.0032 -0.7071 0.7071
vn 0.9940 0.0150 -0.1084
vn -0.3461 -0.9382 -0.0000
vn -0.3344 -0.9064 -0.2579
vn -0.3344 -0.9065 0.2579
vn -0.0000 0.9232 -0.3843
vn -0.2452 -0.6646 -0.7058
vn -0.3344 -0.9064 0.2579
vn -0.2452 -0.6646 0.7058
vn -0.0032 -0.6844 0.7291
vn -0.0946 -0.7039 0.7039
vn -0.0031 -0.7071 0.7071
vn 0.0012 -0.5292 0.8485
vn -0.5023 -0.8647 -0.0000
vn -0.4853 -0.8355 -0.2579
vn -0.4853 -0.8354 0.2579
vn -0.0000 -0.2589 -0.9659
vn -0.0347 -0.2587 -0.9653
vn -0.0348 -0.2587 -0.9653
vn -0.0347 -0.2586 0.9654
vn -0.0024 -0.2588 0.9659
vn -0.3558 -0.6126 -0.7058
vn -0.4853 -0.8355 0.2579
vn -0.3558 -0.6126 0.7058
vn -0.9537 -0.3006 -0.0124
vn -0.9476 -0.2723 -0.1671
vn 0.9910 0.0088 0.1335
vn -0.0000 -0.1951 0.9808
vn -0.0024 -0.2589 0.9659
vn -0.0348 -0.2587 0.9653
vn -0.0347 -0.2587 0.9653
vn -0.8437 -0.2489 -0.4755
vn -0.9442 -0.2977 -0.1409
vn -0.8869 -0.2197 -0.4064
vn -0.0899 -0.2437 -0.9657
vn -0.0899 -0.2437 0.9657
vn 0.9901 0.0083 0.1402
vn 0.9911 -0.0028 0.1333
vn -0.7568 -0.1147 -0.6435
vn -0.6434 -0.1718 -0.7460
vn -0.6435 -0.7655 -0.0000
vn -0.6217 -0.7396 -0.2579
vn -0.6217 -0.7396 0.2579
vn 0.9998 0.0183 0.0016
vn 0.9430 0.0521 -0.3288
vn 0.9994 -0.0024 0.0349
vn 0.8327 0.0460 -0.5517
vn 0.8327 0.0460 -0.5519
vn 0.5433 0.0300 -0.8390
vn 0.5435 0.0300 -0.8389
vn 0.2164 0.0037 -0.9763
vn 0.1758 0.0097 -0.9844
vn 0.9933 0.0169 -0.1147
vn -0.5367 -0.0992 -0.8379
vn -0.1305 -0.2246 -0.9657
vn -0.1305 -0.2246 0.9657
vn -0.4559 -0.5423 -0.7058
vn -0.4558 -0.5423 -0.7058
vn -0.4559 -0.5423 0.7058
vn 0.9628 0.0001 0.2701
vn 0.9912 0.0191 0.1311
vn -0.4644 -0.0443 -0.8845
vn -0.9287 -0.3708 0.0086
vn -0.9175 -0.3533 -0.1825
vn -0.1671 -0.1988 -0.9657
vn -0.1671 -0.1988 0.9657
vn -0.9288 -0.3704 0.0086
vn -0.9177 -0.3530 -0.1824
vn -0.8960 -0.4361 -0.0837
vn -0.8813 -0.4447 -0.1599
vn -0.9287 -0.3706 0.0085
vn 0.2589 0.9659 -0.0000
vn -0.2589 0.9659 -0.0000
vn -0.7655 -0.6435 -0.0000
vn -0.7396 -0.6217 -0.2579
vn -0.7396 -0.6217 0.2579
vn 0.9915 0.0088 0.1298
vn 0.9984 0.0574 -0.0002
vn 0.9910 0.0288 0.1311
vn -0.9208 -0.3452 -0.1817
vn -0.9157 -0.3516 -0.1949
vn 0.9629 0.0001 0.2700
vn 0.9896 0.0176 0.1425
vn -0.5423 -0.4559 -0.7058
vn -0.5423 -0.4558 -0.7058
vn -0.5423 -0.4559 0.7058
vn -0.9183 -0.3447 -0.1948
vn -0.8134 -0.3257 -0.4820
vn -0.5094 -0.2218 -0.8315
vn -0.7897 -0.2636 -0.5540
vn -0.6514 -0.1498 -0.7438
vn -0.1988 -0.1671 -0.9657
vn -0.5423 -0.4558 0.7058
vn -0.1988 -0.1671 0.9657
vn 0.9945 0.0870 0.0589
vn -0.4307 -0.1332 -0.8926
vn -0.3079 -0.0324 -0.9509
vn -0.2001 -0.0288 -0.9793
vn 0.9613 0.0004 0.2756
vn 0.9903 0.0390 0.1336
vn 0.9895 0.0264 0.1421
vn -0.2123 -0.0000 -0.9772
vn 0.9984 0.0540 0.0157
vn 0.9952 0.0983 -0.0017
vn 0.9948 0.1014 -0.0025
vn 0.9949 0.1012 -0.0024
vn 0.9949 0.1012 -0.0025
vn 0.9952 0.0980 -0.0018
vn 0.9958 0.0912 -0.0005
vn 0.9960 0.0892 -0.0002
vn 0.9959 0.0903 -0.0000
vn 0.9955 0.0946 0.0030
vn 0.9955 0.0945 0.0029
vn 0.9955 0.0945 0.0016
vn 0.9951 0.0985 0.0066
vn 0.9951 0.0985 0.0067
vn 0.9672 0.0918 -0.2370
vn -0.8429 -0.5380 -0.0000
vn -0.8143 -0.5197 -0.2586
vn -0.8647 -0.5023 0.0017
vn -0.8354 -0.4853 0.2579
vn -0.8143 -0.5198 -0.2584
vn -0.5963 -0.3807 -0.7068
vn -0.5963 -0.3806 -0.7067
vn -0.8355 -0.4853 0.2579
vn -0.6126 -0.3558 0.7058
vn -0.8757 -0.4419 -0.1948
vn -0.5963 -0.3806 -0.7068
vn -0.2184 -0.1394 -0.9658
vn -0.2184 -0.1394 -0.9659
vn -0.2246 -0.1305 0.9657
vn -0.8756 -0.4419 -0.1948
vn -0.7426 -0.3748 -0.5550
vn 0.9956 0.0934 0.0018
vn 0.9885 0.0458 0.1439
vn -0.8998 -0.4362 -0.0012
vn -0.8419 -0.4109 -0.3497
vn -0.8832 -0.3921 -0.2575
vn -0.8832 -0.3921 -0.2573
vn 0.9934 0.0980 0.0589
vn 0.9955 0.0871 0.0385
vn 0.1879 0.0185 -0.9820
vn -0.6389 -0.3055 -0.7060
vn -0.7647 -0.3041 -0.5681
vn -0.4965 -0.2505 -0.8311
vn -0.6389 -0.3055 -0.7061
vn -0.2194 -0.1377 -0.9659
vn -0.4762 -0.1830 -0.8601
vn -0.1744 -0.0880 -0.9807
vn -0.2473 -0.0887 -0.9649
vn -0.1052 -0.0980 -0.9896
vn 0.9956 0.0933 0.0018
vn 0.9878 0.0439 0.1491
vn 0.9893 0.0369 0.1412
vn -0.9382 -0.3461 -0.0020
vn -0.9600 -0.2800 0.0035
vn -0.9064 -0.3344 0.2579
vn -0.6646 -0.2452 0.7058
vn 0.9955 0.0945 0.0014
vn 0.9950 0.0996 0.0058
vn 0.9661 0.1027 -0.2370
vn 0.9912 0.0941 -0.0929
vn 0.9119 0.0835 -0.4018
vn 0.9120 0.0835 -0.4017
vn 0.8286 0.0932 -0.5520
vn 0.9613 0.0004 0.2755
vn 0.6321 0.0548 -0.7729
vn 0.6324 0.0548 -0.7727
vn 0.5406 0.0608 -0.8391
vn 0.2202 0.0169 -0.9753
vn 0.2199 0.0168 -0.9754
vn 0.1883 0.0138 -0.9820
vn 0.0382 0.0039 -0.9993
vn 0.2199 0.0217 -0.9753
vn 0.9950 0.0982 -0.0170
vn -0.2437 -0.0899 0.9657
vn -0.9492 -0.2784 -0.1469
vn 0.9589 0.0014 0.2839
vn 0.9886 0.0515 0.1418
vn -0.9599 -0.2802 -0.0021
vn -0.9600 -0.2801 -0.0021
vn -0.9911 -0.1331 0.0034
vn -0.9579 -0.1287 0.2567
vn -0.9579 -0.1286 0.2567
vn -0.9492 -0.2785 -0.1469
vn -0.7039 -0.0945 0.7039
vn -0.9579 -0.1287 0.2566
vn -0.8145 -0.1114 -0.5694
vn -0.9709 -0.1244 -0.2048
vn -0.9543 -0.1225 -0.2725
vn -0.5053 -0.0707 -0.8600
vn -0.5104 -0.0692 -0.8572
vn -0.8087 -0.1066 -0.5784
vn -0.2587 -0.0347 0.9653
vn -0.1180 -0.0192 -0.9928
vn -0.1179 -0.0194 -0.9928
vn -0.1286 -0.0161 -0.9916
vn -0.1236 -0.0155 -0.9922
vn 0.0438 0.0034 -0.9990
vn 0.0439 0.0034 -0.9990
vn -0.9956 -0.0941 -0.0000
vn -0.9744 -0.0920 -0.2051
vn 0.9950 0.1002 0.0005
vn 0.9882 0.0536 0.1436
vn -0.8391 -0.5426 0.0382
vn -0.8237 -0.5326 -0.1949
vn -0.8237 -0.5326 -0.1948
vn -0.6985 -0.4517 -0.5550
vn 0.9947 -0.1029 -0.0062
vn 0.9947 -0.1029 -0.0000
vn 0.9925 -0.1102 0.0535
vn 0.9937 -0.1028 0.0452
vn 0.9952 -0.0891 -0.0404
vn 0.9878 0.0526 0.1463
vn 0.9884 0.0512 0.1428
vn 0.9925 -0.1103 0.0534
vn -0.4670 -0.3020 -0.8311
vn 0.9976 -0.0493 -0.0485
vn 0.9964 -0.0428 -0.0726
vn 0.9891 -0.0557 0.1367
vn 0.9947 -0.0616 0.0823
vn 0.9944 0.1056 -0.0000
vn 0.9589 0.0013 0.2839
vn 0.9881 -0.0496 0.1458
vn 0.9906 -0.0462 0.1287
vn 0.9559 -0.0990 0.2765
vn 0.8163 -0.5510 -0.1733
vn 0.9205 -0.3820 -0.0816
vn 0.8631 -0.4970 -0.0894
vn 0.8666 -0.4990 -0.0000
vn 0.8715 -0.4849 0.0730
vn 0.8627 -0.4968 0.0945
vn 0.8663 -0.4290 0.2559
vn 0.8693 -0.4275 0.2482
vn 0.9979 0.0059 -0.0651
vn 0.9658 -0.2144 -0.1462
vn 0.8967 -0.3668 -0.2479
vn 0.9174 -0.3374 -0.2112
vn -0.7949 -0.6050 -0.0458
vn -0.7586 -0.6141 -0.2177
vn -0.1640 -0.1061 -0.9807
vn 0.8593 -0.3319 0.3891
vn 0.9986 -0.0015 -0.0528
vn 0.9906 -0.0463 0.1288
vn 0.9971 -0.0024 -0.0765
vn 0.9979 0.0092 -0.0635
vn 0.9945 0.1044 -0.0000
vn 0.9950 0.0989 0.0096
vn 0.9901 -0.0355 0.1357
vn 0.9689 -0.0133 0.2471
vn 0.9956 0.0896 0.0282
vn 0.6510 -0.7143 -0.2567
vn 0.7345 -0.6563 -0.1726
vn 0.6570 -0.7391 -0.1487
vn 0.5879 -0.8080 -0.0383
vn 0.5883 -0.8086 -0.0000
vn 0.5841 -0.8028 0.1196
vn 0.5813 -0.8040 0.1251
vn 0.8093 -0.5360 -0.2404
vn 0.7289 -0.6037 -0.3229
vn 0.5739 -0.7286 0.3740
vn 0.9630 -0.1835 -0.1975
vn 0.0408 0.0071 -0.9991
vn -0.1237 0.0001 -0.9923
vn 0.9728 -0.0853 0.2152
vn 0.9728 -0.0852 0.2152
vn 0.8405 -0.1570 0.5186
vn 0.8626 -0.3204 0.3915
vn 0.8043 -0.4874 -0.3400
vn 0.8769 -0.4059 -0.2575
vn 0.5761 -0.5759 0.5801
vn 0.5806 -0.7171 0.3855
vn 0.5630 -0.5680 0.6003
vn 0.4116 -0.8858 -0.2145
vn 0.4121 -0.8893 -0.1982
vn 0.2080 -0.9778 -0.0265
vn 0.2080 -0.9778 -0.0264
vn 0.2082 -0.9781 -0.0000
vn 0.2056 -0.9655 0.1600
vn 0.2081 -0.9781 -0.0000
vn 0.2068 -0.9719 0.1128
vn 0.1857 -0.9695 0.1600
vn 0.4991 -0.7984 -0.3369
vn 0.4990 -0.7983 -0.3371
vn 0.5021 -0.8221 -0.2684
vn 0.5943 -0.7426 -0.3086
vn 0.4660 -0.7984 -0.3812
vn -0.9787 0.0017 -0.2052
vn -0.9844 -0.0000 0.1758
vn -0.7423 -0.6398 0.1989
vn -0.7003 -0.6338 0.3284
vn -0.9659 -0.0000 0.2588
vn -0.6669 -0.3323 0.6669
vn -0.8642 -0.0000 0.5031
vn -0.7820 -0.0276 0.6227
vn -0.6916 -0.3546 0.6293
vn -0.7060 0.0553 0.7060
vn -0.3221 -0.4057 0.8554
vn -0.6917 -0.3542 0.6293
vn -0.2577 -0.0931 0.9617
vn -0.5777 0.0750 0.8128
vn -0.1455 -0.0749 0.9865
vn -0.1457 -0.0749 0.9865
vn -0.2586 -0.0429 0.9650
vn -0.1964 -0.0000 0.9805
vn -0.8553 -0.4996 -0.1369
vn -0.8384 0.2660 -0.4757
vn -0.9504 0.2405 -0.1973
vn -0.7939 0.4082 -0.4506
vn -0.7106 -0.4829 -0.5117
vn 0.9734 -0.1409 -0.1809
vn 0.9050 -0.3238 -0.2759
vn 0.8734 -0.3708 -0.3158
vn 0.2213 -0.8614 0.4572
vn 0.2214 -0.8613 0.4574
vn 0.2274 -0.8766 0.4242
vn -0.6780 0.1646 -0.7163
vn -0.5054 0.1663 -0.8467
vn -0.4373 0.0386 -0.8985
vn -0.1195 0.2689 -0.9557
vn -0.5190 -0.4511 -0.7260
vn -0.5191 -0.4512 -0.7259
vn -0.4251 0.0142 -0.9051
vn -0.4249 0.0143 -0.9051
vn -0.1236 0.0208 -0.9921
vn 0.0408 0.0067 -0.9991
vn -0.2749 -0.2460 -0.9295
vn -0.1008 0.0024 -0.9949
vn 0.2031 -0.9540 -0.2206
vn 0.2322 -0.9615 -0.1468
vn 0.9572 0.0028 0.2894
vn 0.9871 0.0448 0.1539
vn 0.3616 -0.8875 -0.2854
vn 0.3617 -0.8876 -0.2853
vn 0.3616 -0.8876 -0.2853
vn 0.0411 0.0042 -0.9991
vn 0.0407 0.0068 -0.9991
vn -0.1007 0.0027 -0.9949
vn -0.1008 0.0026 -0.9949
vn 0.0803 -0.9826 -0.1677
vn 0.0929 -0.9837 -0.1539
vn 0.0942 -0.9824 -0.1615
vn 0.0762 -0.9810 -0.1784
vn 0.0864 -0.9755 -0.2024
vn 0.0832 -0.9810 -0.1751
vn -0.0000 -0.9940 0.1096
vn -0.0162 -0.9998 0.0154
vn 0.9957 -0.0000 -0.0929
vn -0.0035 -0.9721 0.2346
vn 0.0557 -0.8906 0.4513
vn 0.0558 -0.8905 0.4516
vn 0.9657 -0.0193 -0.2588
vn 0.9158 -0.0035 -0.4015
vn 0.9159 -0.0035 -0.4015
vn 0.9157 0.0122 -0.4017
vn 0.9659 -0.0015 -0.2589
vn 0.0802 -0.9826 -0.1678
vn 0.9718 -0.0520 0.2302
vn 0.6356 -0.0214 -0.7717
vn 0.5893 -0.6995 -0.4043
vn 0.6636 -0.6629 -0.3467
vn 0.6353 -0.0059 -0.7723
vn 0.7071 -0.0061 -0.7071
vn 0.6352 -0.0059 -0.7723
vn 0.7070 0.0145 -0.7071
vn 0.2217 -0.0126 -0.9750
vn 0.0958 -0.9767 -0.1923
vn 0.2588 -0.0090 -0.9659
vn 0.2212 -0.0086 -0.9752
vn 0.0320 0.0027 -0.9995
vn 0.2588 -0.0086 -0.9659
vn 0.2211 -0.0000 -0.9753
vn 0.7464 -0.3675 0.5549
vn 0.5692 -0.4675 0.6764
vn 0.3150 -0.2256 0.9219
vn 0.7465 -0.3674 0.5547
vn 0.7464 -0.3676 0.5548
vn 0.0802 -0.9826 -0.1677
vn 0.0958 -0.9767 -0.1921
vn 0.1812 -0.8298 -0.5279
vn 0.2853 -0.8270 -0.4845
vn 0.2810 -0.8301 -0.4817
vn 0.1081 -0.5775 0.8092
vn 0.2432 -0.8556 0.4570
vn 0.2432 -0.8556 0.4569
vn 0.2064 -0.7166 0.6662
vn 0.3411 -0.8280 -0.4451
vn -0.0041 -0.8949 0.4462
vn -0.0343 -0.9659 0.2567
vn -0.0343 -0.9658 0.2571
vn 0.0109 -0.7518 0.6594
vn 0.0522 -0.5890 0.8064
vn -0.0179 -0.8955 0.4447
vn 0.2279 -0.7892 -0.5704
vn 0.3149 -0.9109 -0.2667
vn 0.5251 -0.7774 -0.3464
vn 0.3558 -0.8411 -0.4073
vn 0.5254 -0.7773 -0.3460
vn 0.4995 -0.7744 -0.3883
vn 0.6819 -0.6017 -0.4159
vn 0.6906 -0.6314 -0.3528
vn 0.6818 -0.6018 -0.4159
vn 0.9844 -0.0099 0.1758
vn 0.9698 -0.0232 0.2429
vn 0.4994 -0.7746 -0.3881
vn 0.8323 -0.1528 0.5328
vn 0.7416 -0.1646 0.6503
vn 0.4491 -0.8709 -0.1996
vn 0.1174 -0.9329 -0.3405
vn 0.2288 -0.4828 0.8453
vn 0.3283 -0.5687 0.7542
vn 0.3286 -0.5687 0.7541
vn 0.2363 -0.5435 0.8054
vn 0.1637 -0.5387 -0.8264
vn 0.4491 -0.8709 -0.1997
vn 0.2862 -0.5284 -0.7993
vn 0.2798 -0.5377 -0.7954
vn 0.0104 -0.5963 0.8027
vn 0.4338 -0.5202 -0.7356
vn 0.4276 -0.5284 -0.7334
vn 0.5675 -0.5130 -0.6440
vn 0.5619 -0.5203 -0.6431
vn 0.6929 -0.5118 -0.5079
vn 0.0004 -0.7441 0.6681
vn 0.8228 -0.3863 -0.4168
vn 0.6981 -0.4663 -0.5434
vn 0.8037 -0.4231 -0.4184
vn 0.8037 -0.4230 -0.4185
vn 0.8742 -0.3880 -0.2918
vn 0.9220 -0.3041 -0.2395
vn 0.9219 -0.3043 -0.2398
vn 0.8403 -0.0673 0.5380
vn 0.7304 -0.0880 0.6773
vn 0.8229 -0.3863 -0.4166
vn -0.0093 -0.5996 0.8002
vn 0.0481 -0.5897 0.8062
vn 0.8229 -0.3863 -0.4167
vn 0.7305 -0.0879 0.6772
vn 0.0166 -0.6122 -0.7906
vn 0.2369 -0.4056 -0.8828
vn 0.0096 -0.2904 0.9569
vn 0.0169 -0.2074 0.9781
vn 0.9909 0.1345 -0.0108
vn 0.9284 -0.2868 -0.2363
vn 0.9753 -0.1793 -0.1292
vn 0.5234 -0.2406 0.8174
vn 0.3150 -0.2254 0.9219
vn 0.5349 -0.1249 0.8356
vn 0.3031 -0.1217 0.9452
vn 0.0096 -0.2905 0.9568
vn 0.1743 -0.1298 0.9761
vn 0.3188 -0.2651 0.9100
vn 0.8236 -0.3834 -0.4180
vn 0.8276 -0.3768 -0.4161
vn 0.0286 -0.2072 0.9779
vn 0.0287 -0.2074 0.9778
vn 0.8635 -0.4309 -0.2619
vn 0.8635 -0.4310 -0.2619
vn 0.9251 -0.2957 -0.2383
vn 0.9252 -0.2958 -0.2379
vn 0.2530 -0.2132 -0.9437
vn 0.1681 -0.2129 -0.9625
vn 0.3481 -0.1182 -0.9300
vn 0.3338 -0.1506 -0.9305
vn 0.3482 -0.1180 -0.9299
vn 0.1611 -0.3175 -0.9345
vn -0.0000 -0.2073 0.9783
vn 0.0096 -0.2903 0.9569
vn 0.4442 -0.1524 -0.8829
vn 0.4949 -0.2233 -0.8398
vn 0.5848 -0.0113 -0.8111
vn 0.6599 -0.0775 -0.7473
vn 0.5665 -0.2296 -0.7914
vn 0.5666 -0.2296 -0.7914
vn 0.7474 -0.2027 -0.6327
vn 0.7836 -0.1371 -0.6060
vn 0.8920 -0.1321 -0.4324
vn 0.8792 -0.1712 -0.4446
vn 0.7603 -0.0989 -0.6420
vn 0.8865 -0.1713 -0.4299
vn 0.9678 -0.0476 -0.2471
vn 0.9780 -0.0510 -0.2024
vn 0.9814 -0.0507 -0.1854
vn 0.9781 -0.0465 -0.2028
vn 0.9851 0.0026 -0.1722
vn 0.9792 0.0023 -0.2027
vn 0.9795 0.1509 -0.1333
vn 0.1758 -0.0000 0.9844
vn 0.2587 -0.0272 0.9656
vn 0.5390 0.0202 0.8421
vn 0.5391 0.0202 0.8420
vn 0.7068 -0.0310 0.7068
vn 0.8420 0.0202 0.5391
vn 0.8421 0.0202 0.5390
vn 0.9656 -0.0272 0.2587
vn 0.9844 -0.0000 0.1758
vn 0.1758 -0.0043 -0.9844
vn 0.9990 0.0202 -0.0394
vn 0.2607 -0.0383 -0.9647
vn 0.1752 -0.0336 -0.9840
vn 0.2608 -0.0450 -0.9643
vn 0.3518 -0.0342 -0.9354
vn 0.2608 -0.0416 -0.9645
vn 0.3524 -0.0212 -0.9356
vn 0.2598 -0.0171 -0.9655
vn 0.4520 0.0329 -0.8914
vn 0.7046 0.0629 -0.7068
vn 0.5850 0.0314 -0.8104
vn 0.7066 0.0260 -0.7071
vn 0.5851 0.0175 -0.8108
vn 0.7067 0.0244 -0.7071
vn 0.5841 -0.0352 -0.8109
vn 0.7647 -0.0043 -0.6444
vn 0.7646 0.0224 -0.6441
vn 0.7076 -0.0033 -0.7066
vn 0.7646 0.0317 -0.6438
vn 0.7069 0.0179 -0.7071
vn 0.8978 0.0770 -0.4336
vn 0.7066 0.0284 -0.7071
vn 0.9003 -0.0034 -0.4353
vn 0.9657 0.0225 -0.2587
vn 0.9657 0.0225 -0.2588
vn 0.9792 0.0051 -0.2027
vn 0.9790 0.0213 -0.2026
vn 0.9660 0.0040 -0.2586
vn 0.9784 0.0434 -0.2023
vn 0.9657 0.0203 -0.2587
vn 0.9954 0.0878 -0.0392
vn 0.9946 0.0664 -0.0791
vn 0.9961 0.0879 -0.0000
vn -0.7623 -0.6172 -0.1948
vn 0.9866 0.0496 0.1552
vn -0.6465 -0.5234 -0.5550
vn -0.7623 -0.6172 -0.1949
vn 0.9868 0.0442 0.1560
vn 0.9978 0.0663 0.0002
vn 0.9882 0.0366 0.1486
vn -0.4322 -0.3499 -0.8311
vn 0.9978 0.0666 0.0002
vn 0.9978 0.0661 0.0002
vn 0.9882 0.0365 0.1485
vn -0.1518 -0.1229 -0.9807
vn -0.1521 -0.1232 -0.9807
vn 0.2588 -0.0204 0.9657
vn 0.7060 -0.0556 0.7060
vn 0.9631 -0.0758 0.2581
vn 0.9969 -0.0785 -0.0000
vn 0.9631 -0.0758 -0.2581
vn 0.7060 -0.0556 -0.7060
vn 0.2588 -0.0204 -0.9657
vn 0.9617 -0.1523 -0.2278
vn 0.9573 0.0026 0.2890
vn 0.9869 0.0247 0.1596
vn 0.9997 0.0261 -0.0002
vn 0.9582 0.1232 -0.2580
vn 0.9964 0.0168 -0.0830
vn 0.9582 0.1232 -0.2581
vn 0.9498 0.0999 -0.2965
vn 0.9613 0.0955 -0.2585
vn 0.7077 -0.0054 -0.7065
vn 0.8870 -0.0301 -0.4607
vn 0.7076 -0.0054 -0.7066
vn 0.7056 0.0482 -0.7070
vn 0.7687 0.0162 -0.6394
vn 0.7055 0.0482 -0.7071
vn 0.6240 -0.0116 -0.7814
vn 0.7078 -0.0158 -0.7062
vn 0.7079 -0.0157 -0.7062
vn 0.4578 -0.0826 -0.8852
vn 0.2597 -0.0148 -0.9656
vn 0.2598 -0.0148 -0.9656
vn 0.9998 0.0191 0.0003
vn 0.9888 0.0108 0.1489
vn 0.2702 -0.0124 -0.9627
vn 0.2595 -0.0094 -0.9657
vn 0.1272 -0.0149 -0.9918
vn 0.2619 -0.0798 -0.9618
vn -0.0051 -0.1331 -0.9911
vn -0.0000 -0.0872 -0.9962
vn 0.2524 -0.0606 -0.9657
vn 0.9724 -0.2335 -0.0000
vn -0.7357 -0.6773 0.0012
vn -0.7175 -0.6687 -0.1950
vn 0.2524 -0.0606 0.9657
vn 0.6886 -0.1653 -0.7060
vn 0.6886 -0.1653 0.7060
vn -0.7176 -0.6686 -0.1951
vn -0.6891 -0.7051 -0.1675
vn -0.6846 -0.7023 -0.1949
vn -0.5748 -0.6018 -0.5545
vn 0.9394 -0.2255 -0.2581
vn 0.9394 -0.2255 0.2581
vn 0.9724 -0.2334 -0.0000
vn 0.9998 0.0190 0.0005
vn 0.9997 0.0261 0.0001
vn 0.9889 0.0108 0.1480
vn 0.9883 0.0265 0.1502
vn 0.9573 0.0025 0.2889
vn -0.7360 -0.6770 0.0012
vn -0.7036 -0.7104 -0.0160
vn -0.7095 -0.7047 -0.0047
vn 0.9586 -0.0003 0.2847
vn 0.9871 -0.0022 0.1603
vn -0.6813 -0.7101 -0.1776
vn -0.3696 -0.4181 -0.8298
vn -0.5725 -0.6546 -0.4937
vn 0.9947 -0.0395 -0.0949
vn 0.9581 -0.0853 -0.2735
vn 0.9611 -0.0896 -0.2613
vn 0.8877 -0.1419 -0.4380
vn 0.8836 -0.1387 -0.4473
vn 0.9995 -0.0302 -0.0005
vn 0.9961 -0.0529 -0.0709
vn 0.7758 -0.1901 -0.6017
vn 0.7714 -0.1877 -0.6080
vn -0.1129 -0.1658 -0.9797
vn -0.3786 -0.5234 -0.7633
vn -0.1129 -0.1657 -0.9797
vn 0.9991 -0.0414 0.0006
vn 0.9883 -0.0242 0.1504
vn 0.6302 -0.2284 -0.7421
vn 0.2398 -0.0993 -0.9657
vn 0.8676 -0.4421 -0.2277
vn 0.0747 -0.2549 -0.9641
vn 0.0022 -0.2556 -0.9668
vn 0.2398 -0.0993 0.9657
vn 0.4599 -0.2603 -0.8490
vn 0.6264 -0.2317 -0.7443
vn -0.7078 -0.7062 -0.0206
vn -0.6813 -0.7102 -0.1776
vn -0.4825 -0.7386 -0.4708
vn -0.6307 -0.7472 -0.2095
vn -0.6463 -0.7470 -0.1559
vn 0.2768 -0.2808 -0.9190
vn 0.4574 -0.2620 -0.8498
vn 0.6543 -0.2710 -0.7060
vn 0.2759 -0.2814 -0.9191
vn 0.1339 -0.2891 -0.9479
vn 0.0748 -0.2550 -0.9640
vn 0.0747 -0.2550 -0.9641
vn 0.6543 -0.2710 0.7060
vn 0.0022 -0.2557 -0.9667
vn 0.9889 -0.0023 0.1483
vn -0.6713 -0.7411 0.0089
vn -0.6110 -0.7658 -0.2005
vn 0.9961 -0.0530 -0.0709
vn 0.9951 -0.0988 0.0037
vn 0.9991 -0.0414 -0.0006
vn 0.9888 -0.0246 0.1469
vn 0.8926 -0.3697 -0.2581
vn 0.8926 -0.3697 0.2581
vn -0.4602 -0.6849 -0.5650
vn -0.4602 -0.6849 -0.5649
vn -0.2744 -0.6204 -0.7348
vn 0.9605 -0.0063 0.2784
vn 0.9809 -0.0588 0.1855
vn 0.9895 -0.0403 0.1388
vn 0.9810 -0.0580 0.1854
vn 0.8926 -0.3698 0.2580
vn -0.1359 -0.3590 -0.9234
vn 0.9721 -0.2006 -0.1215
vn 0.9550 -0.1845 -0.2323
vn -0.6066 -0.7938 -0.0442
vn -0.1358 -0.3591 -0.9234
vn -0.2184 -0.5136 -0.8298
vn -0.0429 -0.2556 -0.9658
vn 0.0022 -0.4092 -0.9124
vn -0.0000 -0.4120 -0.9112
vn 0.8797 -0.2651 -0.3947
vn 0.8728 -0.2623 -0.4116
vn 0.9732 -0.1783 -0.1451
vn -0.4161 -0.9011 -0.1222
vn -0.6140 -0.7882 -0.0418
vn -0.0000 -0.0687 0.9976
vn -0.0110 -0.1758 0.9844
vn 0.2091 -0.0679 0.9755
vn 0.2210 -0.0888 0.9712
vn 0.2084 -0.0890 0.9740
vn 0.5918 -0.0166 0.8059
vn 0.4915 -0.0958 0.8656
vn 0.5894 -0.0901 0.8028
vn 0.6668 -0.0115 0.7452
vn 0.8688 -0.0545 0.4921
vn 0.8698 0.0262 0.4927
vn 0.8132 0.0177 0.5818
vn 0.9956 0.0028 0.0932
vn 0.9252 -0.0589 0.3749
vn 0.9962 0.0034 0.0872
vn 0.9944 -0.0504 0.0929
vn 0.9931 -0.1174 -0.0006
vn 0.9949 -0.1007 -0.0006
vn 0.9732 -0.1784 -0.1450
vn 0.9919 -0.1246 -0.0244
vn 0.9756 -0.2191 0.0143
vn 0.9712 -0.2374 0.0208
vn 0.9712 -0.2373 0.0208
vn 0.9764 -0.2155 0.0148
vn 0.9857 -0.1682 0.0057
vn 0.9857 -0.1683 0.0057
vn 0.9949 -0.1010 -0.0006
vn 0.2213 -0.1356 -0.9657
vn 0.8527 -0.5225 -0.0000
vn 0.7669 -0.3377 -0.5458
vn 0.7604 -0.3356 -0.5560
vn 0.2213 -0.1356 0.9657
vn 0.9947 -0.0022 -0.1032
vn 0.9969 -0.0435 0.0653
vn 0.9677 -0.2248 -0.1136
vn 0.9609 -0.2014 -0.1898
vn -0.5252 -0.8354 -0.1621
vn -0.3539 -0.7786 -0.5182
vn -0.4135 -0.8955 -0.1646
vn -0.4697 -0.8733 -0.1289
vn -0.4868 -0.8648 -0.1229
vn -0.5269 -0.8349 -0.1593
vn -0.5321 -0.8305 -0.1651
vn -0.1442 -0.9444 -0.2954
vn -0.1687 -0.9470 -0.2734
vn 0.9605 -0.0063 0.2783
vn 0.9895 -0.0400 0.1387
vn 0.0545 -0.4176 -0.9070
vn -0.0068 -0.4172 -0.9088
vn -0.3076 -0.8123 -0.4955
vn -0.3714 -0.8361 -0.4036
vn 0.6216 -0.3947 -0.6767
vn 0.6038 -0.3700 -0.7061
vn 0.6038 -0.3700 -0.7060
vn 0.9623 -0.0147 0.2718
vn 0.9866 -0.0712 0.1469
vn 0.9849 -0.0760 0.1553
vn -0.4131 -0.8852 -0.2142
vn 0.6038 -0.3700 0.7060
vn -0.0000 -0.9340 -0.3572
vn -0.0002 -0.9338 -0.3578
vn -0.2752 -0.7435 -0.6095
vn -0.0800 -0.6333 -0.7697
vn 0.6172 -0.3985 -0.6784
vn 0.4521 -0.4399 -0.7760
vn 0.8238 -0.5048 -0.2580
vn 0.8238 -0.5048 0.2580
vn 0.9919 -0.1245 -0.0244
vn -0.1613 -0.7186 -0.6764
vn -0.0507 -0.6554 -0.7535
vn 0.8526 -0.5225 -0.0000
vn 0.4516 -0.4402 -0.7761
vn 0.2703 -0.4666 -0.8422
vn 0.0545 -0.4177 -0.9070
vn -0.0068 -0.4173 -0.9088
vn 0.1932 -0.5049 -0.8413
vn 0.9961 -0.0570 0.0671
vn 0.9228 -0.1412 0.3584
vn 0.9223 -0.1403 0.3601
vn -0.4710 -0.8704 -0.1434
vn -0.4132 -0.8851 -0.2142
vn -0.4131 -0.8851 -0.2142
vn -0.4389 -0.8979 -0.0340
vn -0.3358 -0.8593 -0.3858
vn -0.0011 -0.2361 0.9717
vn 0.1818 -0.2342 0.9550
vn 0.8158 -0.1935 0.5451
vn 0.8159 -0.1936 0.5448
vn -0.3338 -0.8778 -0.3435
vn -0.1934 -0.8181 -0.5416
vn -0.1695 -0.8131 -0.5569
vn 0.9947 -0.0023 -0.1029
vn 0.9964 -0.0452 0.0719
vn 0.8632 -0.3791 -0.3335
vn 0.8530 -0.3792 -0.3586
vn 0.6669 -0.2381 0.7061
vn 0.9501 -0.3007 -0.0833
vn 0.9429 -0.2938 -0.1572
vn -0.1728 -0.9437 -0.2822
vn -0.1656 -0.9494 -0.2668
vn -0.3124 -0.9322 -0.1828
vn -0.3125 -0.9322 -0.1827
vn 0.4872 -0.2702 0.8304
vn 0.6682 -0.2366 0.7054
vn -0.1877 -0.9449 -0.2680
vn -0.1164 -0.7629 -0.6360
vn 0.0404 -0.6792 -0.7328
vn 0.1974 -0.1686 -0.9657
vn 0.7604 -0.6495 -0.0000
vn 0.6885 -0.6885 -0.2278
vn 0.1818 -0.2341 0.9551
vn 0.2175 -0.2928 0.9311
vn 0.4902 -0.2676 0.8295
vn -0.0012 -0.2360 0.9718
vn 0.1974 -0.1686 0.9657
vn 0.9778 -0.2094 -0.0052
vn 0.9803 -0.1247 0.1529
vn 0.9933 -0.0955 0.0651
vn 0.9918 -0.1193 0.0455
vn 0.9940 0.0125 -0.1087
vn -0.2177 -0.9345 -0.2815
vn 0.9628 -0.0184 0.2696
vn 0.9809 -0.1221 0.1512
vn 0.9628 -0.0192 0.2694
vn 0.9809 -0.1226 0.1513
vn 0.7492 -0.4711 -0.4656
vn 0.7402 -0.4706 -0.4802
vn -0.1803 -0.9112 -0.3705
vn -0.2251 -0.9266 -0.3012
vn 0.0286 -0.8088 -0.5874
vn -0.1226 -0.8549 -0.5041
vn 0.9184 -0.2270 0.3241
vn 0.9177 -0.2262 0.3266
vn 0.5385 -0.4599 -0.7061
vn -0.1858 -0.9315 -0.3128
vn -0.1200 -0.9196 -0.3741
vn 0.5385 -0.4599 0.7060
vn -0.0367 -0.8043 -0.5931
vn -0.0368 -0.8043 -0.5931
vn 0.1605 -0.5682 -0.8070
vn 0.0032 -0.5709 -0.8210
vn 0.6053 -0.5429 -0.5821
vn 0.8105 -0.3116 0.4959
vn 0.8107 -0.3118 0.4955
vn 0.9915 -0.1219 0.0448
vn 0.9917 -0.1202 0.0465
vn 0.7347 -0.6274 -0.2581
vn 0.7347 -0.6274 -0.2580
vn 0.7347 -0.6274 0.2580
vn 0.9428 -0.2938 -0.1573
vn 0.9778 -0.2093 -0.0052
vn 0.9787 -0.1148 0.1704
vn 0.9776 -0.1545 0.1427
vn 0.9288 -0.3664 -0.0556
vn 0.9205 -0.3700 -0.1253
vn 0.7604 -0.6494 -0.0000
vn 0.7347 -0.6274 0.2581
vn 0.4383 -0.5991 -0.6701
vn 0.5995 -0.5479 -0.5834
vn 0.6614 -0.3838 0.6443
vn 0.0009 -0.4198 0.9076
vn 0.1822 -0.4161 0.8909
vn 0.0009 -0.4196 0.9077
vn 0.1823 -0.4159 0.8910
vn 0.8417 -0.4662 -0.2725
vn -0.0242 -0.5876 0.8088
vn -0.0077 -0.5391 0.8422
vn -0.0242 -0.5875 0.8089
vn 0.0009 -0.4197 0.9076
vn 0.1686 -0.1974 -0.9657
vn 0.6495 -0.7604 -0.0000
vn 0.1605 -0.5682 -0.8071
vn 0.1605 -0.5683 -0.8070
vn 0.2056 -0.6364 -0.7435
vn 0.4391 -0.5986 -0.6700
vn 0.4824 -0.4361 0.7597
vn 0.6637 -0.3812 0.6436
vn 0.0033 -0.5626 -0.8267
vn 0.9881 -0.1507 0.0323
vn 0.9855 -0.1693 0.0051
vn 0.9125 -0.3018 0.2761
vn 0.9118 -0.3015 0.2789
vn 0.0035 -0.5710 -0.8210
vn -0.0469 -0.9088 -0.4146
vn 0.1686 -0.1974 0.9657
vn 0.9628 -0.0183 0.2696
vn 0.9742 -0.1270 0.1867
vn 0.9828 -0.1371 0.1238
vn 0.1823 -0.4160 0.8909
vn 0.2171 -0.4734 0.8537
vn 0.4871 -0.4320 0.7590
vn 0.9861 -0.1660 0.0035
vn 0.9865 -0.1634 0.0098
vn 0.0035 -0.5709 -0.8210
vn -0.0094 -0.7034 -0.7107
vn -0.0106 -0.7071 -0.7071
vn 0.9699 -0.1287 0.2067
vn 0.9699 -0.1287 0.2066
vn 0.9628 -0.0179 0.2696
vn 0.9597 -0.2811 -0.0000
vn 0.9732 -0.1680 0.1573
vn 0.9109 -0.4115 -0.0299
vn 0.9017 -0.4246 -0.0810
vn 0.8036 -0.4150 0.4266
vn 0.8040 -0.4151 0.4257
vn 0.7259 -0.5759 -0.3759
vn 0.8252 -0.4917 -0.2779
vn 0.9822 -0.1853 -0.0313
vn 0.9839 -0.1783 -0.0084
vn 0.4599 -0.5385 -0.7060
vn 0.4599 -0.5385 -0.7061
vn 0.9533 -0.2570 -0.1584
vn 0.9902 -0.1394 -0.0069
vn 0.9655 -0.2581 0.0356
vn 0.9687 -0.2328 0.0862
vn 0.9745 -0.2071 0.0867
vn 0.9679 -0.2328 0.0953
vn 0.9745 -0.2071 0.0868
vn 0.9663 -0.1634 0.1987
vn 0.9470 -0.2555 0.1948
vn 0.9530 -0.2553 0.1629
vn 0.8577 -0.2546 0.4467
vn 0.8576 -0.2547 0.4468
vn 0.9570 -0.1114 0.2680
vn 0.9534 -0.2045 0.2218
vn 0.9662 -0.1351 0.2194
vn 0.4599 -0.5385 0.7060
vn 0.9539 -0.2919 -0.0699
vn 0.9325 -0.2568 0.2541
vn 0.9062 -0.3621 0.2184
vn 0.6546 -0.5118 0.5564
vn 0.9017 -0.4247 -0.0809
vn 0.6274 -0.7347 -0.2580
vn 0.6274 -0.7347 -0.2581
vn 0.8713 -0.4895 -0.0342
vn 0.8912 -0.4516 0.0423
vn 0.9327 -0.3599 0.0229
vn 0.9163 -0.1989 0.3476
vn 0.6274 -0.7347 0.2581
vn 0.7126 -0.5908 -0.3784
vn 0.5760 -0.6684 -0.4705
vn 0.5822 -0.6680 -0.4634
vn 0.1571 -0.7007 -0.6960
vn 0.1356 -0.2213 -0.9657
vn 0.5225 -0.8527 -0.0000
vn 0.4421 -0.8676 -0.2277
vn 0.8145 -0.5451 -0.1986
vn 0.1767 -0.5826 0.7933
vn 0.6494 -0.7604 -0.0000
vn 0.8718 -0.4898 -0.0000
vn 0.9128 -0.4081 -0.0133
vn 0.4766 -0.5824 0.6585
vn 0.6576 -0.5082 0.5561
vn 0.1356 -0.2213 0.9657
vn 0.7960 -0.5007 0.3400
vn 0.9054 -0.3642 0.2182
vn 0.8999 -0.4091 0.1510
vn 0.4215 -0.7293 -0.5390
vn 0.4205 -0.7293 -0.5398
vn 0.8543 -0.4613 0.2395
vn 0.8650 -0.4968 -0.0702
vn 0.8951 -0.4418 0.0601
vn 0.9018 -0.4123 0.1298
vn 0.4827 -0.5771 0.6587
vn 0.1767 -0.5827 0.7933
vn 0.2145 -0.6337 0.7433
vn 0.8941 -0.3262 0.3069
vn 0.1951 -0.7732 -0.6034
vn 0.3700 -0.6038 -0.7060
vn 0.3700 -0.6038 -0.7061
vn 0.7396 -0.6431 -0.1987
vn 0.6967 -0.6667 -0.2649
vn 0.3700 -0.6038 0.7060
vn 0.8433 -0.5266 0.1074
vn 0.8689 -0.4908 -0.0641
vn 0.8995 -0.4101 0.1507
vn 0.6509 -0.6151 0.4451
vn 0.7968 -0.4994 0.3401
vn 0.6477 -0.6151 0.4495
vn 0.0993 -0.2398 -0.9657
vn 0.7205 -0.6748 -0.1598
vn 0.7313 -0.6687 -0.1345
vn 0.7887 -0.5654 0.2416
vn 0.9533 -0.2571 -0.1584
vn 0.8209 -0.5616 -0.1041
vn 0.6866 -0.6748 0.2707
vn 0.0993 -0.2398 0.9657
vn 0.9654 -0.2582 0.0356
vn 0.8939 -0.3262 0.3073
vn 0.8718 -0.4899 -0.0090
vn 0.8658 -0.5003 -0.0079
vn 0.9054 -0.3689 0.2100
vn 0.8941 -0.3262 0.3070
vn 0.8300 -0.5518 0.0817
vn 0.8343 -0.5512 -0.0089
vn 0.8299 -0.5519 0.0817
vn 0.8220 -0.5519 0.1405
vn 0.6196 -0.7321 0.2829
vn 0.6199 -0.7320 0.2828
vn 0.7845 -0.5810 0.2168
vn 0.8129 -0.5521 0.1857
vn 0.5048 -0.8238 -0.2580
vn 0.7988 -0.6016 0.0024
vn 0.5048 -0.8238 0.2580
vn 0.5509 -0.7611 -0.3424
vn 0.5575 -0.7594 -0.3354
vn 0.4713 -0.7004 0.5360
vn 0.4774 -0.7010 0.5299
vn 0.1540 -0.8088 -0.5675
vn 0.0032 -0.8135 -0.5815
vn 0.5225 -0.8526 -0.0000
vn 0.0031 -0.7396 0.6731
vn 0.1747 -0.7315 0.6590
vn 0.8429 -0.5073 0.1793
vn 0.8712 -0.4895 0.0364
vn 0.7176 -0.6909 -0.0872
vn 0.0606 -0.2524 -0.9657
vn 0.2335 -0.9724 -0.0000
vn 0.1523 -0.9617 -0.2278
vn 0.7828 -0.6072 0.1364
vn 0.7900 -0.5633 0.2422
vn 0.1747 -0.7316 0.6590
vn 0.2110 -0.7679 0.6048
vn 0.1746 -0.7314 0.6593
vn 0.1746 -0.7314 0.6592
vn 0.2710 -0.6543 -0.7060
vn 0.6410 -0.6954 0.3250
vn 0.6444 -0.6944 0.3204
vn 0.7530 -0.6546 -0.0671
vn 0.7459 -0.6413 0.1801
vn 0.4021 -0.8269 -0.3931
vn 0.4014 -0.8270 -0.3937
vn 0.0031 -0.7390 0.6736
vn 0.0031 -0.7390 0.6737
vn 0.0031 -0.7396 0.6730
vn -0.0112 -0.8422 0.5391
vn -0.0192 -0.8583 0.5127
vn -0.0192 -0.8584 0.5127
vn 0.2710 -0.6543 0.7060
vn 0.0606 -0.2524 0.9657
vn 0.8008 -0.5988 0.0077
vn 0.6864 -0.7225 -0.0831
vn 0.7025 -0.6730 0.2316
vn 0.8007 -0.5990 0.0079
vn 0.7077 -0.7055 0.0386
vn 0.0204 -0.2588 -0.9657
vn 0.0785 -0.9969 -0.0000
vn 0.1540 -0.8089 -0.5675
vn 0.0032 -0.8136 -0.5814
vn 0.0033 -0.8135 -0.5815
vn -0.0090 -0.9024 -0.4307
vn -0.0101 -0.9048 -0.4258
vn 0.1809 -0.8773 -0.4445
vn 0.5884 -0.8086 0.0023
vn 0.7885 -0.6145 -0.0248
vn 0.5883 -0.8084 0.0214
vn 0.4723 -0.7928 0.3853
vn 0.4660 -0.7935 0.3915
vn 0.0204 -0.2588 0.9657
vn 0.5361 -0.8187 -0.2055
vn 0.3697 -0.8926 -0.2581
vn 0.3698 -0.8926 -0.2581
vn 0.3697 -0.8926 0.2580
vn 0.6349 -0.7499 0.1859
vn 0.7883 -0.6147 -0.0248
vn 0.6290 -0.7773 -0.0087
vn 0.1653 -0.6886 -0.7060
vn 0.3698 -0.8926 0.2581
vn 0.1653 -0.6886 0.7060
vn 0.1488 -0.8961 -0.4183
vn 0.1744 -0.8483 0.5000
vn 0.1744 -0.8482 0.5001
vn 0.2087 -0.8713 0.4442
vn 0.6191 -0.7515 0.2279
vn 0.7027 -0.7059 -0.0892
vn 0.7027 -0.7058 -0.0892
vn 0.5537 -0.8242 0.1185
vn 0.5549 -0.8199 0.1405
vn 0.7061 -0.7071 -0.0378
vn 0.5427 -0.8392 0.0362
vn 0.6188 -0.7517 0.2281
vn 0.4585 -0.8692 -0.1849
vn 0.3852 -0.8914 -0.2390
vn 0.6133 -0.7777 0.1380
vn 0.6190 -0.7516 0.2280
vn 0.5416 -0.8390 0.0533
vn 0.5364 -0.8390 0.0917
vn 0.5363 -0.8390 0.0917
vn 0.5415 -0.8390 0.0533
vn 0.5337 -0.8391 0.1050
vn 0.3946 -0.9016 0.1772
vn 0.3944 -0.9017 0.1773
vn 0.0556 -0.7060 -0.7060
vn 0.0555 -0.7060 -0.7060
vn 0.4535 -0.8851 -0.1044
vn 0.5882 -0.8084 0.0214
vn 0.4617 -0.8559 0.2330
vn 0.5883 -0.8086 -0.0100
vn 0.0556 -0.7060 0.7060
vn 0.2255 -0.9394 -0.2581
vn 0.4876 -0.8674 0.0994
vn 0.4909 -0.8601 0.1387
vn 0.4908 -0.8601 0.1387
vn 0.4216 -0.8980 -0.1254
vn 0.2255 -0.9394 0.2581
vn 0.1702 -0.9471 -0.2721
vn 0.1488 -0.8960 -0.4183
vn -0.0107 -0.9024 -0.4308
vn 0.2334 -0.9724 -0.0000
vn 0.4390 -0.8985 0.0020
vn 0.1690 -0.9344 0.3137
vn 0.1690 -0.9343 0.3138
vn 0.2008 -0.9422 0.2682
vn 0.1690 -0.9343 0.3139
vn 0.0044 -0.9465 0.3226
vn 0.1452 -0.9570 -0.2510
vn 0.0039 -0.9659 -0.2590
vn 0.4041 -0.8720 0.2761
vn 0.0758 -0.9631 -0.2581
vn 0.0044 -0.9466 0.3225
vn 0.0758 -0.9631 0.2581
vn 0.2589 -0.9659 -0.0046
vn 0.2601 -0.9652 0.0278
vn -0.0181 -0.9939 0.1091
vn -0.0101 -0.9844 0.1758
vn 0.1451 -0.9570 -0.2511
vn 0.1451 -0.9571 -0.2509
vn 0.1667 -0.9846 -0.0534
vn 0.1976 -0.9789 -0.0520
vn 0.1751 -0.9791 0.1031
vn 0.1751 -0.9791 0.1032
vn 0.2588 -0.9659 -0.0045
vn 0.2588 -0.9659 -0.0046
vn 0.0039 -0.9659 -0.2589
vn 0.1978 -0.9802 -0.0039
vn 0.2600 -0.9652 0.0278
vn 0.2588 -0.9659 -0.0055
vn 0.2229 -0.9745 0.0274
vn 0.4043 -0.8720 0.2760
vn -0.0076 -0.9911 -0.1331
vn 0.0039 -0.9658 -0.2591
vn 0.3793 -0.9227 0.0689
vn 0.4040 -0.8721 0.2760
vn 0.2149 -0.9766 -0.0041
vn 0.1979 -0.9802 -0.0043
vn 0.1972 -0.9770 -0.0806
vn 0.2011 -0.9789 -0.0351
vn 0.1955 -0.9806 0.0120
vn 0.1951 -0.9806 0.0192
vn 0.1887 -0.9815 0.0329
vn 0.1747 -0.9846 0.0107
vn 0.1907 -0.9811 0.0326
vn 0.1829 -0.9807 0.0687
vn 0.3118 -0.7303 0.6079
vn 0.2011 -0.9790 -0.0350
vn 0.0439 -0.9395 -0.3396
vn 0.2139 -0.9768 -0.0061
vn -0.0000 -0.9941 0.1086
vn -0.0000 -0.9964 -0.0849
vn 0.1251 -0.9919 0.0218
vn 0.0493 -0.9988 -0.0000
s 0
usemtl Material.030
f 1//1 2//1 3//1
f 2//2 4//2 3//2
f 4//3 5//3 3//3
f 5//4 6//4 3//4
f 6//5 1//5 3//5
f 7//6 2//6 8//6
f 9//7 7//7 8//7
f 10//8 9//8 8//8
f 1//9 10//9 8//9
f 2//10 1//10 8//10
f 7//11 4//11 2//11
f 7//6 11//6 4//6
f 11//12 5//12 4//12
f 7//13 12//13 11//13
f 12//14 13//14 11//14
f 13//12 5//12 11//12
f 12//15 14//15 13//15
f 15//16 5//16 13//16
f 14//17 15//17 13//17
f 15//18 16//18 5//18
f 16//19 17//19 5//19
f 17//20 6//20 5//20
f 18//21 10//21 1//21
f 6//22 19//22 1//22
f 19//23 20//23 1//23
f 20//24 18//24 1//24
f 21//25 10//25 18//25
f 22//26 21//26 18//26
f 23//27 22//27 18//27
f 20//28 24//28 18//28
f 24//29 23//29 18//29
f 21//30 9//30 10//30
f 22//31 9//31 21//31
f 25//32 26//32 14//32
f 12//33 25//33 14//33
f 26//17 15//17 14//17
f 25//34 27//34 26//34
f 27//35 28//35 26//35
f 28//36 15//36 26//36
f 29//37 9//37 22//37
f 30//38 29//38 22//38
f 23//39 30//39 22//39
f 9//40 31//40 7//40
f 31//41 32//41 7//41
f 32//42 12//42 7//42
f 28//43 33//43 15//43
f 33//44 16//44 15//44
f 32//42 34//42 12//42
f 34//45 25//45 12//45
f 25//46 35//46 27//46
f 36//47 28//47 27//47
f 37//48 36//48 27//48
f 38//49 37//49 27//49
f 39//50 38//50 27//50
f 35//51 39//51 27//51
f 36//52 33//52 28//52
f 25//53 40//53 35//53
f 40//54 39//54 35//54
f 37//55 33//55 36//55
f 41//56 37//56 38//56
f 42//57 41//57 38//57
f 39//58 42//58 38//58
f 43//59 37//59 41//59
f 44//60 43//60 41//60
f 42//59 45//59 41//59
f 45//59 44//59 41//59
f 46//61 33//61 37//61
f 43//62 46//62 37//62
f 47//63 45//63 42//63
f 39//64 47//64 42//64
f 48//65 47//65 39//65
f 40//66 48//66 39//66
f 25//67 49//67 40//67
f 49//68 48//68 40//68
f 50//69 45//69 47//69
f 48//70 50//70 47//70
f 51//71 50//71 48//71
f 49//72 51//72 48//72
f 52//73 45//73 50//73
f 51//74 52//74 50//74
f 53//59 45//59 52//59
f 51//75 53//75 52//75
f 25//76 54//76 49//76
f 54//77 51//77 49//77
f 55//78 56//78 51//78
f 56//79 53//79 51//79
f 54//80 55//80 51//80
f 25//81 55//81 54//81
f 57//60 45//60 53//60
f 56//82 57//82 53//82
f 58//59 45//59 57//59
f 56//82 58//82 57//82
f 55//83 59//83 56//83
f 59//84 58//84 56//84
f 25//85 60//85 55//85
f 60//86 59//86 55//86
f 25//87 61//87 60//87
f 61//88 59//88 60//88
f 62//69 45//69 58//69
f 59//89 62//89 58//89
f 63//63 45//63 62//63
f 64//90 63//90 62//90
f 59//91 64//91 62//91
f 61//92 65//92 59//92
f 65//93 66//93 59//93
f 66//94 64//94 59//94
f 66//95 63//95 64//95
f 67//96 68//96 61//96
f 25//97 67//97 61//97
f 68//98 65//98 61//98
f 34//99 69//99 25//99
f 69//100 67//100 25//100
f 29//101 70//101 9//101
f 70//102 31//102 9//102
f 71//103 72//103 23//103
f 72//104 73//104 23//104
f 73//105 30//105 23//105
f 24//106 74//106 23//106
f 74//107 71//107 23//107
f 75//59 63//59 66//59
f 65//108 75//108 66//108
f 76//109 77//109 65//109
f 77//110 78//110 65//110
f 68//111 76//111 65//111
f 78//112 75//112 65//112
f 67//113 76//113 68//113
f 67//114 77//114 76//114
f 73//38 29//38 30//38
f 67//115 79//115 77//115
f 79//116 78//116 77//116
f 80//117 29//117 73//117
f 72//118 80//118 73//118
f 81//119 82//119 67//119
f 82//120 79//120 67//120
f 69//121 83//121 67//121
f 83//122 81//122 67//122
f 78//123 84//123 75//123
f 84//95 63//95 75//95
f 85//60 63//60 84//60
f 86//59 85//59 84//59
f 87//124 86//124 84//124
f 78//125 87//125 84//125
f 82//126 78//126 79//126
f 82//127 87//127 78//127
f 44//62 46//62 43//62
f 81//128 88//128 82//128
f 88//129 87//129 82//129
f 80//130 89//130 29//130
f 89//131 70//131 29//131
f 45//59 90//59 44//59
f 90//59 91//59 44//59
f 92//132 46//132 44//132
f 91//133 93//133 44//133
f 94//134 92//134 44//134
f 93//135 95//135 44//135
f 95//136 96//136 44//136
f 96//137 94//137 44//137
f 97//138 98//138 71//138
f 98//139 72//139 71//139
f 74//140 99//140 71//140
f 99//141 97//141 71//141
f 98//142 80//142 72//142
f 100//59 85//59 86//59
f 101//143 100//143 86//143
f 87//144 101//144 86//144
f 102//145 103//145 87//145
f 103//146 104//146 87//146
f 104//147 101//147 87//147
f 88//148 102//148 87//148
f 81//149 102//149 88//149
f 81//150 103//150 102//150
f 81//151 104//151 103//151
f 83//152 105//152 81//152
f 105//153 104//153 81//153
f 31//154 106//154 32//154
f 106//154 107//154 32//154
f 107//155 34//155 32//155
f 107//156 108//156 34//156
f 108//157 69//157 34//157
f 109//158 110//158 97//158
f 110//159 111//159 97//159
f 111//160 98//160 97//160
f 99//161 112//161 97//161
f 112//161 113//161 97//161
f 113//162 109//162 97//162
f 105//163 114//163 104//163
f 114//164 101//164 104//164
f 111//142 80//142 98//142
f 115//69 85//69 100//69
f 101//143 115//143 100//143
f 114//165 116//165 101//165
f 116//166 117//166 101//166
f 117//167 118//167 101//167
f 118//168 115//168 101//168
f 110//169 119//169 111//169
f 119//170 80//170 111//170
f 120//60 85//60 115//60
f 118//171 120//171 115//171
f 105//172 116//172 114//172
f 108//173 121//173 69//173
f 121//174 83//174 69//174
f 70//175 122//175 31//175
f 122//175 106//175 31//175
f 105//176 123//176 116//176
f 123//177 117//177 116//177
f 119//178 124//178 80//178
f 124//179 89//179 80//179
f 123//180 125//180 117//180
f 125//181 118//181 117//181
f 121//182 126//182 83//182
f 126//183 105//183 83//183
f 127//59 128//59 120//59
f 128//184 129//184 120//184
f 129//95 85//95 120//95
f 118//171 127//171 120//171
f 89//185 130//185 70//185
f 130//186 122//186 70//186
f 125//187 131//187 118//187
f 131//188 132//188 118//188
f 132//189 133//189 118//189
f 133//190 127//190 118//190
f 134//191 135//191 109//191
f 135//192 110//192 109//192
f 113//193 136//193 109//193
f 136//194 134//194 109//194
f 123//195 131//195 125//195
f 123//196 132//196 131//196
f 16//197 137//197 17//197
f 137//198 6//198 17//198
f 137//197 19//197 6//197
f 138//197 20//197 19//197
f 137//197 138//197 19//197
f 126//199 139//199 105//199
f 139//200 123//200 105//200
f 140//60 141//60 127//60
f 141//59 128//59 127//59
f 133//201 140//201 127//201
f 135//202 119//202 110//202
f 138//197 24//197 20//197
f 90//60 142//60 91//60
f 142//203 143//203 91//203
f 144//204 93//204 91//204
f 143//205 144//205 91//205
f 145//206 95//206 93//206
f 144//207 146//207 93//207
f 146//208 147//208 93//208
f 147//209 145//209 93//209
f 123//210 148//210 132//210
f 148//211 149//211 132//211
f 149//212 133//212 132//212
f 150//59 141//59 140//59
f 133//213 150//213 140//213
f 151//214 144//214 143//214
f 142//215 151//215 143//215
f 90//59 152//59 142//59
f 152//216 153//216 142//216
f 154//217 151//217 142//217
f 153//218 154//218 142//218
f 155//219 119//219 135//219
f 134//220 155//220 135//220
f 153//221 152//221 90//221
f 156//221 153//221 90//221
f 45//222 157//222 90//222
f 157//223 156//223 90//223
f 63//224 158//224 45//224
f 158//225 157//225 45//225
f 159//226 160//226 133//226
f 149//212 159//212 133//212
f 160//227 150//227 133//227
f 85//228 161//228 63//228
f 161//229 158//229 63//229
f 129//230 162//230 85//230
f 162//231 161//231 85//231
f 33//197 137//197 16//197
f 128//232 163//232 129//232
f 163//233 162//233 129//233
f 141//234 164//234 128//234
f 164//235 163//235 128//235
f 138//197 74//197 24//197
f 46//197 137//197 33//197
f 150//60 165//60 141//60
f 165//59 166//59 141//59
f 166//59 167//59 141//59
f 167//59 168//59 141//59
f 168//59 169//59 141//59
f 170//197 164//197 141//197
f 169//197 170//197 141//197
f 171//236 155//236 134//236
f 136//237 172//237 134//237
f 172//238 171//238 134//238
f 160//239 165//239 150//239
f 173//240 119//240 155//240
f 174//241 173//241 155//241
f 171//242 174//242 155//242
f 124//243 175//243 89//243
f 175//244 130//244 89//244
f 148//245 176//245 149//245
f 176//246 159//246 149//246
f 139//247 177//247 123//247
f 177//248 148//248 123//248
f 138//197 99//197 74//197
f 173//249 178//249 119//249
f 178//250 124//250 119//250
f 179//251 108//251 107//251
f 180//252 179//252 107//252
f 181//253 180//253 107//253
f 106//254 181//254 107//254
f 182//255 121//255 108//255
f 179//256 182//256 108//256
f 176//257 183//257 159//257
f 183//258 160//258 159//258
f 184//259 174//259 171//259
f 172//260 185//260 171//260
f 185//261 184//261 171//261
f 176//257 186//257 183//257
f 186//258 160//258 183//258
f 160//262 187//262 165//262
f 187//263 166//263 165//263
f 177//264 188//264 148//264
f 188//265 176//265 148//265
f 189//197 112//197 99//197
f 138//197 189//197 99//197
f 186//258 190//258 160//258
f 190//266 191//266 160//266
f 191//267 187//267 160//267
f 92//197 192//197 46//197
f 192//197 137//197 46//197
f 193//268 126//268 121//268
f 194//269 195//269 121//269
f 195//270 196//270 121//270
f 196//271 193//271 121//271
f 182//272 194//272 121//272
f 197//273 181//273 106//273
f 122//274 198//274 106//274
f 198//275 199//275 106//275
f 199//273 197//273 106//273
f 147//276 95//276 145//276
f 200//277 190//277 186//277
f 176//278 200//278 186//278
f 188//279 201//279 176//279
f 201//280 200//280 176//280
f 202//281 203//281 126//281
f 203//282 139//282 126//282
f 193//283 204//283 126//283
f 204//281 202//281 126//281
f 205//284 173//284 174//284
f 184//285 205//285 174//285
f 187//286 206//286 166//286
f 206//287 167//287 166//287
f 130//288 207//288 122//288
f 207//289 208//289 122//289
f 208//289 198//289 122//289
f 200//277 191//277 190//277
f 189//197 113//197 112//197
f 209//290 96//290 95//290
f 147//291 210//291 95//291
f 210//292 209//292 95//292
f 211//293 206//293 187//293
f 191//294 212//294 187//294
f 212//294 211//294 187//294
f 200//295 212//295 191//295
f 213//296 212//296 200//296
f 201//297 214//297 200//297
f 214//298 213//298 200//298
f 209//299 94//299 96//299
f 189//197 136//197 113//197
f 178//300 215//300 124//300
f 215//301 175//301 124//301
f 213//302 211//302 212//302
f 216//303 217//303 139//303
f 217//304 218//304 139//304
f 218//305 177//305 139//305
f 203//306 219//306 139//306
f 219//304 216//304 139//304
f 209//307 92//307 94//307
f 209//308 192//308 92//308
f 206//309 220//309 167//309
f 220//310 168//310 167//310
f 213//311 221//311 211//311
f 221//312 206//312 211//312
f 222//313 220//313 206//313
f 221//314 222//314 206//314
f 223//315 224//315 184//315
f 224//285 205//285 184//285
f 185//316 225//316 184//316
f 225//317 226//317 184//317
f 226//318 223//318 184//318
f 227//319 221//319 213//319
f 214//320 228//320 213//320
f 228//321 227//321 213//321
f 229//322 207//322 130//322
f 175//323 230//323 130//323
f 230//324 231//324 130//324
f 231//322 229//322 130//322
f 189//197 172//197 136//197
f 232//325 188//325 177//325
f 233//326 232//326 177//326
f 218//327 234//327 177//327
f 234//327 233//327 177//327
f 227//328 222//328 221//328
f 224//329 173//329 205//329
f 220//310 169//310 168//310
f 227//330 235//330 222//330
f 235//331 220//331 222//331
f 236//332 237//332 220//332
f 235//333 236//333 220//333
f 237//334 238//334 220//334
f 238//335 169//335 220//335
f 238//197 170//197 169//197
f 227//336 236//336 235//336
f 227//330 237//330 236//330
f 180//337 239//337 179//337
f 239//337 240//337 179//337
f 240//338 182//338 179//338
f 227//339 241//339 237//339
f 241//340 238//340 237//340
f 241//197 170//197 238//197
f 189//197 185//197 172//197
f 224//341 242//341 173//341
f 242//342 243//342 173//342
f 243//343 178//343 173//343
f 181//337 244//337 180//337
f 244//344 239//344 180//344
f 245//345 201//345 188//345
f 246//346 245//346 188//346
f 232//347 246//347 188//347
f 240//338 194//338 182//338
f 197//348 244//348 181//348
f 227//349 247//349 241//349
f 247//197 170//197 241//197
f 240//350 248//350 194//350
f 248//351 195//351 194//351
f 248//352 249//352 195//352
f 249//353 250//353 195//353
f 250//354 251//354 195//354
f 251//355 252//355 195//355
f 252//356 253//356 195//356
f 254//357 196//357 195//357
f 255//358 254//358 195//358
f 253//359 255//359 195//359
f 256//360 242//360 224//360
f 223//361 256//361 224//361
f 257//362 193//362 196//362
f 254//363 257//363 196//363
f 199//364 258//364 197//364
f 258//365 244//365 197//365
f 259//366 260//366 201//366
f 260//366 261//366 201//366
f 261//367 214//367 201//367
f 245//368 259//368 201//368
f 227//369 262//369 247//369
f 263//197 170//197 247//197
f 262//370 263//370 247//370
f 198//371 258//371 199//371
f 257//372 204//372 193//372
f 264//361 256//361 223//361
f 265//361 264//361 223//361
f 266//373 265//373 223//373
f 226//374 267//374 223//374
f 267//375 266//375 223//375
f 264//360 242//360 256//360
f 268//197 170//197 263//197
f 262//376 269//376 263//376
f 270//377 268//377 263//377
f 269//378 270//378 263//378
f 271//379 272//379 227//379
f 272//380 273//380 227//380
f 273//381 274//381 227//381
f 274//381 262//381 227//381
f 228//382 275//382 227//382
f 275//383 271//383 227//383
f 189//197 225//197 185//197
f 274//384 269//384 262//384
f 276//197 170//197 268//197
f 277//385 276//385 268//385
f 270//386 277//386 268//386
f 257//387 278//387 204//387
f 278//388 279//388 204//388
f 279//389 280//389 204//389
f 280//390 281//390 204//390
f 281//391 282//391 204//391
f 282//392 283//392 204//392
f 283//393 202//393 204//393
f 283//393 203//393 202//393
f 283//394 284//394 203//394
f 284//395 219//395 203//395
f 285//396 228//396 214//396
f 261//397 286//397 214//397
f 286//398 285//398 214//398
f 287//399 230//399 175//399
f 215//400 288//400 175//400
f 288//401 289//401 175//401
f 289//402 287//402 175//402
f 290//197 170//197 276//197
f 277//403 290//403 276//403
f 208//404 291//404 198//404
f 291//405 258//405 198//405
f 292//197 170//197 290//197
f 277//406 292//406 290//406
f 293//407 294//407 292//407
f 294//197 170//197 292//197
f 277//408 293//408 292//408
f 295//409 296//409 208//409
f 297//410 295//410 208//410
f 296//411 298//411 208//411
f 298//412 291//412 208//412
f 207//413 297//413 208//413
f 284//414 216//414 219//414
f 243//415 299//415 178//415
f 299//416 215//416 178//416
f 229//417 297//417 207//417
f 265//360 242//360 264//360
f 284//418 300//418 216//418
f 300//419 301//419 216//419
f 302//420 217//420 216//420
f 303//421 302//421 216//421
f 301//422 303//422 216//422
f 304//423 265//423 266//423
f 305//424 304//424 266//424
f 267//425 306//425 266//425
f 306//426 305//426 266//426
f 302//420 218//420 217//420
f 189//197 226//197 225//197
f 307//427 275//427 228//427
f 285//428 308//428 228//428
f 308//429 309//429 228//429
f 309//430 310//430 228//430
f 310//431 307//431 228//431
f 302//432 234//432 218//432
f 274//433 273//433 269//433
f 273//434 272//434 269//434
f 272//435 311//435 269//435
f 312//436 270//436 269//436
f 311//437 312//437 269//437
f 265//438 313//438 242//438
f 313//439 314//439 242//439
f 314//440 243//440 242//440
f 312//441 277//441 270//441
f 315//442 293//442 277//442
f 312//443 316//443 277//443
f 316//444 317//444 277//444
f 317//445 315//445 277//445
f 231//446 297//446 229//446
f 271//447 311//447 272//447
f 302//448 233//448 234//448
f 315//449 294//449 293//449
f 302//450 232//450 233//450
f 318//451 319//451 232//451
f 302//452 320//452 232//452
f 320//451 318//451 232//451
f 321//453 246//453 232//453
f 322//454 321//454 232//454
f 319//454 322//454 232//454
f 189//197 267//197 226//197
f 317//455 294//455 315//455
f 230//456 297//456 231//456
f 323//457 245//457 246//457
f 321//458 323//458 246//458
f 323//459 259//459 245//459
f 323//460 260//460 259//460
f 304//461 313//461 265//461
f 323//460 261//460 260//460
f 324//462 325//462 275//462
f 326//463 327//463 275//463
f 325//464 326//464 275//464
f 307//465 328//465 275//465
f 328//465 324//465 275//465
f 327//466 271//466 275//466
f 314//467 329//467 243//467
f 329//468 299//468 243//468
f 330//469 286//469 261//469
f 331//470 330//470 261//470
f 332//470 331//470 261//470
f 323//471 333//471 261//471
f 333//471 332//471 261//471
f 330//472 285//472 286//472
f 271//473 327//473 311//473
f 334//474 312//474 311//474
f 327//475 334//475 311//475
f 299//476 335//476 215//476
f 335//477 336//477 215//477
f 336//478 288//478 215//478
f 334//479 337//479 312//479
f 337//480 338//480 312//480
f 338//481 316//481 312//481
f 338//482 339//482 316//482
f 339//483 340//483 316//483
f 340//484 317//484 316//484
f 287//456 297//456 230//456
f 341//485 342//485 304//485
f 342//486 313//486 304//486
f 305//487 341//487 304//487
f 330//488 343//488 285//488
f 343//489 344//489 285//489
f 344//490 308//490 285//490
f 189//197 306//197 267//197
f 340//491 294//491 317//491
f 326//492 334//492 327//492
f 339//493 294//493 340//493
f 344//494 345//494 308//494
f 345//495 309//495 308//495
f 342//496 346//496 313//496
f 346//497 314//497 313//497
f 289//498 347//498 287//498
f 347//499 297//499 287//499
f 348//500 349//500 309//500
f 349//501 350//501 309//501
f 350//501 351//501 309//501
f 351//502 352//502 309//502
f 352//503 310//503 309//503
f 345//504 353//504 309//504
f 353//505 348//505 309//505
f 354//506 341//506 305//506
f 306//507 355//507 305//507
f 355//508 356//508 305//508
f 356//509 354//509 305//509
f 361//510 360//510 359//510
f 358//510 361//510 359//510
f 364//510 363//510 360//510
f 361//510 364//510 360//510
f 144//511 365//511 366//511
f 365//511 367//511 366//511
f 146//512 144//512 366//512
f 376//510 163//510 164//510
f 377//197 376//197 164//197
f 378//197 377//197 164//197
f 379//197 380//197 164//197
f 381//197 379//197 164//197
f 170//197 382//197 164//197
f 382//197 381//197 164//197
f 383//197 384//197 164//197
f 384//197 385//197 164//197
f 385//197 386//197 164//197
f 386//197 387//197 164//197
f 388//197 383//197 164//197
f 389//197 388//197 164//197
f 380//197 389//197 164//197
f 387//197 390//197 164//197
f 390//197 391//197 164//197
f 391//197 392//197 164//197
f 392//197 393//197 164//197
f 393//197 394//197 164//197
f 394//197 378//197 164//197
f 376//510 162//510 163//510
f 376//510 161//510 162//510
f 376//510 158//510 161//510
f 376//510 157//510 158//510
f 376//510 156//510 157//510
f 395//510 153//510 156//510
f 376//510 395//510 156//510
f 396//510 397//510 153//510
f 397//510 398//510 153//510
f 398//510 154//510 153//510
f 395//510 396//510 153//510
f 398//510 151//510 154//510
f 398//510 144//510 151//510
f 398//510 364//510 144//510
f 364//511 399//511 144//511
f 399//511 365//511 144//511
f 405//510 403//510 395//510
f 376//510 405//510 395//510
f 377//513 405//513 376//513
f 417//197 418//197 405//197
f 418//197 419//197 405//197
f 419//197 420//197 405//197
f 420//197 421//197 405//197
f 421//197 422//197 405//197
f 422//197 423//197 405//197
f 424//510 425//510 405//510
f 423//510 424//510 405//510
f 425//510 403//510 405//510
f 377//514 417//514 405//514
f 431//510 364//510 398//510
f 423//510 445//510 424//510
f 363//515 364//515 431//515
f 423//516 448//516 445//516
f 423//510 450//510 448//510
f 455//510 361//510 358//510
f 454//510 455//510 358//510
f 456//510 138//510 137//510
f 459//510 138//510 456//510
f 422//197 460//197 423//197
f 460//197 461//197 423//197
f 461//517 462//517 423//517
f 462//517 463//517 423//517
f 463//517 450//517 423//517
f 464//510 138//510 459//510
f 453//517 455//517 454//517
f 467//510 468//510 455//510
f 468//510 361//510 455//510
f 453//517 469//517 455//517
f 469//518 467//518 455//518
f 470//517 364//517 361//517
f 468//511 470//511 361//511
f 470//517 471//517 364//517
f 471//517 472//517 364//517
f 472//517 399//517 364//517
f 473//510 138//510 464//510
f 474//510 138//510 473//510
f 476//510 138//510 474//510
f 468//510 467//510 480//510
f 481//510 468//510 480//510
f 467//519 482//519 480//519
f 482//519 483//519 480//519
f 484//197 481//197 480//197
f 485//197 486//197 480//197
f 486//197 487//197 480//197
f 487//197 484//197 480//197
f 483//197 488//197 480//197
f 488//197 489//197 480//197
f 489//197 485//197 480//197
f 490//519 491//519 467//519
f 491//519 482//519 467//519
f 469//518 490//518 467//518
f 481//510 476//510 468//510
f 492//511 482//511 468//511
f 482//511 470//511 468//511
f 481//510 138//510 476//510
f 484//197 495//197 481//197
f 495//197 496//197 481//197
f 496//197 497//197 481//197
f 497//520 189//520 481//520
f 189//520 138//520 481//520
f 189//197 355//197 306//197
f 521//521 522//521 289//521
f 523//522 524//522 289//522
f 524//523 525//523 289//523
f 525//521 521//521 289//521
f 522//524 526//524 289//524
f 526//525 527//525 289//525
f 527//526 528//526 289//526
f 528//527 529//527 289//527
f 529//528 347//528 289//528
f 288//529 523//529 289//529
f 352//503 307//503 310//503
f 453//530 490//530 469//530
f 453//531 491//531 490//531
f 378//532 417//532 377//532
f 561//197 418//197 417//197
f 378//532 561//532 417//532
f 514//533 563//533 533//533
f 563//534 564//534 533//534
f 325//535 567//535 326//535
f 567//492 334//492 326//492
f 506//536 563//536 514//536
f 573//511 482//511 492//511
f 352//537 328//537 307//537
f 506//538 582//538 563//538
f 582//539 564//539 563//539
f 595//540 341//540 354//540
f 596//541 597//541 354//541
f 597//542 598//542 354//542
f 598//543 595//543 354//543
f 356//544 599//544 354//544
f 599//545 596//545 354//545
f 595//546 342//546 341//546
f 365//511 614//511 367//511
f 329//547 618//547 299//547
f 618//548 335//548 299//548
f 496//197 619//197 497//197
f 619//197 620//197 497//197
f 621//549 189//549 497//549
f 622//549 621//549 497//549
f 620//549 622//549 497//549
f 621//550 623//550 189//550
f 623//197 624//197 189//197
f 624//197 599//197 189//197
f 599//197 356//197 189//197
f 356//197 355//197 189//197
f 625//551 491//551 453//551
f 346//552 629//552 314//552
f 629//553 329//553 314//553
f 470//554 630//554 625//554
f 630//555 491//555 625//555
f 630//555 482//555 491//555
f 482//511 630//511 470//511
f 642//556 643//556 337//556
f 334//557 642//557 337//557
f 643//558 644//558 337//558
f 644//559 338//559 337//559
f 644//560 645//560 338//560
f 645//560 646//560 338//560
f 646//561 647//561 338//561
f 647//562 339//562 338//562
f 567//563 648//563 334//563
f 649//564 642//564 334//564
f 648//565 649//565 334//565
f 647//566 294//566 339//566
f 325//567 648//567 567//567
f 646//568 294//568 647//568
f 325//569 671//569 648//569
f 671//570 649//570 648//570
f 394//571 561//571 378//571
f 688//197 689//197 561//197
f 689//197 418//197 561//197
f 394//571 688//571 561//571
f 352//537 324//537 328//537
f 336//572 523//572 288//572
f 598//573 342//573 595//573
f 335//574 523//574 336//574
f 698//575 325//575 324//575
f 352//576 698//576 324//576
f 701//577 702//577 325//577
f 702//578 703//578 325//578
f 703//579 704//579 325//579
f 704//580 705//580 325//580
f 705//581 706//581 325//581
f 706//582 707//582 325//582
f 707//583 708//583 325//583
f 708//584 709//584 325//584
f 709//584 710//584 325//584
f 710//585 711//585 325//585
f 711//585 712//585 325//585
f 712//586 713//586 325//586
f 713//587 714//587 325//587
f 714//588 715//588 325//588
f 715//589 671//589 325//589
f 698//590 701//590 325//590
f 716//591 342//591 598//591
f 597//592 716//592 598//592
f 731//519 483//519 482//519
f 732//511 733//511 482//511
f 734//511 732//511 482//511
f 733//511 735//511 482//511
f 735//511 736//511 482//511
f 736//511 731//511 482//511
f 573//511 737//511 482//511
f 737//511 734//511 482//511
f 716//593 754//593 342//593
f 754//594 346//594 342//594
f 629//595 786//595 329//595
f 786//596 618//596 329//596
f 393//517 688//517 394//517
f 788//197 689//197 688//197
f 789//197 788//197 688//197
f 790//197 789//197 688//197
f 393//517 790//517 688//517
f 803//597 294//597 646//597
f 645//598 803//598 646//598
f 804//599 805//599 645//599
f 805//600 803//600 645//600
f 644//601 804//601 645//601
f 643//602 806//602 644//602
f 806//603 804//603 644//603
f 642//604 806//604 643//604
f 649//605 807//605 642//605
f 807//606 806//606 642//606
f 671//607 715//607 649//607
f 715//608 807//608 649//608
f 814//609 815//609 596//609
f 815//610 597//610 596//610
f 599//611 624//611 596//611
f 624//612 623//612 596//612
f 623//613 621//613 596//613
f 621//614 814//614 596//614
f 754//615 825//615 346//615
f 825//616 629//616 346//616
f 846//197 847//197 848//197
f 849//197 846//197 848//197
f 847//510 495//510 848//510
f 495//617 849//617 848//617
f 847//510 496//510 495//510
f 484//617 849//617 495//617
f 846//197 850//197 847//197
f 850//618 619//618 847//618
f 619//618 496//618 847//618
f 618//619 523//619 335//619
f 846//197 858//197 850//197
f 858//620 619//620 850//620
f 859//197 620//197 619//197
f 858//620 859//620 619//620
f 863//197 846//197 849//197
f 484//621 863//621 849//621
f 487//621 863//621 484//621
f 815//622 716//622 597//622
f 903//197 846//197 863//197
f 487//623 903//623 863//623
f 486//623 903//623 487//623
f 786//619 523//619 618//619
f 905//624 716//624 815//624
f 814//625 905//625 815//625
f 825//626 911//626 629//626
f 911//627 912//627 629//627
f 912//628 786//628 629//628
f 803//629 805//629 294//629
f 805//630 913//630 294//630
f 913//197 170//197 294//197
f 917//631 918//631 716//631
f 905//632 919//632 716//632
f 919//633 920//633 716//633
f 920//634 917//634 716//634
f 918//635 921//635 716//635
f 921//636 754//636 716//636
f 977//637 978//637 754//637
f 979//638 977//638 754//638
f 921//639 979//639 754//639
f 978//640 980//640 754//640
f 980//641 825//641 754//641
f 714//642 807//642 715//642
f 991//517 399//517 472//517
f 992//643 523//643 786//643
f 912//644 992//644 786//644
f 996//645 992//645 912//645
f 997//646 996//646 912//646
f 911//647 997//647 912//647
f 825//648 1001//648 911//648
f 1002//649 997//649 911//649
f 1001//650 1002//650 911//650
f 1003//651 905//651 814//651
f 621//614 1003//614 814//614
f 622//652 1011//652 1003//652
f 1011//653 1012//653 1003//653
f 1012//654 905//654 1003//654
f 621//655 622//655 1003//655
f 1013//656 919//656 905//656
f 1012//657 1013//657 905//657
f 1027//648 1001//648 825//648
f 1028//658 1027//658 825//658
f 980//659 1028//659 825//659
f 1056//197 846//197 903//197
f 1057//197 1056//197 903//197
f 486//660 1057//660 903//660
f 485//660 1057//660 486//660
f 1080//661 1081//661 1082//661
f 1083//662 1080//662 1082//662
f 1084//663 1083//663 1082//663
f 1081//197 1084//197 1082//197
f 1085//664 1080//664 1083//664
f 1084//665 1086//665 1083//665
f 1086//663 1085//663 1083//663
f 1087//666 1080//666 1085//666
f 1086//665 1087//665 1085//665
f 365//511 1088//511 614//511
f 1086//667 1091//667 1087//667
f 1091//668 1080//668 1087//668
f 1092//669 1093//669 920//669
f 919//670 1092//670 920//670
f 1093//671 917//671 920//671
f 1013//672 1092//672 919//672
f 1094//511 1093//511 1092//511
f 1013//673 1094//673 1092//673
f 1012//674 1011//674 1013//674
f 1011//675 1094//675 1013//675
f 1095//676 913//676 805//676
f 804//677 1095//677 805//677
f 1027//678 1002//678 1001//678
f 1105//679 1091//679 1086//679
f 1084//663 1105//663 1086//663
f 1107//680 1091//680 1105//680
f 1108//681 1107//681 1105//681
f 1084//682 1108//682 1105//682
f 1111//549 1108//549 1084//549
f 1112//549 1111//549 1084//549
f 1081//197 1112//197 1084//197
f 1111//683 1113//683 1108//683
f 1113//684 1107//684 1108//684
f 1114//685 1080//685 1091//685
f 1107//685 1114//685 1091//685
f 1094//511 1117//511 1093//511
f 1117//686 917//686 1093//686
f 1119//511 1117//511 1094//511
f 1011//687 1120//687 1094//687
f 1120//688 1119//688 1094//688
f 620//674 1120//674 1011//674
f 622//674 620//674 1011//674
f 1114//689 1081//689 1080//689
f 1028//690 1002//690 1027//690
f 1117//691 1112//691 917//691
f 1126//692 918//692 917//692
f 1127//693 1126//693 917//693
f 1112//694 1127//694 917//694
f 1126//692 921//692 918//692
f 1120//695 1113//695 1111//695
f 1112//549 1120//549 1111//549
f 1128//696 979//696 921//696
f 1126//697 1128//697 921//697
f 1117//549 1120//549 1112//549
f 1081//197 1127//197 1112//197
f 1119//549 1120//549 1117//549
f 859//197 1133//197 620//197
f 1028//698 997//698 1002//698
f 1081//197 1136//197 1127//197
f 1136//699 1126//699 1127//699
f 1139//197 1136//197 1081//197
f 1136//700 1142//700 1126//700
f 1142//701 1143//701 1126//701
f 1143//702 1144//702 1126//702
f 1144//703 1128//703 1126//703
f 1128//704 977//704 979//704
f 1149//705 978//705 977//705
f 1128//706 1149//706 977//706
f 1143//519 1142//519 1136//519
f 1151//519 1143//519 1136//519
f 1139//197 1151//197 1136//197
f 1160//676 913//676 1095//676
f 804//707 1160//707 1095//707
f 806//708 1161//708 804//708
f 1161//709 1162//709 804//709
f 1162//710 1163//710 804//710
f 1163//711 1160//711 804//711
f 1144//712 1164//712 1128//712
f 1164//713 1165//713 1128//713
f 1165//714 1166//714 1128//714
f 1166//715 1149//715 1128//715
f 807//716 1161//716 806//716
f 714//717 713//717 807//717
f 713//718 712//718 807//718
f 1167//719 1161//719 807//719
f 712//720 1167//720 807//720
f 1151//519 1170//519 1143//519
f 1170//519 1171//519 1143//519
f 1171//721 1144//721 1143//721
f 1170//722 1175//722 1144//722
f 1171//723 1170//723 1144//723
f 1175//724 1164//724 1144//724
f 1166//725 978//725 1149//725
f 1166//726 980//726 978//726
f 1183//727 980//727 1166//727
f 1165//728 1183//728 1166//728
f 1151//519 1184//519 1170//519
f 1184//729 1175//729 1170//729
f 846//197 1187//197 858//197
f 1188//197 1189//197 858//197
f 1190//197 1188//197 858//197
f 1191//197 1190//197 858//197
f 1192//197 1191//197 858//197
f 1187//197 1192//197 858//197
f 1189//730 1133//730 858//730
f 1133//730 859//730 858//730
f 1195//731 980//731 1183//731
f 1165//732 1195//732 1183//732
f 1197//733 1028//733 980//733
f 1195//731 1198//731 980//731
f 1198//734 1197//734 980//734
f 1165//735 1198//735 1195//735
f 1188//197 1204//197 1189//197
f 1204//736 1205//736 1189//736
f 1205//737 1206//737 1189//737
f 1206//738 1133//738 1189//738
f 1207//739 1198//739 1165//739
f 1164//740 1207//740 1165//740
f 365//511 1208//511 1088//511
f 1197//741 997//741 1028//741
f 1224//742 1225//742 1164//742
f 1175//743 1224//743 1164//743
f 1225//744 1207//744 1164//744
f 1184//745 1229//745 1175//745
f 1229//746 1224//746 1175//746
f 1231//747 1232//747 1197//747
f 1233//748 1231//748 1197//748
f 1198//749 1234//749 1197//749
f 1234//750 1233//750 1197//750
f 1232//751 1235//751 1197//751
f 1235//752 997//752 1197//752
f 1151//519 1229//519 1184//519
f 1151//519 1240//519 1229//519
f 1240//753 1224//753 1229//753
f 1188//754 1242//754 1204//754
f 1242//754 1205//754 1204//754
f 1207//755 1234//755 1198//755
f 1163//756 913//756 1160//756
f 1207//757 1233//757 1234//757
f 1248//197 1056//197 1057//197
f 485//758 1248//758 1057//758
f 489//758 1248//758 485//758
f 1207//759 1231//759 1233//759
f 1250//760 1251//760 1207//760
f 1251//761 1231//761 1207//761
f 1225//762 1250//762 1207//762
f 1252//519 1240//519 1151//519
f 1254//763 1255//763 1225//763
f 1224//764 1254//764 1225//764
f 1255//765 1250//765 1225//765
f 1240//753 1252//753 1224//753
f 1256//766 1254//766 1224//766
f 1252//767 1256//767 1224//767
f 1163//768 1257//768 913//768
f 1257//768 1258//768 913//768
f 1258//769 1259//769 913//769
f 1259//197 170//197 913//197
f 1162//770 1257//770 1163//770
f 1263//517 1242//517 1188//517
f 1190//517 1263//517 1188//517
f 1251//771 1232//771 1231//771
f 1267//772 1268//772 1232//772
f 1268//773 1235//773 1232//773
f 1269//774 1267//774 1232//774
f 1251//775 1270//775 1232//775
f 1270//776 1271//776 1232//776
f 1271//777 1269//777 1232//777
f 1250//778 1272//778 1251//778
f 1272//779 1270//779 1251//779
f 1273//780 1274//780 1250//780
f 1255//781 1273//781 1250//781
f 1274//782 1275//782 1250//782
f 1275//783 1272//783 1250//783
f 1276//784 1273//784 1255//784
f 1254//785 1276//785 1255//785
f 1277//786 1276//786 1254//786
f 1256//787 1277//787 1254//787
f 1252//788 1278//788 1256//788
f 1279//789 1277//789 1256//789
f 1278//790 1279//790 1256//790
f 1280//519 1278//519 1252//519
f 1294//519 1280//519 1252//519
f 711//791 1167//791 712//791
f 710//791 1167//791 711//791
f 1313//792 1161//792 1167//792
f 710//793 1313//793 1167//793
f 1313//794 1314//794 1161//794
f 1314//795 1315//795 1161//795
f 1315//796 1162//796 1161//796
f 1315//797 1258//797 1162//797
f 1258//798 1257//798 1162//798
f 1332//799 1259//799 1258//799
f 1315//800 1332//800 1258//800
f 709//801 1313//801 710//801
f 1359//197 1056//197 1248//197
f 489//802 1359//802 1248//802
f 488//802 1359//802 489//802
f 1376//803 1259//803 1332//803
f 1315//804 1376//804 1332//804
f 1381//805 1259//805 1376//805
f 1315//806 1381//806 1376//806
f 1381//807 1382//807 1259//807
f 1383//197 170//197 1259//197
f 1382//197 1383//197 1259//197
f 708//808 1313//808 709//808
f 1389//809 1314//809 1313//809
f 1390//810 1389//810 1313//810
f 708//811 1390//811 1313//811
f 1391//812 1392//812 1314//812
f 1389//813 1391//813 1314//813
f 1392//814 1393//814 1314//814
f 1393//815 1315//815 1314//815
f 1394//816 1395//816 1315//816
f 1393//817 1394//817 1315//817
f 1395//818 1396//818 1315//818
f 1396//819 1381//819 1315//819
f 1396//820 1382//820 1381//820
f 1427//517 399//517 991//517
f 707//821 1390//821 708//821
f 790//197 1442//197 789//197
f 790//197 1453//197 1442//197
f 790//197 1465//197 1453//197
f 1473//822 1382//822 1396//822
f 1395//823 1473//823 1396//823
f 1486//517 399//517 1427//517
f 790//197 1495//197 1465//197
f 1506//197 1056//197 1359//197
f 488//824 1506//824 1359//824
f 483//197 1507//197 488//197
f 1507//824 1506//824 488//824
f 1540//197 1515//197 1521//197
f 1541//197 1540//197 1521//197
f 1495//197 1541//197 1521//197
f 1540//197 1420//197 1515//197
f 1570//825 1390//825 707//825
f 706//826 1570//826 707//826
f 1570//827 1389//827 1390//827
f 1577//517 399//517 1486//517
f 1570//828 1391//828 1389//828
f 1578//829 1392//829 1391//829
f 1570//830 1578//830 1391//830
f 1578//831 1393//831 1392//831
f 1578//832 1582//832 1393//832
f 1582//833 1394//833 1393//833
f 1582//834 1395//834 1394//834
f 1582//834 1473//834 1395//834
f 1584//835 1382//835 1473//835
f 1582//836 1584//836 1473//836
f 1585//837 1383//837 1382//837
f 1584//838 1585//838 1382//838
f 1586//839 1578//839 1570//839
f 706//840 1587//840 1570//840
f 1587//841 1586//841 1570//841
f 1588//842 1578//842 1586//842
f 1587//843 1589//843 1586//843
f 1589//844 1588//844 1586//844
f 1590//845 1585//845 1584//845
f 1582//846 1590//846 1584//846
f 1591//847 1590//847 1582//847
f 1592//848 1591//848 1582//848
f 1578//849 1592//849 1582//849
f 1593//850 1592//850 1578//850
f 1588//851 1593//851 1578//851
f 1589//852 1593//852 1588//852
f 1589//853 1604//853 1593//853
f 1604//854 1592//854 1593//854
f 1611//855 1591//855 1592//855
f 1604//856 1611//856 1592//856
f 1612//857 1585//857 1590//857
f 1591//858 1612//858 1590//858
f 1612//859 1383//859 1585//859
f 1614//860 1591//860 1611//860
f 1604//861 1615//861 1611//861
f 1615//862 1614//862 1611//862
f 1616//863 1383//863 1612//863
f 1591//864 1616//864 1612//864
f 1617//865 1616//865 1591//865
f 1614//866 1618//866 1591//866
f 1618//867 1617//867 1591//867
f 1615//868 1618//868 1614//868
f 1620//869 1617//869 1618//869
f 1615//870 1620//870 1618//870
f 1623//871 1616//871 1617//871
f 1620//872 1623//872 1617//872
f 170//873 1383//873 1616//873
f 1623//873 170//873 1616//873
f 1540//197 1633//197 1420//197
f 1633//197 1634//197 1420//197
f 1633//517 1577//517 1634//517
f 1633//517 399//517 1577//517
f 365//512 1637//512 1638//512
f 1639//517 365//517 1638//517
f 1640//511 1639//511 1638//511
f 1637//511 1640//511 1638//511
f 1641//511 1642//511 365//511
f 1642//511 1208//511 365//511
f 1643//511 1641//511 365//511
f 1644//511 1643//511 365//511
f 1645//511 1644//511 365//511
f 399//512 1637//512 365//512
f 1639//517 1646//517 365//517
f 1646//517 1645//517 365//517
f 1647//874 1637//874 1540//874
f 1541//875 1647//875 1540//875
f 1637//512 399//512 1540//512
f 399//512 1633//512 1540//512
f 1647//517 1640//517 1637//517
f 705//876 1587//876 706//876
f 1659//873 170//873 1623//873
f 1620//877 1659//877 1623//877
f 704//878 1587//878 705//878
f 703//879 1587//879 704//879
f 1666//880 1589//880 1587//880
f 1667//881 1666//881 1587//881
f 703//882 1667//882 1587//882
f 1666//883 1604//883 1589//883
f 1666//884 1615//884 1604//884
f 1668//885 1620//885 1615//885
f 1666//886 1668//886 1615//886
f 1669//887 1659//887 1620//887
f 1668//888 1669//888 1620//888
f 1669//889 170//889 1659//889
f 1669//890 382//890 170//890
f 1667//891 1671//891 1666//891
f 1671//892 1672//892 1666//892
f 1672//893 1668//893 1666//893
f 702//894 1667//894 703//894
f 1673//895 1669//895 1668//895
f 1672//896 1674//896 1668//896
f 1674//897 1673//897 1668//897
f 1677//898 1667//898 702//898
f 701//899 1677//899 702//899
f 1674//900 381//900 382//900
f 1673//901 1674//901 382//901
f 1669//902 1673//902 382//902
f 1677//903 1679//903 1667//903
f 1679//904 1671//904 1667//904
f 1682//905 381//905 1674//905
f 1672//906 1682//906 1674//906
f 1683//907 1672//907 1671//907
f 1679//908 1683//908 1671//908
f 1683//909 1685//909 1672//909
f 1685//906 1682//906 1672//906
f 1685//910 381//910 1682//910
f 1685//911 1688//911 381//911
f 1688//912 379//912 381//912
f 1683//913 1688//913 1685//913
f 1691//914 1683//914 1679//914
f 1692//915 1691//915 1679//915
f 1677//916 1692//916 1679//916
f 1693//917 1688//917 1683//917
f 1691//918 1694//918 1683//918
f 1694//919 1693//919 1683//919
f 1693//920 379//920 1688//920
f 698//921 1695//921 701//921
f 1695//922 1677//922 701//922
f 380//923 379//923 1693//923
f 1698//924 380//924 1693//924
f 1694//925 1698//925 1693//925
f 1699//926 1698//926 1694//926
f 1691//927 1699//927 1694//927
f 1692//928 1700//928 1691//928
f 1700//929 1701//929 1691//929
f 1701//930 1699//930 1691//930
f 1702//931 1700//931 1692//931
f 1677//932 1702//932 1692//932
f 1695//933 1703//933 1677//933
f 1703//934 1702//934 1677//934
f 698//921 1703//921 1695//921
f 1704//935 380//935 1698//935
f 1699//936 1704//936 1698//936
f 1705//937 1706//937 1699//937
f 1706//938 1704//938 1699//938
f 1701//939 1705//939 1699//939
f 1706//940 380//940 1704//940
f 1707//197 389//197 380//197
f 1708//941 1707//941 380//941
f 1706//942 1708//942 380//942
f 698//943 1709//943 1703//943
f 1709//944 1702//944 1703//944
f 1705//945 1708//945 1706//945
f 1710//946 1708//946 1705//946
f 1711//947 1710//947 1705//947
f 1701//948 1711//948 1705//948
f 1700//949 1712//949 1701//949
f 1712//950 1711//950 1701//950
f 1710//951 1707//951 1708//951
f 1713//952 1714//952 1700//952
f 1714//953 1712//953 1700//953
f 1702//954 1713//954 1700//954
f 1715//955 1707//955 1710//955
f 1711//956 1715//956 1710//956
f 1716//957 1717//957 1715//957
f 1717//958 1707//958 1715//958
f 1711//959 1716//959 1715//959
f 1717//197 389//197 1707//197
f 1709//960 1718//960 1702//960
f 1719//961 1713//961 1702//961
f 1718//962 1719//962 1702//962
f 239//963 244//963 1720//963
f 244//964 258//964 1720//964
f 258//965 1721//965 1720//965
f 1722//966 248//966 1720//966
f 248//967 240//967 1720//967
f 240//968 239//968 1720//968
f 1712//969 1726//969 1711//969
f 1726//970 1727//970 1711//970
f 1727//971 1716//971 1711//971
f 1714//972 1728//972 1712//972
f 1728//972 1726//972 1712//972
f 698//973 1718//973 1709//973
f 1729//974 1717//974 1716//974
f 1730//975 1729//975 1716//975
f 1731//976 1730//976 1716//976
f 1727//977 1731//977 1716//977
f 1729//974 1732//974 1717//974
f 1733//197 389//197 1717//197
f 1732//197 1734//197 1717//197
f 1734//197 1735//197 1717//197
f 1735//197 1733//197 1717//197
f 291//978 1721//978 258//978
f 1726//979 1731//979 1727//979
f 1736//980 1731//980 1726//980
f 1728//981 1737//981 1726//981
f 1737//982 1738//982 1726//982
f 1738//983 1736//983 1726//983
f 1714//984 1739//984 1728//984
f 1739//985 1737//985 1728//985
f 1713//986 1739//986 1714//986
f 698//987 1740//987 1718//987
f 1740//988 1719//988 1718//988
f 1719//989 1741//989 1713//989
f 1741//990 1742//990 1713//990
f 1742//991 1739//991 1713//991
f 1740//992 1744//992 1719//992
f 1744//993 1745//993 1719//993
f 1745//994 1741//994 1719//994
f 1747//197 1056//197 1506//197
f 1507//995 1747//995 1506//995
f 483//197 1748//197 1507//197
f 1748//995 1747//995 1507//995
f 1751//996 1752//996 1740//996
f 1752//996 1753//996 1740//996
f 1753//997 1754//997 1740//997
f 1754//997 1755//997 1740//997
f 1755//998 1756//998 1740//998
f 1756//999 1757//999 1740//999
f 1757//1000 1744//1000 1740//1000
f 698//1001 1751//1001 1740//1001
f 298//1002 1721//1002 291//1002
f 1722//1003 249//1003 248//1003
f 250//1004 249//1004 1722//1004
f 251//1005 250//1005 1722//1005
f 1758//1006 251//1006 1722//1006
f 298//1007 296//1007 1721//1007
f 296//1008 1759//1008 1721//1008
f 1765//571 790//571 393//571
f 1766//571 1765//571 393//571
f 392//197 1766//197 393//197
f 1765//197 1495//197 790//197
f 1768//974 1732//974 1729//974
f 1730//1009 1768//1009 1729//1009
f 295//1010 1759//1010 296//1010
f 1782//532 1765//532 1766//532
f 1783//532 1782//532 1766//532
f 392//197 1783//197 1766//197
f 1784//197 1495//197 1765//197
f 1785//197 1784//197 1765//197
f 1782//197 1785//197 1765//197
f 1788//1011 1732//1011 1768//1011
f 1730//1012 1788//1012 1768//1012
f 1789//197 1790//197 1732//197
f 1790//197 1734//197 1732//197
f 1788//1013 1789//1013 1732//1013
f 1791//1014 1788//1014 1730//1014
f 1731//1015 1791//1015 1730//1015
f 1736//1016 1792//1016 1731//1016
f 1792//1017 1791//1017 1731//1017
f 1738//1018 1792//1018 1736//1018
f 1737//1019 1792//1019 1738//1019
f 1796//1020 1789//1020 1788//1020
f 1791//1021 1796//1021 1788//1021
f 1797//1022 1796//1022 1791//1022
f 1792//1023 1797//1023 1791//1023
f 1737//1024 1798//1024 1792//1024
f 1798//1025 1797//1025 1792//1025
f 1739//1026 1798//1026 1737//1026
f 1799//1027 1790//1027 1789//1027
f 1796//1028 1799//1028 1789//1028
f 1797//1029 1799//1029 1796//1029
f 1742//1030 1798//1030 1739//1030
f 1741//1031 1798//1031 1742//1031
f 1802//514 1782//514 1783//514
f 392//514 1802//514 1783//514
f 1803//197 1785//197 1782//197
f 1802//197 1803//197 1782//197
f 1804//1032 1790//1032 1799//1032
f 1797//1033 1805//1033 1799//1033
f 1805//1034 1804//1034 1799//1034
f 1806//1035 1807//1035 1797//1035
f 1807//1036 1808//1036 1797//1036
f 1808//1037 1805//1037 1797//1037
f 1798//1038 1806//1038 1797//1038
f 1809//1039 1810//1039 1798//1039
f 1741//1040 1809//1040 1798//1040
f 1810//1041 1806//1041 1798//1041
f 1811//1042 1809//1042 1741//1042
f 1745//1043 1811//1043 1741//1043
f 1744//1044 1811//1044 1745//1044
f 1734//1045 1790//1045 1804//1045
f 1812//1046 1734//1046 1804//1046
f 1805//1047 1812//1047 1804//1047
f 1808//1048 1822//1048 1805//1048
f 1822//1049 1812//1049 1805//1049
f 1807//1048 1822//1048 1808//1048
f 1806//1050 1823//1050 1807//1050
f 1823//1051 1822//1051 1807//1051
f 1810//1052 1823//1052 1806//1052
f 1809//1053 1823//1053 1810//1053
f 1811//1054 1825//1054 1809//1054
f 1825//1055 1823//1055 1809//1055
f 1744//1056 1757//1056 1811//1056
f 1757//1057 1825//1057 1811//1057
f 297//1058 1759//1058 295//1058
f 1830//510 1831//510 1828//510
f 1831//510 1829//510 1828//510
f 1831//510 1833//510 1829//510
f 1843//512 1802//512 391//512
f 1802//512 392//512 391//512
f 390//514 1843//514 391//514
f 1844//197 1845//197 1843//197
f 1845//197 1803//197 1843//197
f 1803//197 1802//197 1843//197
f 390//514 1844//514 1843//514
f 1831//510 1645//510 1646//510
f 1857//510 1831//510 1646//510
f 1831//511 1858//511 1645//511
f 1858//511 1859//511 1645//511
f 1860//511 1644//511 1645//511
f 1859//511 1860//511 1645//511
f 1833//515 1831//515 1857//515
f 1541//510 1864//510 1647//510
f 1865//197 1866//197 1541//197
f 1495//197 1865//197 1541//197
f 1866//510 1864//510 1541//510
f 1874//517 1831//517 1830//517
f 1874//517 1875//517 1831//517
f 1875//517 1876//517 1831//517
f 1876//517 1858//517 1831//517
f 1758//1059 252//1059 251//1059
f 387//532 1844//532 390//532
f 1919//197 1920//197 1844//197
f 1920//197 1845//197 1844//197
f 387//532 1919//532 1844//532
f 1925//1060 255//1060 1758//1060
f 255//1061 253//1061 1758//1061
f 253//1059 252//1059 1758//1059
f 297//1062 347//1062 1759//1062
f 347//1063 529//1063 1759//1063
f 529//1064 1927//1064 1759//1064
f 386//571 1919//571 387//571
f 386//571 1920//571 1919//571
f 1756//1065 1825//1065 1757//1065
f 528//1066 1927//1066 529//1066
f 2080//517 1920//517 386//517
f 385//197 2080//197 386//197
f 2081//197 2082//197 1920//197
f 2082//197 2083//197 1920//197
f 2083//197 1845//197 1920//197
f 2080//517 2081//517 1920//517
f 2142//1067 1734//1067 1812//1067
f 1822//1068 2142//1068 1812//1068
f 2144//1069 2142//1069 1822//1069
f 1823//1070 2144//1070 1822//1070
f 2147//197 2148//197 483//197
f 2148//197 2149//197 483//197
f 2149//197 2150//197 483//197
f 2150//197 1748//197 483//197
f 2151//1071 2147//1071 483//1071
f 731//1071 2151//1071 483//1071
f 2152//511 2151//511 731//511
f 1825//1072 2153//1072 1823//1072
f 2153//1073 2144//1073 1823//1073
f 2162//1074 2153//1074 1825//1074
f 1756//1065 1755//1065 1825//1065
f 1755//1075 2162//1075 1825//1075
f 1748//1076 1056//1076 1747//1076
f 2150//1077 1056//1077 1748//1077
f 2195//1078 1734//1078 2142//1078
f 2144//1079 2195//1079 2142//1079
f 527//1080 1927//1080 528//1080
f 1925//1081 254//1081 255//1081
f 1925//1082 257//1082 254//1082
f 2228//197 2147//197 2229//197
f 2230//197 2228//197 2229//197
f 2231//519 2230//519 2229//519
f 2147//510 2151//510 2229//510
f 2151//510 2231//510 2229//510
f 2232//519 2230//519 2231//519
f 2233//511 2232//511 2231//511
f 2151//511 2233//511 2231//511
f 2228//197 2148//197 2147//197
f 2234//511 2233//511 2151//511
f 2152//511 2235//511 2151//511
f 2235//511 2234//511 2151//511
f 2240//1083 279//1083 1925//1083
f 279//1084 278//1084 1925//1084
f 278//1082 257//1082 1925//1082
f 527//1080 526//1080 1927//1080
f 526//1085 2241//1085 1927//1085
f 2247//517 1858//517 1876//517
f 1754//1086 2162//1086 1755//1086
f 2195//1078 2282//1078 1734//1078
f 2282//1087 2283//1087 1734//1087
f 2283//1088 1735//1088 1734//1088
f 2144//1089 2282//1089 2195//1089
f 522//1090 2241//1090 526//1090
f 2144//1091 2283//1091 2282//1091
f 2307//1092 2283//1092 2144//1092
f 2153//1093 2307//1093 2144//1093
f 2162//1094 2308//1094 2153//1094
f 2308//1095 2307//1095 2153//1095
f 2309//1096 2308//1096 2162//1096
f 1754//1097 2309//1097 2162//1097
f 1753//1098 2309//1098 1754//1098
f 2338//1099 1735//1099 2283//1099
f 2307//1100 2338//1100 2283//1100
f 2335//1101 2339//1101 2301//1101
f 2339//1102 2340//1102 2301//1102
f 521//1103 2241//1103 522//1103
f 2240//1104 280//1104 279//1104
f 2335//1105 2334//1105 2339//1105
f 2334//1106 2340//1106 2339//1106
f 1752//1107 2309//1107 1753//1107
f 2364//1108 1735//1108 2338//1108
f 2307//1109 2364//1109 2338//1109
f 2365//1110 2364//1110 2307//1110
f 2308//1111 2365//1111 2307//1111
f 2309//1112 2369//1112 2308//1112
f 2369//1113 2365//1113 2308//1113
f 1752//1114 2370//1114 2309//1114
f 2370//1115 2369//1115 2309//1115
f 1751//1116 2370//1116 1752//1116
f 2376//1117 282//1117 2240//1117
f 282//1118 281//1118 2240//1118
f 281//1119 280//1119 2240//1119
f 525//1120 2378//1120 2241//1120
f 521//1103 525//1103 2241//1103
f 524//1121 2378//1121 525//1121
f 2399//1122 1735//1122 2364//1122
f 2365//1123 2399//1123 2364//1123
f 2402//1122 1735//1122 2399//1122
f 2365//1124 2402//1124 2399//1124
f 2402//1125 2403//1125 1735//1125
f 2403//1126 1733//1126 1735//1126
f 2365//1124 2403//1124 2402//1124
f 2404//1127 2403//1127 2365//1127
f 2369//1128 2404//1128 2365//1128
f 2370//1129 2405//1129 2369//1129
f 2405//1130 2404//1130 2369//1130
f 2406//1131 2405//1131 2370//1131
f 1751//1132 2407//1132 2370//1132
f 2407//1133 2406//1133 2370//1133
f 698//1134 2407//1134 1751//1134
f 698//1135 2432//1135 2407//1135
f 2432//1136 2406//1136 2407//1136
f 2446//1137 2378//1137 524//1137
f 523//1138 2446//1138 524//1138
f 2376//1139 2447//1139 282//1139
f 2447//1140 283//1140 282//1140
f 2376//1139 2477//1139 2447//1139
f 2477//1141 283//1141 2447//1141
f 2478//1137 2378//1137 2446//1137
f 523//1142 2478//1142 2446//1142
f 2479//1143 2477//1143 2376//1143
f 2480//1144 2479//1144 2376//1144
f 2478//1145 2481//1145 2378//1145
f 2489//1146 1724//1146 2490//1146
f 1724//1147 2491//1147 2490//1147
f 2492//1148 2489//1148 2490//1148
f 2491//1149 2492//1149 2490//1149
f 1724//1150 1723//1150 2491//1150
f 1723//1151 2498//1151 2491//1151
f 2498//1152 2492//1152 2491//1152
f 2489//1146 2507//1146 1724//1146
f 2507//1153 1926//1153 1724//1153
f 1928//1154 2508//1154 1723//1154
f 2508//1155 2509//1155 1723//1155
f 2509//1156 2498//1156 1723//1156
f 2509//1152 2492//1152 2498//1152
f 2492//1157 2507//1157 2489//1157
f 2515//1158 1926//1158 2507//1158
f 2492//1159 2515//1159 2507//1159
f 2508//1160 2492//1160 2509//1160
f 698//1135 2543//1135 2432//1135
f 2543//1136 2406//1136 2432//1136
f 2543//1161 2545//1161 2406//1161
f 2546//1162 2405//1162 2406//1162
f 2545//1163 2546//1163 2406//1163
f 2547//1164 2404//1164 2405//1164
f 2546//1165 2547//1165 2405//1165
f 2547//1166 2549//1166 2404//1166
f 2549//1167 2550//1167 2404//1167
f 2550//1168 2403//1168 2404//1168
f 2550//1169 1733//1169 2403//1169
f 2549//1170 1733//1170 2550//1170
f 2566//1171 1926//1171 2515//1171
f 2492//1172 2566//1172 2515//1172
f 1928//1173 2587//1173 2508//1173
f 2587//1174 2492//1174 2508//1174
f 2597//1175 2481//1175 2478//1175
f 523//1176 2597//1176 2478//1176
f 2479//1177 283//1177 2477//1177
f 2616//1178 2377//1178 1926//1178
f 2566//1179 2616//1179 1926//1179
f 2379//1180 2617//1180 1928//1180
f 2617//1173 2587//1173 1928//1173
f 2492//1181 2616//1181 2566//1181
f 2617//1174 2492//1174 2587//1174
f 698//1182 2641//1182 2543//1182
f 2641//1183 2545//1183 2543//1183
f 2643//1184 2377//1184 2616//1184
f 2492//1181 2643//1181 2616//1181
f 2379//1185 2656//1185 2617//1185
f 2656//1186 2492//1186 2617//1186
f 2706//1187 2377//1187 2643//1187
f 2492//1188 2706//1188 2643//1188
f 698//1189 2715//1189 2641//1189
f 2715//1190 2545//1190 2641//1190
f 2716//1191 2546//1191 2545//1191
f 2717//1192 2716//1192 2545//1192
f 2715//1193 2717//1193 2545//1193
f 2718//1194 2547//1194 2546//1194
f 2716//1195 2718//1195 2546//1195
f 2718//1196 2720//1196 2547//1196
f 2720//1197 2721//1197 2547//1197
f 2721//1198 2549//1198 2547//1198
f 2721//1170 1733//1170 2549//1170
f 2379//1199 2726//1199 2656//1199
f 2726//1200 2492//1200 2656//1200
f 2739//1201 2481//1201 2597//1201
f 523//1202 2739//1202 2597//1202
f 2480//1203 2746//1203 2479//1203
f 2746//1204 283//1204 2479//1204
f 2720//1170 1733//1170 2721//1170
f 2720//1205 2753//1205 1733//1205
f 2753//1206 389//1206 1733//1206
f 2718//1207 2753//1207 2720//1207
f 2706//1208 2770//1208 2377//1208
f 2770//1209 2771//1209 2377//1209
f 2772//1210 2726//1210 2379//1210
f 2773//1211 2772//1211 2379//1211
f 2482//1212 2773//1212 2379//1212
f 2492//1213 2770//1213 2706//1213
f 2772//1200 2492//1200 2726//1200
f 2782//1214 2771//1214 2770//1214
f 2492//1215 2782//1215 2770//1215
f 2790//197 2791//197 2792//197
f 2793//197 2790//197 2792//197
f 2790//517 2796//517 2791//517
f 2797//517 1858//517 2247//517
f 2480//1203 2811//1203 2746//1203
f 2811//1204 283//1204 2746//1204
f 2812//1201 2481//1201 2739//1201
f 523//1216 2812//1216 2739//1216
f 2813//1217 2814//1217 2480//1217
f 2814//1218 2811//1218 2480//1218
f 2812//1219 2815//1219 2481//1219
f 2773//1220 2492//1220 2772//1220
f 2081//197 2828//197 2082//197
f 698//1221 2831//1221 2715//1221
f 2831//1222 2717//1222 2715//1222
f 2848//197 2849//197 2828//197
f 2850//197 2848//197 2828//197
f 2081//197 2850//197 2828//197
f 2858//197 2790//197 2793//197
f 698//1223 2865//1223 2831//1223
f 2865//1224 2866//1224 2831//1224
f 2866//1225 2867//1225 2831//1225
f 2868//1226 2717//1226 2831//1226
f 2867//1227 2868//1227 2831//1227
f 2869//1228 2815//1228 2812//1228
f 523//1229 2869//1229 2812//1229
f 2870//1230 2716//1230 2717//1230
f 2868//1231 2870//1231 2717//1231
f 2874//1232 2875//1232 2716//1232
f 2870//1233 2874//1233 2716//1233
f 2876//1234 2718//1234 2716//1234
f 2875//1235 2876//1235 2716//1235
f 2814//1236 283//1236 2811//1236
f 2879//1237 2753//1237 2718//1237
f 2880//1238 2879//1238 2718//1238
f 2881//1239 2880//1239 2718//1239
f 2876//1240 2881//1240 2718//1240
f 2848//197 2882//197 2849//197
f 2882//197 2883//197 2849//197
f 2879//1241 389//1241 2753//1241
f 2884//1242 2771//1242 2782//1242
f 2492//1243 2884//1243 2782//1243
f 2482//1244 2913//1244 2773//1244
f 2913//1245 2492//1245 2773//1245
f 2790//517 2921//517 2796//517
f 2922//517 1858//517 2797//517
f 2882//197 2933//197 2883//197
f 2935//1246 2081//1246 2080//1246
f 385//197 2935//197 2080//197
f 2935//1246 2850//1246 2081//1246
f 1859//511 2953//511 1860//511
f 2965//197 2966//197 2933//197
f 2882//197 2965//197 2933//197
f 2986//197 2950//197 2966//197
f 2965//197 2986//197 2966//197
f 2987//197 2892//197 2950//197
f 2988//197 2987//197 2950//197
f 2986//197 2988//197 2950//197
f 2989//1247 389//1247 2879//1247
f 2880//1248 2989//1248 2879//1248
f 2884//1249 2995//1249 2771//1249
f 2995//1250 2996//1250 2771//1250
f 2996//1251 2997//1251 2771//1251
f 2999//1252 3000//1252 2482//1252
f 3000//1253 3001//1253 2482//1253
f 3001//1254 2913//1254 2482//1254
f 2492//1215 2995//1215 2884//1215
f 3001//1255 2492//1255 2913//1255
f 2492//1256 3004//1256 2995//1256
f 3004//1257 2996//1257 2995//1257
f 3005//1258 2850//1258 2935//1258
f 3006//197 3005//197 2935//197
f 385//197 3006//197 2935//197
f 3005//1258 2848//1258 2850//1258
f 3000//1259 2492//1259 3001//1259
f 2790//517 3028//517 2921//517
f 3029//517 1858//517 2922//517
f 3030//1260 2815//1260 2869//1260
f 523//1261 3030//1261 2869//1261
f 2813//1262 3032//1262 2814//1262
f 3033//1263 283//1263 2814//1263
f 3032//1264 3034//1264 2814//1264
f 3034//1265 3035//1265 2814//1265
f 3035//1266 3033//1266 2814//1266
f 3061//1267 2848//1267 3005//1267
f 3062//197 3061//197 3005//197
f 3006//197 3062//197 3005//197
f 3061//1267 2882//1267 2848//1267
f 3074//1268 2868//1268 2867//1268
f 2866//1269 3074//1269 2867//1269
f 3075//510 2882//510 3061//510
f 3062//197 3076//197 3061//197
f 3076//197 3077//197 3061//197
f 3077//197 3075//197 3061//197
f 3075//510 2965//510 2882//510
f 2986//1267 2965//1267 3075//1267
f 3078//1267 2986//1267 3075//1267
f 3077//197 3078//197 3075//197
f 3079//197 3080//197 2790//197
f 3081//197 3079//197 2790//197
f 3082//197 3081//197 2790//197
f 2858//197 3082//197 2790//197
f 3080//510 3028//510 2790//510
f 3080//510 3029//510 3028//510
f 3083//517 3029//517 3080//517
f 3084//517 3083//517 3080//517
f 3079//517 3084//517 3080//517
f 3083//517 1858//517 3029//517
f 3074//1270 2870//1270 2868//1270
f 3074//1271 2874//1271 2870//1271
f 3085//1272 2875//1272 2874//1272
f 3074//1273 3085//1273 2874//1273
f 3085//1274 2876//1274 2875//1274
f 3086//1275 2881//1275 2876//1275
f 3085//1276 3086//1276 2876//1276
f 3086//1277 2880//1277 2881//1277
f 3087//1278 2989//1278 2880//1278
f 3086//1279 3087//1279 2880//1279
f 3087//1280 389//1280 2989//1280
f 3087//1281 388//1281 389//1281
f 3088//1282 3085//1282 3074//1282
f 2866//1283 3089//1283 3074//1283
f 3089//1284 3088//1284 3074//1284
f 3090//517 1859//517 3091//517
f 1858//512 3083//512 3091//512
f 1859//512 1858//512 3091//512
f 3084//511 3090//511 3091//511
f 3083//511 3084//511 3091//511
f 3092//511 2953//511 1859//511
f 3090//517 3092//517 1859//517
f 3093//1285 3085//1285 3088//1285
f 3089//1286 3094//1286 3088//1286
f 3094//1287 3093//1287 3088//1287
f 3095//1288 388//1288 3087//1288
f 3086//1289 3095//1289 3087//1289
f 3096//1290 3095//1290 3086//1290
f 3085//1291 3096//1291 3086//1291
f 3093//1292 3097//1292 3085//1292
f 3097//1293 3098//1293 3085//1293
f 3098//1294 3096//1294 3085//1294
f 3094//1295 3097//1295 3093//1295
f 2988//1258 2986//1258 3078//1258
f 3099//1258 2988//1258 3078//1258
f 3077//197 3099//197 3078//197
f 3100//1296 388//1296 3095//1296
f 3096//1297 3100//1297 3095//1297
f 3101//197 383//197 388//197
f 3100//1298 3101//1298 388//1298
f 3000//1299 3102//1299 2492//1299
f 3102//1300 3103//1300 2492//1300
f 3103//1301 3104//1301 2492//1301
f 3104//1299 3105//1299 2492//1299
f 3105//1302 3106//1302 2492//1302
f 3106//1303 3107//1303 2492//1303
f 3107//1304 3108//1304 2492//1304
f 3108//1305 3004//1305 2492//1305
f 3109//1306 3098//1306 3097//1306
f 3094//1307 3109//1307 3097//1307
f 3110//1308 3098//1308 3109//1308
f 3111//1309 3110//1309 3109//1309
f 3094//1310 3111//1310 3109//1310
f 3112//1311 3101//1311 3100//1311
f 3096//1312 3112//1312 3100//1312
f 3113//1313 3112//1313 3096//1313
f 3114//1314 3113//1314 3096//1314
f 3115//1314 3114//1314 3096//1314
f 3098//1315 3115//1315 3096//1315
f 3110//1316 3115//1316 3098//1316
f 3117//1311 3101//1311 3112//1311
f 3113//1317 3117//1317 3112//1317
f 3111//1318 3115//1318 3110//1318
f 3117//1319 383//1319 3101//1319
f 3111//1320 3114//1320 3115//1320
f 3111//1321 3113//1321 3114//1321
f 3119//1322 3117//1322 3113//1322
f 3111//1323 3119//1323 3113//1323
f 384//1324 383//1324 3117//1324
f 3119//1324 384//1324 3117//1324
f 2813//1325 3126//1325 3032//1325
f 3126//1326 3127//1326 3032//1326
f 3127//1327 3034//1327 3032//1327
f 3128//1328 2815//1328 3030//1328
f 523//1261 3128//1261 3030//1261
f 2998//1329 3129//1329 2813//1329
f 3129//1330 3130//1330 2813//1330
f 3130//1325 3126//1325 2813//1325
f 3128//1331 3131//1331 2815//1331
f 3132//1332 2997//1332 2996//1332
f 3004//1333 3132//1333 2996//1333
f 2987//1246 2988//1246 3099//1246
f 3077//1246 2987//1246 3099//1246
f 2230//197 3133//197 2228//197
f 3130//1334 3127//1334 3126//1334
f 2865//1335 3089//1335 2866//1335
f 2999//1336 3102//1336 3000//1336
f 698//1337 3089//1337 2865//1337
f 3136//1338 3094//1338 3089//1338
f 698//1339 3136//1339 3089//1339
f 3136//1340 3138//1340 3094//1340
f 3138//1341 3139//1341 3094//1341
f 3139//1342 3140//1342 3094//1342
f 3140//1343 3111//1343 3094//1343
f 3141//1344 3131//1344 3128//1344
f 523//1345 3141//1345 3128//1345
f 3129//1346 3127//1346 3130//1346
f 3142//1347 3119//1347 3111//1347
f 3143//1348 3142//1348 3111//1348
f 3140//1349 3144//1349 3111//1349
f 3144//1350 3143//1350 3111//1350
f 3142//1351 3145//1351 3119//1351
f 3145//1324 384//1324 3119//1324
f 352//1352 3136//1352 698//1352
f 3076//517 2987//517 3077//517
f 3150//197 3151//197 2987//197
f 3151//197 3152//197 2987//197
f 3152//197 2892//197 2987//197
f 3076//517 3150//517 2987//517
f 351//1353 3136//1353 352//1353
f 3178//1354 3136//1354 351//1354
f 350//1355 3178//1355 351//1355
f 3178//1356 3179//1356 3136//1356
f 3179//1357 3138//1357 3136//1357
f 3185//1358 2997//1358 3132//1358
f 3004//1359 3185//1359 3132//1359
f 3179//1360 3139//1360 3138//1360
f 3189//1361 2997//1361 3185//1361
f 3004//1362 3189//1362 3185//1362
f 2999//1363 3103//1363 3102//1363
f 3189//1364 3190//1364 2997//1364
f 3104//1365 3103//1365 2999//1365
f 3105//1366 3104//1366 2999//1366
f 3191//1367 3105//1367 2999//1367
f 3179//1368 3140//1368 3139//1368
f 3192//1369 3144//1369 3140//1369
f 3179//1370 3192//1370 3140//1370
f 2232//512 3133//512 2230//512
f 2233//512 3133//512 2232//512
f 3192//1371 3143//1371 3144//1371
f 3192//1372 3142//1372 3143//1372
f 3197//1373 3145//1373 3142//1373
f 3192//1374 3197//1374 3142//1374
f 349//1375 3178//1375 350//1375
f 3178//1376 3198//1376 3179//1376
f 3198//1377 3199//1377 3179//1377
f 3199//1378 3192//1378 3179//1378
f 348//1379 3178//1379 349//1379
f 3197//1380 384//1380 3145//1380
f 3197//1381 385//1381 384//1381
f 3205//1382 3197//1382 3192//1382
f 3206//1383 3205//1383 3192//1383
f 3199//1384 3207//1384 3192//1384
f 3207//1385 3206//1385 3192//1385
f 348//1386 3208//1386 3178//1386
f 3208//1387 3209//1387 3178//1387
f 3209//1388 3198//1388 3178//1388
f 3206//1389 3006//1389 385//1389
f 3205//1390 3206//1390 385//1390
f 3197//1391 3205//1391 385//1391
f 3214//197 3215//197 3216//197
f 3220//510 3162//510 3216//510
f 3220//510 3173//510 3162//510
f 3226//1392 3199//1392 3198//1392
f 3209//1393 3226//1393 3198//1393
f 3207//1394 3006//1394 3206//1394
f 3226//1395 3227//1395 3199//1395
f 3227//1396 3228//1396 3199//1396
f 3228//1397 3207//1397 3199//1397
f 3228//1398 3006//1398 3207//1398
f 3235//197 3062//197 3006//197
f 3228//1399 3227//1399 3006//1399
f 3227//1400 3235//1400 3006//1400
f 3236//1401 3131//1401 3141//1401
f 3237//1402 3236//1402 3141//1402
f 523//1403 3237//1403 3141//1403
f 3238//1404 3226//1404 3209//1404
f 3239//1405 3238//1405 3209//1405
f 3208//1406 3239//1406 3209//1406
f 2998//1407 3240//1407 3129//1407
f 3240//1408 3127//1408 3129//1408
f 3238//1409 3244//1409 3226//1409
f 3244//1410 3227//1410 3226//1410
f 3244//1411 3235//1411 3227//1411
f 353//1412 3208//1412 348//1412
f 345//1413 3323//1413 353//1413
f 3324//1414 3208//1414 353//1414
f 3323//1415 3324//1415 353//1415
f 3324//1416 3331//1416 3208//1416
f 3331//1417 3239//1417 3208//1417
f 3332//1418 3238//1418 3239//1418
f 3331//1419 3332//1419 3239//1419
f 3332//1420 3333//1420 3238//1420
f 3333//1421 3244//1421 3238//1421
f 3334//197 3062//197 3235//197
f 3244//1422 3333//1422 3235//1422
f 3333//1423 3335//1423 3235//1423
f 3335//1424 3334//1424 3235//1424
f 3332//1425 3335//1425 3333//1425
f 3358//1426 3190//1426 3189//1426
f 3004//1427 3358//1427 3189//1427
f 3372//1428 3334//1428 3335//1428
f 3332//1429 3372//1429 3335//1429
f 3375//1430 3372//1430 3332//1430
f 3376//1431 3375//1431 3332//1431
f 3331//1432 3376//1432 3332//1432
f 3324//1433 3380//1433 3331//1433
f 3380//1434 3376//1434 3331//1434
f 345//1435 3383//1435 3323//1435
f 3383//1436 3324//1436 3323//1436
f 3375//1437 3334//1437 3372//1437
f 3389//197 3062//197 3334//197
f 3375//1438 3389//1438 3334//1438
f 2998//1407 3409//1407 3240//1407
f 3409//1439 3127//1439 3240//1439
f 3410//1440 3131//1440 3236//1440
f 3411//1441 3410//1441 3236//1441
f 3237//1442 3411//1442 3236//1442
f 3413//1443 3409//1443 2998//1443
f 3414//1444 3413//1444 2998//1444
f 3410//1401 3415//1401 3131//1401
f 3415//1445 3416//1445 3131//1445
f 3211//197 3423//197 3212//197
f 3426//1446 3415//1446 3410//1446
f 3411//1447 3426//1447 3410//1447
f 3429//1448 3430//1448 3376//1448
f 3380//1449 3429//1449 3376//1449
f 3430//1450 3375//1450 3376//1450
f 3430//1451 3389//1451 3375//1451
f 3435//1452 3429//1452 3380//1452
f 3324//1453 3435//1453 3380//1453
f 3383//1454 3437//1454 3324//1454
f 3438//1455 3435//1455 3324//1455
f 3437//1456 3438//1456 3324//1456
f 3441//1457 3389//1457 3430//1457
f 3429//1458 3441//1458 3430//1458
f 345//1459 3437//1459 3383//1459
f 3455//1460 3389//1460 3441//1460
f 3429//1461 3455//1461 3441//1461
f 3456//197 3062//197 3389//197
f 3457//197 3456//197 3389//197
f 3455//1462 3457//1462 3389//1462
f 3460//1463 3455//1463 3429//1463
f 3435//1464 3461//1464 3429//1464
f 3461//1465 3462//1465 3429//1465
f 3462//1466 3460//1466 3429//1466
f 3463//1467 3416//1467 3415//1467
f 3426//1468 3463//1468 3415//1468
f 3413//1469 3127//1469 3409//1469
f 3438//1470 3465//1470 3435//1470
f 3465//1471 3461//1471 3435//1471
f 3466//1472 3457//1472 3455//1472
f 3460//1473 3466//1473 3455//1473
f 3470//1474 3457//1474 3466//1474
f 3460//1475 3470//1475 3466//1475
f 3470//1474 3471//1474 3457//1474
f 3472//197 3456//197 3457//197
f 3473//197 3472//197 3457//197
f 3471//197 3474//197 3457//197
f 3474//197 3475//197 3457//197
f 3475//197 3476//197 3457//197
f 3477//197 3473//197 3457//197
f 3478//197 3477//197 3457//197
f 3476//197 3478//197 3457//197
f 345//1476 3484//1476 3437//1476
f 3484//1477 3438//1477 3437//1477
f 3485//1478 3470//1478 3460//1478
f 3462//1479 3486//1479 3460//1479
f 3486//1480 3487//1480 3460//1480
f 3487//1481 3485//1481 3460//1481
f 3461//1482 3496//1482 3462//1482
f 3496//1483 3497//1483 3462//1483
f 3497//1484 3486//1484 3462//1484
f 3465//1485 3504//1485 3461//1485
f 3504//1486 3505//1486 3461//1486
f 3505//1487 3496//1487 3461//1487
f 3469//197 3423//197 3211//197
f 3438//1488 3514//1488 3465//1488
f 3514//1489 3504//1489 3465//1489
f 3191//1490 3106//1490 3105//1490
f 3484//1491 3518//1491 3438//1491
f 3518//1492 3519//1492 3438//1492
f 3519//1493 3514//1493 3438//1493
f 3520//1494 3190//1494 3358//1494
f 3004//1495 3520//1495 3358//1495
f 3191//1496 3417//1496 3106//1496
f 3417//1497 3107//1497 3106//1497
f 3528//1498 3190//1498 3520//1498
f 3529//1499 3528//1499 3520//1499
f 3530//1500 3529//1500 3520//1500
f 3004//1501 3530//1501 3520//1501
f 345//1502 3518//1502 3484//1502
f 3536//1474 3471//1474 3470//1474
f 3485//1503 3536//1503 3470//1503
f 3552//1504 3416//1504 3463//1504
f 3426//1505 3552//1505 3463//1505
f 3414//1506 3555//1506 3413//1506
f 3555//1507 3127//1507 3413//1507
f 3563//1508 3564//1508 3518//1508
f 345//1509 3565//1509 3518//1509
f 3565//1510 3563//1510 3518//1510
f 3564//1511 3519//1511 3518//1511
f 3572//1512 3471//1512 3536//1512
f 3485//1513 3572//1513 3536//1513
f 3573//197 3574//197 3471//197
f 3574//197 3474//197 3471//197
f 3572//1514 3573//1514 3471//1514
f 3487//1515 3576//1515 3485//1515
f 3576//1516 3572//1516 3485//1516
f 3486//1517 3576//1517 3487//1517
f 3497//1518 3576//1518 3486//1518
f 3578//1519 3528//1519 3529//1519
f 3579//1520 3578//1520 3529//1520
f 3530//1521 3579//1521 3529//1521
f 3578//1522 3580//1522 3528//1522
f 3417//1523 3583//1523 3107//1523
f 3583//1524 3108//1524 3107//1524
f 3084//510 3586//510 3090//510
f 3586//510 3092//510 3090//510
f 3586//511 3587//511 3092//511
f 3587//511 3588//511 3092//511
f 3588//511 3589//511 3092//511
f 3589//511 3590//511 3092//511
f 3590//511 3591//511 3092//511
f 3592//511 2953//511 3092//511
f 3591//511 3592//511 3092//511
f 3593//197 3594//197 3079//197
f 3595//197 3593//197 3079//197
f 3081//197 3595//197 3079//197
f 3594//510 3084//510 3079//510
f 3594//510 3586//510 3084//510
f 3598//517 3587//517 3586//517
f 3599//517 3598//517 3586//517
f 3600//517 3599//517 3586//517
f 3597//517 3600//517 3586//517
f 3601//1525 3573//1525 3572//1525
f 3576//1526 3601//1526 3572//1526
f 3497//1527 3602//1527 3576//1527
f 3602//1528 3601//1528 3576//1528
f 3496//1529 3602//1529 3497//1529
f 3606//1530 3574//1530 3573//1530
f 3601//1531 3606//1531 3573//1531
f 3602//1532 3606//1532 3601//1532
f 3607//1533 3602//1533 3496//1533
f 3505//1534 3607//1534 3496//1534
f 3608//1535 3609//1535 3580//1535
f 3578//1536 3608//1536 3580//1536
f 3610//1537 3530//1537 3583//1537
f 3530//1538 3004//1538 3583//1538
f 3004//1539 3108//1539 3583//1539
f 3579//1540 3608//1540 3578//1540
f 3504//1541 3607//1541 3505//1541
f 3613//1542 3609//1542 3608//1542
f 3579//1543 3613//1543 3608//1543
f 3650//197 3651//197 3593//197
f 3595//197 3650//197 3593//197
f 3651//517 3652//517 3593//517
f 3514//1544 3607//1544 3504//1544
f 3662//1545 3663//1545 3609//1545
f 3613//1546 3662//1546 3609//1546
f 3579//1547 3530//1547 3610//1547
f 3664//1548 3579//1548 3610//1548
f 3665//1549 3664//1549 3610//1549
f 3579//1550 3662//1550 3613//1550
f 3690//1551 3574//1551 3606//1551
f 3602//1552 3691//1552 3606//1552
f 3691//1553 3690//1553 3606//1553
f 3692//1554 3691//1554 3602//1554
f 3607//1555 3693//1555 3602//1555
f 3693//1556 3694//1556 3602//1556
f 3694//1557 3692//1557 3602//1557
f 3695//1558 3693//1558 3607//1558
f 3696//1559 3695//1559 3607//1559
f 3514//1560 3696//1560 3607//1560
f 3697//1561 3696//1561 3514//1561
f 3519//1562 3697//1562 3514//1562
f 3710//1563 3663//1563 3662//1563
f 3579//1564 3710//1564 3662//1564
f 3664//1564 3710//1564 3579//1564
f 3564//1565 3697//1565 3519//1565
f 3474//1566 3574//1566 3690//1566
f 3712//1567 3474//1567 3690//1567
f 3691//1568 3712//1568 3690//1568
f 3692//1569 3718//1569 3691//1569
f 3718//1570 3712//1570 3691//1570
f 3694//1571 3718//1571 3692//1571
f 3693//1572 3719//1572 3694//1572
f 3719//1573 3718//1573 3694//1573
f 3695//1574 3719//1574 3693//1574
f 3665//1575 3729//1575 3664//1575
f 3729//1576 3730//1576 3664//1576
f 3730//1577 3710//1577 3664//1577
f 3730//1578 3731//1578 3710//1578
f 3731//1579 3663//1579 3710//1579
f 3611//1580 3729//1580 3665//1580
f 3696//1581 3719//1581 3695//1581
f 3697//1582 3733//1582 3696//1582
f 3733//1583 3719//1583 3696//1583
f 3564//1584 3563//1584 3697//1584
f 3563//1585 3733//1585 3697//1585
f 3734//1504 3416//1504 3552//1504
f 3426//1505 3734//1505 3552//1505
f 3414//1586 3582//1586 3555//1586
f 3582//1587 3735//1587 3555//1587
f 3735//1588 3127//1588 3555//1588
f 3739//1589 3731//1589 3730//1589
f 3729//1590 3739//1590 3730//1590
f 3611//1591 3740//1591 3729//1591
f 3741//1592 3742//1592 3729//1592
f 3743//1593 3741//1593 3729//1593
f 3742//1590 3739//1590 3729//1590
f 3127//1594 3743//1594 3729//1594
f 3744//1595 3127//1595 3729//1595
f 3740//1596 3744//1596 3729//1596
f 3734//1597 3585//1597 3416//1597
f 3732//1598 3731//1598 3739//1598
f 3742//1599 3732//1599 3739//1599
f 3611//1600 3749//1600 3740//1600
f 3749//1601 3744//1601 3740//1601
f 3612//1602 3749//1602 3611//1602
f 3741//1603 3732//1603 3742//1603
f 3612//1604 3760//1604 3749//1604
f 3761//1605 3762//1605 3749//1605
f 3762//1605 3763//1605 3749//1605
f 3763//1595 3744//1595 3749//1595
f 3760//1606 3761//1606 3749//1606
f 3581//1607 3732//1607 3741//1607
f 3743//1608 3581//1608 3741//1608
f 3612//1609 3772//1609 3760//1609
f 3772//1610 3761//1610 3760//1610
f 3584//1611 3772//1611 3612//1611
f 3582//1612 3581//1612 3735//1612
f 3581//1613 3776//1613 3735//1613
f 3776//1614 3127//1614 3735//1614
f 3777//1615 3585//1615 3734//1615
f 3426//1616 3777//1616 3734//1616
f 3777//1617 3584//1617 3585//1617
f 3772//1618 3584//1618 3777//1618
f 3426//1619 3772//1619 3777//1619
f 3581//1620 3743//1620 3776//1620
f 3743//1621 3127//1621 3776//1621
f 3426//1605 3761//1605 3772//1605
f 3844//1622 3845//1622 3563//1622
f 3565//1623 3846//1623 3563//1623
f 3846//1624 3844//1624 3563//1624
f 3845//1625 3733//1625 3563//1625
f 3847//1626 3816//1626 3815//1626
f 3817//1627 3847//1627 3815//1627
f 3849//511 3847//511 3817//511
f 3847//1626 3876//1626 3816//1626
f 3885//511 3876//511 3847//511
f 3849//511 3885//511 3847//511
f 3900//519 1280//519 1294//519
f 3844//1628 3970//1628 3845//1628
f 3970//1629 3733//1629 3845//1629
f 3974//1567 3474//1567 3712//1567
f 3718//1630 3974//1630 3712//1630
f 3975//1631 3976//1631 3718//1631
f 3976//1632 3974//1632 3718//1632
f 3719//1633 3975//1633 3718//1633
f 3733//1634 3982//1634 3719//1634
f 3982//1635 3975//1635 3719//1635
f 3984//1636 3982//1636 3733//1636
f 3970//1637 3984//1637 3733//1637
f 3844//1638 3986//1638 3970//1638
f 3986//1639 3984//1639 3970//1639
f 3976//1640 3474//1640 3974//1640
f 4026//517 3587//517 3598//517
f 3976//1640 4085//1640 3474//1640
f 4085//1641 4086//1641 3474//1641
f 4086//1642 3475//1642 3474//1642
f 3975//1643 4085//1643 3976//1643
f 4083//519 1280//519 3900//519
f 3975//1644 4086//1644 4085//1644
f 4120//1645 4086//1645 3975//1645
f 3982//1646 4120//1646 3975//1646
f 3984//1647 4121//1647 3982//1647
f 4121//1648 4120//1648 3982//1648
f 4125//1649 4121//1649 3984//1649
f 4126//1650 4125//1650 3984//1650
f 3986//1639 4126//1639 3984//1639
f 3844//1651 4126//1651 3986//1651
f 3844//1652 4197//1652 4126//1652
f 4197//1653 4125//1653 4126//1653
f 4243//1654 3475//1654 4086//1654
f 4120//1655 4243//1655 4086//1655
f 4314//1654 3475//1654 4243//1654
f 4120//1656 4314//1656 4243//1656
f 4315//1657 4314//1657 4120//1657
f 4121//1658 4315//1658 4120//1658
f 4125//1659 4316//1659 4121//1659
f 4316//1660 4315//1660 4121//1660
f 4197//1661 4325//1661 4125//1661
f 4325//1662 4326//1662 4125//1662
f 4326//1663 4316//1663 4125//1663
f 4327//1664 4325//1664 4197//1664
f 3844//1665 4327//1665 4197//1665
f 4332//519 1280//519 4083//519
f 4327//1664 4346//1664 4325//1664
f 4346//1666 4326//1666 4325//1666
f 4331//511 4363//511 4312//511
f 4363//1667 4345//1667 4312//1667
f 4368//1668 3475//1668 4314//1668
f 4315//1669 4368//1669 4314//1669
f 4363//1670 4402//1670 4345//1670
f 4402//511 4363//511 4331//511
f 4327//1664 4421//1664 4346//1664
f 4421//1666 4326//1666 4346//1666
f 3844//1671 4422//1671 4327//1671
f 4422//1628 4423//1628 4327//1628
f 4423//1672 4421//1672 4327//1672
f 4424//1673 4425//1673 4326//1673
f 4425//1674 4316//1674 4326//1674
f 4421//1675 4424//1675 4326//1675
f 4426//1676 4315//1676 4316//1676
f 4425//1677 4426//1677 4316//1677
f 4427//1678 3475//1678 4368//1678
f 4315//1679 4427//1679 4368//1679
f 4426//1680 4428//1680 4315//1680
f 4428//1681 4427//1681 4315//1681
f 4428//1668 3475//1668 4427//1668
f 4428//1682 4429//1682 3475//1682
f 4429//1683 3476//1683 3475//1683
f 4477//519 1278//519 1280//519
f 4332//1684 4478//1684 1280//1684
f 4478//197 4477//197 1280//197
f 4479//1685 4478//1685 4332//1685
f 4423//1686 4424//1686 4421//1686
f 4487//1687 4478//1687 4479//1687
f 4426//1688 4429//1688 4428//1688
f 4486//1689 4478//1689 4487//1689
f 4477//1690 4558//1690 1278//1690
f 4558//1691 4559//1691 1278//1691
f 4559//1692 1279//1692 1278//1692
f 4478//197 4560//197 4477//197
f 4560//1693 4558//1693 4477//1693
f 4570//1694 4478//1694 4486//1694
f 4485//1695 4570//1695 4486//1695
f 4570//197 4560//197 4478//197
f 4559//1692 1277//1692 1279//1692
f 4422//1696 4578//1696 4423//1696
f 4578//1686 4424//1686 4423//1686
f 4578//1697 4579//1697 4424//1697
f 4579//1698 4580//1698 4424//1698
f 4580//1699 4425//1699 4424//1699
f 4558//1700 4582//1700 4559//1700
f 4583//1701 1277//1701 4559//1701
f 4582//1702 4583//1702 4559//1702
f 4586//1703 4426//1703 4425//1703
f 4580//1704 4586//1704 4425//1704
f 4586//1705 4589//1705 4426//1705
f 4589//1706 4429//1706 4426//1706
f 4589//1707 3476//1707 4429//1707
f 4560//1708 4582//1708 4558//1708
f 3214//197 4591//197 3215//197
f 4598//517 4597//517 4595//517
f 4594//197 4598//197 4595//197
f 4583//1709 1276//1709 1277//1709
f 4583//1710 1273//1710 1276//1710
f 4565//1711 4570//1711 4485//1711
f 4607//1712 1274//1712 1273//1712
f 4583//1713 4607//1713 1273//1713
f 4611//1714 4607//1714 4583//1714
f 4582//1715 4611//1715 4583//1715
f 4560//1716 4626//1716 4582//1716
f 4627//1717 4611//1717 4582//1717
f 4626//1718 4627//1718 4582//1718
f 4570//197 4628//197 4560//197
f 4628//1719 4626//1719 4560//1719
f 4607//1720 1275//1720 1274//1720
f 1272//1721 1275//1721 4607//1721
f 4638//1722 1272//1722 4607//1722
f 4639//1723 4638//1723 4607//1723
f 4611//1724 4639//1724 4607//1724
f 4627//1725 4639//1725 4611//1725
f 4612//1726 4570//1726 4565//1726
f 4598//517 4662//517 4597//517
f 4638//1727 1270//1727 1272//1727
f 4638//1728 1271//1728 1270//1728
f 4659//1729 4570//1729 4612//1729
f 4672//1730 1271//1730 4638//1730
f 4639//1731 4673//1731 4638//1731
f 4673//1732 4674//1732 4638//1732
f 4674//1733 4672//1733 4638//1733
f 4642//1734 4677//1734 4659//1734
f 4677//1735 4570//1735 4659//1735
f 4677//197 4628//197 4570//197
f 4685//1736 4686//1737 4639//1737
f 4627//1738 4685//1738 4639//1738
f 4686//1739 4687//1739 4639//1739
f 4687//1740 4673//1740 4639//1740
f 4598//517 3469//517 4662//517
f 4626//1741 4685//1741 4627//1741
f 4628//1742 4696//1742 4626//1742
f 4696//1743 4685//1743 4626//1743
f 4026//519 4709//519 4711//519
f 4490//510 4026//510 4711//510
f 4490//510 4489//510 4026//510
f 4489//510 3587//510 4026//510
f 4422//1744 4579//1744 4578//1744
f 4718//1745 4677//1745 4642//1745
f 4725//1746 1269//1746 1271//1746
f 4672//1747 4725//1747 1271//1747
f 4674//1748 4732//1748 4672//1748
f 4732//1749 4725//1749 4672//1749
f 4725//1750 1267//1750 1269//1750
f 3214//197 4739//197 4591//197
f 4740//197 4598//197 4594//197
f 4765//1751 4766//1751 4677//1751
f 4718//1751 4765//1751 4677//1751
f 4767//197 4628//197 4677//197
f 4766//197 4767//197 4677//197
f 4774//1752 1268//1752 1267//1752
f 4725//1753 4774//1753 1267//1753
f 4598//517 4775//517 3469//517
f 4775//197 3423//197 3469//197
f 4777//1754 4774//1754 4725//1754
f 4778//1755 4777//1755 4725//1755
f 4732//1756 4778//1756 4725//1756
f 4779//1757 4778//1757 4732//1757
f 4674//1758 4779//1758 4732//1758
f 4673//1759 4779//1760 4674//1759
f 4785//1761 4779//1761 4673//1761
f 4687//1762 4785//1762 4673//1762
f 4790//1763 4785//1763 4687//1763
f 4686//1764 4790//1764 4687//1764
f 4685//1765 4790//1765 4686//1765
f 4793//1766 4790//1766 4685//1766
f 4696//1767 4793//1767 4685//1767
f 4795//1768 3476//1768 4589//1768
f 4586//1769 4795//1769 4589//1769
f 4628//1770 4793//1770 4696//1770
f 3844//1771 4806//1771 4422//1771
f 4806//1772 4579//1772 4422//1772
f 4811//1773 4580//1773 4579//1773
f 4806//1774 4812//1774 4579//1774
f 4812//1775 4811//1775 4579//1775
f 4828//1776 4586//1776 4580//1776
f 4811//1777 4828//1777 4580//1777
f 4828//1778 4840//1778 4586//1778
f 4840//1769 4841//1769 4586//1769
f 4841//1769 4795//1769 4586//1769
f 4841//1768 3476//1768 4795//1768
f 4863//1779 1268//1779 4774//1779
f 4777//1780 4863//1780 4774//1780
f 3150//197 4884//197 3151//197
f 4890//1781 3411//1781 3237//1781
f 523//1782 4890//1782 3237//1782
f 4890//1781 3426//1781 3411//1781
f 4891//1783 4890//1783 523//1783
f 992//1784 4891//1784 523//1784
f 4890//1785 4892//1785 3426//1785
f 4892//1786 3761//1786 3426//1786
f 4892//1787 4893//1787 3761//1787
f 4893//1788 3762//1788 3761//1788
f 996//1789 4891//1789 992//1789
f 3214//197 4897//197 4739//197
f 4898//197 4598//197 4740//197
f 4840//1768 3476//1768 4841//1768
f 4893//1790 3763//1790 3762//1790
f 4893//1791 3744//1791 3763//1791
f 4840//1792 3478//1792 3476//1792
f 4628//1793 4900//1793 4793//1793
f 4900//1794 4790//1794 4793//1794
f 4902//1795 4891//1795 996//1795
f 997//1796 4902//1796 996//1796
f 4903//1797 3127//1797 3744//1797
f 4893//1798 4903//1798 3744//1798
f 4903//1799 3034//1799 3127//1799
f 4903//1800 3035//1800 3034//1800
f 1235//1796 4902//1796 997//1796
f 4916//1801 3033//1801 3035//1801
f 4903//1802 4916//1802 3035//1802
f 1268//1803 4902//1803 1235//1803
f 4863//1804 4928//1804 1268//1804
f 4928//1805 4902//1805 1268//1805
f 4916//1806 283//1806 3033//1806
f 3150//197 4945//197 4884//197
f 4962//1807 284//1807 283//1807
f 4916//1808 4962//1808 283//1808
f 4962//1807 300//1807 284//1807
f 4765//510 4898//510 4897//510
f 3214//197 4963//197 4897//197
f 4963//197 4964//197 4897//197
f 4964//197 4765//197 4897//197
f 4964//1751 4766//1751 4765//1751
f 4970//1809 4928//1809 4863//1809
f 4777//1810 4970//1810 4863//1810
f 4962//1811 301//1811 300//1811
f 4778//1812 4970//1812 4777//1812
f 4779//1813 4977//1813 4778//1813
f 4977//1814 4970//1814 4778//1814
f 4785//1815 4977//1815 4779//1815
f 3846//1816 4806//1816 3844//1816
f 4790//1817 4983//1817 4785//1817
f 4983//1818 4977//1818 4785//1818
f 4900//1819 4986//1819 4790//1819
f 4986//1820 4983//1820 4790//1820
f 3150//197 4988//197 4945//197
f 4988//197 4989//197 4945//197
f 4989//197 4987//197 4945//197
f 4628//1821 4986//1821 4900//1821
f 5015//1822 303//1822 301//1822
f 4962//1823 5015//1823 301//1823
f 5015//1822 302//1822 303//1822
f 4891//1824 5019//1824 4890//1824
f 5019//1825 5020//1825 4890//1825
f 5020//1826 4892//1826 4890//1826
f 4902//1827 5026//1827 4891//1827
f 5026//1828 5019//1828 4891//1828
f 4892//1829 5027//1829 4893//1829
f 5027//1829 5028//1829 4893//1829
f 5028//1830 4903//1830 4893//1830
f 5028//1830 5029//1830 4903//1830
f 5029//1831 4916//1831 4903//1831
f 5020//1832 5027//1832 4892//1832
f 4628//1833 5044//1833 4986//1833
f 5044//1834 4983//1834 4986//1834
f 5029//1835 5045//1835 4916//1835
f 5045//1836 4962//1836 4916//1836
f 4928//1837 5050//1837 4902//1837
f 5050//1838 5051//1838 4902//1838
f 5051//1839 5052//1839 4902//1839
f 5052//1840 5026//1840 4902//1840
f 4989//197 5056//197 4987//197
f 3846//1841 4812//1841 4806//1841
f 5060//1842 3150//1842 3076//1842
f 3062//197 5060//197 3076//197
f 5060//1842 4988//1842 3150//1842
f 5015//1843 5061//1843 302//1843
f 5061//1844 320//1844 302//1844
f 4970//1845 5050//1845 4928//1845
f 4970//1846 5051//1846 5050//1846
f 5045//1847 5067//1847 4962//1847
f 5067//1848 5015//1848 4962//1848
f 4977//1849 5068//1849 4970//1849
f 5068//1850 5069//1850 4970//1850
f 5069//1851 5052//1851 4970//1851
f 5052//1852 5051//1852 4970//1852
f 5061//1853 318//1853 320//1853
f 4983//1854 5068//1854 4977//1854
f 4628//1855 5079//1855 5044//1855
f 5079//1856 4983//1856 5044//1856
f 5079//1857 5080//1857 4983//1857
f 5080//1858 5068//1858 4983//1858
f 3565//1859 4812//1859 3846//1859
f 4989//197 5097//197 5056//197
f 5098//1860 5099//1860 4812//1860
f 3565//1861 5100//1861 4812//1861
f 5100//1862 5101//1862 4812//1862
f 5101//1863 5098//1863 4812//1863
f 5099//1864 4811//1864 4812//1864
f 5061//1853 319//1853 318//1853
f 4989//197 5084//197 5097//197
f 4989//197 4833//197 5084//197
f 5122//1865 5123//1865 4811//1865
f 5099//1866 5122//1866 4811//1866
f 5124//1867 4828//1867 4811//1867
f 5123//1868 5124//1868 4811//1868
f 345//1869 5100//1869 3565//1869
f 5129//1870 5130//1870 4828//1870
f 5130//1871 4840//1871 4828//1871
f 5124//1872 5131//1872 4828//1872
f 5131//1872 5129//1872 4828//1872
f 5130//1873 3478//1873 4840//1873
f 5145//1258 4988//1258 5060//1258
f 3062//197 5145//197 5060//197
f 5146//197 4989//197 4988//197
f 5145//1258 5146//1258 4988//1258
f 5019//1874 5149//1874 5020//1874
f 5149//1875 5150//1875 5020//1875
f 5150//1876 5027//1876 5020//1876
f 5067//1877 5151//1877 5015//1877
f 5151//1878 5061//1878 5015//1878
f 5129//1879 3478//1879 5130//1879
f 5026//1880 5154//1880 5019//1880
f 5154//1881 5149//1881 5019//1881
f 5027//1882 5155//1882 5028//1882
f 5155//1882 5156//1882 5028//1882
f 5156//1883 5029//1883 5028//1883
f 5156//1883 5157//1883 5029//1883
f 5157//1884 5045//1884 5029//1884
f 5150//1885 5155//1885 5027//1885
f 4964//1886 4963//1886 4766//1886
f 4963//1886 5165//1886 4766//1886
f 5165//197 4767//197 4766//197
f 5157//1887 5173//1887 5045//1887
f 5173//1888 5067//1888 5045//1888
f 4628//1889 5174//1889 5079//1889
f 5174//1890 5080//1890 5079//1890
f 5052//1891 5184//1891 5026//1891
f 5184//1892 5185//1892 5026//1892
f 5185//1893 5186//1893 5026//1893
f 5186//1894 5154//1894 5026//1894
f 5061//1895 5191//1895 319//1895
f 5191//1896 322//1896 319//1896
f 5069//1897 5184//1897 5052//1897
f 5069//1898 5185//1898 5184//1898
f 5068//1899 5215//1899 5069//1899
f 5215//1900 5186//1900 5069//1900
f 5186//1901 5185//1901 5069//1901
f 4628//1902 5220//1902 5174//1902
f 5220//1903 5080//1903 5174//1903
f 5224//1904 5225//1904 5068//1904
f 5225//1905 5215//1905 5068//1905
f 5080//1906 5224//1906 5068//1906
f 5220//1907 5224//1907 5080//1907
f 5173//1908 5232//1908 5067//1908
f 5232//1909 5151//1909 5067//1909
f 5233//1267 5146//1267 5145//1267
f 3062//197 5233//197 5145//197
f 5233//1267 4989//1267 5146//1267
f 4628//1889 5234//1889 5220//1889
f 5234//1910 5224//1910 5220//1910
f 5235//1911 5236//1911 4628//1911
f 4767//1912 5235//1912 4628//1912
f 5236//1913 5234//1913 4628//1913
f 5191//1914 321//1914 322//1914
f 5246//512 5233//512 3062//512
f 3456//197 5247//197 3062//197
f 5248//1915 5246//1915 3062//1915
f 5247//1916 5248//1916 3062//1916
f 5249//512 5233//512 5246//512
f 5250//1917 5249//1917 5246//1917
f 5251//1918 5250//1918 5246//1918
f 5248//1919 5251//1919 5246//1919
f 5252//512 5233//512 5249//512
f 5253//1920 5252//1920 5249//1920
f 5250//1921 5253//1921 5249//1921
f 5254//512 5233//512 5252//512
f 5255//1922 5254//1922 5252//1922
f 5253//1923 5255//1923 5252//1923
f 5256//512 5233//512 5254//512
f 5257//1924 5256//1924 5254//1924
f 5255//1925 5257//1925 5254//1925
f 5258//512 5233//512 5256//512
f 5257//1926 5258//1926 5256//1926
f 5259//512 5204//512 5258//512
f 5204//512 4989//512 5258//512
f 4989//512 5233//512 5258//512
f 5260//1927 5259//1927 5258//1927
f 5257//1928 5260//1928 5258//1928
f 5261//512 5262//512 5259//512
f 5262//512 5263//512 5259//512
f 5263//512 5168//512 5259//512
f 5168//512 5204//512 5259//512
f 5264//1929 5265//1929 5259//1929
f 5265//1930 5266//1930 5259//1930
f 5267//1930 5261//1930 5259//1930
f 5268//1929 5267//1929 5259//1929
f 5266//1929 5268//1929 5259//1929
f 5260//1930 5269//1930 5259//1930
f 5269//1931 5270//1931 5259//1931
f 5270//1930 5264//1930 5259//1930
f 5267//1930 5271//1930 5261//1930
f 5272//1932 5262//1932 5261//1932
f 5271//1933 5272//1933 5261//1933
f 5273//1934 5263//1934 5262//1934
f 5272//1935 5273//1935 5262//1935
f 5274//1936 5168//1936 5263//1936
f 5273//1937 5274//1937 5263//1937
f 5239//512 4989//512 5204//512
f 5276//1938 5275//1938 5168//1938
f 5274//1939 5276//1939 5168//1939
f 5279//1940 5280//1940 5275//1940
f 5280//1941 5277//1941 5275//1941
f 5276//1940 5279//1940 5275//1940
f 5280//1942 5278//1942 5277//1942
f 5281//197 4361//197 5278//197
f 5280//1943 5281//1943 5278//1943
f 5107//512 4833//512 4989//512
f 5239//512 5107//512 4989//512
f 4361//512 4963//512 3214//512
f 5282//512 4963//512 4361//512
f 5281//197 5283//197 4361//197
f 5283//197 5282//197 4361//197
f 4963//512 5282//512 5165//512
f 5282//512 4767//512 5165//512
f 5282//1944 5283//1944 4767//1944
f 5283//1945 5284//1945 4767//1945
f 5285//1946 5286//1946 4767//1946
f 5284//1947 5287//1947 4767//1947
f 5287//1948 5288//1948 4767//1948
f 5288//1949 5285//1949 4767//1949
f 5289//1950 5235//1950 4767//1950
f 5286//1951 5290//1951 4767//1951
f 5290//1952 5291//1952 4767//1952
f 5291//1953 5289//1953 4767//1953
f 5151//1954 5292//1954 5061//1954
f 5292//1955 5191//1955 5061//1955
f 5191//1896 323//1896 321//1896
f 5293//1956 5155//1956 5150//1956
f 5294//1957 5293//1957 5150//1957
f 5295//1957 5294//1957 5150//1957
f 5149//1958 5295//1958 5150//1958
f 5296//1959 5295//1959 5149//1959
f 5154//1960 5297//1960 5149//1960
f 5297//1961 5298//1961 5149//1961
f 5298//1959 5296//1959 5149//1959
f 5299//1962 5157//1962 5156//1962
f 5300//1963 5299//1963 5156//1963
f 5155//1964 5300//1964 5156//1964
f 5301//1965 5173//1965 5157//1965
f 5299//1966 5301//1966 5157//1966
f 5302//1967 5300//1967 5155//1967
f 5293//1967 5302//1967 5155//1967
f 5232//1968 5303//1968 5151//1968
f 5303//1969 5292//1969 5151//1969
f 5304//1970 5305//1970 5173//1970
f 5305//1970 5306//1970 5173//1970
f 5306//1971 5232//1971 5173//1971
f 5301//1972 5304//1972 5173//1972
f 5280//1973 5279//1973 5281//1973
f 5284//1974 5283//1974 5281//1974
f 5279//1974 5284//1974 5281//1974
f 5236//1975 5224//1975 5234//1975
f 5186//1976 5307//1976 5154//1976
f 5307//1977 5308//1977 5154//1977
f 5308//1978 5297//1978 5154//1978
f 5215//1979 5307//1979 5186//1979
f 5235//1980 5224//1980 5236//1980
f 5215//1981 5308//1981 5307//1981
f 5309//1982 5310//1982 5215//1982
f 5225//1983 5309//1983 5215//1983
f 5310//1984 5311//1984 5215//1984
f 5311//1985 5308//1985 5215//1985
f 5191//1986 333//1986 323//1986
f 5235//1987 5312//1987 5224//1987
f 5312//1988 5313//1988 5224//1988
f 5313//1989 5225//1989 5224//1989
f 5314//1990 5309//1990 5225//1990
f 5313//1991 5314//1991 5225//1991
f 5315//1992 5303//1992 5232//1992
f 5306//1993 5316//1993 5232//1993
f 5316//1993 5315//1993 5232//1993
f 5311//1994 5297//1994 5308//1994
f 5317//1995 5294//1995 5295//1995
f 5296//1996 5317//1996 5295//1996
f 5317//1997 5293//1997 5294//1997
f 5317//1998 5302//1998 5293//1998
f 5317//1998 5300//1998 5302//1998
f 5318//1974 5284//1974 5279//1974
f 5276//1974 5318//1974 5279//1974
f 5317//1999 5299//1999 5300//1999
f 5317//2000 5301//2000 5299//2000
f 5319//2001 333//2001 5191//2001
f 5292//2002 5320//2002 5191//2002
f 5320//2003 5319//2003 5191//2003
f 5298//1996 5317//1996 5296//1996
f 5317//2004 5304//2004 5301//2004
f 5321//2005 5317//2005 5298//2005
f 5297//2006 5321//2006 5298//2006
f 5317//2007 5305//2007 5304//2007
f 345//2008 5322//2008 5100//2008
f 5322//2009 5101//2009 5100//2009
f 5303//2010 5323//2010 5292//2010
f 5323//2011 5320//2011 5292//2011
f 5322//2012 5324//2012 5101//2012
f 5324//2013 5098//2013 5101//2013
f 5324//2014 5325//2014 5098//2014
f 5325//2015 5099//2015 5098//2015
f 5317//2007 5306//2007 5305//2007
f 5325//2016 5326//2016 5099//2016
f 5326//2017 5122//2017 5099//2017
f 5326//2018 5123//2018 5122//2018
f 5326//2019 5124//2019 5123//2019
f 5289//2020 5312//2020 5235//2020
f 5311//2021 5321//2021 5297//2021
f 5317//2022 5316//2022 5306//2022
f 5327//2023 5131//2023 5124//2023
f 5326//2024 5327//2024 5124//2024
f 5328//2025 5129//2025 5131//2025
f 5327//2026 5328//2026 5131//2026
f 5318//2027 5287//2027 5284//2027
f 5289//2028 5329//2028 5312//2028
f 5329//2029 5313//2029 5312//2029
f 5328//2030 3478//2030 5129//2030
f 5328//2031 3477//2031 3478//2031
f 5315//2032 5330//2032 5303//2032
f 5330//2033 5331//2033 5303//2033
f 5331//2034 5323//2034 5303//2034
f 5310//2035 5321//2035 5311//2035
f 5332//2036 5333//2036 5322//2036
f 345//2037 5332//2037 5322//2037
f 5333//2038 5324//2038 5322//2038
f 5329//2039 5314//2039 5313//2039
f 5334//2040 5335//2040 5333//2040
f 5332//2041 5334//2041 5333//2041
f 5335//2042 5336//2042 5333//2042
f 5336//2043 5324//2043 5333//2043
f 5337//2044 5309//2044 5314//2044
f 5338//2045 5337//2045 5314//2045
f 5329//2046 5338//2046 5314//2046
f 5339//2047 5321//2047 5310//2047
f 5340//2048 5339//2048 5310//2048
f 5309//2049 5340//2049 5310//2049
f 5337//2050 5340//2050 5309//2050
f 5341//2051 5327//2051 5326//2051
f 5325//2052 5341//2052 5326//2052
f 5334//2053 5336//2053 5335//2053
f 5336//2054 5325//2054 5324//2054
f 5342//2055 5328//2055 5327//2055
f 5341//2056 5342//2056 5327//2056
f 5342//2057 3477//2057 5328//2057
f 5317//2058 5315//2058 5316//2058
f 5343//2059 5344//2059 5342//2059
f 5344//2060 3477//2060 5342//2060
f 5341//2061 5343//2061 5342//2061
f 5344//197 3473//197 3477//197
f 5336//2062 5345//2062 5325//2062
f 5345//2063 5346//2063 5325//2063
f 5346//2064 5347//2064 5325//2064
f 5348//2065 5341//2065 5325//2065
f 5347//2066 5348//2066 5325//2066
f 5317//2067 5330//2067 5315//2067
f 5334//2068 5345//2068 5336//2068
f 5349//2069 5346//2069 5345//2069
f 5334//2070 5349//2070 5345//2070
f 5274//1974 5318//1974 5276//1974
f 5350//2071 5347//2071 5346//2071
f 5351//2072 5350//2072 5346//2072
f 5349//2073 5351//2073 5346//2073
f 5348//2074 5352//2074 5341//2074
f 5352//2075 5343//2075 5341//2075
f 5352//2076 5344//2076 5343//2076
f 5350//2077 5353//2077 5347//2077
f 5354//2078 5348//2078 5347//2078
f 5353//2079 5354//2079 5347//2079
f 5351//2080 5353//2080 5350//2080
f 5351//2081 5354//2081 5353//2081
f 5355//2082 5344//2082 5352//2082
f 5348//2083 5355//2083 5352//2083
f 5356//2084 5357//2084 5348//2084
f 5354//2085 5356//2085 5348//2085
f 5357//2086 5355//2086 5348//2086
f 5355//2087 3473//2087 5344//2087
f 5357//2088 3473//2088 5355//2088
f 5291//2089 5358//2089 5289//2089
f 5358//2090 5359//2090 5289//2090
f 5360//2091 5329//2091 5289//2091
f 5359//2092 5360//2092 5289//2092
f 5361//2093 5356//2093 5354//2093
f 5351//2094 5361//2094 5354//2094
f 5362//2095 5357//2095 5356//2095
f 5361//2096 5362//2096 5356//2096
f 5362//2097 3473//2097 5357//2097
f 5332//2098 5349//2098 5334//2098
f 5363//2099 3473//2099 5362//2099
f 5361//2100 5363//2100 5362//2100
f 5363//2099 5364//2099 3473//2099
f 5364//2099 3472//2099 3473//2099
f 5319//2101 332//2101 333//2101
f 5317//2102 5331//2102 5330//2102
f 5317//2103 5365//2103 5331//2103
f 5365//2104 5323//2104 5331//2104
f 5366//2105 5367//2105 5323//2105
f 5365//2106 5366//2106 5323//2106
f 5367//2107 5320//2107 5323//2107
f 5287//510 5271//510 5267//510
f 5288//2108 5287//2108 5267//2108
f 5268//2109 5288//2109 5267//2109
f 5287//510 5272//510 5271//510
f 5287//510 5273//510 5272//510
f 5287//510 5274//510 5273//510
f 5287//510 5318//510 5274//510
f 5368//2110 5369//2110 5320//2110
f 5370//2111 5368//2111 5320//2111
f 5371//2112 5370//2112 5320//2112
f 5367//2113 5371//2113 5320//2113
f 5369//2114 5319//2114 5320//2114
f 5285//2115 5288//2115 5268//2115
f 5266//2116 5285//2116 5268//2116
f 5266//2117 5286//2117 5285//2117
f 5265//2118 5290//2118 5266//2118
f 5290//2119 5286//2119 5266//2119
f 5264//2120 5290//2120 5265//2120
f 345//2121 5349//2121 5332//2121
f 5270//2122 5358//2122 5264//2122
f 5358//2123 5291//2123 5264//2123
f 5291//2124 5290//2124 5264//2124
f 344//2098 5349//2098 345//2098
f 5319//2125 5372//2125 332//2125
f 5372//2126 331//2126 332//2126
f 5373//2127 5351//2127 5349//2127
f 344//2128 5373//2128 5349//2128
f 5317//2129 5366//2129 5365//2129
f 343//2130 5373//2130 344//2130
f 5373//2131 5374//2131 5351//2131
f 5374//2132 5375//2132 5351//2132
f 5375//2133 5361//2133 5351//2133
f 5372//2134 5376//2134 331//2134
f 5376//2135 330//2135 331//2135
f 5269//2136 5358//2136 5270//2136
f 5377//2137 5363//2137 5361//2137
f 5375//2138 5378//2138 5361//2138
f 5378//2139 5377//2139 5361//2139
f 5377//2140 5364//2140 5363//2140
f 5260//1929 5379//1929 5269//1929
f 5379//2136 5358//2136 5269//2136
f 5380//2089 5359//2089 5358//2089
f 5379//2141 5381//2141 5358//2141
f 5381//2142 5382//2142 5358//2142
f 5382//2143 5380//2143 5358//2143
f 5383//2144 5384//2144 5366//2144
f 5317//2145 5383//2145 5366//2145
f 5384//2146 5367//2146 5366//2146
f 5376//2147 5385//2147 330//2147
f 5385//2148 343//2148 330//2148
f 5386//2149 5387//2149 5319//2149
f 5387//2150 5388//2150 5319//2150
f 5388//2151 5372//2151 5319//2151
f 5369//2152 5386//2152 5319//2152
f 5383//2153 5389//2153 5367//2153
f 5390//2154 5391//2154 5367//2154
f 5389//2155 5390//2155 5367//2155
f 5384//2156 5383//2156 5367//2156
f 5391//2157 5371//2157 5367//2157
f 5392//2158 5359//2158 5380//2158
f 5382//2159 5392//2159 5380//2159
f 5381//2160 5393//2160 5382//2160
f 5393//2161 5392//2161 5382//2161
f 5394//2162 5395//2162 5379//2162
f 5395//2163 5396//2163 5379//2163
f 5396//2164 5397//2164 5379//2164
f 5397//2165 5398//2165 5379//2165
f 5398//2166 5399//2166 5379//2166
f 5399//2167 5400//2167 5379//2167
f 5400//2168 5401//2168 5379//2168
f 5401//2169 5402//2169 5379//2169
f 5402//2170 5403//2170 5379//2170
f 5403//2170 5404//2170 5379//2170
f 5404//2171 5381//2171 5379//2171
f 5260//1930 5394//1930 5379//1930
f 5405//2172 5393//2172 5381//2172
f 5404//2173 5405//2173 5381//2173
f 5393//2174 5359//2174 5392//2174
f 5405//2175 5359//2175 5393//2175
f 5385//2176 5373//2176 343//2176
f 5406//2177 5407//2177 5405//2177
f 5407//2178 5359//2178 5405//2178
f 5408//2179 5406//2179 5405//2179
f 5404//2180 5409//2180 5405//2180
f 5409//2181 5408//2181 5405//2181
f 5403//2182 5409//2182 5404//2182
f 5410//2183 5374//2183 5373//2183
f 5385//2184 5410//2184 5373//2184
f 5411//2185 5375//2185 5374//2185
f 5410//2186 5411//2186 5374//2186
f 5412//2187 5395//2187 5394//2187
f 5260//1930 5413//1930 5394//1930
f 5413//2188 5414//2188 5394//2188
f 5414//1930 5412//1930 5394//1930
f 5339//2189 5317//2189 5321//2189
f 5415//2190 5378//2190 5375//2190
f 5411//2191 5415//2191 5375//2191
f 5416//2192 5359//2192 5407//2192
f 5406//2193 5417//2193 5407//2193
f 5417//2194 5418//2194 5407//2194
f 5418//2195 5416//2195 5407//2195
f 5419//2196 5377//2196 5378//2196
f 5415//2197 5419//2197 5378//2197
f 5420//2198 5417//2198 5406//2198
f 5408//2199 5420//2199 5406//2199
f 5421//2200 5364//2200 5377//2200
f 5422//2201 5421//2201 5377//2201
f 5419//2202 5422//2202 5377//2202
f 5421//2099 3472//2099 5364//2099
f 5317//2203 5389//2203 5383//2203
f 5423//2204 5376//2204 5372//2204
f 5388//2205 5424//2205 5372//2205
f 5424//2206 5423//2206 5372//2206
f 5376//2207 5410//2207 5385//2207
f 5425//2208 5426//2208 5389//2208
f 5426//2209 5427//2209 5389//2209
f 5427//2210 5428//2210 5389//2210
f 5317//2211 5429//2211 5389//2211
f 5429//2212 5425//2212 5389//2212
f 5428//2213 5390//2213 5389//2213
f 5430//2214 5431//2214 5317//2214
f 5431//2215 5432//2215 5317//2215
f 5432//2216 5433//2216 5317//2216
f 5433//2217 5434//2217 5317//2217
f 5434//2218 5435//2218 5317//2218
f 5435//2219 5429//2219 5317//2219
f 5339//2220 5430//2220 5317//2220
f 5408//2221 5417//2221 5420//2221
f 5436//2222 5418//2222 5417//2222
f 5408//2223 5436//2223 5417//2223
f 5414//2224 5437//2224 5412//2224
f 5437//2225 5395//2225 5412//2225
f 5423//2226 5410//2226 5376//2226
f 5438//2227 5431//2227 5430//2227
f 5439//2228 5438//2228 5430//2228
f 5339//2229 5439//2229 5430//2229
f 5440//2099 3472//2099 5421//2099
f 5422//2230 5440//2230 5421//2230
f 5436//2231 5416//2231 5418//2231
f 5441//2232 5360//2232 5359//2232
f 5442//2233 5441//2233 5359//2233
f 5416//2234 5442//2234 5359//2234
f 5443//2235 5442//2235 5416//2235
f 5444//2236 5443//2236 5416//2236
f 5436//2237 5444//2237 5416//2237
f 5441//2238 5329//2238 5360//2238
f 5442//2239 5329//2239 5441//2239
f 5423//2240 5424//2240 5410//2240
f 5424//2241 5445//2241 5410//2241
f 5445//2242 5411//2242 5410//2242
f 5340//2243 5439//2243 5339//2243
f 5442//2244 5338//2244 5329//2244
f 5439//2245 5337//2245 5338//2245
f 5442//2246 5439//2246 5338//2246
f 5439//2247 5340//2247 5337//2247
f 5388//2248 5445//2248 5424//2248
f 5445//2249 5446//2249 5411//2249
f 5446//2250 5415//2250 5411//2250
f 5446//2251 5447//2251 5415//2251
f 5447//2252 5419//2252 5415//2252
f 5368//2253 5448//2253 5369//2253
f 5448//2253 5386//2253 5369//2253
f 5414//2254 5449//2254 5437//2254
f 5450//2255 5395//2255 5437//2255
f 5449//2256 5450//2256 5437//2256
f 5414//1930 5451//1930 5449//1930
f 5451//2257 5452//2257 5449//2257
f 5452//2258 5450//2258 5449//2258
f 5447//2259 5453//2259 5419//2259
f 5453//2260 5422//2260 5419//2260
f 5454//2261 5440//2261 5422//2261
f 5453//2262 5455//2262 5422//2262
f 5455//2263 5454//2263 5422//2263
f 5387//2264 5445//2264 5388//2264
f 5386//2265 5445//2265 5387//2265
f 5402//2182 5409//2182 5403//2182
f 3456//2266 3472//2266 5440//2266
f 5454//2267 3456//2267 5440//2267
f 5448//2265 5445//2265 5386//2265
f 5456//2268 5445//2268 5448//2268
f 5368//2269 5456//2269 5448//2269
f 5450//2270 5396//2270 5395//2270
f 5456//2271 5446//2271 5445//2271
f 5450//2272 5397//2272 5396//2272
f 5370//2273 5456//2273 5368//2273
f 5371//2274 5456//2274 5370//2274
f 5457//2275 5447//2275 5446//2275
f 5456//2276 5457//2276 5446//2276
f 5414//2277 5458//2277 5451//2277
f 5458//2278 5452//2278 5451//2278
f 5457//2279 5453//2279 5447//2279
f 5459//2280 5409//2280 5402//2280
f 5401//2281 5459//2281 5402//2281
f 5460//2282 5457//2282 5456//2282
f 5371//2283 5460//2283 5456//2283
f 5391//2284 5460//2284 5371//2284
f 5461//2285 5408//2285 5409//2285
f 5459//2286 5461//2286 5409//2286
f 5390//2287 5460//2287 5391//2287
f 5457//2288 5455//2288 5453//2288
f 5428//2289 5462//2289 5390//2289
f 5462//2290 5460//2290 5390//2290
f 5463//2291 5454//2291 5455//2291
f 5457//2292 5464//2292 5455//2292
f 5465//2293 5463//2293 5455//2293
f 5464//2294 5465//2294 5455//2294
f 5463//2295 3456//2295 5454//2295
f 5460//2296 5464//2296 5457//2296
f 5465//2297 3456//2297 5463//2297
f 5465//2298 5247//2298 3456//2298
f 5414//2299 5466//2299 5458//2299
f 5466//2300 5452//2300 5458//2300
f 5452//2301 5467//2301 5450//2301
f 5467//2302 5397//2302 5450//2302
f 5413//2303 5468//2303 5414//2303
f 5468//2304 5469//2304 5414//2304
f 5469//2305 5466//2305 5414//2305
f 5470//2306 5247//2306 5465//2306
f 5464//2307 5470//2307 5465//2307
f 5460//2308 5470//2308 5464//2308
f 5470//2309 5248//2309 5247//2309
f 5471//2310 5251//2310 5248//2310
f 5472//2311 5471//2311 5248//2311
f 5470//2312 5472//2312 5248//2312
f 5473//2313 5250//2313 5251//2313
f 5471//2314 5473//2314 5251//2314
f 5473//2315 5253//2315 5250//2315
f 5460//2316 5472//2316 5470//2316
f 5473//2317 5255//2317 5253//2317
f 5473//2318 5257//2318 5255//2318
f 5473//2319 5260//2319 5257//2319
f 5468//2320 5413//2320 5260//2320
f 5473//2321 5468//2321 5260//2321
f 5473//2322 5471//2322 5460//2322
f 5462//2323 5473//2323 5460//2323
f 5471//2324 5472//2324 5460//2324
f 5427//2325 5462//2325 5428//2325
f 5473//2326 5469//2326 5468//2326
f 5474//2327 5436//2327 5408//2327
f 5461//2328 5474//2328 5408//2328
f 5475//2329 5469//2329 5473//2329
f 5462//2330 5475//2330 5473//2330
f 5426//2331 5476//2331 5427//2331
f 5476//2332 5462//2332 5427//2332
f 5477//2333 5478//2333 5469//2333
f 5475//2334 5477//2334 5469//2334
f 5478//2335 5466//2335 5469//2335
f 5477//2336 5475//2336 5462//2336
f 5476//2337 5479//2337 5462//2337
f 5479//2338 5477//2338 5462//2338
f 5480//2339 5467//2339 5452//2339
f 5466//2340 5480//2340 5452//2340
f 5479//2341 5478//2341 5477//2341
f 5481//2342 5444//2342 5436//2342
f 5482//2343 5481//2343 5436//2343
f 5474//2344 5482//2344 5436//2344
f 5483//2345 5443//2345 5444//2345
f 5481//2346 5483//2346 5444//2346
f 5443//2347 5439//2347 5442//2347
f 5484//2348 5485//2348 5438//2348
f 5485//2349 5431//2349 5438//2349
f 5439//2350 5484//2350 5438//2350
f 5486//2351 5487//2351 5466//2351
f 5478//2335 5486//2335 5466//2335
f 5487//2352 5480//2352 5466//2352
f 5488//2353 5485//2353 5484//2353
f 5439//2354 5488//2354 5484//2354
f 5489//2355 5398//2355 5397//2355
f 5467//2356 5489//2356 5397//2356
f 5490//2357 5488//2357 5439//2357
f 5443//2358 5490//2358 5439//2358
f 5483//2359 5490//2359 5443//2359
f 5479//2360 5486//2360 5478//2360
f 5491//2361 5483//2361 5481//2361
f 5482//2362 5491//2362 5481//2362
f 5479//2363 5492//2363 5486//2363
f 5492//2364 5493//2364 5486//2364
f 5493//2365 5487//2365 5486//2365
f 5480//2366 5494//2366 5467//2366
f 5494//2367 5489//2367 5467//2367
f 5425//2368 5476//2368 5426//2368
f 5400//2369 5459//2369 5401//2369
f 5495//2370 5476//2370 5425//2370
f 5429//2371 5495//2371 5425//2371
f 5476//2372 5492//2372 5479//2372
f 5495//2373 5496//2373 5476//2373
f 5496//2372 5492//2372 5476//2372
f 5497//2374 5459//2374 5400//2374
f 5399//2375 5497//2375 5400//2375
f 5496//2376 5493//2376 5492//2376
f 5498//2377 5398//2377 5489//2377
f 5494//2378 5498//2378 5489//2378
f 5499//2379 5494//2379 5480//2379
f 5487//2380 5499//2380 5480//2380
f 5498//2377 5500//2377 5398//2377
f 5500//2381 5501//2381 5398//2381
f 5501//2382 5502//2382 5398//2382
f 5502//2383 5503//2383 5398//2383
f 5503//2384 5504//2384 5398//2384
f 5504//2385 5505//2385 5398//2385
f 5505//2386 5506//2386 5398//2386
f 5506//2387 5507//2387 5398//2387
f 5507//2388 5508//2388 5398//2388
f 5508//2389 5399//2389 5398//2389
f 5497//2390 5509//2390 5459//2390
f 5509//2391 5461//2391 5459//2391
f 5510//2392 5493//2392 5496//2392
f 5511//2393 5510//2393 5496//2393
f 5495//2394 5511//2394 5496//2394
f 5510//2395 5487//2395 5493//2395
f 5512//2396 5513//2396 5487//2396
f 5510//2395 5512//2395 5487//2395
f 5513//2397 5499//2397 5487//2397
f 5494//2398 5500//2398 5498//2398
f 5511//2399 5512//2399 5510//2399
f 5514//2400 5474//2400 5461//2400
f 5509//2401 5514//2401 5461//2401
f 5515//2402 5516//2402 5482//2402
f 5517//2403 5491//2403 5482//2403
f 5516//2403 5517//2403 5482//2403
f 5474//2404 5515//2404 5482//2404
f 5518//2405 5485//2405 5488//2405
f 5490//2406 5518//2406 5488//2406
f 5491//2407 5490//2407 5483//2407
f 5517//2408 5490//2408 5491//2408
f 5519//2409 5485//2409 5518//2409
f 5490//2410 5519//2410 5518//2410
f 5514//2411 5520//2411 5474//2411
f 5520//2412 5521//2412 5474//2412
f 5521//2413 5515//2413 5474//2413
f 5435//2414 5495//2414 5429//2414
f 5522//2415 5519//2415 5490//2415
f 5517//2416 5516//2416 5490//2416
f 5516//2417 5522//2417 5490//2417
f 5508//2418 5497//2418 5399//2418
f 5521//2419 5523//2419 5515//2419
f 5523//2420 5516//2420 5515//2420
f 5499//2421 5524//2421 5494//2421
f 5524//2422 5500//2422 5494//2422
f 5520//2423 5523//2423 5521//2423
f 5525//2424 5497//2424 5508//2424
f 5507//2425 5525//2425 5508//2425
f 5526//2426 5527//2426 5495//2426
f 5435//2427 5526//2427 5495//2427
f 5527//2394 5511//2394 5495//2394
f 5527//2428 5512//2428 5511//2428
f 5527//2429 5528//2429 5512//2429
f 5528//2430 5513//2430 5512//2430
f 5525//2431 5529//2431 5497//2431
f 5529//2432 5509//2432 5497//2432
f 5524//2433 5501//2433 5500//2433
f 5530//2434 5524//2434 5499//2434
f 5513//2435 5530//2435 5499//2435
f 5524//2433 5502//2433 5501//2433
f 5506//2436 5525//2436 5507//2436
f 5528//2430 5531//2430 5513//2430
f 5531//2437 5532//2437 5513//2437
f 5532//2438 5530//2438 5513//2438
f 5533//2439 5485//2439 5519//2439
f 5522//2440 5533//2440 5519//2440
f 5527//2441 5534//2441 5528//2441
f 5534//2442 5531//2442 5528//2442
f 5535//2443 5525//2443 5506//2443
f 5505//2444 5535//2444 5506//2444
f 5536//2445 5514//2445 5509//2445
f 5529//2446 5536//2446 5509//2446
f 5537//2447 5485//2447 5533//2447
f 5522//2440 5537//2440 5533//2440
f 5523//2448 5522//2448 5516//2448
f 5434//2449 5526//2449 5435//2449
f 5537//2450 5538//2450 5485//2450
f 5538//2451 5539//2451 5485//2451
f 5539//2452 5540//2452 5485//2452
f 5540//2453 5541//2453 5485//2453
f 5541//2454 5542//2454 5485//2454
f 5543//2455 5431//2455 5485//2455
f 5542//2456 5543//2456 5485//2456
f 5526//2457 5534//2457 5527//2457
f 5504//2444 5535//2444 5505//2444
f 5544//2458 5503//2458 5502//2458
f 5524//2459 5544//2459 5502//2459
f 5433//2449 5526//2449 5434//2449
f 5530//2460 5544//2460 5524//2460
f 5545//2461 5537//2461 5522//2461
f 5546//2462 5545//2462 5522//2462
f 5523//2463 5546//2463 5522//2463
f 5547//2464 5546//2464 5523//2464
f 5520//2465 5547//2465 5523//2465
f 5544//2466 5504//2466 5503//2466
f 5547//2467 5520//2467 5514//2467
f 5548//2468 5547//2468 5514//2468
f 5536//2469 5548//2469 5514//2469
f 5549//2470 5529//2470 5525//2470
f 5535//2471 5549//2471 5525//2471
f 5544//2472 5535//2472 5504//2472
f 5433//2473 5550//2473 5526//2473
f 5550//2474 5551//2474 5526//2474
f 5551//2457 5534//2457 5526//2457
f 5551//2475 5531//2475 5534//2475
f 5548//2476 5546//2476 5547//2476
f 5552//2477 5544//2477 5530//2477
f 5532//2478 5552//2478 5530//2478
f 5552//2479 5549//2479 5535//2479
f 5544//2480 5552//2480 5535//2480
f 5553//2481 5554//2481 5548//2481
f 5554//2482 5555//2482 5548//2482
f 5555//2483 5546//2483 5548//2483
f 5536//2484 5553//2484 5548//2484
f 5545//2485 5538//2485 5537//2485
f 5556//2486 5536//2486 5529//2486
f 5549//2487 5556//2487 5529//2487
f 5555//2488 5545//2488 5546//2488
f 5545//2489 5539//2489 5538//2489
f 5554//2490 5545//2490 5555//2490
f 5551//2491 5557//2491 5531//2491
f 5557//2492 5532//2492 5531//2492
f 5558//2493 5559//2493 5532//2493
f 5560//2494 5558//2494 5532//2494
f 5557//2495 5560//2495 5532//2495
f 5559//2496 5552//2496 5532//2496
f 5561//2497 5539//2497 5545//2497
f 5554//2490 5562//2490 5545//2490
f 5562//2498 5561//2498 5545//2498
f 5432//2499 5550//2499 5433//2499
f 5553//2500 5562//2500 5554//2500
f 5551//2501 5563//2501 5557//2501
f 5563//2502 5560//2502 5557//2502
f 5550//2503 5563//2503 5551//2503
f 5563//2504 5564//2504 5560//2504
f 5564//2505 5558//2505 5560//2505
f 5556//2506 5565//2506 5536//2506
f 5565//2507 5566//2507 5536//2507
f 5566//2508 5553//2508 5536//2508
f 5431//2499 5550//2499 5432//2499
f 5559//2509 5556//2509 5549//2509
f 5552//2510 5559//2510 5549//2510
f 5550//2511 5564//2511 5563//2511
f 5566//2512 5562//2512 5553//2512
f 5565//2513 5567//2513 5566//2513
f 5567//2514 5562//2514 5566//2514
f 5561//2515 5540//2515 5539//2515
f 5431//2516 5568//2516 5550//2516
f 5568//2517 5569//2517 5550//2517
f 5569//2518 5564//2518 5550//2518
f 5569//2519 5558//2519 5564//2519
f 5561//2520 5541//2520 5540//2520
f 5543//2521 5568//2521 5431//2521
f 5542//2522 5570//2522 5543//2522
f 5570//2523 5568//2523 5543//2523
f 5567//2524 5561//2524 5562//2524
f 5570//2525 5541//2525 5561//2525
f 5571//2526 5570//2526 5561//2526
f 5567//2524 5571//2524 5561//2524
f 5541//2527 5570//2527 5542//2527
f 5565//2528 5571//2528 5567//2528
f 5572//2529 5565//2529 5556//2529
f 5573//2530 5572//2530 5556//2530
f 5559//2531 5573//2531 5556//2531
f 5570//2532 5574//2532 5568//2532
f 5574//2533 5569//2533 5568//2533
f 5575//2534 5573//2534 5559//2534
f 5558//2534 5575//2534 5559//2534
f 5572//2535 5571//2535 5565//2535
f 5575//2536 5558//2536 5569//2536
f 5574//2537 5575//2537 5569//2537
f 5574//2538 5573//2538 5575//2538
f 5571//2539 5572//2539 5573//2539
f 5574//2540 5576//2540 5573//2540
f 5576//2541 5571//2541 5573//2541
f 5571//2542 5576//2542 5570//2542
f 5576//2543 5574//2543 5570//2543
usemtl Material.031
f 357//2544 358//2544 359//2544
f 360//2545 357//2545 359//2545
f 362//2546 357//2546 360//2546
f 363//2547 362//2547 360//2547
f 401//2548 396//2548 395//2548
f 402//2548 401//2548 395//2548
f 403//2549 404//2549 395//2549
f 404//2550 402//2550 395//2550
f 406//2551 407//2551 396//2551
f 407//2552 397//2552 396//2552
f 401//2553 406//2553 396//2553
f 407//2554 398//2554 397//2554
f 428//2555 429//2555 398//2555
f 430//2556 428//2556 398//2556
f 429//2557 431//2557 398//2557
f 407//2554 430//2554 398//2554
f 424//2558 435//2558 425//2558
f 435//2559 436//2559 425//2559
f 436//2560 437//2560 425//2560
f 438//2561 403//2561 425//2561
f 437//2561 438//2561 425//2561
f 438//2562 439//2562 403//2562
f 439//2563 404//2563 403//2563
f 443//2564 435//2564 424//2564
f 444//2565 443//2565 424//2565
f 445//2566 444//2566 424//2566
f 429//2567 446//2567 431//2567
f 447//2568 363//2568 431//2568
f 446//2569 447//2569 431//2569
f 448//2570 444//2570 445//2570
f 449//2571 444//2571 448//2571
f 450//2572 449//2572 448//2572
f 450//2573 444//2573 452//2573
f 444//2574 449//2574 452//2574
f 449//2575 450//2575 452//2575
f 453//2576 454//2576 358//2576
f 357//2577 453//2577 358//2577
f 463//2578 444//2578 450//2578
f 447//2579 362//2579 363//2579
f 498//2580 402//2580 404//2580
f 439//2581 498//2581 404//2581
f 499//2582 500//2582 429//2582
f 428//2583 499//2583 429//2583
f 500//2584 446//2584 429//2584
f 435//2585 501//2585 436//2585
f 501//2586 502//2586 436//2586
f 503//2587 437//2587 436//2587
f 502//2588 503//2588 436//2588
f 506//2589 501//2589 435//2589
f 443//2590 506//2590 435//2590
f 507//2591 430//2591 407//2591
f 406//2592 507//2592 407//2592
f 508//2593 430//2593 507//2593
f 509//2594 508//2594 507//2594
f 406//2595 509//2595 507//2595
f 510//2596 511//2596 430//2596
f 511//2597 428//2597 430//2597
f 508//2598 512//2598 430//2598
f 512//2599 513//2599 430//2599
f 513//2600 510//2600 430//2600
f 506//2601 514//2601 501//2601
f 514//2602 502//2602 501//2602
f 500//2603 516//2603 446//2603
f 516//2604 517//2604 446//2604
f 517//2605 447//2605 446//2605
f 511//2606 499//2606 428//2606
f 518//2607 509//2607 406//2607
f 401//2553 518//2553 406//2553
f 519//2608 520//2608 499//2608
f 511//2609 519//2609 499//2609
f 520//2582 500//2582 499//2582
f 500//2610 517//2610 516//2610
f 530//2611 531//2611 438//2611
f 531//2612 439//2612 438//2612
f 437//2561 530//2561 438//2561
f 520//2613 532//2613 500//2613
f 532//2614 517//2614 500//2614
f 514//2615 533//2615 502//2615
f 534//2616 503//2616 502//2616
f 533//2617 534//2617 502//2617
f 535//2581 498//2581 439//2581
f 531//2618 535//2618 439//2618
f 536//2619 508//2619 509//2619
f 518//2620 536//2620 509//2620
f 503//2621 537//2621 437//2621
f 538//2622 530//2622 437//2622
f 537//2623 539//2623 437//2623
f 539//2624 540//2624 437//2624
f 540//2625 538//2625 437//2625
f 538//2626 541//2626 530//2626
f 541//2627 531//2627 530//2627
f 542//2621 537//2621 503//2621
f 534//2628 542//2628 503//2628
f 541//2629 535//2629 531//2629
f 520//2630 562//2630 532//2630
f 562//2631 517//2631 532//2631
f 564//2632 534//2632 533//2632
f 463//2633 443//2633 444//2633
f 565//2634 453//2634 357//2634
f 362//2635 565//2635 357//2635
f 571//2636 572//2636 520//2636
f 519//2637 571//2637 520//2637
f 572//2638 562//2638 520//2638
f 579//2639 447//2639 517//2639
f 536//2640 512//2640 508//2640
f 562//2641 580//2641 517//2641
f 580//2642 579//2642 517//2642
f 581//2643 513//2643 512//2643
f 536//2644 581//2644 512//2644
f 583//2645 584//2645 582//2645
f 506//2646 583//2646 582//2646
f 585//2647 564//2647 582//2647
f 584//2648 585//2648 582//2648
f 586//2649 542//2649 534//2649
f 587//2650 586//2650 534//2650
f 564//2651 587//2651 534//2651
f 572//2638 588//2638 562//2638
f 588//2652 580//2652 562//2652
f 589//2620 581//2620 536//2620
f 518//2620 589//2620 536//2620
f 585//2651 587//2651 564//2651
f 538//2653 590//2653 541//2653
f 590//2654 591//2654 541//2654
f 591//2655 535//2655 541//2655
f 540//2656 590//2656 538//2656
f 592//2657 401//2657 402//2657
f 593//2657 592//2657 402//2657
f 498//2658 593//2658 402//2658
f 592//2659 518//2659 401//2659
f 594//2660 593//2660 498//2660
f 535//2661 594//2661 498//2661
f 611//2662 513//2662 581//2662
f 589//2663 611//2663 581//2663
f 612//2664 589//2664 518//2664
f 613//2665 612//2665 518//2665
f 592//2666 613//2666 518//2666
f 565//2667 625//2667 453//2667
f 506//2633 443//2633 463//2633
f 462//2668 506//2668 463//2668
f 362//2669 470//2669 565//2669
f 470//554 625//554 565//554
f 626//2670 447//2670 579//2670
f 580//2671 626//2671 579//2671
f 539//2672 627//2672 540//2672
f 627//2673 590//2673 540//2673
f 628//2661 594//2661 535//2661
f 591//2674 628//2674 535//2674
f 627//2675 591//2675 590//2675
f 447//2676 470//2676 362//2676
f 633//2677 585//2677 584//2677
f 583//2678 633//2678 584//2678
f 447//2679 471//2679 470//2679
f 572//2680 640//2680 588//2680
f 626//2681 580//2681 588//2681
f 640//2682 626//2682 588//2682
f 633//2683 587//2683 585//2683
f 650//2684 651//2684 572//2684
f 571//2685 650//2685 572//2685
f 651//2686 640//2686 572//2686
f 652//2657 592//2657 593//2657
f 653//2657 652//2657 593//2657
f 594//2687 653//2687 593//2687
f 652//2688 613//2688 592//2688
f 640//2689 655//2689 626//2689
f 655//2690 656//2690 626//2690
f 656//2691 447//2691 626//2691
f 542//2692 657//2692 537//2692
f 657//2693 658//2693 537//2693
f 658//2694 659//2694 537//2694
f 659//2695 539//2695 537//2695
f 651//2696 655//2696 640//2696
f 539//2697 660//2697 627//2697
f 660//2698 661//2698 627//2698
f 661//2698 591//2698 627//2698
f 659//2699 662//2699 539//2699
f 662//2700 660//2700 539//2700
f 422//2701 421//2701 633//2701
f 583//2702 422//2702 633//2702
f 421//2703 420//2703 633//2703
f 420//2704 587//2704 633//2704
f 663//2705 664//2705 611//2705
f 664//2706 513//2706 611//2706
f 665//2663 663//2663 611//2663
f 589//2663 665//2663 611//2663
f 506//2707 422//2707 583//2707
f 664//2708 510//2708 513//2708
f 420//2709 419//2709 587//2709
f 666//2650 586//2650 587//2650
f 419//2710 666//2710 587//2710
f 586//2711 667//2711 542//2711
f 667//2712 657//2712 542//2712
f 674//2713 665//2713 589//2713
f 612//2713 674//2713 589//2713
f 682//2714 511//2714 510//2714
f 664//2715 683//2715 510//2715
f 683//2716 682//2716 510//2716
f 682//2717 684//2717 511//2717
f 684//2718 685//2718 511//2718
f 685//2719 519//2719 511//2719
f 663//2720 683//2720 664//2720
f 691//2721 628//2721 591//2721
f 661//2722 691//2722 591//2722
f 692//2723 683//2723 663//2723
f 693//2724 692//2724 663//2724
f 665//2724 693//2724 663//2724
f 666//2725 694//2725 586//2725
f 694//2726 667//2726 586//2726
f 685//2727 696//2727 519//2727
f 696//2727 571//2727 519//2727
f 717//1626 661//1626 660//1626
f 662//1627 717//1627 660//1627
f 659//511 658//511 662//511
f 658//511 723//511 662//511
f 723//511 717//511 662//511
f 724//197 725//197 692//197
f 693//197 724//197 692//197
f 725//197 726//197 692//197
f 726//197 727//197 692//197
f 727//197 683//197 692//197
f 727//2728 682//2728 683//2728
f 651//2729 728//2729 655//2729
f 729//197 656//197 655//197
f 728//197 729//197 655//197
f 506//2730 460//2730 422//2730
f 730//2731 447//2731 656//2731
f 729//197 730//197 656//197
f 650//2684 728//2684 651//2684
f 462//2732 738//2732 506//2732
f 738//2733 460//2733 506//2733
f 730//2734 739//2734 447//2734
f 739//2735 471//2735 447//2735
f 650//2736 729//2736 728//2736
f 742//2737 693//2737 665//2737
f 674//2737 742//2737 665//2737
f 419//2738 418//2738 666//2738
f 418//2739 750//2739 666//2739
f 750//2740 694//2740 666//2740
f 755//2741 756//2741 730//2741
f 756//2742 739//2742 730//2742
f 729//197 755//197 730//197
f 696//2743 757//2743 571//2743
f 757//2744 650//2744 571//2744
f 759//2745 682//2745 727//2745
f 726//2746 759//2746 727//2746
f 759//2747 684//2747 682//2747
f 761//2748 762//2748 661//2748
f 717//2749 761//2749 661//2749
f 762//2722 691//2722 661//2722
f 765//2750 652//2750 653//2750
f 766//2750 765//2750 653//2750
f 594//2751 766//2751 653//2751
f 767//2752 613//2752 652//2752
f 765//2753 767//2753 652//2753
f 768//2754 766//2754 594//2754
f 628//2755 768//2755 594//2755
f 769//197 724//197 693//197
f 742//197 769//197 693//197
f 723//511 770//511 717//511
f 770//511 761//511 717//511
f 770//511 771//511 761//511
f 771//2756 762//2756 761//2756
f 778//2757 612//2757 613//2757
f 767//2758 778//2758 613//2758
f 779//2759 768//2759 628//2759
f 691//2760 779//2760 628//2760
f 780//2761 658//2761 657//2761
f 667//2762 780//2762 657//2762
f 780//2761 781//2761 658//2761
f 782//511 723//511 658//511
f 781//511 782//511 658//511
f 785//2763 780//2763 667//2763
f 694//2764 785//2764 667//2764
f 798//2765 785//2765 694//2765
f 750//2766 798//2766 694//2766
f 757//2767 799//2767 650//2767
f 799//2736 729//2736 650//2736
f 800//2768 674//2768 612//2768
f 778//2768 800//2768 612//2768
f 762//2769 808//2769 691//2769
f 809//2760 779//2760 691//2760
f 808//2770 809//2770 691//2770
f 810//197 755//197 729//197
f 799//197 811//197 729//197
f 811//197 812//197 729//197
f 812//197 810//197 729//197
f 817//2771 738//2771 462//2771
f 461//2772 817//2772 462//2772
f 756//2773 472//2773 471//2773
f 739//2774 756//2774 471//2774
f 818//2775 819//2775 759//2775
f 819//2776 684//2776 759//2776
f 726//2777 818//2777 759//2777
f 819//2778 822//2778 684//2778
f 822//2779 685//2779 684//2779
f 817//2780 826//2780 738//2780
f 826//2781 460//2781 738//2781
f 831//2782 696//2782 685//2782
f 822//2783 832//2783 685//2783
f 832//2784 831//2784 685//2784
f 835//2766 798//2766 750//2766
f 418//2785 835//2785 750//2785
f 845//2786 742//2786 674//2786
f 800//2786 845//2786 674//2786
f 696//2787 852//2787 757//2787
f 852//2788 853//2788 757//2788
f 853//2789 799//2789 757//2789
f 853//197 857//197 799//197
f 857//197 811//197 799//197
f 771//2756 862//2756 762//2756
f 862//2790 808//2790 762//2790
f 845//197 769//197 742//197
f 869//2791 781//2791 780//2791
f 785//2792 869//2792 780//2792
f 869//2791 870//2791 781//2791
f 871//511 782//511 781//511
f 872//511 871//511 781//511
f 870//511 872//511 781//511
f 874//2793 869//2793 785//2793
f 875//2794 874//2794 785//2794
f 798//2795 875//2795 785//2795
f 831//2796 880//2796 696//2796
f 880//2797 852//2797 696//2797
f 770//511 862//511 771//511
f 810//2798 756//2798 755//2798
f 826//197 461//197 460//197
f 886//197 461//197 826//197
f 817//2799 886//2799 826//2799
f 887//2800 875//2800 798//2800
f 888//2801 887//2801 798//2801
f 835//2802 888//2802 798//2802
f 689//2803 835//2803 418//2803
f 891//2804 765//2804 766//2804
f 892//2804 891//2804 766//2804
f 768//2805 892//2805 766//2805
f 891//2752 767//2752 765//2752
f 461//2806 893//2806 817//2806
f 893//2807 886//2807 817//2807
f 810//2808 812//2808 756//2808
f 812//2809 472//2809 756//2809
f 897//2810 888//2810 835//2810
f 689//2811 897//2811 835//2811
f 898//2812 808//2812 862//2812
f 899//511 898//511 862//511
f 770//511 899//511 862//511
f 880//2813 853//2813 852//2813
f 788//2811 897//2811 689//2811
f 880//2814 908//2814 853//2814
f 908//197 909//197 853//197
f 909//197 857//197 853//197
f 928//2815 809//2815 808//2815
f 898//2816 928//2816 808//2816
f 935//2817 891//2817 892//2817
f 936//2818 935//2818 892//2818
f 768//2819 936//2819 892//2819
f 937//2820 767//2820 891//2820
f 935//2820 937//2820 891//2820
f 779//2821 938//2821 768//2821
f 938//2822 936//2822 768//2822
f 949//2823 778//2823 767//2823
f 937//2824 949//2824 767//2824
f 809//2825 955//2825 779//2825
f 955//2821 938//2821 779//2821
f 960//2826 800//2826 778//2826
f 949//2826 960//2826 778//2826
f 874//2827 961//2827 869//2827
f 961//2827 962//2827 869//2827
f 963//517 870//517 869//517
f 962//517 963//517 869//517
f 963//511 872//511 870//511
f 875//2828 964//2828 874//2828
f 964//2828 961//2828 874//2828
f 887//2829 965//2829 875//2829
f 965//2829 964//2829 875//2829
f 888//2830 966//2830 887//2830
f 966//2830 965//2830 887//2830
f 897//2831 967//2831 888//2831
f 967//2832 966//2832 888//2832
f 788//2833 789//2833 897//2833
f 789//2833 967//2833 897//2833
f 968//2834 818//2834 726//2834
f 725//197 968//197 726//197
f 969//2835 819//2835 818//2835
f 968//2834 969//2834 818//2834
f 969//2836 970//2836 819//2836
f 970//2835 822//2835 819//2835
f 970//2837 971//2837 822//2837
f 971//2838 832//2838 822//2838
f 928//2839 973//2839 809//2839
f 973//2840 974//2840 809//2840
f 974//2841 955//2841 809//2841
f 971//2842 983//2842 832//2842
f 983//2843 831//2843 832//2843
f 893//197 461//197 886//197
f 989//2844 845//2844 800//2844
f 960//2844 989//2844 800//2844
f 898//2845 973//2845 928//2845
f 983//2846 880//2846 831//2846
f 990//197 769//197 845//197
f 989//197 990//197 845//197
f 811//197 472//197 812//197
f 811//197 991//197 472//197
f 899//511 1000//511 898//511
f 1000//2847 973//2847 898//2847
f 1007//2848 969//2848 968//2848
f 725//197 1007//197 968//197
f 1008//2849 1009//2849 969//2849
f 1009//2849 970//2849 969//2849
f 1007//2848 1008//2848 969//2848
f 1009//2850 1010//2850 970//2850
f 1010//2850 971//2850 970//2850
f 983//2851 1014//2851 880//2851
f 1014//2846 908//2846 880//2846
f 1014//197 1015//197 908//197
f 1015//197 909//197 908//197
f 1010//2852 1020//2852 971//2852
f 1020//2853 1021//2853 971//2853
f 1021//2854 983//2854 971//2854
f 1015//2855 1014//2855 983//2855
f 1021//2856 1026//2856 983//2856
f 1026//2857 1015//2857 983//2857
f 1000//2858 1062//2858 973//2858
f 1062//2859 974//2859 973//2859
f 899//511 1066//511 1000//511
f 1066//2860 1062//2860 1000//2860
f 1068//517 1069//517 1007//517
f 1069//517 1008//517 1007//517
f 1070//197 1068//197 1007//197
f 1071//197 1070//197 1007//197
f 725//197 1071//197 1007//197
f 1069//2861 1009//2861 1008//2861
f 1069//2862 1072//2862 1009//2862
f 1072//2863 1010//2863 1009//2863
f 1072//2863 1073//2863 1010//2863
f 1073//2864 1020//2864 1010//2864
f 1073//2865 1074//2865 1020//2865
f 1074//2866 1021//2866 1020//2866
f 1074//2866 1075//2866 1021//2866
f 1075//2866 1026//2866 1021//2866
f 1075//2867 1076//2867 1026//2867
f 1076//2868 1015//2868 1026//2868
f 1076//2868 1077//2868 1015//2868
f 1077//197 909//197 1015//197
f 1101//2869 935//2869 936//2869
f 1102//2869 1101//2869 936//2869
f 938//2870 1102//2870 936//2870
f 1103//2871 937//2871 935//2871
f 1101//2871 1103//2871 935//2871
f 955//2872 1104//2872 938//2872
f 1104//2873 1102//2873 938//2873
f 1106//2874 949//2874 937//2874
f 1103//2875 1106//2875 937//2875
f 974//2876 1109//2876 955//2876
f 1109//2877 1104//2877 955//2877
f 1118//2878 960//2878 949//2878
f 1106//2878 1118//2878 949//2878
f 1062//2879 1122//2879 974//2879
f 1122//2880 1123//2880 974//2880
f 1123//2876 1109//2876 974//2876
f 1125//2881 989//2881 960//2881
f 1118//2882 1125//2882 960//2882
f 1066//2883 1122//2883 1062//2883
f 1125//197 990//197 989//197
f 899//511 1135//511 1066//511
f 1135//2884 1122//2884 1066//2884
f 1135//2885 1179//2885 1122//2885
f 1179//2886 1123//2886 1122//2886
f 899//511 1196//511 1135//511
f 1196//2887 1179//2887 1135//2887
f 725//1267 724//1267 723//1267
f 782//1267 725//1267 723//1267
f 724//2888 770//2888 723//2888
f 769//2888 770//2888 724//2888
f 1218//2889 1101//2889 1102//2889
f 1219//2889 1218//2889 1102//2889
f 1104//2890 1219//2890 1102//2890
f 1218//2891 1103//2891 1101//2891
f 1109//2892 1220//2892 1104//2892
f 1220//2890 1219//2890 1104//2890
f 1221//2893 1106//2893 1103//2893
f 1218//2891 1222//2891 1103//2891
f 1222//2894 1221//2894 1103//2894
f 1123//2895 1223//2895 1109//2895
f 1223//2896 1220//2896 1109//2896
f 769//1071 899//1071 770//1071
f 990//1071 899//1071 769//1071
f 1071//1258 725//1258 782//1258
f 871//1258 1071//1258 782//1258
f 1221//2897 1226//2897 1106//2897
f 1226//2897 1118//2897 1106//2897
f 1227//2895 1223//2895 1123//2895
f 1179//2898 1228//2898 1123//2898
f 1228//2899 1227//2899 1123//2899
f 1226//2900 1230//2900 1118//2900
f 1230//2901 1125//2901 1118//2901
f 1196//2887 1228//2887 1179//2887
f 1236//197 990//197 1125//197
f 1230//197 1236//197 1125//197
f 899//511 1237//511 1196//511
f 1237//2902 1228//2902 1196//2902
f 1243//2889 1218//2889 1219//2889
f 1244//2889 1243//2889 1219//2889
f 1220//2903 1244//2903 1219//2903
f 1243//2891 1222//2891 1218//2891
f 1247//511 1237//511 899//511
f 990//2904 1247//2904 899//2904
f 1236//2904 1247//2904 990//2904
f 1070//1246 1071//1246 871//1246
f 872//1246 1070//1246 871//1246
f 1237//2905 1262//2905 1228//2905
f 1262//2906 1227//2906 1228//2906
f 1247//511 1266//511 1237//511
f 1266//1670 1262//1670 1237//1670
f 1295//2907 1243//2907 1244//2907
f 1296//2907 1295//2907 1244//2907
f 1220//2908 1296//2908 1244//2908
f 1297//2909 1222//2909 1243//2909
f 1295//2909 1297//2909 1243//2909
f 1223//2910 1298//2910 1220//2910
f 1298//2908 1296//2908 1220//2908
f 1299//2911 1221//2911 1222//2911
f 1297//2912 1299//2912 1222//2912
f 1300//2913 1298//2913 1223//2913
f 1227//2914 1300//2914 1223//2914
f 1301//2915 1226//2915 1221//2915
f 1299//2915 1301//2915 1221//2915
f 1302//2916 1300//2916 1227//2916
f 1262//2917 1302//2917 1227//2917
f 1303//2918 1230//2918 1226//2918
f 1301//2918 1303//2918 1226//2918
f 1266//2919 1304//2919 1262//2919
f 1304//2920 1305//2920 1262//2920
f 1305//2917 1302//2917 1262//2917
f 1303//197 1236//197 1230//197
f 1306//511 1304//511 1247//511
f 1304//511 1266//511 1247//511
f 1236//2921 1306//2921 1247//2921
f 1307//2921 1306//2921 1236//2921
f 1303//197 1307//197 1236//197
f 963//511 1308//511 872//511
f 1309//571 1070//571 872//571
f 1308//571 1309//571 872//571
f 1309//197 1068//197 1070//197
f 1306//511 1310//511 1304//511
f 1310//2922 1305//2922 1304//2922
f 1318//511 1310//511 1306//511
f 1319//511 1320//511 1306//511
f 1320//511 1321//511 1306//511
f 1321//511 1318//511 1306//511
f 1322//511 1319//511 1306//511
f 1323//511 1322//511 1306//511
f 1307//2923 1323//2923 1306//2923
f 1324//2923 1323//2923 1307//2923
f 1325//197 1324//197 1307//197
f 1303//197 1326//197 1307//197
f 1326//197 1325//197 1307//197
f 963//511 1327//511 1308//511
f 1328//532 1309//532 1308//532
f 1327//532 1328//532 1308//532
f 1328//197 1329//197 1309//197
f 1329//197 1068//197 1309//197
f 1333//2907 1295//2907 1296//2907
f 1334//2907 1333//2907 1296//2907
f 1298//2924 1334//2924 1296//2924
f 1333//2909 1297//2909 1295//2909
f 1318//2925 1305//2925 1310//2925
f 1301//2926 1326//2926 1303//2926
f 1335//2927 1302//2927 1305//2927
f 1318//2928 1335//2928 1305//2928
f 1299//2929 1336//2929 1301//2929
f 1336//2930 1326//2930 1301//2930
f 1337//2931 1300//2931 1302//2931
f 1338//2931 1337//2931 1302//2931
f 1335//2932 1338//2932 1302//2932
f 1297//2933 1339//2933 1299//2933
f 1339//2929 1336//2929 1299//2929
f 1340//511 1341//511 1323//511
f 1342//511 1340//511 1323//511
f 1343//511 1322//511 1323//511
f 1341//511 1343//511 1323//511
f 1324//2934 1342//2934 1323//2934
f 1344//2934 1342//2934 1324//2934
f 1345//197 1344//197 1324//197
f 1346//197 1345//197 1324//197
f 1325//197 1346//197 1324//197
f 963//511 1347//511 1327//511
f 1347//511 1348//511 1327//511
f 1348//511 1340//511 1327//511
f 1340//511 1342//511 1327//511
f 1344//514 1328//514 1327//514
f 1342//514 1344//514 1327//514
f 1344//197 1349//197 1328//197
f 1349//197 1329//197 1328//197
f 1350//2935 1298//2935 1300//2935
f 1337//2936 1350//2936 1300//2936
f 1351//2937 1339//2937 1297//2937
f 1333//2938 1351//2938 1297//2938
f 1352//2939 1334//2939 1298//2939
f 1350//2940 1352//2940 1298//2940
f 1353//2941 1333//2941 1334//2941
f 1352//2941 1353//2941 1334//2941
f 1353//2938 1351//2938 1333//2938
f 1321//2942 1335//2942 1318//2942
f 1355//197 1349//197 1344//197
f 1345//197 1355//197 1344//197
f 1358//2943 1338//2943 1335//2943
f 1321//2944 1358//2944 1335//2944
f 1320//2945 1358//2945 1321//2945
f 1336//2946 1325//2946 1326//2946
f 1374//2947 1338//2947 1358//2947
f 1320//2948 1374//2948 1358//2948
f 1339//2949 1375//2949 1336//2949
f 1375//2946 1325//2946 1336//2946
f 1378//2950 1337//2950 1338//2950
f 1379//2950 1378//2950 1338//2950
f 1374//2951 1379//2951 1338//2951
f 1380//2949 1375//2949 1339//2949
f 1351//2952 1380//2952 1339//2952
f 1378//2953 1384//2953 1337//2953
f 1384//2953 1350//2953 1337//2953
f 1385//2954 1380//2954 1351//2954
f 1353//2955 1385//2955 1351//2955
f 1384//2956 1386//2956 1350//2956
f 1386//2957 1352//2957 1350//2957
f 1387//2958 1353//2958 1352//2958
f 1386//2958 1387//2958 1352//2958
f 1387//2955 1385//2955 1353//2955
f 1329//2959 1069//2959 1068//2959
f 1397//2960 1072//2960 1069//2960
f 1398//2961 1397//2961 1069//2961
f 1329//2959 1398//2959 1069//2959
f 1397//2962 1073//2962 1072//2962
f 1397//2962 1399//2962 1073//2962
f 1399//2963 1074//2963 1073//2963
f 1399//2964 1075//2964 1074//2964
f 1399//2965 1400//2965 1075//2965
f 1400//2966 1076//2966 1075//2966
f 1400//2967 1401//2967 1076//2967
f 1401//2968 1077//2968 1076//2968
f 1401//197 909//197 1077//197
f 1319//2969 1374//2969 1320//2969
f 1402//2970 1379//2970 1374//2970
f 1319//2971 1402//2971 1374//2971
f 1403//2972 1404//2972 1401//2972
f 1400//2973 1403//2973 1401//2973
f 1404//197 909//197 1401//197
f 1407//2973 1403//2973 1400//2973
f 1399//2974 1407//2974 1400//2974
f 1408//2975 1407//2975 1399//2975
f 1397//2976 1408//2976 1399//2976
f 1409//2977 1410//2977 1404//2977
f 1403//2978 1409//2978 1404//2978
f 1410//197 909//197 1404//197
f 1407//2978 1409//2978 1403//2978
f 1398//2979 1414//2979 1397//2979
f 1415//2976 1408//2976 1397//2976
f 1414//2980 1415//2980 1397//2980
f 1349//2981 1398//2981 1329//2981
f 1416//2982 1414//2982 1398//2982
f 1349//2981 1416//2981 1398//2981
f 1419//2983 1402//2983 1319//2983
f 1322//2984 1419//2984 1319//2984
f 1420//197 1421//197 1422//197
f 1423//197 1420//197 1422//197
f 1424//2985 1423//2985 1422//2985
f 1421//2986 1424//2986 1422//2986
f 857//2987 1425//2987 811//2987
f 1425//2988 991//2988 811//2988
f 1426//2989 1424//2989 1421//2989
f 1420//517 1426//517 1421//517
f 1425//2990 1427//2990 991//2990
f 1375//2991 1346//2991 1325//2991
f 1428//2992 1409//2992 1407//2992
f 1408//2993 1428//2993 1407//2993
f 1419//2994 1379//2994 1402//2994
f 1429//2991 1346//2991 1375//2991
f 1380//2995 1429//2995 1375//2995
f 909//2996 1425//2996 857//2996
f 1432//2997 1428//2997 1408//2997
f 1415//2998 1432//2998 1408//2998
f 1433//2999 1378//2999 1379//2999
f 1419//3000 1434//3000 1379//3000
f 1434//2999 1433//2999 1379//2999
f 1435//3001 1432//3001 1415//3001
f 1414//3002 1435//3002 1415//3002
f 1416//3003 1435//3003 1414//3003
f 1436//3004 1416//3004 1349//3004
f 1437//3005 1436//3005 1349//3005
f 1355//197 1437//197 1349//197
f 1436//3006 1435//3006 1416//3006
f 1438//3007 963//3007 962//3007
f 961//3008 1438//3008 962//3008
f 1438//3007 1347//3007 963//3007
f 1439//3009 1438//3009 961//3009
f 964//3010 1439//3010 961//3010
f 1440//3011 1439//3011 964//3011
f 965//3012 1440//3012 964//3012
f 966//3013 1440//3013 965//3013
f 1441//3014 1440//3014 966//3014
f 967//3015 1441//3015 966//3015
f 789//3016 1441//3016 967//3016
f 1442//3016 1441//3016 789//3016
f 1444//2995 1429//2995 1380//2995
f 1385//3017 1444//3017 1380//3017
f 1447//3018 1384//3018 1378//3018
f 1433//3019 1447//3019 1378//3019
f 1387//3020 1448//3020 1385//3020
f 1449//3017 1444//3017 1385//3017
f 1448//3020 1449//3020 1385//3020
f 1447//3021 1450//3021 1384//3021
f 1450//3022 1386//3022 1384//3022
f 1448//3023 1387//3023 1386//3023
f 1450//3023 1448//3023 1386//3023
f 1451//3024 1434//3024 1419//3024
f 1322//3025 1451//3025 1419//3025
f 1343//3026 1451//3026 1322//3026
f 1409//2977 1452//2977 1410//2977
f 1452//197 909//197 1410//197
f 1454//3027 1441//3027 1442//3027
f 1453//3027 1454//3027 1442//3027
f 1428//3028 1457//3028 1409//3028
f 1457//3029 1452//3029 1409//3029
f 1458//197 1420//197 1423//197
f 1424//3030 1458//3030 1423//3030
f 1459//3031 1440//3031 1441//3031
f 1454//3031 1459//3031 1441//3031
f 1460//3032 1458//3032 1424//3032
f 1461//3033 1460//3033 1424//3033
f 1426//3034 1461//3034 1424//3034
f 909//3035 1462//3035 1425//3035
f 1462//3036 1427//3036 1425//3036
f 1463//3023 1448//3023 1450//3023
f 1464//3023 1463//3023 1450//3023
f 1447//3037 1464//3037 1450//3037
f 1463//3038 1449//3038 1448//3038
f 1465//3039 1454//3039 1453//3039
f 1466//3040 1439//3040 1440//3040
f 1459//3041 1466//3041 1440//3041
f 1467//3042 1462//3042 909//3042
f 1452//197 1468//197 909//197
f 1468//197 1467//197 909//197
f 1341//511 1469//511 1343//511
f 1469//3043 1470//3043 1343//3043
f 1470//3044 1451//3044 1343//3044
f 1471//3045 1462//3045 1467//3045
f 1472//3046 1471//3046 1467//3046
f 1468//197 1472//197 1467//197
f 1460//197 1420//197 1458//197
f 1474//3047 1457//3047 1428//3047
f 1475//3048 1474//3048 1428//3048
f 1432//3049 1475//3049 1428//3049
f 1476//3050 1438//3050 1439//3050
f 1466//3051 1476//3051 1439//3051
f 1476//3052 1347//3052 1438//3052
f 1476//3052 1348//3052 1347//3052
f 1429//3053 1345//3053 1346//3053
f 1470//3054 1434//3054 1451//3054
f 1457//3055 1468//3055 1452//3055
f 1474//3056 1468//3056 1457//3056
f 1444//3057 1477//3057 1429//3057
f 1477//3053 1345//3053 1429//3053
f 1479//3058 1459//3058 1454//3058
f 1480//3059 1479//3059 1454//3059
f 1465//3060 1480//3060 1454//3060
f 1481//3061 1475//3061 1432//3061
f 1435//3062 1481//3062 1432//3062
f 1482//3033 1460//3033 1461//3033
f 1426//3063 1482//3063 1461//3063
f 1471//3064 1427//3064 1462//3064
f 1436//3065 1483//3065 1435//3065
f 1484//3066 1481//3066 1435//3066
f 1483//3067 1484//3067 1435//3067
f 1437//3068 1483//3068 1436//3068
f 1485//3069 1482//3069 1426//3069
f 1420//517 1485//517 1426//517
f 1471//3070 1486//3070 1427//3070
f 1487//3071 1488//3071 1468//3071
f 1474//3072 1487//3072 1468//3072
f 1488//197 1489//197 1468//197
f 1489//197 1472//197 1468//197
f 1490//3073 1491//3073 1434//3073
f 1491//3073 1433//3073 1434//3073
f 1470//3074 1490//3074 1434//3074
f 1449//3075 1492//3075 1444//3075
f 1492//3057 1477//3057 1444//3057
f 1475//3076 1487//3076 1474//3076
f 1469//3077 1493//3077 1470//3077
f 1493//3078 1490//3078 1470//3078
f 1494//3079 1466//3079 1459//3079
f 1479//3080 1494//3080 1459//3080
f 1495//197 1496//197 1465//197
f 1496//3081 1480//3081 1465//3081
f 1341//3082 1493//3082 1469//3082
f 1497//3083 1476//3083 1466//3083
f 1494//3084 1497//3084 1466//3084
f 1498//3085 1348//3085 1476//3085
f 1497//3086 1498//3086 1476//3086
f 1498//511 1340//511 1348//511
f 1500//3087 1447//3087 1433//3087
f 1491//3087 1500//3087 1433//3087
f 1340//3082 1493//3082 1341//3082
f 1463//3088 1501//3088 1449//3088
f 1501//3089 1492//3089 1449//3089
f 1477//3090 1355//3090 1345//3090
f 1505//3091 1464//3091 1447//3091
f 1500//3092 1505//3092 1447//3092
f 1509//3093 1463//3093 1464//3093
f 1505//3093 1509//3093 1464//3093
f 1509//3094 1501//3094 1463//3094
f 1340//3095 1510//3095 1493//3095
f 1510//3096 1511//3096 1493//3096
f 1511//3096 1490//3096 1493//3096
f 1512//3097 1484//3097 1483//3097
f 1437//3098 1512//3098 1483//3098
f 1513//3099 1512//3099 1437//3099
f 1355//197 1513//197 1437//197
f 1481//3100 1514//3100 1475//3100
f 1514//3101 1487//3101 1475//3101
f 1515//197 1420//197 1460//197
f 1482//3102 1515//3102 1460//3102
f 1496//3103 1516//3103 1480//3103
f 1516//3104 1517//3104 1480//3104
f 1517//3105 1479//3105 1480//3105
f 1492//3106 1519//3106 1477//3106
f 1519//3106 1520//3106 1477//3106
f 1520//3090 1355//3090 1477//3090
f 1495//197 1521//197 1496//197
f 1522//3107 1516//3107 1496//3107
f 1521//3108 1522//3108 1496//3108
f 1487//3109 1489//3109 1488//3109
f 1523//3110 1524//3110 1482//3110
f 1524//3111 1525//3111 1482//3111
f 1525//3112 1526//3112 1482//3112
f 1527//3113 1515//3113 1482//3113
f 1528//3114 1527//3114 1482//3114
f 1526//3115 1529//3115 1482//3115
f 1529//3116 1528//3116 1482//3116
f 1485//3117 1523//3117 1482//3117
f 1472//3118 1530//3118 1471//3118
f 1530//3119 1531//3119 1471//3119
f 1531//3120 1532//3120 1471//3120
f 1532//3121 1533//3121 1471//3121
f 1533//3122 1534//3122 1471//3122
f 1534//3123 1535//3123 1471//3123
f 1535//3124 1536//3124 1471//3124
f 1536//3125 1486//3125 1471//3125
f 1514//3109 1537//3109 1487//3109
f 1537//3126 1489//3126 1487//3126
f 1498//3127 1510//3127 1340//3127
f 1538//3128 1513//3128 1355//3128
f 1520//3129 1538//3129 1355//3129
f 1538//3130 1512//3130 1513//3130
f 1497//3131 1539//3131 1498//3131
f 1539//3132 1510//3132 1498//3132
f 1537//3133 1472//3133 1489//3133
f 1527//3134 1522//3134 1521//3134
f 1515//3135 1527//3135 1521//3135
f 1537//3136 1530//3136 1472//3136
f 1539//3137 1511//3137 1510//3137
f 1497//3138 1542//3138 1539//3138
f 1542//3139 1511//3139 1539//3139
f 1484//3140 1544//3140 1481//3140
f 1544//3141 1545//3141 1481//3141
f 1545//3142 1514//3142 1481//3142
f 1517//3143 1546//3143 1479//3143
f 1546//3144 1494//3144 1479//3144
f 1519//3145 1538//3145 1520//3145
f 1511//3146 1547//3146 1490//3146
f 1547//3147 1548//3147 1490//3147
f 1548//3148 1491//3148 1490//3148
f 1512//3149 1550//3149 1484//3149
f 1550//3150 1544//3150 1484//3150
f 1551//3151 1550//3151 1512//3151
f 1538//3152 1551//3152 1512//3152
f 1501//3153 1552//3153 1492//3153
f 1552//3154 1553//3154 1492//3154
f 1553//3106 1519//3106 1492//3106
f 1546//3155 1555//3155 1494//3155
f 1555//3156 1497//3156 1494//3156
f 1555//3157 1556//3157 1542//3157
f 1497//3158 1555//3158 1542//3158
f 1547//3159 1511//3159 1542//3159
f 1556//3160 1547//3160 1542//3160
f 1557//3161 1517//3161 1516//3161
f 1558//3161 1557//3161 1516//3161
f 1522//3162 1558//3162 1516//3162
f 1537//3136 1559//3136 1530//3136
f 1559//3163 1531//3163 1530//3163
f 1560//3164 1538//3164 1519//3164
f 1553//3165 1560//3165 1519//3165
f 1514//3166 1561//3166 1537//3166
f 1561//3167 1559//3167 1537//3167
f 1560//3168 1551//3168 1538//3168
f 1527//3169 1558//3169 1522//3169
f 1562//3170 1558//3170 1527//3170
f 1528//3171 1562//3171 1527//3171
f 1563//3093 1509//3093 1505//3093
f 1564//3093 1563//3093 1505//3093
f 1500//3172 1564//3172 1505//3172
f 1563//3094 1501//3094 1509//3094
f 1545//3173 1565//3173 1514//3173
f 1565//3174 1561//3174 1514//3174
f 1529//3175 1557//3175 1562//3175
f 1557//3176 1558//3176 1562//3176
f 1528//3177 1529//3177 1562//3177
f 1565//3178 1531//3178 1561//3178
f 1531//3179 1559//3179 1561//3179
f 1566//3180 1567//3180 1523//3180
f 1567//3181 1524//3181 1523//3181
f 1485//3182 1566//3182 1523//3182
f 1535//3183 1568//3183 1536//3183
f 1568//3184 1569//3184 1536//3184
f 1569//3185 1486//3185 1536//3185
f 1556//3186 1548//3186 1547//3186
f 1548//3187 1571//3187 1491//3187
f 1571//3188 1572//3188 1491//3188
f 1572//3189 1500//3189 1491//3189
f 1573//3190 1551//3190 1560//3190
f 1553//3191 1573//3191 1560//3191
f 1576//3192 1566//3192 1485//3192
f 1420//517 1576//517 1485//517
f 1569//3193 1577//3193 1486//3193
f 1555//3194 1579//3194 1556//3194
f 1579//3195 1548//3195 1556//3195
f 1580//3196 1581//3196 1501//3196
f 1581//3153 1552//3153 1501//3153
f 1563//3197 1580//3197 1501//3197
f 1552//3198 1573//3198 1553//3198
f 1594//3199 1595//3199 1500//3199
f 1595//3200 1564//3200 1500//3200
f 1572//3189 1594//3189 1500//3189
f 1596//3201 1563//3201 1564//3201
f 1595//3201 1596//3201 1564//3201
f 1596//3197 1580//3197 1563//3197
f 1597//3190 1551//3190 1573//3190
f 1552//3202 1597//3202 1573//3202
f 1555//3194 1598//3194 1579//3194
f 1571//3203 1548//3203 1579//3203
f 1598//3204 1571//3204 1579//3204
f 1545//3205 1599//3205 1565//3205
f 1599//3206 1532//3206 1565//3206
f 1532//3207 1531//3207 1565//3207
f 1581//3208 1597//3208 1552//3208
f 1529//3209 1600//3209 1557//3209
f 1600//3210 1517//3210 1557//3210
f 1601//3211 1546//3211 1517//3211
f 1600//3212 1601//3212 1517//3212
f 1599//3213 1533//3213 1532//3213
f 1601//3214 1600//3214 1529//3214
f 1602//3215 1601//3215 1529//3215
f 1526//3216 1602//3216 1529//3216
f 1544//3217 1603//3217 1545//3217
f 1603//3218 1599//3218 1545//3218
f 1603//3219 1534//3219 1533//3219
f 1599//3220 1603//3220 1533//3220
f 1605//3221 1606//3221 1566//3221
f 1606//3222 1567//3222 1566//3222
f 1576//3223 1605//3223 1566//3223
f 1607//3224 1608//3224 1569//3224
f 1609//3225 1607//3225 1569//3225
f 1568//3226 1610//3226 1569//3226
f 1610//3227 1609//3227 1569//3227
f 1608//3228 1577//3228 1569//3228
f 1598//3229 1572//3229 1571//3229
f 1619//3230 1551//3230 1597//3230
f 1581//3231 1619//3231 1597//3231
f 1621//3232 1622//3232 1546//3232
f 1622//3233 1555//3233 1546//3233
f 1601//3234 1621//3234 1546//3234
f 1624//3235 1598//3235 1555//3235
f 1622//3235 1624//3235 1555//3235
f 1624//3236 1572//3236 1598//3236
f 1625//3237 1619//3237 1581//3237
f 1580//3238 1625//3238 1581//3238
f 1624//3239 1594//3239 1572//3239
f 1544//3240 1626//3240 1603//3240
f 1626//3241 1534//3241 1603//3241
f 1526//3242 1621//3242 1601//3242
f 1602//3243 1526//3243 1601//3243
f 1627//3244 1594//3244 1624//3244
f 1622//3235 1627//3235 1624//3235
f 1550//3245 1626//3245 1544//3245
f 1596//3246 1625//3246 1580//3246
f 1551//3247 1628//3247 1550//3247
f 1628//3248 1626//3248 1550//3248
f 1525//3249 1621//3249 1526//3249
f 1626//3250 1535//3250 1534//3250
f 1628//3251 1551//3251 1619//3251
f 1625//3252 1628//3252 1619//3252
f 1596//3253 1629//3253 1625//3253
f 1629//3251 1628//3251 1625//3251
f 1628//3254 1568//3254 1535//3254
f 1626//3255 1628//3255 1535//3255
f 1525//3256 1622//3256 1621//3256
f 1627//3257 1595//3257 1594//3257
f 1629//3258 1608//3258 1607//3258
f 1609//2572 1629//2572 1607//2572
f 1567//2572 1627//2572 1524//2572
f 1627//510 1622//510 1524//510
f 1622//3259 1525//3259 1524//3259
f 1568//510 1628//510 1610//510
f 1628//510 1629//510 1610//510
f 1629//3260 1609//3260 1610//3260
f 1629//510 1596//510 1595//510
f 1627//510 1629//510 1595//510
f 1576//510 1608//510 1629//510
f 1605//510 1576//510 1629//510
f 1627//510 1605//510 1629//510
f 1606//510 1605//510 1627//510
f 1567//510 1606//510 1627//510
f 1576//510 1577//510 1608//510
f 1634//510 1576//510 1420//510
f 1634//510 1577//510 1576//510
f 1723//511 1724//511 1720//511
f 1721//511 1723//511 1720//511
f 1724//511 1722//511 1720//511
f 1724//511 1758//511 1722//511
f 1759//511 1723//511 1721//511
f 1826//3261 1827//3261 1828//3261
f 1829//2545 1826//2545 1828//2545
f 1827//510 1830//510 1828//510
f 1832//2546 1826//2546 1829//2546
f 1833//2547 1832//2547 1829//2547
f 1834//512 1835//512 1836//512
f 1837//2548 1834//2548 1836//2548
f 1838//2548 1837//2548 1836//2548
f 1835//3262 1839//3262 1836//3262
f 1839//3263 1838//3263 1836//3263
f 1840//512 1835//512 1834//512
f 1841//2551 1842//2551 1834//2551
f 1842//2552 1840//2552 1834//2552
f 1837//2553 1841//2553 1834//2553
f 1647//512 1835//512 1840//512
f 1846//512 1646//512 1840//512
f 1646//512 1639//512 1840//512
f 1639//512 1647//512 1840//512
f 1842//2554 1846//2554 1840//2554
f 1847//2555 1848//2555 1846//2555
f 1849//3264 1847//3264 1846//3264
f 1848//2557 1646//2557 1846//2557
f 1842//2554 1849//2554 1846//2554
f 1850//3265 1851//3265 1852//3265
f 1647//3266 1850//3266 1852//3266
f 1835//512 1647//512 1852//512
f 1851//3267 1853//3267 1852//3267
f 1854//3268 1835//3268 1852//3268
f 1853//2561 1854//2561 1852//2561
f 1854//3269 1855//3269 1835//3269
f 1855//3270 1839//3270 1835//3270
f 1640//512 1647//512 1639//512
f 1848//3271 1856//3271 1646//3271
f 1856//3272 1857//3272 1646//3272
f 1861//3273 1833//3273 1857//3273
f 1856//2569 1861//2569 1857//2569
f 1862//3274 1850//3274 1647//3274
f 1863//2565 1862//2565 1647//2565
f 1864//3275 1863//3275 1647//3275
f 1867//2573 1863//2573 1868//2573
f 1863//3276 1869//3276 1868//3276
f 1869//3258 1867//3258 1868//3258
f 1826//3277 1830//3277 1827//3277
f 1865//197 1870//197 1866//197
f 1870//197 1871//197 1866//197
f 1867//510 1864//510 1866//510
f 1871//517 1872//517 1866//517
f 1872//517 1873//517 1866//517
f 1873//517 1867//517 1866//517
f 1873//2578 1863//2578 1867//2578
f 1869//2572 1864//2572 1867//2572
f 1826//3278 1874//3278 1830//3278
f 1869//3279 1863//3279 1864//3279
f 1861//2579 1832//2579 1833//2579
f 1877//3280 1838//3280 1839//3280
f 1855//3281 1877//3281 1839//3281
f 1879//2582 1880//2582 1848//2582
f 1847//3282 1879//3282 1848//3282
f 1880//2584 1856//2584 1848//2584
f 1881//3283 1882//3283 1851//3283
f 1850//3284 1881//3284 1851//3284
f 1883//2587 1853//2587 1851//2587
f 1882//2617 1883//2617 1851//2617
f 1884//3285 1881//3285 1850//3285
f 1862//2590 1884//2590 1850//2590
f 1885//3286 1886//3286 1881//3286
f 1884//3287 1885//3287 1881//3287
f 1886//3288 1882//3288 1881//3288
f 1887//3289 1849//3289 1842//3289
f 1841//3290 1887//3290 1842//3290
f 1888//3291 1849//3291 1887//3291
f 1889//2594 1888//2594 1887//2594
f 1841//2595 1889//2595 1887//2595
f 1890//3292 1891//3292 1849//3292
f 1891//3293 1847//3293 1849//3293
f 1888//3291 1892//3291 1849//3291
f 1892//2599 1893//2599 1849//2599
f 1893//2600 1890//2600 1849//2600
f 1880//3294 1894//3294 1856//3294
f 1894//3295 1895//3295 1856//3295
f 1895//3296 1861//3296 1856//3296
f 1891//3297 1879//3297 1847//3297
f 1896//3298 1889//3298 1841//3298
f 1837//3299 1896//3299 1841//3299
f 1897//2608 1898//2608 1879//2608
f 1891//2609 1897//2609 1879//2609
f 1898//2582 1880//2582 1879//2582
f 1880//2610 1895//2610 1894//2610
f 1899//3300 1900//3300 1854//3300
f 1900//2612 1855//2612 1854//2612
f 1853//3301 1899//3301 1854//3301
f 1886//3302 1901//3302 1882//3302
f 1902//3303 1883//3303 1882//3303
f 1901//2588 1902//2588 1882//2588
f 1898//2613 1903//2613 1880//2613
f 1903//2614 1895//2614 1880//2614
f 1904//2581 1877//2581 1855//2581
f 1900//2618 1904//2618 1855//2618
f 1905//2619 1888//2619 1889//2619
f 1896//3304 1905//3304 1889//3304
f 1883//3305 1906//3305 1853//3305
f 1907//2625 1899//2625 1853//2625
f 1906//2623 1908//2623 1853//2623
f 1908//2624 1909//2624 1853//2624
f 1909//2622 1907//2622 1853//2622
f 1907//2626 1910//2626 1899//2626
f 1910//3306 1900//3306 1899//3306
f 1911//3305 1906//3305 1883//3305
f 1902//2628 1911//2628 1883//2628
f 1910//2654 1904//2654 1900//2654
f 1884//3307 1917//3307 1885//3307
f 1917//3308 1886//3308 1885//3308
f 1898//2630 1921//2630 1903//2630
f 1921//2631 1895//2631 1903//2631
f 1917//534 1922//534 1901//534
f 1886//3309 1917//3309 1901//3309
f 1922//3310 1902//3310 1901//3310
f 1873//2633 1862//2633 1863//2633
f 1832//2635 1874//2635 1826//2635
f 1724//511 1926//511 1758//511
f 1926//511 1925//511 1758//511
f 1928//511 1723//511 1759//511
f 1927//511 1928//511 1759//511
f 1931//2636 1932//2636 1898//2636
f 1897//3311 1931//3311 1898//3311
f 1932//2638 1921//2638 1898//2638
f 1933//3312 1861//3312 1895//3312
f 1905//3313 1892//3313 1888//3313
f 1921//3314 1934//3314 1895//3314
f 1934//3315 1933//3315 1895//3315
f 1938//3316 1893//3316 1892//3316
f 1905//2619 1938//2619 1892//2619
f 1939//3317 1922//3317 1917//3317
f 1940//3318 1941//3318 1917//3318
f 1884//3319 1940//3319 1917//3319
f 1941//3320 1942//3320 1917//3320
f 1942//3321 1939//3321 1917//3321
f 1943//3322 1911//3322 1902//3322
f 1944//2650 1943//2650 1902//2650
f 1922//3323 1944//3323 1902//3323
f 1939//3324 1944//3324 1922//3324
f 1932//2638 1945//2638 1921//2638
f 1945//2652 1934//2652 1921//2652
f 1946//3325 1938//3325 1905//3325
f 1896//3326 1946//3326 1905//3326
f 1907//3327 1947//3327 1910//3327
f 1947//2655 1948//2655 1910//2655
f 1948//2654 1904//2654 1910//2654
f 1909//3328 1947//3328 1907//3328
f 1949//2657 1837//2657 1838//2657
f 1950//2657 1949//2657 1838//2657
f 1877//3329 1950//3329 1838//3329
f 1949//2688 1896//2688 1837//2688
f 1951//2687 1950//2687 1877//2687
f 1904//2661 1951//2661 1877//2661
f 1956//2662 1893//2662 1938//2662
f 1946//2663 1956//2663 1938//2663
f 1957//2665 1946//2665 1896//2665
f 1958//2665 1957//2665 1896//2665
f 1949//2688 1958//2688 1896//2688
f 1884//2633 1862//2633 1873//2633
f 1872//3330 1884//3330 1873//3330
f 1861//3331 1875//3331 1874//3331
f 1832//3332 1861//3332 1874//3332
f 1964//2670 1861//2670 1933//2670
f 1934//3333 1964//3333 1933//3333
f 1908//3334 1965//3334 1909//3334
f 1965//3335 1947//3335 1909//3335
f 1966//3336 1951//3336 1904//3336
f 1948//3337 1966//3337 1904//3337
f 1965//3338 1948//3338 1947//3338
f 1940//3339 1942//3339 1941//3339
f 1932//3340 1976//3340 1945//3340
f 1964//3341 1934//3341 1945//3341
f 1976//3342 1964//3342 1945//3342
f 1942//3343 1944//3343 1939//3343
f 1979//2684 1980//2684 1932//2684
f 1931//2685 1979//2685 1932//2685
f 1980//3344 1976//3344 1932//3344
f 1982//2657 1949//2657 1950//2657
f 1983//2657 1982//2657 1950//2657
f 1951//3345 1983//3345 1950//3345
f 1982//2688 1958//2688 1949//2688
f 1976//3342 1984//3342 1964//3342
f 1984//3346 1985//3346 1964//3346
f 1985//3347 1861//3347 1964//3347
f 1911//2692 1986//2692 1906//2692
f 1986//2693 1987//2693 1906//2693
f 1987//3348 1988//3348 1906//3348
f 1988//3349 1908//3349 1906//3349
f 1980//3350 1984//3350 1976//3350
f 1908//2697 1989//2697 1965//2697
f 1989//2698 1990//2698 1965//2698
f 1990//3338 1948//3338 1965//3338
f 1940//3339 1865//3339 1942//3339
f 1865//3351 1495//3351 1942//3351
f 1495//3352 1784//3352 1942//3352
f 1784//3353 1944//3353 1942//3353
f 1884//3354 1865//3354 1940//3354
f 1988//3355 1991//3355 1908//3355
f 1991//2700 1989//2700 1908//2700
f 1992//3356 1993//3356 1956//3356
f 1993//3357 1893//3357 1956//3357
f 1994//3358 1992//3358 1956//3358
f 1946//2663 1994//2663 1956//2663
f 1993//3359 1890//3359 1893//3359
f 1784//2709 1785//2709 1944//2709
f 1995//2650 1943//2650 1944//2650
f 1785//2710 1995//2710 1944//2710
f 1943//3360 1996//3360 1911//3360
f 1996//3361 1986//3361 1911//3361
f 1998//2713 1994//2713 1946//2713
f 1957//2713 1998//2713 1946//2713
f 2000//3362 1891//3362 1890//3362
f 1993//3363 2001//3363 1890//3363
f 2001//2716 2000//2716 1890//2716
f 2000//3364 2002//3364 1891//3364
f 2002//2719 2003//2719 1891//2719
f 2003//2719 1897//2719 1891//2719
f 1992//3365 2001//3365 1993//3365
f 2016//2721 1966//2721 1948//2721
f 1990//3366 2016//3366 1948//3366
f 2018//2723 2001//2723 1992//2723
f 2019//2724 2018//2724 1992//2724
f 1994//2724 2019//2724 1992//2724
f 1995//3367 2020//3367 1943//3367
f 2020//2711 1996//2711 1943//2711
f 2003//2727 2026//2727 1897//2727
f 2026//3368 1931//3368 1897//3368
f 2034//2749 1990//2749 1989//2749
f 1991//3369 2034//3369 1989//3369
f 1988//511 1987//511 1991//511
f 2035//511 2034//511 1991//511
f 1987//511 2035//511 1991//511
f 2036//197 2037//197 2018//197
f 2019//197 2036//197 2018//197
f 2037//197 2038//197 2018//197
f 2038//197 2039//197 2018//197
f 2039//197 2001//197 2018//197
f 2039//3370 2000//3370 2001//3370
f 1980//3340 2040//3340 1984//3340
f 2041//197 1985//197 1984//197
f 2040//197 2041//197 1984//197
f 1884//3371 1870//3371 1865//3371
f 2042//3372 1861//3372 1985//3372
f 2041//197 2042//197 1985//197
f 1979//3373 2040//3373 1980//3373
f 1872//2732 2043//2732 1884//2732
f 2043//2733 1870//2733 1884//2733
f 2042//2734 2044//2734 1861//2734
f 2044//2735 1875//2735 1861//2735
f 1979//2736 2041//2736 2040//2736
f 2049//2737 2019//2737 1994//2737
f 1998//2737 2049//2737 1994//2737
f 1785//2738 1803//2738 1995//2738
f 1803//2739 2051//2739 1995//2739
f 2051//2740 2020//2740 1995//2740
f 2052//2741 2053//2741 2042//2741
f 2053//2734 2044//2734 2042//2734
f 2041//197 2052//197 2042//197
f 2026//2743 2054//2743 1931//2743
f 2054//3374 1979//3374 1931//3374
f 2056//2745 2000//2745 2039//2745
f 2038//2746 2056//2746 2039//2746
f 2056//2747 2002//2747 2000//2747
f 2059//3375 2060//3375 1990//3375
f 2034//1626 2059//1626 1990//1626
f 2060//2722 2016//2722 1990//2722
f 2061//2804 1982//2804 1983//2804
f 2062//2804 2061//2804 1983//2804
f 1951//3376 2062//3376 1983//3376
f 2063//2753 1958//2753 1982//2753
f 2061//3377 2063//3377 1982//3377
f 2064//2754 2062//2754 1951//2754
f 1966//3378 2064//3378 1951//3378
f 2065//197 2036//197 2019//197
f 2049//197 2065//197 2019//197
f 2066//511 2059//511 2034//511
f 2035//511 2066//511 2034//511
f 2066//511 2068//511 2059//511
f 2068//2756 2060//2756 2059//2756
f 2071//2757 1957//2757 1958//2757
f 2063//2757 2071//2757 1958//2757
f 2073//3378 2064//3378 1966//3378
f 2016//2760 2073//2760 1966//2760
f 2074//2761 1987//2761 1986//2761
f 1996//3379 2074//3379 1986//3379
f 2074//2761 2075//2761 1987//2761
f 2076//511 2035//511 1987//511
f 2075//511 2076//511 1987//511
f 2077//2762 2074//2762 1996//2762
f 2020//2764 2077//2764 1996//2764
f 2089//2765 2077//2765 2020//2765
f 2051//2766 2089//2766 2020//2766
f 2054//2767 2090//2767 1979//2767
f 2090//2736 2041//2736 1979//2736
f 2091//2768 1998//2768 1957//2768
f 2071//2768 2091//2768 1957//2768
f 2060//2769 2099//2769 2016//2769
f 2100//3380 2073//3380 2016//3380
f 2099//3381 2100//3381 2016//3381
f 2090//197 2052//197 2041//197
f 2106//2771 2043//2771 1872//2771
f 1871//2772 2106//2772 1872//2772
f 2053//2773 1876//2773 1875//2773
f 2044//2774 2053//2774 1875//2774
f 2108//3382 2109//3382 2056//3382
f 2109//3383 2002//3383 2056//3383
f 2038//2777 2108//2777 2056//2777
f 2109//3384 2110//3384 2002//3384
f 2110//3385 2003//3385 2002//3385
f 2106//2780 2111//2780 2043//2780
f 2111//3386 1870//3386 2043//3386
f 2117//2782 2026//2782 2003//2782
f 2110//3387 2118//3387 2003//3387
f 2118//3388 2117//3388 2003//3388
f 2119//2766 2089//2766 2051//2766
f 1803//2785 2119//2785 2051//2785
f 2123//2786 2049//2786 1998//2786
f 2091//2786 2123//2786 1998//2786
f 2026//2787 2124//2787 2054//2787
f 2124//2788 2125//2788 2054//2788
f 2125//3389 2090//3389 2054//3389
f 2126//197 2127//197 2090//197
f 2127//197 2052//197 2090//197
f 2125//197 2128//197 2090//197
f 2128//197 2129//197 2090//197
f 2129//197 2126//197 2090//197
f 2068//3390 2131//3390 2060//3390
f 2131//2790 2099//2790 2060//2790
f 2123//197 2065//197 2049//197
f 2133//3391 2075//3391 2074//3391
f 2077//3392 2133//3392 2074//3392
f 2133//3391 2134//3391 2075//3391
f 2135//511 2076//511 2075//511
f 2136//511 2135//511 2075//511
f 2134//511 2136//511 2075//511
f 2137//2793 2133//2793 2077//2793
f 2138//2800 2137//2800 2077//2800
f 2089//2795 2138//2795 2077//2795
f 2117//2796 2139//2796 2026//2796
f 2139//2797 2124//2797 2026//2797
f 2066//511 2131//511 2068//511
f 2127//2798 2053//2798 2052//2798
f 2111//837 1871//837 1870//837
f 2143//197 1871//197 2111//197
f 2106//3393 2143//3393 2111//3393
f 2145//2800 2138//2800 2089//2800
f 2146//2801 2145//2801 2089//2801
f 2119//3394 2146//3394 2089//3394
f 1845//2785 2119//2785 1803//2785
f 2154//3395 2061//3395 2062//3395
f 2155//3395 2154//3395 2062//3395
f 2064//3396 2155//3396 2062//3396
f 2154//3397 2063//3397 2061//3397
f 1871//2806 2164//2806 2106//2806
f 2164//3398 2143//3398 2106//3398
f 2127//2808 2126//2808 2053//2808
f 2126//2809 1876//2809 2053//2809
f 2170//2810 2146//2810 2119//2810
f 1845//2811 2170//2811 2119//2811
f 2171//2812 2099//2812 2131//2812
f 2172//511 2171//511 2131//511
f 2066//511 2172//511 2131//511
f 2139//2813 2125//2813 2124//2813
f 2083//2811 2170//2811 1845//2811
f 2139//3399 2177//3399 2125//3399
f 2177//197 2178//197 2125//197
f 2178//197 2128//197 2125//197
f 2181//2815 2100//2815 2099//2815
f 2171//2816 2181//2816 2099//2816
f 2188//2817 2154//2817 2155//2817
f 2189//2817 2188//2817 2155//2817
f 2064//2819 2189//2819 2155//2819
f 2190//3400 2063//3400 2154//3400
f 2188//2820 2190//2820 2154//2820
f 2073//3401 2191//3401 2064//3401
f 2191//3402 2189//3402 2064//3402
f 2196//2824 2071//2824 2063//2824
f 2190//2824 2196//2824 2063//2824
f 2100//2841 2199//2841 2073//2841
f 2199//2821 2191//2821 2073//2821
f 2205//2826 2091//2826 2071//2826
f 2196//3403 2205//3403 2071//3403
f 2137//3404 2206//3404 2133//3404
f 2206//3405 2207//3405 2133//3405
f 2208//517 2134//517 2133//517
f 2207//517 2208//517 2133//517
f 2208//511 2136//511 2134//511
f 2138//2829 2209//2829 2137//2829
f 2209//2829 2206//2829 2137//2829
f 2145//2829 2210//2829 2138//2829
f 2210//2829 2209//2829 2138//2829
f 2146//2830 2211//2830 2145//2830
f 2211//2830 2210//2830 2145//2830
f 2170//2832 2212//2832 2146//2832
f 2212//3406 2211//3406 2146//3406
f 2083//2833 2082//2833 2170//2833
f 2082//2833 2212//2833 2170//2833
f 2216//3407 2108//3407 2038//3407
f 2037//197 2216//197 2038//197
f 2217//2835 2109//2835 2108//2835
f 2216//3407 2217//3407 2108//3407
f 2217//3408 2218//3408 2109//3408
f 2218//3408 2110//3408 2109//3408
f 2218//2837 2219//2837 2110//2837
f 2219//2837 2118//2837 2110//2837
f 2181//2839 2225//2839 2100//2839
f 2225//3409 2226//3409 2100//3409
f 2226//3410 2199//3410 2100//3410
f 2219//2843 2227//2843 2118//2843
f 2227//2843 2117//2843 2118//2843
f 2164//197 1871//197 2143//197
f 1926//511 2240//511 1925//511
f 2241//511 1928//511 1927//511
f 2243//2844 2123//2844 2091//2844
f 2205//2844 2243//2844 2091//2844
f 2171//3411 2225//3411 2181//3411
f 2227//2846 2139//2846 2117//2846
f 2246//197 2065//197 2123//197
f 2243//197 2246//197 2123//197
f 2129//197 1876//197 2126//197
f 2129//197 2247//197 1876//197
f 2172//511 2249//511 2171//511
f 2249//3412 2225//3412 2171//3412
f 2267//2848 2217//2848 2216//2848
f 2037//197 2267//197 2216//197
f 2268//3413 2269//3413 2217//3413
f 2269//2849 2218//2849 2217//2849
f 2267//2848 2268//2848 2217//2848
f 2269//2850 2270//2850 2218//2850
f 2270//2850 2219//2850 2218//2850
f 2227//2851 2273//2851 2139//2851
f 2273//3414 2177//3414 2139//3414
f 2273//197 2274//197 2177//197
f 2274//197 2178//197 2177//197
f 2270//3415 2276//3415 2219//3415
f 2276//2853 2277//2853 2219//2853
f 2277//2853 2227//2853 2219//2853
f 2274//2855 2273//2855 2227//2855
f 2277//3416 2279//3416 2227//3416
f 2279//2855 2274//2855 2227//2855
f 2249//3417 2286//3417 2225//3417
f 2286//2859 2226//2859 2225//2859
f 2172//511 2290//511 2249//511
f 2290//2860 2286//2860 2249//2860
f 2291//517 2292//517 2267//517
f 2292//517 2268//517 2267//517
f 2293//197 2291//197 2267//197
f 2294//197 2293//197 2267//197
f 2037//197 2294//197 2267//197
f 2292//3418 2269//3418 2268//3418
f 2295//2863 2270//2863 2269//2863
f 2292//3418 2295//3418 2269//3418
f 2296//3419 2276//3419 2270//3419
f 2295//2863 2296//2863 2270//2863
f 2297//3420 2277//3420 2276//3420
f 2296//3419 2297//3419 2276//3419
f 2298//3421 2279//3421 2277//3421
f 2297//3420 2298//3420 2277//3420
f 2299//3422 2274//3422 2279//3422
f 2298//2866 2299//2866 2279//2866
f 2299//3422 2300//3422 2274//3422
f 2300//197 2178//197 2274//197
f 2311//2869 2188//2869 2189//2869
f 2312//2869 2311//2869 2189//2869
f 2191//2873 2312//2873 2189//2873
f 2313//2871 2190//2871 2188//2871
f 2311//2871 2313//2871 2188//2871
f 2199//2872 2314//2872 2191//2872
f 2314//2870 2312//2870 2191//2870
f 2315//2874 2196//2874 2190//2874
f 2313//3423 2315//3423 2190//3423
f 2226//3424 2316//3424 2199//3424
f 2316//2872 2314//2872 2199//2872
f 2317//2878 2205//2878 2196//2878
f 2315//3425 2317//3425 2196//3425
f 2286//2879 2319//2879 2226//2879
f 2319//2880 2320//2880 2226//2880
f 2320//2876 2316//2876 2226//2876
f 2323//2882 2243//2882 2205//2882
f 2317//2882 2323//2882 2205//2882
f 2290//2883 2319//2883 2286//2883
f 2323//197 2246//197 2243//197
f 2172//511 2325//511 2290//511
f 2325//3426 2319//3426 2290//3426
f 2325//3427 2347//3427 2319//3427
f 2347//2886 2320//2886 2319//2886
f 2172//511 2350//511 2325//511
f 2350//2887 2347//2887 2325//2887
f 2037//1267 2036//1267 2035//1267
f 2076//1267 2037//1267 2035//1267
f 2036//2888 2066//2888 2035//2888
f 2065//2888 2066//2888 2036//2888
f 2366//2889 2311//2889 2312//2889
f 2367//2889 2366//2889 2312//2889
f 2314//2890 2367//2890 2312//2890
f 2366//2891 2313//2891 2311//2891
f 2316//2896 2368//2896 2314//2896
f 2368//2903 2367//2903 2314//2903
f 2371//3428 2315//3428 2313//3428
f 2366//2891 2372//2891 2313//2891
f 2372//2894 2371//2894 2313//2894
f 2320//2895 2373//2895 2316//2895
f 2373//2896 2368//2896 2316//2896
f 2065//1071 2172//1071 2066//1071
f 2246//1071 2172//1071 2065//1071
f 2294//1258 2037//1258 2076//1258
f 2135//1258 2294//1258 2076//1258
f 2371//3429 2374//3429 2315//3429
f 2374//3430 2317//3430 2315//3430
f 2377//511 2376//511 2240//511
f 1926//511 2377//511 2240//511
f 2379//511 1928//511 2241//511
f 2378//511 2379//511 2241//511
f 2380//2895 2373//2895 2320//2895
f 2347//2898 2381//2898 2320//2898
f 2381//2899 2380//2899 2320//2899
f 2374//2901 2382//2901 2317//2901
f 2382//2901 2323//2901 2317//2901
f 2350//2887 2381//2887 2347//2887
f 2386//197 2246//197 2323//197
f 2382//197 2386//197 2323//197
f 2172//511 2387//511 2350//511
f 2387//2902 2381//2902 2350//2902
f 2388//2889 2366//2889 2367//2889
f 2389//2889 2388//2889 2367//2889
f 2368//3431 2389//3431 2367//3431
f 2388//3432 2372//3432 2366//3432
f 2391//511 2387//511 2172//511
f 2246//2904 2391//2904 2172//2904
f 2386//2904 2391//2904 2246//2904
f 2293//1246 2294//1246 2135//1246
f 2136//1246 2293//1246 2135//1246
f 2387//3433 2392//3433 2381//3433
f 2392//3434 2380//3434 2381//3434
f 2391//511 2400//511 2387//511
f 2400//1667 2392//1667 2387//1667
f 2408//2907 2388//2907 2389//2907
f 2409//2907 2408//2907 2389//2907
f 2368//3435 2409//3435 2389//3435
f 2410//2909 2372//2909 2388//2909
f 2408//2909 2410//2909 2388//2909
f 2373//2913 2411//2913 2368//2913
f 2411//3436 2409//3436 2368//3436
f 2412//2912 2371//2912 2372//2912
f 2410//3437 2412//3437 2372//3437
f 2413//2913 2411//2913 2373//2913
f 2380//2916 2413//2916 2373//2916
f 2414//2915 2374//2915 2371//2915
f 2412//3438 2414//3438 2371//3438
f 2415//2916 2413//2916 2380//2916
f 2392//2917 2415//2917 2380//2917
f 2416//2918 2382//2918 2374//2918
f 2414//3439 2416//3439 2374//3439
f 2400//1670 2417//1670 2392//1670
f 2417//3440 2418//3440 2392//3440
f 2418//2917 2415//2917 2392//2917
f 2416//197 2386//197 2382//197
f 2419//511 2417//511 2391//511
f 2417//511 2400//511 2391//511
f 2386//2921 2419//2921 2391//2921
f 2420//2921 2419//2921 2386//2921
f 2416//197 2420//197 2386//197
f 2208//511 2421//511 2136//511
f 2422//571 2293//571 2136//571
f 2421//571 2422//571 2136//571
f 2422//197 2291//197 2293//197
f 2419//511 2424//511 2417//511
f 2424//3441 2418//3441 2417//3441
f 2455//511 2424//511 2419//511
f 2456//511 2457//511 2419//511
f 2457//511 2458//511 2419//511
f 2458//511 2455//511 2419//511
f 2459//511 2456//511 2419//511
f 2460//511 2459//511 2419//511
f 2420//2923 2460//2923 2419//2923
f 2461//2923 2460//2923 2420//2923
f 2462//197 2461//197 2420//197
f 2416//197 2463//197 2420//197
f 2463//197 2462//197 2420//197
f 2208//511 2464//511 2421//511
f 2465//532 2422//532 2421//532
f 2464//532 2465//532 2421//532
f 2465//197 2466//197 2422//197
f 2466//197 2291//197 2422//197
f 2468//2907 2408//2907 2409//2907
f 2469//2907 2468//2907 2409//2907
f 2411//3442 2469//3442 2409//3442
f 2468//2909 2410//2909 2408//2909
f 2377//511 2480//511 2376//511
f 2482//511 2379//511 2378//511
f 2481//511 2482//511 2378//511
f 2455//2925 2418//2925 2424//2925
f 2414//2926 2463//2926 2416//2926
f 2511//2927 2415//2927 2418//2927
f 2455//3443 2511//3443 2418//3443
f 2412//3444 2514//3444 2414//3444
f 2514//2926 2463//2926 2414//2926
f 2522//2931 2413//2931 2415//2931
f 2523//3445 2522//3445 2415//3445
f 2511//2932 2523//2932 2415//2932
f 2410//2937 2527//2937 2412//2937
f 2527//2929 2514//2929 2412//2929
f 2531//511 2532//511 2460//511
f 2533//511 2531//511 2460//511
f 2534//511 2459//511 2460//511
f 2532//511 2534//511 2460//511
f 2461//2934 2533//2934 2460//2934
f 2535//2934 2533//2934 2461//2934
f 2536//197 2535//197 2461//197
f 2462//197 2537//197 2461//197
f 2537//197 2536//197 2461//197
f 2531//511 2533//511 2464//511
f 2538//511 2531//511 2464//511
f 2539//511 2538//511 2464//511
f 2208//511 2539//511 2464//511
f 2535//514 2465//514 2464//514
f 2533//514 2535//514 2464//514
f 2535//197 2540//197 2465//197
f 2540//197 2466//197 2465//197
f 2544//3446 2411//3446 2413//3446
f 2522//3446 2544//3446 2413//3446
f 2548//3447 2527//3447 2410//3447
f 2468//2938 2548//2938 2410//2938
f 2551//2939 2469//2939 2411//2939
f 2544//2939 2551//2939 2411//2939
f 2552//2941 2468//2941 2469//2941
f 2551//2941 2552//2941 2469//2941
f 2552//2938 2548//2938 2468//2938
f 2458//2942 2511//2942 2455//2942
f 2536//197 2565//197 2535//197
f 2565//197 2540//197 2535//197
f 2604//2943 2523//2943 2511//2943
f 2458//2944 2604//2944 2511//2944
f 2457//2945 2604//2945 2458//2945
f 2514//2946 2462//2946 2463//2946
f 2679//2947 2523//2947 2604//2947
f 2457//2948 2679//2948 2604//2948
f 2527//3448 2682//3448 2514//3448
f 2682//2946 2462//2946 2514//2946
f 2689//3449 2522//3449 2523//3449
f 2690//3449 2689//3449 2523//3449
f 2679//2951 2690//2951 2523//2951
f 2696//2949 2682//2949 2527//2949
f 2548//2952 2696//2952 2527//2952
f 2689//2953 2707//2953 2522//2953
f 2707//2953 2544//2953 2522//2953
f 2711//2952 2696//2952 2548//2952
f 2552//2955 2711//2955 2548//2955
f 2707//2957 2713//2957 2544//2957
f 2713//3450 2551//3450 2544//3450
f 2714//3451 2552//3451 2551//3451
f 2713//3451 2714//3451 2551//3451
f 2714//3452 2711//3452 2552//3452
f 2466//2959 2292//2959 2291//2959
f 2729//3453 2295//3453 2292//3453
f 2730//2960 2729//2960 2292//2960
f 2466//2959 2730//2959 2292//2959
f 2729//2962 2296//2962 2295//2962
f 2729//2962 2731//2962 2296//2962
f 2731//3454 2297//3454 2296//3454
f 2731//2964 2298//2964 2297//2964
f 2731//2964 2732//2964 2298//2964
f 2732//3455 2299//3455 2298//3455
f 2732//2968 2733//2968 2299//2968
f 2733//2968 2300//2968 2299//2968
f 2733//197 2178//197 2300//197
f 2456//3456 2679//3456 2457//3456
f 2745//2970 2690//2970 2679//2970
f 2456//2971 2745//2971 2679//2971
f 2754//2973 2755//2973 2733//2973
f 2732//2973 2754//2973 2733//2973
f 2755//197 2178//197 2733//197
f 2761//2973 2754//2973 2732//2973
f 2731//2974 2761//2974 2732//2974
f 2766//2975 2761//2975 2731//2975
f 2729//2976 2766//2976 2731//2976
f 2767//2977 2768//2977 2755//2977
f 2754//3457 2767//3457 2755//3457
f 2768//197 2178//197 2755//197
f 2771//511 2480//511 2377//511
f 2761//2978 2767//2978 2754//2978
f 2730//3458 2774//3458 2729//3458
f 2775//3459 2766//3459 2729//3459
f 2774//3458 2775//3458 2729//3458
f 2540//2981 2730//2981 2466//2981
f 2778//3460 2774//3460 2730//3460
f 2540//2981 2778//2981 2730//2981
f 2787//3461 2745//3461 2456//3461
f 2459//3462 2787//3462 2456//3462
f 2794//2985 2793//2985 2792//2985
f 2791//2986 2794//2986 2792//2986
f 2128//3463 2795//3463 2129//3463
f 2795//3464 2247//3464 2129//3464
f 2796//2989 2794//2989 2791//2989
f 2795//2990 2797//2990 2247//2990
f 2682//2991 2537//2991 2462//2991
f 2798//3465 2767//3465 2761//3465
f 2766//2993 2798//2993 2761//2993
f 2787//2994 2690//2994 2745//2994
f 2806//2991 2537//2991 2682//2991
f 2696//2995 2806//2995 2682//2995
f 2178//2996 2795//2996 2128//2996
f 2771//511 2813//511 2480//511
f 2815//511 2482//511 2481//511
f 2816//3466 2798//3466 2766//3466
f 2775//3467 2816//3467 2766//3467
f 2819//3468 2689//3468 2690//3468
f 2787//3000 2820//3000 2690//3000
f 2820//2999 2819//2999 2690//2999
f 2821//3469 2816//3469 2775//3469
f 2774//3470 2821//3470 2775//3470
f 2778//3471 2821//3471 2774//3471
f 2822//3004 2778//3004 2540//3004
f 2823//3005 2822//3005 2540//3005
f 2565//197 2823//197 2540//197
f 2822//3472 2821//3472 2778//3472
f 2824//3473 2208//3473 2207//3473
f 2206//3474 2824//3474 2207//3474
f 2824//3473 2539//3473 2208//3473
f 2825//3474 2824//3474 2206//3474
f 2209//3475 2825//3475 2206//3475
f 2826//3011 2825//3011 2209//3011
f 2210//3475 2826//3475 2209//3475
f 2211//3013 2826//3013 2210//3013
f 2827//3476 2826//3476 2211//3476
f 2212//3477 2827//3477 2211//3477
f 2082//3016 2827//3016 2212//3016
f 2828//3478 2827//3478 2082//3478
f 2829//2995 2806//2995 2696//2995
f 2711//3017 2829//3017 2696//3017
f 2838//3018 2707//3018 2689//3018
f 2819//3479 2838//3479 2689//3479
f 2714//3480 2839//3480 2711//3480
f 2840//3017 2829//3017 2711//3017
f 2839//3038 2840//3038 2711//3038
f 2838//3021 2842//3021 2707//3021
f 2842//3481 2713//3481 2707//3481
f 2839//3482 2714//3482 2713//3482
f 2842//3482 2839//3482 2713//3482
f 2844//3024 2820//3024 2787//3024
f 2459//3025 2844//3025 2787//3025
f 2534//3026 2844//3026 2459//3026
f 2767//2977 2847//2977 2768//2977
f 2847//197 2178//197 2768//197
f 2851//3483 2827//3483 2828//3483
f 2849//3483 2851//3483 2828//3483
f 2798//3028 2855//3028 2767//3028
f 2855//3484 2847//3484 2767//3484
f 2859//197 2858//197 2793//197
f 2860//197 2859//197 2793//197
f 2794//3030 2860//3030 2793//3030
f 2861//3031 2826//3031 2827//3031
f 2851//3031 2861//3031 2827//3031
f 2871//3032 2860//3032 2794//3032
f 2872//3033 2871//3033 2794//3033
f 2796//3063 2872//3063 2794//3063
f 2178//3485 2873//3485 2795//3485
f 2873//3486 2797//3486 2795//3486
f 2877//3023 2839//3023 2842//3023
f 2878//3023 2877//3023 2842//3023
f 2838//3037 2878//3037 2842//3037
f 2877//3020 2840//3020 2839//3020
f 2883//3039 2851//3039 2849//3039
f 2885//3040 2825//3040 2826//3040
f 2861//3487 2885//3487 2826//3487
f 2886//3488 2873//3488 2178//3488
f 2847//197 2887//197 2178//197
f 2887//197 2886//197 2178//197
f 2532//511 2888//511 2534//511
f 2888//3489 2889//3489 2534//3489
f 2889//3044 2844//3044 2534//3044
f 2890//3045 2873//3045 2886//3045
f 2891//3490 2890//3490 2886//3490
f 2887//197 2891//197 2886//197
f 2892//197 2859//197 2860//197
f 2871//197 2892//197 2860//197
f 2894//3047 2855//3047 2798//3047
f 2895//3491 2894//3491 2798//3491
f 2816//3049 2895//3049 2798//3049
f 2896//3492 2824//3492 2825//3492
f 2885//3051 2896//3051 2825//3051
f 2896//3052 2539//3052 2824//3052
f 2896//3052 2538//3052 2539//3052
f 2806//3053 2536//3053 2537//3053
f 2889//3054 2820//3054 2844//3054
f 2855//3493 2887//3493 2847//3493
f 2894//3056 2887//3056 2855//3056
f 2829//3057 2905//3057 2806//3057
f 2905//3053 2536//3053 2806//3053
f 2910//3058 2861//3058 2851//3058
f 2911//3058 2910//3058 2851//3058
f 2883//3060 2911//3060 2851//3060
f 2912//3494 2895//3494 2816//3494
f 2821//3066 2912//3066 2816//3066
f 2918//3033 2871//3033 2872//3033
f 2796//3495 2918//3495 2872//3495
f 2890//3064 2797//3064 2873//3064
f 2822//3496 2919//3496 2821//3496
f 2920//3066 2912//3066 2821//3066
f 2919//3496 2920//3496 2821//3496
f 2823//3497 2919//3497 2822//3497
f 2921//3498 2918//3498 2796//3498
f 2890//3070 2922//3070 2797//3070
f 2924//3499 2925//3499 2887//3499
f 2894//3072 2924//3072 2887//3072
f 2925//197 2926//197 2887//197
f 2926//197 2891//197 2887//197
f 2927//3500 2928//3500 2820//3500
f 2928//3073 2819//3073 2820//3073
f 2889//3074 2927//3074 2820//3074
f 2840//3075 2930//3075 2829//3075
f 2930//3057 2905//3057 2829//3057
f 2895//3501 2924//3501 2894//3501
f 2888//3077 2931//3077 2889//3077
f 2931//3078 2927//3078 2889//3078
f 2932//3079 2885//3079 2861//3079
f 2910//3080 2932//3080 2861//3080
f 2933//3502 2911//3502 2883//3502
f 2532//3082 2931//3082 2888//3082
f 2937//3083 2896//3083 2885//3083
f 2932//3503 2937//3503 2885//3503
f 2938//3085 2538//3085 2896//3085
f 2937//3086 2938//3086 2896//3086
f 2938//511 2531//511 2538//511
f 2939//3087 2838//3087 2819//3087
f 2928//3504 2939//3504 2819//3504
f 2531//3082 2931//3082 2532//3082
f 2877//3088 2940//3088 2840//3088
f 2940//3089 2930//3089 2840//3089
f 2905//3090 2565//3090 2536//3090
f 2943//3172 2878//3172 2838//3172
f 2939//3505 2943//3505 2838//3505
f 2944//3093 2877//3093 2878//3093
f 2943//3093 2944//3093 2878//3093
f 2944//3506 2940//3506 2877//3506
f 2531//3095 2945//3095 2931//3095
f 2945//3096 2946//3096 2931//3096
f 2946//3096 2927//3096 2931//3096
f 2947//3496 2920//3496 2919//3496
f 2823//3497 2947//3497 2919//3497
f 2948//3099 2947//3099 2823//3099
f 2565//197 2948//197 2823//197
f 2912//3507 2949//3507 2895//3507
f 2949//3101 2924//3101 2895//3101
f 2950//197 2892//197 2871//197
f 2918//3102 2950//3102 2871//3102
f 2933//3103 2951//3103 2911//3103
f 2951//3104 2952//3104 2911//3104
f 2952//3104 2910//3104 2911//3104
f 2930//3106 2963//3106 2905//3106
f 2963//3106 2964//3106 2905//3106
f 2964//3090 2565//3090 2905//3090
f 2967//3107 2951//3107 2933//3107
f 2966//3108 2967//3108 2933//3108
f 2924//3166 2926//3166 2925//3166
f 2968//3508 2969//3508 2918//3508
f 2969//3509 2970//3509 2918//3509
f 2970//3510 2971//3510 2918//3510
f 2972//3113 2950//3113 2918//3113
f 2973//3114 2972//3114 2918//3114
f 2971//3115 2974//3115 2918//3115
f 2974//3116 2973//3116 2918//3116
f 2921//3117 2968//3117 2918//3117
f 2975//3511 2976//3511 2890//3511
f 2891//3118 2975//3118 2890//3118
f 2976//3512 2977//3512 2890//3512
f 2977//3513 2978//3513 2890//3513
f 2978//3514 2979//3514 2890//3514
f 2979//3515 2980//3515 2890//3515
f 2980//3516 2981//3516 2890//3516
f 2981//3124 2982//3124 2890//3124
f 2982//3125 2922//3125 2890//3125
f 2949//3109 2983//3109 2924//3109
f 2983//3126 2926//3126 2924//3126
f 2926//3133 2983//3133 2891//3133
f 2983//3136 2975//3136 2891//3136
f 2938//3517 2945//3517 2531//3517
f 2984//3128 2948//3128 2565//3128
f 2964//3129 2984//3129 2565//3129
f 2984//3130 2947//3130 2948//3130
f 2937//3518 2985//3518 2938//3518
f 2985//3132 2945//3132 2938//3132
f 2972//3134 2967//3134 2966//3134
f 2950//3135 2972//3135 2966//3135
f 2985//3137 2946//3137 2945//3137
f 2937//3138 2990//3138 2985//3138
f 2990//3519 2946//3519 2985//3519
f 2920//3140 2992//3140 2912//3140
f 2992//3141 2993//3141 2912//3141
f 2993//3520 2949//3520 2912//3520
f 2952//3521 2994//3521 2910//3521
f 2994//3144 2932//3144 2910//3144
f 2998//511 2813//511 2771//511
f 2997//511 2998//511 2771//511
f 2815//511 2999//511 2482//511
f 2963//3145 2984//3145 2964//3145
f 2946//3146 3002//3146 2927//3146
f 3002//3147 3003//3147 2927//3147
f 3003//3148 2928//3148 2927//3148
f 2947//3522 3007//3522 2920//3522
f 3007//3523 2992//3523 2920//3523
f 3008//3524 3007//3524 2947//3524
f 2984//3525 3008//3525 2947//3525
f 2940//3153 3009//3153 2930//3153
f 3009//3526 3010//3526 2930//3526
f 3010//3527 2963//3527 2930//3527
f 2994//3528 3011//3528 2932//3528
f 3011//3529 2937//3529 2932//3529
f 3011//3530 3012//3530 2990//3530
f 2937//3158 3011//3158 2990//3158
f 3002//3531 2946//3531 2990//3531
f 3012//3532 3002//3532 2990//3532
f 3013//3161 2952//3161 2951//3161
f 3014//3161 3013//3161 2951//3161
f 2967//3162 3014//3162 2951//3162
f 2983//3136 2976//3136 2975//3136
f 3015//3164 2984//3164 2963//3164
f 3010//3533 3015//3533 2963//3533
f 2949//3534 3016//3534 2983//3534
f 3016//3167 2976//3167 2983//3167
f 3015//3168 3008//3168 2984//3168
f 2972//3535 3014//3535 2967//3535
f 3017//3536 3014//3536 2972//3536
f 2973//3537 3017//3537 2972//3537
f 3018//3093 2944//3093 2943//3093
f 3019//3093 3018//3093 2943//3093
f 2939//3172 3019//3172 2943//3172
f 3018//3094 2940//3094 2944//3094
f 2993//3173 3020//3173 2949//3173
f 3020//3538 3016//3538 2949//3538
f 2974//3539 3013//3539 3017//3539
f 3013//3176 3014//3176 3017//3176
f 2973//3540 2974//3540 3017//3540
f 3020//3178 2977//3178 3016//3178
f 2977//3179 2976//3179 3016//3179
f 3021//3180 3022//3180 2968//3180
f 3022//3181 2969//3181 2968//3181
f 2921//3182 3021//3182 2968//3182
f 2981//3541 3023//3541 2982//3541
f 3023//3184 3024//3184 2982//3184
f 3024//3185 2922//3185 2982//3185
f 3012//3186 3003//3186 3002//3186
f 3003//3542 3025//3542 2928//3542
f 3025//3543 3026//3543 2928//3543
f 3026//3189 2939//3189 2928//3189
f 3027//3190 3008//3190 3015//3190
f 3010//3544 3027//3544 3015//3544
f 3028//3192 3021//3192 2921//3192
f 3024//3545 3029//3545 2922//3545
f 3011//3546 3031//3546 3012//3546
f 3031//3547 3003//3547 3012//3547
f 3036//3548 3037//3548 2940//3548
f 3037//3153 3009//3153 2940//3153
f 3018//3197 3036//3197 2940//3197
f 3009//3198 3027//3198 3010//3198
f 3039//3549 3040//3549 2939//3549
f 3040//3200 3019//3200 2939//3200
f 3026//3189 3039//3189 2939//3189
f 3041//3201 3018//3201 3019//3201
f 3040//3201 3041//3201 3019//3201
f 3041//3550 3036//3550 3018//3550
f 3042//3190 3008//3190 3027//3190
f 3009//3202 3042//3202 3027//3202
f 3011//3194 3043//3194 3031//3194
f 3025//3203 3003//3203 3031//3203
f 3043//3204 3025//3204 3031//3204
f 2993//3551 3044//3551 3020//3551
f 3044//3206 2978//3206 3020//3206
f 2978//3552 2977//3552 3020//3552
f 3037//3208 3042//3208 3009//3208
f 2974//3209 3045//3209 3013//3209
f 3045//3553 2952//3553 3013//3553
f 3046//3554 2994//3554 2952//3554
f 3045//3211 3046//3211 2952//3211
f 3044//3555 2979//3555 2978//3555
f 3046//3214 3045//3214 2974//3214
f 3047//3556 3046//3556 2974//3556
f 2971//3216 3047//3216 2974//3216
f 2992//3217 3050//3217 2993//3217
f 3050//3218 3044//3218 2993//3218
f 3050//3219 2980//3219 2979//3219
f 3044//3220 3050//3220 2979//3220
f 3055//3221 3056//3221 3021//3221
f 3056//3222 3022//3222 3021//3222
f 3028//3223 3055//3223 3021//3223
f 3057//3557 3058//3557 3024//3557
f 3059//3558 3057//3558 3024//3558
f 3023//3559 3060//3559 3024//3559
f 3060//3560 3059//3560 3024//3560
f 3058//3561 3029//3561 3024//3561
f 3043//3562 3026//3562 3025//3562
f 3064//3230 3008//3230 3042//3230
f 3037//3231 3064//3231 3042//3231
f 3065//3232 3066//3232 2994//3232
f 3066//3232 3011//3232 2994//3232
f 3046//3211 3065//3211 2994//3211
f 3068//3235 3043//3235 3011//3235
f 3066//3235 3068//3235 3011//3235
f 3068//3563 3026//3563 3043//3563
f 3069//3564 3064//3564 3037//3564
f 3036//3238 3069//3238 3037//3238
f 3068//3239 3039//3239 3026//3239
f 2992//3240 3070//3240 3050//3240
f 3070//3241 2980//3241 3050//3241
f 2971//3242 3065//3242 3046//3242
f 3047//3565 2971//3565 3046//3565
f 3071//3566 3039//3566 3068//3566
f 3066//3235 3071//3235 3068//3235
f 3007//3567 3070//3567 2992//3567
f 3041//3568 3069//3568 3036//3568
f 3008//3569 3072//3569 3007//3569
f 3072//3570 3070//3570 3007//3570
f 2970//3571 3065//3571 2971//3571
f 3070//3572 2981//3572 2980//3572
f 3072//3573 3008//3573 3064//3573
f 3069//3251 3072//3251 3064//3251
f 3041//3574 3073//3574 3069//3574
f 3073//3573 3072//3573 3069//3573
f 3072//3575 3023//3575 2981//3575
f 3070//3255 3072//3255 2981//3255
f 2970//3576 3066//3576 3065//3576
f 3071//3577 3040//3577 3039//3577
f 3073//510 3058//510 3057//510
f 3059//510 3073//510 3057//510
f 3022//510 3071//510 2969//510
f 3071//510 3066//510 2969//510
f 3066//510 2970//510 2969//510
f 3023//510 3072//510 3060//510
f 3072//510 3073//510 3060//510
f 3073//3578 3059//3578 3060//3578
f 3073//510 3041//510 3040//510
f 3071//510 3073//510 3040//510
f 3028//510 3058//510 3073//510
f 3055//510 3028//510 3073//510
f 3071//510 3055//510 3073//510
f 3056//3579 3055//3579 3071//3579
f 3022//510 3056//510 3071//510
f 3028//510 3029//510 3058//510
f 3131//511 2999//511 2815//511
f 3160//510 3168//510 3161//510
f 3168//511 3169//511 3161//511
f 3172//517 3168//517 3160//517
f 3172//511 3174//511 3168//511
f 3174//511 3169//511 3168//511
f 3190//511 2998//511 2997//511
f 3131//511 3191//511 2999//511
f 3203//519 3162//519 2234//519
f 3210//517 3211//517 3172//517
f 3173//517 3210//517 3172//517
f 3211//197 3212//197 3172//197
f 3215//197 3217//197 3216//197
f 3217//197 3218//197 3216//197
f 3219//197 3220//197 3216//197
f 3221//197 3219//197 3216//197
f 3218//197 3221//197 3216//197
f 3162//519 3214//519 3216//519
f 3203//519 3214//519 3162//519
f 3222//517 3173//517 3220//517
f 3219//197 3222//197 3220//197
f 3223//517 3224//517 3173//517
f 3222//517 3223//517 3173//517
f 3225//517 3210//517 3173//517
f 3224//517 3225//517 3173//517
f 3248//512 3249//512 3250//512
f 3251//512 3248//512 3250//512
f 3252//512 3251//512 3250//512
f 3253//3580 3252//3580 3250//3580
f 3249//3581 3253//3581 3250//3581
f 3248//512 3254//512 3249//512
f 3255//3582 3253//3582 3249//3582
f 3254//3583 3255//3583 3249//3583
f 3256//3584 3257//3584 3258//3584
f 3259//3585 3256//3585 3258//3585
f 3260//3586 3259//3586 3258//3586
f 3257//3587 3261//3587 3258//3587
f 3261//512 3260//512 3258//512
f 3257//3588 3262//3588 3261//3588
f 3251//512 3260//512 3261//512
f 3262//3589 3263//3589 3261//3589
f 3264//3590 3251//3590 3261//3590
f 3263//3591 3264//3591 3261//3591
f 3259//3592 3265//3592 3219//3592
f 3221//3593 3259//3593 3219//3593
f 3266//512 3222//512 3219//512
f 3265//512 3266//512 3219//512
f 3259//3594 3267//3594 3265//3594
f 3251//512 3266//512 3265//512
f 3267//3595 3251//3595 3265//3595
f 3268//512 3269//512 3251//512
f 3269//512 3248//512 3251//512
f 3270//512 3260//512 3251//512
f 3267//3596 3270//3596 3251//3596
f 3252//512 3266//512 3251//512
f 3264//3597 3271//3597 3251//3597
f 3271//3598 3272//3598 3251//3598
f 3272//3599 3268//3599 3251//3599
f 3273//3600 3269//3600 3268//3600
f 3274//3600 3273//3600 3268//3600
f 3272//3601 3274//3601 3268//3601
f 3275//512 3254//512 3248//512
f 3276//3602 3275//3602 3248//3602
f 3269//3603 3276//3603 3248//3603
f 3277//3604 3276//3604 3269//3604
f 3273//3605 3277//3605 3269//3605
f 3223//512 3222//512 3266//512
f 3253//3606 3278//3606 3266//3606
f 3252//3607 3253//3607 3266//3607
f 3278//197 3223//197 3266//197
f 3254//512 3275//512 3279//512
f 3280//3608 3281//3608 3279//3608
f 3275//3609 3280//3609 3279//3609
f 3282//3610 3254//3610 3279//3610
f 3281//3611 3282//3611 3279//3611
f 3283//3612 3280//3612 3275//3612
f 3284//3613 3283//3613 3275//3613
f 3276//3614 3284//3614 3275//3614
f 3285//517 3224//517 3223//517
f 3278//197 3286//197 3223//197
f 3286//197 3285//197 3223//197
f 3270//3615 3259//3615 3260//3615
f 3267//3616 3259//3616 3270//3616
f 3282//3617 3255//3617 3254//3617
f 3287//3618 3274//3618 3272//3618
f 3271//3619 3287//3619 3272//3619
f 3257//3620 3288//3620 3262//3620
f 3288//3621 3289//3621 3262//3621
f 3290//3622 3263//3622 3262//3622
f 3289//3623 3290//3623 3262//3623
f 3291//3624 3292//3624 3280//3624
f 3283//3625 3291//3625 3280//3625
f 3292//3626 3281//3626 3280//3626
f 3302//3627 3288//3627 3257//3627
f 3256//3628 3302//3628 3257//3628
f 3303//3602 3284//3602 3276//3602
f 3277//3629 3303//3629 3276//3629
f 3304//3630 3284//3630 3303//3630
f 3305//3631 3304//3631 3303//3631
f 3277//3632 3305//3632 3303//3632
f 3306//3633 3307//3633 3284//3633
f 3307//3634 3283//3634 3284//3634
f 3304//3635 3308//3635 3284//3635
f 3308//3636 3309//3636 3284//3636
f 3309//3637 3306//3637 3284//3637
f 3302//3638 3310//3638 3288//3638
f 3310//3639 3289//3639 3288//3639
f 3292//3640 3311//3640 3281//3640
f 3311//3641 3312//3641 3281//3641
f 3312//3642 3282//3642 3281//3642
f 3307//3643 3291//3643 3283//3643
f 3313//3644 3305//3644 3277//3644
f 3273//3645 3313//3645 3277//3645
f 3314//3646 3315//3646 3291//3646
f 3307//3647 3314//3647 3291//3647
f 3315//3648 3292//3648 3291//3648
f 3292//3649 3312//3649 3311//3649
f 3316//3650 3317//3650 3264//3650
f 3317//3651 3271//3651 3264//3651
f 3263//3591 3316//3591 3264//3591
f 3315//3652 3318//3652 3292//3652
f 3318//3653 3312//3653 3292//3653
f 3310//3654 3319//3654 3289//3654
f 3320//3655 3290//3655 3289//3655
f 3319//3623 3320//3623 3289//3623
f 3321//3656 3287//3656 3271//3656
f 3317//3657 3321//3657 3271//3657
f 3322//3658 3304//3658 3305//3658
f 3313//3659 3322//3659 3305//3659
f 3290//3660 3325//3660 3263//3660
f 3326//3661 3316//3661 3263//3661
f 3325//3662 3327//3662 3263//3662
f 3327//3663 3328//3663 3263//3663
f 3328//3661 3326//3661 3263//3661
f 3326//3664 3329//3664 3316//3664
f 3329//3665 3317//3665 3316//3665
f 3330//3666 3325//3666 3290//3666
f 3320//3667 3330//3667 3290//3667
f 3329//3668 3321//3668 3317//3668
f 3310//3669 3336//3669 3319//3669
f 3336//3670 3337//3670 3319//3670
f 3337//3671 3320//3671 3319//3671
f 3315//3672 3338//3672 3318//3672
f 3338//3673 3312//3673 3318//3673
f 3221//3674 3256//3674 3259//3674
f 3255//3675 3278//3675 3253//3675
f 3302//3676 3336//3676 3310//3676
f 3340//3677 3341//3677 3315//3677
f 3314//3678 3340//3678 3315//3678
f 3341//3679 3338//3679 3315//3679
f 3342//3680 3282//3680 3312//3680
f 3322//3681 3308//3681 3304//3681
f 3338//3682 3343//3682 3312//3682
f 3343//3683 3342//3683 3312//3683
f 3344//3684 3309//3684 3308//3684
f 3322//3685 3344//3685 3308//3685
f 3302//3686 3345//3686 3336//3686
f 3345//3687 3337//3687 3336//3687
f 3346//3688 3347//3688 3345//3688
f 3302//3689 3346//3689 3345//3689
f 3348//3670 3337//3670 3345//3670
f 3347//3690 3348//3690 3345//3690
f 3349//3691 3330//3691 3320//3691
f 3350//3692 3349//3692 3320//3692
f 3337//3671 3350//3671 3320//3671
f 3341//3693 3351//3693 3338//3693
f 3351//3694 3343//3694 3338//3694
f 3352//3695 3344//3695 3322//3695
f 3313//3695 3352//3695 3322//3695
f 3348//3671 3350//3671 3337//3671
f 3326//3696 3353//3696 3329//3696
f 3353//3668 3354//3668 3329//3668
f 3354//3697 3321//3697 3329//3697
f 3328//3698 3353//3698 3326//3698
f 3355//3699 3273//3699 3274//3699
f 3356//3699 3355//3699 3274//3699
f 3287//3700 3356//3700 3274//3700
f 3355//3701 3313//3701 3273//3701
f 3357//3702 3356//3702 3287//3702
f 3321//3703 3357//3703 3287//3703
f 3362//3704 3309//3704 3344//3704
f 3352//3705 3362//3705 3344//3705
f 3363//3706 3352//3706 3313//3706
f 3364//3707 3363//3707 3313//3707
f 3355//3701 3364//3701 3313//3701
f 3302//3708 3256//3708 3221//3708
f 3218//3709 3302//3709 3221//3709
f 3282//3710 3286//3710 3278//3710
f 3255//3711 3282//3711 3278//3711
f 3370//3712 3282//3712 3342//3712
f 3343//3713 3370//3713 3342//3713
f 3327//3714 3373//3714 3328//3714
f 3373//3715 3353//3715 3328//3715
f 3374//3716 3357//3716 3321//3716
f 3354//3717 3374//3717 3321//3717
f 3373//3718 3354//3718 3353//3718
f 3381//3719 3348//3719 3347//3719
f 3346//3720 3381//3720 3347//3720
f 3381//3721 3350//3721 3348//3721
f 3341//3722 3382//3722 3351//3722
f 3370//3723 3343//3723 3351//3723
f 3382//3724 3370//3724 3351//3724
f 3386//3725 3387//3725 3341//3725
f 3340//3726 3386//3726 3341//3726
f 3387//3727 3382//3727 3341//3727
f 3390//3699 3355//3699 3356//3699
f 3391//3699 3390//3699 3356//3699
f 3357//3702 3391//3702 3356//3702
f 3390//3701 3364//3701 3355//3701
f 3382//3728 3392//3728 3370//3728
f 3392//3729 3393//3729 3370//3729
f 3393//3730 3282//3730 3370//3730
f 3330//3731 3394//3731 3325//3731
f 3394//3732 3395//3732 3325//3732
f 3395//3733 3396//3733 3325//3733
f 3396//3734 3327//3734 3325//3734
f 3387//3735 3392//3735 3382//3735
f 3327//3736 3397//3736 3373//3736
f 3397//3737 3398//3737 3373//3737
f 3398//3737 3354//3737 3373//3737
f 3396//3738 3399//3738 3327//3738
f 3399//3739 3397//3739 3327//3739
f 3400//3740 3401//3740 3381//3740
f 3346//3741 3400//3741 3381//3741
f 3401//3721 3402//3721 3381//3721
f 3402//3742 3350//3742 3381//3742
f 3403//3743 3404//3743 3362//3743
f 3404//3744 3309//3744 3362//3744
f 3405//3745 3403//3745 3362//3745
f 3352//3746 3405//3746 3362//3746
f 3302//3747 3400//3747 3346//3747
f 3404//3748 3306//3748 3309//3748
f 3402//3749 3406//3749 3350//3749
f 3407//3692 3349//3692 3350//3692
f 3406//3750 3407//3750 3350//3750
f 3349//3751 3408//3751 3330//3751
f 3408//3752 3394//3752 3330//3752
f 3412//3753 3405//3753 3352//3753
f 3363//3754 3412//3754 3352//3754
f 3190//511 3414//511 2998//511
f 3416//511 3417//511 3131//511
f 3417//511 3191//511 3131//511
f 3418//3755 3307//3755 3306//3755
f 3404//3756 3419//3756 3306//3756
f 3419//3757 3418//3757 3306//3757
f 3418//3758 3420//3758 3307//3758
f 3420//3759 3421//3759 3307//3759
f 3421//3759 3314//3759 3307//3759
f 3422//519 3214//519 3203//519
f 3403//3760 3419//3760 3404//3760
f 3431//3717 3374//3717 3354//3717
f 3398//3761 3431//3761 3354//3761
f 3432//3762 3419//3762 3403//3762
f 3433//3763 3432//3763 3403//3763
f 3405//3764 3433//3764 3403//3764
f 3407//3765 3434//3765 3349//3765
f 3434//3766 3408//3766 3349//3766
f 3421//3767 3436//3767 3314//3767
f 3436//3768 3340//3768 3314//3768
f 3440//3769 3398//3769 3397//3769
f 3399//3770 3440//3770 3397//3770
f 3442//517 3401//517 3400//517
f 3443//517 3442//517 3400//517
f 3302//3771 3443//3771 3400//3771
f 3442//517 3402//517 3401//517
f 3395//517 3399//517 3396//517
f 3395//517 3444//517 3399//517
f 3444//517 3440//517 3399//517
f 3445//3772 3418//3772 3419//3772
f 3432//519 3445//519 3419//519
f 3433//519 3446//519 3432//519
f 3447//519 3448//519 3432//519
f 3448//519 3449//519 3432//519
f 3449//519 3445//519 3432//519
f 3450//519 3447//519 3432//519
f 3451//519 3450//519 3432//519
f 3446//519 3451//519 3432//519
f 3452//3773 3282//3773 3393//3773
f 3453//519 3452//519 3393//519
f 3392//519 3453//519 3393//519
f 3387//3774 3454//3774 3392//3774
f 3454//519 3453//519 3392//519
f 3386//3725 3454//3725 3387//3725
f 3218//3775 3458//3775 3302//3775
f 3458//3776 3443//3776 3302//3776
f 3452//3777 3211//3777 3282//3777
f 3211//3778 3459//3778 3282//3778
f 3459//3779 3286//3779 3282//3779
f 3386//3780 3453//3780 3454//3780
f 3442//517 3406//517 3402//517
f 3464//3781 3433//3781 3405//3781
f 3412//3782 3464//3782 3405//3782
f 3406//3783 3467//3783 3407//3783
f 3467//3784 3468//3784 3407//3784
f 3468//3785 3434//3785 3407//3785
f 3469//519 3211//519 3452//519
f 3453//519 3469//519 3452//519
f 3436//3786 3482//3786 3340//3786
f 3482//3787 3386//3787 3340//3787
f 3483//3788 3418//3788 3445//3788
f 3449//3789 3483//3789 3445//3789
f 3483//3790 3420//3790 3418//3790
f 3488//3791 3489//3791 3398//3791
f 3440//3792 3488//3792 3398//3792
f 3489//3761 3431//3761 3398//3761
f 3493//3793 3390//3793 3391//3793
f 3494//3793 3493//3793 3391//3793
f 3357//3794 3494//3794 3391//3794
f 3495//3795 3364//3795 3390//3795
f 3493//3796 3495//3796 3390//3796
f 3498//3797 3494//3797 3357//3797
f 3374//3798 3498//3798 3357//3798
f 3499//519 3446//519 3433//519
f 3464//519 3499//519 3433//519
f 3444//517 3500//517 3440//517
f 3500//517 3488//517 3440//517
f 3500//517 3501//517 3488//517
f 3501//3799 3489//3799 3488//3799
f 3503//3800 3363//3800 3364//3800
f 3495//3800 3503//3800 3364//3800
f 3210//3801 3506//3801 3211//3801
f 3506//3778 3459//3778 3211//3778
f 3510//3798 3498//3798 3374//3798
f 3431//3802 3510//3802 3374//3802
f 3511//3803 3395//3803 3394//3803
f 3408//3804 3511//3804 3394//3804
f 3511//3803 3512//3803 3395//3803
f 3512//517 3513//517 3395//517
f 3513//517 3444//517 3395//517
f 3515//3804 3511//3804 3408//3804
f 3434//3805 3515//3805 3408//3805
f 3442//517 3467//517 3406//517
f 3524//3806 3515//3806 3434//3806
f 3468//3807 3524//3807 3434//3807
f 3482//3808 3526//3808 3386//3808
f 3526//3780 3453//3780 3386//3780
f 3527//3809 3412//3809 3363//3809
f 3503//3809 3527//3809 3363//3809
f 3528//511 3414//511 3190//511
f 3489//3810 3531//3810 3431//3810
f 3532//3811 3510//3811 3431//3811
f 3531//3812 3532//3812 3431//3812
f 3526//519 3533//519 3453//519
f 3533//519 3534//519 3453//519
f 3534//519 3469//519 3453//519
f 3535//3813 3458//3813 3218//3813
f 3217//3814 3535//3814 3218//3814
f 3506//3815 3285//3815 3286//3815
f 3459//3816 3506//3816 3286//3816
f 3537//3817 3538//3817 3483//3817
f 3538//3818 3420//3818 3483//3818
f 3449//3819 3537//3819 3483//3819
f 3538//3820 3539//3820 3420//3820
f 3539//3821 3421//3821 3420//3821
f 3535//3822 3540//3822 3458//3822
f 3540//3823 3443//3823 3458//3823
f 3543//3824 3436//3824 3421//3824
f 3539//3825 3544//3825 3421//3825
f 3544//3826 3543//3826 3421//3826
f 3545//3807 3524//3807 3468//3807
f 3467//3827 3545//3827 3468//3827
f 3546//3828 3464//3828 3412//3828
f 3527//3829 3546//3829 3412//3829
f 3436//3830 3548//3830 3482//3830
f 3548//3831 3549//3831 3482//3831
f 3549//3832 3526//3832 3482//3832
f 3549//519 3533//519 3526//519
f 3501//3799 3553//3799 3489//3799
f 3553//3833 3531//3833 3489//3833
f 3546//519 3499//519 3464//519
f 3556//3834 3512//3834 3511//3834
f 3515//3835 3556//3835 3511//3835
f 3556//3834 3557//3834 3512//3834
f 3557//517 3558//517 3512//517
f 3558//517 3559//517 3512//517
f 3559//517 3513//517 3512//517
f 3560//3836 3556//3836 3515//3836
f 3561//3837 3560//3837 3515//3837
f 3524//3838 3561//3838 3515//3838
f 3543//3839 3562//3839 3436//3839
f 3562//3840 3548//3840 3436//3840
f 3500//517 3553//517 3501//517
f 3225//3801 3506//3801 3210//3801
f 3540//517 3442//517 3443//517
f 3566//517 3442//517 3540//517
f 3535//3841 3566//3841 3540//3841
f 3567//3838 3561//3838 3524//3838
f 3568//3842 3567//3842 3524//3842
f 3545//3843 3568//3843 3524//3843
f 3442//517 3569//517 3467//517
f 3569//3844 3545//3844 3467//3844
f 3570//3845 3493//3845 3494//3845
f 3571//3845 3570//3845 3494//3845
f 3498//3794 3571//3794 3494//3794
f 3570//3795 3495//3795 3493//3795
f 3217//3846 3575//3846 3535//3846
f 3575//3847 3566//3847 3535//3847
f 3225//3848 3224//3848 3506//3848
f 3224//3849 3285//3849 3506//3849
f 3580//511 3581//511 3528//511
f 3581//511 3582//511 3528//511
f 3582//511 3414//511 3528//511
f 3584//511 3583//511 3417//511
f 3416//511 3585//511 3417//511
f 3585//511 3584//511 3417//511
f 3593//197 3596//197 3594//197
f 3597//517 3586//517 3594//517
f 3596//517 3597//517 3594//517
f 3603//3843 3568//3843 3545//3843
f 3569//3850 3603//3850 3545//3850
f 3604//3851 3531//3851 3553//3851
f 3500//517 3605//517 3553//517
f 3605//517 3604//517 3553//517
f 3609//511 3581//511 3580//511
f 3611//511 3610//511 3583//511
f 3612//511 3611//511 3583//511
f 3584//511 3612//511 3583//511
f 3614//512 3615//512 3616//512
f 3615//512 3617//512 3616//512
f 3618//3852 3614//3852 3616//3852
f 3617//3853 3618//3853 3616//3853
f 3615//3854 3619//3854 3617//3854
f 3620//3855 3618//3855 3617//3855
f 3619//3856 3620//3856 3617//3856
f 3621//512 3622//512 3623//512
f 3624//2548 3621//2548 3623//2548
f 3625//2548 3624//2548 3623//2548
f 3622//3857 3626//3857 3623//3857
f 3626//3858 3625//3858 3623//3858
f 3615//512 3622//512 3621//512
f 3627//2551 3628//2551 3621//2551
f 3628//2552 3615//2552 3621//2552
f 3624//2553 3627//2553 3621//2553
f 3629//512 3619//512 3615//512
f 3630//512 3622//512 3615//512
f 3614//512 3630//512 3615//512
f 3628//2554 3629//2554 3615//2554
f 3631//3859 3619//3859 3629//3859
f 3632//3860 3633//3860 3629//3860
f 3634//2583 3632//2583 3629//2583
f 3633//3861 3631//3861 3629//3861
f 3628//2554 3634//2554 3629//2554
f 3635//2558 3636//2558 3637//2558
f 3636//3265 3638//3265 3637//3265
f 3639//512 3635//512 3637//512
f 3622//512 3639//512 3637//512
f 3638//2587 3640//2587 3637//2587
f 3641//2561 3622//2561 3637//2561
f 3640//2561 3641//2561 3637//2561
f 3630//3862 3642//3862 3622//3862
f 3643//512 3639//512 3622//512
f 3642//3854 3643//3854 3622//3854
f 3641//3269 3644//3269 3622//3269
f 3644//3863 3626//3863 3622//3863
f 3645//3864 3636//3864 3635//3864
f 3646//2565 3645//2565 3635//2565
f 3639//3865 3646//3865 3635//3865
f 3633//2567 3647//2567 3631//2567
f 3648//3866 3619//3866 3631//3866
f 3647//2569 3648//2569 3631//2569
f 3649//3867 3646//3867 3630//3867
f 3646//2574 3642//2574 3630//2574
f 3614//512 3649//512 3630//512
f 3597//512 3649//512 3614//512
f 3618//3277 3597//3277 3614//3277
f 3649//512 3596//512 3593//512
f 3652//517 3653//517 3593//517
f 3653//517 3649//517 3593//517
f 3653//2578 3646//2578 3649//2578
f 3597//512 3596//512 3649//512
f 3618//3278 3600//3278 3597//3278
f 3643//3868 3646//3868 3639//3868
f 3642//3869 3646//3869 3643//3869
f 3648//2579 3620//2579 3619//2579
f 3654//3280 3625//3280 3626//3280
f 3644//3281 3654//3281 3626//3281
f 3655//2582 3656//2582 3633//2582
f 3632//2583 3655//2583 3633//2583
f 3656//2584 3647//2584 3633//2584
f 3636//2585 3657//2585 3638//2585
f 3657//2586 3658//2586 3638//2586
f 3659//2587 3640//2587 3638//2587
f 3658//2588 3659//2588 3638//2588
f 3562//3870 3549//3870 3548//3870
f 3663//3871 3581//3871 3609//3871
f 3611//511 3665//511 3610//511
f 3666//2601 3657//2601 3636//2601
f 3645//2590 3666//2590 3636//2590
f 3680//3872 3634//3872 3628//3872
f 3627//2592 3680//2592 3628//2592
f 3681//2593 3634//2593 3680//2593
f 3682//2594 3681//2594 3680//2594
f 3627//2595 3682//2595 3680//2595
f 3683//2596 3684//2596 3634//2596
f 3684//3293 3632//3293 3634//3293
f 3681//3873 3685//3873 3634//3873
f 3685//2599 3686//2599 3634//2599
f 3686//2600 3683//2600 3634//2600
f 3666//2589 3687//2589 3657//2589
f 3687//2602 3658//2602 3657//2602
f 3656//2603 3688//2603 3647//2603
f 3688//3874 3689//3874 3647//3874
f 3689//3875 3648//3875 3647//3875
f 3684//3876 3655//3876 3632//3876
f 3701//3298 3682//3298 3627//3298
f 3624//3299 3701//3299 3627//3299
f 3702//3877 3703//3877 3655//3877
f 3684//2609 3702//2609 3655//2609
f 3703//2582 3656//2582 3655//2582
f 3656//2610 3689//2610 3688//2610
f 3704//2611 3705//2611 3641//2611
f 3705//3878 3644//3878 3641//3878
f 3640//3301 3704//3301 3641//3301
f 3703//3879 3706//3879 3656//3879
f 3706//3880 3689//3880 3656//3880
f 3687//3302 3707//3302 3658//3302
f 3708//2616 3659//2616 3658//2616
f 3707//2588 3708//2588 3658//2588
f 3709//2581 3654//2581 3644//2581
f 3705//3881 3709//3881 3644//3881
f 3711//2619 3681//2619 3682//2619
f 3701//3304 3711//3304 3682//3304
f 3659//3305 3713//3305 3640//3305
f 3714//2622 3704//2622 3640//2622
f 3713//2623 3715//2623 3640//2623
f 3715//3882 3716//3882 3640//3882
f 3716//2622 3714//2622 3640//2622
f 3714//2626 3717//2626 3704//2626
f 3717//2627 3705//2627 3704//2627
f 3442//3883 3603//3883 3569//3883
f 3720//3884 3713//3884 3659//3884
f 3708//2628 3720//2628 3659//2628
f 3562//3885 3721//3885 3549//3885
f 3722//519 3723//519 3549//519
f 3724//519 3722//519 3549//519
f 3725//519 3724//519 3549//519
f 3726//519 3725//519 3549//519
f 3721//519 3726//519 3549//519
f 3723//519 3727//519 3549//519
f 3727//519 3728//519 3549//519
f 3728//519 3533//519 3549//519
f 3731//511 3732//511 3663//511
f 3732//511 3581//511 3663//511
f 3717//2629 3709//2629 3705//2629
f 3703//2638 3736//2638 3706//2638
f 3736//3886 3689//3886 3706//3886
f 3687//3887 3737//3887 3707//3887
f 3737//534 3738//534 3707//534
f 3738//3323 3708//3323 3707//3323
f 3653//3888 3645//3888 3646//3888
f 3620//2635 3600//2635 3618//2635
f 3745//3889 3532//3889 3531//3889
f 3604//3890 3745//3890 3531//3890
f 3666//536 3737//536 3687//536
f 3750//2636 3751//2636 3703//2636
f 3702//3311 3750//3311 3703//3311
f 3751//2638 3736//2638 3703//2638
f 3752//3891 3570//3891 3571//3891
f 3753//3891 3752//3891 3571//3891
f 3498//3892 3753//3892 3571//3892
f 3754//3893 3495//3893 3570//3893
f 3752//3893 3754//3893 3570//3893
f 3510//3894 3755//3894 3498//3894
f 3755//3895 3753//3895 3498//3895
f 3711//3896 3685//3896 3681//3896
f 3736//3314 3756//3314 3689//3314
f 3756//3897 3648//3897 3689//3897
f 3757//3316 3686//3316 3685//3316
f 3711//2619 3757//2619 3685//2619
f 3666//3898 3758//3898 3737//3898
f 3758//539 3738//539 3737//539
f 3666//3899 3764//3899 3758//3899
f 3765//3900 3738//3900 3758//3900
f 3764//3901 3765//3901 3758//3901
f 3766//3322 3720//3322 3708//3322
f 3767//2650 3766//2650 3708//2650
f 3738//2651 3767//2651 3708//2651
f 3751//3902 3768//3902 3736//3902
f 3768//3903 3756//3903 3736//3903
f 3769//3325 3757//3325 3711//3325
f 3701//3304 3769//3304 3711//3304
f 3765//3904 3767//3904 3738//3904
f 3714//3327 3770//3327 3717//3327
f 3770//2655 3771//2655 3717//2655
f 3771//2654 3709//2654 3717//2654
f 3716//3328 3770//3328 3714//3328
f 3773//2657 3624//2657 3625//2657
f 3774//2657 3773//2657 3625//2657
f 3654//3905 3774//3905 3625//3905
f 3773//2688 3701//2688 3624//2688
f 3775//2687 3774//2687 3654//2687
f 3709//3906 3775//3906 3654//3906
f 3778//3907 3503//3907 3495//3907
f 3754//3907 3778//3907 3495//3907
f 3779//2662 3686//2662 3757//2662
f 3769//2663 3779//2663 3757//2663
f 3532//3908 3780//3908 3510//3908
f 3780//3909 3755//3909 3510//3909
f 3781//2665 3769//2665 3701//2665
f 3782//2665 3781//2665 3701//2665
f 3773//2688 3782//2688 3701//2688
f 3666//2633 3645//2633 3653//2633
f 3652//3330 3666//3330 3653//3330
f 3648//3331 3599//3331 3600//3331
f 3620//3332 3648//3332 3600//3332
f 3715//2672 3783//2672 3716//2672
f 3783//3910 3770//3910 3716//3910
f 3784//3906 3775//3906 3709//3906
f 3771//3337 3784//3337 3709//3337
f 3783//3338 3771//3338 3770//3338
f 3666//3911 3785//3911 3764//3911
f 3786//2677 3765//2677 3764//2677
f 3785//2702 3786//2702 3764//2702
f 3787//3912 3527//3912 3503//3912
f 3778//3912 3787//3912 3503//3912
f 3751//3350 3788//3350 3768//3350
f 3789//2681 3756//2681 3768//2681
f 3788//2689 3789//2689 3768//2689
f 3786//2683 3767//2683 3765//2683
f 3566//517 3790//517 3442//517
f 3790//3913 3603//3913 3442//3913
f 3790//3913 3791//3913 3603//3913
f 3791//3914 3568//3914 3603//3914
f 3791//3914 3792//3914 3568//3914
f 3792//3915 3567//3915 3568//3915
f 3792//3915 3793//3915 3567//3915
f 3793//3916 3561//3916 3567//3916
f 3793//3916 3794//3916 3561//3916
f 3794//3917 3560//3917 3561//3917
f 3794//3917 3795//3917 3560//3917
f 3795//3918 3556//3918 3560//3918
f 3795//3918 3796//3918 3556//3918
f 3797//197 3557//197 3556//197
f 3796//197 3797//197 3556//197
f 3797//517 3558//517 3557//517
f 3448//3919 3537//3919 3449//3919
f 3798//3920 3538//3920 3537//3920
f 3448//3919 3798//3919 3537//3919
f 3798//3921 3799//3921 3538//3921
f 3799//3921 3539//3921 3538//3921
f 3789//3922 3648//3922 3756//3922
f 3799//3923 3800//3923 3539//3923
f 3800//3924 3544//3924 3539//3924
f 3801//2684 3802//2684 3751//2684
f 3750//2685 3801//2685 3751//2685
f 3802//2686 3788//2686 3751//2686
f 3803//2657 3773//2657 3774//2657
f 3804//2657 3803//2657 3774//2657
f 3775//2658 3804//2658 3774//2658
f 3803//2666 3782//2666 3773//2666
f 3745//3925 3805//3925 3532//3925
f 3805//3926 3806//3926 3532//3926
f 3806//3927 3780//3927 3532//3927
f 3788//3342 3810//3342 3789//3342
f 3810//3346 3811//3346 3789//3346
f 3811//3928 3648//3928 3789//3928
f 3720//3929 3812//3929 3713//3929
f 3812//2693 3813//2693 3713//2693
f 3813//3930 3814//3930 3713//3930
f 3814//3931 3715//3931 3713//3931
f 3802//3350 3810//3350 3788//3350
f 3715//2697 3815//2697 3783//2697
f 3815//2698 3816//2698 3783//2698
f 3816//3338 3771//3338 3783//3338
f 3814//3355 3817//3355 3715//3355
f 3817//3932 3815//3932 3715//3932
f 3595//2701 3081//2701 3786//2701
f 3785//2702 3595//2702 3786//2702
f 3081//3933 3082//3933 3786//3933
f 3082//2704 3767//2704 3786//2704
f 3819//3356 3820//3356 3779//3356
f 3820//3357 3686//3357 3779//3357
f 3821//3358 3819//3358 3779//3358
f 3769//2663 3821//2663 3779//2663
f 3666//3911 3595//3911 3785//3911
f 3820//3934 3683//3934 3686//3934
f 3082//2709 2858//2709 3767//2709
f 3822//2650 3766//2650 3767//2650
f 2858//2710 3822//2710 3767//2710
f 3766//3935 3824//3935 3720//3935
f 3824//3936 3812//3936 3720//3936
f 3825//2713 3821//2713 3769//2713
f 3781//2713 3825//2713 3769//2713
f 3800//3937 3827//3937 3544//3937
f 3827//3938 3543//3938 3544//3938
f 3828//2714 3684//2714 3683//2714
f 3820//3363 3829//3363 3683//3363
f 3829//2716 3828//2716 3683//2716
f 3830//2718 3702//2718 3684//2718
f 3831//2719 3830//2719 3684//2719
f 3828//3939 3831//3939 3684//3939
f 3575//517 3790//517 3566//517
f 3819//3365 3829//3365 3820//3365
f 3834//2721 3784//2721 3771//2721
f 3816//2722 3834//2722 3771//2722
f 3835//2723 3829//2723 3819//2723
f 3836//2724 3835//2724 3819//2724
f 3821//2724 3836//2724 3819//2724
f 3822//2740 3837//2740 3766//2740
f 3837//2726 3824//2726 3766//2726
f 3840//3940 3546//3940 3527//3940
f 3787//3940 3840//3940 3527//3940
f 3842//3941 3750//3941 3702//3941
f 3830//2727 3842//2727 3702//2727
f 3604//3942 3805//3942 3745//3942
f 3827//3943 3562//3943 3543//3943
f 3848//519 3499//519 3546//519
f 3840//519 3848//519 3546//519
f 3814//511 3813//511 3817//511
f 3813//511 3849//511 3817//511
f 3850//197 3851//197 3835//197
f 3836//197 3850//197 3835//197
f 3851//197 3852//197 3835//197
f 3852//197 3853//197 3835//197
f 3853//197 3829//197 3835//197
f 3853//3944 3828//3944 3829//3944
f 3802//3340 3854//3340 3810//3340
f 3855//197 3811//197 3810//197
f 3854//197 3855//197 3810//197
f 3666//3371 3650//3371 3595//3371
f 3856//3372 3648//3372 3811//3372
f 3855//197 3856//197 3811//197
f 3215//517 3575//517 3217//517
f 3215//517 3857//517 3575//517
f 3858//517 3790//517 3575//517
f 3857//517 3858//517 3575//517
f 3801//3945 3854//3945 3802//3945
f 3652//3946 3859//3946 3666//3946
f 3859//3947 3650//3947 3666//3947
f 3856//2734 3860//2734 3648//2734
f 3860//2735 3599//2735 3648//2735
f 3801//2736 3855//2736 3854//2736
f 3605//517 3861//517 3604//517
f 3861//3948 3805//3948 3604//3948
f 3862//2737 3836//2737 3821//2737
f 3825//2737 3862//2737 3821//2737
f 2858//2738 2859//2738 3822//2738
f 2859//3949 3863//3949 3822//3949
f 3863//2725 3837//2725 3822//2725
f 3864//3950 3865//3950 3856//3950
f 3865//2734 3860//2734 3856//2734
f 3855//197 3864//197 3856//197
f 3866//3374 3801//3374 3750//3374
f 3867//3951 3866//3951 3750//3951
f 3842//3952 3867//3952 3750//3952
f 3868//3953 3828//3953 3853//3953
f 3852//2746 3868//2746 3853//2746
f 3447//3954 3798//3954 3448//3954
f 3869//3955 3870//3955 3798//3955
f 3870//3956 3799//3956 3798//3956
f 3447//3954 3869//3954 3798//3954
f 3870//3957 3871//3957 3799//3957
f 3871//3958 3800//3958 3799//3958
f 3827//3959 3726//3959 3562//3959
f 3726//3960 3721//3960 3562//3960
f 3868//3961 3831//3961 3828//3961
f 3876//2748 3877//2748 3816//2748
f 3877//2722 3834//2722 3816//2722
f 3878//2804 3803//2804 3804//2804
f 3879//2804 3878//2804 3804//2804
f 3775//3962 3879//3962 3804//3962
f 3880//3963 3782//3963 3803//3963
f 3878//3963 3880//3963 3803//3963
f 3881//2805 3879//2805 3775//2805
f 3784//3378 3881//3378 3775//3378
f 3871//3964 3882//3964 3800//3964
f 3882//3965 3883//3965 3800//3965
f 3883//3966 3827//3966 3800//3966
f 3884//197 3850//197 3836//197
f 3862//197 3884//197 3836//197
f 3885//511 3886//511 3876//511
f 3886//3967 3877//3967 3876//3967
f 3887//2757 3781//2757 3782//2757
f 3880//2757 3887//2757 3782//2757
f 3891//3378 3881//3378 3784//3378
f 3834//2760 3891//2760 3784//2760
f 3725//3968 3726//3968 3827//3968
f 3883//3965 3894//3965 3827//3965
f 3894//3968 3725//3968 3827//3968
f 3895//2761 3813//2761 3812//2761
f 3824//2762 3895//2762 3812//2762
f 3895//2761 3896//2761 3813//2761
f 3897//511 3849//511 3813//511
f 3896//511 3897//511 3813//511
f 3898//3969 3895//3969 3824//3969
f 3837//2764 3898//2764 3824//2764
f 3901//3970 3898//3970 3837//3970
f 3863//3971 3901//3971 3837//3971
f 3902//2736 3855//2736 3801//2736
f 3866//3972 3902//3972 3801//3972
f 3903//2768 3825//2768 3781//2768
f 3887//2768 3903//2768 3781//2768
f 3877//2769 3913//2769 3834//2769
f 3914//2760 3891//2760 3834//2760
f 3913//2770 3914//2770 3834//2770
f 3902//197 3864//197 3855//197
f 3917//2771 3859//2771 3652//2771
f 3651//2772 3917//2772 3652//2772
f 3865//2773 3598//2773 3599//2773
f 3860//2774 3865//2774 3599//2774
f 3918//3973 3919//3973 3868//3973
f 3919//2776 3831//2776 3868//2776
f 3852//2777 3918//2777 3868//2777
f 3919//3384 3920//3384 3831//3384
f 3920//3385 3830//3385 3831//3385
f 3861//3974 3922//3974 3805//3974
f 3922//3975 3806//3975 3805//3975
f 3917//3976 3923//3976 3859//3976
f 3923//3977 3650//3977 3859//3977
f 3605//517 3925//517 3861//517
f 3925//3978 3922//3978 3861//3978
f 3920//3387 3926//3387 3830//3387
f 3926//3388 3927//3388 3830//3388
f 3927//2782 3842//2782 3830//2782
f 3928//2766 3901//2766 3863//2766
f 2859//2803 3928//2803 3863//2803
f 3929//197 3930//197 3447//197
f 3930//197 3869//197 3447//197
f 3931//519 3929//519 3447//519
f 3450//519 3931//519 3447//519
f 3930//3979 3870//3979 3869//3979
f 3930//3979 3932//3979 3870//3979
f 3932//3980 3871//3980 3870//3980
f 3932//3980 3933//3980 3871//3980
f 3933//3981 3882//3981 3871//3981
f 3933//3982 3934//3982 3882//3982
f 3934//3983 3883//3983 3882//3983
f 3934//3983 3935//3983 3883//3983
f 3935//3983 3894//3983 3883//3983
f 3935//3983 3936//3983 3894//3983
f 3936//3984 3725//3984 3894//3984
f 3936//3984 3937//3984 3725//3984
f 3937//519 3724//519 3725//519
f 3938//2786 3862//2786 3825//2786
f 3903//2786 3938//2786 3825//2786
f 3939//3389 3902//3389 3866//3389
f 3867//3985 3939//3985 3866//3985
f 3939//197 3940//197 3902//197
f 3941//197 3942//197 3902//197
f 3943//197 3941//197 3902//197
f 3940//197 3943//197 3902//197
f 3942//197 3944//197 3902//197
f 3944//197 3864//197 3902//197
f 3886//2756 3945//2756 3877//2756
f 3945//2790 3913//2790 3877//2790
f 3938//197 3884//197 3862//197
f 3946//2791 3896//2791 3895//2791
f 3898//2792 3946//2792 3895//2792
f 3946//2791 3947//2791 3896//2791
f 3948//511 3897//511 3896//511
f 3949//511 3948//511 3896//511
f 3947//511 3949//511 3896//511
f 3950//3986 3946//3986 3898//3986
f 3951//2794 3950//2794 3898//2794
f 3901//2794 3951//2794 3898//2794
f 3927//2796 3952//2796 3842//2796
f 3952//2797 3867//2797 3842//2797
f 3885//511 3945//511 3886//511
f 3944//3950 3865//3950 3864//3950
f 3923//198 3651//198 3650//198
f 3917//3987 3954//3987 3923//3987
f 3954//197 3651//197 3923//197
f 3955//2800 3951//2800 3901//2800
f 3956//3988 3955//3988 3901//3988
f 3928//3988 3956//3988 3901//3988
f 3957//3989 3752//3989 3753//3989
f 3958//3989 3957//3989 3753//3989
f 3755//3990 3958//3990 3753//3990
f 3959//3991 3754//3991 3752//3991
f 3957//3992 3959//3992 3752//3992
f 3780//3993 3960//3993 3755//3993
f 3960//3994 3958//3994 3755//3994
f 2892//2803 3928//2803 2859//2803
f 3962//3395 3878//3395 3879//3395
f 3963//3395 3962//3395 3879//3395
f 3881//3995 3963//3995 3879//3995
f 3962//2753 3880//2753 3878//2753
f 3964//3996 3778//3996 3754//3996
f 3959//3996 3964//3996 3754//3996
f 3651//2806 3965//2806 3917//2806
f 3965//3997 3954//3997 3917//3997
f 3944//3998 3942//3998 3865//3998
f 3942//2809 3598//2809 3865//2809
f 3806//3999 3966//3999 3780//3999
f 3966//4000 3960//4000 3780//4000
f 3967//2810 3956//2810 3928//2810
f 2892//2811 3967//2811 3928//2811
f 3968//2812 3913//2812 3945//2812
f 3969//511 3968//511 3945//511
f 3885//511 3969//511 3945//511
f 3971//4001 3787//4001 3778//4001
f 3964//4002 3971//4002 3778//4002
f 3922//4003 3972//4003 3806//4003
f 3972//4004 3973//4004 3806//4004
f 3973//4005 3966//4005 3806//4005
f 3952//2813 3939//2813 3867//2813
f 3152//2811 3967//2811 2892//2811
f 3952//4006 3977//4006 3939//4006
f 3978//197 3979//197 3939//197
f 3979//197 3940//197 3939//197
f 3980//197 3978//197 3939//197
f 3981//197 3980//197 3939//197
f 3977//197 3981//197 3939//197
f 3983//4007 3840//4007 3787//4007
f 3971//4008 3983//4008 3787//4008
f 3985//2815 3914//2815 3913//2815
f 3968//2816 3985//2816 3913//2816
f 3925//4009 3972//4009 3922//4009
f 3983//519 3848//519 3840//519
f 3987//2818 3962//2818 3963//2818
f 3988//2818 3987//2818 3963//2818
f 3881//2822 3988//2822 3963//2822
f 3989//2820 3880//2820 3962//2820
f 3987//2820 3989//2820 3962//2820
f 3891//3401 3990//3401 3881//3401
f 3990//4010 3988//4010 3881//4010
f 3605//517 3991//517 3925//517
f 3991//4011 3972//4011 3925//4011
f 3992//2824 3887//2824 3880//2824
f 3989//2824 3992//2824 3880//2824
f 3914//4012 3997//4012 3891//4012
f 3997//2821 3990//2821 3891//2821
f 4002//2826 3903//2826 3887//2826
f 3992//2826 4002//2826 3887//2826
f 3950//3405 4005//3405 3946//3405
f 4005//2827 4006//2827 3946//2827
f 4007//517 3947//517 3946//517
f 4006//517 4007//517 3946//517
f 4007//511 3949//511 3947//511
f 3951//2828 4008//2828 3950//2828
f 4008//4013 4005//4013 3950//4013
f 3955//2829 4009//2829 3951//2829
f 4009//2829 4008//2829 3951//2829
f 3956//2830 4010//2830 3955//2830
f 4010//2830 4009//2830 3955//2830
f 3967//2832 4011//2832 3956//2832
f 4011//2832 4010//2832 3956//2832
f 3152//2833 3151//2833 3967//2833
f 3151//2833 4011//2833 3967//2833
f 4012//4014 3918//4014 3852//4014
f 3851//197 4012//197 3852//197
f 4013//4015 3919//4015 3918//4015
f 4012//4014 4013//4014 3918//4014
f 4013//3408 4014//3408 3919//3408
f 4014//2835 3920//2835 3919//2835
f 4014//2838 4015//2838 3920//2838
f 4015//2837 3926//2837 3920//2837
f 3985//2839 4018//2839 3914//2839
f 4018//3409 4019//3409 3914//3409
f 4019//2841 3997//2841 3914//2841
f 4015//2843 4020//2843 3926//2843
f 4020//2842 3927//2842 3926//2842
f 3965//197 3651//197 3954//197
f 4024//2844 3938//2844 3903//2844
f 4002//2844 4024//2844 3903//2844
f 3968//2845 4018//2845 3985//2845
f 4020//2846 3952//2846 3927//2846
f 4025//197 3884//197 3938//197
f 4024//197 4025//197 3938//197
f 4026//197 3598//197 3942//197
f 3941//197 4026//197 3942//197
f 3969//511 4028//511 3968//511
f 4028//3412 4018//3412 3968//3412
f 4031//2848 4013//2848 4012//2848
f 3851//197 4031//197 4012//197
f 4032//4016 4033//4016 4013//4016
f 4033//4017 4014//4017 4013//4017
f 4031//2848 4032//2848 4013//2848
f 4033//2850 4034//2850 4014//2850
f 4034//2850 4015//2850 4014//2850
f 3991//4018 4035//4018 3972//4018
f 4035//4019 3973//4019 3972//4019
f 4020//2851 3981//2851 3952//2851
f 3981//4020 3977//4020 3952//4020
f 4034//4021 4038//4021 4015//4021
f 4038//2853 4039//2853 4015//2853
f 4039//2853 4020//2853 4015//2853
f 3980//2855 3981//2855 4020//2855
f 4039//2853 4043//2853 4020//2853
f 4043//2857 3980//2857 4020//2857
f 3605//517 4049//517 3991//517
f 4049//4022 4035//4022 3991//4022
f 3446//4023 3500//4023 3444//4023
f 3451//4024 3446//4024 3444//4024
f 3513//4024 3451//4024 3444//4024
f 3499//4023 3500//4023 3446//4023
f 4028//2858 4051//2858 4018//2858
f 4051//2859 4019//2859 4018//2859
f 3969//511 4053//511 4028//511
f 4053//2860 4051//2860 4028//2860
f 4058//517 4059//517 4031//517
f 4059//517 4032//517 4031//517
f 4060//197 4058//197 4031//197
f 4061//197 4060//197 4031//197
f 3851//197 4061//197 4031//197
f 4059//3418 4033//3418 4032//3418
f 4062//4025 4034//4025 4033//4025
f 4059//3418 4062//3418 4033//3418
f 4063//2865 4038//2865 4034//2865
f 4062//2863 4063//2863 4034//2863
f 4064//2866 4039//2866 4038//2866
f 4063//2864 4064//2864 4038//2864
f 4065//2866 4043//2866 4039//2866
f 4064//2866 4065//2866 4039//2866
f 4066//2868 3980//2868 4043//2868
f 4065//2866 4066//2866 4043//2866
f 4066//2868 4067//2868 3980//2868
f 4067//197 3978//197 3980//197
f 4077//4026 3957//4026 3958//4026
f 4078//4026 4077//4026 3958//4026
f 3960//4027 4078//4027 3958//4027
f 4077//4028 3959//4028 3957//4028
f 3966//4029 4079//4029 3960//4029
f 4079//4030 4078//4030 3960//4030
f 4080//4031 3964//4031 3959//4031
f 4077//4028 4081//4028 3959//4028
f 4081//4032 4080//4032 3959//4032
f 3973//4033 4082//4033 3966//4033
f 4082//4029 4079//4029 3966//4029
f 3450//1974 3451//1974 3513//1974
f 3559//1974 3450//1974 3513//1974
f 3499//4034 3605//4034 3500//4034
f 3848//4034 3605//4034 3499//4034
f 4080//4035 4084//4035 3964//4035
f 4084//4036 3971//4036 3964//4036
f 4087//4037 4082//4037 3973//4037
f 4035//4038 4088//4038 3973//4038
f 4088//4039 4087//4039 3973//4039
f 4089//2869 3987//2869 3988//2869
f 4090//2869 4089//2869 3988//2869
f 3990//2870 4090//2870 3988//2870
f 4091//2871 3989//2871 3987//2871
f 4089//2871 4091//2871 3987//2871
f 3997//2872 4092//2872 3990//2872
f 4092//4040 4090//4040 3990//4040
f 4084//4041 4093//4041 3971//4041
f 4093//4041 3983//4041 3971//4041
f 4049//4042 4088//4042 4035//4042
f 4099//2874 3992//2874 3989//2874
f 4091//2874 4099//2874 3989//2874
f 4100//519 3848//519 3983//519
f 4093//519 4100//519 3983//519
f 3605//517 4101//517 4049//517
f 4101//4043 4088//4043 4049//4043
f 4019//2876 4102//2876 3997//2876
f 4102//2872 4092//2872 3997//2872
f 4109//2878 4002//2878 3992//2878
f 4099//2878 4109//2878 3992//2878
f 4051//2879 4110//2879 4019//2879
f 4110//2880 4111//2880 4019//2880
f 4111//2876 4102//2876 4019//2876
f 4119//2882 4024//2882 4002//2882
f 4109//2882 4119//2882 4002//2882
f 4053//2883 4110//2883 4051//2883
f 4119//197 4025//197 4024//197
f 3969//511 4166//511 4053//511
f 4166//3426 4110//3426 4053//3426
f 4180//4026 4077//4026 4078//4026
f 4181//4026 4180//4026 4078//4026
f 4079//4044 4181//4044 4078//4044
f 4180//4045 4081//4045 4077//4045
f 3931//4046 3450//4046 3559//4046
f 3558//4046 3931//4046 3559//4046
f 4209//517 4101//517 3605//517
f 3848//4047 4209//4047 3605//4047
f 4100//4047 4209//4047 3848//4047
f 4101//4048 4226//4048 4088//4048
f 4226//4049 4087//4049 4088//4049
f 4166//3427 4245//3427 4110//3427
f 4245//2886 4111//2886 4110//2886
f 3969//511 4277//511 4166//511
f 4277//2887 4245//2887 4166//2887
f 4209//517 4280//517 4101//517
f 4280//4050 4226//4050 4101//4050
f 3851//1267 3850//1267 3849//1267
f 3897//1267 3851//1267 3849//1267
f 3850//4051 3885//4051 3849//4051
f 3884//4051 3885//4051 3850//4051
f 3797//517 4282//517 3558//517
f 4283//4052 3931//4052 3558//4052
f 4282//4052 4283//4052 3558//4052
f 4284//517 4285//517 4209//517
f 4285//517 4280//517 4209//517
f 4100//4053 4284//4053 4209//4053
f 4280//4054 4285//4054 4226//4054
f 4285//4055 4286//4055 4226//4055
f 4287//4056 4087//4056 4226//4056
f 4286//4056 4287//4056 4226//4056
f 4287//4057 4288//4057 4087//4057
f 4288//4058 4082//4058 4087//4058
f 4288//4059 4289//4059 4082//4059
f 4289//4059 4079//4059 4082//4059
f 4290//4060 4181//4060 4079//4060
f 4289//4061 4290//4061 4079//4061
f 4291//4062 4180//4062 4181//4062
f 4290//4062 4291//4062 4181//4062
f 4292//4063 4081//4063 4180//4063
f 4291//4064 4292//4064 4180//4064
f 4293//4065 4080//4065 4081//4065
f 4292//4066 4293//4066 4081//4066
f 4294//4067 4084//4067 4080//4067
f 4293//4068 4294//4068 4080//4068
f 4295//4069 4093//4069 4084//4069
f 4294//4070 4295//4070 4084//4070
f 4283//519 3929//519 3931//519
f 4295//519 4296//519 4100//519
f 4093//519 4295//519 4100//519
f 4296//4053 4284//4053 4100//4053
f 4298//2889 4089//2889 4090//2889
f 4299//2889 4298//2889 4090//2889
f 4092//4071 4299//4071 4090//4071
f 4298//2891 4091//2891 4089//2891
f 4102//2896 4300//2896 4092//2896
f 4300//2903 4299//2903 4092//2903
f 4301//2893 4099//2893 4091//2893
f 4298//2891 4302//2891 4091//2891
f 4302//2893 4301//2893 4091//2893
f 4111//2895 4303//2895 4102//2895
f 4303//2892 4300//2892 4102//2892
f 4284//517 4305//517 4285//517
f 4305//4072 4286//4072 4285//4072
f 3884//1071 3969//1071 3885//1071
f 4025//1071 3969//1071 3884//1071
f 4061//1258 3851//1258 3897//1258
f 3948//1258 4061//1258 3897//1258
f 4301//2897 4306//2897 4099//2897
f 4306//2897 4109//2897 4099//2897
f 4307//4073 4303//4073 4111//4073
f 4245//4074 4308//4074 4111//4074
f 4308//2899 4307//2899 4111//2899
f 4306//2901 4310//2901 4109//2901
f 4310//2901 4119//2901 4109//2901
f 4277//2887 4308//2887 4245//2887
f 4311//197 4025//197 4119//197
f 4310//197 4311//197 4119//197
f 3969//511 4312//511 4277//511
f 4312//4075 4308//4075 4277//4075
f 4329//2889 4298//2889 4299//2889
f 4330//2889 4329//2889 4299//2889
f 4300//4076 4330//4076 4299//4076
f 4329//2891 4302//2891 4298//2891
f 4331//511 4312//511 3969//511
f 4025//2904 4331//2904 3969//2904
f 4311//2904 4331//2904 4025//2904
f 4060//1246 4061//1246 3948//1246
f 3949//1246 4060//1246 3948//1246
f 3797//517 4333//517 4282//517
f 4334//4077 4283//4077 4282//4077
f 4333//4077 4334//4077 4282//4077
f 4335//517 4336//517 4284//517
f 4336//517 4337//517 4284//517
f 4337//517 4338//517 4284//517
f 4339//517 4335//517 4284//517
f 4340//517 4339//517 4284//517
f 4338//517 4305//517 4284//517
f 4296//4078 4340//4078 4284//4078
f 4334//519 4341//519 4283//519
f 4341//519 3929//519 4283//519
f 4342//519 4343//519 4296//519
f 4295//519 4344//519 4296//519
f 4344//519 4342//519 4296//519
f 4343//4078 4340//4078 4296//4078
f 4312//2905 4345//2905 4308//2905
f 4345//3434 4307//3434 4308//3434
f 4347//4062 4291//4062 4290//4062
f 4348//4062 4347//4062 4290//4062
f 4289//4060 4348//4060 4290//4060
f 4347//4079 4292//4079 4291//4079
f 4359//197 4360//197 3422//197
f 4361//519 3214//519 3422//519
f 4360//519 4361//519 3422//519
f 4338//4072 4286//4072 4305//4072
f 4294//4080 4344//4080 4295//4080
f 4362//4081 4287//4081 4286//4081
f 4338//4082 4362//4082 4286//4082
f 4293//4083 4366//4083 4294//4083
f 4366//4080 4344//4080 4294//4080
f 4369//4084 4288//4084 4287//4084
f 4370//4085 4369//4085 4287//4085
f 4362//4086 4370//4086 4287//4086
f 4292//4087 4372//4087 4293//4087
f 4372//4088 4366//4088 4293//4088
f 4374//517 4375//517 4333//517
f 4376//517 4374//517 4333//517
f 4377//517 4376//517 4333//517
f 3797//517 4377//517 4333//517
f 4378//518 4334//518 4333//518
f 4375//518 4378//518 4333//518
f 4374//517 4379//517 4340//517
f 4375//517 4374//517 4340//517
f 4380//517 4339//517 4340//517
f 4379//517 4380//517 4340//517
f 4343//4089 4375//4089 4340//4089
f 4378//519 4381//519 4334//519
f 4381//519 4341//519 4334//519
f 4382//519 4378//519 4343//519
f 4383//519 4382//519 4343//519
f 4342//519 4383//519 4343//519
f 4378//4089 4375//4089 4343//4089
f 4386//4090 4289//4090 4288//4090
f 4369//4090 4386//4090 4288//4090
f 4387//4091 4372//4091 4292//4091
f 4347//4092 4387//4092 4292//4092
f 4390//4093 4348//4093 4289//4093
f 4386//4094 4390//4094 4289//4094
f 4391//4095 4347//4095 4348//4095
f 4390//4095 4391//4095 4348//4095
f 4391//4096 4387//4096 4347//4096
f 4393//2907 4329//2907 4330//2907
f 4394//2907 4393//2907 4330//2907
f 4300//3435 4394//3435 4330//3435
f 4395//2909 4302//2909 4329//2909
f 4393//2909 4395//2909 4329//2909
f 4303//2910 4396//2910 4300//2910
f 4396//4097 4394//4097 4300//4097
f 4397//2911 4301//2911 4302//2911
f 4395//2912 4397//2912 4302//2912
f 4398//2913 4396//2913 4303//2913
f 4307//2914 4398//2914 4303//2914
f 4399//2915 4306//2915 4301//2915
f 4397//2915 4399//2915 4301//2915
f 4400//2916 4398//2916 4307//2916
f 4345//2917 4400//2917 4307//2917
f 4401//3439 4310//3439 4306//3439
f 4399//2918 4401//2918 4306//2918
f 4402//2920 4403//2920 4345//2920
f 4403//4098 4400//4098 4345//4098
f 4401//197 4311//197 4310//197
f 4404//511 4402//511 4331//511
f 4311//2921 4404//2921 4331//2921
f 4405//2921 4404//2921 4311//2921
f 4401//197 4405//197 4311//197
f 4007//511 4406//511 3949//511
f 4407//571 4060//571 3949//571
f 4406//571 4407//571 3949//571
f 4407//197 4058//197 4060//197
f 4404//511 4411//511 4402//511
f 4411//3441 4403//3441 4402//3441
f 4337//4099 4362//4099 4338//4099
f 4414//519 4381//519 4378//519
f 4382//519 4414//519 4378//519
f 4419//4100 4370//4100 4362//4100
f 4337//4101 4419//4101 4362//4101
f 4445//511 4411//511 4404//511
f 4446//511 4447//511 4404//511
f 4447//511 4448//511 4404//511
f 4448//511 4445//511 4404//511
f 4449//511 4446//511 4404//511
f 4450//511 4449//511 4404//511
f 4405//2923 4450//2923 4404//2923
f 4451//2923 4450//2923 4405//2923
f 4401//197 4452//197 4405//197
f 4452//197 4453//197 4405//197
f 4453//197 4451//197 4405//197
f 4007//511 4454//511 4406//511
f 4455//532 4407//532 4406//532
f 4454//532 4455//532 4406//532
f 4455//197 4456//197 4407//197
f 4456//197 4058//197 4407//197
f 4470//2907 4393//2907 4394//2907
f 4471//2907 4470//2907 4394//2907
f 4396//3442 4471//3442 4394//3442
f 4470//2909 4395//2909 4393//2909
f 4336//4101 4419//4101 4337//4101
f 4366//4102 4342//4102 4344//4102
f 4476//4103 4370//4103 4419//4103
f 4336//4104 4476//4104 4419//4104
f 4372//4105 4480//4105 4366//4105
f 4480//4106 4342//4106 4366//4106
f 4482//4107 4369//4107 4370//4107
f 4483//4107 4482//4107 4370//4107
f 4476//4108 4483//4108 4370//4108
f 4484//4109 4480//4109 4372//4109
f 4387//4110 4484//4110 4372//4110
f 4490//197 4360//197 4359//197
f 4482//4111 4491//4111 4369//4111
f 4491//4111 4386//4111 4369//4111
f 4445//2925 4403//2925 4411//2925
f 4399//2926 4452//2926 4401//2926
f 4492//4110 4484//4110 4387//4110
f 4391//4112 4492//4112 4387//4112
f 4493//2927 4400//2927 4403//2927
f 4445//3443 4493//3443 4403//2928
f 4397//2929 4494//2929 4399//2929
f 4494//2926 4452//2926 4399//2926
f 4491//4113 4495//4113 4386//4113
f 4495//4114 4390//4114 4386//4114
f 4496//4115 4391//4115 4390//4115
f 4495//4115 4496//4115 4390//4115
f 4496//4116 4492//4116 4391//4116
f 4498//3445 4398//3445 4400//3445
f 4499//2931 4498//2931 4400//2931
f 4493//2932 4499//2932 4400//2932
f 4395//4117 4500//4117 4397//4117
f 4500//2929 4494//2929 4397//2929
f 4501//511 4502//511 4450//511
f 4503//511 4501//511 4450//511
f 4504//511 4449//511 4450//511
f 4502//511 4504//511 4450//511
f 4451//2934 4503//2934 4450//2934
f 4505//2934 4503//2934 4451//2934
f 4506//197 4505//197 4451//197
f 4507//197 4506//197 4451//197
f 4453//197 4507//197 4451//197
f 4501//511 4503//511 4454//511
f 4508//511 4501//511 4454//511
f 4509//511 4508//511 4454//511
f 4007//511 4509//511 4454//511
f 4505//514 4455//514 4454//514
f 4503//514 4505//514 4454//514
f 4505//197 4510//197 4455//197
f 4510//197 4456//197 4455//197
f 4511//2935 4396//2935 4398//2935
f 4498//4118 4511//4118 4398//4118
f 4513//2937 4500//2937 4395//2937
f 4470//4119 4513//4119 4395//4119
f 4514//4120 4471//4120 4396//4120
f 4511//4121 4514//4121 4396//4121
f 4515//2941 4470//2941 4471//2941
f 4514//2941 4515//2941 4471//2941
f 4515//4122 4513//4122 4470//4122
f 4341//4123 3930//4123 3929//4123
f 4532//4124 3932//4124 3930//4124
f 4533//4125 4532//4125 3930//4125
f 4341//4123 4533//4123 3930//4123
f 4532//4126 3933//4126 3932//4126
f 4532//4127 4534//4127 3933//4127
f 4534//4128 3934//4128 3933//4128
f 4534//4129 3935//4129 3934//4129
f 4534//4130 4535//4130 3935//4130
f 4535//4131 3936//4131 3935//4131
f 4535//4132 4536//4132 3936//4132
f 4536//4132 3937//4132 3936//4132
f 4536//519 4537//519 3937//519
f 4537//519 3724//519 3937//519
f 4335//4133 4476//4133 4336//4133
f 4448//2942 4493//2942 4445//2942
f 4542//4134 4483//4134 4476//4134
f 4335//4135 4542//4135 4476//4135
f 4545//197 4510//197 4505//197
f 4506//197 4545//197 4505//197
f 4553//4136 4537//4136 4536//4136
f 4535//4136 4553//4136 4536//4136
f 4561//4137 4553//4137 4535//4137
f 4534//4138 4561//4138 4535//4138
f 4566//4139 4561//4139 4534//4139
f 4532//4140 4566//4140 4534//4140
f 4567//4141 3724//4141 4537//4141
f 4553//4142 4567//4142 4537//4142
f 4561//4143 4567//4143 4553//4143
f 4571//2943 4499//2943 4493//2943
f 4448//2944 4571//2944 4493//2944
f 4533//4144 4572//4144 4532//4144
f 4573//4145 4566//4145 4532//4145
f 4572//4146 4573//4146 4532//4146
f 4381//4147 4533//4147 4341//4147
f 4574//4146 4572//4146 4533//4146
f 4381//4147 4574//4147 4533//4147
f 4587//4148 4542//4148 4335//4148
f 4339//4149 4587//4149 4335//4149
f 4590//4150 3857//4150 3215//4150
f 4591//4151 4590//4151 3215//4151
f 4592//517 3858//517 3857//517
f 4590//4152 4592//4152 3857//4152
f 4593//4153 4594//4153 4595//4153
f 4596//4154 4593//4154 4595//4154
f 4597//517 4596//517 4595//517
f 4597//4155 4593//4155 4596//4155
f 4480//4156 4383//4156 4342//4156
f 4599//4157 4567//4157 4561//4157
f 4566//4158 4599//4158 4561//4158
f 4587//4159 4483//4159 4542//4159
f 4603//4160 4383//4160 4480//4160
f 4484//4161 4603//4161 4480//4161
f 4609//4162 4599//4162 4566//4162
f 4573//4163 4609//4163 4566//4163
f 4617//4164 4482//4164 4483//4164
f 4587//4165 4618//4165 4483//4165
f 4618//4164 4617//4164 4483//4164
f 4619//4166 4609//4166 4573//4166
f 4572//4167 4619//4167 4573//4167
f 4574//4168 4619//4168 4572//4168
f 4620//4169 4574//4169 4381//4169
f 4621//4170 4620//4170 4381//4170
f 4414//519 4621//519 4381//519
f 4620//4171 4619//4171 4574//4171
f 3858//4172 4622//4172 3790//4172
f 4622//4173 3791//4173 3790//4173
f 4622//4174 3792//4174 3791//4174
f 4623//4175 3793//4175 3792//4175
f 4622//4174 4623//4174 3792//4174
f 4623//4176 3794//4176 3793//4176
f 4624//4177 3795//4177 3794//4177
f 4623//4177 4624//4177 3794//4177
f 4625//4178 3796//4178 3795//4178
f 4624//4179 4625//4179 3795//4179
f 4625//4180 3797//4180 3796//4180
f 4625//4180 4377//4180 3797//4180
f 4629//4181 4603//4181 4484//4181
f 4492//4182 4629//4182 4484//4182
f 4634//4183 4491//4183 4482//4183
f 4617//4184 4634//4184 4482//4184
f 4496//4185 4636//4185 4492//4185
f 4637//4182 4629//4182 4492//4182
f 4636//4186 4637//4186 4492//4186
f 4447//2945 4571//2945 4448//2945
f 4634//4187 4643//4187 4491//4187
f 4643//4188 4495//4188 4491//4188
f 4636//4189 4496//4189 4495//4189
f 4643//4189 4636//4189 4495//4189
f 4494//2946 4453//2946 4452//2946
f 4645//2947 4499//2947 4571//2947
f 4447//4190 4645//4190 4571//4190
f 4647//4191 4618//4191 4587//4191
f 4339//4192 4647//4192 4587//4192
f 4380//4193 4647//4193 4339//4193
f 4500//2949 4650//2949 4494//2949
f 4650//2946 4453//2946 4494//2946
f 4567//4141 3722//4141 3724//4141
f 4592//517 4651//517 3858//517
f 4651//517 4652//517 3858//517
f 4652//517 4653//517 3858//517
f 4653//517 4654//517 3858//517
f 4654//517 4655//517 3858//517
f 4655//517 4656//517 3858//517
f 4656//517 4657//517 3858//517
f 4658//4194 4622//4194 3858//4194
f 4657//4194 4658//4194 3858//4194
f 4599//4195 4661//4195 4567//4195
f 4661//4196 3722//4196 4567//4196
f 4662//4197 4593//4197 4597//4197
f 4663//2950 4498//2950 4499//2950
f 4664//4198 4663//4198 4499//4198
f 4645//2951 4664//2951 4499//2951
f 4666//2949 4650//2949 4500//2949
f 4513//2952 4666//2952 4500//2952
f 4590//4199 4651//4199 4592//4199
f 4668//4200 4623//4200 4622//4200
f 4658//4200 4668//4200 4622//4200
f 4663//2953 4671//2953 4498//2953
f 4671//2953 4511//2953 4498//2953
f 4652//4201 4651//4201 4590//4201
f 4678//4202 4652//4202 4590//4202
f 4591//4203 4678//4203 4590//4203
f 4662//4204 4679//4204 4593//4204
f 4679//4205 4594//4205 4593//4205
f 4680//4206 4666//4206 4513//4206
f 4515//3452 4680//3452 4513//3452
f 4683//4207 4636//4207 4643//4207
f 4684//4207 4683//4207 4643//4207
f 4634//4188 4684//4188 4643//4188
f 4683//4208 4637//4208 4636//4208
f 4656//4209 4658//4209 4657//4209
f 4671//2957 4688//2957 4511//2957
f 4688//4210 4514//4210 4511//4210
f 4689//2958 4515//2958 4514//2958
f 4688//2958 4689//2958 4514//2958
f 4689//2955 4680//2955 4515//2955
f 4690//4211 4624//4211 4623//4211
f 4668//4211 4690//4211 4623//4211
f 4379//517 4691//517 4380//517
f 4691//4212 4692//4212 4380//4212
f 4692//4213 4647//4213 4380//4213
f 3469//4214 4679//4214 4662//4214
f 4609//4215 4694//4215 4599//4215
f 4694//4216 4661//4216 4599//4216
f 4697//4217 4625//4217 4624//4217
f 4690//4217 4697//4217 4624//4217
f 4697//4218 4377//4218 4625//4218
f 4697//4218 4376//4218 4377//4218
f 4603//4219 4382//4219 4383//4219
f 4692//4220 4618//4220 4647//4220
f 4661//4221 3723//4221 3722//4221
f 4694//4222 4702//4222 4661//4222
f 4702//4223 3723//4223 4661//4223
f 4709//519 4710//519 4711//519
f 4710//197 4490//197 4711//197
f 3941//197 4709//197 4026//197
f 4710//197 4360//197 4490//197
f 4629//4224 4716//4224 4603//4224
f 4716//4225 4382//4225 4603//4225
f 4456//2959 4059//2959 4058//2959
f 4719//2961 4062//2961 4059//2961
f 4720//3453 4719//3453 4059//3453
f 4456//2959 4720//2959 4059//2959
f 4719//2962 4063//2962 4062//2962
f 4719//2962 4721//2962 4063//2962
f 4721//4226 4064//4226 4063//4226
f 4721//2964 4065//2964 4064//2964
f 4721//2964 4722//2964 4065//2964
f 4722//2964 4066//2964 4065//2964
f 4722//2967 4723//2967 4066//2967
f 4723//2968 4067//2968 4066//2968
f 4723//197 4724//197 4067//197
f 4724//197 3978//197 4067//197
f 4726//4227 4668//4227 4658//4227
f 4727//4227 4726//4227 4658//4227
f 4656//4228 4727//4228 4658//4228
f 4446//3456 4645//3456 4447//3456
f 4619//4229 4728//4229 4609//4229
f 4728//4230 4694//4230 4609//4230
f 4734//4231 4652//4231 4678//4231
f 4591//4232 4734//4232 4678//4232
f 3469//4233 4735//4233 4679//4233
f 4735//4234 4594//4234 4679//4234
f 4736//2970 4664//2970 4645//2970
f 4446//2971 4736//2971 4645//2971
f 4620//4235 4737//4235 4619//4235
f 4737//4236 4738//4236 4619//4236
f 4738//4229 4728//4229 4619//4229
f 4621//4237 4737//4237 4620//4237
f 4739//4238 4734//4238 4591//4238
f 4735//4239 4740//4239 4594//4239
f 4702//4240 4743//4240 3723//4240
f 4743//4241 3727//4241 3723//4241
f 4744//4242 4745//4242 4618//4242
f 4745//4243 4617//4243 4618//4243
f 4692//4244 4744//4244 4618//4244
f 4637//4245 4749//4245 4629//4245
f 4749//4224 4716//4224 4629//4224
f 4694//4246 4743//4246 4702//4246
f 4691//4247 4750//4247 4692//4247
f 4750//4248 4744//4248 4692//4248
f 4751//4249 4690//4249 4668//4249
f 4726//4249 4751//4249 4668//4249
f 4754//4250 4724//4250 4723//4250
f 4722//4250 4754//4250 4723//4250
f 4655//4251 4727//4251 4656//4251
f 4379//4252 4750//4252 4691//4252
f 4768//4253 4697//4253 4690//4253
f 4751//4254 4768//4254 4690//4254
f 4770//4255 4376//4255 4697//4255
f 4768//4256 4770//4256 4697//4256
f 4770//517 4374//517 4376//517
f 4772//2973 4754//2973 4722//2973
f 4721//2974 4772//2974 4722//2974
f 4773//4257 4634//4257 4617//4257
f 4745//4258 4773//4258 4617//4258
f 4374//4252 4750//4252 4379//4252
f 3534//4259 4735//4259 3469//4259
f 4683//4260 4776//4260 4637//4260
f 4776//4261 4749//4261 4637//4261
f 4716//4262 4414//4262 4382//4262
f 4780//2975 4772//2975 4721//2975
f 4719//4263 4780//4263 4721//4263
f 4781//4264 4684//4264 4634//4264
f 4773//4264 4781//4264 4634//4264
f 4782//4265 4683//4265 4684//4265
f 4781//4265 4782//4265 4684//4265
f 4782//4266 4776//4266 4683//4266
f 4374//4267 4783//4267 4750//4267
f 4783//4268 4784//4268 4750//4268
f 4784//4268 4744//4268 4750//4268
f 4786//2977 3978//2977 4724//2977
f 4754//4269 4786//4269 4724//4269
f 4787//4270 4738//4270 4737//4270
f 4621//4271 4787//4271 4737//4271
f 4772//2978 4786//2978 4754//2978
f 4720//3460 4788//3460 4719//3460
f 4789//2976 4780//2976 4719//2976
f 4788//4272 4789//4272 4719//4272
f 4510//4273 4720//4273 4456//4273
f 4791//3458 4788//3458 4720//3458
f 4510//4273 4791//4273 4720//4273
f 4792//4274 4787//4274 4621//4274
f 4414//519 4792//519 4621//519
f 4728//4275 4794//4275 4694//4275
f 4794//4276 4743//4276 4694//4276
f 4734//4277 4653//4277 4652//4277
f 3533//4278 4735//4278 3534//4278
f 4655//4279 4796//4279 4727//4279
f 4796//4280 4797//4280 4727//4280
f 4797//4280 4726//4280 4727//4280
f 4749//4281 4798//4281 4716//4281
f 4798//4282 4799//4282 4716//4282
f 4799//4283 4414//4283 4716//4283
f 4807//4284 4796//4284 4655//4284
f 4654//4285 4807//4285 4655//4285
f 4810//2983 4736//2983 4446//2983
f 4449//4286 4810//4286 4446//4286
f 4743//4287 3728//4287 3727//4287
f 4813//4288 4814//4288 4734//4288
f 4814//4289 4815//4289 4734//4289
f 4815//4290 4816//4290 4734//4290
f 4817//4291 4653//4291 4734//4291
f 4818//4292 4817//4292 4734//4292
f 4816//4293 4819//4293 4734//4293
f 4819//4294 4818//4294 4734//4294
f 4739//4295 4813//4295 4734//4295
f 3533//4296 4820//4296 4735//4296
f 4820//4297 4821//4297 4735//4297
f 4821//4298 4822//4298 4735//4298
f 4822//4299 4823//4299 4735//4299
f 4823//4300 4824//4300 4735//4300
f 4824//4301 4825//4301 4735//4301
f 4825//4302 4826//4302 4735//4302
f 4826//4303 4740//4303 4735//4303
f 4794//4287 4827//4287 4743//4287
f 4827//4304 3728//4304 4743//4304
f 3728//4305 4827//4305 3533//4305
f 4827//4306 4820//4306 3533//4306
f 4829//4307 4830//4307 4831//4307
f 4832//2986 4829//2986 4831//2986
f 4833//197 4832//197 4831//197
f 4830//197 4833//197 4831//197
f 3943//4308 4834//4308 3941//4308
f 4834//3464 4709//3464 3941//3464
f 4835//2989 4829//2989 4832//2989
f 4833//517 4835//517 4832//517
f 4834//2990 4836//2990 4709//2990
f 4836//519 4710//519 4709//519
f 4817//4309 4654//4309 4653//4309
f 4817//4310 4807//4310 4654//4310
f 4768//4311 4837//4311 4770//4311
f 4783//4312 4374//4312 4770//4312
f 4837//4313 4783//4313 4770//4313
f 4838//4314 4787//4314 4792//4314
f 4414//4315 4838//4315 4792//4315
f 4799//4316 4838//4316 4414//4316
f 4650//2991 4507//2991 4453//2991
f 4839//2992 4786//2992 4772//2992
f 4780//2993 4839//2993 4772//2993
f 4837//4317 4784//4317 4783//4317
f 4810//2994 4664//2994 4736//2994
f 4768//4318 4843//4318 4837//4318
f 4843//4319 4784//4319 4837//4319
f 4738//4320 4845//4320 4728//4320
f 4845//4321 4846//4321 4728//4321
f 4846//4322 4794//4322 4728//4322
f 4847//2991 4507//2991 4650//2991
f 4666//2995 4847//2995 4650//2995
f 4797//4323 4848//4323 4726//4323
f 4848//4324 4751//4324 4726//4324
f 4798//4325 4838//4325 4799//4325
f 4784//4326 4849//4326 4744//4326
f 4849//4327 4850//4327 4744//4327
f 4850//4328 4745//4328 4744//4328
f 4852//4329 4834//4329 3943//4329
f 3940//197 4852//197 3943//197
f 4787//4330 4853//4330 4738//4330
f 4853//4331 4845//4331 4738//4331
f 4855//4332 4853//4332 4787//4332
f 4838//4333 4855//4333 4787//4333
f 4856//2997 4839//2997 4780//2997
f 4789//3467 4856//3467 4780//3467
f 4776//4334 4861//4334 4749//4334
f 4861//4335 4862//4335 4749//4335
f 4862//4336 4798//4336 4749//4336
f 4848//4337 4864//4337 4751//4337
f 4864//4338 4768//4338 4751//4338
f 4864//4339 4865//4339 4843//4339
f 4768//4340 4864//4340 4843//4340
f 4849//4341 4784//4341 4843//4341
f 4865//4342 4849//4342 4843//4342
f 4866//4343 4797//4343 4796//4343
f 4867//4343 4866//4343 4796//4343
f 4807//4344 4867//4344 4796//4344
f 4827//4345 4868//4345 4820//4345
f 4868//4346 4821//4346 4820//4346
f 4869//4347 4838//4347 4798//4347
f 4862//4348 4869//4348 4798//4348
f 4794//4349 4870//4349 4827//4349
f 4870//4350 4868//4350 4827//4350
f 4869//4351 4855//4351 4838//4351
f 4817//4352 4867//4352 4807//4352
f 4871//4353 4867//4353 4817//4353
f 4818//4354 4871//4354 4817//4354
f 4872//2999 4663//2999 4664//2999
f 4810//4355 4873//4355 4664//4355
f 4873//2999 4872//2999 4664//2999
f 4874//4356 4782//4356 4781//4356
f 4875//4356 4874//4356 4781//4356
f 4773//4357 4875//4357 4781//4357
f 4874//4358 4776//4358 4782//4358
f 4846//4359 4876//4359 4794//4359
f 4876//4359 4870//4359 4794//4359
f 4877//3469 4856//3469 4789//3469
f 4788//4360 4877//4360 4789//4360
f 4819//4361 4866//4361 4871//4361
f 4866//4362 4867//4362 4871//4362
f 4818//4363 4819//4363 4871//4363
f 4791//4364 4877//4364 4788//4364
f 4878//3004 4791//3004 4510//3004
f 4879//3005 4878//3005 4510//3005
f 4545//197 4879//197 4510//197
f 4878//4365 4877//4365 4791//4365
f 4880//3007 4007//3007 4006//3007
f 4005//3008 4880//3008 4006//3008
f 4880//3007 4509//3007 4007//3007
f 4881//3009 4880//3009 4005//3009
f 4008//3010 4881//3010 4005//3010
f 4882//3011 4881//3011 4008//3011
f 4009//3475 4882//3475 4008//3475
f 4010//3014 4882//3014 4009//3014
f 4883//3014 4882//3014 4010//3014
f 4011//4366 4883//4366 4010//4366
f 3151//3016 4883//3016 4011//3016
f 4884//3016 4883//3016 3151//3016
f 4876//4367 4821//4367 4870//4367
f 4821//4368 4868//4368 4870//4368
f 4885//2995 4847//2995 4666//2995
f 4680//4369 4885//4369 4666//4369
f 4886//4370 4887//4370 4813//4370
f 4887//4371 4814//4371 4813//4371
f 4739//4372 4886//4372 4813//4372
f 4825//4373 4888//4373 4826//4373
f 4888//4374 4889//4374 4826//4374
f 4889//4375 4740//4375 4826//4375
f 4865//4376 4850//4376 4849//4376
f 4850//4328 4894//4328 4745//4328
f 4894//4377 4895//4377 4745//4377
f 4895//4377 4773//4377 4745//4377
f 4896//4378 4855//4378 4869//4378
f 4862//4379 4896//4379 4869//4379
f 4897//4380 4886//4380 4739//4380
f 4889//4381 4898//4381 4740//4381
f 4864//4382 4904//4382 4865//4382
f 4904//4383 4850//4383 4865//4383
f 4905//4384 4906//4384 4776//4384
f 4906//4385 4861//4385 4776//4385
f 4874//4386 4905//4386 4776//4386
f 4907//3018 4671//3018 4663//3018
f 4872//3479 4907//3479 4663//3479
f 4861//4387 4896//4387 4862//4387
f 4689//3038 4911//3038 4680//3038
f 4912//3017 4885//3017 4680//3017
f 4911//3038 4912//3038 4680//3038
f 4913//4388 4914//4388 4773//4388
f 4914//4389 4875//4389 4773//4389
f 4895//4377 4913//4377 4773//4377
f 4915//4390 4874//4390 4875//4390
f 4914//4390 4915//4390 4875//4390
f 4915//4391 4905//4391 4874//4391
f 4919//4378 4855//4378 4896//4378
f 4861//4392 4919//4392 4896//4392
f 4864//4393 4920//4393 4904//4393
f 4894//4394 4850//4394 4904//4394
f 4920//4395 4894//4395 4904//4395
f 4846//4396 4921//4396 4876//4396
f 4921//4397 4822//4397 4876//4397
f 4822//4398 4821//4398 4876//4398
f 4906//4399 4919//4399 4861//4399
f 4819//4400 4922//4400 4866//4400
f 4922//4343 4797//4343 4866//4343
f 4923//4401 4848//4401 4797//4401
f 4922//4401 4923//4401 4797//4401
f 4921//4402 4823//4402 4822//4402
f 4923//4403 4922//4403 4819//4403
f 4924//4404 4923//4404 4819//4404
f 4816//4405 4924//4405 4819//4405
f 4907//3481 4925//3481 4671//3481
f 4925//3481 4688//3481 4671//3481
f 4911//3023 4689//3023 4688//3023
f 4925//3023 4911//3023 4688//3023
f 4845//4406 4929//4406 4846//4406
f 4929//4406 4921//4406 4846//4406
f 4929//4407 4824//4407 4823//4407
f 4921//4408 4929//4408 4823//4408
f 4931//3024 4873//3024 4810//3024
f 4449//4409 4931//4409 4810//4409
f 4932//4410 4933//4410 4886//4410
f 4933//4411 4887//4411 4886//4411
f 4897//4412 4932//4412 4886//4412
f 4934//4413 4935//4413 4889//4413
f 4936//4414 4934//4414 4889//4414
f 4888//4415 4937//4415 4889//4415
f 4937//4416 4936//4416 4889//4416
f 4935//4417 4898//4417 4889//4417
f 4504//3026 4931//3026 4449//3026
f 4920//4418 4895//4418 4894//4418
f 4938//4419 4855//4419 4919//4419
f 4906//4420 4938//4420 4919//4420
f 4786//2977 3979//2977 3978//2977
f 4942//4421 4943//4421 4848//4421
f 4943//4422 4864//4422 4848//4422
f 4923//4423 4942//4423 4848//4423
f 4944//3483 4883//3483 4884//3483
f 4945//3483 4944//3483 4884//3483
f 4946//4424 4920//4424 4864//4424
f 4943//4424 4946//4424 4864//4424
f 4946//4425 4895//4425 4920//4425
f 4947//4426 4938//4426 4906//4426
f 4905//4427 4947//4427 4906//4427
f 4946//4428 4913//4428 4895//4428
f 4845//4429 4948//4429 4929//4429
f 4948//4430 4824//4430 4929//4430
f 4816//4431 4942//4431 4923//4431
f 4924//4432 4816//4432 4923//4432
f 4949//4433 4913//4433 4946//4433
f 4943//4434 4949//4434 4946//4434
f 4853//4435 4948//4435 4845//4435
f 4915//4436 4947//4436 4905//4436
f 4855//4437 4950//4437 4853//4437
f 4950//4438 4948//4438 4853//4438
f 4815//4439 4942//4439 4816//4439
f 4948//4440 4825//4440 4824//4440
f 4950//4441 4855//4441 4938//4441
f 4947//4442 4950//4442 4938//4442
f 4915//4443 4951//4443 4947//4443
f 4951//4441 4950//4441 4947//4441
f 4950//4444 4888//4444 4825//4444
f 4948//4445 4950//4445 4825//4445
f 4839//3028 4953//3028 4786//3028
f 4953//3484 3979//3484 4786//3484
f 4815//4446 4943//4446 4942//4446
f 4949//4447 4914//4447 4913//4447
f 4936//510 4951//510 4934//510
f 4951//510 4935//510 4934//510
f 4887//510 4949//510 4814//510
f 4949//510 4943//510 4814//510
f 4943//510 4815//510 4814//510
f 4898//510 4935//510 4897//510
f 4935//510 4932//510 4897//510
f 4949//3260 4933//3260 4932//3260
f 4951//510 4949//510 4932//510
f 4935//510 4951//510 4932//510
f 4951//510 4914//510 4949//510
f 4887//4448 4933//4448 4949//4448
f 4951//510 4915//510 4914//510
f 4937//510 4950//510 4951//510
f 4936//510 4937//510 4951//510
f 4888//510 4950//510 4937//510
f 4829//4449 4974//4449 4830//4449
f 4974//197 4833//197 4830//197
f 4975//3031 4882//3031 4883//3031
f 4944//4450 4975//4450 4883//4450
f 4980//4449 4974//4449 4829//4449
f 4981//3033 4980//3033 4829//3033
f 4835//3063 4981//3063 4829//3063
f 4852//4451 4982//4451 4834//4451
f 4982//3486 4836//3486 4834//3486
f 4984//4452 4911//4452 4925//4452
f 4985//4452 4984//4452 4925//4452
f 4907//3481 4985//3481 4925//3481
f 4984//4453 4912//4453 4911//4453
f 4987//3039 4944//3039 4945//3039
f 4990//4454 4881//4454 4882//4454
f 4975//4454 4990//4454 4882//4454
f 4991//4455 4982//4455 4852//4455
f 3940//197 4991//197 4852//197
f 4502//511 4992//511 4504//511
f 4992//3043 4993//3043 4504//3043
f 4993//3044 4931//3044 4504//3044
f 4994//4456 4982//4456 4991//4456
f 4995//3046 4994//3046 4991//3046
f 3940//197 4995//197 4991//197
f 4980//197 4833//197 4974//197
f 4856//3049 5001//3049 4839//3049
f 5001//4457 4953//4457 4839//4457
f 5002//3050 4880//3050 4881//3050
f 4990//4458 5002//4458 4881//4458
f 5002//3052 4509//3052 4880//3052
f 5002//3052 4508//3052 4509//3052
f 4847//3053 4506//3053 4507//3053
f 4993//3054 4873//3054 4931//3054
f 4953//4459 3940//4459 3979//4459
f 5001//4460 5009//4460 4953//4460
f 5009//3056 3940//3056 4953//3056
f 4885//3057 5014//3057 4847//3057
f 5014//3053 4506//3053 4847//3053
f 5016//3059 4975//3059 4944//3059
f 5017//3059 5016//3059 4944//3059
f 4987//3060 5017//3060 4944//3060
f 4877//3066 5018//3066 4856//3066
f 5018//3494 5001//3494 4856//3494
f 5030//3033 4980//3033 4981//3033
f 4835//3495 5030//3495 4981//3495
f 4994//3064 4836//3064 4982//3064
f 4878//4461 5031//4461 4877//4461
f 5031//4462 5032//4462 4877//4462
f 5032//4463 5018//4463 4877//4463
f 4879//3497 5031//3497 4878//3497
f 5034//3498 5030//3498 4835//3498
f 4833//517 5034//517 4835//517
f 4994//3070 5035//3070 4836//3070
f 5035//4464 5036//4464 4836//4464
f 5036//519 4710//519 4836//519
f 5009//3072 5039//3072 3940//3072
f 5039//3071 5040//3071 3940//3071
f 5040//197 5041//197 3940//197
f 5041//197 4995//197 3940//197
f 5042//3500 5043//3500 4873//3500
f 5043//3073 4872//3073 4873//3073
f 4993//3074 5042//3074 4873//3074
f 4912//3075 5049//3075 4885//3075
f 5049//3057 5014//3057 4885//3057
f 5001//3501 5039//3501 5009//3501
f 4992//3077 5053//3077 4993//3077
f 5053//3078 5042//3078 4993//3078
f 5055//3080 4990//3080 4975//3080
f 5016//3080 5055//3080 4975//3080
f 5056//3502 5017//3502 4987//3502
f 4502//3082 5053//3082 4992//3082
f 5063//3083 5002//3083 4990//3083
f 5055//4465 5063//4465 4990//4465
f 5064//3085 4508//3085 5002//3085
f 5063//3086 5064//3086 5002//3086
f 5064//511 4501//511 4508//511
f 5065//3504 4907//3504 4872//3504
f 5043//4466 5065//4466 4872//4466
f 4501//3082 5053//3082 4502//3082
f 4984//3088 5066//3088 4912//3088
f 5066//3089 5049//3089 4912//3089
f 5014//3090 4545//3090 4506//3090
f 5073//4467 4985//4467 4907//4467
f 5065//3172 5073//3172 4907//3172
f 5074//3093 4984//3093 4985//3093
f 5073//3093 5074//3093 4985//3093
f 5074//3506 5066//3506 4984//3506
f 4501//3095 5075//3095 5053//3095
f 5075//3096 5076//3096 5053//3096
f 5076//3096 5042//3096 5053//3096
f 5077//3496 5032//3496 5031//3496
f 4879//3497 5077//3497 5031//3497
f 5082//4468 5077//4468 4879//4468
f 4545//197 5082//197 4879//197
f 5018//4469 5083//4469 5001//4469
f 5083//3101 5039//3101 5001//3101
f 5030//4470 5084//4470 4980//4470
f 5084//197 4833//197 4980//197
f 5056//4471 5085//4471 5017//4471
f 5085//3104 5086//3104 5017//3104
f 5086//3104 5016//3104 5017//3104
f 5049//3106 5092//3106 5014//3106
f 5092//3106 5093//3106 5014//3106
f 5093//3090 4545//3090 5014//3090
f 5096//3107 5085//3107 5056//3107
f 5097//3108 5096//3108 5056//3108
f 5039//3109 5041//3109 5040//3109
f 5103//4472 5104//4472 5030//4472
f 5105//3508 5106//3508 5030//3508
f 5106//4473 5107//4473 5030//4473
f 5107//4474 5103//4474 5030//4474
f 5104//4475 5108//4475 5030//4475
f 5108//4476 5084//4476 5030//4476
f 5034//3117 5105//3117 5030//3117
f 4995//3118 5109//3118 4994//3118
f 5109//4477 5110//4477 4994//4477
f 5110//4478 5111//4478 4994//4478
f 5111//3121 5112//3121 4994//3121
f 5112//4479 5113//4479 4994//4479
f 5113//4480 5114//4480 4994//4480
f 5114//3124 5115//3124 4994//3124
f 5115//3125 5035//3125 4994//3125
f 5083//3109 5116//3109 5039//3109
f 5116//3126 5041//3126 5039//3126
f 5064//4481 5075//4481 4501//4481
f 5117//3128 5082//3128 4545//3128
f 5093//3129 5117//3129 4545//3129
f 5117//3130 5077//3130 5082//3130
f 5063//4482 5118//4482 5064//4482
f 5118//3132 5075//3132 5064//3132
f 5116//3133 4995//3133 5041//3133
f 5108//3134 5096//3134 5097//3134
f 5084//3135 5108//3135 5097//3135
f 5116//3136 5109//3136 4995//3136
f 5036//4046 4360//4046 4710//4046
f 5119//519 5120//519 4360//519
f 5121//519 4361//519 4360//519
f 5120//519 5121//519 4360//519
f 5036//4046 5119//4046 4360//4046
f 5118//3137 5076//3137 5075//3137
f 5063//3138 5132//3138 5118//3138
f 5132//3519 5076//3519 5118//3519
f 5032//4483 5136//4483 5018//4483
f 5136//4484 5137//4484 5018//4484
f 5137//3142 5083//3142 5018//3142
f 5086//3521 5138//3521 5016//3521
f 5138//4485 5055//4485 5016//4485
f 5092//3145 5117//3145 5093//3145
f 5076//3146 5139//3146 5042//3146
f 5139//3147 5140//3147 5042//3147
f 5140//3148 5043//3148 5042//3148
f 5077//4486 5147//4486 5032//4486
f 5147//4487 5136//4487 5032//4487
f 5148//4488 5147//4488 5077//4488
f 5117//3152 5148//3152 5077//3152
f 5066//3153 5152//3153 5049//3153
f 5152//4489 5153//4489 5049//4489
f 5153//3527 5092//3527 5049//3527
f 5138//3528 5158//3528 5055//3528
f 5158//3155 5063//3155 5055//3155
f 5158//3530 5159//3530 5132//3530
f 5063//3158 5158//3158 5132//3158
f 5139//3159 5076//3159 5132//3159
f 5159//3532 5139//3532 5132//3532
f 5160//3161 5086//3161 5085//3161
f 5161//3161 5160//3161 5085//3161
f 5096//3162 5161//3162 5085//3162
f 5116//4490 5162//4490 5109//4490
f 5162//4491 5110//4491 5109//4491
f 5163//3164 5117//3164 5092//3164
f 5153//3533 5163//3533 5092//3533
f 5083//3166 5164//3166 5116//3166
f 5164//3167 5162//3167 5116//3167
f 5163//4492 5148//4492 5117//4492
f 5108//3535 5161//3535 5096//3535
f 5166//4493 5161//4493 5108//4493
f 5104//4494 5166//4494 5108//4494
f 5167//3093 5074//3093 5073//3093
f 5065//3091 5167//3091 5073//3091
f 5168//4495 5169//4495 5074//4495
f 5167//4496 5168//4496 5074//4496
f 5169//3094 5066//3094 5074//3094
f 5137//3538 5170//3538 5083//3538
f 5170//3538 5164//3538 5083//3538
f 5104//4497 5160//4497 5166//4497
f 5160//3176 5161//3176 5166//3176
f 5170//3178 5110//3178 5164//3178
f 5110//4498 5162//4498 5164//4498
f 5175//3180 5176//3180 5105//3180
f 5176//3181 5106//3181 5105//3181
f 5034//3117 5175//3117 5105//3117
f 5114//4499 5177//4499 5115//4499
f 5177//3184 5178//3184 5115//3184
f 5178//3185 5179//3185 5115//3185
f 5179//4500 5035//4500 5115//4500
f 5159//3186 5140//3186 5139//3186
f 5035//2667 5179//2667 5036//2667
f 5179//4501 5119//4501 5036//4501
f 5179//4502 5120//4502 5119//4502
f 5140//3187 5181//3187 5043//3187
f 5181//3543 5182//3543 5043//3543
f 5182//3189 5065//3189 5043//3189
f 5183//4503 5148//4503 5163//4503
f 5153//3544 5183//3544 5163//3544
f 5187//3192 5175//3192 5034//3192
f 4833//517 5187//517 5034//517
f 5178//4504 5188//4504 5179//4504
f 5189//517 5190//517 5179//517
f 5188//517 5189//517 5179//517
f 5190//4505 5120//4505 5179//4505
f 5158//3546 5193//3546 5159//3546
f 5193//3547 5140//3547 5159//3547
f 5195//3196 5196//3196 5066//3196
f 5196//3153 5152//3153 5066//3153
f 5169//3197 5195//3197 5066//3197
f 5152//4506 5183//4506 5153//4506
f 5203//4507 5204//4507 5065//4507
f 5204//4508 5167//4508 5065//4508
f 5182//3189 5203//3189 5065//3189
f 5204//3201 5168//3201 5167//3201
f 5168//3201 5205//3201 5169//3201
f 5205//3550 5195//3550 5169//3550
f 5206//3190 5148//3190 5183//3190
f 5152//3202 5206//3202 5183//3202
f 5158//3194 5207//3194 5193//3194
f 5181//3203 5140//3203 5193//3203
f 5207//4509 5181//4509 5193//4509
f 5137//3551 5208//3551 5170//3551
f 5208//3206 5111//3206 5170//3206
f 5111//3552 5110//3552 5170//3552
f 5196//3208 5206//3208 5152//3208
f 5104//3209 5209//3209 5160//3209
f 5209//3161 5086//3161 5160//3161
f 5211//3554 5138//3554 5086//3554
f 5209//4510 5211//4510 5086//4510
f 5208//4511 5112//4511 5111//4511
f 5211//4512 5209//4512 5104//4512
f 5214//4513 5211//4513 5104//4513
f 5103//4514 5214//4514 5104//4514
f 5136//4515 5221//4515 5137//4515
f 5221//4516 5208//4516 5137//4516
f 5221//3219 5113//3219 5112//3219
f 5208//4517 5221//4517 5112//4517
f 5226//4518 5227//4518 5175//4518
f 5227//4519 5176//4519 5175//4519
f 5187//3223 5226//3223 5175//3223
f 5228//4520 5229//4520 5178//4520
f 5230//3225 5228//3225 5178//3225
f 5177//3559 5231//3559 5178//3559
f 5231//4521 5230//4521 5178//4521
f 5229//3561 5188//3561 5178//3561
f 5207//3562 5182//3562 5181//3562
f 5237//4522 5148//4522 5206//4522
f 5196//3231 5237//3231 5206//3231
f 5189//4523 5120//4523 5190//4523
f 5189//4523 5121//4523 5120//4523
f 5238//4524 5239//4524 5138//4524
f 5239//3232 5158//3232 5138//3232
f 5211//4525 5238//4525 5138//4525
f 5240//3235 5207//3235 5158//3235
f 5239//3235 5240//3235 5158//3235
f 5240//4526 5182//4526 5207//4526
f 5241//3564 5237//3564 5196//3564
f 5195//3238 5241//3238 5196//3238
f 5240//3239 5203//3239 5182//3239
f 5136//4527 5242//4527 5221//4527
f 5242//4528 5113//4528 5221//4528
f 5103//4529 5238//4529 5211//4529
f 5214//4530 5103//4530 5211//4530
f 5243//3566 5203//3566 5240//3566
f 5239//3235 5243//3235 5240//3235
f 5147//4531 5242//4531 5136//4531
f 5205//3238 5241//3238 5195//3238
f 5148//4532 5244//4532 5147//4532
f 5244//3248 5242//3248 5147//3248
f 5107//3571 5238//3571 5103//3571
f 5242//4533 5114//4533 5113//4533
f 5244//4534 5148//4534 5237//4534
f 5241//4535 5244//4535 5237//4535
f 5205//3574 5245//3574 5241//3574
f 5245//3573 5244//3573 5241//3573
f 5244//3575 5177//3575 5114//3575
f 5242//4536 5244//4536 5114//4536
f 5107//3576 5239//3576 5238//3576
f 5243//4537 5204//4537 5203//4537
f 5245//510 5229//510 5228//510
f 5230//510 5245//510 5228//510
f 4833//512 5107//512 5106//512
f 5176//512 4833//512 5106//512
f 5231//4538 5245//4538 5230//4538
f 5243//512 5239//512 5204//512
f 5275//510 5205//510 5168//510
f 5275//510 5277//510 5205//510
f 5277//510 5278//510 5205//510
f 5278//510 5245//510 5205//510
f 4361//510 5245//510 5278//510
f 4361//510 5229//510 5245//510
f 5231//510 5244//510 5245//510
f 5231//510 5177//510 5244//510
f 5187//4539 5227//4539 5226//4539
f 4361//510 5188//510 5229//510
f 5227//512 5187//512 4833//512
f 5176//4540 5227//4540 4833//4540
f 4361//510 5189//510 5188//510
f 4361//510 5121//510 5189//510
f 5577//511 5578//511 5579//511
f 5580//511 5577//511 5579//511
f 5578//511 5581//511 5579//511
f 5582//4541 5580//4541 5579//4541
f 5583//4541 5582//4541 5579//4541
f 5581//4542 5583//4542 5579//4542
f 5584//511 5577//511 5580//511
f 5585//4543 5584//4543 5580//4543
f 5582//4543 5585//4543 5580//4543
f 5578//511 5586//511 5581//511
f 5587//4542 5583//4542 5581//4542
f 5586//4544 5587//4544 5581//4544
f 5588//511 5577//511 5584//511
f 5589//511 5588//511 5584//511
f 5590//4545 5589//4545 5584//4545
f 5585//4545 5590//4545 5584//4545
f 5591//511 5592//511 5586//511
f 5578//511 5591//511 5586//511
f 5593//4544 5587//4544 5586//4544
f 5592//4546 5593//4546 5586//4546
f 5594//511 5588//511 5589//511
f 5595//511 5594//511 5589//511
f 5596//4547 5595//4547 5589//4547
f 5590//4547 5596//4547 5589//4547
f 5597//511 5598//511 5592//511
f 5591//511 5597//511 5592//511
f 5599//4546 5593//4546 5592//4546
f 5598//4548 5599//4548 5592//4548
f 5600//511 5594//511 5595//511
f 5601//511 5600//511 5595//511
f 5602//4549 5601//4549 5595//4549
f 5596//4549 5602//4549 5595//4549
f 5597//511 5603//511 5598//511
f 5604//4548 5599//4548 5598//4548
f 5603//4550 5604//4550 5598//4550
f 5605//511 5600//511 5601//511
f 5606//511 5605//511 5601//511
f 5607//4551 5606//4551 5601//4551
f 5602//4551 5607//4551 5601//4551
f 5597//511 5608//511 5603//511
f 5608//511 5609//511 5603//511
f 5610//4550 5604//4550 5603//4550
f 5609//4552 5610//4552 5603//4552
f 5611//511 5605//511 5606//511
f 5612//511 5611//511 5606//511
f 5613//4553 5612//4553 5606//4553
f 5607//4553 5613//4553 5606//4553
f 5608//511 5614//511 5609//511
f 5615//4552 5610//4552 5609//4552
f 5614//4554 5615//4554 5609//4554
f 5616//4312 5588//4312 5594//4312
f 5617//4555 5616//4555 5594//4555
f 5600//4555 5617//4555 5594//4555
f 5618//4556 5577//4556 5588//4556
f 5616//4312 5618//4312 5588//4312
f 5619//4557 5617//4557 5600//4557
f 5605//4557 5619//4557 5600//4557
f 5620//4558 5578//4558 5577//4558
f 5618//4556 5620//4556 5577//4556
f 5621//511 5611//511 5612//511
f 5622//511 5621//511 5612//511
f 5623//4559 5622//4559 5612//4559
f 5613//4559 5623//4559 5612//4559
f 5624//2817 5619//2817 5605//2817
f 5611//2817 5624//2817 5605//2817
f 5625//4560 5591//4560 5578//4560
f 5620//4558 5625//4558 5578//4558
f 5626//511 5627//511 5614//511
f 5608//511 5626//511 5614//511
f 5628//4554 5615//4554 5614//4554
f 5627//4561 5628//4561 5614//4561
f 5629//4562 5624//4562 5611//4562
f 5621//4562 5629//4562 5611//4562
f 5630//4563 5597//4563 5591//4563
f 5625//4560 5630//4560 5591//4560
f 5631//511 5621//511 5622//511
f 5623//4564 5632//4564 5622//4564
f 5632//4564 5631//4564 5622//4564
f 5633//511 5621//511 5631//511
f 5634//511 5633//511 5631//511
f 5632//4565 5635//4565 5631//4565
f 5635//4565 5634//4565 5631//4565
f 5633//511 5636//511 5621//511
f 5636//4566 5629//4566 5621//4566
f 5635//4567 5637//4567 5634//4567
f 5637//4567 5633//4567 5634//4567
f 5633//511 5638//511 5636//511
f 5638//4568 5639//4568 5636//4568
f 5639//4566 5629//4566 5636//4566
f 5637//4569 5640//4569 5633//4569
f 5640//4569 5638//4569 5633//4569
f 5640//4568 5639//4568 5638//4568
f 5641//4570 5608//4570 5597//4570
f 5630//4563 5641//4563 5597//4563
f 5626//511 5642//511 5627//511
f 5643//4561 5628//4561 5627//4561
f 5642//4571 5643//4571 5627//4571
f 5644//4572 5626//4572 5608//4572
f 5641//4570 5644//4570 5608//4570
f 5626//511 5645//511 5642//511
f 5646//4571 5643//4571 5642//4571
f 5645//512 5646//512 5642//512
f 5647//511 5648//511 5626//511
f 5648//511 5645//511 5626//511
f 5649//510 5647//510 5626//510
f 5644//4572 5649//4572 5626//4572
f 5650//511 5651//511 5647//511
f 5651//511 5648//511 5647//511
f 5652//4573 5650//4573 5647//4573
f 5649//510 5652//510 5647//510
f 5653//512 5646//512 5645//512
f 5648//4574 5653//4574 5645//4574
f 5654//511 5655//511 5650//511
f 5655//511 5656//511 5650//511
f 5656//511 5651//511 5650//511
f 5657//4575 5654//4575 5650//4575
f 5652//4573 5657//4573 5650//4573
f 5658//4574 5653//4574 5648//4574
f 5651//4576 5658//4576 5648//4576
f 5659//511 5660//511 5654//511
f 5660//511 5661//511 5654//511
f 5661//511 5655//511 5654//511
f 5662//4577 5659//4577 5654//4577
f 5657//4575 5662//4575 5654//4575
f 5663//511 5664//511 5665//511
f 5664//511 5666//511 5665//511
f 5666//4578 5667//4578 5665//4578
f 5667//4579 5668//4579 5665//4579
f 5668//4579 5663//4579 5665//4579
f 5669//4580 5670//4580 5663//4580
f 5670//511 5664//511 5663//511
f 5668//4581 5671//4581 5663//4581
f 5671//4581 5669//4581 5663//4581
f 5664//511 5672//511 5666//511
f 5672//4582 5673//4582 5666//4582
f 5673//4583 5667//4583 5666//4583
f 5671//4584 5674//4584 5669//4584
f 5674//4585 5670//4585 5669//4585
f 5664//511 5675//511 5672//511
f 5676//4586 5677//4586 5672//4586
f 5675//4586 5676//4586 5672//4586
f 5677//4587 5673//4587 5672//4587
f 5674//4588 5678//4588 5670//4588
f 5678//4588 5664//4588 5670//4588
f 5679//511 5675//511 5664//511
f 5680//4589 5679//4589 5664//4589
f 5678//4589 5680//4589 5664//4589
f 5681//511 5682//511 5659//511
f 5682//511 5683//511 5659//511
f 5683//511 5660//511 5659//511
f 5684//4590 5681//4590 5659//4590
f 5662//4577 5684//4577 5659//4577
f 5679//511 5685//511 5675//511
f 5686//4591 5676//4591 5675//4591
f 5685//4591 5686//4591 5675//4591
f 5687//4576 5658//4576 5651//4576
f 5656//4592 5687//4592 5651//4592
f 5688//511 5689//511 5681//511
f 5689//511 5682//511 5681//511
f 5690//4593 5688//4593 5681//4593
f 5684//4590 5690//4590 5681//4590
f 5679//511 5691//511 5685//511
f 5691//511 5692//511 5685//511
f 5693//4594 5686//4594 5685//4594
f 5692//4594 5693//4594 5685//4594
f 5694//4595 5691//4595 5679//4595
f 5680//4595 5694//4595 5679//4595
f 5695//511 5696//511 5688//511
f 5696//511 5697//511 5688//511
f 5697//511 5689//511 5688//511
f 5698//4596 5695//4596 5688//4596
f 5690//4593 5698//4593 5688//4593
f 5691//511 5699//511 5692//511
f 5699//511 5700//511 5692//511
f 5701//4597 5693//4597 5692//4597
f 5700//4597 5701//4597 5692//4597
f 5700//511 5702//511 5695//511
f 5702//511 5703//511 5695//511
f 5703//511 5696//511 5695//511
f 5704//4598 5700//4598 5695//4598
f 5698//4596 5704//4596 5695//4596
f 5699//511 5702//511 5700//511
f 5704//4598 5701//4598 5700//4598
f 5705//4592 5687//4592 5656//4592
f 5655//4599 5705//4599 5656//4599
f 5706//4600 5699//4600 5691//4600
f 5694//4600 5706//4600 5691//4600
f 5707//4599 5705//4599 5655//4599
f 5661//4601 5707//4601 5655//4601
f 5708//4602 5702//4602 5699//4602
f 5706//4602 5708//4602 5699//4602
f 5709//4601 5707//4601 5661//4601
f 5660//4603 5709//4603 5661//4603
f 5710//4604 5703//4604 5702//4604
f 5708//4604 5710//4604 5702//4604
f 5711//4603 5709//4603 5660//4603
f 5683//4605 5711//4605 5660//4605
f 5712//4606 5696//4606 5703//4606
f 5710//4606 5712//4606 5703//4606
f 5713//4605 5711//4605 5683//4605
f 5682//4607 5713//4607 5683//4607
f 5714//4608 5697//4608 5696//4608
f 5712//4608 5714//4608 5696//4608
f 5715//4607 5713//4607 5682//4607
f 5689//4609 5715//4609 5682//4609
f 5716//4610 5689//4610 5697//4610
f 5714//4610 5716//4610 5697//4610
f 5716//4609 5715//4609 5689//4609
f 5625//197 5620//197 5583//197
f 5587//197 5625//197 5583//197
f 5620//197 5582//197 5583//197
f 5620//197 5585//197 5582//197
f 5630//197 5625//197 5587//197
f 5593//197 5630//197 5587//197
f 5620//197 5618//197 5585//197
f 5618//197 5590//197 5585//197
f 5599//197 5630//197 5593//197
f 5618//197 5596//197 5590//197
f 5641//197 5630//197 5599//197
f 5604//197 5641//197 5599//197
f 5616//197 5602//197 5596//197
f 5618//197 5616//197 5596//197
f 5610//197 5641//197 5604//197
f 5617//197 5607//197 5602//197
f 5616//197 5617//197 5602//197
f 5644//197 5641//197 5610//197
f 5615//197 5644//197 5610//197
f 5619//197 5613//197 5607//197
f 5617//197 5619//197 5607//197
f 5628//197 5644//197 5615//197
f 5624//197 5623//197 5613//197
f 5619//197 5624//197 5613//197
f 5643//197 5649//197 5628//197
f 5649//197 5644//197 5628//197
f 5629//197 5623//197 5624//197
f 5629//197 5632//197 5623//197
f 5637//197 5635//197 5632//197
f 5629//197 5637//197 5632//197
f 5639//4611 5640//4611 5629//4611
f 5640//197 5637//197 5629//197
f 5646//197 5649//197 5643//197
f 5653//197 5649//197 5646//197
f 5653//197 5652//197 5649//197
f 5687//197 5657//197 5652//197
f 5653//197 5658//197 5652//197
f 5658//197 5687//197 5652//197
f 5687//197 5705//197 5657//197
f 5705//197 5707//197 5657//197
f 5707//197 5662//197 5657//197
f 5707//197 5709//197 5662//197
f 5709//197 5711//197 5662//197
f 5711//197 5684//197 5662//197
f 5673//197 5677//197 5667//197
f 5678//197 5668//197 5667//197
f 5677//197 5678//197 5667//197
f 5678//837 5671//837 5668//837
f 5678//198 5674//198 5671//198
f 5680//197 5678//197 5677//197
f 5676//197 5680//197 5677//197
f 5711//197 5713//197 5684//197
f 5713//197 5690//197 5684//197
f 5694//197 5680//197 5676//197
f 5686//197 5694//197 5676//197
f 5716//197 5698//197 5690//197
f 5713//197 5715//197 5690//197
f 5715//197 5716//197 5690//197
f 5706//197 5694//197 5686//197
f 5693//197 5706//197 5686//197
f 5712//197 5704//197 5698//197
f 5714//197 5712//197 5698//197
f 5716//197 5714//197 5698//197
f 5708//197 5706//197 5693//197
f 5701//197 5708//197 5693//197
f 5710//197 5701//197 5704//197
f 5712//197 5710//197 5704//197
f 5710//197 5708//197 5701//197
usemtl Material.032
f 368//512 146//512 366//512
f 367//4612 369//4612 366//4612
f 369//4613 370//4613 366//4613
f 370//4614 368//4614 366//4614
f 371//512 146//512 368//512
f 372//4615 371//4615 368//4615
f 370//4616 372//4616 368//4616
f 147//512 146//512 371//512
f 373//512 147//512 371//512
f 374//4617 373//4617 371//4617
f 372//4618 375//4618 371//4618
f 375//4619 374//4619 371//4619
f 210//512 147//512 373//512
f 400//512 210//512 373//512
f 374//4617 400//4617 373//4617
f 209//512 210//512 400//512
f 408//512 209//512 400//512
f 374//4620 409//4620 400//4620
f 409//4621 408//4621 400//4621
f 408//512 192//512 209//512
f 410//512 192//512 408//512
f 411//4622 410//4622 408//4622
f 409//4623 411//4623 408//4623
f 412//512 413//512 192//512
f 413//512 414//512 192//512
f 414//512 415//512 192//512
f 415//512 137//512 192//512
f 416//512 412//512 192//512
f 410//512 416//512 192//512
f 411//4622 416//4622 410//4622
f 426//512 412//512 416//512
f 411//4624 427//4624 416//4624
f 427//4625 426//4625 416//4625
f 432//512 412//512 426//512
f 433//512 432//512 426//512
f 434//4626 433//4626 426//4626
f 427//4627 434//4627 426//4627
f 440//4628 441//4628 433//4628
f 441//4629 432//4629 433//4629
f 434//4630 440//4630 433//4630
f 441//4629 412//4629 432//4629
f 441//4631 413//4631 412//4631
f 442//4632 414//4632 413//4632
f 441//4633 442//4633 413//4633
f 442//4634 451//4634 414//4634
f 451//4635 415//4635 414//4635
f 451//4635 137//4635 415//4635
f 451//4636 457//4636 137//4636
f 457//4637 456//4637 137//4637
f 458//510 459//510 456//510
f 457//4637 458//4637 456//4637
f 457//4638 459//4638 458//4638
f 457//4639 465//4639 459//4639
f 465//4640 466//4640 459//4640
f 466//4641 464//4641 459//4641
f 466//4641 473//4641 464//4641
f 466//4642 475//4642 473//4642
f 475//4643 474//4643 473//4643
f 477//4644 476//4644 474//4644
f 478//4645 477//4645 474//4645
f 475//4646 479//4646 474//4646
f 479//4647 478//4647 474//4647
f 493//4648 492//4648 468//4648
f 476//4649 493//4649 468//4649
f 494//4650 493//4650 476//4650
f 477//4651 494//4651 476//4651
f 478//4652 494//4652 477//4652
f 479//4653 494//4653 478//4653
f 369//4654 504//4654 370//4654
f 504//4655 372//4655 370//4655
f 505//4656 494//4656 479//4656
f 475//4657 505//4657 479//4657
f 515//4658 492//4658 493//4658
f 494//4659 515//4659 493//4659
f 543//4660 442//4660 441//4660
f 544//4661 543//4661 441//4661
f 440//4662 544//4662 441//4662
f 545//4663 451//4663 442//4663
f 543//4664 545//4664 442//4664
f 505//4665 546//4665 494//4665
f 546//4666 547//4666 494//4666
f 547//4667 515//4667 494//4667
f 548//4668 457//4668 451//4668
f 545//4669 548//4669 451//4669
f 367//4670 549//4670 369//4670
f 549//4654 504//4654 369//4654
f 550//4671 465//4671 457//4671
f 548//4672 550//4672 457//4672
f 372//4673 551//4673 375//4673
f 551//4674 552//4674 375//4674
f 552//4675 553//4675 375//4675
f 553//4676 374//4676 375//4676
f 554//4677 409//4677 374//4677
f 553//4677 554//4677 374//4677
f 555//4678 411//4678 409//4678
f 554//4678 555//4678 409//4678
f 555//4679 556//4679 411//4679
f 556//4680 427//4680 411//4680
f 557//4681 558//4681 427//4681
f 556//4682 557//4682 427//4682
f 559//4683 434//4683 427//4683
f 558//4684 559//4684 427//4684
f 560//4685 466//4685 465//4685
f 550//4686 560//4686 465//4686
f 566//4687 475//4687 466//4687
f 560//4688 566//4688 466//4688
f 559//4630 440//4630 434//4630
f 568//4689 569//4689 475//4689
f 569//4689 505//4689 475//4689
f 570//4690 568//4690 475//4690
f 566//4691 570//4691 475//4691
f 559//4692 544//4692 440//4692
f 569//4693 546//4693 505//4693
f 515//4658 547//4658 492//4658
f 547//4658 574//4658 492//4658
f 574//4694 573//4694 492//4694
f 575//4695 543//4695 544//4695
f 559//4696 576//4696 544//4696
f 576//4697 575//4697 544//4697
f 568//4698 546//4698 569//4698
f 558//4699 576//4699 559//4699
f 367//4700 577//4700 549//4700
f 577//4701 578//4701 549//4701
f 578//4702 504//4702 549//4702
f 557//4703 576//4703 558//4703
f 504//4704 551//4704 372//4704
f 546//4705 574//4705 547//4705
f 600//4706 575//4706 576//4706
f 557//4707 601//4707 576//4707
f 601//4708 602//4708 576//4708
f 602//4708 603//4708 576//4708
f 603//4709 600//4709 576//4709
f 604//4710 546//4710 568//4710
f 605//4711 604//4711 568//4711
f 570//4712 605//4712 568//4712
f 606//4713 607//4713 557//4713
f 607//4714 601//4714 557//4714
f 556//4715 606//4715 557//4715
f 608//4716 551//4716 504//4716
f 609//4717 608//4717 504//4717
f 610//4718 609//4718 504//4718
f 578//4719 610//4719 504//4719
f 608//4720 552//4720 551//4720
f 614//511 615//511 367//511
f 615//4721 616//4721 367//4721
f 616//4700 617//4700 367//4700
f 617//4722 577//4722 367//4722
f 617//4723 578//4723 577//4723
f 600//4724 543//4724 575//4724
f 631//4725 545//4725 543//4725
f 600//4726 631//4726 543//4726
f 632//4727 552//4727 608//4727
f 609//4728 632//4728 608//4728
f 632//4729 634//4729 552//4729
f 634//4730 635//4730 552//4730
f 635//4730 553//4730 552//4730
f 635//4731 636//4731 553//4731
f 636//4731 554//4731 553//4731
f 637//4732 555//4732 554//4732
f 636//4732 637//4732 554//4732
f 637//4733 638//4733 555//4733
f 638//4734 556//4734 555//4734
f 639//4735 606//4735 556//4735
f 638//4736 639//4736 556//4736
f 616//4701 578//4701 617//4701
f 641//4737 548//4737 545//4737
f 631//4738 641//4738 545//4738
f 639//4713 607//4713 606//4713
f 654//4739 550//4739 548//4739
f 641//4740 654//4740 548//4740
f 604//4741 668//4741 546//4741
f 669//4742 574//4742 546//4742
f 670//4743 669//4743 546//4743
f 668//4744 670//4744 546//4744
f 672//4745 634//4745 632//4745
f 609//4728 672//4728 632//4728
f 673//4746 573//4746 574//4746
f 669//4747 673//4747 574//4747
f 675//4748 560//4748 550//4748
f 654//4749 675//4749 550//4749
f 605//4750 676//4750 604//4750
f 676//4751 677//4751 604//4751
f 677//4752 678//4752 604//4752
f 678//4753 668//4753 604//4753
f 679//4754 673//4754 669//4754
f 670//4755 679//4755 669//4755
f 616//4756 680//4756 578//4756
f 681//4757 610//4757 578//4757
f 680//4758 681//4758 578//4758
f 610//4759 686//4759 609//4759
f 686//4760 687//4760 609//4760
f 687//4761 672//4761 609//4761
f 690//4762 566//4762 560//4762
f 675//4763 690//4763 560//4763
f 615//4764 695//4764 616//4764
f 695//4765 680//4765 616//4765
f 697//4766 570//4766 566//4766
f 690//4767 697//4767 566//4767
f 699//4768 631//4768 600//4768
f 603//4769 699//4769 600//4769
f 700//4770 699//4770 603//4770
f 602//4771 700//4771 603//4771
f 570//4772 676//4772 605//4772
f 570//4773 677//4773 676//4773
f 679//4774 573//4774 673//4774
f 718//4775 677//4775 570//4775
f 719//4776 718//4776 570//4776
f 697//4777 719//4777 570//4777
f 720//4778 721//4778 607//4778
f 639//4779 720//4779 607//4779
f 721//4780 722//4780 607//4780
f 722//4780 601//4780 607//4780
f 722//4781 740//4781 601//4781
f 740//4781 602//4781 601//4781
f 681//4782 741//4782 610//4782
f 741//4783 686//4783 610//4783
f 638//4784 720//4784 639//4784
f 718//4785 678//4785 677//4785
f 672//4786 743//4786 634//4786
f 743//4787 744//4787 634//4787
f 744//4788 635//4788 634//4788
f 744//4789 745//4789 635//4789
f 745//4790 636//4790 635//4790
f 745//4791 746//4791 636//4791
f 746//4792 637//4792 636//4792
f 746//4793 747//4793 637//4793
f 747//4794 748//4794 637//4794
f 748//4795 638//4795 637//4795
f 748//4796 720//4796 638//4796
f 749//4797 721//4797 720//4797
f 748//4798 749//4798 720//4798
f 699//4799 751//4799 631//4799
f 751//4800 752//4800 631//4800
f 752//4801 753//4801 631//4801
f 753//4802 641//4802 631//4802
f 700//4803 751//4803 699//4803
f 615//4764 758//4764 695//4764
f 758//4765 680//4765 695//4765
f 718//4804 760//4804 678//4804
f 760//4805 668//4805 678//4805
f 686//4806 763//4806 687//4806
f 763//4807 764//4807 687//4807
f 764//4808 743//4808 687//4808
f 743//4809 672//4809 687//4809
f 764//4810 744//4810 743//4810
f 772//4811 773//4811 641//4811
f 773//4812 654//4812 641//4812
f 753//4813 774//4813 641//4813
f 774//4814 772//4814 641//4814
f 775//4815 737//4815 573//4815
f 679//4774 775//4774 573//4774
f 758//4816 776//4816 680//4816
f 777//4817 681//4817 680//4817
f 776//4818 777//4818 680//4818
f 670//4819 775//4819 679//4819
f 773//4820 783//4820 654//4820
f 783//4821 784//4821 654//4821
f 784//4822 675//4822 654//4822
f 787//4823 760//4823 718//4823
f 719//4824 787//4824 718//4824
f 791//4825 700//4825 602//4825
f 740//4826 792//4826 602//4826
f 792//4827 793//4827 602//4827
f 793//4828 791//4828 602//4828
f 741//4829 794//4829 686//4829
f 794//4830 763//4830 686//4830
f 795//4831 796//4831 675//4831
f 796//4832 690//4832 675//4832
f 784//4833 797//4833 675//4833
f 797//4834 795//4834 675//4834
f 801//4835 741//4835 681//4835
f 777//4836 801//4836 681//4836
f 802//4803 751//4803 700//4803
f 791//4837 802//4837 700//4837
f 615//4838 813//4838 758//4838
f 813//4839 776//4839 758//4839
f 816//4840 760//4840 787//4840
f 719//4841 816//4841 787//4841
f 796//4842 820//4842 690//4842
f 820//4843 821//4843 690//4843
f 821//4844 697//4844 690//4844
f 760//4845 823//4845 668//4845
f 824//4846 670//4846 668//4846
f 823//4847 824//4847 668//4847
f 827//4848 751//4848 802//4848
f 791//4849 827//4849 802//4849
f 816//4840 828//4840 760//4840
f 828//4850 829//4850 760//4850
f 829//4851 823//4851 760//4851
f 824//4852 830//4852 670//4852
f 830//4853 775//4853 670//4853
f 794//4854 833//4854 763//4854
f 833//4855 834//4855 763//4855
f 834//4856 764//4856 763//4856
f 827//4857 752//4857 751//4857
f 834//4858 836//4858 744//4858
f 764//4859 834//4859 744//4859
f 836//4860 745//4860 744//4860
f 836//4860 837//4860 745//4860
f 837//4861 746//4861 745//4861
f 837//4862 747//4862 746//4862
f 837//4863 838//4863 747//4863
f 838//4864 839//4864 747//4864
f 839//4864 748//4864 747//4864
f 839//4865 840//4865 748//4865
f 840//4798 841//4798 748//4798
f 841//4866 749//4866 748//4866
f 821//4867 842//4867 697//4867
f 842//4868 843//4868 697//4868
f 843//4869 719//4869 697//4869
f 841//4870 844//4870 749//4870
f 844//4871 721//4871 749//4871
f 851//4872 753//4872 752//4872
f 827//4873 851//4873 752//4873
f 614//4874 854//4874 615//4874
f 854//4838 855//4838 615//4838
f 855//4875 813//4875 615//4875
f 851//4876 774//4876 753//4876
f 856//4877 794//4877 741//4877
f 801//4878 856//4878 741//4878
f 830//4879 737//4879 775//4879
f 855//4880 776//4880 813//4880
f 854//4839 776//4839 855//4839
f 844//4881 860//4881 721//4881
f 860//4882 861//4882 721//4882
f 861//4883 722//4883 721//4883
f 840//4884 844//4884 841//4884
f 864//4885 777//4885 776//4885
f 854//4886 864//4886 776//4886
f 865//4887 827//4887 791//4887
f 866//4888 865//4888 791//4888
f 793//4889 866//4889 791//4889
f 861//4890 867//4890 722//4890
f 867//4891 868//4891 722//4891
f 868//4892 740//4892 722//4892
f 719//4893 828//4893 816//4893
f 873//4894 866//4894 793//4894
f 792//4895 873//4895 793//4895
f 876//4896 833//4896 794//4896
f 856//4897 876//4897 794//4897
f 877//4898 878//4898 719//4898
f 878//4841 828//4841 719//4841
f 843//4899 879//4899 719//4899
f 879//4900 877//4900 719//4900
f 881//4901 772//4901 774//4901
f 851//4902 881//4902 774//4902
f 882//4903 883//4903 772//4903
f 883//4903 884//4903 772//4903
f 884//4904 773//4904 772//4904
f 881//4905 885//4905 772//4905
f 885//4906 882//4906 772//4906
f 884//4907 783//4907 773//4907
f 889//4908 873//4908 792//4908
f 890//4909 889//4909 792//4909
f 740//4910 890//4910 792//4910
f 840//4911 894//4911 844//4911
f 894//4912 860//4912 844//4912
f 895//4913 801//4913 777//4913
f 864//4914 895//4914 777//4914
f 896//4915 894//4915 840//4915
f 839//4916 896//4916 840//4916
f 878//4917 829//4917 828//4917
f 884//4918 784//4918 783//4918
f 868//4910 900//4910 740//4910
f 900//4919 901//4919 740//4919
f 901//4920 890//4920 740//4920
f 884//4921 797//4921 784//4921
f 902//4922 894//4922 896//4922
f 839//4923 902//4923 896//4923
f 904//4924 836//4924 834//4924
f 833//4925 904//4925 834//4925
f 801//4926 906//4926 856//4926
f 906//4927 907//4927 856//4927
f 907//4928 876//4928 856//4928
f 876//4929 904//4929 833//4929
f 910//4930 889//4930 890//4930
f 901//4931 910//4931 890//4931
f 884//4932 795//4932 797//4932
f 900//4933 910//4933 901//4933
f 914//4934 915//4934 823//4934
f 829//4935 914//4935 823//4935
f 916//4936 824//4936 823//4936
f 915//4937 916//4937 823//4937
f 884//4938 796//4938 795//4938
f 922//4939 923//4939 796//4939
f 924//4940 922//4940 796//4940
f 923//4941 925//4941 796//4941
f 925//4942 926//4942 796//4942
f 926//4943 820//4943 796//4943
f 884//4944 927//4944 796//4944
f 927//4945 924//4945 796//4945
f 929//4946 829//4946 878//4946
f 877//4947 929//4947 878//4947
f 929//4948 930//4948 829//4948
f 930//4949 914//4949 829//4949
f 916//4950 931//4950 824//4950
f 931//4951 932//4951 824//4951
f 932//4952 830//4952 824//4952
f 895//4953 933//4953 801//4953
f 933//4954 934//4954 801//4954
f 934//4955 906//4955 801//4955
f 868//4956 910//4956 900//4956
f 939//4957 940//4957 836//4957
f 904//4958 939//4958 836//4958
f 940//4959 837//4959 836//4959
f 940//4960 941//4960 837//4960
f 941//4961 838//4961 837//4961
f 941//4962 942//4962 838//4962
f 942//4962 943//4962 838//4962
f 943//4963 839//4963 838//4963
f 944//4964 902//4964 839//4964
f 943//4965 944//4965 839//4965
f 945//4966 946//4966 902//4966
f 946//4967 947//4967 902//4967
f 947//4968 894//4968 902//4968
f 948//4969 945//4969 902//4969
f 944//4970 948//4970 902//4970
f 950//4971 951//4971 876//4971
f 951//4972 904//4972 876//4972
f 907//4973 952//4973 876//4973
f 952//4974 950//4974 876//4974
f 953//4975 939//4975 904//4975
f 951//4976 953//4976 904//4976
f 614//4977 954//4977 854//4977
f 954//4978 864//4978 854//4978
f 926//4979 821//4979 820//4979
f 926//4980 842//4980 821//4980
f 956//4981 930//4981 929//4981
f 877//4982 956//4982 929//4982
f 957//4967 946//4967 945//4967
f 948//4983 957//4983 945//4983
f 932//4879 737//4879 830//4879
f 932//4879 958//4879 737//4879
f 958//4984 734//4984 737//4984
f 931//4985 958//4985 932//4985
f 867//4986 959//4986 868//4986
f 959//4987 910//4987 868//4987
f 614//4988 972//4988 954//4988
f 972//4978 864//4978 954//4978
f 861//4989 975//4989 867//4989
f 975//4990 959//4990 867//4990
f 976//4991 895//4991 864//4991
f 972//4992 976//4992 864//4992
f 926//4993 843//4993 842//4993
f 934//4994 981//4994 906//4994
f 981//4995 982//4995 906//4995
f 982//4996 907//4996 906//4996
f 982//4997 984//4997 907//4997
f 984//4998 952//4998 907//4998
f 860//4999 975//4999 861//4999
f 985//5000 986//5000 843//5000
f 987//5000 985//5000 843//5000
f 986//5001 879//5001 843//5001
f 926//5000 987//5000 843//5000
f 894//4999 975//4999 860//4999
f 976//5002 988//5002 895//5002
f 988//5003 933//5003 895//5003
f 947//4989 975//4989 894//4989
f 946//5004 975//5004 947//5004
f 986//5005 877//5005 879//5005
f 986//5006 993//5006 877//5006
f 993//5007 994//5007 877//5007
f 994//5008 995//5008 877//5008
f 995//5009 956//5009 877//5009
f 998//4967 999//4967 957//4967
f 999//5010 946//5010 957//5010
f 948//4983 998//4983 957//4983
f 1004//5011 975//5011 946//5011
f 999//5012 1004//5012 946//5012
f 988//5013 1005//5013 933//5013
f 1005//5014 1006//5014 933//5014
f 1006//5015 934//5015 933//5015
f 930//5016 1016//5016 914//5016
f 1016//5017 1017//5017 914//5017
f 1017//5018 915//5018 914//5018
f 1017//5019 916//5019 915//5019
f 1017//5020 1018//5020 916//5020
f 1018//5021 931//5021 916//5021
f 1019//5022 984//5022 982//5022
f 981//5023 1019//5023 982//5023
f 956//5024 1016//5024 930//5024
f 1018//5025 1022//5025 931//5025
f 1022//5026 958//5026 931//5026
f 1023//5027 1004//5027 999//5027
f 998//5028 1023//5028 999//5028
f 995//5029 1016//5029 956//5029
f 1022//5030 734//5030 958//5030
f 865//5031 1024//5031 827//5031
f 1025//5032 851//5032 827//5032
f 1024//5033 1025//5033 827//5033
f 994//5034 1016//5034 995//5034
f 951//5035 1029//5035 953//5035
f 1029//5036 1030//5036 953//5036
f 1030//5037 939//5037 953//5037
f 1030//5038 1031//5038 939//5038
f 1031//5039 1032//5039 939//5039
f 1032//5040 940//5040 939//5040
f 1032//5041 1033//5041 940//5041
f 1033//5042 941//5042 940//5042
f 1033//5043 1034//5043 941//5043
f 1034//5044 1035//5044 941//5044
f 1035//5045 1036//5045 941//5045
f 1036//5046 1037//5046 941//5046
f 1037//5046 942//5046 941//5046
f 1037//5046 1038//5046 942//5046
f 1038//5046 943//5046 942//5046
f 1038//5047 1039//5047 943//5047
f 1039//5048 944//5048 943//5048
f 1039//5048 1040//5048 944//5048
f 1040//5048 948//5048 944//5048
f 1041//5049 1042//5049 948//5049
f 1042//5050 1043//5050 948//5050
f 1043//5051 1044//5051 948//5051
f 1044//5052 1045//5052 948//5052
f 1045//5053 1046//5053 948//5053
f 1046//5054 1047//5054 948//5054
f 1047//5055 1048//5055 948//5055
f 1048//5056 1049//5056 948//5056
f 1049//5057 1050//5057 948//5057
f 1050//5058 1051//5058 948//5058
f 1051//5059 1052//5059 948//5059
f 1052//5060 1053//5060 948//5060
f 1023//5061 998//5061 948//5061
f 1053//5062 1023//5062 948//5062
f 1040//5048 1054//5048 948//5048
f 1054//5063 1041//5063 948//5063
f 1006//5064 1055//5064 934//5064
f 1055//5065 981//5065 934//5065
f 950//5066 1058//5066 951//5066
f 1059//5067 1029//5067 951//5067
f 1060//5068 1059//5068 951//5068
f 1058//5069 1060//5069 951//5069
f 993//5070 1016//5070 994//5070
f 614//5071 1061//5071 972//5071
f 1061//5072 976//5072 972//5072
f 952//5073 984//5073 950//5073
f 984//5074 1058//5074 950//5074
f 614//5075 1063//5075 1061//5075
f 1063//5076 976//5076 1061//5076
f 1063//5077 1064//5077 976//5077
f 1064//5078 1065//5078 976//5078
f 1065//5079 988//5079 976//5079
f 986//5080 1067//5080 993//5080
f 1067//5081 1016//5081 993//5081
f 1067//5082 1017//5082 1016//5082
f 1078//5083 1019//5083 981//5083
f 1055//5084 1078//5084 981//5084
f 1065//5085 1079//5085 988//5085
f 1079//5086 1005//5086 988//5086
f 1088//5087 1089//5087 614//5087
f 1089//5088 1090//5088 614//5088
f 1090//5089 1064//5089 614//5089
f 1064//5090 1063//5090 614//5090
f 1079//5091 1096//5091 1005//5091
f 1096//5092 1097//5092 1005//5092
f 1097//5093 1006//5093 1005//5093
f 1067//5094 1098//5094 1017//5094
f 1099//5095 1018//5095 1017//5095
f 1100//5096 1099//5096 1017//5096
f 1098//5096 1100//5096 1017//5096
f 1110//5097 734//5097 1022//5097
f 1018//5098 1110//5098 1022//5098
f 1110//5099 732//5099 734//5099
f 1078//5100 1058//5100 984//5100
f 1019//5101 1078//5101 984//5101
f 1097//5102 1115//5102 1006//5102
f 1115//5103 1055//5103 1006//5103
f 1116//5104 1110//5104 1018//5104
f 1099//5105 1116//5105 1018//5105
f 986//5106 1121//5106 1067//5106
f 1121//5107 1098//5107 1067//5107
f 1078//5108 1060//5108 1058//5108
f 1124//5109 732//5109 1110//5109
f 1116//5110 1124//5110 1110//5110
f 1121//5111 1100//5111 1098//5111
f 1115//5112 1078//5112 1055//5112
f 1053//5113 1004//5113 1023//5113
f 620//5114 1129//5114 1120//5114
f 1129//5115 1113//5115 1120//5115
f 1130//5114 1131//5114 620//5114
f 1131//5114 1132//5114 620//5114
f 1132//5114 1129//5114 620//5114
f 1133//197 1130//197 620//197
f 1134//5116 1113//5116 1129//5116
f 1132//5117 1134//5117 1129//5117
f 1137//5118 1107//5118 1113//5118
f 1134//5119 1137//5119 1113//5119
f 1138//5120 1139//5120 1081//5120
f 1114//689 1138//689 1081//689
f 1107//685 1138//685 1114//685
f 1140//5121 1134//5121 1132//5121
f 1131//5122 1140//5122 1132//5122
f 1090//5123 1065//5123 1064//5123
f 1121//5124 1141//5124 1100//5124
f 1141//5125 1099//5125 1100//5125
f 1145//5126 1065//5126 1090//5126
f 1089//5127 1145//5127 1090//5127
f 1146//5128 1079//5128 1065//5128
f 1145//5129 1146//5129 1065//5129
f 1130//5114 1147//5114 1131//5114
f 1147//5130 1140//5130 1131//5130
f 1148//5131 1096//5131 1079//5131
f 1146//5132 1148//5132 1079//5132
f 985//5133 1121//5133 986//5133
f 1150//5134 1138//5134 1107//5134
f 1137//5135 1150//5135 1107//5135
f 1148//5136 1152//5136 1096//5136
f 1152//5137 1153//5137 1096//5137
f 1153//5138 1097//5138 1096//5138
f 1130//5139 1154//5139 1147//5139
f 1154//5140 1140//5140 1147//5140
f 1133//197 1155//197 1130//197
f 1155//197 1156//197 1130//197
f 1157//5141 1154//5141 1130//5141
f 1156//5142 1157//5142 1130//5142
f 1150//5143 1139//5143 1138//5143
f 1157//5144 1140//5144 1154//5144
f 1141//5145 1158//5145 1099//5145
f 1158//5146 1116//5146 1099//5146
f 1159//5147 1060//5147 1078//5147
f 1115//5148 1159//5148 1078//5148
f 1153//5149 1168//5149 1097//5149
f 1168//5150 1115//5150 1097//5150
f 1169//5151 1124//5151 1116//5151
f 1158//5152 1169//5152 1116//5152
f 1156//5153 1172//5153 1157//5153
f 1172//5154 1173//5154 1157//5154
f 1173//5155 1174//5155 1157//5155
f 1174//5156 1140//5156 1157//5156
f 1168//5157 1176//5157 1115//5157
f 1176//5158 1177//5158 1115//5158
f 1177//5159 1178//5159 1115//5159
f 1178//5160 1159//5160 1115//5160
f 1124//5161 733//5161 732//5161
f 1169//5162 733//5162 1124//5162
f 1180//5163 1134//5163 1140//5163
f 1181//5164 1180//5164 1140//5164
f 1174//5165 1181//5165 1140//5165
f 1182//511 1173//511 1172//511
f 1156//5166 1182//5166 1172//5166
f 1177//5167 1060//5167 1159//5167
f 1178//5168 1177//5168 1159//5168
f 1185//511 1173//511 1182//511
f 1156//5169 1186//5169 1182//5169
f 1186//5169 1185//5169 1182//5169
f 1155//197 1186//197 1156//197
f 1180//5170 1193//5170 1134//5170
f 1194//5171 1137//5171 1134//5171
f 1193//5170 1194//5170 1134//5170
f 1199//5172 1151//5172 1139//5172
f 1200//5173 1199//5173 1139//5173
f 1150//5174 1200//5174 1139//5174
f 1137//5175 1200//5175 1150//5175
f 1194//5176 1201//5176 1137//5176
f 1201//5177 1202//5177 1137//5177
f 1202//5178 1200//5178 1137//5178
f 1203//5179 1199//5179 1200//5179
f 1202//5180 1203//5180 1200//5180
f 987//5181 1121//5181 985//5181
f 1206//738 1155//738 1133//738
f 1209//517 1089//517 1088//517
f 1208//517 1209//517 1088//517
f 1209//5182 1145//5182 1089//5182
f 1209//5182 1210//5182 1145//5182
f 1210//5183 1146//5183 1145//5183
f 1210//5182 1211//5182 1146//5182
f 1211//5184 1148//5184 1146//5184
f 1211//5185 1212//5185 1148//5185
f 1212//5185 1152//5185 1148//5185
f 1212//5185 1213//5185 1152//5185
f 1213//5186 1153//5186 1152//5186
f 1213//5186 1214//5186 1153//5186
f 1214//5187 1168//5187 1153//5187
f 1214//5186 1215//5186 1168//5186
f 1215//5188 1176//5188 1168//5188
f 1215//5189 1216//5189 1176//5189
f 1216//5190 1177//5190 1176//5190
f 1217//5191 1060//5191 1177//5191
f 1216//5190 1217//5190 1177//5190
f 987//5192 926//5192 1121//5192
f 926//5193 1238//5193 1121//5193
f 1238//5194 1239//5194 1121//5194
f 1239//5195 1141//5195 1121//5195
f 1155//5196 1193//5196 1180//5196
f 1181//5197 1155//5197 1180//5197
f 1174//510 1155//510 1181//510
f 1186//510 1155//510 1174//510
f 1173//5198 1186//5198 1174//5198
f 1205//197 1199//197 1206//197
f 1199//510 1203//510 1206//510
f 1203//510 1155//510 1206//510
f 1203//3578 1202//3578 1155//3578
f 1202//510 1201//510 1155//510
f 1201//5199 1194//5199 1155//5199
f 1194//5196 1193//5196 1155//5196
f 1241//5200 1151//5200 1199//5200
f 1205//197 1241//197 1199//197
f 1185//510 1186//510 1173//510
f 1242//197 1241//197 1205//197
f 925//5201 1238//5201 926//5201
f 1239//5202 1245//5202 1141//5202
f 1245//5203 1158//5203 1141//5203
f 1246//5204 733//5204 1169//5204
f 1158//5205 1246//5205 1169//5205
f 1246//5206 1249//5206 733//5206
f 1249//5207 735//5207 733//5207
f 1158//5208 1249//5208 1246//5208
f 1241//519 1252//519 1151//519
f 1253//519 1252//519 1241//519
f 1242//197 1253//197 1241//197
f 1245//5209 1260//5209 1158//5209
f 1260//5210 1261//5210 1158//5210
f 1261//5211 1249//5211 1158//5211
f 1263//197 1264//197 1242//197
f 1264//197 1253//197 1242//197
f 1261//5212 735//5212 1249//5212
f 1265//5213 959//5213 975//5213
f 1004//5214 1265//5214 975//5214
f 1253//519 1281//519 1252//519
f 1281//519 1282//519 1252//519
f 1282//519 1283//519 1252//519
f 1283//519 1284//519 1252//519
f 1284//519 1285//519 1252//519
f 1285//519 1286//519 1252//519
f 1286//519 1287//519 1252//519
f 1287//519 1288//519 1252//519
f 1288//519 1289//519 1252//519
f 1289//519 1290//519 1252//519
f 1290//519 1291//519 1252//519
f 1291//519 1292//519 1252//519
f 1292//519 1293//519 1252//519
f 1293//519 1294//519 1252//519
f 1053//5215 1265//5215 1004//5215
f 923//5216 1238//5216 925//5216
f 1260//5217 735//5217 1261//5217
f 922//5218 1238//5218 923//5218
f 922//5219 1311//5219 1238//5219
f 1311//5220 1312//5220 1238//5220
f 1312//5221 1239//5221 1238//5221
f 1316//5222 1024//5222 865//5222
f 866//5223 1316//5223 865//5223
f 1312//5224 1317//5224 1239//5224
f 1317//5225 1245//5225 1239//5225
f 1317//5226 1330//5226 1245//5226
f 1330//5227 1331//5227 1245//5227
f 1331//5228 1260//5228 1245//5228
f 1331//5217 735//5217 1260//5217
f 1330//5229 735//5229 1331//5229
f 1053//5230 1354//5230 1265//5230
f 1354//5231 959//5231 1265//5231
f 924//5232 1311//5232 922//5232
f 927//5233 1311//5233 924//5233
f 927//5234 1356//5234 1311//5234
f 1356//5235 1357//5235 1311//5235
f 1357//5236 1312//5236 1311//5236
f 1330//5237 736//5237 735//5237
f 1360//5238 736//5238 1330//5238
f 1317//5239 1360//5239 1330//5239
f 1361//5240 1024//5240 1316//5240
f 1362//5241 1361//5241 1316//5241
f 866//5242 1363//5242 1316//5242
f 1363//5243 1362//5243 1316//5243
f 884//5244 1356//5244 927//5244
f 1364//5245 1365//5245 866//5245
f 1365//5245 1366//5245 866//5245
f 1366//5246 1363//5246 866//5246
f 873//5247 1367//5247 866//5247
f 1367//5248 1368//5248 866//5248
f 1368//5245 1364//5245 866//5245
f 1357//5249 1369//5249 1312//5249
f 1369//5250 1317//5250 1312//5250
f 889//5251 1370//5251 873//5251
f 1370//5252 1367//5252 873//5252
f 1369//5253 1371//5253 1317//5253
f 1371//5254 1372//5254 1317//5254
f 1372//5255 1360//5255 1317//5255
f 910//5256 1373//5256 889//5256
f 1373//5257 1370//5257 889//5257
f 1372//5258 736//5258 1360//5258
f 1371//5259 736//5259 1372//5259
f 959//5260 1377//5260 910//5260
f 1377//5261 1373//5261 910//5261
f 1264//5262 1281//5262 1253//5262
f 1354//5263 1388//5263 959//5263
f 1388//5264 1377//5264 959//5264
f 883//5265 1356//5265 884//5265
f 1405//5266 1406//5266 1264//5266
f 1406//5267 1281//5267 1264//5267
f 1263//197 1405//197 1264//197
f 1053//5268 1388//5268 1354//5268
f 882//5265 1356//5265 883//5265
f 1411//5269 1412//5269 1388//5269
f 1053//5270 1413//5270 1388//5270
f 1413//5271 1411//5271 1388//5271
f 1412//5272 1377//5272 1388//5272
f 882//5273 1417//5273 1356//5273
f 1417//5274 1418//5274 1356//5274
f 1418//5275 1357//5275 1356//5275
f 1418//5276 1430//5276 1357//5276
f 1430//5277 1369//5277 1357//5277
f 1431//5266 1406//5266 1405//5266
f 1263//197 1431//197 1405//197
f 1443//5278 736//5278 1371//5278
f 1369//5279 1443//5279 1371//5279
f 1430//5280 1445//5280 1369//5280
f 1445//5281 1446//5281 1369//5281
f 1446//5281 1443//5281 1369//5281
f 1455//5282 1456//5282 1431//5282
f 1456//5283 1406//5283 1431//5283
f 1263//197 1455//197 1431//197
f 1446//5278 736//5278 1443//5278
f 1406//5284 1282//5284 1281//5284
f 1478//5284 1282//5284 1406//5284
f 1456//5285 1478//5285 1406//5285
f 1499//5286 1456//5286 1455//5286
f 1263//197 1499//197 1455//197
f 885//5287 1417//5287 882//5287
f 1502//5288 1456//5288 1499//5288
f 1263//197 1502//197 1499//197
f 1502//5289 1503//5289 1456//5289
f 1503//5285 1478//5285 1456//5285
f 1504//5290 1503//5290 1502//5290
f 1263//197 1504//197 1502//197
f 1446//5291 1508//5291 736//5291
f 1508//511 731//511 736//511
f 1445//5292 1508//5292 1446//5292
f 881//5293 1518//5293 885//5293
f 1518//5294 1417//5294 885//5294
f 1518//5295 1543//5295 1417//5295
f 1543//5296 1418//5296 1417//5296
f 1549//5297 1508//5297 1445//5297
f 1430//5298 1549//5298 1445//5298
f 1543//5299 1554//5299 1418//5299
f 1554//5300 1430//5300 1418//5300
f 1574//5301 1503//5301 1504//5301
f 1575//5302 1574//5302 1504//5302
f 1263//197 1575//197 1504//197
f 1554//5303 1583//5303 1430//5303
f 1583//5298 1549//5298 1430//5298
f 1613//5304 1574//5304 1575//5304
f 1263//197 1613//197 1575//197
f 1583//5297 1508//5297 1549//5297
f 1630//5305 1367//5305 1370//5305
f 1631//5306 1630//5306 1370//5306
f 1632//5307 1631//5307 1370//5307
f 1373//5308 1632//5308 1370//5308
f 1635//5309 1574//5309 1613//5309
f 1636//5310 1635//5310 1613//5310
f 1263//197 1636//197 1613//197
f 1648//5311 1635//5311 1636//5311
f 1263//197 1649//197 1636//197
f 1649//197 1648//197 1636//197
f 1649//519 1650//519 1648//519
f 1650//5312 1651//5312 1648//5312
f 1651//5313 1635//5313 1648//5313
f 1411//5314 1652//5314 1412//5314
f 1652//5315 1377//5315 1412//5315
f 1653//5316 1632//5316 1373//5316
f 1377//5317 1654//5317 1373//5317
f 1654//5318 1655//5318 1373//5318
f 1655//5319 1653//5319 1373//5319
f 1656//5320 1657//5320 881//5320
f 851//5321 1656//5321 881//5321
f 1657//5322 1518//5322 881//5322
f 1658//5323 1283//5323 1282//5323
f 1478//5323 1658//5323 1282//5323
f 1660//5324 1661//5324 1377//5324
f 1661//5324 1662//5324 1377//5324
f 1662//5325 1654//5325 1377//5325
f 1652//5326 1660//5326 1377//5326
f 1663//5327 1664//5327 1478//5327
f 1664//5328 1665//5328 1478//5328
f 1665//5323 1658//5323 1478//5323
f 1503//5327 1663//5327 1478//5327
f 1656//5329 1670//5329 1657//5329
f 1670//5330 1518//5330 1657//5330
f 1675//5331 1676//5331 1503//5331
f 1574//5331 1675//5331 1503//5331
f 1676//5327 1663//5327 1503//5327
f 1656//5332 1678//5332 1670//5332
f 1678//5330 1518//5330 1670//5330
f 1411//5314 1680//5314 1652//5314
f 1680//5333 1681//5333 1652//5333
f 1681//5333 1660//5333 1652//5333
f 1684//5334 1508//5334 1583//5334
f 1554//5335 1684//5335 1583//5335
f 1678//5336 1686//5336 1518//5336
f 1686//5337 1543//5337 1518//5337
f 1687//5338 1675//5338 1574//5338
f 1635//5339 1687//5339 1574//5339
f 1651//5339 1687//5339 1635//5339
f 1686//5340 1689//5340 1543//5340
f 1689//5341 1690//5341 1543//5341
f 1690//5342 1554//5342 1543//5342
f 1690//5343 1696//5343 1554//5343
f 1696//5335 1697//5335 1554//5335
f 1697//5335 1684//5335 1554//5335
f 1697//5334 1508//5334 1684//5334
f 1725//5344 1024//5344 1361//5344
f 1362//5345 1725//5345 1361//5345
f 1658//5346 1284//5346 1283//5346
f 1743//5347 1284//5347 1658//5347
f 1665//5348 1743//5348 1658//5348
f 1664//5349 1743//5349 1665//5349
f 1746//5350 1508//5350 1697//5350
f 1696//5351 1746//5351 1697//5351
f 1746//511 731//511 1508//511
f 1663//5352 1749//5352 1664//5352
f 1749//5353 1750//5353 1664//5353
f 1750//5354 1743//5354 1664//5354
f 1656//5355 1686//5355 1678//5355
f 1760//5356 1761//5356 1650//5356
f 1761//5357 1762//5357 1650//5357
f 1762//5357 1763//5357 1650//5357
f 1763//5358 1651//5358 1650//5358
f 1649//519 1760//519 1650//519
f 1763//5359 1687//5359 1651//5359
f 1676//5360 1764//5360 1663//5360
f 1764//5361 1749//5361 1663//5361
f 1675//5362 1767//5362 1676//5362
f 1767//5363 1764//5363 1676//5363
f 1769//5364 1746//5364 1696//5364
f 1690//5365 1769//5365 1696//5365
f 1770//5366 1771//5366 1686//5366
f 1656//5367 1770//5367 1686//5367
f 1771//5368 1689//5368 1686//5368
f 1772//5369 1725//5369 1362//5369
f 1363//5370 1772//5370 1362//5370
f 1772//5371 1773//5371 1725//5371
f 1773//5372 1024//5372 1725//5372
f 1366//5373 1772//5373 1363//5373
f 1687//5374 1767//5374 1675//5374
f 1762//5375 1767//5375 1687//5375
f 1763//5376 1762//5376 1687//5376
f 1774//5377 1772//5377 1366//5377
f 1365//5378 1774//5378 1366//5378
f 1773//5379 1025//5379 1024//5379
f 1775//5380 1774//5380 1365//5380
f 1364//5381 1775//5381 1365//5381
f 1771//5382 1776//5382 1689//5382
f 1776//5382 1777//5382 1689//5382
f 1777//5383 1690//5383 1689//5383
f 1368//5381 1775//5381 1364//5381
f 1367//5384 1775//5384 1368//5384
f 1630//5385 1778//5385 1367//5385
f 1778//5386 1775//5386 1367//5386
f 1777//5387 1779//5387 1690//5387
f 1779//5388 1780//5388 1690//5388
f 1780//5389 1781//5389 1690//5389
f 1781//5390 1769//5390 1690//5390
f 1781//5364 1746//5364 1769//5364
f 1631//5391 1778//5391 1630//5391
f 1773//5392 851//5392 1025//5392
f 1743//5393 1285//5393 1284//5393
f 1774//5394 1786//5394 1772//5394
f 1786//5395 1773//5395 1772//5395
f 1632//5396 1778//5396 1631//5396
f 1786//5397 851//5397 1773//5397
f 1787//5398 1778//5398 1632//5398
f 1653//5399 1787//5399 1632//5399
f 1793//5400 1786//5400 1774//5400
f 1794//5401 1793//5401 1774//5401
f 1775//5402 1794//5402 1774//5402
f 1750//5403 1795//5403 1743//5403
f 1795//5404 1285//5404 1743//5404
f 1800//5405 1656//5405 1786//5405
f 1656//5406 851//5406 1786//5406
f 1801//5407 1800//5407 1786//5407
f 1793//5408 1801//5408 1786//5408
f 1813//5409 1794//5409 1775//5409
f 1814//5410 1813//5410 1775//5410
f 1778//5411 1814//5411 1775//5411
f 1815//5412 1209//5412 1208//5412
f 1642//5413 1815//5413 1208//5413
f 1815//5414 1210//5414 1209//5414
f 1815//5415 1816//5415 1210//5415
f 1816//5416 1211//5416 1210//5416
f 1816//5417 1212//5417 1211//5417
f 1817//5418 1213//5418 1212//5418
f 1818//5419 1817//5419 1212//5419
f 1816//5420 1818//5420 1212//5420
f 1817//5421 1214//5421 1213//5421
f 1819//5422 1215//5422 1214//5422
f 1817//5423 1819//5423 1214//5423
f 1820//5424 1216//5424 1215//5424
f 1819//5425 1820//5425 1215//5425
f 1821//5426 1217//5426 1216//5426
f 1820//5427 1821//5427 1216//5427
f 1821//5428 1060//5428 1217//5428
f 1655//5399 1787//5399 1653//5399
f 1824//5429 1787//5429 1655//5429
f 1654//5430 1824//5430 1655//5430
f 1642//5431 1878//5431 1815//5431
f 1878//5432 1816//5432 1815//5432
f 1662//5433 1824//5433 1654//5433
f 1642//5434 1912//5434 1878//5434
f 1912//5435 1816//5435 1878//5435
f 1913//5436 1818//5436 1816//5436
f 1912//5437 1914//5437 1816//5437
f 1914//5438 1913//5438 1816//5438
f 1800//5439 1770//5439 1656//5439
f 1801//5440 1915//5440 1800//5440
f 1915//5441 1916//5441 1800//5441
f 1916//5442 1770//5442 1800//5442
f 1642//5443 1918//5443 1912//5443
f 1918//5444 1914//5444 1912//5444
f 1641//5445 1918//5445 1642//5445
f 1801//5446 1923//5446 1915//5446
f 1923//5447 1924//5447 1915//5447
f 1924//5448 1916//5448 1915//5448
f 1793//5449 1923//5449 1801//5449
f 1913//5450 1929//5450 1818//5450
f 1929//5451 1817//5451 1818//5451
f 1794//5452 1930//5452 1793//5452
f 1930//5453 1923//5453 1793//5453
f 1935//5454 1814//5454 1778//5454
f 1787//5455 1936//5455 1778//5455
f 1936//5456 1937//5456 1778//5456
f 1937//5457 1935//5457 1778//5457
f 1813//5458 1930//5458 1794//5458
f 1814//5459 1952//5459 1813//5459
f 1952//5460 1930//5460 1813//5460
f 1929//5461 1819//5461 1817//5461
f 1641//5462 1953//5462 1918//5462
f 1953//5463 1914//5463 1918//5463
f 1954//5464 1764//5464 1767//5464
f 1761//5465 1954//5465 1767//5465
f 1762//5466 1761//5466 1767//5466
f 1661//5467 1955//5467 1662//5467
f 1955//5468 1824//5468 1662//5468
f 1959//5469 1960//5469 1914//5469
f 1953//5470 1959//5470 1914//5470
f 1960//5471 1913//5471 1914//5471
f 1961//5472 1962//5472 1661//5472
f 1660//5473 1961//5473 1661//5473
f 1962//5474 1963//5474 1661//5474
f 1963//5475 1955//5475 1661//5475
f 1916//5476 1771//5476 1770//5476
f 1930//5477 1967//5477 1923//5477
f 1968//5478 1924//5478 1923//5478
f 1967//5479 1968//5479 1923//5479
f 1641//5480 1969//5480 1953//5480
f 1969//5481 1959//5481 1953//5481
f 1930//5482 1970//5482 1967//5482
f 1970//5483 1968//5483 1967//5483
f 1971//511 1972//511 1641//511
f 1643//511 1971//511 1641//511
f 1972//5484 1969//5484 1641//5484
f 1973//5485 1820//5485 1819//5485
f 1929//5486 1973//5486 1819//5486
f 1972//2777 1974//2777 1969//2777
f 1974//5487 1975//5487 1969//5487
f 1975//5488 1959//5488 1969//5488
f 1916//5489 1776//5489 1771//5489
f 1977//5490 1929//5490 1913//5490
f 1960//5491 1977//5491 1913//5491
f 1978//5492 1970//5492 1930//5492
f 1952//5493 1978//5493 1930//5493
f 1981//5494 1746//5494 1781//5494
f 1780//5495 1981//5495 1781//5495
f 1935//5496 1952//5496 1814//5496
f 1937//5497 1952//5497 1935//5497
f 1997//5498 1960//5498 1959//5498
f 1975//5499 1997//5499 1959//5499
f 1999//5500 1952//5500 1937//5500
f 1936//5501 1999//5501 1937//5501
f 2004//511 2005//511 1972//511
f 2006//511 2004//511 1972//511
f 1971//511 2006//511 1972//511
f 2007//5502 1974//5502 1972//5502
f 2005//5503 2007//5503 1972//5503
f 2007//5504 1975//5504 1974//5504
f 1681//5505 1961//5505 1660//5505
f 2008//5506 2009//5506 1916//5506
f 2010//5507 2008//5507 1916//5507
f 1924//5508 2010//5508 1916//5508
f 2009//5509 1777//5509 1916//5509
f 1777//5510 1776//5510 1916//5510
f 1968//5511 2010//5511 1924//5511
f 2011//5512 2012//5512 1820//5512
f 2012//5513 1821//5513 1820//5513
f 2013//5514 2011//5514 1820//5514
f 1973//5515 2013//5515 1820//5515
f 1978//5516 2014//5516 1970//5516
f 2015//5517 1968//5517 1970//5517
f 2014//5518 2015//5518 1970//5518
f 1760//5519 2017//5519 1761//5519
f 2017//5520 1954//5520 1761//5520
f 1968//5521 2021//5521 2010//5521
f 2021//5522 2022//5522 2010//5522
f 2022//5523 2008//5523 2010//5523
f 1977//5524 1973//5524 1929//5524
f 2023//5525 1936//5525 1787//5525
f 1824//5526 2024//5526 1787//5526
f 2024//5527 2025//5527 1787//5527
f 2025//5528 2023//5528 1787//5528
f 2027//5529 2028//5529 1960//5529
f 1997//5530 2027//5530 1960//5530
f 2028//5531 1977//5531 1960//5531
f 2029//5532 1997//5532 1975//5532
f 2007//5533 2029//5533 1975//5533
f 1680//5534 2030//5534 1681//5534
f 2030//5535 1961//5535 1681//5535
f 2029//5536 2031//5536 1997//5536
f 2031//5537 2027//5537 1997//5537
f 1999//5538 1978//5538 1952//5538
f 2005//5539 2032//5539 2007//5539
f 2032//5540 2029//5540 2007//5540
f 2033//5541 2014//5541 1978//5541
f 1999//5542 2033//5542 1978//5542
f 2023//5543 2045//5543 1936//5543
f 2045//5544 1999//5544 1936//5544
f 2009//5545 1779//5545 1777//5545
f 2046//5546 2021//5546 1968//5546
f 2015//5547 2047//5547 1968//5547
f 2047//5548 2048//5548 1968//5548
f 2048//5549 2046//5549 1968//5549
f 2050//5550 1060//5550 1821//5550
f 2012//5551 2050//5551 1821//5551
f 2011//5552 2050//5552 2012//5552
f 2055//5553 2013//5553 1973//5553
f 1977//5554 2055//5554 1973//5554
f 2057//5555 1286//5555 1285//5555
f 1795//5556 2057//5556 1285//5556
f 2033//5557 2058//5557 2014//5557
f 2058//5558 2015//5558 2014//5558
f 2025//5559 2045//5559 2023//5559
f 2031//5537 2028//5537 2027//5537
f 2009//5560 1780//5560 1779//5560
f 2024//5561 2045//5561 2025//5561
f 2045//5562 2067//5562 1999//5562
f 2067//5563 2033//5563 1999//5563
f 2028//5564 2055//5564 1977//5564
f 2069//5565 2070//5565 2058//5565
f 2033//5566 2069//5566 2058//5566
f 2070//5567 2015//5567 2058//5567
f 2072//5568 2057//5568 1795//5568
f 1750//5569 2072//5569 1795//5569
f 2009//5570 1981//5570 1780//5570
f 2067//5571 2069//5571 2033//5571
f 2078//5572 2030//5572 1680//5572
f 2079//5573 2078//5573 1680//5573
f 1411//5574 2079//5574 1680//5574
f 1749//5575 2072//5575 1750//5575
f 1955//5576 2024//5576 1824//5576
f 1955//5577 2084//5577 2024//5577
f 2084//5578 2045//5578 2024//5578
f 2085//5579 2086//5579 2030//5579
f 2086//5580 2087//5580 2030//5580
f 2087//5581 2088//5581 2030//5581
f 2078//5582 2085//5582 2030//5582
f 2088//5583 1961//5583 2030//5583
f 2092//5584 2093//5584 2013//5584
f 2094//5585 2092//5585 2013//5585
f 2055//5586 2094//5586 2013//5586
f 2093//5587 2011//5587 2013//5587
f 1764//5588 2095//5588 1749//5588
f 2095//5589 2072//5589 1749//5589
f 2096//5590 1746//5590 1981//5590
f 2009//5591 2096//5591 1981//5591
f 2008//5592 2096//5592 2009//5592
f 2097//5593 2055//5593 2028//5593
f 2098//5594 2097//5594 2028//5594
f 2031//5595 2098//5595 2028//5595
f 2022//5596 2096//5596 2008//5596
f 2021//5597 2096//5597 2022//5597
f 1963//5598 2101//5598 1955//5598
f 2101//5599 2084//5599 1955//5599
f 2070//5600 2102//5600 2015//5600
f 2102//5601 2103//5601 2015//5601
f 2103//5601 2104//5601 2015//5601
f 2104//5602 2047//5602 2015//5602
f 2069//5603 2105//5603 2070//5603
f 2105//5604 2102//5604 2070//5604
f 1954//5605 2107//5605 1764//5605
f 2107//5606 2095//5606 1764//5606
f 2097//5607 2094//5607 2055//5607
f 2005//5608 2112//5608 2032//5608
f 2112//5609 2029//5609 2032//5609
f 2084//5610 2067//5610 2045//5610
f 1962//5611 2101//5611 1963//5611
f 2005//5612 2113//5612 2112//5612
f 2113//5613 2029//5613 2112//5613
f 2114//5603 2105//5603 2069//5603
f 2115//5614 2114//5614 2069//5614
f 2067//5615 2116//5615 2069//5615
f 2116//5616 2115//5616 2069//5616
f 1961//5617 2101//5617 1962//5617
f 2113//5618 2120//5618 2029//5618
f 2120//5619 2121//5619 2029//5619
f 2121//5620 2031//5620 2029//5620
f 2017//5621 2122//5621 1954//5621
f 2122//5622 2107//5622 1954//5622
f 2130//5623 2116//5623 2067//5623
f 2084//5624 2130//5624 2067//5624
f 2088//5625 2132//5625 1961//5625
f 2132//5626 2101//5626 1961//5626
f 1760//5627 2122//5627 2017//5627
f 2140//5628 2096//5628 2021//5628
f 2046//5629 2140//5629 2021//5629
f 2048//5630 2140//5630 2046//5630
f 2121//5631 2141//5631 2031//5631
f 2141//5632 2098//5632 2031//5632
f 2004//5633 2120//5633 2005//5633
f 2120//5634 2113//5634 2005//5634
f 2047//5635 2140//5635 2048//5635
f 1746//511 2152//511 731//511
f 2156//5636 2157//5636 2011//5636
f 2093//5637 2156//5637 2011//5637
f 2157//5638 2158//5638 2011//5638
f 2158//5639 2159//5639 2011//5639
f 2159//5640 2160//5640 2011//5640
f 2161//5641 2050//5641 2011//5641
f 2160//5641 2161//5641 2011//5641
f 2163//5635 2140//5635 2047//5635
f 2104//5642 2163//5642 2047//5642
f 2165//5643 2094//5643 2097//5643
f 2166//5644 2165//5644 2097//5644
f 2098//5645 2166//5645 2097//5645
f 2167//5646 2168//5646 2094//5646
f 2169//5647 2167//5647 2094//5647
f 2168//5648 2092//5648 2094//5648
f 2165//5649 2169//5649 2094//5649
f 2114//5650 2102//5650 2105//5650
f 2092//5651 2156//5651 2093//5651
f 2101//5652 2173//5652 2084//5652
f 2173//5653 2130//5653 2084//5653
f 2141//5654 2174//5654 2098//5654
f 2174//5655 2166//5655 2098//5655
f 2114//5656 2175//5656 2102//5656
f 2175//5657 2176//5657 2102//5657
f 2176//5658 2103//5658 2102//5658
f 2179//5659 2180//5659 2104//5659
f 2180//5660 2163//5660 2104//5660
f 2103//5661 2179//5661 2104//5661
f 2087//5662 2132//5662 2088//5662
f 2182//5663 1746//5663 2096//5663
f 2140//5664 2182//5664 2096//5664
f 2182//5665 2183//5665 1746//5665
f 2183//5666 2184//5666 1746//5666
f 2184//5667 2185//5667 1746//5667
f 2185//5668 2186//5668 1746//5668
f 2186//5669 2187//5669 1746//5669
f 2187//511 2152//511 1746//511
f 2192//5670 2173//5670 2101//5670
f 2193//5671 2192//5671 2101//5671
f 2132//5672 2193//5673 2101//5673
f 2180//5674 2194//5674 2163//5674
f 2194//5675 2140//5675 2163//5675
f 2179//5676 2194//5676 2180//5676
f 2197//5677 2169//5677 2165//5677
f 2166//5678 2197//5678 2165//5678
f 2004//5679 2198//5679 2120//5679
f 2198//5680 2121//5680 2120//5680
f 2115//5681 2175//5681 2114//5681
f 2200//5682 2167//5682 2169//5682
f 2197//5683 2200//5683 2169//5683
f 2176//5681 2175//5681 2115//5681
f 2116//5684 2201//5684 2115//5684
f 2201//5685 2176//5685 2115//5685
f 2130//5686 2202//5686 2116//5686
f 2202//5687 2203//5687 2116//5687
f 2203//5688 2201//5688 2116//5688
f 2201//5689 2103//5689 2176//5689
f 2174//5690 2204//5690 2166//5690
f 2204//5691 2197//5691 2166//5691
f 2213//5692 2214//5692 2130//5692
f 2214//5693 2215//5693 2130//5693
f 2215//5694 2202//5694 2130//5694
f 2173//5695 2213//5695 2130//5695
f 1760//5696 2220//5696 2122//5696
f 2220//5697 2107//5697 2122//5697
f 2221//5698 2222//5698 2103//5698
f 2222//5699 2223//5699 2103//5699
f 2224//5700 2221//5700 2103//5700
f 2203//5701 2224//5701 2103//5701
f 2201//5702 2203//5702 2103//5702
f 2223//5703 2179//5703 2103//5703
f 2192//5704 2236//5704 2173//5704
f 2236//5705 2213//5705 2173//5705
f 2237//5706 2193//5706 2132//5706
f 2087//5707 2237//5707 2132//5707
f 2237//5708 2192//5708 2193//5708
f 2168//5709 2238//5709 2092//5709
f 2238//5710 2239//5710 2092//5710
f 2239//5711 2156//5711 2092//5711
f 2004//5679 2242//5679 2198//5679
f 2242//5680 2121//5680 2198//5680
f 2242//5712 2244//5712 2121//5712
f 2244//5713 2141//5713 2121//5713
f 2223//5714 2245//5714 2179//5714
f 2245//5715 2194//5715 2179//5715
f 2140//5716 2183//5716 2182//5716
f 2167//5717 2238//5717 2168//5717
f 2222//5718 2245//5718 2223//5718
f 2086//5719 2237//5719 2087//5719
f 2202//5720 2224//5720 2203//5720
f 2221//5721 2245//5721 2222//5721
f 2237//5722 2236//5722 2192//5722
f 2244//5723 2248//5723 2141//5723
f 2248//5724 2174//5724 2141//5724
f 1190//517 2250//517 1263//517
f 2251//512 1649//512 1263//512
f 2250//512 2251//512 1263//512
f 2252//197 2251//197 2250//197
f 2253//197 2252//197 2250//197
f 1190//517 2253//517 2250//517
f 2254//519 1760//519 1649//519
f 2251//519 2254//519 1649//519
f 2255//197 2256//197 2251//197
f 2257//197 2255//197 2251//197
f 2252//197 2257//197 2251//197
f 2256//519 2254//519 2251//519
f 2258//5725 2200//5725 2197//5725
f 2204//5726 2259//5726 2197//5726
f 2259//5727 2260//5727 2197//5727
f 2260//5728 2261//5728 2197//5728
f 2261//5729 2258//5729 2197//5729
f 2262//5730 2245//5730 2221//5730
f 2263//5731 2262//5731 2221//5731
f 2264//5732 2263//5732 2221//5732
f 2224//5733 2264//5733 2221//5733
f 2236//5734 2215//5734 2214//5734
f 2213//5735 2236//5735 2214//5735
f 2265//5736 2202//5736 2215//5736
f 2266//5737 2265//5737 2215//5737
f 2236//5738 2266//5738 2215//5738
f 2202//5739 2264//5739 2224//5739
f 2265//5740 2271//5740 2202//5740
f 2271//5741 2272//5741 2202//5741
f 2272//5742 2264//5742 2202//5742
f 2275//5743 2184//5743 2183//5743
f 2140//5744 2275//5744 2183//5744
f 2237//5745 2266//5745 2236//5745
f 2248//5746 2278//5746 2174//5746
f 2278//5747 2204//5747 2174//5747
f 2271//5748 2262//5748 2263//5748
f 2272//5749 2271//5749 2263//5749
f 2264//5750 2272//5750 2263//5750
f 2200//5751 2280//5751 2167//5751
f 2280//5752 2281//5752 2167//5752
f 2281//5752 2238//5752 2167//5752
f 2194//5753 2275//5753 2140//5753
f 2004//5754 2284//5754 2242//5754
f 2284//5755 2244//5755 2242//5755
f 2278//5756 2285//5756 2204//5756
f 2285//5757 2259//5757 2204//5757
f 2258//5758 2280//5758 2200//5758
f 2287//5696 2220//5696 1760//5696
f 2254//5759 2288//5759 1760//5759
f 2288//5760 2289//5760 1760//5760
f 2289//5761 2287//5761 1760//5761
f 2287//5697 2107//5697 2220//5697
f 2301//5762 2302//5762 2259//5762
f 2302//5763 2260//5763 2259//5763
f 2285//5764 2303//5764 2259//5764
f 2303//5765 2301//5765 2259//5765
f 2006//511 2304//511 2004//511
f 2305//5766 2284//5766 2004//5766
f 2306//5767 2305//5767 2004//5767
f 2304//5768 2306//5768 2004//5768
f 2305//5769 2244//5769 2284//5769
f 2245//5770 2310//5770 2194//5770
f 2310//5771 2275//5771 2194//5771
f 2057//5555 1287//5555 1286//5555
f 2261//5772 2280//5772 2258//5772
f 2072//5773 1287//5773 2057//5773
f 2260//5774 2280//5774 2261//5774
f 2095//5775 2318//5775 2072//5775
f 2318//5776 1287//5776 2072//5776
f 2306//5777 2244//5777 2305//5777
f 2306//5778 2321//5778 2244//5778
f 2321//5779 2322//5779 2244//5779
f 2322//5780 2248//5780 2244//5780
f 2107//5781 2318//5781 2095//5781
f 2275//5782 2185//5782 2184//5782
f 2322//5783 2324//5783 2248//5783
f 2324//5784 2278//5784 2248//5784
f 2289//5785 2318//5785 2107//5785
f 2287//5697 2289//5697 2107//5697
f 2324//5786 2326//5786 2278//5786
f 2326//5787 2285//5787 2278//5787
f 2302//5788 2301//5788 2260//5788
f 2301//5789 2280//5789 2260//5789
f 2327//5790 2328//5790 2245//5790
f 2262//5791 2327//5791 2245//5791
f 2328//5792 2310//5792 2245//5792
f 2304//5793 2329//5793 2306//5793
f 2329//5794 2321//5794 2306//5794
f 2187//512 2150//512 2149//512
f 2152//512 2187//512 2149//512
f 2148//517 2152//517 2149//517
f 2148//517 2235//517 2152//517
f 2187//5795 1056//5795 2150//5795
f 2186//5796 2330//5796 2187//5796
f 2330//5797 1056//5797 2187//5797
f 2331//5798 2303//5798 2285//5798
f 2326//5799 2332//5799 2285//5799
f 2332//5800 2331//5800 2285//5800
f 2333//5801 2186//5801 2275//5801
f 2186//5802 2185//5802 2275//5802
f 2310//5803 2333//5803 2275//5803
f 2288//5804 2318//5804 2289//5804
f 2334//5805 2335//5805 2303//5805
f 2331//5806 2336//5806 2303//5806
f 2336//5807 2334//5807 2303//5807
f 2335//5808 2301//5808 2303//5808
f 2337//5809 2262//5809 2271//5809
f 2265//5810 2337//5810 2271//5810
f 2085//5719 2237//5719 2086//5719
f 2337//5811 2327//5811 2262//5811
f 2340//5812 2341//5812 2301//5812
f 2341//5813 2342//5813 2301//5813
f 2342//5814 2343//5814 2301//5814
f 2343//5815 2344//5815 2301//5815
f 2345//5816 2280//5816 2301//5816
f 2344//5817 2345//5817 2301//5817
f 2346//5818 2237//5818 2085//5818
f 2078//5819 2346//5819 2085//5819
f 2328//5820 2348//5820 2310//5820
f 2348//5821 2333//5821 2310//5821
f 2349//5822 2337//5822 2237//5822
f 2346//5823 2349//5823 2237//5823
f 2337//5822 2265//5822 2237//5822
f 2265//5824 2266//5824 2237//5824
f 2333//5825 2330//5825 2186//5825
f 2351//5826 1056//5826 2330//5826
f 2333//5827 2351//5827 2330//5827
f 2352//5828 2353//5828 1056//5828
f 2353//5829 2354//5829 1056//5829
f 2354//5830 846//5830 1056//5830
f 2351//5831 2352//5831 1056//5831
f 2006//511 2355//511 2304//511
f 2356//517 2329//517 2304//517
f 2355//517 2356//517 2304//517
f 2356//5832 2321//5832 2329//5832
f 2356//5832 2357//5832 2321//5832
f 2357//5833 2322//5833 2321//5833
f 2357//5833 2358//5833 2322//5833
f 2358//5834 2324//5834 2322//5834
f 2358//5835 2359//5835 2324//5835
f 2359//5836 2326//5836 2324//5836
f 2359//5836 2360//5836 2326//5836
f 2360//5837 2332//5837 2326//5837
f 2360//5837 2361//5837 2332//5837
f 2361//5838 2331//5838 2332//5838
f 2361//5838 2362//5838 2331//5838
f 2362//5839 2336//5839 2331//5839
f 2362//5840 2363//5840 2336//5840
f 2363//5841 2334//5841 2336//5841
f 2363//5842 2340//5842 2334//5842
f 2375//5843 2351//5843 2333//5843
f 2348//5844 2375//5844 2333//5844
f 2383//5845 2384//5845 2328//5845
f 2385//5846 2383//5846 2328//5846
f 2327//5847 2385//5847 2328//5847
f 2384//5848 2348//5848 2328//5848
f 2375//5849 2352//5849 2351//5849
f 2337//5850 2385//5850 2327//5850
f 2384//5851 2390//5851 2348//5851
f 2390//5852 2375//5852 2348//5852
f 2337//5853 2383//5853 2385//5853
f 2375//5854 2353//5854 2352//5854
f 2318//5855 1288//5855 1287//5855
f 2337//5856 2393//5856 2383//5856
f 2393//5857 2384//5857 2383//5857
f 2349//5858 2393//5858 2337//5858
f 2288//5859 2394//5859 2318//5859
f 2394//5860 2395//5860 2318//5860
f 2395//5861 1288//5861 2318//5861
f 2396//5862 2353//5862 2375//5862
f 2390//5863 2396//5863 2375//5863
f 2254//5864 2394//5864 2288//5864
f 2079//5865 2346//5865 2078//5865
f 2254//5866 2395//5866 2394//5866
f 2397//5867 2398//5867 2384//5867
f 2393//5868 2397//5868 2384//5868
f 2398//5869 2390//5869 2384//5869
f 2396//5870 2354//5870 2353//5870
f 2398//5871 2401//5871 2390//5871
f 2401//5872 2396//5872 2390//5872
f 2423//5873 846//5873 2354//5873
f 2396//5870 2423//5870 2354//5870
f 1411//5874 2346//5874 2079//5874
f 2425//5875 2397//5875 2393//5875
f 2349//5876 2426//5876 2393//5876
f 2426//5877 2427//5877 2393//5877
f 2427//5877 2428//5877 2393//5877
f 2428//5878 2429//5878 2393//5878
f 2429//5878 2425//5878 2393//5878
f 2430//5879 2431//5879 2396//5879
f 2431//5870 2423//5870 2396//5870
f 2401//5880 2430//5880 2396//5880
f 1413//5865 2346//5865 1411//5865
f 2431//5873 846//5873 2423//5873
f 2431//5881 2433//5881 846//5881
f 2433//5882 2434//5882 846//5882
f 2434//5883 2435//5883 846//5883
f 2435//5884 1187//5884 846//5884
f 2426//5885 2349//5885 2346//5885
f 1413//5886 2426//5886 2346//5886
f 2006//511 2436//511 2355//511
f 2437//5887 2356//5887 2355//5887
f 2436//5888 2437//5888 2355//5888
f 2438//5889 2357//5889 2356//5889
f 2437//5890 2438//5890 2356//5890
f 2438//5889 2358//5889 2357//5889
f 2438//5891 2439//5891 2358//5891
f 2439//5892 2359//5892 2358//5892
f 2439//5893 2440//5893 2359//5893
f 2440//5894 2360//5894 2359//5894
f 2440//5895 2361//5895 2360//5895
f 2441//5896 2362//5896 2361//5896
f 2440//5897 2441//5897 2361//5897
f 2442//5898 2363//5898 2362//5898
f 2441//5899 2442//5899 2362//5899
f 2443//5900 2340//5900 2363//5900
f 2442//5901 2443//5901 2363//5901
f 2444//5902 2445//5902 2398//5902
f 2397//5903 2444//5903 2398//5903
f 2445//5904 2401//5904 2398//5904
f 2430//5905 2433//5905 2431//5905
f 1413//5906 2427//5906 2426//5906
f 2256//519 2448//519 2254//519
f 2449//5907 2450//5907 2254//5907
f 2450//5908 2395//5908 2254//5908
f 2448//5909 2451//5909 2254//5909
f 2451//5910 2452//5910 2254//5910
f 2452//5911 2449//5911 2254//5911
f 2450//5912 1288//5912 2395//5912
f 2430//5913 2453//5913 2433//5913
f 2453//5914 2434//5914 2433//5914
f 2445//5915 2454//5915 2401//5915
f 2454//5916 2430//5916 2401//5916
f 2454//5917 2453//5917 2430//5917
f 2467//5918 2340//5918 2443//5918
f 2442//5919 2467//5919 2443//5919
f 2441//5920 2470//5920 2442//5920
f 2470//5921 2467//5921 2442//5921
f 2471//197 2472//197 1190//197
f 1191//197 2471//197 1190//197
f 2472//5922 2473//5922 1190//5922
f 2473//5922 2253//5922 1190//5922
f 2473//197 2474//197 2253//197
f 2474//197 2475//197 2253//197
f 2475//197 2252//197 2253//197
f 2467//5923 2341//5923 2340//5923
f 2476//5924 2470//5924 2441//5924
f 2440//5925 2476//5925 2441//5925
f 2425//5926 2444//5926 2397//5926
f 2439//5927 2476//5927 2440//5927
f 2483//5928 2257//5928 2252//5928
f 2484//5929 2483//5929 2252//5929
f 2475//5930 2484//5930 2252//5930
f 2485//5931 2483//5931 2484//5931
f 2486//5932 2487//5932 2484//5932
f 2487//5933 2485//5933 2484//5933
f 2475//5930 2486//5930 2484//5930
f 2425//5934 2488//5934 2444//5934
f 2488//5935 2445//5935 2444//5935
f 2493//5936 2476//5936 2439//5936
f 2438//5937 2493//5937 2439//5937
f 1053//5938 2427//5938 1413//5938
f 2487//5939 2494//5939 2485//5939
f 2494//5940 2495//5940 2485//5940
f 2496//5941 2483//5941 2485//5941
f 2495//5942 2496//5942 2485//5942
f 2496//5943 2497//5943 2483//5943
f 2497//5928 2257//5928 2483//5928
f 2437//5944 2499//5944 2438//5944
f 2500//5945 2493//5945 2438//5945
f 2499//5946 2500//5946 2438//5946
f 2501//5947 2494//5947 2487//5947
f 2486//5948 2502//5948 2487//5948
f 2502//5949 2501//5949 2487//5949
f 2436//5950 2499//5950 2437//5950
f 1052//5951 2428//5951 1053//5951
f 2428//5952 2427//5952 1053//5952
f 2495//5953 2503//5953 2496//5953
f 2504//5954 2497//5954 2496//5954
f 2503//5955 2504//5955 2496//5955
f 2474//5956 2505//5956 2475//5956
f 2505//5957 2506//5957 2475//5957
f 2506//5958 2486//5958 2475//5958
f 2506//5959 2502//5959 2486//5959
f 2510//5960 2255//5960 2257//5960
f 2497//5960 2510//5960 2257//5960
f 2504//5961 2510//5961 2497//5961
f 2453//5962 2435//5962 2434//5962
f 2512//5963 2501//5963 2502//5963
f 2506//5964 2512//5964 2502//5964
f 2436//5965 2513//5965 2499//5965
f 2513//5966 2500//5966 2499//5966
f 2516//5967 1187//5967 2435//5967
f 2517//5968 2516//5968 2435//5968
f 2453//5969 2517//5969 2435//5969
f 2518//5970 2519//5970 2504//5970
f 2519//5971 2510//5971 2504//5971
f 2503//5972 2518//5972 2504//5972
f 2520//5973 2521//5973 2445//5973
f 2488//5974 2520//5974 2445//5974
f 2521//5975 2454//5975 2445//5975
f 2494//5976 2524//5976 2495//5976
f 2524//5977 2525//5977 2495//5977
f 2525//5978 2503//5978 2495//5978
f 2521//5979 2526//5979 2454//5979
f 2526//5980 2453//5980 2454//5980
f 2528//5981 2342//5981 2341//5981
f 2467//5982 2528//5982 2341//5982
f 2501//5983 2529//5983 2494//5983
f 2529//5984 2530//5984 2494//5984
f 2530//5985 2524//5985 2494//5985
f 2470//5986 2541//5986 2467//5986
f 2541//5987 2528//5987 2467//5987
f 2525//5988 2542//5988 2503//5988
f 2542//5989 2518//5989 2503//5989
f 2512//5990 2529//5990 2501//5990
f 2450//5991 2553//5991 1288//5991
f 2553//5855 1289//5855 1288//5855
f 2519//5992 2554//5992 2510//5992
f 2554//5960 2255//5960 2510//5960
f 2512//5993 2530//5993 2529//5993
f 2526//5994 2517//5994 2453//5994
f 2518//5995 2555//5995 2519//5995
f 2556//5996 2554//5996 2519//5996
f 2555//5997 2556//5997 2519//5997
f 2557//5998 2555//5998 2518//5998
f 2542//5999 2557//5999 2518//5999
f 2471//197 2558//197 2472//197
f 2558//6000 2559//6000 2472//6000
f 2559//6000 2473//6000 2472//6000
f 2559//197 2474//197 2473//197
f 2528//6001 2560//6001 2342//6001
f 2560//6002 2343//6002 2342//6002
f 2512//6003 2561//6003 2530//6003
f 2561//6004 2524//6004 2530//6004
f 2476//6005 2562//6005 2470//6005
f 2562//6006 2541//6006 2470//6006
f 2505//6007 2512//6007 2506//6007
f 2563//197 2256//197 2255//197
f 2564//6008 2563//6008 2255//6008
f 2554//6008 2564//6008 2255//6008
f 2556//6009 2564//6009 2554//6009
f 2524//6010 2567//6010 2525//6010
f 2567//6011 2568//6011 2525//6011
f 2568//6012 2542//6012 2525//6012
f 2557//6013 2569//6013 2555//6013
f 2570//6014 2556//6014 2555//6014
f 2569//6015 2570//6015 2555//6015
f 2561//6016 2567//6016 2524//6016
f 2568//6017 2571//6017 2542//6017
f 2571//6018 2557//6018 2542//6018
f 2474//6019 2572//6019 2505//6019
f 2572//6020 2512//6020 2505//6020
f 2570//6021 2573//6021 2556//6021
f 2573//6022 2564//6022 2556//6022
f 2574//5967 1187//5967 2516//5967
f 2517//6023 2574//6023 2516//6023
f 2512//6024 2575//6024 2561//6024
f 2575//6025 2567//6025 2561//6025
f 2474//6026 2576//6026 2572//6026
f 2576//6007 2512//6007 2572//6007
f 2493//6027 2562//6027 2476//6027
f 2560//6028 2577//6028 2343//6028
f 2577//6029 2344//6029 2343//6029
f 2574//5967 2578//5967 1187//5967
f 2578//6030 2579//6030 1187//6030
f 2579//6030 2580//6030 1187//6030
f 2580//6031 2581//6031 1187//6031
f 2581//6032 1192//6032 1187//6032
f 2559//197 2582//197 2474//197
f 2583//6033 2576//6033 2474//6033
f 2582//6034 2584//6034 2474//6034
f 2584//6035 2585//6035 2474//6035
f 2585//6036 2583//6036 2474//6036
f 2586//6037 2569//6037 2557//6037
f 2571//6038 2586//6038 2557//6038
f 2517//6039 2578//6039 2574//6039
f 2436//6040 2588//6040 2513//6040
f 2588//6041 2500//6041 2513//6041
f 2006//511 2589//511 2436//511
f 2590//6042 2591//6042 2436//6042
f 2589//6043 2590//6043 2436//6043
f 2591//6044 2592//6044 2436//6044
f 2592//5965 2588//5965 2436//5965
f 2449//6045 2553//6045 2450//6045
f 2593//6046 2560//6046 2528//6046
f 2541//6047 2593//6047 2528//6047
f 2594//6048 2595//6048 2570//6048
f 2595//6049 2573//6049 2570//6049
f 2569//6050 2594//6050 2570//6050
f 2596//6051 2562//6051 2493//6051
f 2500//6052 2596//6052 2493//6052
f 2577//6053 2345//6053 2344//6053
f 2586//6054 2598//6054 2569//6054
f 2598//6055 2594//6055 2569//6055
f 2576//6056 2599//6056 2512//6056
f 2599//6057 2600//6057 2512//6057
f 2600//6058 2601//6058 2512//6058
f 2601//6059 2575//6059 2512//6059
f 2517//6060 2602//6060 2578//6060
f 2602//6061 2579//6061 2578//6061
f 2588//5966 2592//5966 2500//5966
f 2592//6062 2603//6062 2500//6062
f 2603//6063 2596//6063 2500//6063
f 2471//6064 2582//6064 2558//6064
f 2582//6064 2559//6064 2558//6064
f 2601//6065 2605//6065 2575//6065
f 2605//6066 2567//6066 2575//6066
f 2425//6067 2520//6067 2488//6067
f 2526//6068 2606//6068 2517//6068
f 2606//6069 2602//6069 2517//6069
f 2601//6070 2607//6070 2605//6070
f 2607//6071 2567//6071 2605//6071
f 2577//6072 2280//6072 2345//6072
f 2567//6073 2608//6073 2568//6073
f 2608//6074 2609//6074 2568//6074
f 2609//6075 2571//6075 2568//6075
f 2607//6076 2610//6076 2567//6076
f 2610//6077 2608//6077 2567//6077
f 2521//6078 2611//6078 2526//6078
f 2611//6079 2606//6079 2526//6079
f 2609//6080 2612//6080 2571//6080
f 2612//6081 2586//6081 2571//6081
f 2601//6082 2610//6082 2607//6082
f 2613//6083 2614//6083 2594//6083
f 2614//6084 2595//6084 2594//6084
f 2598//6085 2613//6085 2594//6085
f 2577//6086 2615//6086 2280//6086
f 2615//6087 2281//6087 2280//6087
f 2583//6088 2599//6088 2576//6088
f 2618//6089 2598//6089 2586//6089
f 2612//6090 2618//6090 2586//6090
f 2562//6091 2619//6091 2541//6091
f 2619//6092 2593//6092 2541//6092
f 2564//512 2256//512 2563//512
f 2620//512 2256//512 2564//512
f 2573//6093 2620//6093 2564//6093
f 2621//519 2622//519 2256//519
f 2620//519 2623//519 2256//519
f 2623//519 2624//519 2256//519
f 2624//519 2625//519 2256//519
f 2625//519 2626//519 2256//519
f 2626//519 2621//519 2256//519
f 2622//519 2627//519 2256//519
f 2627//519 2628//519 2256//519
f 2628//519 2629//519 2256//519
f 2629//519 2630//519 2256//519
f 2630//519 2631//519 2256//519
f 2631//519 2448//519 2256//519
f 2632//519 2633//519 2620//519
f 2634//519 2635//519 2620//519
f 2635//519 2636//519 2620//519
f 2636//519 2623//519 2620//519
f 2633//519 2637//519 2620//519
f 2637//519 2638//519 2620//519
f 2638//519 2634//519 2620//519
f 2573//6094 2632//6094 2620//6094
f 2639//6095 2611//6095 2521//6095
f 2640//6096 2639//6096 2521//6096
f 2520//6096 2640//6096 2521//6096
f 2585//6088 2599//6088 2583//6088
f 2425//6097 2640//6097 2520//6097
f 2642//6098 2238//6098 2281//6098
f 2615//6099 2642//6099 2281//6099
f 2602//6100 2580//6100 2579//6100
f 2618//6101 2644//6101 2598//6101
f 2644//6102 2613//6102 2598//6102
f 2645//6094 2632//6103 2573//6103
f 2595//6104 2645//6104 2573//6104
f 2645//519 2646//519 2632//519
f 2646//519 2633//519 2632//519
f 2595//6105 2646//6105 2645//6105
f 2591//6106 2603//6106 2592//6106
f 1191//6107 2582//6107 2471//6107
f 1191//6108 2647//6108 2582//6108
f 2647//6109 2584//6109 2582//6109
f 2648//6110 2239//6110 2238//6110
f 2642//6111 2648//6111 2238//6111
f 2593//6112 2649//6112 2560//6112
f 2649//6113 2577//6113 2560//6113
f 2614//6114 2646//6114 2595//6114
f 2650//6115 2614//6115 2613//6115
f 2651//6116 2652//6116 2613//6116
f 2652//6117 2653//6117 2613//6117
f 2653//6118 2650//6118 2613//6118
f 2644//6119 2651//6119 2613//6119
f 2585//6120 2654//6120 2599//6120
f 2654//6121 2655//6121 2599//6121
f 2655//6122 2600//6122 2599//6122
f 2596//6123 2619//6123 2562//6123
f 2602//6124 2581//6124 2580//6124
f 2657//6125 2581//6125 2602//6125
f 2606//6126 2658//6126 2602//6126
f 2658//6127 2657//6127 2602//6127
f 2648//6128 2156//6128 2239//6128
f 2610//6129 2659//6129 2608//6129
f 2659//6130 2609//6130 2608//6130
f 2659//6131 2660//6131 2609//6131
f 2660//6132 2612//6132 2609//6132
f 2601//6133 2659//6133 2610//6133
f 2660//6134 2661//6134 2612//6134
f 2661//6135 2618//6135 2612//6135
f 2600//6136 2662//6136 2601//6136
f 2662//6137 2663//6137 2601//6137
f 2663//6138 2659//6138 2601//6138
f 2584//6139 2654//6139 2585//6139
f 2647//6140 2654//6140 2584//6140
f 1052//6141 2429//6141 2428//6141
f 2664//6142 1192//6142 2581//6142
f 2657//6143 2664//6143 2581//6143
f 2665//6144 2644//6144 2618//6144
f 2661//6145 2665//6145 2618//6145
f 2666//6146 2646//6146 2614//6146
f 2650//6147 2666//6147 2614//6147
f 2666//519 2633//519 2646//519
f 1051//6148 2425//6148 1052//6148
f 2425//6141 2429//6141 1052//6141
f 2667//6149 1192//6149 2664//6149
f 2657//6143 2667//6143 2664//6143
f 2668//519 2633//519 2666//519
f 2650//6150 2668//6150 2666//6150
f 1191//6151 2669//6151 2647//6151
f 2670//6152 2654//6152 2647//6152
f 2669//6153 2670//6153 2647//6153
f 2671//6154 1191//6154 1192//6154
f 2667//6155 2671//6155 1192//6155
f 2648//6156 2672//6156 2156//6156
f 2672//6157 2157//6157 2156//6157
f 2673//6158 2619//6158 2596//6158
f 2603//6159 2673//6159 2596//6159
f 2671//6160 2674//6160 1191//6160
f 2674//6161 2669//6161 1191//6161
f 2611//6162 2675//6162 2606//6162
f 2675//6163 2658//6163 2606//6163
f 2653//6164 2668//6164 2650//6164
f 2663//6165 2676//6165 2659//6165
f 2676//6166 2660//6166 2659//6166
f 2619//6167 2649//6167 2593//6167
f 2657//6168 2677//6168 2667//6168
f 2677//6169 2671//6169 2667//6169
f 2674//6153 2670//6153 2669//6153
f 2677//6169 2674//6169 2671//6169
f 2677//6170 2670//6170 2674//6170
f 2670//6171 2678//6171 2654//6171
f 2678//6172 2655//6172 2654//6172
f 2590//6173 2680//6173 2603//6173
f 2591//6174 2590//6174 2603//6174
f 2680//6175 2673//6175 2603//6175
f 2658//6176 2681//6176 2657//6176
f 2681//6177 2677//6177 2657//6177
f 2683//6178 2668//6178 2653//6178
f 2652//6179 2683//6179 2653//6179
f 2683//519 2684//519 2668//519
f 2684//519 2633//519 2668//519
f 2672//6180 2158//6180 2157//6180
f 2677//6181 2685//6181 2670//6181
f 2685//6182 2678//6182 2670//6182
f 2681//6183 2685//6183 2677//6183
f 2686//6184 2687//6184 2611//6184
f 2687//6185 2688//6185 2611//6185
f 2688//6186 2675//6186 2611//6186
f 2639//6187 2686//6187 2611//6187
f 2691//6188 2615//6188 2577//6188
f 2692//6189 2691//6189 2577//6189
f 2649//6190 2693//6190 2577//6190
f 2693//6191 2692//6191 2577//6191
f 2425//6192 2639//6192 2640//6192
f 1050//6193 2694//6193 1051//6193
f 2694//6194 2695//6194 1051//6194
f 2695//6195 2425//6195 1051//6195
f 2697//6196 2698//6196 2660//6196
f 2699//6197 2697//6197 2660//6197
f 2676//6198 2699//6198 2660//6198
f 2698//6199 2661//6199 2660//6199
f 2663//6200 2699//6200 2676//6200
f 2663//6165 2697//6165 2699//6165
f 2698//6201 2700//6201 2661//6201
f 2700//6202 2665//6202 2661//6202
f 2700//6203 2644//6203 2665//6203
f 2655//6204 2701//6204 2600//6204
f 2701//6205 2662//6205 2600//6205
f 2702//6206 2703//6206 2619//6206
f 2673//6207 2702//6207 2619//6207
f 2703//6208 2649//6208 2619//6208
f 2704//6209 2651//6209 2644//6209
f 2700//6210 2705//6210 2644//6210
f 2705//6211 2704//6211 2644//6211
f 2708//6212 2709//6212 2651//6212
f 2709//6213 2710//6213 2651//6213
f 2710//6214 2652//6214 2651//6214
f 2704//6212 2708//6212 2651//6212
f 2675//6215 2712//6215 2658//6215
f 2712//6216 2681//6216 2658//6216
f 2652//6217 2684//6217 2683//6217
f 2703//6218 2693//6218 2649//6218
f 2710//6219 2684//6219 2652//6219
f 2719//6220 2159//6220 2158//6220
f 2672//6221 2719//6221 2158//6221
f 2691//6222 2642//6222 2615//6222
f 2589//6223 2722//6223 2590//6223
f 2722//6224 2680//6224 2590//6224
f 2425//6225 2686//6225 2639//6225
f 2692//6226 2723//6226 2691//6226
f 2723//6227 2642//6227 2691//6227
f 2724//6228 2702//6228 2673//6228
f 2680//6229 2724//6229 2673//6229
f 2719//6230 2160//6230 2159//6230
f 2725//6231 2648//6231 2642//6231
f 2723//6232 2725//6232 2642//6232
f 2663//6233 2727//6233 2697//6233
f 2727//6234 2698//6234 2697//6234
f 2678//6235 2728//6235 2655//6235
f 2728//6236 2701//6236 2655//6236
f 2734//519 2633//519 2684//519
f 2709//6237 2734//6237 2684//6237
f 2710//6238 2709//6238 2684//6238
f 2712//6239 2735//6239 2681//6239
f 2735//6240 2685//6240 2681//6240
f 2736//6241 2737//6241 2663//6241
f 2737//6233 2727//6233 2663//6233
f 2738//6241 2736//6241 2663//6241
f 2662//6242 2738//6242 2663//6242
f 2698//6243 2740//6243 2700//6243
f 2740//6244 2705//6244 2700//6244
f 2727//6245 2741//6245 2698//6245
f 2741//6246 2740//6246 2698//6246
f 2737//6247 2741//6247 2727//6247
f 2742//6248 2692//6248 2693//6248
f 2703//6249 2742//6249 2693//6249
f 2722//6250 2743//6250 2680//6250
f 2743//6251 2744//6251 2680//6251
f 2744//6252 2724//6252 2680//6252
f 2425//6225 2687//6225 2686//6225
f 2695//6253 2687//6253 2425//6253
f 2589//6254 2743//6254 2722//6254
f 2725//6255 2672//6255 2648//6255
f 2589//6256 2744//6256 2743//6256
f 2685//6257 2747//6257 2678//6257
f 2747//6258 2728//6258 2678//6258
f 2006//511 2748//511 2589//511
f 2748//6259 2749//6259 2589//6259
f 2749//6260 2750//6260 2589//6260
f 2750//6261 2744//6261 2589//6261
f 2702//6262 2751//6262 2703//6262
f 2751//6263 2742//6263 2703//6263
f 2688//6264 2752//6264 2675//6264
f 2752//6265 2712//6265 2675//6265
f 2735//6266 2747//6266 2685//6266
f 2756//6267 2723//6267 2692//6267
f 2742//6268 2756//6268 2692//6268
f 2708//6269 2757//6269 2709//6269
f 2758//6270 2734//6270 2709//6270
f 2757//6271 2758//6271 2709//6271
f 2758//519 2633//519 2734//519
f 2756//6272 2759//6272 2723//6272
f 2760//6273 2725//6273 2723//6273
f 2759//6274 2760//6274 2723//6274
f 2695//6275 2694//6275 2687//6275
f 2694//6276 2688//6276 2687//6276
f 2762//6277 2757//6277 2708//6277
f 2704//6278 2762//6278 2708//6278
f 2763//6279 2719//6279 2672//6279
f 2725//6280 2763//6280 2672//6280
f 2705//6281 2762//6281 2704//6281
f 2724//6282 2764//6282 2702//6282
f 2764//6283 2751//6283 2702//6283
f 2765//6284 2762//6284 2705//6284
f 2740//6285 2765//6285 2705//6285
f 2719//6286 2769//6286 2160//6286
f 2769//6287 2161//6287 2160//6287
f 2741//6288 2765//6288 2740//6288
f 2751//6289 2776//6289 2742//6289
f 2776//6290 2756//6290 2742//6290
f 2777//6291 2765//6291 2741//6291
f 2737//6292 2777//6292 2741//6292
f 2779//6293 2738//6293 2662//6293
f 2780//6293 2779//6293 2662//6293
f 2701//6294 2780//6294 2662//6294
f 2452//6295 2553//6295 2449//6295
f 2736//6296 2781//6296 2737//6296
f 2781//6297 2777//6297 2737//6297
f 2750//6298 2724//6298 2744//6298
f 2783//6299 2735//6299 2712//6299
f 2784//6300 2783//6300 2712//6300
f 2752//6301 2785//6301 2712//6301
f 2785//6300 2784//6300 2712//6300
f 2786//6302 2763//6302 2725//6302
f 2760//6303 2786//6303 2725//6303
f 2788//6304 2553//6304 2452//6304
f 2451//6305 2788//6305 2452//6305
f 2788//6306 2789//6306 2553//6306
f 2789//6307 1289//6307 2553//6307
f 2750//6308 2749//6308 2724//6308
f 2749//6309 2764//6309 2724//6309
f 2694//6310 2799//6310 2688//6310
f 2799//6311 2800//6311 2688//6311
f 2801//6312 2752//6312 2688//6312
f 2802//6313 2801//6313 2688//6313
f 2800//6314 2802//6314 2688//6314
f 2803//6315 2769//6315 2719//6315
f 2763//6316 2803//6316 2719//6316
f 2804//6317 2759//6317 2756//6317
f 2776//6318 2804//6318 2756//6318
f 2805//6319 1290//6319 1289//6319
f 2789//6320 2805//6320 1289//6320
f 1049//6321 2799//6321 1050//6321
f 2799//6322 2694//6322 1050//6322
f 2807//6323 2760//6323 2759//6323
f 2804//6324 2807//6324 2759//6324
f 2764//6325 2808//6325 2751//6325
f 2808//6326 2776//6326 2751//6326
f 2809//6327 2780//6327 2701//6327
f 2810//6327 2809//6327 2701//6327
f 2728//6328 2810//6328 2701//6328
f 2738//6296 2781//6296 2736//6296
f 2817//6329 2747//6329 2735//6329
f 2818//6330 2817//6330 2735//6330
f 2783//6331 2818//6331 2735//6331
f 2801//6332 2785//6332 2752//6332
f 2830//6333 2810//6333 2728//6333
f 2747//6334 2830//6334 2728//6334
f 2817//6335 2830//6335 2747//6335
f 2832//6336 2786//6336 2760//6336
f 2807//6337 2832//6337 2760//6337
f 2749//6338 2833//6338 2764//6338
f 2833//6339 2834//6339 2764//6339
f 2834//6339 2835//6339 2764//6339
f 2835//6340 2808//6340 2764//6340
f 2769//6287 2050//6287 2161//6287
f 2836//6341 2803//6341 2763//6341
f 2786//6342 2836//6342 2763//6342
f 2837//6343 2804//6343 2776//6343
f 2808//6344 2837//6344 2776//6344
f 2748//6345 2833//6345 2749//6345
f 1048//6346 2800//6346 1049//6346
f 2800//6347 2799//6347 1049//6347
f 2841//6348 2807//6348 2804//6348
f 2837//6349 2841//6349 2804//6349
f 2748//6350 2834//6350 2833//6350
f 2843//6296 2781//6296 2738//6296
f 2779//6351 2843//6351 2738//6351
f 2748//6352 2835//6352 2834//6352
f 2006//6353 2845//6353 2748//6353
f 2845//6354 2846//6354 2748//6354
f 2846//6354 2835//6354 2748//6354
f 2801//6355 2784//6355 2785//6355
f 2852//6356 1060//6356 2050//6356
f 2769//6357 2852//6357 2050//6357
f 2835//6358 2846//6358 2808//6358
f 2853//6359 2837//6359 2808//6359
f 2846//6360 2845//6360 2808//6360
f 2845//6361 2854//6361 2808//6361
f 2854//6361 2853//6361 2808//6361
f 2780//6351 2843//6351 2779//6351
f 2856//6362 2832//6362 2807//6362
f 2841//6363 2856//6363 2807//6363
f 2857//6364 2836//6364 2786//6364
f 2832//6365 2857//6365 2786//6365
f 2801//6366 2783//6366 2784//6366
f 2853//6367 2841//6367 2837//6367
f 2862//6368 2841//6368 2853//6368
f 2854//6369 2862//6369 2853//6369
f 2863//6370 2852//6370 2769//6370
f 2864//6371 2863//6371 2769//6371
f 2803//6372 2864//6372 2769//6372
f 2845//6369 2862//6369 2854//6369
f 2893//6373 2856//6373 2841//6373
f 2862//6374 2893//6374 2841//6374
f 2809//6375 2843//6375 2780//6375
f 2897//6376 2857//6376 2832//6376
f 2856//6377 2897//6377 2832//6377
f 2898//6378 2845//6378 2006//6378
f 1971//6379 2899//6379 2006//6379
f 2899//6380 2900//6380 2006//6380
f 2900//6381 2898//6381 2006//6381
f 2898//6382 2862//6382 2845//6382
f 2900//6383 2862//6383 2898//6383
f 2901//6384 2864//6384 2803//6384
f 2836//6385 2901//6385 2803//6385
f 2899//6386 2862//6386 2900//6386
f 2810//6387 2843//6387 2809//6387
f 2902//6388 2903//6388 1971//6388
f 1643//6389 2902//6389 1971//6389
f 2903//6390 2904//6390 1971//6390
f 2904//6391 2899//6391 1971//6391
f 2904//6392 2893//6392 2862//6392
f 2899//6393 2904//6393 2862//6393
f 2801//6394 2818//6394 2783//6394
f 2903//6395 2893//6395 2904//6395
f 2801//6396 2817//6396 2818//6396
f 2448//6397 2906//6397 2451//6397
f 2906//6398 2788//6398 2451//6398
f 2907//6399 2906//6399 2448//6399
f 2631//6400 2908//6400 2448//6400
f 2908//6401 2909//6401 2448//6401
f 2909//6399 2907//6399 2448//6399
f 2893//6402 2897//6402 2856//6402
f 2902//6403 2893//6403 2903//6403
f 2914//6404 2901//6404 2836//6404
f 2857//6405 2914//6405 2836//6405
f 2830//6406 2843//6406 2810//6406
f 2817//6407 2843//6407 2830//6407
f 2915//6408 2916//6408 1643//6408
f 2916//6409 2902//6409 1643//6409
f 2917//6410 2915//6410 1643//6410
f 1644//6411 2917//6411 1643//6411
f 2902//6412 2897//6412 2893//6412
f 2916//6413 2897//6413 2902//6413
f 2801//6414 2843//6414 2817//6414
f 2923//6415 2857//6415 2897//6415
f 2916//6416 2923//6416 2897//6416
f 2929//6417 2914//6417 2857//6417
f 2923//6418 2929//6418 2857//6418
f 2915//6419 2923//6419 2916//6419
f 2915//6420 2917//6420 2923//6420
f 2934//6421 2929//6421 2923//6421
f 2917//6422 2934//6422 2923//6422
f 2936//6423 2917//6423 1644//6423
f 1860//6424 2936//6424 1644//6424
f 2936//6425 2934//6425 2917//6425
f 2852//6426 1059//6426 1060//6426
f 2941//6427 2929//6427 2934//6427
f 2936//6428 2941//6428 2934//6428
f 1860//6429 2942//6429 2936//6429
f 2942//6430 2941//6430 2936//6430
f 1047//6431 2800//6431 1048//6431
f 2954//517 2942//517 1860//517
f 2953//517 2954//517 1860//517
f 2954//6432 2941//6432 2942//6432
f 2954//6432 2955//6432 2941//6432
f 2955//6432 2929//6432 2941//6432
f 2955//6433 2956//6433 2929//6433
f 2956//6434 2914//6434 2929//6434
f 2956//6434 2957//6434 2914//6434
f 2957//6434 2901//6434 2914//6434
f 2957//6434 2958//6434 2901//6434
f 2958//6435 2864//6435 2901//6435
f 2958//6435 2959//6435 2864//6435
f 2959//6435 2863//6435 2864//6435
f 2959//6435 2960//6435 2863//6435
f 2960//6436 2852//6436 2863//6436
f 2960//6437 2961//6437 2852//6437
f 2961//6438 1059//6438 2852//6438
f 2962//6439 1029//6439 1059//6439
f 2961//6438 2962//6438 1059//6438
f 2991//519 2633//519 2758//519
f 2757//6440 2991//6440 2758//6440
f 1046//6441 2801//6441 1047//6441
f 2801//6442 2802//6442 1047//6442
f 2802//6443 2800//6443 1047//6443
f 2907//6444 2788//6444 2906//6444
f 2909//6445 3038//6445 2907//6445
f 3038//6446 2788//6446 2907//6446
f 2762//6447 3048//6447 2757//6447
f 3048//6448 2991//6448 2757//6448
f 3049//6449 2789//6449 2788//6449
f 3038//6450 3049//6450 2788//6450
f 2228//1842 2235//1842 2148//1842
f 3051//511 2234//511 2235//511
f 2228//1842 3051//1842 2235//1842
f 2765//6451 3052//6451 2762//6451
f 3052//6452 3053//6452 2762//6452
f 3053//6453 3054//6453 2762//6453
f 3054//6454 3048//6454 2762//6454
f 2777//6455 3052//6455 2765//6455
f 2843//6456 3063//6456 2777//6456
f 2781//6297 2843//6297 2777//6297
f 3063//6457 3052//6457 2777//6457
f 3049//6458 3067//6458 2789//6458
f 3067//6459 2805//6459 2789//6459
f 1291//6319 1290//6319 2805//6319
f 3067//6460 1291//6460 2805//6460
f 1045//6461 3116//6461 1046//6461
f 3116//6462 2801//6462 1046//6462
f 1044//6463 3118//6463 1045//6463
f 3118//6464 3116//6464 1045//6464
f 3120//6465 3121//6465 2843//6465
f 3122//6466 3120//6466 2843//6466
f 3123//6467 3124//6467 2843//6467
f 3125//6468 3123//6468 2843//6468
f 3121//6468 3125//6468 2843//6468
f 3116//6469 3122//6469 2843//6469
f 2801//6470 3116//6470 2843//6470
f 3124//6471 3063//6471 2843//6471
f 3118//6472 3122//6472 3116//6472
f 3133//197 3134//197 2228//197
f 3134//1258 3051//1258 2228//1258
f 3135//511 2234//511 3051//511
f 3134//1258 3135//1258 3051//1258
f 3137//6473 2991//6473 3048//6473
f 3054//6474 3137//6474 3048//6474
f 3137//519 2633//519 2991//519
f 3118//6475 3120//6475 3122//6475
f 1044//6476 3120//6476 3118//6476
f 3146//197 3147//197 3134//197
f 3133//197 3146//197 3134//197
f 3147//6477 3135//6477 3134//6477
f 3148//511 3149//511 3135//511
f 3149//511 2234//511 3135//511
f 3147//6477 3148//6477 3135//6477
f 3153//519 3154//519 3155//519
f 3156//519 3153//519 3155//519
f 3154//4024 2624//4024 3155//4024
f 2624//4024 2623//4024 3155//4024
f 2623//4023 3156//4023 3155//4023
f 2636//4023 3156//4023 2623//4023
f 2908//6478 3038//6478 2909//6478
f 3157//1974 3158//1974 3154//1974
f 3158//1974 2624//1974 3154//1974
f 3153//519 3157//519 3154//519
f 2636//4034 3159//4034 3156//4034
f 3159//519 3153//519 3156//519
f 3158//519 2625//519 2624//519
f 2635//4034 3159//4034 2636//4034
f 3160//510 3161//510 3147//510
f 3161//510 3148//510 3147//510
f 3162//197 3160//197 3147//197
f 3146//197 3162//197 3147//197
f 3161//510 3163//510 3148//510
f 3163//510 3164//510 3148//510
f 3164//2888 3149//2888 3148//2888
f 3163//6479 3165//6479 3164//6479
f 3165//6480 3166//6480 3164//6480
f 3166//6481 3167//6481 3164//6481
f 3167//2888 3149//2888 3164//2888
f 3169//6482 3170//6482 3161//6482
f 3170//1267 3163//1267 3161//1267
f 3171//6479 3165//6479 3163//6479
f 3170//6483 3171//6483 3163//6483
f 3173//517 3172//517 3160//517
f 3162//197 3173//197 3160//197
f 1043//6484 3120//6484 1044//6484
f 3049//6485 3175//6485 3067//6485
f 3175//6486 1292//6486 3067//6486
f 1292//6487 1291//6487 3067//6487
f 1043//6488 3121//6488 3120//6488
f 1042//6489 3121//6489 1043//6489
f 3174//6490 3176//6490 3169//6490
f 3176//6491 3170//6491 3169//6491
f 3176//6492 3177//6492 3170//6492
f 3177//6493 3171//6493 3170//6493
f 3180//511 2234//511 3149//511
f 3167//1071 3180//1071 3149//1071
f 3166//6494 3181//6494 3167//6494
f 3181//6495 3182//6495 3167//6495
f 3182//1071 3180//1071 3167//1071
f 3183//6496 3177//6496 3176//6496
f 3174//6497 3183//6497 3176//6497
f 3184//519 2633//519 3137//519
f 3054//6498 3184//6498 3137//6498
f 3171//6499 3186//6499 3165//6499
f 3186//6500 3187//6500 3165//6500
f 3187//6500 3166//6500 3165//6500
f 3188//6499 3186//6499 3171//6499
f 3177//6501 3188//6501 3171//6501
f 2233//6502 2234//6502 3133//6502
f 2234//6502 3146//6502 3133//6502
f 3193//4046 3194//4046 3157//4046
f 3194//4046 3158//4046 3157//4046
f 3153//519 3193//519 3157//519
f 2635//4047 3195//4047 3159//4047
f 3195//519 3153//519 3159//519
f 3196//519 2625//519 3158//519
f 2633//519 3196//519 3158//519
f 3194//519 2633//519 3158//519
f 2634//4047 3195//4047 2635//4047
f 3187//6503 3200//6503 3166//6503
f 3200//6503 3181//6503 3166//6503
f 3201//6504 3188//6504 3177//6504
f 3183//6496 3202//6496 3177//6496
f 3202//6505 3201//6505 3177//6505
f 3172//6506 3183//6506 3174//6506
f 2234//519 3162//519 3146//519
f 3180//511 3203//511 2234//511
f 3204//6507 3202//6507 3183//6507
f 3172//6508 3204//6508 3183//6508
f 3212//197 3213//197 3172//197
f 3213//6509 3204//6509 3172//6509
f 3188//6510 3229//6510 3186//6510
f 3229//6511 3230//6511 3186//6511
f 3230//6511 3187//6511 3186//6511
f 3231//6510 3229//6510 3188//6510
f 3201//6512 3231//6512 3188//6512
f 3182//6513 3203//6513 3180//6513
f 3181//6514 3232//6514 3182//6514
f 3232//6515 3233//6515 3182//6515
f 3233//6513 3203//6513 3182//6513
f 3234//6516 3202//6516 3204//6516
f 3213//6517 3234//6517 3204//6517
f 3230//6518 3241//6518 3187//6518
f 3241//6518 3200//6518 3187//6518
f 3242//6519 3231//6519 3201//6519
f 3202//6505 3243//6505 3201//6505
f 3243//6520 3242//6520 3201//6520
f 2631//6521 3245//6521 2908//6521
f 3245//6522 3038//6522 2908//6522
f 1042//6523 3125//6523 3121//6523
f 3212//6524 3246//6524 3213//6524
f 3246//6525 3234//6525 3213//6525
f 3246//6526 3247//6526 3234//6526
f 3247//6527 3202//6527 3234//6527
f 3293//6528 3294//6528 3038//6528
f 3245//6529 3293//6529 3038//6529
f 3294//6530 3049//6530 3038//6530
f 3295//555 3296//555 3193//555
f 3296//555 3194//555 3193//555
f 3153//519 3295//519 3193//519
f 3297//519 3298//519 3153//519
f 3298//519 3299//519 3153//519
f 3299//519 3300//519 3153//519
f 3195//519 3297//519 3153//519
f 3300//519 3295//519 3153//519
f 2634//4053 3297//4053 3195//4053
f 3296//519 2633//519 3194//519
f 2638//4053 3297//4053 2634//4053
f 3200//6531 3301//6531 3181//6531
f 3301//6531 3232//6531 3181//6531
f 3247//6532 3243//6532 3202//6532
f 1041//6533 3123//6533 3125//6533
f 1042//6534 1041//6534 3125//6534
f 3339//6535 3175//6535 3049//6535
f 3294//6536 3339//6536 3049//6536
f 3231//6537 3359//6537 3229//6537
f 3359//6538 3360//6538 3229//6538
f 3360//6538 3230//6538 3229//6538
f 3361//6537 3359//6537 3231//6537
f 3242//6539 3361//6539 3231//6539
f 3365//6467 3366//6467 3124//6467
f 3123//6540 3365//6540 3124//6540
f 3367//6541 3063//6541 3124//6541
f 3366//6542 3367//6542 3124//6542
f 3367//6543 3052//6543 3063//6543
f 3367//6544 3368//6544 3052//6544
f 3368//6545 3369//6545 3052//6545
f 3369//6546 3053//6546 3052//6546
f 3371//6547 3054//6547 3053//6547
f 3369//6548 3371//6548 3053//6548
f 3371//6549 3184//6549 3054//6549
f 3339//6550 1292//6550 3175//6550
f 3241//6551 3377//6551 3200//6551
f 3377//6551 3301//6551 3200//6551
f 3378//6520 3242//6520 3243//6520
f 3247//6532 3379//6532 3243//6532
f 3379//6552 3378//6552 3243//6552
f 3360//6553 3384//6553 3230//6553
f 3384//6554 3241//6554 3230//6554
f 3385//6539 3361//6539 3242//6539
f 3378//6555 3385//6555 3242//6555
f 1054//6556 3388//6556 1041//6556
f 3388//6557 3123//6557 1041//6557
f 3233//519 3422//519 3203//519
f 3232//519 3422//519 3233//519
f 3424//517 3425//517 3212//517
f 3423//517 3424//517 3212//517
f 3425//517 3246//517 3212//517
f 3425//517 3247//517 3246//517
f 3300//4077 3427//4077 3295//4077
f 3427//4077 3296//4077 3295//4077
f 2638//4078 3298//4078 3297//4078
f 3427//519 2633//519 3296//519
f 2637//4078 3298//4078 2638//4078
f 3428//5393 1293//5393 1292//5393
f 3339//6558 3428//6558 1292//6558
f 2631//6559 3439//6559 3245//6559
f 3439//6560 3293//6560 3245//6560
f 3301//519 3422//519 3232//519
f 3425//517 3379//517 3247//517
f 3384//6561 3479//6561 3241//6561
f 3479//6561 3377//6561 3241//6561
f 3480//6555 3385//6555 3378//6555
f 3379//6552 3481//6552 3378//6552
f 3481//6562 3480//6562 3378//6562
f 2631//6563 3490//6563 3439//6563
f 3490//6564 3293//6564 3439//6564
f 2630//6565 3491//6565 2631//6565
f 3491//6566 3492//6566 2631//6566
f 3492//6567 3490//6567 2631//6567
f 3299//6568 3502//6568 3300//6568
f 3502//6568 3427//6568 3300//6568
f 2637//6569 3299//6569 3298//6569
f 3502//519 2633//519 3427//519
f 2633//519 3502//519 2637//519
f 3502//6569 3299//6569 2637//6569
f 3361//6570 3507//6570 3359//6570
f 3507//6571 3508//6571 3359//6571
f 3508//6571 3360//6571 3359//6571
f 3509//6570 3507//6570 3361//6570
f 3385//6572 3509//6572 3361//6572
f 3388//6573 3365//6573 3123//6573
f 3377//519 3422//519 3301//519
f 3425//517 3481//517 3379//517
f 3516//6574 3366//6574 3365//6574
f 3388//6575 3516//6575 3365//6575
f 3517//6576 3293//6576 3490//6576
f 3492//6577 3517//6577 3490//6577
f 1054//6578 3521//6578 3388//6578
f 3521//6579 3516//6579 3388//6579
f 3508//6580 3522//6580 3360//6580
f 3522//6581 3384//6581 3360//6581
f 3523//6572 3509//6572 3385//6572
f 3480//6582 3523//6582 3385//6582
f 3517//6583 3525//6583 3293//6583
f 3525//6584 3294//6584 3293//6584
f 3541//6585 3542//6585 3294//6585
f 3525//6586 3541//6586 3294//6586
f 3542//6587 3339//6587 3294//6587
f 3479//519 3422//519 3377//519
f 3547//6562 3480//6562 3481//6562
f 3425//517 3547//517 3481//517
f 3522//6588 3550//6588 3384//6588
f 3550//6588 3479//6588 3384//6588
f 3551//6589 3523//6589 3480//6589
f 3547//6590 3551//6590 3480//6590
f 3554//519 2633//519 3184//519
f 3371//6591 3554//6591 3184//6591
f 3542//6592 3428//6592 3339//6592
f 3577//6593 1293//6593 3428//6593
f 3542//6594 3577//6594 3428//6594
f 1054//6595 3660//6595 3521//6595
f 3660//6596 3661//6596 3521//6596
f 3661//6597 3516//6597 3521//6597
f 3577//6598 1294//6598 1293//6598
f 3661//6599 3667//6599 3516//6599
f 3667//6600 3668//6600 3516//6600
f 3668//6601 3669//6601 3516//6601
f 3669//6602 3670//6602 3516//6602
f 3670//6603 3671//6603 3516//6603
f 3671//6604 3672//6604 3516//6604
f 3672//6605 3673//6605 3516//6605
f 3673//6606 3366//6606 3516//6606
f 3673//6607 3674//6607 3366//6607
f 3674//6608 3675//6608 3366//6608
f 3675//6609 3676//6609 3366//6609
f 3677//6610 3678//6610 3366//6610
f 3679//6611 3677//6611 3366//6611
f 3676//6612 3679//6612 3366//6612
f 3678//6613 3367//6613 3366//6613
f 3509//6614 3698//6614 3507//6614
f 3698//6615 3699//6615 3507//6615
f 3699//6615 3508//6615 3507//6615
f 3700//6616 3698//6616 3509//6616
f 3523//6617 3700//6617 3509//6617
f 3699//6618 3746//6618 3508//6618
f 3746//6619 3747//6619 3508//6619
f 3747//6620 3522//6620 3508//6620
f 3748//6621 3700//6621 3523//6621
f 3551//6622 3748//6622 3523//6622
f 3550//519 3422//519 3479//519
f 3759//6590 3551//6590 3547//6590
f 3425//517 3759//517 3547//517
f 3491//6623 3517//6623 3492//6623
f 3747//6624 3807//6624 3522//6624
f 3807//6625 3808//6625 3522//6625
f 3808//6626 3550//6626 3522//6626
f 3809//6622 3748//6622 3551//6622
f 3759//6627 3809//6627 3551//6627
f 3491//6628 3818//6628 3517//6628
f 3818//6623 3525//6623 3517//6623
f 3818//6629 3823//6629 3525//6629
f 3823//6629 3541//6629 3525//6629
f 3826//6630 3667//6630 3661//6630
f 3660//6631 3826//6631 3661//6631
f 3700//6632 3832//6632 3698//6632
f 3832//6633 3833//6633 3698//6633
f 3833//6634 3699//6634 3698//6634
f 3833//6635 3746//6635 3699//6635
f 3838//519 2633//519 3554//519
f 3371//6636 3839//6636 3554//6636
f 3839//6637 3838//6637 3554//6637
f 3369//6638 3839//6638 3371//6638
f 3841//6639 3747//6639 3746//6639
f 3833//6640 3841//6640 3746//6640
f 3823//6641 3843//6641 3541//6641
f 3843//6641 3542//6641 3541//6641
f 3841//6642 3807//6642 3747//6642
f 3872//519 3873//519 3550//519
f 3873//519 3422//519 3550//519
f 3808//6626 3872//6626 3550//6626
f 3874//6627 3809//6627 3759//6627
f 3425//517 3874//517 3759//517
f 3875//6643 3808//6643 3807//6643
f 3841//6644 3875//6644 3807//6644
f 3843//6645 3577//6645 3542//6645
f 3888//6646 3872//6646 3808//6646
f 3875//6647 3888//6647 3808//6647
f 3889//6648 3667//6648 3826//6648
f 3890//6649 3889//6649 3826//6649
f 3660//6650 3890//6650 3826//6650
f 3892//6651 3893//6651 3700//6651
f 3893//6652 3832//6652 3700//6652
f 3748//6653 3892//6653 3700//6653
f 3899//6653 3892//6653 3748//6653
f 3809//6654 3899//6654 3748//6654
f 3843//6645 3900//6645 3577//6645
f 3900//6645 1294//6645 3577//6645
f 3904//6655 3905//6655 3678//6655
f 3677//6656 3904//6656 3678//6656
f 3906//6657 3367//6657 3678//6657
f 3905//6658 3906//6658 3678//6658
f 3907//6659 3908//6659 3367//6659
f 3908//6660 3909//6660 3367//6660
f 3909//6661 3368//6661 3367//6661
f 3906//6659 3907//6659 3367//6659
f 1054//6662 3890//6662 3660//6662
f 3909//6663 3910//6663 3368//6663
f 3910//6664 3911//6664 3368//6664
f 3911//6664 3912//6664 3368//6664
f 3912//6665 3369//6665 3368//6665
f 3912//6666 3915//6666 3369//6666
f 3915//6667 3916//6667 3369//6667
f 3916//6668 3839//6668 3369//6668
f 3888//6669 3873//6669 3872//6669
f 3916//6670 3921//6670 3839//6670
f 3921//6671 3838//6671 3839//6671
f 3924//6654 3899//6654 3809//6654
f 3874//6672 3924//6672 3809//6672
f 3893//6673 3833//6673 3832//6673
f 1054//6674 3953//6674 3890//6674
f 3953//6675 3889//6675 3890//6675
f 3961//6672 3924//6672 3874//6672
f 3425//517 3961//517 3874//517
f 3993//6676 3893//6676 3892//6676
f 3994//6677 3993//6677 3892//6677
f 3995//6678 3994//6678 3892//6678
f 3996//6679 3995//6679 3892//6679
f 3899//6680 3996//6680 3892//6680
f 3993//6681 3833//6681 3893//6681
f 3994//6673 3833//6673 3993//6673
f 3998//6682 3999//6682 3899//6682
f 3999//6683 3996//6683 3899//6683
f 3924//6682 3998//6682 3899//6682
f 4000//6684 3841//6684 3833//6684
f 4001//6685 4000//6685 3833//6685
f 3994//6686 4001//6686 3833//6686
f 4003//6687 3875//6687 3841//6687
f 4004//6688 4003//6688 3841//6688
f 4000//6689 4004//6689 3841//6689
f 4016//6690 4017//6690 3924//6690
f 4017//6682 3998//6682 3924//6682
f 3961//6690 4016//6690 3924//6690
f 4021//6691 3888//6691 3875//6691
f 4022//6692 4021//6692 3875//6692
f 4023//6693 4022//6693 3875//6693
f 4003//6694 4023//6694 3875//6694
f 4021//6695 3873//6695 3888//6695
f 3425//6690 4016//6690 3961//6690
f 4022//6696 3873//6696 4021//6696
f 3995//6697 4027//6697 3994//6697
f 4027//6698 4001//6698 3994//6698
f 4029//6699 3667//6699 3889//6699
f 3953//6700 4029//6700 3889//6700
f 2630//6701 4030//6701 3491//6701
f 4030//6702 3818//6702 3491//6702
f 4030//6703 4036//6703 3818//6703
f 4036//6704 4037//6704 3818//6704
f 4037//6704 3823//6704 3818//6704
f 3672//6705 4040//6705 3673//6705
f 4041//6706 3674//6706 3673//6706
f 4040//6706 4041//6706 3673//6706
f 4042//6707 3675//6707 3674//6707
f 4041//6708 4042//6708 3674//6708
f 3671//6709 4040//6709 3672//6709
f 4044//6699 3667//6699 4029//6699
f 4045//6710 4044//6710 4029//6710
f 3953//6711 4045//6711 4029//6711
f 4042//6712 3676//6712 3675//6712
f 4037//6713 4046//6713 3823//6713
f 4046//6713 3843//6713 3823//6713
f 4047//6714 4040//6714 3671//6714
f 3670//6715 4047//6715 3671//6715
f 3669//6715 4047//6715 3670//6715
f 4048//6716 3679//6716 3676//6716
f 4042//6717 4048//6717 3676//6717
f 4050//519 2633//519 3838//519
f 3921//6718 4050//6718 3838//6718
f 1054//6719 4045//6719 3953//6719
f 4048//6720 4052//6720 3679//6720
f 4052//6721 3677//6721 3679//6721
f 4040//6706 4054//6706 4041//6706
f 4054//6708 4042//6708 4041//6708
f 4055//6722 4056//6722 4040//6722
f 4057//6723 4055//6723 4040//6723
f 4047//6724 4057//6724 4040//6724
f 4056//6706 4054//6706 4040//6706
f 4055//6725 4068//6725 4056//6725
f 4068//6726 4054//6726 4056//6726
f 4068//6726 4069//6726 4054//6726
f 4070//6727 4042//6727 4054//6727
f 4069//6728 4070//6728 4054//6728
f 4070//6729 4071//6729 4042//6729
f 4071//6730 4048//6730 4042//6730
f 2630//6701 4072//6701 4030//6701
f 4072//6703 4036//6703 4030//6703
f 3669//6731 4073//6731 4047//6731
f 4073//6732 4074//6732 4047//6732
f 4074//6733 4075//6733 4047//6733
f 4075//6734 4057//6734 4047//6734
f 2629//6735 4076//6735 2630//6735
f 4076//6736 4072//6736 2630//6736
f 4046//6737 4083//6737 3843//6737
f 4083//6737 3900//6737 3843//6737
f 4071//6738 4052//6738 4048//6738
f 3668//6739 4073//6739 3669//6739
f 4052//6740 3904//6740 3677//6740
f 3667//6741 4094//6741 3668//6741
f 4094//6742 4073//6742 3668//6742
f 4095//6743 3905//6743 3904//6743
f 4096//6744 4095//6744 3904//6744
f 4052//6745 4097//6745 3904//6745
f 4097//6746 4098//6746 3904//6746
f 4098//6747 4096//6747 3904//6747
f 4103//6748 4104//6748 4055//6748
f 4057//6749 4103//6749 4055//6749
f 4104//6750 4105//6750 4055//6750
f 4105//6751 4068//6751 4055//6751
f 4105//6752 4069//6752 4068//6752
f 4105//6752 4106//6752 4069//6752
f 4106//6753 4107//6753 4069//6753
f 4107//6754 4070//6754 4069//6754
f 4075//6755 4108//6755 4057//6755
f 4108//6756 4103//6756 4057//6756
f 4107//6757 4071//6757 4070//6757
f 4094//6758 4074//6758 4073//6758
f 4112//6759 3873//6759 4022//6759
f 4023//6760 4112//6760 4022//6760
f 4113//6761 4114//6761 4052//6761
f 4114//6762 4097//6762 4052//6762
f 4115//6763 4113//6763 4052//6763
f 4071//6764 4115//6764 4052//6764
f 4116//6765 4108//6765 4075//6765
f 4074//6766 4116//6766 4075//6766
f 4117//6767 4115//6767 4071//6767
f 4107//6768 4118//6768 4071//6768
f 4118//6769 4117//6769 4071//6769
f 4122//6770 4123//6770 4104//6770
f 4103//6771 4122//6771 4104//6771
f 4123//6772 4124//6772 4104//6772
f 4124//6773 4105//6773 4104//6773
f 4127//6774 4106//6774 4105//6774
f 4124//6774 4127//6774 4105//6774
f 4127//6775 4107//6775 4106//6775
f 4123//6776 4128//6776 4127//6776
f 4124//6776 4123//6776 4127//6776
f 4128//6777 4129//6777 4127//6777
f 4129//6778 4107//6778 4127//6778
f 4130//6779 4131//6779 4103//6779
f 4131//6780 4132//6780 4103//6780
f 4132//6781 4122//6781 4103//6781
f 4108//6782 4133//6782 4103//6782
f 4133//6783 4130//6783 4103//6783
f 3995//511 4134//511 4027//511
f 4134//6784 4001//6784 4027//6784
f 4135//511 4134//511 3995//511
f 4136//6785 4135//6785 3995//6785
f 3996//6786 4136//6786 3995//6786
f 4137//6787 4136//6787 3996//6787
f 3999//6788 4137//6788 3996//6788
f 3998//6789 4138//6789 3999//6789
f 4139//6790 4137//6790 3999//6790
f 4138//6791 4139//6791 3999//6791
f 4140//6792 4138//6792 3998//6792
f 4017//6793 4141//6793 3998//6793
f 4141//6794 4142//6794 3998//6794
f 4142//6795 4140//6795 3998//6795
f 4016//6796 4143//6796 4017//6796
f 4143//6797 4141//6797 4017//6797
f 4144//6798 4143//6798 4016//6798
f 4145//6799 4144//6799 4016//6799
f 3425//6800 4145//6800 4016//6800
f 3424//6801 4145//6801 3425//6801
f 4134//6802 4146//6802 4001//6802
f 4146//6803 4147//6803 4001//6803
f 4147//6804 4000//6804 4001//6804
f 4147//6805 4148//6805 4000//6805
f 4148//6806 4004//6806 4000//6806
f 4094//6807 4149//6807 4074//6807
f 4149//6808 4150//6808 4074//6808
f 4150//6809 4116//6809 4074//6809
f 4129//6810 4151//6810 4107//6810
f 4151//6811 4152//6811 4107//6811
f 4152//6812 4118//6812 4107//6812
f 4148//6813 4153//6813 4004//6813
f 4153//6814 4003//6814 4004//6814
f 4154//6815 4155//6815 4003//6815
f 4155//6816 4023//6816 4003//6816
f 4153//6817 4156//6817 4003//6817
f 4156//6818 4154//6818 4003//6818
f 4155//6819 4157//6819 4023//6819
f 4157//6820 4158//6820 4023//6820
f 4158//6821 4112//6821 4023//6821
f 4159//6822 3873//6822 4112//6822
f 4158//6823 4160//6823 4112//6823
f 4160//6824 4159//6824 4112//6824
f 4161//6825 4162//6825 4123//6825
f 4122//6826 4161//6826 4123//6826
f 4162//6774 4128//6774 4123//6774
f 1054//6827 4163//6827 4045//6827
f 4163//6828 4044//6828 4045//6828
f 4164//6829 4161//6829 4122//6829
f 4132//6830 4165//6830 4122//6830
f 4165//6831 4164//6831 4122//6831
f 4167//6832 3873//6832 4159//6832
f 4168//6833 4167//6833 4159//6833
f 4160//6834 4169//6834 4159//6834
f 4169//6835 4168//6835 4159//6835
f 4134//510 4128//510 4162//510
f 4146//510 4134//510 4162//510
f 4170//510 4146//510 4162//510
f 4161//6836 4171//6836 4162//6836
f 4172//6837 4170//6837 4162//6837
f 4171//6838 4172//6838 4162//6838
f 4173//510 4146//510 4170//510
f 4172//6839 4173//6839 4170//6839
f 4147//510 4146//510 4173//510
f 4148//510 4147//510 4173//510
f 4153//6840 4148//6840 4173//6840
f 4172//6841 4153//6841 4173//6841
f 4135//510 4128//510 4134//510
f 4136//510 4128//510 4135//510
f 4137//510 4128//510 4136//510
f 4129//6842 4128//6842 4137//6842
f 4139//6843 4129//6843 4137//6843
f 4174//197 3905//197 4095//197
f 4096//197 4174//197 4095//197
f 4174//197 4175//197 3905//197
f 4175//6844 3906//6844 3905//6844
f 4138//6845 4152//6845 4139//6845
f 4151//6846 4129//6846 4139//6846
f 4152//6847 4151//6847 4139//6847
f 4175//6848 4176//6848 3906//6848
f 4176//6849 3907//6849 3906//6849
f 4098//197 4174//197 4096//197
f 4176//6850 3908//6850 3907//6850
f 4177//6851 3909//6851 3908//6851
f 4176//6852 4177//6852 3908//6852
f 4164//6853 4171//6853 4161//6853
f 4097//6854 4174//6854 4098//6854
f 4177//6855 3910//6855 3909//6855
f 4178//6856 4133//6856 4108//6856
f 4116//6857 4178//6857 4108//6857
f 4179//6858 3911//6858 3910//6858
f 4177//6859 4179//6859 3910//6859
f 4179//6860 3912//6860 3911//6860
f 4167//519 3422//519 3873//519
f 4179//6861 4182//6861 3912//6861
f 4182//6862 3915//6862 3912//6862
f 4172//6863 4156//6863 4153//6863
f 4182//6864 4183//6864 3915//6864
f 4183//6865 3916//6865 3915//6865
f 4184//519 3422//519 4167//519
f 4168//6866 4184//6866 4167//6866
f 4183//6867 4185//6867 3916//6867
f 4185//6868 3921//6868 3916//6868
f 4186//6869 4187//6869 4115//6869
f 4117//6870 4188//6870 4115//6870
f 4188//6871 4189//6871 4115//6871
f 4189//6872 4186//6872 4115//6872
f 4187//6873 4113//6873 4115//6873
f 4165//6874 4171//6874 4164//6874
f 4154//6875 4156//6875 4172//6875
f 4190//6876 4154//6876 4172//6876
f 4171//6877 4191//6877 4172//6877
f 4191//6878 4190//6878 4172//6878
f 4192//6879 4193//6879 4118//6879
f 4152//6880 4194//6880 4118//6880
f 4194//6881 4192//6881 4118//6881
f 4193//6882 4117//6882 4118//6882
f 4165//6883 4191//6883 4171//6883
f 4185//197 4050//197 3921//197
f 4195//519 2633//519 4050//519
f 4196//519 4195//519 4050//519
f 4185//197 4196//197 4050//197
f 4194//6884 4152//6884 4138//6884
f 4140//6885 4194//6885 4138//6885
f 4142//6886 4194//6886 4140//6886
f 4141//6887 4193//6887 4142//6887
f 4193//6888 4192//6888 4142//6888
f 4192//6889 4194//6889 4142//6889
f 4190//6890 4155//6890 4154//6890
f 4132//6891 4191//6891 4165//6891
f 4131//6892 4198//6892 4132//6892
f 4198//6893 4191//6893 4132//6893
f 4130//6894 4198//6894 4131//6894
f 4133//6895 4198//6895 4130//6895
f 4199//6896 4178//6896 4116//6896
f 4150//6897 4200//6897 4116//6897
f 4200//6898 4199//6898 4116//6898
f 4201//6899 4174//6899 4097//6899
f 4114//6900 4201//6900 4097//6900
f 4113//6900 4201//6900 4114//6900
f 4178//6901 4198//6901 4133//6901
f 4202//6902 4201//6902 4113//6902
f 4187//6903 4202//6903 4113//6903
f 4203//6904 4157//6904 4155//6904
f 4190//6905 4203//6905 4155//6905
f 4204//6906 4205//6906 4117//6906
f 4205//6907 4206//6907 4117//6907
f 4206//6908 4188//6908 4117//6908
f 4193//6909 4204//6909 4117//6909
f 4207//6910 4158//6910 4203//6910
f 4158//6911 4157//6911 4203//6911
f 4190//6912 4208//6912 4203//6912
f 4208//6913 4207//6913 4203//6913
f 4141//6914 4204//6914 4193//6914
f 4191//6915 4210//6915 4190//6915
f 4210//6916 4208//6916 4190//6916
f 4198//6917 4211//6917 4191//6917
f 4211//6918 4210//6918 4191//6918
f 4178//6919 4211//6919 4198//6919
f 4143//6920 4204//6920 4141//6920
f 4199//6921 4212//6921 4178//6921
f 4212//6922 4211//6922 4178//6922
f 4213//6923 4214//6923 4150//6923
f 4214//6924 4200//6924 4150//6924
f 4149//6925 4215//6925 4150//6925
f 4215//6926 4216//6926 4150//6926
f 4216//6927 4213//6927 4150//6927
f 4217//6928 4202//6928 4187//6928
f 4186//6929 4217//6929 4187//6929
f 4200//6930 4212//6930 4199//6930
f 4143//6931 4218//6931 4204//6931
f 4218//6932 4205//6932 4204//6932
f 4214//6933 4212//6933 4200//6933
f 4189//6934 4217//6934 4186//6934
f 4207//6935 4160//6935 4158//6935
f 4207//6936 4169//6936 4160//6936
f 4144//6937 4219//6937 4143//6937
f 4219//6938 4218//6938 4143//6938
f 3667//6939 4220//6939 4094//6939
f 4220//6940 4221//6940 4094//6940
f 4221//6941 4149//6941 4094//6941
f 4222//6942 4217//6942 4189//6942
f 4188//6943 4222//6943 4189//6943
f 4223//6944 4222//6944 4188//6944
f 4206//6945 4223//6945 4188//6945
f 4145//6946 4219//6946 4144//6946
f 4224//6947 4223//6947 4206//6947
f 4205//6948 4224//6948 4206//6948
f 4225//6949 4212//6949 4214//6949
f 4213//6950 4225//6950 4214//6950
f 4219//6951 4224//6951 4205//6951
f 4218//6952 4219//6952 4205//6952
f 4221//6953 4227//6953 4149//6953
f 4227//6954 4215//6954 4149//6954
f 4216//6955 4225//6955 4213//6955
f 4215//6956 4225//6956 4216//6956
f 4228//6957 4169//6957 4207//6957
f 4229//6958 4228//6958 4207//6958
f 4230//6959 4229//6959 4207//6959
f 4208//6960 4231//6960 4207//6960
f 4231//6961 4230//6961 4207//6961
f 4228//6962 4168//6962 4169//6962
f 3424//6963 4224//6963 4219//6963
f 4145//6964 3424//6964 4219//6964
f 4232//6965 4231//6965 4208//6965
f 4210//6966 4233//6966 4208//6966
f 4233//6967 4232//6967 4208//6967
f 4211//6968 4234//6968 4210//6968
f 4234//6969 4235//6969 4210//6969
f 4235//6970 4233//6970 4210//6970
f 4236//6971 4237//6971 4211//6971
f 4237//6971 4234//6971 4211//6971
f 4212//6972 4236//6972 4211//6972
f 4238//6973 4239//6973 4212//6973
f 4225//6974 4238//6974 4212//6974
f 4239//6975 4236//6975 4212//6975
f 4240//6976 4238//6976 4225//6976
f 4215//6977 4240//6977 4225//6977
f 4241//6978 4240//6978 4215//6978
f 4227//6979 4241//6979 4215//6979
f 4242//6980 4241//6980 4227//6980
f 4221//6981 4242//6981 4227//6981
f 4244//6982 4242//6982 4221//6982
f 4220//6983 4244//6983 4221//6983
f 4246//517 4224//517 3424//517
f 3423//517 4247//517 3424//517
f 4247//517 4248//517 3424//517
f 4248//517 4249//517 3424//517
f 4250//517 4251//517 3424//517
f 4252//517 4250//517 3424//517
f 4251//517 4253//517 3424//517
f 4253//517 4254//517 3424//517
f 4254//517 4246//517 3424//517
f 4249//517 4255//517 3424//517
f 4255//517 4256//517 3424//517
f 4256//517 4252//517 3424//517
f 4246//6984 4223//6984 4224//6984
f 4246//6985 4257//6985 4223//6985
f 4257//6986 4222//6986 4223//6986
f 4257//6987 4217//6987 4222//6987
f 4257//6988 4258//6988 4217//6988
f 4258//6989 4202//6989 4217//6989
f 4258//6990 4201//6990 4202//6990
f 4258//6991 4259//6991 4201//6991
f 4259//6992 4174//6992 4201//6992
f 4259//197 4175//197 4174//197
f 4228//6993 4184//6993 4168//6993
f 3667//6994 4244//6994 4220//6994
f 4260//6995 4184//6995 4228//6995
f 4229//6996 4260//6996 4228//6996
f 4261//6997 4260//6997 4229//6997
f 4230//6998 4261//6998 4229//6998
f 4262//6999 4261//6999 4230//6999
f 4231//7000 4262//7000 4230//7000
f 4263//7001 4262//7001 4231//7001
f 4232//7002 4263//7002 4231//7002
f 4264//7003 4263//7003 4232//7003
f 4233//7004 4264//7004 4232//7004
f 4265//7005 4264//7005 4233//7005
f 4235//7006 4265//7006 4233//7006
f 4266//7007 4265//7007 4235//7007
f 4234//7008 4266//7008 4235//7008
f 4237//7009 4266//7009 4234//7009
f 4236//7010 4267//7010 4237//7010
f 4267//7011 4266//7011 4237//7011
f 4239//7012 4268//7012 4236//7012
f 4268//7013 4267//7013 4236//7013
f 4238//7014 4269//7014 4239//7014
f 4269//7015 4268//7015 4239//7015
f 4240//7016 4270//7016 4238//7016
f 4270//7017 4271//7017 4238//7017
f 4271//7018 4269//7018 4238//7018
f 4241//7019 4270//7019 4240//7019
f 4242//7020 4272//7020 4241//7020
f 4272//7021 4270//7021 4241//7021
f 4244//7022 4273//7022 4242//7022
f 4273//7023 4272//7023 4242//7023
f 3667//7024 4274//7024 4244//7024
f 4274//7025 4273//7025 4244//7025
f 4044//6699 4275//6699 3667//6699
f 4275//7026 4274//7026 3667//7026
f 4076//7027 4276//7027 4072//7027
f 4276//7027 4036//7027 4072//7027
f 4163//7028 4275//7028 4044//7028
f 4278//7029 4037//7029 4036//7029
f 4279//7029 4278//7029 4036//7029
f 4276//7030 4279//7030 4036//7030
f 1054//6827 4281//6827 4163//6827
f 4281//7031 4275//7031 4163//7031
f 4297//7032 4274//7032 4275//7032
f 4281//7033 4297//7033 4275//7033
f 4304//7034 4046//7034 4037//7034
f 4278//7034 4304//7034 4037//7034
f 4309//7035 4273//7035 4274//7035
f 4297//7036 4309//7036 4274//7036
f 4281//7037 4309//7037 4297//7037
f 4313//7038 4083//7038 4046//7038
f 4304//7039 4313//7039 4046//7039
f 4254//7040 4257//7040 4246//7040
f 4317//7041 4258//7041 4257//7041
f 4254//7040 4317//7040 4257//7040
f 4318//7042 4259//7042 4258//7042
f 4317//7041 4318//7041 4258//7041
f 4319//7043 4175//7043 4259//7043
f 4320//7043 4319//7043 4259//7043
f 4318//7042 4320//7042 4259//7042
f 4319//7044 4176//7044 4175//7044
f 4321//7044 4177//7044 4176//7044
f 4319//7044 4321//7044 4176//7044
f 4321//7045 4179//7045 4177//7045
f 4322//7045 4182//7045 4179//7045
f 4321//7045 4322//7045 4179//7045
f 4322//7046 4183//7046 4182//7046
f 4323//7046 4185//7046 4183//7046
f 4322//7046 4323//7046 4183//7046
f 4323//7043 4196//7043 4185//7043
f 4324//519 4195//519 4196//519
f 4323//7047 4324//7047 4196//7047
f 1054//7048 4328//7048 4281//7048
f 4328//7049 4309//7049 4281//7049
f 4313//7038 4332//7038 4083//7038
f 4309//7050 4349//7050 4273//7050
f 4350//7051 4272//7051 4273//7051
f 4349//7052 4350//7052 4273//7052
f 4350//7053 4270//7053 4272//7053
f 4350//7054 4351//7054 4270//7054
f 4351//7055 4271//7055 4270//7055
f 4351//7055 4269//7055 4271//7055
f 4352//7056 4268//7056 4269//7056
f 4351//7057 4352//7057 4269//7057
f 4352//7058 4267//7058 4268//7058
f 4353//7059 4266//7059 4267//7059
f 4352//7060 4353//7060 4267//7060
f 4353//7061 4265//7061 4266//7061
f 4353//7062 4354//7062 4265//7062
f 4354//7063 4264//7063 4265//7063
f 4354//7064 4263//7064 4264//7064
f 4354//7065 4355//7065 4263//7065
f 4355//7066 4262//7066 4263//7066
f 4355//7067 4261//7067 4262//7067
f 4356//7068 4349//7068 4309//7068
f 4328//7069 4356//7069 4309//7069
f 4355//7070 4357//7070 4261//7070
f 4357//7071 4260//7071 4261//7071
f 4357//7072 4358//7072 4260//7072
f 4358//7073 4184//7073 4260//7073
f 4358//7074 4359//7074 3422//7074
f 4184//7075 4358//7075 3422//7075
f 4322//7076 4364//7076 4323//7076
f 4364//7076 4365//7076 4323//7076
f 4365//7077 4324//7077 4323//7077
f 2629//7078 4367//7078 4076//7078
f 4367//7079 4276//7079 4076//7079
f 4253//7080 4317//7080 4254//7080
f 4371//7081 4364//7081 4322//7081
f 4321//7081 4371//7081 4322//7081
f 4253//7080 4373//7080 4317//7080
f 4373//7082 4318//7082 4317//7082
f 4367//7083 4384//7083 4276//7083
f 4384//7084 4385//7084 4276//7084
f 4385//7085 4279//7085 4276//7085
f 4385//7086 4278//7086 4279//7086
f 4388//7087 4371//7087 4321//7087
f 4319//7087 4388//7087 4321//7087
f 4373//7082 4389//7082 4318//7082
f 4389//7088 4320//7088 4318//7088
f 4388//7089 4319//7089 4320//7089
f 4392//7089 4388//7089 4320//7089
f 4389//7088 4392//7088 4320//7088
f 4408//7090 4409//7090 4356//7090
f 4409//7091 4349//7091 4356//7091
f 4410//7092 4408//7092 4356//7092
f 4328//7093 4410//7093 4356//7093
f 1054//7094 4410//7094 4328//7094
f 2629//7095 4384//7095 4367//7095
f 2628//7096 4412//7096 2629//7096
f 4412//7097 4384//7097 2629//7097
f 1054//7098 4413//7098 4410//7098
f 4413//7099 4408//7099 4410//7099
f 4412//7100 4385//7100 4384//7100
f 4415//7101 4304//7101 4278//7101
f 4385//7102 4415//7102 4278//7102
f 4409//7052 4350//7052 4349//7052
f 4409//7103 4416//7103 4350//7103
f 4416//7104 4417//7104 4350//7104
f 4417//7105 4351//7105 4350//7105
f 4418//7106 4352//7106 4351//7106
f 4417//7107 4418//7107 4351//7107
f 4408//7108 4420//7108 4409//7108
f 4420//7109 4416//7109 4409//7109
f 4430//7110 4353//7110 4352//7110
f 4418//7111 4430//7111 4352//7111
f 4431//7112 4313//7112 4304//7112
f 4415//7113 4431//7113 4304//7113
f 4431//7114 4332//7114 4313//7114
f 4432//7108 4420//7108 4408//7108
f 4433//7115 4432//7115 4408//7115
f 4413//7116 4433//7116 4408//7116
f 4430//7117 4354//7117 4353//7117
f 4364//7118 4434//7118 4365//7118
f 4434//7118 4435//7118 4365//7118
f 4435//4095 4324//4095 4365//4095
f 4436//519 4437//519 4324//519
f 4437//519 4438//519 4324//519
f 4438//519 4195//519 4324//519
f 4435//7119 4436//7119 4324//7119
f 4357//7120 4439//7120 4358//7120
f 4439//7121 4359//7121 4358//7121
f 4251//7122 4373//7122 4253//7122
f 4440//7123 4355//7123 4354//7123
f 4430//7124 4440//7124 4354//7124
f 2628//7125 4441//7125 4412//7125
f 4441//7126 4385//7126 4412//7126
f 4442//7127 4415//7127 4385//7127
f 4443//7128 4442//7128 4385//7128
f 4441//7129 4443//7129 4385//7129
f 4444//7130 4357//7130 4355//7130
f 4440//7131 4444//7131 4355//7131
f 4457//7132 4434//7132 4364//7132
f 4371//7132 4457//7132 4364//7132
f 4444//7133 4458//7133 4357//7133
f 4458//7134 4459//7134 4357//7134
f 4459//7135 4460//7135 4357//7135
f 4460//7136 4439//7136 4357//7136
f 4251//7122 4461//7122 4373//7122
f 4461//7137 4389//7137 4373//7137
f 4460//7138 4359//7138 4439//7138
f 1054//7098 4462//7098 4413//7098
f 4462//7139 4433//7139 4413//7139
f 2628//7140 4463//7140 4441//7140
f 4463//7141 4443//7141 4441//7141
f 4432//7142 4416//7142 4420//7142
f 4464//7143 4432//7143 4433//7143
f 4465//7144 4464//7144 4433//7144
f 4462//7145 4465//7145 4433//7145
f 4466//7146 4457//7146 4371//7146
f 4388//7146 4466//7146 4371//7146
f 4461//7137 4467//7137 4389//7137
f 4467//7147 4392//7147 4389//7147
f 4442//7148 4468//7148 4415//7148
f 4468//7149 4469//7149 4415//7149
f 4469//7150 4431//7150 4415//7150
f 1054//7151 4472//7151 4462//7151
f 4473//7152 4474//7152 4462//7152
f 4472//7153 4473//7153 4462//7153
f 4474//7154 4465//7154 4462//7154
f 4466//4095 4388//4095 4392//4095
f 4475//4095 4466//4095 4392//4095
f 4467//7155 4475//7155 4392//7155
f 4431//7156 4479//7156 4332//7156
f 4432//7157 4481//7157 4416//7157
f 4481//7158 4417//7158 4416//7158
f 2627//7159 4463//7159 2628//7159
f 4485//1695 4486//1695 4431//1695
f 4486//1695 4487//1695 4431//1695
f 4487//7160 4479//7160 4431//7160
f 4469//7161 4488//7161 4431//7161
f 4488//7161 4485//7161 4431//7161
f 4459//7162 4489//7162 4460//7162
f 4489//7163 4359//7163 4460//7163
f 4489//7164 4490//7164 4359//7164
f 4497//7165 4418//7165 4417//7165
f 4481//7166 4497//7166 4417//7166
f 4464//7167 4481//7167 4432//7167
f 2622//7168 4512//7168 2627//7168
f 4512//7169 4463//7169 2627//7169
f 4516//7170 2954//7170 2953//7170
f 3592//7171 4516//7171 2953//7171
f 4516//7172 2955//7172 2954//7172
f 4516//7173 4517//7173 2955//7173
f 4517//7174 2956//7174 2955//7174
f 4518//7175 2957//7175 2956//7175
f 4517//7176 4518//7176 2956//7176
f 4519//7177 2958//7177 2957//7177
f 4518//7178 4519//7178 2957//7178
f 4519//7179 2959//7179 2958//7179
f 4520//7180 2960//7180 2959//7180
f 4519//7181 4520//7181 2959//7181
f 4521//7182 2961//7182 2960//7182
f 4520//7183 4521//7183 2960//7183
f 4521//7184 1029//7184 2961//7184
f 1029//7185 2962//7185 2961//7185
f 4474//7186 4464//7186 4465//7186
f 4474//7187 4522//7187 4464//7187
f 4522//7188 4481//7188 4464//7188
f 4473//7189 4523//7189 4474//7189
f 4523//7190 4524//7190 4474//7190
f 4524//7191 4525//7191 4474//7191
f 4525//7192 4526//7192 4474//7192
f 4526//7193 4527//7193 4474//7193
f 4527//7194 4528//7194 4474//7194
f 4528//7195 4529//7195 4474//7195
f 4529//7196 4522//7196 4474//7196
f 4434//7197 4530//7197 4435//7197
f 4530//7197 4531//7197 4435//7197
f 4531//7198 4436//7198 4435//7198
f 4538//7199 4430//7199 4418//7199
f 4497//7200 4538//7200 4418//7200
f 4250//7201 4461//7201 4251//7201
f 4539//7202 1030//7202 1029//7202
f 4521//7203 4539//7203 1029//7203
f 4540//7204 4481//7204 4522//7204
f 4529//7205 4540//7205 4522//7205
f 4443//7206 4541//7206 4442//7206
f 4541//7207 4468//7207 4442//7207
f 2621//7208 4543//7208 2622//7208
f 4543//7209 4544//7209 2622//7209
f 4544//7210 4512//7210 2622//7210
f 4512//7211 4541//7211 4443//7211
f 4463//7212 4512//7212 4443//7212
f 2626//7213 4546//7213 2621//7213
f 4546//7214 4543//7214 2621//7214
f 1054//7215 4547//7215 4472//7215
f 4547//7216 4473//7216 4472//7216
f 4458//7217 4548//7217 4459//7217
f 4548//7218 4489//7218 4459//7218
f 4549//7219 4469//7219 4468//7219
f 4541//7220 4549//7220 4468//7220
f 4538//7221 4440//7221 4430//7221
f 4550//7222 4530//7222 4434//7222
f 4457//7223 4550//7223 4434//7223
f 1054//7224 4551//7224 4547//7224
f 4552//7225 4473//7225 4547//7225
f 4551//7226 4552//7226 4547//7226
f 4544//7227 4541//7227 4512//7227
f 4250//7201 4554//7201 4461//7201
f 4554//7228 4467//7228 4461//7228
f 2625//7229 4546//7229 2626//7229
f 3196//511 4555//511 2625//511
f 4555//1751 4556//1751 2625//1751
f 4556//7230 4546//7230 2625//7230
f 4549//7231 4557//7231 4469//7231
f 4557//7232 4488//7232 4469//7232
f 4538//7233 4562//7233 4440//7233
f 4562//7234 4444//7234 4440//7234
f 4563//7235 4550//7235 4457//7235
f 4466//7235 4563//7235 4457//7235
f 4554//7228 4564//7228 4467//7228
f 4564//7236 4475//7236 4467//7236
f 4552//7237 4523//7237 4473//7237
f 4557//7238 4565//7238 4488//7238
f 4565//7239 4485//7239 4488//7239
f 4563//7240 4466//7240 4475//7240
f 4568//7240 4563//7240 4475//7240
f 4564//7236 4568//7236 4475//7236
f 4562//7241 4569//7241 4444//7241
f 4569//7242 4458//7242 4444//7242
f 4458//7243 4575//7243 4548//7243
f 4575//7244 4489//7244 4548//7244
f 4569//7245 4575//7245 4458//7245
f 4576//7246 4539//7246 4521//7246
f 4520//7247 4577//7247 4521//7247
f 4577//7248 4576//7248 4521//7248
f 4543//7249 4581//7249 4544//7249
f 4581//7250 4541//7250 4544//7250
f 4581//7251 4584//7251 4541//7251
f 4584//7252 4585//7252 4541//7252
f 4585//7253 4549//7253 4541//7253
f 3592//7254 4588//7254 4516//7254
f 4588//7255 4517//7255 4516//7255
f 4519//7256 4600//7256 4520//7256
f 4600//7257 4577//7257 4520//7257
f 4543//7249 4584//7249 4581//7249
f 4585//7258 4601//7258 4549//7258
f 4601//7259 4602//7259 4549//7259
f 4602//7260 4557//7260 4549//7260
f 4604//7261 1030//7261 4539//7261
f 4576//7262 4604//7262 4539//7262
f 4605//7263 4497//7263 4481//7263
f 4540//7264 4605//7264 4481//7264
f 4518//7265 4600//7265 4519//7265
f 4606//7266 4540//7266 4529//7266
f 4528//7267 4606//7267 4529//7267
f 4546//7268 4556//7268 4543//7268
f 4556//7269 4608//7269 4543//7269
f 4608//7270 4585//7270 4543//7270
f 4585//7271 4584//7271 4543//7271
f 4517//7272 4610//7272 4518//7272
f 4610//7273 4600//7273 4518//7273
f 4555//7274 4608//7274 4556//7274
f 4602//7275 4612//7275 4557//7275
f 4612//7276 4565//7276 4557//7276
f 4530//7277 4613//7277 4531//7277
f 4613//7277 4614//7277 4531//7277
f 4614//7278 4436//7278 4531//7278
f 4614//7279 4437//7279 4436//7279
f 4588//7280 4615//7280 4517//7280
f 4615//7281 4616//7281 4517//7281
f 4616//7282 4610//7282 4517//7282
f 3592//7283 4615//7283 4588//7283
f 4252//7284 4554//7284 4250//7284
f 4630//7285 4523//7285 4552//7285
f 4551//7286 4630//7286 4552//7286
f 4576//7287 4631//7287 4604//7287
f 4631//7288 1031//7288 4604//7288
f 1031//7289 1030//7289 4604//7289
f 4608//7290 4601//7290 4585//7290
f 1054//7291 4632//7291 4551//7291
f 4632//7292 4630//7292 4551//7292
f 1054//7293 4633//7293 4632//7293
f 4633//7294 4630//7294 4632//7294
f 4635//7295 4538//7295 4497//7295
f 4605//7296 4635//7296 4497//7296
f 4640//7297 4641//7297 4601//7297
f 4608//7298 4640//7298 4601//7298
f 4641//7299 4642//7299 4601//7299
f 4642//7300 4602//7300 4601//7300
f 4577//7301 4644//7301 4576//7301
f 4644//7302 4631//7302 4576//7302
f 4646//7303 4613//7303 4530//7303
f 4550//7303 4646//7303 4530//7303
f 4555//7304 4648//7304 4608//7304
f 4648//7305 4640//7305 4608//7305
f 4252//7284 4649//7284 4554//7284
f 4649//7306 4564//7306 4554//7306
f 4642//7307 4659//7307 4602//7307
f 4659//7308 4612//7308 4602//7308
f 4569//7309 4660//7309 4575//7309
f 4660//7310 4489//7310 4575//7310
f 4635//7311 4562//7311 4538//7311
f 4600//7312 4665//7312 4577//7312
f 4665//7313 4644//7313 4577//7313
f 3196//511 4648//511 4555//511
f 4631//7314 4667//7314 1031//7314
f 4667//7315 1032//7315 1031//7315
f 4669//7316 4646//7316 4550//7316
f 4563//7317 4669//7317 4550//7317
f 4649//7306 4670//7306 4564//7306
f 4670//7318 4568//7318 4564//7318
f 4527//7319 4606//7319 4528//7319
f 4675//7320 4523//7320 4630//7320
f 4676//7321 4675//7321 4630//7321
f 4633//7322 4676//7322 4630//7322
f 4681//7323 4606//7323 4527//7323
f 4526//7324 4681//7324 4527//7324
f 4669//7325 4563//7325 4568//7325
f 4682//7325 4669//7325 4568//7325
f 4670//7326 4682//7326 4568//7326
f 4693//7327 4569//7327 4562//7327
f 4635//7328 4693//7328 4562//7328
f 4610//7329 4665//7329 4600//7329
f 3592//7330 4695//7330 4615//7330
f 4695//7331 4616//7331 4615//7331
f 3592//7332 4698//7332 4695//7332
f 4698//7333 4616//7333 4695//7333
f 4606//7334 4605//7334 4540//7334
f 4699//7335 4700//7335 3592//7335
f 3591//7336 4699//7336 3592//7336
f 4700//7337 4701//7337 3592//7337
f 4701//7338 4698//7338 3592//7338
f 3196//511 4640//511 4648//511
f 4613//7339 4703//7339 4614//7339
f 4703//7339 4704//7339 4614//7339
f 4704//7340 4437//7340 4614//7340
f 4705//7341 4706//7341 4569//7341
f 4706//7342 4660//7342 4569//7342
f 4707//7343 4705//7343 4569//7343
f 4693//7344 4707//7344 4569//7344
f 4616//7345 4708//7345 4610//7345
f 4708//7346 4665//7346 4610//7346
f 4489//511 4712//511 3587//511
f 4712//511 4713//511 3587//511
f 4713//511 4714//511 3587//511
f 4714//511 3588//511 3587//511
f 4660//7347 4712//7347 4489//7347
f 4667//7348 4715//7348 1032//7348
f 4715//7349 1033//7349 1032//7349
f 4644//7350 4717//7350 4631//7350
f 4717//7351 4667//7351 4631//7351
f 4706//7352 4712//7352 4660//7352
f 4641//7353 4718//7353 4642//7353
f 4256//7354 4649//7354 4252//7354
f 1054//7355 4729//7355 4633//7355
f 4729//7356 4730//7356 4633//7356
f 4730//7357 4676//7357 4633//7357
f 4698//7358 4701//7358 4616//7358
f 4701//7359 4731//7359 4616//7359
f 4731//7360 4708//7360 4616//7360
f 3196//511 4641//511 4640//511
f 4733//7361 1034//7361 1033//7361
f 4715//7362 4733//7362 1033//7362
f 4705//7363 4712//7363 4706//7363
f 4705//7364 4741//7364 4712//7364
f 4741//7364 4742//7364 4712//7364
f 4742//7365 4713//7365 4712//7365
f 3196//511 4718//511 4641//511
f 4746//7366 4747//7366 4729//7366
f 4747//7367 4730//7367 4729//7367
f 1054//7368 4746//7368 4729//7368
f 4748//7369 4523//7369 4675//7369
f 4676//7370 4748//7370 4675//7370
f 4752//7371 4681//7371 4526//7371
f 4525//7372 4752//7372 4526//7372
f 4665//7373 4753//7373 4644//7373
f 4753//7374 4717//7374 4644//7374
f 4755//7375 4635//7375 4605//7375
f 4606//7376 4755//7376 4605//7376
f 4756//7377 1035//7377 1034//7377
f 4733//7378 4756//7378 1034//7378
f 4757//7379 4703//7379 4613//7379
f 4646//7380 4757//7380 4613//7380
f 4756//7381 4758//7381 1035//7381
f 4759//7382 1036//7382 1035//7382
f 4758//7383 4759//7383 1035//7383
f 4759//7384 1037//7384 1036//7384
f 4760//7385 1038//7385 1037//7385
f 4759//7386 4760//7386 1037//7386
f 4760//7387 1039//7387 1038//7387
f 4760//7388 1040//7388 1039//7388
f 4761//7389 1054//7389 1040//7389
f 4760//7390 4761//7390 1040//7390
f 4762//7391 4763//7391 1054//7391
f 4763//7392 4764//7392 1054//7392
f 4764//7393 4746//7393 1054//7393
f 4761//7394 4762//7394 1054//7394
f 4764//7395 4747//7395 4746//7395
f 3196//511 4765//511 4718//511
f 4256//7354 4769//7354 4649//7354
f 4769//7396 4670//7396 4649//7396
f 4730//7397 4771//7397 4676//7397
f 4771//7398 4748//7398 4676//7398
f 4717//7399 4715//7399 4667//7399
f 4708//7400 4753//7400 4665//7400
f 4524//7401 4752//7401 4525//7401
f 4800//7402 4757//7402 4646//7402
f 4669//7403 4800//7403 4646//7403
f 4523//7404 4801//7404 4524//7404
f 4801//7405 4752//7405 4524//7405
f 4764//7406 4802//7406 4747//7406
f 4802//7407 4730//7407 4747//7407
f 4769//7396 4803//7396 4670//7396
f 4803//7408 4682//7408 4670//7408
f 4755//7409 4804//7409 4635//7409
f 4804//7410 4805//7410 4635//7410
f 4805//7411 4693//7411 4635//7411
f 4707//7412 4741//7412 4705//7412
f 4703//7413 4808//7413 4704//7413
f 4808//7413 4809//7413 4704//7413
f 4809//7414 4437//7414 4704//7414
f 4809//7415 4438//7415 4437//7415
f 4681//7416 4755//7416 4606//7416
f 4700//7417 4731//7417 4701//7417
f 4800//7418 4669//7418 4682//7418
f 4842//7418 4800//7418 4682//7418
f 4803//7408 4842//7408 4682//7408
f 4801//7419 4523//7419 4748//7419
f 4771//7420 4801//7420 4748//7420
f 4731//7421 4844//7421 4708//7421
f 4844//7422 4753//7422 4708//7422
f 4255//7423 4769//7423 4256//7423
f 4753//7424 4851//7424 4717//7424
f 4851//7425 4715//7425 4717//7425
f 4851//7426 4733//7426 4715//7426
f 4805//7427 4854//7427 4693//7427
f 4854//7428 4707//7428 4693//7428
f 4857//7429 4858//7429 4730//7429
f 4859//7430 4857//7430 4730//7430
f 4802//7431 4859//7431 4730//7431
f 4858//7432 4771//7432 4730//7432
f 4860//7433 4844//7433 4731//7433
f 4700//7434 4699//7434 4731//7434
f 4699//7435 4860//7435 4731//7435
f 4763//7436 4802//7436 4764//7436
f 4854//7437 4742//7437 4707//7437
f 4742//7412 4741//7412 4707//7412
f 4899//7438 4808//7438 4703//7438
f 4757//7439 4899//7439 4703//7439
f 4681//7440 4901//7440 4755//7440
f 4901//7441 4804//7441 4755//7441
f 4255//7423 4908//7423 4769//7423
f 4908//7442 4803//7442 4769//7442
f 4909//7443 4756//7443 4733//7443
f 4910//7444 4909//7444 4733//7444
f 4851//7445 4910//7445 4733//7445
f 4917//7446 4918//7446 4753//7446
f 4918//7447 4851//7447 4753//7447
f 4844//7448 4917//7448 4753//7448
f 4808//7449 4926//7449 4809//7449
f 4926//7449 4927//7449 4809//7449
f 4927//4265 4438//4265 4809//4265
f 4752//7450 4930//7450 4681//7450
f 4930//7451 4901//7451 4681//7451
f 4918//7452 4910//7452 4851//7452
f 4939//7453 4758//7453 4756//7453
f 4909//7454 4940//7454 4756//7454
f 4940//7455 4941//7455 4756//7455
f 4941//7381 4939//7381 4756//7381
f 4249//7456 4908//7456 4255//7456
f 4939//7457 4759//7457 4758//7457
f 4762//7458 4802//7458 4763//7458
f 4941//7383 4759//7383 4939//7383
f 4952//7459 4801//7459 4771//7459
f 4858//7460 4952//7460 4771//7460
f 4761//7461 4954//7461 4762//7461
f 4954//7462 4802//7462 4762//7462
f 4955//7463 4956//7463 4759//7463
f 4941//7464 4955//7464 4759//7464
f 4956//7465 4760//7465 4759//7465
f 4956//7466 4761//7466 4760//7466
f 4957//7467 4958//7467 4761//7467
f 4958//7468 4959//7468 4761//7468
f 4959//7469 4954//7469 4761//7469
f 4960//7470 4957//7470 4761//7470
f 4956//7466 4960//7466 4761//7466
f 4961//7471 4899//7471 4757//7471
f 4800//7471 4961//7471 4757//7471
f 4857//7472 4952//7472 4858//7472
f 4765//510 4598//510 4898//510
f 3196//510 4598//510 4765//510
f 3423//510 4775//510 4598//510
f 3196//510 3423//510 4598//510
f 3196//510 2633//510 3423//510
f 4965//517 4247//517 3423//517
f 2633//511 4966//511 3423//511
f 4966//511 4967//511 3423//511
f 4967//511 4968//511 3423//511
f 4968//511 4965//511 3423//511
f 4195//519 4969//519 2633//519
f 4969//511 4966//511 2633//511
f 4908//7442 4971//7442 4803//7442
f 4971//7473 4842//7473 4803//7473
f 4901//7474 4972//7474 4804//7474
f 4972//7475 4805//7475 4804//7475
f 4860//7476 4973//7476 4844//7476
f 4973//7477 4917//7477 4844//7477
f 4854//7478 4976//7478 4742//7478
f 4976//7479 4713//7479 4742//7479
f 4961//7480 4800//7480 4842//7480
f 4978//7480 4961//7480 4842//7480
f 4971//7473 4978//7473 4842//7473
f 3591//7481 4979//7481 4699//7481
f 4979//7482 4860//7482 4699//7482
f 4954//7483 4859//7483 4802//7483
f 4801//7484 4952//7484 4752//7484
f 4952//7485 4930//7485 4752//7485
f 4926//7486 4996//7486 4927//7486
f 4996//7486 4997//7486 4927//7486
f 4997//7487 4438//7487 4927//7487
f 4997//7488 4195//7488 4438//7488
f 4998//7489 4909//7489 4910//7489
f 4918//7490 4998//7490 4910//7490
f 4999//7491 5000//7491 4860//7491
f 5000//7492 4973//7492 4860//7492
f 4979//7493 4999//7494 4860//7493
f 5003//7495 4926//7495 4808//7495
f 4899//7495 5003//7495 4808//7495
f 4917//7496 5004//7496 4918//7496
f 5004//7497 4998//7497 4918//7497
f 4959//7498 5005//7498 4954//7498
f 5005//7499 4859//7499 4954//7499
f 4972//7500 5006//7500 4805//7500
f 5006//7501 4854//7501 4805//7501
f 3591//7502 4999//7503 4979//7502
f 3591//7504 5000//7504 4999//7504
f 3590//7505 5007//7505 3591//7505
f 5007//7506 5008//7506 3591//7506
f 5008//7507 5000//7507 3591//7507
f 4249//7456 5010//7456 4908//7456
f 5010//7508 4971//7508 4908//7508
f 4248//7509 5010//7509 4249//7509
f 5011//7510 4857//7510 4859//7510
f 5005//7511 5012//7511 4859//7511
f 5012//7512 5013//7512 4859//7512
f 5013//7513 5011//7513 4859//7513
f 4940//7514 4955//7514 4941//7514
f 4996//7515 5021//7515 4997//7515
f 5021//7515 5022//7515 4997//7515
f 5022//7516 4195//7516 4997//7516
f 4854//7517 5023//7517 4976//7517
f 5023//7518 4713//7518 4976//7518
f 5023//7519 5024//7519 4713//7519
f 5024//7520 5025//7520 4713//7520
f 5025//7521 4714//7521 4713//7521
f 5006//7522 5024//7522 4854//7522
f 5024//7478 5023//7478 4854//7478
f 5033//7523 4952//7523 4857//7523
f 5011//7524 5033//7524 4857//7524
f 5021//2904 5037//2904 4966//2904
f 5022//2904 5021//2904 4966//2904
f 5037//511 5038//511 4966//511
f 5038//511 4967//511 4966//511
f 4969//510 4195//510 4966//510
f 4195//510 5022//510 4966//510
f 5033//7525 4930//7525 4952//7525
f 5046//7526 5004//7526 4917//7526
f 4973//7527 5046//7527 4917//7527
f 5047//7509 5010//7509 4248//7509
f 4247//7528 5047//7528 4248//7528
f 4930//7529 4972//7529 4901//7529
f 5048//7530 5003//7530 4899//7530
f 4961//7531 5048//7531 4899//7531
f 5010//7508 5054//7508 4971//7508
f 5054//7532 4978//7532 4971//7532
f 5004//7533 4909//7533 4998//7533
f 5013//7534 5033//7534 5011//7534
f 5057//1246 4247//1246 4965//1246
f 4968//511 5057//511 4965//511
f 5058//7528 5047//7528 4247//7528
f 5057//1246 5058//1246 4247//1246
f 5012//7535 5033//7535 5013//7535
f 5059//7536 4996//7536 4926//7536
f 5003//7536 5059//7536 4926//7536
f 5048//4265 4961//4265 4978//4265
f 5062//4265 5048//4265 4978//4265
f 5054//7537 5062//7537 4978//7537
f 5047//7538 5054//7538 5010//7538
f 5006//7539 5025//7539 5024//7539
f 5008//7540 4973//7540 5000//7540
f 5008//7541 5007//7541 4973//7541
f 5007//7542 5046//7542 4973//7542
f 4958//7543 5005//7543 4959//7543
f 4909//7544 5070//7544 4940//7544
f 5070//7514 4955//7514 4940//7514
f 5071//7545 5070//7545 4909//7545
f 5072//7546 5071//7546 4909//7546
f 5004//7547 5072//7547 4909//7547
f 5071//7548 5078//7548 5070//7548
f 5078//7549 4955//7549 5070//7549
f 4957//7550 5005//7550 4958//7550
f 4930//7551 5081//7551 4972//7551
f 5081//7552 5006//7552 4972//7552
f 4960//7553 5087//7553 4957//7553
f 5087//7554 5005//7554 4957//7554
f 5078//7555 4956//7555 4955//7555
f 5088//7556 4960//7556 4956//7556
f 5089//7557 5088//7557 4956//7557
f 5078//7558 5089//7558 4956//7558
f 5088//7559 5090//7559 4960//7559
f 5090//7560 5091//7560 4960//7560
f 5091//7561 5087//7561 4960//7561
f 5094//7562 5021//7562 4996//7562
f 5059//7563 5094//7563 4996//7563
f 5095//7564 5081//7564 4930//7564
f 5033//7565 5095//7565 4930//7565
f 5046//7566 5072//7566 5004//7566
f 5012//7567 5095//7567 5033//7567
f 5102//7538 5054//7538 5047//7538
f 5058//7568 5102//7568 5047//7568
f 5094//1071 5038//1071 5037//1071
f 5021//1071 5094//1071 5037//1071
f 5125//7569 5059//7569 5003//7569
f 5048//7569 5125//7569 5003//7569
f 5126//7570 5127//7570 5005//7570
f 5127//7571 5128//7571 5005//7571
f 5128//7572 5012//7572 5005//7572
f 5087//7573 5126//7573 5005//7573
f 5102//7574 5062//7574 5054//7574
f 5081//7575 5133//7575 5006//7575
f 5133//7576 5025//7576 5006//7576
f 5134//1258 5058//1258 5057//1258
f 4968//511 5134//511 5057//511
f 5135//7568 5102//7568 5058//7568
f 5134//1258 5135//1258 5058//1258
f 5133//7577 4714//7577 5025//7577
f 5125//7578 5048//7578 5062//7578
f 5141//7578 5125//7578 5062//7578
f 5102//7574 5141//7574 5062//7574
f 5128//7579 5095//7579 5012//7579
f 5142//7580 5143//7580 5046//7580
f 5143//7581 5144//7581 5046//7581
f 5144//7582 5072//7582 5046//7582
f 5007//7583 5142//7583 5046//7583
f 3590//7584 5142//7584 5007//7584
f 5081//7585 5171//7585 5133//7585
f 5171//7586 4714//7586 5133//7586
f 5091//7587 5126//7587 5087//7587
f 5172//7588 5094//7588 5059//7588
f 5125//7588 5172//7588 5059//7588
f 3590//7589 5143//7589 5142//7589
f 5135//7590 5141//7590 5102//7590
f 5072//7591 5180//7591 5071//7591
f 5180//7592 5078//7592 5071//7592
f 3590//7589 5144//7589 5143//7589
f 5172//2888 4967//2888 5038//2888
f 5094//4051 5172//4051 5038//4051
f 5192//7593 5144//7593 3590//7593
f 3589//7594 5192//7594 3590//7594
f 4968//1267 5135//1267 5134//1267
f 5194//7590 5141//7590 5135//7590
f 4968//1267 5194//1267 5135//1267
f 5127//7579 5095//7579 5128//7579
f 5197//7595 5198//7595 5081//7595
f 5198//7596 5171//7596 5081//7596
f 5199//7597 5197//7597 5081//7597
f 5095//7598 5199//7598 5081//7598
f 5144//7599 5192//7599 5072//7599
f 5192//7600 5200//7600 5072//7600
f 5200//7601 5201//7601 5072//7601
f 5201//7602 5180//7602 5072//7602
f 5198//7603 4714//7603 5171//7603
f 5127//7604 5199//7604 5095//7604
f 5201//7605 5078//7605 5180//7605
f 5172//7516 5125//7516 5141//7516
f 5194//7516 5172//7516 5141//7516
f 5200//7606 5202//7606 5201//7606
f 5202//7607 5078//7607 5201//7607
f 5090//7608 5126//7608 5091//7608
f 5197//7609 3588//7609 4714//7609
f 5198//7610 5197//7610 4714//7610
f 5088//7611 5210//7611 5090//7611
f 5210//7612 5126//7612 5090//7612
f 5127//7613 5212//7613 5199//7613
f 5212//7614 5213//7614 5199//7614
f 5213//7615 5197//7615 5199//7615
f 5126//7616 5212//7616 5127//7616
f 5202//7617 5216//7617 5078//7617
f 5216//7618 5089//7618 5078//7618
f 5217//7619 5218//7619 5089//7619
f 5216//7620 5219//7620 5089//7620
f 5219//7619 5217//7619 5089//7619
f 5218//7621 5088//7621 5089//7621
f 5218//7622 5210//7622 5088//7622
f 5222//7623 5223//7623 5126//7623
f 5223//7624 5212//7624 5126//7624
f 5210//7625 5222//7625 5126//7625
f 5172//510 5194//510 4968//510
f 4967//510 5172//510 4968//510
f 5223//7626 5213//7626 5212//7626
f 3589//7627 5200//7627 5192//7627
f 5213//7628 3588//7628 5197//7628
f 5218//7629 5222//7629 5210//7629
f 5222//7630 5213//7630 5223//7630
f 5219//510 5216//510 3589//510
f 5216//510 5202//510 3589//510
f 5202//510 5200//510 3589//510
f 3588//510 5218//510 3589//510
f 5218//510 5217//510 3589//510
f 5217//510 5219//510 3589//510
f 3588//510 5222//510 5218//510
f 3588//510 5213//510 5222//510
