# Blender 4.5.0
# www.blender.org
mtllib rl_dg_3_1.mtl
o rl_dg_3_1_c
v -0.010436 -0.000681 -0.006436
v -0.010436 0.000681 -0.006436
v -0.010200 0.000684 -0.006464
v -0.010200 -0.000684 -0.006464
v -0.010200 0.000924 -0.006413
v -0.006400 0.000928 -0.006433
v -0.006400 -0.000928 -0.006433
v -0.010200 -0.000924 -0.006413
v -0.010436 0.002013 -0.006151
v -0.010200 0.002022 -0.006177
v -0.010829 -0.000661 -0.006243
v -0.010829 0.000661 -0.006243
v -0.010436 -0.002013 -0.006151
v -0.010829 -0.001953 -0.005966
v -0.006400 0.002709 -0.005909
v -0.006400 0.000000 -0.002750
v -0.006400 0.001193 -0.002478
v -0.006400 -0.002709 -0.005909
v -0.010200 -0.002022 -0.006177
v -0.006400 -0.001193 -0.002478
v -0.010829 0.001953 -0.005966
v -0.011105 -0.000624 -0.005893
v -0.011105 0.000624 -0.005893
v -0.011105 -0.001843 -0.005632
v -0.010200 0.002694 -0.005876
v -0.010436 -0.003256 -0.005593
v -0.010200 -0.002694 -0.005876
v -0.010436 0.003256 -0.005593
v -0.010829 -0.003158 -0.005425
v -0.010829 0.003158 -0.005425
v -0.011105 0.001843 -0.005632
v -0.011105 -0.002982 -0.005121
v -0.010200 0.003270 -0.005617
v -0.006400 0.004268 -0.004902
v -0.006400 -0.004268 -0.004902
v -0.010200 -0.003270 -0.005617
v -0.011200 -0.000582 -0.005496
v -0.011200 0.000000 -0.005527
v -0.011200 0.000582 -0.005496
v -0.011200 -0.001719 -0.005252
v -0.011105 0.002982 -0.005121
v -0.011200 0.001719 -0.005252
v -0.011200 -0.002781 -0.004776
v -0.010200 0.004260 -0.004891
v -0.010436 -0.004355 -0.004787
v -0.010200 -0.004260 -0.004891
v -0.010436 0.004355 -0.004787
v -0.010829 -0.004224 -0.004644
v -0.011200 0.000000 -0.005500
v -0.011200 -0.000573 -0.005423
v -0.011200 0.000573 -0.005427
v -0.011200 0.001375 -0.005325
v -0.011200 -0.001453 -0.005305
v -0.011200 0.001698 -0.005195
v -0.010829 0.004224 -0.004644
v -0.011105 -0.003987 -0.004384
v -0.011200 -0.001700 -0.005201
v -0.011200 0.002705 -0.004789
v -0.011200 0.002781 -0.004776
v -0.011200 0.002762 -0.004746
v -0.011200 -0.002748 -0.004764
v -0.011105 0.003987 -0.004384
v -0.011200 -0.003719 -0.004088
v -0.010200 0.005283 -0.003786
v -0.006400 0.005480 -0.003496
v -0.010200 0.004374 -0.004808
v -0.006400 0.002150 -0.001715
v -0.010200 -0.004374 -0.004808
v -0.010200 -0.005283 -0.003786
v -0.006400 -0.005480 -0.003496
v -0.006400 -0.002150 -0.001715
v -0.010436 -0.005260 -0.003770
v -0.010436 0.005260 -0.003770
v -0.010829 -0.005103 -0.003657
v -0.011200 0.003683 -0.004045
v -0.011200 0.003719 -0.004088
v -0.011200 -0.003684 -0.004046
v -0.011200 -0.004789 -0.002705
v -0.011200 -0.005001 -0.002180
v -0.011200 -0.003889 -0.003889
v -0.011200 -0.004432 -0.003175
v -0.010829 0.005103 -0.003657
v -0.011105 -0.004817 -0.003452
v -0.011105 0.004817 -0.003452
v -0.011200 -0.004492 -0.003219
v -0.011200 0.003889 -0.003889
v -0.011200 0.004492 -0.003219
v -0.011200 0.004439 -0.003179
v -0.010200 0.005456 -0.003482
v -0.010200 -0.005456 -0.003482
v -0.010436 0.005933 -0.002585
v -0.010200 0.005959 -0.002596
v -0.010436 -0.005933 -0.002585
v -0.010829 -0.005755 -0.002508
v -0.010829 0.005755 -0.002508
v -0.011105 -0.005433 -0.002367
v 0.010200 -0.000498 -0.003464
v 0.007300 -0.001339 -0.003234
v 0.007300 0.000000 -0.003500
v 0.007300 0.001339 -0.003234
v 0.010200 0.000498 -0.003464
v 0.010200 0.000000 -0.003464
v 0.007300 0.000000 -0.002750
v 0.007300 -0.001193 -0.002478
v -0.007882 0.005754 -0.003023
v -0.007511 0.005764 -0.003004
v -0.007170 0.005836 -0.002862
v -0.007029 0.005892 -0.002740
v -0.006849 0.005964 -0.002584
v -0.006592 0.006119 -0.002192
v -0.006400 0.006244 -0.001804
v -0.006443 -0.006241 -0.001803
v -0.006630 -0.006093 -0.002264
v -0.006400 -0.006244 -0.001804
v -0.006936 -0.005923 -0.002677
v -0.007028 -0.005891 -0.002745
v -0.007246 -0.005815 -0.002905
v -0.007604 -0.005755 -0.003021
v -0.007914 -0.005760 -0.003012
v -0.007957 -0.005761 -0.003011
v -0.008767 0.006034 -0.002410
v -0.008567 0.005925 -0.002674
v -0.008225 0.005807 -0.002920
v -0.007914 0.005759 -0.003013
v -0.009063 0.006241 -0.001815
v -0.008845 0.006076 -0.002309
v -0.010200 -0.005959 -0.002596
v -0.008297 -0.005826 -0.002882
v -0.008606 -0.005942 -0.002634
v -0.008767 -0.006033 -0.002412
v 0.010637 0.000484 -0.003365
v 0.010200 0.001335 -0.003219
v 0.010637 -0.000484 -0.003365
v 0.010200 -0.001335 -0.003219
v -0.011105 0.005433 -0.002367
v -0.011200 0.004806 -0.002729
v -0.011200 -0.005067 -0.002208
v -0.011200 -0.004806 -0.002729
v 0.010985 0.001296 -0.002838
v 0.010985 0.000444 -0.003088
v 0.010637 0.001412 -0.003092
v 0.010985 -0.000444 -0.003088
v 0.010637 -0.001412 -0.003092
v 0.007300 0.002475 -0.002475
v 0.010200 0.001454 -0.003184
v 0.007300 0.001193 -0.002478
v 0.010200 -0.002292 -0.002645
v 0.007300 -0.002475 -0.002475
v 0.010200 -0.001454 -0.003184
v 0.007300 -0.002150 -0.001715
v -0.011200 0.004739 -0.002791
v 0.010637 0.002226 -0.002569
v 0.010200 0.002292 -0.002645
v 0.010985 0.002043 -0.002357
v 0.010985 -0.001296 -0.002838
v 0.010637 -0.002226 -0.002569
v 0.011174 0.001132 -0.002479
v 0.011174 0.000388 -0.002698
v 0.011174 -0.000388 -0.002698
v -0.007538 -0.005761 -0.000075
v -0.007538 0.005761 0.000075
v -0.008269 0.005818 -0.000190
v -0.007914 0.005760 0.003012
v -0.007914 -0.005759 0.003013
v -0.008269 -0.005818 0.000190
v -0.007028 0.005891 0.002745
v 0.011174 0.001785 -0.002060
v 0.011174 -0.001132 -0.002479
v 0.010985 -0.002043 -0.002357
v -0.011200 0.005001 -0.002179
v -0.011200 0.005067 -0.002208
v 0.008300 -0.001193 -0.002478
v 0.008300 0.000000 -0.002750
v 0.008300 0.001193 -0.002478
v 0.008300 0.000000 0.000000
v -0.007400 0.000000 -0.002750
v -0.007400 0.001193 -0.002478
v -0.007400 -0.001193 -0.002478
v -0.007400 0.000000 0.000000
v -0.006731 -0.006029 -0.000438
v -0.007169 -0.005836 0.002861
v -0.007029 -0.005892 0.002740
v -0.006733 0.006028 -0.000436
v 0.011200 0.000356 -0.002475
v 0.011200 0.000000 -0.002500
v 0.011200 0.001038 -0.002274
v 0.011200 -0.000356 -0.002475
v 0.010200 0.002455 -0.002457
v 0.010200 -0.002455 -0.002457
v -0.008767 -0.006034 0.002411
v -0.010200 0.006212 -0.001794
v -0.009066 0.006244 -0.001804
v -0.010436 -0.006343 -0.001286
v -0.010200 -0.006212 -0.001794
v -0.008853 -0.006081 -0.002295
v -0.009054 -0.006234 -0.001841
v -0.010436 0.006343 -0.001286
v -0.010829 -0.006152 -0.001247
v 0.010985 0.002624 -0.001686
v 0.010637 0.002860 -0.001838
v 0.010637 -0.002860 -0.001838
v -0.010829 0.006152 -0.001247
v -0.011105 -0.005808 -0.001178
v 0.011200 -0.002500 0.000000
v 0.011200 0.001637 -0.001889
v 0.011174 -0.001785 -0.002060
v 0.011200 -0.001038 -0.002274
v 0.008300 0.002150 -0.001715
v 0.007300 0.002150 -0.001715
v 0.008300 -0.002150 -0.001715
v -0.007400 0.002150 -0.001715
v -0.007400 -0.002150 -0.001715
v 0.010200 0.002944 -0.001892
v 0.007300 0.003234 -0.001339
v 0.010200 -0.002944 -0.001892
v 0.007300 -0.003234 -0.001339
v 0.007300 -0.002681 -0.000612
v 0.011200 -0.002399 -0.000704
v 0.011200 -0.002103 -0.001352
v 0.011200 -0.001637 -0.001889
v -0.008909 -0.006120 -0.000271
v -0.009055 0.006235 0.001223
v -0.008606 0.005942 0.002634
v -0.008768 0.006033 0.002412
v -0.011105 0.005808 -0.001178
v -0.011200 -0.005416 -0.001098
v 0.011174 0.002293 -0.001474
v 0.010985 -0.002624 -0.001686
v -0.011200 0.005271 -0.001660
v -0.011200 -0.005326 -0.001374
v -0.006441 0.006241 -0.001803
v -0.011200 0.005124 0.001999
v -0.011200 0.005317 0.001198
v -0.011200 0.005472 0.000553
v -0.011200 0.005497 0.000060
v -0.011200 0.004400 0.003300
v -0.011200 0.004963 0.002289
v -0.011200 0.005500 0.000000
v -0.011200 0.005348 -0.001087
v -0.011200 0.005290 -0.001504
v 0.011200 0.002103 -0.001352
v 0.011174 -0.002293 -0.001474
v 0.010637 0.003262 -0.000958
v 0.010200 0.003203 -0.001325
v 0.010200 -0.003203 -0.001325
v -0.009064 -0.006243 -0.001804
v 0.010985 0.002993 -0.000879
v 0.010637 -0.003262 -0.000958
v -0.006400 0.006274 -0.001698
v -0.006400 0.002681 -0.000612
v -0.006400 -0.006274 -0.001698
v -0.006400 -0.002681 -0.000612
v -0.009219 0.006392 -0.001180
v -0.010200 -0.006370 -0.001292
v -0.009213 -0.006386 -0.001211
v -0.010200 0.006370 -0.001292
v 0.008300 0.002681 -0.000612
v 0.007300 0.002681 -0.000612
v 0.008300 -0.002681 -0.000612
v -0.007400 0.002681 -0.000612
v -0.007400 -0.002681 -0.000612
v -0.006400 0.006274 0.001698
v -0.006400 0.002681 0.000612
v -0.006400 -0.006274 0.001698
v -0.006466 -0.006221 0.001869
v 0.011174 0.002615 -0.000768
v 0.010985 -0.002993 -0.000879
v -0.011200 0.005416 -0.001098
v 0.011200 0.002399 -0.000704
v 0.011174 -0.002615 -0.000768
v -0.011200 -0.005362 -0.001089
v 0.010200 0.003358 -0.000986
v 0.007300 0.003500 0.000000
v 0.010200 -0.003358 -0.000986
v 0.007300 -0.003500 0.000000
v 0.007300 -0.002681 0.000612
v -0.010200 0.006496 0.000035
v -0.009301 0.006486 -0.000419
v -0.010436 -0.006471 0.000070
v -0.010200 -0.006496 0.000035
v -0.010436 0.006471 0.000070
v -0.010829 -0.006277 0.000068
v -0.010829 0.006277 0.000068
v -0.011105 -0.005926 0.000064
v -0.009296 -0.006480 -0.000506
v -0.011105 0.005926 0.000064
v -0.011200 -0.005526 0.000060
v -0.011200 0.005526 0.000060
v -0.011200 -0.005500 0.000000
v 0.010637 0.003400 0.000000
v 0.010200 0.003500 0.000000
v 0.010200 -0.003500 0.000000
v 0.010692 0.003356 0.000000
v 0.010692 -0.003356 0.000000
v 0.010637 -0.003400 0.000000
v 0.011047 0.002991 0.000000
v 0.010985 0.003119 0.000000
v 0.011047 -0.002991 0.000000
v 0.010985 -0.003119 0.000000
v 0.011174 0.002726 0.000000
v 0.011200 0.002500 0.000000
v 0.011174 -0.002726 0.000000
v 0.008300 0.002681 0.000612
v 0.007300 0.002681 0.000612
v 0.008300 -0.002681 0.000612
v -0.007400 0.002681 0.000612
v -0.006400 -0.005000 0.004500
v -0.006400 -0.005051 0.004184
v -0.006400 -0.002681 0.000612
v -0.006400 -0.005102 0.007565
v -0.006400 -0.005000 0.007124
v -0.006400 -0.005200 0.003900
v -0.006400 -0.005443 0.003553
v -0.006400 -0.006225 0.001870
v -0.007400 -0.002681 0.000612
v -0.009301 -0.006487 0.000034
v -0.006592 -0.006119 0.002192
v -0.006848 -0.005965 0.002583
v -0.006936 0.005923 0.002677
v -0.006630 0.006093 0.002264
v -0.006469 0.006220 0.001868
v -0.009300 0.006486 0.000034
v -0.008844 -0.006076 0.002310
v -0.009039 -0.006223 0.001869
v -0.009062 -0.006241 0.001817
v -0.009229 -0.006404 0.001115
v -0.009304 -0.006491 0.000346
v -0.008297 0.005826 0.002882
v -0.007509 -0.005765 0.003003
v 0.011200 0.002500 0.005657
v 0.011200 -0.002500 0.005657
v 0.011100 0.002937 0.005657
v 0.011055 0.002991 0.005657
v 0.011100 -0.002937 0.005657
v 0.011055 -0.002991 0.005657
v 0.010819 0.003285 0.005657
v 0.010819 -0.003285 0.005657
v 0.010691 0.003347 0.005657
v 0.010691 -0.003347 0.005657
v 0.010426 0.003474 0.005657
v 0.010426 -0.003474 0.005657
v 0.010200 0.003500 0.005657
v 0.010200 -0.003500 0.005657
v 0.007300 -0.003500 0.005657
v 0.008300 0.000000 0.002750
v 0.008300 0.001193 0.002478
v 0.008300 -0.001193 0.002478
v 0.008300 -0.002150 0.001715
v 0.008300 0.002150 0.001715
v 0.007300 0.003500 0.005657
v 0.007300 -0.002150 0.001715
v -0.007400 0.000000 0.002750
v -0.007400 -0.001193 0.002478
v -0.007400 0.001193 0.002478
v -0.007400 0.002150 0.001715
v -0.007400 -0.002150 0.001715
v -0.011200 -0.005492 0.000059
v -0.009300 0.006486 0.000432
v -0.010200 -0.006500 0.000070
v -0.010200 0.006500 0.000070
v -0.011200 0.004103 0.003868
v -0.011200 -0.005335 0.001205
v -0.011200 -0.005391 0.001215
v -0.011105 0.005781 0.001303
v -0.011200 0.005488 0.000650
v -0.010829 0.006124 0.001381
v -0.011105 -0.005781 0.001303
v -0.010436 0.006313 0.001423
v -0.010829 -0.006124 0.001381
v -0.010200 0.006341 0.001429
v -0.010436 -0.006313 0.001423
v -0.009222 0.006395 0.001161
v -0.010200 -0.006341 0.001429
v -0.007246 0.005815 0.002905
v -0.007603 0.005755 0.003021
v -0.008567 -0.005924 0.002674
v -0.008224 -0.005807 0.002920
v -0.011200 0.005391 0.001215
v 0.007300 0.002150 0.001715
v -0.006400 0.006225 0.001870
v -0.006400 0.005443 0.003553
v -0.006400 0.002150 0.001715
v -0.006400 -0.002150 0.001715
v -0.010200 -0.006195 0.001860
v -0.009084 0.006260 0.001750
v -0.011200 -0.005299 0.001475
v -0.011200 0.005017 0.002317
v -0.011105 0.005380 0.002484
v -0.011200 -0.005017 0.002317
v -0.009034 0.006221 0.001869
v -0.008853 0.006082 0.002294
v -0.010829 0.005699 0.002632
v -0.011105 -0.005380 0.002484
v -0.010436 0.005875 0.002713
v -0.010829 -0.005699 0.002632
v -0.010200 0.006195 0.001860
v -0.010200 0.005901 0.002725
v -0.010436 -0.005875 0.002713
v -0.011200 -0.004949 0.002287
v 0.007300 0.001193 0.002478
v 0.007300 0.003557 0.005990
v 0.007300 -0.001193 0.002478
v -0.006400 0.005051 0.004184
v -0.006400 0.001193 0.002478
v -0.006400 0.005200 0.003900
v -0.006400 -0.001193 0.002478
v -0.010200 -0.005901 0.002725
v -0.011200 -0.004710 0.002841
v -0.011197 0.004421 0.003316
v -0.011174 0.004580 0.003435
v -0.011200 -0.004737 0.002847
v -0.010200 -0.005416 0.003537
v -0.010200 0.005416 0.003537
v 0.007300 0.000000 0.002750
v 0.007300 -0.005801 0.010000
v 0.007300 0.005801 0.010000
v 0.007300 0.003722 0.006285
v 0.007300 -0.003557 0.005990
v 0.007300 -0.003722 0.006285
v -0.006400 0.005102 0.007565
v -0.006400 0.000000 0.002750
v -0.006400 0.005000 0.007124
v -0.006400 0.005000 0.004500
v -0.006400 -0.006274 0.010000
v -0.011083 0.004732 0.003549
v -0.010985 0.004896 0.003672
v -0.010965 -0.004883 0.003662
v -0.011105 -0.004741 0.003556
v -0.010813 0.005006 0.003755
v -0.010637 0.005120 0.003840
v -0.010626 -0.005102 0.003827
v -0.010829 -0.005022 0.003767
v -0.010431 0.005158 0.003868
v -0.010436 -0.005177 0.003883
v -0.011200 -0.004400 0.003300
v -0.011153 -0.004577 0.003432
v -0.011200 -0.004421 0.003316
v -0.007957 0.005761 0.003011
v -0.007880 -0.005754 0.003023
v -0.011200 -0.004103 0.003868
v -0.011174 0.004317 0.003939
v -0.011174 -0.004317 0.003939
v -0.010200 0.005200 0.003900
v -0.010200 -0.005200 0.003900
v -0.010985 0.004690 0.004063
v -0.010985 -0.004690 0.004063
v -0.010637 0.004956 0.004152
v -0.010637 -0.004956 0.004152
v -0.011200 -0.004000 0.004500
v -0.011200 0.004000 0.004500
v -0.011174 -0.004226 0.004500
v -0.010200 0.005051 0.004184
v -0.010200 -0.005051 0.004184
v -0.011174 0.004226 0.004500
v -0.011047 0.004491 0.004500
v -0.011047 -0.004491 0.004500
v -0.010692 0.004855 0.004500
v -0.010985 0.004619 0.004500
v -0.010985 -0.004619 0.004500
v -0.010692 -0.004855 0.004500
v -0.010637 0.004900 0.004500
v -0.010200 0.005000 0.004500
v -0.010637 -0.004900 0.004500
v -0.010200 -0.005000 0.004500
v -0.010200 -0.005000 0.007124
v -0.010637 0.004900 0.007124
v -0.010200 0.005000 0.007124
v -0.010692 0.004855 0.007124
v -0.010637 -0.004900 0.007124
v -0.010985 0.004619 0.007124
v -0.010692 -0.004855 0.007124
v -0.011047 0.004491 0.007124
v -0.010985 -0.004619 0.007124
v -0.011174 0.004226 0.007124
v -0.011047 -0.004491 0.007124
v -0.011200 0.004000 0.007124
v -0.011174 -0.004226 0.007124
v -0.011200 -0.004000 0.007124
v 0.011200 0.002614 0.006324
v 0.011200 -0.002614 0.006324
v 0.011100 -0.003026 0.006178
v 0.011100 0.003026 0.006178
v 0.010819 0.003354 0.006062
v 0.010819 -0.003354 0.006062
v 0.010426 0.003533 0.005999
v 0.010426 -0.003533 0.005999
v 0.010200 -0.003557 0.005990
v 0.010200 0.003557 0.005990
v 0.010200 0.003722 0.006285
v 0.010426 0.003702 0.006302
v 0.010200 -0.003722 0.006285
v 0.010819 0.003555 0.006420
v 0.010426 -0.003702 0.006302
v 0.011100 0.003284 0.006639
v 0.010819 -0.003555 0.006420
v 0.011200 0.002944 0.006914
v 0.011100 -0.003284 0.006639
v 0.010200 0.004549 0.007189
v 0.010426 0.004531 0.007207
v 0.010200 -0.004549 0.007189
v 0.007300 0.004847 0.007466
v 0.007300 -0.004847 0.007466
v 0.010819 0.004399 0.007343
v 0.010426 -0.004531 0.007207
v 0.011200 -0.006000 0.014000
v 0.011200 -0.006000 0.009526
v 0.011200 -0.004877 0.008783
v 0.011200 -0.003853 0.007908
v 0.011200 -0.002944 0.006914
v 0.011100 0.004157 0.007594
v 0.010819 -0.004399 0.007343
v 0.011200 0.003853 0.007908
v 0.011100 -0.004157 0.007594
v -0.010200 0.005046 0.007424
v -0.010200 -0.005046 0.007424
v -0.010637 -0.004950 0.007454
v -0.010637 0.004950 0.007454
v -0.010985 0.004683 0.007538
v -0.010985 -0.004683 0.007538
v -0.011174 0.004307 0.007656
v -0.011174 -0.004307 0.007656
v -0.011200 0.004139 0.007712
v -0.011200 -0.004199 0.007993
v -0.011200 -0.004135 0.007714
v 0.010200 0.004858 0.007453
v 0.010200 -0.004858 0.007453
v 0.010426 0.005464 0.008005
v 0.010819 0.005350 0.008156
v 0.010200 -0.005479 0.007984
v 0.010426 -0.005464 0.008005
v 0.011100 0.005140 0.008434
v 0.010819 -0.005350 0.008156
v -0.010200 0.005113 0.007560
v -0.010200 -0.005113 0.007560
v 0.010200 0.005479 0.007984
v 0.007962 0.005775 0.008199
v 0.008238 0.005810 0.008224
v 0.008687 0.005983 0.008341
v 0.008890 0.006123 0.008430
v 0.008891 -0.006120 0.008428
v 0.008817 -0.006058 0.008390
v 0.008370 -0.005849 0.008250
v -0.010637 0.005097 0.007753
v -0.010985 -0.004868 0.007913
v -0.010637 -0.005097 0.007753
v 0.007300 0.005801 0.008217
v 0.007770 0.005750 0.008182
v 0.007962 -0.005768 0.008194
v 0.007901 -0.005756 0.008186
v 0.007430 -0.005776 0.008200
v 0.007300 -0.005801 0.008217
v -0.010985 0.004868 0.007913
v -0.011174 -0.004544 0.008139
v -0.010200 0.005180 0.007696
v -0.010200 -0.005180 0.007696
v -0.006400 0.005389 0.007915
v -0.006400 -0.005389 0.007915
v 0.011200 0.004877 0.008783
v 0.011100 -0.005140 0.008434
v -0.011174 0.004544 0.008139
v -0.011200 -0.004397 0.008237
v -0.010200 0.005389 0.007915
v -0.010637 -0.005328 0.007995
v -0.010200 -0.005389 0.007915
v -0.011200 0.004211 0.008018
v -0.010637 0.005328 0.007995
v -0.010985 -0.005156 0.008217
v -0.010985 0.005156 0.008217
v -0.011174 -0.004916 0.008528
v -0.006400 0.006274 0.008526
v -0.006400 0.006274 0.010000
v -0.007924 0.005757 0.008187
v -0.007458 0.005771 0.008197
v -0.007012 0.005891 0.008279
v -0.006978 0.005909 0.008291
v -0.006630 0.006093 0.008412
v -0.006400 -0.006274 0.008526
v -0.006812 -0.005984 0.008341
v -0.007229 -0.005823 0.008232
v -0.007267 -0.005809 0.008223
v -0.007757 -0.005750 0.008181
v -0.010565 0.006458 0.008733
v -0.010200 0.006500 0.008660
v -0.008819 0.006060 0.008391
v -0.008366 0.005847 0.008249
v -0.009211 0.006385 0.008593
v -0.008891 0.006119 0.008428
v -0.007963 0.005765 0.008192
v -0.010565 -0.006458 0.008733
v -0.010200 -0.006500 0.008660
v -0.008176 -0.005801 0.008217
v -0.008222 -0.005806 0.008221
v -0.008639 -0.005958 0.008324
v -0.009027 -0.006211 0.008487
v 0.010200 0.006372 0.008576
v 0.010426 0.006487 0.008683
v 0.009063 0.006241 0.008506
v 0.010200 -0.006372 0.008576
v 0.009192 -0.006368 0.008582
v -0.011200 0.006000 0.014000
v -0.011200 0.004393 0.008240
v -0.011200 0.004778 0.008707
v -0.011200 0.005375 0.009137
v -0.010895 0.006346 0.008927
v -0.010637 0.006450 0.008747
v -0.010895 -0.006346 0.008927
v -0.010637 -0.006450 0.008747
v 0.010559 0.006455 0.008738
v 0.010559 -0.006455 0.008738
v 0.010426 -0.006487 0.008683
v -0.011174 0.004916 0.008528
v 0.010819 0.006392 0.008846
v 0.010892 0.006347 0.008924
v 0.010892 -0.006347 0.008924
v 0.010819 -0.006392 0.008846
v -0.007228 -0.005819 0.010300
v -0.008177 -0.005796 0.010300
v 0.007963 0.005761 0.011000
v 0.007963 -0.005761 0.011000
v -0.007963 0.005761 0.011000
v -0.011110 0.006179 0.009216
v -0.010985 0.006310 0.008990
v -0.011110 -0.006179 0.009216
v -0.010985 -0.006310 0.008990
v -0.011200 -0.004778 0.008707
v -0.006976 0.005906 0.011000
v 0.008898 -0.006112 0.011000
v -0.008898 0.006112 0.011000
v 0.008898 0.006112 0.011000
v 0.011116 0.006182 0.009210
v 0.011100 0.006218 0.009148
v 0.011116 -0.006182 0.009210
v 0.011100 -0.006218 0.009148
v -0.009029 -0.006213 0.008488
v -0.009030 -0.006213 0.010300
v -0.009348 -0.006555 0.008691
v -0.010191 -0.006556 0.008690
v 0.009180 0.006368 0.008581
v -0.011174 0.006113 0.009331
v -0.011174 -0.006113 0.009331
v -0.011200 -0.006000 0.009526
v -0.011200 -0.005375 0.009137
v 0.010200 0.006500 0.008660
v 0.009361 0.006565 0.008698
v 0.010200 -0.006500 0.008660
v 0.009514 -0.006807 0.008830
v 0.009209 -0.006382 0.008591
v -0.009334 0.006556 0.008689
v 0.010099 0.007111 0.008983
v 0.009533 0.006877 0.008864
v 0.009612 0.007021 0.008941
v 0.010441 -0.007159 0.009077
v 0.010099 -0.007111 0.008983
v 0.009539 -0.006873 0.008863
v -0.010191 0.006556 0.008690
v 0.010441 0.007159 0.009077
v -0.009513 0.006806 0.008830
v -0.010099 0.007110 0.008983
v -0.009539 0.006873 0.008863
v -0.010441 -0.007159 0.009076
v -0.010099 -0.007110 0.008983
v -0.009376 -0.006585 0.008709
v -0.009593 -0.006974 0.008917
v 0.009546 0.006870 0.011000
v -0.010441 0.007159 0.009076
v -0.010752 0.007145 0.009283
v -0.010752 -0.007145 0.009283
v 0.011200 0.006000 0.009526
v -0.009546 0.006870 0.011000
v 0.009546 -0.006870 0.011000
v 0.010752 0.007145 0.009283
v 0.010752 -0.007145 0.009283
v 0.009697 -0.007291 0.009071
v -0.009697 0.007291 0.009071
v -0.009594 -0.006976 0.008918
v -0.009594 -0.006976 0.010300
v -0.009731 -0.007478 0.009156
v -0.010090 -0.007167 0.009012
v 0.009737 0.007525 0.009176
v 0.010090 0.007167 0.009012
v -0.010090 0.007167 0.009012
v 0.010090 -0.007167 0.009012
v -0.010973 0.007065 0.009573
v -0.010973 -0.007065 0.009573
v 0.010105 0.007830 0.009362
v 0.009807 0.007695 0.009244
v 0.009807 -0.007695 0.009244
v -0.009807 0.007694 0.009244
v -0.010105 -0.007830 0.009362
v -0.009807 -0.007694 0.009244
v -0.009749 0.007802 0.009291
v 0.009749 -0.007802 0.009291
v -0.010371 0.007906 0.009578
v -0.010105 0.007830 0.009362
v -0.010371 -0.007906 0.009578
v 0.010370 0.007907 0.009578
v 0.010370 -0.007907 0.009578
v 0.010105 -0.007830 0.009362
v -0.011200 0.006000 0.009526
v -0.011200 -0.006000 0.014000
v 0.010973 0.007065 0.009573
v 0.010973 -0.007065 0.009573
v -0.009749 -0.007802 0.009291
v 0.009749 0.007802 0.009291
v 0.011135 0.006671 0.009787
v -0.011060 0.006919 0.009872
v -0.009743 0.007847 0.009312
v 0.009743 -0.007847 0.009312
v 0.009748 0.007847 0.011000
v 0.009743 0.007847 0.009312
v 0.009748 -0.007847 0.011000
v -0.009748 0.007847 0.011000
v -0.009743 -0.007914 0.010300
v -0.009733 -0.007912 0.009342
v 0.009694 0.008220 0.009483
v -0.009680 0.008275 0.009512
v 0.009678 -0.008281 0.009515
v -0.011138 0.006658 0.009782
v -0.011135 -0.006671 0.009787
v -0.011061 -0.006919 0.009873
v -0.009683 -0.008265 0.009507
v -0.009662 0.008317 0.009540
v -0.009662 -0.008317 0.009540
v 0.009659 0.008314 0.009541
v 0.009663 -0.008318 0.009540
v 0.011200 0.006000 0.014000
v 0.011138 -0.006658 0.009782
v 0.009606 -0.008454 0.009628
v 0.009763 -0.008566 0.009790
v -0.009606 0.008454 0.009629
v -0.009763 0.008566 0.009790
v -0.009608 -0.008456 0.009628
v -0.009763 -0.008566 0.009790
v 0.009607 0.008455 0.009628
v 0.009763 0.008566 0.009790
v -0.011055 0.006937 0.009879
v -0.010943 0.007316 0.010010
v -0.010569 0.007911 0.009867
v -0.011056 -0.006937 0.009879
v -0.010569 -0.007911 0.009867
v -0.010661 -0.007866 0.010180
v -0.010946 -0.007309 0.010007
v 0.011061 0.006919 0.009873
v 0.010670 0.007848 0.010175
v 0.010946 0.007309 0.010007
v 0.011056 0.006938 0.009879
v 0.010569 0.007911 0.009868
v 0.011055 -0.006938 0.009879
v 0.010943 -0.007316 0.010010
v 0.011060 -0.006919 0.009872
v 0.010569 -0.007911 0.009868
v -0.010273 0.008296 0.009984
v -0.009918 -0.008642 0.010080
v -0.010273 -0.008296 0.009984
v 0.009918 0.008642 0.010080
v 0.010274 0.008295 0.009984
v 0.010274 -0.008295 0.009984
v -0.009516 -0.008690 0.009776
v 0.009528 0.008666 0.009758
v 0.009486 -0.008744 0.009818
v -0.009486 0.008744 0.009818
v 0.009463 0.008765 0.009851
v -0.009463 -0.008770 0.009851
v -0.011076 -0.006924 0.014000
v 0.011076 0.006924 0.014000
v 0.009448 -0.008798 0.009873
v 0.009463 -0.008776 0.009851
v 0.009918 -0.008642 0.010080
v -0.009448 0.008798 0.009873
v -0.009463 0.008776 0.009851
v -0.009918 0.008642 0.010080
v -0.009452 0.008800 0.011000
v 0.009452 -0.008800 0.011000
v -0.009436 -0.008810 0.009889
v 0.009443 0.008795 0.009879
v -0.010666 0.007846 0.010173
v -0.010630 0.007914 0.010194
v -0.010556 0.008007 0.010220
v -0.010553 -0.008004 0.010218
v 0.010553 0.008005 0.010218
v 0.010660 0.007867 0.010181
v 0.010360 0.008253 0.010287
v 0.010666 -0.007847 0.010173
v 0.010630 -0.007914 0.010194
v 0.010556 -0.008007 0.010220
v 0.011076 -0.006924 0.014000
v -0.011076 0.006924 0.014000
v -0.009407 0.008855 0.009931
v 0.009406 -0.008857 0.009933
v 0.009452 0.008800 0.011000
v 0.009404 0.008855 0.009936
v 0.009509 0.008937 0.010156
v -0.009443 -0.008814 0.010300
v -0.009406 -0.008855 0.009931
v -0.009511 -0.008936 0.010156
v -0.009273 0.009046 0.010125
v -0.009511 0.008936 0.010156
v -0.009305 -0.009008 0.010075
v 0.009273 -0.009046 0.010126
v 0.009509 -0.008937 0.010156
v 0.009297 0.009018 0.010088
v 0.010221 -0.008428 0.010335
v 0.010360 -0.008253 0.010287
v 0.010234 0.008414 0.010331
v -0.010359 0.008254 0.010287
v -0.010221 0.008428 0.010335
v -0.010235 -0.008413 0.010331
v -0.010359 -0.008254 0.010287
v 0.006976 0.005906 0.011000
v 0.006976 0.005906 0.010000
v 0.006976 -0.005906 0.010000
v 0.006181 0.006509 0.011000
v 0.006181 0.006509 0.010000
v 0.006976 -0.005906 0.011000
v 0.006181 -0.006509 0.010000
v 0.005777 0.007421 0.011000
v 0.005777 0.007421 0.010000
v 0.006181 -0.006509 0.011000
v 0.005777 -0.007421 0.010000
v 0.005920 0.008557 0.010002
v 0.005864 0.008415 0.011000
v 0.005896 0.008500 0.010000
v 0.005864 0.008415 0.010000
v -0.005896 0.008500 0.010000
v -0.005864 0.008415 0.010000
v 0.005864 -0.008415 0.011000
v 0.006044 -0.008794 0.010044
v 0.005896 -0.008500 0.010000
v 0.005864 -0.008415 0.010000
v -0.005953 -0.008627 0.010008
v -0.005896 -0.008500 0.010000
v -0.005767 -0.008011 0.010000
v -0.005777 0.007421 0.010000
v 0.005777 -0.007421 0.011000
v -0.006181 0.006509 0.010000
v -0.006396 -0.006278 0.010000
v -0.005870 -0.007067 0.010000
v -0.005767 -0.008011 0.010300
v -0.005777 0.007421 0.011000
v -0.006181 0.006509 0.011000
v -0.005864 0.008415 0.011000
v -0.005870 -0.007067 0.010300
v -0.006044 0.008794 0.010044
v -0.006111 -0.008896 0.010300
v -0.006396 -0.006278 0.010300
v 0.006081 0.008844 0.010069
v -0.006085 -0.008841 0.010076
v 0.006081 -0.008842 0.010069
v -0.006081 0.008842 0.010069
v 0.006108 0.008892 0.010080
v 0.006290 -0.009116 0.010212
v -0.006117 -0.008892 0.010092
v -0.006290 0.009116 0.010212
v -0.009242 -0.009079 0.010192
v 0.006325 0.009153 0.010243
v -0.006379 0.009196 0.010303
v 0.009721 -0.008857 0.010442
v 0.009995 -0.008622 0.010383
v 0.009712 0.008863 0.010443
v 0.009993 0.008621 0.010383
v -0.009994 0.008623 0.010384
v -0.009721 0.008857 0.010442
v -0.009712 -0.008863 0.010443
v -0.009993 -0.008622 0.010383
v 0.009244 0.009077 0.010192
v -0.006164 -0.008969 0.010117
v -0.006380 -0.009206 0.010294
v 0.006379 -0.009196 0.010303
v -0.009241 0.009081 0.010192
v 0.009241 -0.009081 0.010192
v -0.009168 0.009161 0.010340
v -0.009577 0.008940 0.010461
v -0.009712 0.008863 0.010443
v -0.009578 -0.008941 0.010461
v -0.009706 -0.008868 0.010444
v 0.009168 -0.009161 0.010340
v 0.009575 -0.008941 0.010461
v 0.009712 -0.008863 0.010443
v 0.009576 0.008942 0.010461
v 0.009705 0.008869 0.010444
v -0.010563 -0.008012 0.014000
v 0.010563 0.008012 0.014000
v 0.009136 0.009192 0.010518
v 0.009169 0.009160 0.010337
v -0.009183 -0.009145 0.010300
v -0.010563 0.008012 0.014000
v 0.010563 -0.008012 0.014000
v 0.006379 0.009200 0.010299
v -0.006388 -0.009214 0.010300
v 0.006420 0.009244 0.011000
v 0.006424 0.009239 0.010347
v 0.006426 -0.009237 0.010350
v -0.006582 -0.009373 0.010513
v -0.006782 -0.009500 0.010300
v -0.007700 -0.009500 0.010300
v -0.008624 -0.009376 0.010300
v -0.006782 -0.009500 0.011000
v -0.006666 -0.009428 0.010658
v -0.006740 -0.009476 0.010785
v -0.007700 -0.009500 0.014000
v -0.008624 -0.009376 0.014000
v -0.009136 -0.009192 0.010518
v -0.009136 -0.009192 0.010300
v -0.009137 -0.009191 0.010496
v -0.006426 0.009237 0.010350
v -0.009136 0.009192 0.010518
v 0.009136 -0.009192 0.010518
v 0.006577 0.009369 0.010506
v -0.006667 0.009429 0.010658
v -0.006563 0.009359 0.010488
v 0.006420 -0.009244 0.011000
v 0.006563 -0.009359 0.010488
v -0.006420 0.009244 0.011000
v 0.009713 0.008864 0.014000
v -0.009713 -0.008864 0.014000
v 0.009713 -0.008864 0.014000
v -0.009713 0.008864 0.014000
v 0.009136 0.009192 0.011000
v -0.009136 0.009192 0.011000
v 0.009136 -0.009192 0.011000
v 0.006667 -0.009429 0.010658
v 0.006666 0.009428 0.010658
v 0.006732 -0.009471 0.010762
v 0.006738 0.009475 0.010778
v 0.006782 0.009500 0.011000
v -0.006732 0.009471 0.010762
v 0.006782 -0.009500 0.011000
v -0.006782 0.009500 0.011000
v 0.008624 -0.009376 0.011000
v 0.008624 0.009376 0.014000
v 0.008624 0.009376 0.011000
v 0.007700 0.009500 0.011000
v 0.007700 -0.009500 0.014000
v 0.007700 -0.009500 0.011000
v 0.008624 -0.009376 0.014000
v 0.007700 0.009500 0.014000
v -0.007700 0.009500 0.011000
v -0.007700 0.009500 0.014000
v -0.008624 0.009376 0.011000
v -0.008624 0.009376 0.014000
v 0.010934 0.009039 0.014000
v 0.011200 0.007700 0.014000
v 0.011200 0.007700 0.017000
v 0.011200 0.005100 0.017000
v 0.011200 -0.007700 0.014000
v 0.011200 -0.006100 0.017000
v 0.010934 -0.009039 0.014000
v 0.011200 -0.007700 0.017000
v 0.010934 -0.009039 0.017000
v 0.010175 0.010175 0.014000
v 0.010934 0.009039 0.017000
v 0.010175 -0.010175 0.014000
v 0.010175 -0.010175 0.017000
v 0.009039 0.010934 0.014000
v 0.010175 0.010175 0.017000
v 0.009039 -0.010934 0.014000
v 0.009039 -0.010934 0.017000
v 0.007700 0.011200 0.014000
v 0.009039 0.010934 0.017000
v 0.007700 -0.011200 0.014000
v 0.007700 -0.011200 0.017000
v -0.007150 0.011200 0.017000
v 0.007700 0.011200 0.017000
v -0.011650 0.011200 0.014000
v -0.011650 -0.011200 0.014000
v -0.012516 0.010700 0.014000
v -0.012650 0.010200 0.014000
v -0.012150 -0.011066 0.014000
v -0.012516 -0.010700 0.014000
v -0.012650 -0.010200 0.014000
v -0.007150 0.011200 0.020500
v -0.011650 0.011200 0.032500
v -0.012150 0.011066 0.014000
v -0.011996 0.011138 0.032500
v -0.007150 -0.011200 0.017000
v -0.011650 -0.011200 0.032500
v -0.011996 -0.011138 0.032500
v -0.012357 0.010907 0.032500
v -0.012138 0.011047 0.032500
v -0.012357 -0.010907 0.032500
v -0.012138 -0.011047 0.032500
v -0.012588 0.010546 0.032500
v -0.012497 0.010688 0.032500
v -0.012588 -0.010546 0.032500
v -0.012497 -0.010688 0.032500
v -0.012650 0.000000 0.019500
v -0.012650 0.000250 0.019567
v -0.012650 0.000433 0.019750
v -0.012650 0.000500 0.020000
v -0.012650 0.010200 0.032500
v -0.012650 -0.010200 0.032500
v -0.012650 -0.000433 0.020250
v -0.012650 -0.000500 0.020000
v -0.012650 -0.000433 0.019750
v -0.012650 -0.000250 0.019567
v -0.002750 -0.008602 0.017118
v -0.002750 -0.007700 0.017000
v -0.002682 -0.008391 0.017000
v -0.002613 -0.008638 0.017000
v -0.007150 -0.007700 0.017000
v -0.002750 -0.009018 0.017312
v -0.002494 -0.009063 0.017000
v 0.017650 0.005100 0.017000
v 0.017650 -0.006100 0.017000
v 0.019300 -0.006100 0.017144
v 0.019300 0.005100 0.017144
v 0.017650 0.005337 0.017028
v 0.017650 -0.006442 0.017079
v 0.006420 0.005100 0.017000
v 0.007026 0.005446 0.017063
v 0.008596 -0.006446 0.017063
v 0.008103 -0.006100 0.017000
v 0.006420 0.010200 0.017000
v 0.008103 -0.010200 0.017000
v 0.008606 -0.010200 0.017065
v 0.008600 -0.010426 0.017089
v 0.008103 -0.010426 0.017026
v -0.001805 -0.010496 0.017045
v -0.001949 -0.010200 0.017000
v -0.001949 0.010200 0.017000
v -0.001927 0.010237 0.017001
v -0.001791 0.010534 0.017058
v 0.006420 0.010426 0.017026
v 0.007229 0.010200 0.017111
v 0.007229 0.005558 0.017111
v 0.007040 0.005454 0.017065
v -0.002750 0.010568 0.018493
v -0.002750 0.010137 0.018063
v -0.002750 0.009707 0.017632
v -0.001972 0.010153 0.017000
v -0.001793 -0.010543 0.017068
v -0.002750 -0.010137 0.018063
v -0.001977 -0.010150 0.017000
v -0.007150 0.007700 0.017000
v -0.002750 0.008602 0.017118
v -0.002750 0.007700 0.017000
v -0.002745 0.007886 0.017000
v -0.007150 0.010934 0.019161
v -0.007150 0.010175 0.018025
v -0.007150 0.009039 0.017266
v -0.002620 0.008636 0.017000
v -0.002416 0.009266 0.017000
v -0.002648 0.008551 0.017000
v -0.007150 -0.009039 0.017266
v -0.007150 -0.011200 0.020500
v -0.002109 -0.009912 0.017000
v -0.007150 -0.010175 0.018025
v -0.007150 -0.010934 0.019161
v -0.002750 -0.009707 0.017632
v -0.002750 0.009018 0.017312
v 0.008103 -0.010538 0.017080
v -0.001787 0.010547 0.017064
v 0.006420 0.010539 0.017080
v 0.007222 0.010426 0.017136
v 0.019295 0.005337 0.017172
v 0.017650 0.005438 0.017078
v 0.008606 -0.006453 0.017065
v 0.017650 0.005729 0.017223
v -0.001725 0.010784 0.017188
v 0.009103 -0.006710 0.017208
v 0.017650 -0.006537 0.017100
v 0.009990 -0.010200 0.017538
v 0.009365 -0.006796 0.017303
v 0.009841 -0.006951 0.017475
v 0.017650 0.005793 0.017304
v -0.001724 -0.010792 0.017194
v -0.001724 -0.010899 0.017301
v 0.019261 0.005729 0.017364
v 0.019282 -0.006537 0.017243
v 0.008599 -0.010436 0.017094
v 0.008103 -0.010819 0.017215
v 0.006420 0.010819 0.017215
v 0.007171 0.010819 0.017318
v 0.009979 -0.010437 0.017564
v 0.009903 -0.010829 0.017743
v 0.008552 -0.010819 0.017273
v 0.017650 -0.006795 0.017308
v 0.008704 0.010200 0.017656
v 0.008704 0.006038 0.017656
v 0.008698 0.006038 0.017653
v 0.008693 0.006037 0.017651
v 0.007957 0.005857 0.017346
v 0.007816 0.005801 0.017300
v 0.007326 0.005608 0.017139
v 0.008693 0.010426 0.017679
v 0.019915 -0.006100 0.017309
v 0.019915 0.005100 0.017309
v 0.020889 0.005337 0.017600
v 0.020899 0.005100 0.017573
v -0.001725 0.010901 0.017306
v 0.008103 -0.010892 0.017305
v 0.006420 0.010895 0.017309
v 0.019234 -0.006885 0.017519
v 0.020769 -0.006885 0.017931
v 0.020865 -0.006537 0.017667
v 0.009764 -0.011105 0.018066
v 0.008465 -0.011100 0.017610
v 0.008103 -0.011100 0.017563
v -0.001724 -0.011008 0.017410
v 0.017650 -0.006885 0.017381
v 0.017650 0.006005 0.017574
v 0.019200 0.006005 0.017710
v -0.001790 0.011140 0.017661
v -0.001725 0.011014 0.017419
v 0.006420 0.011100 0.017563
v 0.007077 0.011100 0.017654
v 0.020899 -0.006100 0.017573
v 0.008614 0.010819 0.017851
v 0.020823 0.005729 0.017782
v 0.017650 -0.007020 0.017662
v 0.010241 -0.007023 0.017659
v 0.008103 -0.011121 0.017658
v -0.001793 -0.011131 0.017657
v 0.006420 0.011123 0.017665
v 0.019165 -0.007074 0.017907
v 0.020634 -0.007074 0.018301
v 0.010336 -0.010200 0.017718
v 0.011171 -0.010829 0.018403
v 0.011273 -0.010437 0.018238
v 0.022054 -0.006100 0.018111
v 0.022054 0.005100 0.018111
v 0.022350 -0.006537 0.018360
v 0.017650 0.006025 0.017657
v 0.022386 0.005337 0.018297
v 0.009607 -0.011200 0.018433
v 0.008361 -0.011194 0.018008
v 0.017650 0.006100 0.018000
v 0.017650 0.006100 0.017974
v 0.006959 0.011200 0.018074
v 0.008283 0.011200 0.018562
v 0.008467 0.011100 0.018167
v 0.010073 0.010200 0.018431
v 0.010073 0.006100 0.018431
v 0.009376 0.006100 0.018000
v 0.019131 0.006100 0.018103
v -0.001806 -0.011156 0.017706
v 0.008103 -0.011200 0.018000
v 0.010343 -0.007041 0.017706
v -0.001949 0.011200 0.018000
v -0.001791 0.011143 0.017667
v 0.006420 0.011200 0.018000
v 0.017650 -0.007074 0.017774
v 0.010575 -0.007083 0.017812
v 0.022210 -0.006885 0.018602
v 0.010058 0.010426 0.018452
v -0.001949 -0.011200 0.018000
v 0.020703 0.006005 0.018113
v 0.011288 -0.010200 0.018214
v 0.010985 -0.011105 0.018702
v 0.019126 -0.007100 0.018129
v 0.017650 -0.007100 0.018000
v 0.010926 -0.007100 0.018000
v 0.022289 0.005729 0.018466
v 0.009952 0.010819 0.018609
v 0.020557 -0.007100 0.018513
v 0.022013 -0.007074 0.018943
v 0.018884 0.006100 0.018090
v 0.017038 0.006100 0.023819
v 0.014000 -0.007100 0.021417
v 0.013873 -0.007100 0.020716
v 0.018262 -0.007100 0.023819
v 0.017038 -0.007100 0.023819
v 0.013510 -0.007100 0.020105
v 0.012168 -0.007100 0.018829
v 0.015935 -0.007100 0.024350
v 0.015172 -0.007100 0.025307
v 0.012155 -0.010200 0.018846
v 0.008354 -0.011200 0.018032
v 0.009582 -0.011200 0.018497
v -0.001972 0.011200 0.018047
v 0.009950 0.011200 0.020086
v -0.002750 -0.010568 0.018493
v -0.001977 -0.011200 0.018050
v -0.002412 0.011200 0.018926
v -0.002084 -0.011200 0.018241
v 0.010775 -0.011200 0.019041
v 0.018262 0.006100 0.023819
v 0.019121 0.006100 0.018150
v 0.020556 0.006100 0.018517
v 0.020566 0.006100 0.018488
v 0.022400 -0.006100 0.018273
v 0.022400 0.005100 0.018273
v 0.022113 0.006005 0.018770
v 0.009511 0.011200 0.019258
v 0.009756 0.011100 0.018897
v 0.012452 -0.010437 0.019097
v 0.012326 -0.010829 0.019245
v -0.002750 -0.010888 0.019182
v -0.002481 -0.011200 0.019102
v 0.023756 -0.006100 0.019223
v 0.023756 0.005100 0.019223
v 0.023692 -0.006537 0.019299
v 0.023738 0.005337 0.019244
v 0.021900 -0.007100 0.019139
v 0.023512 -0.006885 0.019514
v 0.012098 -0.011105 0.019513
v 0.010542 0.010200 0.018876
v 0.010717 0.006100 0.019149
v 0.015935 0.006100 0.024350
v 0.010113 -0.011200 0.018699
v 0.010522 0.010426 0.018891
v 0.023613 0.005729 0.019393
v 0.020595 0.006100 0.018526
v 0.021913 0.006100 0.019116
v -0.002750 0.010888 0.019182
v -0.002750 -0.011200 0.032500
v -0.002750 -0.011200 0.020500
v -0.002681 -0.011200 0.019806
v -0.002612 -0.011200 0.019561
v 0.019365 -0.007100 0.024350
v 0.019365 0.006100 0.024350
v 0.021886 0.006100 0.019167
v 0.023259 -0.007074 0.019816
v 0.010371 0.010819 0.019006
v 0.010735 -0.011200 0.019104
v 0.011839 -0.011200 0.019817
v 0.023387 0.006005 0.019663
v 0.012470 -0.010200 0.019076
v 0.010694 0.010200 0.019162
v 0.010821 0.010426 0.019456
v 0.010094 0.011100 0.019217
v -0.002621 0.011200 0.019564
v 0.023114 -0.007100 0.019989
v 0.010642 0.010819 0.019516
v 0.011690 -0.011200 0.019726
v 0.013510 -0.010200 0.020105
v 0.013490 -0.010426 0.020122
v 0.013486 -0.010436 0.020125
v 0.013347 -0.010819 0.020246
v -0.002750 -0.011082 0.019597
v 0.009592 -0.011200 0.034531
v -0.002744 -0.011200 0.032693
v 0.022215 0.006100 0.019330
v 0.023130 0.006100 0.019969
v 0.010845 0.010200 0.019447
v 0.010950 0.006100 0.020086
v 0.014900 0.006100 0.026500
v 0.015172 0.006100 0.025307
v -0.002750 0.011082 0.019597
v 0.010311 0.011100 0.019627
v 0.009746 0.011200 0.019481
v 0.023936 -0.006100 0.019402
v 0.023936 0.005100 0.019402
v 0.024906 0.005337 0.020412
v 0.024927 0.005100 0.020393
v 0.013084 -0.011100 0.020474
v 0.024636 -0.006885 0.020638
v 0.024850 -0.006537 0.020458
v 0.023083 0.006100 0.020026
v 0.024757 0.005729 0.020537
v 0.024927 -0.006100 0.020393
v 0.010950 0.010200 0.020086
v 0.010797 0.010691 0.020086
v 0.010924 0.010426 0.020086
v 0.009898 0.011200 0.019767
v -0.012150 -0.000250 0.019567
v -0.012150 0.000000 0.019500
v -0.012150 0.000250 0.019567
v -0.012150 0.000000 0.020000
v 0.012774 -0.011194 0.020744
v 0.024334 -0.007074 0.020891
v 0.010442 0.011055 0.020086
v 0.010735 0.010819 0.020086
v -0.002644 0.011200 0.019635
v -0.012150 0.000433 0.019750
v -0.012150 -0.000433 0.019750
v -0.002750 0.011200 0.020500
v -0.002744 0.011200 0.020307
v 0.010387 0.011100 0.020086
v 0.023669 0.006100 0.020462
v 0.024487 0.006005 0.020763
v 0.011813 -0.011200 0.019846
v -0.012150 0.000500 0.020000
v -0.012150 -0.000500 0.020000
v 0.024161 -0.007100 0.021036
v 0.012755 -0.011200 0.020761
v 0.009754 -0.011200 0.034474
v 0.011793 -0.011200 0.033132
v 0.011376 -0.011200 0.033518
v 0.010737 -0.011200 0.033895
v 0.013000 -0.011200 0.021417
v -0.012150 0.000433 0.020250
v -0.012650 0.000433 0.020250
v -0.012150 0.000250 0.020433
v -0.012150 -0.000433 0.020250
v -0.012150 -0.000250 0.020433
v -0.012150 0.000000 0.020500
v 0.023660 0.006100 0.020490
v 0.010924 0.010426 0.032914
v 0.010950 0.010200 0.032914
v 0.010950 0.006100 0.032914
v 0.015172 0.006100 0.027693
v 0.010797 0.010691 0.032914
v 0.010735 0.010819 0.032914
v 0.010442 0.011055 0.032914
v 0.010387 0.011100 0.032914
v 0.009950 0.011200 0.032914
v 0.013849 -0.010426 0.020725
v 0.013873 -0.010200 0.020716
v 0.013672 -0.010819 0.020792
v 0.013346 -0.011100 0.020914
v -0.012650 0.000250 0.020433
v -0.012650 0.008451 0.032165
v -0.012650 0.007338 0.032089
v -0.012650 -0.008451 0.032165
v -0.012650 -0.000250 0.020433
v -0.012650 -0.009383 0.032776
v 0.025439 -0.006100 0.021124
v 0.025439 0.005100 0.021124
v 0.025790 -0.006537 0.021800
v 0.025853 0.005337 0.021764
v -0.012650 0.000000 0.020500
v -0.012650 0.006331 0.032569
v -0.012650 -0.007338 0.032089
v 0.025548 -0.006885 0.021940
v 0.024181 0.006100 0.021020
v 0.024126 0.006100 0.021065
v -0.002750 0.011200 0.032500
v 0.009746 0.011200 0.033519
v 0.009898 0.011200 0.033233
v -0.012650 -0.005689 0.033481
v -0.012650 -0.005564 0.034500
v -0.012650 -0.006331 0.032569
v -0.012650 0.005689 0.033481
v 0.025684 0.005729 0.021861
v 0.025207 -0.007074 0.022137
v 0.014000 -0.010200 0.021417
v 0.013974 -0.010426 0.021417
v 0.013847 -0.010691 0.021417
v 0.012937 -0.011200 0.021067
v 0.025380 0.006005 0.022037
v 0.024628 0.006100 0.021601
v 0.013785 -0.010819 0.021417
v 0.013492 -0.011055 0.021417
v 0.025011 -0.007100 0.022250
v 0.013437 -0.011100 0.021417
v 0.020128 -0.007100 0.025307
v 0.024774 0.006100 0.021864
v 0.025877 -0.006100 0.021750
v 0.025877 0.005100 0.021750
v 0.014000 -0.007100 0.031583
v 0.014000 -0.010200 0.031583
v 0.014900 -0.007100 0.026500
v 0.013974 -0.010426 0.031583
v 0.013847 -0.010691 0.031583
v 0.013785 -0.010819 0.031583
v 0.013492 -0.011055 0.031583
v 0.013437 -0.011100 0.031583
v 0.013000 -0.011200 0.031583
v 0.025034 0.006100 0.022237
v 0.026523 -0.006100 0.023136
v 0.026523 0.005100 0.023136
v 0.026550 0.005337 0.023261
v 0.026219 -0.006885 0.023381
v 0.026483 -0.006537 0.023285
v 0.026368 0.005729 0.023327
v 0.020128 0.006100 0.025307
v 0.024981 0.006100 0.022266
v 0.025849 -0.007074 0.023516
v 0.026037 0.006005 0.023447
v 0.025637 -0.007100 0.023593
v 0.025569 0.006100 0.023410
v 0.025662 0.006100 0.023584
v 0.026577 -0.006100 0.023251
v 0.026577 0.005100 0.023251
v 0.027006 -0.006100 0.024850
v 0.027006 0.005100 0.024850
v 0.026907 -0.006537 0.024868
v 0.026978 0.005337 0.024855
v 0.026631 -0.006885 0.024916
v 0.026786 0.005729 0.024889
v 0.026243 -0.007074 0.024985
v 0.025618 0.006100 0.023598
v 0.026440 0.006005 0.024950
v 0.026021 -0.007100 0.025024
v 0.025995 0.006100 0.025031
v 0.026047 0.006100 0.025019
v 0.027050 -0.006100 0.025358
v 0.027050 0.005100 0.025358
v 0.027121 0.005337 0.026500
v 0.027150 0.005100 0.026500
v 0.026769 -0.006885 0.026500
v 0.027050 -0.006537 0.026500
v 0.026927 0.005729 0.026500
v 0.026376 -0.007074 0.026500
v 0.026576 0.006005 0.026500
v 0.026150 -0.007100 0.026500
v 0.026064 0.006100 0.025292
v 0.026176 0.006100 0.026500
v 0.020400 -0.007100 0.026500
v 0.020400 0.006100 0.026500
v 0.026121 0.006100 0.026501
v 0.027150 -0.006100 0.026500
v 0.027050 -0.006100 0.027642
v 0.027050 0.005100 0.027642
v 0.015172 -0.007100 0.027693
v 0.020128 0.006100 0.027693
v 0.026140 0.006100 0.026904
v 0.026021 -0.007100 0.027976
v 0.020128 -0.007100 0.027693
v 0.026243 -0.007074 0.028015
v 0.026631 -0.006885 0.028084
v 0.026978 0.005337 0.028145
v 0.026786 0.005729 0.028111
v 0.026047 0.006100 0.027981
v 0.026440 0.006005 0.028050
v 0.026907 -0.006537 0.028132
v 0.025979 0.006100 0.027970
v 0.027006 -0.006100 0.028150
v 0.027006 0.005100 0.028150
v 0.025255 0.006100 0.030297
v 0.025594 0.006100 0.029391
v 0.025881 0.006100 0.028623
v 0.023099 0.006100 0.032996
v 0.024150 0.006100 0.031953
v 0.019365 0.006100 0.028650
v 0.024261 0.006100 0.031843
v 0.024978 0.006100 0.030728
v 0.025011 -0.007100 0.030750
v 0.024161 -0.007100 0.031964
v 0.019365 -0.007100 0.028650
v 0.025637 -0.007100 0.029407
v 0.015935 0.006100 0.028650
v 0.015935 -0.007100 0.028650
v 0.013873 -0.007100 0.032283
v 0.026037 0.006005 0.029553
v 0.025884 0.006100 0.028711
v 0.025849 -0.007074 0.029484
v 0.026368 0.005729 0.029673
v 0.026219 -0.006885 0.029619
v 0.026550 0.005337 0.029739
v 0.026483 -0.006537 0.029715
v 0.026577 0.005100 0.029749
v 0.026577 -0.006100 0.029749
v 0.025662 0.006100 0.029416
v 0.018262 0.006100 0.029181
v 0.021875 0.006100 0.033821
v 0.022944 0.006100 0.033150
v 0.023114 -0.007100 0.033011
v 0.021900 -0.007100 0.033861
v 0.018262 -0.007100 0.029181
v 0.010717 0.006100 0.033851
v 0.017038 0.006100 0.029181
v 0.017038 -0.007100 0.029181
v 0.019122 0.006100 0.034837
v 0.019512 0.006100 0.034794
v 0.020539 0.006100 0.034436
v 0.021333 0.006100 0.034161
v 0.019126 -0.007100 0.034871
v 0.020557 -0.007100 0.034487
v 0.017650 0.006100 0.035000
v 0.017650 -0.007100 0.035000
v 0.025374 0.006100 0.030110
v 0.025380 0.006005 0.030963
v 0.025207 -0.007074 0.030863
v 0.025684 0.005729 0.031139
v 0.025548 -0.006885 0.031060
v 0.025853 0.005337 0.031236
v 0.026523 -0.006100 0.029864
v 0.025790 -0.006537 0.031200
v 0.026523 0.005100 0.029864
v 0.025877 -0.006100 0.031250
v 0.025877 0.005100 0.031250
v 0.025034 0.006100 0.030763
v 0.024181 0.006100 0.031980
v 0.024487 0.006005 0.032237
v 0.024334 -0.007074 0.032109
v 0.024757 0.005729 0.032463
v 0.024636 -0.006885 0.032362
v 0.024906 0.005337 0.032588
v 0.025439 -0.006100 0.031876
v 0.024850 -0.006537 0.032542
v 0.025439 0.005100 0.031876
v 0.013849 -0.010426 0.032274
v 0.013873 -0.010200 0.032283
v 0.013672 -0.010819 0.032208
v 0.013346 -0.011100 0.032086
v 0.012937 -0.011200 0.031933
v 0.012755 -0.011200 0.032239
v 0.024927 -0.006100 0.032606
v 0.024927 0.005100 0.032606
v 0.012774 -0.011194 0.032256
v 0.023130 0.006100 0.033031
v 0.023387 0.006005 0.033337
v 0.013084 -0.011100 0.032526
v -0.011150 0.008451 0.032165
v -0.011150 0.007338 0.032089
v -0.011150 0.006331 0.032569
v -0.011150 0.005689 0.033481
v -0.011150 0.006023 0.035613
v -0.011150 0.007700 0.036000
v -0.011150 0.005576 0.034590
v -0.011150 0.009039 0.035734
v -0.011150 0.009601 0.035439
v -0.011150 0.009857 0.034881
v -0.011150 0.009896 0.033767
v -0.011150 0.009383 0.032776
v -0.011150 -0.006331 0.032569
v -0.011150 -0.007338 0.032089
v -0.011150 -0.008451 0.032165
v -0.011150 -0.005689 0.033481
v -0.011150 -0.009039 0.035734
v -0.011150 -0.007700 0.036000
v -0.011150 -0.006023 0.035613
v -0.011150 -0.006417 0.036000
v -0.011150 -0.009857 0.034881
v 0.023259 -0.007074 0.033184
v -0.012650 0.009383 0.032776
v -0.011150 -0.009383 0.032776
v 0.013486 -0.010436 0.032875
v 0.013347 -0.010819 0.032754
v 0.023613 0.005729 0.033607
v 0.011839 -0.011200 0.033183
v 0.013490 -0.010426 0.032878
v 0.013510 -0.007100 0.032895
v 0.013510 -0.010200 0.032895
v 0.023512 -0.006885 0.033486
v 0.023738 0.005337 0.033756
v -0.002681 0.011200 0.033194
v -0.002750 0.011082 0.033402
v -0.002750 -0.011082 0.033402
v -0.011650 -0.011111 0.033283
v -0.011650 0.011111 0.033283
v -0.011996 0.011051 0.033269
v -0.011996 -0.011051 0.033269
v -0.012357 0.010826 0.033217
v -0.012357 -0.010826 0.033217
v -0.012588 0.010474 0.033137
v -0.012588 -0.010474 0.033137
v -0.012650 0.010137 0.033059
v -0.012650 -0.010137 0.033059
v 0.012098 -0.011105 0.033487
v 0.023692 -0.006537 0.033700
v 0.023936 -0.006100 0.033598
v 0.023936 0.005100 0.033598
v -0.002644 -0.011200 0.033365
v 0.012326 -0.010829 0.033755
v -0.012650 0.009884 0.033716
v -0.012650 -0.009884 0.033716
v -0.011150 -0.009896 0.033767
v -0.012650 0.009892 0.033701
v -0.012650 -0.009892 0.033701
v 0.012452 -0.010437 0.033903
v 0.012470 -0.010200 0.033924
v 0.012168 -0.007100 0.034171
v 0.010845 0.010200 0.033553
v 0.010821 0.010426 0.033544
v 0.010642 0.010819 0.033484
v 0.010311 0.011100 0.033373
v 0.021913 0.006100 0.033884
v 0.022113 0.006005 0.034230
v -0.012588 -0.010196 0.033868
v -0.012588 0.010196 0.033868
v -0.012357 -0.010513 0.034041
v 0.010775 -0.011200 0.033959
v 0.022013 -0.007074 0.034057
v -0.002612 0.011200 0.033439
v -0.012357 0.010513 0.034041
v -0.011996 -0.010715 0.034152
v 0.010094 0.011100 0.033783
v -0.011650 0.010904 0.033828
v -0.011996 0.010715 0.034152
v -0.002750 0.010888 0.033818
v -0.011650 -0.010904 0.033828
v 0.022289 0.005729 0.034534
v -0.002621 -0.011200 0.033436
v 0.010371 0.010819 0.033994
v -0.002481 0.011200 0.033898
v -0.002750 -0.010888 0.033818
v -0.002412 -0.011200 0.034074
v -0.012564 0.005592 0.034586
v -0.011150 -0.005576 0.034590
v -0.012564 -0.005592 0.034586
v -0.012650 0.005564 0.034500
v 0.010522 0.010426 0.034109
v 0.022210 -0.006885 0.034398
v 0.010985 -0.011105 0.034298
v 0.008283 0.011200 0.034438
v 0.009511 0.011200 0.033742
v -0.002084 0.011200 0.034759
v -0.001977 0.011200 0.034950
v 0.006420 0.011200 0.035000
v -0.001949 0.011200 0.035000
v 0.009756 0.011100 0.034103
v 0.010694 0.010200 0.033838
v 0.023756 -0.006100 0.033777
v 0.023756 0.005100 0.033777
v 0.022386 0.005337 0.034703
v 0.022350 -0.006537 0.034640
v -0.012645 -0.009891 0.033767
v -0.012649 0.009896 0.033767
v 0.011171 -0.010829 0.034597
v 0.022400 0.005100 0.034727
v -0.012431 0.009899 0.034719
v -0.012447 0.009905 0.034671
v -0.012587 0.009950 0.034248
v -0.012588 0.009949 0.034243
v -0.012649 0.009900 0.033783
v -0.012271 0.009849 0.034879
v -0.012602 -0.009949 0.034178
v -0.012584 -0.009944 0.034240
v -0.012463 -0.009914 0.034645
v -0.012451 -0.009909 0.034672
v -0.012431 -0.009899 0.034719
v 0.022400 -0.006100 0.034727
v 0.009952 0.010819 0.034391
v -0.002750 0.010568 0.034507
v -0.002750 -0.010568 0.034507
v -0.011650 -0.010196 0.034954
v -0.011650 -0.010769 0.034182
v -0.011650 0.010769 0.034182
v 0.010542 0.010200 0.034124
v 0.010073 0.006100 0.034569
v 0.020703 0.006005 0.034887
v 0.021234 0.006100 0.034236
v 0.012155 -0.010200 0.034154
v 0.011273 -0.010437 0.034762
v 0.009607 -0.011200 0.034567
v 0.010058 0.010426 0.034548
v -0.012357 0.009987 0.034748
v -0.011996 -0.010152 0.034911
v -0.012357 -0.009987 0.034748
v 0.020634 -0.007074 0.034699
v -0.001972 -0.011200 0.034953
v 0.008614 0.010819 0.035149
v 0.008467 0.011100 0.034833
v 0.010073 0.010200 0.034569
v -0.011996 0.010152 0.034911
v 0.011288 -0.010200 0.034786
v 0.010926 -0.007100 0.035000
v -0.011650 0.010196 0.034954
v 0.020823 0.005729 0.035218
v 0.020566 0.006100 0.034512
v 0.009764 -0.011105 0.034934
v 0.008693 0.010426 0.035321
v 0.020769 -0.006885 0.035069
v 0.006959 0.011200 0.034926
v -0.002750 0.010137 0.034937
v -0.001949 -0.011200 0.035000
v -0.001790 -0.011140 0.035339
v -0.001725 -0.011014 0.035581
v -0.001725 -0.010901 0.035694
v -0.001787 -0.010547 0.035936
v -0.001791 -0.010534 0.035942
v -0.001927 -0.010237 0.035999
v -0.001949 -0.010200 0.036000
v -0.002750 -0.010137 0.034937
v -0.011650 -0.010173 0.034972
v 0.019131 0.006100 0.034896
v 0.019200 0.006005 0.035290
v 0.008361 -0.011194 0.034992
v 0.008354 -0.011200 0.034968
v 0.008103 -0.011200 0.035000
v 0.020889 0.005337 0.035400
v 0.008704 0.010200 0.035344
v 0.009376 0.006100 0.035000
v -0.011807 -0.005841 0.035343
v -0.011813 0.005837 0.035337
v -0.011564 -0.006054 0.035586
v 0.009903 -0.010829 0.035257
v 0.022054 -0.006100 0.034889
v 0.020865 -0.006537 0.035333
v -0.012352 -0.009928 0.034798
v 0.019165 -0.007074 0.035093
v 0.020899 0.005100 0.035427
v 0.022054 0.005100 0.034889
v -0.012376 0.009934 0.034774
v -0.012271 -0.009849 0.034879
v -0.012355 0.009937 0.034795
v -0.012249 -0.009965 0.034900
v 0.009979 -0.010437 0.035436
v 0.010336 -0.010200 0.035282
v -0.012202 0.009963 0.034948
v 0.007077 0.011100 0.035346
v 0.007171 0.010819 0.035682
v -0.012060 0.009784 0.035089
v -0.011994 0.009875 0.035156
v -0.012060 -0.009784 0.035089
v -0.011650 0.009601 0.035439
v -0.011683 0.009602 0.035437
v -0.011650 -0.009601 0.035439
v -0.011150 -0.009601 0.035439
v -0.011716 -0.009604 0.035434
v -0.011683 -0.009602 0.035437
v 0.019261 0.005729 0.035636
v 0.020899 -0.006100 0.035427
v 0.017650 0.006100 0.035026
v 0.017650 0.006025 0.035343
v -0.012035 -0.009909 0.035115
v -0.011650 0.010173 0.034972
v -0.011958 0.009860 0.035192
v -0.011995 -0.009875 0.035155
v 0.006420 0.011121 0.035342
v 0.008465 -0.011100 0.035390
v -0.001724 0.010899 0.035699
v -0.001724 0.011008 0.035590
v -0.001793 0.011131 0.035343
v -0.001806 0.011156 0.035294
v -0.002750 0.009707 0.035368
v -0.001977 0.010150 0.036000
v -0.001793 0.010543 0.035932
v -0.001949 0.010200 0.036000
v -0.002750 -0.009707 0.035368
v -0.011716 0.009604 0.035434
v -0.011798 -0.009710 0.035352
v 0.008103 -0.011123 0.035335
v -0.001791 -0.011143 0.035333
v 0.017650 -0.007074 0.035226
v 0.010344 -0.007047 0.035297
v 0.009181 0.006094 0.035107
v 0.019234 -0.006885 0.035481
v 0.017650 -0.007020 0.035338
v 0.008702 0.006028 0.035339
v 0.007222 0.010426 0.035864
v 0.019295 0.005337 0.035828
v 0.008552 -0.010819 0.035727
v 0.009990 -0.010200 0.035462
v 0.010247 -0.007038 0.035347
v 0.017650 0.006005 0.035425
v 0.017650 0.005793 0.035696
v 0.007229 0.010200 0.035889
v 0.019282 -0.006537 0.035757
v 0.008103 -0.011100 0.035437
v -0.011565 0.006054 0.035585
v 0.017650 -0.006885 0.035619
v 0.010243 -0.007038 0.035349
v 0.008693 0.006027 0.035343
v 0.006420 0.011100 0.035437
v 0.008508 0.006002 0.035433
v -0.011150 0.006417 0.036000
v 0.006420 0.010892 0.035695
v 0.008606 -0.010200 0.035935
v 0.009498 -0.006854 0.035657
v -0.002750 0.009018 0.035688
v -0.002494 0.009063 0.036000
v -0.002109 0.009912 0.036000
v -0.001972 -0.010153 0.036000
v -0.002416 -0.009266 0.036000
v -0.002750 -0.009018 0.035688
v 0.008103 -0.010895 0.035691
v 0.019915 0.005100 0.035691
v 0.019915 -0.006100 0.035691
v 0.007844 0.005819 0.035695
v 0.008600 -0.010426 0.035910
v 0.008599 -0.010436 0.035906
v 0.017650 -0.006795 0.035692
v 0.009366 -0.006802 0.035701
v 0.017650 0.005729 0.035777
v 0.017650 0.005438 0.035922
v 0.006420 0.010538 0.035920
v 0.006420 0.010819 0.035785
v -0.002750 0.008602 0.035882
v -0.002613 0.008638 0.036000
v -0.002620 -0.008636 0.036000
v -0.002750 -0.008602 0.035882
v 0.019300 -0.006100 0.035856
v 0.019300 0.005100 0.035856
v 0.008103 -0.010819 0.035785
v 0.017650 -0.006537 0.035900
v 0.008879 -0.006610 0.035860
v -0.001725 -0.010784 0.035812
v 0.007811 0.005805 0.035705
v -0.001724 0.010792 0.035806
v 0.007229 0.005558 0.035889
v 0.008103 -0.010539 0.035919
v 0.017650 -0.006442 0.035921
v 0.017650 0.005337 0.035972
v 0.017650 0.005100 0.036000
v 0.017650 -0.006100 0.036000
v 0.008606 -0.006453 0.035935
v 0.006420 0.010426 0.035974
v 0.006420 0.010200 0.036000
v -0.002750 0.007700 0.036000
v -0.002682 0.008391 0.036000
v -0.002745 -0.007886 0.036000
v -0.002750 -0.007700 0.036000
v -0.002648 -0.008551 0.036000
v 0.007022 0.005442 0.035926
v 0.008103 -0.010426 0.035974
v 0.008596 -0.006446 0.035938
v 0.008592 -0.006443 0.035939
v 0.006667 0.005243 0.035990
v -0.001805 0.010496 0.035955
v 0.008103 -0.010200 0.036000
v 0.008103 -0.006100 0.036000
v 0.006420 0.005100 0.036000
v -0.012650 0.000000 0.019500
v -0.012650 0.000000 0.001100
v -0.012650 -0.002617 0.001237
v -0.012650 0.002617 0.001237
v -0.014650 0.000000 0.001100
v -0.014650 0.002617 0.001237
v -0.014650 -0.002617 0.001237
v -0.014650 -0.010403 0.012357
v -0.014650 -0.008335 0.028939
v -0.014650 -0.005046 0.029680
v -0.014650 -0.001694 0.030053
v -0.014650 0.008320 0.028943
v -0.014650 0.010388 0.028276
v -0.014650 0.010388 0.012336
v -0.014650 0.001678 0.030054
v -0.014650 0.005030 0.029682
v -0.012650 0.010657 0.012720
v -0.012650 -0.010657 0.012720
v -0.014517 0.010524 0.012530
v -0.014526 -0.010532 0.012541
v -0.014650 -0.010403 0.028271
v -0.014469 0.010570 0.012595
v -0.014497 -0.010559 0.012581
v -0.014495 -0.010557 0.030203
v -0.014395 -0.010657 0.012720
v -0.014460 0.010563 0.030219
v -0.014377 0.010657 0.012720
v -0.012650 0.011061 0.013539
v -0.014092 0.010896 0.013124
v -0.012650 -0.011061 0.013539
v -0.013883 -0.011055 0.013541
v -0.014060 -0.010934 0.013205
v -0.013868 0.011057 0.013540
v -0.012650 0.011200 0.014441
v -0.013697 0.011171 0.014025
v -0.013842 0.011077 0.013590
v -0.012650 -0.011200 0.014441
v -0.013650 -0.011200 0.014441
v -0.013688 -0.011178 0.014078
v -0.013831 -0.011091 0.013640
v -0.013650 0.011200 0.014441
v -0.014363 0.010656 0.030442
v -0.013650 0.011200 0.031863
v -0.012650 0.011200 0.035600
v -0.013650 -0.011200 0.031485
v -0.012650 -0.011200 0.035600
v -0.014208 0.010803 0.030797
v -0.013867 0.011046 0.031449
v -0.013735 0.011139 0.031699
v -0.013730 -0.011147 0.031375
v -0.013822 -0.011085 0.031248
v -0.014006 -0.010962 0.030994
v -0.014142 -0.010871 0.030806
v -0.014332 -0.010702 0.030482
v -0.013150 0.000250 0.019567
v -0.013150 0.000000 0.019500
v -0.013150 -0.000250 0.019567
v -0.013150 0.000000 0.020000
v -0.013150 0.000433 0.019750
v -0.013150 -0.000433 0.019750
v -0.013150 0.000500 0.020000
v -0.013150 -0.000500 0.020000
v -0.013150 0.000433 0.020250
v -0.013150 -0.000250 0.020433
v -0.013150 -0.000433 0.020250
v -0.013150 0.000250 0.020433
v -0.013150 0.000000 0.020500
v -0.012650 0.000000 0.020500
v -0.014549 -0.010509 0.030110
v -0.014825 -0.010195 0.029464
v -0.014730 -0.010314 0.028303
v -0.014883 0.010119 0.028373
v -0.014776 0.010236 0.029432
v -0.014696 0.010338 0.029676
v -0.014880 -0.010132 0.029334
v -0.015139 -0.009767 0.028494
v -0.015093 0.009836 0.028471
v -0.015293 0.009466 0.028593
v -0.015173 -0.009713 0.028512
v -0.015109 -0.009784 0.029567
v -0.015321 -0.009409 0.028611
v -0.015083 0.009818 0.029535
v -0.015366 0.009332 0.028637
v -0.015404 -0.009238 0.028667
v -0.015451 0.009056 0.028723
v -0.015310 0.009333 0.029637
v -0.015319 -0.009314 0.029669
v -0.015462 -0.009016 0.028736
v -0.015271 0.009056 0.030826
v -0.015525 0.008815 0.028798
v -0.015549 -0.008683 0.028838
v -0.015546 0.008619 0.028856
v -0.015443 -0.008812 0.029764
v -0.015554 -0.008601 0.028862
v -0.015579 0.008320 0.028943
v -0.015570 -0.008335 0.028938
v -0.015464 -0.008297 0.029851
v -0.015580 -0.008172 0.028985
v -0.015580 0.008311 0.028946
v -0.015522 0.006089 0.029486
v -0.015567 0.007760 0.029096
v -0.015580 0.008169 0.028986
v -0.015473 0.008290 0.029852
v -0.015531 -0.006428 0.029415
v -0.015499 -0.005044 0.029673
v -0.014753 -0.010255 0.030619
v -0.015500 0.005028 0.029671
v -0.014775 0.010212 0.030576
v -0.015072 -0.009700 0.030752
v -0.015086 0.009663 0.030707
v -0.015262 -0.009087 0.030872
v -0.015485 0.004375 0.029785
v -0.015493 -0.004754 0.029727
v -0.015477 -0.003765 0.029853
v -0.015459 0.002548 0.029993
v -0.015477 0.003779 0.029853
v -0.015316 -0.008457 0.030962
v -0.015423 0.008347 0.030256
v -0.015463 -0.002922 0.029960
v -0.014997 -0.008643 0.032555
v -0.015452 -0.001693 0.030041
v -0.015203 -0.008525 0.031545
v -0.015090 -0.008592 0.032129
v -0.015037 -0.008623 0.032400
v -0.015108 0.008581 0.032069
v -0.015123 0.008572 0.032006
v -0.014991 0.008644 0.032553
v -0.015309 0.008433 0.030923
v -0.015452 0.001678 0.030040
v -0.015445 0.000698 0.030092
v -0.015447 -0.001081 0.030081
v -0.014513 -0.010510 0.031150
v -0.014390 0.010597 0.031625
v -0.014909 -0.009912 0.031305
v -0.014800 0.009992 0.031799
v -0.015147 -0.009232 0.031440
v -0.015044 0.009298 0.031951
v -0.014378 -0.010636 0.031417
v -0.014818 -0.010018 0.031584
v -0.015083 -0.009303 0.031728
v -0.014307 -0.010697 0.031551
v -0.014283 0.010688 0.031888
v -0.013650 -0.011200 0.031503
v -0.014241 -0.010751 0.031684
v -0.013646 -0.011200 0.031914
v -0.014723 -0.010117 0.031865
v -0.015015 -0.009370 0.032018
v -0.013987 -0.010893 0.032739
v -0.014458 -0.010260 0.032971
v -0.013635 -0.011200 0.032342
v -0.014639 0.010136 0.032351
v -0.013650 0.011200 0.031956
v -0.014190 0.010759 0.032151
v -0.014624 -0.009895 0.033075
v -0.014765 0.009487 0.033092
v -0.013649 0.011200 0.032082
v -0.014738 -0.009511 0.033168
v -0.014799 -0.008738 0.033308
v -0.013645 0.011200 0.032301
v -0.013674 0.011172 0.032510
v -0.013664 0.011185 0.032413
v -0.014059 0.010839 0.032671
v -0.013587 0.011200 0.033048
v -0.013613 -0.011200 0.032711
v -0.013659 -0.011165 0.032607
v -0.014503 0.010216 0.032897
v -0.013731 0.011098 0.033050
v -0.014826 0.008733 0.033236
v -0.014807 0.008743 0.033313
v -0.013705 -0.011099 0.033106
v -0.013755 0.011067 0.033279
v -0.013755 0.011015 0.033636
v -0.013562 -0.011200 0.033100
v -0.013728 -0.011068 0.033348
v -0.013722 -0.011036 0.033576
v -0.014174 0.010406 0.033983
v -0.014116 -0.010443 0.034077
v -0.014273 -0.010077 0.034209
v -0.013910 -0.010779 0.033933
v -0.013585 0.011200 0.033076
v -0.014378 -0.009692 0.034326
v -0.013570 0.011200 0.033268
v -0.013614 0.011118 0.033832
v -0.014418 0.009675 0.034228
v -0.013491 -0.011200 0.033638
v -0.014708 -0.008781 0.033655
v -0.013463 0.011200 0.033817
v -0.014472 0.008912 0.034380
v -0.013716 -0.011001 0.033822
v -0.013755 0.011005 0.033709
v -0.013431 -0.011200 0.033889
v -0.014342 0.008972 0.034705
v -0.014461 0.008917 0.034408
v -0.014419 -0.008913 0.034502
v -0.013755 0.010985 0.033843
v -0.013410 0.011200 0.034092
v -0.013714 -0.010988 0.033918
v -0.013578 -0.011118 0.033905
v -0.013755 0.010943 0.034137
v -0.013557 0.011032 0.034628
v -0.013365 0.011161 0.034595
v -0.013370 -0.011200 0.034147
v -0.013506 -0.011033 0.034714
v -0.013704 -0.010930 0.034330
v -0.013677 -0.010902 0.034522
v -0.013697 0.010864 0.034651
v -0.013655 0.010809 0.035018
v -0.013731 0.010653 0.035102
v -0.013860 0.010294 0.035273
v -0.013652 -0.010683 0.035218
v -0.013788 -0.010315 0.035395
v -0.013647 -0.010870 0.034738
v -0.013385 0.011200 0.034221
v -0.013311 -0.011200 0.034397
v -0.013316 -0.011160 0.034678
v -0.013872 -0.009926 0.035551
v -0.013268 0.011200 0.034575
v -0.013964 0.009533 0.035554
v -0.013938 0.009917 0.035425
v -0.014348 -0.008946 0.034708
v -0.013219 -0.011200 0.034657
v -0.013125 0.011200 0.035008
v -0.013210 0.011101 0.035376
v -0.013408 0.010941 0.035433
v -0.013081 -0.011200 0.035047
v -0.013144 -0.011100 0.035470
v -0.013340 -0.010943 0.035531
v -0.014071 0.009098 0.035386
v -0.014322 -0.008958 0.034784
v -0.013901 -0.009530 0.035681
v -0.013589 -0.010809 0.035150
v -0.013924 -0.009121 0.035695
v -0.013635 0.009269 0.036220
v -0.013932 0.009152 0.035652
v -0.012980 0.011200 0.035304
v -0.013654 0.010807 0.035028
v -0.013552 0.010745 0.035435
v -0.012910 -0.011200 0.035381
v -0.012917 -0.011200 0.035395
v -0.013544 0.010739 0.035469
v -0.013588 -0.010808 0.035157
v -0.013495 -0.010757 0.035501
v -0.013468 0.010693 0.035774
v -0.013535 0.010453 0.035907
v -0.012954 0.011200 0.035357
v -0.012866 0.011200 0.035537
v -0.012703 0.011164 0.036038
v -0.012937 0.011041 0.036152
v -0.012905 -0.011200 0.035390
v -0.012788 -0.011200 0.035619
v -0.013477 -0.010746 0.035570
v -0.013437 -0.010470 0.036050
v -0.013496 -0.010078 0.036238
v -0.012615 -0.011161 0.036142
v -0.012843 -0.011040 0.036261
v -0.013592 0.010072 0.036088
v -0.013460 0.010688 0.035803
v -0.013132 0.010848 0.036243
v -0.013033 -0.010852 0.036357
v -0.013399 -0.010703 0.035859
v -0.013160 -0.010623 0.036417
v -0.013371 -0.010694 0.035924
v -0.012603 0.011200 0.035914
v -0.013501 -0.009677 0.036392
v -0.013597 0.009684 0.036240
v -0.012551 0.011200 0.035961
v -0.012421 0.011200 0.036079
v -0.012358 0.011200 0.036100
v -0.012150 0.011200 0.036100
v -0.012528 -0.011200 0.035963
v -0.012150 -0.011200 0.036100
v -0.013627 -0.009222 0.036215
v -0.013875 -0.009138 0.035781
v -0.013256 0.010614 0.036296
v -0.013203 0.010595 0.036422
v -0.013180 0.010587 0.036478
v -0.012430 -0.011200 0.036041
v -0.012292 0.011089 0.036798
v -0.012328 -0.011200 0.036100
v -0.012370 -0.011200 0.036089
v -0.012176 -0.011070 0.036920
v -0.013125 -0.010611 0.036501
v -0.013097 -0.010602 0.036548
v -0.012205 0.011174 0.036370
v -0.013055 0.010546 0.036689
v -0.013068 0.010267 0.036851
v 0.005350 -0.010627 0.036766
v 0.005350 -0.010699 0.036100
v 0.005350 0.010699 0.036100
v 0.005350 -0.010219 0.037966
v 0.005350 -0.010308 0.037764
v 0.005350 -0.010463 0.037410
v 0.005350 -0.010582 0.036941
v 0.005350 0.010610 0.036860
v 0.005350 -0.009875 0.038476
v 0.005350 -0.009890 0.038461
v 0.004850 0.011200 0.036100
v 0.004850 0.011182 0.036373
v 0.004850 -0.011200 0.036100
v 0.004850 -0.011047 0.037044
v -0.011739 -0.011078 0.037064
v -0.011951 -0.011130 0.036749
v -0.012088 -0.011164 0.036545
v -0.012386 -0.010923 0.037065
v -0.012510 0.010940 0.036943
v -0.013469 -0.009277 0.036493
v -0.013605 0.009281 0.036277
v -0.012918 -0.010272 0.037019
v -0.012874 -0.009861 0.037206
v -0.013550 0.009298 0.036357
v -0.013028 0.009870 0.037035
v -0.012688 0.010720 0.037048
v -0.012559 -0.010709 0.037170
v -0.012990 -0.009403 0.037121
v -0.012909 -0.010540 0.036863
v -0.013186 0.009411 0.036887
v -0.012058 0.011149 0.036631
v -0.012001 0.011139 0.036732
v -0.011580 0.011023 0.037290
v -0.011560 0.011016 0.037308
v 0.004850 0.011053 0.037006
v -0.012840 0.010475 0.037051
v -0.011757 0.010919 0.037505
v -0.012802 0.010460 0.037099
v -0.012407 0.010304 0.037591
v -0.012663 0.010405 0.037272
v 0.005350 0.010596 0.036911
v -0.012786 -0.010499 0.037068
v -0.012932 0.009479 0.037166
v 0.005350 -0.008984 0.039266
v 0.005350 -0.009234 0.039076
v 0.005350 -0.008788 0.039372
v 0.005350 -0.009483 0.038888
v 0.005350 -0.009570 0.038796
v 0.005350 0.010442 0.037469
v -0.011792 -0.010701 0.037780
v -0.011616 -0.010881 0.037621
v 0.004850 -0.010988 0.037410
v -0.011942 0.010736 0.037667
v 0.004850 0.010940 0.037559
v -0.012669 -0.010453 0.037217
v -0.012526 -0.010397 0.037398
v -0.012289 0.010098 0.037745
v -0.012332 0.010273 0.037659
v -0.012794 0.009516 0.037318
v -0.012671 0.009549 0.037453
v -0.011434 -0.010982 0.037407
v -0.012092 0.010489 0.037771
v -0.011936 -0.010460 0.037883
v -0.012792 -0.009453 0.037316
v -0.012390 -0.010343 0.037570
v -0.012107 -0.010083 0.037881
v -0.012443 -0.009539 0.037658
v -0.012773 -0.009457 0.037334
v -0.011304 0.010936 0.037557
v -0.011423 -0.010979 0.037419
v 0.004850 -0.010735 0.037963
v -0.009865 -0.010508 0.038456
v -0.010515 -0.010695 0.038136
v -0.010802 -0.010782 0.037959
v -0.011288 -0.010936 0.037572
v -0.012147 0.009694 0.037889
v 0.005350 0.010316 0.037745
v -0.011107 0.010677 0.038058
v -0.011148 0.010887 0.037708
v -0.011160 0.010621 0.038134
v 0.004850 0.010746 0.037941
v -0.012143 -0.010239 0.037805
v -0.010938 -0.010626 0.038161
v -0.010987 -0.010570 0.038235
v -0.012117 0.009702 0.037914
v -0.011958 -0.009668 0.038013
v -0.012181 0.010211 0.037794
v -0.011326 0.010296 0.038307
v -0.011243 0.010459 0.038220
v -0.010961 0.010829 0.037851
v 0.005350 0.010197 0.038007
v -0.012070 0.010165 0.037893
v -0.011909 0.010098 0.038038
v -0.011355 0.010193 0.038316
v -0.011065 -0.010410 0.038319
v -0.011143 -0.010251 0.038403
v -0.012028 -0.010191 0.037914
v -0.010302 0.010632 0.038253
v -0.011961 -0.010163 0.037978
v -0.011913 -0.010143 0.038016
v -0.011170 -0.010150 0.038412
v -0.011905 -0.010139 0.038022
v -0.011457 -0.009955 0.038325
v -0.011831 -0.009702 0.038106
v -0.011825 0.009790 0.038097
v 0.004850 0.010516 0.038390
v 0.004850 -0.010506 0.038460
v -0.009858 -0.010506 0.038460
v 0.005350 0.010110 0.038133
v -0.011805 -0.009709 0.038126
v -0.011433 0.009909 0.038342
v -0.010119 0.010399 0.038573
v -0.010787 0.009784 0.038645
v -0.010616 0.009753 0.038704
v -0.011246 -0.009873 0.038438
v -0.010616 -0.009752 0.038706
v 0.005350 0.009861 0.038494
v 0.004850 0.010404 0.038610
v -0.010210 0.010192 0.038714
v -0.009954 -0.010354 0.038637
v -0.010039 -0.010150 0.038774
v -0.010019 0.010553 0.038378
v -0.010288 0.009951 0.038794
v -0.009593 0.010434 0.038568
v -0.010112 -0.009913 0.038853
v -0.009825 -0.010496 0.038476
v 0.004850 -0.010252 0.038782
v -0.007889 -0.010089 0.038993
v -0.008090 -0.010115 0.038966
v -0.008891 -0.010270 0.038783
v -0.009053 -0.010302 0.038746
v 0.004850 -0.010060 0.039025
v -0.008948 -0.010112 0.038941
v 0.005350 0.009849 0.038511
v 0.004850 0.010228 0.038794
v 0.005350 0.009410 0.038951
v -0.009462 0.010403 0.038609
v -0.009105 0.010145 0.038903
v -0.007197 0.010164 0.038912
v -0.009042 0.010303 0.038740
v -0.001469 0.009921 0.039164
v -0.000789 0.009910 0.039174
v -0.000096 0.009899 0.039184
v 0.000243 0.009878 0.039204
v 0.001029 0.009829 0.039249
v 0.001273 0.009797 0.039277
v 0.002034 0.009698 0.039362
v 0.002297 0.009640 0.039407
v -0.009001 -0.009921 0.039056
v -0.010342 0.009702 0.038798
v -0.010500 -0.009730 0.038756
v -0.008964 0.009472 0.039165
v -0.009252 0.009518 0.039098
v -0.009922 0.009625 0.038942
v -0.009163 0.009953 0.039020
v -0.008808 0.010248 0.038813
v -0.010163 -0.009670 0.038857
v -0.009049 -0.009708 0.039124
v -0.007662 -0.010059 0.039024
v -0.007923 -0.009932 0.039132
v 0.002304 0.009639 0.039408
v 0.004850 0.009640 0.039409
v -0.009214 0.009737 0.039089
v 0.004850 -0.009908 0.039147
v -0.008031 0.010108 0.038972
v -0.009575 -0.009566 0.039034
v 0.004850 -0.009521 0.039458
v -0.008068 0.009954 0.039111
v -0.007921 0.010088 0.038995
v -0.007001 0.009979 0.039107
v -0.006937 0.009971 0.039115
v -0.005967 0.009917 0.039168
v -0.005644 0.009898 0.039185
v -0.004933 0.009895 0.039188
v -0.003919 0.009891 0.039192
v -0.002861 0.009904 0.039180
v -0.007954 -0.009752 0.039232
v 0.005350 0.009241 0.039073
v -0.008102 0.009773 0.039212
v -0.006753 -0.009985 0.039102
v -0.007101 -0.009987 0.039100
v -0.006885 -0.009816 0.039241
v 0.003318 -0.009364 0.039610
v 0.002985 -0.009483 0.039529
v 0.003704 -0.009227 0.039704
v 0.002337 -0.009638 0.039410
v 0.002249 -0.009659 0.039394
v 0.001326 -0.009796 0.039278
v 0.001279 -0.009803 0.039272
v 0.000305 -0.009875 0.039206
v 0.000055 -0.009894 0.039190
v -0.000718 -0.009907 0.039177
v -0.001547 -0.009921 0.039163
v -0.009085 -0.009495 0.039129
v -0.007983 -0.009555 0.039292
v 0.005350 0.008916 0.039309
v 0.004850 0.009542 0.039468
v 0.004850 -0.009179 0.039734
v -0.008855 0.009459 0.039181
v -0.008133 0.009574 0.039273
v -0.006868 -0.009971 0.039115
v -0.004673 -0.009885 0.039198
v -0.004819 -0.009888 0.039195
v -0.002768 -0.009907 0.039177
v -0.005844 -0.009908 0.039176
v -0.005998 -0.009911 0.039174
v -0.007020 0.009828 0.039231
v -0.007039 0.009654 0.039323
v -0.005851 -0.009757 0.039295
v -0.008491 -0.009409 0.039245
v -0.008854 -0.009461 0.039174
v -0.006902 -0.009643 0.039332
v -0.002765 -0.009760 0.039292
v -0.000795 0.009599 0.039371
v -0.002854 0.009589 0.039380
v -0.005984 0.009592 0.039378
v -0.007881 0.009341 0.039324
v -0.008158 0.009374 0.039284
v -0.004820 -0.009739 0.039311
v 0.000285 -0.009567 0.039399
v -0.000724 -0.009598 0.039372
v -0.002762 -0.009591 0.039379
v -0.004935 0.009571 0.039396
v 0.000225 0.009570 0.039397
v -0.006918 -0.009456 0.039388
v -0.005858 -0.009588 0.039381
v -0.008006 -0.009360 0.039301
v 0.001235 0.009496 0.039456
v 0.004850 -0.009041 0.039807
v 0.001286 -0.009491 0.039461
v -0.007056 0.009466 0.039379
v -0.007378 -0.009296 0.039373
v -0.004821 -0.009570 0.039396
v 0.005350 0.008793 0.039374
v 0.004850 0.009028 0.039779
v -0.007069 0.009280 0.039388
v -0.006154 -0.009228 0.039443
v -0.006777 -0.009262 0.039407
v 0.002234 0.009356 0.039563
v -0.002438 0.009224 0.039446
v -0.000800 0.009221 0.039449
v -0.000371 0.009221 0.039449
v 0.005350 0.008313 0.039630
v 0.005350 0.008145 0.039672
v 0.005350 -0.008146 0.039672
v 0.005350 -0.008313 0.039630
v 0.005350 -0.007976 0.039703
v 0.005350 0.007976 0.039703
v 0.000267 -0.009200 0.039469
v -0.000730 -0.009220 0.039450
v -0.001277 -0.009231 0.039440
v -0.006930 -0.009271 0.039399
v 0.004850 0.008520 0.040085
v -0.005991 0.009409 0.039431
v -0.006777 0.009258 0.039412
v -0.002756 -0.009219 0.039452
v -0.002991 -0.009217 0.039454
v -0.002851 0.009406 0.039433
v -0.004936 0.009389 0.039448
v -0.004822 -0.009211 0.039459
v 0.002272 -0.009348 0.039568
v -0.004359 -0.009205 0.039465
v 0.000207 0.009194 0.039473
v 0.000580 0.009176 0.039489
v 0.001250 -0.009132 0.039527
v 0.000580 -0.009179 0.039486
v 0.000306 -0.009199 0.039469
v -0.006648 0.009249 0.039422
v 0.002882 0.009512 0.039508
v 0.003298 0.009372 0.039605
v 0.003591 0.009274 0.039673
v 0.004208 0.008975 0.039855
v 0.004252 0.008945 0.039870
v 0.003225 -0.009106 0.039732
v -0.005182 0.009206 0.039463
v -0.002991 0.009220 0.039449
v -0.002849 0.009221 0.039449
v -0.004937 0.009208 0.039462
v 0.001200 0.009137 0.039523
v 0.001048 0.009154 0.039509
v 0.003799 -0.009178 0.039733
v 0.002211 -0.009009 0.039624
v 0.001442 -0.009119 0.039538
v 0.003205 0.009113 0.039728
v 0.002091 0.009036 0.039604
v 0.002175 0.009018 0.039617
v 0.002933 -0.008855 0.039732
v 0.002412 -0.008981 0.039646
v 0.002934 0.008863 0.039728
v 0.004778 0.008290 0.040160
v 0.005350 -0.008267 0.039649
v 0.004850 -0.008520 0.040085
v 0.004767 -0.008253 0.040161
v 0.004766 -0.008250 0.040162
v 0.005350 0.008024 0.039702
v 0.004767 0.008253 0.040161
v 0.004766 0.008251 0.040161
v 0.004683 0.007976 0.040175
v 0.004683 -0.007976 0.040175
v 0.004756 -0.008218 0.040172
v 0.002959 0.008857 0.039732
v 0.003113 0.008806 0.039764
v 0.004118 0.008715 0.039953
v 0.003157 -0.008801 0.039769
v 0.003791 -0.008563 0.039908
v 0.003995 -0.008449 0.039965
v 0.004302 -0.008277 0.040050
v 0.004388 -0.008209 0.040078
v 0.004127 -0.008711 0.039956
v 0.004261 -0.008939 0.039874
v 0.004687 -0.008639 0.040026
v 0.004314 -0.008912 0.039890
v 0.003646 0.008626 0.039873
v 0.004735 0.008615 0.040041
v 0.004687 0.008648 0.040024
v 0.003986 0.008450 0.039963
v 0.004537 -0.008439 0.040086
v 0.004533 0.008442 0.040084
v 0.004215 0.008332 0.040024
v 0.004381 0.008206 0.040077
vn -0.1184 -0.0000 -0.9930
vn -0.1183 0.2077 -0.9710
vn -0.0056 0.2095 -0.9778
vn 0.0080 -0.0000 -1.0000
vn -0.1184 -0.2080 -0.9709
vn -0.0056 -0.2095 -0.9778
vn -0.1184 0.2079 -0.9710
vn -0.1183 0.2078 -0.9710
vn -0.4414 -0.0000 -0.8973
vn -0.4414 0.1878 -0.8774
vn -0.1183 -0.2079 -0.9710
vn -0.4413 -0.1878 -0.8775
vn -0.4414 -0.1878 -0.8775
vn 0.0168 0.2826 -0.9591
vn -0.0056 0.2093 -0.9778
vn 1.0000 -0.0000 -0.0000
vn 0.0168 -0.2826 -0.9591
vn -0.0056 -0.2093 -0.9778
vn -0.1184 -0.2078 -0.9710
vn -0.4413 0.1878 -0.8775
vn -0.7850 -0.0000 -0.6195
vn -0.7850 0.1297 -0.6058
vn -0.7850 -0.1297 -0.6058
vn -0.1184 0.4065 -0.9059
vn -0.0094 0.4094 -0.9123
vn -0.1184 -0.4065 -0.9059
vn -0.1185 -0.4065 -0.9059
vn -0.0094 -0.4094 -0.9123
vn -0.1183 0.4065 -0.9060
vn -0.4413 0.3674 -0.8187
vn -0.4414 -0.3673 -0.8187
vn -0.4413 -0.3674 -0.8187
vn -0.4414 0.3674 -0.8187
vn -0.7850 0.2536 -0.5652
vn -0.7850 -0.2536 -0.5652
vn 0.0157 0.5422 -0.8401
vn -0.0094 0.4093 -0.9124
vn 0.0157 -0.5422 -0.8401
vn -0.0094 -0.4093 -0.9124
vn -0.9726 -0.0000 -0.2325
vn -0.9617 -0.0144 -0.2737
vn -0.9728 0.0122 -0.2313
vn -0.9726 0.0487 -0.2273
vn -0.9726 -0.0487 -0.2273
vn -0.1185 0.4064 -0.9060
vn -0.1185 -0.4064 -0.9060
vn -0.7850 0.2536 -0.5653
vn -0.9726 0.0952 -0.2121
vn -0.9726 -0.0952 -0.2121
vn -0.1182 0.5871 -0.8008
vn -0.0035 0.5913 -0.8064
vn -0.1185 -0.5871 -0.8008
vn -0.1183 -0.5872 -0.8008
vn -0.0035 -0.5913 -0.8064
vn -0.1183 0.5871 -0.8008
vn -0.4414 0.5306 -0.7237
vn -0.4414 -0.5306 -0.7236
vn -0.4414 -0.5306 -0.7237
vn -0.9999 0.0007 -0.0132
vn -0.9999 -0.0018 -0.0135
vn -1.0000 -0.0003 -0.0049
vn -1.0000 0.0007 -0.0052
vn -1.0000 -0.0000 -0.0000
vn -0.8843 0.0980 -0.4565
vn -0.9971 -0.0160 -0.0751
vn -1.0000 -0.0007 -0.0049
vn -0.4414 0.5306 -0.7236
vn -0.7850 0.3663 -0.4996
vn -0.7850 -0.3663 -0.4996
vn -1.0000 0.0022 -0.0055
vn -1.0000 -0.0025 -0.0061
vn -0.9998 0.0076 -0.0170
vn -1.0000 -0.0027 -0.0061
vn -0.9999 -0.0059 -0.0142
vn -0.9726 0.1375 -0.1875
vn -0.9726 -0.1375 -0.1875
vn 0.0107 0.7576 -0.6527
vn 0.0043 0.7470 -0.6648
vn -0.0035 0.5911 -0.8066
vn -0.0035 -0.5911 -0.8066
vn 0.0043 -0.7470 -0.6648
vn 0.0107 -0.7576 -0.6527
vn -0.1183 0.5873 -0.8007
vn -0.1184 -0.5869 -0.8009
vn -0.1184 0.7418 -0.6601
vn -0.1184 -0.7418 -0.6601
vn -0.1185 -0.7417 -0.6601
vn -0.9999 0.0062 -0.0081
vn -0.1185 0.7418 -0.6601
vn -0.4414 0.6703 -0.5965
vn -0.4413 -0.6704 -0.5966
vn -0.4414 -0.6703 -0.5966
vn -1.0000 0.0039 -0.0052
vn -0.9999 0.0061 -0.0081
vn -0.9999 -0.0074 -0.0101
vn -1.0000 -0.0040 -0.0053
vn -0.4413 0.6703 -0.5966
vn -0.7850 0.4628 -0.4119
vn -0.7850 -0.4628 -0.4119
vn -0.9726 0.1737 -0.1546
vn -0.9726 -0.1737 -0.1546
vn -0.9977 0.0508 -0.0452
vn -0.9977 -0.0509 -0.0452
vn -1.0000 0.0042 -0.0033
vn -1.0000 -0.0038 -0.0029
vn -0.1182 0.8635 -0.4903
vn -0.0072 0.8696 -0.4937
vn -0.1185 -0.8635 -0.4902
vn -0.0072 -0.8696 -0.4937
vn -0.1184 0.8635 -0.4902
vn -0.1185 0.8635 -0.4902
vn -0.4413 0.7804 -0.4431
vn -0.4413 -0.7803 -0.4430
vn -0.4413 -0.7804 -0.4430
vn -0.4413 0.7804 -0.4430
vn -0.7850 0.5387 -0.3059
vn -0.7850 -0.5388 -0.3059
vn -0.7850 -0.5387 -0.3059
vn -0.0215 -0.1951 -0.9806
vn -0.0215 0.1951 -0.9806
vn 0.0123 -0.0000 -0.9999
vn 0.0021 0.8678 -0.4969
vn 0.0135 0.8786 -0.4773
vn 0.0376 0.8901 -0.4543
vn 0.1064 0.8989 -0.4251
vn 0.2304 0.8867 -0.4008
vn -0.0072 0.8549 -0.5187
vn 0.2637 -0.8823 -0.3898
vn -0.0954 -0.9071 -0.4100
vn 0.0838 -0.8983 -0.4314
vn 0.0289 -0.8869 -0.4612
vn 0.0289 -0.8869 -0.4611
vn 0.0104 -0.8762 -0.4818
vn -0.0016 -0.8632 -0.5048
vn -0.0016 -0.8633 -0.5047
vn -0.0072 -0.8552 -0.5182
vn -0.0536 0.9071 -0.4175
vn -0.0268 0.8874 -0.4602
vn -0.0140 0.8694 -0.4939
vn 0.1222 0.8631 -0.4900
vn -0.1122 0.9262 -0.3599
vn -0.0538 0.9072 -0.4173
vn -0.0140 0.8694 -0.4938
vn -0.1184 -0.8635 -0.4902
vn -0.0299 -0.8903 -0.4544
vn -0.0570 -0.9086 -0.4138
vn 0.0183 -0.8695 -0.4936
vn -0.0162 -0.8732 -0.4871
vn 0.2218 -0.0000 -0.9751
vn 0.2218 0.2747 -0.9356
vn 0.0054 0.2818 -0.9595
vn 0.2218 -0.2747 -0.9356
vn 0.0054 -0.2818 -0.9595
vn -0.7850 0.5388 -0.3059
vn -0.9728 0.1951 -0.1248
vn -0.9680 0.2181 -0.1238
vn -0.9726 -0.2022 -0.1148
vn -0.9617 -0.2451 -0.1226
vn -0.9728 -0.1951 -0.1248
vn 0.6228 0.2204 -0.7507
vn 0.6228 -0.0000 -0.7824
vn 0.2219 0.2747 -0.9356
vn 0.6228 -0.2204 -0.7507
vn 0.2219 -0.2747 -0.9356
vn -0.0076 0.5556 -0.8314
vn 0.0054 0.2817 -0.9595
vn -0.0138 -0.5555 -0.8314
vn -0.0069 -0.5406 -0.8412
vn 0.0054 -0.2817 -0.9595
vn -0.9999 0.0134 -0.0086
vn -0.9999 -0.0112 -0.0071
vn 0.2219 0.5272 -0.8203
vn -0.0153 0.5406 -0.8412
vn 0.2219 -0.5272 -0.8203
vn 0.6228 0.4230 -0.6582
vn 0.6228 -0.4230 -0.6582
vn 0.8996 0.1230 -0.4189
vn 0.8996 -0.0000 -0.4366
vn 0.8996 -0.1230 -0.4189
vn -0.0004 0.8889 -0.4581
vn 0.0151 -0.9999 -0.0024
vn -0.1638 -0.9865 0.0017
vn -0.0124 0.9999 0.0009
vn 0.1518 0.9884 -0.0016
vn 0.1634 0.9866 -0.0001
vn -0.0040 1.0000 -0.0001
vn 0.1633 -0.9866 0.0001
vn -0.0042 -1.0000 0.0001
vn 0.0004 -0.8917 -0.4527
vn 0.1706 -0.9853 0.0009
vn -0.2051 0.9787 -0.0008
vn 0.3251 0.9457 0.0013
vn -0.3203 -0.9472 -0.0152
vn 0.3514 -0.9362 -0.0009
vn -0.2275 0.9738 -0.0038
vn -0.3714 0.9285 0.0003
vn 0.8996 0.2361 -0.3673
vn 0.8996 -0.2361 -0.3673
vn 0.6228 -0.4230 -0.6581
vn -1.0000 0.0046 -0.0020
vn -0.9999 0.0102 -0.0051
vn -0.0000 0.2225 0.9749
vn -0.0000 -0.2225 0.9749
vn -0.3201 -0.9472 -0.0155
vn -0.2278 -0.9737 0.0038
vn -0.3721 -0.9282 -0.0003
vn -0.4200 -0.9075 -0.0003
vn -0.4187 0.9081 0.0003
vn -0.3653 0.9308 -0.0079
vn -0.9728 0.2071 -0.1036
vn -0.9999 -0.0135 -0.0055
vn -1.0000 -0.0046 -0.0023
vn 0.9935 0.0081 -0.1134
vn 0.9934 0.0323 -0.1099
vn 0.9916 -0.0000 -0.1290
vn 0.9935 -0.0081 -0.1134
vn 0.9934 -0.0323 -0.1099
vn -0.4892 -0.8722 0.0035
vn 0.4615 0.8870 -0.0176
vn 0.2219 0.7369 -0.6386
vn 0.0092 0.7557 -0.6549
vn 0.2219 -0.7369 -0.6386
vn 0.0092 -0.7557 -0.6549
vn 0.3791 -0.9253 -0.0046
vn 0.4907 -0.8713 -0.0001
vn -0.1184 0.9470 -0.2986
vn -0.0296 0.9533 -0.3006
vn -0.0708 0.9666 -0.2465
vn -0.1184 -0.9470 -0.2987
vn -0.1183 -0.9470 -0.2986
vn 0.0007 -0.9253 -0.3792
vn -0.0136 -0.9461 -0.3237
vn -0.0305 -0.9533 -0.3006
vn -0.1183 0.9470 -0.2987
vn -0.4413 0.8558 -0.2699
vn -0.4413 -0.8558 -0.2699
vn -0.5195 0.8544 0.0028
vn 0.6228 0.5913 -0.5123
vn 0.2219 0.7369 -0.6385
vn 0.6228 -0.5913 -0.5123
vn 0.2219 -0.7369 -0.6385
vn -0.7850 0.5908 -0.1863
vn -0.7850 -0.5909 -0.1863
vn -0.7850 -0.5908 -0.1863
vn 0.9934 0.0619 -0.0963
vn 0.9934 0.0622 -0.0968
vn 0.9934 -0.0619 -0.0963
vn -0.0000 -0.6235 0.7818
vn -0.0000 0.6235 0.7818
vn 0.0092 0.7557 -0.6548
vn -0.0230 0.8312 -0.5554
vn -0.0230 -0.8312 -0.5554
vn 0.0092 -0.7557 -0.6548
vn 0.5213 -0.8534 -0.0001
vn 0.4877 -0.8730 -0.0031
vn 0.4673 0.8840 -0.0118
vn 0.3790 0.9254 0.0047
vn 0.4909 0.8712 0.0001
vn 0.5729 0.8197 0.0001
vn -0.7850 0.5909 -0.1864
vn -0.9726 0.2217 -0.0699
vn -0.9726 -0.2217 -0.0699
vn 0.8996 0.3300 -0.2859
vn 0.8996 -0.3300 -0.2859
vn 0.6038 0.7972 0.0002
vn 0.6052 -0.7960 0.0017
vn 0.9934 -0.0619 -0.0964
vn -0.6099 -0.7924 -0.0060
vn -1.0000 0.0048 -0.0018
vn -0.9618 0.2565 -0.0959
vn -0.9951 -0.0938 -0.0296
vn -1.0000 -0.0046 -0.0019
vn -0.0841 0.9596 -0.2685
vn -0.6152 0.7883 -0.0083
vn -1.0000 0.0075 -0.0032
vn 0.9934 0.0866 -0.0750
vn 0.9934 -0.0866 -0.0750
vn 0.2219 0.8869 -0.4051
vn 0.2218 0.8870 -0.4051
vn 0.0115 0.9096 -0.4154
vn 0.2219 -0.8870 -0.4050
vn 0.0115 -0.9096 -0.4154
vn -0.0285 -0.9699 -0.2418
vn 0.6738 -0.7389 -0.0088
vn 0.6228 0.7117 -0.3250
vn 0.6228 0.7116 -0.3250
vn 0.2218 -0.8870 -0.4051
vn 0.6228 -0.7117 -0.3250
vn 0.6955 0.7186 -0.0002
vn -0.0843 0.9596 -0.2684
vn -0.0960 -0.9585 -0.2684
vn -0.0296 0.9709 -0.2375
vn 0.6952 0.7188 -0.0002
vn -0.0286 -0.9533 -0.3007
vn 0.0035 -0.9722 -0.2342
vn 0.6738 -0.7388 -0.0088
vn -0.6151 0.7884 -0.0082
vn -0.6104 -0.7921 -0.0062
vn -0.1184 0.9470 -0.2987
vn 0.0132 0.9536 -0.3008
vn -0.0000 -0.9010 0.4339
vn -0.0000 0.9010 0.4339
vn -0.5951 0.8036 -0.0000
vn -0.5927 -0.8054 0.0011
vn -0.6284 -0.7779 -0.0000
vn 0.8996 0.3972 -0.1814
vn 0.6228 -0.7116 -0.3250
vn 0.8996 -0.3972 -0.1814
vn -0.9728 0.2242 -0.0579
vn -0.9998 0.0170 -0.0044
vn -1.0000 0.0052 -0.0007
vn 0.9934 0.1042 -0.0476
vn 0.9934 -0.1042 -0.0476
vn -1.0000 -0.0061 -0.0008
vn 0.0115 0.9095 -0.4154
vn -0.0184 0.9806 -0.1951
vn -0.0184 -0.9806 -0.1951
vn 0.0115 -0.9095 -0.4154
vn 0.2219 -0.8869 -0.4051
vn -0.1184 0.9885 -0.0938
vn -0.0368 0.9949 -0.0944
vn -0.0077 0.9923 -0.1240
vn -0.1184 -0.9885 -0.0938
vn -0.1183 -0.9885 -0.0938
vn -0.0082 -0.9955 -0.0945
vn -0.1183 0.9885 -0.0938
vn -0.4414 0.8933 -0.0848
vn -0.4414 -0.8933 -0.0848
vn -0.4413 -0.8933 -0.0848
vn -0.7850 0.6168 -0.0585
vn -0.7850 -0.6167 -0.0585
vn -0.7850 -0.6168 -0.0585
vn -0.0661 -0.9880 -0.1396
vn 0.6867 -0.7267 -0.0164
vn 0.7329 0.6803 -0.0053
vn -0.9726 0.2314 -0.0220
vn -0.7850 0.6167 -0.0585
vn -0.9726 -0.2314 -0.0220
vn -0.9998 0.0175 -0.0017
vn -1.0000 -0.0064 -0.0008
vn -0.9998 -0.0175 -0.0017
vn 0.2219 0.9652 -0.1387
vn 0.2220 0.9651 -0.1388
vn -0.0000 0.9898 -0.1423
vn 0.2219 -0.9652 -0.1388
vn -0.0000 -0.9898 -0.1423
vn 0.6228 0.7744 -0.1114
vn 0.6226 0.7746 -0.1114
vn 0.6228 -0.7744 -0.1114
vn 0.6226 -0.7746 -0.1114
vn 0.2220 -0.9651 -0.1387
vn 0.8996 0.4322 -0.0622
vn 0.8996 0.4323 -0.0622
vn 0.6229 0.7743 -0.1113
vn 0.8996 -0.4322 -0.0622
vn 0.8996 -0.4323 -0.0622
vn 0.6229 -0.7743 -0.1113
vn 0.9934 0.1134 -0.0163
vn 0.8997 0.4321 -0.0621
vn 0.9934 -0.1134 -0.0163
vn 0.8997 -0.4321 -0.0621
vn -0.0000 -1.0000 -0.0000
vn -0.0000 1.0000 -0.0000
vn 0.0103 -0.9999 -0.0122
vn 0.6823 -0.7311 -0.0023
vn -0.6192 -0.7852 0.0058
vn -0.3676 -0.9300 0.0055
vn -0.5189 -0.8548 -0.0019
vn -0.3232 0.9463 0.0108
vn -0.4881 0.8728 -0.0024
vn -0.6126 0.7904 0.0043
vn -0.6129 0.7902 0.0043
vn 0.0113 0.9999 0.0010
vn 0.7154 0.6987 0.0002
vn 0.4759 -0.8795 0.0031
vn 0.6053 -0.7960 -0.0016
vn 0.6054 -0.7959 -0.0016
vn 0.6813 -0.7320 0.0077
vn 0.6955 -0.7184 0.0138
vn 0.1707 0.9853 -0.0009
vn 0.3512 0.9363 0.0009
vn -0.0128 -0.9999 -0.0009
vn -0.2058 -0.9786 0.0009
vn 0.9746 0.2240 -0.0000
vn 0.9935 0.1134 0.0089
vn 0.9935 -0.1134 -0.0000
vn 0.7791 0.6267 -0.0131
vn 0.9014 0.4330 -0.0014
vn 0.9746 -0.2240 0.0045
vn 0.9014 -0.4330 -0.0043
vn 0.9013 0.4331 -0.0014
vn 0.7792 -0.6268 -0.0013
vn 0.9013 -0.4331 -0.0014
vn 0.7793 0.6267 0.0045
vn 0.6268 0.7792 -0.0045
vn 0.7793 -0.6267 0.0045
vn 0.6268 -0.7792 -0.0045
vn 0.4330 0.9014 0.0014
vn 0.6266 0.7793 0.0013
vn 0.4330 -0.9014 0.0014
vn 0.6266 -0.7793 0.0013
vn 0.4330 0.9014 0.0043
vn 0.2241 0.9746 -0.0045
vn 0.4330 -0.9014 0.0043
vn 0.2241 -0.9746 -0.0045
vn 0.1136 0.9935 -0.0000
vn 0.1136 -0.9935 -0.0000
vn -0.9999 0.0123 0.0006
vn -0.9999 -0.0104 0.0014
vn 0.7156 0.6985 0.0001
vn 0.0103 -0.9955 -0.0941
vn 0.0136 -0.9998 -0.0123
vn -0.1184 0.9885 -0.0939
vn 0.0534 0.9941 -0.0943
vn -0.1184 -0.9885 -0.0939
vn -0.9999 -0.0105 0.0012
vn -1.0000 -0.0063 0.0009
vn -0.9999 0.0120 0.0006
vn -0.9726 0.2309 0.0270
vn -0.9619 0.2728 0.0176
vn -0.9999 0.0164 0.0011
vn -0.9726 -0.2309 0.0270
vn -0.7850 0.6153 0.0719
vn -0.7850 -0.6153 0.0719
vn -0.4414 0.8913 0.1041
vn -0.4413 0.8913 0.1041
vn -0.4414 -0.8913 0.1041
vn -0.1184 0.9863 0.1152
vn -0.1183 0.9863 0.1152
vn -0.1183 -0.9863 0.1152
vn -0.4413 -0.8913 0.1041
vn -0.0236 0.9930 0.1160
vn -0.0354 0.9913 0.1265
vn -0.1184 -0.9863 0.1152
vn -0.0259 -0.9929 0.1160
vn -0.3203 0.9472 0.0153
vn 0.0150 0.9999 0.0023
vn -0.1640 0.9865 -0.0016
vn 0.4612 -0.8871 0.0175
vn 0.3251 -0.9457 -0.0013
vn 0.1513 -0.9885 0.0017
vn -0.0269 -0.9930 0.1152
vn 0.6916 0.7221 0.0150
vn -0.9999 0.0111 0.0019
vn -1.0000 0.0046 0.0011
vn -0.0000 -0.9010 -0.4339
vn -0.0000 0.9010 -0.4339
vn -0.9728 0.2282 0.0391
vn 0.0428 -0.9461 0.3211
vn -0.0306 -0.9721 0.2327
vn 0.0067 0.9749 0.2227
vn 0.6939 0.7200 0.0034
vn -0.9678 0.2384 0.0811
vn -0.9726 0.2202 0.0747
vn -0.9967 -0.0773 0.0262
vn -0.9726 -0.2202 0.0747
vn 0.6171 0.7869 -0.0041
vn 0.4437 0.8951 0.0441
vn 0.6170 0.7869 -0.0040
vn -0.7850 0.5867 0.1991
vn -0.7850 0.5866 0.1991
vn -0.7850 -0.5866 0.1991
vn -0.4413 0.8497 0.2884
vn -0.4414 0.8497 0.2884
vn -0.4413 -0.8497 0.2884
vn -0.7850 -0.5867 0.1991
vn -0.1185 0.9403 0.3192
vn -0.1183 0.9403 0.3191
vn -0.1184 0.9403 0.3191
vn -0.1184 -0.9403 0.3191
vn -0.1185 -0.9403 0.3192
vn -0.4414 -0.8497 0.2884
vn -0.0237 0.9467 0.3213
vn -1.0000 -0.0044 0.0019
vn -0.0824 0.9583 0.2735
vn -0.0702 -0.9592 0.2738
vn -0.0000 -0.6235 -0.7818
vn -0.0000 0.6235 -0.7818
vn -0.0238 0.9470 0.3204
vn -0.0259 -0.9444 0.3277
vn -0.0241 0.9467 0.3213
vn -0.0259 -0.9466 0.3212
vn 0.2758 0.8771 0.3931
vn -0.0820 0.9038 0.4201
vn -0.0702 -0.9592 0.2737
vn -0.0217 -0.9450 0.3263
vn 0.2022 -0.8881 0.4128
vn -1.0000 0.0051 0.0028
vn 0.1146 -0.8960 0.4291
vn 0.0908 0.8956 0.4355
vn -0.0021 0.9247 0.3806
vn -0.0011 -0.9232 0.3844
vn -0.9935 0.0967 0.0604
vn -0.9935 0.0966 0.0603
vn -0.9729 0.2072 0.1030
vn -0.9999 -0.0119 0.0063
vn -0.9728 -0.2047 0.1084
vn -0.0591 -0.9052 0.4209
vn 0.0329 -0.8582 0.5122
vn -0.0628 0.9067 0.4172
vn 0.0328 0.8582 0.5122
vn -0.0000 -0.2225 -0.9749
vn -0.0000 0.2225 -0.9749
vn -0.9010 0.3622 0.2387
vn -0.9011 0.3621 0.2386
vn -0.7858 0.5409 0.2999
vn -0.7850 -0.5320 0.3175
vn -0.9680 -0.2153 0.1285
vn 0.0422 -0.8879 0.4581
vn -0.6256 0.6599 0.4161
vn -0.6253 0.6601 0.4162
vn -0.4420 0.7793 0.4442
vn -0.4413 -0.7706 0.4599
vn -0.4413 -0.7705 0.4599
vn -0.0335 0.8883 0.4581
vn -0.0301 -0.8852 0.4642
vn 0.0325 0.8847 0.4651
vn -0.1184 0.8526 0.5089
vn -0.1908 0.8333 0.5189
vn -0.2234 0.8274 0.5153
vn -0.1184 -0.8527 0.5089
vn -0.4414 -0.7705 0.4598
vn -0.1182 -0.8527 0.5089
vn 0.0420 -0.8878 0.4582
vn 0.0326 0.8847 0.4651
vn -0.9999 -0.0116 0.0078
vn -0.9728 -0.1921 0.1293
vn -0.9999 -0.0112 0.0076
vn 0.0159 -0.8766 0.4809
vn -0.0183 0.8708 0.4913
vn 0.0004 0.8918 0.4524
vn 0.0123 0.8742 0.4855
vn -0.0158 -0.8669 0.4982
vn 0.0026 -0.8655 0.5008
vn -0.0004 -0.8888 0.4583
vn -0.0017 0.8607 0.5091
vn -0.0081 0.8525 0.5227
vn -0.0016 0.8608 0.5090
vn -0.0158 -0.8669 0.4983
vn -0.0081 -0.8522 0.5232
vn -0.9934 0.1018 0.0534
vn -0.9999 -0.0121 0.0064
vn -0.9934 0.1017 0.0533
vn -0.9933 -0.1006 0.0575
vn -0.9701 -0.2297 0.0781
vn -0.8991 0.3877 0.2031
vn -0.2229 0.8371 0.4995
vn -0.0081 0.8587 0.5124
vn -0.1184 -0.8527 0.5088
vn -0.0081 -0.8191 0.5735
vn -0.0000 -0.8587 0.5124
vn -0.8992 0.3876 0.2031
vn -0.8992 0.3877 0.2031
vn -0.0000 0.8192 0.5736
vn -0.8951 -0.3707 0.2478
vn -0.7770 -0.5816 0.2409
vn -0.6219 0.6937 0.3634
vn -0.6216 0.6939 0.3635
vn -0.6218 0.6937 0.3635
vn -0.6155 -0.6664 0.4207
vn -0.4333 -0.8273 0.3575
vn -0.4335 -0.8272 0.3575
vn -0.2214 0.8639 0.4525
vn -0.9934 0.1133 0.0184
vn -0.9934 -0.1134 0.0184
vn -0.9933 -0.1137 0.0184
vn -0.2213 0.8639 0.4525
vn -0.2213 0.8638 0.4525
vn -0.1175 -0.8797 0.4608
vn -0.2181 -0.8272 0.5179
vn -0.0000 0.8858 0.4640
vn -0.0000 -0.8858 0.4640
vn -0.9934 0.1134 0.0184
vn -0.8991 0.4320 0.0701
vn -0.8992 0.4319 0.0701
vn -0.8991 -0.4320 0.0701
vn -0.8992 -0.4319 0.0701
vn -0.6218 0.7731 0.1255
vn -0.6217 0.7731 0.1255
vn -0.6217 -0.7731 0.1255
vn -0.6218 -0.7731 0.1255
vn -0.2213 0.9626 0.1562
vn -0.2214 0.9626 0.1563
vn -0.2213 -0.9626 0.1563
vn -0.0000 0.9871 0.1602
vn -0.0000 -0.9871 0.1602
vn -0.2214 -0.9626 0.1562
vn -0.2241 0.9746 -0.0000
vn -0.2241 -0.9746 -0.0000
vn -0.6267 0.7792 -0.0000
vn -0.6267 -0.7792 -0.0000
vn -0.6267 0.7793 -0.0000
vn -0.6267 -0.7793 -0.0000
vn -0.9014 0.4330 -0.0000
vn -0.9014 -0.4330 -0.0000
vn -0.9014 0.4331 -0.0000
vn -0.9014 -0.4331 -0.0000
vn -0.9936 0.1134 -0.0000
vn -0.9936 -0.1134 -0.0000
vn 0.9739 0.2239 -0.0384
vn 0.9739 -0.2239 -0.0384
vn 0.7747 0.6232 -0.1069
vn 0.7747 -0.6232 -0.1069
vn 0.7748 0.6231 -0.1069
vn 0.7748 -0.6231 -0.1069
vn 0.4279 0.8908 -0.1529
vn 0.4279 -0.8908 -0.1529
vn 0.4280 0.8908 -0.1528
vn 0.4280 -0.8908 -0.1528
vn 0.1120 0.9794 -0.1680
vn 0.1120 -0.9794 -0.1680
vn 0.1119 -0.9794 -0.1680
vn 0.1119 0.9794 -0.1680
vn -0.0000 0.9856 -0.1690
vn -0.0000 -0.9856 -0.1690
vn 0.1118 0.8674 -0.4849
vn 0.1119 0.8673 -0.4850
vn -0.0000 0.8729 -0.4880
vn 0.1119 -0.8674 -0.4849
vn -0.0000 -0.8729 -0.4880
vn 0.4280 0.7889 -0.4411
vn 0.4279 0.7889 -0.4410
vn 0.1118 -0.8674 -0.4850
vn 0.4279 -0.7889 -0.4411
vn 0.7748 0.5519 -0.3085
vn 0.7748 0.5518 -0.3085
vn 0.4280 -0.7889 -0.4410
vn 0.7748 -0.5518 -0.3085
vn 0.9739 0.1982 -0.1108
vn 0.9739 0.1983 -0.1108
vn 0.7748 -0.5519 -0.3085
vn 0.9739 -0.1983 -0.1108
vn 0.1132 0.7331 -0.6706
vn -0.0000 0.7379 -0.6750
vn 0.1132 -0.7331 -0.6706
vn -0.0000 -0.7379 -0.6750
vn 0.0086 0.7239 -0.6898
vn 0.0086 -0.7239 -0.6898
vn 0.4324 0.6653 -0.6086
vn 0.1137 -0.7330 -0.6706
vn 0.4324 -0.6653 -0.6086
vn 0.9739 -0.1982 -0.1108
vn 0.7787 0.4630 -0.4235
vn 0.7787 -0.4630 -0.4235
vn 0.9745 0.1656 -0.1515
vn 0.9745 -0.1656 -0.1515
vn -0.0061 0.9740 -0.2263
vn -0.0000 0.9885 -0.1515
vn -0.0000 -0.9885 -0.1515
vn -0.0061 -0.9740 -0.2263
vn -0.2217 0.9639 -0.1478
vn -0.2217 -0.9638 -0.1479
vn -0.2216 -0.9639 -0.1478
vn -0.6223 0.7737 -0.1187
vn -0.2216 0.9639 -0.1479
vn -0.6223 -0.7737 -0.1187
vn -0.6223 0.7738 -0.1187
vn -0.6223 -0.7738 -0.1187
vn -0.8994 0.4320 -0.0663
vn -0.8994 -0.4320 -0.0663
vn -0.8994 0.4321 -0.0663
vn -0.8994 -0.4321 -0.0663
vn -0.9932 0.1133 -0.0268
vn -0.9893 0.1439 -0.0221
vn -0.9934 -0.1133 -0.0174
vn -0.9900 -0.1374 -0.0314
vn 0.1132 0.6456 -0.7553
vn -0.0057 0.6497 -0.7601
vn 0.1132 -0.6456 -0.7553
vn -0.0057 -0.6497 -0.7601
vn 0.1134 0.6456 -0.7552
vn 0.4323 0.5860 -0.6854
vn 0.1133 -0.6456 -0.7552
vn 0.1135 -0.6456 -0.7552
vn 0.4323 -0.5860 -0.6854
vn 0.7787 0.4077 -0.4769
vn 0.7787 -0.4077 -0.4769
vn -0.2216 0.8752 -0.4301
vn 0.0030 0.8975 -0.4411
vn -0.2216 -0.8752 -0.4301
vn 0.0030 -0.8975 -0.4411
vn 0.1135 0.6456 -0.7552
vn -0.0057 0.6225 -0.7826
vn -0.0089 0.6177 -0.7864
vn -0.0228 0.6000 -0.7997
vn -0.0433 0.5821 -0.8119
vn 0.0607 0.6486 -0.7587
vn 0.0603 -0.6486 -0.7587
vn -0.0549 -0.5741 -0.8169
vn -0.0278 -0.5948 -0.8034
vn -0.0057 -0.6203 -0.7844
vn -0.6223 0.7026 -0.3452
vn -0.2216 0.8752 -0.4300
vn -0.6223 -0.7025 -0.3452
vn -0.6222 -0.7026 -0.3452
vn -0.2216 -0.8752 -0.4300
vn 0.0076 0.6187 -0.7856
vn -0.0102 0.6244 -0.7810
vn -0.0174 -0.6279 -0.7781
vn 0.0029 -0.6197 -0.7848
vn 0.0143 -0.6187 -0.7855
vn -0.8994 0.3923 -0.1928
vn -0.6222 0.7026 -0.3453
vn -0.8994 -0.3924 -0.1928
vn -0.8994 -0.3923 -0.1928
vn 0.0030 0.8975 -0.4409
vn -0.2216 -0.8752 -0.4299
vn 0.0030 -0.8975 -0.4409
vn -0.0061 0.7744 -0.6326
vn -0.0061 -0.7744 -0.6326
vn 0.9745 0.1458 -0.1706
vn 0.9745 -0.1458 -0.1706
vn -0.9895 0.1299 -0.0638
vn -0.8994 0.3923 -0.1927
vn -0.9900 -0.1373 -0.0314
vn -0.9963 -0.0671 -0.0544
vn -0.9895 -0.1299 -0.0638
vn -0.2216 0.7061 -0.6726
vn -0.0000 0.7241 -0.6897
vn -0.2216 -0.7060 -0.6726
vn -0.2215 -0.7061 -0.6726
vn -0.0000 -0.7241 -0.6897
vn -0.9963 0.0841 -0.0198
vn -0.6222 0.5668 -0.5400
vn -0.2215 0.7061 -0.6726
vn -0.6223 -0.5669 -0.5399
vn -0.6223 -0.5668 -0.5399
vn -0.8994 0.3165 -0.3015
vn -0.6223 0.5668 -0.5399
vn -0.8994 -0.3165 -0.3015
vn -0.0000 0.5928 -0.8053
vn -0.0007 0.5908 -0.8068
vn -0.0059 0.5816 -0.8135
vn -0.0168 0.5727 -0.8196
vn -0.0167 0.5727 -0.8196
vn -0.0402 0.5672 -0.8226
vn -0.0305 -0.5674 -0.8229
vn -0.0096 -0.5773 -0.8165
vn -0.0027 -0.5867 -0.8098
vn -0.0000 -0.5932 -0.8051
vn -0.2235 0.5427 -0.8096
vn 0.0082 0.5667 -0.8239
vn 0.0081 0.5568 -0.8306
vn 0.0223 0.5469 -0.8369
vn 0.0223 0.5470 -0.8369
vn 0.0031 0.5803 -0.8144
vn 0.0032 0.5801 -0.8145
vn -0.2235 -0.5427 -0.8096
vn 0.0022 -0.5837 -0.8120
vn 0.0021 -0.5839 -0.8119
vn 0.0058 -0.5724 -0.8199
vn 0.0142 -0.5569 -0.8305
vn 0.0144 -0.5567 -0.8306
vn 0.1134 0.5485 -0.8284
vn 0.1135 0.5485 -0.8284
vn -0.0125 0.5518 -0.8339
vn -0.0123 0.5520 -0.8337
vn 0.1135 -0.5485 -0.8284
vn -0.0079 -0.5521 -0.8338
vn -0.0182 -0.5439 -0.8390
vn -0.6259 0.4343 -0.6478
vn -0.2237 0.5427 -0.8096
vn -0.6258 0.4343 -0.6479
vn -0.6259 -0.4343 -0.6478
vn -0.6258 -0.4343 -0.6479
vn -0.2237 -0.5427 -0.8096
vn 0.4323 0.4978 -0.7519
vn 0.4323 -0.4978 -0.7519
vn 0.1134 -0.5485 -0.8284
vn -0.9900 0.1088 -0.0895
vn -0.9900 0.1091 -0.0898
vn -0.9934 0.0830 -0.0791
vn -0.9893 -0.1054 -0.1004
vn 0.4324 0.4978 -0.7518
vn 0.7786 0.3464 -0.5232
vn 0.7787 0.3464 -0.5232
vn 0.7786 -0.3464 -0.5232
vn 0.4324 -0.4978 -0.7518
vn 0.7787 -0.3464 -0.5232
vn -0.0245 -0.9993 -0.0266
vn -0.1197 -0.9928 -0.0026
vn 0.1210 -0.9927 0.0023
vn 0.1082 0.9941 -0.0000
vn -0.1283 0.9917 0.0048
vn 0.0736 0.9972 -0.0090
vn 0.0423 -0.9991 -0.0030
vn -0.1947 -0.9809 0.0023
vn -0.0300 0.9995 -0.0018
vn 0.1986 0.9801 0.0014
vn 0.1985 0.9801 0.0014
vn -0.1945 -0.9809 0.0023
vn -0.2516 0.9669 -0.0419
vn -0.1284 0.9917 0.0048
vn 0.1885 -0.9816 -0.0309
vn -0.9010 0.2416 -0.3603
vn -0.9010 0.2415 -0.3603
vn -0.6261 0.4342 -0.6477
vn -0.9010 -0.2416 -0.3603
vn -0.9010 -0.2415 -0.3603
vn -0.6261 -0.4342 -0.6477
vn 0.1209 -0.9927 0.0023
vn 0.0600 -0.9982 -0.0000
vn 0.3421 -0.9397 -0.0028
vn -0.3587 -0.9335 0.0021
vn -0.3547 0.9348 -0.0186
vn -0.3586 -0.9335 0.0022
vn -0.9931 -0.0908 -0.0737
vn 0.4160 0.9088 -0.0326
vn -0.4162 -0.9087 -0.0328
vn -0.4341 0.8942 -0.1092
vn -0.4673 0.8841 0.0014
vn -0.1447 0.9895 0.0013
vn 0.5283 -0.8474 -0.0539
vn -0.5412 0.8373 -0.0775
vn -0.5768 -0.8169 -0.0000
vn -0.4901 -0.8711 -0.0310
vn -0.6379 -0.7701 0.0039
vn -0.3514 -0.9362 -0.0084
vn 0.6391 0.7691 0.0038
vn 0.3514 0.9362 -0.0082
vn -0.6117 0.7907 -0.0246
vn -0.6378 -0.7702 0.0039
vn -0.5678 0.8232 0.0050
vn -0.3514 0.9362 0.0049
vn 0.9745 0.1239 -0.1871
vn 0.9744 0.1240 -0.1874
vn 0.7787 0.3464 -0.5231
vn 0.9744 -0.1240 -0.1874
vn 0.7787 -0.3464 -0.5231
vn 0.9745 -0.1239 -0.1871
vn 0.6763 -0.7207 -0.1524
vn -0.0016 -0.5096 -0.8604
vn 0.4392 -0.8984 0.0002
vn 0.7319 -0.6815 0.0002
vn -0.0149 -0.4691 -0.8830
vn 0.0017 -0.5115 -0.8593
vn -0.7315 0.6817 -0.0132
vn -0.0064 0.5141 -0.8577
vn -0.5389 0.8424 -0.0000
vn -0.9935 0.0665 -0.0923
vn -0.9947 0.0573 -0.0855
vn -0.9009 0.2416 -0.3605
vn -0.9935 -0.0633 -0.0944
vn -0.9956 -0.0497 -0.0798
vn -0.9935 -0.0663 -0.0921
vn -0.9009 -0.2416 -0.3605
vn 0.1133 0.5486 -0.8284
vn 0.0058 0.5522 -0.8337
vn -0.0064 0.5142 -0.8576
vn 0.1133 -0.5486 -0.8284
vn 0.0401 -0.5515 -0.8332
vn -0.0086 -0.4954 -0.8686
vn -0.0078 -0.5350 -0.8448
vn -0.8022 -0.5959 -0.0369
vn 0.8025 0.5956 -0.0372
vn -0.0026 0.4894 -0.8721
vn 0.1135 0.4786 -0.8707
vn -0.0025 0.4721 -0.8815
vn -0.0025 0.4719 -0.8816
vn -0.0095 0.4658 -0.8848
vn 0.1677 -0.4819 -0.8600
vn 0.1136 -0.5006 -0.8582
vn -0.0088 -0.4659 -0.8848
vn -0.0194 -0.4511 -0.8923
vn -0.2240 0.4840 -0.8459
vn -0.0007 0.4673 -0.8841
vn -0.2240 -0.4840 -0.8459
vn 0.1637 0.4962 -0.8527
vn 0.4330 0.4485 -0.7819
vn 0.4330 -0.4485 -0.7819
vn 0.8025 0.5955 -0.0372
vn -0.0008 0.4902 -0.8716
vn -0.2239 0.4837 -0.8461
vn 0.0087 0.4658 -0.8848
vn 0.0182 0.4507 -0.8925
vn -0.2195 -0.4605 -0.8601
vn -0.1679 -0.4819 -0.8600
vn 0.0017 -0.5113 -0.8594
vn 0.0036 -0.4737 -0.8807
vn 0.0110 -0.4655 -0.8850
vn 0.7317 -0.6816 0.0002
vn -0.7597 0.6498 -0.0251
vn -0.8773 0.4798 0.0068
vn 0.8554 -0.5138 -0.0660
vn -0.2241 0.4606 -0.8589
vn -0.1744 0.4582 -0.8716
vn -0.2244 -0.4607 -0.8587
vn 0.4331 0.4485 -0.7819
vn 0.4331 -0.4485 -0.7819
vn -0.5015 0.4742 -0.7236
vn -0.6265 0.4077 -0.6643
vn -0.5015 -0.4742 -0.7236
vn -0.6265 -0.4077 -0.6643
vn 0.7600 0.6499 -0.0077
vn 0.9360 0.3519 0.0037
vn -0.7599 -0.6500 -0.0076
vn -0.9360 -0.3521 0.0037
vn 0.7777 0.3660 -0.5111
vn 0.5035 0.4667 -0.7271
vn 0.7777 -0.3660 -0.5111
vn 0.5035 -0.4667 -0.7271
vn -0.9361 -0.3518 0.0037
vn 0.0027 -0.4445 -0.8958
vn 0.9360 0.3520 0.0037
vn -0.0026 0.4446 -0.8957
vn -0.8772 0.4800 0.0069
vn 0.9212 -0.3408 -0.1879
vn -0.0019 -0.4265 -0.9045
vn 0.8039 -0.5948 0.0001
vn 0.9645 -0.2641 0.0001
vn 0.0109 -0.4658 -0.8848
vn -0.0084 -0.4257 -0.9048
vn 0.7778 0.3660 -0.5110
vn 0.7778 -0.3660 -0.5110
vn -0.6268 0.4076 -0.6640
vn -0.6268 -0.4076 -0.6640
vn -0.9691 0.2463 -0.0131
vn 0.0073 0.4214 -0.9068
vn -0.0095 0.4656 -0.8850
vn -0.1678 0.4821 -0.8599
vn -0.0165 0.4693 -0.8829
vn -0.1678 -0.4821 -0.8599
vn 0.1677 0.4818 -0.8601
vn 0.1678 -0.4817 -0.8601
vn 0.0164 -0.4690 -0.8831
vn -0.8992 0.2759 -0.3395
vn -0.7812 0.3890 -0.4883
vn -0.8992 -0.2759 -0.3395
vn -0.7812 -0.3890 -0.4883
vn 0.1697 0.4568 -0.8732
vn 0.1390 0.4595 -0.8772
vn -0.0370 0.3849 -0.9222
vn 0.1687 -0.4706 -0.8661
vn -0.0118 -0.3965 -0.9180
vn -0.1687 0.4705 -0.8661
vn -0.1697 -0.4567 -0.8733
vn -0.1391 -0.4595 -0.8772
vn 0.0118 0.3965 -0.9180
vn 0.0318 -0.3873 -0.9214
vn 0.9910 0.1239 -0.0503
vn 0.0121 0.3966 -0.9179
vn -0.9910 -0.1238 -0.0504
vn -0.0122 -0.3966 -0.9179
vn -0.4892 0.5173 -0.7022
vn -0.4383 0.5289 -0.7267
vn -0.1459 0.4485 -0.8818
vn -0.4892 -0.5173 -0.7022
vn -0.4383 -0.5289 -0.7267
vn 0.4892 0.5173 -0.7022
vn 0.4383 0.5290 -0.7267
vn 0.4383 -0.5290 -0.7267
vn 0.1459 -0.4485 -0.8818
vn 0.4892 -0.5173 -0.7022
vn -0.9935 0.0600 -0.0963
vn 0.9680 0.2119 -0.1344
vn 0.7857 0.3670 -0.4980
vn 0.7857 -0.3670 -0.4980
vn 0.9680 -0.2119 -0.1344
vn 0.9928 -0.0883 -0.0803
vn 0.0318 -0.3875 -0.9213
vn -0.9942 0.0752 -0.0772
vn -0.0373 0.3850 -0.9222
vn 0.9732 0.1588 -0.1666
vn 0.9364 0.2519 -0.2443
vn 0.9680 -0.2119 -0.1345
vn -0.8932 0.3308 -0.3047
vn -0.9605 0.2182 -0.1728
vn -0.8992 -0.2760 -0.3397
vn -0.1429 0.4534 -0.8798
vn -0.0658 0.4304 -0.9003
vn 0.1389 0.4598 -0.8771
vn 0.0682 -0.4314 -0.8996
vn 0.1426 -0.4538 -0.8796
vn -0.7381 0.5310 -0.4162
vn -0.7381 -0.5310 -0.4162
vn 0.7379 0.5312 -0.4163
vn 0.7379 -0.5312 -0.4163
vn -0.9794 0.2019 -0.0064
vn -0.9912 -0.1322 0.0025
vn 0.1446 0.4282 -0.8920
vn -0.9890 0.1477 0.0030
vn -0.9794 -0.2019 -0.0064
vn 0.9892 -0.1462 0.0029
vn 0.9794 0.2019 -0.0064
vn 0.9873 -0.1570 -0.0233
vn 0.9891 0.1467 0.0104
vn -0.1434 -0.4345 -0.8892
vn 0.1445 0.4283 -0.8920
vn 0.9892 -0.1465 0.0029
vn -0.1433 0.4363 -0.8883
vn -0.9890 0.1480 0.0030
vn 0.1430 -0.4370 -0.8880
vn -0.9910 0.1183 -0.0627
vn -0.8346 0.3835 -0.3955
vn -0.9909 -0.1197 -0.0615
vn -0.8320 -0.3848 -0.3997
vn -0.9562 -0.2431 -0.1629
vn -0.1434 -0.4347 -0.8891
vn -0.3986 0.6113 -0.6837
vn -0.3891 0.6063 -0.6936
vn -0.3713 -0.5970 -0.7112
vn -0.3889 -0.6065 -0.6935
vn 0.3350 0.5823 -0.7407
vn 0.3859 0.6110 -0.6912
vn 0.4026 -0.6125 -0.6803
vn 0.3896 -0.6056 -0.6939
vn -0.9451 -0.3234 -0.0460
vn 0.9428 0.3255 -0.0723
vn 0.9350 -0.3500 -0.0580
vn -0.9347 0.3507 -0.0587
vn 0.9954 0.0963 -0.0000
vn 0.9955 -0.0943 -0.0000
vn 0.9248 -0.2107 -0.3168
vn -0.9955 0.0944 -0.0000
vn -0.9954 -0.0963 -0.0000
vn -0.9346 0.3507 -0.0587
vn 0.3145 -0.6080 -0.7290
vn 0.3755 -0.5784 -0.7242
vn 0.9351 -0.3497 -0.0579
vn -0.3742 0.5778 -0.7254
vn -0.3143 0.6067 -0.7302
vn 0.9427 0.3256 -0.0724
vn -0.3379 -0.5953 -0.7290
vn -0.3739 -0.5775 -0.7257
vn -0.9451 -0.3235 -0.0461
vn 0.3461 0.5830 -0.7351
vn 0.3663 0.5729 -0.7333
vn -0.9405 0.3186 -0.1182
vn -0.9405 0.3187 -0.1182
vn -0.8487 0.4817 -0.2182
vn -0.7066 0.5090 -0.4916
vn -0.9396 -0.3202 -0.1207
vn -0.7066 -0.5090 -0.4916
vn -0.8600 -0.4756 -0.1852
vn -0.8368 -0.4982 -0.2269
vn -0.9396 -0.3203 -0.1207
vn 0.9396 0.3203 -0.1207
vn 0.8367 0.4984 -0.2269
vn 0.9396 0.3202 -0.1207
vn 0.9396 0.3201 -0.1209
vn 0.8596 0.4759 -0.1860
vn 0.7064 0.5091 -0.4918
vn 0.9405 -0.3187 -0.1182
vn 0.9405 -0.3186 -0.1183
vn 0.9405 -0.3187 -0.1181
vn 0.7064 -0.5091 -0.4918
vn 0.8487 -0.4818 -0.2180
vn -0.6389 0.6261 -0.4470
vn -0.5461 0.6663 -0.5078
vn -0.5645 -0.6734 -0.4773
vn -0.5171 -0.6764 -0.5245
vn -0.6389 -0.6261 -0.4470
vn 0.5646 0.6734 -0.4773
vn 0.5175 0.6764 -0.5241
vn 0.6388 0.6261 -0.4472
vn 0.5463 -0.6662 -0.5076
vn 0.6388 -0.6261 -0.4472
vn 0.9428 0.3254 -0.0722
vn -0.3382 -0.5951 -0.7291
vn -0.9450 -0.3237 -0.0461
vn 0.3460 0.5830 -0.7351
vn -0.9347 0.3506 -0.0587
vn 0.3147 -0.6079 -0.7290
vn -0.3144 0.6068 -0.7300
vn -0.8826 -0.4488 -0.1397
vn 0.3907 0.7530 -0.5294
vn 0.8939 0.3996 -0.2033
vn -0.4052 -0.7543 -0.5166
vn 0.9612 -0.2742 0.0286
vn -0.9613 0.2741 0.0285
vn -0.9585 -0.2851 -0.0036
vn -0.9911 -0.1331 0.0059
vn 0.9585 0.2851 -0.0036
vn 0.9911 0.1331 0.0059
vn 0.4484 -0.7724 -0.4499
vn 0.4482 -0.7724 -0.4501
vn 0.4516 -0.7744 -0.4432
vn 0.5464 -0.6917 -0.4722
vn 0.4330 0.7883 -0.4371
vn -0.4485 0.7723 -0.4498
vn -0.4484 0.7722 -0.4501
vn -0.5462 0.6918 -0.4723
vn -0.4516 0.7742 -0.4434
vn -0.4403 -0.7829 -0.4396
vn 0.8754 -0.4584 -0.1535
vn -0.8754 0.4584 -0.1535
vn 0.9551 -0.2964 -0.0027
vn 0.8162 -0.5777 0.0045
vn -0.9551 0.2964 -0.0027
vn -0.8163 0.5776 0.0045
vn 0.8938 0.3997 -0.2034
vn -0.4522 -0.7513 -0.4808
vn -0.8825 -0.4490 -0.1398
vn 0.4476 0.7503 -0.4865
vn -0.8522 0.4967 -0.1647
vn -0.8523 0.4965 -0.1648
vn -0.7539 0.6403 -0.1475
vn -0.7633 0.6298 -0.1444
vn -0.7662 -0.6287 -0.1333
vn -0.7636 -0.6315 -0.1342
vn 0.7633 0.6319 -0.1345
vn 0.8519 0.4918 -0.1801
vn 0.7672 0.6282 -0.1295
vn 0.7632 0.6320 -0.1345
vn 0.8522 -0.4966 -0.1649
vn 0.7539 -0.6402 -0.1473
vn 0.7633 -0.6297 -0.1441
vn 0.8522 -0.4967 -0.1648
vn 0.9587 -0.2846 -0.0039
vn 0.9911 -0.1331 -0.0039
vn -0.9587 0.2845 -0.0039
vn -0.9911 0.1331 -0.0039
vn 0.9584 0.2854 -0.0036
vn -0.9585 -0.2850 -0.0036
vn 0.8163 -0.5776 0.0045
vn -0.4523 0.7718 -0.4468
vn -0.8164 0.5774 0.0045
vn 0.4523 -0.7719 -0.4468
vn -0.9584 -0.2854 -0.0036
vn 0.9587 -0.2845 -0.0039
vn -0.9550 -0.2963 0.0089
vn -0.8319 -0.5548 0.0092
vn 0.4404 0.7507 -0.4924
vn 0.4485 0.7462 -0.4920
vn 0.9584 0.2853 -0.0036
vn 0.9486 0.3159 0.0201
vn 0.8247 0.5651 0.0208
vn -0.4526 -0.7489 -0.4839
vn -0.4480 -0.7517 -0.4840
vn 0.8162 -0.5778 0.0045
vn -0.4170 0.7752 -0.4745
vn -0.4535 0.7496 -0.4821
vn 0.8248 0.5651 0.0208
vn -0.4479 -0.7517 -0.4840
vn -0.8162 0.5778 0.0045
vn 0.4170 -0.7752 -0.4744
vn 0.4532 -0.7498 -0.4821
vn -0.8318 -0.5551 0.0092
vn 0.4404 0.7508 -0.4923
vn 0.6625 -0.7283 -0.1753
vn 0.7586 -0.6391 -0.1270
vn 0.7586 -0.6390 -0.1270
vn 0.7649 0.6312 -0.1285
vn 0.6630 0.7283 -0.1734
vn -0.7586 0.6391 -0.1273
vn -0.7585 0.6391 -0.1273
vn -0.6623 0.7285 -0.1752
vn -0.6628 -0.7285 -0.1732
vn -0.7649 -0.6312 -0.1288
vn -0.7649 -0.6311 -0.1288
vn 0.1445 0.9879 -0.0564
vn 0.3071 0.9517 -0.0000
vn -0.0000 -0.0000 -1.0000
vn 0.3029 -0.9389 -0.1636
vn 0.6047 0.7965 -0.0000
vn 0.6047 -0.7965 -0.0000
vn 0.1447 -0.9895 -0.0000
vn 0.9142 0.4052 -0.0000
vn 0.9142 -0.4052 -0.0000
vn 0.9209 -0.3898 -0.0035
vn 0.9353 -0.3539 -0.0000
vn -0.0000 0.0285 -0.9996
vn 0.8934 0.4492 -0.0094
vn 0.9353 0.3539 -0.0000
vn -0.0000 -0.0636 -0.9980
vn 0.0009 -0.1486 -0.9889
vn 0.9962 -0.0870 -0.0000
vn 0.9962 0.0870 -0.0000
vn -0.9941 -0.1084 -0.0000
vn -0.9670 0.2548 -0.0000
vn -0.9962 -0.0870 -0.0000
vn -0.9142 0.4052 -0.0000
vn -0.9353 -0.3539 -0.0000
vn -0.8321 -0.5546 -0.0000
vn -0.8934 -0.4492 -0.0094
vn -0.0006 0.1483 -0.9889
vn -0.9158 0.3558 -0.1865
vn -0.9087 0.3980 -0.1257
vn -0.6047 0.7965 -0.0000
vn -0.7215 0.6717 -0.1681
vn -0.6760 -0.7369 -0.0000
vn -0.4827 -0.8758 -0.0037
vn 0.8739 -0.4858 -0.0197
vn 0.0010 0.2275 -0.9738
vn -0.8921 -0.4517 0.0146
vn 0.8919 0.4519 0.0146
vn -0.8449 0.5338 0.0340
vn -0.0013 -0.3019 -0.9533
vn 0.8879 -0.4598 0.0157
vn -0.8879 0.4598 0.0157
vn 0.8119 0.5788 -0.0761
vn -0.0005 -0.4634 -0.8861
vn -0.8119 -0.5788 -0.0761
vn -0.0001 0.4630 -0.8863
vn 0.8737 -0.4860 -0.0199
vn -0.0001 0.2278 -0.9737
vn 0.8118 0.5789 -0.0762
vn -0.0006 -0.3023 -0.9532
vn 0.0002 -0.4629 -0.8864
vn -0.8118 -0.5789 -0.0762
vn -0.0011 0.4624 -0.8867
vn 0.7849 0.6177 -0.0491
vn -0.4139 -0.8590 -0.3014
vn -0.8449 0.5338 0.0339
vn 0.7949 -0.5985 -0.0991
vn -0.0022 0.5304 -0.8478
vn 0.0066 0.7536 -0.6573
vn 0.5537 -0.8125 -0.1826
vn 0.6341 -0.7653 -0.1104
vn 0.6342 -0.7652 -0.1105
vn 0.5543 0.8126 -0.1798
vn 0.6353 0.7651 -0.1048
vn 0.6351 0.7653 -0.1048
vn -0.6341 0.7653 -0.1106
vn -0.5543 0.8122 -0.1819
vn -0.6354 -0.7651 -0.1049
vn -0.5549 -0.8124 -0.1793
vn -0.6353 -0.7652 -0.1048
vn -0.7629 -0.6461 -0.0243
vn 0.4160 0.8655 -0.2790
vn -0.8450 0.5337 0.0341
vn 0.0037 -0.3048 -0.9524
vn -0.7540 0.6557 -0.0405
vn -0.0038 -0.7523 -0.6588
vn 0.0010 -0.5990 -0.8007
vn 0.7603 -0.6490 -0.0269
vn -0.4305 0.8668 -0.2516
vn -0.7604 0.6489 -0.0269
vn 0.4306 -0.8667 -0.2517
vn -0.4305 0.8668 -0.2517
vn -0.4980 0.8593 -0.1166
vn -0.4818 0.8689 -0.1132
vn -0.4818 0.8690 -0.1131
vn -0.4529 -0.8846 -0.1113
vn -0.6062 -0.7619 -0.2280
vn -0.4790 -0.8700 -0.1168
vn 0.4983 -0.8591 -0.1169
vn 0.4820 -0.8688 -0.1135
vn 0.4817 -0.8690 -0.1135
vn 0.4495 0.8863 -0.1111
vn 0.4788 0.8701 -0.1173
vn 0.6059 0.7619 -0.2290
vn 0.8880 -0.4597 0.0157
vn 0.8918 0.4522 0.0147
vn -0.9048 -0.4258 0.0068
vn -0.7886 -0.6148 -0.0034
vn 0.9048 0.4258 0.0067
vn 0.7883 0.6152 -0.0034
vn -0.7616 -0.6476 -0.0227
vn -0.7633 -0.6455 -0.0240
vn 0.5102 0.8333 -0.2127
vn 0.7849 0.6177 -0.0490
vn -0.5184 -0.8254 -0.2237
vn 0.7602 -0.6491 -0.0270
vn -0.7603 0.6491 -0.0270
vn -0.7896 0.6101 0.0663
vn 0.7896 -0.6101 0.0663
vn 0.7458 0.6442 -0.1700
vn -0.7458 -0.6442 -0.1700
vn -0.7886 -0.6149 -0.0034
vn 0.7883 0.6153 -0.0034
vn -0.7819 0.6234 -0.0024
vn -0.9048 0.4258 -0.0023
vn 0.7819 -0.6234 -0.0024
vn 0.9048 -0.4258 -0.0023
vn 0.7420 -0.6463 -0.1779
vn -0.0004 0.7729 -0.6345
vn 0.7885 0.6151 -0.0034
vn -0.7540 0.6557 -0.0402
vn 0.8301 -0.5574 -0.0137
vn 0.6458 -0.7634 0.0102
vn -0.0004 0.7730 -0.6345
vn 0.0009 -0.8013 -0.5983
vn 0.0012 -0.7501 -0.6613
vn 0.5857 -0.8076 -0.0689
vn 0.5393 -0.8421 -0.0050
vn 0.5396 -0.8419 -0.0051
vn 0.4945 -0.8692 -0.0000
vn -0.1331 -0.9911 -0.0000
vn -0.3381 -0.9411 -0.0000
vn -0.7049 -0.7093 -0.0002
vn -0.6876 -0.7261 -0.0000
vn -0.4863 -0.8692 -0.0889
vn -0.7458 -0.6441 -0.1699
vn -0.0002 0.7506 -0.6608
vn -0.6546 -0.7556 0.0239
vn 0.6548 0.7554 0.0239
vn -0.6546 0.7556 0.0244
vn 0.6546 -0.7556 0.0245
vn 0.4861 0.8713 -0.0671
vn 0.7637 -0.6451 -0.0233
vn -0.4888 0.8700 -0.0649
vn -0.7638 0.6451 -0.0233
vn 0.4888 -0.8700 -0.0651
vn 0.6456 -0.7636 0.0102
vn -0.0038 0.7745 -0.6325
vn 0.0045 0.9265 -0.3763
vn -0.0002 0.7502 -0.6612
vn 0.6576 0.7533 0.0131
vn 0.8301 0.5574 0.0127
vn 0.0054 -0.9359 -0.3523
vn -0.0045 -0.7525 -0.6585
vn -0.6576 -0.7533 0.0131
vn -0.8301 -0.5574 0.0127
vn 0.7071 0.7071 0.0075
vn 0.6518 0.7584 -0.0002
vn -0.7071 -0.7071 0.0075
vn -0.6519 -0.7583 -0.0002
vn 0.6547 -0.7555 0.0244
vn 0.5026 -0.8603 0.0853
vn -0.5027 0.8602 0.0853
vn 0.7071 -0.7071 -0.0003
vn 0.4961 -0.8683 -0.0003
vn -0.7071 0.7071 -0.0003
vn -0.4960 0.8683 -0.0003
vn 0.4958 0.8684 -0.0002
vn 0.6600 0.7017 0.2684
vn -0.4258 -0.9048 -0.0002
vn -0.6606 -0.7448 0.0948
vn -0.4963 -0.8677 0.0272
vn 0.4937 0.8697 -0.0002
vn -0.4959 0.8684 -0.0003
vn -0.4962 0.8682 -0.0000
vn 0.4960 -0.8683 -0.0003
vn 0.4963 -0.8682 -0.0000
vn -0.4964 -0.8677 0.0272
vn -0.4931 -0.8699 -0.0078
vn 0.4938 0.8696 -0.0000
vn 0.5780 0.8157 -0.0231
vn -0.0000 -0.9256 -0.3786
vn -0.5780 -0.8157 -0.0231
vn 0.5766 -0.8167 -0.0252
vn -0.0000 0.9322 -0.3619
vn -0.7782 -0.6280 -0.0000
vn -0.7782 0.6280 -0.0000
vn 0.7782 -0.6280 -0.0000
vn -0.0002 -0.9349 -0.3550
vn -0.0000 -0.9254 -0.3790
vn 0.5711 -0.8206 -0.0204
vn 0.5780 -0.8157 -0.0237
vn 0.0002 0.9322 -0.3619
vn -0.0000 0.9254 -0.3790
vn 0.5782 0.8156 -0.0229
vn -0.5782 -0.8156 -0.0229
vn 0.5780 0.8157 -0.0233
vn 0.0002 -0.9928 -0.1198
vn -0.5780 -0.8157 -0.0233
vn -0.0001 0.9928 -0.1198
vn -0.0000 0.9938 -0.1115
vn -0.0000 -0.9941 -0.1084
vn 0.4257 0.9047 0.0172
vn 0.3381 0.9411 -0.0000
vn 0.3379 -0.9404 0.0380
vn 0.1331 0.9911 -0.0000
vn 0.1331 -0.9911 -0.0000
vn 0.4258 -0.9048 -0.0000
vn -0.1331 0.9911 -0.0000
vn -0.3379 0.9404 0.0380
vn -0.4258 0.9048 -0.0000
vn 0.9808 0.1951 -0.0000
vn 0.9808 -0.1951 -0.0000
vn 0.8315 0.5556 -0.0000
vn 0.8315 -0.5556 -0.0000
vn 0.5556 0.8315 -0.0000
vn 0.5556 -0.8315 -0.0000
vn 0.1951 0.9808 -0.0000
vn 0.1951 -0.9808 -0.0000
vn -0.1758 0.9844 -0.0000
vn -0.2587 0.9659 -0.0016
vn -0.2587 -0.9659 -0.0016
vn -0.1758 -0.9844 -0.0000
vn -0.7071 0.7071 -0.0018
vn -0.5391 0.8422 0.0012
vn -0.5392 0.8422 0.0012
vn -0.7071 -0.7071 -0.0018
vn -0.5392 -0.8422 0.0012
vn -0.5391 -0.8422 0.0012
vn -0.9659 0.2587 -0.0016
vn -0.8422 0.5391 0.0012
vn -0.8422 0.5392 0.0012
vn -0.9659 -0.2587 -0.0016
vn -0.8422 -0.5391 0.0012
vn -0.8422 -0.5392 0.0012
vn -0.9844 0.1758 -0.0000
vn -0.9844 -0.1758 -0.0000
vn -0.7990 -0.0782 -0.5962
vn -0.6699 -0.1879 -0.7182
vn 0.0001 0.0003 1.0000
vn -0.0000 -0.0002 1.0000
vn -0.6665 -0.3147 -0.6758
vn -0.7696 -0.2159 -0.6009
vn -0.0000 0.0001 1.0000
vn -0.0000 -0.0000 1.0000
vn 0.0872 -0.0000 -0.9962
vn -0.0000 0.1191 -0.9929
vn 0.0866 0.1190 -0.9891
vn -0.0000 -0.2241 -0.9746
vn 0.0850 -0.2233 -0.9710
vn -0.0000 0.1801 -0.9837
vn -0.0016 0.1616 -0.9869
vn -0.0000 -0.1798 -0.9837
vn 0.0018 -0.1925 -0.9813
vn 0.1268 -0.0000 -0.9919
vn 0.1263 -0.1124 -0.9856
vn 0.1261 -0.1127 -0.9856
vn -0.0000 -0.1497 -0.9887
vn -0.0011 -0.1136 -0.9935
vn 0.1271 -0.0000 -0.9919
vn -0.0000 0.0186 -0.9998
vn 0.0008 0.1877 -0.9822
vn -0.0023 0.1136 -0.9935
vn 0.1352 0.1126 -0.9844
vn 0.1361 -0.0000 -0.9907
vn 0.2295 0.0167 -0.9732
vn 0.1039 -0.0000 -0.9946
vn 0.1040 -0.0000 -0.9946
vn -0.7451 0.4338 -0.5065
vn -0.7048 0.5016 -0.5016
vn -0.7038 0.3517 -0.6173
vn -0.7735 -0.4429 -0.4533
vn -0.7304 -0.4374 -0.5246
vn -0.7390 -0.4124 -0.5327
vn -0.0000 0.1300 -0.9915
vn -0.9801 0.0258 -0.1970
vn -0.0000 -0.0003 1.0000
vn -0.0000 -0.1300 -0.9915
vn -0.0136 0.1951 -0.9807
vn -0.0136 -0.1951 -0.9807
vn -0.7013 -0.5041 -0.5041
vn -0.7066 -0.3942 -0.5876
vn -0.7624 -0.2731 -0.5867
vn -0.7153 -0.3239 -0.6193
vn -0.6882 0.2236 -0.6902
vn -0.7297 0.1065 -0.6754
vn -0.7521 0.2444 -0.6121
vn -0.6838 0.3080 -0.6615
vn -0.7570 0.2758 -0.5924
vn -0.7425 0.4388 -0.5062
vn 0.1146 -0.4301 -0.8955
vn 0.0015 -0.4499 -0.8931
vn 0.0013 -0.4330 -0.9014
vn 0.0027 0.4629 -0.8864
vn 0.0022 0.4332 -0.9013
vn 0.1229 0.4299 -0.8945
vn 0.0865 0.1187 -0.9891
vn 0.0782 0.4424 -0.8934
vn 0.0016 0.4438 -0.8961
vn -0.7346 0.4572 -0.5013
vn 0.1270 -0.0000 -0.9919
vn 0.0018 -0.1769 -0.9842
vn 0.0105 0.1620 -0.9867
vn 0.0016 0.4439 -0.8961
vn -0.7346 0.4573 -0.5013
vn 0.0022 0.4629 -0.8864
vn 0.2775 -0.0000 -0.9607
vn 0.0018 -0.2241 -0.9746
vn -0.0010 -0.4886 -0.8725
vn 0.3218 -0.1130 -0.9400
vn 0.3384 -0.0095 -0.9409
vn 0.3382 -0.0095 -0.9410
vn 0.3238 -0.0033 -0.9461
vn -0.0112 0.7868 -0.6171
vn 0.0081 0.3944 -0.9189
vn 0.0012 -0.4500 -0.8930
vn -0.7845 -0.4385 -0.4385
vn -0.7238 -0.4703 -0.5049
vn 0.0781 0.4425 -0.8934
vn 0.0850 -0.2236 -0.9710
vn 0.1146 -0.4302 -0.8954
vn 0.0007 -0.4331 -0.9014
vn 0.0011 0.4330 -0.9014
vn 0.1228 0.4297 -0.8946
vn 0.3224 -0.1188 -0.9391
vn 0.2904 -0.4324 -0.8536
vn 0.2888 -0.4427 -0.8489
vn 0.2939 -0.4320 -0.8526
vn 0.0680 -0.6253 -0.7774
vn 0.0064 -0.7343 -0.6788
vn 0.0006 -0.6267 -0.7793
vn 0.3442 0.1133 -0.9320
vn 0.3464 -0.0001 -0.9381
vn 0.4524 0.0434 -0.8908
vn 0.4509 0.0433 -0.8915
vn 0.3795 0.0135 -0.9251
vn 0.3117 0.0008 -0.9502
vn 0.3118 0.0008 -0.9501
vn 0.2745 -0.0000 -0.9616
vn 0.0056 0.4745 -0.8802
vn 0.0114 0.4221 -0.9065
vn 0.0114 -0.4221 -0.9065
vn 0.3442 0.1130 -0.9321
vn 0.3125 0.4318 -0.8461
vn 0.0009 0.6396 -0.7687
vn 0.2587 -0.0000 -0.9659
vn 0.2588 -0.0000 -0.9659
vn 0.2569 0.1188 -0.9591
vn 0.2522 -0.2233 -0.9416
vn 0.2321 0.4424 -0.8662
vn 0.2570 0.1190 -0.9591
vn 0.2570 0.1189 -0.9591
vn -0.7239 0.4878 -0.4878
vn -0.0008 0.7082 -0.7060
vn -0.0005 -0.7081 -0.7061
vn 0.0800 -0.7768 -0.6247
vn 0.0008 -0.7793 -0.6267
vn 0.0008 0.7793 -0.6267
vn 0.0857 0.7764 -0.6244
vn 0.0539 0.7860 -0.6159
vn 0.0680 -0.6252 -0.7775
vn 0.2020 -0.6252 -0.7538
vn 0.2020 -0.6253 -0.7538
vn 0.2523 -0.2233 -0.9415
vn 0.0114 0.4220 -0.9065
vn -0.0151 0.5555 -0.8314
vn -0.0151 -0.5555 -0.8314
vn 0.0114 -0.4220 -0.9065
vn 0.1983 -0.7860 -0.5856
vn 0.2053 -0.7783 -0.5934
vn 0.0800 -0.7767 -0.6247
vn 0.0009 0.6394 -0.7688
vn 0.0044 -0.7082 -0.7060
vn -0.7240 -0.4879 -0.4876
vn -0.0018 -0.7454 -0.6666
vn 0.0034 0.8564 -0.5163
vn -0.0024 0.7869 -0.6170
vn 0.0539 0.7859 -0.6160
vn 0.0539 0.7858 -0.6161
vn 0.0799 -0.7768 -0.6247
vn -0.7857 0.4373 -0.4374
vn -0.7162 0.5116 -0.4746
vn 0.0051 0.7080 -0.7062
vn 0.0008 0.7792 -0.6267
vn 0.0680 -0.6253 -0.7775
vn 0.0858 0.7764 -0.6244
vn 0.3125 0.4319 -0.8461
vn 0.2175 0.7783 -0.5890
vn 0.1600 0.7859 -0.5973
vn 0.2321 0.4424 -0.8663
vn 0.0379 -0.9007 -0.4327
vn 0.0005 -0.9014 -0.4330
vn 0.0034 -0.9292 -0.3697
vn -0.0056 -0.9746 -0.2239
vn 0.0009 -0.8941 -0.4479
vn -0.7262 -0.5119 -0.4590
vn 0.0020 0.8873 -0.4612
vn -0.0063 0.9745 -0.2244
vn 0.4168 0.0017 -0.9090
vn 0.1124 -0.9007 -0.4195
vn 0.1124 -0.9007 -0.4196
vn 0.4584 -0.1188 -0.8807
vn 0.4617 -0.0027 -0.8870
vn 0.0286 -0.9742 -0.2238
vn 0.0308 0.9740 -0.2243
vn 0.4140 -0.4427 -0.7953
vn 0.4140 -0.4427 -0.7954
vn 0.4585 -0.1188 -0.8807
vn 0.4226 -0.0000 -0.9063
vn 0.4196 0.1190 -0.8999
vn 0.4119 -0.2233 -0.8834
vn 0.4120 -0.2232 -0.8834
vn 0.0202 0.9728 -0.2309
vn 0.0016 0.9731 -0.2305
vn 0.3790 0.4424 -0.8128
vn 0.4196 0.1189 -0.8999
vn 0.0732 -0.9728 -0.2197
vn 0.0686 -0.9745 -0.2136
vn 0.0286 -0.9742 -0.2239
vn 0.0121 0.7071 -0.7071
vn 0.0121 -0.7071 -0.7071
vn 0.0015 0.9838 -0.1795
vn -0.0000 0.9844 -0.1760
vn -0.0064 0.9999 -0.0131
vn 0.0015 0.9730 -0.2307
vn 0.0777 0.9744 -0.2108
vn 0.2175 0.7782 -0.5891
vn 0.0780 0.9743 -0.2111
vn 0.0308 0.9741 -0.2239
vn 0.4896 0.1133 -0.8646
vn 0.4927 -0.0000 -0.8702
vn 0.5260 0.0149 -0.8503
vn 0.4552 -0.0001 -0.8904
vn -0.0000 0.9843 -0.1765
vn 0.0202 0.9728 -0.2306
vn 0.0202 0.9728 -0.2307
vn 0.0009 -0.8940 -0.4480
vn -0.7262 -0.5118 -0.4590
vn 0.0287 -0.9742 -0.2240
vn 0.0023 -0.9746 -0.2241
vn 0.4158 -0.0045 -0.9094
vn 0.0005 -0.9313 -0.3643
vn -0.7719 0.4557 -0.4432
vn -0.7075 0.5598 -0.4314
vn 0.0124 0.8883 -0.4591
vn 0.0021 0.9746 -0.2239
vn -0.0012 -0.9014 -0.4329
vn 0.0005 -0.9313 -0.3642
vn 0.0379 -0.9008 -0.4326
vn 0.0308 0.9741 -0.2238
vn -0.0000 0.9856 -0.1689
vn 0.3298 -0.6253 -0.7073
vn 0.4444 0.4319 -0.7849
vn 0.4896 0.1134 -0.8646
vn -0.0000 -0.9889 -0.1488
vn -0.7317 -0.5259 -0.4336
vn 0.4158 -0.0045 -0.9095
vn 0.0599 0.9728 -0.2237
vn 0.4585 -0.1190 -0.8807
vn 0.4617 -0.0087 -0.8870
vn 0.2854 -0.7861 -0.5483
vn 0.0099 -0.9935 -0.1137
vn 0.0099 -0.9935 -0.1136
vn -0.0000 -0.9935 -0.1137
vn 0.0007 -0.9956 -0.0934
vn 0.2613 0.7859 -0.5605
vn 0.4717 -0.0057 -0.8817
vn 0.3094 0.7782 -0.5465
vn 0.4444 0.4319 -0.7848
vn 0.0295 -0.9935 -0.1102
vn 0.1836 -0.9007 -0.3937
vn 0.0010 0.9999 -0.0131
vn 0.0037 0.9991 -0.0419
vn 0.5892 0.0131 -0.8079
vn 0.5552 -0.0069 -0.8317
vn 0.0287 -0.9742 -0.2238
vn -0.7048 -0.5016 -0.5016
vn -0.7067 -0.5857 -0.3969
vn -0.7038 0.6168 -0.3524
vn 0.0686 -0.9745 -0.2135
vn 0.0121 0.7071 -0.7070
vn -0.0151 0.8314 -0.5555
vn -0.0151 -0.8314 -0.5555
vn 0.0121 -0.7071 -0.7070
vn 0.0017 -1.0000 -0.0044
vn -0.7038 0.6169 -0.3522
vn -0.7067 -0.5856 -0.3971
vn 0.1069 -0.9728 -0.2053
vn 0.0018 1.0000 -0.0069
vn 0.0018 1.0000 -0.0072
vn 0.0029 0.9999 -0.0109
vn 0.0599 0.9728 -0.2236
vn 0.4227 -0.0000 -0.9063
vn 0.4197 0.1188 -0.8999
vn 0.0979 0.9728 -0.2098
vn 0.2613 0.7859 -0.5604
vn 0.1110 0.9743 -0.1958
vn 0.1107 0.9744 -0.1955
vn 0.5851 -0.1189 -0.8022
vn 0.5851 -0.1187 -0.8022
vn 0.5284 -0.4427 -0.7245
vn 0.5284 -0.4426 -0.7245
vn -0.7144 -0.6344 -0.2953
vn -0.7524 -0.5600 -0.3469
vn 0.5736 -0.0000 -0.8192
vn 0.5695 0.1188 -0.8134
vn 0.5591 -0.2232 -0.7985
vn 0.5144 0.4424 -0.7346
vn 0.5695 0.1189 -0.8133
vn 0.0482 -0.9935 -0.1034
vn 0.4476 -0.6253 -0.6393
vn 0.4476 -0.6253 -0.6392
vn 0.3642 -0.7861 -0.4994
vn 0.6877 -0.0000 -0.7260
vn 0.6834 0.1119 -0.7214
vn 0.7444 -0.0128 -0.6677
vn 0.0017 -1.0000 -0.0045
vn 0.1010 -0.9760 -0.1932
vn 0.6834 0.1118 -0.7215
vn 0.6215 0.4284 -0.6559
vn 0.3547 0.7859 -0.5065
vn 0.0028 0.9999 -0.0110
vn 0.0064 0.9999 -0.0138
vn 0.0114 0.9065 -0.4220
vn -0.7564 0.5930 -0.2761
vn 0.0114 -0.9065 -0.4220
vn 0.0028 1.0000 -0.0056
vn 0.2491 -0.9007 -0.3558
vn 0.2492 -0.9007 -0.3558
vn 0.6215 0.4283 -0.6560
vn 0.4345 0.7751 -0.4586
vn 0.0025 -1.0000 -0.0039
vn 0.1364 -0.9728 -0.1870
vn 0.1328 0.9728 -0.1897
vn 0.3547 0.7858 -0.5066
vn 0.5892 -0.0069 -0.8080
vn 0.6891 0.0095 -0.7246
vn 0.5850 -0.1191 -0.8022
vn 0.8836 0.0064 -0.4683
vn 0.8780 0.1122 -0.4653
vn 0.8779 0.1121 -0.4655
vn 0.7984 0.4283 -0.4233
vn 0.1560 0.9739 -0.1647
vn -0.7514 0.6122 -0.2460
vn 0.0654 -0.9935 -0.0935
vn 0.0654 -0.9935 -0.0934
vn 0.7984 0.4284 -0.4232
vn 0.5582 0.7751 -0.2959
vn 0.0025 -1.0000 -0.0038
vn 0.0141 -0.9997 -0.0192
vn 0.6990 -0.1132 -0.7061
vn 0.6978 -0.1191 -0.7063
vn 0.7035 -0.0000 -0.7107
vn 0.6356 -0.4320 -0.6398
vn 0.6295 -0.4427 -0.6385
vn -0.7620 -0.5871 -0.2733
vn -0.6668 -0.7207 -0.1898
vn 0.1071 0.9824 -0.1531
vn 0.9704 -0.0128 -0.2413
vn 0.8835 0.0064 -0.4684
vn 0.0114 0.9065 -0.4219
vn -0.0136 0.9807 -0.1950
vn -0.0136 -0.9807 -0.1950
vn 0.0114 -0.9065 -0.4219
vn -0.6856 0.6600 -0.3072
vn 0.5582 0.7752 -0.2959
vn 0.2004 0.9739 -0.1062
vn 0.7071 -0.0000 -0.7071
vn 0.7021 0.1189 -0.7021
vn 0.6893 -0.2232 -0.6893
vn 0.6341 0.4424 -0.6341
vn 0.7021 0.1188 -0.7021
vn 0.4429 -0.7784 -0.4448
vn 0.4334 -0.7861 -0.4406
vn 0.5518 -0.6253 -0.5518
vn 0.5519 -0.6252 -0.5518
vn 0.0030 1.0000 -0.0037
vn 0.4373 0.7858 -0.4373
vn 0.6893 -0.2233 -0.6893
vn 0.9868 -0.0000 -0.1617
vn 0.9806 0.1121 -0.1607
vn 0.8918 0.4282 -0.1461
vn 0.8917 0.4284 -0.1462
vn -0.0000 0.2589 0.9659
vn -0.0000 -0.2589 0.9659
vn 0.1593 -0.9745 -0.1581
vn 0.1661 -0.9728 -0.1617
vn 0.3071 -0.9007 -0.3071
vn 0.6234 0.7752 -0.1022
vn 0.8917 0.4283 -0.1462
vn -0.6668 -0.7207 -0.1896
vn -0.6899 0.6877 -0.2260
vn -0.0000 0.9915 -0.1300
vn -0.9772 0.2105 -0.0276
vn -0.7245 0.6807 -0.1080
vn -0.7960 -0.6001 -0.0787
vn -0.0000 -0.9915 -0.1300
vn 0.6235 0.7751 -0.1022
vn 0.2239 0.9739 -0.0367
vn 0.1559 0.9730 -0.1704
vn 0.1774 0.9680 -0.1774
vn 0.0061 -1.0000 -0.0063
vn 0.0807 -0.9935 -0.0807
vn 0.0093 -1.0000 -0.0035
vn 0.1566 -0.9744 -0.1613
vn 0.0032 1.0000 -0.0035
vn 0.0079 0.9999 -0.0098
vn 0.9935 0.1136 -0.0000
vn 0.9014 0.4329 -0.0000
vn 0.9014 0.4330 -0.0000
vn 0.6267 0.7793 -0.0000
vn 0.6268 0.7792 -0.0000
vn 0.6267 0.7792 -0.0000
vn 0.2240 0.9746 -0.0000
vn 0.8595 -0.0000 -0.5112
vn 0.8541 -0.1117 -0.5080
vn 0.8541 -0.1118 -0.5080
vn 0.7770 -0.4274 -0.4622
vn 0.5439 -0.7743 -0.3235
vn 0.8191 -0.0000 -0.5736
vn 0.8133 0.1188 -0.5696
vn 0.7985 -0.2232 -0.5591
vn 0.7984 -0.2234 -0.5591
vn 0.7346 0.4424 -0.5144
vn 0.8133 0.1190 -0.5695
vn -0.0000 -0.2589 -0.9659
vn -0.0000 0.2589 -0.9659
vn 0.6393 -0.6252 -0.4477
vn 0.6393 -0.6252 -0.4476
vn 0.0098 0.9999 -0.0090
vn 0.1701 0.9730 -0.1561
vn 0.1955 -0.9738 -0.1163
vn 0.0037 1.0000 -0.0030
vn 0.5066 0.7858 -0.3547
vn 0.7346 0.4425 -0.5144
vn 0.3558 -0.9008 -0.2491
vn 0.3558 -0.9007 -0.2491
vn 0.9840 -0.0000 -0.1779
vn 0.9779 -0.1118 -0.1768
vn 0.9779 -0.1117 -0.1768
vn 0.8896 -0.4274 -0.1608
vn 0.8897 -0.4274 -0.1608
vn 0.1954 -0.9738 -0.1163
vn 0.1831 0.9730 -0.1407
vn 0.2055 0.9680 -0.1439
vn 0.8897 -0.4273 -0.1608
vn 0.6227 -0.7743 -0.1125
vn 0.0934 -0.9935 -0.0654
vn 0.2238 -0.9738 -0.0404
vn 0.6228 -0.7743 -0.1125
vn 0.2238 -0.9738 -0.0405
vn 0.0036 1.0000 -0.0028
vn 0.0054 1.0000 -0.0043
vn 0.8192 -0.0000 -0.5736
vn 0.8134 0.1189 -0.5695
vn 0.7985 -0.2233 -0.5591
vn 0.9935 -0.1136 -0.0000
vn 0.9014 -0.4330 -0.0000
vn 0.9014 -0.4329 -0.0000
vn 0.6267 -0.7793 -0.0000
vn 0.6267 -0.7792 -0.0000
vn 0.2240 -0.9746 -0.0000
vn 0.0161 0.9998 -0.0103
vn 0.1947 0.9730 -0.1242
vn 0.9063 -0.0000 -0.4226
vn 0.8999 0.1189 -0.4196
vn 0.8834 -0.2233 -0.4120
vn 0.8128 0.4425 -0.3790
vn 0.8999 0.1187 -0.4196
vn 0.7073 -0.6252 -0.3298
vn 0.8834 -0.2234 -0.4119
vn 0.8128 0.4424 -0.3790
vn 0.5605 0.7858 -0.2614
vn 0.0053 1.0000 -0.0027
vn 0.3937 -0.9007 -0.1836
vn 0.3936 -0.9007 -0.1836
vn 0.2098 0.9728 -0.0978
vn 0.1034 -0.9935 -0.0482
vn 0.0276 0.9995 -0.0129
vn 0.0048 1.0000 -0.0025
vn 0.9062 -0.0000 -0.4229
vn 0.9064 -0.0000 -0.4225
vn 0.8999 0.1190 -0.4195
vn 0.8835 -0.2233 -0.4118
vn 0.9659 -0.0000 -0.2588
vn 0.9591 0.1189 -0.2570
vn 0.9415 -0.2233 -0.2523
vn 0.9591 0.1187 -0.2570
vn 0.8662 0.4424 -0.2321
vn 0.7539 -0.6252 -0.2020
vn 0.7538 -0.6253 -0.2020
vn 0.5973 0.7858 -0.1601
vn 0.4195 -0.9007 -0.1124
vn 0.4196 -0.9007 -0.1124
vn 0.0070 1.0000 -0.0018
vn 0.5974 0.7858 -0.1601
vn 0.2236 0.9728 -0.0599
vn 0.1102 -0.9935 -0.0295
vn 0.0062 1.0000 -0.0017
vn 0.0075 1.0000 -0.0020
vn -0.4339 -0.0000 0.9010
vn 0.4339 -0.0000 0.9010
vn -0.7818 -0.0000 0.6235
vn 0.7818 -0.0000 0.6235
vn 0.9962 -0.0000 -0.0871
vn 0.9891 0.1190 -0.0865
vn 0.9710 -0.2233 -0.0849
vn 0.9891 0.1189 -0.0865
vn 0.8934 0.4424 -0.0782
vn 0.7774 -0.6253 -0.0680
vn 0.9711 -0.2232 -0.0850
vn 0.6161 0.7858 -0.0539
vn 0.4327 -0.9007 -0.0379
vn 0.4327 -0.9008 -0.0379
vn 0.6161 0.7859 -0.0539
vn 0.2307 0.9728 -0.0202
vn 0.1136 -0.9935 -0.0099
vn 0.1137 -0.9935 -0.0099
vn 0.0513 0.9987 -0.0045
vn 0.0062 1.0000 -0.0016
vn 0.0065 1.0000 -0.0003
vn -0.9749 -0.0000 0.2225
vn 0.9749 -0.0000 0.2225
vn 0.9962 -0.0000 -0.0872
vn 0.9962 -0.0000 0.0872
vn 0.9749 -0.0000 -0.2225
vn -0.9749 -0.0000 -0.2225
vn 0.1133 -0.9935 0.0099
vn 0.4327 -0.9008 0.0379
vn 0.1136 -0.9935 0.0099
vn 0.7774 -0.6253 0.0680
vn 0.4327 -0.9007 0.0379
vn 0.9891 0.1189 0.0866
vn 0.9891 0.1189 0.0865
vn 0.8934 0.4424 0.0782
vn 0.6161 0.7859 0.0539
vn 0.7805 0.6214 0.0683
vn 0.2307 0.9728 0.0202
vn 0.9711 -0.2232 0.0850
vn 0.6161 0.7858 0.0539
vn 0.0052 1.0000 0.0008
vn 0.9962 -0.0000 0.0871
vn 0.9891 0.1190 0.0865
vn 0.9710 -0.2233 0.0849
vn -0.7818 -0.0000 -0.6235
vn 0.7818 -0.0000 -0.6235
vn 0.0049 1.0000 0.0007
vn 0.1102 -0.9935 0.0295
vn 0.2236 0.9728 0.0599
vn 0.2681 0.9616 0.0595
vn 0.0145 0.9999 0.0032
vn 0.4196 -0.9007 0.1124
vn 0.5974 0.7858 0.1601
vn 0.5973 0.7858 0.1601
vn 0.4195 -0.9007 0.1124
vn 0.7538 -0.6253 0.2020
vn 0.8662 0.4424 0.2321
vn 0.8663 0.4424 0.2321
vn 0.7539 -0.6252 0.2020
vn 0.9415 -0.2233 0.2523
vn 0.9591 0.1189 0.2570
vn 0.9591 0.1190 0.2570
vn 0.9659 -0.0000 0.2588
vn 0.0108 0.9999 0.0034
vn 0.0041 1.0000 0.0015
vn -0.4339 -0.0000 -0.9010
vn 0.4339 -0.0000 -0.9010
vn 0.2202 0.9730 0.0695
vn 0.0068 1.0000 0.0025
vn 0.0045 1.0000 0.0019
vn 0.1034 -0.9935 0.0482
vn 0.2098 0.9728 0.0978
vn 0.2535 0.9616 0.1051
vn 0.3937 -0.9007 0.1836
vn 0.5605 0.7858 0.2614
vn 0.7073 -0.6252 0.3298
vn 0.8128 0.4424 0.3790
vn 0.8128 0.4425 0.3790
vn 0.8835 -0.2233 0.4118
vn 0.8834 -0.2233 0.4119
vn 0.8999 0.1190 0.4196
vn 0.9000 0.1189 0.4194
vn 0.9063 -0.0000 0.4227
vn 0.9064 -0.0000 0.4225
vn 0.9063 -0.0000 0.4226
vn 0.8999 0.1189 0.4196
vn 0.0156 0.9998 0.0082
vn 0.2048 0.9730 0.1067
vn 0.0045 1.0000 0.0029
vn 0.0934 -0.9935 0.0654
vn 0.0204 0.9997 0.0143
vn 0.1897 0.9728 0.1328
vn 0.3558 -0.9007 0.2492
vn 0.5066 0.7858 0.3547
vn 0.6393 -0.6252 0.4476
vn 0.3558 -0.9008 0.2491
vn 0.7346 0.4425 0.5144
vn 0.7984 -0.2233 0.5591
vn 0.7985 -0.2233 0.5591
vn 0.8133 0.1189 0.5695
vn 0.8133 0.1190 0.5695
vn 0.8191 -0.0000 0.5736
vn 0.9840 -0.0000 0.1779
vn 0.9779 -0.1118 0.1768
vn 0.9779 -0.1117 0.1768
vn 0.8896 -0.4274 0.1608
vn 0.8897 -0.4273 0.1608
vn 0.6227 -0.7743 0.1125
vn 0.6228 -0.7743 0.1125
vn 0.2238 -0.9738 0.0404
vn 0.0058 1.0000 0.0059
vn 0.7985 -0.2232 0.5591
vn 0.1954 -0.9738 0.1163
vn 0.1955 -0.9738 0.1163
vn 0.0057 1.0000 0.0058
vn 0.0806 -0.9935 0.0806
vn 0.0051 1.0000 0.0051
vn 0.1637 0.9728 0.1637
vn 0.5439 -0.7743 0.3235
vn -0.0000 -0.0678 0.9977
vn -0.0000 0.4302 0.9027
vn -0.0000 -0.4302 0.9027
vn -0.0000 0.0678 0.9977
vn 0.3071 -0.9008 0.3071
vn 0.0807 -0.9935 0.0807
vn -0.0000 -0.5484 0.8362
vn -0.0000 0.5484 0.8362
vn 0.7770 -0.4274 0.4622
vn 0.4373 0.7859 0.4373
vn 0.4373 0.7858 0.4373
vn 0.0033 -1.0000 0.0036
vn 0.1608 -0.9745 0.1563
vn 0.1608 -0.9745 0.1564
vn 0.8541 -0.1116 0.5080
vn 0.7770 -0.4274 0.4621
vn 0.8595 -0.0000 0.5112
vn 0.5518 -0.6252 0.5519
vn 0.3071 -0.9007 0.3072
vn 0.6342 0.4424 0.6341
vn 0.6341 0.4425 0.6341
vn -0.7961 0.6001 0.0787
vn -0.0000 0.9915 0.1301
vn -0.9772 -0.2105 0.0276
vn -0.0000 -0.9936 0.1125
vn 0.0016 -0.9915 0.1300
vn 0.0018 0.9936 0.1125
vn -0.1748 0.9784 0.1108
vn -0.1747 0.9784 0.1108
vn -0.1747 -0.9784 0.1108
vn -0.5367 0.8384 0.0950
vn -0.5367 -0.8384 0.0950
vn -0.1748 -0.9784 0.1108
vn -0.5366 0.8384 0.0949
vn -0.5368 0.8384 0.0949
vn -0.5366 -0.8384 0.0949
vn -0.5368 -0.8384 0.0949
vn -0.8406 0.5382 0.0609
vn -0.8406 -0.5382 0.0609
vn -0.8407 0.5381 0.0609
vn -0.8406 0.5381 0.0609
vn -0.8407 -0.5381 0.0609
vn -0.8406 -0.5381 0.0609
vn -0.9842 0.1758 0.0199
vn -0.9842 -0.1758 0.0199
vn 0.4403 -0.7783 0.4477
vn 0.1643 -0.9728 0.1633
vn 0.5518 -0.6253 0.5518
vn 0.6893 -0.2233 0.6893
vn -0.0000 0.8176 0.5758
vn -0.0000 -0.8176 0.5758
vn 0.7021 0.1189 0.7021
vn 0.7071 -0.0000 0.7071
vn -0.7246 -0.6807 0.1080
vn 0.6331 -0.4319 0.6423
vn 0.4363 -0.7860 0.4380
vn -0.0084 -0.8880 0.4597
vn -0.0000 -0.8825 0.4702
vn -0.0084 0.8880 0.4597
vn -0.0000 0.8825 0.4702
vn 0.6356 -0.4321 0.6398
vn 0.6320 -0.4426 0.6361
vn 0.6990 -0.1131 0.7061
vn 0.6979 -0.1190 0.7063
vn 0.7035 -0.0000 0.7107
vn 0.6891 0.0094 0.7246
vn 0.9868 -0.0000 0.1618
vn 0.9806 0.1121 0.1607
vn 0.9704 -0.0128 0.2413
vn 0.8918 0.4282 0.1462
vn 0.8917 0.4284 0.1462
vn 0.8917 0.4283 0.1462
vn 0.6234 0.7752 0.1022
vn 0.6235 0.7751 0.1022
vn 0.2239 0.9739 0.0367
vn 0.0050 1.0000 0.0051
vn 0.0654 -0.9935 0.0934
vn 0.0203 0.9994 0.0290
vn 0.1328 0.9728 0.1897
vn -0.9841 0.1658 0.0631
vn -0.9841 -0.1658 0.0631
vn 0.0033 -1.0000 0.0035
vn -0.8399 0.5073 0.1930
vn -0.8398 -0.5074 0.1930
vn -0.8399 -0.5073 0.1930
vn 0.0026 1.0000 0.0041
vn 0.1286 -0.9760 0.1755
vn 0.1364 -0.9728 0.1870
vn 0.2491 -0.9007 0.3558
vn 0.0654 -0.9935 0.0935
vn -0.6668 0.7207 0.1896
vn -0.5354 0.7894 0.3003
vn -0.8398 0.5074 0.1930
vn -0.5356 -0.7893 0.3002
vn -0.5354 -0.7894 0.3002
vn 0.2004 0.9739 0.1062
vn 0.2005 0.9739 0.1062
vn -0.1742 0.9204 0.3500
vn -0.5356 0.7893 0.3001
vn -0.1742 -0.9204 0.3500
vn -0.0026 0.9066 0.4220
vn 0.0021 0.9347 0.3554
vn -0.0017 -0.9347 0.3554
vn 0.3547 0.7859 0.5066
vn -0.6900 -0.6876 0.2259
vn 0.5582 0.7752 0.2959
vn 0.5582 0.7751 0.2959
vn -0.7620 0.5871 0.2733
vn -0.6668 0.7207 0.1897
vn -0.6857 -0.6599 0.3072
vn 0.0021 -0.9066 0.4220
vn -0.7515 -0.6122 0.2460
vn 0.0107 0.9949 0.1007
vn -0.0000 0.9962 0.0871
vn 0.0108 -0.9949 0.1007
vn -0.0000 -0.9962 0.0870
vn -0.4072 0.9066 0.1109
vn -0.4081 -0.9062 0.1108
vn 0.7984 0.4284 0.4232
vn 0.7983 0.4284 0.4232
vn 0.4476 -0.6253 0.6393
vn 0.3643 -0.7861 0.4994
vn 0.0023 -1.0000 0.0040
vn 0.1560 0.9739 0.1647
vn 0.8780 0.1120 0.4654
vn 0.8780 0.1121 0.4654
vn 0.8835 0.0064 0.4683
vn 0.7021 0.1188 0.7021
vn 0.5144 0.4424 0.7346
vn 0.4476 -0.6252 0.6393
vn 0.5591 -0.2233 0.7985
vn -0.9844 0.1539 0.0850
vn -0.9844 -0.1557 0.0816
vn 0.0001 -0.9738 0.2273
vn -0.9771 0.2100 -0.0335
vn 0.0033 0.9905 0.1377
vn 0.1108 0.9744 0.1955
vn 0.3643 -0.7860 0.4995
vn 0.5284 -0.4427 0.7245
vn 0.5695 0.1190 0.8133
vn 0.5695 0.1188 0.8134
vn -0.0659 -0.9942 -0.0853
vn -0.0656 -0.9942 -0.0850
vn -0.0011 -0.9942 0.1075
vn -0.0012 -0.9942 0.1075
vn -0.1315 -0.9760 -0.1737
vn 0.0073 -0.9994 -0.0348
vn 0.0001 -0.9737 0.2277
vn -0.0526 0.9969 -0.0582
vn -0.1130 0.9824 -0.1488
vn -0.0283 0.9990 -0.0348
vn 0.0033 0.9904 0.1380
vn -0.9845 -0.1562 0.0804
vn 0.5736 -0.0000 0.8192
vn -0.9793 0.1685 0.1120
vn 0.4346 0.7751 0.4586
vn -0.7144 0.6344 0.2953
vn -0.7524 0.5599 0.3469
vn 0.0021 0.9066 0.4220
vn -0.7564 -0.5930 0.2760
vn -0.0167 -0.9065 0.4220
vn 0.0021 -0.9347 0.3555
vn 0.0137 -0.8026 0.5964
vn 0.0082 0.9346 0.3555
vn -0.1741 0.9204 0.3501
vn -0.1741 -0.9204 0.3501
vn 0.8836 0.0064 0.4683
vn 0.8780 0.1123 0.4654
vn 0.7444 -0.0128 0.6677
vn 0.0482 -0.9935 0.1034
vn -0.8414 0.4513 0.2974
vn -0.8646 -0.4113 0.2886
vn -0.8645 -0.4114 0.2887
vn -0.8413 -0.4503 0.2991
vn 0.0979 0.9728 0.2098
vn 0.1260 0.9619 0.2428
vn 0.0073 0.9999 0.0141
vn 0.0024 -1.0000 0.0041
vn 0.5851 -0.1190 0.8022
vn 0.5284 -0.4428 0.7244
vn 0.5893 -0.0069 0.8079
vn 0.0110 -0.9997 0.0210
vn 0.1069 -0.9728 0.2053
vn 0.6215 0.4284 0.6559
vn -0.5356 0.6778 0.5037
vn -0.8189 0.4606 0.3423
vn -0.9124 0.4018 0.0781
vn -0.7237 -0.5493 0.4177
vn -0.5356 -0.6778 0.5037
vn -0.5355 -0.6779 0.5037
vn -0.7550 -0.5264 0.3911
vn 0.1836 -0.9007 0.3937
vn -0.7038 -0.6169 0.3522
vn 0.3094 0.7782 0.5465
vn 0.3094 0.7783 0.5464
vn 0.1109 0.9743 0.1959
vn 0.6834 0.1122 0.7214
vn 0.6877 -0.0000 0.7260
vn -0.1741 0.7904 0.5874
vn -0.5355 0.6778 0.5037
vn -0.1741 -0.7904 0.5873
vn -0.1743 -0.7903 0.5874
vn 0.5851 -0.1189 0.8022
vn 0.5892 -0.0069 0.8079
vn 0.0028 1.0000 0.0081
vn 0.5551 0.0075 0.8317
vn -0.0036 0.8027 0.5964
vn -0.1742 0.7904 0.5873
vn 0.2613 0.7859 0.5605
vn 0.2614 0.7858 0.5605
vn 0.0017 1.0000 0.0041
vn 0.0881 0.9730 0.2135
vn -0.7738 0.5496 0.3150
vn 0.2854 -0.7860 0.5484
vn 0.4444 0.4319 0.7848
vn 0.4444 0.4319 0.7849
vn 0.1836 -0.9007 0.3936
vn 0.3298 -0.6252 0.7073
vn 0.0015 1.0000 0.0042
vn 0.0779 0.9743 0.2112
vn 0.0029 -1.0000 0.0083
vn 0.0295 -0.9935 0.1102
vn -0.7071 -0.0000 0.7071
vn -0.7048 0.5016 0.5016
vn -0.7067 0.5857 0.3970
vn -0.7067 0.5856 0.3971
vn 0.0060 0.7071 0.7071
vn -0.7075 -0.5598 0.4314
vn -0.7143 -0.5243 0.4636
vn -0.7238 -0.4880 0.4878
vn -0.7346 -0.4571 0.5014
vn -0.7295 -0.4689 0.4980
vn -0.7424 -0.4389 0.5062
vn -0.7455 -0.4332 0.5066
vn -0.7049 -0.5016 0.5016
vn -0.7038 -0.6170 0.3522
vn 0.0057 -0.7071 0.7071
vn 0.0125 -0.6319 0.7749
vn 0.1131 0.8994 0.4222
vn 0.0599 0.9728 0.2237
vn 0.0748 -0.9744 0.2119
vn -0.0010 -1.0000 0.0098
vn -0.0000 -1.0000 0.0001
vn 0.3790 0.4424 0.8128
vn 0.4896 0.1130 0.8646
vn 0.4895 0.1133 0.8646
vn 0.0711 -0.9728 0.2206
vn 0.5261 -0.0000 0.8505
vn 0.4927 0.0077 0.8702
vn 0.0117 -0.9466 -0.3222
vn 0.0116 0.9471 -0.3206
vn -0.0897 0.9128 -0.3985
vn 0.0938 -0.9124 -0.3983
vn -0.2345 -0.8350 -0.4978
vn 0.2854 -0.7861 0.5483
vn 0.4140 -0.4428 0.7953
vn 0.4120 -0.2233 0.8834
vn 0.3298 -0.6253 0.7073
vn -0.7738 0.5495 0.3151
vn -0.7531 -0.3842 0.5341
vn -0.6389 -0.6555 0.4026
vn 0.1124 -0.9007 0.4195
vn 0.4196 0.1189 0.8999
vn 0.4196 0.1191 0.8999
vn 0.4194 0.1186 0.9000
vn -0.7071 0.0001 0.7071
vn -0.7512 0.4852 0.4476
vn 0.0076 0.9522 -0.3054
vn 0.4227 -0.0000 0.9063
vn -0.6511 0.5055 0.5661
vn -0.5384 0.5646 0.6256
vn -0.7139 -0.4138 0.5649
vn -0.5331 -0.6979 0.4783
vn 0.4140 -0.4426 0.7954
vn 0.4584 -0.1190 0.8807
vn -0.7071 -0.0001 0.7071
vn 0.4585 -0.1190 0.8807
vn 0.4617 -0.0073 0.8870
vn 0.0007 1.0000 0.0059
vn -0.5602 0.7001 0.4427
vn 0.0778 0.9744 0.2108
vn 0.2176 0.7782 0.5891
vn 0.2175 0.7783 0.5891
vn 0.0099 -0.9935 0.1136
vn 0.0076 -0.9523 -0.3052
vn 0.0076 0.9523 -0.3052
vn -0.0000 -0.9086 -0.4177
vn -0.0053 -0.9068 -0.4216
vn -0.0274 -0.8981 -0.4389
vn -0.0000 0.9086 -0.4177
vn -0.0276 0.8977 -0.4398
vn -0.0150 0.9031 -0.4292
vn -0.0053 0.9068 -0.4216
vn 0.1601 0.7858 0.5974
vn 0.1601 0.7859 0.5973
vn 0.4226 -0.0000 0.9063
vn 0.4119 -0.2232 0.8835
vn 0.0011 0.9999 0.0131
vn 0.0202 0.9728 0.2306
vn 0.0202 0.9728 0.2307
vn -0.4745 -0.6100 0.6346
vn -0.1748 0.6221 0.7632
vn -0.4255 0.5991 0.6782
vn -0.1701 0.6729 0.7199
vn -0.4252 0.5993 0.6783
vn -0.1748 -0.6221 0.7632
vn -0.1906 -0.6498 0.7358
vn -0.1722 -0.6521 0.7384
vn 0.0307 0.9741 0.2239
vn 0.0308 0.9741 0.2239
vn 0.2020 -0.7861 0.5841
vn 0.0708 -0.9745 0.2130
vn -0.7240 0.4878 0.4876
vn -0.7262 0.5119 0.4590
vn -0.7262 0.5118 0.4590
vn -0.7317 0.5259 0.4336
vn -0.7013 0.5041 0.5041
vn -0.7238 0.4702 0.5050
vn -0.7304 0.4374 0.5246
vn -0.7390 0.4124 0.5327
vn -0.0029 0.7071 0.7071
vn 0.0056 0.6349 0.7726
vn 0.0056 0.6319 0.7750
vn -0.7048 -0.5016 0.5016
vn -0.0029 -0.7071 0.7071
vn 0.0056 -0.6349 0.7726
vn 0.0287 -0.9741 0.2242
vn -0.0000 0.6320 0.7750
vn -0.0123 0.6319 0.7750
vn -0.0966 0.6339 0.7673
vn -0.0372 0.6324 0.7738
vn -0.0000 -0.6320 0.7750
vn -0.0128 -0.6319 0.7749
vn -0.1804 -0.6574 0.7316
vn 0.0149 -0.6309 0.7757
vn 0.0288 -0.9742 0.2239
vn 0.0286 -0.9742 0.2238
vn -0.0000 -0.9856 0.1689
vn -0.7717 -0.4561 0.4433
vn -0.0000 0.9999 0.0131
vn -0.0000 -0.9844 0.1760
vn -0.0026 -0.9935 0.1136
vn 0.4548 -0.0056 0.8906
vn 0.4797 0.0050 0.8774
vn 0.0064 0.9979 0.0641
vn -0.0007 0.9730 0.2306
vn 0.0103 -0.8882 0.4593
vn 0.0018 -0.9746 0.2239
vn 0.0028 0.9746 0.2240
vn -0.0000 0.9889 0.1488
vn 0.2020 -0.6253 0.7538
vn 0.1124 -0.9007 0.4196
vn -0.7072 -0.0000 0.7070
vn -0.0118 -0.8918 -0.4523
vn -0.7070 -0.0000 0.7072
vn 0.0379 -0.9007 0.4327
vn 0.0378 -0.9008 0.4326
vn 0.4359 -0.0014 0.9000
vn 0.0003 0.9616 0.2744
vn 0.3124 0.4319 0.8461
vn 0.3125 0.4319 0.8461
vn 0.2321 0.4425 0.8662
vn 0.2321 0.4424 0.8662
vn 0.0009 -0.9014 0.4329
vn 0.2921 -0.4427 0.8478
vn 0.2015 -0.7785 0.5945
vn 0.4617 -0.0053 0.8870
vn 0.4549 -0.0056 0.8905
vn 0.0202 0.9728 0.2309
vn 0.0539 0.7858 0.6161
vn 0.0011 0.8941 0.4479
vn 0.0026 -0.9836 0.1805
vn 0.3441 0.1134 0.9320
vn 0.3442 0.1133 0.9320
vn 0.2523 -0.2232 0.9416
vn 0.0286 -0.9742 0.2239
vn 0.0017 -0.8873 0.4612
vn -0.0052 -0.9745 0.2243
vn 0.0999 0.6976 -0.7095
vn 0.0028 -0.9014 0.4330
vn 0.0003 0.9617 0.2743
vn -0.0068 0.9746 0.2239
vn 0.0011 0.8941 0.4478
vn 0.0308 0.9741 0.2241
vn 0.3464 -0.0012 0.9381
vn 0.4316 0.0335 0.9015
vn 0.0003 0.9730 0.2306
vn -0.0001 0.9618 0.2737
vn 0.0858 0.7764 0.6244
vn 0.4559 -0.0047 0.8900
vn 0.3238 0.0078 0.9461
vn 0.3769 -0.0234 0.9260
vn -0.0009 -0.8597 0.5108
vn -0.0429 -0.5923 0.8046
vn -0.7623 0.2731 0.5867
vn -0.7153 0.3239 0.6193
vn -0.7066 0.3944 0.5875
vn 0.0016 0.4649 0.8854
vn 0.0060 0.4220 0.9066
vn -0.7038 -0.3517 0.6173
vn -0.7569 -0.2758 0.5924
vn 0.0060 -0.4220 0.9066
vn 0.0016 -0.4649 0.8854
vn 0.0800 -0.7768 0.6247
vn 0.2570 0.1188 0.9591
vn 0.2570 0.1189 0.9591
vn 0.0002 0.7870 0.6170
vn 0.2588 -0.0000 0.9659
vn 0.2523 -0.2232 0.9415
vn 0.3647 0.0099 0.9311
vn 0.0021 0.8183 0.5748
vn 0.3224 -0.1190 0.9391
vn 0.2904 -0.4320 0.8539
vn 0.2905 -0.4320 0.8538
vn 0.0042 -0.7080 0.7062
vn 0.0007 -0.7793 0.6267
vn 0.0010 0.7793 0.6267
vn 0.0053 0.7081 0.7061
vn 0.3218 -0.1133 0.9400
vn 0.0680 -0.6253 0.7774
vn 0.0680 -0.6253 0.7775
vn 0.0999 0.6975 -0.7096
vn 0.0979 -0.6977 -0.7097
vn 0.0011 -0.6383 0.7698
vn 0.0013 -0.6267 0.7793
vn 0.0539 0.7857 0.6163
vn 0.0782 0.4425 0.8934
vn 0.0782 0.4425 0.8933
vn 0.3104 -0.0036 0.9506
vn 0.1228 0.4298 0.8945
vn 0.1229 0.4296 0.8946
vn -0.6664 0.3147 0.6760
vn -0.7695 0.2160 0.6010
vn -0.7521 -0.2444 0.6121
vn -0.6837 -0.3081 0.6616
vn 0.2589 -0.0000 0.9659
vn 0.2523 -0.2233 0.9415
vn 0.0800 -0.7767 0.6247
vn 0.0007 -0.7792 0.6267
vn 0.0013 -0.6382 0.7699
vn 0.0018 -0.6267 0.7793
vn -0.0006 -0.7082 0.7061
vn -0.7858 -0.4374 0.4373
vn 0.3015 -0.0000 0.9535
vn 0.0015 0.5945 0.8041
vn 0.0010 0.7792 0.6267
vn 0.0016 0.7868 0.6172
vn -0.0006 0.7081 0.7061
vn -0.7846 0.4384 0.4384
vn 0.3105 -0.0037 0.9506
vn 0.3013 -0.0000 0.9535
vn -0.0031 0.4438 0.8961
vn 0.0043 0.5901 0.8073
vn 0.1146 -0.4301 0.8955
vn -0.0071 0.1951 0.9808
vn -0.0071 -0.1951 0.9808
vn 0.0850 -0.2231 0.9711
vn 0.0849 -0.2233 0.9710
vn 0.0009 -0.4330 0.9014
vn 0.0009 0.4329 0.9014
vn 0.0015 0.4499 0.8931
vn 0.0018 -0.4630 0.8863
vn 0.0865 0.1187 0.9892
vn 0.0865 0.1188 0.9891
vn 0.0871 -0.0000 0.9962
vn 0.2660 -0.0000 0.9640
vn -0.0004 -0.4332 0.9013
vn 0.1352 0.1123 0.9844
vn 0.1352 0.1124 0.9844
vn 0.1229 0.4297 0.8946
vn -0.7991 0.0782 0.5961
vn -0.6701 0.1878 0.7181
vn -0.0000 0.1300 0.9915
vn -0.9801 -0.0258 0.1970
vn -0.6883 -0.2233 0.6902
vn -0.7299 -0.1065 0.6752
vn -0.0000 -0.1300 0.9915
vn 0.1768 -0.0000 0.9842
vn 0.1361 0.0018 0.9907
vn 0.0005 0.3036 0.9528
vn 0.0018 -0.2242 0.9745
vn 0.1146 -0.4303 0.8954
vn 0.1147 -0.4303 0.8954
vn 0.1263 -0.1127 0.9856
vn 0.0018 -0.4332 0.9013
vn 0.0015 0.4333 0.9012
vn 0.0019 -0.3460 0.9383
vn 0.0019 -0.3455 0.9384
vn 0.0020 -0.2241 0.9746
vn 0.0006 0.4438 0.8961
vn -0.0010 0.3064 0.9519
vn 0.1732 0.0066 0.9849
vn 0.0018 0.4497 0.8932
vn -0.7737 0.4428 0.4532
vn 0.1269 -0.0000 0.9919
vn 0.2386 -0.0153 0.9710
vn 0.1261 -0.1125 0.9856
vn 0.0022 -0.4629 0.8864
vn 0.2380 -0.0153 0.9712
vn -0.0000 -0.1744 0.9847
vn 0.1233 -0.0000 0.9924
vn 0.0006 -0.1880 0.9822
vn -0.0020 -0.1134 0.9936
vn -0.0000 0.1498 0.9887
vn -0.0013 0.1134 0.9936
vn 0.0006 0.1191 0.9929
vn -0.0000 0.0716 0.9974
vn 0.0412 -0.0000 0.9992
vn -0.0000 -0.0184 0.9998
vn 0.0001 0.0002 1.0000
vn -0.0000 -0.7072 0.7071
vn -0.0000 0.7072 0.7071
vn -0.0000 -0.9659 0.2588
vn -0.0000 0.9659 0.2588
vn -0.0000 -0.9659 -0.2588
vn -0.0000 0.9659 -0.2588
vn -0.0000 -0.7072 -0.7071
vn -0.0000 0.7072 -0.7071
vn -0.9856 -0.1480 0.0816
vn -0.0000 -0.0524 -0.9986
vn -0.0000 0.0524 -0.9986
vn -0.0000 0.8192 -0.5736
vn -0.0000 -0.8192 -0.5736
vn -0.7165 0.6976 -0.0000
vn -0.7215 -0.6924 -0.0000
vn -0.0000 -0.8191 -0.5737
vn -0.0000 0.8192 -0.5735
vn -0.6873 0.7263 0.0005
vn -0.6917 -0.7222 0.0005
vn -0.0000 -0.8192 -0.5735
vn -0.7061 -0.7081 0.0002
vn -0.6915 -0.7224 0.0002
vn -0.6872 0.7265 0.0006
vn -0.6806 0.7326 0.0006
vn 0.0243 0.8966 -0.4422
vn -0.0000 0.8612 -0.5082
vn -0.0051 -0.8969 -0.4423
vn 0.0563 -0.9290 -0.3657
vn -0.0000 -0.8687 -0.4953
vn -0.6428 0.7661 0.0011
vn -0.6365 -0.7713 0.0008
vn -0.5895 0.8078 0.0030
vn -0.0032 0.9327 -0.3608
vn -0.5710 -0.8209 0.0036
vn 0.0331 0.9878 -0.1520
vn 0.0037 0.9771 -0.2129
vn -0.0032 0.9326 -0.3608
vn -0.0000 -0.9884 -0.1521
vn 0.0760 -0.9947 -0.0689
vn 0.0079 -0.9804 -0.1970
vn -0.0051 -0.9412 -0.3379
vn -0.6148 0.7883 0.0241
vn -0.5570 0.8305 0.0034
vn -0.6867 0.7270 -0.0028
vn -0.5424 -0.8401 0.0052
vn -0.6001 -0.7995 0.0266
vn -0.5551 0.8318 0.0044
vn -0.5311 -0.8473 0.0046
vn -0.0000 0.9976 -0.0695
vn -0.5796 0.8149 -0.0000
vn -0.5795 0.8149 -0.0000
vn -0.6831 0.7303 -0.0056
vn -0.5557 -0.8314 -0.0000
vn -0.5553 -0.8316 -0.0000
vn -0.5554 -0.8316 -0.0000
vn -0.5556 -0.8315 -0.0000
vn -0.6603 -0.7510 -0.0048
vn -0.6604 -0.7509 -0.0048
vn -0.6581 -0.7529 -0.0073
vn -0.7551 -0.6556 0.0037
vn -0.7434 -0.6688 0.0077
vn -0.0405 0.3071 -0.9508
vn -0.7559 0.6547 0.0034
vn -0.6933 0.7207 0.0030
vn -0.7811 0.6244 -0.0034
vn -0.0378 -0.3067 -0.9511
vn -0.7566 -0.6538 0.0051
vn -0.8025 -0.5966 -0.0117
vn -0.0330 0.3069 -0.9512
vn -0.8012 0.5983 0.0142
vn -0.0314 -0.3059 -0.9515
vn -0.8649 0.4958 0.0779
vn -0.0218 -0.3035 -0.9526
vn -0.8430 -0.5372 0.0265
vn -0.0257 0.3047 -0.9521
vn -0.8317 -0.5551 0.0133
vn -0.8955 -0.4444 0.0246
vn -0.0189 0.3024 -0.9530
vn -0.8100 0.5852 -0.0380
vn -0.8764 0.4814 0.0155
vn -0.0219 -0.3035 -0.9526
vn -0.8955 -0.4443 0.0247
vn -0.0185 0.3024 -0.9530
vn -0.9500 0.3078 0.0533
vn -0.9007 0.4315 0.0502
vn -0.0088 -0.2951 -0.9554
vn -0.9612 -0.2691 0.0615
vn -0.9082 -0.4161 0.0459
vn -0.0058 0.2924 -0.9563
vn -0.9718 0.2204 0.0832
vn -0.9456 0.3151 0.0809
vn -0.0089 -0.2952 -0.9554
vn -0.9611 -0.2692 0.0614
vn -0.0057 0.2924 -0.9563
vn -0.9845 0.1396 0.1066
vn 0.0001 -0.2806 -0.9598
vn -0.9910 -0.0885 0.1007
vn -0.9646 -0.2529 0.0747
vn 0.0010 0.2764 -0.9610
vn -0.9844 0.1398 0.1066
vn 0.0001 -0.2807 -0.9598
vn -0.9910 -0.0887 0.1007
vn 0.0010 0.2763 -0.9611
vn -0.9885 -0.0937 0.1183
vn -0.9913 -0.0601 0.1172
vn -0.0096 0.2197 -0.9755
vn -0.9844 0.1399 0.1065
vn -0.0464 -0.2189 -0.9746
vn -0.0234 -0.2277 -0.9735
vn -0.0016 -0.2611 -0.9653
vn -0.0001 -0.2699 -0.9629
vn -0.9925 0.0279 0.1186
vn -0.9870 0.1075 0.1198
vn -0.9913 -0.0046 0.1315
vn -0.0874 0.2408 -0.9666
vn -0.9925 0.0032 0.1221
vn -0.9924 0.0020 0.1230
vn -0.8132 -0.5783 0.0660
vn -0.9905 -0.0032 0.1377
vn 0.0080 0.1832 -0.9830
vn -0.8040 0.5943 0.0167
vn -0.7656 -0.6431 0.0143
vn -0.8201 -0.5718 0.0214
vn -0.9917 0.0011 0.1283
vn 0.0137 -0.1713 -0.9851
vn -0.7559 0.6542 -0.0235
vn -0.8113 0.5732 0.1151
vn -0.8934 0.4383 0.0991
vn -0.8586 -0.5088 0.0626
vn -0.9066 -0.4180 0.0577
vn -0.9455 0.3091 0.1030
vn -0.8669 0.4976 0.0285
vn -0.9621 -0.2560 0.0940
vn -0.9441 -0.3128 0.1038
vn -0.9917 0.0010 0.1286
vn -0.9905 -0.0032 0.1374
vn 0.0081 0.1830 -0.9831
vn -0.0123 0.1260 -0.9919
vn -0.0365 0.1106 -0.9932
vn -0.0442 -0.1100 -0.9929
vn -0.0321 -0.1140 -0.9930
vn -0.0322 -0.1139 -0.9930
vn -0.9889 -0.0028 0.1487
vn -0.9905 -0.0611 0.1233
vn -0.9853 -0.1041 0.1354
vn -0.9907 0.0009 0.1361
vn -0.9913 -0.0028 0.1318
vn -0.9925 0.0009 0.1224
vn -0.9864 0.1276 0.1039
vn -0.9905 -0.0014 0.1376
vn -0.0781 0.1268 -0.9889
vn -0.9915 0.0002 0.1300
vn -0.9852 -0.0026 0.1712
vn -0.9815 0.0085 0.1911
vn -0.9652 0.0387 0.2586
vn -0.9815 0.0086 0.1911
vn 0.0154 0.0655 -0.9977
vn -0.9708 -0.0256 0.2384
vn -0.9709 -0.0255 0.2383
vn -0.9856 -0.0016 0.1689
vn -0.9846 0.0022 0.1746
vn 0.0175 -0.0531 -0.9984
vn -0.9847 0.0023 0.1745
vn -0.9853 -0.0027 0.1710
vn -0.0348 0.0003 -0.9994
vn -0.0558 0.0063 -0.9984
vn -0.9840 -0.0003 0.1782
vn -0.9836 0.0004 0.1805
vn -0.7178 -0.6937 0.0586
vn -0.7275 0.6854 0.0322
vn -0.9839 0.0840 0.1576
vn -0.7275 0.6854 0.0324
vn -0.6863 -0.7269 0.0230
vn -0.7282 -0.6854 -0.0002
vn -0.7240 0.6897 0.0121
vn -0.8505 0.5111 0.1239
vn -0.8593 -0.5081 0.0581
vn -0.8177 -0.5673 0.0971
vn -0.9369 0.3157 0.1502
vn -0.8217 0.5683 0.0439
vn -0.9260 -0.3516 0.1378
vn -0.9431 -0.3137 0.1101
vn -0.6402 0.7666 0.0497
vn -0.6447 -0.7578 0.1002
vn -0.9780 0.1190 0.1713
vn -0.9292 0.3524 0.1113
vn -0.9781 -0.1094 0.1769
vn -0.9799 -0.1024 0.1712
vn -0.6447 -0.7578 0.1001
vn -0.6356 -0.7709 -0.0414
vn -0.7930 -0.5973 0.1200
vn -0.8251 -0.5620 0.0574
vn -0.6150 -0.7858 0.0655
vn -0.9292 -0.3493 0.1204
vn -0.9146 -0.3718 0.1589
vn -0.6199 -0.7841 -0.0309
vn -0.6037 -0.7955 0.0520
vn -0.7878 -0.5994 0.1418
vn -0.9759 -0.1051 0.1914
vn -0.6269 0.7781 0.0385
vn -0.6505 0.7595 0.0010
vn -0.6040 -0.7969 0.0052
vn -0.6088 -0.7932 -0.0172
vn -0.6041 -0.7969 0.0052
vn -0.9782 -0.1089 0.1769
vn -0.7965 -0.6019 0.0578
vn -0.7709 -0.6232 0.1312
vn -0.9204 -0.3684 0.1313
vn -0.9055 -0.3891 0.1691
vn -0.8046 0.5803 0.1259
vn -0.7794 -0.6179 0.1041
vn -0.6067 -0.7947 0.0164
vn -0.6261 -0.7784 0.0455
vn -0.7770 -0.6206 0.1056
vn -0.9721 -0.1220 0.2003
vn -0.9166 0.3611 0.1716
vn -0.8057 0.5869 0.0805
vn -0.6310 0.7758 0.0033
vn -0.6280 0.7781 0.0125
vn -0.9110 -0.3863 0.1448
vn -0.8820 -0.4457 0.1533
vn -0.7876 0.6051 0.1161
vn -0.9166 0.3646 0.1642
vn -0.9682 0.1215 0.2186
vn -0.9683 0.1215 0.2184
vn -0.9686 0.1206 0.2174
vn -0.9292 -0.3203 0.1843
vn -0.9688 -0.1155 0.2191
vn -0.9609 -0.1483 0.2339
vn -0.9609 -0.1484 0.2339
vn -0.9773 -0.1190 0.1755
vn -0.6304 0.7762 0.0098
vn -0.6401 0.7674 0.0377
vn -0.6284 0.7779 -0.0030
vn -0.7898 0.6039 0.1073
vn -0.6432 0.7643 0.0456
vn -0.4723 0.8807 0.0368
vn -0.6269 -0.7779 0.0444
vn -0.6578 -0.7522 0.0382
vn -0.9109 0.3743 0.1736
vn -0.7902 0.6029 0.1100
vn -0.5766 0.8154 0.0509
vn -0.6456 0.7628 0.0365
vn -0.5769 0.8152 0.0510
vn -0.9719 0.0004 0.2353
vn -0.9684 0.1196 0.2188
vn -0.9672 -0.0005 0.2541
vn -0.9720 0.0004 0.2351
vn -0.6269 -0.7779 0.0445
vn -0.6575 -0.7524 0.0383
vn -0.6457 0.7627 0.0366
vn -0.7175 0.6894 0.0999
vn -0.7830 0.6071 0.1356
vn -0.5706 -0.8178 0.0752
vn -0.6268 -0.7779 0.0444
vn -0.7231 -0.6815 0.1129
vn -0.7699 -0.6231 0.1376
vn -0.7812 0.6107 0.1297
vn -0.9017 0.3798 0.2067
vn -0.8735 -0.4456 0.1961
vn -0.8104 -0.5645 0.1569
vn -0.7519 -0.6550 0.0748
vn -0.8698 -0.4525 0.1966
vn -0.5769 0.8156 0.0448
vn -0.5777 0.8147 0.0508
vn -0.9152 -0.3281 0.2339
vn -0.9186 -0.3191 0.2331
vn -0.5639 0.8231 0.0675
vn -0.6812 0.7302 0.0530
vn -0.9684 0.1196 0.2187
vn -0.9027 0.3733 0.2141
vn -0.9537 0.1338 0.2693
vn -0.5536 -0.8296 0.0730
vn -0.5719 -0.8185 0.0548
vn -0.9511 -0.1428 0.2740
vn -0.9639 -0.1186 0.2385
vn -0.4679 0.8791 0.0912
vn -0.6780 0.7275 0.1054
vn -0.9672 -0.0005 0.2542
vn -0.9540 0.0004 0.2997
vn -0.9522 0.1229 0.2797
vn -0.5970 -0.7924 0.1254
vn -0.7198 -0.6849 0.1132
vn -0.5972 -0.7922 0.1258
vn -0.7975 0.5971 0.0861
vn -0.6777 0.7278 0.1050
vn -0.5887 -0.7962 0.1397
vn -0.9287 -0.0028 0.3709
vn -0.9287 -0.0028 0.3708
vn -0.9464 0.0004 0.3229
vn -0.9453 -0.1187 0.3039
vn -0.7974 0.5972 0.0866
vn -0.6778 0.7276 0.1055
vn -0.4676 0.8792 0.0911
vn -0.7196 -0.6850 0.1137
vn -0.6820 -0.7217 0.1180
vn -0.4870 -0.8094 -0.3282
vn -0.6529 0.7465 0.1279
vn -0.6779 0.7276 0.1055
vn -0.5402 0.8316 0.1291
vn -0.4863 0.8669 0.1096
vn -0.4742 -0.8732 0.1125
vn -0.6525 -0.7453 0.1368
vn -0.6821 -0.7218 0.1176
vn -0.4944 -0.8587 0.1348
vn -0.7196 -0.6850 0.1133
vn -0.7961 -0.5725 0.1961
vn -0.7965 -0.5719 0.1963
vn -0.8000 0.5730 0.1777
vn -0.8000 0.5730 0.1778
vn -0.8275 0.5197 0.2123
vn -0.8680 0.4301 0.2481
vn -0.8903 0.3810 0.2492
vn -0.8590 -0.4429 0.2568
vn -0.7961 -0.5724 0.1963
vn -0.8024 -0.5589 0.2094
vn -0.8513 -0.4579 0.2563
vn -0.5821 0.8052 0.1133
vn -0.7420 0.6452 0.1822
vn -0.4828 -0.8682 0.1145
vn -0.5375 -0.8351 0.1175
vn -0.8991 -0.3142 0.3047
vn -0.8921 -0.3337 0.3048
vn -0.3458 0.9313 0.1141
vn -0.9288 0.1343 0.3455
vn -0.9287 0.1344 0.3456
vn -0.9345 0.1253 0.3331
vn -0.9255 0.1761 0.3354
vn -0.9032 0.3068 0.3001
vn -0.9452 -0.1187 0.3041
vn -0.9239 -0.1451 0.3540
vn -0.7274 -0.6567 0.1992
vn -0.3541 -0.9268 0.1252
vn -0.9464 0.0004 0.3231
vn -0.7274 -0.6567 0.1991
vn -0.4025 0.9031 0.1496
vn -0.5318 0.8297 0.1698
vn -0.7361 0.6438 0.2089
vn -0.5818 0.7892 0.1968
vn -0.6865 0.7032 0.1848
vn -0.3492 -0.9257 0.1458
vn -0.4204 -0.8951 0.1487
vn -0.5789 -0.7939 0.1860
vn -0.5198 -0.8312 0.1971
vn -0.9289 0.0004 0.3703
vn -0.9307 0.0906 0.3544
vn -0.9463 0.0024 0.3233
vn -0.9301 -0.1746 0.3232
vn -0.9279 -0.2486 0.2777
vn -0.6992 -0.6812 0.2171
vn -0.8323 -0.5194 0.1937
vn -0.9159 0.0029 0.4015
vn -0.8861 -0.0031 0.4635
vn -0.8860 -0.0031 0.4636
vn -0.9183 -0.0651 0.3904
vn -0.3445 0.9235 0.1685
vn -0.8445 0.5069 0.1728
vn -0.6863 0.7035 0.1848
vn -0.7966 0.5352 0.2812
vn -0.7719 0.5706 0.2804
vn -0.0085 -1.0000 0.0044
vn -0.3499 -0.9221 0.1654
vn -0.7966 0.5351 0.2812
vn -0.8331 0.4517 0.3194
vn -0.8325 -0.5191 0.1936
vn -0.6837 -0.7019 0.1997
vn -0.7862 -0.5445 0.2924
vn -0.7569 -0.5854 0.2906
vn -0.8207 -0.4648 0.3322
vn -0.8363 0.4707 0.2813
vn -0.8457 0.4205 0.3286
vn -0.8717 0.3266 0.3654
vn -0.3927 0.8994 0.1921
vn -0.3416 0.9202 0.1913
vn -0.3839 0.9038 0.1890
vn -0.5616 0.7861 0.2581
vn -0.0087 -1.0000 0.0045
vn -0.8890 0.0412 0.4561
vn -0.0088 -1.0000 0.0045
vn -0.8275 -0.4785 0.2938
vn -0.8233 -0.4596 0.3331
vn -0.8651 -0.3160 0.3896
vn -0.8546 -0.3398 0.3926
vn -0.2912 -0.9419 0.1673
vn -0.3382 -0.9199 0.1985
vn -0.3743 -0.9057 0.1989
vn -0.8704 0.3109 0.3817
vn -0.8869 0.2004 0.4161
vn -0.7720 0.5703 0.2807
vn -0.7721 0.5703 0.2805
vn -0.7719 0.5705 0.2806
vn -0.7234 0.6135 0.3168
vn -0.6016 0.7443 0.2901
vn -0.5972 -0.7501 0.2841
vn -0.5430 -0.7887 0.2881
vn -0.7569 -0.5854 0.2905
vn -0.7568 -0.5854 0.2907
vn -0.7784 -0.5236 0.3463
vn -0.6446 -0.6682 0.3714
vn -0.6448 -0.6681 0.3712
vn -0.1850 0.9741 0.1296
vn -0.8701 -0.2104 0.4456
vn -0.8790 -0.1813 0.4410
vn -0.8890 0.0411 0.4560
vn -0.8830 0.1809 0.4331
vn -0.8853 0.0590 0.4612
vn -0.8770 -0.3812 0.2924
vn 0.7072 -0.0000 -0.7071
vn -0.1731 -0.9762 0.1307
vn -0.8753 -0.0560 0.4804
vn -0.8722 -0.0660 0.4846
vn -0.8723 -0.0659 0.4845
vn -0.8688 -0.0005 0.4952
vn -0.8724 0.4009 0.2796
vn -0.8687 -0.0005 0.4954
vn -0.8075 0.4334 0.4001
vn -0.7719 0.4982 0.3951
vn -0.7915 -0.4589 0.4037
vn -0.8075 0.4335 0.4001
vn -0.8339 0.3332 0.4401
vn -0.1468 0.9760 0.1611
vn -0.7912 -0.4590 0.4041
vn -0.1469 0.9760 0.1610
vn -0.1238 -0.9801 0.1550
vn -0.3407 0.8996 0.2731
vn -0.1488 0.9730 0.1765
vn -0.0000 -1.0000 -0.0001
vn -0.1113 -0.9779 0.1772
vn -0.1495 -0.9709 0.1872
vn -0.8343 -0.1562 0.5287
vn -0.7912 -0.4591 0.4040
vn -0.8151 -0.3448 0.4655
vn -0.1129 0.9788 0.1709
vn -0.0387 0.9924 0.1172
vn -0.8112 0.2471 0.5300
vn -0.8177 0.3183 0.4796
vn -0.8303 0.2123 0.5153
vn -0.0417 -0.9855 0.1644
vn 0.7150 0.6943 0.0822
vn 0.7067 0.7060 0.0463
vn 0.7029 -0.7022 0.1135
vn 0.6674 -0.7403 0.0807
vn -0.0000 0.9978 0.0658
vn 0.0020 -0.9872 0.1596
vn 0.0022 -0.9866 0.1631
vn -0.0000 -0.9943 0.1067
vn -0.0005 0.9954 0.0956
vn -0.0000 0.9954 0.0956
vn 0.1611 -0.9853 0.0563
vn -0.0000 -0.9968 0.0797
vn -0.2132 -0.9580 0.1918
vn -0.3126 -0.8982 0.3090
vn -0.3861 -0.8656 0.3188
vn -0.5491 0.7388 0.3907
vn -0.3825 0.8678 0.3172
vn -0.8687 -0.0005 0.4953
vn -0.8718 -0.0525 0.4870
vn -0.8861 -0.0011 0.4634
vn -0.8898 0.0598 0.4523
vn -0.8123 -0.1663 0.5591
vn -0.8007 -0.3037 0.5164
vn -0.7955 -0.2270 0.5619
vn -0.8287 0.0682 0.5556
vn -0.8200 0.1703 0.5464
vn -0.8193 0.0733 0.5686
vn -0.7719 0.4982 0.3950
vn -0.7718 0.4982 0.3951
vn -0.6914 0.5496 0.4689
vn -0.5889 0.6821 0.4335
vn -0.5861 -0.6847 0.4333
vn -0.5142 -0.7413 0.4314
vn -0.8237 -0.0015 0.5670
vn -0.7955 0.0012 0.6059
vn -0.6889 -0.5287 0.4959
vn -0.6631 -0.5529 0.5045
vn -0.6631 -0.5529 0.5046
vn -0.7538 -0.5234 0.3973
vn -0.8238 -0.0015 0.5669
vn -0.8297 0.1076 0.5477
vn -0.0005 0.9954 0.0958
vn -0.1299 0.9773 0.1672
vn -0.0005 0.9954 0.0959
vn 0.0018 0.9791 0.2034
vn 0.0076 0.9534 0.3015
vn 0.0015 0.9799 0.1995
vn 0.6801 0.7184 0.1463
vn -0.7986 -0.0936 0.5945
vn -0.8009 -0.0846 0.5927
vn -0.7236 0.4553 0.5187
vn -0.0918 -0.9703 0.2237
vn -0.7783 -0.3359 0.5305
vn -0.1298 0.9773 0.1672
vn -0.7762 0.3446 0.5280
vn -0.7236 0.4556 0.5185
vn -0.1012 0.9557 0.2764
vn -0.0919 -0.9703 0.2236
vn 0.6896 -0.7017 0.1789
vn -0.2968 0.8524 0.4304
vn -0.1424 0.9322 0.3328
vn -0.7375 0.1856 0.6494
vn -0.7323 0.2241 0.6430
vn -0.7374 0.1853 0.6495
vn -0.7374 0.1854 0.6495
vn 0.6821 0.7051 0.1938
vn -0.7782 -0.3359 0.5306
vn -0.6932 -0.5058 0.5135
vn -0.7400 0.0007 0.6726
vn -0.7442 0.0396 0.6668
vn 0.6821 0.7051 0.1936
vn -0.2595 -0.8402 0.4762
vn -0.3580 -0.7895 0.4985
vn -0.1350 -0.9245 0.3564
vn 0.6892 -0.7153 0.1156
vn 0.7135 -0.6789 0.1730
vn -0.4865 0.6636 0.5683
vn -0.3480 0.7950 0.4969
vn 0.0015 0.9799 0.1996
vn 0.7114 0.6887 0.1403
vn -0.7122 -0.2720 0.6472
vn -0.7122 -0.2720 0.6471
vn -0.7133 -0.2248 0.6638
vn -0.7091 0.1643 0.6857
vn -0.6674 0.0016 0.7447
vn -0.7442 0.0395 0.6668
vn -0.7443 0.0394 0.6667
vn -0.7067 0.1210 0.6971
vn -0.0004 -0.9872 0.1596
vn 0.0021 -0.9637 0.2670
vn -0.5278 0.5803 0.6202
vn -0.6451 0.4083 0.6458
vn -0.6327 0.4150 0.6538
vn -0.1032 -0.9305 0.3515
vn -0.5294 -0.5797 0.6195
vn -0.4405 -0.6555 0.6134
vn -0.6539 -0.4013 0.6414
vn -0.7004 -0.0001 0.7138
vn -0.7401 0.0007 0.6725
vn -0.7054 -0.0490 0.7071
vn -0.5797 -0.4656 0.6687
vn -0.6539 -0.4014 0.6413
vn -0.6541 -0.4013 0.6412
vn -0.7247 -0.2384 0.6465
vn -0.6765 -0.1311 0.7247
vn -0.6755 -0.1186 0.7277
vn -0.7056 -0.0489 0.7069
vn -0.7055 -0.0489 0.7070
vn -0.6262 0.4429 0.6417
vn -0.0786 0.9216 0.3801
vn -0.0003 0.9512 0.3087
vn -0.0786 0.9217 0.3799
vn -0.7003 -0.0001 0.7139
vn -0.7400 -0.0002 0.6726
vn -0.7003 -0.0007 0.7138
vn -0.0004 -0.9632 0.2687
vn -0.1034 -0.9306 0.3512
vn 0.6908 -0.6572 0.3015
vn 0.6855 -0.6669 0.2920
vn -0.0000 -0.9089 0.4170
vn 0.0068 -0.8688 0.4951
vn 0.0034 -0.9006 0.4347
vn 0.0007 -0.9291 0.3697
vn -0.0004 -0.9631 0.2692
vn -0.1033 -0.9304 0.3517
vn -0.6400 0.0006 0.7684
vn -0.6465 0.0447 0.7616
vn 0.7004 0.6492 0.2965
vn -0.1300 0.8432 0.5217
vn -0.2398 0.7693 0.5921
vn -0.1340 0.8404 0.5252
vn 0.0012 0.8907 0.4546
vn 0.6861 0.6480 0.3307
vn -0.6187 -0.2269 0.7521
vn -0.5919 -0.2899 0.7521
vn -0.1596 -0.8318 0.5316
vn -0.0706 -0.8652 0.4964
vn -0.5869 0.2512 0.7697
vn -0.2228 -0.7584 0.6126
vn -0.1273 -0.8261 0.5490
vn -0.5912 -0.0007 0.8065
vn -0.5975 -0.0404 0.8008
vn -0.5937 0.2343 0.7698
vn -0.5868 0.2510 0.7699
vn -0.3843 0.5453 0.7450
vn -0.3548 0.5751 0.7372
vn -0.3548 0.5752 0.7371
vn 0.0028 0.9289 0.3704
vn -0.1396 0.8415 0.5218
vn 0.6865 0.6614 0.3021
vn -0.5937 0.2344 0.7698
vn -0.5771 0.0870 0.8120
vn 0.6855 -0.6669 0.2921
vn -0.5869 0.2510 0.7698
vn -0.4677 0.3389 0.8163
vn -0.5219 0.2188 0.8245
vn -0.3355 -0.5622 0.7559
vn -0.3354 -0.5623 0.7558
vn -0.3587 -0.5382 0.7627
vn -0.6186 -0.2272 0.7521
vn -0.5919 -0.2901 0.7520
vn 0.0023 0.8990 0.4379
vn -0.0871 0.8302 0.5506
vn -0.5903 -0.1194 0.7983
vn -0.6186 -0.2271 0.7522
vn -0.5795 -0.0508 0.8134
vn -0.4960 -0.2140 0.8415
vn -0.5165 -0.2998 0.8021
vn -0.5164 -0.2999 0.8022
vn -0.4355 -0.3240 0.8399
vn -0.4580 -0.3000 0.8368
vn -0.6531 0.0999 0.7506
vn -0.6416 0.0992 0.7606
vn -0.5304 0.0006 0.8477
vn -0.5336 0.0157 0.8456
vn 0.0027 0.8906 0.4548
vn 0.6763 0.6561 0.3350
vn -0.0997 -0.8204 0.5630
vn -0.0001 -0.9089 0.4170
vn 0.0034 -0.8657 0.5006
vn 0.6826 -0.6642 0.3047
vn 0.7161 -0.5809 0.3870
vn 0.6932 0.5932 0.4095
vn -0.5993 -0.0527 0.7988
vn -0.6127 -0.0481 0.7888
vn -0.5372 -0.0767 0.8399
vn -0.5993 -0.0524 0.7988
vn -0.5338 0.0156 0.8455
vn -0.4668 0.2067 0.8598
vn -0.1082 0.7731 0.6249
vn -0.0620 0.8237 0.5636
vn -0.4671 0.0006 0.8842
vn -0.4510 -0.2690 0.8510
vn -0.3258 -0.0087 0.9454
vn -0.5889 0.0120 0.8081
vn -0.4184 0.2430 0.8751
vn -0.4388 0.0001 0.8986
vn -0.4809 0.0320 0.8762
vn 0.7164 0.5742 0.3964
vn 0.6919 0.6431 0.3283
vn -0.2404 0.5499 0.7999
vn -0.1940 0.6100 0.7683
vn -0.0814 -0.7790 0.6217
vn -0.0885 -0.7744 0.6265
vn -0.0576 -0.8103 0.5832
vn -0.2404 0.5498 0.7999
vn -0.1795 -0.5976 0.7815
vn -0.2238 -0.5378 0.8128
vn 0.0017 0.8481 0.5298
vn -0.0469 0.7945 0.6055
vn -0.3671 0.1840 0.9118
vn -0.2841 0.3854 0.8779
vn -0.3671 0.1839 0.9118
vn -0.4030 -0.1935 0.8945
vn -0.3613 0.2860 0.8875
vn 0.0017 0.8482 0.5296
vn -0.0470 0.7945 0.6054
vn 0.0005 0.8907 0.4546
vn -0.2638 -0.3764 0.8881
vn -0.3430 -0.1797 0.9220
vn -0.3342 -0.2123 0.9183
vn -0.3548 -0.1825 0.9169
vn -0.0816 -0.7790 0.6217
vn -0.0001 -0.8628 0.5055
vn -0.0815 -0.7789 0.6218
vn 0.0002 -0.7844 0.6203
vn 0.0041 -0.7374 0.6755
vn 0.0019 -0.7664 0.6424
vn 0.0019 -0.7662 0.6426
vn 0.0001 -0.8116 0.5842
vn 0.6951 -0.5639 0.4459
vn 0.6954 -0.5203 0.4957
vn 0.6965 -0.5629 0.4450
vn 0.7157 -0.5057 0.4817
vn -0.0157 -0.7561 0.6542
vn -0.0756 -0.6942 0.7158
vn 0.6873 0.5979 0.4125
vn 0.6874 0.5250 0.5018
vn 0.6838 0.5168 0.5152
vn -0.0001 0.7962 0.6050
vn -0.0418 0.7264 0.6860
vn -0.0418 0.7260 0.6864
vn -0.1111 0.5932 0.7974
vn -0.0001 0.7844 0.6202
vn 0.0057 0.8052 0.5930
vn -0.0424 0.7256 0.6868
vn 0.0020 0.7425 0.6698
vn 0.0018 0.7437 0.6685
vn 0.0059 0.7256 0.6881
vn 0.0059 0.7256 0.6880
vn 0.0123 0.7055 0.7086
vn 0.0123 0.7056 0.7085
vn 0.0241 0.6822 0.7307
vn -0.0005 0.7229 0.6910
vn -0.1232 -0.5365 0.8349
vn -0.0923 -0.5800 0.8094
vn -0.3102 0.0795 0.9473
vn -0.3244 0.0001 0.9459
vn -0.3103 0.0796 0.9473
vn -0.3931 0.0118 0.9194
vn -0.2278 -0.0037 0.9737
vn -0.3243 0.0001 0.9460
vn -0.3404 -0.2402 0.9091
vn -0.1191 0.5430 0.8313
vn -0.1837 0.3646 0.9129
vn -0.0226 -0.7106 0.7032
vn -0.2882 0.0026 0.9576
vn -0.2747 -0.0749 0.9586
vn -0.1780 -0.3341 0.9256
vn -0.1659 -0.3565 0.9194
vn 0.0020 -0.7295 0.6840
vn -0.0001 -0.7844 0.6202
vn -0.0068 -0.7079 0.7063
vn -0.0492 -0.6449 0.7627
vn 0.0212 0.6755 0.7370
vn -0.0005 0.7227 0.6911
vn 0.6946 0.5199 0.4972
vn -0.3101 0.0796 0.9474
vn -0.2277 0.1771 0.9575
vn -0.1856 0.3392 0.9222
vn 0.6964 -0.4501 0.5589
vn 0.6975 -0.5189 0.4942
vn -0.0016 0.7479 0.6638
vn -0.0223 0.6952 0.7185
vn -0.2119 -0.1737 0.9617
vn 0.6839 -0.4575 0.5684
vn 0.6911 -0.4363 0.5762
vn -0.0247 0.6708 0.7413
vn -0.0700 0.5349 0.8420
vn -0.0016 0.7479 0.6639
vn 0.0028 0.7285 0.6850
vn 0.0029 0.7285 0.6850
vn 0.0040 0.7292 0.6843
vn 0.0040 0.7292 0.6842
vn 0.0003 0.7188 0.6953
vn 0.0003 0.7188 0.6952
vn -0.0006 0.7134 0.7007
vn -0.0007 0.7132 0.7010
vn -0.0742 -0.4936 0.8665
vn -0.0571 -0.5262 0.8485
vn -0.2151 0.0755 0.9737
vn 0.7113 0.4125 0.5691
vn -0.0152 -0.6630 0.7484
vn -0.0308 0.6715 0.7404
vn -0.0132 0.6609 0.7504
vn -0.0718 0.4975 0.8645
vn -0.1140 0.3274 0.9380
vn -0.0001 -0.7212 0.6928
vn 0.0001 -0.7229 0.6909
vn -0.0073 -0.6538 0.7566
vn -0.0259 -0.6194 0.7847
vn 0.0251 -0.6106 0.7915
vn 0.0251 -0.6107 0.7914
vn 0.0109 -0.6378 0.7701
vn 0.0109 -0.6379 0.7700
vn 0.0043 -0.6620 0.7495
vn 0.0043 -0.6622 0.7493
vn 0.0014 -0.6833 0.7301
vn 0.0004 -0.6986 0.7155
vn 0.0004 -0.6983 0.7158
vn 0.0001 -0.7041 0.7101
vn 0.0057 -0.6272 0.7789
vn -0.1914 -0.0006 0.9815
vn -0.1834 -0.0558 0.9815
vn -0.1094 -0.3048 0.9461
vn -0.1020 -0.3220 0.9412
vn 0.7046 0.4164 0.5746
vn 0.7026 0.3679 0.6091
vn 0.6909 -0.4534 0.5631
vn 0.7008 -0.4308 0.5686
vn -0.1464 0.1347 0.9800
vn -0.1240 0.1631 0.9788
vn -0.1141 0.3079 0.9445
vn -0.0001 -0.6962 0.7178
vn -0.0081 -0.6330 0.7741
vn 0.0006 -0.6996 0.7145
vn -0.0001 -0.6920 0.7218
vn -0.0001 -0.6922 0.7217
vn 0.0005 -0.6994 0.7147
vn -0.0001 -0.6962 0.7179
vn -0.0190 0.6346 0.7726
vn -0.0125 0.6343 0.7730
vn -0.0403 0.4938 0.8686
vn -0.0143 0.5511 0.8343
vn 0.4688 0.3738 0.8003
vn -0.0037 -0.6327 0.7744
vn -0.0108 -0.6125 0.7904
vn -0.1331 -0.1489 0.9799
vn -0.1833 -0.0557 0.9815
vn -0.1833 -0.0558 0.9815
vn -0.1454 -0.0010 0.9894
vn -0.1913 -0.0004 0.9815
vn -0.0411 -0.4686 0.8824
vn -0.0332 -0.4892 0.8716
vn 0.0058 -0.6270 0.7790
vn 0.0014 -0.6159 0.7878
vn -0.0017 -0.6307 0.7760
vn -0.0041 0.5358 0.8443
vn 0.0008 0.5432 0.8396
vn 0.0032 0.5363 0.8440
vn -0.0149 0.5435 0.8393
vn -0.0116 0.5434 0.8394
vn -0.0023 -0.6175 0.7866
vn -0.1917 0.0021 0.9814
vn -0.1453 -0.0004 0.9894
vn -0.1451 -0.0004 0.9894
vn -0.0011 -0.6175 0.7866
vn -0.0025 -0.6120 0.7909
vn 0.0015 -0.6159 0.7878
vn -0.0045 -0.5369 0.8436
vn -0.0057 -0.5344 0.8452
vn 0.0007 -0.5343 0.8453
vn 0.0171 -0.4567 0.8894
vn 0.0016 0.5363 0.8440
vn 0.0033 0.5287 0.8488
vn -0.1368 0.0682 0.9882
vn -0.0052 0.5377 0.8431
vn -0.0157 0.5304 0.8476
vn -0.0011 0.5327 0.8463
vn -0.0035 0.5386 0.8425
vn -0.0011 0.5386 0.8425
vn -0.0178 -0.5302 0.8477
vn -0.0024 -0.6120 0.7909
vn 0.0009 -0.6103 0.7922
vn -0.0393 0.4707 0.8814
vn -0.0653 0.3023 0.9510
vn -0.0620 -0.2876 0.9557
vn -0.0582 -0.2992 0.9524
vn -0.0197 -0.4560 0.8898
vn -0.0165 -0.4671 0.8841
vn -0.1143 -0.0005 0.9935
vn -0.1083 -0.0584 0.9924
vn -0.0123 0.5227 0.8525
vn -0.0291 0.5152 0.8566
vn 0.7107 -0.3308 0.6208
vn 0.7095 -0.3361 0.6194
vn -0.0134 -0.5164 0.8562
vn -0.0313 -0.5159 0.8561
vn -0.0842 0.1255 0.9885
vn -0.1369 0.0683 0.9882
vn -0.0645 0.2891 0.9551
vn -0.0290 0.5151 0.8567
vn -0.0309 -0.5159 0.8561
vn 0.0034 -0.4566 0.8897
vn -0.0772 -0.1298 0.9885
vn -0.1082 -0.0584 0.9924
vn -0.0057 -0.4525 0.8917
vn -0.0050 -0.4556 0.8902
vn -0.1142 -0.0005 0.9935
vn 0.6827 0.3433 0.6450
vn 0.6770 0.3802 0.6302
vn 0.0030 -0.4525 0.8918
vn -0.0328 0.2869 0.9574
vn -0.0788 0.0005 0.9969
vn -0.0744 0.0582 0.9955
vn -0.0353 -0.1970 0.9798
vn -0.0464 -0.1780 0.9829
vn 0.2253 -0.2589 0.9392
vn -0.0429 0.4886 0.8715
vn -0.0233 0.4974 0.8672
vn -0.0013 0.2003 0.9797
vn 0.0032 0.1815 0.9834
vn -0.0191 0.1812 0.9833
vn 0.7095 -0.3362 0.6193
vn -0.0141 -0.2016 0.9794
vn 0.0025 -0.1775 0.9841
vn -0.0203 -0.1871 0.9821
vn -0.0571 0.0001 0.9984
vn -0.0535 -0.0612 0.9967
vn 0.7064 0.3326 0.6248
vn 0.6829 0.3774 0.6255
vn -0.0109 0.2795 0.9601
vn -0.0321 0.2798 0.9595
vn -0.0434 0.1000 0.9940
vn -0.0746 0.0582 0.9955
vn 0.0064 -0.1933 0.9811
vn 0.0063 -0.1933 0.9811
vn 0.0934 0.2791 0.9557
vn 0.0046 0.2793 0.9602
vn 0.0048 0.2767 0.9609
vn -0.0111 -0.1737 0.9847
vn -0.0099 -0.1768 0.9842
vn -0.0537 -0.0612 0.9967
vn -0.0787 -0.0000 0.9969
vn -0.0249 -0.4880 0.8725
vn -0.0439 -0.4866 0.8725
vn -0.0104 0.2768 0.9609
vn 0.0064 -0.1937 0.9810
vn -0.0100 -0.1737 0.9848
vn -0.0315 0.2017 0.9789
vn -0.0442 0.1906 0.9807
vn -0.0572 -0.0002 0.9984
vn -0.0463 -0.1860 0.9815
vn -0.0468 -0.1849 0.9816
vn -0.0467 -0.1850 0.9816
vn -0.0144 -0.1869 0.9823
vn -0.0433 0.4885 0.8715
vn -0.0571 -0.0004 0.9984
vn -0.0788 -0.0002 0.9969
vn -0.0005 0.6155 0.7882
vn -0.0427 0.4884 0.8715
vn 0.0033 0.5781 0.8160
vn 0.0177 0.5447 0.8384
vn 0.0534 0.5198 0.8526
vn 0.0594 0.5159 0.8546
vn 0.0033 0.5782 0.8159
vn -0.0269 -0.4839 0.8747
vn -0.0584 -0.4433 0.8945
vn -0.0624 0.2013 0.9775
vn -0.0283 0.0004 0.9996
vn -0.0267 0.0539 0.9982
vn -0.0142 0.1033 0.9945
vn 0.0058 0.0835 0.9965
vn 0.0058 0.0838 0.9965
vn 0.0065 0.0767 0.9970
vn -0.0186 -0.0000 0.9998
vn -0.0016 -0.0004 1.0000
vn 0.0082 0.0002 1.0000
vn -0.0123 -0.0005 0.9999
vn 0.0064 0.0002 1.0000
vn 0.0058 0.0767 0.9970
vn 0.0081 0.0002 1.0000
vn 0.0063 0.0002 1.0000
vn -0.0017 0.0001 1.0000
vn -0.0417 0.0009 0.9991
vn 0.0064 0.0004 1.0000
vn -0.0186 -0.0003 0.9998
vn -0.0785 0.1882 0.9790
vn -0.0333 0.1688 0.9851
vn -0.0688 0.1874 0.9799
vn 0.0347 -0.5569 0.8299
vn -0.0016 -0.6272 0.7789
vn -0.0123 -0.0002 0.9999
vn 0.0064 -0.0001 1.0000
vn -0.0820 -0.1746 0.9812
vn -0.0844 -0.1702 0.9818
vn -0.0466 -0.1860 0.9814
vn 0.0596 0.5157 0.8547
vn -0.0188 -0.0003 0.9998
vn -0.0419 -0.0004 0.9991
vn -0.0608 -0.0002 0.9982
vn -0.0609 0.0001 0.9981
vn -0.0419 -0.0002 0.9991
vn -0.0913 0.0011 0.9958
vn -0.0602 0.4434 0.8943
vn -0.0346 0.4602 0.8872
vn -0.0610 0.0001 0.9981
vn -0.1098 -0.0006 0.9939
vn -0.0914 0.0004 0.9958
vn -0.0724 0.1586 0.9847
vn -0.0598 -0.4426 0.8947
vn -0.1081 0.1737 0.9788
vn -0.1211 0.1757 0.9770
vn -0.1295 -0.1509 0.9800
vn -0.1230 -0.1595 0.9795
vn -0.0838 -0.1748 0.9810
vn -0.1449 0.0001 0.9894
vn -0.0599 -0.4426 0.8947
vn -0.1455 -0.0003 0.9894
vn -0.1100 0.0002 0.9939
vn -0.1178 0.1308 0.9844
vn 0.6786 0.0257 0.7340
vn 0.6643 0.1812 0.7252
vn 0.7070 -0.2742 0.6519
vn 0.7064 -0.3327 0.6247
vn -0.1627 0.0002 0.9867
vn 0.6516 -0.1391 0.7457
vn 0.6598 -0.0098 0.7514
vn 0.6512 -0.1390 0.7460
vn 0.6449 -0.0184 0.7640
vn 0.6194 -0.1483 0.7709
vn 0.6192 -0.1495 0.7709
vn 0.6509 0.1839 0.7366
vn -0.0548 0.4325 0.9000
vn 0.5798 -0.1350 0.8035
vn 0.5774 0.0238 0.8161
vn 0.5775 -0.0000 0.8164
vn 0.5701 0.1593 0.8060
vn 0.6258 -0.0285 0.7795
vn -0.0552 -0.4258 0.9031
vn -0.1471 0.1587 0.9763
vn -0.1688 0.1646 0.9718
vn -0.0660 0.3743 0.9250
vn -0.1176 0.1308 0.9844
vn -0.1628 0.0002 0.9867
vn -0.2150 -0.0005 0.9766
vn -0.2653 -0.0031 0.9642
vn -0.2650 -0.0031 0.9642
vn -0.3075 -0.0067 0.9515
vn -0.1437 0.0080 0.9896
vn -0.1904 -0.1185 0.9745
vn -0.1573 -0.1534 0.9756
vn -0.1264 -0.1472 0.9810
vn -0.0521 -0.4002 0.9150
vn -0.2003 0.0031 0.9797
vn -0.0016 -0.5055 0.8628
vn -0.0838 -0.3808 0.9209
vn 0.0220 -0.4698 0.8825
vn 0.0217 -0.4699 0.8825
vn -0.0017 -0.5056 0.8628
vn -0.2002 0.0031 0.9797
vn -0.1795 0.0657 0.9816
vn 0.0982 0.5142 0.8520
vn 0.0571 0.5241 0.8497
vn 0.0577 0.5239 0.8498
vn 0.0219 -0.4699 0.8824
vn -0.0698 0.3754 0.9242
vn -0.0698 0.3753 0.9243
vn -0.2553 0.0005 0.9669
vn -0.1903 0.1301 0.9731
vn -0.0838 -0.3807 0.9209
vn -0.0869 -0.3465 0.9340
vn -0.0573 -0.3594 0.9314
vn -0.1954 -0.1309 0.9719
vn -0.0764 0.3347 0.9392
vn -0.2125 0.1409 0.9669
vn -0.2289 -0.1162 0.9665
vn -0.1956 -0.1309 0.9719
vn -0.2555 0.0005 0.9668
vn -0.2148 0.0828 0.9732
vn -0.0934 0.3456 0.9337
vn -0.3078 -0.0001 0.9515
vn -0.2250 0.1154 0.9675
vn -0.1189 -0.3076 0.9441
vn -0.0500 -0.3224 0.9453
vn -0.0814 0.3329 0.9395
vn -0.0873 0.3321 0.9392
vn -0.2276 -0.1143 0.9670
vn -0.3076 -0.0001 0.9515
vn -0.2251 0.1155 0.9675
vn -0.2250 0.1151 0.9675
vn -0.3122 -0.0000 0.9500
vn -0.2480 -0.0875 0.9648
vn -0.2478 -0.1275 0.9604
vn -0.2252 0.1153 0.9675
vn -0.2285 0.1138 0.9669
vn -0.0737 -0.2960 0.9523
vn -0.0738 -0.2959 0.9524
s 0
usemtl Material.012
f 1//1 2//1 3//1
f 4//1 1//1 3//1
f 2//2 5//2 3//2
f 5//3 6//3 3//3
f 6//4 7//4 3//4
f 7//4 4//4 3//4
f 8//5 1//5 4//5
f 7//6 8//6 4//6
f 9//7 10//7 2//7
f 10//8 5//8 2//8
f 1//9 11//9 2//9
f 11//9 12//9 2//9
f 12//10 9//10 2//10
f 8//11 13//11 1//11
f 13//12 14//12 1//12
f 14//13 11//13 1//13
f 10//14 15//14 6//14
f 5//15 10//15 6//15
f 16//16 7//16 6//16
f 17//16 16//16 6//16
f 15//16 17//16 6//16
f 18//17 19//17 7//17
f 19//18 8//18 7//18
f 20//16 18//16 7//16
f 16//16 20//16 7//16
f 19//19 13//19 8//19
f 21//20 9//20 12//20
f 11//21 22//21 12//21
f 22//21 23//21 12//21
f 23//22 21//22 12//22
f 14//23 24//23 11//23
f 24//23 22//23 11//23
f 9//24 25//24 10//24
f 25//25 15//25 10//25
f 26//26 13//26 19//26
f 27//27 26//27 19//27
f 18//28 27//28 19//28
f 28//29 25//29 9//29
f 21//30 28//30 9//30
f 26//31 29//31 13//31
f 29//32 14//32 13//32
f 30//33 28//33 21//33
f 23//22 31//22 21//22
f 31//34 30//34 21//34
f 29//35 32//35 14//35
f 32//35 24//35 14//35
f 33//36 34//36 15//36
f 25//37 33//37 15//37
f 34//16 17//16 15//16
f 35//38 36//38 18//38
f 36//39 27//39 18//39
f 20//16 35//16 18//16
f 22//40 37//40 23//40
f 37//41 38//41 23//41
f 38//42 39//42 23//42
f 39//43 31//43 23//43
f 24//44 40//44 22//44
f 40//44 37//44 22//44
f 28//45 33//45 25//45
f 36//46 26//46 27//46
f 41//47 30//47 31//47
f 39//43 42//43 31//43
f 42//48 41//48 31//48
f 32//49 43//49 24//49
f 43//49 40//49 24//49
f 28//50 44//50 33//50
f 44//51 34//51 33//51
f 45//52 26//52 36//52
f 46//53 45//53 36//53
f 35//54 46//54 36//54
f 47//55 44//55 28//55
f 30//56 47//56 28//56
f 45//57 48//57 26//57
f 48//58 29//58 26//58
f 49//59 39//59 38//59
f 50//60 49//60 38//60
f 37//61 50//61 38//61
f 51//62 39//62 49//62
f 50//63 51//63 49//63
f 52//64 42//64 39//64
f 51//62 52//62 39//62
f 40//65 53//65 37//65
f 53//66 50//66 37//66
f 50//63 54//63 51//63
f 54//63 52//63 51//63
f 55//67 47//67 30//67
f 41//68 55//68 30//68
f 48//69 56//69 29//69
f 56//69 32//69 29//69
f 53//63 57//63 50//63
f 57//63 54//63 50//63
f 54//70 42//70 52//70
f 40//71 57//71 53//71
f 58//72 59//72 42//72
f 54//70 58//70 42//70
f 59//48 41//48 42//48
f 43//73 57//73 40//73
f 58//63 54//63 57//63
f 60//63 58//63 57//63
f 61//63 60//63 57//63
f 43//74 61//74 57//74
f 62//68 55//68 41//68
f 59//75 62//75 41//75
f 56//76 63//76 32//76
f 63//76 43//76 32//76
f 64//77 65//77 34//77
f 66//78 64//78 34//78
f 44//79 66//79 34//79
f 67//16 17//16 34//16
f 65//16 67//16 34//16
f 68//80 46//80 35//80
f 69//81 68//81 35//81
f 70//82 69//82 35//82
f 20//16 71//16 35//16
f 71//16 70//16 35//16
f 47//83 66//83 44//83
f 68//84 45//84 46//84
f 47//85 64//85 66//85
f 72//86 45//86 68//86
f 69//87 72//87 68//87
f 60//88 59//88 58//88
f 73//89 64//89 47//89
f 55//90 73//90 47//90
f 72//91 74//91 45//91
f 74//92 48//92 45//92
f 75//93 76//93 59//93
f 60//94 75//94 59//94
f 76//75 62//75 59//75
f 63//95 61//95 43//95
f 77//63 60//63 61//63
f 63//96 77//96 61//96
f 78//63 79//63 60//63
f 77//63 80//63 60//63
f 80//63 81//63 60//63
f 81//63 78//63 60//63
f 79//63 75//63 60//63
f 82//97 73//97 55//97
f 62//98 82//98 55//98
f 74//99 83//99 48//99
f 83//99 56//99 48//99
f 84//98 82//98 62//98
f 76//100 84//100 62//100
f 83//101 85//101 56//101
f 85//101 63//101 56//101
f 75//93 86//93 76//93
f 86//102 87//102 76//102
f 87//100 84//100 76//100
f 80//96 77//96 63//96
f 85//103 80//103 63//103
f 79//63 86//63 75//63
f 79//63 88//63 86//63
f 88//104 87//104 86//104
f 85//105 81//105 80//105
f 73//106 89//106 64//106
f 89//107 65//107 64//107
f 90//108 72//108 69//108
f 70//109 90//109 69//109
f 91//110 92//110 73//110
f 92//111 89//111 73//111
f 82//112 91//112 73//112
f 90//108 93//108 72//108
f 93//113 94//113 72//113
f 94//114 74//114 72//114
f 95//115 91//115 82//115
f 84//116 95//116 82//116
f 94//117 96//117 74//117
f 96//118 83//118 74//118
f 97//119 98//119 99//119
f 100//120 101//120 99//120
f 101//121 102//121 99//121
f 102//121 97//121 99//121
f 103//63 100//63 99//63
f 104//63 103//63 99//63
f 98//63 104//63 99//63
f 105//122 106//122 65//122
f 106//123 107//123 65//123
f 107//124 108//124 65//124
f 108//124 109//124 65//124
f 109//125 110//125 65//125
f 110//126 111//126 65//126
f 89//127 105//127 65//127
f 111//16 67//16 65//16
f 112//128 113//128 70//128
f 114//129 112//129 70//129
f 113//130 115//130 70//130
f 115//131 116//131 70//131
f 116//132 117//132 70//132
f 117//133 118//133 70//133
f 118//134 119//134 70//134
f 119//135 120//135 70//135
f 120//136 90//136 70//136
f 71//16 114//16 70//16
f 121//137 122//137 89//137
f 122//138 123//138 89//138
f 123//139 124//139 89//139
f 92//140 125//140 89//140
f 125//141 126//141 89//141
f 126//142 121//142 89//142
f 124//143 105//143 89//143
f 127//144 93//144 90//144
f 128//145 129//145 90//145
f 129//146 130//146 90//146
f 130//147 127//147 90//147
f 120//148 128//148 90//148
f 131//149 102//149 101//149
f 132//150 131//150 101//150
f 100//151 132//151 101//151
f 131//149 97//149 102//149
f 133//152 134//152 97//152
f 131//149 133//149 97//149
f 134//153 98//153 97//153
f 135//154 95//154 84//154
f 87//155 136//155 84//155
f 136//156 135//156 84//156
f 96//157 137//157 83//157
f 137//158 138//158 83//158
f 138//159 85//159 83//159
f 139//160 140//160 131//160
f 141//160 139//160 131//160
f 140//161 133//161 131//161
f 132//162 141//162 131//162
f 142//163 143//163 133//163
f 143//164 134//164 133//164
f 140//161 142//161 133//161
f 144//165 145//165 100//165
f 145//166 132//166 100//166
f 146//63 144//63 100//63
f 103//63 146//63 100//63
f 147//167 148//167 98//167
f 149//168 147//168 98//168
f 134//169 149//169 98//169
f 150//63 104//63 98//63
f 148//63 150//63 98//63
f 88//104 151//104 87//104
f 151//170 136//170 87//170
f 78//105 81//105 85//105
f 138//171 78//171 85//171
f 145//162 141//162 132//162
f 143//164 149//164 134//164
f 152//172 141//172 145//172
f 153//172 152//172 145//172
f 144//173 153//173 145//173
f 143//174 147//174 149//174
f 79//63 151//63 88//63
f 154//175 139//175 141//175
f 152//175 154//175 141//175
f 155//176 156//176 143//176
f 156//174 147//174 143//174
f 142//163 155//163 143//163
f 157//177 158//177 140//177
f 139//177 157//177 140//177
f 158//178 142//178 140//178
f 159//179 155//179 142//179
f 158//178 159//178 142//178
f 124//180 106//180 105//180
f 160//181 119//181 118//181
f 117//182 160//182 118//182
f 161//183 106//183 124//183
f 123//184 162//184 124//184
f 162//185 163//185 124//185
f 163//186 161//186 124//186
f 164//187 165//187 119//187
f 160//188 164//188 119//188
f 128//189 120//189 119//189
f 165//190 128//190 119//190
f 161//191 107//191 106//191
f 122//192 162//192 123//192
f 116//193 160//193 117//193
f 165//194 129//194 128//194
f 161//195 166//195 107//195
f 166//196 108//196 107//196
f 167//197 157//197 139//197
f 154//197 167//197 139//197
f 168//198 169//198 155//198
f 169//199 156//199 155//199
f 159//179 168//179 155//179
f 79//63 170//63 151//63
f 170//200 171//200 151//200
f 171//201 136//201 151//201
f 103//202 172//202 173//202
f 174//203 146//203 173//203
f 146//203 103//203 173//203
f 172//63 175//63 173//63
f 175//63 174//63 173//63
f 104//202 172//202 103//202
f 176//202 20//202 16//202
f 17//203 177//203 16//203
f 177//203 176//203 16//203
f 178//202 20//202 176//202
f 177//16 179//16 176//16
f 179//16 178//16 176//16
f 115//204 180//204 116//204
f 181//205 160//205 116//205
f 182//206 181//206 116//206
f 180//207 182//207 116//207
f 166//208 183//208 108//208
f 183//209 109//209 108//209
f 171//210 135//210 136//210
f 79//211 78//211 138//211
f 137//212 79//212 138//212
f 184//213 185//213 158//213
f 186//214 184//214 158//214
f 157//214 186//214 158//214
f 185//215 159//215 158//215
f 185//216 187//216 159//216
f 187//217 168//217 159//217
f 113//218 180//218 115//218
f 121//219 162//219 122//219
f 188//220 152//220 153//220
f 144//221 188//221 153//221
f 156//222 189//222 147//222
f 189//223 148//223 147//223
f 165//224 190//224 129//224
f 190//225 130//225 129//225
f 91//226 191//226 92//226
f 191//227 192//227 92//227
f 192//228 125//228 92//228
f 193//229 93//229 127//229
f 194//230 193//230 127//230
f 130//231 195//231 127//231
f 195//232 196//232 127//232
f 196//233 194//233 127//233
f 197//234 191//234 91//234
f 95//235 197//235 91//235
f 193//236 198//236 93//236
f 198//236 94//236 93//236
f 183//237 110//237 109//237
f 199//238 154//238 152//238
f 200//238 199//238 152//238
f 188//239 200//239 152//239
f 169//240 201//240 156//240
f 201//241 189//241 156//241
f 202//235 197//235 95//235
f 135//242 202//242 95//242
f 198//243 203//243 94//243
f 203//244 96//244 94//244
f 204//16 187//16 185//16
f 184//16 204//16 185//16
f 205//245 186//245 157//245
f 167//246 205//246 157//246
f 206//198 169//198 168//198
f 207//247 206//247 168//247
f 187//217 207//217 168//217
f 175//63 208//63 174//63
f 208//248 209//248 174//248
f 209//248 146//248 174//248
f 210//63 175//63 172//63
f 104//249 210//249 172//249
f 209//63 144//63 146//63
f 150//249 210//249 104//249
f 67//248 211//248 17//248
f 211//248 177//248 17//248
f 178//249 71//249 20//249
f 211//16 179//16 177//16
f 212//249 71//249 178//249
f 179//16 212//16 178//16
f 213//250 188//250 144//250
f 214//251 213//251 144//251
f 209//63 214//63 144//63
f 215//252 216//252 148//252
f 189//253 215//253 148//253
f 217//63 150//63 148//63
f 216//63 217//63 148//63
f 186//16 204//16 184//16
f 204//16 218//16 187//16
f 218//16 219//16 187//16
f 219//16 220//16 187//16
f 220//16 207//16 187//16
f 213//239 200//239 188//239
f 201//241 215//241 189//241
f 190//254 221//254 130//254
f 221//255 195//255 130//255
f 126//256 222//256 121//256
f 223//257 162//257 121//257
f 224//258 223//258 121//258
f 222//259 224//259 121//259
f 225//260 202//260 135//260
f 171//261 225//261 135//261
f 203//262 226//262 96//262
f 226//262 137//262 96//262
f 227//263 167//263 154//263
f 199//263 227//263 154//263
f 228//240 201//240 169//240
f 206//264 228//264 169//264
f 125//265 222//265 126//265
f 221//266 196//266 195//266
f 205//16 204//16 186//16
f 220//267 206//267 207//267
f 112//268 180//268 113//268
f 170//269 229//269 171//269
f 229//270 225//270 171//270
f 226//271 230//271 137//271
f 230//272 79//272 137//272
f 231//273 111//273 110//273
f 183//274 231//274 110//274
f 232//63 233//63 79//63
f 233//63 234//63 79//63
f 234//63 235//63 79//63
f 230//63 236//63 79//63
f 236//63 237//63 79//63
f 237//63 232//63 79//63
f 235//63 238//63 79//63
f 238//63 239//63 79//63
f 239//63 240//63 79//63
f 240//63 170//63 79//63
f 240//275 229//275 170//275
f 241//276 205//276 167//276
f 227//276 241//276 167//276
f 220//277 242//277 206//277
f 242//264 228//264 206//264
f 243//278 200//278 213//278
f 244//279 243//279 213//279
f 214//280 244//280 213//280
f 201//281 245//281 215//281
f 245//282 216//282 215//282
f 241//16 204//16 205//16
f 219//277 242//277 220//277
f 246//283 194//283 196//283
f 221//284 246//284 196//284
f 247//285 199//285 200//285
f 243//286 247//286 200//286
f 248//287 245//287 201//287
f 228//288 248//288 201//288
f 192//289 222//289 125//289
f 231//290 249//290 111//290
f 249//16 250//16 111//16
f 250//16 67//16 111//16
f 251//291 112//291 114//291
f 71//16 252//16 114//16
f 252//16 251//16 114//16
f 191//292 253//292 192//292
f 253//293 222//293 192//293
f 254//294 194//294 246//294
f 255//295 254//295 246//295
f 221//296 255//296 246//296
f 183//297 249//297 231//297
f 251//298 180//298 112//298
f 197//299 256//299 191//299
f 256//300 253//300 191//300
f 254//229 193//229 194//229
f 175//63 257//63 208//63
f 257//301 258//301 208//301
f 258//301 209//301 208//301
f 259//63 175//63 210//63
f 150//302 259//302 210//302
f 258//63 214//63 209//63
f 217//302 259//302 150//302
f 250//301 260//301 67//301
f 260//301 211//301 67//301
f 212//302 252//302 71//302
f 260//16 179//16 211//16
f 261//302 252//302 212//302
f 179//16 261//16 212//16
f 262//16 263//16 249//16
f 263//16 250//16 249//16
f 183//303 262//303 249//303
f 252//16 264//16 251//16
f 265//304 180//304 251//304
f 264//305 265//305 251//305
f 266//306 227//306 199//306
f 247//306 266//306 199//306
f 267//307 248//307 228//307
f 242//308 267//308 228//308
f 268//309 225//309 229//309
f 240//310 268//310 229//310
f 239//311 268//311 240//311
f 269//312 241//312 227//312
f 266//312 269//312 227//312
f 219//313 270//313 242//313
f 270//308 267//308 242//308
f 271//63 236//63 230//63
f 226//314 271//314 230//314
f 269//16 204//16 241//16
f 218//313 270//313 219//313
f 272//315 244//315 214//315
f 273//316 272//316 214//316
f 258//63 273//63 214//63
f 274//317 275//317 216//317
f 245//318 274//318 216//318
f 276//63 217//63 216//63
f 275//63 276//63 216//63
f 272//278 243//278 244//278
f 248//319 274//319 245//319
f 197//320 277//320 256//320
f 277//321 278//321 256//321
f 278//322 253//322 256//322
f 279//323 193//323 254//323
f 280//324 279//324 254//324
f 255//325 280//325 254//325
f 281//326 277//326 197//326
f 202//327 281//327 197//327
f 279//328 282//328 193//328
f 282//329 198//329 193//329
f 283//327 281//327 202//327
f 225//330 283//330 202//330
f 282//331 284//331 198//331
f 284//332 203//332 198//332
f 285//333 280//333 255//333
f 221//334 285//334 255//334
f 278//335 222//335 253//335
f 268//336 286//336 225//336
f 286//337 283//337 225//337
f 284//338 287//338 203//338
f 287//338 226//338 203//338
f 239//311 238//311 268//311
f 238//339 288//339 268//339
f 288//336 286//336 268//336
f 289//340 271//340 226//340
f 287//341 289//341 226//341
f 289//63 236//63 271//63
f 290//342 243//342 272//342
f 291//343 290//343 272//343
f 273//344 291//344 272//344
f 248//345 292//345 274//345
f 292//346 275//346 274//346
f 293//347 247//347 243//347
f 290//348 293//348 243//348
f 267//349 294//349 248//349
f 294//350 295//350 248//350
f 295//351 292//351 248//351
f 296//352 266//352 247//352
f 297//353 296//353 247//353
f 293//354 297//354 247//354
f 270//355 298//355 267//355
f 298//356 299//356 267//356
f 299//357 294//357 267//357
f 300//358 301//358 266//358
f 301//358 269//358 266//358
f 296//359 300//359 266//359
f 218//360 302//360 270//360
f 302//361 298//361 270//361
f 301//16 204//16 269//16
f 204//360 302//360 218//360
f 175//63 303//63 257//63
f 303//362 304//362 257//362
f 304//362 258//362 257//362
f 305//63 175//63 259//63
f 217//363 305//363 259//363
f 304//63 273//63 258//63
f 276//363 305//363 217//363
f 263//362 306//362 250//362
f 306//362 260//362 250//362
f 307//16 308//16 252//16
f 309//16 310//16 252//16
f 310//16 311//16 252//16
f 311//16 307//16 252//16
f 308//16 312//16 252//16
f 312//16 313//16 252//16
f 313//16 314//16 252//16
f 314//16 264//16 252//16
f 261//363 309//363 252//363
f 306//16 179//16 260//16
f 315//363 309//363 261//363
f 179//16 315//16 261//16
f 316//364 280//364 285//364
f 221//365 316//365 285//365
f 265//366 317//366 180//366
f 318//367 182//367 180//367
f 317//368 318//368 180//368
f 166//369 319//369 183//369
f 319//370 320//370 183//370
f 320//371 321//371 183//371
f 321//372 262//372 183//372
f 277//373 322//373 278//373
f 322//374 222//374 278//374
f 190//375 323//375 221//375
f 323//376 324//376 221//376
f 324//377 325//377 221//377
f 325//378 326//378 221//378
f 326//379 327//379 221//379
f 327//365 316//365 221//365
f 328//380 163//380 162//380
f 223//381 328//381 162//381
f 329//382 164//382 160//382
f 181//383 329//383 160//383
f 330//16 331//16 301//16
f 331//16 204//16 301//16
f 332//384 330//384 301//384
f 300//385 332//385 301//385
f 331//386 302//386 204//386
f 333//387 332//387 300//387
f 296//388 333//388 300//388
f 331//389 334//389 302//389
f 334//390 298//390 302//390
f 297//391 333//391 296//391
f 334//392 335//392 298//392
f 335//393 299//393 298//393
f 336//394 333//394 297//394
f 293//395 336//395 297//395
f 335//396 337//396 299//396
f 337//397 294//397 299//397
f 338//398 336//398 293//398
f 290//399 338//399 293//399
f 337//400 339//400 294//400
f 339//401 295//401 294//401
f 340//402 338//402 290//402
f 291//403 340//403 290//403
f 339//404 341//404 295//404
f 341//405 292//405 295//405
f 342//406 340//406 291//406
f 273//363 342//363 291//363
f 341//407 343//407 292//407
f 343//362 344//362 292//362
f 344//362 275//362 292//362
f 345//63 346//63 175//63
f 347//63 345//63 175//63
f 305//63 348//63 175//63
f 348//63 347//63 175//63
f 346//63 349//63 175//63
f 349//63 303//63 175//63
f 350//363 342//363 273//363
f 304//63 350//63 273//63
f 351//63 276//63 275//63
f 344//63 351//63 275//63
f 352//16 353//16 179//16
f 354//16 352//16 179//16
f 306//16 355//16 179//16
f 355//16 354//16 179//16
f 353//16 356//16 179//16
f 356//16 315//16 179//16
f 235//408 288//408 238//408
f 357//63 236//63 289//63
f 287//409 357//409 289//409
f 277//373 358//373 322//373
f 358//410 222//410 322//410
f 359//411 280//411 316//411
f 327//412 359//412 316//412
f 281//413 360//413 277//413
f 360//414 358//414 277//414
f 359//415 279//415 280//415
f 361//63 236//63 357//63
f 362//63 361//63 357//63
f 287//416 363//416 357//416
f 363//417 362//417 357//417
f 234//418 288//418 235//418
f 364//419 286//419 288//419
f 365//420 364//420 288//420
f 234//421 365//421 288//421
f 284//422 363//422 287//422
f 366//423 283//423 286//423
f 364//423 366//423 286//423
f 282//424 367//424 284//424
f 367//422 363//422 284//422
f 368//425 281//425 283//425
f 366//426 368//426 283//426
f 279//427 369//427 282//427
f 369//424 367//424 282//424
f 368//428 370//428 281//428
f 370//429 360//429 281//429
f 359//430 371//430 279//430
f 371//431 369//431 279//431
f 370//432 372//432 360//432
f 372//433 358//433 360//433
f 373//434 371//434 359//434
f 327//435 373//435 359//435
f 374//436 166//436 161//436
f 163//437 375//437 161//437
f 375//438 374//438 161//438
f 376//439 190//439 165//439
f 377//440 376//440 165//440
f 164//441 377//441 165//441
f 326//442 373//442 327//442
f 372//443 222//443 358//443
f 378//444 365//444 234//444
f 233//445 378//445 234//445
f 349//446 379//446 303//446
f 379//446 304//446 303//446
f 276//447 348//447 305//447
f 379//63 350//63 304//63
f 351//447 348//447 276//447
f 262//16 380//16 263//16
f 380//16 381//16 263//16
f 381//16 382//16 263//16
f 382//446 355//446 263//446
f 355//446 306//446 263//446
f 383//16 310//16 309//16
f 315//447 383//447 309//447
f 356//447 383//447 315//447
f 378//448 364//448 365//448
f 384//449 373//449 326//449
f 325//450 384//450 326//450
f 370//451 385//451 372//451
f 385//452 222//452 372//452
f 232//445 378//445 233//445
f 386//63 361//63 362//63
f 363//417 386//417 362//417
f 232//453 387//453 378//453
f 387//454 388//454 378//454
f 388//454 364//454 378//454
f 389//455 386//455 363//455
f 367//456 389//456 363//456
f 385//457 390//457 222//457
f 391//458 224//458 222//458
f 390//459 391//459 222//459
f 388//460 392//460 364//460
f 392//461 366//461 364//461
f 369//462 393//462 367//462
f 393//456 389//456 367//456
f 394//463 368//463 366//463
f 392//464 394//464 366//464
f 371//465 395//465 369//465
f 395//466 393//466 369//466
f 396//467 370//467 368//467
f 397//468 396//468 368//468
f 394//469 397//469 368//469
f 384//470 398//470 371//470
f 373//471 384//471 371//471
f 398//472 395//472 371//472
f 396//473 385//473 370//473
f 399//63 361//63 386//63
f 389//474 399//474 386//474
f 321//475 380//475 262//475
f 314//476 265//476 264//476
f 346//477 400//477 349//477
f 400//477 379//477 349//477
f 351//478 347//478 348//478
f 400//63 401//63 379//63
f 401//63 350//63 379//63
f 344//63 402//63 351//63
f 402//478 347//478 351//478
f 403//16 404//16 382//16
f 381//16 405//16 382//16
f 405//16 403//16 382//16
f 404//477 354//477 382//477
f 354//477 355//477 382//477
f 406//16 310//16 383//16
f 356//478 406//478 383//478
f 353//478 406//478 356//478
f 396//479 390//479 385//479
f 324//480 384//480 325//480
f 397//481 391//481 396//481
f 391//479 390//479 396//479
f 407//470 398//470 384//470
f 324//482 407//482 384//482
f 320//483 381//483 321//483
f 381//484 380//484 321//484
f 314//485 317//485 265//485
f 323//486 407//486 324//486
f 313//487 317//487 314//487
f 237//488 387//488 232//488
f 313//489 318//489 317//489
f 319//490 381//490 320//490
f 408//63 361//63 399//63
f 389//474 408//474 399//474
f 236//488 387//488 237//488
f 397//491 224//491 391//491
f 190//492 407//492 323//492
f 236//493 409//493 387//493
f 409//494 410//494 387//494
f 410//495 388//495 387//495
f 411//496 408//496 389//496
f 393//497 411//497 389//497
f 376//498 412//498 190//498
f 412//499 407//499 190//499
f 413//500 223//500 224//500
f 397//501 413//501 224//501
f 345//502 414//502 346//502
f 414//502 400//502 346//502
f 402//503 345//503 347//503
f 415//63 416//63 400//63
f 414//63 415//63 400//63
f 416//63 417//63 400//63
f 417//63 401//63 400//63
f 415//63 414//63 402//63
f 344//63 418//63 402//63
f 418//63 419//63 402//63
f 419//63 415//63 402//63
f 414//503 345//503 402//503
f 420//16 421//16 404//16
f 422//16 420//16 404//16
f 403//16 423//16 404//16
f 423//16 422//16 404//16
f 421//502 352//502 404//502
f 352//502 354//502 404//502
f 424//16 310//16 406//16
f 421//16 424//16 406//16
f 353//503 421//503 406//503
f 352//503 421//503 353//503
f 410//504 425//504 388//504
f 425//505 426//505 388//505
f 426//506 392//506 388//506
f 427//507 428//507 393//507
f 395//507 427//507 393//507
f 428//508 411//508 393//508
f 313//509 182//509 318//509
f 426//510 429//510 392//510
f 429//511 430//511 392//511
f 430//512 394//512 392//512
f 431//513 432//513 395//513
f 398//514 431//514 395//514
f 432//507 427//507 395//507
f 413//515 328//515 223//515
f 377//516 412//516 376//516
f 166//517 381//517 319//517
f 413//518 397//518 394//518
f 433//519 413//519 394//519
f 430//520 433//520 394//520
f 407//521 434//521 398//521
f 434//522 431//522 398//522
f 412//523 434//523 407//523
f 313//524 181//524 182//524
f 374//525 381//525 166//525
f 420//16 424//16 421//16
f 435//63 361//63 408//63
f 411//526 435//526 408//526
f 428//527 436//527 411//527
f 436//527 437//527 411//527
f 437//528 435//528 411//528
f 313//529 329//529 181//529
f 413//530 438//530 328//530
f 438//531 163//531 328//531
f 375//532 381//532 374//532
f 164//533 412//533 377//533
f 313//534 439//534 329//534
f 439//535 164//535 329//535
f 381//536 163//536 438//536
f 413//537 381//537 438//537
f 381//538 375//538 163//538
f 439//539 412//539 164//539
f 313//540 412//540 439//540
f 361//541 409//541 236//541
f 440//63 361//63 435//63
f 437//542 440//542 435//542
f 361//543 441//543 409//543
f 441//541 410//541 409//541
f 442//544 440//544 437//544
f 436//545 442//545 437//545
f 428//545 442//545 436//545
f 441//546 425//546 410//546
f 433//547 443//547 413//547
f 443//548 381//548 413//548
f 444//549 434//549 412//549
f 313//550 312//550 412//550
f 312//551 444//551 412//551
f 441//552 445//552 425//552
f 445//553 426//553 425//553
f 443//554 405//554 381//554
f 446//555 442//555 428//555
f 427//556 446//556 428//556
f 432//556 446//556 427//556
f 445//557 429//557 426//557
f 447//558 430//558 429//558
f 445//559 447//559 429//559
f 448//560 446//560 432//560
f 431//561 448//561 432//561
f 434//562 448//562 431//562
f 447//563 433//563 430//563
f 440//63 449//63 361//63
f 449//63 450//63 361//63
f 450//564 441//564 361//564
f 451//565 449//565 440//565
f 442//566 451//566 440//566
f 452//567 443//567 433//567
f 447//568 452//568 433//568
f 444//569 453//569 434//569
f 453//570 448//570 434//570
f 443//571 403//571 405//571
f 453//572 444//572 312//572
f 308//572 453//572 312//572
f 452//571 403//571 443//571
f 450//573 454//573 441//573
f 454//574 455//574 441//574
f 455//575 445//575 441//575
f 456//576 451//576 442//576
f 446//577 456//577 442//577
f 457//578 447//578 445//578
f 458//579 457//579 445//579
f 455//575 458//575 445//575
f 459//577 456//577 446//577
f 460//580 459//580 446//580
f 448//581 460//581 446//581
f 457//578 461//578 447//578
f 462//582 452//582 447//582
f 461//583 462//583 447//583
f 463//581 460//581 448//581
f 453//584 463//584 448//584
f 452//585 423//585 403//585
f 464//586 453//586 308//586
f 307//586 464//586 308//586
f 462//585 423//585 452//585
f 464//587 463//587 453//587
f 462//363 422//363 423//363
f 465//362 464//362 307//362
f 311//362 465//362 307//362
f 461//588 466//588 462//588
f 466//588 467//588 462//588
f 467//363 422//363 462//363
f 465//589 463//589 464//589
f 457//590 468//590 461//590
f 468//590 466//590 461//590
f 469//591 460//591 463//591
f 465//589 469//589 463//589
f 458//592 470//592 457//592
f 470//592 468//592 457//592
f 471//593 459//593 460//593
f 469//591 471//591 460//591
f 455//594 472//594 458//594
f 472//594 470//594 458//594
f 473//595 456//595 459//595
f 471//593 473//593 459//593
f 454//596 474//596 455//596
f 474//596 472//596 455//596
f 475//597 451//597 456//597
f 473//595 475//595 456//595
f 450//598 476//598 454//598
f 476//598 474//598 454//598
f 477//599 449//599 451//599
f 475//597 477//597 451//597
f 449//63 476//63 450//63
f 478//63 476//63 449//63
f 477//599 478//599 449//599
f 479//16 480//16 330//16
f 480//16 331//16 330//16
f 332//600 479//600 330//600
f 480//601 481//601 331//601
f 481//601 334//601 331//601
f 333//602 482//602 332//602
f 482//600 479//600 332//600
f 481//603 335//603 334//603
f 336//604 483//604 333//604
f 483//604 482//604 333//604
f 484//605 337//605 335//605
f 481//605 484//605 335//605
f 338//606 483//606 336//606
f 484//607 339//607 337//607
f 340//608 485//608 338//608
f 485//606 483//606 338//606
f 486//609 341//609 339//609
f 484//607 486//607 339//607
f 342//610 485//610 340//610
f 487//611 343//611 341//611
f 486//612 487//612 341//612
f 488//613 485//613 342//613
f 350//614 488//614 342//614
f 418//615 344//615 343//615
f 487//615 418//615 343//615
f 401//614 488//614 350//614
f 489//616 490//616 488//616
f 490//617 485//617 488//617
f 401//618 489//618 488//618
f 486//619 491//619 487//619
f 419//620 418//620 487//620
f 491//620 419//620 487//620
f 417//618 489//618 401//618
f 490//621 492//621 485//621
f 492//622 483//622 485//622
f 493//623 491//623 486//623
f 484//624 493//624 486//624
f 492//625 494//625 483//625
f 494//626 482//626 483//626
f 495//627 493//627 484//627
f 481//628 495//628 484//628
f 494//629 496//629 482//629
f 496//630 479//630 482//630
f 497//631 495//631 481//631
f 480//632 497//632 481//632
f 498//633 499//633 489//633
f 499//633 490//633 489//633
f 417//634 498//634 489//634
f 493//635 500//635 491//635
f 500//636 419//636 491//636
f 501//637 498//637 417//637
f 416//63 501//63 417//63
f 500//638 502//638 419//638
f 502//63 415//63 419//63
f 499//639 503//639 490//639
f 503//639 492//639 490//639
f 504//640 500//640 493//640
f 495//641 504//641 493//641
f 496//16 505//16 479//16
f 505//16 506//16 479//16
f 506//16 507//16 479//16
f 507//16 508//16 479//16
f 508//16 509//16 479//16
f 509//16 480//16 479//16
f 509//642 497//642 480//642
f 503//643 510//643 492//643
f 510//643 494//643 492//643
f 511//641 504//641 495//641
f 497//644 511//644 495//644
f 510//645 512//645 494//645
f 512//645 496//645 494//645
f 513//644 511//644 497//644
f 509//646 513//646 497//646
f 512//16 505//16 496//16
f 508//646 513//646 509//646
f 514//647 420//647 422//647
f 467//648 514//648 422//648
f 515//649 465//649 311//649
f 310//650 515//650 311//650
f 466//651 514//651 467//651
f 516//652 469//652 465//652
f 515//653 516//653 465//653
f 468//654 517//654 466//654
f 517//655 514//655 466//655
f 516//656 471//656 469//656
f 470//657 518//657 468//657
f 518//654 517//654 468//654
f 516//656 519//656 471//656
f 519//658 473//658 471//658
f 472//659 518//659 470//659
f 519//660 475//660 473//660
f 474//661 520//661 472//661
f 520//661 518//661 472//661
f 521//662 477//662 475//662
f 519//662 521//662 475//662
f 476//663 522//663 474//663
f 522//664 520//664 474//664
f 521//665 478//665 477//665
f 523//63 522//63 476//63
f 524//63 523//63 476//63
f 478//63 524//63 476//63
f 521//666 524//666 478//666
f 525//667 499//667 498//667
f 501//668 525//668 498//668
f 504//669 526//669 500//669
f 526//670 502//670 500//670
f 525//671 527//671 499//671
f 527//672 528//672 499//672
f 528//672 503//672 499//672
f 529//673 526//673 504//673
f 530//674 529//674 504//674
f 511//675 530//675 504//675
f 528//676 531//676 503//676
f 531//676 510//676 503//676
f 532//675 530//675 511//675
f 513//677 532//677 511//677
f 517//678 533//678 514//678
f 533//679 420//679 514//679
f 534//680 516//680 515//680
f 310//681 534//681 515//681
f 535//682 527//682 525//682
f 501//683 536//683 525//683
f 536//684 537//684 525//684
f 537//685 538//685 525//685
f 538//686 539//686 525//686
f 539//687 535//687 525//687
f 529//688 540//688 526//688
f 540//689 541//689 526//689
f 541//690 542//690 526//690
f 542//691 502//691 526//691
f 518//692 543//692 517//692
f 543//693 533//693 517//693
f 544//694 519//694 516//694
f 545//695 544//695 516//695
f 534//696 545//696 516//696
f 546//697 547//697 501//697
f 547//698 536//698 501//698
f 416//63 546//63 501//63
f 542//699 548//699 502//699
f 548//699 549//699 502//699
f 549//700 550//700 502//700
f 550//701 551//701 502//701
f 551//63 415//63 502//63
f 520//702 552//702 518//702
f 552//703 543//703 518//703
f 553//704 521//704 519//704
f 544//705 553//705 519//705
f 543//693 554//693 533//693
f 554//706 420//706 533//706
f 555//707 545//707 534//707
f 310//708 555//708 534//708
f 556//16 424//16 420//16
f 554//709 556//709 420//709
f 557//710 555//710 310//710
f 424//16 557//16 310//16
f 531//711 558//711 510//711
f 558//711 512//711 510//711
f 559//677 532//677 513//677
f 508//712 559//712 513//712
f 522//713 560//713 520//713
f 560//714 552//714 520//714
f 523//715 524//715 521//715
f 561//716 523//716 521//716
f 553//717 561//717 521//717
f 543//718 562//718 554//718
f 562//719 556//719 554//719
f 563//720 545//720 555//720
f 564//721 563//721 555//721
f 557//722 564//722 555//722
f 523//63 565//63 522//63
f 565//723 560//723 522//723
f 552//724 566//724 543//724
f 566//725 562//725 543//725
f 567//726 544//726 545//726
f 563//727 567//727 545//727
f 558//16 505//16 512//16
f 507//712 559//712 508//712
f 560//728 568//728 552//728
f 568//729 566//729 552//729
f 569//730 553//730 544//730
f 567//730 569//730 544//730
f 570//16 571//16 556//16
f 571//16 424//16 556//16
f 562//731 572//731 556//731
f 572//732 573//732 556//732
f 573//733 574//733 556//733
f 574//734 575//734 556//734
f 575//735 576//735 556//735
f 576//736 570//736 556//736
f 424//16 577//16 557//16
f 577//737 578//737 557//737
f 578//738 579//738 557//738
f 579//738 580//738 557//738
f 580//739 581//739 557//739
f 581//740 564//740 557//740
f 582//741 583//741 562//741
f 566//741 582//741 562//741
f 584//742 585//742 562//742
f 583//743 586//743 562//743
f 586//744 587//744 562//744
f 587//745 584//745 562//745
f 585//746 588//746 562//746
f 588//747 572//747 562//747
f 589//748 563//748 564//748
f 590//748 589//748 564//748
f 581//749 591//749 564//749
f 591//750 592//750 564//750
f 592//751 593//751 564//751
f 593//752 594//752 564//752
f 594//753 590//753 564//753
f 595//754 596//754 535//754
f 596//755 527//755 535//755
f 539//756 597//756 535//756
f 597//757 595//757 535//757
f 530//758 598//758 529//758
f 598//759 599//759 529//759
f 599//760 540//760 529//760
f 561//63 600//63 523//63
f 601//63 565//63 523//63
f 602//63 601//63 523//63
f 603//63 602//63 523//63
f 600//63 603//63 523//63
f 568//761 604//761 566//761
f 605//762 582//762 566//762
f 604//763 605//763 566//763
f 606//764 567//764 563//764
f 607//765 606//765 563//765
f 589//766 607//766 563//766
f 596//767 608//767 527//767
f 608//767 528//767 527//767
f 609//768 610//768 530//768
f 610//769 598//769 530//769
f 532//768 609//768 530//768
f 601//770 560//770 565//770
f 601//771 602//771 560//771
f 602//772 611//772 560//772
f 611//728 568//728 560//728
f 569//773 561//773 553//773
f 608//774 612//774 528//774
f 612//775 613//775 528//775
f 613//776 531//776 528//776
f 614//777 615//777 532//777
f 615//778 609//778 532//778
f 559//779 614//779 532//779
f 616//780 617//780 581//780
f 580//781 616//781 581//781
f 617//782 591//782 581//782
f 546//783 416//783 547//783
f 618//784 536//784 547//784
f 416//785 618//785 547//785
f 619//786 550//786 549//786
f 548//787 619//787 549//787
f 620//788 573//788 572//788
f 588//789 620//789 572//789
f 585//790 620//790 588//790
f 542//791 619//791 548//791
f 620//792 574//792 573//792
f 618//793 537//793 536//793
f 619//794 551//794 550//794
f 611//795 621//795 568//795
f 621//796 622//796 568//796
f 622//797 604//797 568//797
f 623//798 569//798 567//798
f 624//799 623//799 567//799
f 606//800 624//800 567//800
f 617//801 592//801 591//801
f 619//802 415//802 551//802
f 617//803 593//803 592//803
f 579//804 616//804 580//804
f 618//805 538//805 537//805
f 578//806 616//806 579//806
f 625//63 600//63 561//63
f 569//807 625//807 561//807
f 584//808 620//808 585//808
f 541//809 619//809 542//809
f 620//810 575//810 574//810
f 626//811 576//811 575//811
f 620//812 626//812 575//812
f 617//813 594//813 593//813
f 618//814 539//814 538//814
f 577//815 424//815 578//815
f 424//816 616//816 578//816
f 540//817 627//817 541//817
f 627//818 619//818 541//818
f 587//819 628//819 584//819
f 628//820 620//820 584//820
f 626//821 570//821 576//821
f 586//819 628//819 587//819
f 599//822 627//822 540//822
f 629//823 597//823 539//823
f 618//824 629//824 539//824
f 630//825 558//825 531//825
f 631//826 630//826 531//826
f 613//827 631//827 531//827
f 632//828 633//828 559//828
f 633//829 614//829 559//829
f 507//830 632//830 559//830
f 617//831 634//831 594//831
f 634//832 590//832 594//832
f 617//833 635//833 634//833
f 635//834 636//834 634//834
f 637//835 590//835 634//835
f 636//836 637//836 634//836
f 629//837 638//837 597//837
f 638//838 595//838 597//838
f 626//839 571//839 570//839
f 602//840 603//840 611//840
f 603//841 639//841 611//841
f 639//842 621//842 611//842
f 640//843 641//843 569//843
f 641//844 642//844 569//844
f 642//845 625//845 569//845
f 623//846 640//846 569//846
f 643//847 596//847 595//847
f 644//848 643//848 595//848
f 638//849 644//849 595//849
f 610//850 645//850 598//850
f 645//851 646//851 598//851
f 646//852 647//852 598//852
f 647//853 599//853 598//853
f 629//837 644//837 638//837
f 647//817 627//817 599//817
f 646//854 627//854 647//854
f 648//855 628//855 586//855
f 583//856 648//856 586//856
f 649//857 596//857 643//857
f 644//858 650//858 643//858
f 650//859 651//859 643//859
f 651//860 649//860 643//860
f 652//861 653//861 645//861
f 610//862 652//862 645//862
f 653//863 654//863 645//863
f 654//864 646//864 645//864
f 582//865 655//865 583//865
f 655//866 648//866 583//866
f 637//867 589//867 590//867
f 649//868 656//868 596//868
f 656//869 608//869 596//869
f 609//870 652//870 610//870
f 657//871 628//871 648//871
f 655//872 657//872 648//872
f 582//873 658//873 655//873
f 658//874 659//874 655//874
f 659//875 657//875 655//875
f 660//876 589//876 637//876
f 661//877 660//877 637//877
f 636//878 662//878 637//878
f 662//879 663//879 637//879
f 663//880 661//880 637//880
f 635//881 662//881 636//881
f 629//882 664//882 644//882
f 664//883 650//883 644//883
f 642//63 600//63 625//63
f 635//884 663//884 662//884
f 605//885 665//885 582//885
f 665//886 658//886 582//886
f 660//887 607//887 589//887
f 656//888 612//888 608//888
f 615//889 652//889 609//889
f 666//890 665//890 605//890
f 604//891 666//891 605//891
f 660//892 667//892 607//892
f 667//893 606//893 607//893
f 668//16 505//16 558//16
f 630//825 668//825 558//825
f 506//830 632//830 507//830
f 669//894 628//894 657//894
f 659//895 669//895 657//895
f 670//896 627//896 646//896
f 654//897 670//897 646//897
f 671//898 613//898 612//898
f 656//899 671//899 612//899
f 614//900 672//900 615//900
f 672//901 652//901 615//901
f 673//902 670//902 654//902
f 653//903 673//903 654//903
f 674//904 669//904 659//904
f 658//905 674//905 659//905
f 664//906 651//906 650//906
f 635//907 675//907 663//907
f 675//908 661//908 663//908
f 635//909 676//909 675//909
f 676//910 677//910 675//910
f 678//911 661//911 675//911
f 677//912 678//912 675//912
f 671//913 631//913 613//913
f 633//914 672//914 614//914
f 622//915 666//915 604//915
f 667//916 624//916 606//916
f 664//917 679//917 651//917
f 679//918 680//918 651//918
f 680//919 649//919 651//919
f 665//920 681//920 658//920
f 681//921 674//921 658//921
f 678//922 660//922 661//922
f 680//923 656//923 649//923
f 652//924 682//924 653//924
f 682//925 673//925 653//925
f 621//926 683//926 622//926
f 683//927 666//927 622//927
f 684//928 623//928 624//928
f 667//929 684//929 624//929
f 685//930 656//930 680//930
f 686//931 685//931 680//931
f 679//932 686//932 680//932
f 652//933 687//933 682//933
f 687//934 673//934 682//934
f 665//935 688//935 681//935
f 689//936 660//936 678//936
f 690//937 689//937 678//937
f 688//938 674//938 681//938
f 677//939 690//939 678//939
f 691//940 669//940 674//940
f 688//941 691//941 674//941
f 692//942 670//942 673//942
f 687//943 692//943 673//943
f 666//944 693//944 665//944
f 693//945 694//945 665//945
f 694//946 688//946 665//946
f 695//947 667//947 660//947
f 689//948 695//948 660//948
f 696//949 671//949 656//949
f 685//950 696//950 656//950
f 697//951 698//951 652//951
f 698//952 687//952 652//952
f 672//953 697//953 652//953
f 600//63 699//63 603//63
f 699//954 639//954 603//954
f 641//63 700//63 642//63
f 700//63 600//63 642//63
f 701//955 630//955 631//955
f 671//956 701//956 631//956
f 702//957 672//957 633//957
f 632//958 702//958 633//958
f 676//959 703//959 677//959
f 703//960 690//960 677//960
f 664//961 704//961 679//961
f 704//962 686//962 679//962
f 705//963 668//963 630//963
f 701//964 705//964 630//964
f 506//965 702//965 632//965
f 639//966 706//966 621//966
f 706//967 683//967 621//967
f 684//968 640//968 623//968
f 694//969 707//969 688//969
f 707//970 691//970 688//970
f 703//937 689//937 690//937
f 704//971 685//971 686//971
f 708//972 692//972 687//972
f 698//973 708//973 687//973
f 683//974 693//974 666//974
f 695//975 684//975 667//975
f 696//976 701//976 671//976
f 702//977 697//977 672//977
f 664//978 709//978 704//978
f 709//979 710//979 704//979
f 710//980 685//980 704//980
f 708//981 711//981 692//981
f 711//982 670//982 692//982
f 707//983 712//983 691//983
f 712//984 669//984 691//984
f 676//985 713//985 703//985
f 713//986 714//986 703//986
f 714//987 689//987 703//987
f 709//979 715//979 710//979
f 715//988 685//988 710//988
f 716//989 712//989 707//989
f 694//990 716//990 707//990
f 717//991 711//991 708//991
f 698//992 717//992 708//992
f 699//993 718//993 639//993
f 718//994 706//994 639//994
f 719//995 641//995 640//995
f 720//996 719//996 640//996
f 684//997 720//997 640//997
f 713//986 721//986 714//986
f 721//998 689//998 714//998
f 722//999 716//999 694//999
f 693//1000 722//1000 694//1000
f 721//1001 723//1001 689//1001
f 723//1002 695//1002 689//1002
f 715//1003 724//1003 685//1003
f 724//1004 696//1004 685//1004
f 725//1005 717//1005 698//1005
f 697//1006 725//1006 698//1006
f 709//1007 724//1007 715//1007
f 713//1008 723//1008 721//1008
f 722//1009 712//1009 716//1009
f 725//1010 711//1010 717//1010
f 726//16 505//16 668//16
f 705//1011 726//1011 668//1011
f 505//1012 727//1012 506//1012
f 727//1013 702//1013 506//1013
f 600//1014 718//1014 699//1014
f 719//1015 700//1015 641//1015
f 728//1016 711//1016 725//1016
f 729//1017 728//1017 725//1017
f 697//1018 729//1018 725//1018
f 730//1019 712//1019 722//1019
f 693//1020 731//1020 722//1020
f 731//1021 730//1021 722//1021
f 713//1022 732//1022 723//1022
f 732//1023 733//1023 723//1023
f 733//1024 695//1024 723//1024
f 709//1025 734//1025 724//1025
f 734//1026 735//1026 724//1026
f 735//1027 696//1027 724//1027
f 706//1028 736//1028 683//1028
f 736//1029 737//1029 683//1029
f 737//1030 738//1030 683//1030
f 738//1031 693//1031 683//1031
f 739//1032 720//1032 684//1032
f 695//1033 740//1033 684//1033
f 740//1034 741//1034 684//1034
f 741//1035 742//1035 684//1035
f 742//1036 739//1036 684//1036
f 743//1037 705//1037 701//1037
f 744//1038 745//1038 701//1038
f 745//1039 746//1039 701//1039
f 746//1040 743//1040 701//1040
f 747//1041 744//1041 701//1041
f 696//1042 747//1042 701//1042
f 748//1043 749//1043 702//1043
f 727//1044 750//1044 702//1044
f 750//1045 748//1045 702//1045
f 751//1046 697//1046 702//1046
f 749//1047 751//1047 702//1047
f 738//1048 752//1048 693//1048
f 752//1049 731//1049 693//1049
f 733//1050 753//1050 695//1050
f 753//1051 754//1051 695//1051
f 754//1052 740//1052 695//1052
f 735//1053 755//1053 696//1053
f 755//1054 756//1054 696//1054
f 756//1055 747//1055 696//1055
f 757//1056 729//1056 697//1056
f 751//1057 757//1057 697//1057
f 713//1058 758//1058 732//1058
f 758//1059 733//1059 732//1059
f 709//1060 759//1060 734//1060
f 759//1061 735//1061 734//1061
f 760//1062 711//1062 728//1062
f 729//1063 760//1063 728//1063
f 761//1019 712//1019 730//1019
f 731//1064 761//1064 730//1064
f 709//1065 762//1065 759//1065
f 762//1066 735//1066 759//1066
f 713//1067 763//1067 758//1067
f 763//1068 733//1068 758//1068
f 505//1069 750//1069 727//1069
f 600//1070 706//1070 718//1070
f 720//1071 764//1071 719//1071
f 764//1072 700//1072 719//1072
f 743//1073 765//1073 705//1073
f 765//1074 726//1074 705//1074
f 766//1075 767//1075 729//1075
f 767//1076 760//1076 729//1076
f 768//1077 766//1077 729//1077
f 757//1078 768//1078 729//1078
f 762//1079 755//1079 735//1079
f 769//1080 770//1080 731//1080
f 770//1081 761//1081 731//1081
f 752//1082 771//1082 731//1082
f 771//1083 769//1083 731//1083
f 763//1084 753//1084 733//1084
f 770//1085 712//1085 761//1085
f 767//1086 711//1086 760//1086
f 772//1087 712//1087 770//1087
f 769//1088 772//1088 770//1088
f 773//1089 711//1089 767//1089
f 766//1090 773//1090 767//1090
f 713//1091 774//1091 763//1091
f 774//1092 753//1092 763//1092
f 709//1093 775//1093 762//1093
f 775//1094 755//1094 762//1094
f 737//1095 776//1095 738//1095
f 776//1096 777//1096 738//1096
f 777//1097 778//1097 738//1097
f 778//1098 752//1098 738//1098
f 754//1099 779//1099 740//1099
f 779//1100 741//1100 740//1100
f 780//1101 781//1101 747//1101
f 781//1102 744//1102 747//1102
f 756//1103 782//1103 747//1103
f 782//1104 780//1104 747//1104
f 783//1105 784//1105 751//1105
f 784//1106 785//1106 751//1106
f 785//1107 757//1107 751//1107
f 749//1108 783//1108 751//1108
f 786//1109 748//1109 750//1109
f 505//1110 786//1110 750//1110
f 787//1111 736//1111 706//1111
f 600//1112 787//1112 706//1112
f 746//1113 765//1113 743//1113
f 739//1114 764//1114 720//1114
f 788//1115 772//1115 769//1115
f 771//1116 788//1116 769//1116
f 789//1117 773//1117 766//1117
f 768//1118 789//1118 766//1118
f 787//1111 737//1111 736//1111
f 742//1119 764//1119 739//1119
f 786//1120 749//1120 748//1120
f 709//1121 790//1121 775//1121
f 790//1122 791//1122 775//1122
f 791//1123 792//1123 775//1123
f 792//1124 755//1124 775//1124
f 745//1125 765//1125 746//1125
f 713//1126 793//1126 774//1126
f 793//1127 794//1127 774//1127
f 795//1128 753//1128 774//1128
f 794//1129 795//1129 774//1129
f 796//1130 772//1130 788//1130
f 797//1131 796//1131 788//1131
f 771//1132 797//1132 788//1132
f 793//1133 798//1133 794//1133
f 798//1134 795//1134 794//1134
f 799//1135 773//1135 789//1135
f 800//1136 799//1136 789//1136
f 768//1137 800//1137 789//1137
f 790//1138 801//1138 791//1138
f 801//1139 792//1139 791//1139
f 802//1140 768//1140 757//1140
f 785//1141 803//1141 757//1141
f 803//1142 802//1142 757//1142
f 804//1143 782//1143 756//1143
f 755//1144 804//1144 756//1144
f 778//1145 805//1145 752//1145
f 805//1146 806//1146 752//1146
f 806//1147 771//1147 752//1147
f 753//1148 807//1148 754//1148
f 807//1149 808//1149 754//1149
f 808//1150 779//1150 754//1150
f 809//1151 618//1151 416//1151
f 810//1152 809//1152 416//1152
f 415//1153 810//1153 416//1153
f 619//1154 811//1154 415//1154
f 811//1153 810//1153 415//1153
f 812//1155 809//1155 810//1155
f 813//1155 812//1155 810//1155
f 424//1153 813//1153 810//1153
f 811//1153 424//1153 810//1153
f 814//1156 815//1156 811//1156
f 619//1157 814//1157 811//1157
f 815//1153 424//1153 811//1153
f 816//1158 812//1158 813//1158
f 817//1158 816//1158 813//1158
f 424//1153 817//1153 813//1153
f 818//1159 819//1159 815//1159
f 814//1156 818//1156 815//1156
f 819//1153 424//1153 815//1153
f 820//1160 821//1160 822//1160
f 821//1161 823//1161 822//1161
f 824//1162 820//1162 822//1162
f 823//1153 825//1153 822//1153
f 825//1153 824//1153 822//1153
f 826//1163 827//1163 828//1163
f 829//1164 826//1164 828//1164
f 830//1165 831//1165 828//1165
f 827//1166 830//1166 828//1166
f 831//1153 832//1153 828//1153
f 832//1153 829//1153 828//1153
f 821//1167 817//1167 823//1167
f 817//1153 833//1153 823//1153
f 833//1153 825//1153 823//1153
f 834//1168 826//1168 829//1168
f 819//1168 834//1168 829//1168
f 832//1153 819//1153 829//1153
f 821//1167 816//1167 817//1167
f 571//1153 835//1153 817//1153
f 835//1153 833//1153 817//1153
f 424//1153 571//1153 817//1153
f 818//1159 834//1159 819//1159
f 836//1153 424//1153 819//1153
f 837//1153 836//1153 819//1153
f 832//1153 837//1153 819//1153
f 838//1169 837//1169 832//1169
f 831//1170 838//1170 832//1170
f 839//1171 825//1171 833//1171
f 840//1172 839//1172 833//1172
f 835//1172 840//1172 833//1172
f 839//1171 841//1171 825//1171
f 841//1173 824//1173 825//1173
f 842//1174 836//1174 837//1174
f 838//1169 842//1169 837//1169
f 841//1175 843//1175 824//1175
f 843//1176 820//1176 824//1176
f 844//1177 838//1177 831//1177
f 830//1178 844//1178 831//1178
f 626//1179 840//1179 835//1179
f 571//1180 626//1180 835//1180
f 845//1181 424//1181 836//1181
f 842//1174 845//1174 836//1174
f 845//1182 616//1182 424//1182
f 846//1183 821//1183 820//1183
f 843//1184 846//1184 820//1184
f 741//1185 764//1185 742//1185
f 744//1186 765//1186 745//1186
f 847//1187 844//1187 830//1187
f 827//1188 847//1188 830//1188
f 786//1189 783//1189 749//1189
f 787//1190 776//1190 737//1190
f 826//1191 848//1191 827//1191
f 848//1192 847//1192 827//1192
f 841//1193 849//1193 843//1193
f 849//1194 846//1194 843//1194
f 850//1195 821//1195 846//1195
f 849//1196 850//1196 846//1196
f 826//1197 851//1197 848//1197
f 852//1198 847//1198 848//1198
f 851//1199 852//1199 848//1199
f 841//1200 853//1200 849//1200
f 853//1201 850//1201 849//1201
f 793//1202 854//1202 798//1202
f 854//1203 795//1203 798//1203
f 852//1204 844//1204 847//1204
f 855//1205 821//1205 850//1205
f 856//1206 855//1206 850//1206
f 853//1207 856//1207 850//1207
f 857//1208 800//1208 768//1208
f 802//1209 858//1209 768//1209
f 858//1210 857//1210 768//1210
f 792//1211 859//1211 755//1211
f 859//1212 860//1212 755//1212
f 860//1213 804//1213 755//1213
f 806//1214 861//1214 771//1214
f 861//1214 862//1214 771//1214
f 862//1215 797//1215 771//1215
f 863//1216 864//1216 753//1216
f 795//1217 863//1217 753//1217
f 864//1218 807//1218 753//1218
f 790//1219 865//1219 801//1219
f 865//1220 792//1220 801//1220
f 866//1221 844//1221 852//1221
f 851//1222 866//1222 852//1222
f 867//1223 844//1223 866//1223
f 851//1224 868//1224 866//1224
f 868//1225 867//1225 866//1225
f 869//1226 772//1226 796//1226
f 797//1227 869//1227 796//1227
f 870//1228 773//1228 799//1228
f 800//1229 870//1229 799//1229
f 871//1230 869//1230 797//1230
f 872//1231 871//1231 797//1231
f 862//1232 873//1232 797//1232
f 873//1233 872//1233 797//1233
f 854//1234 874//1234 795//1234
f 875//1235 863//1235 795//1235
f 874//1236 875//1236 795//1236
f 876//1229 870//1229 800//1229
f 877//1237 876//1237 800//1237
f 878//1238 877//1238 800//1238
f 857//1239 878//1239 800//1239
f 865//1240 879//1240 792//1240
f 879//1241 880//1241 792//1241
f 880//1242 859//1242 792//1242
f 787//1190 777//1190 776//1190
f 786//1243 784//1243 783//1243
f 781//1244 765//1244 744//1244
f 881//1245 764//1245 741//1245
f 779//1246 881//1246 741//1246
f 882//1247 765//1247 781//1247
f 780//1248 882//1248 781//1248
f 883//1249 884//1249 865//1249
f 790//1250 883//1250 865//1250
f 884//1251 879//1251 865//1251
f 793//1252 885//1252 854//1252
f 885//1253 874//1253 854//1253
f 871//1254 772//1254 869//1254
f 876//1255 773//1255 870//1255
f 787//1256 778//1256 777//1256
f 786//1257 785//1257 784//1257
f 826//1258 868//1258 851//1258
f 841//1259 856//1259 853//1259
f 808//1260 881//1260 779//1260
f 782//1261 882//1261 780//1261
f 886//1262 805//1262 778//1262
f 787//1263 886//1263 778//1263
f 887//1264 803//1264 785//1264
f 786//1265 887//1265 785//1265
f 888//1266 821//1266 855//1266
f 856//1267 888//1267 855//1267
f 804//1268 882//1268 782//1268
f 887//1264 802//1264 803//1264
f 807//1260 881//1260 808//1260
f 886//1262 806//1262 805//1262
f 889//1269 844//1269 867//1269
f 868//1225 889//1225 867//1225
f 890//1270 821//1270 888//1270
f 891//1271 890//1271 888//1271
f 856//1272 891//1272 888//1272
f 845//1153 842//1153 838//1153
f 844//1153 845//1153 838//1153
f 889//1153 845//1153 844//1153
f 892//1273 893//1273 889//1273
f 868//1274 892//1274 889//1274
f 893//1275 894//1275 889//1275
f 894//1153 895//1153 889//1153
f 895//1153 845//1153 889//1153
f 617//1153 616//1153 845//1153
f 885//1153 793//1153 845//1153
f 896//1153 885//1153 845//1153
f 895//1153 896//1153 845//1153
f 676//1153 617//1153 845//1153
f 713//1153 676//1153 845//1153
f 793//1153 713//1153 845//1153
f 897//362 895//362 894//362
f 893//1276 898//1276 894//1276
f 898//1277 899//1277 894//1277
f 899//1278 897//1278 894//1278
f 900//1279 901//1279 895//1279
f 901//1279 896//1279 895//1279
f 897//362 900//362 895//362
f 676//1153 635//1153 617//1153
f 901//1280 902//1280 896//1280
f 902//1280 903//1280 896//1280
f 903//1153 885//1153 896//1153
f 904//1281 885//1281 903//1281
f 902//1282 904//1282 903//1282
f 904//1283 874//1283 885//1283
f 826//1258 892//1258 868//1258
f 841//1284 905//1284 856//1284
f 905//1285 891//1285 856//1285
f 864//1286 881//1286 807//1286
f 860//1287 882//1287 804//1287
f 886//1288 861//1288 806//1288
f 887//1289 858//1289 802//1289
f 883//1290 879//1290 884//1290
f 906//1291 772//1291 871//1291
f 872//1292 906//1292 871//1292
f 907//1293 773//1293 876//1293
f 877//1294 907//1294 876//1294
f 908//1295 890//1295 891//1295
f 909//1296 908//1296 891//1296
f 910//1297 909//1297 891//1297
f 905//1298 910//1298 891//1298
f 911//1299 912//1299 892//1299
f 826//1300 911//1300 892//1300
f 898//1301 893//1301 892//1301
f 912//1302 898//1302 892//1302
f 913//1303 910//1303 905//1303
f 841//1304 913//1304 905//1304
f 914//1305 882//1305 860//1305
f 859//1306 914//1306 860//1306
f 915//1307 881//1307 864//1307
f 863//1308 915//1308 864//1308
f 887//1309 857//1309 858//1309
f 886//1288 862//1288 861//1288
f 887//1310 878//1310 857//1310
f 886//1311 873//1311 862//1311
f 887//1312 916//1312 878//1312
f 916//1313 877//1313 878//1313
f 886//1314 917//1314 873//1314
f 917//1315 872//1315 873//1315
f 918//1316 914//1316 859//1316
f 880//1317 918//1317 859//1317
f 901//1318 915//1318 863//1318
f 875//1319 901//1319 863//1319
f 874//1320 901//1320 875//1320
f 879//1321 918//1321 880//1321
f 917//1322 919//1322 872//1322
f 919//1323 906//1323 872//1323
f 916//1324 920//1324 877//1324
f 920//1325 907//1325 877//1325
f 902//1326 901//1326 874//1326
f 904//1327 902//1327 874//1327
f 883//1328 918//1328 879//1328
f 911//1329 921//1329 912//1329
f 921//1330 898//1330 912//1330
f 913//1331 909//1331 910//1331
f 922//1332 890//1332 908//1332
f 909//1333 922//1333 908//1333
f 790//1334 918//1334 883//1334
f 920//1335 773//1335 907//1335
f 919//1336 772//1336 906//1336
f 923//1337 899//1337 898//1337
f 921//1338 923//1338 898//1338
f 924//1339 925//1339 922//1339
f 925//1340 890//1340 922//1340
f 926//1341 924//1341 922//1341
f 909//1342 926//1342 922//1342
f 911//1343 923//1343 921//1343
f 913//1344 926//1344 909//1344
f 911//1345 927//1345 923//1345
f 927//1346 899//1346 923//1346
f 913//1347 928//1347 926//1347
f 928//1348 924//1348 926//1348
f 928//1349 925//1349 924//1349
f 927//1350 897//1350 899//1350
f 664//1153 790//1153 709//1153
f 773//1153 619//1153 711//1153
f 619//1153 670//1153 711//1153
f 629//1153 618//1153 664//1153
f 618//1153 790//1153 664//1153
f 619//1153 627//1153 670//1153
f 618//1153 918//1153 790//1153
f 920//1153 929//1153 773//1153
f 929//1153 619//1153 773//1153
f 930//1351 914//1351 918//1351
f 931//1352 930//1352 918//1352
f 618//1153 931//1153 918//1153
f 916//1353 929//1353 920//1353
f 932//1354 930//1354 931//1354
f 618//1153 932//1153 931//1153
f 933//1355 934//1355 929//1355
f 916//1356 935//1356 929//1356
f 935//1355 933//1355 929//1355
f 934//1153 814//1153 929//1153
f 814//1153 619//1153 929//1153
f 809//1153 932//1153 618//1153
f 925//363 936//363 932//363
f 936//1354 930//1354 932//1354
f 890//1153 925//1153 932//1153
f 809//1153 890//1153 932//1153
f 933//362 927//362 934//362
f 927//1153 814//1153 934//1153
f 812//1153 890//1153 809//1153
f 927//1153 911//1153 814//1153
f 911//1153 818//1153 814//1153
f 928//363 936//363 925//363
f 933//362 900//362 927//362
f 900//362 897//362 927//362
f 812//1153 821//1153 890//1153
f 826//1153 834//1153 911//1153
f 834//1153 818//1153 911//1153
f 816//1153 821//1153 812//1153
f 840//1153 841//1153 839//1153
f 840//1153 626//1153 841//1153
f 626//1153 913//1153 841//1153
f 626//1153 928//1153 913//1153
f 937//363 938//363 928//363
f 938//363 936//363 928//363
f 626//1153 937//1153 928//1153
f 620//1153 939//1153 626//1153
f 939//1153 937//1153 626//1153
f 939//1357 938//1357 937//1357
f 628//1153 669//1153 620//1153
f 772//1153 939//1153 620//1153
f 712//1153 772//1153 620//1153
f 669//1153 712//1153 620//1153
f 919//1358 917//1358 939//1358
f 917//1359 940//1359 939//1359
f 940//1357 938//1357 939//1357
f 772//1153 919//1153 939//1153
f 765//1153 941//1153 942//1153
f 726//1153 765//1153 942//1153
f 943//16 726//16 942//16
f 941//1360 943//1360 942//1360
f 944//16 505//16 726//16
f 943//16 944//16 726//16
f 945//1153 786//1153 505//1153
f 946//16 945//16 505//16
f 944//16 946//16 505//16
f 947//1153 887//1153 945//1153
f 887//1153 786//1153 945//1153
f 946//16 948//16 945//16
f 948//1361 949//1361 945//1361
f 949//1361 947//1361 945//1361
f 882//1153 941//1153 765//1153
f 882//1153 950//1153 941//1153
f 951//1360 943//1360 941//1360
f 950//1362 951//1362 941//1362
f 952//1153 916//1153 947//1153
f 916//1153 887//1153 947//1153
f 949//1363 953//1363 947//1363
f 953//1363 952//1363 947//1363
f 914//1153 950//1153 882//1153
f 914//1153 954//1153 950//1153
f 955//1362 951//1362 950//1362
f 954//1364 955//1364 950//1364
f 956//1153 935//1153 952//1153
f 935//1153 916//1153 952//1153
f 953//1365 957//1365 952//1365
f 957//1365 956//1365 952//1365
f 930//1153 954//1153 914//1153
f 930//1153 958//1153 954//1153
f 959//1364 955//1364 954//1364
f 958//1366 959//1366 954//1366
f 960//1153 933//1153 956//1153
f 933//1153 935//1153 956//1153
f 957//1367 961//1367 956//1367
f 961//1367 960//1367 956//1367
f 936//1153 958//1153 930//1153
f 962//363 963//363 958//363
f 964//363 962//363 958//363
f 936//1153 964//1153 958//1153
f 963//1366 959//1366 958//1366
f 938//1153 964//1153 936//1153
f 960//1153 900//1153 933//1153
f 961//362 965//362 960//362
f 965//1153 900//1153 960//1153
f 940//1153 964//1153 938//1153
f 965//1153 901//1153 900//1153
f 917//1153 964//1153 940//1153
f 965//1153 915//1153 901//1153
f 966//1153 964//1153 917//1153
f 967//1153 966//1153 917//1153
f 886//1153 967//1153 917//1153
f 965//1153 968//1153 915//1153
f 968//1153 969//1153 915//1153
f 969//1153 881//1153 915//1153
f 787//1153 967//1153 886//1153
f 969//1153 970//1153 881//1153
f 970//1153 764//1153 881//1153
f 600//1153 967//1153 787//1153
f 970//1153 700//1153 764//1153
f 970//1153 967//1153 600//1153
f 700//1153 970//1153 600//1153
f 971//363 962//363 964//363
f 972//363 971//363 964//363
f 966//1153 973//1153 964//1153
f 974//1368 972//1368 964//1368
f 973//1369 974//1369 964//1369
f 961//362 975//362 965//362
f 975//362 976//362 965//362
f 977//1370 968//1370 965//1370
f 976//1371 977//1371 965//1371
f 966//1372 978//1372 973//1372
f 979//1373 974//1373 973//1373
f 978//1374 979//1374 973//1374
f 980//1375 969//1375 968//1375
f 981//1376 980//1376 968//1376
f 977//1377 981//1377 968//1377
f 967//1378 982//1378 966//1378
f 982//1379 983//1379 966//1379
f 983//1380 978//1380 966//1380
f 984//1381 970//1381 969//1381
f 985//1382 984//1382 969//1382
f 980//1383 985//1383 969//1383
f 970//63 986//63 967//63
f 986//63 987//63 967//63
f 987//63 988//63 967//63
f 988//63 989//63 967//63
f 989//63 990//63 967//63
f 990//1384 982//1384 967//1384
f 991//63 992//63 970//63
f 992//63 993//63 970//63
f 993//63 994//63 970//63
f 994//63 995//63 970//63
f 995//63 986//63 970//63
f 984//1385 991//1385 970//1385
f 996//1386 997//1386 998//1386
f 999//1387 996//1387 998//1387
f 1000//1388 999//1388 998//1388
f 997//1389 1000//1389 998//1389
f 1001//1390 996//1390 999//1390
f 1002//1391 1001//1391 999//1391
f 975//1392 1002//1392 999//1392
f 1000//1393 975//1393 999//1393
f 946//1153 944//1153 1003//1153
f 1004//1153 946//1153 1003//1153
f 1005//1394 1004//1394 1003//1394
f 1006//1394 1005//1394 1003//1394
f 944//1395 1007//1395 1003//1395
f 1007//1396 1006//1396 1003//1396
f 1008//1397 946//1397 1004//1397
f 1005//1398 1008//1398 1004//1398
f 1009//1393 944//1393 943//1393
f 951//1393 1009//1393 943//1393
f 1009//1399 1010//1399 944//1399
f 1010//1400 1007//1400 944//1400
f 1011//1401 1012//1401 946//1401
f 1008//1402 1011//1402 946//1402
f 1012//1393 948//1393 946//1393
f 1012//1393 949//1393 948//1393
f 955//1393 1009//1393 951//1393
f 1012//1393 953//1393 949//1393
f 959//1393 1009//1393 955//1393
f 1012//1393 957//1393 953//1393
f 963//1393 1013//1393 959//1393
f 1013//1393 1009//1393 959//1393
f 1012//1393 1014//1393 957//1393
f 1014//1393 961//1393 957//1393
f 1011//1403 1014//1403 1012//1403
f 1015//1404 1016//1404 1014//1404
f 1016//1405 1017//1405 1014//1405
f 1018//1406 1019//1406 1014//1406
f 1017//1407 1018//1407 1014//1407
f 1011//1408 1015//1408 1014//1408
f 1019//1393 961//1393 1014//1393
f 962//1393 1020//1393 963//1393
f 1020//1393 1013//1393 963//1393
f 1019//1393 975//1393 961//1393
f 1020//1409 1021//1409 1013//1409
f 1021//1410 1022//1410 1013//1410
f 1022//1411 1023//1411 1013//1411
f 1023//1412 1024//1412 1013//1412
f 1024//1413 1025//1413 1013//1413
f 1025//1414 1026//1414 1013//1414
f 1026//1415 1010//1415 1013//1415
f 1010//1416 1009//1416 1013//1416
f 1027//1417 1021//1417 1020//1417
f 1028//1418 1027//1418 1020//1418
f 1029//1418 1028//1418 1020//1418
f 1030//1419 1029//1419 1020//1419
f 962//1393 1030//1393 1020//1393
f 1018//1420 1031//1420 1019//1420
f 1031//1421 1032//1421 1019//1421
f 1032//1422 1033//1422 1019//1422
f 1033//1393 975//1393 1019//1393
f 1034//1423 1035//1423 1036//1423
f 1035//1424 1037//1424 1036//1424
f 1037//1425 1034//1425 1036//1425
f 996//1426 1000//1426 997//1426
f 971//16 1038//16 962//16
f 1038//16 1039//16 962//16
f 1039//16 1040//16 962//16
f 1040//16 1034//16 962//16
f 1041//1393 1042//1393 962//1393
f 1034//1393 1037//1393 962//1393
f 1037//1393 1043//1393 962//1393
f 1043//1393 1041//1393 962//1393
f 1042//1392 1030//1392 962//1392
f 1040//1427 1035//1427 1034//1427
f 996//1428 1044//1428 1000//1428
f 1044//16 975//16 1000//16
f 1045//362 976//362 975//362
f 1033//1392 1046//1392 975//1392
f 1046//1392 1002//1392 975//1392
f 1044//16 1047//16 975//16
f 1047//16 1048//16 975//16
f 1048//16 1045//16 975//16
f 1042//1419 1029//1419 1030//1419
f 1032//1429 1049//1429 1033//1429
f 1049//1430 1046//1430 1033//1430
f 1049//1431 1001//1431 1002//1431
f 1046//1432 1049//1432 1002//1432
f 1035//1433 1041//1433 1043//1433
f 1037//1434 1035//1434 1043//1434
f 1050//1435 1042//1435 1041//1435
f 1035//1436 1050//1436 1041//1436
f 1050//1437 1029//1437 1042//1437
f 1027//1438 1022//1438 1021//1438
f 1016//1439 1051//1439 1017//1439
f 1031//1440 1018//1440 1017//1440
f 1051//1441 1031//1441 1017//1441
f 1022//1442 1052//1442 1023//1442
f 1052//1443 1053//1443 1023//1443
f 1054//1412 1024//1412 1023//1412
f 1053//1444 1054//1444 1023//1444
f 1055//1445 1006//1445 1007//1445
f 1056//1446 1055//1446 1007//1446
f 1010//1447 1056//1447 1007//1447
f 1027//1448 1052//1448 1022//1448
f 1057//1449 1015//1449 1011//1449
f 1008//1450 1057//1450 1011//1450
f 1026//1451 1058//1451 1010//1451
f 1058//1452 1056//1452 1010//1452
f 1027//1453 1059//1453 1052//1453
f 1059//1454 1053//1454 1052//1454
f 1060//1455 1015//1455 1057//1455
f 1008//1456 1061//1456 1057//1456
f 1061//1457 1060//1457 1057//1457
f 1062//1458 1016//1458 1015//1458
f 1060//1459 1063//1459 1015//1459
f 1063//1460 1064//1460 1015//1460
f 1064//1461 1062//1461 1015//1461
f 1065//1462 1058//1462 1026//1462
f 1025//1463 1065//1463 1026//1463
f 1051//1464 1066//1464 1031//1464
f 1066//1465 1067//1465 1031//1465
f 1067//1466 1032//1466 1031//1466
f 1068//1446 1055//1446 1056//1446
f 1058//1467 1068//1467 1056//1467
f 1069//1468 1061//1468 1008//1468
f 1005//1398 1069//1398 1008//1398
f 1070//1469 1071//1469 1051//1469
f 1016//1439 1070//1439 1051//1439
f 1071//1470 1066//1470 1051//1470
f 1059//1471 1072//1471 1053//1471
f 1073//1472 1054//1472 1053//1472
f 1072//1472 1073//1472 1053//1472
f 1062//1473 1074//1473 1016//1473
f 1074//1474 1070//1474 1016//1474
f 1074//1475 1075//1475 1070//1475
f 1075//1476 1076//1476 1070//1476
f 1076//1469 1071//1469 1070//1469
f 1069//1477 1077//1477 1061//1477
f 1063//1478 1060//1478 1061//1478
f 1077//1479 1063//1479 1061//1479
f 1054//1480 1078//1480 1024//1480
f 1078//1481 1079//1481 1024//1481
f 1079//1482 1080//1482 1024//1482
f 1080//1483 1081//1483 1024//1483
f 1081//1484 1082//1484 1024//1484
f 1082//1485 1083//1485 1024//1485
f 1083//1486 1084//1486 1024//1486
f 1084//1487 1025//1487 1024//1487
f 1084//1488 1065//1488 1025//1488
f 1040//1489 1050//1489 1035//1489
f 1001//1490 1044//1490 996//1490
f 1085//1491 1078//1491 1054//1491
f 1073//1492 1085//1492 1054//1492
f 1083//1493 1065//1493 1084//1493
f 1086//1494 1005//1494 1006//1494
f 1087//1495 1086//1495 1006//1495
f 1055//1496 1087//1496 1006//1496
f 1086//1497 1069//1497 1005//1497
f 1068//1498 1088//1498 1055//1498
f 1088//1499 1089//1499 1055//1499
f 1089//1500 1087//1500 1055//1500
f 1027//1501 1090//1501 1059//1501
f 1090//1502 1072//1502 1059//1502
f 1071//1503 1067//1503 1066//1503
f 1076//1504 1091//1504 1071//1504
f 1091//1505 1067//1505 1071//1505
f 1090//1506 1092//1506 1072//1506
f 1092//1507 1073//1507 1072//1507
f 1065//1508 1068//1508 1058//1508
f 1093//1509 1077//1509 1069//1509
f 1094//1510 1093//1510 1069//1510
f 1095//1511 1094//1511 1069//1511
f 1086//1512 1095//1512 1069//1512
f 1029//1513 1050//1513 1040//1513
f 1039//1514 1029//1514 1040//1514
f 1049//1515 1047//1515 1044//1515
f 1001//1516 1049//1516 1044//1516
f 1075//1517 1096//1517 1076//1517
f 1096//1518 1097//1518 1076//1518
f 1097//1519 1091//1519 1076//1519
f 1082//1520 1065//1520 1083//1520
f 1091//1505 1098//1505 1067//1505
f 1098//1521 1099//1521 1067//1521
f 1099//1522 1032//1522 1067//1522
f 1077//1479 1100//1479 1063//1479
f 1100//1523 1064//1523 1063//1523
f 1082//1524 1081//1524 1065//1524
f 1081//1525 1101//1525 1065//1525
f 1102//1526 1068//1526 1065//1526
f 1101//1527 1102//1527 1065//1527
f 1097//1528 1098//1528 1091//1528
f 1103//1529 1104//1529 1090//1529
f 1027//1530 1103//1530 1090//1530
f 1104//1531 1105//1531 1090//1531
f 1105//1532 1092//1532 1090//1532
f 1093//1533 1100//1533 1077//1533
f 1106//1507 1073//1507 1092//1507
f 1105//1534 1106//1534 1092//1534
f 1107//1495 1086//1495 1087//1495
f 1089//1495 1107//1495 1087//1495
f 1107//1512 1095//1512 1086//1512
f 1108//1535 1085//1535 1073//1535
f 1106//1536 1108//1536 1073//1536
f 1102//1537 1109//1537 1068//1537
f 1109//1538 1088//1538 1068//1538
f 1093//1539 1110//1539 1100//1539
f 1110//1540 1111//1540 1100//1540
f 1111//1541 1064//1541 1100//1541
f 1098//1542 1112//1542 1099//1542
f 1112//1543 1113//1543 1099//1543
f 1113//1544 1032//1544 1099//1544
f 1103//1545 1114//1545 1104//1545
f 1114//1546 1105//1546 1104//1546
f 1111//1547 1062//1547 1064//1547
f 1115//1539 1110//1539 1093//1539
f 1116//1548 1115//1548 1093//1548
f 1094//1549 1116//1549 1093//1549
f 1117//1550 1074//1550 1062//1550
f 1111//1551 1117//1551 1062//1551
f 1097//1552 1112//1552 1098//1552
f 1114//1553 1106//1553 1105//1553
f 1118//1554 1075//1554 1074//1554
f 1119//1555 1118//1555 1074//1555
f 1117//1556 1119//1556 1074//1556
f 1120//1557 1107//1557 1089//1557
f 1121//1557 1120//1557 1089//1557
f 1088//1558 1121//1558 1089//1558
f 1122//1559 1095//1559 1107//1559
f 1120//1560 1122//1560 1107//1560
f 1123//1561 1102//1561 1101//1561
f 1081//1562 1123//1562 1101//1562
f 1109//1563 1124//1563 1088//1563
f 1124//1564 1121//1564 1088//1564
f 1096//1565 1125//1565 1097//1565
f 1125//1566 1126//1566 1097//1566
f 1126//1567 1112//1567 1097//1567
f 1039//1568 1028//1568 1029//1568
f 1032//1569 1047//1569 1049//1569
f 1080//1570 1123//1570 1081//1570
f 1079//1571 1127//1571 1080//1571
f 1127//1572 1128//1572 1080//1572
f 1128//1573 1123//1573 1080//1573
f 1129//1574 1130//1574 1106//1574
f 1131//1575 1108//1575 1106//1575
f 1130//1576 1131//1576 1106//1576
f 1114//1577 1129//1577 1106//1577
f 1085//1578 1132//1578 1078//1578
f 1132//1579 1133//1579 1078//1579
f 1133//1580 1134//1580 1078//1580
f 1134//1581 1079//1581 1078//1581
f 1134//1582 1127//1582 1079//1582
f 1128//1583 1135//1583 1123//1583
f 1135//1584 1102//1584 1123//1584
f 1112//1585 1136//1585 1113//1585
f 1136//1586 1032//1586 1113//1586
f 1126//1587 1137//1587 1112//1587
f 1137//1588 1136//1588 1112//1588
f 1138//1589 1117//1589 1111//1589
f 1110//1590 1138//1590 1111//1590
f 1139//1591 1140//1591 1103//1591
f 1027//1592 1139//1592 1103//1592
f 1140//1593 1141//1593 1103//1593
f 1141//1594 1114//1594 1103//1594
f 1142//1595 1143//1595 1110//1595
f 1143//1596 1138//1596 1110//1596
f 1115//1597 1142//1597 1110//1597
f 1141//1598 1129//1598 1114//1598
f 1139//1599 1141//1599 1140//1599
f 1122//1600 1144//1600 1095//1600
f 1144//1600 1094//1600 1095//1600
f 1108//1601 1145//1601 1085//1601
f 1145//1602 1132//1602 1085//1602
f 1137//1603 1146//1603 1136//1603
f 1146//1604 1032//1604 1136//1604
f 1143//1605 1117//1605 1138//1605
f 1135//1606 1147//1606 1102//1606
f 1147//1537 1109//1537 1102//1537
f 1148//1607 1119//1607 1117//1607
f 1143//1608 1148//1608 1117//1608
f 1149//1609 1096//1609 1075//1609
f 1118//1609 1149//1609 1075//1609
f 1150//1610 1151//1610 1142//1610
f 1115//1611 1150//1611 1142//1611
f 1151//1612 1152//1612 1142//1612
f 1152//1613 1143//1613 1142//1613
f 1147//1614 1153//1614 1109//1614
f 1153//1563 1124//1563 1109//1563
f 1152//1615 1148//1615 1143//1615
f 1131//1616 1154//1616 1108//1616
f 1154//1617 1145//1617 1108//1617
f 1155//1618 1150//1618 1115//1618
f 1116//1618 1155//1618 1115//1618
f 1144//1619 1156//1619 1094//1619
f 1156//1619 1116//1619 1094//1619
f 1127//1620 1157//1620 1128//1620
f 1157//1621 1135//1621 1128//1621
f 1134//363 1133//363 1127//363
f 1133//363 1158//363 1127//363
f 1158//363 1157//363 1127//363
f 1159//362 1160//362 1151//362
f 1161//362 1162//362 1151//362
f 1160//362 1163//362 1151//362
f 1163//362 1164//362 1151//362
f 1164//362 1152//362 1151//362
f 1162//362 1165//362 1151//362
f 1165//362 1166//362 1151//362
f 1166//362 1159//362 1151//362
f 1150//362 1161//362 1151//362
f 1167//1622 1148//1622 1152//1622
f 1164//1623 1167//1623 1152//1623
f 1126//1624 1168//1624 1137//1624
f 1169//362 1146//362 1137//362
f 1168//362 1169//362 1137//362
f 1139//363 1170//363 1141//363
f 1170//363 1171//363 1141//363
f 1171//363 1129//363 1141//363
f 1172//1625 1032//1625 1146//1625
f 1173//1626 1172//1626 1146//1626
f 1169//362 1173//362 1146//362
f 1027//1627 1170//1627 1139//1627
f 1125//1628 1168//1628 1126//1628
f 1027//1629 1028//1629 1039//1629
f 1038//1630 1027//1630 1039//1630
f 1172//1631 1048//1631 1047//1631
f 1032//1632 1172//1632 1047//1632
f 1125//1633 1169//1633 1168//1633
f 1174//363 1171//363 1170//363
f 1027//1634 1174//1634 1170//1634
f 1175//1635 1172//1635 1173//1635
f 1169//362 1175//362 1173//362
f 1176//1636 1125//1636 1096//1636
f 1149//1636 1176//1636 1096//1636
f 1171//363 1130//363 1129//363
f 1158//363 1177//363 1157//363
f 1177//363 1178//363 1157//363
f 1178//1637 1135//1637 1157//1637
f 1178//1638 1179//1638 1135//1638
f 1179//1639 1180//1639 1135//1639
f 1180//1640 1147//1640 1135//1640
f 1181//1641 1120//1641 1121//1641
f 1182//1641 1181//1641 1121//1641
f 1124//1642 1182//1642 1121//1642
f 1181//1560 1122//1560 1120//1560
f 1180//1643 1183//1643 1147//1643
f 1183//1644 1153//1644 1147//1644
f 1155//362 1161//362 1150//362
f 1177//363 1179//363 1178//363
f 1130//1645 1184//1645 1131//1645
f 1184//1646 1185//1646 1131//1646
f 1185//1616 1154//1616 1131//1616
f 1186//1647 1119//1647 1148//1647
f 1167//1648 1186//1648 1148//1648
f 1187//1649 1118//1649 1119//1649
f 1186//1650 1187//1650 1119//1650
f 1188//1651 1172//1651 1175//1651
f 1189//1652 1188//1652 1175//1652
f 1169//362 1189//362 1175//362
f 1190//1653 1181//1653 1182//1653
f 1191//1653 1190//1653 1182//1653
f 1124//1654 1191//1654 1182//1654
f 1192//1655 1122//1655 1181//1655
f 1190//1655 1192//1655 1181//1655
f 1153//1656 1193//1656 1124//1656
f 1193//1657 1191//1657 1124//1657
f 1156//1658 1194//1658 1116//1658
f 1194//1658 1155//1658 1116//1658
f 1195//1659 1144//1659 1122//1659
f 1192//1660 1195//1660 1122//1660
f 1196//1661 1149//1661 1118//1661
f 1187//1661 1196//1661 1118//1661
f 1197//1662 1133//1662 1132//1662
f 1145//1663 1197//1663 1132//1663
f 1197//1664 1198//1664 1133//1664
f 1199//363 1158//363 1133//363
f 1198//363 1199//363 1133//363
f 1200//1665 1169//1665 1125//1665
f 1176//1666 1200//1666 1125//1666
f 1201//1667 1197//1667 1145//1667
f 1154//1668 1201//1668 1145//1668
f 1183//1669 1202//1669 1153//1669
f 1202//1656 1193//1656 1153//1656
f 1179//1670 1203//1670 1180//1670
f 1203//1671 1204//1671 1180//1671
f 1204//1643 1183//1643 1180//1643
f 1038//1672 1205//1672 1027//1672
f 1205//1673 1174//1673 1027//1673
f 1188//1674 1048//1674 1172//1674
f 1200//362 1206//362 1169//362
f 1206//362 1207//362 1169//362
f 1207//362 1208//362 1169//362
f 1208//362 1209//362 1169//362
f 1209//362 1189//362 1169//362
f 1210//362 1161//362 1155//362
f 1194//362 1210//362 1155//362
f 1211//363 1203//363 1179//363
f 1177//363 1211//363 1179//363
f 1211//363 1212//363 1203//363
f 1212//1675 1204//1675 1203//1675
f 1171//363 1184//363 1130//363
f 1213//1676 1156//1676 1144//1676
f 1195//1677 1213//1677 1144//1677
f 1214//1678 1201//1678 1154//1678
f 1185//1679 1214//1679 1154//1679
f 1176//1680 1215//1680 1200//1680
f 1215//362 1206//362 1200//362
f 1216//1681 1176//1681 1149//1681
f 1196//1681 1216//1681 1149//1681
f 1204//1682 1217//1682 1183//1682
f 1217//1683 1202//1683 1183//1683
f 1218//1684 1167//1684 1164//1684
f 1163//1685 1218//1685 1164//1685
f 1218//1686 1186//1686 1167//1686
f 1219//1687 1198//1687 1197//1687
f 1201//1688 1219//1688 1197//1688
f 1220//1689 1219//1689 1201//1689
f 1214//1690 1220//1690 1201//1690
f 1221//1679 1214//1679 1185//1679
f 1184//1691 1221//1691 1185//1691
f 1222//363 1171//363 1174//363
f 1205//1692 1222//1692 1174//1692
f 1223//1693 1194//1693 1156//1693
f 1213//1694 1223//1694 1156//1694
f 1224//1695 1220//1695 1214//1695
f 1221//1696 1224//1696 1214//1696
f 1225//1697 1215//1697 1176//1697
f 1216//1698 1225//1698 1176//1698
f 1226//1699 1227//1699 1218//1699
f 1227//1700 1186//1700 1218//1700
f 1163//1701 1226//1701 1218//1701
f 1227//1702 1228//1702 1186//1702
f 1228//1702 1229//1702 1186//1702
f 1229//1703 1187//1703 1186//1703
f 1230//1704 1188//1704 1189//1704
f 1209//1705 1230//1705 1189//1705
f 1225//362 1231//362 1215//362
f 1232//362 1206//362 1215//362
f 1231//362 1232//362 1215//362
f 1212//1675 1233//1675 1204//1675
f 1233//1706 1234//1706 1204//1706
f 1234//1682 1217//1682 1204//1682
f 1223//362 1210//362 1194//362
f 1235//1707 1236//1707 1198//1707
f 1219//1708 1235//1708 1198//1708
f 1236//363 1237//363 1198//363
f 1238//363 1199//363 1198//363
f 1237//363 1238//363 1198//363
f 1239//1709 1205//1709 1038//1709
f 971//1710 1239//1710 1038//1710
f 1230//1711 1045//1711 1048//1711
f 1188//1712 1230//1712 1048//1712
f 1220//1689 1235//1689 1219//1689
f 1211//363 1233//363 1212//363
f 1239//1713 1222//1713 1205//1713
f 1240//1714 1224//1714 1221//1714
f 1241//1715 1240//1715 1221//1715
f 1184//1691 1241//1691 1221//1691
f 1242//1716 1190//1716 1191//1716
f 1243//1716 1242//1716 1191//1716
f 1193//1717 1243//1717 1191//1717
f 1242//1718 1192//1718 1190//1718
f 1202//1719 1244//1719 1193//1719
f 1244//1720 1245//1720 1193//1720
f 1245//1717 1243//1717 1193//1717
f 1229//1721 1246//1721 1187//1721
f 1246//1722 1196//1722 1187//1722
f 1171//363 1241//363 1184//363
f 1247//1723 1195//1723 1192//1723
f 1248//1724 1247//1724 1192//1724
f 1242//1718 1248//1718 1192//1718
f 1211//363 1249//363 1233//363
f 1249//1725 1234//1725 1233//1725
f 1217//1726 1250//1726 1202//1726
f 1250//1719 1244//1719 1202//1719
f 1251//1716 1242//1716 1243//1716
f 1245//1716 1251//1716 1243//1716
f 1251//1727 1248//1727 1242//1727
f 1252//1728 1236//1728 1235//1728
f 1220//1729 1252//1729 1235//1729
f 1253//1730 1254//1730 1220//1730
f 1254//1729 1252//1729 1220//1729
f 1224//1731 1253//1731 1220//1731
f 1171//363 1255//363 1241//363
f 1255//1715 1240//1715 1241//1715
f 986//1732 1256//1732 1257//1732
f 987//1733 986//1733 1257//1733
f 995//1732 1256//1732 986//1732
f 1246//1734 1260//1734 1196//1734
f 1260//1735 1216//1735 1196//1735
f 1261//1736 1213//1736 1195//1736
f 1247//1736 1261//1736 1195//1736
f 1262//1737 1263//1737 1224//1737
f 1263//1738 1253//1738 1224//1738
f 1240//1737 1262//1737 1224//1737
f 1208//1739 1230//1739 1209//1739
f 1264//363 1171//363 1222//363
f 1239//1740 1264//1740 1222//1740
f 971//1741 1267//1741 1239//1741
f 1267//1742 1268//1742 1239//1742
f 1268//1743 1264//1743 1239//1743
f 1208//1744 1207//1744 1230//1744
f 1207//1745 1045//1745 1230//1745
f 1269//1746 1262//1746 1240//1746
f 1255//1747 1269//1747 1240//1747
f 1268//363 1171//363 1264//363
f 1234//1748 1270//1748 1217//1748
f 1270//1749 1271//1749 1217//1749
f 1271//1726 1250//1726 1217//1726
f 1216//1750 1272//1750 1225//1750
f 1272//362 1231//362 1225//362
f 1171//1747 1269//1747 1255//1747
f 1275//1751 1223//1751 1213//1751
f 1261//1751 1275//1751 1213//1751
f 1260//1752 1272//1752 1216//1752
f 1260//1753 1276//1753 1272//1753
f 1277//362 1231//362 1272//362
f 1278//362 1279//362 1272//362
f 1279//362 1280//362 1272//362
f 1280//362 1277//362 1272//362
f 1281//362 1278//362 1272//362
f 1276//362 1281//362 1272//362
f 1249//1754 1270//1754 1234//1754
f 1275//362 1210//362 1223//362
f 1211//363 1288//363 1249//363
f 1288//1755 1270//1755 1249//1755
f 1289//1756 1290//1756 1252//1756
f 1254//1756 1289//1756 1252//1756
f 1291//16 1236//16 1252//16
f 1290//16 1291//16 1252//16
f 1291//363 1292//363 1236//363
f 1292//363 1237//363 1236//363
f 1293//1757 1289//1757 1254//1757
f 1253//1757 1293//1757 1254//1757
f 1294//1758 1293//1758 1253//1758
f 1263//1758 1294//1758 1253//1758
f 1295//1759 1294//1759 1263//1759
f 1262//1759 1295//1759 1263//1759
f 1296//1760 1295//1760 1262//1760
f 1269//1761 1296//1761 1262//1761
f 1297//1762 1296//1762 1269//1762
f 1171//1762 1297//1762 1269//1762
f 1268//363 1297//363 1171//363
f 1160//1763 1226//1763 1163//1763
f 1298//1764 1227//1764 1226//1764
f 1299//1765 1298//1765 1226//1765
f 1160//1763 1299//1763 1226//1763
f 1298//1766 1228//1766 1227//1766
f 1298//1766 1300//1766 1228//1766
f 1300//1766 1229//1766 1228//1766
f 1300//1767 1301//1767 1229//1767
f 1301//1767 1246//1767 1229//1767
f 1304//63 1303//63 1283//63
f 1302//63 1304//63 1283//63
f 1267//363 1297//363 1268//363
f 1308//1768 1251//1768 1245//1768
f 1309//1768 1308//1768 1245//1768
f 1244//1769 1309//1769 1245//1769
f 1310//1770 1248//1770 1251//1770
f 1308//1771 1310//1771 1251//1771
f 1250//1772 1311//1772 1244//1772
f 1311//1773 1309//1773 1244//1773
f 1287//1774 1312//1774 1284//1774
f 1312//1774 1302//1774 1284//1774
f 1313//63 1304//63 1302//63
f 1312//63 1313//63 1302//63
f 1314//63 1312//63 1306//63
f 1312//1775 1287//1775 1306//1775
f 1315//1776 1247//1776 1248//1776
f 1310//1777 1315//1777 1248//1777
f 1288//1778 1316//1778 1270//1778
f 1316//1779 1271//1779 1270//1779
f 1301//1780 1260//1780 1246//1780
f 1211//363 1317//363 1288//363
f 1317//1781 1316//1781 1288//1781
f 971//363 972//363 1267//363
f 972//363 1318//363 1267//363
f 1318//363 1319//363 1267//363
f 1320//363 1297//363 1267//363
f 1319//363 1320//363 1267//363
f 1206//362 1045//362 1207//362
f 1206//362 976//362 1045//362
f 1321//63 1322//63 1312//63
f 1323//63 1321//63 1312//63
f 1314//63 1323//63 1312//63
f 1324//63 1313//63 1312//63
f 1322//63 1324//63 1312//63
f 1271//1782 1325//1782 1250//1782
f 1325//1783 1311//1783 1250//1783
f 1326//1784 1261//1784 1247//1784
f 1315//1785 1326//1785 1247//1785
f 1159//1786 1299//1786 1160//1786
f 1327//1787 1328//1787 1299//1787
f 1328//1788 1298//1788 1299//1788
f 1159//1786 1327//1786 1299//1786
f 1328//1789 1329//1789 1298//1789
f 1329//1790 1300//1790 1298//1790
f 1301//1780 1330//1780 1260//1780
f 1330//1791 1276//1791 1260//1791
f 1330//362 1281//362 1276//362
f 1331//1782 1325//1782 1271//1782
f 1316//1792 1332//1792 1271//1792
f 1332//1793 1331//1793 1271//1793
f 1329//1794 1333//1794 1300//1794
f 1333//1795 1334//1795 1300//1795
f 1334//1795 1301//1795 1300//1795
f 1335//1796 1275//1796 1261//1796
f 1326//1796 1335//1796 1261//1796
f 1281//1797 1330//1797 1301//1797
f 1334//1798 1336//1798 1301//1798
f 1336//1799 1281//1799 1301//1799
f 1317//1800 1332//1800 1316//1800
f 1335//362 1337//362 1275//362
f 1337//362 1210//362 1275//362
f 1211//363 1338//363 1317//363
f 1338//1801 1332//1801 1317//1801
f 1339//1802 1308//1802 1309//1802
f 1340//1802 1339//1802 1309//1802
f 1311//1803 1340//1803 1309//1803
f 1339//1804 1310//1804 1308//1804
f 1341//16 1342//16 1159//16
f 1342//16 1327//16 1159//16
f 1166//362 1343//362 1159//362
f 1343//362 1341//362 1159//362
f 1342//1805 1328//1805 1327//1805
f 1342//1805 1344//1805 1328//1805
f 1344//1806 1329//1806 1328//1806
f 1344//1806 1345//1806 1329//1806
f 1345//1806 1333//1806 1329//1806
f 1345//1807 1346//1807 1333//1807
f 1346//1808 1334//1808 1333//1808
f 1346//1808 1347//1808 1334//1808
f 1347//1809 1336//1809 1334//1809
f 1347//1809 1348//1809 1336//1809
f 1348//1810 1281//1810 1336//1810
f 1348//1810 1349//1810 1281//1810
f 1349//362 1278//362 1281//362
f 1338//1811 1350//1811 1332//1811
f 1350//1812 1331//1812 1332//1812
f 1351//1813 1339//1813 1340//1813
f 1352//1813 1351//1813 1340//1813
f 1311//1814 1352//1814 1340//1814
f 1351//1815 1310//1815 1339//1815
f 1325//1816 1353//1816 1311//1816
f 1353//1817 1352//1817 1311//1817
f 1354//1818 1315//1818 1310//1818
f 1355//1818 1354//1818 1310//1818
f 1351//1819 1355//1819 1310//1819
f 1356//1820 1353//1820 1325//1820
f 1331//1821 1356//1821 1325//1821
f 1357//363 1358//363 1338//363
f 1211//363 1357//363 1338//363
f 1358//1822 1350//1822 1338//1822
f 1359//1823 1326//1823 1315//1823
f 1354//1824 1359//1824 1315//1824
f 1360//1821 1356//1821 1331//1821
f 1350//1825 1360//1825 1331//1825
f 1361//1826 1335//1826 1326//1826
f 1359//1826 1361//1826 1326//1826
f 1362//1827 1363//1827 1350//1827
f 1358//1828 1362//1828 1350//1828
f 1363//1825 1360//1825 1350//1825
f 1361//362 1337//362 1335//362
f 1357//363 1362//363 1358//363
f 1364//1829 1351//1829 1352//1829
f 1365//1830 1364//1830 1352//1830
f 1353//1831 1365//1831 1352//1831
f 1364//1832 1355//1832 1351//1832
f 1366//1833 1364//1833 1365//1833
f 1367//1833 1366//1833 1365//1833
f 1353//1834 1367//1834 1365//1834
f 1368//1835 1355//1835 1364//1835
f 1366//1835 1368//1835 1364//1835
f 1369//1836 1367//1836 1353//1836
f 1356//1837 1369//1837 1353//1837
f 1370//1838 1354//1838 1355//1838
f 1368//1839 1370//1839 1355//1839
f 1371//1837 1369//1837 1356//1837
f 1360//1840 1371//1840 1356//1840
f 1372//1841 1359//1841 1354//1841
f 1370//1842 1372//1842 1354//1842
f 1357//363 1373//363 1362//363
f 1373//1843 1363//1843 1362//1843
f 1374//1844 1371//1844 1360//1844
f 1363//1845 1374//1845 1360//1845
f 1375//1846 1361//1846 1359//1846
f 1372//1846 1375//1846 1359//1846
f 1376//1847 1377//1847 1363//1847
f 1373//1848 1376//1848 1363//1848
f 1377//1845 1374//1845 1363//1845
f 1375//362 1337//362 1361//362
f 1357//363 1376//363 1373//363
f 1161//1849 1211//1849 1177//1849
f 1162//1393 1161//1393 1177//1393
f 1158//1393 1162//1393 1177//1393
f 1210//1849 1211//1849 1161//1849
f 1165//1850 1162//1850 1158//1850
f 1199//1850 1165//1850 1158//1850
f 1210//1851 1357//1851 1211//1851
f 1337//1851 1357//1851 1210//1851
f 1166//1852 1165//1852 1199//1852
f 1238//1852 1166//1852 1199//1852
f 1378//1853 1366//1853 1367//1853
f 1379//1853 1378//1853 1367//1853
f 1369//1854 1379//1854 1367//1854
f 1378//1855 1368//1855 1366//1855
f 1380//1856 1381//1856 1369//1856
f 1381//1856 1379//1856 1369//1856
f 1371//1857 1380//1857 1369//1857
f 1382//1858 1370//1858 1368//1858
f 1383//1858 1382//1858 1368//1858
f 1378//1859 1383//1859 1368//1859
f 1384//1857 1380//1857 1371//1857
f 1374//1860 1384//1860 1371//1860
f 1385//1861 1372//1861 1370//1861
f 1382//1862 1385//1862 1370//1862
f 1386//1863 1384//1863 1374//1863
f 1377//1864 1386//1864 1374//1864
f 1387//1865 1375//1865 1372//1865
f 1385//1866 1387//1866 1372//1866
f 1388//1867 1389//1867 1377//1867
f 1376//1868 1388//1868 1377//1868
f 1389//1864 1386//1864 1377//1864
f 1390//362 1337//362 1375//362
f 1387//362 1390//362 1375//362
f 1357//363 1391//363 1376//363
f 1391//363 1388//363 1376//363
f 1391//363 1392//363 1388//363
f 1392//1869 1389//1869 1388//1869
f 1337//1870 1391//1870 1357//1870
f 1390//1870 1391//1870 1337//1870
f 1343//1871 1166//1871 1238//1871
f 1237//1871 1343//1871 1238//1871
f 1393//1872 1378//1872 1379//1872
f 1381//1872 1393//1872 1379//1872
f 1393//1859 1383//1859 1378//1859
f 1394//1873 1393//1873 1381//1873
f 1395//1873 1394//1873 1381//1873
f 1396//362 1341//362 1343//362
f 1237//1874 1396//1874 1343//1874
f 1397//363 1398//363 1391//363
f 1398//363 1392//363 1391//363
f 1292//1874 1396//1874 1237//1874
f 1387//362 1399//362 1390//362
f 1399//362 1400//362 1390//362
f 1400//1875 1397//1875 1390//1875
f 1397//1875 1391//1875 1390//1875
f 1385//1876 1399//1876 1387//1876
f 1382//1877 1401//1877 1385//1877
f 1401//1878 1399//1878 1385//1878
f 1383//1879 1402//1879 1382//1879
f 1402//1880 1401//1880 1382//1880
f 1380//1881 1395//1881 1381//1881
f 1403//1882 1395//1882 1380//1882
f 1384//1883 1403//1883 1380//1883
f 1404//1883 1403//1883 1384//1883
f 1386//1884 1404//1884 1384//1884
f 1392//1869 1398//1869 1389//1869
f 1398//1885 1405//1885 1389//1885
f 1406//1886 1386//1886 1389//1886
f 1405//1886 1406//1886 1389//1886
f 1393//1887 1407//1887 1383//1887
f 1407//1879 1402//1879 1383//1879
f 1406//1888 1404//1888 1386//1888
f 1394//1887 1407//1887 1393//1887
f 1397//363 1408//363 1398//363
f 1408//1889 1405//1889 1398//1889
f 1409//1890 1394//1890 1395//1890
f 1410//1890 1409//1890 1395//1890
f 1403//1891 1410//1891 1395//1891
f 1409//1892 1407//1892 1394//1892
f 1411//363 1412//363 1397//363
f 1412//363 1413//363 1397//363
f 1413//363 1408//363 1397//363
f 1414//363 1415//363 1397//363
f 1416//363 1414//363 1397//363
f 1415//363 1417//363 1397//363
f 1417//363 1418//363 1397//363
f 1418//363 1411//363 1397//363
f 1400//1893 1416//1893 1397//1893
f 1419//362 1420//362 1400//362
f 1420//362 1421//362 1400//362
f 1399//362 1422//362 1400//362
f 1422//362 1419//362 1400//362
f 1421//1893 1416//1893 1400//1893
f 1291//363 1423//363 1292//363
f 1424//1894 1396//1894 1292//1894
f 1423//1894 1424//1894 1292//1894
f 1425//362 1341//362 1396//362
f 1424//362 1425//362 1396//362
f 1413//1895 1405//1895 1408//1895
f 1401//1896 1422//1896 1399//1896
f 1426//1897 1406//1897 1405//1897
f 1427//1898 1426//1898 1405//1898
f 1413//1899 1427//1899 1405//1899
f 1428//1896 1422//1896 1401//1896
f 1402//1900 1428//1900 1401//1900
f 1429//1901 1404//1901 1406//1901
f 1426//1902 1429//1902 1406//1902
f 1430//1903 1428//1903 1402//1903
f 1407//1904 1430//1904 1402//1904
f 1431//1905 1403//1905 1404//1905
f 1429//1906 1431//1906 1404//1906
f 1432//1907 1430//1907 1407//1907
f 1409//1908 1432//1908 1407//1908
f 1431//1909 1433//1909 1403//1909
f 1433//1910 1410//1910 1403//1910
f 1434//1911 1409//1911 1410//1911
f 1433//1911 1434//1911 1410//1911
f 1434//1908 1432//1908 1409//1908
f 1435//1912 1427//1912 1413//1912
f 1412//1913 1435//1913 1413//1913
f 1436//363 1437//363 1416//363
f 1437//363 1438//363 1416//363
f 1438//363 1414//363 1416//363
f 1421//1914 1436//1914 1416//1914
f 1420//362 1439//362 1421//362
f 1439//362 1440//362 1421//362
f 1440//362 1441//362 1421//362
f 1441//1914 1436//1914 1421//1914
f 1442//363 1443//363 1423//363
f 1291//363 1442//363 1423//363
f 1444//1915 1424//1915 1423//1915
f 1443//1915 1444//1915 1423//1915
f 1444//362 1425//362 1424//362
f 1435//1916 1426//1916 1427//1916
f 1443//363 1445//363 1436//363
f 1445//363 1446//363 1436//363
f 1446//363 1447//363 1436//363
f 1447//363 1448//363 1436//363
f 1448//363 1437//363 1436//363
f 1441//1153 1443//1153 1436//1153
f 1449//362 1444//362 1441//362
f 1440//362 1450//362 1441//362
f 1450//362 1449//362 1441//362
f 1444//1153 1443//1153 1441//1153
f 1442//363 1451//363 1443//363
f 1451//363 1445//363 1443//363
f 1449//362 1452//362 1444//362
f 1452//362 1425//362 1444//362
f 1411//1917 1453//1917 1412//1917
f 1453//1918 1435//1918 1412//1918
f 1428//1919 1419//1919 1422//1919
f 1454//1920 1426//1920 1435//1920
f 1453//1921 1454//1921 1435//1921
f 1455//1919 1419//1919 1428//1919
f 1430//1922 1455//1922 1428//1922
f 1456//1923 1429//1923 1426//1923
f 1454//1923 1456//1923 1426//1923
f 1457//1922 1455//1922 1430//1922
f 1432//1924 1457//1924 1430//1924
f 1458//1925 1431//1925 1429//1925
f 1456//1926 1458//1926 1429//1926
f 1434//1927 1459//1927 1432//1927
f 1460//1924 1457//1924 1432//1924
f 1459//1928 1460//1928 1432//1928
f 1458//1929 1461//1929 1431//1929
f 1461//1930 1433//1930 1431//1930
f 1459//1931 1434//1931 1433//1931
f 1461//1932 1459//1932 1433//1932
f 1462//1933 1459//1933 1461//1933
f 1463//1933 1462//1933 1461//1933
f 1458//1934 1463//1934 1461//1934
f 1462//1928 1460//1928 1459//1928
f 1411//1935 1464//1935 1453//1935
f 1464//1936 1454//1936 1453//1936
f 1418//1937 1464//1937 1411//1937
f 1417//1937 1464//1937 1418//1937
f 1455//1938 1420//1938 1419//1938
f 1417//1939 1465//1939 1464//1939
f 1466//1940 1454//1940 1464//1940
f 1465//1940 1466//1940 1464//1940
f 1457//1941 1467//1941 1455//1941
f 1467//1938 1420//1938 1455//1938
f 1466//1942 1468//1942 1454//1942
f 1468//1942 1456//1942 1454//1942
f 1460//1943 1469//1943 1457//1943
f 1469//1944 1467//1944 1457//1944
f 1470//1945 1458//1945 1456//1945
f 1468//1945 1470//1945 1456//1945
f 1462//1946 1471//1946 1460//1946
f 1471//1947 1472//1947 1460//1947
f 1472//1943 1469//1943 1460//1943
f 1470//1948 1473//1948 1458//1948
f 1473//1949 1463//1949 1458//1949
f 1471//1950 1462//1950 1463//1950
f 1473//1950 1471//1950 1463//1950
f 1425//1951 1342//1951 1341//1951
f 1474//1952 1344//1952 1342//1952
f 1475//1953 1474//1953 1342//1953
f 1425//1951 1475//1951 1342//1951
f 1474//1954 1345//1954 1344//1954
f 1474//1955 1476//1955 1345//1955
f 1476//1955 1346//1955 1345//1955
f 1476//1956 1347//1956 1346//1956
f 1476//1956 1477//1956 1347//1956
f 1477//1957 1348//1957 1347//1957
f 1477//1958 1478//1958 1348//1958
f 1478//1958 1349//1958 1348//1958
f 1478//362 1479//362 1349//362
f 1479//362 1278//362 1349//362
f 1415//1959 1465//1959 1417//1959
f 1480//1950 1471//1950 1473//1950
f 1481//1950 1480//1950 1473//1950
f 1470//1948 1481//1948 1473//1948
f 1480//1960 1472//1960 1471//1960
f 1482//1961 1479//1961 1478//1961
f 1477//1962 1482//1962 1478//1962
f 1414//1963 1465//1963 1415//1963
f 1467//1964 1439//1964 1420//1964
f 1414//1965 1483//1965 1465//1965
f 1484//1966 1466//1966 1465//1966
f 1483//1966 1484//1966 1465//1966
f 1485//1962 1482//1962 1477//1962
f 1476//1967 1485//1967 1477//1967
f 1486//1968 1303//1968 1487//1968
f 1303//1968 1304//1968 1487//1968
f 1304//1969 1488//1969 1487//1969
f 1488//63 1489//63 1487//63
f 1490//63 1491//63 1487//63
f 1492//63 1490//63 1487//63
f 1489//63 1492//63 1487//63
f 1491//63 1493//63 1487//63
f 1493//63 1494//63 1487//63
f 1494//63 1495//63 1487//63
f 1495//63 1496//63 1487//63
f 1496//63 1497//63 1487//63
f 1497//63 1486//63 1487//63
f 1498//1970 1323//1970 1499//1970
f 1323//1970 1314//1970 1499//1970
f 1314//1971 1500//1971 1499//1971
f 1501//63 1498//63 1499//63
f 1502//63 1503//63 1499//63
f 1504//63 1501//63 1499//63
f 1505//63 1504//63 1499//63
f 1503//63 1505//63 1499//63
f 1506//63 1502//63 1499//63
f 1500//63 1506//63 1499//63
f 1313//1969 1488//1969 1304//1969
f 1305//1971 1500//1971 1314//1971
f 1469//1972 1507//1972 1467//1972
f 1507//1973 1439//1973 1467//1973
f 1497//1974 1508//1974 1486//1974
f 1508//1974 1303//1974 1486//1974
f 1305//1975 1509//1975 1500//1975
f 1509//63 1506//63 1500//63
f 1307//1975 1509//1975 1305//1975
f 1474//1976 1510//1976 1476//1976
f 1511//1967 1485//1967 1476//1967
f 1510//1976 1511//1976 1476//1976
f 1484//1977 1512//1977 1466//1977
f 1512//1978 1468//1978 1466//1978
f 1513//1979 1278//1979 1479//1979
f 1482//1980 1513//1980 1479//1980
f 1485//1981 1513//1981 1482//1981
f 1475//1982 1514//1982 1474//1982
f 1514//1983 1510//1983 1474//1983
f 1515//1984 1475//1984 1425//1984
f 1452//362 1515//362 1425//362
f 1516//1982 1514//1982 1475//1982
f 1515//1984 1516//1984 1475//1984
f 1472//1985 1517//1985 1469//1985
f 1517//1986 1507//1986 1469//1986
f 1512//1987 1518//1987 1468//1987
f 1518//1988 1470//1988 1468//1988
f 1519//363 1319//363 1318//363
f 1520//1989 1519//1989 1318//1989
f 972//1990 1520//1990 1318//1990
f 1232//1991 1521//1991 1206//1991
f 1522//1992 976//1992 1206//1992
f 1521//1993 1522//1993 1206//1993
f 1523//1994 1520//1994 972//1994
f 1524//1995 1523//1995 972//1995
f 974//1996 1524//1996 972//1996
f 1522//1997 977//1997 976//1997
f 979//1998 1524//1998 974//1998
f 1525//1999 981//1999 977//1999
f 1522//2000 1525//2000 977//2000
f 1526//2001 1524//2001 979//2001
f 978//2002 1526//2002 979//2002
f 1525//2003 1527//2003 981//2003
f 1527//2004 980//2004 981//2004
f 983//2005 1526//2005 978//2005
f 1527//2006 985//2006 980//2006
f 982//2007 1528//2007 983//2007
f 1528//2008 1526//2008 983//2008
f 1529//2009 984//2009 985//2009
f 1527//2010 1529//2010 985//2010
f 990//2011 1530//2011 982//2011
f 1530//2011 1528//2011 982//2011
f 1529//2012 991//2012 984//2012
f 1529//2012 1531//2012 991//2012
f 1511//2013 1532//2013 1485//2013
f 1532//2014 1513//2014 1485//2014
f 1533//2015 1517//2015 1472//2015
f 1480//2016 1534//2016 1472//2016
f 1534//2016 1533//2016 1472//2016
f 1313//2017 1489//2017 1488//2017
f 1501//2018 1321//2018 1498//2018
f 1321//2018 1323//2018 1498//2018
f 1324//2017 1489//2017 1313//2017
f 1535//2019 1481//2019 1470//2019
f 1518//2019 1535//2019 1470//2019
f 1534//2020 1480//2020 1481//2020
f 1535//2020 1534//2020 1481//2020
f 1536//2021 1521//2021 1232//2021
f 1231//362 1536//362 1232//362
f 1510//2022 1537//2022 1511//2022
f 1537//2023 1532//2023 1511//2023
f 1496//2024 1538//2024 1497//2024
f 1538//2025 1508//2025 1497//2025
f 1539//2026 1540//2026 1509//2026
f 1307//2027 1539//2027 1509//2027
f 1540//63 1506//63 1509//63
f 1514//2028 1543//2028 1510//2028
f 1543//2029 1537//2029 1510//2029
f 1516//2030 1544//2030 1514//2030
f 1544//2031 1543//2031 1514//2031
f 1544//2032 1516//2032 1515//2032
f 1545//2033 1544//2033 1515//2033
f 1452//362 1545//362 1515//362
f 1546//2034 1291//2034 1290//2034
f 1289//2035 1546//2035 1290//2035
f 1546//2036 1442//2036 1291//2036
f 1547//2035 1546//2035 1289//2035
f 1293//2037 1547//2037 1289//2037
f 1548//2038 1547//2038 1293//2038
f 1294//2039 1548//2039 1293//2039
f 1295//2040 1548//2040 1294//2040
f 1549//2040 1548//2040 1295//2040
f 1296//2041 1549//2041 1295//2041
f 1297//2042 1549//2042 1296//2042
f 1320//2042 1549//2042 1297//2042
f 1438//2043 1483//2043 1414//2043
f 1507//2044 1440//2044 1439//2044
f 1438//2045 1550//2045 1483//2045
f 1551//2046 1484//2046 1483//2046
f 1550//2046 1551//2046 1483//2046
f 1541//2047 1528//2047 1530//2047
f 1552//2048 1542//2048 1531//2048
f 1529//2048 1552//2048 1531//2048
f 1513//2049 1279//2049 1278//2049
f 1553//2050 1526//2050 1528//2050
f 1541//2047 1553//2047 1528//2047
f 1554//2051 1552//2051 1529//2051
f 1527//2052 1554//2052 1529//2052
f 1437//2053 1550//2053 1438//2053
f 1555//2054 1279//2054 1513//2054
f 1532//2055 1555//2055 1513//2055
f 1517//2056 1556//2056 1507//2056
f 1556//2057 1440//2057 1507//2057
f 1557//363 1319//363 1519//363
f 1520//2058 1557//2058 1519//2058
f 1558//2059 1524//2059 1526//2059
f 1553//2060 1558//2060 1526//2060
f 1559//2061 1554//2061 1527//2061
f 1525//2062 1559//2062 1527//2062
f 1560//2063 1549//2063 1320//2063
f 1319//2064 1560//2064 1320//2064
f 1561//2065 1523//2065 1524//2065
f 1562//2065 1561//2065 1524//2065
f 1558//2066 1562//2066 1524//2066
f 1522//2067 1559//2067 1525//2067
f 1563//2068 1520//2068 1523//2068
f 1561//2069 1563//2069 1523//2069
f 1521//2070 1564//2070 1522//2070
f 1564//2067 1559//2067 1522//2067
f 1551//2071 1565//2071 1484//2071
f 1565//2071 1512//2071 1484//2071
f 1566//2072 1521//2072 1536//2072
f 1231//362 1566//362 1536//362
f 1567//2073 1548//2073 1549//2073
f 1560//2074 1567//2074 1549//2074
f 1563//2075 1568//2075 1520//2075
f 1568//2076 1557//2076 1520//2076
f 1566//2077 1569//2077 1521//2077
f 1569//2078 1564//2078 1521//2078
f 1570//2079 1569//2079 1566//2079
f 1231//362 1570//362 1566//362
f 1568//363 1319//363 1557//363
f 1571//2080 1492//2080 1489//2080
f 1324//2081 1571//2081 1489//2081
f 1572//2082 1573//2082 1501//2082
f 1573//2083 1321//2083 1501//2083
f 1504//63 1572//63 1501//63
f 1574//2084 1571//2084 1324//2084
f 1573//2085 1322//2085 1321//2085
f 1575//2086 1547//2086 1548//2086
f 1567//2087 1575//2087 1548//2087
f 1576//2056 1556//2056 1517//2056
f 1533//2088 1576//2088 1517//2088
f 1577//2055 1555//2055 1532//2055
f 1537//2089 1577//2089 1532//2089
f 1555//2090 1280//2090 1279//2090
f 1578//363 1579//363 1319//363
f 1568//363 1580//363 1319//363
f 1580//363 1581//363 1319//363
f 1582//363 1578//363 1319//363
f 1583//363 1582//363 1319//363
f 1581//363 1583//363 1319//363
f 1584//2091 1560//2091 1319//2091
f 1579//2091 1584//2091 1319//2091
f 1585//2092 1546//2092 1547//2092
f 1575//2093 1585//2093 1547//2093
f 1585//2094 1442//2094 1546//2094
f 1586//2020 1534//2020 1535//2020
f 1587//2020 1586//2020 1535//2020
f 1518//2095 1587//2095 1535//2095
f 1586//2016 1533//2016 1534//2016
f 1565//2096 1588//2096 1512//2096
f 1588//2096 1518//2096 1512//2096
f 1589//2097 1576//2097 1533//2097
f 1586//2098 1589//2098 1533//2098
f 1538//2099 1553//2099 1541//2099
f 1552//2100 1590//2100 1542//2100
f 1496//2101 1591//2101 1538//2101
f 1591//2102 1553//2102 1538//2102
f 1590//2103 1540//2103 1539//2103
f 1578//2104 1584//2104 1579//2104
f 1592//2105 1577//2105 1537//2105
f 1543//2106 1592//2106 1537//2106
f 1588//2107 1593//2107 1518//2107
f 1593//2108 1587//2108 1518//2108
f 1594//2109 1595//2109 1496//2109
f 1595//2110 1596//2110 1496//2110
f 1596//2111 1597//2111 1496//2111
f 1597//2112 1598//2112 1496//2112
f 1599//2113 1594//2113 1496//2113
f 1495//2114 1599//2114 1496//2114
f 1598//2115 1591//2115 1496//2115
f 1600//2116 1601//2116 1540//2116
f 1601//2116 1602//2116 1540//2116
f 1602//2117 1603//2117 1540//2117
f 1603//2117 1604//2117 1540//2117
f 1604//2118 1506//2118 1540//2118
f 1590//2119 1600//2119 1540//2119
f 1598//2102 1553//2102 1591//2102
f 1552//2120 1600//2120 1590//2120
f 1605//2121 1586//2121 1587//2121
f 1593//2121 1605//2121 1587//2121
f 1605//2098 1589//2098 1586//2098
f 1597//2122 1553//2122 1598//2122
f 1606//2123 1567//2123 1560//2123
f 1584//2123 1606//2123 1560//2123
f 1607//2124 1580//2124 1563//2124
f 1580//2125 1568//2125 1563//2125
f 1561//2126 1607//2126 1563//2126
f 1570//2127 1608//2127 1569//2127
f 1608//2128 1609//2128 1569//2128
f 1610//2129 1564//2129 1569//2129
f 1609//2130 1610//2130 1569//2130
f 1448//2053 1550//2053 1437//2053
f 1611//2131 1607//2131 1561//2131
f 1562//2132 1611//2132 1561//2132
f 1610//2133 1559//2133 1564//2133
f 1612//2134 1442//2134 1585//2134
f 1575//2135 1612//2135 1585//2135
f 1613//363 1451//363 1442//363
f 1612//2136 1613//2136 1442//2136
f 1556//2137 1450//2137 1440//2137
f 1597//2138 1558//2138 1553//2138
f 1601//2139 1600//2139 1552//2139
f 1602//2140 1601//2140 1552//2140
f 1554//2141 1602//2141 1552//2141
f 1614//2142 1551//2142 1550//2142
f 1615//2143 1614//2143 1550//2143
f 1448//2144 1615//2144 1550//2144
f 1555//2145 1277//2145 1280//2145
f 1544//2146 1616//2146 1543//2146
f 1617//2147 1592//2147 1543//2147
f 1616//2146 1617//2146 1543//2146
f 1545//2148 1616//2148 1544//2148
f 1618//2149 1277//2149 1555//2149
f 1577//2150 1618//2150 1555//2150
f 1619//2151 1575//2151 1567//2151
f 1606//2151 1619//2151 1567//2151
f 1620//2152 1562//2152 1558//2152
f 1596//2153 1620//2153 1558//2153
f 1597//2154 1596//2154 1558//2154
f 1603//2155 1602//2155 1554//2155
f 1559//2156 1621//2156 1554//2156
f 1621//2157 1622//2157 1554//2157
f 1622//2158 1603//2158 1554//2158
f 1623//2137 1450//2137 1556//2137
f 1576//2159 1623//2159 1556//2159
f 1624//2160 1608//2160 1570//2160
f 1231//362 1624//362 1570//362
f 1625//2161 1606//2161 1584//2161
f 1626//2162 1625//2162 1584//2162
f 1578//2163 1626//2163 1584//2163
f 1627//2164 1612//2164 1575//2164
f 1619//2164 1627//2164 1575//2164
f 1627//2165 1613//2165 1612//2165
f 1628//2166 1611//2166 1562//2166
f 1620//2167 1628//2167 1562//2167
f 1610//2168 1609//2168 1559//2168
f 1609//2169 1621//2169 1559//2169
f 1629//2170 1617//2170 1616//2170
f 1545//2171 1629//2171 1616//2171
f 1447//2172 1615//2172 1448//2172
f 1630//2173 1629//2173 1545//2173
f 1452//362 1630//362 1545//362
f 1631//2174 1607//2174 1611//2174
f 1628//2175 1631//2175 1611//2175
f 1614//2176 1632//2176 1551//2176
f 1632//2177 1565//2177 1551//2177
f 1447//2178 1633//2178 1615//2178
f 1633//2179 1614//2179 1615//2179
f 1595//2180 1620//2180 1596//2180
f 1634//2150 1618//2150 1577//2150
f 1592//2181 1634//2181 1577//2181
f 1635//2182 1619//2182 1606//2182
f 1625//2183 1635//2183 1606//2183
f 1636//2184 1623//2184 1576//2184
f 1589//2185 1636//2185 1576//2185
f 1446//2186 1633//2186 1447//2186
f 1582//363 1637//363 1578//363
f 1637//2187 1626//2187 1578//2187
f 1618//2188 1231//2188 1277//2188
f 1623//2189 1449//2189 1450//2189
f 1573//2190 1571//2190 1574//2190
f 1322//2190 1573//2190 1574//2190
f 1638//2191 1583//2191 1607//2191
f 1583//2192 1581//2192 1607//2192
f 1581//2193 1580//2193 1607//2193
f 1631//2194 1638//2194 1607//2194
f 1639//2195 1640//2195 1608//2195
f 1640//2196 1641//2196 1608//2196
f 1641//2197 1642//2197 1608//2197
f 1643//2198 1644//2198 1608//2198
f 1642//2199 1643//2199 1608//2199
f 1644//2200 1645//2200 1608//2200
f 1645//2201 1646//2201 1608//2201
f 1646//2202 1647//2202 1608//2202
f 1624//2203 1639//2203 1608//2203
f 1647//2204 1648//2204 1608//2204
f 1648//2205 1609//2205 1608//2205
f 1446//2206 1649//2206 1633//2206
f 1649//2207 1650//2207 1633//2207
f 1650//2207 1614//2207 1633//2207
f 1651//2208 1652//2208 1231//2208
f 1618//2209 1651//2209 1231//2209
f 1652//2210 1653//2210 1231//2210
f 1653//362 1624//362 1231//362
f 1632//2211 1654//2211 1565//2211
f 1654//2211 1588//2211 1565//2211
f 1655//2212 1627//2212 1619//2212
f 1635//2213 1655//2213 1619//2213
f 1634//2214 1651//2214 1618//2214
f 1656//2215 1613//2215 1627//2215
f 1655//2216 1656//2216 1627//2216
f 1656//363 1451//363 1613//363
f 1657//2190 1571//2190 1573//2190
f 1572//2217 1657//2217 1573//2217
f 1657//2190 1658//2190 1571//2190
f 1658//2218 1492//2218 1571//2218
f 1658//2219 1490//2219 1492//2219
f 1504//2220 1659//2220 1572//2220
f 1659//2221 1657//2221 1572//2221
f 1660//2222 1634//2222 1592//2222
f 1617//2223 1660//2223 1592//2223
f 1605//2224 1661//2224 1589//2224
f 1662//2225 1636//2225 1589//2225
f 1661//2224 1662//2224 1589//2224
f 1594//2226 1620//2226 1595//2226
f 1622//2227 1663//2227 1603//2227
f 1663//2228 1604//2228 1603//2228
f 1636//2229 1664//2229 1623//2229
f 1664//2189 1449//2189 1623//2189
f 1654//2230 1665//2230 1588//2230
f 1665//2231 1666//2231 1588//2231
f 1666//2232 1593//2232 1588//2232
f 1599//2233 1667//2233 1594//2233
f 1667//2234 1620//2234 1594//2234
f 1663//2233 1668//2233 1604//2233
f 1668//2235 1506//2235 1604//2235
f 1661//2236 1605//2236 1593//2236
f 1666//2236 1661//2236 1593//2236
f 1667//2237 1669//2237 1620//2237
f 1669//2238 1628//2238 1620//2238
f 1670//2239 1663//2239 1622//2239
f 1621//2240 1670//2240 1622//2240
f 1671//2241 1660//2241 1617//2241
f 1629//2242 1671//2242 1617//2242
f 1599//2243 1669//2243 1667//2243
f 1672//2244 1671//2244 1629//2244
f 1630//2245 1672//2245 1629//2245
f 1445//2246 1649//2246 1446//2246
f 1599//2243 1673//2243 1669//2243
f 1673//2247 1628//2247 1669//2247
f 1670//2190 1668//2190 1663//2190
f 1637//2248 1674//2248 1626//2248
f 1674//2249 1675//2249 1626//2249
f 1675//2250 1625//2250 1626//2250
f 1451//2246 1649//2246 1445//2246
f 1664//2251 1452//2251 1449//2251
f 1676//2190 1677//2190 1599//2190
f 1677//2190 1673//2190 1599//2190
f 1495//2252 1676//2252 1599//2252
f 1670//2190 1678//2190 1668//2190
f 1678//2253 1506//2253 1668//2253
f 1494//2254 1679//2254 1495//2254
f 1679//2255 1680//2255 1495//2255
f 1680//2256 1676//2256 1495//2256
f 1681//2257 1682//2257 1506//2257
f 1678//2258 1683//2258 1506//2258
f 1683//2259 1684//2259 1506//2259
f 1684//2260 1681//2260 1506//2260
f 1682//63 1502//63 1506//63
f 1650//2261 1685//2261 1614//2261
f 1685//2262 1632//2262 1614//2262
f 1686//2263 1661//2263 1666//2263
f 1665//2263 1686//2263 1666//2263
f 1686//2264 1662//2264 1661//2264
f 1451//2265 1687//2265 1649//2265
f 1687//2266 1688//2266 1649//2266
f 1688//2267 1650//2267 1649//2267
f 1689//2190 1678//2190 1670//2190
f 1621//2268 1689//2268 1670//2268
f 1690//2269 1631//2269 1628//2269
f 1677//2270 1691//2270 1628//2270
f 1691//2271 1690//2271 1628//2271
f 1673//2272 1677//2272 1628//2272
f 1609//2273 1648//2273 1621//2273
f 1692//2274 1689//2274 1621//2274
f 1648//2275 1692//2275 1621//2275
f 1693//2276 1674//2276 1637//2276
f 1582//2277 1693//2277 1637//2277
f 1660//2278 1694//2278 1634//2278
f 1694//2279 1651//2279 1634//2279
f 1695//2280 1696//2280 1638//2280
f 1696//2281 1697//2281 1638//2281
f 1697//2282 1698//2282 1638//2282
f 1698//2283 1583//2283 1638//2283
f 1699//2284 1700//2284 1638//2284
f 1701//2285 1695//2285 1638//2285
f 1702//2286 1701//2286 1638//2286
f 1700//2287 1702//2287 1638//2287
f 1494//2288 1699//2288 1638//2288
f 1690//2289 1494//2289 1638//2289
f 1631//2290 1690//2290 1638//2290
f 1646//2291 1703//2291 1647//2291
f 1703//2292 1682//2292 1647//2292
f 1682//2293 1648//2293 1647//2293
f 1653//362 1639//362 1624//362
f 1651//2294 1653//2294 1652//2294
f 1679//2295 1494//2295 1690//2295
f 1680//2296 1679//2296 1690//2296
f 1691//2297 1704//2297 1690//2297
f 1704//2298 1680//2298 1690//2298
f 1682//2299 1681//2299 1648//2299
f 1681//2300 1684//2300 1648//2300
f 1705//2301 1692//2301 1648//2301
f 1684//2302 1705//2302 1648//2302
f 1694//2303 1706//2303 1651//2303
f 1706//2304 1653//2304 1651//2304
f 1653//2305 1707//2305 1639//2305
f 1707//2306 1640//2306 1639//2306
f 1656//2307 1687//2307 1451//2307
f 1664//2251 1708//2251 1452//2251
f 1709//2308 1630//2308 1452//2308
f 1708//2309 1709//2309 1452//2309
f 1709//2310 1672//2310 1630//2310
f 1655//2311 1710//2311 1656//2311
f 1710//2312 1688//2312 1656//2312
f 1688//2313 1687//2313 1656//2313
f 1640//2314 1707//2314 1653//2314
f 1706//2315 1640//2315 1653//2315
f 1698//2316 1693//2316 1582//2316
f 1583//2317 1698//2317 1582//2317
f 1662//2318 1711//2318 1636//2318
f 1711//2319 1664//2319 1636//2319
f 1704//2190 1691//2190 1676//2190
f 1691//2320 1677//2320 1676//2320
f 1680//2321 1704//2321 1676//2321
f 1705//2233 1683//2233 1678//2233
f 1692//2243 1705//2243 1678//2243
f 1689//2322 1692//2322 1678//2322
f 1711//2323 1712//2323 1664//2323
f 1712//2324 1708//2324 1664//2324
f 1655//2325 1713//2325 1710//2325
f 1713//2326 1688//2326 1710//2326
f 1675//2327 1714//2327 1625//2327
f 1714//2328 1635//2328 1625//2328
f 1685//2329 1715//2329 1632//2329
f 1715//2330 1654//2330 1632//2330
f 1712//2331 1709//2331 1708//2331
f 1671//2332 1716//2332 1660//2332
f 1716//2333 1694//2333 1660//2333
f 1717//2242 1671//2242 1672//2242
f 1718//2334 1717//2334 1672//2334
f 1709//2335 1718//2335 1672//2335
f 1688//2336 1719//2336 1650//2336
f 1719//2337 1720//2337 1650//2337
f 1720//2337 1685//2337 1650//2337
f 1697//2338 1693//2338 1698//2338
f 1712//2339 1718//2339 1709//2339
f 1714//2340 1721//2340 1635//2340
f 1721//2341 1655//2341 1635//2341
f 1686//2342 1722//2342 1662//2342
f 1722//2318 1711//2318 1662//2318
f 1694//2343 1723//2343 1706//2343
f 1641//2344 1640//2344 1706//2344
f 1723//2345 1641//2345 1706//2345
f 1657//2190 1724//2190 1658//2190
f 1724//2346 1490//2346 1658//2346
f 1711//2323 1725//2323 1712//2323
f 1726//2339 1718//2339 1712//2339
f 1725//2347 1726//2347 1712//2347
f 1655//2325 1727//2325 1713//2325
f 1727//2348 1688//2348 1713//2348
f 1696//2349 1728//2349 1693//2349
f 1697//2350 1696//2350 1693//2350
f 1728//2351 1674//2351 1693//2351
f 1655//2352 1721//2352 1727//2352
f 1721//2353 1729//2353 1727//2353
f 1719//2354 1688//2354 1727//2354
f 1729//2355 1719//2355 1727//2355
f 1730//2190 1724//2190 1657//2190
f 1659//2190 1730//2190 1657//2190
f 1731//2356 1675//2356 1674//2356
f 1728//2356 1731//2356 1674//2356
f 1726//2357 1717//2357 1718//2357
f 1732//2358 1717//2358 1726//2358
f 1733//2359 1732//2359 1726//2359
f 1725//2360 1733//2360 1726//2360
f 1684//2361 1683//2361 1705//2361
f 1734//2362 1735//2362 1699//2362
f 1735//2363 1736//2363 1699//2363
f 1736//2364 1700//2364 1699//2364
f 1494//2365 1493//2365 1699//2365
f 1493//2366 1734//2366 1699//2366
f 1646//2367 1737//2367 1703//2367
f 1737//2367 1738//2367 1703//2367
f 1738//2368 1739//2368 1703//2368
f 1739//2369 1502//2369 1703//2369
f 1502//2370 1682//2370 1703//2370
f 1716//2371 1740//2371 1694//2371
f 1740//2371 1723//2371 1694//2371
f 1715//2372 1741//2372 1654//2372
f 1741//2373 1665//2373 1654//2373
f 1729//2374 1720//2374 1719//2374
f 1742//2375 1686//2375 1665//2375
f 1741//2375 1742//2375 1665//2375
f 1742//2376 1722//2376 1686//2376
f 1721//2377 1743//2377 1729//2377
f 1743//2378 1720//2378 1729//2378
f 1717//2379 1744//2379 1671//2379
f 1744//2380 1745//2380 1671//2380
f 1745//2381 1716//2381 1671//2381
f 1642//2382 1641//2382 1723//2382
f 1740//2383 1642//2383 1723//2383
f 1695//2384 1731//2384 1728//2384
f 1696//2385 1695//2385 1728//2385
f 1732//2386 1744//2386 1717//2386
f 1722//2387 1746//2387 1711//2387
f 1746//2388 1725//2388 1711//2388
f 1730//2389 1490//2389 1724//2389
f 1505//2190 1730//2190 1659//2190
f 1504//2390 1505//2390 1659//2390
f 1730//63 1491//63 1490//63
f 1747//2391 1733//2391 1725//2391
f 1746//2392 1747//2392 1725//2392
f 1720//2393 1748//2393 1685//2393
f 1748//2394 1749//2394 1685//2394
f 1749//2395 1715//2395 1685//2395
f 1747//2396 1732//2396 1733//2396
f 1750//2397 1714//2397 1675//2397
f 1751//2398 1750//2398 1675//2398
f 1731//2356 1751//2356 1675//2356
f 1752//2399 1753//2399 1734//2399
f 1753//2400 1735//2400 1734//2400
f 1493//2366 1752//2366 1734//2366
f 1738//2401 1754//2401 1739//2401
f 1754//2402 1755//2402 1739//2402
f 1755//2369 1502//2369 1739//2369
f 1756//2403 1742//2403 1741//2403
f 1757//2375 1756//2375 1741//2375
f 1715//2372 1757//2372 1741//2372
f 1756//2404 1722//2404 1742//2404
f 1716//2405 1758//2405 1740//2405
f 1758//2406 1642//2406 1740//2406
f 1722//2388 1759//2388 1746//2388
f 1760//2407 1747//2407 1746//2407
f 1759//2408 1760//2408 1746//2408
f 1758//2409 1761//2409 1642//2409
f 1761//2410 1643//2410 1642//2410
f 1721//2411 1762//2411 1743//2411
f 1762//2412 1720//2412 1743//2412
f 1695//2413 1751//2413 1731//2413
f 1762//2414 1748//2414 1720//2414
f 1763//2415 1751//2415 1695//2415
f 1701//2416 1763//2416 1695//2416
f 1760//2417 1732//2417 1747//2417
f 1721//2418 1764//2418 1762//2418
f 1749//2419 1748//2419 1762//2419
f 1764//2420 1749//2420 1762//2420
f 1745//2421 1765//2421 1716//2421
f 1765//2421 1758//2421 1716//2421
f 1491//2422 1752//2422 1493//2422
f 1755//2423 1503//2423 1502//2423
f 1766//2424 1759//2424 1722//2424
f 1756//2425 1766//2425 1722//2425
f 1765//2426 1761//2426 1758//2426
f 1763//2427 1750//2427 1751//2427
f 1701//2428 1750//2428 1763//2428
f 1765//2429 1643//2429 1761//2429
f 1749//2394 1767//2394 1715//2394
f 1767//2430 1768//2430 1715//2430
f 1768//2431 1757//2431 1715//2431
f 1769//2432 1756//2432 1757//2432
f 1768//2432 1769//2432 1757//2432
f 1769//2425 1766//2425 1756//2425
f 1770//2433 1732//2433 1760//2433
f 1759//2434 1770//2434 1760//2434
f 1771//2435 1772//2435 1714//2435
f 1772//2436 1721//2436 1714//2436
f 1750//2437 1771//2437 1714//2437
f 1773//2438 1774//2438 1752//2438
f 1774//2439 1753//2439 1752//2439
f 1491//2440 1773//2440 1752//2440
f 1775//2441 1776//2441 1755//2441
f 1754//2442 1777//2442 1755//2442
f 1777//2443 1775//2443 1755//2443
f 1776//2444 1503//2444 1755//2444
f 1778//2445 1764//2445 1721//2445
f 1772//2446 1778//2446 1721//2446
f 1778//2447 1749//2447 1764//2447
f 1766//2448 1770//2448 1759//2448
f 1744//2449 1779//2449 1745//2449
f 1779//2450 1765//2450 1745//2450
f 1732//2451 1779//2451 1744//2451
f 1779//2452 1643//2452 1765//2452
f 1701//2453 1771//2453 1750//2453
f 1780//2454 1770//2454 1766//2454
f 1781//2455 1780//2455 1766//2455
f 1769//2456 1781//2456 1766//2456
f 1778//2457 1767//2457 1749//2457
f 1782//2458 1767//2458 1778//2458
f 1772//2459 1782//2459 1778//2459
f 1783//2460 1771//2460 1701//2460
f 1702//2461 1783//2461 1701//2461
f 1784//2462 1732//2462 1770//2462
f 1780//2463 1784//2463 1770//2463
f 1784//2464 1779//2464 1732//2464
f 1779//2465 1644//2465 1643//2465
f 1781//2466 1784//2466 1780//2466
f 1769//2467 1785//2467 1781//2467
f 1785//2468 1784//2468 1781//2468
f 1784//2469 1645//2469 1644//2469
f 1779//2470 1784//2470 1644//2470
f 1702//2471 1772//2471 1783//2471
f 1772//2472 1771//2472 1783//2472
f 1782//2473 1768//2473 1767//2473
f 1786//2474 1768//2474 1782//2474
f 1772//2475 1786//2475 1782//2475
f 1784//2476 1646//2476 1645//2476
f 1785//1393 1776//1393 1775//1393
f 1777//1393 1785//1393 1775//1393
f 1737//1393 1785//1393 1738//1393
f 1785//1393 1754//1393 1738//1393
f 1786//1393 1700//1393 1736//1393
f 1735//1393 1786//1393 1736//1393
f 1785//1393 1777//1393 1754//1393
f 1786//1393 1702//1393 1700//1393
f 1753//2477 1786//2477 1735//2477
f 1646//1393 1784//1393 1737//1393
f 1784//1393 1785//1393 1737//1393
f 1785//1393 1769//1393 1768//1393
f 1786//1393 1785//1393 1768//1393
f 1786//1393 1776//1393 1785//1393
f 1702//1393 1786//1393 1772//1393
f 1774//1389 1773//1389 1786//1389
f 1730//1393 1505//1393 1786//1393
f 1773//1393 1730//1393 1786//1393
f 1753//1393 1774//1393 1786//1393
f 1505//1393 1503//1393 1786//1393
f 1503//1393 1776//1393 1786//1393
f 1491//1393 1730//1393 1773//1393
usemtl Material.013
f 1258//1733 987//1733 1257//1733
f 1259//63 1258//63 1257//63
f 1256//63 1259//63 1257//63
f 1265//2478 988//2478 1258//2478
f 988//2478 987//2478 1258//2478
f 1259//63 1265//63 1258//63
f 995//2479 1266//2479 1256//2479
f 1266//63 1259//63 1256//63
f 994//2479 1266//2479 995//2479
f 1273//2480 989//2480 1265//2480
f 989//2480 988//2480 1265//2480
f 1259//63 1273//63 1265//63
f 994//2481 1274//2481 1266//2481
f 1274//63 1259//63 1266//63
f 993//2481 1274//2481 994//2481
f 1282//2482 1283//2482 1273//2482
f 1283//2482 989//2482 1273//2482
f 1259//63 1282//63 1273//63
f 1284//63 1282//63 1259//63
f 1285//63 1286//63 1259//63
f 1286//63 1287//63 1259//63
f 1287//63 1284//63 1259//63
f 1274//63 1285//63 1259//63
f 993//2483 1285//2483 1274//2483
f 1283//63 990//63 989//63
f 992//2483 1285//2483 993//2483
f 1284//2484 1302//2484 1282//2484
f 1302//2484 1283//2484 1282//2484
f 992//2485 1286//2485 1285//2485
f 1303//63 990//63 1283//63
f 1305//63 1306//63 992//63
f 1307//63 1305//63 992//63
f 991//63 1307//63 992//63
f 1306//2485 1286//2485 992//2485
f 1306//1775 1287//1775 1286//1775
f 1305//63 1314//63 1306//63
f 1508//63 990//63 1303//63
f 1508//63 1530//63 990//63
f 1531//63 1307//63 991//63
f 1538//63 1541//63 1508//63
f 1541//63 1530//63 1508//63
f 1542//63 1539//63 1307//63
f 1531//63 1542//63 1307//63
f 1322//63 1574//63 1324//63
f 1590//2486 1539//2486 1542//2486
f 987//16 1787//16 1788//16
f 1787//16 1789//16 1788//16
f 1790//16 987//16 1788//16
f 1789//2487 1791//2487 1788//2487
f 1791//2488 1792//2488 1788//2488
f 1792//2488 1790//2488 1788//2488
f 1793//63 1794//63 1791//63
f 1794//63 1795//63 1791//63
f 1795//63 1796//63 1791//63
f 1796//63 1797//63 1791//63
f 1798//63 1799//63 1791//63
f 1799//63 1800//63 1791//63
f 1800//63 1792//63 1791//63
f 1797//63 1801//63 1791//63
f 1801//63 1802//63 1791//63
f 1802//63 1798//63 1791//63
f 1789//2487 1793//2487 1791//2487
f 1803//16 987//16 1790//16
f 1800//2489 1803//2489 1790//2489
f 1792//2489 1800//2489 1790//2489
f 1787//16 995//16 1789//16
f 995//16 1804//16 1789//16
f 1794//2490 1793//2490 1789//2490
f 1804//2490 1794//2490 1789//2490
f 1799//2491 1805//2491 1800//2491
f 1805//2489 1803//2489 1800//2489
f 1806//2492 1807//2492 1794//2492
f 1807//63 1795//63 1794//63
f 1804//2493 1806//2493 1794//2493
f 1808//2494 1803//2494 1805//2494
f 1799//2495 1808//2495 1805//2495
f 1809//2496 1807//2496 1806//2496
f 1804//2497 1809//2497 1806//2497
f 1810//2498 1807//2498 1809//2498
f 1811//2499 1810//2499 1809//2499
f 1804//2493 1811//2493 1809//2493
f 1812//2500 1813//2500 1808//2500
f 1799//2501 1812//2501 1808//2501
f 1813//2494 1803//2494 1808//2494
f 988//16 987//16 1803//16
f 1814//16 988//16 1803//16
f 1815//2502 1814//2502 1803//2502
f 1813//2503 1815//2503 1803//2503
f 995//16 994//16 1804//16
f 994//16 1816//16 1804//16
f 1816//2504 1817//2504 1804//2504
f 1817//2505 1818//2505 1804//2505
f 1818//2506 1811//2506 1804//2506
f 1812//2507 1815//2507 1813//2507
f 1818//2508 1810//2508 1811//2508
f 1812//2509 1819//2509 1815//2509
f 1819//2510 1814//2510 1815//2510
f 1817//2511 1810//2511 1818//2511
f 989//16 988//16 1814//16
f 1820//16 989//16 1814//16
f 1821//2512 1820//2512 1814//2512
f 1822//2513 1821//2513 1814//2513
f 1819//2514 1822//2514 1814//2514
f 994//16 1823//16 1816//16
f 1823//2515 1824//2515 1816//2515
f 1824//2516 1825//2516 1816//2516
f 1825//2517 1826//2517 1816//2517
f 1826//2518 1817//2518 1816//2518
f 1827//2519 1822//2519 1819//2519
f 1828//2520 1827//2520 1819//2520
f 1812//2521 1828//2521 1819//2521
f 1824//2522 1810//2522 1817//2522
f 1826//2523 1824//2523 1817//2523
f 1827//2524 1821//2524 1822//2524
f 1825//2525 1824//2525 1826//2525
f 1827//2526 1820//2526 1821//2526
f 1827//363 1829//363 1820//363
f 1829//363 1830//363 1820//363
f 1283//16 989//16 1820//16
f 1830//16 1283//16 1820//16
f 1831//362 1824//362 1823//362
f 1832//362 1831//362 1823//362
f 994//16 993//16 1823//16
f 993//16 1832//16 1823//16
f 1833//2527 1834//2527 1827//2527
f 1834//2527 1835//2527 1827//2527
f 1835//2528 1829//2528 1827//2528
f 1828//2529 1833//2529 1827//2529
f 1831//2530 1836//2530 1824//2530
f 1836//2531 1837//2531 1824//2531
f 1837//2532 1838//2532 1824//2532
f 1838//2533 1839//2533 1824//2533
f 1839//2534 1840//2534 1824//2534
f 1840//2535 1810//2535 1824//2535
f 1841//1733 1842//1733 1787//1733
f 987//1733 1841//1733 1787//1733
f 1842//1732 995//1732 1787//1732
f 1843//1732 995//1732 1842//1732
f 1844//16 1843//16 1842//16
f 1841//16 1844//16 1842//16
f 1845//2478 1841//2478 987//2478
f 988//2478 1845//2478 987//2478
f 1843//2479 994//2479 995//2479
f 1845//16 1844//16 1841//16
f 1846//2479 994//2479 1843//2479
f 1844//16 1846//16 1843//16
f 1847//2480 1845//2480 988//2480
f 989//2480 1847//2480 988//2480
f 1846//2481 993//2481 994//2481
f 1847//16 1844//16 1845//16
f 1848//2481 993//2481 1846//2481
f 1844//16 1848//16 1846//16
f 1849//2482 1847//2482 989//2482
f 1283//2482 1849//2482 989//2482
f 992//16 1832//16 993//16
f 1848//2483 992//2483 993//2483
f 1849//16 1844//16 1847//16
f 1850//16 1851//16 1844//16
f 1851//16 1848//16 1844//16
f 1849//16 1852//16 1844//16
f 1852//16 1853//16 1844//16
f 1853//16 1850//16 1844//16
f 1851//2483 992//2483 1848//2483
f 1830//16 1302//16 1283//16
f 1852//2484 1849//2484 1283//2484
f 1302//2484 1852//2484 1283//2484
f 1306//16 1832//16 992//16
f 1851//2485 1306//2485 992//2485
f 1850//2485 1306//2485 1851//2485
f 1830//16 1854//16 1302//16
f 1853//1774 1852//1774 1302//1774
f 1854//1774 1853//1774 1302//1774
f 1830//16 1832//16 1306//16
f 1854//16 1830//16 1306//16
f 1850//1775 1854//1775 1306//1775
f 1853//1775 1854//1775 1850//1775
f 1810//2536 1855//2536 1807//2536
f 1855//2537 1856//2537 1807//2537
f 1856//2538 1857//2538 1807//2538
f 1857//2539 1795//2539 1807//2539
f 1858//2540 1859//2540 1799//2540
f 1860//2541 1812//2541 1799//2541
f 1859//2542 1860//2542 1799//2542
f 1798//2543 1858//2543 1799//2543
f 1856//2544 1861//2544 1857//2544
f 1861//2545 1862//2545 1857//2545
f 1862//2546 1795//2546 1857//2546
f 1863//2547 1859//2547 1858//2547
f 1798//2548 1863//2548 1858//2548
f 1864//2549 1859//2549 1863//2549
f 1798//2550 1864//2550 1863//2550
f 1861//2551 1865//2551 1862//2551
f 1865//2552 1795//2552 1862//2552
f 1861//2553 1866//2553 1865//2553
f 1866//2554 1867//2554 1865//2554
f 1867//2555 1795//2555 1865//2555
f 1868//2556 1859//2556 1864//2556
f 1869//2557 1868//2557 1864//2557
f 1798//2558 1869//2558 1864//2558
f 1866//2559 1870//2559 1867//2559
f 1870//2560 1795//2560 1867//2560
f 1871//2561 1872//2561 1869//2561
f 1872//2562 1868//2562 1869//2562
f 1798//2563 1871//2563 1869//2563
f 1873//2564 1874//2564 1870//2564
f 1866//2565 1873//2565 1870//2565
f 1874//2566 1795//2566 1870//2566
f 1875//2567 1872//2567 1871//2567
f 1876//2568 1875//2568 1871//2568
f 1798//2569 1876//2569 1871//2569
f 1873//2570 1877//2570 1874//2570
f 1877//2571 1795//2571 1874//2571
f 1878//2572 1875//2572 1876//2572
f 1798//2573 1878//2573 1876//2573
f 1879//2574 1880//2574 1877//2574
f 1873//2575 1879//2575 1877//2575
f 1880//2576 1795//2576 1877//2576
f 1881//2577 1875//2577 1878//2577
f 1798//2578 1881//2578 1878//2578
f 1879//2579 1882//2579 1880//2579
f 1882//2580 1795//2580 1880//2580
f 1883//2581 1884//2581 1882//2581
f 1879//2582 1883//2582 1882//2582
f 1884//2580 1795//2580 1882//2580
f 1884//2583 1796//2583 1795//2583
f 1885//2584 1875//2584 1881//2584
f 1798//2573 1885//2573 1881//2573
f 1802//2585 1886//2585 1798//2585
f 1886//2586 1887//2586 1798//2586
f 1887//2587 1888//2587 1798//2587
f 1888//2588 1885//2588 1798//2588
f 1888//2589 1889//2589 1885//2589
f 1889//2590 1875//2590 1885//2590
f 1883//2591 1890//2591 1884//2591
f 1890//2592 1796//2592 1884//2592
f 1887//2593 1889//2593 1888//2593
f 1886//2594 1889//2594 1887//2594
f 1856//2595 1866//2595 1861//2595
f 1883//2596 1891//2596 1890//2596
f 1891//2597 1796//2597 1890//2597
f 1868//2598 1860//2598 1859//2598
f 1855//2599 1892//2599 1856//2599
f 1892//2600 1866//2600 1856//2600
f 1893//2601 1889//2601 1886//2601
f 1802//2602 1893//2602 1886//2602
f 1894//2603 1812//2603 1868//2603
f 1812//2604 1860//2604 1868//2604
f 1872//2605 1894//2605 1868//2605
f 1892//2606 1895//2606 1866//2606
f 1895//2607 1873//2607 1866//2607
f 1875//2608 1896//2608 1872//2608
f 1896//2609 1894//2609 1872//2609
f 1897//2610 1879//2610 1873//2610
f 1895//2611 1897//2611 1873//2611
f 1898//2612 1889//2612 1893//2612
f 1802//2602 1898//2602 1893//2602
f 1883//2613 1899//2613 1891//2613
f 1899//2614 1796//2614 1891//2614
f 1899//2615 1900//2615 1796//2615
f 1900//2616 1797//2616 1796//2616
f 1801//2617 1901//2617 1802//2617
f 1901//2618 1902//2618 1802//2618
f 1902//2619 1898//2619 1802//2619
f 1883//2620 1900//2620 1899//2620
f 1903//2621 1883//2621 1879//2621
f 1897//2622 1903//2622 1879//2622
f 1902//2623 1889//2623 1898//2623
f 1903//2624 1900//2624 1883//2624
f 1902//2625 1904//2625 1889//2625
f 1904//2626 1875//2626 1889//2626
f 1903//2627 1905//2627 1900//2627
f 1905//2628 1797//2628 1900//2628
f 1901//2629 1904//2629 1902//2629
f 1906//2630 1907//2630 1905//2630
f 1908//2631 1909//2631 1905//2631
f 1909//2631 1910//2631 1905//2631
f 1910//2632 1906//2632 1905//2632
f 1903//2633 1908//2633 1905//2633
f 1907//2634 1797//2634 1905//2634
f 1911//2635 1912//2635 1901//2635
f 1913//2636 1911//2636 1901//2636
f 1912//2637 1914//2637 1901//2637
f 1914//2637 1904//2637 1901//2637
f 1915//2638 1913//2638 1901//2638
f 1801//2639 1915//2639 1901//2639
f 1916//2640 1913//2640 1915//2640
f 1801//2639 1916//2639 1915//2639
f 1906//2641 1917//2641 1907//2641
f 1917//2634 1797//2634 1907//2634
f 1917//2642 1801//2642 1797//2642
f 1917//2643 1916//2643 1801//2643
f 1906//2644 1916//2644 1917//2644
f 1906//2645 1913//2645 1916//2645
f 1810//2646 1892//2646 1855//2646
f 1840//2646 1892//2646 1810//2646
f 1894//2647 1828//2647 1812//2647
f 1914//2648 1875//2648 1904//2648
f 1894//2649 1833//2649 1828//2649
f 1839//2650 1918//2650 1840//2650
f 1918//2651 1892//2651 1840//2651
f 1919//2652 1833//2652 1894//2652
f 1896//2653 1919//2653 1894//2653
f 1920//2654 1895//2654 1892//2654
f 1918//2655 1920//2655 1892//2655
f 1875//2656 1921//2656 1896//2656
f 1921//2657 1919//2657 1896//2657
f 1920//2658 1922//2658 1895//2658
f 1922//2659 1897//2659 1895//2659
f 1919//2660 1834//2660 1833//2660
f 1838//2661 1918//2661 1839//2661
f 1914//2648 1912//2648 1875//2648
f 1912//2662 1923//2662 1875//2662
f 1923//2663 1921//2663 1875//2663
f 1908//2664 1903//2664 1897//2664
f 1922//2665 1908//2665 1897//2665
f 1837//2666 1918//2666 1838//2666
f 1837//2667 1924//2667 1918//2667
f 1924//2668 1925//2668 1918//2668
f 1925//2669 1920//2669 1918//2669
f 1836//2670 1924//2670 1837//2670
f 1926//2671 1922//2671 1920//2671
f 1925//2672 1926//2672 1920//2672
f 1927//2673 1924//2673 1836//2673
f 1831//2674 1927//2674 1836//2674
f 1927//2675 1925//2675 1924//2675
f 1926//2676 1908//2676 1922//2676
f 1928//2677 1835//2677 1834//2677
f 1919//2678 1928//2678 1834//2678
f 1832//2210 1929//2210 1831//2210
f 1929//2679 1930//2679 1831//2679
f 1930//2680 1927//2680 1831//2680
f 1832//362 1931//362 1929//362
f 1931//2681 1930//2681 1929//2681
f 1926//2682 1909//2682 1908//2682
f 1932//2683 1925//2683 1927//2683
f 1930//2684 1932//2684 1927//2684
f 1933//2685 1926//2685 1925//2685
f 1932//2686 1933//2686 1925//2686
f 1921//2687 1928//2687 1919//2687
f 1934//2688 1935//2688 1930//2688
f 1931//2689 1936//2689 1930//2689
f 1936//2690 1934//2690 1930//2690
f 1935//2691 1932//2691 1930//2691
f 1928//2677 1829//2677 1835//2677
f 1933//2692 1909//2692 1926//2692
f 1923//2693 1937//2693 1921//2693
f 1937//2694 1928//2694 1921//2694
f 1938//363 1830//363 1829//363
f 1939//2695 1938//2695 1829//2695
f 1928//2696 1939//2696 1829//2696
f 1940//2697 1933//2697 1932//2697
f 1935//2698 1940//2698 1932//2698
f 1937//2699 1939//2699 1928//2699
f 1832//362 1936//362 1931//362
f 1941//2700 1937//2700 1923//2700
f 1912//2701 1911//2701 1923//2701
f 1911//2702 1913//2702 1923//2702
f 1913//2703 1941//2703 1923//2703
f 1942//363 1830//363 1938//363
f 1939//2695 1942//2695 1938//2695
f 1940//2704 1943//2704 1933//2704
f 1943//2705 1944//2705 1933//2705
f 1944//2706 1906//2706 1933//2706
f 1906//2707 1910//2707 1933//2707
f 1910//2708 1909//2708 1933//2708
f 1945//363 1830//363 1942//363
f 1939//2709 1945//2709 1942//2709
f 1946//2710 1947//2710 1939//2710
f 1947//2711 1945//2711 1939//2711
f 1937//2712 1948//2712 1939//2712
f 1948//2713 1946//2713 1939//2713
f 1949//363 1830//363 1945//363
f 1947//2714 1949//2714 1945//2714
f 1832//362 1950//362 1936//362
f 1951//2715 1934//2715 1936//2715
f 1950//2716 1951//2716 1936//2716
f 1941//2717 1952//2717 1937//2717
f 1952//2718 1948//2718 1937//2718
f 1946//2719 1949//2719 1947//2719
f 1948//2720 1953//2720 1946//2720
f 1953//2721 1949//2721 1946//2721
f 1906//2722 1954//2722 1913//2722
f 1954//2723 1941//2723 1913//2723
f 1944//2724 1955//2724 1906//2724
f 1955//2725 1954//2725 1906//2725
f 1956//2726 1934//2726 1951//2726
f 1950//2727 1956//2727 1951//2727
f 1957//2728 1953//2728 1948//2728
f 1958//2729 1957//2729 1948//2729
f 1952//2730 1958//2730 1948//2730
f 1832//362 1959//362 1950//362
f 1959//2731 1956//2731 1950//2731
f 1956//2732 1960//2732 1934//2732
f 1960//2733 1961//2733 1934//2733
f 1961//2734 1935//2734 1934//2734
f 1962//2735 1958//2735 1952//2735
f 1941//2736 1962//2736 1952//2736
f 1963//2737 1964//2737 1935//2737
f 1965//2738 1963//2738 1935//2738
f 1961//2739 1965//2739 1935//2739
f 1964//2740 1940//2740 1935//2740
f 1966//363 1830//363 1949//363
f 1953//2741 1966//2741 1949//2741
f 1957//2742 1966//2742 1953//2742
f 1967//2743 1943//2743 1940//2743
f 1964//2744 1967//2744 1940//2744
f 1968//363 1830//363 1966//363
f 1957//2745 1969//2745 1966//2745
f 1969//2746 1968//2746 1966//2746
f 1954//2747 1955//2747 1941//2747
f 1970//2748 1962//2748 1941//2748
f 1955//2749 1970//2749 1941//2749
f 1832//362 1971//362 1959//362
f 1971//2750 1960//2750 1959//2750
f 1960//2751 1956//2751 1959//2751
f 1967//2752 1972//2752 1943//2752
f 1972//2753 1944//2753 1943//2753
f 1973//363 1830//363 1968//363
f 1969//2754 1973//2754 1968//2754
f 1958//2755 1969//2755 1957//2755
f 1972//2756 1955//2756 1944//2756
f 1972//2757 1974//2757 1955//2757
f 1974//2758 1970//2758 1955//2758
f 1971//2759 1961//2759 1960//2759
f 1975//2760 1965//2760 1961//2760
f 1971//2761 1975//2761 1961//2761
f 1962//2762 1976//2762 1958//2762
f 1976//2763 1969//2763 1958//2763
f 1832//362 1977//362 1971//362
f 1977//2764 1975//2764 1971//2764
f 1978//2765 1979//2765 1972//2765
f 1979//2766 1974//2766 1972//2766
f 1980//2767 1978//2767 1972//2767
f 1967//2768 1980//2768 1972//2768
f 1962//2769 1981//2769 1976//2769
f 1981//2770 1969//2770 1976//2770
f 1982//363 1830//363 1973//363
f 1969//2771 1982//2771 1973//2771
f 1983//2772 1965//2772 1975//2772
f 1984//2773 1983//2773 1975//2773
f 1977//2774 1984//2774 1975//2774
f 1985//2775 1986//2775 1969//2775
f 1981//2776 1985//2776 1969//2776
f 1986//2777 1987//2777 1969//2777
f 1987//2778 1982//2778 1969//2778
f 1962//2769 1985//2769 1981//2769
f 1832//362 1988//362 1977//362
f 1988//2779 1984//2779 1977//2779
f 1989//2780 1990//2780 1984//2780
f 1990//2781 1983//2781 1984//2781
f 1988//2782 1989//2782 1984//2782
f 1990//2783 1965//2783 1983//2783
f 1991//2784 1963//2784 1965//2784
f 1990//2785 1991//2785 1965//2785
f 1992//2786 1985//2786 1962//2786
f 1993//2787 1992//2787 1962//2787
f 1994//2788 1993//2788 1962//2788
f 1995//2789 1994//2789 1962//2789
f 1970//2790 1995//2790 1962//2790
f 1996//2791 1997//2791 1963//2791
f 1991//2792 1998//2792 1963//2792
f 1998//2793 1996//2793 1963//2793
f 1997//2794 1964//2794 1963//2794
f 1999//363 1830//363 1982//363
f 1987//2795 1999//2795 1982//2795
f 1992//2796 1986//2796 1985//2796
f 1832//362 2000//362 1988//362
f 2000//2797 2001//2797 1988//2797
f 2001//2798 1989//2798 1988//2798
f 1997//2799 2002//2799 1964//2799
f 2002//2800 1967//2800 1964//2800
f 2003//363 1830//363 1999//363
f 1987//2801 2003//2801 1999//2801
f 1974//2802 1979//2802 1970//2802
f 1979//2803 1978//2803 1970//2803
f 1978//2804 2004//2804 1970//2804
f 2004//2805 2005//2805 1970//2805
f 2005//2806 1995//2806 1970//2806
f 2006//2807 1980//2807 1967//2807
f 2002//2808 2006//2808 1967//2808
f 1989//2809 1991//2809 1990//2809
f 1832//362 2007//362 2000//362
f 2007//2810 2001//2810 2000//2810
f 2006//2811 1978//2811 1980//2811
f 1989//2812 1998//2812 1991//2812
f 2008//363 1830//363 2003//363
f 1987//2801 2008//2801 2003//2801
f 2009//2813 2008//2813 1987//2813
f 1986//2814 2009//2814 1987//2814
f 1992//2815 2010//2815 1986//2815
f 2010//2816 2009//2816 1986//2816
f 1993//2817 2010//2817 1992//2817
f 1832//362 2011//362 2007//362
f 2012//2818 2001//2818 2007//2818
f 2011//2819 2012//2819 2007//2819
f 2012//2820 2013//2820 2001//2820
f 2013//2821 1989//2821 2001//2821
f 2006//2822 2014//2822 1978//2822
f 2014//2823 2004//2823 1978//2823
f 2015//2824 2014//2824 2006//2824
f 2002//2825 2016//2825 2006//2825
f 2016//2826 2015//2826 2006//2826
f 2017//2809 1998//2809 1989//2809
f 2013//2827 2017//2827 1989//2827
f 2017//2828 1996//2828 1998//2828
f 2018//2829 2019//2829 2015//2829
f 2019//2830 2020//2830 2015//2830
f 2020//2831 2014//2831 2015//2831
f 2016//2832 2018//2832 2015//2832
f 2021//363 1830//363 2008//363
f 2009//2833 2021//2833 2008//2833
f 1994//2834 2022//2834 1993//2834
f 2022//2835 2010//2835 1993//2835
f 1994//2836 2023//2836 2022//2836
f 2023//2837 2010//2837 2022//2837
f 1832//362 2024//362 2011//362
f 2024//2838 2025//2838 2011//2838
f 2025//2839 2012//2839 2011//2839
f 2026//2840 2023//2840 1994//2840
f 1995//2841 2026//2841 1994//2841
f 2027//2842 1996//2842 2017//2842
f 2013//2843 2027//2843 2017//2843
f 2028//2844 1996//2844 2027//2844
f 2013//2845 2028//2845 2027//2845
f 2028//2846 1997//2846 1996//2846
f 2029//2847 2026//2847 1995//2847
f 2030//2848 2029//2848 1995//2848
f 2005//2849 2030//2849 1995//2849
f 2031//363 1830//363 2021//363
f 2009//2833 2031//2833 2021//2833
f 2032//363 1830//363 2031//363
f 2033//2850 2032//2850 2031//2850
f 2009//2851 2034//2851 2031//2851
f 2034//2852 2033//2852 2031//2852
f 2010//2853 2034//2853 2009//2853
f 1832//362 2035//362 2024//362
f 2035//2854 2025//2854 2024//2854
f 2020//2855 2004//2855 2014//2855
f 1832//362 2036//362 2035//362
f 2036//2856 2025//2856 2035//2856
f 2028//2857 2037//2857 1997//2857
f 2037//2858 2038//2858 1997//2858
f 2038//2859 2039//2859 1997//2859
f 2039//2860 2002//2860 1997//2860
f 2036//2861 2040//2861 2025//2861
f 2041//2862 2012//2862 2025//2862
f 2040//2863 2041//2863 2025//2863
f 2042//2864 2030//2864 2005//2864
f 2004//2865 2042//2865 2005//2865
f 2023//2866 2026//2866 2010//2866
f 2026//2867 2029//2867 2010//2867
f 2029//2868 2043//2868 2010//2868
f 2043//2869 2044//2869 2010//2869
f 2044//2870 2034//2870 2010//2870
f 2041//2871 2045//2871 2012//2871
f 2045//2872 2013//2872 2012//2872
f 2013//2873 2037//2873 2028//2873
f 2046//2874 2037//2874 2013//2874
f 2045//2875 2047//2875 2013//2875
f 2047//2876 2048//2876 2013//2876
f 2048//2877 2046//2877 2013//2877
f 2049//363 1830//363 2032//363
f 2033//2878 2049//2878 2032//2878
f 2050//2879 2016//2879 2002//2879
f 2039//2880 2050//2880 2002//2880
f 2020//2881 2019//2881 2004//2881
f 2051//2882 2042//2882 2004//2882
f 2019//2883 2051//2883 2004//2883
f 2046//2884 2038//2884 2037//2884
f 2049//363 2052//363 1830//363
f 2052//363 2053//363 1830//363
f 2053//363 2054//363 1830//363
f 2054//363 2055//363 1830//363
f 2055//2885 1832//2885 1830//2885
f 2056//362 2036//362 1832//362
f 2057//362 2056//362 1832//362
f 2055//1716 2057//1716 1832//1716
f 2056//2886 2040//2886 2036//2886
f 2050//2887 2058//2887 2016//2887
f 2058//2888 2059//2888 2016//2888
f 2059//2889 2018//2889 2016//2889
f 2059//2890 2019//2890 2018//2890
f 2030//2891 2043//2891 2029//2891
f 2058//2892 2019//2892 2059//2892
f 2030//2893 2060//2893 2043//2893
f 2060//2894 2044//2894 2043//2894
f 2048//2895 2038//2895 2046//2895
f 2061//2893 2060//2893 2030//2893
f 2062//2896 2061//2896 2030//2896
f 2042//2897 2062//2897 2030//2897
f 2033//2898 2052//2898 2049//2898
f 2047//2899 2038//2899 2048//2899
f 2033//2900 2053//2900 2052//2900
f 2057//362 2063//362 2056//362
f 2063//2901 2040//2901 2056//2901
f 2034//2902 2064//2902 2033//2902
f 2064//2903 2053//2903 2033//2903
f 2057//362 2065//362 2063//362
f 2065//2904 2066//2904 2063//2904
f 2067//2905 2040//2905 2063//2905
f 2066//2906 2067//2906 2063//2906
f 2068//2907 2069//2907 2038//2907
f 2047//2908 2068//2908 2038//2908
f 2069//2909 2039//2909 2038//2909
f 2064//2910 2070//2910 2053//2910
f 2070//2911 2054//2911 2053//2911
f 2071//2912 2062//2912 2042//2912
f 2072//2913 2071//2913 2042//2913
f 2051//2914 2072//2914 2042//2914
f 2065//2915 2067//2915 2066//2915
f 2073//16 2074//16 2075//16
f 2076//16 2077//16 2075//16
f 2077//16 2078//16 2075//16
f 2078//16 2079//16 2075//16
f 2079//16 2073//16 2075//16
f 2080//16 2081//16 2075//16
f 2081//16 2082//16 2075//16
f 2082//16 2076//16 2075//16
f 2074//1153 2057//1153 2075//1153
f 2057//1153 2055//1153 2075//1153
f 2055//1153 2083//1153 2075//1153
f 2084//2916 2080//2916 2075//2916
f 2083//2917 2084//2917 2075//2917
f 2085//1153 2057//1153 2074//1153
f 2086//2918 2085//2918 2074//2918
f 2073//2919 2086//2919 2074//2919
f 2055//2920 2084//2920 2083//2920
f 2086//2921 2087//2921 2085//2921
f 2087//2922 2088//2922 2085//2922
f 2088//2923 2057//2923 2085//2923
f 2070//2924 2084//2924 2055//2924
f 2054//2925 2070//2925 2055//2925
f 2088//2926 2089//2926 2057//2926
f 2089//2927 2065//2927 2057//2927
f 2089//2928 2067//2928 2065//2928
f 2090//2929 2041//2929 2040//2929
f 2067//2930 2090//2930 2040//2930
f 2044//2931 2091//2931 2034//2931
f 2091//2932 2064//2932 2034//2932
f 2092//2933 2019//2933 2058//2933
f 2050//2934 2092//2934 2058//2934
f 2092//2935 2093//2935 2019//2935
f 2093//2936 2051//2936 2019//2936
f 2094//2937 2095//2937 2039//2937
f 2069//2938 2094//2938 2039//2938
f 2095//2939 2050//2939 2039//2939
f 2093//2940 2096//2940 2051//2940
f 2097//2941 2072//2941 2051//2941
f 2096//2942 2097//2942 2051//2942
f 2060//2943 2061//2943 2044//2943
f 2061//2944 2062//2944 2044//2944
f 2062//2945 2098//2945 2044//2945
f 2098//2946 2091//2946 2044//2946
f 2090//2947 2099//2947 2041//2947
f 2099//2948 2045//2948 2041//2948
f 2100//2949 2096//2949 2093//2949
f 2092//2950 2100//2950 2093//2950
f 2099//2951 2101//2951 2045//2951
f 2101//2952 2069//2952 2045//2952
f 2069//2953 2068//2953 2045//2953
f 2068//2954 2047//2954 2045//2954
f 2100//2955 2102//2955 2096//2955
f 2102//2956 2097//2956 2096//2956
f 2103//2957 2084//2957 2070//2957
f 2064//2958 2103//2958 2070//2958
f 2103//2959 2104//2959 2084//2959
f 2104//2960 2105//2960 2084//2960
f 2105//2961 2106//2961 2084//2961
f 2106//2962 2107//2962 2084//2962
f 2107//2963 2080//2963 2084//2963
f 2095//2964 2100//2964 2050//2964
f 2100//2965 2092//2965 2050//2965
f 2071//2966 2098//2966 2062//2966
f 2088//2967 2067//2967 2089//2967
f 2101//2968 2094//2968 2069//2968
f 2064//2969 2104//2969 2103//2969
f 2072//2970 2108//2970 2071//2970
f 2108//2971 2098//2971 2071//2971
f 2064//2972 2105//2972 2104//2972
f 2087//2973 2067//2973 2088//2973
f 2079//2974 2086//2974 2073//2974
f 2091//2975 2109//2975 2064//2975
f 2109//2976 2105//2976 2064//2976
f 2110//2977 2108//2977 2072//2977
f 2097//2978 2111//2978 2072//2978
f 2111//2979 2112//2979 2072//2979
f 2112//2980 2110//2980 2072//2980
f 2113//16 2081//16 2080//16
f 2107//2981 2113//2981 2080//2981
f 2114//2982 2094//2982 2101//2982
f 2099//2983 2114//2983 2101//2983
f 2100//2984 2115//2984 2102//2984
f 2115//2985 2097//2985 2102//2985
f 2116//16 2117//16 2113//16
f 2118//16 2116//16 2113//16
f 2117//16 2119//16 2113//16
f 2119//16 2120//16 2113//16
f 2120//16 2081//16 2113//16
f 2121//16 2118//16 2113//16
f 2107//2986 2121//2986 2113//2986
f 2122//2987 2090//2987 2067//2987
f 2123//2988 2122//2988 2067//2988
f 2087//2989 2123//2989 2067//2989
f 2124//2990 2086//2990 2079//2990
f 2078//2991 2124//2991 2079//2991
f 2098//2992 2125//2992 2091//2992
f 2125//2993 2109//2993 2091//2993
f 2106//2994 2126//2994 2107//2994
f 2126//2995 2121//2995 2107//2995
f 2114//2996 2127//2996 2094//2996
f 2127//2997 2128//2997 2094//2997
f 2128//2998 2095//2998 2094//2998
f 2129//2999 2130//2999 2097//2999
f 2130//3000 2111//3000 2097//3000
f 2115//3001 2131//3001 2097//3001
f 2131//3002 2132//3002 2097//3002
f 2132//3003 2129//3003 2097//3003
f 2124//3004 2133//3004 2086//3004
f 2133//3005 2087//3005 2086//3005
f 2134//3006 2125//3006 2098//3006
f 2108//3007 2110//3007 2098//3007
f 2110//3007 2112//3007 2098//3007
f 2112//3008 2134//3008 2098//3008
f 2133//3009 2123//3009 2087//3009
f 2122//3010 2135//3010 2090//3010
f 2135//3011 2099//3011 2090//3011
f 2099//3012 2127//3012 2114//3012
f 2136//3013 2131//3013 2100//3013
f 2131//3014 2115//3014 2100//3014
f 2095//3015 2136//3015 2100//3015
f 2135//3016 2137//3016 2099//3016
f 2137//3017 2128//3017 2099//3017
f 2128//3018 2127//3018 2099//3018
f 2128//3019 2137//3019 2095//3019
f 2137//3020 2138//3020 2095//3020
f 2138//3021 2139//3021 2095//3021
f 2139//3022 2140//3022 2095//3022
f 2140//3023 2136//3023 2095//3023
f 2111//3024 2134//3024 2112//3024
f 2109//3025 2106//3025 2105//3025
f 2141//3026 2126//3026 2106//3026
f 2109//3027 2141//3027 2106//3027
f 2140//3028 2131//3028 2136//3028
f 2140//3029 2132//3029 2131//3029
f 2139//3030 2132//3030 2140//3030
f 2124//3031 2142//3031 2133//3031
f 2142//3032 2123//3032 2133//3032
f 2143//3033 2124//3033 2078//3033
f 2077//3034 2143//3034 2078//3034
f 2143//3035 2144//3035 2124//3035
f 2144//3036 2145//3036 2124//3036
f 2145//3037 2146//3037 2124//3037
f 2146//3038 2147//3038 2124//3038
f 2147//3039 2142//3039 2124//3039
f 2147//3040 2123//3040 2142//3040
f 2139//3041 2148//3041 2132//3041
f 2148//3042 2129//3042 2132//3042
f 2149//16 2118//16 2121//16
f 2126//3043 2149//3043 2121//3043
f 2150//3044 2151//3044 2109//3044
f 2151//3027 2141//3027 2109//3027
f 2125//3045 2152//3045 2109//3045
f 2152//3046 2150//3046 2109//3046
f 2151//3026 2126//3026 2141//3026
f 2151//3047 2153//3047 2126//3047
f 2153//3048 2149//3048 2126//3048
f 2154//3049 2138//3049 2137//3049
f 2135//3050 2154//3050 2137//3050
f 2146//3051 2155//3051 2147//3051
f 2155//3052 2123//3052 2147//3052
f 2130//3053 2134//3053 2111//3053
f 2156//3054 2122//3054 2123//3054
f 2155//3055 2156//3055 2123//3055
f 2157//3041 2148//3041 2139//3041
f 2158//3056 2157//3056 2139//3056
f 2138//3057 2158//3057 2139//3057
f 2129//3058 2159//3058 2130//3058
f 2159//3059 2134//3059 2130//3059
f 2134//3060 2160//3060 2125//3060
f 2160//3061 2161//3061 2125//3061
f 2161//3062 2152//3062 2125//3062
f 2162//3063 2153//3063 2151//3063
f 2150//3064 2162//3064 2151//3064
f 2163//16 2118//16 2149//16
f 2153//3065 2163//3065 2149//3065
f 2164//3066 2159//3066 2129//3066
f 2148//3067 2164//3067 2129//3067
f 2076//3068 2143//3068 2077//3068
f 2159//3069 2164//3069 2134//3069
f 2164//3069 2165//3069 2134//3069
f 2165//3070 2166//3070 2134//3070
f 2166//3071 2160//3071 2134//3071
f 2156//3072 2167//3072 2122//3072
f 2167//3073 2168//3073 2122//3073
f 2168//3074 2135//3074 2122//3074
f 2169//3075 2138//3075 2154//3075
f 2135//3076 2169//3076 2154//3076
f 2170//3077 2153//3077 2162//3077
f 2150//3078 2170//3078 2162//3078
f 2171//3079 2172//3079 2138//3079
f 2169//3080 2171//3080 2138//3080
f 2172//3081 2158//3081 2138//3081
f 2168//3082 2173//3082 2135//3082
f 2174//3083 2172//3083 2135//3083
f 2172//3084 2171//3084 2135//3084
f 2171//3076 2169//3076 2135//3076
f 2175//3085 2174//3085 2135//3085
f 2173//3086 2175//3086 2135//3086
f 2157//3087 2164//3087 2148//3087
f 2157//3088 2165//3088 2164//3088
f 2158//3056 2176//3056 2157//3056
f 2176//3089 2177//3089 2157//3089
f 2177//3090 2165//3090 2157//3090
f 2170//3091 2178//3091 2153//3091
f 2178//3092 2163//3092 2153//3092
f 2145//3093 2155//3093 2146//3093
f 2179//3094 2180//3094 2143//3094
f 2180//3095 2144//3095 2143//3095
f 2076//3096 2179//3096 2143//3096
f 2082//3097 2179//3097 2076//3097
f 2181//16 2118//16 2163//16
f 2178//3098 2181//3098 2163//3098
f 2172//3099 2176//3099 2158//3099
f 2174//3100 2176//3100 2172//3100
f 2175//3101 2182//3101 2174//3101
f 2182//3102 2176//3102 2174//3102
f 2177//3103 2183//3103 2165//3103
f 2183//3104 2166//3104 2165//3104
f 2184//3105 2170//3105 2150//3105
f 2152//3106 2184//3106 2150//3106
f 2176//3107 2185//3107 2177//3107
f 2185//3108 2183//3108 2177//3108
f 2186//3109 2185//3109 2176//3109
f 2182//3110 2186//3110 2176//3110
f 2187//3111 2188//3111 2182//3111
f 2188//3112 2186//3112 2182//3112
f 2175//3113 2187//3113 2182//3113
f 2189//16 2118//16 2181//16
f 2190//3114 2189//3114 2181//3114
f 2178//3115 2190//3115 2181//3115
f 2161//3116 2191//3116 2152//3116
f 2191//3117 2184//3117 2152//3117
f 2144//3118 2192//3118 2145//3118
f 2192//3119 2155//3119 2145//3119
f 2192//3120 2156//3120 2155//3120
f 2160//3121 2191//3121 2161//3121
f 2192//3122 2193//3122 2156//3122
f 2193//3123 2167//3123 2156//3123
f 2194//3124 2178//3124 2170//3124
f 2184//3125 2194//3125 2170//3125
f 2166//3126 2195//3126 2160//3126
f 2195//3127 2191//3127 2160//3127
f 2183//3128 2195//3128 2166//3128
f 2193//3123 2168//3123 2167//3123
f 2173//3129 2187//3129 2175//3129
f 2185//3130 2195//3130 2183//3130
f 2196//3131 2178//3131 2194//3131
f 2184//3132 2196//3132 2194//3132
f 2196//3133 2190//3133 2178//3133
f 2193//3134 2197//3134 2168//3134
f 2197//3135 2173//3135 2168//3135
f 2197//3136 2188//3136 2173//3136
f 2188//3137 2187//3137 2173//3137
f 2180//3138 2192//3138 2144//3138
f 2179//3139 2198//3139 2180//3139
f 2198//3140 2192//3140 2180//3140
f 2199//3141 2200//3141 2179//3141
f 2200//3142 2201//3142 2179//3142
f 2201//3143 2202//3143 2179//3143
f 2202//3144 2203//3144 2179//3144
f 2203//3145 2198//3145 2179//3145
f 2082//3146 2199//3146 2179//3146
f 2081//3147 2199//3147 2082//3147
f 2204//3148 2199//3148 2081//3148
f 2120//3149 2204//3149 2081//3149
f 2205//3150 2192//3150 2198//3150
f 2203//3151 2205//3151 2198//3151
f 2206//16 2118//16 2189//16
f 2207//3152 2206//3152 2189//3152
f 2190//3153 2207//3153 2189//3153
f 2208//16 2118//16 2206//16
f 2207//3154 2208//3154 2206//3154
f 2209//3155 2190//3155 2196//3155
f 2184//3156 2209//3156 2196//3156
f 2210//3157 2209//3157 2184//3157
f 2191//3158 2210//3158 2184//3158
f 2211//3159 2190//3159 2209//3159
f 2212//3160 2211//3160 2209//3160
f 2210//3161 2212//3161 2209//3161
f 2211//3162 2213//3162 2190//3162
f 2213//3163 2214//3163 2190//3163
f 2214//3163 2215//3163 2190//3163
f 2215//3164 2216//3164 2190//3164
f 2216//3165 2217//3165 2190//3165
f 2217//3166 2218//3166 2190//3166
f 2218//3167 2219//3167 2190//3167
f 2219//3168 2220//3168 2190//3168
f 2220//3169 2207//3169 2190//3169
f 2205//3170 2221//3170 2192//3170
f 2221//3171 2193//3171 2192//3171
f 2186//3172 2195//3172 2185//3172
f 2188//3173 2222//3173 2186//3173
f 2222//3174 2195//3174 2186//3174
f 2223//3175 2224//3175 2188//3175
f 2224//3176 2225//3176 2188//3176
f 2225//3176 2226//3176 2188//3176
f 2226//3177 2222//3177 2188//3177
f 2197//3178 2223//3178 2188//3178
f 2227//3179 2210//3179 2191//3179
f 2195//3180 2227//3180 2191//3180
f 2228//3160 2211//3160 2212//3160
f 2210//3161 2228//3161 2212//3161
f 2202//3181 2205//3181 2203//3181
f 2229//3182 2224//3182 2223//3182
f 2197//3183 2229//3183 2223//3183
f 2221//3184 2230//3184 2193//3184
f 2230//3185 2197//3185 2193//3185
f 2231//3186 2200//3186 2199//3186
f 2204//3187 2231//3187 2199//3187
f 2232//3188 2205//3188 2202//3188
f 2201//3189 2232//3189 2202//3189
f 2220//3190 2233//3190 2207//3190
f 2233//3191 2234//3191 2207//3191
f 2234//3192 2208//3192 2207//3192
f 2222//3193 2226//3193 2195//3193
f 2226//3194 2235//3194 2195//3194
f 2235//3195 2227//3195 2195//3195
f 2236//3196 2204//3196 2120//3196
f 2119//3197 2236//3197 2120//3197
f 2237//3198 2211//3198 2228//3198
f 2210//3199 2237//3199 2228//3199
f 2230//3200 2238//3200 2197//3200
f 2238//3183 2229//3183 2197//3183
f 2238//3182 2224//3182 2229//3182
f 2239//3201 2236//3201 2119//3201
f 2117//3202 2239//3202 2119//3202
f 2240//3203 2237//3203 2210//3203
f 2227//3204 2240//3204 2210//3204
f 2237//3205 2241//3205 2211//3205
f 2241//3206 2242//3206 2211//3206
f 2242//3207 2243//3207 2211//3207
f 2243//3208 2244//3208 2211//3208
f 2244//3209 2245//3209 2211//3209
f 2245//3210 2246//3210 2211//3210
f 2246//3211 2247//3211 2211//3211
f 2247//3212 2248//3212 2211//3212
f 2248//3213 2213//3213 2211//3213
f 2232//3214 2249//3214 2205//3214
f 2249//3215 2221//3215 2205//3215
f 2225//3216 2235//3216 2226//3216
f 2250//16 2118//16 2208//16
f 2234//3217 2250//3217 2208//3217
f 2200//3218 2232//3218 2201//3218
f 2240//3219 2241//3219 2237//3219
f 2231//3218 2232//3218 2200//3218
f 2240//3220 2242//3220 2241//3220
f 2251//3221 2240//3221 2227//3221
f 2235//3222 2251//3222 2227//3222
f 2204//3223 2252//3223 2231//3223
f 2252//3224 2253//3224 2231//3224
f 2254//3225 2232//3225 2231//3225
f 2253//3226 2254//3226 2231//3226
f 2255//3227 2256//3227 2204//3227
f 2257//3228 2255//3228 2204//3228
f 2256//3229 2258//3229 2204//3229
f 2258//3230 2259//3230 2204//3230
f 2259//3231 2260//3231 2204//3231
f 2260//3232 2261//3232 2204//3232
f 2261//3233 2262//3233 2204//3233
f 2262//3233 2263//3233 2204//3233
f 2263//3234 2264//3234 2204//3234
f 2264//3235 2265//3235 2204//3235
f 2265//3236 2252//3236 2204//3236
f 2236//3237 2257//3237 2204//3237
f 2266//3238 2224//3238 2238//3238
f 2230//3239 2266//3239 2238//3239
f 2249//3240 2267//3240 2221//3240
f 2267//3241 2230//3241 2221//3241
f 2268//16 2118//16 2250//16
f 2269//3242 2268//3242 2250//3242
f 2234//3243 2269//3243 2250//3243
f 2270//3244 2239//3244 2117//3244
f 2116//3245 2270//3245 2117//3245
f 2271//3246 2272//3246 2235//3246
f 2224//3247 2271//3247 2235//3247
f 2225//3216 2224//3216 2235//3216
f 2272//3248 2251//3248 2235//3248
f 2252//3249 2273//3249 2253//3249
f 2273//3250 2254//3250 2253//3250
f 2274//3251 2275//3251 2252//3251
f 2265//3252 2276//3252 2252//3252
f 2276//3253 2274//3253 2252//3253
f 2275//3254 2277//3254 2252//3254
f 2277//3254 2278//3254 2252//3254
f 2278//3255 2273//3255 2252//3255
f 2279//3256 2243//3256 2242//3256
f 2240//3257 2279//3257 2242//3257
f 2251//3258 2279//3258 2240//3258
f 2280//3259 2244//3259 2243//3259
f 2279//3260 2280//3260 2243//3260
f 2281//3261 2254//3261 2273//3261
f 2278//3262 2281//3262 2273//3262
f 2267//3263 2282//3263 2230//3263
f 2282//3264 2283//3264 2230//3264
f 2283//3265 2266//3265 2230//3265
f 2271//3266 2224//3266 2266//3266
f 2283//3267 2271//3267 2266//3267
f 2254//3268 2284//3268 2232//3268
f 2284//3269 2249//3269 2232//3269
f 2239//3270 2257//3270 2236//3270
f 2285//3271 2276//3271 2265//3271
f 2264//3272 2285//3272 2265//3272
f 2286//3273 2214//3273 2213//3273
f 2287//3274 2286//3274 2213//3274
f 2248//3275 2287//3275 2213//3275
f 2288//3276 2245//3276 2244//3276
f 2280//3277 2288//3277 2244//3277
f 2277//3278 2281//3278 2278//3278
f 2286//3273 2215//3273 2214//3273
f 2282//3279 2289//3279 2283//3279
f 2290//3280 2271//3280 2283//3280
f 2289//3281 2290//3281 2283//3281
f 2291//3282 2281//3282 2277//3282
f 2275//3283 2291//3283 2277//3283
f 2285//3284 2274//3284 2276//3284
f 2263//3285 2292//3285 2264//3285
f 2292//3286 2293//3286 2264//3286
f 2293//3287 2294//3287 2264//3287
f 2294//3288 2285//3288 2264//3288
f 2295//3289 2287//3289 2248//3289
f 2247//3290 2295//3290 2248//3290
f 2290//3291 2272//3291 2271//3291
f 2286//3292 2296//3292 2215//3292
f 2296//3293 2216//3293 2215//3293
f 2288//3294 2246//3294 2245//3294
f 2288//3295 2295//3295 2246//3295
f 2295//3296 2247//3296 2246//3296
f 2262//3297 2292//3297 2263//3297
f 2274//3298 2291//3298 2275//3298
f 2285//3299 2291//3299 2274//3299
f 2296//3293 2217//3293 2216//3293
f 2261//3297 2292//3297 2262//3297
f 2280//3300 2279//3300 2251//3300
f 2272//3301 2280//3301 2251//3301
f 2284//3302 2297//3302 2249//3302
f 2297//3303 2267//3303 2249//3303
f 2281//3304 2298//3304 2254//3304
f 2298//3305 2284//3305 2254//3305
f 2299//3306 2289//3306 2282//3306
f 2267//3307 2299//3307 2282//3307
f 2296//3308 2300//3308 2217//3308
f 2300//3309 2218//3309 2217//3309
f 2301//3310 2270//3310 2116//3310
f 2118//3311 2301//3311 2116//3311
f 2302//3312 2292//3312 2261//3312
f 2260//3313 2302//3313 2261//3313
f 2289//3314 2303//3314 2272//3314
f 2290//3315 2289//3315 2272//3315
f 2303//3316 2280//3316 2272//3316
f 2300//3317 2219//3317 2218//3317
f 2259//3318 2302//3318 2260//3318
f 2294//3319 2291//3319 2285//3319
f 2297//3320 2304//3320 2267//3320
f 2304//3321 2299//3321 2267//3321
f 2291//3322 2305//3322 2281//3322
f 2305//3323 2298//3323 2281//3323
f 2304//3324 2289//3324 2299//3324
f 2306//16 2118//16 2268//16
f 2307//3325 2306//3325 2268//3325
f 2269//3326 2307//3326 2268//3326
f 2294//3327 2305//3327 2291//3327
f 2303//3328 2288//3328 2280//3328
f 2304//3329 2308//3329 2289//3329
f 2308//3330 2303//3330 2289//3330
f 2298//3331 2309//3331 2284//3331
f 2309//3332 2310//3332 2284//3332
f 2310//3333 2297//3333 2284//3333
f 2311//3334 2220//3334 2219//3334
f 2300//3335 2311//3335 2219//3335
f 2312//3336 2313//3336 2286//3336
f 2287//3337 2312//3337 2286//3337
f 2313//3336 2314//3336 2286//3336
f 2314//3338 2296//3338 2286//3338
f 2306//16 2315//16 2118//16
f 2315//16 2316//16 2118//16
f 2317//16 2318//16 2118//16
f 2319//16 2317//16 2118//16
f 2320//16 2319//16 2118//16
f 2316//16 2320//16 2118//16
f 2318//3339 2301//3339 2118//3339
f 2321//3340 2322//3340 2293//3340
f 2322//3340 2323//3340 2293//3340
f 2323//3341 2294//3341 2293//3341
f 2292//3342 2321//3342 2293//3342
f 2324//3343 2308//3343 2304//3343
f 2297//3344 2324//3344 2304//3344
f 2325//3345 2315//3345 2306//3345
f 2307//3346 2325//3346 2306//3346
f 2326//3347 2295//3347 2288//3347
f 2303//3348 2326//3348 2288//3348
f 2327//3349 2326//3349 2303//3349
f 2308//3350 2327//3350 2303//3350
f 2323//3351 2328//3351 2294//3351
f 2328//3351 2329//3351 2294//3351
f 2329//3352 2305//3352 2294//3352
f 2330//3353 2312//3353 2287//3353
f 2331//3354 2330//3354 2287//3354
f 2295//3355 2331//3355 2287//3355
f 2305//3356 2332//3356 2298//3356
f 2332//3357 2309//3357 2298//3357
f 2310//3358 2324//3358 2297//3358
f 2324//3359 2327//3359 2308//3359
f 2333//3360 2302//3360 2259//3360
f 2258//3361 2333//3361 2259//3361
f 2326//3362 2331//3362 2295//3362
f 2329//3363 2334//3363 2305//3363
f 2334//3364 2332//3364 2305//3364
f 2314//3365 2335//3365 2296//3365
f 2335//3365 2336//3365 2296//3365
f 2336//3366 2300//3366 2296//3366
f 2310//3367 2327//3367 2324//3367
f 2302//3368 2337//3368 2292//3368
f 2337//3369 2338//3369 2292//3369
f 2338//3370 2339//3370 2292//3370
f 2339//3371 2321//3371 2292//3371
f 2311//3372 2233//3372 2220//3372
f 2309//3373 2340//3373 2310//3373
f 2340//3374 2327//3374 2310//3374
f 2341//3375 2234//3375 2233//3375
f 2311//3376 2341//3376 2233//3376
f 2342//3377 2343//3377 2234//3377
f 2343//3378 2344//3378 2234//3378
f 2344//3379 2345//3379 2234//3379
f 2345//3380 2269//3380 2234//3380
f 2341//3381 2342//3381 2234//3381
f 2346//3382 2333//3382 2258//3382
f 2256//3383 2346//3383 2258//3383
f 2340//3384 2326//3384 2327//3384
f 2309//3385 2347//3385 2340//3385
f 2347//3386 2326//3386 2340//3386
f 2347//3387 2331//3387 2326//3387
f 2348//3388 2349//3388 2330//3388
f 2350//3389 2348//3389 2330//3389
f 2331//3390 2350//3390 2330//3390
f 2349//3388 2312//3388 2330//3388
f 2322//3391 2313//3391 2323//3391
f 2313//3392 2312//3392 2323//3392
f 2312//3393 2328//3393 2323//3393
f 2332//3394 2347//3394 2309//3394
f 2349//3395 2328//3395 2312//3395
f 2347//3396 2350//3396 2331//3396
f 2329//3397 2328//3397 2349//3397
f 2348//3398 2329//3398 2349//3398
f 2322//3399 2314//3399 2313//3399
f 2322//3400 2335//3400 2314//3400
f 2334//3393 2329//3393 2348//3393
f 2350//3401 2334//3401 2348//3401
f 2321//3402 2335//3402 2322//3402
f 2351//3403 2311//3403 2300//3403
f 2336//3404 2352//3404 2300//3404
f 2352//3405 2351//3405 2300//3405
f 2353//3406 2257//3406 2239//3406
f 2270//3407 2353//3407 2239//3407
f 2334//3408 2350//3408 2332//3408
f 2350//3409 2347//3409 2332//3409
f 2333//3410 2354//3410 2302//3410
f 2354//3411 2355//3411 2302//3411
f 2355//3412 2337//3412 2302//3412
f 2345//3413 2307//3413 2269//3413
f 2339//3414 2335//3414 2321//3414
f 2336//3415 2335//3415 2339//3415
f 2338//3416 2336//3416 2339//3416
f 2337//3417 2351//3417 2338//3417
f 2352//3418 2336//3418 2338//3418
f 2351//3419 2352//3419 2338//3419
f 2356//3420 2342//3420 2341//3420
f 2311//3421 2356//3421 2341//3421
f 2337//3422 2355//3422 2351//3422
f 2355//3423 2354//3423 2351//3423
f 2354//3424 2357//3424 2351//3424
f 2357//3425 2311//3425 2351//3425
f 2255//3426 2346//3426 2256//3426
f 2357//3427 2358//3427 2311//3427
f 2358//3428 2356//3428 2311//3428
f 2346//3429 2359//3429 2333//3429
f 2359//3430 2360//3430 2333//3430
f 2360//3431 2354//3431 2333//3431
f 2354//3432 2358//3432 2357//3432
f 2356//3420 2343//3420 2342//3420
f 2257//3433 2346//3433 2255//3433
f 2360//3434 2361//3434 2358//3434
f 2354//3435 2360//3435 2358//3435
f 2361//3436 2356//3436 2358//3436
f 2325//3437 2362//3437 2315//3437
f 2362//3438 2316//3438 2315//3438
f 2317//16 2363//16 2318//16
f 2363//3439 2364//3439 2318//3439
f 2364//3440 2301//3440 2318//3440
f 2359//3441 2361//3441 2360//3441
f 2317//3442 2365//3442 2363//3442
f 2365//3443 2364//3443 2363//3443
f 2319//3444 2366//3444 2317//3444
f 2366//3445 2365//3445 2317//3445
f 2367//16 2320//16 2316//16
f 2362//3446 2368//3446 2316//3446
f 2368//3447 2369//3447 2316//3447
f 2369//3448 2367//3448 2316//3448
f 2356//3449 2344//3449 2343//3449
f 2369//3450 2370//3450 2367//3450
f 2370//3451 2320//3451 2367//3451
f 2370//3452 2319//3452 2320//3452
f 2370//3452 2371//3452 2319//3452
f 2371//3453 2372//3453 2319//3453
f 2372//3454 2366//3454 2319//3454
f 2353//3455 2346//3455 2257//3455
f 2373//3456 2374//3456 2356//3456
f 2374//3457 2375//3457 2356//3457
f 2375//3458 2344//3458 2356//3458
f 2361//3459 2373//3459 2356//3459
f 2359//3460 2376//3460 2361//3460
f 2376//3461 2377//3461 2361//3461
f 2377//3462 2378//3462 2361//3462
f 2378//3463 2379//3463 2361//3463
f 2379//3464 2380//3464 2361//3464
f 2380//3465 2373//3465 2361//3465
f 2381//3466 2377//3466 2346//3466
f 2377//3467 2376//3467 2346//3467
f 2376//3468 2359//3468 2346//3468
f 2353//3469 2381//3469 2346//3469
f 2380//3470 2374//3470 2373//3470
f 2270//3471 2382//3471 2353//3471
f 2382//3472 2381//3472 2353//3472
f 2383//3473 2384//3473 2270//3473
f 2301//3474 2383//3474 2270//3474
f 2384//3475 2382//3475 2270//3475
f 2380//3476 2385//3476 2374//3476
f 2385//3477 2375//3477 2374//3477
f 2386//3478 2325//3478 2307//3478
f 2387//3479 2386//3479 2307//3479
f 2345//3480 2387//3480 2307//3480
f 2364//3481 2383//3481 2301//3481
f 2375//3482 2345//3482 2344//3482
f 2375//3483 2387//3483 2345//3483
f 2380//3484 2388//3484 2385//3484
f 2388//3485 2375//3485 2385//3485
f 2384//3486 2381//3486 2382//3486
f 2383//3487 2389//3487 2384//3487
f 2389//3488 2381//3488 2384//3488
f 2381//3489 2378//3489 2377//3489
f 2390//3490 2387//3490 2375//3490
f 2388//3491 2390//3491 2375//3491
f 2389//3492 2379//3492 2381//3492
f 2379//3493 2378//3493 2381//3493
f 2380//3494 2391//3494 2388//3494
f 2391//3495 2390//3495 2388//3495
f 2390//3496 2386//3496 2387//3496
f 2380//3497 2392//3497 2391//3497
f 2392//3498 2390//3498 2391//3498
f 2364//3499 2365//3499 2383//3499
f 2365//3500 2389//3500 2383//3500
f 2390//3501 2362//3501 2386//3501
f 2362//3502 2325//3502 2386//3502
f 2389//3503 2380//3503 2379//3503
f 2380//3504 2370//3504 2392//3504
f 2369//3505 2390//3505 2392//3505
f 2370//3506 2369//3506 2392//3506
f 2371//3507 2370//3507 2380//3507
f 2372//3508 2371//3508 2380//3508
f 2389//3509 2372//3509 2380//3509
f 2368//3510 2362//3510 2390//3510
f 2369//3511 2368//3511 2390//3511
f 2365//3512 2366//3512 2389//3512
f 2366//3513 2372//3513 2389//3513
