# Blender 4.5.0
# www.blender.org
mtllib rl_dg_1_3.mtl
o rl_dg_1_3_c
v 0.011200 0.044327 0.000000
v 0.011200 0.044300 0.000016
v 0.011200 0.044300 -0.000005
v 0.011200 0.044296 -0.000582
v 0.011200 0.044227 -0.000573
v 0.011200 0.044221 0.000572
v 0.011200 0.043995 -0.001698
v 0.011200 0.044124 -0.001380
v 0.011200 0.044007 0.001702
v 0.011200 0.044086 0.001520
v 0.011200 0.044296 0.000582
v 0.011200 0.044052 -0.001719
v 0.011200 0.044052 0.001719
v 0.011200 0.043587 -0.002708
v 0.011200 0.043546 -0.002762
v 0.011200 0.043549 0.002765
v 0.011200 0.043576 0.002781
v 0.011200 0.043576 -0.002781
v 0.011200 0.043533 0.002802
v 0.011200 0.041508 0.004787
v 0.011200 0.040980 0.005001
v 0.011200 0.042848 0.003685
v 0.011200 0.042689 0.003889
v 0.011200 0.041975 0.004432
v 0.011200 0.042846 -0.003683
v 0.011200 0.042888 0.003719
v 0.011200 0.042689 -0.003889
v 0.011200 0.042888 -0.003719
v 0.011200 0.041979 -0.004438
v 0.011200 0.042019 -0.004492
v 0.011200 0.042019 0.004492
v 0.011200 0.041587 -0.004742
v 0.011200 0.040980 -0.005001
v 0.011200 0.041008 -0.005067
v 0.011200 0.041529 -0.004806
v 0.011200 0.041529 0.004806
v 0.011200 0.036798 -0.005123
v 0.011200 0.037602 -0.005317
v 0.011200 0.038241 -0.005472
v 0.011200 0.038740 -0.005497
v 0.011200 0.040180 0.005324
v 0.011200 0.035500 -0.004400
v 0.011200 0.036511 -0.004963
v 0.011200 0.038800 -0.005500
v 0.011200 0.039887 -0.005349
v 0.011200 0.040301 -0.005291
v 0.011200 0.041008 0.005067
v 0.011200 0.040460 -0.005271
v 0.011200 0.039898 -0.005416
v 0.011200 0.039889 0.005361
v 0.011200 0.039898 0.005416
v 0.011200 0.038800 0.005500
v 0.011200 0.038740 -0.005526
v 0.011200 0.038741 0.005492
v 0.011200 0.038740 0.005526
v 0.011200 0.034932 -0.004103
v 0.011200 0.037594 0.005336
v 0.011200 0.037585 0.005391
v 0.011200 0.037585 -0.005391
v 0.011200 0.038150 -0.005488
v 0.011200 0.037328 0.005299
v 0.011200 0.036513 0.004949
v 0.011200 0.036483 0.005017
v 0.011200 0.036483 -0.005017
v 0.011200 0.035964 0.004713
v 0.011200 0.035500 0.004400
v 0.011200 0.035953 0.004737
v 0.011197 0.035484 -0.004421
v 0.011200 0.034932 0.004103
v 0.011200 0.035484 0.004421
v 0.011200 0.034300 0.004000
v 0.011200 0.034300 -0.004000
v 0.011174 0.034860 -0.004319
v 0.011174 0.034860 0.004319
v 0.011174 0.034300 0.004228
v 0.011200 0.031676 -0.004000
v 0.011174 0.034300 -0.004228
v 0.011200 0.031676 0.004000
v 0.011174 0.031676 0.004228
v 0.011200 0.030808 0.004198
v 0.011200 0.031088 -0.004139
v 0.011200 0.031086 0.004135
v 0.011174 0.031676 -0.004228
v 0.011174 0.031145 0.004310
v 0.011200 0.030780 -0.004212
v 0.011174 0.030663 -0.004547
v 0.011174 0.031145 -0.004310
v 0.011200 0.029274 -0.006000
v 0.011200 0.029663 -0.005375
v 0.011200 0.030093 -0.004778
v 0.011200 0.030560 -0.004393
v 0.011200 0.020400 -0.006000
v 0.011200 0.030563 0.004397
v 0.011200 0.030093 0.004778
v 0.011174 0.030274 0.004917
v 0.011174 0.030663 0.004547
v 0.011174 0.030274 -0.004917
v 0.011200 0.029663 0.005375
v 0.011174 0.029471 -0.006114
v 0.011200 0.029274 0.006000
v 0.011200 0.020400 0.006000
v 0.011136 0.029016 -0.006664
v 0.011135 0.029014 0.006670
v 0.011174 0.029471 0.006114
v 0.011200 0.007700 0.006414
v 0.011200 0.020394 -0.006198
v 0.011200 0.007752 0.006733
v 0.011200 0.007904 0.007019
v 0.011082 0.020400 -0.006903
v 0.011200 0.020332 0.006692
v 0.011082 0.020400 0.006903
v 0.011200 0.007700 -0.006414
v 0.011200 0.020294 -0.006868
v 0.011200 0.020262 0.006939
v 0.011200 0.020271 -0.006936
v 0.011200 0.020061 -0.007576
v 0.010568 0.020400 -0.008007
v 0.011073 0.020400 -0.006922
v 0.011200 0.020132 0.007396
v 0.011073 0.020400 0.006922
v 0.011200 0.019737 0.008254
v 0.010568 0.020400 0.008007
v 0.011200 0.019622 -0.008453
v 0.011200 0.019627 0.008450
v 0.011200 0.019599 0.008500
v 0.011200 0.011230 -0.008500
v 0.011200 0.019599 -0.008500
v 0.011140 0.019440 -0.008839
v 0.011143 0.019441 -0.008832
v 0.011200 0.011230 0.008500
v 0.011156 0.019456 0.008794
v 0.010563 0.020400 0.008012
v 0.011200 0.010691 -0.008426
v 0.011123 0.011230 -0.008835
v 0.011200 0.010691 0.008426
v 0.011200 0.009366 0.007938
v 0.011121 0.011230 0.008842
v 0.011200 0.009366 -0.007938
v 0.011100 0.010573 -0.008846
v 0.011100 0.009183 0.008332
v 0.011100 0.010573 0.008846
v 0.011200 0.008139 -0.007242
v 0.011100 0.009183 -0.008332
v 0.011200 0.008139 0.007242
v 0.011100 0.007894 0.007602
v 0.011200 0.007904 -0.007019
v 0.011100 0.007894 -0.007602
v 0.011100 0.007557 -0.007283
v 0.011200 0.007752 -0.006733
v 0.011100 0.007339 -0.006872
v 0.011100 0.007557 0.007283
v 0.011100 0.007264 -0.006414
v 0.011100 0.007339 0.006872
v 0.011100 0.007264 0.006414
v 0.011105 0.044692 -0.000624
v 0.011105 0.044431 -0.001843
v 0.011105 0.044692 0.000624
v 0.011105 0.043921 -0.002981
v 0.011105 0.044431 0.001843
v 0.011105 0.043183 -0.003987
v 0.011105 0.043921 0.002981
v 0.011105 0.042252 -0.004816
v 0.011105 0.043183 0.003987
v 0.011105 0.042252 0.004816
v 0.011105 0.041167 -0.005432
v 0.011105 0.039977 -0.005807
v 0.011105 0.041167 0.005432
v 0.011105 0.038736 -0.005925
v 0.011105 0.039977 0.005807
v 0.011105 0.037497 -0.005780
v 0.011105 0.038736 0.005925
v 0.011105 0.036316 -0.005379
v 0.011105 0.037497 0.005780
v 0.011174 0.035363 -0.004582
v 0.011105 0.036316 0.005379
v 0.011105 0.035245 0.004740
v 0.011153 0.035366 0.004579
v 0.011083 0.035251 -0.004732
v 0.011047 0.034300 -0.004491
v 0.010984 0.034736 -0.004692
v 0.010984 0.034736 0.004692
v 0.011047 0.034300 0.004491
v 0.011047 0.031676 0.004491
v 0.011047 0.031676 -0.004491
v 0.010984 0.031263 -0.004684
v 0.010984 0.030887 -0.004869
v 0.010984 0.031263 0.004684
v 0.010984 0.030584 -0.005157
v 0.010984 0.030887 0.004869
v 0.011110 0.029584 -0.006179
v 0.011110 0.029584 0.006179
v 0.010984 0.030584 0.005157
v 0.011061 0.028927 -0.006919
v 0.010973 0.029227 0.007065
v 0.011061 0.028927 0.006919
v 0.011131 0.019443 0.008843
v 0.009712 0.020400 0.008863
v 0.011013 0.019375 -0.009082
v 0.011008 0.019374 0.009089
v 0.011100 0.011230 -0.008936
v 0.011100 0.011230 0.008936
v 0.010984 0.029811 -0.006310
v 0.010973 0.029227 -0.007065
v 0.010984 0.029811 0.006310
v 0.010830 0.045042 -0.000661
v 0.010830 0.044765 -0.001952
v 0.010830 0.045042 0.000661
v 0.010830 0.044224 -0.003158
v 0.010830 0.044765 0.001952
v 0.010830 0.043443 -0.004223
v 0.010830 0.044224 0.003158
v 0.010830 0.042456 -0.005102
v 0.010830 0.043443 0.004223
v 0.010830 0.041307 -0.005754
v 0.010830 0.042456 0.005102
v 0.010830 0.040047 -0.006151
v 0.010830 0.041307 0.005754
v 0.010830 0.038732 -0.006276
v 0.010830 0.040047 0.006151
v 0.010830 0.037420 -0.006123
v 0.010830 0.038732 0.006276
v 0.010830 0.036169 -0.005698
v 0.010830 0.037420 0.006123
v 0.010984 0.035127 -0.004897
v 0.010964 0.035137 0.004884
v 0.010830 0.036169 0.005698
v 0.010901 0.019375 -0.009194
v 0.010895 0.011230 -0.009191
v 0.010899 0.019374 0.009199
v 0.010892 0.011230 0.009195
v 0.010821 0.009037 -0.008648
v 0.010821 0.010479 -0.009181
v 0.010821 0.010479 0.009181
v 0.010821 0.007699 -0.007890
v 0.010821 0.009037 0.008648
v 0.010821 0.007280 -0.007493
v 0.010821 0.007699 0.007890
v 0.010821 0.007009 -0.006984
v 0.010821 0.007280 0.007493
v 0.011055 0.007208 -0.006414
v 0.010821 0.007009 0.006984
v 0.011055 0.007208 0.006414
v 0.011055 0.028921 -0.006937
v 0.010941 0.028788 -0.007321
v 0.010628 0.028605 -0.007917
v 0.010666 0.028627 -0.007846
v 0.011056 0.028921 0.006937
v 0.010947 0.028793 0.007306
v 0.010661 0.028620 0.007866
v 0.010821 0.006916 -0.006414
v 0.010821 0.006916 0.006414
v 0.010984 0.034300 -0.004621
v 0.010984 0.031676 0.004621
v 0.010984 0.034300 0.004621
v 0.010984 0.031676 -0.004621
v 0.010814 0.035046 -0.005005
v 0.010691 0.034300 -0.004855
v 0.010636 0.034648 -0.004956
v 0.010830 0.035034 0.005021
v 0.010636 0.034648 0.004956
v 0.010691 0.034300 0.004855
v 0.010691 0.031676 0.004855
v 0.010691 0.031676 -0.004855
v 0.010636 0.031047 -0.005098
v 0.010636 0.031346 -0.004951
v 0.010636 0.031346 0.004951
v 0.010636 0.030805 -0.005328
v 0.010636 0.031047 0.005098
v 0.010895 0.029873 -0.006346
v 0.010895 0.029873 0.006346
v 0.010636 0.030805 0.005328
v 0.010752 0.029517 -0.007145
v 0.010752 0.029517 0.007145
v 0.010569 0.028933 -0.007911
v 0.010371 0.029222 -0.007906
v 0.010371 0.029222 0.007906
v 0.010569 0.028933 0.007911
v 0.010784 0.019375 -0.009312
v 0.010821 0.011230 -0.009284
v 0.010791 0.019374 0.009306
v 0.010821 0.011230 0.009284
v 0.010543 0.019443 0.009432
v 0.010636 0.030053 -0.006450
v 0.010636 0.030053 0.006450
v 0.010439 0.045235 -0.000681
v 0.010439 0.044950 -0.002013
v 0.010439 0.045235 0.000681
v 0.010439 0.044392 -0.003256
v 0.010439 0.044950 0.002013
v 0.010439 0.043587 -0.004354
v 0.010439 0.044392 0.003256
v 0.010439 0.042569 -0.005260
v 0.010439 0.043587 0.004354
v 0.010439 0.041385 -0.005932
v 0.010439 0.042569 0.005260
v 0.010439 0.040086 -0.006342
v 0.010439 0.041385 0.005932
v 0.010439 0.038730 -0.006471
v 0.010439 0.040086 0.006342
v 0.010439 0.037377 -0.006313
v 0.010439 0.038730 0.006471
v 0.010439 0.036087 -0.005875
v 0.010439 0.037377 0.006313
v 0.010636 0.034960 -0.005120
v 0.010625 0.034973 0.005103
v 0.010439 0.036087 0.005875
v 0.010540 0.011230 -0.009420
v 0.010538 0.011230 0.009421
v 0.010428 0.008957 -0.008820
v 0.010428 0.010428 -0.009363
v 0.010428 0.010428 0.009363
v 0.010428 0.007592 -0.008047
v 0.010428 0.008957 0.008820
v 0.010428 0.007129 -0.007608
v 0.010428 0.007592 0.008047
v 0.010428 0.006830 -0.007044
v 0.010428 0.007129 0.007608
v 0.010691 0.006853 -0.006414
v 0.010428 0.006830 0.007044
v 0.010691 0.006853 0.006414
v 0.010547 0.019437 -0.009436
v 0.010441 0.029724 -0.007159
v 0.010441 0.029724 0.007159
v 0.010636 0.034300 -0.004900
v 0.010636 0.031676 0.004900
v 0.010636 0.034300 0.004900
v 0.010636 0.031676 -0.004900
v 0.010428 0.006726 -0.006414
v 0.010428 0.006726 0.006414
v 0.010553 0.028582 0.008004
v 0.010433 0.034932 -0.005157
v 0.010200 0.034616 -0.005051
v 0.010200 0.034300 -0.005000
v 0.010439 0.034917 0.005177
v 0.010200 0.034616 0.005051
v 0.010200 0.031676 0.005000
v 0.010200 0.034300 0.005000
v 0.010200 0.031676 -0.005000
v 0.010200 0.031376 -0.005046
v 0.010200 0.031240 -0.005113
v 0.010200 0.031376 0.005046
v 0.010200 0.031240 0.005113
v 0.010200 0.030885 -0.005389
v 0.010200 0.031104 -0.005180
v 0.010200 0.031104 0.005180
v 0.010565 0.030067 -0.006458
v 0.010565 0.030067 0.006458
v 0.010200 0.030885 0.005389
v 0.010557 0.028580 -0.008007
v 0.010273 0.028816 -0.008296
v 0.010273 0.028816 0.008296
v 0.010563 0.020400 -0.008012
v 0.010534 0.019441 -0.009443
v 0.010238 0.019577 -0.009499
v 0.010200 0.019599 -0.009500
v 0.010200 0.030140 -0.006500
v 0.010099 0.029817 -0.007110
v 0.010191 0.030110 -0.006556
v 0.010200 0.030140 0.006500
v 0.010191 0.030110 0.006556
v 0.009994 0.028416 -0.008623
v 0.010219 0.028464 -0.008429
v 0.009720 0.028358 -0.008858
v 0.010359 0.028513 -0.008254
v 0.009712 0.028357 -0.008863
v 0.009712 0.020400 -0.008863
v 0.010359 0.028513 0.008254
v 0.010236 0.028469 0.008412
v 0.009993 0.028417 0.008622
v 0.010428 0.011230 -0.009474
v 0.010496 0.019455 0.009455
v 0.010428 0.011230 0.009474
v 0.010200 0.011230 -0.009500
v 0.010200 0.019599 0.009500
v 0.010200 0.011230 0.009500
v 0.009807 0.029556 -0.007694
v 0.010090 0.029788 -0.007167
v 0.010105 0.029438 -0.007830
v 0.010099 0.029817 0.007110
v 0.010090 0.029788 0.007167
v 0.010105 0.029438 0.007830
v 0.010200 0.045264 -0.000684
v 0.010200 0.044977 -0.002022
v 0.010200 0.045213 -0.000924
v 0.010200 0.045264 0.000684
v 0.010200 0.045213 0.000924
v 0.010200 0.044676 -0.002694
v 0.010200 0.044977 0.002022
v 0.010200 0.043691 -0.004260
v 0.010200 0.044417 -0.003270
v 0.010200 0.043691 0.004260
v 0.010200 0.044417 0.003270
v 0.010200 0.044676 0.002694
v 0.010200 0.042586 -0.005283
v 0.010200 0.043608 -0.004374
v 0.010200 0.043608 0.004374
v 0.010200 0.041396 -0.005959
v 0.010200 0.042282 -0.005456
v 0.010200 0.042282 0.005456
v 0.010200 0.042586 0.005283
v 0.010200 0.040594 -0.006212
v 0.010200 0.041396 0.005959
v 0.010200 0.038765 -0.006496
v 0.010200 0.040092 -0.006370
v 0.010200 0.040594 0.006212
v 0.010200 0.040092 0.006370
v 0.010200 0.037370 -0.006341
v 0.010200 0.038729 -0.006500
v 0.010200 0.038765 0.006496
v 0.010200 0.038729 0.006500
v 0.010200 0.036940 -0.006195
v 0.010200 0.036075 -0.005901
v 0.010200 0.036940 0.006195
v 0.010200 0.037370 0.006341
v 0.010200 0.035262 -0.005416
v 0.010200 0.036075 0.005901
v 0.010200 0.034900 0.005200
v 0.010200 0.035262 0.005416
v 0.010200 0.034900 -0.005200
v 0.010200 0.010421 -0.009389
v 0.010200 0.008946 -0.008844
v 0.010200 0.010421 0.009389
v 0.010200 0.007577 -0.008069
v 0.010200 0.008946 0.008844
v 0.010200 0.007108 -0.007624
v 0.010200 0.007577 0.008069
v 0.010200 0.006956 -0.007338
v 0.010200 0.007108 0.007624
v 0.010200 0.006956 0.007338
v 0.010200 0.006700 -0.006414
v 0.010200 0.006805 -0.007053
v 0.010200 0.006805 0.007053
v 0.010200 0.006700 0.006414
v 0.009662 0.029260 -0.008318
v 0.009763 0.029010 -0.008566
v 0.009662 0.029260 0.008317
v 0.009763 0.029010 0.008566
v 0.009918 0.028720 0.008642
v 0.009918 0.028720 -0.008642
v 0.006400 0.045233 -0.000928
v 0.006400 0.045233 0.000928
v 0.006400 0.044709 -0.002709
v 0.006400 0.044709 0.002709
v 0.006400 0.043702 -0.004268
v 0.006400 0.043702 0.004268
v 0.006400 0.042296 -0.005480
v 0.006400 0.042296 0.005480
v 0.008767 0.041210 -0.006034
v 0.008569 0.041472 -0.005925
v 0.008228 0.041719 -0.005808
v 0.007914 0.041813 -0.005759
v 0.009063 0.040615 -0.006241
v 0.008846 0.041107 -0.006077
v 0.007882 0.041823 -0.005754
v 0.008294 0.041684 0.005825
v 0.008603 0.041437 0.005941
v 0.008768 0.041212 0.006033
v 0.007953 0.041811 0.005760
v 0.009066 0.040604 -0.006244
v 0.008849 0.041102 0.006079
v 0.009052 0.040649 0.006232
v 0.009232 0.039901 -0.006406
v 0.009063 0.040604 0.006242
v 0.009305 0.039131 -0.006492
v 0.009211 0.040020 0.006384
v 0.009295 0.038280 -0.006479
v 0.009301 0.038766 -0.006486
v 0.009301 0.038766 0.006487
v 0.009295 0.039320 0.006479
v 0.009211 0.037579 -0.006384
v 0.009305 0.038469 0.006492
v 0.009051 0.036951 -0.006231
v 0.009232 0.037700 0.006406
v 0.008849 0.036499 -0.006079
v 0.009042 0.036930 -0.006224
v 0.009039 0.036931 0.006223
v 0.009062 0.036983 0.006241
v 0.008768 0.036388 -0.006033
v 0.008767 0.036389 0.006034
v 0.008845 0.036491 0.006076
v 0.007953 0.035789 -0.005760
v 0.008293 0.035916 -0.005825
v 0.008603 0.036162 -0.005941
v 0.006400 0.035247 -0.005443
v 0.008568 0.036127 0.005925
v 0.008227 0.035881 0.005808
v 0.007914 0.035787 0.005759
v 0.007880 0.035777 0.005754
v 0.006400 0.035247 0.005443
v 0.006400 0.034900 0.005200
v 0.006400 0.034900 -0.005200
v 0.006400 0.034616 -0.005051
v 0.006400 0.034300 -0.005000
v 0.006400 0.034616 0.005051
v 0.006400 0.031676 -0.005000
v 0.006400 0.034300 0.005000
v 0.006400 0.031676 0.005000
v 0.006400 0.031235 -0.005102
v 0.006400 0.031235 0.005102
v 0.006400 0.030885 -0.005389
v 0.006400 0.030885 0.005389
v 0.008823 0.030408 -0.006062
v 0.008366 0.030551 -0.005847
v 0.009214 0.030206 -0.006387
v 0.008892 0.030372 -0.006119
v 0.007963 0.030608 -0.005765
v 0.007925 0.030613 -0.005758
v 0.007754 0.030619 0.005750
v 0.008176 0.030583 0.005800
v 0.008219 0.030580 0.005806
v 0.008639 0.030476 0.005958
v 0.009026 0.030314 0.006210
v 0.009334 0.030111 -0.006556
v 0.009029 0.030312 0.006213
v 0.009707 0.020400 -0.008868
v 0.010153 0.019622 -0.009500
v 0.005100 0.011230 -0.009500
v 0.005558 0.010421 -0.009389
v 0.005453 0.010611 -0.009436
v 0.005446 0.010624 -0.009437
v 0.005100 0.011230 0.009500
v 0.005442 0.010628 0.009426
v 0.005243 0.010982 0.009490
v 0.006038 0.008946 -0.008844
v 0.006038 0.008952 -0.008847
v 0.006038 0.008955 -0.008848
v 0.005857 0.009690 -0.009153
v 0.005801 0.009834 -0.009200
v 0.005610 0.010321 -0.009360
v 0.005806 0.009839 0.009205
v 0.005819 0.009808 0.009195
v 0.005558 0.010421 0.009389
v 0.006027 0.008957 0.008843
v 0.006001 0.009145 0.008934
v 0.006100 0.007577 -0.008069
v 0.006100 0.008274 -0.008500
v 0.006028 0.008948 0.008839
v 0.006100 0.008274 0.008500
v 0.006094 0.008473 0.008609
v 0.006100 0.007577 0.008069
v 0.006100 0.006933 -0.007351
v 0.006100 0.006933 0.007351
v 0.006100 0.006700 -0.006414
v 0.006100 0.006700 0.006414
v 0.010150 0.019627 0.009500
v 0.009539 0.029937 -0.006873
v 0.009514 0.029969 -0.006808
v 0.009348 0.030109 0.006555
v 0.009375 0.030092 0.006584
v 0.009593 0.029883 0.006974
v 0.009267 0.020065 -0.009500
v 0.009707 0.020400 0.008868
v 0.009907 0.019762 0.009500
v 0.009679 0.029287 -0.008277
v 0.009743 0.029488 -0.007847
v 0.009807 0.029556 0.007694
v 0.009749 0.029509 0.007802
v 0.009733 0.029458 0.007912
v 0.009683 0.029294 0.008264
v 0.009697 0.029728 -0.007292
v 0.009594 0.029882 0.006976
v 0.009731 0.029645 0.007477
v 0.009712 0.028357 0.008863
v 0.009511 0.028644 -0.008936
v 0.009407 0.028869 -0.008855
v 0.009448 0.028927 -0.008798
v 0.009436 0.028911 0.008809
v 0.009511 0.028644 0.008936
v 0.009463 0.028949 0.008770
v 0.009061 0.020145 0.009500
v 0.009749 0.029509 -0.007802
v 0.009463 0.028949 -0.008776
v 0.009485 0.028982 -0.008744
v 0.009606 0.029171 -0.008454
v 0.009608 0.029172 0.008456
v 0.009516 0.029025 0.008688
v 0.009748 0.027800 -0.007847
v 0.009546 0.027800 -0.006870
v 0.009594 0.028500 0.006976
v 0.009743 0.028500 0.007914
v 0.009452 0.027800 -0.008800
v 0.009443 0.028500 0.008814
v 0.006396 0.028500 0.006278
v 0.009708 0.028356 0.008867
v 0.009577 0.028339 -0.008940
v 0.008624 0.027800 -0.009376
v 0.009136 0.027800 -0.009192
v 0.008622 0.020400 0.009373
v 0.009578 0.028339 0.008941
v 0.008622 0.020400 -0.009373
v 0.008638 0.020263 0.009500
v 0.009030 0.028500 0.006213
v 0.008177 0.028500 0.005796
v 0.007228 0.028500 0.005819
v 0.009136 0.028282 0.009192
v 0.009137 0.028304 0.009191
v 0.009242 0.028608 0.009079
v 0.009183 0.028500 0.009145
v 0.009136 0.028282 -0.009192
v 0.009168 0.028460 -0.009161
v 0.008898 0.027800 -0.006112
v 0.007963 0.027800 -0.005761
v 0.009241 0.028608 -0.009081
v 0.009273 0.028675 -0.009046
v 0.009306 0.028726 0.009006
v 0.009406 0.028869 0.008855
v 0.009056 0.037577 0.006235
v 0.008923 0.038496 -0.006130
v 0.008636 0.020271 -0.009500
v 0.009136 0.028500 0.009192
v 0.008624 0.028500 0.009376
v 0.008267 0.038988 -0.005818
v 0.008267 0.038612 0.005818
v 0.008602 0.020400 0.009382
v 0.008390 0.020333 0.009500
v 0.008602 0.020400 -0.009382
v 0.008554 0.020297 -0.009500
v 0.007700 0.028500 0.009500
v 0.007700 0.027800 -0.009500
v 0.006976 0.027800 -0.005906
v 0.007700 0.020400 -0.009500
v 0.007890 0.020395 -0.009500
v 0.007700 0.020400 0.009500
v 0.007914 0.041812 0.005760
v 0.007914 0.035788 -0.005760
v 0.007458 0.030603 -0.005771
v 0.006978 0.030509 -0.005909
v 0.007013 0.030521 -0.005890
v 0.007600 0.035780 -0.005756
v 0.007538 0.038725 -0.005761
v 0.007601 0.041820 0.005756
v 0.007538 0.038876 0.005761
v 0.007512 0.041804 -0.005764
v 0.007510 0.035797 0.005764
v 0.007265 0.030577 0.005810
v 0.006782 0.027800 0.009500
v 0.006782 0.028500 0.009500
v 0.006388 0.028500 0.009214
v 0.006782 0.027800 -0.009500
v -0.006100 0.009547 0.009500
v 0.007244 0.041704 0.005815
v 0.007244 0.035896 -0.005815
v 0.007028 0.036055 -0.005891
v 0.007169 0.041662 -0.005836
v 0.007028 0.041545 0.005891
v 0.007168 0.035939 0.005836
v 0.006400 0.041278 0.001193
v 0.006400 0.041550 0.000000
v 0.007400 0.041550 0.000000
v 0.007400 0.041278 0.001193
v 0.007400 0.041278 -0.001193
v 0.007400 0.038800 0.000000
v 0.006400 0.041278 -0.001193
v 0.007400 0.040515 -0.002150
v 0.006400 0.040515 0.002150
v 0.007400 0.040515 0.002150
v 0.006400 0.040515 -0.002150
v 0.007400 0.039412 -0.002681
v 0.006400 0.039412 0.002681
v 0.007400 0.039412 0.002681
v 0.006400 0.039412 -0.002681
v 0.007400 0.038188 -0.002681
v 0.006400 0.038188 0.002681
v 0.007400 0.038188 0.002681
v 0.007400 0.036050 0.000000
v 0.007400 0.036322 0.001193
v 0.007400 0.036322 -0.001193
v 0.007400 0.037085 -0.002150
v 0.007400 0.037085 0.002150
v 0.006400 0.038188 -0.002681
v 0.006400 0.037085 0.002150
v 0.006400 0.037085 -0.002150
v 0.006400 0.036322 0.001193
v 0.006400 0.036322 -0.001193
v 0.006400 0.036050 0.000000
v 0.007229 0.030568 0.005823
v 0.006811 0.030459 0.005984
v 0.006400 0.028800 0.006274
v 0.007029 0.041540 -0.005892
v 0.007029 0.036060 0.005892
v 0.006849 0.041384 -0.005964
v 0.006733 0.039236 -0.006028
v 0.006848 0.036217 0.005965
v 0.006731 0.039238 0.006029
v 0.006935 0.036124 -0.005924
v 0.006935 0.041476 0.005924
v 0.006630 0.030388 -0.006093
v 0.006400 0.030274 -0.006274
v 0.006181 0.027800 -0.006509
v 0.006181 0.028800 -0.006509
v 0.006400 0.028800 -0.006274
v 0.006420 0.027800 -0.009244
v 0.006630 0.041063 0.006093
v 0.006630 0.036537 -0.006093
v 0.006593 0.040994 -0.006119
v 0.006592 0.036607 0.006119
v 0.006400 0.030274 0.006274
v 0.006582 0.028286 0.009374
v 0.006666 0.028142 0.009428
v 0.006740 0.028015 0.009476
v -0.006782 0.027800 -0.009500
v 0.006731 0.028039 -0.009471
v -0.006738 0.028022 -0.009475
v -0.006782 0.027800 0.009500
v -0.006731 0.028039 0.009471
v 0.006469 0.036932 -0.006220
v 0.006400 0.037102 -0.006274
v 0.006400 0.040498 -0.006274
v 0.006441 0.040603 -0.006241
v 0.006443 0.040603 0.006241
v 0.006400 0.040498 0.006274
v 0.006466 0.036931 0.006221
v 0.006667 0.028142 -0.009429
v -0.006667 0.028142 -0.009428
v 0.006562 0.028313 -0.009358
v -0.006577 0.028293 -0.009370
v -0.006424 0.028453 -0.009239
v -0.006667 0.028142 0.009429
v -0.006426 0.028450 0.009237
v -0.006562 0.028313 0.009358
v 0.006400 0.040604 -0.006244
v 0.006400 0.036930 0.006225
v 0.006426 0.028450 -0.009237
v 0.006400 0.036930 -0.006225
v 0.006400 0.037102 0.006274
v 0.006400 0.040604 0.006244
v 0.005864 0.027800 -0.008415
v 0.006379 0.028497 -0.009196
v 0.005777 0.027800 -0.007421
v -0.005777 0.028800 -0.007421
v 0.006396 0.028800 0.006278
v -0.006976 0.028800 -0.005906
v -0.006976 0.028800 0.005906
v -0.006181 0.028800 -0.006509
v -0.006181 0.028800 0.006509
v -0.005777 0.028800 0.007421
v 0.005870 0.028500 0.007067
v 0.005870 0.028800 0.007067
v 0.005767 0.028500 0.008011
v 0.006111 0.028500 0.008896
v 0.006380 0.028506 0.009206
v -0.006379 0.028497 0.009196
v 0.006164 0.028683 0.008969
v 0.006289 0.028588 -0.009115
v -0.006326 0.028556 -0.009155
v -0.006108 0.028720 -0.008892
v -0.006379 0.028501 -0.009200
v 0.006081 0.028731 -0.008842
v 0.005777 0.028800 -0.007421
v 0.006117 0.028708 0.008892
v -0.006289 0.028588 0.009115
v 0.006085 0.028724 0.008841
v -0.006081 0.028731 0.008842
v 0.005896 0.028800 0.008500
v 0.005953 0.028792 0.008628
v 0.006100 0.000000 -0.008500
v 0.006025 0.000000 0.008843
v 0.006100 0.000000 0.008526
v 0.006100 0.000000 0.008500
v 0.006100 0.002478 -0.001193
v 0.006100 0.002750 0.000000
v 0.006100 0.001715 0.002150
v 0.006100 0.000612 0.002681
v 0.006100 0.002478 0.001193
v -0.007100 0.002478 0.001193
v -0.007100 0.002750 0.000000
v 0.006100 -0.001469 -0.008342
v 0.006100 -0.001122 -0.008426
v 0.006100 -0.002832 -0.008015
v 0.006100 0.001715 -0.002150
v -0.007100 0.002478 -0.001193
v -0.007100 0.001715 0.002150
v 0.006100 0.000612 -0.002681
v -0.007100 0.001715 -0.002150
v -0.007100 0.000612 0.002681
v 0.006100 -0.000612 -0.002681
v -0.007100 0.000612 -0.002681
v 0.006100 -0.001472 0.008337
v 0.006100 -0.000612 0.002681
v -0.007100 -0.000612 0.002681
v 0.006100 -0.001481 0.008397
v 0.006100 0.000000 -0.008526
v 0.006100 -0.001715 -0.002150
v 0.006100 -0.004240 -0.007341
v 0.006100 -0.002904 -0.007980
v -0.007100 -0.000612 -0.002681
v 0.006100 -0.001858 0.008295
v 0.006100 -0.002890 0.007937
v 0.006100 -0.003676 0.007664
v 0.006100 -0.004225 0.007321
v 0.006100 -0.001715 0.002150
v -0.007100 -0.001715 0.002150
v 0.006100 -0.001481 -0.008397
v 0.006100 -0.005917 -0.006102
v 0.006100 -0.005436 -0.006476
v 0.006100 -0.006041 -0.005979
v 0.006100 -0.004457 -0.007238
v 0.006100 -0.002478 -0.001193
v 0.006100 -0.007216 -0.004492
v 0.006100 -0.006473 -0.005433
v -0.007100 -0.001715 -0.002150
v 0.006100 -0.005448 0.006496
v 0.006100 -0.002478 0.001193
v 0.006100 -0.005285 0.006657
v -0.007100 -0.002478 0.001193
v 0.006100 -0.002916 0.008012
v 0.006100 -0.002750 0.000000
v 0.006100 -0.007977 -0.002937
v 0.006100 -0.007340 -0.004239
v -0.007100 -0.002478 -0.001193
v 0.006100 -0.007596 0.003814
v 0.006100 -0.007944 0.002891
v 0.006100 -0.008225 0.002145
v 0.006100 -0.006501 0.005454
v 0.006100 -0.006601 0.005355
v 0.006100 -0.007328 0.004229
v -0.007100 -0.002750 0.000000
v 0.006100 -0.008489 0.000429
v 0.006100 -0.008468 0.000002
v 0.006100 -0.008403 -0.001281
v 0.006100 -0.008354 -0.001472
v 0.006100 -0.008329 0.001470
v 0.006100 -0.002916 -0.008012
v 0.006100 -0.003584 0.007736
v 0.006100 -0.004263 0.007384
v 0.006100 -0.004263 -0.007384
v 0.006100 -0.005480 -0.006531
v 0.006100 -0.005480 0.006531
v 0.006100 -0.006531 0.005480
v 0.006100 -0.006019 -0.006038
v 0.006100 -0.006531 -0.005480
v 0.006100 -0.007384 0.004263
v 0.006100 -0.007384 -0.004263
v 0.006100 -0.007724 0.003610
v 0.006100 -0.008012 0.002916
v 0.006100 -0.008012 -0.002916
v 0.006100 -0.008397 0.001481
v 0.006100 -0.008234 0.002211
v 0.006100 -0.008493 0.000745
v 0.006100 -0.008397 -0.001481
v 0.006100 -0.008526 0.000000
v 0.006025 0.000000 -0.008843
v 0.006005 -0.001550 -0.008789
v 0.006005 -0.003052 -0.008386
v 0.006005 -0.001550 0.008789
v 0.006005 -0.004462 -0.007729
v 0.006005 -0.003052 0.008386
v 0.006005 -0.005737 -0.006837
v 0.006005 -0.004462 0.007729
v 0.006005 -0.005737 0.006837
v 0.006005 -0.006837 -0.005737
v 0.006005 -0.007729 -0.004462
v 0.006005 -0.006837 0.005737
v 0.006005 -0.008386 -0.003052
v 0.006005 -0.007729 0.004462
v 0.006005 -0.008789 -0.001550
v 0.006005 -0.008386 0.003052
v 0.006005 -0.008925 0.000000
v 0.006005 -0.008789 0.001550
v -0.006044 0.028756 0.008794
v 0.006044 0.028756 -0.008794
v -0.006081 0.028731 -0.008844
v 0.005896 0.028800 -0.008500
v -0.005920 0.028798 -0.008558
v 0.005793 0.000000 -0.009196
v 0.006005 0.000000 -0.008925
v 0.006005 0.000000 0.008925
v 0.005793 0.000000 0.009196
v 0.005731 -0.001611 -0.009135
v 0.005731 -0.003173 -0.008717
v 0.005731 -0.001611 0.009135
v 0.005731 -0.004638 -0.008033
v 0.005731 -0.003173 0.008717
v 0.005731 -0.005963 -0.007106
v 0.005731 -0.004638 0.008033
v 0.005731 -0.007106 -0.005963
v 0.005731 -0.005963 0.007106
v 0.005731 -0.008033 -0.004638
v 0.005731 -0.007106 0.005963
v 0.005731 -0.008717 -0.003173
v 0.005731 -0.008033 0.004638
v 0.005731 -0.009135 -0.001611
v 0.005731 -0.008717 0.003173
v 0.005731 -0.009276 0.000000
v 0.005731 -0.009135 0.001611
v -0.005896 0.028800 0.008500
v 0.005864 0.028800 -0.008415
v -0.005896 0.028800 -0.008500
v 0.005767 0.028800 0.008011
v -0.005864 0.028800 -0.008415
v 0.005731 0.000000 0.009276
v 0.005438 0.000000 0.009422
v 0.005731 0.000000 -0.009276
v -0.005864 0.028800 0.008415
v 0.005438 0.000000 -0.009422
v 0.005339 -0.001645 -0.009327
v 0.005339 -0.003239 -0.008900
v 0.005339 -0.001645 0.009327
v 0.005339 -0.004735 -0.008202
v 0.005339 -0.003239 0.008900
v 0.005339 -0.006088 -0.007255
v 0.005339 -0.004735 0.008202
v 0.005339 -0.007255 -0.006088
v 0.005339 -0.006088 0.007255
v 0.005339 -0.008202 -0.004735
v 0.005339 -0.007255 0.006088
v 0.005339 -0.008900 -0.003239
v 0.005339 -0.008202 0.004735
v 0.005339 -0.009327 -0.001645
v 0.005339 -0.008900 0.003239
v 0.005339 -0.009471 0.000000
v 0.005339 -0.009327 0.001645
v 0.005339 0.000000 -0.009471
v 0.005339 0.000000 0.009471
v 0.005100 0.000000 0.009500
v 0.005100 0.000000 -0.009500
v 0.005100 -0.001650 -0.009356
v 0.005100 -0.002265 -0.009191
v 0.005100 -0.003249 -0.008927
v 0.005100 -0.001650 0.009356
v 0.005100 -0.002265 0.009191
v 0.005100 -0.004404 -0.008389
v 0.005100 -0.003249 0.008927
v 0.005100 -0.004750 -0.008227
v 0.005100 -0.006106 -0.007277
v 0.005100 -0.004750 0.008227
v 0.005100 -0.004404 0.008389
v 0.005100 -0.007277 -0.006106
v 0.005100 -0.006286 -0.007098
v 0.005100 -0.006106 0.007277
v 0.005100 -0.006286 0.007098
v 0.005100 -0.007789 -0.005376
v 0.005100 -0.007277 0.006106
v 0.005100 -0.007789 0.005376
v 0.005100 -0.008873 -0.003364
v 0.005100 -0.008227 -0.004750
v 0.005100 -0.008227 0.004750
v 0.005100 -0.008873 0.003364
v 0.005100 -0.009356 -0.001650
v 0.005100 -0.008927 -0.003249
v 0.005100 -0.008927 0.003249
v 0.005100 -0.009500 0.000000
v 0.005100 -0.009400 -0.001142
v 0.005100 -0.009356 0.001650
v 0.005100 -0.009400 0.001142
v -0.006100 0.000000 -0.009500
v -0.006100 0.009547 -0.009500
v -0.007700 0.027800 -0.009500
v -0.008390 0.020333 -0.009500
v -0.007700 0.020400 -0.009500
v -0.006100 0.000000 0.009500
v -0.006100 -0.001650 -0.009356
v -0.006100 -0.002265 -0.009191
v -0.006100 -0.001650 0.009356
v -0.006100 -0.003249 -0.008927
v -0.006100 -0.002265 0.009191
v -0.006100 -0.004404 -0.008389
v -0.006100 -0.003249 0.008927
v -0.006100 -0.004750 -0.008227
v -0.006100 -0.004404 0.008389
v -0.006100 -0.006106 -0.007277
v -0.006100 -0.004750 0.008227
v -0.006100 -0.006286 -0.007098
v -0.006100 -0.006106 0.007277
v -0.006100 -0.007277 -0.006106
v -0.006100 -0.006286 0.007098
v -0.006100 -0.007789 -0.005376
v -0.006100 -0.007277 0.006106
v -0.006100 -0.008227 -0.004750
v -0.006100 -0.007789 0.005376
v -0.006100 -0.008873 -0.003364
v -0.006100 -0.008227 0.004750
v -0.006100 -0.008927 -0.003249
v -0.006100 -0.008873 0.003364
v -0.006100 -0.009356 -0.001650
v -0.006100 -0.008927 0.003249
v -0.006100 -0.009400 -0.001142
v -0.006100 -0.009356 0.001650
v -0.006100 -0.009500 0.000000
v -0.006100 -0.009400 0.001142
v -0.005777 0.027800 -0.007421
v -0.005864 0.027800 -0.008415
v -0.005777 0.027800 0.007421
v -0.006181 0.027800 0.006509
v -0.006181 0.027800 -0.006509
v -0.006976 0.027800 -0.005906
v -0.005864 0.027800 0.008415
v -0.006420 0.027800 0.009244
v -0.006420 0.027800 -0.009244
v -0.010200 0.009547 -0.009500
v -0.010200 0.019599 -0.009500
v -0.010150 0.019627 -0.009500
v -0.009907 0.019762 -0.009500
v -0.009061 0.020145 -0.009500
v -0.008638 0.020263 -0.009500
v -0.006446 0.009054 -0.009437
v -0.008554 0.020297 0.009500
v -0.008636 0.020271 0.009500
v -0.007700 0.020400 0.009500
v -0.007890 0.020395 0.009500
v -0.010153 0.019622 0.009500
v -0.010200 0.009547 0.009500
v -0.009267 0.020065 0.009500
v -0.006443 0.009059 0.009439
v -0.006442 0.000000 0.009421
v -0.006442 0.000000 -0.009421
v -0.006536 -0.001632 -0.009257
v -0.006536 -0.001632 0.009257
v -0.006536 -0.003215 -0.008833
v -0.006536 -0.004700 -0.008141
v -0.006536 -0.003215 0.008833
v -0.006536 -0.004700 0.008141
v -0.006536 -0.006042 -0.007201
v -0.006536 -0.006042 0.007201
v -0.006536 -0.007201 -0.006042
v -0.006536 -0.007201 0.006042
v -0.006536 -0.008141 -0.004700
v -0.006536 -0.008141 0.004700
v -0.006536 -0.008833 -0.003215
v -0.006536 -0.008833 0.003215
v -0.006536 -0.009257 -0.001632
v -0.006536 -0.009257 0.001632
v -0.006536 -0.009400 0.000000
v -0.006976 0.027800 0.005906
v -0.006536 0.000000 0.009400
v -0.006453 0.009044 0.009435
v -0.006446 0.009054 0.009438
v -0.006453 0.009044 -0.009435
v -0.006536 0.000000 -0.009400
v -0.010200 0.009044 -0.009435
v -0.006710 0.008549 -0.009293
v -0.010200 0.009044 0.009435
v -0.006612 0.008768 0.009359
v -0.006795 0.000000 0.009192
v -0.006796 0.008285 -0.009197
v -0.006795 0.000000 -0.009192
v -0.006884 -0.001584 -0.008982
v -0.006884 -0.003119 -0.008571
v -0.006884 -0.001584 0.008982
v -0.006884 -0.004560 -0.007899
v -0.006884 -0.003119 0.008571
v -0.006884 -0.005863 -0.006987
v -0.006884 -0.004560 0.007899
v -0.006884 -0.006987 -0.005863
v -0.006884 -0.005863 0.006987
v -0.006884 -0.007899 -0.004560
v -0.006884 -0.006987 0.005863
v -0.006884 -0.008571 -0.003119
v -0.006884 -0.007899 0.004560
v -0.006884 -0.008982 -0.001584
v -0.006884 -0.008571 0.003119
v -0.006884 -0.009121 0.000000
v -0.006884 -0.008982 0.001584
v -0.006802 0.008284 0.009200
v -0.007700 0.027800 0.009500
v -0.006884 0.000000 0.009121
v -0.006884 0.000000 -0.009121
v -0.006951 0.007812 -0.009026
v -0.006855 0.008149 0.009156
v -0.007038 0.007405 0.008849
v -0.007021 0.000000 0.008838
v -0.007021 0.000000 -0.008838
v -0.007023 0.007408 -0.008841
v -0.007074 -0.001516 -0.008595
v -0.007074 -0.002985 -0.008202
v -0.007074 -0.001516 0.008595
v -0.007074 -0.004364 -0.007559
v -0.007074 -0.002985 0.008202
v -0.007074 -0.005610 -0.006686
v -0.007074 -0.004364 0.007559
v -0.007074 -0.006686 -0.005610
v -0.007074 -0.005610 0.006686
v -0.007074 -0.007559 -0.004364
v -0.007074 -0.006686 0.005610
v -0.007074 -0.008202 -0.002985
v -0.007074 -0.007559 0.004364
v -0.007074 -0.008595 -0.001516
v -0.007074 -0.008202 0.002985
v -0.007074 -0.008728 0.000000
v -0.007074 -0.008595 0.001516
v -0.010200 0.007659 -0.008962
v -0.007300 0.028800 -0.005801
v -0.007300 0.028800 0.005801
v -0.007963 0.027800 0.005761
v -0.007963 0.027800 -0.005761
v -0.008624 0.027800 0.009376
v -0.007074 0.000000 0.008728
v -0.007038 0.007402 0.008847
v -0.007074 0.000000 -0.008728
v -0.007082 0.007080 -0.008690
v -0.007041 0.007307 -0.008794
v -0.010200 0.007314 -0.008782
v -0.010200 0.007659 0.008962
v -0.010200 0.007314 0.008782
v -0.007047 0.007305 0.008797
v -0.007100 0.006724 0.008500
v -0.007100 0.000000 0.008500
v -0.007100 0.000000 -0.008500
v -0.007100 0.006724 -0.008500
v -0.007100 -0.001476 -0.008371
v -0.007100 -0.002907 -0.007987
v -0.007100 -0.001476 0.008371
v -0.007100 -0.004250 -0.007361
v -0.007100 -0.002907 0.007987
v -0.007100 -0.005464 -0.006511
v -0.007100 -0.004250 0.007361
v -0.007100 -0.006511 -0.005464
v -0.007100 -0.005464 0.006511
v -0.007100 -0.007361 -0.004250
v -0.007100 -0.006511 0.005464
v -0.007100 -0.007987 -0.002907
v -0.007100 -0.007361 0.004250
v -0.007100 -0.008371 -0.001476
v -0.007100 -0.007987 0.002907
v -0.007100 -0.008500 0.000000
v -0.007100 -0.008371 0.001476
v -0.010200 0.006362 -0.008286
v -0.010200 0.005495 -0.007654
v -0.007100 0.005482 -0.007671
v -0.010200 0.006362 0.008286
v -0.007100 0.005482 0.007671
v -0.010200 0.005180 -0.007424
v -0.007100 0.004140 -0.006395
v -0.010200 0.005180 0.007424
v -0.007100 0.004140 0.006395
v -0.010200 0.005495 0.007654
v -0.010200 0.004140 -0.006395
v -0.007100 0.003777 -0.005783
v -0.010200 0.004140 0.006395
v -0.010200 0.003777 0.005783
v -0.007100 0.003777 0.005783
v -0.007100 0.003650 -0.005083
v -0.010200 0.003777 -0.005783
v -0.010200 0.003650 0.005083
v -0.007100 0.003650 0.005083
v -0.010200 0.003650 -0.005083
v -0.010200 0.042264 0.000498
v -0.007300 0.042034 0.001339
v -0.007300 0.042300 0.000000
v -0.007300 0.042034 -0.001339
v -0.010200 0.042264 -0.000498
v -0.010200 0.042264 0.000000
v -0.007300 0.041550 0.000000
v -0.007300 0.041278 0.001193
v -0.007300 0.041275 -0.002475
v -0.010200 0.041984 -0.001454
v -0.010200 0.042019 -0.001335
v -0.007300 0.041278 -0.001193
v -0.010200 0.041445 0.002292
v -0.007300 0.041275 0.002475
v -0.010200 0.041984 0.001454
v -0.010200 0.042019 0.001335
v -0.007300 0.040515 0.002150
v -0.008300 0.041278 0.001193
v -0.008300 0.041550 0.000000
v -0.007300 0.040515 -0.002150
v -0.008300 0.041278 -0.001193
v -0.008300 0.040515 0.002150
v -0.010200 0.041257 -0.002455
v -0.010200 0.041445 -0.002292
v -0.010200 0.040692 -0.002944
v -0.007300 0.040139 -0.003234
v -0.010200 0.040692 0.002944
v -0.007300 0.040139 0.003234
v -0.010200 0.041257 0.002455
v -0.007300 0.039412 0.002681
v -0.007300 0.039412 -0.002681
v -0.008300 0.040515 -0.002150
v -0.008300 0.039412 0.002681
v -0.010200 0.040125 -0.003203
v -0.010200 0.039786 -0.003358
v -0.007300 0.038800 -0.003500
v -0.010200 0.039786 0.003358
v -0.007300 0.038800 0.003500
v -0.010200 0.040125 0.003203
v -0.007300 0.038188 0.002681
v -0.007300 0.038188 -0.002681
v -0.008300 0.039412 -0.002681
v -0.008300 0.038188 0.002681
v -0.010200 0.038800 -0.003500
v -0.010200 0.033143 -0.003500
v -0.007300 0.033143 -0.003500
v -0.010200 0.038800 0.003500
v -0.007300 0.033143 0.003500
v -0.007300 0.037085 0.002150
v -0.007300 0.037085 -0.002150
v -0.008300 0.038188 -0.002681
v -0.008300 0.037085 0.002150
v -0.007300 0.036322 -0.001193
v -0.007300 0.032810 -0.003557
v -0.008300 0.037085 -0.002150
v -0.007300 0.036322 0.001193
v -0.008300 0.036322 0.001193
v -0.007300 0.036050 0.000000
v -0.007300 0.032515 -0.003722
v -0.008300 0.036322 -0.001193
v -0.007300 0.032810 0.003557
v -0.007300 0.032515 0.003722
v -0.008300 0.036050 0.000000
v -0.010200 0.032810 -0.003557
v -0.010200 0.033143 0.003500
v -0.010200 0.032515 -0.003722
v -0.010200 0.032810 0.003557
v -0.010200 0.031611 -0.004549
v -0.007300 0.031334 -0.004847
v -0.010200 0.031611 0.004549
v -0.007300 0.031334 0.004847
v -0.010200 0.032515 0.003722
v -0.007300 0.030583 -0.005801
v -0.007769 0.030618 -0.005750
v -0.007962 0.030601 -0.005775
v -0.010200 0.031347 -0.004858
v -0.007539 0.030611 0.005761
v -0.007300 0.030583 0.005801
v -0.010200 0.031347 0.004858
v -0.007963 0.030606 0.005767
v -0.008479 0.030523 0.005888
v -0.008020 0.030606 0.005768
v -0.008602 0.020400 -0.009382
v -0.008624 0.027800 -0.009376
v -0.008622 0.020400 0.009373
v -0.008602 0.020400 0.009382
v -0.008236 0.030577 -0.005810
v -0.008898 0.027800 -0.006112
v -0.008890 0.030370 -0.006123
v -0.008685 0.030460 -0.005982
v -0.009136 0.027800 -0.009192
v -0.009452 0.027800 -0.008800
v -0.008885 0.030381 0.006103
v -0.008898 0.027800 0.006112
v -0.009452 0.027800 0.008800
v -0.008300 0.038800 0.000000
v -0.008622 0.020400 -0.009373
v -0.009707 0.020400 -0.008868
v -0.009707 0.020400 0.008868
v -0.009136 0.027800 0.009192
v -0.009712 0.020400 0.008863
v -0.008897 0.030375 0.006113
v -0.010200 0.030816 0.005479
v -0.009065 0.030293 -0.006243
v -0.010200 0.030816 -0.005479
v -0.009192 0.030218 0.006368
v -0.009361 0.030102 -0.006565
v -0.009180 0.030219 -0.006368
v -0.009546 0.027800 -0.006870
v -0.009211 0.030207 0.006384
v -0.009515 0.029969 0.006809
v -0.009546 0.027800 0.006870
v -0.010200 0.030224 -0.006372
v -0.009576 0.028339 -0.008942
v -0.009136 0.028282 -0.009192
v -0.009169 0.028462 -0.009160
v -0.009244 0.028608 -0.009077
v -0.009575 0.028339 0.008941
v -0.009136 0.028282 0.009192
v -0.009168 0.028460 0.009161
v -0.009712 0.020400 -0.008863
v -0.009712 0.028357 -0.008863
v -0.009708 0.028356 -0.008867
v -0.009241 0.028608 0.009081
v -0.009509 0.028644 0.008937
v -0.010200 0.030224 0.006372
v -0.009273 0.028674 0.009046
v -0.009296 0.028710 -0.009019
v -0.009509 0.028644 -0.008937
v -0.009406 0.028867 0.008857
v -0.009404 0.028864 -0.008855
v -0.009533 0.029936 -0.006877
v -0.010200 0.030140 -0.006500
v -0.009443 0.028921 -0.008795
v -0.009448 0.028927 0.008798
v -0.009918 0.028720 0.008642
v -0.009748 0.027800 -0.007847
v -0.009463 0.028948 -0.008765
v -0.009918 0.028720 -0.008642
v -0.009463 0.028949 0.008776
v -0.009763 0.029010 0.008566
v -0.009748 0.027800 0.007847
v -0.009485 0.028981 0.008744
v -0.009529 0.029042 -0.008665
v -0.009763 0.029010 -0.008566
v -0.009606 0.029172 0.008454
v -0.009712 0.028357 0.008863
v -0.009720 0.028358 0.008858
v -0.009539 0.029937 0.006873
v -0.010200 0.030140 0.006500
v -0.009607 0.029172 -0.008455
v -0.009612 0.029860 -0.007020
v -0.009697 0.029728 0.007292
v -0.010099 0.029817 0.007111
v -0.009749 0.029509 -0.007802
v -0.009737 0.029625 -0.007523
v -0.009749 0.029509 0.007802
v -0.009663 0.029260 0.008318
v -0.009659 0.029259 -0.008314
v -0.010090 0.029788 -0.007167
v -0.010099 0.029817 -0.007111
v -0.009694 0.029317 -0.008219
v -0.010105 0.029438 -0.007830
v -0.010370 0.029222 -0.007907
v -0.009678 0.029284 0.008283
v -0.010105 0.029438 0.007830
v -0.010370 0.029222 0.007907
v -0.009743 0.029488 0.007847
v -0.009743 0.029488 -0.007847
v -0.009807 0.029556 0.007695
v -0.010090 0.029788 0.007167
v -0.010200 0.019599 0.009500
v -0.010563 0.020400 -0.008012
v -0.009993 0.028417 -0.008621
v -0.010563 0.020400 0.008012
v -0.009995 0.028416 0.008622
v -0.009807 0.029556 -0.007695
v -0.010274 0.028816 0.008295
v -0.010441 0.029723 0.007159
v -0.010235 0.028469 -0.008413
v -0.010274 0.028816 -0.008295
v -0.010219 0.028464 0.008429
v -0.010441 0.029723 -0.007159
v -0.010428 0.030117 -0.006487
v -0.010496 0.019455 -0.009455
v -0.010636 0.042165 -0.000484
v -0.010636 0.042165 0.000484
v -0.010636 0.041893 -0.001412
v -0.010636 0.041893 0.001412
v -0.010636 0.041369 -0.002226
v -0.010636 0.041369 0.002226
v -0.010636 0.040638 -0.002860
v -0.010636 0.040638 0.002860
v -0.010636 0.039758 -0.003262
v -0.010636 0.039758 0.003262
v -0.010636 0.038800 -0.003400
v -0.010636 0.038800 0.003400
v -0.010428 0.033143 0.003474
v -0.010428 0.033143 -0.003474
v -0.010428 0.032801 -0.003532
v -0.010428 0.032498 -0.003702
v -0.010428 0.032801 0.003532
v -0.010428 0.031592 -0.004530
v -0.010428 0.032498 0.003702
v -0.010428 0.031592 0.004530
v -0.010428 0.030795 -0.005463
v -0.010428 0.030795 0.005463
v -0.010428 0.030117 0.006487
v -0.010238 0.019577 0.009499
v -0.010568 0.020400 0.008007
v -0.010428 0.009050 -0.009410
v -0.010428 0.009547 -0.009474
v -0.010428 0.009547 0.009474
v -0.010534 0.019441 0.009443
v -0.010428 0.009050 0.009410
v -0.010439 0.007671 -0.008935
v -0.010439 0.007671 0.008935
v -0.010439 0.006377 -0.008262
v -0.010439 0.005199 -0.007402
v -0.010439 0.006377 0.008262
v -0.010439 0.005199 0.007402
v -0.010428 0.004160 -0.006378
v -0.010428 0.004160 0.006378
v -0.010428 0.003801 -0.005774
v -0.010428 0.003676 -0.005083
v -0.010428 0.003801 0.005774
v -0.010428 0.003676 0.005083
v -0.010360 0.028513 0.008253
v -0.010360 0.028513 -0.008253
v -0.010569 0.028932 -0.007911
v -0.010569 0.028932 0.007911
v -0.010557 0.028580 0.008007
v -0.010553 0.028582 -0.008005
v -0.010973 0.029227 -0.007065
v -0.010752 0.029517 -0.007145
v -0.010752 0.029517 0.007145
v -0.010973 0.029227 0.007065
v -0.010691 0.038800 -0.003355
v -0.010691 0.033143 -0.003347
v -0.010691 0.033143 0.003347
v -0.010821 0.032738 -0.003353
v -0.010821 0.032379 -0.003554
v -0.010821 0.032738 0.003353
v -0.010821 0.031456 -0.004398
v -0.010821 0.032379 0.003554
v -0.010821 0.030643 -0.005349
v -0.010821 0.031456 0.004398
v -0.010559 0.030062 -0.006455
v -0.010559 0.030062 0.006455
v -0.010821 0.030643 0.005349
v -0.010438 0.009051 -0.009405
v -0.010538 0.009547 -0.009421
v -0.010543 0.019443 -0.009432
v -0.010438 0.009051 0.009405
v -0.010540 0.009547 0.009420
v -0.010547 0.019437 0.009436
v -0.010438 0.004164 -0.006375
v -0.010438 0.004164 0.006375
v -0.010691 0.003803 -0.005083
v -0.010821 0.003979 -0.005708
v -0.010821 0.003979 0.005708
v -0.010691 0.003803 0.005083
v -0.010830 0.007748 -0.008756
v -0.010821 0.009098 -0.009226
v -0.010821 0.009098 0.009226
v -0.010821 0.004303 -0.006253
v -0.010830 0.005325 0.007254
v -0.010821 0.004303 0.006253
v -0.010830 0.006480 -0.008096
v -0.010830 0.007748 0.008756
v -0.010830 0.005325 -0.007254
v -0.010830 0.006480 0.008096
v -0.010821 0.029953 -0.006392
v -0.010821 0.029953 0.006392
v -0.010821 0.009547 -0.009284
v -0.010791 0.019374 -0.009306
v -0.010821 0.009547 0.009284
v -0.010784 0.019375 0.009312
v -0.010660 0.028619 -0.007867
v -0.010628 0.028605 0.007917
v -0.010899 0.019374 -0.009199
v -0.011200 0.019599 -0.008500
v -0.010568 0.020400 -0.008007
v -0.011131 0.019443 -0.008843
v -0.011200 0.019627 -0.008450
v -0.011200 0.019737 -0.008254
v -0.011200 0.020132 -0.007396
v -0.011073 0.020400 -0.006922
v -0.011200 0.020061 0.007576
v -0.011200 0.019622 0.008453
v -0.011200 0.019599 0.008500
v -0.011140 0.019440 0.008839
v -0.011013 0.019375 0.009082
v -0.010901 0.019375 0.009194
v -0.011200 0.020271 0.006936
v -0.011073 0.020400 0.006922
v -0.010670 0.028625 -0.007848
v -0.010665 0.028627 0.007846
v -0.010941 0.028788 0.007321
v -0.010984 0.041639 -0.001296
v -0.010984 0.041889 -0.000444
v -0.010984 0.041889 0.000444
v -0.010984 0.041159 -0.002044
v -0.010984 0.041639 0.001296
v -0.010984 0.040487 -0.002625
v -0.010984 0.041159 0.002044
v -0.010984 0.039679 -0.002994
v -0.010984 0.040487 0.002625
v -0.010984 0.039679 0.002994
v -0.010691 0.038800 0.003355
v -0.010947 0.028793 -0.007306
v -0.010821 0.033143 -0.003284
v -0.010821 0.033143 0.003284
v -0.010821 0.003866 -0.005083
v -0.010821 0.003866 0.005083
v -0.010984 0.038800 -0.003121
v -0.010984 0.038800 0.003121
v -0.010892 0.029876 0.006348
v -0.011100 0.029651 0.006218
v -0.011100 0.029651 -0.006218
v -0.010892 0.029876 -0.006348
v -0.011055 0.033143 -0.002991
v -0.011055 0.033143 0.002991
v -0.011100 0.032160 -0.003283
v -0.011100 0.032622 -0.003025
v -0.011100 0.032622 0.003025
v -0.011100 0.031206 -0.004156
v -0.011100 0.032160 0.003283
v -0.011100 0.030365 -0.005140
v -0.011100 0.031206 0.004156
v -0.011100 0.030365 0.005140
v -0.010892 0.009547 -0.009195
v -0.010895 0.009547 0.009191
v -0.011105 0.007886 -0.008433
v -0.011100 0.009186 -0.008890
v -0.011100 0.009186 0.008890
v -0.011100 0.004305 -0.005586
v -0.011100 0.004566 -0.006025
v -0.011105 0.005553 0.006986
v -0.011100 0.004566 0.006025
v -0.011055 0.004158 -0.005083
v -0.011100 0.004305 0.005586
v -0.011055 0.004158 0.005083
v -0.011105 0.006665 -0.007797
v -0.011105 0.007886 0.008433
v -0.011105 0.005553 -0.006986
v -0.011105 0.006665 0.007797
v -0.011100 0.009547 -0.008936
v -0.011100 0.009547 0.008936
v -0.011008 0.019374 -0.009089
v -0.011055 0.028921 0.006938
v -0.011056 0.028921 -0.006938
v -0.011135 0.029014 -0.006670
v -0.011116 0.029590 -0.006182
v -0.011061 0.028927 -0.006919
v -0.011200 0.029274 0.006000
v -0.011136 0.029016 0.006664
v -0.011061 0.028927 0.006919
v -0.011116 0.029590 0.006182
v -0.011174 0.041282 -0.001133
v -0.011174 0.041500 -0.000388
v -0.011174 0.041500 0.000388
v -0.011174 0.040862 -0.001787
v -0.011174 0.041282 0.001133
v -0.011174 0.040275 -0.002295
v -0.011174 0.040862 0.001787
v -0.011174 0.039569 -0.002618
v -0.011174 0.040275 0.002295
v -0.011047 0.038800 -0.002991
v -0.011174 0.039569 0.002618
v -0.011047 0.038800 0.002991
v -0.011121 0.009547 -0.008842
v -0.011123 0.009547 0.008835
v -0.011174 0.038800 -0.002728
v -0.011100 0.033143 -0.002936
v -0.011174 0.038800 0.002728
v -0.011100 0.033143 0.002936
v -0.011100 0.004214 -0.005083
v -0.011100 0.004214 0.005083
v -0.011082 0.020400 0.006903
v -0.011200 0.020262 -0.006939
v -0.011082 0.020400 -0.006903
v -0.011200 0.020332 -0.006692
v -0.011200 0.020400 -0.006000
v -0.011200 0.020400 0.006000
v -0.011200 0.020394 0.006198
v -0.011200 0.020294 0.006868
v -0.011200 0.033143 -0.002500
v -0.011200 0.032476 -0.002614
v -0.011200 0.033143 0.002500
v -0.011200 0.031886 -0.002944
v -0.011200 0.032476 0.002614
v -0.011200 0.030892 -0.003853
v -0.011200 0.031886 0.002944
v -0.011200 0.030017 -0.004877
v -0.011200 0.030892 0.003853
v -0.011200 0.030017 0.004877
v -0.011200 0.008043 -0.008067
v -0.011194 0.009289 -0.008492
v -0.011194 0.009289 0.008492
v -0.011194 0.004876 -0.005756
v -0.011200 0.005811 0.006683
v -0.011194 0.004876 0.005756
v -0.011200 0.004650 -0.005083
v -0.011200 0.004713 -0.005433
v -0.011200 0.004713 0.005433
v -0.011200 0.004650 0.005083
v -0.011200 0.006875 -0.007459
v -0.011200 0.008043 0.008067
v -0.011200 0.005811 -0.006683
v -0.011200 0.006875 0.007459
v -0.011200 0.029274 -0.006000
v -0.011200 0.009547 -0.008500
v -0.011156 0.019456 -0.008794
v -0.011200 0.009547 0.008500
v -0.011143 0.019441 0.008832
v -0.011200 0.041275 -0.000356
v -0.011200 0.041300 0.000000
v -0.011200 0.041074 -0.001038
v -0.011200 0.041275 0.000356
v -0.011200 0.040689 -0.001637
v -0.011200 0.041074 0.001038
v -0.011200 0.040152 -0.002103
v -0.011200 0.040689 0.001637
v -0.011200 0.039504 -0.002399
v -0.011200 0.040152 0.002103
v -0.011200 0.038800 -0.002500
v -0.011200 0.039504 0.002399
v -0.011200 0.038800 0.002500
v -0.011200 0.009295 -0.008468
v -0.011200 0.009295 0.008468
v -0.011200 0.008058 0.008030
v -0.011200 0.004895 -0.005739
v -0.011200 0.005837 -0.006653
v -0.011200 0.004895 0.005739
v -0.011200 0.008068 -0.008003
v -0.011200 0.007540 -0.007803
v -0.011200 0.007889 0.007971
v -0.011200 0.005966 -0.006778
v -0.011200 0.006915 -0.007396
v -0.011200 0.006913 0.007395
v -0.011200 0.006271 0.007016
v -0.011200 0.005857 0.006632
vn 0.9999 0.0132 -0.0000
vn 0.9999 0.0137 -0.0007
vn 1.0000 0.0052 -0.0007
vn 1.0000 -0.0000 -0.0000
vn 1.0000 0.0001 -0.0000
vn 0.9999 0.0144 0.0021
vn 1.0000 0.0047 0.0007
vn 1.0000 0.0048 0.0003
vn 0.9314 0.3559 -0.0760
vn 1.0000 0.0055 -0.0022
vn 1.0000 0.0069 0.0030
vn 0.9992 0.0384 0.0082
vn 0.9999 0.0105 0.0046
vn 1.0000 0.0069 0.0031
vn 0.9998 0.0165 -0.0074
vn 1.0000 0.0079 -0.0060
vn 1.0000 0.0002 -0.0000
vn 0.9999 0.0082 -0.0062
vn 0.9999 0.0133 0.0104
vn 1.0000 0.0052 0.0039
vn 1.0000 0.0053 0.0042
vn 1.0000 0.0052 -0.0038
vn 1.0000 0.0052 -0.0039
vn 1.0000 0.0033 -0.0042
vn 0.9977 0.0449 -0.0505
vn 0.9977 0.0449 0.0505
vn 1.0000 0.0029 0.0038
vn 1.0000 0.0020 -0.0047
vn 0.9999 0.0050 -0.0100
vn 0.9999 0.0085 -0.0133
vn 0.9999 0.0072 0.0112
vn 0.9999 0.0054 0.0133
vn 1.0000 0.0019 0.0047
vn 1.0000 0.0023 0.0045
vn 1.0000 0.0032 -0.0075
vn 1.0000 0.0018 -0.0048
vn 0.9999 0.0043 -0.0167
vn 1.0000 0.0007 -0.0052
vn 1.0000 0.0008 0.0064
vn 0.9942 0.0325 0.1028
vn 0.9999 -0.0006 -0.0123
vn 0.9998 0.0017 -0.0175
vn 0.9998 0.0017 0.0175
vn 0.9999 -0.0014 0.0105
vn 0.9999 -0.0012 0.0105
vn 1.0000 -0.0009 0.0063
vn 0.9999 -0.0006 -0.0120
vn 0.9999 -0.0019 -0.0112
vn 1.0000 -0.0011 -0.0046
vn 0.9999 -0.0010 -0.0162
vn 0.9970 -0.0250 0.0737
vn 1.0000 -0.0019 0.0044
vn 0.9732 -0.0739 -0.2177
vn 1.0000 -0.0029 -0.0051
vn 1.0000 -0.0028 -0.0051
vn 0.9999 -0.0064 0.0120
vn 0.9999 -0.0074 0.0111
vn 0.9933 -0.0611 -0.0978
vn 0.9932 -0.0540 -0.1030
vn 0.9999 -0.0062 0.0118
vn 0.9999 -0.0076 0.0112
vn 0.9932 -0.0186 -0.1147
vn 0.9932 -0.0539 -0.1030
vn 0.9931 -0.0580 0.1016
vn 0.9932 -0.0186 0.1147
vn 0.9934 -0.0000 -0.1147
vn 0.9934 -0.0000 0.1147
vn 0.9930 0.0271 -0.1147
vn 0.9899 0.0316 0.1385
vn 0.9932 0.0176 0.1147
vn 0.9961 0.0202 -0.0855
vn 0.9891 0.0223 -0.1454
vn 0.9892 0.0645 -0.1313
vn 0.9961 0.0553 0.0683
vn 0.9899 0.0903 -0.1096
vn 0.9930 0.0742 0.0916
vn 0.9892 0.0645 0.1313
vn 0.9891 0.1015 0.1065
vn 0.9932 0.0800 -0.0840
vn 0.9934 0.0932 -0.0671
vn 0.9934 0.0932 0.0671
vn 0.9934 0.0975 -0.0607
vn 0.9946 0.0863 -0.0578
vn 0.9955 0.0806 0.0502
vn 0.9954 -0.0000 -0.0954
vn 0.9908 0.0632 -0.1195
vn 0.9954 -0.0000 0.0961
vn 0.9934 0.0955 0.0640
vn 0.9908 0.0628 0.1201
vn 0.9915 -0.0027 -0.1301
vn 0.2150 0.9762 -0.0282
vn 0.5992 0.7968 0.0786
vn 0.9915 -0.0027 0.1301
vn 0.6817 0.7235 -0.1086
vn 0.7209 0.6666 0.1895
vn 0.6868 0.6907 -0.2264
vn 0.5848 0.7708 -0.2528
vn 0.6594 0.6862 -0.3070
vn 0.6594 0.6863 -0.3070
vn 0.7101 0.6773 0.1923
vn 0.6784 0.6633 0.3157
vn 0.6194 0.7131 0.3283
vn 0.5871 0.7620 0.2733
vn 0.6168 0.7038 -0.3524
vn 0.5859 0.7067 0.3966
vn 0.5597 0.7075 -0.4315
vn 0.4553 0.7724 -0.4428
vn 0.9857 -0.0000 -0.1686
vn 0.9889 -0.0000 0.1488
vn 0.5016 0.7050 0.5014
vn 0.5622 0.7079 0.4275
vn 0.8884 -0.0124 -0.4589
vn 0.9747 -0.0021 -0.2236
vn 0.9742 -0.0307 -0.2235
vn 0.9747 -0.0028 0.2236
vn 0.9742 -0.0307 0.2235
vn 0.9745 -0.0776 -0.2104
vn 0.9742 -0.0307 -0.2234
vn 0.9745 -0.0777 0.2107
vn 0.9745 -0.0777 0.2103
vn 0.9742 -0.0307 0.2234
vn 0.9745 -0.0778 -0.2107
vn 0.9745 -0.1107 -0.1954
vn 0.9745 -0.1106 0.1951
vn 0.9745 -0.1107 0.1954
vn 0.9745 -0.1105 -0.1951
vn 0.9740 -0.1557 -0.1643
vn 0.9740 -0.1557 0.1643
vn 0.9740 -0.2000 -0.1060
vn 0.9740 -0.2000 0.1060
vn 0.9740 -0.2234 -0.0366
vn 0.9740 -0.2234 0.0366
vn 0.9747 -0.2235 -0.0000
vn 0.9618 0.2733 0.0144
vn 0.9729 0.2308 -0.0122
vn 0.9727 0.2269 -0.0486
vn 0.9727 0.2269 0.0486
vn 0.9727 0.2321 -0.0000
vn 0.9727 0.2117 -0.0950
vn 0.9727 0.2118 -0.0950
vn 0.9727 0.2117 0.0950
vn 0.9727 0.1872 -0.1372
vn 0.9727 0.1871 -0.1372
vn 0.9727 0.1872 0.1372
vn 0.9727 0.2118 0.0950
vn 0.9727 0.1543 -0.1733
vn 0.9727 0.1543 -0.1734
vn 0.9727 0.1543 0.1733
vn 0.9729 0.1246 -0.1947
vn 0.9729 0.1246 0.1947
vn 0.9727 0.1543 0.1734
vn 0.9682 0.1236 -0.2177
vn 0.9729 0.1034 -0.2067
vn 0.9618 0.1224 0.2447
vn 0.9727 0.0698 -0.2213
vn 0.9619 0.0958 -0.2561
vn 0.9727 0.0698 0.2213
vn 0.9727 0.1146 0.2018
vn 0.9729 0.0578 -0.2238
vn 0.9727 0.0219 -0.2310
vn 0.9727 0.0219 0.2310
vn 0.9727 -0.0269 -0.2305
vn 0.9620 -0.0175 -0.2724
vn 0.9727 -0.0269 0.2305
vn 0.9729 -0.0391 -0.2278
vn 0.9727 -0.0746 -0.2198
vn 0.9727 -0.0746 0.2198
vn 0.9934 -0.0610 -0.0977
vn 0.9730 -0.1029 -0.2068
vn 0.9729 -0.1082 0.2043
vn 0.9729 -0.1290 0.1919
vn 0.9730 -0.1290 0.1917
vn 0.9682 -0.1283 0.2150
vn 0.9703 -0.0780 0.2291
vn 0.9932 -0.0539 -0.1029
vn 0.9001 -0.2395 -0.3639
vn 0.8982 -0.2040 -0.3893
vn 0.8982 -0.0704 -0.4339
vn 0.9702 -0.0781 0.2293
vn 0.8942 -0.2485 0.3724
vn 0.8982 -0.0704 0.4339
vn 0.9004 -0.0000 -0.4350
vn 0.9004 -0.0000 0.4350
vn 0.8984 0.0666 -0.4340
vn 0.8984 0.0666 0.4340
vn 0.8984 0.1936 -0.3941
vn 0.8984 0.1936 0.3941
vn 0.8985 0.3028 -0.3179
vn 0.8984 0.3029 -0.3179
vn 0.8984 0.3029 0.3180
vn 0.9001 0.3620 -0.2426
vn 0.9001 0.3619 -0.2426
vn 0.9001 0.3620 0.2426
vn 0.9001 0.3619 0.2426
vn 0.8985 0.3029 0.3179
vn 0.8331 0.3970 -0.3851
vn 0.8923 0.3060 -0.3319
vn 0.8983 0.3412 0.2768
vn 0.8340 0.3963 0.3839
vn 0.9562 0.1629 0.2432
vn 0.8941 -0.0011 0.4478
vn 0.4924 0.7178 0.4923
vn 0.5018 0.7348 0.4563
vn 0.5244 0.7142 -0.4635
vn 0.8873 -0.0020 -0.4613
vn 0.9584 0.0018 -0.2855
vn 0.9588 0.0013 0.2841
vn 0.9066 0.0058 0.4220
vn 0.8943 -0.0011 0.4475
vn 0.5019 0.7349 0.4562
vn 0.9747 0.0064 -0.2234
vn 0.9743 -0.0307 -0.2233
vn 0.9747 0.0068 0.2234
vn 0.9743 -0.0307 0.2233
vn 0.9603 0.1733 -0.2186
vn 0.8983 0.3413 -0.2768
vn 0.8983 0.3413 0.2768
vn 0.7858 0.6185 -0.0000
vn 0.7858 0.6048 -0.1295
vn 0.7858 0.6048 0.1295
vn 0.7858 0.5643 -0.2532
vn 0.7858 0.5643 0.2532
vn 0.7858 0.4988 -0.3657
vn 0.7858 0.4988 0.3657
vn 0.7858 0.4112 -0.4620
vn 0.7858 0.4112 0.4620
vn 0.7858 0.3054 -0.5379
vn 0.7858 0.3053 -0.5378
vn 0.7858 0.3054 0.5379
vn 0.7858 0.1860 -0.5898
vn 0.7858 0.1860 0.5898
vn 0.7858 0.3054 0.5378
vn 0.7858 0.0584 -0.6157
vn 0.7858 0.0584 0.6157
vn 0.7858 0.1860 0.5899
vn 0.7858 -0.0718 -0.6143
vn 0.7858 -0.0718 0.6143
vn 0.7858 -0.1988 -0.5857
vn 0.7858 -0.1988 0.5857
vn 0.7867 -0.2995 -0.5399
vn 0.7856 -0.3170 0.5313
vn 0.7858 -0.3170 0.5311
vn 0.7858 -0.1987 0.5857
vn 0.7780 -0.2407 0.5804
vn 0.7081 -0.0051 -0.7061
vn 0.7800 -0.0008 -0.6257
vn 0.7772 -0.0857 -0.6234
vn 0.7800 -0.0009 0.6257
vn 0.7082 -0.0053 0.7060
vn 0.7772 -0.0857 0.6234
vn 0.7791 -0.2172 -0.5881
vn 0.7772 -0.0856 -0.6234
vn 0.7791 -0.2171 0.5881
vn 0.7772 -0.0856 0.6234
vn 0.7791 -0.3089 -0.5455
vn 0.7791 -0.3089 0.5455
vn 0.7791 -0.2172 0.5881
vn 0.7760 -0.4338 -0.4579
vn 0.7760 -0.4338 -0.4578
vn 0.7760 -0.4337 0.4579
vn 0.7760 -0.5573 -0.2954
vn 0.7760 -0.5573 0.2954
vn 0.7760 -0.4338 0.4579
vn 0.7761 -0.6223 -0.1020
vn 0.7760 -0.6224 -0.1021
vn 0.7760 -0.6224 0.1021
vn 0.7761 -0.6223 0.1020
vn 0.7802 -0.6256 -0.0000
vn 0.9066 0.0014 -0.4220
vn 0.9584 0.0014 -0.2854
vn 0.9584 0.0014 -0.2855
vn 0.9066 -0.0021 -0.4220
vn 0.8867 -0.0081 -0.4624
vn 0.8864 -0.0081 -0.4628
vn 0.9588 0.0013 0.2840
vn 0.8914 -0.0074 0.4531
vn 0.9066 -0.0031 0.4220
vn 0.9397 0.1211 0.3197
vn 0.9400 0.1181 -0.3199
vn 0.9397 0.1210 0.3198
vn 0.7801 -0.6257 -0.0000
vn 0.9399 0.1179 -0.3203
vn 0.9005 -0.0000 -0.4350
vn 0.9005 -0.0000 0.4349
vn 0.9005 -0.0000 0.4350
vn 0.8985 0.0666 -0.4340
vn 0.8985 0.0666 0.4340
vn 0.4880 0.7238 -0.4878
vn 0.4879 0.7241 0.4875
vn 0.6243 -0.4166 -0.6608
vn 0.6206 -0.3640 -0.6945
vn 0.6207 -0.1255 -0.7739
vn 0.6207 -0.3639 -0.6945
vn 0.7779 -0.2406 0.5805
vn 0.6145 -0.4209 0.6673
vn 0.6207 -0.1255 0.7739
vn 0.6257 -0.0000 -0.7801
vn 0.6257 -0.0000 0.7801
vn 0.6212 0.1188 -0.7746
vn 0.6212 0.1188 0.7746
vn 0.6212 0.3455 -0.7034
vn 0.6212 0.3456 -0.7034
vn 0.6212 0.1187 -0.7746
vn 0.6212 0.1187 0.7746
vn 0.6212 0.3455 0.7034
vn 0.6212 0.5406 -0.5674
vn 0.6212 0.5405 -0.5674
vn 0.6212 0.3456 0.7033
vn 0.6212 0.5405 0.5674
vn 0.6249 0.6485 -0.4347
vn 0.6248 0.6486 -0.4348
vn 0.6249 0.6485 0.4347
vn 0.6248 0.6486 0.4348
vn 0.6256 0.6649 -0.4080
vn 0.7813 0.4882 -0.3889
vn 0.6256 0.6649 0.4080
vn 0.7813 0.4882 0.3889
vn 0.8485 0.2190 -0.4818
vn 0.7066 0.4917 -0.5089
vn 0.7381 0.4161 -0.5311
vn 0.7066 0.4917 0.5089
vn 0.8600 0.1852 0.4755
vn 0.8372 0.2263 0.4979
vn 0.7381 0.4161 0.5311
vn 0.8519 0.1636 -0.4975
vn 0.4881 0.7238 -0.4877
vn 0.7082 0.0008 -0.7060
vn 0.7803 -0.0008 -0.6254
vn 0.7081 0.0006 0.7061
vn 0.7801 -0.0009 0.6257
vn 0.4737 0.7160 0.5127
vn 0.4384 0.7846 0.4385
vn 0.6248 0.6486 -0.4347
vn 0.6255 0.6650 -0.4080
vn 0.6248 0.6486 0.4347
vn 0.6255 0.6650 0.4080
vn 0.7774 -0.0856 -0.6231
vn 0.7774 -0.0856 0.6231
vn 0.4432 0.8964 -0.0000
vn 0.4432 0.8766 -0.1876
vn 0.4432 0.8765 -0.1877
vn 0.4432 0.8766 0.1877
vn 0.4432 0.8178 -0.3670
vn 0.4432 0.8179 -0.3670
vn 0.4432 0.8179 0.3670
vn 0.4432 0.8765 0.1876
vn 0.4432 0.7230 -0.5300
vn 0.4432 0.7230 0.5300
vn 0.4432 0.5960 -0.6696
vn 0.4432 0.5960 0.6697
vn 0.4432 0.4426 -0.7796
vn 0.4431 0.4426 -0.7796
vn 0.4432 0.4426 0.7795
vn 0.4432 0.5960 0.6696
vn 0.4431 0.2696 -0.8550
vn 0.4432 0.2696 -0.8549
vn 0.4434 0.2696 0.8548
vn 0.4431 0.4426 0.7796
vn 0.4432 0.0847 -0.8924
vn 0.4432 0.0847 0.8924
vn 0.4432 0.2696 0.8549
vn 0.4432 -0.1040 -0.8904
vn 0.4431 -0.1040 -0.8904
vn 0.4432 -0.1040 0.8904
vn 0.4432 -0.2881 -0.8489
vn 0.4431 -0.2881 -0.8489
vn 0.4432 -0.2881 0.8489
vn 0.4431 -0.1040 0.8904
vn 0.6244 -0.4165 -0.6608
vn 0.4438 -0.4438 -0.7785
vn 0.4433 -0.4594 0.7697
vn 0.4432 -0.4594 0.7698
vn 0.4431 -0.2881 0.8489
vn 0.4353 -0.3574 0.8263
vn 0.4351 -0.0011 -0.9004
vn 0.4319 -0.1227 -0.8935
vn 0.4349 -0.0009 0.9005
vn 0.4316 -0.1228 0.8937
vn 0.4338 -0.3121 -0.8452
vn 0.4316 -0.1227 -0.8937
vn 0.4338 -0.3121 0.8452
vn 0.4338 -0.4440 -0.7840
vn 0.4338 -0.4439 -0.7841
vn 0.4338 -0.4440 0.7841
vn 0.4303 -0.6209 -0.6553
vn 0.4303 -0.6208 -0.6553
vn 0.4338 -0.4439 0.7840
vn 0.4303 -0.6209 0.6553
vn 0.4303 -0.7975 -0.4228
vn 0.4304 -0.7975 -0.4227
vn 0.4304 -0.7975 0.4228
vn 0.4303 -0.6208 0.6553
vn 0.4303 -0.8908 -0.1461
vn 0.4303 -0.8908 0.1461
vn 0.4303 -0.7976 0.4228
vn 0.4350 -0.9005 -0.0000
vn 0.4495 -0.0015 0.8933
vn 0.4575 0.7345 -0.5012
vn 0.4628 -0.0021 -0.8864
vn 0.5015 0.7237 -0.4741
vn 0.4892 0.7022 -0.5173
vn 0.5015 0.7237 0.4741
vn 0.4892 0.7022 0.5173
vn 0.6206 -0.1256 -0.7740
vn 0.6255 -0.0000 -0.7802
vn 0.6255 -0.0000 0.7802
vn 0.6206 -0.1256 0.7740
vn 0.6214 0.1189 -0.7744
vn 0.6214 0.1189 0.7744
vn 0.4349 -0.9005 -0.0000
vn 0.4303 -0.8908 -0.1460
vn 0.4303 -0.8908 0.1460
vn 0.8521 0.1637 -0.4971
vn 0.7889 0.0014 0.6145
vn 0.7072 0.0041 0.7070
vn 0.7636 0.1342 0.6315
vn 0.2227 -0.5153 -0.8275
vn 0.2208 -0.4527 -0.8639
vn 0.2209 -0.4526 -0.8639
vn 0.2209 -0.1562 -0.9627
vn 0.2177 -0.5176 0.8275
vn 0.2209 -0.1562 0.9627
vn 0.2236 -0.0000 -0.9747
vn 0.2236 -0.0000 0.9747
vn 0.2212 0.1478 -0.9640
vn 0.2211 0.1481 -0.9640
vn 0.2212 0.1478 0.9640
vn 0.2212 0.4301 -0.8753
vn 0.2212 0.4301 0.8753
vn 0.2211 0.6727 -0.7061
vn 0.2212 0.4300 -0.8753
vn 0.2212 0.6726 -0.7062
vn 0.2212 0.4300 0.8753
vn 0.2212 0.6727 0.7061
vn 0.2231 0.8097 -0.5428
vn 0.2228 0.8098 -0.5428
vn 0.2228 0.8098 0.5428
vn 0.2231 0.8097 0.5428
vn 0.2211 0.6726 0.7062
vn 0.2232 0.8590 -0.4607
vn 0.2236 0.8589 0.4607
vn 0.7815 0.0010 -0.6239
vn 0.7527 0.1484 -0.6414
vn 0.7631 0.1449 -0.6298
vn 0.6388 0.4471 -0.6261
vn 0.6388 0.4471 0.6261
vn 0.7662 0.1333 0.6287
vn 0.7072 0.0009 -0.7070
vn 0.4573 0.7346 -0.5013
vn 0.4387 0.7425 -0.5062
vn 0.4336 0.7453 -0.5065
vn 0.4336 0.7453 -0.5066
vn 0.5017 0.7047 -0.5016
vn 0.2231 0.8097 -0.5427
vn 0.1743 0.8716 -0.4582
vn 0.2236 0.8462 -0.4837
vn 0.2236 0.8460 -0.4840
vn 0.2231 0.8097 0.5427
vn 0.2236 0.8460 0.4840
vn 0.2191 0.8602 0.4606
vn 0.6527 -0.0115 -0.7575
vn 0.6528 -0.0115 -0.7575
vn 0.7817 0.0009 -0.6236
vn 0.7815 0.0009 -0.6239
vn 0.4995 -0.0392 -0.8654
vn 0.7071 -0.0000 -0.7071
vn 0.5016 0.7048 -0.5016
vn 0.7890 0.0014 0.6144
vn 0.6537 -0.0111 0.7567
vn 0.7071 -0.0035 0.7071
vn 0.7581 0.1268 -0.6397
vn 0.7650 0.1291 0.6310
vn 0.4630 -0.0026 -0.8864
vn 0.4352 -0.0021 -0.9003
vn 0.4496 -0.0017 0.8932
vn 0.4350 -0.0015 0.9004
vn 0.4627 0.7140 0.5255
vn 0.4317 -0.1228 0.8936
vn 0.1877 -0.0008 -0.9822
vn 0.1147 0.0023 -0.9934
vn 0.1498 -0.0000 0.9887
vn 0.1147 0.0013 0.9934
vn 0.4276 0.7079 0.5621
vn 0.1687 0.8661 -0.4706
vn 0.1678 0.8602 -0.4816
vn 0.4383 0.7267 -0.5290
vn 0.1459 0.8818 -0.4485
vn 0.1678 0.8601 0.4818
vn 0.1677 0.8599 0.4821
vn 0.4383 0.7267 0.5290
vn 0.1695 0.8733 0.4568
vn 0.1197 0.9928 -0.0000
vn 0.1196 0.9708 -0.2078
vn 0.1195 0.9708 -0.2078
vn 0.1197 0.9708 -0.2080
vn 0.1197 0.9708 0.2080
vn 0.1195 0.9708 0.2078
vn 0.1196 0.9058 -0.4065
vn 0.1196 0.9708 0.2078
vn 0.1196 0.9058 0.4065
vn 0.1195 0.8007 -0.5870
vn 0.1194 0.8007 -0.5870
vn 0.1198 0.9058 -0.4063
vn 0.1195 0.8007 0.5870
vn 0.1199 0.8006 0.5871
vn 0.1195 0.9058 0.4065
vn 0.1198 0.9058 0.4063
vn 0.1196 0.6601 -0.7416
vn 0.1197 0.6600 -0.7416
vn 0.1197 0.8008 -0.5868
vn 0.1197 0.6600 0.7416
vn 0.1196 0.8006 0.5872
vn 0.1196 0.4902 -0.8634
vn 0.1197 0.4902 -0.8634
vn 0.1196 0.4902 0.8634
vn 0.1196 0.6600 0.7417
vn 0.1196 0.2986 -0.9469
vn 0.1196 0.2986 0.9469
vn 0.1196 0.0938 -0.9884
vn 0.1197 0.0938 -0.9884
vn 0.1197 0.2986 -0.9468
vn 0.1197 0.2986 0.9468
vn 0.1197 0.0938 0.9884
vn 0.1198 -0.1152 -0.9861
vn 0.1195 -0.1152 -0.9861
vn 0.1196 0.0939 -0.9884
vn 0.1196 0.0938 0.9884
vn 0.1196 0.0939 0.9884
vn 0.1195 -0.1152 0.9861
vn 0.1198 -0.3191 -0.9401
vn 0.1196 -0.3190 -0.9402
vn 0.1197 -0.3190 -0.9402
vn 0.1196 -0.3190 0.9402
vn 0.1198 -0.1152 0.9861
vn 0.1198 -0.3191 0.9401
vn 0.1196 -0.5088 -0.8525
vn 0.1909 -0.5188 -0.8333
vn 0.1197 -0.3190 0.9402
vn 0.1196 -0.5088 0.8525
vn 0.1188 -0.4608 0.8795
vn 0.1195 -0.5088 0.8525
vn 0.1196 -0.5087 0.8526
vn 0.2225 -0.4996 -0.8372
vn 0.1137 -0.1352 -0.9843
vn 0.1138 -0.1352 -0.9843
vn 0.1137 -0.1352 0.9843
vn 0.1144 -0.3442 -0.9319
vn 0.1144 -0.3441 -0.9319
vn 0.1144 -0.3441 0.9319
vn 0.1138 -0.1352 0.9843
vn 0.1144 -0.4895 -0.8645
vn 0.1144 -0.4895 0.8645
vn 0.1144 -0.3442 0.9319
vn 0.1133 -0.6834 -0.7212
vn 0.1132 -0.6833 -0.7213
vn 0.1133 -0.6833 0.7213
vn 0.1132 -0.8778 -0.4654
vn 0.1133 -0.8779 -0.4653
vn 0.1135 -0.8779 0.4653
vn 0.1132 -0.6834 0.7212
vn 0.1133 -0.8779 0.4653
vn 0.1132 -0.9805 -0.1607
vn 0.1133 -0.9805 -0.1607
vn 0.1133 -0.9805 0.1607
vn 0.1147 -0.9934 -0.0000
vn 0.1132 -0.9805 0.1607
vn 0.3892 0.6937 -0.6061
vn 0.3746 0.7250 -0.5780
vn 0.5461 0.5078 -0.6663
vn 0.3889 0.6934 0.6066
vn 0.3737 0.7258 0.5775
vn 0.5645 0.4773 0.6734
vn 0.5170 0.5245 0.6764
vn 0.7583 0.1269 -0.6395
vn 0.6622 0.1755 -0.7285
vn 0.5462 0.4723 -0.6918
vn 0.6629 0.1729 0.7285
vn 0.0188 -0.0000 -0.9998
vn 0.6357 0.1053 0.7647
vn 0.6336 0.1107 -0.7657
vn -0.0080 1.0000 -0.0000
vn 0.0056 0.9778 -0.2095
vn 0.0056 0.9778 0.2095
vn 0.0056 0.9778 -0.2093
vn 0.0056 0.9778 0.2093
vn 0.0095 0.9123 -0.4094
vn -0.0168 0.9591 -0.2826
vn -0.0168 0.9591 0.2826
vn 0.0095 0.9123 0.4094
vn 0.0095 0.9124 -0.4093
vn 0.0095 0.9124 0.4093
vn 0.0035 0.8064 -0.5913
vn -0.0157 0.8401 -0.5422
vn 0.0035 0.8064 0.5913
vn -0.0157 0.8401 0.5422
vn 0.0035 0.8066 -0.5910
vn 0.0035 0.8066 0.5910
vn -0.0043 0.6648 -0.7470
vn -0.0043 0.6648 0.7470
vn 0.0072 0.4937 -0.8696
vn -0.0107 0.6527 -0.7576
vn -0.0107 0.6527 0.7576
vn 0.0072 0.4937 0.8696
vn 0.0538 0.4172 -0.9072
vn 0.0269 0.4600 -0.8875
vn 0.0140 0.4938 -0.8695
vn -0.1222 0.4900 -0.8631
vn 0.1124 0.3598 -0.9262
vn 0.0540 0.4170 -0.9073
vn 0.0141 0.4934 -0.8697
vn 0.0072 0.5187 -0.8549
vn 0.0296 0.4549 0.8901
vn 0.0564 0.4146 0.9083
vn -0.0182 0.4936 0.8695
vn 0.0072 0.5182 0.8552
vn 0.0161 0.4873 0.8731
vn 0.0296 0.3006 -0.9533
vn 0.0748 0.2410 -0.9676
vn -0.0006 0.3794 0.9252
vn 0.0131 0.3247 0.9457
vn 0.0306 0.3006 0.9533
vn -0.0240 0.3007 -0.9534
vn 0.0295 0.2313 -0.9724
vn 0.0281 0.2431 0.9696
vn 0.0282 0.3007 0.9533
vn 0.0334 0.0944 -0.9950
vn 0.0146 0.1118 -0.9936
vn -0.0032 0.2356 0.9719
vn 0.0073 0.0945 0.9955
vn -0.0692 0.0941 -0.9932
vn -0.0111 -0.0145 -0.9998
vn -0.0111 -0.0144 -0.9998
vn -0.0099 0.0944 0.9955
vn 0.0683 0.1418 0.9875
vn -0.0099 0.0146 0.9998
vn 0.0191 -0.1160 -0.9931
vn 0.0469 -0.1394 -0.9891
vn -0.0132 0.0143 0.9998
vn 0.0248 -0.1160 0.9929
vn 0.0272 -0.3213 -0.9466
vn -0.0069 -0.2348 -0.9720
vn 0.0286 -0.1129 0.9932
vn -0.0454 -0.3211 0.9460
vn 0.0238 -0.3213 -0.9467
vn 0.0270 -0.3302 -0.9435
vn 0.0259 -0.3212 0.9466
vn 0.0306 -0.2315 0.9723
vn 0.0259 -0.3282 0.9443
vn -0.0327 -0.5122 -0.8582
vn 0.0021 -0.3812 -0.9245
vn -0.0330 -0.5122 0.8582
vn 0.0012 -0.3842 0.9233
vn 0.0218 -0.3263 0.9450
vn 0.0182 -0.4916 -0.8706
vn 0.0333 -0.4585 -0.8881
vn 0.0621 -0.4180 -0.9063
vn 0.0081 -0.5228 -0.8524
vn 0.0081 -0.5124 -0.8587
vn 0.0592 -0.4208 0.9052
vn 0.0302 -0.4638 0.8854
vn 0.0158 -0.4982 0.8669
vn 0.0157 -0.4983 0.8668
vn 0.0081 -0.5232 0.8522
vn 0.0081 -0.5735 0.8191
vn -0.0000 -0.5124 0.8587
vn -0.0000 -0.5736 -0.8192
vn -0.0000 -0.4641 -0.8858
vn -0.0000 -0.4641 0.8858
vn -0.0000 -0.1602 -0.9871
vn -0.0000 -0.1602 0.9871
vn -0.0000 -0.0000 -1.0000
vn -0.0000 -0.0000 1.0000
vn -0.0000 0.1515 -0.9885
vn -0.0000 0.1515 0.9885
vn -0.0030 0.4411 -0.8975
vn 0.0061 0.2263 -0.9740
vn 0.0061 0.2263 0.9740
vn -0.0030 0.4411 0.8975
vn -0.0030 0.4409 -0.8975
vn -0.0030 0.4409 0.8975
vn -0.0000 0.6897 -0.7241
vn 0.0061 0.6326 -0.7744
vn 0.0061 0.6326 0.7744
vn -0.0000 0.6897 0.7241
vn -0.0083 0.8239 -0.5666
vn -0.0080 0.8306 -0.5568
vn -0.0224 0.8369 -0.5469
vn -0.0225 0.8370 -0.5467
vn -0.0031 0.8145 -0.5802
vn -0.0032 0.8146 -0.5801
vn -0.0000 0.8053 -0.5928
vn -0.0000 0.8051 0.5931
vn -0.0021 0.8117 0.5840
vn -0.0021 0.8116 0.5842
vn -0.0057 0.8198 0.5727
vn -0.0142 0.8304 0.5569
vn -0.0144 0.8306 0.5567
vn 0.0007 0.8842 -0.4671
vn 0.0025 0.8723 -0.4889
vn 0.0018 0.8597 0.5108
vn 0.0149 0.8830 0.4691
vn 0.5016 0.7049 -0.5015
vn 0.3517 0.7038 -0.6172
vn -0.0000 -0.1361 -0.9907
vn 0.0167 -0.2293 -0.9732
vn -0.0000 -0.1036 -0.9946
vn -0.0000 -0.1037 -0.9946
vn 0.0018 -0.1361 0.9907
vn 0.0066 -0.1734 0.9848
vn -0.0000 -0.0415 0.9991
vn -0.0001 -0.3464 -0.9381
vn 0.0434 -0.4518 -0.8911
vn 0.0434 -0.4516 -0.8912
vn 0.0136 -0.3797 -0.9250
vn 0.0008 -0.3118 -0.9502
vn 0.0009 -0.3121 -0.9501
vn -0.0000 -0.2748 -0.9615
vn -0.0000 -0.3011 0.9536
vn -0.0000 -0.3013 0.9535
vn -0.0012 -0.3464 0.9381
vn 0.0334 -0.4313 0.9016
vn 0.0098 -0.3644 0.9312
vn -0.0000 -0.1768 0.9842
vn -0.0000 -0.4927 -0.8702
vn 0.0149 -0.5260 -0.8504
vn -0.0001 -0.4553 -0.8904
vn -0.0014 -0.4355 0.9002
vn 0.0077 -0.4927 0.8702
vn 0.0050 -0.4795 0.8775
vn -0.0000 -0.6878 -0.7259
vn -0.0000 -0.5261 0.8505
vn -0.0000 -0.6878 0.7259
vn -0.0128 -0.7444 -0.6677
vn 0.0064 -0.8835 -0.4684
vn -0.0128 -0.7444 0.6677
vn 0.0064 -0.8835 0.4684
vn 0.0064 -0.8835 -0.4683
vn 0.0064 -0.8835 0.4683
vn -0.0000 -0.9868 -0.1618
vn -0.0128 -0.9704 -0.2413
vn -0.0000 -0.9868 0.1618
vn -0.0128 -0.9704 0.2413
vn -0.0000 -1.0000 -0.0000
vn 0.3945 0.7072 0.5867
vn -0.0088 0.8848 -0.4658
vn -0.0184 0.8926 -0.4504
vn 0.0008 0.8717 -0.4900
vn -0.0017 0.8593 0.5115
vn -0.0018 0.8592 0.5116
vn -0.0036 0.8806 0.4738
vn -0.0110 0.8850 0.4655
vn 0.3519 0.7038 -0.6172
vn 0.3943 0.7066 0.5876
vn 0.5041 0.7013 0.5040
vn 0.1431 0.8883 -0.4364
vn 0.4002 0.6823 -0.6118
vn 0.1427 0.8797 -0.4537
vn 0.1391 0.8772 0.4594
vn 0.1435 0.8891 0.4346
vn 0.3700 0.7124 0.5962
vn 0.1391 0.8772 0.4595
vn 0.0166 0.8830 -0.4691
vn 0.0026 0.8959 -0.4443
vn 0.0018 0.9049 0.4256
vn -0.0109 0.8848 0.4659
vn -0.0118 0.9179 -0.3965
vn 0.0083 0.9048 0.4257
vn -0.0314 0.9214 0.3875
vn 0.6337 0.1107 -0.7656
vn 0.6524 -0.0001 0.7579
vn 0.4535 0.4820 -0.7497
vn 0.5543 0.1819 -0.8122
vn 0.4519 0.4435 -0.7741
vn 0.4524 0.4466 -0.7719
vn 0.4526 0.4841 0.7489
vn 0.4402 0.4396 0.7830
vn 0.4522 0.4816 0.7507
vn 0.5547 0.1801 0.8123
vn 0.3235 0.7155 0.6192
vn 0.0667 0.9000 -0.4307
vn -0.0118 0.9180 -0.3965
vn -0.0311 0.9214 0.3874
vn 0.4489 0.4498 -0.7722
vn 0.4487 0.4496 -0.7723
vn 0.3143 0.7297 -0.6072
vn 0.3141 0.7297 -0.6073
vn 0.3387 0.7290 0.5948
vn 0.3385 0.7292 0.5947
vn 0.4041 0.5185 0.7536
vn -0.9891 -0.0029 0.1469
vn -0.9794 0.0064 -0.2019
vn -0.9910 0.0504 -0.1237
vn -0.9873 0.0233 0.1570
vn -0.9928 0.0802 0.0884
vn -0.9892 -0.0103 -0.1464
vn -0.9891 -0.0029 0.1471
vn -0.9347 0.0583 0.3505
vn -0.9348 0.0583 0.3504
vn -0.9349 0.0582 0.3502
vn -0.8753 0.1536 0.4585
vn -0.9551 0.0027 0.2964
vn -0.0000 1.0000 -0.0000
vn -0.9486 -0.0202 -0.3159
vn -0.8939 0.2031 -0.3996
vn -0.9430 0.0720 -0.3250
vn -0.9430 0.0719 -0.3249
vn -0.9431 0.0718 -0.3248
vn -0.9891 -0.0103 -0.1467
vn -0.9644 -0.0001 0.2644
vn 0.4816 0.1134 -0.8690
vn 0.7072 -0.0001 0.7070
vn 0.6523 -0.0000 0.7580
vn 0.6064 0.2291 0.7614
vn 0.4961 -0.0000 -0.8683
vn 0.4817 0.1134 -0.8690
vn 0.3381 -0.0156 -0.9410
vn 0.7061 0.0548 -0.7059
vn 0.4220 -0.0000 0.9066
vn 0.4955 -0.0124 0.8685
vn 0.4794 0.1163 0.8699
vn 0.4220 -0.0005 -0.9066
vn 0.2758 0.7569 -0.5925
vn 0.2246 0.8022 0.5532
vn 0.3146 0.6666 0.6758
vn -0.9363 -0.0036 -0.3513
vn -0.8039 -0.0001 0.5948
vn -0.9214 0.1873 0.3406
vn -0.8552 0.0657 0.5141
vn 0.4954 -0.0124 0.8686
vn 0.4936 0.0079 0.8697
vn 0.4935 0.0079 0.8697
vn 0.4526 0.1106 0.8848
vn 0.5189 0.2242 0.8249
vn 0.4867 0.0888 0.8691
vn 0.4960 -0.0000 -0.8683
vn 0.4980 0.1168 -0.8593
vn 0.4886 0.0650 -0.8701
vn -0.7599 0.0075 -0.6500
vn -0.9362 -0.0036 -0.3515
vn -0.8032 0.0376 -0.5946
vn 0.4305 0.2517 -0.8668
vn 0.4171 0.4744 -0.7752
vn 0.4305 0.2518 -0.8668
vn 0.4132 0.3025 0.8589
vn 0.4488 0.4841 0.7512
vn 0.4490 0.4841 0.7510
vn -0.8162 -0.0044 0.5778
vn -0.7602 0.0269 0.6491
vn -0.8162 -0.0045 0.5778
vn -0.7604 0.0269 0.6489
vn -0.7638 0.0233 0.6451
vn -0.7782 -0.0000 0.6280
vn -0.8161 -0.0044 0.5779
vn -0.7849 0.0484 -0.6177
vn -0.7848 0.0488 -0.6178
vn -0.8252 -0.0209 -0.5645
vn -0.8251 -0.0209 -0.5646
vn -0.7313 -0.0003 0.6820
vn -0.8032 0.0376 -0.5945
vn -0.6920 -0.0143 0.7217
vn -0.7204 0.0017 0.6935
vn -0.6987 0.0130 -0.7153
vn -0.6852 -0.0026 -0.7284
vn -0.7205 0.0018 0.6934
vn -0.6851 -0.0027 -0.7284
vn -0.6891 -0.0159 -0.7245
vn -0.7318 0.0050 0.6815
vn 0.2265 0.6959 -0.6814
vn -0.6969 -0.0009 0.7172
vn -0.6838 0.0069 -0.7296
vn -0.6403 -0.0036 -0.7681
vn -0.6914 -0.0001 0.7224
vn -0.6749 -0.0078 -0.7379
vn 0.7049 0.0002 0.7093
vn -0.0000 1.0000 -0.0001
vn 0.6873 -0.0000 0.7263
vn 0.3381 -0.0000 0.9411
vn 0.3379 -0.0005 0.9412
vn -0.6836 0.0069 -0.7299
vn -0.6915 -0.0001 0.7224
vn -0.6061 -0.0017 -0.7954
vn -0.6046 0.0009 0.7965
vn 0.0001 -0.0001 1.0000
vn -0.4291 -0.0486 0.9019
vn -0.6045 0.0009 0.7966
vn -0.5725 0.0001 0.8199
vn -0.4777 0.0109 0.8785
vn -0.6013 0.0001 0.7990
vn -0.6045 0.0020 -0.7966
vn -0.6043 0.0020 -0.7967
vn -0.4392 -0.0003 0.8984
vn -0.6760 0.1520 0.7210
vn -0.5281 0.0539 0.8474
vn -0.4759 0.0039 -0.8795
vn -0.5271 -0.0001 -0.8498
vn -0.4844 -0.0044 -0.8748
vn -0.6405 -0.0036 -0.7680
vn -0.3514 0.0079 -0.9362
vn -0.4169 0.0327 -0.9084
vn -0.4892 -0.0001 -0.8722
vn -0.4890 0.0001 0.8723
vn -0.4617 0.0178 -0.8868
vn -0.3784 -0.0047 -0.9256
vn -0.4615 -0.0177 0.8870
vn -0.3785 0.0047 0.9256
vn -0.3412 0.0026 0.9400
vn 0.3146 0.6665 0.6758
vn 0.1877 0.6700 0.7183
vn 0.0002 -0.0001 1.0000
vn 0.3080 0.6845 -0.6607
vn 0.2244 0.6889 -0.6893
vn 0.1331 0.0003 0.9911
vn 0.4221 -0.0005 0.9065
vn 0.1331 -0.0005 -0.9911
vn 0.4219 0.0370 -0.9059
vn -0.3498 0.0008 0.9368
vn -0.3496 -0.0008 -0.9369
vn 0.1300 -0.0000 -0.9915
vn 0.0264 0.9791 -0.2016
vn 0.1071 0.7289 -0.6762
vn 0.0781 0.7996 0.5955
vn 0.1300 -0.0000 0.9915
vn -0.3263 -0.0012 -0.9453
vn -0.3257 0.0012 0.9455
vn -0.0001 -0.0000 -1.0000
vn -0.0002 -0.0000 1.0000
vn -0.1988 -0.0014 -0.9800
vn -0.0004 0.4528 0.8916
vn -0.1704 -0.0009 0.9854
vn -0.0003 -0.4529 -0.8916
vn -0.1703 0.0009 -0.9854
vn -0.1519 -0.0015 0.9884
vn -0.1631 -0.0000 0.9866
vn -0.1526 0.0014 -0.9883
vn -0.1633 0.0001 -0.9866
vn -0.1194 -0.0022 0.9928
vn 0.0245 0.0267 0.9993
vn -0.1193 -0.0021 0.9929
vn 0.0298 0.0018 -0.9996
vn -0.1990 -0.0014 -0.9800
vn 0.1447 -0.0014 -0.9895
vn 0.4340 0.1091 -0.8943
vn 0.2514 0.0419 -0.9670
vn 0.0014 0.5041 0.8637
vn 0.0016 -0.5087 -0.8610
vn 0.0008 0.8070 -0.5906
vn 0.0015 -0.5088 -0.8609
vn 0.0044 0.0001 -1.0000
vn -0.0132 -0.0022 -0.9999
vn 0.0014 0.5042 0.8636
vn 0.0044 -0.0001 1.0000
vn -0.0134 0.0022 0.9999
vn 0.0004 0.4579 -0.8890
vn 0.0122 -0.0009 -0.9999
vn 0.0003 -0.4582 0.8888
vn 0.0124 0.0009 0.9999
vn -0.0022 0.4966 -0.8680
vn -0.0026 -0.5010 0.8654
vn 0.1209 0.0025 0.9927
vn 0.0026 0.8097 0.5868
vn -0.0106 0.4815 0.8764
vn 0.1652 -0.0016 0.9863
vn -0.0123 -0.4855 -0.8741
vn 0.1654 0.0016 -0.9862
vn 0.3209 -0.0154 -0.9470
vn 0.2052 0.0008 -0.9787
vn 0.2277 0.0038 -0.9737
vn 0.3211 0.0153 0.9469
vn 0.2060 -0.0009 0.9786
vn 0.2280 -0.0037 0.9737
vn -0.0136 0.4772 -0.8787
vn -0.0158 -0.4810 0.8766
vn 0.0058 0.8134 -0.5816
vn -0.0000 -0.9749 -0.2225
vn -0.0000 -0.9749 0.2225
vn -1.0000 -0.0000 -0.0000
vn -0.0000 -0.7818 0.6235
vn -0.0000 -0.7818 -0.6235
vn -0.0000 -0.4339 0.9010
vn -0.0000 -0.4339 -0.9010
vn -0.0000 0.4339 0.9010
vn -0.0000 0.4339 -0.9010
vn -0.0000 0.7818 0.6235
vn -0.0000 0.7818 -0.6235
vn -0.0000 0.9749 0.2225
vn -0.0000 0.9749 -0.2225
vn 0.3591 -0.0020 0.9333
vn 0.0095 0.8164 0.5775
vn -0.0329 -0.4649 -0.8848
vn -0.0291 0.4610 0.8869
vn 0.3595 -0.0020 0.9332
vn 0.0097 0.8165 0.5772
vn 0.4901 0.0310 0.8711
vn 0.4827 0.0037 0.8758
vn -0.0376 0.4543 -0.8900
vn 0.3716 -0.0003 -0.9284
vn -0.0420 -0.4583 0.8878
vn 0.3723 0.0003 0.9281
vn -0.0378 0.4543 -0.8901
vn 0.4188 -0.0003 -0.9081
vn 0.3654 0.0079 -0.9308
vn -0.0423 -0.4581 0.8879
vn 0.4199 0.0003 0.9076
vn 0.3676 -0.0055 0.9300
vn -0.0330 -0.4648 -0.8848
vn 0.3242 -0.0107 -0.9459
vn -0.0290 0.4611 0.8869
vn 0.3211 0.0154 0.9469
vn 0.0166 0.8195 -0.5728
vn 0.4671 -0.0014 -0.8842
vn 0.0167 0.8196 -0.5727
vn 0.6119 0.0247 -0.7905
vn 0.6047 -0.0000 -0.7965
vn 0.7215 0.1681 -0.6717
vn 0.5389 -0.0000 -0.8424
vn -0.0840 0.4314 0.8983
vn 0.4894 -0.0035 0.8720
vn -0.0912 -0.4353 -0.8957
vn 0.4888 0.0024 -0.8724
vn -0.1062 0.4252 -0.8989
vn 0.5192 -0.0028 -0.8546
vn -0.1145 -0.4291 0.8960
vn 0.5187 0.0019 0.8549
vn 0.5769 -0.0000 0.8168
vn 0.0305 0.8229 0.5674
vn -0.5857 0.0689 0.8076
vn -0.5392 0.0051 0.8422
vn -0.4945 -0.0000 0.8692
vn 0.5780 0.0234 0.8157
vn -0.0000 0.1115 -0.9938
vn 0.0001 0.1204 -0.9927
vn -0.0000 0.1084 0.9941
vn -0.0002 0.1204 0.9927
vn 0.0002 0.3545 0.9351
vn 0.6126 -0.0043 -0.7903
vn 0.6128 -0.0043 -0.7902
vn 0.5950 -0.0000 -0.8037
vn 0.6150 0.0083 -0.7884
vn 0.6151 0.0083 -0.7884
vn 0.6099 0.0060 0.7924
vn 0.6101 0.0060 0.7923
vn 0.6190 -0.0058 0.7854
vn 0.5927 -0.0011 0.8054
vn 0.5782 0.0229 0.8156
vn -0.0002 0.3615 -0.9324
vn -0.0000 0.3800 -0.9250
vn 0.5782 0.0229 0.8155
vn -0.0000 0.3613 -0.9325
vn 0.0038 0.6318 -0.7751
vn -0.0045 0.3776 -0.9260
vn -0.0000 0.3800 0.9250
vn -0.0054 0.3519 0.9360
vn 0.0045 0.6591 0.7521
vn -0.0000 0.3799 0.9250
vn 0.0402 0.8226 -0.5672
vn -0.2642 0.3898 0.8822
vn -0.2763 -0.3931 -0.8770
vn -0.2304 0.4008 -0.8867
vn 0.0844 0.2684 -0.9596
vn -0.2021 -0.4128 0.8881
vn 0.0702 -0.2738 0.9592
vn -0.0009 0.5981 0.8015
vn 0.6579 -0.0131 0.7530
vn 0.0002 0.6617 -0.7498
vn 0.0813 -0.4201 -0.9038
vn 0.0823 -0.2736 -0.9583
vn 0.6284 -0.0000 0.7779
vn 0.0950 0.4101 0.9071
vn 0.0957 0.2682 0.9586
vn 0.0845 0.2685 -0.9596
vn 0.8301 -0.0126 0.5574
vn 0.7458 0.1698 0.6441
vn 0.0002 0.6622 -0.7494
vn 0.6759 -0.0000 0.7370
vn -0.0000 1.0000 -0.0004
vn 0.8321 -0.0000 0.5546
vn 0.7543 0.0407 -0.6553
vn -0.0012 0.6623 0.7492
vn -0.0010 0.8008 0.5989
vn 0.7540 0.0405 -0.6557
vn -0.0010 0.8004 0.5994
vn 0.0022 0.8473 -0.5310
vn 0.0004 0.6339 -0.7734
vn -0.0066 0.6582 -0.7528
vn 0.8119 0.0761 0.5788
vn 0.0011 0.8869 -0.4619
vn 0.9142 -0.0000 -0.4052
vn 0.8446 -0.0341 -0.5343
vn -0.0037 0.9521 0.3058
vn 0.0038 0.6595 0.7517
vn 0.0006 0.9529 0.3033
vn -0.0002 0.8867 0.4624
vn 0.9158 0.1865 -0.3558
vn 0.9087 0.1256 -0.3980
vn 0.8445 -0.0342 -0.5344
vn 0.9844 -0.0000 -0.1762
vn 0.9979 -0.0064 0.0647
vn 0.9731 0.0007 0.2303
vn 0.9999 -0.0000 0.0129
vn 0.9999 -0.0011 0.0131
vn 1.0000 -0.0007 0.0059
vn 0.9844 -0.0000 -0.1758
vn 0.9999 0.0064 -0.0130
vn 0.9999 -0.0009 -0.0129
vn 1.0000 -0.0014 -0.0059
vn 0.9884 -0.0133 -0.1515
vn 1.0000 -0.0014 -0.0058
vn 0.9304 -0.0950 0.3540
vn 1.0000 -0.0015 0.0042
vn 1.0000 -0.0043 -0.0090
vn 0.9998 -0.0046 -0.0171
vn 1.0000 -0.0017 0.0042
vn 1.0000 -0.0030 0.0086
vn 0.9999 -0.0043 -0.0090
vn 0.9999 -0.0073 0.0140
vn 1.0000 -0.0024 0.0038
vn 1.0000 -0.0026 0.0041
vn 1.0000 -0.0031 -0.0067
vn 1.0000 -0.0032 -0.0067
vn 1.0000 -0.0029 -0.0037
vn 0.9992 -0.0234 -0.0335
vn 0.9993 -0.0219 0.0313
vn 1.0000 -0.0050 0.0051
vn 1.0000 -0.0031 -0.0040
vn 1.0000 -0.0050 0.0050
vn 1.0000 -0.0059 0.0060
vn 0.9999 -0.0105 -0.0114
vn 0.9999 -0.0090 -0.0091
vn 0.9999 -0.0107 -0.0098
vn 1.0000 -0.0037 -0.0029
vn 1.0000 -0.0060 0.0061
vn 0.9997 -0.0190 0.0133
vn 1.0000 -0.0043 0.0028
vn 0.9984 -0.0462 -0.0323
vn 1.0000 -0.0064 -0.0031
vn 1.0000 -0.0061 -0.0030
vn 0.9998 -0.0159 0.0083
vn 1.0000 -0.0067 0.0025
vn 1.0000 -0.0043 0.0016
vn 1.0000 -0.0042 0.0018
vn 0.9999 -0.0132 -0.0062
vn 0.9999 -0.0113 -0.0029
vn 1.0000 -0.0048 0.0007
vn 0.9999 -0.0142 0.0032
vn 0.9999 -0.0113 0.0036
vn 1.0000 -0.0064 0.0010
vn 1.0000 -0.0052 0.0007
vn 1.0000 -0.0076 -0.0020
vn 1.0000 -0.0079 -0.0020
vn 0.9995 -0.0309 -0.0027
vn 1.0000 -0.0058 -0.0003
vn 1.0000 -0.0061 -0.0003
vn 0.9998 -0.0189 0.0008
vn 0.9729 -0.0201 0.2302
vn 0.9731 -0.0015 -0.2303
vn 0.9729 -0.0201 -0.2302
vn 0.9729 -0.0201 -0.2303
vn 0.9729 -0.0598 -0.2232
vn 0.9729 -0.0598 -0.2233
vn 0.9729 -0.0201 0.2303
vn 0.9729 -0.0598 0.2233
vn 0.9729 -0.0977 -0.2095
vn 0.9729 -0.0598 0.2232
vn 0.9731 -0.0879 0.2130
vn 0.9620 -0.1258 0.2424
vn 0.9729 -0.1326 -0.1893
vn 0.9729 -0.1326 0.1893
vn 0.9729 -0.0977 0.2095
vn 0.9731 -0.1556 -0.1701
vn 0.9729 -0.1634 0.1634
vn 0.9681 -0.1771 -0.1771
vn 0.9731 -0.1698 -0.1559
vn 0.9729 -0.1893 -0.1326
vn 0.9729 -0.1893 0.1326
vn 0.9729 -0.2095 -0.0977
vn 0.9731 -0.2044 0.1065
vn 0.9617 -0.2532 0.1050
vn 0.9729 -0.2232 -0.0598
vn 0.9729 -0.2233 -0.0598
vn 0.9731 -0.2198 0.0694
vn 0.9729 -0.2095 0.0977
vn 0.9617 -0.2677 0.0594
vn 0.9729 -0.2303 -0.0201
vn 0.9729 -0.2302 -0.0201
vn 0.9731 -0.2285 0.0301
vn 0.9729 -0.2233 0.0598
vn 0.9616 -0.2742 0.0120
vn 0.9729 -0.2303 0.0201
vn 0.9612 -0.0003 0.2759
vn 0.0013 0.9530 0.3031
vn 0.0005 0.8862 0.4633
vn 0.0001 0.8866 -0.4625
vn 0.0001 0.9735 -0.2286
vn 0.8934 0.0094 0.4492
vn 0.0006 0.9889 -0.1484
vn -0.0010 0.9737 -0.2277
vn 0.9839 -0.0015 -0.1789
vn 0.8570 -0.0034 -0.5154
vn 0.9731 -0.0016 -0.2303
vn 0.7878 0.0024 -0.6160
vn 0.9612 -0.0003 0.2757
vn 0.9731 -0.0003 0.2303
vn 0.9614 0.0002 0.2752
vn 0.7878 -0.0003 0.6160
vn 0.7866 -0.0538 0.6151
vn 0.7866 -0.0538 -0.6151
vn 0.7866 -0.1598 -0.5964
vn 0.7866 -0.1598 0.5964
vn 0.7866 -0.2610 -0.5597
vn 0.7866 -0.2610 -0.5596
vn 0.7866 -0.2609 0.5596
vn 0.7866 -0.3542 -0.5058
vn 0.7866 -0.2610 0.5596
vn 0.7866 -0.3542 0.5058
vn 0.7866 -0.4366 -0.4366
vn 0.7866 -0.4366 0.4366
vn 0.7866 -0.5058 -0.3542
vn 0.7866 -0.5058 0.3542
vn 0.7866 -0.5596 -0.2609
vn 0.7866 -0.5596 -0.2610
vn 0.7866 -0.5597 0.2610
vn 0.7866 -0.5964 -0.1598
vn 0.7866 -0.5596 0.2610
vn 0.7866 -0.5964 0.1598
vn 0.7866 -0.6151 -0.0538
vn 0.7866 -0.6151 0.0538
vn 0.8177 -0.0021 0.5756
vn -0.0000 0.9979 0.0643
vn -0.0009 0.9890 0.1482
vn 0.9353 -0.0000 0.3539
vn -0.0000 0.9996 -0.0288
vn 0.9670 -0.0000 -0.2548
vn 0.9941 -0.0000 0.1084
vn 0.9962 -0.0000 0.0870
vn 0.6410 -0.0008 -0.7675
vn 0.5941 -0.0015 0.8044
vn 0.7876 -0.0016 0.6162
vn 0.4458 0.0031 0.8951
vn 0.5899 -0.0042 0.8074
vn 0.6409 -0.0008 -0.7677
vn 0.7867 -0.0538 0.6150
vn 0.7877 0.0113 -0.6159
vn 0.3938 -0.0081 -0.9192
vn 0.4752 -0.0056 -0.8799
vn 0.7867 -0.0538 -0.6150
vn 0.4445 -0.0781 0.8924
vn 0.1614 -0.0106 -0.9868
vn 0.4458 -0.0016 -0.8951
vn 0.4445 -0.0781 -0.8924
vn 0.4444 -0.2319 -0.8653
vn 0.4445 -0.2319 -0.8653
vn 0.4440 -0.2319 0.8655
vn 0.4444 -0.3786 -0.8119
vn 0.4444 -0.2319 0.8653
vn 0.4444 -0.3786 0.8119
vn 0.4445 -0.5138 -0.7338
vn 0.4444 -0.5138 -0.7338
vn 0.4444 -0.5138 0.7338
vn 0.4445 -0.6334 -0.6334
vn 0.4445 -0.5138 0.7338
vn 0.4445 -0.6334 0.6334
vn 0.4444 -0.7338 -0.5138
vn 0.4445 -0.7338 -0.5138
vn 0.4445 -0.7338 0.5138
vn 0.4444 -0.8119 -0.3786
vn 0.4444 -0.7338 0.5138
vn 0.4444 -0.8119 0.3786
vn 0.4445 -0.8653 -0.2318
vn 0.4444 -0.8653 -0.2319
vn 0.4444 -0.8653 0.2319
vn 0.4445 -0.8924 -0.0781
vn 0.4445 -0.8924 0.0781
vn 0.4445 -0.8653 0.2319
vn 0.3039 -0.0005 0.9527
vn 0.1818 0.0013 -0.9833
vn 0.4459 -0.0016 -0.8951
vn 0.3068 0.0011 0.9518
vn 0.4456 -0.0005 0.8952
vn 0.4446 -0.0781 0.8923
vn 0.4446 -0.0781 -0.8923
vn 0.1204 -0.0006 0.9927
vn 0.1203 -0.0865 0.9890
vn 0.1204 -0.0000 -0.9927
vn 0.1199 -0.0865 -0.9890
vn 0.1200 -0.0865 -0.9890
vn 0.1203 -0.2569 -0.9589
vn 0.1200 -0.2570 -0.9589
vn 0.1200 -0.0865 0.9890
vn 0.1200 -0.2570 0.9589
vn 0.1200 -0.4196 -0.8997
vn 0.1201 -0.4196 -0.8997
vn 0.1201 -0.2569 0.9589
vn 0.1201 -0.4196 0.8997
vn 0.1202 -0.4195 -0.8998
vn 0.1199 -0.5694 -0.8132
vn 0.1201 -0.5694 -0.8132
vn 0.1201 -0.5694 0.8132
vn 0.1200 -0.4196 0.8997
vn 0.1202 -0.4195 0.8998
vn 0.1199 -0.7020 -0.7020
vn 0.1201 -0.7020 -0.7020
vn 0.1199 -0.7019 -0.7021
vn 0.1199 -0.5695 0.8132
vn 0.1201 -0.7020 0.7020
vn 0.1199 -0.7019 0.7021
vn 0.1199 -0.8132 -0.5695
vn 0.1201 -0.8132 -0.5694
vn 0.1199 -0.7020 0.7020
vn 0.1199 -0.8132 0.5695
vn 0.1201 -0.8132 0.5694
vn 0.1202 -0.8997 -0.4196
vn 0.1201 -0.8997 -0.4196
vn 0.1202 -0.8997 0.4196
vn 0.1201 -0.8997 0.4196
vn 0.1200 -0.9589 -0.2570
vn 0.1201 -0.8997 -0.4197
vn 0.1202 -0.8996 0.4198
vn 0.1200 -0.9589 0.2570
vn 0.1199 -0.9890 -0.0865
vn 0.1200 -0.9890 -0.0865
vn 0.1200 -0.9890 0.0865
vn 0.1199 -0.9890 0.0865
vn 0.0718 -0.0000 0.9974
vn 0.0002 0.0002 -1.0000
vn -0.0000 -0.0871 0.9962
vn -0.0000 -0.0871 -0.9962
vn -0.0000 -0.2588 -0.9659
vn -0.0000 -0.2588 0.9659
vn -0.0000 -0.4226 -0.9063
vn -0.0000 -0.4226 0.9063
vn -0.0000 -0.5736 -0.8191
vn -0.0000 -0.5736 0.8191
vn -0.0000 -0.7070 -0.7072
vn -0.0000 -0.7070 0.7072
vn -0.0000 -0.7071 -0.7071
vn -0.0000 -0.7071 0.7071
vn -0.0000 -0.8191 -0.5736
vn -0.0000 -0.8191 0.5736
vn -0.0000 -0.8192 -0.5736
vn -0.0000 -0.8192 0.5736
vn -0.0000 -0.9063 -0.4226
vn -0.0000 -0.9063 0.4226
vn -0.0000 -0.9064 -0.4225
vn -0.0000 -0.9062 -0.4228
vn -0.0000 -0.9064 0.4225
vn -0.0000 -0.9659 -0.2588
vn -0.0000 -0.9659 0.2588
vn -0.0000 -0.9962 -0.0871
vn -0.0000 -0.9962 0.0871
vn -0.0000 -0.9962 -0.0872
vn -0.0000 -0.9962 0.0872
vn -0.9142 -0.0000 -0.4052
vn -0.9962 -0.0000 0.0870
vn -0.9962 -0.0000 -0.0870
vn -0.9142 -0.0000 0.4052
vn -0.9353 -0.0000 0.3539
vn -0.9353 -0.0000 -0.3539
vn -0.9208 0.0035 0.3901
vn -0.8737 0.0199 0.4860
vn -0.8738 0.0198 0.4859
vn -0.7948 0.0992 0.5987
vn -0.7419 0.1781 0.6464
vn -0.8301 0.0138 0.5574
vn -0.8119 0.0761 -0.5788
vn -0.8934 0.0094 -0.4492
vn -0.8301 -0.0126 -0.5574
vn -0.7458 0.1699 -0.6442
vn -0.7458 0.1698 -0.6441
vn -0.0002 -0.0001 -1.0000
vn -0.0000 -0.1270 -0.9919
vn -0.1796 -0.0000 -0.9837
vn -0.0003 -0.0000 1.0000
vn 0.0001 -0.0000 1.0000
vn -0.1741 -0.0000 0.9847
vn -0.0000 -0.1231 0.9924
vn -0.2228 -0.0850 0.9712
vn -0.2236 -0.0019 0.9747
vn -0.2236 -0.0017 -0.9747
vn -0.2228 -0.0850 -0.9712
vn -0.2229 -0.2523 -0.9416
vn -0.2229 -0.0850 -0.9711
vn -0.2229 -0.0850 0.9711
vn -0.2229 -0.2523 0.9416
vn -0.2228 -0.2523 -0.9416
vn -0.2228 -0.2523 0.9416
vn -0.2229 -0.4120 -0.8835
vn -0.2228 -0.4120 -0.8835
vn -0.2229 -0.4120 0.8835
vn -0.2228 -0.4119 -0.8836
vn -0.2228 -0.4119 0.8836
vn -0.2228 -0.4120 0.8835
vn -0.2228 -0.5592 -0.7986
vn -0.2227 -0.5592 -0.7986
vn -0.2228 -0.5592 0.7985
vn -0.2227 -0.6892 -0.6895
vn -0.2227 -0.6892 0.6895
vn -0.2227 -0.5592 0.7986
vn -0.2228 -0.6893 -0.6893
vn -0.2227 -0.6894 -0.6893
vn -0.2227 -0.6894 0.6893
vn -0.2228 -0.6893 0.6893
vn -0.2227 -0.7986 -0.5592
vn -0.2229 -0.7985 -0.5592
vn -0.2227 -0.7985 0.5592
vn -0.2228 -0.7986 -0.5591
vn -0.2228 -0.7986 0.5591
vn -0.2228 -0.7986 0.5592
vn -0.2228 -0.8835 -0.4120
vn -0.2228 -0.8835 0.4120
vn -0.2229 -0.8835 -0.4120
vn -0.2229 -0.8836 -0.4118
vn -0.2229 -0.8836 0.4118
vn -0.2229 -0.8835 0.4120
vn -0.2229 -0.9416 -0.2523
vn -0.2229 -0.9416 0.2523
vn -0.2229 -0.9711 -0.0849
vn -0.2229 -0.9711 0.0849
vn -0.2228 -0.9711 -0.0850
vn -0.2228 -0.9712 0.0850
vn -0.2228 -0.9711 0.0850
vn -0.6047 -0.0000 -0.7965
vn -0.6047 -0.0000 0.7965
vn -0.6453 -0.0101 0.7639
vn -0.5780 0.0237 0.8157
vn -0.5765 0.0253 0.8167
vn -0.6454 -0.0101 0.7638
vn -0.5780 0.0234 -0.8157
vn -0.5782 0.0229 -0.8156
vn -0.5782 0.0229 -0.8155
vn -0.6579 -0.0131 -0.7530
vn -0.2231 -0.0850 0.9711
vn -0.2239 -0.0018 0.9746
vn -0.3456 -0.0019 0.9384
vn -0.3461 -0.0019 0.9382
vn -0.1771 -0.0017 -0.9842
vn -0.2239 -0.0018 -0.9746
vn -0.2228 -0.0850 -0.9711
vn -0.0153 -0.2379 0.9712
vn -0.0000 -0.1268 -0.9919
vn -0.0153 -0.2381 0.9711
vn -0.0000 -0.2774 -0.9607
vn -0.4883 0.0010 -0.8727
vn -0.0000 -0.2659 0.9640
vn -0.4342 0.0004 0.9008
vn -0.0000 -0.1270 0.9919
vn -0.6242 -0.0681 0.7783
vn -0.6256 -0.0018 0.7801
vn -0.7336 -0.0064 -0.6795
vn -0.6256 -0.0005 -0.7801
vn -0.6242 -0.0681 -0.7783
vn -0.6242 -0.2022 -0.7546
vn -0.6242 -0.2022 0.7546
vn -0.6243 -0.3301 -0.7080
vn -0.6242 -0.3302 -0.7080
vn -0.6242 -0.3302 0.7080
vn -0.6243 -0.4481 -0.6399
vn -0.6242 -0.4481 -0.6400
vn -0.6243 -0.4481 0.6399
vn -0.6243 -0.3301 0.7080
vn -0.6242 -0.5524 -0.5524
vn -0.6242 -0.4481 0.6400
vn -0.6242 -0.5524 0.5524
vn -0.6242 -0.6400 -0.4481
vn -0.6243 -0.6399 -0.4481
vn -0.6242 -0.6400 0.4481
vn -0.6243 -0.7080 -0.3301
vn -0.6242 -0.7080 -0.3302
vn -0.6243 -0.6399 0.4481
vn -0.6243 -0.7080 0.3301
vn -0.6242 -0.7546 -0.2022
vn -0.6242 -0.7546 0.2022
vn -0.6242 -0.7080 0.3302
vn -0.6242 -0.7783 -0.0681
vn -0.6243 -0.7782 -0.0681
vn -0.6242 -0.7783 0.0681
vn -0.6243 -0.7782 0.0681
vn -0.0037 -0.3107 0.9505
vn -0.6393 -0.0013 0.7689
vn -0.5712 0.0204 0.8205
vn -0.0094 -0.3381 -0.9411
vn -0.6245 -0.0680 0.7780
vn -0.6256 -0.0013 0.7801
vn -0.6257 -0.0005 -0.7801
vn -0.6245 -0.0680 -0.7780
vn -0.0094 -0.3380 -0.9411
vn -0.7446 0.0018 -0.6675
vn -0.0037 -0.3108 0.9505
vn -0.6398 -0.0010 0.7685
vn -0.0235 -0.3771 0.9259
vn -0.8602 0.0009 0.5100
vn -0.8997 -0.0380 0.4348
vn -0.9005 -0.0027 0.4348
vn -0.9004 -0.0005 -0.4351
vn -0.9284 -0.0034 -0.3715
vn -0.8997 -0.0380 -0.4348
vn -0.8998 -0.0381 -0.4346
vn -0.8998 -0.1129 -0.4214
vn -0.8998 -0.0381 0.4346
vn -0.8998 -0.1129 0.4214
vn -0.8998 -0.1844 -0.3954
vn -0.8998 -0.1844 0.3954
vn -0.8998 -0.1129 0.4215
vn -0.8998 -0.2503 -0.3574
vn -0.8998 -0.2502 -0.3574
vn -0.8998 -0.2503 0.3574
vn -0.8998 -0.3085 -0.3085
vn -0.8998 -0.3085 0.3085
vn -0.8998 -0.2502 0.3574
vn -0.8998 -0.3574 -0.2502
vn -0.8998 -0.3574 -0.2503
vn -0.8998 -0.3574 0.2502
vn -0.8998 -0.3954 -0.1844
vn -0.8998 -0.3574 0.2503
vn -0.8998 -0.3954 0.1844
vn -0.8998 -0.4215 -0.1129
vn -0.8998 -0.4214 -0.1129
vn -0.8998 -0.4214 0.1129
vn -0.8998 -0.4346 -0.0380
vn -0.8998 -0.4347 -0.0380
vn -0.8998 -0.4346 0.0380
vn -0.8998 -0.4347 0.0380
vn -0.0034 -0.3238 -0.9461
vn 0.0017 -0.4164 -0.9092
vn -0.3071 -0.0000 -0.9517
vn -0.1447 -0.0000 0.9895
vn -0.3029 0.1635 0.9389
vn -0.1445 0.0564 -0.9879
vn -0.8998 -0.0380 0.4347
vn -0.9005 -0.0027 0.4349
vn -0.9836 -0.0025 0.1802
vn -0.9006 0.0012 -0.4346
vn -0.9306 -0.0005 -0.3660
vn -0.9307 -0.0005 -0.3657
vn -0.8998 -0.0380 -0.4347
vn -0.0027 -0.4617 -0.8870
vn -0.0045 -0.4157 -0.9095
vn -0.0047 -0.4550 0.8905
vn 0.0078 -0.3238 0.9461
vn -0.0054 -0.4617 0.8870
vn -0.0056 -0.4549 0.8905
vn -0.9851 0.0020 0.1717
vn -0.0045 -0.4154 -0.9096
vn -0.0056 -0.4548 0.8906
vn -0.9845 -0.0000 0.1756
vn -0.9934 0.0025 0.1150
vn -0.9933 -0.0101 0.1150
vn -0.9934 -0.0000 -0.1150
vn -0.9955 -0.0007 -0.0945
vn -0.9933 -0.0101 -0.1150
vn -0.9933 -0.0299 -0.1115
vn -0.9934 -0.0298 0.1112
vn -0.9933 -0.0488 -0.1046
vn -0.9934 -0.0486 -0.1043
vn -0.9933 -0.0488 0.1046
vn -0.9933 -0.0662 -0.0945
vn -0.9933 -0.0662 0.0945
vn -0.9933 -0.0816 -0.0816
vn -0.9933 -0.0816 0.0816
vn -0.9934 -0.0660 0.0943
vn -0.9933 -0.0945 -0.0662
vn -0.9933 -0.0945 0.0662
vn -0.9933 -0.1046 -0.0488
vn -0.9934 -0.1042 -0.0486
vn -0.9934 -0.1042 0.0486
vn -0.9934 -0.1110 -0.0298
vn -0.9933 -0.1046 0.0488
vn -0.9933 -0.1115 0.0299
vn -0.9933 -0.1150 -0.0101
vn -0.9933 -0.1150 0.0101
vn -0.0087 -0.4618 -0.8870
vn -0.0058 -0.4715 -0.8818
vn 0.0131 -0.5892 -0.8079
vn -0.0069 -0.5552 -0.8317
vn 0.0074 -0.5552 0.8317
vn -0.0073 -0.4618 0.8870
vn -0.0069 -0.5892 -0.8080
vn 0.0095 -0.6891 -0.7246
vn 0.0095 -0.6891 0.7246
vn -0.0069 -0.5892 0.8080
vn -0.0069 -0.5892 0.8079
vn -0.0000 -0.7035 -0.7107
vn -0.0000 -0.8595 -0.5112
vn -0.0000 -0.8595 0.5112
vn -0.0000 -0.7035 0.7107
vn -0.0000 -0.9840 -0.1779
vn -0.0000 -0.9840 0.1779
vn 0.0215 0.9806 0.1951
vn 0.0215 0.9806 -0.1951
vn -0.0123 0.9999 -0.0000
vn 0.0076 0.8314 -0.5556
vn -0.0054 0.9595 -0.2817
vn -0.0054 0.9595 -0.2818
vn 0.0138 0.8314 0.5555
vn 0.0069 0.8412 0.5406
vn -0.0054 0.9595 0.2818
vn -0.0054 0.9595 0.2817
vn -0.0092 0.6549 -0.7557
vn 0.0153 0.8411 -0.5406
vn -0.0092 0.6548 -0.7557
vn 0.0230 0.5554 -0.8312
vn 0.0230 0.5554 0.8312
vn -0.0092 0.6548 0.7557
vn -0.0092 0.6549 0.7557
vn -0.0115 0.4154 -0.9096
vn 0.0184 0.1951 -0.9806
vn 0.0184 0.1951 0.9806
vn -0.0115 0.4154 0.9096
vn -0.0000 0.1423 -0.9898
vn -0.0000 0.1423 0.9898
vn -0.0000 0.1690 -0.9856
vn -0.0000 0.1690 0.9856
vn -0.0000 0.4880 -0.8729
vn -0.0000 0.4880 0.8729
vn -0.0000 0.6750 -0.7379
vn -0.0086 0.6898 -0.7239
vn -0.0086 0.6898 0.7239
vn -0.0000 0.6750 0.7379
vn -0.0077 0.7856 -0.6187
vn 0.0102 0.7810 -0.6244
vn 0.0057 0.7601 -0.6498
vn 0.0057 0.7826 -0.6225
vn -0.0120 0.7856 0.6187
vn 0.0057 0.7601 0.6498
vn 0.0010 0.7840 0.6208
vn 0.0057 0.7856 0.6187
vn 0.0258 0.7742 0.6324
vn 0.0008 0.7840 0.6207
vn -0.1084 -0.0000 -0.9941
vn -0.1629 0.0247 0.9863
vn -0.0600 -0.0000 0.9982
vn -0.0736 0.0091 -0.9972
vn 0.0148 -0.0021 0.9999
vn -0.1300 -0.0000 -0.9915
vn -0.1331 0.0004 -0.9911
vn -0.1331 -0.0005 0.9911
vn -0.4219 0.0370 0.9059
vn -0.1300 -0.0000 0.9915
vn -0.0781 0.7996 -0.5955
vn -0.0265 0.9791 0.2017
vn 0.1277 -0.0048 -0.9918
vn -0.1071 0.7289 0.6762
vn 0.1276 -0.0048 -0.9918
vn 0.0090 0.7864 -0.6177
vn 0.0147 -0.0021 0.9999
vn 0.3514 -0.0050 -0.9362
vn 0.5411 0.0773 -0.8374
vn 0.3537 0.0184 -0.9352
vn 0.2511 0.0027 0.9680
vn 0.4562 0.0452 0.8887
vn 0.3514 0.0015 0.9362
vn 0.0226 0.7996 -0.6001
vn -0.1877 0.6700 -0.7183
vn 0.0318 0.8059 0.5912
vn -0.2244 0.6889 0.6893
vn -0.3146 0.6665 -0.6758
vn -0.4220 -0.0005 -0.9066
vn -0.3080 0.6845 0.6607
vn -0.3146 0.6666 -0.6758
vn -0.2758 0.7569 0.5925
vn -0.2265 0.6959 0.6814
vn -0.4220 -0.0005 0.9066
vn -0.3381 -0.0152 -0.9410
vn -0.3381 -0.0156 0.9410
vn -0.7061 0.0548 0.7059
vn -0.2246 0.8022 -0.5532
vn 0.0431 0.8119 -0.5822
vn 0.6530 -0.0006 0.7573
vn 0.0201 0.8400 0.5422
vn -0.0571 0.7589 0.6488
vn 0.5680 -0.0051 -0.8230
vn -0.0607 0.7587 -0.6486
vn 0.0126 0.8340 -0.5516
vn 0.6530 -0.0006 0.7574
vn 0.0201 0.8399 0.5423
vn 0.7319 0.0133 -0.6813
vn 0.7597 0.0251 -0.6498
vn 0.6529 -0.0006 0.7574
vn 0.8028 0.0373 0.5950
vn 0.7599 0.0074 0.6500
vn -0.3235 0.7155 -0.6192
vn 0.0122 0.8337 -0.5520
vn 0.0064 0.8578 -0.5140
vn -0.4942 -0.0000 -0.8694
vn 0.7614 0.0226 0.6479
vn 0.7782 -0.0000 0.6280
vn 0.7633 0.0240 0.6456
vn -0.4866 0.0664 -0.8711
vn -0.4960 -0.0000 0.8683
vn 0.7637 0.0233 -0.6451
vn 0.7782 -0.0000 -0.6280
vn -0.4886 0.0651 0.8701
vn -0.7070 0.0236 -0.7068
vn -0.4957 -0.0001 -0.8685
vn -0.6612 -0.2699 -0.7000
vn -0.4942 -0.0002 -0.8693
vn -0.4961 -0.0000 0.8683
vn 0.7604 0.0269 -0.6489
vn -0.4305 0.2519 0.8667
vn -0.4981 0.1173 0.8591
vn -0.5103 0.2116 -0.8335
vn 0.0079 0.8467 0.5321
vn 0.0079 0.8338 0.5521
vn 0.0087 0.8688 0.4952
vn 0.7603 0.0269 -0.6490
vn -0.4305 0.2517 0.8668
vn 0.7628 0.0244 0.6462
vn -0.4165 0.2780 -0.8656
vn -0.4498 0.1105 -0.8862
vn -0.3519 0.7038 0.6172
vn 0.8162 -0.0045 -0.5777
vn -0.4169 0.4743 0.7754
vn 0.8318 -0.0093 0.5551
vn -0.4395 0.4930 -0.7509
vn 0.8772 -0.0068 -0.4800
vn -0.0058 0.8337 -0.5522
vn 0.0025 0.8816 -0.4720
vn 0.8319 -0.0093 0.5549
vn -0.4395 0.4931 -0.7508
vn 0.8160 -0.0044 -0.5780
vn -0.4533 0.4816 0.7501
vn -0.4524 0.4463 0.7721
vn 0.9550 -0.0090 0.2963
vn 0.8825 0.1398 0.4490
vn -0.4483 0.4925 -0.7460
vn -0.4472 0.4867 -0.7504
vn 0.8162 -0.0044 -0.5777
vn -0.4488 0.4493 0.7725
vn -0.4517 0.4433 0.7743
vn 0.9551 0.0028 -0.2964
vn 0.8752 0.1538 -0.4587
vn 0.8827 0.1395 0.4487
vn -0.3901 0.5298 -0.7531
vn -0.4326 0.4369 -0.7886
vn 0.9345 0.0589 -0.3510
vn -0.3149 0.7286 0.6083
vn -0.4792 0.1167 -0.8699
vn -0.6058 0.2302 -0.7616
vn -0.5542 0.1805 -0.8126
vn -0.4816 0.1138 0.8689
vn -0.4817 0.1137 0.8689
vn -0.5537 0.1826 0.8125
vn 0.9364 -0.0036 0.3508
vn 0.0197 0.8925 0.4507
vn -0.0407 0.8330 0.5517
vn 0.9452 0.0459 0.3231
vn -0.3466 0.7351 -0.5827
vn 0.8772 -0.0068 -0.4801
vn 0.9364 -0.0036 0.3510
vn -0.0026 0.8958 0.4444
vn 0.0089 0.8848 0.4658
vn 0.9794 0.0064 -0.2019
vn 0.9942 0.0770 -0.0756
vn 0.9689 0.0130 -0.2470
vn 0.9794 0.0064 0.2019
vn 0.9910 0.0504 0.1237
vn -0.3149 0.7285 0.6083
vn -0.3465 0.7351 -0.5828
vn -0.0073 0.9068 -0.4215
vn 0.0097 0.8847 -0.4660
vn 0.0097 0.8849 -0.4657
vn 0.9452 0.0459 0.3232
vn -0.3343 0.7413 -0.5820
vn -0.3662 0.7333 -0.5729
vn -0.3858 0.6912 -0.6110
vn -0.4044 0.6789 0.6129
vn -0.3759 0.7238 0.5787
vn -0.3898 0.6940 0.6053
vn 0.9889 -0.0030 -0.1485
vn -0.1430 0.8879 0.4373
vn 0.9912 -0.0025 0.1321
vn -0.1445 0.8920 -0.4282
vn 0.0117 0.9180 0.3964
vn 0.0119 0.9180 0.3964
vn -0.0167 0.8829 0.4693
vn -0.3943 0.7066 -0.5876
vn -0.5041 0.7013 -0.5041
vn -0.5016 0.7049 0.5015
vn -0.3517 0.7038 0.6172
vn -0.3944 0.7072 -0.5868
vn -0.5016 0.7048 -0.5016
vn -0.7071 -0.0035 -0.7071
vn -0.6522 -0.0001 -0.7581
vn -0.5016 0.7048 0.5016
vn -0.7071 -0.0000 0.7071
vn -0.4993 -0.0392 0.8656
vn -0.6355 0.1052 -0.7649
vn -0.6528 -0.0115 0.7574
vn -0.6338 0.1106 0.7656
vn 0.0366 0.9222 -0.3849
vn 0.0368 0.9222 -0.3850
vn -0.0688 0.8995 0.4315
vn -0.1426 0.8796 0.4538
vn 0.9913 -0.0025 0.1319
vn -0.1446 0.8920 -0.4282
vn -0.1391 0.8772 -0.4595
vn -0.5646 0.4773 -0.6734
vn -0.5464 0.4722 0.6917
vn -0.5463 0.5076 0.6662
vn -0.1459 0.8818 0.4485
vn -0.1686 0.8661 0.4705
vn -0.1390 0.8772 -0.4595
vn -0.6631 0.1731 -0.7283
vn -0.6357 0.1052 -0.7648
vn -0.5175 0.5241 -0.6764
vn -0.6624 0.1755 0.7283
vn -0.6337 0.1106 0.7657
vn -0.6536 -0.0111 -0.7567
vn -0.6527 -0.0115 0.7575
vn -0.1677 0.8600 -0.4820
vn -0.1696 0.8733 -0.4568
vn -0.1677 0.8600 0.4820
vn -0.1148 0.8705 -0.4786
vn -0.1637 0.8528 -0.4959
vn -0.1677 0.8600 0.4819
vn -0.4383 0.7267 -0.5290
vn -0.4383 0.7267 0.5290
vn -0.1498 -0.0000 -0.9887
vn -0.4365 0.7436 -0.5066
vn -0.2215 0.9752 -0.0000
vn -0.2215 0.9357 -0.2748
vn -0.2215 0.9357 0.2748
vn -0.2214 0.9357 -0.2747
vn -0.2214 0.9357 0.2747
vn -0.2214 0.8204 -0.5272
vn -0.2215 0.8204 -0.5272
vn -0.2214 0.8204 0.5272
vn -0.2215 0.6387 -0.7369
vn -0.2215 0.6387 0.7369
vn -0.2215 0.8203 0.5272
vn -0.2215 0.6386 -0.7369
vn -0.2214 0.6386 -0.7370
vn -0.2214 0.6386 0.7370
vn -0.2215 0.6386 0.7369
vn -0.2214 0.4051 -0.8871
vn -0.2215 0.4051 -0.8871
vn -0.2214 0.4051 0.8871
vn -0.2215 0.4051 -0.8870
vn -0.2215 0.4051 0.8870
vn -0.2215 0.1388 -0.9652
vn -0.2215 0.1388 0.9652
vn -0.2236 -0.0000 -0.9747
vn -0.2236 0.0045 0.9747
vn -0.1150 -0.0000 0.9934
vn -0.1150 0.0087 -0.9933
vn -0.1134 0.1680 -0.9792
vn -0.1132 0.1679 -0.9793
vn -0.1134 0.1679 0.9793
vn -0.1132 0.4848 -0.8673
vn -0.1132 0.4849 -0.8672
vn -0.1132 0.4848 0.8672
vn -0.1132 0.1680 0.9793
vn -0.1145 0.6705 -0.7330
vn -0.1146 0.6705 -0.7330
vn -0.1146 0.6705 0.7330
vn -0.1132 0.4849 0.8672
vn -0.1145 0.7551 -0.6455
vn -0.1145 0.6705 0.7330
vn -0.1145 0.7551 0.6455
vn -0.1149 0.7551 -0.6455
vn -0.1147 0.7550 -0.6456
vn -0.1147 0.7551 0.6455
vn -0.1147 0.8283 -0.5484
vn -0.1149 0.8283 -0.5484
vn -0.1149 0.7550 0.6455
vn -0.1149 0.8283 0.5484
vn -0.1146 0.8282 -0.5486
vn -0.1147 0.8283 0.5484
vn -0.1146 0.8282 0.5486
vn -0.1148 0.8583 0.5001
vn -0.0188 -0.0000 0.9998
vn -0.4337 0.7452 0.5066
vn -0.5018 0.7047 0.5017
vn -0.1138 -0.1262 -0.9855
vn -0.1139 -0.1261 -0.9855
vn -0.1147 0.0011 -0.9934
vn -0.1138 -0.1261 0.9855
vn -0.1878 -0.0006 0.9822
vn -0.1147 0.0019 0.9934
vn -0.1145 -0.3217 -0.9399
vn -0.1139 -0.1262 0.9855
vn -0.1145 -0.3217 0.9399
vn -0.1201 -0.4584 -0.8806
vn -0.1201 -0.3223 -0.9390
vn -0.1201 -0.3223 0.9390
vn -0.1201 -0.4584 0.8806
vn -0.1202 -0.4584 -0.8806
vn -0.1202 -0.4584 0.8806
vn -0.1200 -0.5850 -0.8021
vn -0.1201 -0.5850 -0.8021
vn -0.1200 -0.5850 0.8021
vn -0.1202 -0.5849 -0.8021
vn -0.1202 -0.5849 0.8021
vn -0.1201 -0.5850 0.8021
vn -0.1143 -0.6989 -0.7060
vn -0.1202 -0.6977 -0.7062
vn -0.1143 -0.6989 0.7060
vn -0.1202 -0.6977 0.7062
vn -0.1128 -0.8540 -0.5079
vn -0.1130 -0.8540 -0.5079
vn -0.1128 -0.8540 0.5079
vn -0.1132 -0.9777 -0.1768
vn -0.1129 -0.9778 -0.1767
vn -0.1129 -0.9778 0.1768
vn -0.1130 -0.8540 0.5079
vn -0.1150 -0.9934 -0.0000
vn -0.7815 0.0009 0.6239
vn -0.7581 0.1267 0.6397
vn -0.7886 0.0014 -0.6149
vn -0.7647 0.1288 -0.6314
vn -0.4387 0.7425 0.5062
vn -0.6388 0.4472 -0.6261
vn -0.7671 0.1299 -0.6283
vn -0.7632 0.1447 0.6298
vn -0.7582 0.1267 0.6396
vn -0.6388 0.4472 0.6261
vn -0.7888 0.0014 -0.6146
vn -0.7635 0.1344 -0.6316
vn -0.7816 0.0009 0.6238
vn -0.7064 0.4918 -0.5091
vn -0.7379 0.4163 -0.5312
vn -0.4893 0.7021 -0.5174
vn -0.4893 0.7021 0.5174
vn -0.7379 0.4163 0.5312
vn -0.7064 0.4918 0.5091
vn -0.6255 -0.0128 -0.7801
vn -0.4349 -0.0014 -0.9005
vn -0.4298 0.1527 -0.8899
vn -0.4298 0.1527 0.8899
vn -0.4349 -0.0043 0.9005
vn -0.4299 0.4406 -0.7881
vn -0.4298 0.4406 -0.7881
vn -0.4298 0.4406 0.7881
vn -0.4343 0.6080 -0.6646
vn -0.4343 0.6080 0.6646
vn -0.4299 0.4406 0.7881
vn -0.4342 0.6847 -0.5854
vn -0.4343 0.6847 -0.5853
vn -0.4343 0.6847 0.5854
vn -0.4344 0.7510 -0.4972
vn -0.4342 0.7511 -0.4973
vn -0.4344 0.7510 0.4972
vn -0.4342 0.7511 0.4973
vn -0.4342 0.6847 0.5854
vn -0.4351 0.7808 -0.4485
vn -0.4351 0.7808 0.4485
vn -0.4322 -0.1145 -0.8945
vn -0.4321 -0.1145 -0.8945
vn -0.4498 -0.0014 -0.8931
vn -0.4350 -0.0012 -0.9004
vn -0.4321 -0.1145 0.8945
vn -0.4324 -0.1145 0.8944
vn -0.4631 -0.0022 0.8863
vn -0.4352 -0.0018 0.9003
vn -0.4342 -0.2901 -0.8528
vn -0.4341 -0.2901 0.8529
vn -0.4294 -0.7762 -0.4617
vn -0.4340 -0.6350 -0.6391
vn -0.4340 -0.6350 0.6391
vn -0.4293 -0.7762 0.4617
vn -0.4293 -0.8888 -0.1606
vn -0.4293 -0.7762 -0.4617
vn -0.4293 -0.8888 0.1606
vn -0.4349 -0.9005 -0.0000
vn -0.4446 -0.2885 -0.8480
vn -0.4340 -0.2936 -0.8518
vn -0.4341 -0.2902 0.8529
vn -0.4293 -0.7763 -0.4617
vn -0.4446 -0.6313 0.6354
vn -0.4339 -0.6325 0.6417
vn -0.4293 -0.7763 0.4617
vn -0.4446 -0.4136 -0.7945
vn -0.4447 -0.2918 0.8468
vn -0.4446 -0.4136 0.7945
vn -0.4446 -0.5278 -0.7237
vn -0.4446 -0.5278 0.7237
vn -0.4447 -0.6288 -0.6379
vn -0.5034 0.7274 -0.4664
vn -0.4349 0.7808 -0.4485
vn -0.4349 0.7808 0.4485
vn -0.5036 0.7272 0.4665
vn -0.4564 0.7348 -0.5017
vn -0.4573 0.7346 0.5013
vn -0.4320 -0.1146 -0.8945
vn -0.4496 -0.0012 -0.8932
vn -0.4349 -0.0008 -0.9005
vn -0.4319 -0.1146 0.8946
vn -0.4629 -0.0018 0.8864
vn -0.4348 -0.0009 0.9005
vn -0.4565 0.7348 -0.5017
vn -0.4571 0.7346 0.5014
vn -0.7633 0.1345 -0.6319
vn -0.7072 0.0009 0.7070
vn -0.7815 0.0010 0.6239
vn -0.7528 0.1482 0.6414
vn -0.4878 0.7240 -0.4877
vn -0.5016 0.7050 -0.5014
vn -0.5575 0.7079 -0.4337
vn -0.5128 0.7160 -0.4737
vn -0.7073 0.0040 -0.7069
vn -0.5859 0.7067 -0.3966
vn -0.6194 0.7131 -0.3283
vn -0.5871 0.7620 -0.2733
vn -0.9066 -0.0031 -0.4220
vn -0.6168 0.7038 0.3524
vn -0.5597 0.7075 0.4315
vn -0.5244 0.7142 0.4635
vn -0.4880 0.7238 0.4878
vn -0.4881 0.7238 0.4877
vn -0.5848 0.7708 0.2528
vn -0.6594 0.6862 0.3070
vn -0.9066 -0.0021 0.4220
vn -0.8521 0.1802 -0.4914
vn -0.8596 0.1860 -0.4759
vn -0.8519 0.1638 0.4975
vn -0.8484 0.2188 0.4819
vn -0.8864 -0.0081 0.4628
vn -0.6217 0.7515 -0.2206
vn -0.6217 0.7515 -0.2207
vn -0.6217 0.7832 -0.0000
vn -0.6217 0.7515 0.2207
vn -0.6217 0.6589 -0.4235
vn -0.6217 0.6589 0.4235
vn -0.6217 0.5129 -0.5920
vn -0.6218 0.5129 -0.5919
vn -0.6217 0.5129 0.5919
vn -0.6218 0.3254 -0.7124
vn -0.6217 0.3253 -0.7125
vn -0.6218 0.3253 0.7124
vn -0.6218 0.5129 0.5919
vn -0.6217 0.1115 -0.7753
vn -0.6216 0.1115 -0.7753
vn -0.6217 0.3254 0.7125
vn -0.6217 0.1115 0.7753
vn -0.6216 0.1115 0.7753
vn -0.6255 -0.0013 0.7802
vn -0.8912 -0.0075 -0.4536
vn -0.8865 -0.0081 0.4627
vn -0.8913 -0.0074 -0.4534
vn -0.8371 0.2262 -0.4981
vn -0.4350 -0.0014 -0.9004
vn -0.4299 0.1527 -0.8899
vn -0.4299 0.1527 0.8899
vn -0.4350 -0.0014 0.9004
vn -0.4350 -0.9005 -0.0000
vn -0.6218 0.1115 -0.7752
vn -0.6257 0.0044 -0.7801
vn -0.6257 0.0044 0.7801
vn -0.6218 0.1115 0.7752
vn -0.7787 0.5097 0.3659
vn -0.7785 0.5099 0.3659
vn -0.7857 0.4980 0.3669
vn -0.7785 0.5099 -0.3659
vn -0.7787 0.5097 -0.3659
vn -0.7857 0.4980 -0.3669
vn -0.7082 0.0006 0.7060
vn -0.7081 0.0005 -0.7061
vn -0.7801 -0.0044 -0.6257
vn -0.7756 0.1067 -0.6221
vn -0.7756 0.1068 0.6221
vn -0.7801 -0.0044 0.6257
vn -0.7756 0.3080 -0.5510
vn -0.7756 0.1068 -0.6221
vn -0.7756 0.3080 0.5510
vn -0.7795 0.4228 -0.4622
vn -0.7795 0.4228 0.4622
vn -0.7795 0.4761 -0.4070
vn -0.7795 0.4761 -0.4071
vn -0.7795 0.4761 0.4071
vn -0.7796 0.5222 -0.3457
vn -0.7795 0.5223 -0.3458
vn -0.7796 0.5222 0.3457
vn -0.7795 0.5223 0.3458
vn -0.7778 -0.0799 -0.6234
vn -0.7803 -0.0008 -0.6254
vn -0.7775 -0.0798 0.6238
vn -0.7801 -0.0007 0.6257
vn -0.7868 -0.1980 -0.5846
vn -0.7791 -0.2049 -0.5924
vn -0.7776 -0.0798 -0.6237
vn -0.7776 -0.0798 0.6237
vn -0.7793 -0.2012 0.5935
vn -0.7751 -0.5430 -0.3230
vn -0.7793 -0.4422 -0.4441
vn -0.7868 -0.4356 0.4373
vn -0.7791 -0.4395 0.4469
vn -0.7751 -0.5430 0.3230
vn -0.7751 -0.6217 -0.1124
vn -0.7751 -0.6217 0.1124
vn -0.7801 -0.6257 -0.0000
vn -0.7869 -0.2850 -0.5474
vn -0.7868 -0.2850 -0.5474
vn -0.7869 -0.2016 0.5832
vn -0.7869 -0.2850 0.5474
vn -0.7868 -0.3637 -0.4986
vn -0.7869 -0.3637 -0.4986
vn -0.7868 -0.2850 0.5474
vn -0.7868 -0.3637 0.4986
vn -0.7869 -0.4327 -0.4399
vn -0.7869 -0.3637 0.4986
vn -0.7775 -0.0799 -0.6237
vn -0.7800 -0.0008 -0.6257
vn -0.7775 -0.0799 0.6237
vn -0.7800 -0.0007 0.6257
vn -0.7080 -0.0044 -0.7062
vn -0.4383 0.7847 -0.4382
vn -0.7081 -0.0042 0.7061
vn -0.9584 0.0014 0.2854
vn -0.9400 0.1179 0.3202
vn -0.9588 0.0013 -0.2840
vn -0.9397 0.1211 -0.3198
vn -0.9364 0.2441 -0.2521
vn -0.9397 0.1209 -0.3198
vn -0.9397 0.1211 -0.3197
vn -0.9680 0.1342 -0.2120
vn -0.9255 0.3145 0.2108
vn -0.9400 0.1180 0.3202
vn -0.9400 0.1180 0.3203
vn -0.9680 0.1342 0.2120
vn -0.9681 0.1339 0.2119
vn -0.8987 0.4208 -0.1236
vn -0.8987 0.4386 -0.0000
vn -0.8987 0.4208 0.1236
vn -0.8987 0.3690 -0.2371
vn -0.8987 0.3689 -0.2371
vn -0.8987 0.3690 0.2371
vn -0.8987 0.2872 -0.3315
vn -0.8987 0.2872 0.3315
vn -0.8987 0.3689 0.2371
vn -0.8987 0.1822 -0.3990
vn -0.8987 0.1822 0.3990
vn -0.8987 0.0624 -0.4341
vn -0.8987 0.0624 0.4341
vn -0.9005 0.0014 -0.4350
vn -0.9005 0.0014 0.4350
vn -0.9747 0.0056 -0.2234
vn -0.8943 -0.0009 -0.4475
vn -0.8872 -0.0017 0.4613
vn -0.9746 0.0053 0.2237
vn -0.7798 0.0013 -0.6260
vn -0.9004 0.0043 -0.4350
vn -0.9004 0.0043 0.4350
vn -0.7801 0.0013 0.6256
vn -0.9584 0.0014 0.2855
vn -0.7754 0.1068 -0.6224
vn -0.7754 0.1068 0.6224
vn -0.7802 -0.6256 -0.0000
vn -0.7752 -0.6216 -0.1124
vn -0.7751 -0.6218 0.1124
vn -0.7801 -0.6256 -0.0000
vn -0.9584 0.0018 0.2855
vn -0.9066 0.0014 0.4220
vn -0.9588 0.0013 -0.2841
vn -0.7099 0.6775 -0.1924
vn -0.6784 0.6634 -0.3157
vn -0.9066 0.0058 -0.4220
vn -0.6594 0.6863 0.3070
vn -0.7209 0.6668 -0.1892
vn -0.5992 0.7968 -0.0786
vn -0.9915 -0.0027 -0.1301
vn -0.2150 0.9762 0.0282
vn -0.6817 0.7235 0.1086
vn -0.6868 0.6907 0.2264
vn -0.9915 -0.0027 0.1301
vn -0.9747 -0.0045 -0.2235
vn -0.9740 0.0383 -0.2233
vn -0.9740 0.0383 -0.2234
vn -0.9740 0.0383 0.2234
vn -0.9747 -0.0045 0.2235
vn -0.9740 0.1106 -0.1978
vn -0.9740 0.1106 0.1978
vn -0.9746 0.1511 -0.1652
vn -0.9746 0.1511 0.1652
vn -0.9746 0.1702 -0.1455
vn -0.9746 0.1702 0.1455
vn -0.9746 0.1867 -0.1236
vn -0.9746 0.1868 -0.1237
vn -0.9746 0.1868 0.1237
vn -0.9746 0.1867 0.1236
vn -0.9743 -0.0286 -0.2233
vn -0.9743 -0.0286 0.2236
vn -0.9729 -0.0731 -0.2193
vn -0.9746 -0.0685 -0.2131
vn -0.9743 -0.0286 -0.2234
vn -0.9743 -0.0286 0.2234
vn -0.9746 -0.0707 0.2125
vn -0.9739 -0.1950 -0.1160
vn -0.9746 -0.1589 -0.1578
vn -0.9729 -0.1640 0.1630
vn -0.9746 -0.1604 0.1561
vn -0.9739 -0.1950 0.1160
vn -0.9739 -0.2234 -0.0403
vn -0.9739 -0.2233 -0.0404
vn -0.9739 -0.1950 -0.1161
vn -0.9739 -0.1950 0.1161
vn -0.9739 -0.2233 0.0404
vn -0.9747 -0.2235 -0.0000
vn -0.9739 -0.2233 0.0403
vn -0.9729 -0.1067 -0.2049
vn -0.9729 -0.0709 0.2202
vn -0.9729 -0.1067 0.2049
vn -0.9729 -0.1361 -0.1867
vn -0.9729 -0.1361 0.1867
vn -0.9729 -0.1658 -0.1614
vn -0.9732 0.1666 -0.1587
vn -0.9743 -0.0287 -0.2235
vn -0.8942 -0.0009 -0.4476
vn -0.9747 -0.0023 -0.2236
vn -0.9743 -0.0287 0.2235
vn -0.9747 -0.0017 0.2236
vn -0.4535 0.7735 -0.4429
vn -0.9954 -0.0000 -0.0961
vn -0.9954 -0.0000 0.0953
vn -0.8882 -0.0103 0.4594
vn -0.4552 0.7724 0.4430
vn -0.9857 -0.0000 0.1686
vn -0.9889 -0.0000 -0.1488
vn -0.9934 0.1148 -0.0082
vn -0.9933 0.1112 -0.0327
vn -0.9933 0.1112 -0.0326
vn -0.9915 0.1304 -0.0000
vn -0.9934 0.1148 0.0082
vn -0.9933 0.1112 0.0327
vn -0.9933 0.0975 -0.0627
vn -0.9933 0.0975 0.0627
vn -0.9933 0.0759 -0.0876
vn -0.9933 0.0759 0.0876
vn -0.9933 0.0481 -0.1054
vn -0.9933 0.0481 0.1054
vn -0.9933 0.0165 -0.1147
vn -0.9933 0.0165 0.1147
vn -0.9933 0.0482 0.1054
vn -0.9934 -0.0000 -0.1148
vn -0.9934 -0.0000 0.1148
vn -0.9746 -0.0686 -0.2134
vn -0.9743 -0.0286 -0.2236
vn -0.9745 -0.0748 0.2115
vn -1.0000 0.0010 0.0098
vn -0.9739 -0.1952 -0.1161
vn -0.9745 -0.1563 -0.1610
vn -1.0000 -0.0092 -0.0035
vn -0.9745 -0.1608 0.1565
vn -0.9739 -0.1952 0.1161
vn -1.0000 -0.0017 -0.0045
vn -1.0000 -0.0018 -0.0047
vn -0.9769 -0.0987 -0.1896
vn -1.0000 -0.0029 0.0082
vn -0.9997 -0.0113 0.0218
vn -1.0000 -0.0025 -0.0038
vn -0.9997 -0.0144 -0.0199
vn -1.0000 -0.0024 0.0040
vn -1.0000 -0.0023 0.0040
vn -1.0000 -0.0022 0.0038
vn -0.9770 -0.1253 0.1727
vn -1.0000 -0.0060 -0.0062
vn -1.0000 -0.0034 0.0036
vn -1.0000 -0.0033 0.0036
s 0
usemtl Material.003
f 1//1 2//1 3//1
f 4//2 1//2 3//2
f 5//3 4//3 3//3
f 6//4 5//4 3//4
f 2//5 6//5 3//5
f 1//6 6//6 2//6
f 7//4 8//4 5//4
f 6//4 7//4 5//4
f 8//3 4//3 5//3
f 9//4 7//4 6//4
f 10//5 9//5 6//5
f 11//7 10//7 6//7
f 1//8 11//8 6//8
f 12//9 4//9 8//9
f 7//10 12//10 8//10
f 13//11 9//11 10//11
f 11//12 13//12 10//12
f 14//4 7//4 9//4
f 15//4 14//4 9//4
f 16//4 15//4 9//4
f 17//13 16//13 9//13
f 13//14 17//14 9//14
f 14//10 12//10 7//10
f 18//15 12//15 14//15
f 15//16 18//16 14//16
f 19//17 15//17 16//17
f 17//13 19//13 16//13
f 20//4 21//4 15//4
f 19//4 22//4 15//4
f 22//4 23//4 15//4
f 23//4 24//4 15//4
f 24//4 20//4 15//4
f 21//4 25//4 15//4
f 25//18 18//18 15//18
f 17//19 22//19 19//19
f 17//20 26//20 22//20
f 26//21 23//21 22//21
f 21//4 27//4 25//4
f 28//22 18//22 25//22
f 27//23 28//23 25//23
f 21//4 29//4 27//4
f 29//24 30//24 27//24
f 30//25 28//25 27//25
f 26//26 31//26 23//26
f 31//27 24//27 23//27
f 21//4 32//4 29//4
f 32//24 30//24 29//24
f 31//27 20//27 24//27
f 21//4 33//4 32//4
f 33//28 34//28 32//28
f 34//29 35//29 32//29
f 35//30 30//30 32//30
f 31//31 36//31 20//31
f 36//32 21//32 20//32
f 37//4 38//4 21//4
f 38//4 39//4 21//4
f 39//4 40//4 21//4
f 41//4 42//4 21//4
f 42//4 43//4 21//4
f 43//4 37//4 21//4
f 40//4 44//4 21//4
f 44//4 45//4 21//4
f 45//4 46//4 21//4
f 46//4 33//4 21//4
f 47//33 41//33 21//33
f 36//34 47//34 21//34
f 46//35 48//35 33//35
f 48//36 34//36 33//36
f 49//37 48//37 46//37
f 45//38 49//38 46//38
f 50//4 42//4 41//4
f 51//39 50//39 41//39
f 47//40 51//40 41//40
f 52//4 42//4 50//4
f 51//39 52//39 50//39
f 44//38 49//38 45//38
f 40//41 53//41 44//41
f 53//42 49//42 44//42
f 54//4 42//4 52//4
f 51//43 55//43 52//43
f 55//44 54//44 52//44
f 56//4 42//4 54//4
f 57//4 56//4 54//4
f 55//45 58//45 54//45
f 58//46 57//46 54//46
f 39//47 53//47 40//47
f 59//48 60//48 39//48
f 38//49 59//49 39//49
f 60//50 53//50 39//50
f 37//49 59//49 38//49
f 61//4 56//4 57//4
f 58//46 61//46 57//46
f 62//4 56//4 61//4
f 58//51 63//51 61//51
f 63//52 62//52 61//52
f 64//53 59//53 37//53
f 43//54 64//54 37//54
f 65//4 56//4 62//4
f 63//52 65//52 62//52
f 42//55 64//55 43//55
f 66//4 56//4 65//4
f 63//56 67//56 65//56
f 67//57 66//57 65//57
f 68//58 64//58 42//58
f 56//59 68//59 42//59
f 69//4 56//4 66//4
f 70//60 69//60 66//60
f 67//61 70//61 66//61
f 69//4 71//4 56//4
f 71//4 72//4 56//4
f 72//62 73//62 56//62
f 73//63 68//63 56//63
f 70//64 74//64 69//64
f 75//65 71//65 69//65
f 74//65 75//65 69//65
f 71//4 76//4 72//4
f 77//62 73//62 72//62
f 76//66 77//66 72//66
f 78//4 76//4 71//4
f 79//67 78//67 71//67
f 75//67 79//67 71//67
f 80//4 81//4 76//4
f 82//4 80//4 76//4
f 78//4 82//4 76//4
f 83//66 77//66 76//66
f 81//68 83//68 76//68
f 84//69 82//69 78//69
f 79//70 84//70 78//70
f 80//4 85//4 81//4
f 85//71 86//71 81//71
f 87//72 83//72 81//72
f 86//73 87//73 81//73
f 84//69 80//69 82//69
f 88//4 89//4 80//4
f 89//4 90//4 80//4
f 90//4 91//4 80//4
f 91//4 85//4 80//4
f 92//4 88//4 80//4
f 93//4 92//4 80//4
f 84//74 93//74 80//74
f 91//75 86//75 85//75
f 94//4 92//4 93//4
f 95//76 94//76 93//76
f 84//77 96//77 93//77
f 96//78 95//78 93//78
f 90//75 86//75 91//75
f 97//79 86//79 90//79
f 89//80 97//80 90//80
f 98//4 92//4 94//4
f 95//81 98//81 94//81
f 88//82 99//82 89//82
f 99//83 97//83 89//83
f 100//4 101//4 98//4
f 101//4 92//4 98//4
f 95//84 100//84 98//84
f 92//85 102//85 88//85
f 102//86 99//86 88//86
f 103//87 101//87 100//87
f 95//88 104//88 100//88
f 104//89 103//89 100//89
f 105//4 106//4 92//4
f 107//4 105//4 92//4
f 108//4 107//4 92//4
f 101//4 108//4 92//4
f 109//90 102//90 92//90
f 106//91 109//91 92//91
f 110//4 108//4 101//4
f 111//92 110//92 101//92
f 103//93 111//93 101//93
f 112//4 113//4 106//4
f 105//4 112//4 106//4
f 113//94 109//94 106//94
f 114//4 108//4 110//4
f 111//95 114//95 110//95
f 112//4 115//4 113//4
f 115//96 109//96 113//96
f 112//4 116//4 115//4
f 116//97 117//97 115//97
f 117//98 118//98 115//98
f 118//99 109//99 115//99
f 119//4 108//4 114//4
f 120//100 119//100 114//100
f 111//101 120//101 114//101
f 121//4 108//4 119//4
f 122//102 121//102 119//102
f 120//103 122//103 119//103
f 112//4 123//4 116//4
f 123//104 117//104 116//104
f 124//4 108//4 121//4
f 122//105 124//105 121//105
f 125//4 108//4 124//4
f 122//105 125//105 124//105
f 126//4 127//4 123//4
f 112//4 126//4 123//4
f 127//104 117//104 123//104
f 128//106 117//106 127//106
f 129//107 128//107 127//107
f 126//108 129//108 127//108
f 130//4 108//4 125//4
f 131//109 130//109 125//109
f 122//110 132//110 125//110
f 132//111 131//111 125//111
f 112//4 133//4 126//4
f 128//112 129//112 126//112
f 134//113 128//113 126//113
f 133//114 134//114 126//114
f 135//4 136//4 130//4
f 136//4 108//4 130//4
f 131//115 137//115 130//115
f 137//116 135//116 130//116
f 112//4 138//4 133//4
f 138//117 139//117 133//117
f 139//118 134//118 133//118
f 140//119 136//119 135//119
f 141//120 140//120 135//120
f 137//121 141//121 135//121
f 112//4 142//4 138//4
f 143//122 139//122 138//122
f 142//123 143//123 138//123
f 144//4 108//4 136//4
f 145//124 144//124 136//124
f 140//125 145//125 136//125
f 112//4 146//4 142//4
f 147//126 143//126 142//126
f 146//127 148//127 142//127
f 148//127 147//127 142//127
f 145//128 108//128 144//128
f 112//4 149//4 146//4
f 149//129 150//129 146//129
f 150//129 148//129 146//129
f 151//130 107//130 108//130
f 145//128 151//128 108//128
f 112//131 152//131 149//131
f 152//131 150//131 149//131
f 153//132 105//132 107//132
f 151//130 153//130 107//130
f 105//133 152//133 112//133
f 154//133 152//133 105//133
f 153//132 154//132 105//132
f 155//134 11//134 1//134
f 4//135 155//135 1//135
f 156//136 155//136 4//136
f 12//136 156//136 4//136
f 157//137 13//137 11//137
f 155//138 157//138 11//138
f 158//139 156//139 12//139
f 18//140 158//140 12//140
f 159//141 17//141 13//141
f 157//137 159//137 13//137
f 160//142 158//142 18//142
f 28//143 160//143 18//143
f 161//144 26//144 17//144
f 159//145 161//145 17//145
f 162//146 160//146 28//146
f 30//147 162//147 28//147
f 163//148 31//148 26//148
f 161//144 163//144 26//144
f 35//149 162//149 30//149
f 164//150 36//150 31//150
f 163//151 164//151 31//151
f 165//152 162//152 35//152
f 34//153 165//153 35//153
f 164//154 47//154 36//154
f 166//155 165//155 34//155
f 48//156 166//156 34//156
f 167//157 51//157 47//157
f 164//158 167//158 47//158
f 49//159 166//159 48//159
f 168//160 166//160 49//160
f 53//160 168//160 49//160
f 169//161 55//161 51//161
f 167//157 169//157 51//157
f 170//162 168//162 53//162
f 60//163 170//163 53//163
f 171//164 58//164 55//164
f 169//161 171//161 55//161
f 59//165 170//165 60//165
f 64//166 172//166 59//166
f 172//166 170//166 59//166
f 173//167 63//167 58//167
f 171//164 173//164 58//164
f 68//168 174//168 64//168
f 174//169 172//169 64//169
f 175//170 67//170 63//170
f 173//167 175//167 63//167
f 176//171 177//171 67//171
f 177//172 70//172 67//172
f 175//173 176//173 67//173
f 177//174 74//174 70//174
f 73//175 174//175 68//175
f 178//176 172//176 174//176
f 73//177 178//177 174//177
f 77//178 179//178 73//178
f 179//178 180//178 73//178
f 180//177 178//177 73//177
f 177//179 176//179 74//179
f 176//180 181//180 74//180
f 182//181 75//181 74//181
f 181//181 182//181 74//181
f 83//182 179//182 77//182
f 183//183 79//183 75//183
f 182//183 183//183 75//183
f 184//182 179//182 83//182
f 87//184 184//184 83//184
f 183//185 84//185 79//185
f 185//184 184//184 87//184
f 86//186 186//186 87//186
f 186//186 185//186 87//186
f 187//187 96//187 84//187
f 183//185 187//185 84//185
f 97//188 188//188 86//188
f 188//189 186//189 86//189
f 187//187 189//187 96//187
f 189//190 95//190 96//190
f 99//191 190//191 97//191
f 190//192 188//192 97//192
f 191//193 104//193 95//193
f 192//194 191//194 95//194
f 189//195 192//195 95//195
f 102//196 193//196 99//196
f 193//197 190//197 99//197
f 191//198 194//198 104//198
f 195//199 103//199 104//199
f 194//200 195//200 104//200
f 196//201 137//201 131//201
f 132//202 197//202 131//202
f 197//203 196//203 131//203
f 198//204 117//204 128//204
f 134//205 198//205 128//205
f 109//206 193//206 102//206
f 195//207 120//207 103//207
f 120//208 111//208 103//208
f 199//209 137//209 196//209
f 197//210 199//210 196//210
f 200//211 198//211 134//211
f 139//212 200//212 134//212
f 199//213 201//213 137//213
f 201//214 141//214 137//214
f 202//191 188//191 190//191
f 193//215 203//215 190//215
f 203//216 202//216 190//216
f 192//193 204//193 191//193
f 204//217 194//217 191//217
f 205//218 157//218 155//218
f 206//219 205//219 155//219
f 156//219 206//219 155//219
f 207//220 159//220 157//220
f 205//218 207//218 157//218
f 208//221 206//221 156//221
f 158//221 208//221 156//221
f 209//222 161//222 159//222
f 207//220 209//220 159//220
f 210//223 208//223 158//223
f 160//223 210//223 158//223
f 211//224 163//224 161//224
f 209//222 211//222 161//222
f 212//225 210//225 160//225
f 162//225 212//225 160//225
f 213//226 164//226 163//226
f 211//224 213//224 163//224
f 214//227 212//227 162//227
f 165//228 214//228 162//228
f 215//229 167//229 164//229
f 213//226 215//226 164//226
f 216//230 214//230 165//230
f 166//230 216//230 165//230
f 217//231 169//231 167//231
f 215//232 217//232 167//232
f 218//233 216//233 166//233
f 168//233 218//233 166//233
f 219//234 171//234 169//234
f 217//235 219//235 169//235
f 220//236 218//236 168//236
f 170//236 220//236 168//236
f 221//237 173//237 171//237
f 219//234 221//234 171//234
f 172//238 222//238 170//238
f 222//238 220//238 170//238
f 223//239 175//239 173//239
f 221//237 223//237 173//237
f 178//176 224//176 172//176
f 224//240 222//240 172//240
f 225//241 176//241 175//241
f 226//242 225//242 175//242
f 223//243 226//243 175//243
f 225//244 181//244 176//244
f 227//245 198//245 200//245
f 228//246 227//246 200//246
f 139//247 228//247 200//247
f 229//248 230//248 201//248
f 199//249 229//249 201//249
f 230//250 141//250 201//250
f 231//251 232//251 139//251
f 143//251 231//251 139//251
f 232//252 228//252 139//252
f 233//253 140//253 141//253
f 230//254 233//254 141//254
f 147//255 234//255 143//255
f 234//255 231//255 143//255
f 235//256 145//256 140//256
f 233//257 235//257 140//257
f 148//258 236//258 147//258
f 236//259 234//259 147//259
f 235//256 237//256 145//256
f 237//260 151//260 145//260
f 150//261 238//261 148//261
f 238//261 236//261 148//261
f 239//262 153//262 151//262
f 237//263 239//263 151//263
f 152//264 240//264 150//264
f 240//265 238//265 150//265
f 241//266 242//266 153//266
f 242//267 154//267 153//267
f 239//262 241//262 153//262
f 154//268 240//268 152//268
f 242//268 240//268 154//268
f 180//177 224//177 178//177
f 118//269 193//269 109//269
f 243//270 193//270 118//270
f 244//271 243//271 118//271
f 117//272 245//272 118//272
f 245//273 246//273 118//273
f 246//274 244//274 118//274
f 195//275 247//275 120//275
f 247//275 248//275 120//275
f 248//276 249//276 120//276
f 249//277 122//277 120//277
f 194//278 247//278 195//278
f 243//279 203//279 193//279
f 194//280 248//280 247//280
f 242//281 250//281 240//281
f 250//265 238//265 240//265
f 251//281 250//281 242//281
f 241//266 251//266 242//266
f 244//282 203//282 243//282
f 252//178 180//178 179//178
f 184//283 252//283 179//283
f 253//284 183//284 182//284
f 254//285 253//285 182//285
f 181//181 254//181 182//181
f 255//283 252//283 184//283
f 185//286 255//286 184//286
f 253//287 187//287 183//287
f 227//288 117//288 198//288
f 197//289 229//289 199//289
f 256//290 222//290 224//290
f 180//291 256//291 224//291
f 257//292 258//292 180//292
f 252//292 257//292 180//292
f 258//293 256//293 180//293
f 225//294 259//294 181//294
f 259//295 260//295 181//295
f 261//296 254//296 181//296
f 260//296 261//296 181//296
f 255//297 257//297 252//297
f 262//298 253//298 254//298
f 261//298 262//298 254//298
f 263//297 257//297 255//297
f 185//299 263//299 255//299
f 262//300 187//300 253//300
f 186//301 264//301 185//301
f 264//302 265//302 185//302
f 265//303 263//303 185//303
f 262//304 266//304 187//304
f 266//305 189//305 187//305
f 188//306 267//306 186//306
f 267//307 264//307 186//307
f 266//308 268//308 189//308
f 268//309 192//309 189//309
f 202//310 269//310 188//310
f 269//311 267//311 188//311
f 270//312 204//312 192//312
f 271//313 270//313 192//313
f 268//309 271//309 192//309
f 272//314 269//314 202//314
f 203//315 272//315 202//315
f 270//316 273//316 204//316
f 273//317 194//317 204//317
f 244//318 274//318 203//318
f 274//319 275//319 203//319
f 275//320 272//320 203//320
f 276//321 277//321 194//321
f 277//322 249//322 194//322
f 249//323 248//323 194//323
f 273//324 276//324 194//324
f 226//241 259//241 225//241
f 246//325 274//325 244//325
f 278//326 117//326 227//326
f 279//327 278//327 227//327
f 228//328 279//328 227//328
f 280//329 281//329 229//329
f 281//330 230//330 229//330
f 197//331 282//331 229//331
f 282//332 280//332 229//332
f 283//333 267//333 269//333
f 272//334 283//334 269//334
f 271//335 284//335 270//335
f 284//336 273//336 270//336
f 232//337 279//337 228//337
f 281//338 233//338 230//338
f 285//339 207//339 205//339
f 286//340 285//340 205//340
f 206//341 286//341 205//341
f 287//342 209//342 207//342
f 285//339 287//339 207//339
f 288//343 286//343 206//343
f 208//344 288//344 206//344
f 289//345 211//345 209//345
f 287//346 289//346 209//346
f 290//347 288//347 208//347
f 210//347 290//347 208//347
f 291//348 213//348 211//348
f 289//345 291//345 211//345
f 292//349 290//349 210//349
f 212//349 292//349 210//349
f 293//350 215//350 213//350
f 291//348 293//348 213//348
f 294//351 292//351 212//351
f 214//352 294//352 212//352
f 295//353 217//353 215//353
f 293//354 295//354 215//354
f 296//355 294//355 214//355
f 216//356 296//356 214//356
f 297//357 219//357 217//357
f 295//358 297//358 217//358
f 298//359 296//359 216//359
f 218//359 298//359 216//359
f 299//360 221//360 219//360
f 297//361 299//361 219//361
f 300//362 298//362 218//362
f 220//363 300//363 218//363
f 301//364 223//364 221//364
f 299//360 301//360 221//360
f 302//365 300//365 220//365
f 222//366 302//366 220//366
f 303//367 226//367 223//367
f 301//368 303//368 223//368
f 256//369 304//369 222//369
f 304//370 302//370 222//370
f 305//371 259//371 226//371
f 306//372 305//372 226//372
f 303//373 306//373 226//373
f 305//374 260//374 259//374
f 307//375 278//375 279//375
f 232//376 307//376 279//376
f 280//377 308//377 281//377
f 308//378 233//378 281//378
f 309//379 310//379 232//379
f 231//379 309//379 232//379
f 310//380 307//380 232//380
f 311//381 235//381 233//381
f 308//378 311//378 233//378
f 234//382 312//382 231//382
f 312//383 309//383 231//383
f 313//384 237//384 235//384
f 311//381 313//381 235//381
f 236//385 314//385 234//385
f 314//386 312//386 234//386
f 313//387 315//387 237//387
f 315//388 239//388 237//388
f 238//389 316//389 236//389
f 316//390 314//390 236//390
f 317//391 241//391 239//391
f 315//392 317//392 239//392
f 250//393 318//393 238//393
f 318//393 316//393 238//393
f 319//394 320//394 241//394
f 320//394 251//394 241//394
f 317//395 319//395 241//395
f 251//396 318//396 250//396
f 320//396 318//396 251//396
f 258//293 304//293 256//293
f 282//397 308//397 280//397
f 321//398 117//398 278//398
f 307//399 321//399 278//399
f 322//400 283//400 272//400
f 275//401 322//401 272//401
f 284//402 323//402 273//402
f 323//403 276//403 273//403
f 324//404 258//404 257//404
f 263//405 324//405 257//405
f 325//406 262//406 261//406
f 326//406 325//406 261//406
f 260//407 326//407 261//407
f 327//405 324//405 263//405
f 265//408 327//408 263//408
f 325//409 266//409 262//409
f 320//410 328//410 318//410
f 328//411 316//411 318//411
f 329//410 328//410 320//410
f 319//412 329//412 320//412
f 245//413 274//413 246//413
f 330//414 132//414 249//414
f 132//415 122//415 249//415
f 277//416 330//416 249//416
f 331//417 302//417 304//417
f 258//418 331//418 304//418
f 332//419 331//419 258//419
f 333//420 332//420 258//420
f 324//420 333//420 258//420
f 334//421 335//421 260//421
f 305//374 334//374 260//374
f 335//422 326//422 260//422
f 327//423 333//423 324//423
f 336//424 325//424 326//424
f 337//424 336//424 326//424
f 335//422 337//422 326//422
f 338//423 333//423 327//423
f 339//425 338//425 327//425
f 265//426 339//426 327//426
f 336//427 266//427 325//427
f 340//428 339//428 265//428
f 264//428 340//428 265//428
f 336//427 341//427 266//427
f 341//429 342//429 266//429
f 342//429 268//429 266//429
f 267//430 343//430 264//430
f 344//431 340//431 264//431
f 343//432 344//432 264//432
f 342//433 345//433 268//433
f 345//434 271//434 268//434
f 346//435 343//435 267//435
f 283//436 346//436 267//436
f 347//437 284//437 271//437
f 348//438 347//438 271//438
f 345//439 348//439 271//439
f 322//440 346//440 283//440
f 347//441 323//441 284//441
f 117//442 349//442 245//442
f 349//443 274//443 245//443
f 306//372 334//372 305//372
f 349//444 350//444 274//444
f 350//445 275//445 274//445
f 276//446 351//446 277//446
f 351//447 330//447 277//447
f 352//448 349//448 117//448
f 321//449 353//449 117//449
f 353//450 354//450 117//450
f 354//451 355//452 117//452
f 355//453 352//453 117//453
f 356//454 343//454 346//454
f 322//455 357//455 346//455
f 357//456 358//456 346//456
f 358//457 356//457 346//457
f 348//458 359//458 347//458
f 359//459 360//459 347//459
f 360//460 323//460 347//460
f 361//461 362//461 352//461
f 363//462 361//462 352//462
f 362//463 364//463 352//463
f 364//464 349//464 352//464
f 365//465 363//465 352//465
f 366//466 365//466 352//466
f 355//467 366//467 352//467
f 330//468 367//468 132//468
f 367//468 368//468 132//468
f 368//469 369//469 132//469
f 369//470 197//470 132//470
f 364//471 350//471 349//471
f 351//472 367//472 330//472
f 370//473 353//473 321//473
f 307//474 370//474 321//474
f 371//475 372//475 282//475
f 372//476 308//476 282//476
f 197//477 371//477 282//477
f 310//376 370//376 307//376
f 372//478 311//478 308//478
f 373//479 354//479 353//479
f 370//480 373//480 353//480
f 374//481 375//481 371//481
f 375//482 372//482 371//482
f 197//483 374//483 371//483
f 376//484 377//484 322//484
f 377//485 357//485 322//485
f 275//486 378//486 322//486
f 378//487 376//487 322//487
f 360//488 379//488 323//488
f 379//489 380//489 323//489
f 381//490 276//490 323//490
f 380//491 381//491 323//491
f 382//492 287//492 285//492
f 286//493 383//493 285//493
f 383//494 384//494 285//494
f 384//495 382//495 285//495
f 382//492 385//492 287//492
f 385//496 386//496 287//496
f 386//497 289//497 287//497
f 288//498 387//498 286//498
f 387//498 383//498 286//498
f 386//499 388//499 289//499
f 388//500 291//500 289//500
f 290//501 389//501 288//501
f 389//502 390//502 288//502
f 390//503 387//503 288//503
f 391//504 293//504 291//504
f 392//505 391//505 291//505
f 388//506 393//506 291//506
f 393//507 392//507 291//507
f 292//508 394//508 290//508
f 394//509 395//509 290//509
f 395//510 389//510 290//510
f 396//511 295//511 293//511
f 391//512 396//512 293//512
f 294//513 397//513 292//513
f 397//514 398//514 292//514
f 398//513 394//513 292//513
f 399//515 297//515 295//515
f 400//515 399//515 295//515
f 396//516 400//516 295//516
f 296//517 401//517 294//517
f 401//517 397//517 294//517
f 402//518 299//518 297//518
f 399//515 402//515 297//515
f 298//519 403//519 296//519
f 403//520 404//520 296//520
f 404//521 401//521 296//521
f 405//522 406//522 299//522
f 406//523 301//523 299//523
f 402//518 405//518 299//518
f 300//524 407//524 298//524
f 407//525 408//525 298//525
f 408//526 403//526 298//526
f 406//527 409//527 301//527
f 409//528 410//528 301//528
f 410//529 303//529 301//529
f 411//530 407//530 300//530
f 412//531 411//531 300//531
f 302//532 412//532 300//532
f 413//533 306//533 303//533
f 410//534 414//534 303//534
f 414//535 413//535 303//535
f 415//536 412//536 302//536
f 331//537 415//537 302//537
f 413//538 416//538 306//538
f 416//539 334//539 306//539
f 417//540 335//540 334//540
f 416//541 418//541 334//541
f 418//542 417//542 334//542
f 419//543 415//543 331//543
f 332//419 419//419 331//419
f 420//544 373//544 370//544
f 310//545 420//545 370//545
f 375//546 311//546 372//546
f 421//547 420//547 310//547
f 309//548 421//548 310//548
f 422//549 313//549 311//549
f 375//550 422//550 311//550
f 312//551 423//551 309//551
f 423//551 421//551 309//551
f 424//552 315//552 313//552
f 422//553 424//553 313//553
f 425//554 423//554 312//554
f 314//555 425//555 312//555
f 424//552 426//552 315//552
f 426//556 317//556 315//556
f 427//557 425//557 314//557
f 316//558 427//558 314//558
f 428//559 429//559 317//559
f 426//560 428//560 317//560
f 429//561 319//561 317//561
f 328//562 430//562 316//562
f 431//558 427//558 316//558
f 430//563 431//563 316//563
f 429//561 432//561 319//561
f 432//564 329//564 319//564
f 329//565 430//565 328//565
f 433//565 430//565 329//565
f 432//566 433//566 329//566
f 434//567 378//567 275//567
f 435//568 434//568 275//568
f 350//569 435//569 275//569
f 381//570 436//570 276//570
f 436//571 437//571 276//571
f 437//572 438//572 276//572
f 438//573 351//573 276//573
f 362//574 350//574 364//574
f 351//472 368//472 367//472
f 362//575 439//575 350//575
f 439//576 435//576 350//576
f 438//577 368//577 351//577
f 373//578 355//578 354//578
f 438//579 369//579 368//579
f 361//580 439//580 362//580
f 440//581 385//581 382//581
f 384//582 440//582 382//582
f 440//581 441//581 385//581
f 441//583 386//583 385//583
f 383//584 440//584 384//584
f 441//585 388//585 386//585
f 387//586 442//586 383//586
f 442//587 440//587 383//587
f 441//588 443//588 388//588
f 443//589 393//589 388//589
f 390//590 442//590 387//590
f 443//591 392//591 393//591
f 389//592 444//592 390//592
f 444//593 442//593 390//593
f 445//594 391//594 392//594
f 443//595 445//595 392//595
f 395//596 444//596 389//596
f 445//597 396//597 391//597
f 394//598 444//598 395//598
f 445//599 400//599 396//599
f 398//600 446//600 394//600
f 446//601 444//601 394//601
f 445//602 447//602 400//602
f 447//603 399//603 400//603
f 448//604 449//604 398//604
f 449//605 450//605 398//605
f 450//606 451//606 398//606
f 397//607 452//607 398//607
f 452//608 453//608 398//608
f 453//609 448//609 398//609
f 451//610 454//610 398//610
f 454//611 446//611 398//611
f 455//612 456//612 399//612
f 456//613 457//613 399//613
f 457//614 402//614 399//614
f 447//615 458//615 399//615
f 458//616 455//616 399//616
f 401//617 459//617 397//617
f 459//618 452//618 397//618
f 457//619 460//619 402//619
f 460//620 461//620 402//620
f 461//621 405//621 402//621
f 404//622 462//622 401//622
f 462//623 459//623 401//623
f 461//624 463//624 405//624
f 463//625 406//625 405//625
f 403//626 464//626 404//626
f 464//627 462//627 404//627
f 463//628 465//628 406//628
f 465//629 409//629 406//629
f 408//630 466//630 403//630
f 466//631 467//631 403//631
f 467//632 464//632 403//632
f 468//633 410//633 409//633
f 465//634 469//634 409//634
f 469//635 468//635 409//635
f 407//636 470//636 408//636
f 470//637 466//637 408//637
f 468//638 471//638 410//638
f 471//639 414//639 410//639
f 411//640 472//640 407//640
f 472//641 470//641 407//641
f 471//642 473//642 414//642
f 473//643 413//643 414//643
f 412//644 474//644 411//644
f 474//645 475//645 411//645
f 475//645 472//645 411//645
f 476//646 416//646 413//646
f 473//647 477//647 413//647
f 477//648 476//648 413//648
f 415//649 478//649 412//649
f 478//650 474//650 412//650
f 479//651 418//651 416//651
f 480//652 479//652 416//652
f 476//653 480//653 416//653
f 481//654 482//654 415//654
f 482//655 483//655 415//655
f 483//656 478//656 415//656
f 484//657 481//657 415//657
f 419//658 484//658 415//658
f 479//659 485//659 418//659
f 485//660 486//660 418//660
f 486//661 487//661 418//661
f 487//662 488//662 418//662
f 488//663 489//663 418//663
f 489//664 490//664 418//664
f 490//665 417//665 418//665
f 491//666 484//666 419//666
f 332//667 492//667 419//667
f 492//667 491//667 419//667
f 490//668 335//668 417//668
f 333//669 493//669 332//669
f 493//669 492//669 332//669
f 490//668 494//668 335//668
f 494//670 337//670 335//670
f 338//671 495//671 333//671
f 495//671 493//671 333//671
f 496//672 336//672 337//672
f 494//670 496//670 337//670
f 339//673 495//673 338//673
f 496//672 497//672 336//672
f 497//674 341//674 336//674
f 340//675 498//675 339//675
f 498//676 495//676 339//676
f 497//677 499//677 341//677
f 499//678 342//678 341//678
f 344//679 498//679 340//679
f 499//680 345//680 342//680
f 343//681 500//681 344//681
f 500//682 498//682 344//682
f 499//683 501//683 345//683
f 501//684 348//684 345//684
f 502//685 503//685 343//685
f 356//686 504//686 343//686
f 504//687 505//687 343//687
f 505//688 502//688 343//688
f 503//689 506//689 343//689
f 506//690 507//690 343//690
f 507//691 500//691 343//691
f 501//692 508//692 348//692
f 508//693 509//693 348//693
f 509//694 510//694 348//694
f 510//695 511//695 348//695
f 511//696 512//696 348//696
f 512//697 359//697 348//697
f 358//698 513//698 356//698
f 513//699 504//699 356//699
f 512//700 514//700 359//700
f 514//701 360//701 359//701
f 515//702 366//702 355//702
f 516//703 515//703 355//703
f 373//671 516//671 355//671
f 517//671 516//671 373//671
f 420//704 518//704 373//704
f 518//705 519//705 373//705
f 519//706 520//706 373//706
f 520//707 517//707 373//707
f 374//672 521//672 375//672
f 522//708 422//708 375//708
f 523//709 522//709 375//709
f 521//710 523//710 375//710
f 421//711 524//711 420//711
f 524//712 525//712 420//712
f 525//713 526//713 420//713
f 526//714 527//714 420//714
f 527//715 528//715 420//715
f 528//716 529//716 420//716
f 529//717 518//717 420//717
f 530//718 531//718 422//718
f 532//719 530//719 422//719
f 533//720 424//720 422//720
f 534//721 533//721 422//721
f 531//722 534//722 422//722
f 522//723 532//723 422//723
f 423//724 535//724 421//724
f 535//725 536//725 421//725
f 536//726 524//726 421//726
f 533//727 537//727 424//727
f 538//728 426//728 424//728
f 539//729 538//729 424//729
f 537//727 539//727 424//727
f 425//730 535//730 423//730
f 538//731 540//731 426//731
f 540//732 428//732 426//732
f 541//733 535//733 425//733
f 427//734 541//734 425//734
f 540//735 542//735 428//735
f 542//736 429//736 428//736
f 431//737 541//737 427//737
f 542//738 432//738 429//738
f 430//739 543//739 431//739
f 543//740 541//740 431//740
f 544//741 433//741 432//741
f 542//742 544//742 432//742
f 544//743 543//743 430//743
f 433//743 544//743 430//743
f 197//744 545//744 374//744
f 545//672 521//672 374//672
f 357//745 546//745 358//745
f 546//746 547//746 358//746
f 547//747 513//747 358//747
f 514//748 548//748 360//748
f 548//749 549//749 360//749
f 549//750 550//750 360//750
f 550//751 379//751 360//751
f 551//752 515//752 516//752
f 517//671 551//671 516//671
f 552//753 553//753 545//753
f 197//754 552//754 545//754
f 553//672 521//672 545//672
f 554//755 555//755 378//755
f 434//756 554//756 378//756
f 555//757 376//757 378//757
f 556//758 557//758 381//758
f 557//759 558//759 381//759
f 558//759 559//759 381//759
f 559//760 436//760 381//760
f 380//761 556//761 381//761
f 377//762 560//762 357//762
f 560//763 546//763 357//763
f 550//764 561//764 379//764
f 561//765 380//765 379//765
f 376//766 560//766 377//766
f 561//767 562//767 380//767
f 562//768 556//768 380//768
f 363//769 439//769 361//769
f 563//770 197//770 369//770
f 438//579 563//579 369//579
f 564//771 565//771 439//771
f 363//772 564//772 439//772
f 566//773 435//773 439//773
f 565//774 566//774 439//774
f 567//775 568//775 438//775
f 437//776 569//776 438//776
f 569//777 567//777 438//777
f 568//778 563//778 438//778
f 552//779 570//779 553//779
f 570//672 521//672 553//672
f 555//780 571//780 376//780
f 571//781 560//781 376//781
f 562//782 557//782 556//782
f 566//783 572//783 435//783
f 572//784 573//784 435//784
f 573//785 574//785 435//785
f 574//786 434//786 435//786
f 436//787 575//787 437//787
f 575//788 576//788 437//788
f 576//789 569//789 437//789
f 555//790 577//790 571//790
f 577//791 578//791 571//791
f 578//792 560//792 571//792
f 579//793 580//793 557//793
f 562//794 579//794 557//794
f 580//795 558//795 557//795
f 555//796 554//796 577//796
f 554//797 434//797 577//797
f 434//798 574//798 577//798
f 574//799 573//799 577//799
f 573//800 572//800 577//800
f 572//801 581//801 577//801
f 581//802 578//802 577//802
f 582//803 567//803 580//803
f 567//804 569//804 580//804
f 569//804 576//804 580//804
f 576//805 575//805 580//805
f 575//806 436//806 580//806
f 436//807 559//807 580//807
f 559//808 558//808 580//808
f 583//802 582//802 580//802
f 579//802 583//802 580//802
f 561//809 579//809 562//809
f 365//810 564//810 363//810
f 552//811 197//811 563//811
f 584//812 552//812 563//812
f 568//813 584//813 563//813
f 366//814 585//814 365//814
f 585//815 564//815 365//815
f 586//816 587//816 366//816
f 587//814 585//814 366//814
f 515//817 586//817 366//817
f 588//818 552//818 584//818
f 589//819 588//819 584//819
f 568//820 589//820 584//820
f 590//821 586//821 515//821
f 551//822 590//822 515//822
f 591//823 570//823 552//823
f 588//824 591//824 552//824
f 578//825 546//825 560//825
f 561//826 592//826 579//826
f 592//802 593//802 579//802
f 594//802 583//802 579//802
f 593//802 594//802 579//802
f 550//827 592//827 561//827
f 549//828 592//828 550//828
f 595//829 588//829 589//829
f 596//830 595//831 589//831
f 568//832 597//832 589//832
f 597//833 598//833 589//833
f 598//834 596//834 589//834
f 587//835 599//835 585//835
f 600//836 564//836 585//836
f 599//837 600//837 585//837
f 601//838 547//838 578//838
f 547//839 546//839 578//839
f 602//802 601//802 578//802
f 581//802 602//802 578//802
f 601//840 513//840 547//840
f 603//841 604//841 564//841
f 604//842 565//842 564//842
f 600//843 603//843 564//843
f 605//844 597//844 568//844
f 567//845 606//845 568//845
f 606//846 605//846 568//846
f 566//847 581//847 572//847
f 604//848 603//848 581//848
f 565//849 604//849 581//849
f 603//850 600//850 581//850
f 600//851 599//851 581//851
f 599//852 587//852 581//852
f 566//853 565//853 581//853
f 587//802 586//802 581//802
f 586//802 602//802 581//802
f 598//854 597//854 582//854
f 597//855 605//855 582//855
f 605//856 606//856 582//856
f 606//857 567//857 582//857
f 583//802 598//802 582//802
f 548//858 592//858 549//858
f 514//858 592//858 548//858
f 601//859 504//859 513//859
f 607//860 473//860 471//860
f 468//861 607//861 471//861
f 608//862 462//862 464//862
f 467//863 608//863 464//863
f 469//864 607//864 468//864
f 466//865 608//865 467//865
f 470//866 608//866 466//866
f 465//867 607//867 469//867
f 609//868 590//868 551//868
f 517//671 609//671 551//671
f 607//869 477//869 473//869
f 608//870 459//870 462//870
f 601//871 505//871 504//871
f 463//872 607//872 465//872
f 472//873 608//873 470//873
f 610//874 596//874 598//874
f 611//875 610//875 598//875
f 583//802 611//802 598//802
f 610//876 595//876 596//876
f 611//877 595//877 610//877
f 611//878 588//878 595//878
f 608//879 452//879 459//879
f 461//880 607//880 463//880
f 608//881 453//881 452//881
f 607//882 476//882 477//882
f 591//883 521//883 570//883
f 479//884 480//884 607//884
f 480//885 476//885 607//885
f 457//886 479//886 607//886
f 460//887 457//887 607//887
f 461//888 460//888 607//888
f 475//889 608//889 472//889
f 474//890 608//890 475//890
f 514//891 593//891 592//891
f 512//892 593//892 514//892
f 511//893 593//893 512//893
f 448//894 453//894 608//894
f 478//895 448//895 608//895
f 474//896 478//896 608//896
f 502//897 505//897 601//897
f 602//898 502//898 601//898
f 602//899 503//899 502//899
f 483//900 448//900 478//900
f 456//901 479//901 457//901
f 612//902 449//902 448//902
f 483//903 612//903 448//903
f 613//904 485//904 479//904
f 456//905 613//905 479//905
f 510//906 593//906 511//906
f 588//907 614//907 591//907
f 614//908 615//908 591//908
f 615//909 521//909 591//909
f 616//910 590//910 609//910
f 617//911 616//911 609//911
f 517//671 617//671 609//671
f 618//912 614//912 611//912
f 614//913 588//913 611//913
f 583//802 618//802 611//802
f 590//914 619//914 586//914
f 619//802 620//802 586//802
f 620//802 602//802 586//802
f 616//915 619//915 590//915
f 455//916 613//916 456//916
f 482//917 612//917 483//917
f 621//918 619//918 616//918
f 622//919 621//919 616//919
f 617//920 622//920 616//920
f 623//921 615//921 614//921
f 618//922 623//922 614//922
f 612//923 450//923 449//923
f 613//924 486//924 485//924
f 517//925 622//925 617//925
f 623//926 521//926 615//926
f 602//927 506//927 503//927
f 458//928 624//928 455//928
f 624//929 613//929 455//929
f 481//930 625//930 482//930
f 625//931 612//931 482//931
f 487//932 486//932 613//932
f 624//933 487//933 613//933
f 451//934 450//934 612//934
f 625//935 451//935 612//935
f 509//936 593//936 510//936
f 508//937 594//937 593//937
f 509//938 508//938 593//938
f 626//939 507//939 602//939
f 507//940 506//940 602//940
f 620//941 627//941 602//941
f 627//942 628//942 602//942
f 628//943 626//943 602//943
f 447//944 624//944 458//944
f 484//945 625//945 481//945
f 626//946 500//946 507//946
f 484//947 629//947 625//947
f 630//948 451//948 625//948
f 629//949 630//949 625//949
f 447//950 631//950 624//950
f 632//951 487//951 624//951
f 631//952 632//952 624//952
f 633//953 454//953 451//953
f 630//954 633//954 451//954
f 634//955 488//955 487//955
f 632//956 634//956 487//956
f 517//671 621//671 622//671
f 633//957 446//957 454//957
f 634//958 489//958 488//958
f 635//959 594//959 508//959
f 501//960 635//960 508//960
f 636//672 623//672 618//672
f 637//672 636//672 618//672
f 638//802 637//802 618//802
f 583//802 638//802 618//802
f 621//671 639//671 619//671
f 639//802 620//802 619//802
f 517//671 639//671 621//671
f 640//672 521//672 623//672
f 636//672 640//672 623//672
f 447//961 641//961 631//961
f 641//962 632//962 631//962
f 484//963 642//963 629//963
f 642//964 630//964 629//964
f 642//965 643//965 630//965
f 644//966 633//966 630//966
f 643//967 644//967 630//967
f 641//968 645//968 632//968
f 646//969 634//969 632//969
f 645//970 646//970 632//970
f 644//971 446//971 633//971
f 646//972 489//972 634//972
f 628//973 500//973 626//973
f 647//974 648//974 649//974
f 650//974 647//974 649//974
f 648//975 651//975 649//975
f 651//976 652//976 649//976
f 652//976 650//976 649//976
f 653//977 654//977 651//977
f 648//975 653//975 651//975
f 654//976 652//976 651//976
f 655//978 647//978 650//978
f 656//978 655//978 650//978
f 652//976 656//976 650//976
f 657//979 658//979 654//979
f 653//977 657//977 654//977
f 658//976 652//976 654//976
f 659//980 655//980 656//980
f 660//980 659//980 656//980
f 652//976 660//976 656//976
f 661//672 662//672 658//672
f 657//979 661//979 658//979
f 662//976 652//976 658//976
f 663//671 659//671 660//671
f 664//671 663//671 660//671
f 652//976 664//976 660//976
f 665//976 666//976 652//976
f 667//976 665//976 652//976
f 662//976 668//976 652//976
f 668//976 667//976 652//976
f 666//976 669//976 652//976
f 669//976 664//976 652//976
f 670//981 668//981 662//981
f 661//672 670//672 662//672
f 671//982 663//982 664//982
f 669//982 671//982 664//982
f 672//983 667//983 668//983
f 670//981 672//981 668//981
f 673//984 671//984 669//984
f 666//984 673//984 669//984
f 674//985 665//985 667//985
f 672//983 674//983 667//983
f 675//986 673//986 666//986
f 665//986 675//986 666//986
f 674//985 675//985 665//985
f 676//987 594//987 635//987
f 501//988 676//988 635//988
f 484//989 643//989 642//989
f 447//990 645//990 641//990
f 677//991 594//991 676//991
f 501//992 677//992 676//992
f 677//993 678//993 594//993
f 678//994 583//994 594//994
f 679//995 446//995 644//995
f 643//996 679//996 644//996
f 680//997 489//997 646//997
f 645//998 680//998 646//998
f 681//999 446//999 679//999
f 643//1000 682//1000 679//1000
f 682//1001 681//1001 679//1001
f 683//1002 489//1002 680//1002
f 645//1003 684//1003 680//1003
f 684//1004 683//1004 680//1004
f 484//1005 685//1005 643//1005
f 685//1006 682//1006 643//1006
f 447//1007 686//1007 645//1007
f 686//1008 684//1008 645//1008
f 627//1009 500//1009 628//1009
f 620//1010 687//1010 627//1010
f 687//1011 500//1011 627//1011
f 688//1012 687//1012 620//1012
f 689//1013 690//1013 620//1013
f 690//1014 691//1014 620//1014
f 691//1015 688//1015 620//1015
f 639//802 692//802 620//802
f 692//802 689//802 620//802
f 447//1016 693//1016 686//1016
f 693//1017 684//1017 686//1017
f 484//1018 694//1018 685//1018
f 694//1019 682//1019 685//1019
f 695//1020 446//1020 681//1020
f 682//1021 695//1021 681//1021
f 696//1022 489//1022 683//1022
f 684//1023 696//1023 683//1023
f 697//1024 678//1024 677//1024
f 501//1025 697//1025 677//1025
f 638//1026 698//1026 637//1026
f 698//1027 699//1027 637//1027
f 699//1027 700//1027 637//1027
f 700//1028 636//1028 637//1028
f 517//671 701//671 639//671
f 702//1029 692//1029 639//1029
f 701//1030 703//1030 639//1030
f 703//1031 702//1031 639//1031
f 704//672 640//672 636//672
f 700//1032 704//1032 636//1032
f 705//1033 704//1033 700//1033
f 699//1034 705//1034 700//1034
f 694//1035 706//1035 682//1035
f 706//1036 707//1036 682//1036
f 707//1037 708//1037 682//1037
f 708//1038 709//1038 682//1038
f 709//1039 695//1039 682//1039
f 710//1040 711//1040 684//1040
f 693//1041 710//1041 684//1041
f 712//1042 696//1042 684//1042
f 711//1043 712//1043 684//1043
f 713//1044 692//1044 702//1044
f 703//1045 714//1045 702//1045
f 714//1046 713//1046 702//1046
f 715//1047 692//1047 713//1047
f 714//1048 716//1048 713//1048
f 716//1049 717//1049 713//1049
f 717//1050 715//1050 713//1050
f 718//1051 705//1051 699//1051
f 698//1052 719//1052 699//1052
f 719//1053 720//1053 699//1053
f 720//1054 718//1054 699//1054
f 688//1055 500//1055 687//1055
f 447//1056 710//1056 693//1056
f 484//1057 706//1057 694//1057
f 721//1058 446//1058 695//1058
f 709//1059 721//1059 695//1059
f 722//1060 489//1060 696//1060
f 712//1061 722//1061 696//1061
f 638//1062 719//1062 698//1062
f 723//1063 692//1063 715//1063
f 717//1064 723//1064 715//1064
f 484//1065 724//1065 706//1065
f 724//1066 707//1066 706//1066
f 725//1061 722//1061 712//1061
f 711//1067 725//1067 712//1067
f 447//1068 726//1068 710//1068
f 726//1069 711//1069 710//1069
f 708//1070 721//1070 709//1070
f 727//1071 692//1071 723//1071
f 728//1072 727//1072 723//1072
f 717//1073 728//1073 723//1073
f 727//802 729//802 692//802
f 729//802 689//802 692//802
f 648//976 441//976 440//976
f 653//976 648//976 440//976
f 442//976 653//976 440//976
f 648//976 443//976 441//976
f 444//976 653//976 442//976
f 647//976 445//976 443//976
f 648//976 647//976 443//976
f 657//976 653//976 444//976
f 446//976 657//976 444//976
f 647//976 655//976 445//976
f 655//976 447//976 445//976
f 721//976 657//976 446//976
f 655//976 726//976 447//976
f 708//976 661//976 721//976
f 661//976 657//976 721//976
f 655//976 659//976 726//976
f 659//976 711//976 726//976
f 707//976 670//976 708//976
f 670//976 661//976 708//976
f 659//976 725//976 711//976
f 496//976 494//976 659//976
f 663//976 499//976 659//976
f 499//976 497//976 659//976
f 497//976 496//976 659//976
f 494//976 490//976 659//976
f 490//976 489//976 659//976
f 489//976 722//976 659//976
f 722//976 725//976 659//976
f 707//976 724//976 670//976
f 724//976 484//976 670//976
f 484//976 672//976 670//976
f 671//976 499//976 663//976
f 484//976 491//976 672//976
f 491//976 492//976 672//976
f 492//976 674//976 672//976
f 673//976 499//976 671//976
f 498//976 675//976 674//976
f 495//976 498//976 674//976
f 492//976 493//976 674//976
f 493//976 495//976 674//976
f 678//976 499//976 673//976
f 675//976 678//976 673//976
f 498//976 678//976 675//976
f 500//976 678//976 498//976
f 678//976 501//976 499//976
f 688//976 691//976 500//976
f 691//976 678//976 500//976
f 678//976 697//976 501//976
f 730//802 678//802 691//802
f 690//802 730//802 691//802
f 731//1074 583//1074 678//1074
f 732//802 733//802 678//802
f 734//802 732//802 678//802
f 730//802 734//802 678//802
f 733//802 735//802 678//802
f 735//802 736//802 678//802
f 736//1075 731//1075 678//1075
f 737//1076 583//1076 731//1076
f 738//1076 737//1076 731//1076
f 736//802 738//802 731//802
f 737//802 739//802 583//802
f 740//802 638//802 583//802
f 739//802 740//802 583//802
f 740//1077 741//1077 638//1077
f 742//1078 719//1078 638//1078
f 741//1079 742//1079 638//1079
f 740//1080 743//1080 741//1080
f 743//1081 742//1081 741//1081
f 744//1072 727//1072 728//1072
f 745//1082 746//1082 728//1082
f 717//1083 747//1083 728//1083
f 747//1083 745//1083 728//1083
f 746//1084 744//1084 728//1084
f 748//1085 727//1085 744//1085
f 746//1086 748//1086 744//1086
f 689//1087 749//1087 690//1087
f 749//802 730//802 690//802
f 729//1087 749//1087 689//1087
f 740//1088 750//1088 743//1088
f 750//1089 751//1089 743//1089
f 751//1090 742//1090 743//1090
f 740//1088 752//1088 750//1088
f 752//1091 753//1091 750//1091
f 753//1092 751//1092 750//1092
f 739//1093 754//1093 740//1093
f 754//1094 755//1094 740//1094
f 755//1095 752//1095 740//1095
f 756//1096 524//1096 536//1096
f 535//4 756//4 536//4
f 539//1097 757//1097 538//1097
f 757//1098 758//1098 538//1098
f 758//1099 759//1099 538//1099
f 759//4 540//4 538//4
f 541//4 756//4 535//4
f 759//4 542//4 540//4
f 760//4 756//4 541//4
f 761//4 760//4 541//4
f 543//4 761//4 541//4
f 762//4 544//4 542//4
f 763//4 762//4 542//4
f 759//4 763//4 542//4
f 764//4 761//4 543//4
f 544//4 764//4 543//4
f 762//4 764//4 544//4
f 765//974 766//974 761//974
f 764//974 765//974 761//974
f 766//975 760//975 761//975
f 767//4 768//4 760//4
f 769//4 767//4 760//4
f 770//4 769//4 760//4
f 768//4 756//4 760//4
f 771//977 770//977 760//977
f 766//975 771//975 760//975
f 772//978 765//978 764//978
f 762//978 772//978 764//978
f 773//4 769//4 770//4
f 774//979 773//979 770//979
f 771//977 774//977 770//977
f 775//980 772//980 762//980
f 763//980 775//980 762//980
f 776//4 769//4 773//4
f 777//672 776//672 773//672
f 774//979 777//979 773//979
f 759//4 778//4 763//4
f 778//4 779//4 763//4
f 780//671 775//671 763//671
f 779//671 780//671 763//671
f 758//1100 781//1100 759//1100
f 781//1101 778//1101 759//1101
f 525//1102 524//1102 756//1102
f 782//1103 525//1103 756//1103
f 768//1104 782//1104 756//1104
f 783//4 784//4 776//4
f 784//4 785//4 776//4
f 785//4 769//4 776//4
f 786//981 783//981 776//981
f 777//672 786//672 776//672
f 778//4 787//4 779//4
f 787//4 788//4 779//4
f 788//4 789//4 779//4
f 789//4 790//4 779//4
f 790//4 791//4 779//4
f 792//982 780//982 779//982
f 791//982 792//982 779//982
f 767//1105 793//1105 768//1105
f 793//1106 782//1106 768//1106
f 769//1107 793//1107 767//1107
f 781//1101 787//1101 778//1101
f 794//4 795//4 783//4
f 796//4 794//4 783//4
f 795//4 797//4 783//4
f 797//4 784//4 783//4
f 798//4 799//4 783//4
f 799//4 800//4 783//4
f 800//4 796//4 783//4
f 801//983 798//983 783//983
f 786//981 801//981 783//981
f 802//4 803//4 791//4
f 790//4 804//4 791//4
f 804//4 802//4 791//4
f 805//984 792//984 791//984
f 803//984 805//984 791//984
f 781//1108 806//1108 787//1108
f 806//1109 788//1109 787//1109
f 807//4 808//4 798//4
f 808//4 809//4 798//4
f 809//4 799//4 798//4
f 810//985 807//985 798//985
f 801//983 810//983 798//983
f 811//4 812//4 803//4
f 812//4 813//4 803//4
f 813//4 807//4 803//4
f 802//4 814//4 803//4
f 814//4 815//4 803//4
f 815//4 816//4 803//4
f 816//4 811//4 803//4
f 817//986 805//986 803//986
f 807//986 817//986 803//986
f 818//4 819//4 807//4
f 819//4 820//4 807//4
f 820//4 821//4 807//4
f 821//4 808//4 807//4
f 813//4 822//4 807//4
f 822//4 818//4 807//4
f 810//985 817//985 807//985
f 785//1110 823//1110 769//1110
f 823//1111 793//1111 769//1111
f 806//1112 824//1112 788//1112
f 824//1113 789//1113 788//1113
f 784//1114 823//1114 785//1114
f 824//1115 825//1115 789//1115
f 825//1116 790//1116 789//1116
f 825//1117 804//1117 790//1117
f 826//1118 823//1118 784//1118
f 797//1119 826//1119 784//1119
f 795//1120 827//1120 797//1120
f 827//1121 826//1121 797//1121
f 825//1122 828//1122 804//1122
f 828//1123 802//1123 804//1123
f 794//1124 827//1124 795//1124
f 828//1125 829//1125 802//1125
f 829//1126 814//1126 802//1126
f 830//1127 827//1127 794//1127
f 796//1128 830//1128 794//1128
f 831//1129 830//1129 796//1129
f 800//1130 831//1130 796//1130
f 799//1130 831//1130 800//1130
f 829//1131 815//1131 814//1131
f 829//1132 832//1132 815//1132
f 832//1133 816//1133 815//1133
f 833//1134 831//1134 799//1134
f 809//1135 833//1135 799//1135
f 832//1133 811//1133 816//1133
f 808//1136 833//1136 809//1136
f 832//1137 834//1137 811//1137
f 834//1138 812//1138 811//1138
f 835//1139 813//1139 812//1139
f 834//1140 835//1140 812//1140
f 836//1141 833//1141 808//1141
f 821//1142 836//1142 808//1142
f 837//1143 822//1143 813//1143
f 838//1144 837//1144 813//1144
f 835//1145 838//1145 813//1145
f 839//1146 818//1146 822//1146
f 837//1147 839//1147 822//1147
f 840//1148 836//1148 821//1148
f 820//1149 840//1149 821//1149
f 841//1150 840//1150 820//1150
f 819//1151 841//1151 820//1151
f 818//1152 841//1152 819//1152
f 839//1153 841//1153 818//1153
f 757//1154 781//1154 758//1154
f 842//1155 525//1155 782//1155
f 793//1156 842//1156 782//1156
f 843//1157 842//1157 793//1157
f 823//1158 844//1158 793//1158
f 844//1159 843//1159 793//1159
f 757//1160 845//1160 781//1160
f 845//1161 806//1161 781//1161
f 846//1162 844//1162 823//1162
f 826//1162 846//1162 823//1162
f 845//1163 847//1163 806//1163
f 847//1164 824//1164 806//1164
f 847//1165 825//1165 824//1165
f 848//1166 846//1166 826//1166
f 827//1166 848//1166 826//1166
f 849//1167 828//1167 825//1167
f 847//1168 849//1168 825//1168
f 830//1169 848//1169 827//1169
f 850//1170 829//1170 828//1170
f 849//1167 850//1167 828//1167
f 851//1171 848//1171 830//1171
f 831//1172 851//1172 830//1172
f 852//1173 851//1173 831//1173
f 833//1173 852//1173 831//1173
f 853//1174 832//1174 829//1174
f 850//1170 853//1170 829//1170
f 854//1175 852//1175 833//1175
f 836//1175 854//1175 833//1175
f 855//1176 834//1176 832//1176
f 853//1174 855//1174 832//1174
f 855//1177 835//1177 834//1177
f 856//1178 854//1178 836//1178
f 840//1179 856//1179 836//1179
f 857//1180 838//1180 835//1180
f 855//1181 857//1181 835//1181
f 857//1182 837//1182 838//1182
f 858//1183 856//1183 840//1183
f 841//1184 858//1184 840//1184
f 859//1185 839//1185 837//1185
f 857//1186 859//1186 837//1186
f 859//1187 841//1187 839//1187
f 859//1188 858//1188 841//1188
f 537//1189 757//1189 539//1189
f 755//1190 860//1190 752//1190
f 860//1191 753//1191 752//1191
f 861//1085 727//1085 748//1085
f 862//1192 861//1192 748//1192
f 746//1193 862//1193 748//1193
f 863//1194 727//1194 861//1194
f 864//1195 863//1195 861//1195
f 862//1196 864//1196 861//1196
f 842//1197 526//1197 525//1197
f 865//1198 527//1198 526//1198
f 842//1199 866//1199 526//1199
f 866//1200 865//1200 526//1200
f 533//1201 757//1201 537//1201
f 867//1202 757//1202 533//1202
f 534//1203 867//1203 533//1203
f 867//1160 845//1160 757//1160
f 843//1157 866//1157 842//1157
f 534//1204 868//1204 867//1204
f 868//1205 845//1205 867//1205
f 843//1206 865//1206 866//1206
f 869//1206 865//1206 843//1206
f 844//1207 870//1207 843//1207
f 870//1207 869//1207 843//1207
f 868//1205 871//1205 845//1205
f 871//1208 847//1208 845//1208
f 846//1209 872//1209 844//1209
f 872//1210 870//1210 844//1210
f 871//1208 873//1208 847//1208
f 873//1211 849//1211 847//1211
f 874//1212 872//1212 846//1212
f 848//1212 874//1212 846//1212
f 873//1213 875//1213 849//1213
f 875//1214 850//1214 849//1214
f 851//1215 876//1215 848//1215
f 876//1215 874//1215 848//1215
f 875//1214 877//1214 850//1214
f 877//1216 853//1216 850//1216
f 852//1217 878//1217 851//1217
f 878//1217 876//1217 851//1217
f 877//1216 879//1216 853//1216
f 879//1218 855//1218 853//1218
f 854//1219 880//1219 852//1219
f 880//1220 878//1220 852//1220
f 881//1221 857//1221 855//1221
f 879//1218 881//1218 855//1218
f 856//1222 882//1222 854//1222
f 882//1222 880//1222 854//1222
f 881//1223 883//1223 857//1223
f 883//1224 859//1224 857//1224
f 858//1225 884//1225 856//1225
f 884//1225 882//1225 856//1225
f 885//1226 858//1226 859//1226
f 883//1224 885//1224 859//1224
f 885//1226 884//1226 858//1226
f 531//1227 868//1227 534//1227
f 754//1228 886//1228 755//1228
f 886//1229 860//1229 755//1229
f 887//1230 727//1230 863//1230
f 864//1231 888//1231 863//1231
f 888//802 887//802 863//802
f 739//1232 889//1232 754//1232
f 889//802 886//802 754//802
f 739//1233 737//1233 738//1233
f 889//1233 739//1233 738//1233
f 736//802 889//802 738//802
f 729//1234 727//1234 887//1234
f 749//1234 729//1234 887//1234
f 890//802 749//802 887//802
f 888//802 890//802 887//802
f 865//1235 528//1235 527//1235
f 530//1236 868//1236 531//1236
f 891//1237 868//1237 530//1237
f 892//1238 891//1238 530//1238
f 532//1239 892//1239 530//1239
f 865//1240 529//1240 528//1240
f 891//1241 871//1241 868//1241
f 893//1242 519//1242 865//1242
f 519//1243 518//1243 865//1243
f 518//1244 529//1244 865//1244
f 869//1245 893//1245 865//1245
f 890//802 730//802 749//802
f 736//802 894//802 889//802
f 894//875 886//875 889//875
f 892//1246 871//1246 891//1246
f 520//1247 519//1247 893//1247
f 895//1248 520//1248 893//1248
f 869//1249 895//1249 893//1249
f 896//1249 895//1249 869//1249
f 870//1250 897//1250 869//1250
f 897//1251 896//1251 869//1251
f 892//1246 898//1246 871//1246
f 898//1252 873//1252 871//1252
f 872//1253 899//1253 870//1253
f 899//1253 897//1253 870//1253
f 898//1254 900//1254 873//1254
f 900//1255 875//1255 873//1255
f 874//1256 901//1256 872//1256
f 901//1257 899//1257 872//1257
f 900//1255 902//1255 875//1255
f 902//1258 877//1258 875//1258
f 903//1259 901//1259 874//1259
f 876//1259 903//1259 874//1259
f 902//1260 904//1260 877//1260
f 904//1261 879//1261 877//1261
f 878//1262 905//1262 876//1262
f 905//1263 903//1263 876//1263
f 906//1264 881//1264 879//1264
f 904//1261 906//1261 879//1261
f 880//1265 907//1265 878//1265
f 907//1265 905//1265 878//1265
f 906//1266 908//1266 881//1266
f 908//1267 883//1267 881//1267
f 882//1268 909//1268 880//1268
f 909//1269 907//1269 880//1269
f 908//1267 910//1267 883//1267
f 910//1270 885//1270 883//1270
f 884//1271 911//1271 882//1271
f 911//1271 909//1271 882//1271
f 912//1272 884//1272 885//1272
f 910//1273 912//1273 885//1273
f 912//1272 911//1272 884//1272
f 522//1274 892//1274 532//1274
f 913//1275 517//1275 520//1275
f 895//1276 913//1276 520//1276
f 523//1277 914//1277 522//1277
f 914//1278 892//1278 522//1278
f 914//1279 898//1279 892//1279
f 896//1280 913//1280 895//1280
f 523//1281 915//1281 914//1281
f 915//1282 898//1282 914//1282
f 916//1283 517//1283 913//1283
f 917//1284 916//1284 913//1284
f 896//1285 917//1285 913//1285
f 918//1286 917//1286 896//1286
f 897//1287 919//1287 896//1287
f 919//1286 918//1286 896//1286
f 915//1288 920//1288 898//1288
f 920//1289 921//1289 898//1289
f 921//1289 900//1289 898//1289
f 899//1290 922//1290 897//1290
f 922//1291 919//1291 897//1291
f 921//1292 923//1292 900//1292
f 923//1293 902//1293 900//1293
f 924//1294 922//1294 899//1294
f 901//1295 925//1295 899//1295
f 925//1296 924//1296 899//1296
f 926//1297 904//1297 902//1297
f 923//1298 927//1298 902//1298
f 927//1299 926//1299 902//1299
f 903//1300 928//1300 901//1300
f 928//1301 929//1301 901//1301
f 929//1302 925//1302 901//1302
f 926//1303 930//1303 904//1303
f 931//1304 906//1304 904//1304
f 930//1305 931//1305 904//1305
f 932//1306 928//1306 903//1306
f 905//1307 932//1307 903//1307
f 931//1308 933//1308 906//1308
f 933//1309 934//1309 906//1309
f 934//1310 908//1310 906//1310
f 935//1311 936//1311 905//1311
f 907//1312 935//1312 905//1312
f 936//1307 932//1307 905//1307
f 934//1310 937//1310 908//1310
f 937//1313 938//1313 908//1313
f 938//1314 910//1314 908//1314
f 909//1315 939//1315 907//1315
f 940//1316 935//1316 907//1316
f 939//1315 940//1315 907//1315
f 938//1317 941//1317 910//1317
f 941//1318 912//1318 910//1318
f 911//1319 942//1319 909//1319
f 942//1319 943//1319 909//1319
f 943//1320 939//1320 909//1320
f 941//1318 944//1318 912//1318
f 944//1321 945//1321 912//1321
f 945//1322 911//1322 912//1322
f 945//1322 942//1322 911//1322
f 521//1323 915//1323 523//1323
f 916//671 946//671 517//671
f 946//671 947//671 517//671
f 948//671 701//671 517//671
f 947//671 949//671 517//671
f 949//1324 950//1324 517//1324
f 950//671 948//671 517//671
f 640//672 915//672 521//672
f 640//672 951//672 915//672
f 951//1325 920//1325 915//1325
f 952//1326 946//1326 916//1326
f 917//1326 952//1326 916//1326
f 953//1327 952//1327 917//1327
f 918//1327 953//1327 917//1327
f 954//1328 921//1328 920//1328
f 951//1325 954//1325 920//1325
f 955//1327 953//1327 918//1327
f 919//1327 955//1327 918//1327
f 956//1328 923//1328 921//1328
f 954//1328 956//1328 921//1328
f 957//1329 955//1329 919//1329
f 922//1329 957//1329 919//1329
f 958//1330 927//1330 923//1330
f 956//1328 958//1328 923//1328
f 959//1329 957//1329 922//1329
f 924//1329 959//1329 922//1329
f 960//1330 926//1330 927//1330
f 958//1330 960//1330 927//1330
f 961//1331 959//1331 924//1331
f 925//1331 961//1331 924//1331
f 962//1332 930//1332 926//1332
f 960//1330 962//1330 926//1330
f 963//1333 961//1333 925//1333
f 929//1333 963//1333 925//1333
f 964//1334 931//1334 930//1334
f 962//1332 964//1332 930//1332
f 965//1335 963//1335 929//1335
f 928//1335 965//1335 929//1335
f 966//1336 933//1336 931//1336
f 964//1334 966//1334 931//1334
f 967//1337 965//1337 928//1337
f 932//1337 967//1337 928//1337
f 968//1338 934//1338 933//1338
f 966//1336 968//1336 933//1336
f 969//1339 967//1339 932//1339
f 936//1339 969//1339 932//1339
f 970//1340 937//1340 934//1340
f 968//1338 970//1338 934//1338
f 971//1341 969//1341 936//1341
f 935//1341 971//1341 936//1341
f 972//1342 938//1342 937//1342
f 970//1340 972//1340 937//1340
f 973//1343 971//1343 935//1343
f 940//1344 973//1344 935//1344
f 974//1345 941//1345 938//1345
f 972//1342 974//1342 938//1342
f 975//1346 973//1346 940//1346
f 939//1346 975//1346 940//1346
f 976//1347 944//1347 941//1347
f 974//1345 976//1345 941//1345
f 977//1348 975//1348 939//1348
f 943//1348 977//1348 939//1348
f 978//1349 945//1349 944//1349
f 976//1347 978//1347 944//1347
f 979//1350 977//1350 943//1350
f 942//1350 979//1350 943//1350
f 980//1351 942//1351 945//1351
f 978//1349 980//1349 945//1349
f 980//1351 979//1351 942//1351
f 981//1352 734//1352 730//1352
f 982//1353 981//1353 730//1353
f 890//1353 982//1353 730//1353
f 983//1354 894//1354 736//1354
f 984//1355 983//1355 736//1355
f 735//1355 984//1355 736//1355
f 985//1352 734//1352 981//1352
f 986//802 985//802 981//802
f 982//802 986//802 981//802
f 987//1354 894//1354 983//1354
f 988//802 987//802 983//802
f 984//802 988//802 983//802
f 888//1356 982//1356 890//1356
f 987//1357 886//1357 894//1357
f 888//1358 864//1358 982//1358
f 864//1359 862//1359 982//1359
f 862//1360 746//1360 982//1360
f 746//1361 745//1361 982//1361
f 745//1362 747//1362 982//1362
f 747//1363 989//1363 982//1363
f 989//802 986//802 982//802
f 751//1364 753//1364 987//1364
f 753//1364 860//1364 987//1364
f 860//1365 886//1365 987//1365
f 988//1366 719//1366 987//1366
f 719//1367 742//1367 987//1367
f 742//1368 751//1368 987//1368
f 990//671 991//671 947//671
f 991//671 992//671 947//671
f 992//671 993//671 947//671
f 993//671 994//671 947//671
f 994//925 995//925 947//925
f 995//1369 949//1369 947//1369
f 996//1370 990//1370 947//1370
f 946//1371 996//1371 947//1371
f 997//672 998//672 640//672
f 704//672 999//672 640//672
f 999//1372 1000//1372 640//1372
f 1000//1373 997//1373 640//1373
f 1001//672 1002//672 640//672
f 1003//672 1001//672 640//672
f 998//672 1003//672 640//672
f 1004//1374 951//1374 640//1374
f 1002//1375 1004//1375 640//1375
f 1005//1376 954//1376 951//1376
f 1004//1377 1005//1377 951//1377
f 1006//1378 996//1378 946//1378
f 952//1379 1006//1379 946//1379
f 953//1380 1007//1380 952//1380
f 1007//1381 1006//1381 952//1381
f 1005//1382 1008//1382 954//1382
f 1008//1383 956//1383 954//1383
f 1009//1384 1007//1384 953//1384
f 955//1380 1009//1380 953//1380
f 1008//1385 958//1385 956//1385
f 1010//1386 1009//1386 955//1386
f 957//1387 1010//1387 955//1387
f 1011//1388 960//1388 958//1388
f 1008//1383 1011//1383 958//1383
f 959//1389 1010//1389 957//1389
f 1012//1390 962//1390 960//1390
f 1011//1391 1012//1391 960//1391
f 1013//1392 1010//1392 959//1392
f 961//1393 1013//1393 959//1393
f 1012//1394 964//1394 962//1394
f 963//1395 1013//1395 961//1395
f 1014//1396 966//1396 964//1396
f 1012//1397 1014//1397 964//1397
f 1015//1398 1013//1398 963//1398
f 965//1399 1015//1399 963//1399
f 1016//1400 968//1400 966//1400
f 1014//1401 1016//1401 966//1401
f 1017//1402 1015//1402 965//1402
f 967//1403 1017//1403 965//1403
f 1016//1404 970//1404 968//1404
f 969//1405 1017//1405 967//1405
f 1018//1406 972//1406 970//1406
f 1016//1407 1018//1407 970//1407
f 971//1408 1017//1408 969//1408
f 1018//1409 974//1409 972//1409
f 1019//1410 1017//1410 971//1410
f 973//1411 1019//1411 971//1411
f 1020//1412 976//1412 974//1412
f 1018//1413 1020//1413 974//1413
f 1021//1414 1019//1414 973//1414
f 975//1414 1021//1414 973//1414
f 1020//1415 978//1415 976//1415
f 977//1416 1021//1416 975//1416
f 1022//1417 980//1417 978//1417
f 1020//1415 1022//1415 978//1415
f 1023//1418 1021//1418 977//1418
f 979//1418 1023//1418 977//1418
f 1022//1419 979//1419 980//1419
f 1022//1420 1023//1420 979//1420
f 985//1421 732//1421 734//1421
f 1024//1422 984//1422 735//1422
f 733//1422 1024//1422 735//1422
f 986//1421 732//1421 985//1421
f 1024//802 988//802 984//802
f 717//1423 989//1423 747//1423
f 714//1424 701//1424 989//1424
f 716//1425 714//1425 989//1425
f 717//1426 716//1426 989//1426
f 701//802 948//802 989//802
f 948//802 986//802 989//802
f 704//1427 705//1427 988//1427
f 705//1428 718//1428 988//1428
f 718//1429 720//1429 988//1429
f 720//1430 719//1430 988//1430
f 1024//802 704//802 988//802
f 1025//1431 1008//1431 1005//1431
f 1026//1432 1025//1432 1005//1432
f 1027//1433 1026//1433 1005//1433
f 1004//1434 1027//1434 1005//1434
f 1028//1435 996//1435 1006//1435
f 1029//1436 1028//1436 1006//1436
f 1007//1437 1029//1437 1006//1437
f 1002//1438 1027//1438 1004//1438
f 1028//1439 1030//1439 996//1439
f 1030//1370 990//1370 996//1370
f 1002//1440 1026//1440 1027//1440
f 1031//1441 1030//1441 1028//1441
f 1029//1442 1031//1442 1028//1442
f 1032//1443 1033//1443 1026//1443
f 1033//1444 1025//1444 1026//1444
f 1002//1445 1032//1445 1026//1445
f 1034//1446 1008//1446 1025//1446
f 1033//1447 1034//1447 1025//1447
f 1035//1448 1031//1448 1029//1448
f 1036//1449 1035//1449 1029//1449
f 1007//1450 1036//1450 1029//1450
f 1037//1450 1036//1450 1007//1450
f 1038//1451 1037//1451 1007//1451
f 1009//1451 1038//1451 1007//1451
f 1034//1446 1039//1446 1008//1446
f 1039//1452 1011//1452 1008//1452
f 1010//1453 1040//1453 1009//1453
f 1040//1454 1038//1454 1009//1454
f 1041//1455 1012//1455 1011//1455
f 1039//1452 1041//1452 1011//1452
f 1042//1456 1040//1456 1010//1456
f 1013//1457 1042//1457 1010//1457
f 1043//1458 1014//1458 1012//1458
f 1041//1459 1043//1459 1012//1459
f 1044//1460 1042//1460 1013//1460
f 1015//1460 1044//1460 1013//1460
f 1043//1461 1045//1461 1014//1461
f 1045//1462 1016//1462 1014//1462
f 1046//1463 1044//1463 1015//1463
f 1017//1464 1046//1464 1015//1464
f 1047//1465 1018//1465 1016//1465
f 1045//1462 1047//1462 1016//1462
f 1048//1466 1046//1466 1017//1466
f 1019//1467 1048//1467 1017//1467
f 1047//1468 1049//1468 1018//1468
f 1049//1469 1020//1469 1018//1469
f 1050//1470 1048//1470 1019//1470
f 1021//1470 1050//1470 1019//1470
f 1051//1471 1022//1471 1020//1471
f 1049//1472 1051//1472 1020//1472
f 1052//1473 1050//1473 1021//1473
f 1023//1474 1052//1474 1021//1474
f 1051//1471 1053//1471 1022//1471
f 1053//1475 1023//1475 1022//1475
f 1053//1476 1052//1476 1023//1476
f 1032//1477 1054//1477 1033//1477
f 1054//1478 1034//1478 1033//1478
f 703//1479 701//1479 714//1479
f 1035//1480 1030//1480 1031//1480
f 1055//672 999//672 704//672
f 1024//802 1055//802 704//802
f 1056//1481 1039//1481 1034//1481
f 1054//1482 1056//1482 1034//1482
f 1057//1483 1035//1483 1036//1483
f 1037//1484 1057//1484 1036//1484
f 1058//1485 1030//1485 1035//1485
f 1057//1486 1058//1486 1035//1486
f 1032//1487 1059//1487 1054//1487
f 1059//1488 1056//1488 1054//1488
f 1032//1489 1060//1489 1059//1489
f 1060//1490 1056//1490 1059//1490
f 1061//1491 1039//1491 1056//1491
f 1060//1492 1061//1492 1056//1492
f 1062//1493 1063//1493 1057//1493
f 1063//1494 1058//1494 1057//1494
f 1037//1495 1062//1495 1057//1495
f 1064//1496 1062//1496 1037//1496
f 1065//1497 1064//1497 1037//1497
f 1038//1497 1065//1497 1037//1497
f 1061//1498 1066//1498 1039//1498
f 1066//1499 1041//1499 1039//1499
f 1040//1500 1067//1500 1038//1500
f 1067//1500 1065//1500 1038//1500
f 1068//1501 1043//1501 1041//1501
f 1066//1502 1068//1502 1041//1502
f 1069//1503 1067//1503 1040//1503
f 1042//1504 1069//1504 1040//1504
f 1070//1505 1045//1505 1043//1505
f 1068//1501 1070//1501 1043//1501
f 1071//1506 1069//1506 1042//1506
f 1044//1506 1071//1506 1042//1506
f 1072//1507 1047//1507 1045//1507
f 1070//1508 1072//1508 1045//1508
f 1073//1509 1071//1509 1044//1509
f 1046//1510 1073//1510 1044//1510
f 1072//1507 1074//1507 1047//1507
f 1074//1511 1049//1511 1047//1511
f 1075//1512 1073//1512 1046//1512
f 1048//1512 1075//1512 1046//1512
f 1074//1513 1076//1513 1049//1513
f 1076//1514 1051//1514 1049//1514
f 1077//1515 1075//1515 1048//1515
f 1050//1516 1077//1516 1048//1516
f 1078//1517 1053//1517 1051//1517
f 1076//1514 1078//1514 1051//1514
f 1079//1518 1077//1518 1050//1518
f 1052//1519 1079//1519 1050//1519
f 1078//1517 1080//1517 1053//1517
f 1080//1520 1052//1520 1053//1520
f 1080//1521 1079//1521 1052//1521
f 1081//1522 1030//1522 1058//1522
f 1063//1523 1081//1523 1058//1523
f 986//1524 1082//1524 732//1524
f 1082//802 1083//802 732//802
f 1083//802 733//802 732//802
f 1084//1525 1024//1525 733//1525
f 1083//1526 1084//1526 733//1526
f 1085//1527 1082//1527 986//1527
f 948//802 1085//802 986//802
f 1086//802 1055//802 1024//802
f 1084//802 1086//802 1024//802
f 1087//1528 1066//1528 1061//1528
f 1088//1529 1087//1529 1061//1529
f 1060//1530 1088//1530 1061//1530
f 1089//1531 1090//1531 1062//1531
f 1090//1532 1091//1532 1062//1532
f 1091//1533 1063//1533 1062//1533
f 1064//1534 1089//1534 1062//1534
f 1092//1535 1081//1535 1063//1535
f 1091//1536 1092//1536 1063//1536
f 1093//1537 1088//1537 1060//1537
f 1032//1538 1093//1538 1060//1538
f 1093//1539 1094//1539 1088//1539
f 1094//1540 1095//1540 1088//1540
f 1095//1541 1087//1541 1088//1541
f 1090//1542 1092//1542 1091//1542
f 1094//1543 1096//1543 1095//1543
f 1096//1544 1097//1544 1095//1544
f 1097//1545 1087//1545 1095//1545
f 1097//1546 1066//1546 1087//1546
f 1098//1547 1099//1547 1089//1547
f 1099//1548 1090//1548 1089//1548
f 1100//1549 1098//1549 1089//1549
f 1064//1549 1100//1549 1089//1549
f 1101//1550 1100//1550 1064//1550
f 1065//1550 1101//1550 1064//1550
f 1097//1546 1102//1546 1066//1546
f 1102//1551 1068//1551 1066//1551
f 1067//1552 1103//1552 1065//1552
f 1103//1553 1101//1553 1065//1553
f 1104//1554 1070//1554 1068//1554
f 1102//1551 1104//1551 1068//1551
f 1105//1555 1103//1555 1067//1555
f 1069//1555 1105//1555 1067//1555
f 1106//1556 1072//1556 1070//1556
f 1104//1554 1106//1554 1070//1554
f 1107//1557 1105//1557 1069//1557
f 1071//1557 1107//1557 1069//1557
f 1108//1558 1074//1558 1072//1558
f 1106//1559 1108//1559 1072//1559
f 1109//1560 1107//1560 1071//1560
f 1073//1560 1109//1560 1071//1560
f 1108//1558 1110//1558 1074//1558
f 1110//1561 1076//1561 1074//1561
f 1111//1562 1109//1562 1073//1562
f 1075//1563 1111//1563 1073//1563
f 1110//1561 1112//1561 1076//1561
f 1112//1564 1078//1564 1076//1564
f 1113//1565 1111//1565 1075//1565
f 1077//1565 1113//1565 1075//1565
f 1112//1566 1114//1566 1078//1566
f 1114//1567 1080//1567 1078//1567
f 1115//1568 1113//1568 1077//1568
f 1079//1568 1115//1568 1077//1568
f 1114//1567 1116//1567 1080//1567
f 1116//1569 1079//1569 1080//1569
f 1116//1569 1115//1569 1079//1569
f 1117//1570 1092//1570 1090//1570
f 1099//1571 1117//1571 1090//1571
f 1118//1572 1117//1572 1099//1572
f 1119//1573 1118//1573 1099//1573
f 1098//976 1119//976 1099//976
f 1120//1574 1121//1574 1096//1574
f 1094//1575 1120//1575 1096//1575
f 1121//976 1097//976 1096//976
f 1122//1576 1118//1576 1119//1576
f 1123//1577 1122//1577 1119//1577
f 1098//976 1123//976 1119//976
f 1124//1578 1125//1578 1121//1578
f 1126//1579 1124//1579 1121//1579
f 1120//1580 1126//1580 1121//1580
f 1125//976 1097//976 1121//976
f 1127//1581 1122//1581 1123//1581
f 1128//1582 1127//1582 1123//1582
f 1098//976 1128//976 1123//976
f 1129//1583 1130//1583 1125//1583
f 1130//1583 1131//1583 1125//1583
f 1124//1584 1129//1584 1125//1584
f 1131//976 1097//976 1125//976
f 1132//1585 1133//1585 1128//1585
f 1133//1582 1127//1582 1128//1582
f 1098//976 1132//976 1128//976
f 1130//1586 1134//1586 1131//1586
f 1134//1586 1135//1586 1131//1586
f 1135//976 765//976 1131//976
f 765//976 772//976 1131//976
f 772//976 775//976 1131//976
f 775//976 1097//976 1131//976
f 1136//1585 1133//1585 1132//1585
f 1135//743 1134//743 1132//743
f 1134//743 1136//743 1132//743
f 1098//976 771//976 1132//976
f 771//976 766//976 1132//976
f 766//976 1135//976 1132//976
f 766//976 765//976 1135//976
f 1098//976 774//976 771//976
f 1098//976 777//976 774//976
f 1098//976 786//976 777//976
f 1102//976 1097//976 775//976
f 780//976 1102//976 775//976
f 1100//976 786//976 1098//976
f 1103//976 801//976 786//976
f 1101//976 1103//976 786//976
f 1100//976 1101//976 786//976
f 1104//976 1102//976 780//976
f 792//976 1104//976 780//976
f 1107//976 810//976 801//976
f 1105//976 1107//976 801//976
f 1103//976 1105//976 801//976
f 1110//976 1108//976 792//976
f 805//976 1110//976 792//976
f 1106//976 1104//976 792//976
f 1108//976 1106//976 792//976
f 1109//976 1111//976 810//976
f 1111//976 1113//976 810//976
f 1113//976 817//976 810//976
f 1107//976 1109//976 810//976
f 1112//976 1110//976 805//976
f 817//976 1116//976 805//976
f 1116//976 1114//976 805//976
f 1114//976 1112//976 805//976
f 1113//976 1115//976 817//976
f 1115//976 1116//976 817//976
f 1137//1587 1138//1587 1139//1587
f 1140//1588 1141//1588 1139//1588
f 1141//1589 1142//1589 1139//1589
f 1142//1589 1137//1589 1139//1589
f 1143//4 1140//4 1139//4
f 1144//4 1143//4 1139//4
f 1138//4 1144//4 1139//4
f 1145//1590 1146//1590 1140//1590
f 1146//1591 1147//1591 1140//1591
f 1147//1592 1141//1592 1140//1592
f 1148//4 1145//4 1140//4
f 1143//4 1148//4 1140//4
f 1149//1593 1150//1593 1138//1593
f 1151//1594 1149//1594 1138//1594
f 1137//1595 1152//1595 1138//1595
f 1152//1596 1151//1596 1138//1596
f 1153//4 1144//4 1138//4
f 1150//4 1153//4 1138//4
f 1154//974 1155//974 1143//974
f 1144//974 1154//974 1143//974
f 1155//975 1148//975 1143//975
f 1156//4 1145//4 1148//4
f 1157//977 1156//977 1148//977
f 1155//975 1157//975 1148//975
f 1158//978 1154//978 1144//978
f 1153//978 1158//978 1144//978
f 1159//1597 1160//1597 1145//1597
f 1160//1598 1146//1598 1145//1598
f 1161//1599 1159//1599 1145//1599
f 1162//1600 1161//1600 1145//1600
f 1156//4 1162//4 1145//4
f 1163//1601 1164//1601 1150//1601
f 1165//1602 1163//1602 1150//1602
f 1149//1603 1165//1603 1150//1603
f 1166//4 1153//4 1150//4
f 1164//4 1166//4 1150//4
f 1167//4 1162//4 1156//4
f 1168//979 1167//979 1156//979
f 1157//977 1168//977 1156//977
f 1169//980 1158//980 1153//980
f 1166//980 1169//980 1153//980
f 1170//1604 1161//1604 1162//1604
f 1171//1604 1170//1604 1162//1604
f 1172//1605 1171//1605 1162//1605
f 1167//4 1172//4 1162//4
f 1173//1606 1174//1606 1164//1606
f 1175//1607 1173//1607 1164//1607
f 1163//1607 1175//1607 1164//1607
f 1176//4 1166//4 1164//4
f 1174//4 1176//4 1164//4
f 1177//4 1172//4 1167//4
f 1178//672 1177//672 1167//672
f 1168//979 1178//979 1167//979
f 1179//671 1169//671 1166//671
f 1176//671 1179//671 1166//671
f 1180//1608 1171//1608 1172//1608
f 1181//671 1180//671 1172//671
f 1182//671 1181//671 1172//671
f 1177//4 1182//4 1172//4
f 1183//672 1184//672 1174//672
f 1173//1609 1183//1609 1174//1609
f 1185//4 1176//4 1174//4
f 1184//4 1185//4 1174//4
f 1186//4 1182//4 1177//4
f 1187//981 1186//981 1177//981
f 1178//672 1187//672 1177//672
f 1188//982 1179//982 1176//982
f 1185//982 1188//982 1176//982
f 1189//4 1190//4 1186//4
f 1190//4 1182//4 1186//4
f 1191//983 1189//983 1186//983
f 1187//981 1191//981 1186//981
f 1184//4 1192//4 1185//4
f 1193//984 1188//984 1185//984
f 1192//984 1193//984 1185//984
f 1194//4 1082//4 1189//4
f 1082//4 1195//4 1189//4
f 1195//4 1190//4 1189//4
f 1196//985 1194//985 1189//985
f 1191//983 1196//983 1189//983
f 1083//4 1194//4 1192//4
f 1184//4 1197//4 1192//4
f 1197//4 1198//4 1192//4
f 1198//4 1083//4 1192//4
f 1199//986 1193//986 1192//986
f 1194//986 1199//986 1192//986
f 1083//4 1082//4 1194//4
f 1196//985 1199//985 1194//985
f 1190//1610 1200//1610 1182//1610
f 1200//1610 1181//1610 1182//1610
f 1183//672 1201//672 1184//672
f 1201//1611 1197//1611 1184//1611
f 1195//1612 1202//1612 1190//1612
f 1202//1612 1200//1612 1190//1612
f 1201//1611 1203//1611 1197//1611
f 1203//1613 1198//1613 1197//1613
f 1204//1614 1202//1614 1195//1614
f 1205//1615 1204//1615 1195//1615
f 1082//4 1205//4 1195//4
f 1206//1616 1207//1616 1198//1616
f 1208//1617 1206//1617 1198//1617
f 1207//4 1083//4 1198//4
f 1203//1613 1208//1613 1198//1613
f 1209//1618 1210//1618 1205//1618
f 1210//1619 1211//1619 1205//1619
f 1212//1620 1204//1620 1205//1620
f 1211//1621 1212//1621 1205//1621
f 1082//4 1209//4 1205//4
f 1213//1622 1214//1622 1207//1622
f 1206//1623 1215//1623 1207//1623
f 1216//1624 1213//1624 1207//1624
f 1215//1625 1217//1625 1207//1625
f 1217//1626 1218//1626 1207//1626
f 1218//1627 1216//1627 1207//1627
f 1214//4 1083//4 1207//4
f 1082//1628 1210//1628 1209//1628
f 1213//1629 1084//1629 1214//1629
f 1084//1630 1083//1630 1214//1630
f 1085//1631 1210//1631 1082//1631
f 1216//1632 1084//1632 1213//1632
f 950//1633 1219//1633 948//1633
f 1219//1634 1220//1634 948//1634
f 1220//802 1085//802 948//802
f 1086//1635 1221//1635 1055//1635
f 1221//1636 1222//1636 1055//1636
f 1222//1637 999//1637 1055//1637
f 949//1638 1219//1638 950//1638
f 1222//1639 1000//1639 999//1639
f 1085//1640 1211//1640 1210//1640
f 1222//1641 997//1641 1000//1641
f 1085//1642 1223//1642 1211//1642
f 1223//1643 1212//1643 1211//1643
f 1218//1644 1084//1644 1216//1644
f 1224//1645 1225//1645 1085//1645
f 1225//1646 1226//1646 1085//1646
f 1226//1647 1223//1647 1085//1647
f 1220//802 1227//802 1085//802
f 1227//802 1228//802 1085//802
f 1228//802 1224//802 1085//802
f 1218//1648 1217//1648 1084//1648
f 1217//1649 1229//1649 1084//1649
f 1229//1650 1230//1650 1084//1650
f 1231//802 1086//802 1084//802
f 1230//802 1231//802 1084//802
f 1226//1651 1212//1651 1223//1651
f 1154//4 1232//4 1155//4
f 1232//4 1157//4 1155//4
f 1232//4 1168//4 1157//4
f 1158//4 1232//4 1154//4
f 1232//4 1178//4 1168//4
f 1169//4 1232//4 1158//4
f 1232//4 1187//4 1178//4
f 1179//4 1232//4 1169//4
f 1199//4 1196//4 1232//4
f 1193//4 1199//4 1232//4
f 1179//4 1188//4 1232//4
f 1188//4 1193//4 1232//4
f 1196//4 1191//4 1232//4
f 1191//4 1187//4 1232//4
f 995//1652 1219//1652 949//1652
f 1215//1653 1229//1653 1217//1653
f 1222//1654 998//1654 997//1654
f 995//1655 1233//1655 1219//1655
f 1233//1656 1220//1656 1219//1656
f 1221//1657 998//1657 1222//1657
f 995//1658 1234//1658 1233//1658
f 1234//1656 1220//1656 1233//1656
f 1235//1659 1003//1659 1221//1659
f 1003//1660 998//1660 1221//1660
f 1086//1661 1235//1661 1221//1661
f 1234//1662 1227//1662 1220//1662
f 1236//1663 1237//1663 1086//1663
f 1237//1664 1235//1664 1086//1664
f 1231//802 1236//802 1086//802
f 994//1665 1234//1665 995//1665
f 1225//1666 1212//1666 1226//1666
f 1238//1667 1230//1667 1229//1667
f 1239//1668 1238//1668 1229//1668
f 1215//1669 1239//1669 1229//1669
f 1224//1670 1240//1670 1225//1670
f 1241//1671 1212//1671 1225//1671
f 1240//1672 1241//1672 1225//1672
f 1242//1673 1230//1673 1238//1673
f 1239//1674 1242//1674 1238//1674
f 1243//1675 1244//1675 1224//1675
f 1245//1676 1243//1676 1224//1676
f 1244//1675 1240//1675 1224//1675
f 1228//802 1245//802 1224//802
f 1242//1677 1246//1677 1230//1677
f 1246//1678 1247//1678 1230//1678
f 1247//1679 1248//1679 1230//1679
f 1248//802 1231//802 1230//802
f 993//1680 1234//1680 994//1680
f 1249//1681 1241//1681 1240//1681
f 1244//1682 1249//1682 1240//1682
f 1227//1683 1250//1683 1251//1683
f 1252//1684 1253//1684 1251//1684
f 1228//1685 1227//1685 1251//1685
f 1253//1686 1228//1686 1251//1686
f 1250//1687 1252//1687 1251//1687
f 1254//1688 1236//1688 1255//1688
f 1231//1689 1256//1689 1255//1689
f 1236//1690 1231//1690 1255//1690
f 1256//1691 1254//1691 1255//1691
f 1234//1692 1257//1692 1227//1692
f 1257//1693 1258//1693 1227//1693
f 1258//1694 1259//1694 1227//1694
f 1259//1695 1250//1695 1227//1695
f 1254//1696 1237//1696 1236//1696
f 1231//1697 1260//1697 1256//1697
f 1260//1698 1261//1698 1256//1698
f 1261//1699 1254//1699 1256//1699
f 1250//1700 1253//1700 1252//1700
f 1243//1682 1249//1682 1244//1682
f 1262//1701 1246//1701 1242//1701
f 1239//1702 1262//1702 1242//1702
f 1262//1703 1247//1703 1246//1703
f 1231//1704 1263//1704 1260//1704
f 1263//1705 1261//1705 1260//1705
f 1264//1706 1228//1706 1253//1706
f 1265//1707 1264//1707 1253//1707
f 1250//1708 1265//1708 1253//1708
f 1235//1709 1001//1709 1003//1709
f 1231//1710 1266//1710 1263//1710
f 1266//1711 1261//1711 1263//1711
f 1267//1712 1228//1712 1264//1712
f 1265//1713 1267//1713 1264//1713
f 1245//1714 1268//1714 1243//1714
f 1269//1715 1249//1715 1243//1715
f 1268//1716 1269//1716 1243//1716
f 1270//1717 1228//1717 1267//1717
f 1265//1718 1270//1718 1267//1718
f 1231//1719 1271//1719 1266//1719
f 1272//1720 1261//1720 1266//1720
f 1271//1721 1272//1721 1266//1721
f 1273//1722 1228//1722 1270//1722
f 1274//1723 1273//1723 1270//1723
f 1265//1724 1275//1724 1270//1724
f 1275//1725 1274//1725 1270//1725
f 1231//1726 1276//1726 1271//1726
f 1276//1727 1277//1727 1271//1727
f 1277//1728 1272//1728 1271//1728
f 1273//802 1245//802 1228//802
f 1278//1729 1276//1729 1231//1729
f 1248//802 1278//802 1231//802
f 1278//1730 1279//1730 1276//1730
f 1279//1727 1277//1727 1276//1727
f 1280//1731 1273//1731 1274//1731
f 1281//1732 1280//1732 1274//1732
f 1275//1733 1281//1733 1274//1733
f 1278//1734 1282//1734 1279//1734
f 1282//1735 1277//1735 1279//1735
f 1250//1736 1259//1736 1265//1736
f 1259//1737 1258//1737 1265//1737
f 1258//1738 1275//1738 1265//1738
f 1283//1739 1254//1739 1261//1739
f 1284//1740 1283//1740 1261//1740
f 1272//1741 1284//1741 1261//1741
f 1285//1742 1248//1742 1247//1742
f 1286//1743 1285//1743 1247//1743
f 1262//1744 1286//1744 1247//1744
f 1287//1745 1273//1745 1280//1745
f 1281//1746 1287//1746 1280//1746
f 1245//1747 1288//1747 1268//1747
f 1288//1716 1269//1716 1268//1716
f 1289//1748 1248//1748 1285//1748
f 1290//1749 1289//1749 1285//1749
f 1286//1750 1290//1750 1285//1750
f 1273//1751 1291//1751 1245//1751
f 1291//1752 1292//1752 1245//1752
f 1292//1753 1288//1753 1245//1753
f 1293//1754 1278//1754 1248//1754
f 1289//1755 1293//1755 1248//1755
f 1283//1696 1237//1696 1254//1696
f 1278//1734 1294//1734 1282//1734
f 1294//1756 1277//1756 1282//1756
f 1295//1745 1273//1745 1287//1745
f 1281//1757 1295//1757 1287//1757
f 1292//1758 1296//1758 1288//1758
f 1296//1759 1297//1759 1288//1759
f 1297//1760 1269//1760 1288//1760
f 1298//1761 1273//1761 1295//1761
f 1299//1762 1298//1762 1295//1762
f 1281//1763 1300//1763 1295//1763
f 1300//1764 1299//1764 1295//1764
f 1278//1734 1301//1734 1294//1734
f 1301//1765 1302//1765 1294//1765
f 1303//1766 1277//1766 1294//1766
f 1302//1767 1303//1767 1294//1767
f 1278//1768 1304//1768 1301//1768
f 1304//1769 1302//1769 1301//1769
f 1305//1770 1273//1770 1298//1770
f 1299//1771 1305//1771 1298//1771
f 1306//1772 1293//1772 1289//1772
f 1307//1773 1306//1773 1289//1773
f 1290//1774 1307//1774 1289//1774
f 993//1775 992//1775 1234//1775
f 992//1776 1257//1776 1234//1776
f 1237//1777 1308//1777 1235//1777
f 1308//1778 1001//1778 1235//1778
f 992//1779 991//1779 1257//1779
f 991//1780 1309//1780 1257//1780
f 1309//1781 1310//1781 1257//1781
f 1310//1782 1258//1782 1257//1782
f 1311//1783 1308//1783 1237//1783
f 1283//1784 1311//1784 1237//1784
f 1284//1785 1311//1785 1283//1785
f 1310//1786 1275//1786 1258//1786
f 1312//1787 1311//1787 1284//1787
f 1272//1788 1312//1788 1284//1788
f 1291//1789 1313//1789 1292//1789
f 1313//1790 1296//1790 1292//1790
f 1278//1768 1293//1768 1304//1768
f 1293//1791 1306//1791 1304//1791
f 1306//1792 1302//1792 1304//1792
f 1291//1793 1273//1793 1305//1793
f 1299//1794 1291//1794 1305//1794
f 1299//1795 1313//1795 1291//1795
f 1275//1796 1300//1796 1281//1796
f 1314//1797 1272//1797 1277//1797
f 1303//1798 1314//1798 1277//1798
f 1315//1799 1302//1799 1306//1799
f 1307//1800 1315//1800 1306//1800
f 1299//1801 1296//1801 1313//1801
f 1316//1802 1317//1802 1275//1802
f 1310//1803 1316//1803 1275//1803
f 1317//1804 1300//1804 1275//1804
f 1314//1805 1318//1805 1272//1805
f 1318//1806 1312//1806 1272//1806
f 1309//1807 1316//1807 1310//1807
f 1318//1808 1311//1808 1312//1808
f 1319//1809 1297//1809 1296//1809
f 1299//1810 1319//1810 1296//1810
f 1290//1811 1315//1811 1307//1811
f 1320//1812 1269//1812 1297//1812
f 1319//1813 1320//1813 1297//1813
f 1286//1814 1315//1814 1290//1814
f 1300//1815 1319//1815 1299//1815
f 1315//1816 1303//1816 1302//1816
f 1308//672 1002//672 1001//672
f 990//1817 1321//1817 991//1817
f 1321//1818 1309//1818 991//1818
f 1322//1819 1142//1819 1141//1819
f 1147//1820 1322//1820 1141//1820
f 1322//1819 1137//1819 1142//1819
f 1323//1821 1152//1821 1137//1821
f 1322//1819 1323//1819 1137//1819
f 1324//1822 1322//1822 1147//1822
f 1146//1822 1324//1822 1147//1822
f 1325//1823 1151//1823 1152//1823
f 1323//1823 1325//1823 1152//1823
f 1326//1824 1324//1824 1146//1824
f 1160//1825 1326//1825 1146//1825
f 1325//1826 1149//1826 1151//1826
f 1159//1827 1326//1827 1160//1827
f 1327//1828 1165//1828 1149//1828
f 1325//1829 1327//1829 1149//1829
f 1328//1830 1326//1830 1159//1830
f 1161//1831 1328//1831 1159//1831
f 1329//1832 1163//1832 1165//1832
f 1327//1833 1329//1833 1165//1833
f 1330//1834 1328//1834 1161//1834
f 1170//1835 1330//1835 1161//1835
f 1329//1836 1175//1836 1163//1836
f 1171//1837 1330//1837 1170//1837
f 1331//1838 1173//1838 1175//1838
f 1329//1836 1331//1836 1175//1836
f 1332//1839 1330//1839 1171//1839
f 1180//1839 1332//1839 1171//1839
f 1331//1840 1183//1840 1173//1840
f 1181//1841 1332//1841 1180//1841
f 1333//1842 1334//1842 1183//1842
f 1334//1843 1201//1843 1183//1843
f 1331//1840 1333//1840 1183//1840
f 1335//1844 1332//1844 1181//1844
f 1336//1845 1335//1845 1181//1845
f 1200//1846 1336//1846 1181//1846
f 1334//1847 1203//1847 1201//1847
f 1202//1848 1337//1848 1200//1848
f 1337//1849 1336//1849 1200//1849
f 1338//1850 1208//1850 1203//1850
f 1334//1851 1338//1851 1203//1851
f 1204//1852 1339//1852 1202//1852
f 1339//1853 1337//1853 1202//1853
f 1340//1854 1206//1854 1208//1854
f 1338//1855 1340//1855 1208//1855
f 1212//1856 1339//1856 1204//1856
f 1340//1857 1341//1857 1206//1857
f 1341//1858 1215//1858 1206//1858
f 1241//1859 1342//1859 1212//1859
f 1342//1860 1339//1860 1212//1860
f 1341//1861 1239//1861 1215//1861
f 1249//1862 1320//1862 1241//1862
f 1320//1863 1342//1863 1241//1863
f 1341//1864 1343//1864 1239//1864
f 1343//1865 1262//1865 1239//1865
f 1269//1866 1320//1866 1249//1866
f 1343//1867 1344//1867 1262//1867
f 1344//1868 1286//1868 1262//1868
f 1344//1869 1315//1869 1286//1869
f 1345//1870 1002//1870 1308//1870
f 1346//1871 1345//1871 1308//1871
f 1311//1872 1346//1872 1308//1872
f 1347//1873 1348//1873 990//1873
f 1030//1874 1347//1874 990//1874
f 1348//1875 1321//1875 990//1875
f 1349//1876 1032//1876 1002//1876
f 1345//1877 1350//1877 1002//1877
f 1350//1878 1349//1878 1002//1878
f 1081//1879 1347//1879 1030//1879
f 1349//1880 1351//1880 1032//1880
f 1351//1881 1093//1881 1032//1881
f 1092//1882 1352//1882 1081//1882
f 1352//1883 1347//1883 1081//1883
f 1351//1884 1353//1884 1093//1884
f 1353//1885 1094//1885 1093//1885
f 1354//1886 1352//1886 1092//1886
f 1117//1882 1354//1882 1092//1882
f 1353//1887 1120//1887 1094//1887
f 1355//1888 1354//1888 1117//1888
f 1118//1889 1355//1889 1117//1889
f 1353//1885 1356//1885 1120//1885
f 1356//1890 1126//1890 1120//1890
f 1122//1891 1355//1891 1118//1891
f 1357//1892 1124//1892 1126//1892
f 1356//1893 1357//1893 1126//1893
f 1127//1894 1358//1894 1122//1894
f 1358//1895 1355//1895 1122//1895
f 1359//1896 1129//1896 1124//1896
f 1357//1897 1359//1897 1124//1897
f 1360//1898 1358//1898 1127//1898
f 1133//1899 1360//1899 1127//1899
f 1359//1900 1130//1900 1129//1900
f 1136//1901 1361//1901 1133//1901
f 1361//1902 1360//1902 1133//1902
f 1362//1903 1134//1903 1130//1903
f 1359//1904 1362//1904 1130//1904
f 1134//1905 1361//1905 1136//1905
f 1362//1903 1363//1903 1134//1903
f 1363//1905 1361//1905 1134//1905
f 1364//1906 1311//1906 1318//1906
f 1314//1907 1364//1907 1318//1907
f 1309//1908 1365//1908 1316//1908
f 1365//1909 1317//1909 1316//1909
f 1346//1910 1350//1910 1345//1910
f 1366//1911 1300//1911 1317//1911
f 1365//1912 1366//1912 1317//1912
f 1367//1913 1368//1913 1314//1913
f 1368//1914 1364//1914 1314//1914
f 1303//1915 1367//1915 1314//1915
f 1309//1916 1369//1916 1365//1916
f 1369//1917 1366//1917 1365//1917
f 1368//1918 1311//1918 1364//1918
f 1366//1919 1370//1919 1300//1919
f 1370//1920 1371//1920 1300//1920
f 1371//1921 1319//1921 1300//1921
f 1315//1922 1372//1922 1303//1922
f 1372//1923 1373//1923 1303//1923
f 1373//1924 1367//1924 1303//1924
f 1374//1925 1332//1925 1335//1925
f 1375//1926 1374//1926 1335//1926
f 1336//1927 1375//1927 1335//1927
f 1376//1928 1338//1928 1334//1928
f 1333//1929 1376//1929 1334//1929
f 1377//1927 1375//1927 1336//1927
f 1337//1930 1378//1930 1336//1930
f 1378//1931 1377//1931 1336//1931
f 1376//1928 1379//1928 1338//1928
f 1379//1932 1340//1932 1338//1932
f 1339//1933 1380//1933 1337//1933
f 1380//1933 1378//1933 1337//1933
f 1381//1934 1341//1934 1340//1934
f 1379//1935 1381//1935 1340//1935
f 1342//1936 1382//1936 1339//1936
f 1382//1937 1380//1937 1339//1937
f 1383//1938 1343//1938 1341//1938
f 1381//1934 1383//1934 1341//1934
f 1320//1939 1384//1939 1342//1939
f 1384//1940 1382//1940 1342//1940
f 1385//1941 1344//1941 1343//1941
f 1386//1942 1385//1942 1343//1942
f 1383//1943 1386//1943 1343//1943
f 1319//1944 1384//1944 1320//1944
f 1385//1945 1315//1945 1344//1945
f 1387//1946 1388//1946 1348//1946
f 1347//1947 1387//1947 1348//1947
f 1389//1948 1321//1948 1348//1948
f 1388//1949 1389//1949 1348//1949
f 1390//1950 1351//1950 1349//1950
f 1391//1951 1390//1951 1349//1951
f 1350//1952 1392//1952 1349//1952
f 1392//1953 1391//1953 1349//1953
f 1352//1954 1387//1954 1347//1954
f 1390//1955 1353//1955 1351//1955
f 1360//1956 1393//1956 1358//1956
f 1393//1957 1355//1957 1358//1957
f 1357//1958 1394//1958 1359//1958
f 1394//1959 1362//1959 1359//1959
f 1361//1960 1395//1960 1360//1960
f 1395//1960 1396//1960 1360//1960
f 1396//1961 1393//1961 1360//1961
f 1394//1959 1397//1959 1362//1959
f 1398//1962 1363//1962 1362//1962
f 1397//1962 1398//1962 1362//1962
f 1363//1963 1395//1963 1361//1963
f 1398//1963 1395//1963 1363//1963
f 1352//1964 1399//1964 1387//1964
f 1399//1965 1400//1965 1387//1965
f 1400//1947 1388//1947 1387//1947
f 1391//1950 1401//1950 1390//1950
f 1401//1966 1353//1966 1390//1966
f 1396//1967 1402//1967 1393//1967
f 1402//1957 1355//1957 1393//1957
f 1357//1968 1403//1968 1394//1968
f 1403//1969 1404//1969 1394//1969
f 1404//1970 1397//1970 1394//1970
f 1405//1971 1399//1971 1352//1971
f 1354//1971 1405//1971 1352//1971
f 1401//1972 1406//1972 1353//1972
f 1406//1973 1356//1973 1353//1973
f 1407//1974 1405//1974 1354//1974
f 1355//1974 1407//1974 1354//1974
f 1406//1973 1408//1973 1356//1973
f 1408//1975 1357//1975 1356//1975
f 1402//1976 1407//1976 1355//1976
f 1408//1975 1403//1975 1357//1975
f 1371//1977 1409//1977 1319//1977
f 1409//1978 1384//1978 1319//1978
f 1385//1979 1410//1979 1315//1979
f 1410//1980 1372//1980 1315//1980
f 1389//1981 1309//1981 1321//1981
f 1346//1982 1392//1982 1350//1982
f 1400//1983 1411//1983 1388//1983
f 1412//1984 1389//1984 1388//1984
f 1411//1985 1412//1985 1388//1985
f 1413//1986 1401//1986 1391//1986
f 1392//1987 1414//1987 1391//1987
f 1414//1988 1413//1988 1391//1988
f 1412//1989 1309//1989 1389//1989
f 1346//1990 1414//1990 1392//1990
f 1309//1908 1415//1908 1369//1908
f 1415//1991 1366//1991 1369//1991
f 1346//1992 1311//1992 1368//1992
f 1416//1993 1346//1993 1368//1993
f 1367//1994 1416//1994 1368//1994
f 1409//1940 1382//1940 1384//1940
f 1386//1942 1410//1942 1385//1942
f 1412//1995 1417//1995 1309//1995
f 1418//1996 1419//1996 1309//1996
f 1420//1997 1418//1997 1309//1997
f 1417//1998 1420//1998 1309//1998
f 1419//1999 1415//1999 1309//1999
f 1418//2000 1421//2000 1419//2000
f 1421//2000 1422//2000 1419//2000
f 1422//2001 1423//2001 1419//2001
f 1423//2002 1424//2002 1419//2002
f 1424//2003 1415//2003 1419//2003
f 1425//2004 1426//2004 1346//2004
f 1426//2004 1427//2004 1346//2004
f 1427//2005 1428//2005 1346//2005
f 1428//2006 1429//2006 1346//2006
f 1429//2007 1430//2007 1346//2007
f 1430//2008 1414//2008 1346//2008
f 1431//2009 1425//2009 1346//2009
f 1432//2010 1431//2010 1346//2010
f 1416//2011 1432//2011 1346//2011
f 1415//2012 1433//2012 1366//2012
f 1433//2013 1370//2013 1366//2013
f 1434//2014 1416//2014 1367//2014
f 1373//2015 1435//2015 1367//2015
f 1435//2014 1434//2014 1367//2014
f 1434//2016 1432//2016 1416//2016
f 1436//2017 1437//2017 1322//2017
f 1324//2018 1436//2018 1322//2018
f 1437//2019 1323//2019 1322//2019
f 1438//2020 1325//2020 1323//2020
f 1437//2019 1438//2019 1323//2019
f 1439//2021 1436//2021 1324//2021
f 1326//2021 1439//2021 1324//2021
f 1440//2022 1327//2022 1325//2022
f 1438//2020 1440//2020 1325//2020
f 1441//2023 1439//2023 1326//2023
f 1328//2024 1441//2024 1326//2024
f 1440//2022 1442//2022 1327//2022
f 1442//2025 1329//2025 1327//2025
f 1443//2026 1441//2026 1328//2026
f 1330//2027 1443//2027 1328//2027
f 1444//2028 1331//2028 1329//2028
f 1442//2029 1444//2029 1329//2029
f 1374//2030 1443//2030 1330//2030
f 1332//2031 1374//2031 1330//2031
f 1444//2032 1445//2032 1331//2032
f 1445//2033 1446//2033 1331//2033
f 1446//2034 1333//2034 1331//2034
f 1446//2035 1376//2035 1333//2035
f 1424//2036 1433//2036 1415//2036
f 1435//2037 1432//2037 1434//2037
f 1424//2038 1447//2038 1433//2038
f 1447//2039 1370//2039 1433//2039
f 1448//2040 1374//2040 1375//2040
f 1377//2041 1448//2041 1375//2041
f 1449//2042 1379//2042 1376//2042
f 1446//2043 1449//2043 1376//2043
f 1398//2044 1450//2044 1395//2044
f 1450//1960 1396//1960 1395//1960
f 1397//1962 1451//1962 1398//1962
f 1451//2044 1450//2044 1398//2044
f 1452//2045 1443//2045 1374//2045
f 1448//2046 1452//2046 1374//2046
f 1453//2047 1449//2047 1446//2047
f 1445//2048 1453//2048 1446//2048
f 1410//2049 1454//2049 1372//2049
f 1454//2050 1455//2050 1372//2050
f 1455//2051 1373//2051 1372//2051
f 1456//2052 1457//2052 1371//2052
f 1457//2053 1409//2053 1371//2053
f 1370//2054 1456//2054 1371//2054
f 1430//2055 1413//2055 1414//2055
f 1411//2056 1417//2056 1412//2056
f 1458//2057 1452//2057 1448//2057
f 1377//2058 1458//2058 1448//2058
f 1459//2059 1379//2059 1449//2059
f 1453//2060 1459//2060 1449//2060
f 1378//2061 1460//2061 1377//2061
f 1460//2061 1461//2061 1377//2061
f 1461//2062 1458//2062 1377//2062
f 1459//2059 1462//2059 1379//2059
f 1462//2063 1381//2063 1379//2063
f 1380//2064 1463//2064 1378//2064
f 1463//2064 1460//2064 1378//2064
f 1464//2065 1383//2065 1381//2065
f 1462//2063 1464//2063 1381//2063
f 1382//2066 1465//2066 1380//2066
f 1465//2067 1463//2067 1380//2067
f 1466//2068 1386//2068 1383//2068
f 1464//2065 1466//2065 1383//2065
f 1409//2069 1457//2069 1382//2069
f 1457//2070 1465//2070 1382//2070
f 1454//2071 1410//2071 1386//2071
f 1467//2072 1454//2072 1386//2072
f 1466//2068 1467//2068 1386//2068
f 1400//2073 1468//2073 1411//2073
f 1468//2074 1417//2074 1411//2074
f 1469//2075 1401//2075 1413//2075
f 1430//2076 1469//2076 1413//2076
f 1399//2077 1470//2077 1400//2077
f 1470//2078 1471//2078 1400//2078
f 1471//2079 1468//2079 1400//2079
f 1469//2080 1472//2080 1401//2080
f 1472//2081 1406//2081 1401//2081
f 1396//2082 1473//2082 1402//2082
f 1473//2082 1474//2082 1402//2082
f 1474//2083 1407//2083 1402//2083
f 1403//2084 1475//2084 1404//2084
f 1475//2085 1476//2085 1404//2085
f 1476//2086 1397//2086 1404//2086
f 1450//2087 1477//2087 1396//2087
f 1477//2087 1473//2087 1396//2087
f 1476//2086 1478//2086 1397//2086
f 1479//2088 1451//2088 1397//2088
f 1478//2088 1479//2088 1397//2088
f 1451//2089 1477//2089 1450//2089
f 1479//2089 1477//2089 1451//2089
f 1480//2090 1470//2090 1399//2090
f 1405//2091 1480//2091 1399//2091
f 1472//2092 1481//2092 1406//2092
f 1481//2093 1408//2093 1406//2093
f 1482//2094 1480//2094 1405//2094
f 1407//2095 1482//2095 1405//2095
f 1481//2096 1483//2096 1408//2096
f 1483//2097 1403//2097 1408//2097
f 1474//2098 1482//2098 1407//2098
f 1483//2099 1475//2099 1403//2099
f 1456//2070 1465//2070 1457//2070
f 1467//2072 1455//2072 1454//2072
f 1471//2100 1484//2100 1468//2100
f 1484//2101 1417//2101 1468//2101
f 1485//2102 1472//2102 1469//2102
f 1430//2103 1485//2103 1469//2103
f 1484//2104 1486//2104 1417//2104
f 1486//2105 1420//2105 1417//2105
f 1429//2106 1485//2106 1430//2106
f 1487//2107 1432//2107 1435//2107
f 1373//2108 1487//2108 1435//2108
f 1424//2109 1488//2109 1447//2109
f 1488//2110 1370//2110 1447//2110
f 1489//2111 1490//2111 1370//2111
f 1491//2112 1489//2112 1370//2112
f 1488//2113 1491//2113 1370//2113
f 1490//2114 1456//2114 1370//2114
f 1492//2115 1493//2115 1373//2115
f 1493//2116 1494//2116 1373//2116
f 1494//2117 1487//2117 1373//2117
f 1455//2118 1495//2118 1373//2118
f 1495//2119 1492//2119 1373//2119
f 1496//2120 1497//2120 1437//2120
f 1436//2120 1496//2120 1437//2120
f 1497//2121 1438//2121 1437//2121
f 1498//2122 1440//2122 1438//2122
f 1497//2121 1498//2121 1438//2121
f 1499//2123 1496//2123 1436//2123
f 1439//2124 1499//2124 1436//2124
f 1500//2125 1442//2125 1440//2125
f 1498//2122 1500//2122 1440//2122
f 1501//2126 1499//2126 1439//2126
f 1441//2126 1501//2126 1439//2126
f 1502//2127 1444//2127 1442//2127
f 1500//2128 1502//2128 1442//2128
f 1503//2129 1501//2129 1441//2129
f 1443//2129 1503//2129 1441//2129
f 1504//2130 1445//2130 1444//2130
f 1502//2127 1504//2127 1444//2127
f 1505//2131 1503//2131 1443//2131
f 1452//2131 1505//2131 1443//2131
f 1506//2132 1507//2132 1445//2132
f 1504//2130 1506//2130 1445//2130
f 1507//2132 1453//2132 1445//2132
f 1458//2133 1505//2133 1452//2133
f 1507//2134 1459//2134 1453//2134
f 1484//2135 1508//2135 1486//2135
f 1508//2136 1420//2136 1486//2136
f 1428//2137 1509//2137 1429//2137
f 1509//2138 1485//2138 1429//2138
f 1510//2131 1503//2131 1505//2131
f 1458//2139 1511//2139 1505//2139
f 1511//2140 1510//2140 1505//2140
f 1512//2141 1513//2141 1507//2141
f 1513//2142 1459//2142 1507//2142
f 1506//2132 1512//2132 1507//2132
f 1494//2143 1432//2143 1487//2143
f 1461//2144 1511//2144 1458//2144
f 1513//2145 1462//2145 1459//2145
f 1479//2146 1514//2146 1477//2146
f 1514//2147 1473//2147 1477//2147
f 1478//2148 1515//2148 1479//2148
f 1515//2149 1514//2149 1479//2149
f 1424//2109 1491//2109 1488//2109
f 1493//2150 1516//2150 1494//2150
f 1516//2151 1432//2151 1494//2151
f 1424//2152 1489//2152 1491//2152
f 1423//2153 1517//2153 1424//2153
f 1517//2154 1518//2154 1424//2154
f 1518//2155 1489//2155 1424//2155
f 1516//2156 1431//2156 1432//2156
f 1517//2157 1519//2157 1518//2157
f 1519//2158 1520//2158 1518//2158
f 1520//2159 1489//2159 1518//2159
f 1521//2160 1522//2160 1516//2160
f 1522//2161 1523//2161 1516//2161
f 1523//2162 1431//2162 1516//2162
f 1493//2163 1521//2163 1516//2163
f 1524//2164 1510//2164 1511//2164
f 1461//2165 1525//2165 1511//2165
f 1525//2166 1524//2166 1511//2166
f 1526//2167 1462//2167 1513//2167
f 1512//2168 1526//2168 1513//2168
f 1460//2169 1527//2169 1461//2169
f 1527//2169 1525//2169 1461//2169
f 1526//2167 1528//2167 1462//2167
f 1528//2170 1464//2170 1462//2170
f 1463//2171 1529//2171 1460//2171
f 1529//2171 1527//2171 1460//2171
f 1530//2172 1466//2172 1464//2172
f 1528//2170 1530//2170 1464//2170
f 1465//2173 1531//2173 1463//2173
f 1531//2173 1529//2173 1463//2173
f 1532//2174 1467//2174 1466//2174
f 1530//2172 1532//2172 1466//2172
f 1490//2175 1531//2175 1465//2175
f 1456//2176 1490//2176 1465//2176
f 1495//2177 1455//2177 1467//2177
f 1533//2178 1495//2178 1467//2178
f 1532//2174 1533//2174 1467//2174
f 1471//2179 1508//2179 1484//2179
f 1509//2180 1472//2180 1485//2180
f 1470//2181 1534//2181 1471//2181
f 1534//2182 1535//2182 1471//2182
f 1535//2183 1508//2183 1471//2183
f 1509//2184 1536//2184 1472//2184
f 1536//2185 1481//2185 1472//2185
f 1473//2186 1537//2186 1474//2186
f 1537//2187 1482//2187 1474//2187
f 1475//2188 1538//2188 1476//2188
f 1538//2189 1539//2189 1476//2189
f 1539//2190 1478//2190 1476//2190
f 1540//2191 1541//2191 1473//2191
f 1514//2192 1540//2192 1473//2192
f 1541//2193 1537//2193 1473//2193
f 1539//2194 1542//2194 1478//2194
f 1542//2195 1515//2195 1478//2195
f 1515//2196 1540//2196 1514//2196
f 1542//2197 1543//2197 1515//2197
f 1543//2196 1540//2196 1515//2196
f 1544//2198 1534//2198 1470//2198
f 1480//2198 1544//2198 1470//2198
f 1536//2199 1545//2199 1481//2199
f 1545//2200 1483//2200 1481//2200
f 1546//2201 1544//2201 1480//2201
f 1482//2201 1546//2201 1480//2201
f 1545//2200 1547//2200 1483//2200
f 1547//2202 1475//2202 1483//2202
f 1537//2203 1546//2203 1482//2203
f 1547//2202 1538//2202 1475//2202
f 1489//2204 1548//2204 1490//2204
f 1548//2175 1531//2175 1490//2175
f 1533//2178 1492//2178 1495//2178
f 1535//2205 1549//2205 1508//2205
f 1550//2206 1420//2206 1508//2206
f 1549//2207 1550//2207 1508//2207
f 1551//2208 1536//2208 1509//2208
f 1428//2209 1551//2209 1509//2209
f 1550//2210 1418//2210 1420//2210
f 1520//2211 1548//2211 1489//2211
f 1492//2212 1521//2212 1493//2212
f 1552//2213 1551//2213 1428//2213
f 1427//2214 1552//2214 1428//2214
f 1427//2215 1551//2215 1552//2215
f 1549//2216 1418//2216 1550//2216
f 1553//2217 1554//2217 1497//2217
f 1555//2218 1553//2218 1497//2218
f 1496//2219 1555//2219 1497//2219
f 1554//2220 1498//2220 1497//2220
f 1554//2221 1556//2221 1498//2221
f 1556//2222 1500//2222 1498//2222
f 1557//2223 1555//2223 1496//2223
f 1499//2223 1557//2223 1496//2223
f 1558//2224 1502//2224 1500//2224
f 1556//2222 1558//2222 1500//2222
f 1559//2225 1557//2225 1499//2225
f 1501//2225 1559//2225 1499//2225
f 1560//2226 1504//2226 1502//2226
f 1558//2224 1560//2224 1502//2224
f 1561//2227 1559//2227 1501//2227
f 1503//2227 1561//2227 1501//2227
f 1562//2228 1506//2228 1504//2228
f 1560//2226 1562//2226 1504//2226
f 1510//2229 1563//2229 1503//2229
f 1563//2229 1561//2229 1503//2229
f 1564//2230 1512//2230 1506//2230
f 1562//2231 1564//2231 1506//2231
f 1524//2232 1563//2232 1510//2232
f 1565//2233 1526//2233 1512//2233
f 1564//2230 1565//2230 1512//2230
f 1534//2234 1566//2234 1535//2234
f 1566//2235 1549//2235 1535//2235
f 1551//2180 1567//2180 1536//2180
f 1567//2236 1568//2236 1536//2236
f 1568//2237 1545//2237 1536//2237
f 1541//2238 1569//2238 1537//2238
f 1569//2239 1570//2239 1537//2239
f 1570//2240 1546//2240 1537//2240
f 1538//2241 1571//2241 1539//2241
f 1571//2242 1542//2242 1539//2242
f 1572//2243 1566//2243 1534//2243
f 1573//2244 1572//2244 1534//2244
f 1544//2245 1573//2245 1534//2245
f 1568//2246 1574//2246 1545//2246
f 1574//2247 1547//2247 1545//2247
f 1575//2248 1576//2248 1544//2248
f 1576//2248 1573//2248 1544//2248
f 1546//2249 1575//2249 1544//2249
f 1574//2250 1577//2251 1547//2250
f 1577//2252 1578//2252 1547//2252
f 1578//2253 1538//2253 1547//2253
f 1570//2254 1575//2254 1546//2254
f 1579//2255 1571//2255 1538//2255
f 1578//2256 1579//2256 1538//2256
f 1553//976 1563//976 1554//976
f 1563//976 1556//976 1554//976
f 1555//976 1563//976 1553//976
f 1563//976 1558//976 1556//976
f 1557//976 1563//976 1555//976
f 1563//976 1560//976 1558//976
f 1559//976 1563//976 1557//976
f 1563//976 1562//976 1560//976
f 1561//976 1563//976 1559//976
f 1563//976 1564//976 1562//976
f 1563//976 1565//976 1564//976
f 1524//976 1526//976 1563//976
f 1526//976 1565//976 1563//976
f 1525//976 1528//976 1524//976
f 1528//976 1526//976 1524//976
f 1527//976 1521//976 1525//976
f 1521//976 1492//976 1525//976
f 1492//976 1533//976 1525//976
f 1533//976 1532//976 1525//976
f 1532//976 1530//976 1525//976
f 1530//976 1528//976 1525//976
f 1529//976 1521//976 1527//976
f 1531//976 1521//976 1529//976
f 1548//976 1520//976 1531//976
f 1520//976 1521//976 1531//976
f 1572//976 1521//976 1520//976
f 1519//976 1572//976 1520//976
f 1572//976 1573//976 1521//976
f 1573//976 1576//976 1521//976
f 1576//976 1522//976 1521//976
f 1576//976 1568//976 1522//976
f 1568//976 1523//976 1522//976
f 1517//976 1572//976 1519//976
f 1568//976 1431//976 1523//976
f 1568//976 1425//976 1431//976
f 1423//976 1572//976 1517//976
f 1422//976 1572//976 1423//976
f 1568//976 1426//976 1425//976
f 1421//976 1572//976 1422//976
f 1418//976 1572//976 1421//976
f 1568//976 1551//976 1426//976
f 1551//976 1427//976 1426//976
f 1549//976 1572//976 1418//976
f 1566//976 1572//976 1549//976
f 1568//976 1567//976 1551//976
f 1576//976 1575//976 1568//976
f 1575//976 1570//976 1568//976
f 1570//976 1574//976 1568//976
f 1570//976 1577//976 1574//976
f 1570//976 1578//976 1577//976
f 1570//976 1579//976 1578//976
f 1543//976 1571//976 1579//976
f 1540//976 1543//976 1579//976
f 1570//976 1540//976 1579//976
f 1569//976 1540//976 1570//976
f 1541//976 1540//976 1569//976
f 1543//976 1542//976 1571//976
