# Blender 4.5.0
# www.blender.org
mtllib rl_dg_5_2.mtl
o rl_dg_5_2_c
v -0.011200 -0.005206 -0.001719
v -0.011200 0.000526 -0.005436
v -0.011200 -0.000277 -0.005493
v -0.011200 -0.000524 -0.005449
v -0.011200 -0.000531 -0.005501
v -0.011200 0.000531 -0.005501
v -0.011200 -0.001565 -0.005265
v -0.011200 -0.001574 -0.005298
v -0.011200 0.001052 -0.005398
v -0.011200 0.001574 -0.005298
v -0.011200 0.001555 -0.005236
v -0.011200 -0.004161 -0.003538
v -0.011200 -0.004735 -0.002798
v -0.011200 -0.004783 -0.002688
v -0.011200 -0.001623 -0.005255
v -0.011200 -0.002535 -0.004850
v -0.011200 -0.002559 -0.004899
v -0.011200 0.002312 -0.004990
v -0.011200 0.002533 -0.004853
v -0.011200 0.002559 -0.004899
v -0.011200 0.003429 -0.004293
v -0.011200 -0.003406 -0.004264
v -0.011200 -0.002810 -0.004728
v -0.011200 -0.003449 -0.004318
v -0.011200 0.003471 -0.004267
v -0.011200 0.003449 -0.004318
v -0.011200 0.004020 -0.003754
v -0.011200 -0.003889 -0.003889
v -0.011200 -0.004211 -0.003579
v -0.011200 0.004169 -0.003546
v -0.011200 0.004211 -0.003579
v -0.011200 0.004785 -0.002686
v -0.011200 -0.004818 -0.002707
v -0.011200 -0.005247 -0.001734
v -0.011200 0.004847 -0.002600
v -0.011200 0.004818 -0.002707
v -0.011200 0.005194 -0.001715
v -0.011200 0.005247 -0.001734
v -0.011200 0.005083 0.002100
v -0.011200 0.005276 0.001394
v -0.011200 -0.005270 -0.001574
v -0.011200 0.004400 0.003300
v -0.011200 0.004923 0.002382
v -0.011200 0.005447 0.000768
v -0.011200 0.005475 0.000361
v -0.011200 0.005500 0.000000
v -0.011200 0.005411 -0.000689
v -0.011200 0.005321 -0.001393
v -0.011200 -0.005424 -0.000689
v -0.011200 -0.005482 -0.000698
v -0.011200 0.005482 -0.000698
v -0.011200 -0.005492 -0.000297
v -0.011200 -0.005500 0.000000
v -0.011200 -0.005515 0.000364
v -0.011200 0.005515 0.000364
v -0.011200 0.004103 0.003868
v -0.011200 -0.005455 0.000358
v -0.011200 -0.005327 0.001370
v -0.011200 0.005343 0.001412
v -0.011200 -0.005313 0.001404
v -0.011200 -0.005343 0.001412
v -0.011200 -0.004924 0.002387
v -0.011200 -0.004974 0.002409
v -0.011200 0.004974 0.002409
v -0.011200 -0.004818 0.002654
v -0.011200 -0.004400 0.003300
v -0.011200 -0.004421 0.003316
v -0.011195 0.004421 0.003315
v -0.011200 -0.004103 0.003868
v -0.011200 -0.004000 0.004500
v -0.011200 0.004000 0.004500
v -0.011132 0.004446 0.003982
v -0.011132 -0.004446 0.003982
v -0.011132 -0.004361 0.004500
v -0.011200 0.004000 0.007124
v -0.011132 0.004361 0.004500
v -0.011200 -0.004000 0.007124
v -0.011132 -0.004361 0.007124
v -0.011200 0.004010 0.007329
v -0.011132 0.004361 0.007124
v -0.011200 -0.004125 0.007716
v -0.011132 -0.004437 0.007615
v -0.011200 -0.004171 0.007933
v -0.011200 0.004129 0.007712
v -0.011132 0.004437 0.007615
v -0.011200 0.004242 0.008077
v -0.011200 -0.004391 0.008246
v -0.011200 0.006000 0.014000
v -0.011200 0.004778 0.008707
v -0.011200 0.004385 0.008246
v -0.011200 0.005375 0.009137
v -0.011132 -0.004656 0.008061
v -0.011132 0.004656 0.008061
v -0.011200 -0.004622 0.008574
v -0.011200 -0.004778 0.008707
v -0.011132 -0.004999 0.008421
v -0.011132 0.004999 0.008421
v -0.011200 -0.005375 0.009137
v -0.011200 0.006000 0.009526
v -0.011132 0.006181 0.009213
v -0.011200 -0.006000 0.009526
v -0.011200 -0.006000 0.014000
v -0.011181 0.006360 0.009670
v -0.011158 -0.006470 0.009710
v -0.011132 -0.006181 0.009213
v -0.011200 0.007700 0.014000
v -0.011076 0.006924 0.014000
v -0.011200 0.007700 0.015500
v -0.011160 0.006470 0.009710
v -0.011076 -0.006924 0.014000
v -0.011200 -0.007700 0.014000
v -0.011200 -0.007700 0.015500
v -0.011144 -0.006623 0.009769
v -0.011029 0.008782 0.014000
v -0.010563 0.008012 0.014000
v -0.011029 -0.008782 0.014000
v -0.011069 -0.008649 0.015616
v -0.011160 0.008228 0.015535
v -0.009500 0.007700 0.017000
v -0.009500 -0.007700 0.017000
v -0.011117 0.001680 -0.005654
v -0.011117 0.000567 -0.005871
v -0.011117 -0.000567 -0.005871
v -0.011117 0.002731 -0.005228
v -0.011117 -0.001680 -0.005654
v -0.011117 0.003681 -0.004609
v -0.011117 -0.002731 -0.005228
v -0.011117 0.004495 -0.003820
v -0.011117 -0.003681 -0.004609
v -0.011117 0.005143 -0.002889
v -0.011117 -0.004495 -0.003820
v -0.011117 0.005601 -0.001851
v -0.011117 -0.005143 -0.002889
v -0.011117 0.005851 -0.000745
v -0.011117 -0.005601 -0.001851
v -0.011117 0.005886 0.000388
v -0.011117 -0.005851 -0.000745
v -0.011117 0.005703 0.001507
v -0.011117 -0.005886 0.000388
v -0.011117 0.005309 0.002571
v -0.011117 -0.005703 0.001507
v -0.011132 0.004689 0.003517
v -0.011126 -0.004688 0.003516
v -0.011117 -0.005309 0.002571
v -0.011082 0.006626 0.009398
v -0.010995 0.008771 0.015681
v -0.011071 0.006923 0.009876
v -0.011082 -0.006626 0.009398
v -0.011063 -0.006920 0.009873
v -0.010973 -0.007065 0.009573
v -0.011111 0.004716 0.003537
v -0.011049 0.004489 0.004500
v -0.010907 0.004773 0.004091
v -0.011117 -0.004719 0.003539
v -0.010907 -0.004773 0.004091
v -0.011049 -0.004489 0.004500
v -0.011049 -0.004489 0.007124
v -0.011049 0.004489 0.007124
v -0.010907 0.004767 0.007511
v -0.010907 0.004939 0.007863
v -0.010907 -0.004767 0.007511
v -0.010907 0.005210 0.008147
v -0.010907 -0.004939 0.007863
v -0.011129 -0.006184 0.009208
v -0.010907 -0.005210 0.008147
v -0.011129 0.006184 0.009208
v -0.010907 0.006353 0.008914
v -0.010907 -0.006353 0.008914
v -0.010907 0.001768 -0.005950
v -0.010907 0.000597 -0.006178
v -0.010907 -0.000597 -0.006178
v -0.010907 0.002874 -0.005502
v -0.010907 -0.001768 -0.005950
v -0.010907 0.003874 -0.004850
v -0.010907 -0.002874 -0.005502
v -0.010907 0.004730 -0.004019
v -0.010907 -0.003874 -0.004850
v -0.010907 0.005412 -0.003040
v -0.010907 -0.004730 -0.004019
v -0.010907 0.005893 -0.001948
v -0.010907 -0.005412 -0.003040
v -0.010907 0.006157 -0.000784
v -0.010907 -0.005893 -0.001948
v -0.010907 0.006194 0.000408
v -0.010907 -0.006157 -0.000784
v -0.010907 0.006001 0.001586
v -0.010907 -0.006194 0.000408
v -0.010907 0.005587 0.002705
v -0.010907 -0.006001 0.001586
v -0.010907 0.004966 0.003724
v -0.010907 -0.005587 0.002705
v -0.010907 -0.004966 0.003724
v -0.010973 0.007065 0.009573
v -0.010752 0.007145 0.009283
v -0.010898 0.007404 0.010037
v -0.011059 0.006984 0.009898
v -0.010661 0.007843 0.010171
v -0.010858 0.007509 0.010072
v -0.011067 0.006940 0.009882
v -0.011058 -0.006938 0.009879
v -0.010981 -0.007218 0.009978
v -0.010894 -0.007402 0.010036
v -0.010717 -0.007775 0.010153
v -0.010667 -0.007845 0.010173
v -0.010563 -0.008012 0.014000
v -0.011016 -0.008776 0.015662
v -0.010802 0.007499 0.009731
v -0.010907 0.004707 0.004500
v -0.010907 -0.004707 0.004500
v -0.010907 -0.004707 0.007124
v -0.010907 0.004707 0.007124
v -0.010702 0.009500 0.014000
v -0.009713 0.008864 0.014000
v -0.010702 -0.009500 0.014000
v -0.010745 -0.009425 0.015901
v -0.010871 0.009181 0.015790
v -0.010802 -0.007499 0.009731
v -0.010590 0.007535 0.009441
v -0.010752 -0.007145 0.009283
v -0.010561 0.001832 -0.006166
v -0.010561 0.000618 -0.006403
v -0.010561 -0.000618 -0.006403
v -0.010561 0.002978 -0.005701
v -0.010561 -0.001832 -0.006166
v -0.010561 0.004014 -0.005026
v -0.010561 -0.002978 -0.005701
v -0.010561 0.004902 -0.004165
v -0.010561 -0.004014 -0.005026
v -0.010561 0.005608 -0.003150
v -0.010561 -0.004902 -0.004165
v -0.010561 0.006107 -0.002019
v -0.010561 -0.005608 -0.003150
v -0.010561 0.006381 -0.000813
v -0.010561 -0.006107 -0.002019
v -0.010561 0.006418 0.000423
v -0.010561 -0.006381 -0.000813
v -0.010561 0.006219 0.001644
v -0.010561 -0.006418 0.000423
v -0.010561 0.005789 0.002803
v -0.010561 -0.006219 0.001644
v -0.010607 0.005131 0.003848
v -0.010602 -0.005125 0.003844
v -0.010561 -0.005789 0.002803
v -0.010607 0.004969 0.004156
v -0.010692 0.004855 0.004500
v -0.010607 -0.004969 0.004156
v -0.010692 -0.004855 0.004500
v -0.010692 -0.004855 0.007124
v -0.010692 0.004855 0.007124
v -0.010607 0.005109 0.007745
v -0.010607 0.004963 0.007450
v -0.010607 -0.004963 0.007450
v -0.010607 0.005336 0.007984
v -0.010607 -0.005109 0.007745
v -0.010607 0.006457 0.008735
v -0.010607 -0.005336 0.007984
v -0.010607 -0.006457 0.008735
v -0.010504 0.009739 0.016114
v -0.010506 0.009736 0.014208
v -0.010569 0.007911 0.009867
v -0.010371 0.007906 0.009578
v -0.010590 -0.007535 0.009441
v -0.010569 -0.007911 0.009867
v -0.010441 0.007159 0.009076
v -0.010441 -0.007159 0.009076
v -0.010506 -0.009736 0.014208
v -0.010505 -0.009737 0.016113
v -0.008624 -0.009376 0.014000
v -0.007700 -0.009500 0.014000
v -0.009713 -0.008864 0.014000
v -0.007700 0.009500 0.014000
v -0.008624 0.009376 0.014000
v -0.010607 0.004913 0.004500
v -0.010607 -0.004913 0.004500
v -0.010607 -0.004913 0.007124
v -0.010607 0.004913 0.007124
v -0.010553 -0.008005 0.010218
v -0.010562 0.008012 0.010222
v -0.010559 0.005139 0.003854
v -0.010200 0.005051 0.004184
v -0.010200 0.005000 0.004500
v -0.010561 -0.005146 0.003859
v -0.010200 -0.005051 0.004184
v -0.010200 -0.005000 0.004500
v -0.010200 -0.005000 0.007124
v -0.010200 0.005000 0.007124
v -0.010200 0.005046 0.007424
v -0.010200 0.005113 0.007560
v -0.010200 -0.005046 0.007424
v -0.010200 -0.005113 0.007560
v -0.010200 0.005389 0.007915
v -0.010200 0.005180 0.007696
v -0.010200 -0.005180 0.007696
v -0.010566 0.006461 0.008728
v -0.010566 -0.006461 0.008728
v -0.010200 -0.005389 0.007915
v -0.010105 0.007830 0.009362
v -0.010371 -0.007906 0.009578
v -0.010550 0.008031 0.010228
v -0.010273 0.008296 0.009984
v -0.010094 0.008253 0.009694
v -0.010273 -0.008296 0.009984
v -0.010200 0.006500 0.008660
v -0.010099 0.007110 0.008983
v -0.010191 0.006556 0.008690
v -0.010200 -0.006500 0.008660
v -0.010191 -0.006556 0.008690
v -0.009996 0.008625 0.010385
v -0.010154 0.008496 0.010353
v -0.010360 0.008254 0.010288
v -0.010369 -0.008264 0.010292
v -0.009997 -0.008628 0.010385
v -0.009907 -0.008716 0.010408
v -0.010200 0.001736 -0.006253
v -0.010200 0.000625 -0.006470
v -0.010200 -0.001736 -0.006253
v -0.010200 -0.000625 -0.006470
v -0.010200 0.000000 -0.006470
v -0.010200 0.003009 -0.005761
v -0.010200 0.001851 -0.006231
v -0.010200 -0.001851 -0.006231
v -0.010200 0.004056 -0.005079
v -0.010200 0.003335 -0.005549
v -0.010200 -0.003335 -0.005549
v -0.010200 -0.003009 -0.005761
v -0.010200 0.004699 -0.004455
v -0.010200 -0.004056 -0.005079
v -0.010200 0.005667 -0.003183
v -0.010200 0.004953 -0.004209
v -0.010200 -0.004699 -0.004455
v -0.010200 -0.004953 -0.004209
v -0.010200 0.005729 -0.003044
v -0.010200 -0.005667 -0.003183
v -0.010200 -0.005729 -0.003044
v -0.010200 0.006317 -0.001397
v -0.010200 0.006172 -0.002040
v -0.010200 -0.006172 -0.002040
v -0.010200 0.006483 0.000345
v -0.010200 0.006448 -0.000821
v -0.010200 -0.006483 0.000345
v -0.010200 -0.006448 -0.000821
v -0.010200 -0.006317 -0.001397
v -0.010200 0.006284 0.001661
v -0.010200 0.006486 0.000428
v -0.010200 -0.006486 0.000428
v -0.010200 0.006137 0.002058
v -0.010200 0.005850 0.002833
v -0.010200 -0.006137 0.002058
v -0.010200 -0.006284 0.001661
v -0.010200 0.005366 0.003628
v -0.010200 -0.005850 0.002833
v -0.010200 -0.005200 0.003900
v -0.010200 -0.005366 0.003628
v -0.010200 0.005200 0.003900
v -0.010027 0.010315 0.014719
v -0.010027 -0.010315 0.014719
v -0.010149 -0.010200 0.016427
v -0.009739 0.010504 0.014886
v -0.010315 0.010027 0.016281
v -0.009807 0.007694 0.009244
v -0.010090 0.007167 0.009012
v -0.010099 -0.007110 0.008983
v -0.010090 -0.007167 0.009012
v -0.010105 -0.007830 0.009362
v -0.009858 0.008136 0.009475
v -0.010094 -0.008253 0.009694
v -0.009918 0.008642 0.010080
v -0.009736 0.010506 0.016792
v -0.009763 0.008566 0.009790
v -0.009918 -0.008642 0.010080
v -0.006400 0.001738 -0.006263
v -0.006400 0.000000 -0.006500
v -0.006400 -0.001738 -0.006263
v -0.006400 0.003349 -0.005571
v -0.006400 -0.003349 -0.005571
v -0.006400 0.004716 -0.004473
v -0.006400 -0.004716 -0.004473
v -0.006400 0.005740 -0.003049
v -0.006400 -0.005740 -0.003049
v -0.008769 0.006031 -0.002422
v -0.008750 0.006018 -0.002456
v -0.008489 0.005891 -0.002746
v -0.008170 0.005795 -0.002945
v -0.007914 0.005759 -0.003014
v -0.007882 0.005754 -0.003023
v -0.007914 -0.005763 -0.003007
v -0.008137 -0.005788 -0.002958
v -0.008448 -0.005876 -0.002779
v -0.008734 -0.006008 -0.002479
v -0.008768 -0.006032 -0.002418
v -0.008969 -0.006165 -0.002060
v -0.007811 -0.005751 -0.003029
v -0.009171 0.006342 -0.001423
v -0.008988 0.006179 -0.002016
v -0.009156 -0.006328 -0.001485
v -0.009277 0.006457 -0.000743
v -0.009174 0.006346 -0.001403
v -0.009170 -0.006343 -0.001403
v -0.009311 0.006500 0.000013
v -0.009272 -0.006452 -0.000791
v -0.009272 0.006452 0.000791
v -0.009295 0.006479 0.000344
v -0.009295 -0.006480 0.000344
v -0.009311 -0.006500 -0.000015
v -0.009156 0.006328 0.001485
v -0.009277 -0.006457 0.000742
v -0.008970 0.006165 0.002060
v -0.009171 -0.006342 0.001422
v -0.008768 0.006032 0.002418
v -0.008966 0.006162 0.002067
v -0.008961 -0.006161 0.002067
v -0.008989 -0.006180 0.002015
v -0.008734 0.006009 0.002479
v -0.008769 -0.006031 0.002421
v -0.007914 0.005763 0.003007
v -0.008137 0.005788 0.002958
v -0.007811 0.005751 0.003029
v -0.008449 0.005876 0.002779
v -0.006400 0.005386 0.003639
v -0.008749 -0.006017 0.002458
v -0.008488 -0.005891 0.002747
v -0.008168 -0.005794 0.002946
v -0.007914 -0.005759 0.003014
v -0.007880 -0.005754 0.003023
v -0.006400 -0.005386 0.003639
v -0.006400 -0.005200 0.003900
v -0.006400 0.005200 0.003900
v -0.006400 0.005051 0.004184
v -0.006400 0.005000 0.004500
v -0.006400 -0.005051 0.004184
v -0.006400 0.005000 0.007124
v -0.006400 -0.005000 0.004500
v -0.006400 -0.005000 0.007124
v -0.006400 0.005102 0.007565
v -0.006400 -0.005102 0.007565
v -0.006400 0.005389 0.007915
v -0.006400 -0.005389 0.007915
v -0.008894 0.006118 0.008428
v -0.008556 0.005920 0.008298
v -0.008154 0.005791 0.008210
v -0.007962 0.005771 0.008196
v -0.007766 0.005750 0.008181
v -0.009309 0.006497 0.008658
v -0.008959 0.006156 0.008453
v -0.008059 -0.005774 0.008198
v -0.008174 -0.005805 0.008220
v -0.008486 -0.005890 0.008278
v -0.008870 -0.006093 0.008412
v -0.009021 -0.006223 0.008492
v -0.009221 -0.006395 0.008599
v -0.009346 0.006555 0.008690
v -0.009548 0.006873 0.008865
v -0.009546 0.006870 0.008864
v -0.009341 -0.006555 0.008690
v -0.009467 -0.006725 0.008786
v -0.009582 -0.006982 0.008918
v -0.009739 -0.010504 0.014886
v -0.009743 -0.010514 0.016785
v -0.009746 0.007878 0.009322
v -0.009747 0.007847 0.009310
v -0.009734 -0.007912 0.009342
v -0.009858 -0.008136 0.009475
v -0.009749 -0.007802 0.009291
v -0.009807 -0.007694 0.009244
v -0.009705 0.007328 0.009088
v -0.009661 -0.007159 0.009009
v -0.009610 0.008456 0.009626
v -0.009659 0.008346 0.009552
v -0.009661 -0.008317 0.009540
v -0.009763 -0.008566 0.009790
v -0.009747 -0.007631 0.009221
v -0.009710 0.008861 0.010442
v -0.009511 0.008936 0.010156
v -0.009408 0.008856 0.009929
v -0.009449 0.008799 0.009870
v -0.009436 -0.008810 0.009887
v -0.009511 -0.008936 0.010156
v -0.009461 -0.008768 0.009852
v -0.009705 -0.008852 0.010440
v -0.009664 0.008322 0.009540
v -0.009691 -0.008234 0.009490
v -0.009749 0.007802 0.009291
v -0.009462 0.008781 0.009851
v -0.009473 0.008765 0.009835
v -0.009610 -0.008457 0.009626
v -0.009555 -0.008612 0.009719
v -0.009546 0.006870 0.011000
v -0.009748 0.007847 0.011000
v -0.009594 -0.006976 0.010300
v -0.009743 -0.007914 0.010300
v -0.008898 0.006112 0.011000
v -0.009452 0.008800 0.011000
v -0.009181 -0.010871 0.015210
v -0.009500 -0.010702 0.017000
v -0.006396 -0.006278 0.010300
v -0.009443 -0.008814 0.010300
v -0.008177 -0.005796 0.010300
v -0.009030 -0.006213 0.010300
v -0.009181 0.010871 0.015210
v -0.008771 0.010995 0.015319
v -0.009500 0.010702 0.017000
v -0.009579 0.008943 0.010461
v -0.009681 0.008885 0.010448
v -0.009136 0.009192 0.011000
v -0.008624 0.009376 0.011000
v -0.009370 -0.009076 0.010492
v -0.009575 -0.008938 0.010460
v -0.009136 0.009192 0.010518
v -0.009167 0.009161 0.010341
v -0.009241 0.009081 0.010192
v -0.009276 0.009043 0.010122
v -0.009408 -0.008856 0.009927
v -0.009358 -0.008939 0.009997
v -0.009241 -0.009079 0.010192
v -0.009376 0.008624 0.017000
v -0.008864 0.009713 0.017000
v -0.008782 0.011029 0.017000
v -0.009500 0.006782 0.020000
v -0.009500 0.007700 0.020000
v -0.009376 0.008624 0.020000
v -0.009376 -0.008624 0.017000
v -0.009500 -0.006782 0.020000
v -0.009500 -0.007700 0.020000
v -0.008864 -0.009713 0.017000
v -0.008012 -0.010563 0.017000
v -0.008782 -0.011029 0.017000
v -0.008771 -0.010995 0.015319
v -0.005906 0.006976 0.020000
v -0.009494 0.006771 0.020110
v -0.009244 0.006420 0.020000
v -0.009430 -0.006668 0.020343
v -0.009475 -0.006738 0.020222
v -0.009244 -0.006420 0.020000
v -0.009442 0.006684 0.020334
v -0.009376 -0.008624 0.020000
v -0.005761 -0.007963 0.020000
v -0.005906 -0.006976 0.020000
v -0.009437 0.006676 0.020345
v -0.007963 0.005761 0.011000
v -0.009183 -0.009145 0.010300
v -0.009200 -0.009128 0.010260
v -0.009308 0.006496 0.020589
v -0.009379 -0.006590 0.020476
v -0.009240 0.006424 0.020658
v -0.009241 -0.006422 0.020659
v -0.009192 -0.009136 0.020000
v -0.009192 0.009136 0.020000
v -0.005761 0.007963 0.020000
v -0.008800 0.009452 0.020000
v -0.009136 -0.009192 0.010518
v -0.009137 -0.009191 0.010496
v -0.008870 0.006093 -0.000177
v -0.009052 -0.006232 -0.001037
v -0.008415 0.005864 0.020000
v -0.007421 0.005777 0.020000
v -0.008415 -0.005864 0.020000
v -0.009206 -0.006380 0.020706
v -0.009199 0.006381 0.020699
v -0.009199 -0.006371 0.020715
v -0.009092 0.006268 0.020806
v -0.008919 -0.006128 0.020908
v -0.009192 0.009136 0.020482
v -0.008943 0.009579 0.020538
v -0.009192 -0.009136 0.020482
v -0.008800 -0.009452 0.020000
v -0.009076 -0.009369 0.020508
v -0.009161 0.009167 0.020659
v -0.009192 -0.009136 0.020495
v -0.009141 -0.009187 0.020710
v -0.009077 -0.009242 0.020808
v -0.008624 -0.009376 0.010300
v -0.009136 -0.009192 0.010300
v -0.009081 0.009241 0.020808
v -0.008936 0.009511 0.020844
v -0.008843 0.006081 0.020931
v -0.009043 0.009276 0.020878
v -0.008982 -0.009325 0.020955
v -0.008937 -0.009509 0.020844
v -0.008940 -0.009574 0.020540
v -0.008856 0.009408 0.021071
v -0.008856 -0.009404 0.021067
v -0.008885 0.009681 0.020552
v -0.008852 -0.009705 0.020560
v -0.008794 -0.009442 0.021121
v -0.008642 -0.009918 0.020920
v -0.008717 -0.009906 0.020592
v -0.008642 0.009918 0.020920
v -0.008625 0.009996 0.020615
v -0.008861 0.009710 0.020557
v -0.008844 -0.006082 0.020931
v -0.008012 0.010563 0.017000
v -0.008799 0.009449 0.021130
v -0.008655 -0.005967 0.020988
v -0.008794 0.006044 0.020956
v -0.007847 0.009748 0.020000
v -0.008781 0.009462 0.021149
v -0.007847 -0.009748 0.020000
v -0.008566 0.009763 0.021210
v -0.008764 -0.009462 0.021148
v -0.008500 0.005896 0.021000
v -0.007700 0.011200 0.017000
v -0.007700 0.011200 0.015500
v -0.008228 0.011160 0.015465
v -0.006924 -0.011076 0.017000
v -0.007700 -0.011200 0.017000
v -0.008228 -0.011160 0.015465
v -0.008765 0.009473 0.021165
v -0.008347 0.005841 0.000275
v -0.008346 -0.005841 -0.000275
v -0.008456 0.009610 0.021374
v -0.008623 -0.009549 0.021272
v -0.008566 -0.009763 0.021210
v -0.008627 -0.009998 0.020615
v -0.008500 -0.005896 0.021000
v -0.008296 0.010273 0.021016
v -0.008254 0.010360 0.020712
v -0.008496 0.010154 0.020647
v -0.008265 -0.010368 0.020708
v -0.008295 -0.010274 0.021016
v -0.008253 -0.010095 0.021306
v -0.007700 -0.009500 0.010300
v -0.006976 0.005906 0.011000
v -0.007700 0.009500 0.011000
v -0.008456 -0.009608 0.021373
v -0.008253 0.010094 0.021305
v -0.008313 -0.009658 0.021459
v -0.008415 0.005864 0.021000
v -0.008415 -0.005864 0.021000
v -0.008346 0.009659 0.021448
v -0.007421 -0.005777 0.020000
v -0.007421 -0.005777 0.021000
v -0.007421 0.005777 0.021000
v -0.008322 0.009664 0.021460
v -0.008136 0.009858 0.021525
v -0.007878 0.009746 0.021678
v -0.008198 -0.009699 0.021529
v -0.008135 -0.009859 0.021525
v -0.007911 0.010569 0.021133
v -0.008031 0.010550 0.020772
v -0.008005 -0.010553 0.020782
v -0.007911 -0.010569 0.021132
v -0.007907 -0.010370 0.021422
v -0.007906 0.010371 0.021422
v -0.007830 -0.010105 0.021638
v -0.007700 -0.011200 0.015500
v -0.007847 -0.009744 0.021688
v -0.007228 -0.005819 0.010300
v -0.007611 -0.005755 0.008185
v -0.007830 0.010105 0.021638
v -0.008012 0.010562 0.020778
v -0.006924 0.011076 0.017000
v -0.007843 0.010661 0.020828
v -0.007846 -0.010666 0.020827
v -0.006978 0.005911 0.008292
v -0.007330 0.005795 0.008213
v -0.007546 0.005760 -0.000072
v -0.007545 -0.005760 0.000072
v -0.007775 -0.010717 0.020847
v -0.007497 -0.010803 0.021270
v -0.007533 -0.010591 0.021560
v -0.007499 0.010802 0.021269
v -0.007509 0.010858 0.020928
v -0.007159 -0.010441 0.021923
v -0.007535 0.010590 0.021559
v -0.007539 0.005761 -0.003010
v -0.007537 -0.005761 0.003009
v -0.007847 0.009747 0.021690
v -0.006870 0.009546 0.020000
v -0.007802 0.009749 0.021709
v -0.007802 -0.009749 0.021709
v -0.006870 -0.009546 0.020000
v -0.007694 0.009807 0.021756
v -0.007695 -0.009807 0.021756
v -0.007167 -0.010090 0.021988
v -0.007159 0.010441 0.021923
v -0.007498 0.005766 0.003001
v -0.007497 -0.005766 -0.003000
v -0.007328 0.009705 0.021912
v -0.007378 -0.009715 0.021889
v -0.007399 -0.010895 0.020965
v -0.006388 -0.009214 0.010300
v -0.006782 -0.009500 0.010300
v -0.006782 -0.009500 0.011000
v -0.006782 0.009500 0.011000
v 0.007700 0.009500 0.014000
v 0.007700 -0.009500 0.014000
v 0.007700 -0.011200 0.015500
v 0.006782 -0.009500 0.011000
v 0.006000 0.011200 0.017000
v 0.007700 0.011200 0.015500
v -0.006000 0.011200 0.017000
v 0.006000 -0.011200 0.017000
v -0.006000 -0.011200 0.017000
v -0.007167 0.010090 0.021988
v -0.007229 -0.005826 0.008234
v -0.007028 0.005891 -0.002744
v -0.007219 0.005822 -0.002891
v -0.007028 0.005892 0.002743
v -0.007184 0.005832 0.002871
v -0.007028 -0.005891 0.002744
v -0.007217 -0.005822 0.002890
v -0.007028 -0.005892 -0.002743
v -0.007183 -0.005832 -0.002870
v -0.007145 0.010752 0.021717
v -0.007065 0.010973 0.021427
v -0.007145 -0.010752 0.021717
v -0.007404 0.010898 0.020963
v -0.006984 0.011059 0.021102
v -0.007218 -0.010981 0.021022
v -0.007065 -0.010973 0.021427
v -0.006509 0.006181 0.020000
v -0.006509 -0.006181 0.020000
v -0.006509 -0.006181 0.021000
v -0.006509 0.006181 0.021000
v -0.006274 0.006400 0.021000
v 0.006274 0.006400 0.021000
v -0.007400 0.000000 0.000000
v -0.007400 -0.000850 -0.002615
v -0.007400 0.000287 -0.002735
v -0.007400 0.001375 -0.002382
v -0.006400 0.000287 -0.002735
v -0.006400 -0.000850 -0.002615
v -0.007400 -0.001840 -0.002044
v -0.006400 -0.001840 -0.002044
v -0.007400 0.002225 -0.001616
v -0.006400 0.001375 -0.002382
v -0.007400 -0.002512 -0.001118
v -0.006400 -0.002512 -0.001118
v -0.007400 0.002690 -0.000572
v -0.006400 0.002225 -0.001616
v -0.007400 -0.002750 0.000000
v -0.006400 -0.002750 0.000000
v -0.007400 0.002750 0.000000
v -0.006400 0.002690 -0.000572
v -0.007400 0.002690 0.000572
v -0.006400 0.002750 0.000000
v -0.007400 -0.002512 0.001118
v -0.007400 0.000287 0.002735
v -0.007400 -0.000850 0.002615
v -0.007400 -0.001840 0.002044
v -0.007400 0.002225 0.001616
v -0.007400 0.001375 0.002382
v -0.006400 -0.002512 0.001118
v -0.006400 0.002690 0.000572
v -0.006400 -0.001840 0.002044
v -0.006400 0.002225 0.001616
v -0.006400 -0.000850 0.002615
v -0.006400 0.001375 0.002382
v -0.006400 0.000287 0.002735
v -0.006918 -0.009569 0.022111
v -0.006873 0.009548 0.022135
v -0.007110 0.010099 0.022017
v -0.007159 -0.005839 0.008243
v -0.006780 -0.006001 0.008352
v -0.006400 -0.006274 0.010000
v -0.006939 -0.011058 0.021120
v -0.007111 -0.010099 0.022017
v -0.006464 -0.010567 0.022278
v -0.006466 -0.010561 0.022281
v -0.006461 0.010566 0.022272
v -0.006457 0.010607 0.022265
v -0.006353 -0.010907 0.022086
v -0.006353 0.010907 0.022086
v -0.006626 0.011082 0.021602
v -0.006500 -0.010200 0.022340
v -0.006556 0.010191 0.022310
v -0.006623 -0.011144 0.021231
v -0.006625 -0.011081 0.021602
v -0.006920 -0.011063 0.021127
v -0.006923 0.011071 0.021124
v -0.006940 0.011067 0.021118
v -0.006887 0.005946 0.002626
v -0.006775 0.006003 -0.000339
v -0.006887 -0.005946 -0.002626
v -0.006776 -0.006003 -0.000338
v -0.006921 0.005930 -0.002662
v -0.006919 -0.005930 0.002661
v -0.006919 0.005931 0.008306
v -0.005864 0.008415 0.011000
v -0.006181 0.006509 0.011000
v -0.006420 0.009244 0.011000
v -0.006400 0.006274 0.008526
v -0.006526 0.006168 0.008460
v -0.006181 0.006509 0.010000
v -0.006400 0.006274 0.010000
v -0.006470 0.011160 0.021290
v -0.006674 0.006064 -0.002340
v -0.006673 -0.006065 0.002338
v -0.006873 -0.009541 0.022136
v -0.006611 -0.006106 -0.002228
v -0.006611 0.006106 0.002228
v -0.006870 0.009546 0.022136
v -0.006509 -0.009318 0.022335
v -0.006555 0.009346 0.022309
v -0.006112 0.008898 0.020000
v -0.006112 -0.008898 0.020000
v -0.006596 -0.009383 0.010531
v -0.006668 -0.009430 0.010657
v -0.006740 -0.009476 0.010785
v 0.006782 0.009500 0.011000
v -0.006771 0.009494 0.010890
v 0.006684 -0.009442 0.010665
v 0.006771 -0.009494 0.010890
v -0.006400 -0.006274 0.008526
v -0.006400 -0.006274 -0.001698
v -0.006400 -0.006274 0.001698
v -0.006448 -0.006231 0.001849
v -0.006548 -0.006158 0.002066
v -0.006546 0.006158 0.002066
v -0.006449 0.006231 -0.001851
v -0.006400 0.006274 0.001698
v -0.006400 0.006274 -0.001698
v -0.006684 0.009442 0.010665
v -0.006676 0.009437 0.010655
v 0.006676 -0.009437 0.010655
v 0.006738 0.009475 0.010778
v 0.006668 0.009430 0.010657
v 0.006590 0.009379 0.010524
v 0.006422 0.009241 0.010341
v -0.006496 0.009308 0.010411
v -0.006400 -0.006162 0.002067
v 0.006424 -0.009240 0.010342
v 0.006496 -0.009308 0.010411
v -0.006181 0.011132 0.021787
v -0.006360 0.011181 0.021330
v -0.006184 0.011129 0.021792
v -0.006000 -0.011200 0.021474
v -0.006183 -0.011122 0.021791
v -0.006470 -0.011158 0.021290
v -0.006203 -0.011113 0.021826
v -0.006500 0.010200 0.022340
v -0.006497 0.009309 0.022342
v -0.006400 0.006162 0.002067
v -0.005906 -0.006976 0.021000
v -0.006369 -0.009177 0.022419
v -0.006372 -0.010200 0.022424
v -0.005389 0.010200 0.023085
v -0.006175 0.008982 0.030493
v -0.006457 0.009277 0.031743
v -0.006500 0.009311 0.030986
v -0.006479 0.009295 0.030656
v -0.006448 0.010200 0.031821
v -0.006483 0.010200 0.030655
v -0.006156 0.008959 0.022547
v -0.006424 0.009240 0.010342
v -0.006284 0.010200 0.029339
v -0.006328 0.009156 0.029515
v -0.006486 0.010200 0.030572
v -0.006452 0.009272 0.030209
v -0.006418 0.010561 0.030577
v -0.006381 0.010561 0.031813
v -0.005438 -0.010561 0.022962
v -0.005303 -0.010907 0.022782
v -0.005336 0.010607 0.023016
v -0.006346 0.009174 0.032403
v -0.006317 0.010200 0.032397
v -0.005210 0.010907 0.022853
v -0.006381 0.009199 0.010301
v -0.006219 0.010561 0.029356
v -0.006194 0.010907 0.030591
v -0.006157 0.010907 0.031784
v 0.005777 0.007421 0.010000
v 0.006976 0.005906 0.010000
v 0.006976 -0.005906 0.010000
v 0.006181 0.006509 0.010000
v 0.006181 -0.006509 0.010000
v 0.005777 -0.007421 0.010000
v -0.006396 -0.006278 0.010000
v -0.005870 -0.007067 0.010000
v -0.005870 -0.007067 0.010300
v -0.005767 -0.008011 0.010300
v -0.006111 -0.008896 0.010300
v 0.006381 -0.009199 0.010301
v -0.006380 -0.009206 0.010294
v -0.006107 0.010561 0.033019
v -0.005893 0.010907 0.032948
v 0.006371 0.009199 0.010285
v 0.006128 0.008919 0.010092
v 0.006380 0.009206 0.010294
v -0.006268 0.009092 0.010194
v -0.006179 -0.008988 0.010127
v -0.006176 -0.008983 0.022535
v -0.005479 -0.010200 0.023016
v -0.006000 0.011200 0.021474
v -0.006342 0.009171 0.032423
v -0.006179 0.008988 0.033016
v -0.006172 0.010200 0.033040
v -0.006165 0.008970 0.028940
v -0.006137 0.010200 0.028942
v -0.006274 0.006400 0.022474
v -0.005389 0.006400 0.023085
v -0.006168 0.006526 0.022540
v -0.006003 0.006775 0.031339
v -0.006158 0.006546 0.028934
v -0.006274 0.006400 0.029302
v -0.006274 0.006400 0.032698
v -0.002512 0.006400 0.029881
v -0.006162 0.006400 0.028933
v -0.006231 0.006449 0.032851
v -0.002750 0.006400 0.031000
v -0.005740 0.006400 0.034049
v -0.006081 0.008843 0.010069
v -0.006064 0.006674 0.033340
v -0.005850 0.010200 0.028167
v -0.005789 0.010561 0.028197
v -0.006001 0.010907 0.029414
v -0.005122 -0.011113 0.022542
v -0.005886 0.011117 0.030612
v -0.005851 0.011117 0.031745
v -0.004877 -0.011200 0.022217
v -0.005777 0.007421 0.010000
v -0.005777 0.007421 0.011000
v -0.005375 0.011200 0.021863
v -0.004999 0.011132 0.022579
v -0.006031 0.008769 0.033422
v -0.006117 -0.008892 0.010093
v 0.006268 -0.009092 0.010194
v -0.006120 -0.008893 0.022571
v -0.004858 -0.010200 0.023547
v -0.006032 0.008768 0.028582
v -0.006162 0.008966 0.028933
v -0.005729 0.010200 0.034044
v -0.005931 0.006919 0.022694
v -0.005386 0.006400 0.027360
v -0.006106 0.006611 0.028772
v -0.005601 0.011117 0.032851
v -0.006118 0.008894 0.022572
v -0.005936 -0.008592 0.022691
v -0.005920 0.008556 0.022702
v -0.006085 -0.008841 0.010075
v 0.006081 -0.008843 0.010069
v -0.005896 -0.008500 0.010000
v -0.005976 -0.008674 0.010015
v -0.005608 0.010561 0.034150
v -0.005412 0.010907 0.034040
v -0.005946 0.006887 0.028374
v 0.006044 -0.008794 0.010044
v 0.006082 0.008844 0.010069
v -0.006044 0.008794 0.010044
v -0.005930 0.006921 0.033662
v 0.005967 0.008655 0.010012
v -0.005896 0.008500 0.010000
v -0.006009 0.008734 0.028521
v -0.005841 0.008347 0.030725
v -0.006018 0.008750 0.033456
v -0.005891 0.008489 0.033746
v -0.005876 0.008449 0.028221
v -0.005366 0.010200 0.027372
v -0.005892 0.007028 0.028257
v -0.005891 0.007028 0.033744
v -0.005587 0.010907 0.028295
v -0.005703 0.011117 0.029493
v 0.004391 0.011200 0.022754
v 0.004622 0.011200 0.022426
v 0.004171 0.011200 0.023067
v 0.005375 0.011200 0.021863
v 0.004778 0.011200 0.022293
v 0.005896 -0.008500 0.010000
v -0.005795 -0.008171 0.022787
v -0.005911 0.006978 0.022708
v -0.005791 0.008154 0.022790
v -0.005795 0.007330 0.022787
v -0.005801 -0.007300 0.021000
v 0.005801 -0.007300 0.021000
v 0.005906 -0.006976 0.021000
v 0.005896 0.008500 0.010000
v -0.005864 0.008415 0.010000
v -0.005767 -0.008011 0.010000
v -0.005143 0.011117 0.033889
v -0.005760 0.007546 0.031072
v -0.005832 0.007184 0.028129
v -0.005795 0.008170 0.033945
v -0.005822 0.007219 0.033891
v -0.005515 0.011200 0.030636
v -0.005482 0.011200 0.031698
v -0.005788 0.008137 0.028042
v 0.005864 0.008415 0.010000
v -0.005247 0.011200 0.032734
v -0.005759 0.007914 0.034014
v -0.005763 0.007914 0.027993
v -0.005766 0.007498 0.027999
v -0.005761 0.007539 0.034010
v -0.005750 -0.007736 0.022818
v -0.005801 -0.007300 0.022783
v -0.000850 -0.007300 0.028385
v -0.003722 -0.007300 0.024715
v -0.004847 -0.007300 0.023534
v -0.005773 -0.007962 0.022802
v -0.005750 0.007766 0.022819
v -0.005771 0.007962 0.022804
v -0.005131 0.010607 0.027152
v -0.005139 0.010559 0.027146
v 0.005864 -0.008415 0.010000
v -0.005751 0.007811 0.027971
v -0.005754 0.007882 0.034023
v -0.002512 0.006400 0.032118
v -0.004716 0.006400 0.035473
v -0.005667 0.010200 0.034183
v -0.005309 0.011117 0.028429
v -0.005343 0.011200 0.029588
v -0.004953 0.010200 0.035209
v -0.004902 0.010561 0.035165
v -0.004730 0.010907 0.035019
v -0.004818 0.011200 0.033707
v -0.004966 0.010907 0.027276
v -0.005447 0.011200 0.030232
v -0.005500 0.011200 0.031000
v -0.005475 0.011200 0.030639
v 0.005206 0.011200 0.032719
v -0.005411 0.011200 0.031689
v -0.005321 0.011200 0.032393
v -0.005276 0.011200 0.029606
v -0.004502 -0.010561 0.023763
v -0.004495 0.011117 0.034820
v -0.005180 0.010200 0.023304
v -0.005109 0.010607 0.023255
v -0.005102 0.006400 0.023435
v -0.005200 0.006400 0.027100
v -0.001840 0.006400 0.028956
v -0.005200 0.010200 0.027100
v -0.004778 0.011200 0.022293
v -0.005083 0.011200 0.028900
v -0.004974 0.011200 0.028591
v -0.004939 0.010907 0.023137
v -0.005194 0.011200 0.032715
v -0.004689 0.011132 0.027483
v -0.004716 0.011111 0.027463
v -0.004345 -0.010907 0.023601
v -0.004847 0.011200 0.033600
v -0.004656 0.011132 0.022939
v -0.005051 0.010200 0.026816
v -0.005051 0.006400 0.026816
v -0.005113 0.010200 0.023440
v -0.004211 0.011200 0.034579
v -0.004969 0.010607 0.026844
v -0.004136 -0.011113 0.023385
v -0.005046 0.010200 0.023576
v -0.004963 0.010607 0.023550
v -0.004767 0.010907 0.023489
v -0.005000 0.006400 0.023876
v 0.000287 0.006400 0.028265
v -0.000850 0.006400 0.028385
v -0.004923 0.011200 0.028618
v -0.005000 0.010200 0.026500
v -0.005000 0.006400 0.026500
v -0.005000 0.010200 0.023876
v -0.004913 0.010607 0.023876
v -0.004913 0.010607 0.026500
v -0.004400 0.011200 0.027700
v -0.004421 0.011195 0.027685
v -0.004855 0.010692 0.026500
v -0.004773 0.010907 0.026909
v -0.004855 0.010692 0.023876
v -0.004699 0.010200 0.035455
v -0.004437 0.011132 0.023385
v -0.004014 0.010561 0.036026
v -0.003874 0.010907 0.035850
v -0.003853 -0.011200 0.023092
v -0.004549 -0.010200 0.023811
v -0.004707 0.010907 0.023876
v -0.004707 0.010907 0.026500
v -0.004785 0.011200 0.033686
v -0.004169 0.011200 0.034545
v -0.004385 0.011200 0.022754
v -0.004446 0.011132 0.027018
v -0.004489 0.011049 0.026500
v -0.004489 0.011049 0.023876
v -0.003681 0.011117 0.035609
v -0.001840 0.006400 0.033044
v -0.003349 0.006400 0.036571
v -0.004056 0.010200 0.036079
v -0.004242 0.011200 0.022923
v -0.003722 -0.010200 0.024715
v -0.003670 -0.010561 0.024672
v -0.003449 0.011200 0.035318
v -0.004361 0.011132 0.023876
v -0.004361 0.011132 0.026500
v -0.004103 0.011200 0.027132
v -0.004000 0.011200 0.026500
v -0.004010 0.011200 0.023671
v -0.004129 0.011200 0.023288
v 0.005270 0.011200 0.032574
v 0.005424 0.011200 0.031689
v 0.005492 0.011200 0.031297
v 0.005500 0.011200 0.031000
v -0.004000 0.011200 0.023876
v -0.003494 -0.010907 0.024530
v -0.004020 0.011200 0.034754
v -0.003261 -0.011113 0.024342
v 0.005327 0.011200 0.029630
v 0.005313 0.011200 0.029596
v 0.004924 0.011200 0.028613
v 0.004818 0.011200 0.028346
v 0.004400 0.011200 0.027700
v 0.004103 0.011200 0.027132
v 0.004000 0.011200 0.026500
v 0.005455 0.011200 0.030642
v -0.003335 0.010200 0.036549
v -0.002978 0.010561 0.036701
v -0.003471 0.011200 0.035267
v -0.002874 0.010907 0.036502
v 0.004000 0.011200 0.023876
v 0.004125 0.011200 0.023284
v -0.002731 0.011117 0.036228
v -0.002944 -0.011200 0.024086
v -0.003557 -0.007300 0.025010
v -0.003557 -0.010200 0.025010
v -0.002559 0.011200 0.035899
v -0.003493 -0.010561 0.024987
v -0.003500 -0.007300 0.025343
v -0.001840 -0.007300 0.028956
v -0.003500 -0.010200 0.025343
v -0.003500 -0.007300 0.031000
v -0.002750 -0.007300 0.031000
v -0.002512 -0.007300 0.029881
v -0.003500 -0.010200 0.031000
v -0.003432 -0.010561 0.025343
v -0.003413 -0.010607 0.031000
v -0.002512 -0.007300 0.032118
v -0.003289 -0.007300 0.032197
v -0.003381 -0.010200 0.031906
v -0.003281 -0.010907 0.024912
v -0.003349 -0.010689 0.025343
v -0.003429 0.011200 0.035293
v -0.003355 -0.010692 0.031000
v -0.002533 0.011200 0.035853
v -0.003297 -0.010607 0.031883
v -0.003264 -0.010200 0.032187
v -0.003207 -0.010907 0.031000
v -0.003098 -0.010907 0.031830
v -0.003207 -0.010907 0.025343
v -0.000850 0.006400 0.033615
v -0.001738 0.006400 0.037263
v -0.003009 0.010200 0.036761
v -0.002956 -0.010607 0.032707
v -0.003031 -0.010200 0.032750
v -0.001840 -0.007300 0.033044
v -0.002681 -0.007300 0.033250
v -0.002998 -0.011113 0.024812
v -0.002992 -0.011055 0.025343
v -0.002989 -0.011049 0.031000
v -0.002764 -0.011132 0.031741
v -0.002777 -0.010907 0.032603
v -0.002660 -0.010200 0.033234
v -0.001851 0.010200 0.037231
v -0.001832 0.010561 0.037166
v -0.002614 -0.011200 0.024676
v -0.002907 -0.011113 0.025343
v -0.002861 -0.011132 0.031000
v -0.001768 0.010907 0.036950
v -0.002414 -0.010607 0.033414
v -0.002500 -0.011200 0.025343
v -0.002500 -0.011200 0.031000
v -0.001680 0.011117 0.036654
v -0.002478 -0.011132 0.032431
v -0.002268 -0.010907 0.033268
v -0.002415 -0.011200 0.031647
v -0.002750 0.007400 0.031000
v -0.002512 0.007400 0.032118
v -0.002512 0.007400 0.029881
v 0.000000 0.007400 0.031000
v -0.002512 -0.008300 0.032118
v -0.002750 -0.008300 0.031000
v 0.000000 -0.008300 0.031000
v -0.002512 -0.008300 0.029881
v -0.001574 0.011200 0.036298
v -0.001750 -0.007300 0.034031
v -0.002475 -0.010200 0.033475
v 0.006000 -0.011200 0.021474
v 0.004877 -0.011200 0.022217
v 0.003853 -0.011200 0.023092
v 0.002944 -0.011200 0.024086
v 0.002614 -0.011200 0.024676
v -0.002312 0.011200 0.035990
v -0.001840 0.007400 0.028956
v -0.001840 -0.008300 0.028956
v -0.001840 0.007400 0.033044
v -0.001840 -0.008300 0.033044
v 0.002500 -0.011200 0.025343
v 0.001250 -0.011200 0.033165
v 0.000647 -0.011200 0.033415
v 0.000000 -0.011200 0.033500
v -0.000647 -0.011200 0.033415
v -0.001250 -0.011200 0.033165
v 0.002415 -0.011200 0.031647
v 0.002165 -0.011200 0.032250
v 0.001768 -0.011200 0.032768
v 0.002500 -0.011200 0.031000
v -0.001768 -0.011200 0.032768
v -0.002165 -0.011200 0.032250
v -0.002023 -0.011132 0.033023
v -0.001750 -0.010200 0.034031
v -0.001707 -0.010607 0.033956
v -0.001555 0.011200 0.036236
v -0.001604 -0.010907 0.033777
v -0.001431 -0.011132 0.033478
v -0.001736 0.010200 0.037253
v -0.000850 0.007400 0.028385
v -0.000850 -0.008300 0.028385
v -0.000850 0.007400 0.033615
v -0.000850 -0.007300 0.033615
v -0.000850 -0.008300 0.033615
v -0.000618 0.010561 0.037403
v -0.000597 0.010907 0.037178
v -0.000567 0.011117 0.036871
v -0.000608 -0.007300 0.034447
v -0.000906 -0.010200 0.034381
v 0.000000 0.006400 0.037500
v -0.000625 0.010200 0.037470
v -0.000883 -0.010607 0.034297
v -0.000531 0.011200 0.036501
v -0.000830 -0.010907 0.034098
v -0.001052 0.011200 0.036398
v -0.000741 -0.011132 0.033764
v -0.000526 0.011200 0.036436
v -0.000604 -0.010200 0.034420
v 0.000000 -0.010607 0.034413
v 0.000000 -0.010200 0.034500
v 0.000287 0.007400 0.028265
v 0.000287 -0.007300 0.028265
v 0.000287 -0.008300 0.028265
v 0.000287 0.006400 0.033735
v 0.000287 0.007400 0.033735
v 0.000287 -0.007300 0.033735
v 0.000287 -0.008300 0.033735
v 0.000000 -0.010907 0.034207
v 0.000000 -0.011132 0.033861
v 0.000000 0.010200 0.037470
v 0.000618 0.010561 0.037403
v 0.000597 0.010907 0.037178
v 0.000608 -0.007300 0.034447
v 0.000567 0.011117 0.036871
v 0.000531 0.011200 0.036501
v 0.000277 0.011200 0.036493
v 0.000000 0.000000 0.014000
v -0.000433 0.000250 0.014000
v -0.000500 0.000000 0.014000
v -0.000433 -0.000250 0.014000
v -0.000500 0.000000 0.014500
v -0.000433 0.000250 0.014500
v -0.000433 -0.000250 0.014500
v 0.000000 0.000000 0.014500
v -0.000250 0.000433 0.014000
v -0.000250 -0.000433 0.014000
v -0.000250 0.000433 0.014500
v -0.000250 -0.000433 0.014500
v 0.000000 0.000500 0.014000
v 0.000000 -0.000500 0.014000
v 0.000000 0.000500 0.014500
v 0.000000 -0.000500 0.014500
v 0.000604 -0.010200 0.034420
v 0.000830 -0.010907 0.034098
v 0.000883 -0.010607 0.034297
v 0.002750 0.007400 0.031000
v 0.002690 0.007400 0.031572
v 0.001375 0.007400 0.028618
v 0.002225 0.007400 0.029384
v 0.002690 0.007400 0.030428
v 0.002225 0.007400 0.032616
v 0.001375 0.007400 0.033382
v 0.000433 0.000250 0.014000
v 0.000250 0.000433 0.014000
v 0.000250 -0.000433 0.014000
v 0.000433 -0.000250 0.014000
v 0.000500 0.000000 0.014000
v 0.000250 0.000433 0.014500
v 0.000433 -0.000250 0.014500
v 0.000250 -0.000433 0.014500
v 0.000433 0.000250 0.014500
v 0.000500 0.000000 0.014500
v 0.000741 -0.011132 0.033764
v 0.002750 -0.008300 0.031000
v 0.002690 -0.008300 0.030428
v 0.001375 -0.008300 0.033382
v 0.002225 -0.008300 0.032616
v 0.002690 -0.008300 0.031572
v 0.002225 -0.008300 0.029384
v 0.001375 -0.008300 0.028618
v 0.000625 0.010200 0.037470
v 0.001738 0.006400 0.037263
v 0.000524 0.011200 0.036449
v 0.001375 0.006400 0.028618
v 0.001375 -0.007300 0.028618
v 0.001375 0.006400 0.033382
v 0.001375 -0.007300 0.033382
v 0.001565 0.011200 0.036265
v 0.001574 0.011200 0.036298
v 0.001680 0.011117 0.036654
v 0.001768 0.010907 0.036950
v 0.000906 -0.010200 0.034381
v 0.001750 -0.007300 0.034031
v 0.001736 0.010200 0.037253
v 0.001832 0.010561 0.037166
v 0.001431 -0.011132 0.033478
v 0.001604 -0.010907 0.033777
v 0.001707 -0.010607 0.033956
v 0.001750 -0.010200 0.034031
v 0.002023 -0.011132 0.033023
v 0.005102 0.006400 0.023435
v 0.002225 0.006400 0.029384
v 0.003722 -0.007300 0.024715
v 0.002225 -0.007300 0.029384
v 0.003500 -0.007300 0.025343
v 0.003557 -0.007300 0.025010
v 0.002225 0.006400 0.032616
v 0.004716 0.006400 0.035473
v 0.003349 0.006400 0.036571
v 0.002225 -0.007300 0.032616
v 0.002268 -0.010907 0.033268
v 0.004161 0.011200 0.034538
v 0.004735 0.011200 0.033798
v 0.004783 0.011200 0.033688
v 0.001623 0.011200 0.036255
v 0.002559 0.011200 0.035899
v 0.002414 -0.010607 0.033414
v 0.002535 0.011200 0.035850
v 0.002731 0.011117 0.036228
v 0.002475 -0.010200 0.033475
v 0.001851 0.010200 0.037231
v 0.002681 -0.007300 0.033250
v 0.002478 -0.011132 0.032431
v 0.002874 0.010907 0.036502
v 0.002978 0.010561 0.036701
v 0.003009 0.010200 0.036761
v 0.002777 -0.010907 0.032603
v 0.002764 -0.011132 0.031741
v 0.002690 0.006400 0.030428
v 0.002690 -0.007300 0.030428
v 0.003500 -0.007300 0.031000
v 0.002690 0.006400 0.031572
v 0.005740 0.006400 0.034049
v 0.002690 -0.007300 0.031572
v 0.002956 -0.010607 0.032707
v 0.002660 -0.010200 0.033234
v 0.003031 -0.010200 0.032750
v 0.002861 -0.011132 0.031000
v 0.003098 -0.010907 0.031830
v 0.002907 -0.011113 0.025343
v 0.002998 -0.011113 0.024812
v 0.003406 0.011200 0.035264
v 0.002810 0.011200 0.035728
v 0.003449 0.011200 0.035318
v 0.003261 -0.011113 0.024342
v 0.003289 -0.007300 0.032197
v 0.002750 0.006400 0.031000
v 0.005000 0.006400 0.026500
v 0.005051 0.006400 0.026816
v 0.005000 0.006400 0.023876
v 0.005200 0.006400 0.027100
v 0.005386 0.006400 0.027360
v 0.006162 0.006400 0.028933
v 0.006274 0.006400 0.029302
v 0.006274 0.006400 0.032698
v 0.003681 0.011117 0.035609
v 0.002989 -0.011049 0.031000
v 0.003297 -0.010607 0.031883
v 0.003874 0.010907 0.035850
v 0.002992 -0.011055 0.025343
v 0.004136 -0.011113 0.023385
v 0.003264 -0.010200 0.032187
v 0.003335 0.010200 0.036549
v 0.004014 0.010561 0.036026
v 0.003207 -0.010907 0.031000
v 0.003207 -0.010907 0.025343
v 0.003281 -0.010907 0.024912
v 0.003494 -0.010907 0.024530
v 0.003355 -0.010692 0.031000
v 0.003349 -0.010689 0.025343
v 0.004345 -0.010907 0.023601
v 0.003381 -0.010200 0.031906
v 0.003493 -0.010561 0.024987
v 0.003670 -0.010561 0.024672
v 0.003413 -0.010607 0.031000
v 0.003500 -0.010200 0.031000
v 0.004056 0.010200 0.036079
v 0.003432 -0.010561 0.025343
v 0.003889 0.011200 0.034889
v 0.003500 -0.010200 0.025343
v 0.003557 -0.010200 0.025010
v 0.004211 0.011200 0.034579
v 0.003722 -0.010200 0.024715
v 0.004502 -0.010561 0.023763
v 0.004549 -0.010200 0.023811
v 0.004495 0.011117 0.034820
v 0.004847 -0.007300 0.023534
v 0.005122 -0.011113 0.022542
v 0.004730 0.010907 0.035019
v 0.004361 0.011132 0.023876
v 0.004437 0.011132 0.023385
v 0.004361 0.011132 0.026500
v 0.004902 0.010561 0.035165
v 0.004699 0.010200 0.035455
v 0.004421 0.011200 0.027684
v 0.004446 0.011132 0.027018
v 0.005303 -0.010907 0.022782
v 0.004656 0.011132 0.022939
v 0.004818 0.011200 0.033707
v 0.005438 -0.010561 0.022962
v 0.004489 0.011049 0.023876
v 0.004489 0.011049 0.026500
v 0.004974 0.011200 0.028591
v 0.004688 0.011126 0.027484
v 0.004767 0.010907 0.023489
v 0.004719 0.011117 0.027461
v 0.004773 0.010907 0.026909
v 0.004707 0.010907 0.023876
v 0.004707 0.010907 0.026500
v 0.005143 0.011117 0.033889
v 0.005479 -0.010200 0.023016
v 0.004858 -0.010200 0.023547
v 0.004999 0.011132 0.022579
v 0.004939 0.010907 0.023137
v 0.005309 0.011117 0.028429
v 0.004953 0.010200 0.035209
v 0.004855 0.010692 0.023876
v 0.004855 0.010692 0.026500
v 0.005667 0.010200 0.034183
v 0.005587 0.010907 0.028295
v 0.004966 0.010907 0.027276
v 0.005412 0.010907 0.034040
v 0.004963 0.010607 0.023550
v 0.005125 0.010602 0.027156
v 0.004969 0.010607 0.026844
v 0.005247 0.011200 0.032734
v 0.005801 -0.007300 0.022783
v 0.005752 -0.007656 0.022817
v 0.005771 -0.007963 0.022803
v 0.005907 -0.008527 0.022710
v 0.005780 -0.008093 0.022798
v 0.004913 0.010607 0.023876
v 0.004913 0.010607 0.026500
v 0.006139 -0.008935 0.022558
v 0.006116 -0.008895 0.022573
v 0.006183 -0.011122 0.021791
v 0.005608 0.010561 0.034150
v 0.005000 0.010200 0.023876
v 0.005051 0.010200 0.026816
v 0.005000 0.010200 0.026500
v 0.005109 0.010607 0.023255
v 0.005210 0.010907 0.022853
v 0.005046 0.010200 0.023576
v 0.005113 0.010200 0.023440
v 0.005146 0.010561 0.027140
v 0.005343 0.011200 0.029588
v 0.005703 0.011117 0.029493
v 0.006181 0.011132 0.021787
v 0.006000 0.011200 0.021474
v 0.006184 0.011129 0.021792
v 0.005200 0.010200 0.027100
v 0.005389 0.006400 0.023085
v 0.005180 0.010200 0.023304
v 0.005336 0.010607 0.023016
v 0.006353 -0.010907 0.022086
v 0.006203 -0.011113 0.021826
v 0.005789 0.010561 0.028197
v 0.005601 0.011117 0.032851
v 0.005366 0.010200 0.027372
v 0.005850 0.010200 0.028167
v 0.005389 0.010200 0.023085
v 0.006353 0.010907 0.022086
v 0.005482 0.011200 0.031698
v 0.006001 0.010907 0.029414
v 0.005515 0.011200 0.030636
v 0.006457 0.010607 0.022265
v 0.006461 0.010566 0.022272
v 0.005886 0.011117 0.030612
v 0.006031 0.008769 0.028579
v 0.006017 0.008749 0.028542
v 0.005891 0.008488 0.028253
v 0.005794 0.008168 0.028054
v 0.005759 0.007914 0.027986
v 0.005754 0.007880 0.027977
v 0.005761 0.007537 0.027990
v 0.005822 0.007217 0.028110
v 0.005891 0.007028 0.028256
v 0.005930 0.006919 0.028339
v 0.006065 0.006673 0.028662
v 0.005774 0.008059 0.022802
v 0.005805 0.008174 0.022780
v 0.005890 0.008486 0.022722
v 0.006093 0.008870 0.022588
v 0.006223 0.009021 0.022508
v 0.006395 0.009221 0.022401
v 0.006500 0.010200 0.022340
v 0.006274 0.006400 0.022474
v 0.006001 0.006780 0.022648
v 0.005839 0.007159 0.022757
v 0.005826 0.007229 0.022766
v 0.005755 0.007611 0.022815
v 0.005893 0.010907 0.032948
v 0.006372 -0.010200 0.022424
v 0.006466 -0.010561 0.022281
v 0.006464 -0.010567 0.022278
v 0.006368 -0.009179 0.022419
v 0.005851 0.011117 0.031745
v 0.006219 0.010561 0.029356
v 0.005729 0.010200 0.034044
v 0.006107 0.010561 0.033019
v 0.006194 0.010907 0.030591
v 0.005763 0.007914 0.034007
v 0.005788 0.008137 0.033958
v 0.005876 0.008448 0.033779
v 0.006008 0.008734 0.033480
v 0.006032 0.008768 0.033418
v 0.006165 0.008969 0.033060
v 0.006172 0.010200 0.033040
v 0.005751 0.007811 0.034029
v 0.006106 0.006611 0.033228
v 0.005946 0.006887 0.033626
v 0.005892 0.007028 0.033743
v 0.005832 0.007183 0.033870
v 0.005766 0.007497 0.034001
v 0.005760 0.007545 0.030928
v 0.005761 -0.007963 0.020000
v 0.005796 0.008177 0.020700
v 0.005819 0.007228 0.020700
v 0.005841 0.008346 0.031274
v 0.006112 -0.008898 0.020000
v 0.005906 -0.006976 0.020000
v 0.008800 -0.009452 0.020000
v 0.009376 -0.008624 0.020000
v 0.005777 0.007421 0.011000
v 0.005864 0.008415 0.011000
v 0.005777 -0.007421 0.011000
v 0.006181 -0.006509 0.011000
v 0.006181 0.006509 0.011000
v 0.005864 -0.008415 0.011000
v 0.006137 0.010200 0.028942
v 0.006213 0.009030 0.020700
v 0.006278 0.006396 0.020700
v 0.006976 0.009594 0.020700
v 0.006161 0.008961 0.028933
v 0.006157 0.010907 0.031784
v 0.006420 0.009244 0.011000
v 0.006976 -0.005906 0.011000
v 0.006420 -0.009244 0.011000
v 0.006003 0.006776 0.031338
v 0.006509 -0.006181 0.020000
v 0.006509 -0.006181 0.021000
v 0.009500 -0.006782 0.020000
v 0.009244 -0.006420 0.020000
v 0.009500 -0.007700 0.020000
v 0.006924 0.011076 0.017000
v 0.007700 0.011200 0.017000
v 0.006470 0.011158 0.021290
v 0.006623 0.011144 0.021231
v 0.007700 -0.011200 0.017000
v 0.006924 -0.011076 0.017000
v 0.006469 -0.011160 0.021290
v 0.006361 -0.011181 0.021330
v 0.006418 0.010561 0.030577
v 0.006231 0.006448 0.029151
v 0.006158 0.006548 0.028934
v 0.006232 0.009052 0.032037
v 0.006381 0.010561 0.031813
v 0.006467 -0.009285 0.022359
v 0.006870 -0.009546 0.020000
v 0.007847 -0.009748 0.020000
v 0.006284 0.010200 0.029339
v 0.006342 0.009171 0.029578
v 0.006180 0.008989 0.028985
v 0.006328 0.009156 0.032485
v 0.006317 0.010200 0.032397
v 0.006626 0.011082 0.021602
v 0.006976 0.005906 0.011000
v 0.006625 -0.011081 0.021602
v 0.006725 0.009467 0.022214
v 0.006555 0.009341 0.022310
v 0.006486 0.010200 0.030572
v 0.006457 0.009277 0.030258
v 0.006480 0.009295 0.030656
v 0.006500 0.009311 0.031015
v 0.006452 0.009272 0.031791
v 0.006343 0.009170 0.032403
v 0.006278 0.006396 0.021000
v 0.007421 -0.005777 0.021000
v 0.007067 0.005870 0.020700
v 0.009145 0.009183 0.020700
v 0.008814 0.009443 0.020700
v 0.008011 0.005767 0.020700
v 0.009376 0.008624 0.020700
v 0.009500 0.007700 0.020700
v 0.009214 0.006388 0.020700
v 0.008896 0.006111 0.020700
v 0.007914 0.009743 0.020700
v 0.007067 0.005870 0.021000
v 0.006448 0.010200 0.031821
v 0.007145 0.010752 0.021717
v 0.007065 0.010973 0.021427
v 0.007145 -0.010752 0.021717
v 0.006500 -0.010200 0.022340
v 0.006870 -0.009546 0.022136
v 0.006483 0.010200 0.030655
v 0.006556 0.010191 0.022310
v 0.007700 0.009500 0.011000
v 0.007159 0.010441 0.021923
v 0.007159 -0.010441 0.021923
v 0.006922 -0.011071 0.021124
v 0.007111 -0.010099 0.022017
v 0.006873 -0.009548 0.022135
v 0.007421 -0.005777 0.020000
v 0.006982 0.009582 0.022082
v 0.007110 0.010099 0.022017
v 0.006920 0.011063 0.021127
v 0.007065 -0.010973 0.021427
v 0.007700 -0.009500 0.011000
v 0.007328 -0.009705 0.021912
v 0.007802 -0.009749 0.021709
v 0.006938 0.011058 0.021120
v 0.006941 -0.011067 0.021118
v 0.008782 0.011029 0.017000
v 0.008012 0.010563 0.017000
v 0.007218 0.010981 0.021022
v 0.007402 0.010894 0.020964
v 0.007775 0.010717 0.020847
v 0.007845 0.010667 0.020827
v 0.008012 -0.010563 0.017000
v 0.007402 -0.010899 0.020964
v 0.006985 -0.011058 0.021101
v 0.007844 -0.010661 0.020828
v 0.007508 -0.010858 0.020928
v 0.007159 0.009661 0.021991
v 0.007802 0.009749 0.021709
v 0.007631 0.009747 0.021779
v 0.007300 0.005801 0.010000
v 0.007300 -0.005801 0.010000
v 0.007963 -0.005761 0.011000
v 0.007963 0.005761 0.011000
v 0.008624 -0.009376 0.011000
v 0.007497 -0.010803 0.021270
v 0.007499 0.010802 0.021269
v 0.007533 -0.010591 0.021560
v 0.008011 0.005767 0.021000
v 0.007167 0.010090 0.021988
v 0.007167 -0.010090 0.021988
v 0.007535 0.010590 0.021559
v 0.007830 0.010105 0.021638
v 0.007906 0.010371 0.021422
v 0.007830 -0.010105 0.021638
v 0.007695 -0.009807 0.021756
v 0.007694 0.009807 0.021756
v 0.010200 0.000000 -0.003500
v 0.007300 -0.000608 -0.003447
v 0.007300 0.000608 -0.003447
v 0.010200 0.000604 -0.003420
v 0.010200 0.000906 -0.003381
v 0.007300 0.001750 -0.003031
v 0.007300 0.000287 -0.002735
v 0.007300 -0.000850 -0.002615
v 0.010200 -0.000906 -0.003381
v 0.007300 -0.001750 -0.003031
v 0.010200 -0.000604 -0.003420
v 0.007300 -0.001840 -0.002044
v 0.010200 0.001750 -0.003031
v 0.010200 0.002475 -0.002475
v 0.007300 0.002681 -0.002250
v 0.007300 0.001375 -0.002382
v 0.010200 -0.002475 -0.002475
v 0.007300 -0.002681 -0.002250
v 0.010200 -0.001750 -0.003031
v 0.008300 -0.000850 -0.002615
v 0.008300 0.000287 -0.002735
v 0.008300 -0.001840 -0.002044
v 0.007300 0.002225 -0.001616
v 0.008300 0.001375 -0.002382
v 0.010200 0.002660 -0.002234
v 0.010200 0.003031 -0.001750
v 0.007300 0.003289 -0.001197
v 0.010200 -0.003031 -0.001750
v 0.007300 -0.003289 -0.001197
v 0.010200 -0.002660 -0.002234
v 0.007300 -0.002512 -0.001118
v 0.008300 -0.002512 -0.001118
v 0.007300 0.002690 -0.000572
v 0.008300 0.002225 -0.001616
v 0.010200 0.003264 -0.001187
v 0.010200 0.003381 -0.000906
v 0.007300 0.003500 0.000000
v 0.010200 -0.003381 -0.000906
v 0.007300 -0.003500 0.000000
v 0.010200 -0.003264 -0.001187
v 0.007300 -0.002750 0.000000
v 0.008300 -0.002750 0.000000
v 0.007300 0.002690 0.000572
v 0.008300 0.002690 -0.000572
v 0.008300 0.002750 0.000000
v 0.010200 0.003500 0.000000
v 0.010200 0.003500 0.005657
v 0.007300 0.003500 0.005657
v 0.007300 -0.002512 0.001118
v 0.008300 -0.002512 0.001118
v 0.010200 -0.003500 0.000000
v 0.007300 -0.003500 0.005657
v 0.007300 0.002225 0.001616
v 0.008300 0.002690 0.000572
v 0.007300 -0.001840 0.002044
v 0.008300 -0.001840 0.002044
v 0.007300 0.001375 0.002382
v 0.007300 0.003557 0.005990
v 0.008300 0.002225 0.001616
v 0.007300 -0.000850 0.002615
v 0.008300 -0.000850 0.002615
v 0.007300 0.000287 0.002735
v 0.007300 0.003722 0.006285
v 0.008300 0.001375 0.002382
v 0.007300 -0.003557 0.005990
v 0.007300 -0.003722 0.006285
v 0.008300 0.000287 0.002735
v 0.010200 0.003557 0.005990
v 0.010200 -0.003500 0.005657
v 0.010200 0.003722 0.006285
v 0.010200 -0.003557 0.005990
v 0.010200 0.004549 0.007189
v 0.007300 0.004847 0.007466
v 0.010200 -0.004549 0.007189
v 0.007300 -0.004847 0.007466
v 0.010200 -0.003722 0.006285
v 0.007300 0.005801 0.008217
v 0.007736 0.005750 0.008182
v 0.007962 0.005773 0.008198
v 0.010200 0.004858 0.007453
v 0.007656 -0.005752 0.008183
v 0.007300 -0.005801 0.008217
v 0.010200 -0.004858 0.007453
v 0.007963 -0.005771 0.008196
v 0.008527 -0.005907 0.008290
v 0.008093 -0.005780 0.008202
v 0.008415 -0.005864 0.020000
v 0.008415 -0.005864 0.021000
v 0.007911 -0.010569 0.021132
v 0.007907 -0.010370 0.021422
v 0.007911 0.010569 0.021133
v 0.007847 -0.009747 0.021690
v 0.008624 0.009376 0.011000
v 0.008624 0.009376 0.014000
v 0.010702 0.009500 0.014000
v 0.009425 0.010745 0.015099
v 0.009737 0.010505 0.014887
v 0.008776 0.011016 0.015337
v 0.010200 0.010149 0.014573
v 0.010514 0.009743 0.014215
v 0.008624 -0.009376 0.014000
v 0.010702 -0.009500 0.014000
v 0.010514 -0.009743 0.014215
v 0.010200 -0.010149 0.014573
v 0.009737 -0.010505 0.014887
v 0.009425 -0.010745 0.015099
v 0.008776 -0.011016 0.015337
v 0.008649 -0.011069 0.015384
v 0.008649 0.011069 0.015384
v 0.008782 -0.011029 0.017000
v 0.007912 0.009734 0.021658
v 0.008136 0.009858 0.021525
v 0.008253 0.010094 0.021305
v 0.008135 -0.009859 0.021525
v 0.007938 -0.009741 0.021652
v 0.008012 -0.010562 0.020778
v 0.008005 0.010553 0.020782
v 0.008321 -0.009664 0.021460
v 0.008349 -0.009658 0.021446
v 0.008456 -0.009611 0.021374
v 0.008765 -0.009473 0.021165
v 0.008780 -0.009462 0.021149
v 0.008296 0.010273 0.021016
v 0.008253 -0.010095 0.021306
v 0.008031 -0.010550 0.020772
v 0.008295 -0.010274 0.021016
v 0.008234 0.009691 0.021510
v 0.008810 0.009436 0.021113
v 0.008768 0.009461 0.021148
v 0.008612 0.009555 0.021281
v 0.008457 0.009610 0.021374
v 0.008317 0.009661 0.021460
v 0.008171 0.005795 0.008213
v 0.009136 0.009192 0.011000
v 0.009452 0.008800 0.011000
v 0.009748 0.007847 0.011000
v 0.009546 0.006870 0.011000
v 0.008898 0.006112 0.011000
v 0.008893 0.006120 0.008429
v 0.008592 0.005936 0.008309
v 0.008898 -0.006112 0.011000
v 0.009546 -0.006870 0.011000
v 0.009452 -0.008800 0.011000
v 0.009748 -0.007847 0.011000
v 0.008264 0.010369 0.020708
v 0.008500 0.005896 0.021000
v 0.008500 -0.005896 0.021000
v 0.009500 0.010702 0.017000
v 0.008864 0.009713 0.017000
v 0.008628 0.009997 0.020615
v 0.008716 0.009907 0.020592
v 0.008864 -0.009713 0.017000
v 0.008625 -0.009997 0.020616
v 0.008496 -0.010154 0.020647
v 0.008253 -0.010361 0.020713
v 0.008566 -0.009763 0.021210
v 0.008642 -0.009918 0.020920
v 0.008566 0.009763 0.021210
v 0.008642 0.009918 0.020920
v 0.008300 0.000000 0.000000
v 0.009092 -0.006268 0.020806
v 0.008843 -0.006081 0.020931
v 0.008794 -0.006044 0.020956
v 0.009240 -0.006424 0.020658
v 0.009199 -0.006381 0.020699
v 0.008674 0.005976 0.020985
v 0.008895 -0.006116 0.008427
v 0.008799 -0.009449 0.021130
v 0.009136 -0.009192 0.011000
v 0.009713 -0.008864 0.014000
v 0.009713 0.008864 0.014000
v 0.008937 -0.009509 0.020844
v 0.008861 -0.009710 0.020557
v 0.008857 -0.009407 0.021069
v 0.008936 0.009511 0.020844
v 0.008841 0.006085 0.020925
v 0.008852 0.009705 0.020560
v 0.009500 -0.010702 0.017000
v 0.009043 -0.009275 0.020878
v 0.009081 -0.009241 0.020808
v 0.009161 -0.009167 0.020659
v 0.009192 -0.009136 0.020482
v 0.009192 -0.009136 0.020000
v 0.008856 0.009408 0.021073
v 0.009128 0.009200 0.020740
v 0.009079 0.009241 0.020808
v 0.008939 0.009358 0.021003
v 0.008892 0.006117 0.020907
v 0.008938 0.009575 0.020540
v 0.008885 -0.009681 0.020552
v 0.009376 0.008624 0.017000
v 0.009076 0.009370 0.020508
v 0.009376 -0.008624 0.017000
v 0.008944 -0.009577 0.020538
v 0.008988 0.006179 0.020873
v 0.008983 0.006176 0.008465
v 0.008935 -0.006139 0.008442
v 0.009206 0.006380 0.020706
v 0.009318 0.006509 0.008665
v 0.009177 0.006369 0.008581
v 0.009179 -0.006368 0.008581
v 0.009285 -0.006467 0.008641
v 0.010200 -0.005479 0.007984
v 0.010200 0.006372 0.008576
v 0.010200 0.005479 0.007984
v 0.009191 0.009137 0.020504
v 0.009192 0.009136 0.020482
v 0.009369 0.009076 0.010492
v 0.009136 0.009192 0.010518
v 0.009136 0.009192 0.010505
v 0.009577 -0.008944 0.010462
v 0.009136 -0.009192 0.010518
v 0.009167 -0.009161 0.010341
v 0.009187 0.009141 0.010290
v 0.009242 0.009077 0.010192
v 0.009192 0.009136 0.020700
v 0.009241 -0.009081 0.010192
v 0.009509 -0.008937 0.010156
v 0.010200 -0.006372 0.008576
v 0.009383 0.006596 0.020469
v 0.009500 0.006782 0.020700
v 0.009308 -0.006496 0.020589
v 0.009430 0.006668 0.020343
v 0.009275 -0.009043 0.010122
v 0.009509 0.008937 0.010156
v 0.009325 0.008982 0.010045
v 0.009494 -0.006771 0.020110
v 0.009437 -0.006676 0.020345
v 0.009407 -0.008857 0.009931
v 0.009546 -0.006870 0.008864
v 0.010200 0.006500 0.008660
v 0.009541 0.006873 0.008864
v 0.009404 0.008856 0.009933
v 0.009574 0.008940 0.010460
v 0.009500 0.007700 0.017000
v 0.009500 -0.007700 0.017000
v 0.009442 0.008794 0.009879
v 0.009918 -0.008642 0.010080
v 0.009449 -0.008799 0.009870
v 0.009736 0.010506 0.016792
v 0.009743 -0.010514 0.016785
v 0.009476 0.006740 0.020215
v 0.009442 -0.006684 0.020334
v 0.009500 0.006782 0.020000
v 0.009918 0.008642 0.010080
v 0.009462 0.008764 0.009852
v 0.009462 -0.008780 0.009851
v 0.009763 -0.008566 0.009790
v 0.009763 0.008566 0.009790
v 0.009549 0.008623 0.009727
v 0.009473 -0.008765 0.009835
v 0.009611 -0.008456 0.009626
v 0.011200 -0.007700 0.015500
v 0.011200 0.007700 0.015500
v 0.011160 0.008228 0.015535
v 0.010995 0.008771 0.015681
v 0.010871 0.009181 0.015790
v 0.010504 0.009739 0.016114
v 0.010315 0.010027 0.016281
v 0.010745 -0.009425 0.015901
v 0.011016 -0.008776 0.015662
v 0.010149 -0.010200 0.016427
v 0.010505 -0.009737 0.016113
v 0.009705 0.008852 0.010440
v 0.009906 0.008717 0.010408
v 0.009997 -0.008625 0.010384
v 0.009710 -0.008861 0.010442
v 0.009681 -0.008885 0.010448
v 0.009569 0.006918 0.008889
v 0.010200 -0.006500 0.008660
v 0.009548 -0.006873 0.008865
v 0.009749 0.007802 0.009291
v 0.009715 0.007378 0.009111
v 0.009705 -0.007328 0.009088
v 0.009749 -0.007802 0.009291
v 0.010099 -0.007111 0.008983
v 0.009608 0.008456 0.009627
v 0.010090 0.007167 0.009012
v 0.010099 0.007111 0.008983
v 0.009658 0.008313 0.009541
v 0.010095 -0.008253 0.009694
v 0.009658 -0.008349 0.009554
v 0.009664 -0.008321 0.009540
v 0.009859 -0.008135 0.009475
v 0.010095 0.008253 0.009694
v 0.009859 0.008135 0.009475
v 0.009699 0.008198 0.009471
v 0.009741 -0.007938 0.009348
v 0.009744 0.007847 0.009312
v 0.009807 -0.007695 0.009244
v 0.010090 -0.007167 0.009012
v 0.010563 0.008012 0.014000
v 0.010563 -0.008012 0.014000
v 0.011029 -0.008782 0.014000
v 0.009807 0.007695 0.009244
v 0.010105 -0.007830 0.009362
v 0.009747 -0.007847 0.009310
v 0.010105 0.007830 0.009362
v 0.010274 -0.008295 0.009984
v 0.010441 -0.007159 0.009077
v 0.010370 -0.007907 0.009578
v 0.009998 0.008627 0.010385
v 0.010368 0.008265 0.010292
v 0.010274 0.008295 0.009984
v 0.010361 -0.008253 0.010287
v 0.010154 -0.008496 0.010353
v 0.010441 0.007159 0.009077
v 0.010370 0.007907 0.009578
v 0.010569 -0.007911 0.009868
v 0.010561 0.006466 0.008719
v 0.010591 -0.007533 0.009440
v 0.010607 0.000000 -0.003413
v 0.010607 0.000883 -0.003297
v 0.010607 -0.000883 -0.003297
v 0.010607 0.001707 -0.002956
v 0.010607 0.002414 -0.002414
v 0.010607 -0.001707 -0.002956
v 0.010607 -0.002414 -0.002414
v 0.010607 0.002956 -0.001707
v 0.010607 0.003297 -0.000883
v 0.010607 -0.002956 -0.001707
v 0.010607 -0.003297 -0.000883
v 0.010607 0.003413 0.000000
v 0.010607 -0.003413 0.000000
v 0.010561 -0.003432 0.005657
v 0.010561 0.003432 0.005657
v 0.010561 0.003493 0.006013
v 0.010561 0.003670 0.006328
v 0.010561 -0.003493 0.006013
v 0.010561 0.004502 0.007237
v 0.010561 -0.003670 0.006328
v 0.010561 -0.004502 0.007237
v 0.010561 0.005438 0.008038
v 0.010561 -0.005438 0.008038
v 0.010561 -0.006466 0.008719
v 0.010553 0.008005 0.010218
v 0.010569 0.007911 0.009868
v 0.010550 -0.008031 0.010228
v 0.010591 0.007533 0.009440
v 0.010803 -0.007497 0.009730
v 0.010752 0.007145 0.009283
v 0.010567 0.006464 0.008722
v 0.010567 -0.006464 0.008722
v 0.010752 -0.007145 0.009283
v 0.010562 -0.008012 0.010222
v 0.010666 0.007846 0.010173
v 0.010692 0.003355 0.000000
v 0.010689 0.003349 0.005657
v 0.010689 -0.003349 0.005657
v 0.010907 0.003281 0.006088
v 0.010907 0.003494 0.006469
v 0.010907 -0.003281 0.006088
v 0.010907 0.004345 0.007399
v 0.010907 -0.003494 0.006469
v 0.010907 0.005303 0.008218
v 0.010907 -0.004345 0.007399
v 0.010907 -0.006353 0.008914
v 0.010907 -0.005303 0.008218
v 0.010661 -0.007844 0.010172
v 0.011076 0.006924 0.014000
v 0.011076 -0.006924 0.014000
v 0.011029 0.008782 0.014000
v 0.011200 -0.007700 0.014000
v 0.010907 0.006353 0.008914
v 0.010717 0.007775 0.010153
v 0.010803 0.007497 0.009730
v 0.010858 -0.007508 0.010072
v 0.010973 -0.007065 0.009573
v 0.010907 0.000000 -0.003207
v 0.010907 0.000830 -0.003098
v 0.010907 0.001604 -0.002777
v 0.010907 -0.000830 -0.003098
v 0.010907 0.002268 -0.002268
v 0.010907 -0.001604 -0.002777
v 0.010907 0.002777 -0.001604
v 0.010907 -0.002268 -0.002268
v 0.010907 0.003098 -0.000830
v 0.010907 -0.002777 -0.001604
v 0.010692 -0.003355 0.000000
v 0.010907 -0.003098 -0.000830
v 0.010907 0.003207 0.000000
v 0.010907 0.003207 0.005657
v 0.010907 -0.003207 0.005657
v 0.010907 -0.003207 0.000000
v 0.010895 0.007399 0.010035
v 0.011081 -0.006625 0.009398
v 0.010973 0.007065 0.009573
v 0.010981 0.007218 0.009978
v 0.010899 -0.007402 0.010036
v 0.011058 -0.006985 0.009899
v 0.011132 0.000741 -0.002764
v 0.011132 0.000000 -0.002861
v 0.011132 0.001431 -0.002478
v 0.011132 -0.000741 -0.002764
v 0.011132 0.002023 -0.002023
v 0.011132 -0.001431 -0.002478
v 0.011132 0.002478 -0.001431
v 0.011132 -0.002023 -0.002023
v 0.011132 0.002764 -0.000741
v 0.011132 -0.002478 -0.001431
v 0.011049 0.002989 0.000000
v 0.011132 -0.002764 -0.000741
v 0.011049 -0.002989 0.000000
v 0.011055 -0.002992 0.005657
v 0.011055 0.002992 0.005657
v 0.011113 0.003261 0.006658
v 0.011113 0.002998 0.006188
v 0.011113 -0.002998 0.006188
v 0.011113 0.004136 0.007615
v 0.011113 -0.003261 0.006658
v 0.011113 0.005122 0.008458
v 0.011113 -0.004136 0.007615
v 0.011113 0.006203 0.009174
v 0.011113 -0.005122 0.008458
v 0.011081 0.006625 0.009398
v 0.011113 -0.006203 0.009174
v 0.011144 0.006623 0.009769
v 0.011063 0.006920 0.009873
v 0.011058 0.006939 0.009880
v 0.011067 -0.006941 0.009882
v 0.011071 -0.006922 0.009876
v 0.011069 -0.008649 0.015616
v 0.011200 0.007700 0.014000
v 0.011132 0.002861 0.000000
v 0.011132 -0.002861 0.000000
v 0.011113 -0.002907 0.005657
v 0.011113 0.002907 0.005657
v 0.011160 -0.006469 0.009710
v 0.011200 0.006000 0.014000
v 0.011200 -0.006000 0.014000
v 0.011200 0.006000 0.009526
v 0.011122 0.006183 0.009209
v 0.011158 0.006470 0.009710
v 0.011122 -0.006183 0.009209
v 0.011181 -0.006361 0.009670
v 0.011200 0.002500 0.000000
v 0.011200 0.002500 0.005657
v 0.011200 0.002614 0.006324
v 0.011200 -0.002500 0.005657
v 0.011200 0.002944 0.006914
v 0.011200 -0.002614 0.006324
v 0.011200 0.003853 0.007908
v 0.011200 -0.002944 0.006914
v 0.011200 0.004877 0.008783
v 0.011200 -0.003853 0.007908
v 0.011200 -0.004877 0.008783
v 0.011200 -0.006000 0.009526
v 0.011200 0.000647 -0.002415
v 0.011200 0.000000 -0.002500
v 0.011200 0.001250 -0.002165
v 0.011200 -0.000647 -0.002415
v 0.011200 0.001768 -0.001768
v 0.011200 -0.001250 -0.002165
v 0.011200 0.002165 -0.001250
v 0.011200 -0.001768 -0.001768
v 0.011200 0.002415 -0.000647
v 0.011200 -0.002165 -0.001250
v 0.011200 -0.002415 -0.000647
v 0.011200 -0.002500 0.000000
vn -1.0000 -0.0000 -0.0000
vn -1.0000 -0.0012 -0.0068
vn -0.9990 -0.0000 -0.0443
vn -1.0000 0.0004 -0.0055
vn -1.0000 -0.0013 -0.0068
vn -0.9999 -0.0019 -0.0106
vn -0.9461 0.0619 -0.3180
vn -1.0000 0.0017 -0.0053
vn -0.9999 -0.0063 -0.0156
vn -1.0000 -0.0027 -0.0061
vn -0.9989 0.0177 -0.0435
vn -1.0000 0.0036 -0.0058
vn -1.0000 -0.0026 -0.0058
vn -0.9981 -0.0339 -0.0519
vn -1.0000 -0.0032 -0.0041
vn -0.9999 0.0061 -0.0093
vn -0.9999 0.0059 -0.0095
vn -0.9999 0.0107 -0.0115
vn -0.9782 -0.1448 -0.1490
vn -1.0000 -0.0044 -0.0034
vn -0.9990 0.0319 -0.0328
vn -1.0000 0.0055 -0.0039
vn -1.0000 -0.0083 -0.0036
vn -0.9998 -0.0184 -0.0127
vn -1.0000 -0.0083 -0.0037
vn -1.0000 -0.0075 -0.0033
vn -1.0000 0.0073 -0.0051
vn -1.0000 0.0074 -0.0054
vn -0.9998 0.0189 -0.0083
vn -1.0000 0.0059 -0.0023
vn -1.0000 -0.0076 -0.0033
vn -1.0000 0.0055 -0.0022
vn -0.9996 -0.0258 -0.0058
vn -1.0000 -0.0060 -0.0010
vn -0.9961 0.0866 -0.0195
vn -1.0000 0.0050 -0.0006
vn -1.0000 -0.0059 -0.0010
vn -0.9974 -0.0727 -0.0020
vn -0.9904 -0.1383 -0.0042
vn -0.9951 0.0991 -0.0030
vn -1.0000 0.0090 0.0006
vn -1.0000 -0.0060 0.0008
vn -1.0000 -0.0059 0.0008
vn -0.9833 0.1794 0.0294
vn -1.0000 0.0050 0.0014
vn -0.9999 -0.0152 0.0025
vn -0.9999 -0.0108 0.0043
vn -0.9999 -0.0110 0.0041
vn -1.0000 -0.0061 0.0024
vn -0.9971 0.0717 0.0264
vn -1.0000 0.0054 0.0031
vn -0.9981 -0.0520 0.0316
vn -0.9999 -0.0111 0.0072
vn -0.9828 0.1554 0.0997
vn -0.9825 0.1648 0.0864
vn -0.9999 -0.0118 0.0062
vn -0.9825 0.1837 0.0298
vn -0.9825 0.1649 0.0864
vn -0.9823 -0.1625 0.0933
vn -0.9825 -0.1837 0.0298
vn -0.9830 0.1838 -0.0000
vn -0.9830 -0.1838 -0.0000
vn -0.9829 0.1838 -0.0091
vn -0.9792 -0.1987 -0.0420
vn -0.9826 -0.1837 -0.0282
vn -0.9788 0.1957 -0.0605
vn -0.9844 0.1738 -0.0267
vn -0.9788 -0.1675 -0.1179
vn -0.9845 -0.1576 -0.0774
vn -0.9792 0.1547 -0.1316
vn -0.9845 0.1576 -0.0774
vn -0.9829 -0.1196 -0.1399
vn -0.9844 -0.1274 -0.1213
vn -0.9826 0.1346 -0.1282
vn -0.9829 0.1074 -0.1492
vn -0.9829 -0.1074 -0.1492
vn -0.9829 0.0972 -0.1561
vn -0.9850 0.0962 -0.1435
vn -0.9866 -0.0862 -0.1384
vn -0.9987 0.0513 -0.0000
vn -0.9828 0.1099 -0.1488
vn -0.9960 -0.0893 -0.0000
vn -0.9829 -0.1026 -0.1530
vn -0.9815 -0.1393 -0.1315
vn -0.0000 -0.0000 -1.0000
vn -0.9911 0.1331 0.0053
vn -0.9819 0.1889 0.0115
vn -0.9960 -0.0891 -0.0000
vn -0.9911 -0.1331 0.0065
vn -0.9877 0.1564 -0.0000
vn -0.9876 -0.1564 -0.0118
vn -0.9906 -0.1368 -0.0000
vn -0.9953 0.0792 -0.0566
vn -0.6616 -0.0001 0.7498
vn -0.6616 -0.0000 0.7498
vn -0.9760 0.0416 -0.2135
vn -0.9760 0.0416 -0.2136
vn -0.9760 -0.0000 -0.2176
vn -0.9760 -0.0416 -0.2136
vn -0.9760 0.0817 -0.2016
vn -0.9760 -0.0416 -0.2135
vn -0.9760 -0.0817 -0.2016
vn -0.9761 0.1188 -0.1822
vn -0.9760 0.1188 -0.1823
vn -0.9760 -0.1188 -0.1823
vn -0.9760 0.1515 -0.1562
vn -0.9761 0.1515 -0.1561
vn -0.9761 -0.1188 -0.1822
vn -0.9761 -0.1515 -0.1561
vn -0.9760 0.1786 -0.1243
vn -0.9760 -0.1515 -0.1562
vn -0.9760 -0.1786 -0.1243
vn -0.9761 0.1990 -0.0878
vn -0.9760 0.1991 -0.0878
vn -0.9760 -0.1991 -0.0878
vn -0.9760 0.2122 -0.0481
vn -0.9761 -0.1990 -0.0878
vn -0.9760 -0.2122 -0.0481
vn -0.9761 0.2174 -0.0066
vn -0.9760 0.2175 -0.0066
vn -0.9760 -0.2175 -0.0066
vn -0.9761 0.2147 0.0351
vn -0.9760 0.2147 0.0351
vn -0.9761 -0.2147 0.0351
vn -0.9760 0.2040 0.0756
vn -0.9761 0.2040 0.0756
vn -0.9761 -0.2040 0.0755
vn -0.9829 0.1551 0.0995
vn -0.9762 0.1885 0.1077
vn -0.9760 -0.1858 0.1132
vn -0.9760 -0.2040 0.0756
vn -0.9751 -0.2021 0.0911
vn -0.9671 0.1838 -0.1760
vn -0.9640 0.2349 -0.1246
vn -0.9584 0.2848 0.0208
vn -0.9812 0.1932 -0.0013
vn -0.9640 0.2350 -0.1246
vn -0.9730 -0.1742 -0.1514
vn -0.9749 -0.1509 -0.1635
vn -0.9642 -0.2653 -0.0033
vn -0.9430 -0.3049 -0.1337
vn -0.9427 -0.2945 -0.1571
vn -0.8369 0.4639 0.2904
vn -0.8345 0.4880 0.2557
vn -0.8345 0.5439 0.0883
vn -0.8345 0.4881 0.2558
vn -0.9752 -0.2017 0.0909
vn -0.8333 -0.4828 0.2694
vn -0.8345 -0.5439 0.0883
vn -0.8377 0.5461 -0.0000
vn -0.8378 -0.5460 -0.0000
vn -0.8377 -0.5461 -0.0000
vn -0.8378 0.5460 -0.0000
vn -0.8348 0.5441 -0.0835
vn -0.8348 -0.5441 -0.0835
vn -0.8348 0.5442 -0.0835
vn -0.8348 0.4942 -0.2428
vn -0.8348 -0.5442 -0.0835
vn -0.8348 -0.4942 -0.2428
vn -0.8348 0.3987 -0.3797
vn -0.8348 0.3987 -0.3798
vn -0.8348 -0.3987 -0.3797
vn -0.8372 0.3045 -0.4543
vn -0.8372 -0.3044 -0.4543
vn -0.8372 -0.3046 -0.4543
vn -0.8377 0.2886 -0.4637
vn -0.8377 -0.2886 -0.4637
vn -0.8376 0.2887 -0.4638
vn -0.8372 -0.3045 -0.4543
vn -0.8376 -0.2887 -0.4638
vn -0.9760 -0.1859 0.1132
vn -0.8254 0.1080 -0.5542
vn -0.8254 -0.0000 -0.5646
vn -0.8254 -0.1081 -0.5542
vn -0.8254 0.2121 -0.5232
vn -0.8254 0.2121 -0.5233
vn -0.8254 -0.1080 -0.5542
vn -0.8254 -0.2121 -0.5233
vn -0.8254 0.3083 -0.4730
vn -0.8254 -0.2121 -0.5232
vn -0.8254 -0.3083 -0.4730
vn -0.8254 0.3931 -0.4053
vn -0.8254 0.3931 -0.4052
vn -0.8254 -0.3931 -0.4053
vn -0.8254 0.4634 -0.3225
vn -0.8254 -0.4634 -0.3225
vn -0.8254 0.5166 -0.2279
vn -0.8254 -0.5166 -0.2279
vn -0.8254 0.5506 -0.1248
vn -0.8254 -0.5506 -0.1248
vn -0.8254 0.5643 -0.0172
vn -0.8254 -0.5643 -0.0172
vn -0.8253 0.5572 0.0911
vn -0.8254 0.5572 0.0911
vn -0.8254 -0.5572 0.0911
vn -0.8254 0.5294 0.1961
vn -0.8253 0.5295 0.1961
vn -0.8253 -0.5572 0.0912
vn -0.8253 -0.5295 0.1961
vn -0.8368 0.4641 0.2905
vn -0.8254 0.4822 0.2938
vn -0.8254 -0.5295 0.1961
vn -0.8254 -0.4822 0.2938
vn -0.8231 -0.5030 0.2635
vn -0.8253 -0.4822 0.2938
vn -0.8344 0.4882 0.2558
vn -0.9409 0.2966 -0.1635
vn -0.7817 0.3867 -0.4893
vn -0.7790 0.3836 -0.4960
vn -0.7756 -0.3885 -0.4975
vn -0.9341 0.3569 0.0014
vn -0.9048 0.4258 0.0042
vn -0.8647 0.5016 0.0268
vn -0.9340 0.3572 0.0014
vn -0.9811 0.1934 -0.0013
vn -0.9642 -0.2652 -0.0033
vn -0.9044 -0.4266 0.0099
vn -0.9043 -0.4267 0.0100
vn -0.8209 -0.5690 0.0492
vn -0.9048 -0.4258 0.0057
vn -0.9642 -0.2651 -0.0033
vn -0.9491 0.2544 -0.1859
vn -0.9239 -0.3824 0.0084
vn -0.9491 0.2544 -0.1858
vn -0.9430 -0.3049 -0.1336
vn -0.9034 0.4066 -0.1363
vn -0.9030 0.3985 -0.1605
vn -0.9430 -0.3050 -0.1335
vn -0.8348 0.5442 -0.0834
vn -0.8348 -0.5442 -0.0834
vn -0.9100 0.4142 0.0206
vn -0.9101 -0.4142 0.0084
vn -0.9223 -0.3865 -0.0060
vn -0.9536 0.2989 -0.0370
vn -0.6616 0.0001 0.7499
vn -0.8813 -0.4568 -0.1207
vn -0.8923 -0.4162 -0.1748
vn -0.7397 0.4681 -0.4835
vn -0.7527 0.4913 -0.4383
vn -0.7827 -0.3821 -0.4913
vn -0.7612 -0.4651 -0.4520
vn -0.5443 0.1605 -0.8234
vn -0.5443 -0.0000 -0.8389
vn -0.5443 -0.1605 -0.8234
vn -0.5443 0.3151 -0.7775
vn -0.5443 -0.3151 -0.7775
vn -0.5443 0.4581 -0.7028
vn -0.5443 -0.4581 -0.7028
vn -0.5443 0.5841 -0.6021
vn -0.5443 0.5841 -0.6022
vn -0.5443 -0.5841 -0.6021
vn -0.5443 0.6885 -0.4792
vn -0.5443 -0.6885 -0.4792
vn -0.5442 0.7675 -0.3387
vn -0.5443 0.7675 -0.3386
vn -0.5443 -0.7675 -0.3386
vn -0.5443 0.8182 -0.1855
vn -0.5442 0.8182 -0.1855
vn -0.5442 -0.7675 -0.3386
vn -0.5442 -0.8182 -0.1855
vn -0.5442 0.8385 -0.0255
vn -0.5443 0.8385 -0.0255
vn -0.5443 -0.8182 -0.1855
vn -0.5443 -0.8385 -0.0255
vn -0.5443 0.8279 0.1354
vn -0.5442 0.8279 0.1354
vn -0.5442 -0.8385 -0.0255
vn -0.5442 -0.8279 0.1354
vn -0.5442 0.7867 0.2914
vn -0.5443 0.7867 0.2914
vn -0.5443 -0.8279 0.1354
vn -0.5443 -0.7867 0.2914
vn -0.5648 0.7047 0.4294
vn -0.5445 0.7200 0.4302
vn -0.5442 -0.7164 0.4365
vn -0.5442 -0.7867 0.2914
vn -0.5616 0.7329 0.3841
vn -0.5615 0.7330 0.3840
vn -0.5410 -0.7450 0.3903
vn -0.5615 0.8168 0.1326
vn -0.5614 0.8169 0.1325
vn -0.5632 -0.7434 0.3607
vn -0.5614 -0.8169 0.1325
vn -0.5615 -0.8168 0.1326
vn -0.5664 0.8241 -0.0000
vn -0.5664 -0.8241 -0.0000
vn -0.5619 0.8176 -0.1254
vn -0.5619 -0.8176 -0.1254
vn -0.5620 0.7423 -0.3648
vn -0.5621 0.7423 -0.3647
vn -0.5621 0.8175 -0.1255
vn -0.5621 -0.8175 -0.1255
vn -0.5621 -0.7423 -0.3648
vn -0.5620 0.5989 -0.5705
vn -0.5620 -0.7423 -0.3647
vn -0.5620 -0.5989 -0.5705
vn -0.5656 0.4592 -0.6850
vn -0.5657 0.4592 -0.6850
vn -0.5656 -0.4592 -0.6850
vn -0.5663 0.4366 -0.6990
vn -0.5657 -0.4592 -0.6850
vn -0.5663 -0.4366 -0.6990
vn -0.8813 -0.4569 -0.1206
vn -0.8353 0.5497 -0.0000
vn -0.7848 0.6187 0.0359
vn -0.8375 0.5244 -0.1535
vn -0.8356 0.5326 -0.1347
vn -0.6866 0.5470 -0.4790
vn -0.6947 0.5709 -0.4376
vn -0.7059 -0.5481 -0.4487
vn -0.8303 -0.5283 -0.1774
vn -0.7291 -0.4953 -0.4723
vn -0.4955 0.4957 -0.7132
vn -0.5023 0.4709 -0.7252
vn -0.5023 -0.4709 -0.7252
vn -0.4955 -0.4957 -0.7132
vn -0.7927 -0.6096 -0.0001
vn -0.7731 -0.6343 0.0073
vn -0.7919 -0.5979 -0.1244
vn -0.0000 -0.6616 -0.7499
vn -0.0000 0.6616 -0.7499
vn -0.5618 0.8166 0.1325
vn -0.5667 0.8239 -0.0000
vn -0.5664 -0.8242 -0.0000
vn -0.5667 -0.8239 -0.0000
vn -0.5618 -0.8166 0.1325
vn -0.5664 0.8242 -0.0000
vn -0.5619 0.8176 -0.1255
vn -0.5623 -0.8174 -0.1254
vn -0.8148 -0.5797 -0.0034
vn -0.7920 -0.5978 -0.1244
vn -0.8614 0.5079 -0.0005
vn -0.8358 0.5324 -0.1344
vn -0.2073 0.8316 0.5152
vn -0.2053 0.8669 0.4542
vn -0.2055 0.8669 0.4542
vn -0.2055 0.9660 0.1568
vn -0.2055 0.9660 0.1567
vn -0.2046 -0.8547 0.4772
vn -0.5388 -0.7577 0.3682
vn -0.2055 -0.9660 0.1567
vn -0.2080 0.9781 -0.0000
vn -0.2080 -0.9781 -0.0000
vn -0.2055 -0.9660 0.1568
vn -0.2057 0.9673 -0.1483
vn -0.2057 -0.9673 -0.1484
vn -0.2057 0.8785 -0.4311
vn -0.2057 0.8783 -0.4316
vn -0.2057 -0.9673 -0.1483
vn -0.2057 -0.8783 -0.4316
vn -0.2057 0.7086 -0.6750
vn -0.2057 0.8784 -0.4315
vn -0.2057 0.7086 -0.6749
vn -0.2057 -0.8784 -0.4315
vn -0.2057 -0.7086 -0.6750
vn -0.2075 0.5447 -0.8126
vn -0.2074 0.5447 -0.8126
vn -0.2074 -0.5447 -0.8126
vn -0.2075 -0.5447 -0.8126
vn -0.2081 0.4668 -0.8595
vn -0.2082 -0.4668 -0.8595
vn -0.5441 -0.7165 0.4366
vn -0.4393 0.5273 -0.7273
vn -0.4402 0.5293 -0.7253
vn -0.6734 -0.5704 -0.4702
vn -0.4422 -0.5281 -0.7250
vn -0.8356 0.5327 -0.1346
vn -0.7555 0.6322 -0.1720
vn -0.6223 0.6220 -0.4753
vn -0.6257 0.6453 -0.4383
vn -0.6389 -0.6261 -0.4470
vn -0.7660 -0.6287 -0.1339
vn -0.2076 0.5447 -0.8126
vn -0.1726 0.4649 -0.8684
vn -0.2080 0.4834 -0.8503
vn -0.2081 0.4836 -0.8502
vn -0.2076 -0.5447 -0.8126
vn -0.2081 -0.4836 -0.8502
vn -0.2048 -0.4667 -0.8604
vn -0.6393 0.7684 0.0300
vn -0.7071 0.7071 0.0090
vn -0.7607 0.6491 0.0006
vn -0.7608 0.6490 0.0005
vn -0.8615 0.5078 -0.0005
vn -0.7010 -0.7131 0.0116
vn -0.7071 -0.7071 0.0093
vn -0.1830 0.1881 -0.9649
vn -0.1829 0.1881 -0.9650
vn -0.1829 -0.0000 -0.9831
vn -0.1830 -0.1881 -0.9649
vn -0.1829 -0.1881 -0.9650
vn -0.1830 0.3693 -0.9111
vn -0.1830 -0.3693 -0.9111
vn -0.1830 0.5368 -0.8236
vn -0.1830 -0.5368 -0.8236
vn -0.1829 0.6845 -0.7057
vn -0.1829 -0.6845 -0.7057
vn -0.1830 0.8069 -0.5616
vn -0.1830 0.6845 -0.7057
vn -0.1830 -0.6845 -0.7057
vn -0.1830 -0.8069 -0.5616
vn -0.1830 0.8995 -0.3968
vn -0.1830 0.8995 -0.3967
vn -0.1830 -0.8995 -0.3967
vn -0.1830 -0.8995 -0.3968
vn -0.1829 0.9588 -0.2174
vn -0.1831 0.9588 -0.2173
vn -0.1831 0.8994 -0.3969
vn -0.1831 -0.8994 -0.3969
vn -0.1831 -0.9588 -0.2174
vn -0.1830 0.9827 -0.0299
vn -0.1829 0.9827 -0.0299
vn -0.1830 -0.9827 -0.0299
vn -0.1829 -0.9827 -0.0299
vn -0.1828 -0.9588 -0.2173
vn -0.1829 -0.9588 -0.2174
vn -0.1830 0.9702 0.1587
vn -0.1829 0.9702 0.1587
vn -0.1829 0.9827 -0.0296
vn -0.1829 -0.9702 0.1587
vn -0.1829 -0.9827 -0.0296
vn -0.1830 0.9219 0.3415
vn -0.1829 0.9219 0.3414
vn -0.1831 0.9219 0.3414
vn -0.1830 -0.9219 0.3415
vn -0.1830 -0.9702 0.1587
vn -0.1831 0.8395 0.5115
vn -0.2010 0.8327 0.5159
vn -0.1831 -0.8395 0.5115
vn -0.1831 -0.9219 0.3414
vn -0.1816 -0.8711 0.4563
vn -0.1830 -0.8396 0.5115
vn -0.1830 -0.8395 0.5115
vn -0.2071 0.8355 0.5090
vn -0.2055 0.8669 0.4541
vn -0.7773 -0.6029 -0.1795
vn -0.7391 0.6629 -0.1199
vn -0.7700 0.6381 -0.0002
vn -0.0000 0.6616 -0.7498
vn -0.7700 -0.6380 -0.0001
vn -0.0000 -0.6616 -0.7498
vn -0.7876 -0.6160 -0.0153
vn -0.5947 0.7943 0.1243
vn -0.7943 0.5947 -0.1243
vn -0.6617 -0.0000 0.7498
vn -0.1459 0.4485 -0.8818
vn -0.1687 0.4705 -0.8661
vn -0.1678 0.4821 -0.8599
vn -0.1679 -0.4819 -0.8600
vn -0.1678 -0.4821 -0.8599
vn -0.1697 -0.4567 -0.8733
vn -0.4383 -0.5289 -0.7267
vn -0.3971 0.5601 -0.7271
vn -0.4035 0.5848 -0.7037
vn -0.6076 -0.6411 -0.4689
vn -0.4145 -0.5681 -0.7110
vn -0.6755 -0.7248 -0.1354
vn -0.6814 0.7258 -0.0948
vn -0.7022 0.6666 -0.2501
vn -0.6381 0.7700 0.0002
vn -0.5462 0.6918 -0.4723
vn -0.5454 0.7128 -0.4410
vn -0.5591 -0.6981 -0.4473
vn -0.6710 -0.7279 -0.1411
vn -0.0027 0.1913 -0.9815
vn 0.0143 0.1349 -0.9908
vn -0.0079 -0.0000 -1.0000
vn 0.0143 -0.1349 -0.9908
vn -0.0027 -0.1913 -0.9815
vn 0.0033 0.3757 -0.9268
vn 0.0033 -0.3757 -0.9268
vn 0.0108 0.3949 -0.9187
vn -0.0068 0.5461 -0.8377
vn 0.0108 -0.3949 -0.9187
vn -0.0068 -0.5461 -0.8377
vn -0.0068 0.5460 -0.8377
vn -0.0068 -0.5460 -0.8377
vn 0.0156 0.6261 -0.7796
vn -0.0064 0.6963 -0.7178
vn -0.0064 -0.6963 -0.7178
vn 0.0156 -0.6261 -0.7796
vn -0.0064 0.6962 -0.7178
vn -0.0064 -0.6962 -0.7178
vn 0.0115 0.8207 -0.5712
vn 0.0115 -0.8207 -0.5712
vn -0.0034 0.9150 -0.4035
vn 0.0050 0.8118 -0.5839
vn 0.0050 -0.8118 -0.5839
vn -0.0034 -0.9150 -0.4035
vn -0.0390 0.9312 -0.3623
vn -0.0176 0.9148 -0.4036
vn -0.0151 0.9113 -0.4116
vn -0.0073 0.8944 -0.4472
vn -0.0054 0.8799 -0.4752
vn -0.0054 0.8801 -0.4748
vn -0.0033 0.7949 -0.6067
vn -0.0053 -0.8775 -0.4796
vn -0.0069 -0.8925 -0.4509
vn -0.0137 -0.9095 -0.4154
vn -0.0362 -0.9296 -0.3669
vn -0.0361 -0.9295 -0.3670
vn -0.0016 -0.9149 -0.4037
vn -0.0033 -0.7680 -0.6404
vn -0.0053 -0.8775 -0.4795
vn -0.0292 0.9748 -0.2209
vn 0.0007 0.9390 -0.3439
vn -0.0010 0.9642 -0.2652
vn 0.0008 -0.9621 -0.2728
vn -0.0287 -0.9749 -0.2210
vn 0.0087 0.9752 -0.2211
vn -0.0282 0.9848 -0.1711
vn -0.0252 -0.9835 -0.1794
vn -0.0252 -0.9749 -0.2211
vn -0.0300 0.9991 -0.0304
vn -0.0055 0.9984 -0.0565
vn 0.0016 -0.9845 -0.1752
vn -0.0031 -0.9995 -0.0305
vn 0.0485 0.9984 -0.0301
vn 0.0044 0.9981 0.0617
vn 0.0039 -0.9995 -0.0301
vn -0.0446 -0.9969 -0.0642
vn 0.0040 -0.9984 0.0559
vn -0.0143 0.9868 0.1614
vn -0.0346 0.9829 0.1808
vn 0.0119 -0.9984 0.0555
vn -0.0246 -0.9866 0.1614
vn -0.0217 0.9375 0.3472
vn 0.0053 0.9624 0.2714
vn -0.0166 -0.9854 0.1692
vn 0.0275 -0.9374 0.3472
vn -0.0181 0.9376 0.3472
vn -0.0216 0.9327 0.3600
vn -0.0216 0.9328 0.3599
vn -0.0203 -0.9376 0.3472
vn -0.0242 -0.9621 0.2715
vn -0.0203 -0.9350 0.3541
vn 0.0333 0.8535 0.5200
vn -0.0149 0.9341 0.3567
vn -0.0168 -0.9358 0.3521
vn 0.0418 -0.8532 0.5199
vn -0.0125 0.8628 0.5054
vn -0.0126 0.8630 0.5051
vn -0.0252 0.8790 0.4762
vn -0.0472 0.8962 0.4412
vn -0.0060 0.8517 0.5240
vn -0.0060 0.8540 0.5203
vn -0.0979 -0.9161 0.3888
vn -0.0502 -0.8977 0.4377
vn -0.0270 -0.8808 0.4726
vn -0.0143 -0.8654 0.5009
vn -0.0144 -0.8655 0.5007
vn -0.0060 -0.8518 0.5239
vn -0.0060 -0.8145 0.5801
vn -0.0000 -0.8540 0.5203
vn -0.0000 0.8145 0.5801
vn -0.0000 0.8858 0.4640
vn -0.0000 -0.8858 0.4640
vn -0.0000 0.9871 0.1602
vn -0.0000 -0.9871 0.1602
vn -0.0000 1.0000 -0.0000
vn -0.0000 -1.0000 -0.0000
vn -0.0000 0.9885 -0.1515
vn -0.0000 -0.9885 -0.1515
vn 0.0030 0.8975 -0.4411
vn -0.0061 0.9740 -0.2263
vn -0.0061 -0.9740 -0.2263
vn 0.0030 -0.8975 -0.4411
vn 0.0030 0.8975 -0.4409
vn 0.0030 -0.8975 -0.4409
vn -0.0000 0.7241 -0.6897
vn -0.0061 0.7744 -0.6326
vn -0.0061 -0.7744 -0.6326
vn -0.0000 -0.7241 -0.6897
vn 0.0119 0.5603 -0.8282
vn 0.0049 0.5747 -0.8183
vn 0.0019 0.5848 -0.8111
vn 0.0018 0.5851 -0.8110
vn -0.0000 0.5931 -0.8051
vn 0.0003 0.5568 -0.8307
vn 0.0302 0.5398 -0.8412
vn 0.0117 0.5605 -0.8281
vn -0.0000 -0.5920 -0.8059
vn 0.0040 -0.5773 -0.8165
vn 0.0042 -0.5769 -0.8168
vn 0.0099 -0.5639 -0.8258
vn 0.0241 -0.5455 -0.8378
vn 0.0240 -0.5456 -0.8377
vn 0.0076 -0.5568 -0.8306
vn 0.0011 0.4670 -0.8842
vn -0.0001 0.4815 -0.8764
vn -0.0054 -0.4676 -0.8839
vn 0.0119 0.4654 -0.8850
vn 0.0013 0.4822 -0.8761
vn 0.0011 0.4822 -0.8761
vn 0.0004 -0.4943 -0.8693
vn 0.0004 -0.4945 -0.8692
vn 0.0111 -0.4597 -0.8880
vn 0.0052 -0.4663 -0.8846
vn -0.6175 0.7779 -0.1166
vn -0.6082 -0.7937 -0.0054
vn -0.5560 -0.8310 0.0158
vn -0.1583 0.4513 -0.8782
vn -0.1525 0.3797 -0.9125
vn -0.1514 0.4396 -0.8854
vn -0.1469 -0.4442 -0.8838
vn -0.1442 -0.4304 -0.8911
vn -0.1391 -0.4595 -0.8772
vn -0.1389 -0.4598 -0.8771
vn -0.3842 -0.5759 -0.7216
vn -0.0230 0.4698 -0.8825
vn -0.0021 0.4394 -0.8983
vn 0.0022 -0.4568 -0.8896
vn 0.0008 -0.4672 -0.8842
vn -0.3503 0.5928 -0.7252
vn -0.3599 0.6274 -0.6905
vn -0.3615 0.6026 -0.7115
vn -0.3456 -0.5893 -0.7303
vn -0.5313 -0.7061 -0.4681
vn -0.3407 -0.6260 -0.7015
vn 0.0153 0.3949 -0.9186
vn -0.0005 -0.4105 -0.9119
vn 0.0500 -0.3787 -0.9242
vn -0.0000 0.6617 -0.7498
vn -0.0000 -0.6617 -0.7498
vn -0.6740 -0.7250 -0.1421
vn -0.6359 0.7717 -0.0009
vn -0.5708 0.8147 -0.1025
vn -0.5961 0.7749 -0.2101
vn -0.4569 0.7524 -0.4745
vn -0.4556 0.7746 -0.4387
vn -0.4570 0.7701 -0.4452
vn -0.4537 -0.7498 -0.4816
vn -0.4592 -0.7184 -0.5225
vn -0.4356 -0.7864 -0.4380
vn -0.5580 -0.8131 -0.1658
vn -0.5559 -0.8312 -0.0039
vn -0.5394 -0.8336 -0.1188
vn -0.1441 0.4572 -0.8776
vn -0.1441 0.4571 -0.8776
vn -0.1715 -0.4316 -0.8856
vn -0.2605 -0.5673 -0.7812
vn 0.0564 0.3756 -0.9251
vn 0.0157 0.3950 -0.9186
vn 0.0502 -0.3789 -0.9241
vn -0.4627 0.7737 -0.4328
vn -0.4625 0.7737 -0.4330
vn -0.3164 0.6240 -0.7145
vn -0.3730 -0.5756 -0.7277
vn -0.3733 -0.5752 -0.7278
vn -0.3590 -0.7196 -0.5944
vn 0.9917 0.1163 -0.0545
vn 0.9794 0.2019 -0.0064
vn 0.9990 -0.0442 0.0002
vn 0.9873 -0.1570 -0.0233
vn 0.9928 -0.0591 -0.1044
vn 0.9904 0.1381 0.0094
vn 0.9834 -0.1813 -0.0024
vn 0.9835 -0.1812 -0.0023
vn 0.9283 -0.3654 -0.0691
vn 0.9284 -0.3652 -0.0690
vn 0.8742 -0.4598 -0.1562
vn 0.9551 -0.2964 -0.0033
vn 0.9990 -0.0440 0.0002
vn 0.9817 -0.1891 -0.0237
vn -0.5944 -0.8036 -0.0298
vn -0.5475 -0.8368 -0.0055
vn -0.6616 -0.0000 0.7499
vn 0.9486 0.3159 0.0207
vn 0.9027 0.3917 -0.1780
vn 0.9028 0.3917 -0.1779
vn 0.9502 0.3059 -0.0594
vn 0.9501 0.3061 -0.0596
vn 0.9502 0.3059 -0.0595
vn 0.9903 0.1386 0.0094
vn -0.5497 0.8353 -0.0000
vn 0.0001 0.6615 -0.7499
vn -0.6187 0.7848 -0.0359
vn -0.6615 -0.0000 0.7499
vn -0.4903 0.8716 0.0010
vn -0.6362 0.7715 -0.0009
vn -0.4910 0.8711 0.0010
vn -0.3379 0.9404 0.0380
vn -0.4258 0.9048 -0.0000
vn -0.4257 -0.9048 0.0132
vn -0.5559 -0.8313 -0.0039
vn -0.5961 0.7750 -0.2101
vn 0.9450 0.3270 -0.0002
vn -0.4745 0.8716 -0.1228
vn 0.9154 -0.4025 0.0099
vn 0.8035 -0.5945 -0.0313
vn 0.9153 -0.4026 0.0099
vn -0.4901 0.8716 -0.0000
vn -0.4935 0.8605 -0.1267
vn -0.4826 0.8733 -0.0661
vn 0.8441 0.5361 0.0001
vn 0.7598 0.6498 -0.0228
vn 0.8445 0.5356 0.0001
vn -0.4291 0.8669 -0.2536
vn -0.4198 0.7784 -0.4668
vn -0.4293 0.8669 -0.2534
vn -0.5102 -0.7133 -0.4805
vn -0.3943 -0.8429 -0.3663
vn -0.4389 -0.8803 -0.1801
vn -0.5096 -0.7139 -0.4804
vn -0.0000 -0.0000 1.0000
vn -0.2989 0.9536 0.0370
vn -0.4142 0.9100 -0.0206
vn -0.9911 0.1331 -0.0000
vn -0.9911 -0.1331 -0.0000
vn -0.4142 -0.9100 -0.0206
vn -0.2989 -0.9536 0.0370
vn 0.8159 0.5781 0.0127
vn -0.9985 -0.0000 0.0548
vn 0.8238 -0.5666 0.0192
vn 0.8157 -0.5780 0.0246
vn -0.9938 0.0015 0.1112
vn -0.9748 -0.0014 0.2233
vn 0.7615 0.6440 0.0735
vn 0.8183 0.5739 0.0315
vn -0.9359 -0.0006 0.3524
vn -0.8851 -0.0018 0.4655
vn 0.7945 -0.6068 -0.0245
vn 0.8142 -0.5806 0.0028
vn 0.7605 -0.6488 -0.0267
vn 0.8140 -0.5808 0.0029
vn 0.7604 -0.6489 -0.0268
vn 0.7638 -0.6450 -0.0232
vn 0.7782 -0.6280 -0.0000
vn 0.8139 -0.5810 0.0028
vn 0.7873 0.6158 -0.0327
vn 0.7843 0.6172 -0.0628
vn 0.7874 0.6157 -0.0323
vn 0.8490 0.5279 0.0212
vn 0.8490 0.5280 0.0212
vn 0.8060 0.5918 0.0114
vn -0.8846 -0.0006 0.4664
vn 0.8171 -0.5759 0.0269
vn -0.7121 -0.0066 0.7021
vn -0.9369 0.0052 0.3496
vn 0.7745 -0.6326 -0.0055
vn -0.7980 0.0002 0.6026
vn -0.9048 0.4258 -0.0000
vn -0.9047 -0.4257 -0.0172
vn -0.9411 -0.3381 -0.0000
vn -0.9404 0.3379 -0.0380
vn -0.4457 -0.8950 0.0183
vn -0.4432 -0.8964 -0.0097
vn -0.4396 -0.8920 -0.1052
vn -0.5596 -0.7953 -0.2331
vn -0.4927 -0.8532 -0.1710
vn 0.8294 0.5561 -0.0543
vn 0.7946 -0.6066 -0.0246
vn 0.6754 0.7374 -0.0109
vn 0.6805 0.7326 0.0112
vn 0.7291 -0.6844 0.0054
vn 0.7018 -0.7123 -0.0089
vn 0.6957 0.7183 -0.0042
vn 0.7311 0.6822 -0.0085
vn 0.7290 -0.6845 0.0054
vn 0.6805 0.7327 0.0111
vn 0.7235 -0.6903 0.0039
vn 0.6805 0.7326 -0.0177
vn 0.6858 0.7277 0.0153
vn 0.7010 -0.7131 -0.0103
vn 0.5574 0.8302 -0.0082
vn 0.5574 -0.8301 0.0176
vn 0.7745 -0.6325 -0.0055
vn -0.7085 0.0002 0.7057
vn -0.7984 0.0008 0.6022
vn 0.6383 0.7533 0.1585
vn 0.6544 -0.7561 0.0072
vn 0.6483 -0.7382 0.1866
vn -0.7984 0.0008 0.6021
vn 0.6385 0.7530 0.1590
vn -0.5679 0.0011 0.8231
vn -0.7109 -0.0041 0.7033
vn 0.6091 -0.7854 0.1101
vn 0.6280 -0.7782 -0.0000
vn -0.8716 0.4901 -0.0000
vn -0.8711 0.4910 -0.0010
vn 0.6280 0.7782 -0.0000
vn -0.8960 -0.4440 -0.0000
vn -0.8881 -0.4595 -0.0089
vn 0.6450 -0.7638 0.0232
vn -0.8733 0.4826 0.0661
vn 0.6299 0.7767 0.0023
vn -0.8963 -0.4434 0.0057
vn 0.6220 0.7821 0.0381
vn 0.6454 0.7635 0.0232
vn -0.8934 -0.4364 0.1067
vn -0.7049 -0.7094 -0.0002
vn 0.6806 0.7325 -0.0177
vn 0.6682 -0.7440 -0.0012
vn 0.6540 0.7564 -0.0065
vn 0.7009 -0.7131 -0.0102
vn 0.6487 -0.7606 0.0265
vn -0.8669 0.4293 0.2534
vn -0.8605 0.4935 0.1267
vn 0.6498 0.7601 0.0045
vn 0.6661 -0.7459 0.0048
vn -0.8128 -0.5379 0.2237
vn -0.6882 -0.7255 -0.0000
vn -0.3381 -0.9411 -0.0000
vn 0.5741 0.8154 0.0736
vn -0.4490 0.0011 0.8936
vn 0.6488 -0.7605 0.0267
vn -0.8669 0.4291 0.2536
vn 0.6392 0.7688 0.0197
vn -0.8544 -0.4040 0.3268
vn -0.8808 -0.4374 0.1811
vn -0.8339 -0.5389 0.1194
vn -0.8315 -0.5555 0.0039
vn 0.5577 -0.8301 0.0026
vn 0.5579 -0.8299 0.0026
vn 0.5775 -0.8164 0.0002
vn 0.5377 -0.8431 -0.0119
vn 0.5808 -0.8140 -0.0029
vn -0.7784 0.4198 0.4668
vn 0.4391 -0.8984 0.0070
vn 0.6165 -0.7805 -0.1037
vn 0.5644 0.8255 0.0025
vn 0.5358 0.8443 -0.0099
vn -0.7307 -0.4739 0.4915
vn 0.5549 0.8319 -0.0020
vn 0.5550 0.8318 -0.0020
vn 0.5077 0.8615 0.0028
vn -0.8717 0.4745 0.1227
vn -0.8716 0.4903 -0.0010
vn -0.8316 -0.5554 0.0039
vn -0.7305 -0.4740 0.4917
vn -0.7457 -0.4480 0.4933
vn -0.8338 -0.5390 0.1195
vn -0.8134 -0.5574 0.1663
vn -0.7524 0.4569 0.4745
vn -0.8147 0.5708 0.1025
vn -0.7749 0.5961 0.2101
vn -0.7750 0.5961 0.2101
vn 0.5123 -0.8581 0.0352
vn -0.2901 -0.0000 0.9570
vn 0.3513 0.9360 -0.0223
vn -0.7719 0.6358 0.0009
vn 0.4585 -0.8882 -0.0287
vn 0.5217 0.8532 -0.0002
vn -0.7071 0.7071 -0.0090
vn -0.7717 0.6359 0.0009
vn -0.7071 -0.7071 -0.0093
vn -0.8315 -0.5556 0.0039
vn 0.5810 -0.8139 -0.0028
vn -0.7744 0.4556 0.4390
vn 0.5357 0.8443 -0.0100
vn 0.5120 -0.8583 0.0350
vn -0.2897 -0.0008 0.9571
vn -0.4495 -0.0000 0.8933
vn 0.5742 0.8154 0.0737
vn 0.2964 -0.9551 0.0033
vn 0.5807 -0.8141 -0.0028
vn 0.2963 0.9550 -0.0096
vn -0.7739 0.4629 0.4323
vn -0.7701 0.4569 0.4451
vn 0.4400 0.8886 0.1298
vn -0.7324 -0.4509 0.5102
vn 0.4492 0.8934 0.0094
vn -0.1484 0.0009 0.9889
vn -0.1564 0.9877 -0.0000
vn -0.2848 0.9584 -0.0208
vn -0.0792 0.9953 0.0566
vn -0.1564 -0.9873 0.0280
vn -0.2848 -0.9584 -0.0208
vn 0.4598 -0.8742 0.1562
vn -0.7737 0.4626 0.4329
vn 0.5309 0.8471 -0.0236
vn 0.4108 0.9117 -0.0002
vn 0.5308 -0.8472 0.0236
vn 0.4108 -0.9117 0.0002
vn 0.5193 0.8542 0.0263
vn 0.5193 -0.8542 -0.0263
vn 0.3652 -0.9284 0.0690
vn -0.6239 0.3164 0.7146
vn 0.4398 0.8887 0.1295
vn -0.7910 -0.4294 0.4358
vn -0.7341 -0.3639 0.5733
vn 0.4308 0.9024 -0.0052
vn 0.4304 -0.9026 0.0052
vn 0.4179 0.9085 0.0043
vn 0.4177 -0.9086 -0.0043
vn -0.7253 -0.6737 0.1416
vn -0.7134 -0.7006 -0.0117
vn 0.4145 -0.9100 0.0059
vn -0.0780 -0.0000 0.9970
vn -0.7258 0.6814 0.0948
vn -0.6666 0.7022 0.2501
vn -0.7779 0.6175 0.1166
vn -0.6918 0.5462 0.4723
vn -0.7275 -0.6727 0.1349
vn -0.7252 -0.6739 0.1416
vn -0.6979 -0.5593 0.4473
vn -0.7060 -0.5315 0.4681
vn -0.7133 -0.7007 -0.0117
vn -0.7684 0.6393 -0.0300
vn -0.1331 -0.9911 -0.0000
vn -0.1331 0.9911 -0.0000
vn 0.3102 0.9498 0.0411
vn -0.5713 -0.3670 0.7341
vn -0.5928 0.3503 0.7252
vn -0.7128 0.5454 0.4410
vn -0.5849 -0.3398 0.7365
vn 0.3021 0.9532 -0.0105
vn 0.3539 0.9353 -0.0000
vn 0.3539 -0.9353 -0.0000
vn -0.6491 0.7607 -0.0006
vn 0.2918 0.9565 0.0022
vn 0.2913 -0.9566 -0.0022
vn 0.2633 -0.9647 0.0046
vn 0.3654 -0.9283 0.0691
vn -0.6272 0.3599 0.6908
vn 0.2736 0.9618 -0.0023
vn 0.2733 -0.9619 0.0023
vn 0.0870 0.9962 -0.0000
vn 0.0870 -0.9962 -0.0000
vn 0.1365 0.9906 -0.0068
vn 0.1822 0.9833 -0.0006
vn 0.1101 0.9939 0.0111
vn 0.1358 -0.9907 0.0069
vn 0.1820 -0.9833 0.0006
vn 0.1099 -0.9939 -0.0111
vn 0.1812 -0.9835 0.0023
vn -0.4571 0.1439 0.8777
vn -0.6026 0.3615 0.7115
vn 0.1813 -0.9834 0.0024
vn -0.4571 0.1441 0.8776
vn -0.5610 -0.2363 0.7934
vn -0.6344 -0.3331 0.6976
vn -0.6322 0.7555 0.1720
vn -0.6629 0.7391 0.1199
vn -0.6220 0.6223 0.4753
vn -0.6031 -0.7774 0.1786
vn -0.6287 -0.7661 0.1336
vn -0.6260 -0.6388 0.4473
vn -0.6409 -0.6077 0.4689
vn -0.5799 -0.8147 0.0034
vn -0.6490 0.7608 -0.0005
vn -0.5601 0.3971 0.7271
vn -0.6453 0.6257 0.4383
vn -0.5759 -0.3841 0.7217
vn -0.5682 -0.4143 0.7110
vn -0.0756 -0.9971 -0.0000
vn 0.1262 0.9920 -0.0024
vn -0.4264 -0.1859 0.8852
vn 0.2632 -0.9647 0.0046
vn 0.0427 -0.9991 -0.0081
vn -0.0245 -0.9994 -0.0261
vn 0.1058 0.9944 0.0034
vn -0.4512 0.1581 0.8783
vn -0.5847 0.4035 0.7038
vn -0.4427 -0.1448 0.8849
vn 0.0015 -0.5961 -0.8029
vn -0.5326 0.8356 0.1346
vn -0.5079 0.8614 0.0005
vn -0.4258 0.9048 -0.0042
vn -0.4258 -0.9048 -0.0057
vn -0.5326 0.8356 0.1347
vn -0.5980 -0.7918 0.1242
vn 0.1057 0.9944 0.0034
vn -0.1447 0.9895 0.0021
vn -0.3025 0.9514 -0.0575
vn -0.1010 0.9948 -0.0111
vn 0.1336 0.9909 -0.0173
vn 0.0005 1.0000 -0.0006
vn 0.1331 -0.9910 0.0172
vn 0.0005 -1.0000 0.0006
vn 0.1096 -0.9939 -0.0124
vn 0.1097 0.9939 0.0124
vn -0.5280 -0.8304 0.1778
vn -0.5981 -0.7918 0.1242
vn -0.5478 -0.7061 0.4487
vn -0.5703 -0.6735 0.4703
vn -0.5244 0.8375 0.1535
vn -0.5472 0.6867 0.4786
vn -0.5290 -0.4383 0.7267
vn -0.5281 -0.4426 0.7247
vn -0.5272 0.4392 0.7274
vn -0.5709 0.6947 0.4377
vn -0.0000 0.8853 -0.4650
vn -0.0199 0.9998 0.0002
vn 0.0023 -0.8607 0.5091
vn -0.0205 -0.9998 -0.0002
vn 0.0442 -0.9990 -0.0002
vn -0.3797 0.1525 0.9124
vn -0.2019 -0.9794 0.0064
vn -0.2019 0.9794 0.0064
vn -0.3757 -0.0564 0.9250
vn -0.4396 0.1515 0.8853
vn -0.4251 -0.1451 0.8935
vn -0.5694 -0.8206 -0.0494
vn -0.5016 0.8647 -0.0268
vn -0.4594 -0.1391 0.8773
vn -0.4595 -0.1392 0.8772
vn -0.4568 -0.1696 0.8733
vn -0.5293 0.4402 0.7253
vn -0.4486 0.1460 0.8817
vn 0.0049 0.8629 0.5054
vn -0.0480 0.9988 -0.0010
vn 0.0001 -0.8856 -0.4644
vn -0.0482 -0.9988 0.0010
vn -0.1163 -0.9917 0.0545
vn -0.3949 -0.0159 0.9186
vn -0.1059 0.9925 0.0603
vn -0.3925 0.0206 0.9195
vn -0.4568 -0.8813 0.1207
vn -0.4266 -0.9044 -0.0099
vn -0.0022 0.5876 -0.8091
vn -0.3924 0.0205 0.9196
vn -0.3948 -0.0155 0.9186
vn -0.4705 0.1687 0.8661
vn -0.0039 -0.5845 -0.8114
vn -0.1840 -0.9829 0.0033
vn -0.3287 0.9443 -0.0175
vn -0.1860 0.9826 -0.0002
vn -0.2450 0.9695 -0.0001
vn -0.3441 0.9387 0.0195
vn -0.2047 0.9788 0.0014
vn -0.3294 -0.9440 0.0177
vn -0.1869 -0.9824 0.0002
vn -0.2450 -0.9695 0.0001
vn -0.3440 -0.9388 -0.0195
vn -0.2050 -0.9788 -0.0015
vn 0.0005 0.8905 -0.4550
vn 0.0169 -0.8719 0.4895
vn -0.4958 0.4955 0.7132
vn -0.4681 0.7396 0.4836
vn -0.4914 0.7526 0.4382
vn -0.4958 -0.4955 0.7132
vn -0.4953 -0.7291 0.4723
vn -0.3985 0.9030 0.1605
vn -0.3569 0.9341 -0.0014
vn -0.4065 0.9034 0.1363
vn 0.0189 0.8730 0.4874
vn 0.0007 -0.8915 -0.4530
vn -0.4160 -0.8924 0.1746
vn -0.4650 -0.7611 0.4522
vn -0.4052 0.9142 -0.0000
vn -0.4052 -0.9142 -0.0000
vn 1.0000 -0.0000 -0.0000
vn -0.0000 -0.3090 0.9511
vn -0.0000 0.1045 0.9945
vn -0.0000 0.5000 0.8660
vn -0.0000 -0.6692 0.7431
vn -0.0000 0.8090 0.5878
vn -0.0000 -0.9135 0.4068
vn -0.0000 0.9781 0.2079
vn -0.0000 -0.9945 0.1045
vn -0.0000 -0.9945 -0.1045
vn -0.0000 0.9781 -0.2079
vn -0.0000 -0.9135 -0.4068
vn -0.0000 0.8090 -0.5878
vn -0.0000 -0.6692 -0.7431
vn -0.0000 0.5000 -0.8660
vn -0.0000 -0.3090 -0.9511
vn -0.0000 0.1045 -0.9945
vn -0.4268 -0.9043 -0.0100
vn -0.3047 0.9524 0.0033
vn -0.4334 -0.0074 0.9012
vn -0.0077 0.5794 -0.8150
vn -0.3270 -0.9450 0.0002
vn -0.4698 0.0230 0.8825
vn -0.4395 0.0022 0.8982
vn -0.0040 -0.5844 -0.8114
vn -0.1842 -0.9829 0.0033
vn -0.3914 -0.9202 -0.0042
vn -0.4902 -0.8710 -0.0315
vn -0.4827 -0.8758 -0.0037
vn 0.0058 0.9012 -0.4334
vn -0.3050 -0.9429 0.1337
vn -0.2652 -0.9642 0.0033
vn 0.0405 -0.8819 0.4697
vn 0.0448 0.8832 0.4669
vn 0.0072 -0.9028 -0.4301
vn -0.4819 0.1678 0.8600
vn -0.4653 0.0117 0.8851
vn -0.4816 -0.1678 0.8602
vn -0.4574 -0.5455 0.7023
vn -0.4633 -0.5043 0.7287
vn -0.4752 -0.1696 0.8634
vn -0.0113 -0.5762 -0.8172
vn -0.4668 0.2078 0.8596
vn -0.4649 0.1724 0.8684
vn -0.4709 0.5023 0.7252
vn -0.4394 -0.5460 0.7133
vn -0.3823 -0.7826 0.4914
vn -0.4366 0.5663 0.6990
vn -0.3867 0.7817 0.4893
vn -0.3836 0.7790 0.4960
vn -0.4654 0.0117 0.8850
vn -0.4826 -0.1838 0.8564
vn -0.4655 -0.0118 0.8850
vn -0.4834 0.2080 0.8503
vn -0.2942 -0.9426 0.1577
vn -0.3051 -0.9429 0.1335
vn -0.3050 -0.9429 0.1336
vn -0.3882 -0.7760 0.4971
vn -0.2966 0.9409 0.1635
vn -0.2539 0.9492 0.1861
vn -0.2546 0.9490 0.1858
vn 0.0450 0.8832 0.4668
vn -0.3546 0.9350 0.0049
vn -0.4062 0.9138 -0.0001
vn -0.3537 -0.9354 -0.0064
vn -0.4059 -0.9139 0.0001
vn 0.0059 0.9013 -0.4331
vn -0.3341 0.9425 -0.0090
vn 0.0406 -0.8820 0.4695
vn -0.3371 -0.9414 0.0067
vn -0.1933 0.9811 0.0013
vn -0.0078 0.5794 -0.8150
vn -0.3149 0.9491 0.0021
vn -0.6339 0.7727 -0.0325
vn -0.5161 0.8565 -0.0030
vn -0.6047 0.7965 -0.0000
vn -0.7215 0.6717 -0.1681
vn -0.5389 0.8424 -0.0000
vn -0.2651 -0.9642 0.0033
vn -0.1331 0.9911 -0.0053
vn -0.1932 0.9812 0.0013
vn -0.1331 -0.9911 -0.0065
vn -0.2653 -0.9642 0.0033
vn -0.2350 0.9640 0.1246
vn 0.0312 0.9137 -0.4051
vn -0.4803 0.8771 0.0022
vn 0.0962 -0.8905 0.4447
vn -0.4804 -0.8771 -0.0017
vn -0.0219 0.5703 -0.8212
vn -0.5210 0.8535 -0.0027
vn -0.4789 0.0003 0.8779
vn 0.0411 -0.9166 -0.3978
vn -0.5056 -0.8627 0.0028
vn 0.1140 0.8916 0.4382
vn -0.5049 0.8632 -0.0021
vn -0.5358 -0.8444 -0.0001
vn -0.4827 -0.0010 0.8758
vn -0.5208 0.8537 -0.0027
vn -0.5356 -0.8445 -0.0001
vn -0.4821 -0.0012 0.8761
vn -0.6498 -0.7598 0.0228
vn -0.6498 0.7597 0.0265
vn 0.5859 -0.8079 -0.0633
vn 0.5359 -0.8442 -0.0047
vn 0.5359 -0.8443 -0.0047
vn 0.4948 -0.8690 -0.0000
vn -0.0000 0.9985 -0.0548
vn -0.5781 -0.8159 -0.0127
vn 0.0016 -0.9941 -0.1081
vn -0.0014 -0.9748 -0.2232
vn -0.0000 -0.9985 -0.0548
vn -0.0321 -0.5673 -0.8229
vn -0.5842 -0.8116 -0.0000
vn -0.5849 -0.8111 -0.0000
vn -0.6083 -0.7936 -0.0100
vn -0.6368 -0.7709 0.0149
vn -0.5904 -0.8071 0.0042
vn -0.6118 0.7910 0.0076
vn -0.5881 0.8088 -0.0053
vn -0.6120 0.7908 0.0076
vn -0.5851 0.8110 -0.0000
vn -0.6290 0.7772 -0.0189
vn 0.0014 0.9748 -0.2232
vn -0.6439 -0.7616 -0.0735
vn -0.5739 -0.8183 -0.0315
vn -0.0006 -0.9384 -0.3456
vn -0.0019 -0.8850 -0.4656
vn 0.0018 0.8850 -0.4655
vn -0.0015 0.9938 -0.1112
vn 0.0006 0.9359 -0.3523
vn 0.0006 0.9358 -0.3525
vn -0.0025 0.7991 -0.6013
vn 0.0021 0.8850 -0.4656
vn -0.5918 -0.8060 -0.0114
vn 0.1258 0.9199 -0.3714
vn 0.1184 -0.8902 0.4399
vn -0.0340 -0.9507 0.3082
vn 0.0054 -0.9394 -0.3427
vn -0.0066 -0.7121 -0.7021
vn -0.0006 -0.8846 -0.4664
vn -0.1838 0.9671 0.1760
vn -0.2884 0.8378 0.4635
vn -0.2349 0.9640 0.1246
vn -0.2887 0.8376 0.4638
vn -0.1544 -0.9765 0.1506
vn -0.1513 -0.9748 0.1640
vn -0.3139 -0.8235 0.4726
vn -0.0893 -0.9960 -0.0000
vn 0.1795 -0.9149 -0.3615
vn 0.3063 0.8656 0.3962
vn 0.0003 -0.8071 -0.5904
vn -0.4664 -0.0012 0.8846
vn -0.4833 0.2080 0.8504
vn -0.5558 -0.8295 0.0544
vn -0.4814 0.0001 0.8765
vn -0.0340 -0.9508 0.3079
vn -0.0347 0.9565 0.2896
vn -0.0343 0.8960 0.4428
vn -0.0471 0.5670 -0.8224
vn -0.7965 0.6047 -0.0000
vn -0.7965 -0.6047 -0.0000
vn -0.6717 0.7215 0.1681
vn -0.7108 0.7033 0.0060
vn -0.5206 0.0062 0.8538
vn -0.5522 -0.0007 0.8337
vn -0.5568 -0.0003 0.8306
vn -0.5447 0.2075 0.8126
vn -0.5428 -0.1835 0.8196
vn -0.7054 -0.7087 0.0076
vn -0.7182 -0.6957 -0.0096
vn -0.9991 0.0300 0.0304
vn -0.9984 0.0055 0.0565
vn -0.9981 -0.0044 -0.0617
vn -0.7183 -0.6957 0.0042
vn -0.5398 -0.0302 0.8412
vn -0.0002 0.7085 -0.7057
vn -0.6822 -0.7311 0.0085
vn -0.9868 0.0143 -0.1614
vn -0.9829 0.0345 -0.1808
vn -0.9984 -0.0485 0.0301
vn -0.9702 0.1829 -0.1587
vn -0.9827 0.1830 0.0300
vn -0.9827 0.1830 0.0299
vn -0.9827 0.1829 0.0299
vn -0.7182 -0.6957 -0.0095
vn -0.1889 0.9819 -0.0115
vn -0.5427 -0.1835 0.8196
vn -0.4627 -0.5452 0.6990
vn -0.4627 -0.5453 0.6989
vn -0.4627 -0.5454 0.6989
vn -0.5447 0.2073 0.8126
vn -0.7040 -0.7101 0.0082
vn -0.9752 -0.0087 0.2211
vn -0.9849 0.0282 0.1711
vn -0.4592 0.5656 0.6850
vn -0.4592 0.5657 0.6850
vn -0.7171 -0.6969 -0.0117
vn 0.3072 0.8851 -0.3497
vn 0.0568 -0.9555 0.2893
vn -0.9588 0.1829 0.2174
vn -0.0002 0.7084 -0.7058
vn -0.8302 -0.5574 0.0082
vn -0.7532 -0.6384 -0.1587
vn -0.9702 0.1830 -0.1587
vn -0.8279 0.5442 -0.1354
vn -0.8385 0.5442 0.0255
vn -0.8385 0.5443 0.0255
vn -0.6759 -0.7370 -0.0000
vn -0.8321 -0.5546 -0.0000
vn 0.0009 -0.7081 -0.7061
vn 0.0008 -0.6081 -0.7939
vn -0.7536 0.6554 -0.0506
vn -0.8181 0.5443 0.1855
vn -0.8182 0.5442 0.1855
vn -0.0011 0.5679 -0.8231
vn -0.0008 0.7984 -0.6022
vn -0.0008 0.7984 -0.6021
vn 0.0041 0.7109 -0.7033
vn -0.7530 -0.6385 -0.1590
vn 0.0008 -0.6074 -0.7944
vn -0.7536 0.6554 -0.0505
vn -0.5202 0.0062 0.8540
vn -0.5520 0.0131 0.8337
vn -0.5427 -0.1836 0.8196
vn -0.7107 0.7034 0.0060
vn -0.1099 0.9827 0.1488
vn -0.0513 0.9987 -0.0000
vn -0.3045 0.8372 0.4543
vn -0.3132 -0.8235 0.4730
vn -0.7039 -0.7103 0.0082
vn -0.9848 0.0282 0.1711
vn -0.7463 -0.6656 0.0002
vn -0.9748 0.0292 0.2209
vn -0.9642 0.0010 0.2652
vn -0.7523 -0.6588 0.0006
vn -0.9624 -0.0053 -0.2714
vn -0.9588 0.1830 0.2173
vn -0.9375 0.0217 -0.3472
vn -0.9219 0.1830 -0.3415
vn -0.8424 0.5389 -0.0000
vn -0.7727 0.6339 0.0325
vn -0.5670 0.0471 0.8224
vn -0.7908 0.6120 -0.0076
vn -0.8110 0.5851 -0.0000
vn -0.9565 0.0346 -0.2896
vn -0.7770 0.6292 0.0190
vn -0.8851 -0.3072 0.3497
vn -0.0011 0.4490 -0.8936
vn -0.8154 -0.5741 -0.0736
vn -0.8088 0.5881 0.0053
vn -0.9199 -0.1258 0.3714
vn -0.9219 0.1829 -0.3414
vn -0.9219 0.1831 -0.3414
vn -0.7867 0.5443 -0.2914
vn -0.8279 0.5443 -0.1354
vn -0.1148 -0.9782 0.1733
vn -0.5572 0.8254 -0.0911
vn -0.5643 0.8254 0.0172
vn -0.1150 -0.9781 0.1737
vn -0.9142 0.4052 -0.0000
vn -0.0972 0.9829 0.1561
vn -0.0962 0.9850 0.1435
vn -0.3046 0.8372 0.4543
vn -0.8274 -0.5615 -0.0002
vn -0.9390 -0.0007 0.3439
vn 0.0023 -0.3370 -0.9415
vn -0.0022 -0.7096 -0.7046
vn -0.8335 0.5514 0.0361
vn -0.8519 0.5237 -0.0036
vn -0.5866 0.0374 0.8090
vn -0.6482 -0.0718 0.7581
vn -0.8301 -0.5576 0.0002
vn -0.8342 -0.5514 -0.0008
vn -0.8341 -0.5516 -0.0008
vn -0.9148 0.0176 0.4036
vn -0.8995 0.1830 0.3969
vn -0.8565 0.5161 0.0030
vn -0.5703 0.0219 0.8212
vn -0.9327 0.0216 -0.3600
vn -0.8960 0.0342 -0.4427
vn -0.7908 0.6121 -0.0076
vn -0.8655 -0.3064 -0.3962
vn -0.5506 0.8254 0.1248
vn -0.8615 -0.5077 -0.0028
vn -0.5603 -0.0120 0.8282
vn -0.9376 0.0181 -0.3472
vn -0.9362 0.3514 -0.0036
vn -0.8619 0.5034 0.0617
vn -0.5865 0.0374 0.8091
vn -0.5603 -0.0119 0.8282
vn -0.0005 -0.3355 -0.9420
vn -0.0000 -0.4496 -0.8932
vn -0.8336 0.5512 0.0361
vn -0.9360 -0.3513 0.0223
vn -0.9158 0.3558 -0.1865
vn -0.9059 0.4095 -0.1085
vn -0.8335 0.5513 0.0361
vn -0.8995 0.1830 0.3968
vn -0.7675 0.5442 0.3387
vn -0.7675 0.5443 0.3386
vn -0.8632 0.5049 0.0021
vn -0.8916 -0.1140 -0.4382
vn -0.0011 -0.3350 -0.9422
vn -0.0005 -0.4500 -0.8931
vn -0.0000 0.4497 -0.8932
vn -0.0000 0.2904 -0.9569
vn -0.8155 -0.5741 -0.0736
vn -0.8771 0.4803 -0.0022
vn -0.9137 -0.0312 0.4051
vn -0.0009 0.1481 -0.9890
vn 0.0008 0.2897 -0.9571
vn -0.8934 -0.4492 -0.0094
vn -0.8542 -0.5193 -0.0263
vn -0.9117 -0.4108 0.0002
vn -0.9341 0.0149 -0.3567
vn -0.8470 -0.5310 0.0236
vn -0.9311 0.0388 0.3628
vn -0.9024 -0.4308 0.0052
vn -0.9113 0.0151 0.4116
vn -0.9085 -0.4179 -0.0043
vn -0.8962 0.0472 -0.4412
vn -0.8535 -0.0333 -0.5200
vn -0.9351 0.3543 -0.0049
vn -0.9423 0.3345 0.0090
vn -0.9138 0.4062 0.0001
vn -0.7867 0.5442 -0.2914
vn -0.5295 0.8253 -0.1961
vn -0.5572 0.8253 -0.0911
vn -0.0000 -0.0873 -0.9962
vn 0.0009 -0.1482 -0.9890
vn -0.8833 -0.0450 -0.4667
vn -0.9490 0.3152 0.0121
vn -0.6033 0.0199 0.7973
vn -0.9492 0.3146 -0.0021
vn -0.5796 0.0075 0.8149
vn -0.9012 -0.0057 0.4334
vn -0.9532 -0.3021 0.0105
vn -0.5749 -0.0049 0.8182
vn -0.9895 0.1447 -0.0021
vn -0.9514 0.3025 0.0575
vn -0.5794 0.0077 0.8150
vn -0.9879 -0.1445 0.0564
vn -0.9517 -0.3071 -0.0000
vn -0.0000 0.0780 -0.9970
vn -0.9353 -0.3539 -0.0000
vn -0.9670 0.2548 -0.0000
vn -0.5165 0.8254 0.2279
vn -0.5166 0.8254 0.2279
vn -0.9695 0.2450 0.0001
vn -0.9387 0.3441 -0.0195
vn -0.8832 -0.0448 -0.4669
vn -0.9565 -0.2918 -0.0022
vn -0.8944 0.0073 0.4472
vn -0.9443 0.3287 0.0175
vn -0.9012 -0.0058 0.4333
vn -0.2147 0.9760 -0.0351
vn -0.2175 0.9760 0.0066
vn -0.9618 -0.2736 0.0023
vn -0.8790 0.0252 -0.4762
vn -0.9941 -0.1084 -0.0000
vn -0.9962 -0.0870 -0.0000
vn -0.2122 0.9760 0.0481
vn -0.8395 0.1831 -0.5115
vn -0.9907 -0.1362 0.0069
vn -0.9833 -0.1822 0.0006
vn -0.9939 -0.1101 -0.0111
vn -0.9788 0.2047 -0.0014
vn -0.8730 -0.0188 -0.4874
vn -0.9826 0.1860 0.0002
vn -0.8904 -0.0005 0.4552
vn -0.9932 -0.1168 -0.0000
vn -0.9971 -0.0752 0.0101
vn -0.6187 -0.0083 0.7856
vn -0.9947 0.1025 -0.0043
vn -0.6201 0.0074 0.7845
vn -0.9948 0.1010 0.0111
vn -0.5878 0.0022 0.8090
vn -0.8800 0.0054 0.4749
vn -0.9944 -0.1059 -0.0034
vn -0.5847 -0.0020 0.8113
vn -0.8316 0.2071 -0.5153
vn -0.8328 0.2008 -0.5159
vn -0.7200 0.5445 -0.4302
vn -0.8629 0.0125 -0.5052
vn -0.9947 0.1027 -0.0043
vn -0.6236 0.0082 0.7817
vn -0.6225 0.0057 0.7826
vn -0.9944 -0.1057 -0.0034
vn -0.5848 -0.0019 0.8112
vn -0.9988 0.0480 0.0010
vn -0.8630 -0.0050 -0.5053
vn -0.9939 -0.1097 -0.0124
vn -1.0000 -0.0005 0.0006
vn -0.8629 0.0126 -0.5052
vn -0.9998 0.0199 -0.0002
vn -0.8853 -0.0001 0.4650
vn -0.9909 -0.1337 0.0173
vn -0.8797 0.0054 0.4754
vn -0.7949 0.0033 0.6067
vn -0.8517 0.0060 -0.5240
vn -0.5931 -0.0000 0.8051
vn -0.9150 0.0034 0.4035
vn -0.8118 -0.0050 0.5839
vn -0.8995 0.1830 0.3967
vn -0.5294 0.8254 -0.1961
vn -0.2040 0.9761 -0.0756
vn -0.2147 0.9761 -0.0351
vn -0.8207 -0.0115 0.5713
vn -0.8069 0.1830 0.5616
vn -0.6885 0.5443 0.4792
vn -0.1991 0.9760 0.0878
vn -0.7047 0.5648 -0.4294
vn -0.4821 0.8254 -0.2938
vn -0.1798 0.9833 -0.0293
vn -0.0985 0.9951 0.0030
vn -0.0090 1.0000 -0.0006
vn -0.0050 1.0000 0.0006
vn -0.0860 0.9961 0.0195
vn -0.6388 -0.1835 0.7471
vn -0.0050 1.0000 -0.0014
vn -0.5447 -0.5453 0.6371
vn -0.4634 0.8254 0.3225
vn -0.7241 -0.0000 0.6897
vn -0.7086 0.2057 0.6750
vn -0.7744 0.0061 0.6326
vn -0.8539 0.0060 -0.5204
vn -0.8145 -0.0000 -0.5802
vn -0.1074 0.9829 0.1492
vn -0.8354 0.2071 -0.5091
vn -0.0714 0.9971 -0.0265
vn -0.2040 0.9760 -0.0756
vn -0.5989 0.5620 0.5705
vn -0.0056 1.0000 0.0022
vn -0.4640 0.8368 -0.2905
vn -0.4641 0.8368 -0.2905
vn -0.1885 0.9762 -0.1077
vn -0.5447 -0.5454 0.6371
vn -0.3686 -0.8235 0.4312
vn -0.0191 0.9998 0.0084
vn -0.0059 1.0000 0.0023
vn -0.3986 0.8348 0.3798
vn -0.3986 0.8348 0.3797
vn -0.8858 -0.0000 -0.4640
vn -0.8669 0.2055 -0.4541
vn -0.8975 -0.0030 0.4409
vn -0.8784 0.2057 0.4315
vn -0.1786 0.9760 0.1243
vn -0.8669 0.2054 -0.4542
vn -0.8669 0.2055 -0.4542
vn -0.7332 0.5612 -0.3840
vn -0.1354 -0.9781 0.1583
vn -0.8975 -0.0030 0.4411
vn -0.8784 0.2057 0.4313
vn -0.8783 0.2057 0.4315
vn -0.7423 0.5620 0.3648
vn -0.7423 0.5621 0.3647
vn -0.9740 0.0061 0.2263
vn -0.0054 1.0000 -0.0031
vn -0.9871 -0.0000 -0.1602
vn -0.9660 0.2055 -0.1568
vn -0.9885 -0.0000 0.1515
vn -0.9673 0.2057 0.1483
vn -0.9673 0.2057 0.1484
vn -0.9781 0.2080 -0.0000
vn -0.9660 0.2055 -0.1567
vn -0.1346 0.9826 0.1282
vn -0.1550 0.9829 -0.0995
vn -0.1551 0.9829 -0.0995
vn -0.8168 0.5615 -0.1325
vn -0.8168 0.5615 -0.1326
vn -0.7330 0.5615 -0.3840
vn -0.4882 0.8344 -0.2558
vn -0.8175 0.5621 0.1255
vn -0.8176 0.5620 0.1254
vn -0.6962 0.0064 0.7178
vn -0.6845 0.1830 0.7057
vn -0.4942 0.8348 0.2428
vn -0.8239 0.5668 -0.0000
vn -0.8241 0.5665 -0.0000
vn -0.6845 0.1829 0.7057
vn -0.5841 0.5443 0.6021
vn -0.5841 0.5442 0.6022
vn -0.1353 -0.9781 0.1583
vn -0.6497 0.0057 0.7601
vn -0.6387 -0.1834 0.7473
vn -0.8176 0.5619 0.1254
vn -0.8241 0.5664 -0.0000
vn -0.8169 0.5614 -0.1325
vn -0.7239 -0.0086 0.6898
vn -0.0075 1.0000 0.0053
vn -0.0055 1.0000 0.0039
vn -0.1547 0.9791 0.1316
vn -0.5440 0.8345 -0.0883
vn -0.5439 0.8345 -0.0883
vn -0.4881 0.8345 -0.2558
vn -0.5442 0.8348 0.0835
vn -0.5442 0.8348 0.0834
vn -0.3931 0.8254 0.4053
vn -0.3931 0.8254 0.4052
vn -0.6261 -0.0156 0.7796
vn -0.6963 0.0064 0.7178
vn -0.4882 0.8344 -0.2557
vn -0.5461 0.8377 -0.0000
vn -0.1648 0.9825 -0.0864
vn -0.1547 0.9791 0.1317
vn -0.1576 0.9845 0.0774
vn -0.7379 -0.0000 0.6750
vn -0.7253 -0.1834 0.6635
vn -0.7253 -0.1835 0.6635
vn -0.6184 -0.5454 0.5657
vn -0.1515 0.9760 0.1562
vn -0.1515 0.9761 0.1561
vn -0.5441 0.8348 0.0835
vn -0.5460 0.8378 -0.0000
vn -0.1837 0.9825 -0.0298
vn -0.1649 0.9825 -0.0864
vn -0.1957 0.9788 0.0605
vn -0.1739 0.9844 0.0267
vn -0.1650 0.9825 -0.0864
vn -0.1838 0.9829 0.0091
vn -0.1838 0.9830 -0.0000
vn -0.4186 -0.8235 0.3829
vn -0.0318 0.9990 0.0327
vn -0.1537 -0.9781 0.1406
vn -0.0000 1.0000 0.0001
vn -0.5461 0.0068 0.8377
vn -0.5368 0.1830 0.8236
vn -0.5369 0.1830 0.8236
vn -0.0104 0.9999 0.0112
vn -0.4581 0.5443 0.7028
vn -0.3083 0.8254 0.4730
vn -0.8729 -0.0000 0.4880
vn -0.8584 -0.1812 0.4799
vn -0.1188 0.9761 0.1822
vn -0.1188 0.9760 0.1823
vn -0.8583 -0.1814 0.4800
vn -0.7342 -0.5406 0.4107
vn -0.9856 -0.0000 0.1690
vn -0.9693 -0.1814 0.1662
vn -0.9781 -0.2080 -0.0000
vn -0.9829 -0.1839 0.0018
vn -0.9847 0.0137 0.1736
vn -0.9914 -0.0000 0.1305
vn -0.9701 -0.2063 0.1277
vn -0.7344 -0.5405 0.4106
vn -0.4994 -0.8201 0.2792
vn -0.8292 -0.5405 0.1422
vn -0.8293 -0.5405 0.1422
vn -0.0057 0.9999 0.0092
vn -0.0061 0.9999 0.0094
vn -0.8239 -0.5667 -0.0018
vn -0.8377 -0.5461 -0.0011
vn -0.0036 1.0000 0.0058
vn -0.8193 -0.5632 0.1079
vn -0.9701 -0.2062 0.1277
vn -0.9238 -0.0092 0.3827
vn -0.9040 -0.2062 0.3745
vn -0.8241 -0.5664 -0.0011
vn -0.8193 -0.5631 0.1079
vn -0.8192 -0.5633 0.1078
vn -0.3949 -0.0108 0.9187
vn -0.5460 0.0068 0.8377
vn -0.7633 -0.5633 0.3162
vn -0.9040 -0.2062 0.3744
vn -0.8659 0.0183 0.4999
vn -0.5639 -0.8202 0.0967
vn -0.5640 -0.8201 0.0968
vn -0.1840 -0.9775 0.1029
vn -0.5462 -0.8377 -0.0000
vn -0.5666 -0.8240 0.0011
vn -0.5448 -0.8355 0.0717
vn -0.5447 -0.8355 0.0717
vn -0.5076 -0.8355 0.2103
vn -0.7634 -0.5633 0.3162
vn -0.7933 -0.0092 0.6087
vn -0.7763 -0.2062 0.5957
vn -0.3756 -0.0033 0.9268
vn -0.3693 0.1830 0.9111
vn -0.3693 0.1829 0.9111
vn -0.5638 -0.8202 0.0968
vn -0.2078 -0.9775 0.0357
vn -0.5460 -0.8378 0.0011
vn -0.5665 -0.8241 0.0018
vn -0.5446 -0.8356 0.0717
vn -0.3151 0.5443 0.7775
vn -0.6555 -0.5633 0.5030
vn -0.7763 -0.2063 0.5957
vn -0.1838 -0.9830 -0.0018
vn -0.2079 -0.9781 -0.0000
vn -0.2121 0.8254 0.5232
vn -0.2121 0.8254 0.5233
vn -0.1838 -0.9827 0.0242
vn -0.4359 -0.8355 0.3345
vn -0.1837 -0.9827 0.0242
vn -0.1712 -0.9827 0.0709
vn 0.9781 -0.0000 -0.2079
vn 0.9781 -0.0000 0.2079
vn -0.0817 0.9760 0.2016
vn -0.6427 0.0137 0.7660
vn -0.0177 0.9989 0.0437
vn 0.8090 -0.0000 0.5878
vn 0.8090 -0.0000 -0.5878
vn -0.1470 -0.9827 0.1128
vn -0.4359 -0.8356 0.3345
vn -0.6088 -0.0000 0.7933
vn -0.5957 -0.2063 0.7763
vn -0.5030 -0.5633 0.6555
vn -0.5957 -0.2064 0.7763
vn -0.0017 1.0000 0.0052
vn -0.3345 -0.8356 0.4359
vn -0.5031 -0.5632 0.6556
vn -0.3345 -0.8355 0.4359
vn -0.1128 -0.9827 0.1470
vn -0.1914 0.0027 0.9815
vn -0.1881 0.1829 0.9650
vn 0.5000 -0.0000 0.8660
vn 0.5000 -0.0000 -0.8660
vn -0.1605 0.5443 0.8234
vn -0.1081 0.8254 0.5542
vn -0.1080 0.8254 0.5542
vn -0.3419 0.0138 0.9396
vn -0.3827 -0.0000 0.9239
vn -0.3744 -0.2064 0.9040
vn -0.1349 -0.0143 0.9908
vn -0.3163 -0.5632 0.7634
vn -0.3745 -0.2063 0.9040
vn -0.0416 0.9760 0.2135
vn -0.0416 0.9761 0.2135
vn -0.3162 -0.5633 0.7634
vn -0.2103 -0.8355 0.5076
vn -0.0618 0.9464 0.3171
vn -0.0017 1.0000 0.0053
vn -0.0709 -0.9827 0.1712
vn -0.0004 1.0000 0.0055
vn -0.1305 -0.0092 0.9914
vn -0.1277 -0.2063 0.9701
vn -0.1078 -0.5633 0.8192
vn -0.1277 -0.2062 0.9701
vn 0.1045 -0.0000 0.9945
vn 0.1045 -0.0000 -0.9945
vn -0.1079 -0.5632 0.8193
vn -0.0717 -0.8355 0.5447
vn -0.0717 -0.8356 0.5447
vn -0.0242 -0.9827 0.1837
vn -0.0242 -0.9827 0.1838
vn -0.0000 0.0079 1.0000
vn -0.0000 0.1829 0.9831
vn -0.0000 0.5443 0.8389
vn -0.0000 0.0184 0.9998
vn -0.0000 0.8254 0.5646
vn -0.0000 0.9761 0.2175
vn -0.0000 0.9990 0.0444
vn 0.9659 0.2588 -0.0000
vn 0.9659 -0.2588 -0.0000
vn 0.7071 -0.7071 -0.0000
vn 0.7071 0.7071 -0.0000
vn 0.2588 -0.9659 -0.0000
vn 0.2588 0.9659 -0.0000
vn 0.1305 -0.0092 0.9914
vn 0.1078 -0.5629 0.8195
vn 0.0717 -0.8356 0.5446
vn 0.1078 -0.5632 0.8193
vn -0.2588 -0.9659 -0.0000
vn 0.0242 -0.9827 0.1838
vn 0.0242 -0.9827 0.1837
vn -0.2588 0.9659 -0.0000
vn 0.1349 -0.0143 0.9908
vn 0.0717 -0.8355 0.5448
vn 0.1277 -0.2063 0.9701
vn -0.7071 -0.7071 -0.0000
vn -0.7071 0.7071 -0.0000
vn 0.0012 1.0000 0.0068
vn -0.3090 -0.0000 0.9511
vn -0.3091 -0.0000 -0.9510
vn -0.3090 -0.0000 -0.9510
vn -0.9659 -0.2588 -0.0000
vn -0.9659 0.2588 -0.0000
vn 0.0013 1.0000 0.0068
vn 0.0019 0.9999 0.0106
vn 0.0416 0.9761 0.2135
vn 0.1081 0.8254 0.5542
vn 0.0416 0.9760 0.2135
vn 0.1605 0.5443 0.8234
vn 0.1080 0.8254 0.5542
vn 0.3419 0.0138 0.9396
vn 0.1881 0.1829 0.9650
vn 0.1914 0.0027 0.9815
vn 0.0709 -0.9827 0.1712
vn 0.2103 -0.8355 0.5076
vn 0.3162 -0.5632 0.7634
vn 0.3162 -0.5633 0.7634
vn 0.3745 -0.2064 0.9040
vn 0.3744 -0.2063 0.9040
vn 0.3827 -0.0000 0.9239
vn 0.1128 -0.9827 0.1470
vn -0.6691 -0.0000 0.7431
vn -0.6691 -0.0000 -0.7431
vn 0.3345 -0.8356 0.4358
vn 0.3345 -0.8355 0.4359
vn 0.0064 0.9999 0.0159
vn 0.0817 0.9760 0.2016
vn 0.5030 -0.5633 0.6555
vn 0.5030 -0.5632 0.6556
vn 0.0027 1.0000 0.0061
vn 0.2121 0.8254 0.5233
vn 0.5957 -0.2063 0.7763
vn 0.5957 -0.2064 0.7763
vn 0.3949 -0.0039 0.9187
vn 0.6427 0.0137 0.7660
vn 0.6088 -0.0000 0.7933
vn 0.1470 -0.9827 0.1128
vn 0.3151 0.5443 0.7775
vn 0.2121 0.8254 0.5232
vn 0.3693 0.1829 0.9111
vn 0.3756 -0.0129 0.9267
vn 0.3693 0.1830 0.9111
vn 0.4359 -0.8355 0.3345
vn 0.4359 -0.8356 0.3345
vn 0.1712 -0.9827 0.0709
vn -0.9135 -0.0000 0.4068
vn -0.9135 -0.0000 -0.4068
vn 0.6555 -0.5633 0.5030
vn 0.7763 -0.2063 0.5957
vn 0.7763 -0.2062 0.5957
vn 0.1838 -0.9827 0.0242
vn 0.1837 -0.9827 0.0242
vn 0.7933 -0.0092 0.6087
vn 0.5074 -0.8357 0.2101
vn 0.5076 -0.8355 0.2103
vn 0.1838 -0.9830 -0.0000
vn 0.2079 -0.9781 -0.0016
vn 0.2078 -0.9775 0.0356
vn 0.2078 -0.9775 0.0357
vn 0.0338 0.9981 0.0520
vn 0.1188 0.9760 0.1823
vn 0.1840 -0.9775 0.1029
vn 0.8659 0.0183 0.4999
vn -0.9945 -0.0000 0.1045
vn -0.9982 -0.0600 -0.0000
vn -0.9945 -0.0000 -0.1045
vn 0.3083 0.8254 0.4730
vn 0.1188 0.9761 0.1823
vn 0.5446 -0.8356 0.0717
vn 0.5447 -0.8355 0.0717
vn 0.7635 -0.5631 0.3163
vn 0.7633 -0.5633 0.3162
vn 0.0032 1.0000 0.0041
vn 0.5460 -0.8378 0.0016
vn 0.4581 0.5443 0.7028
vn 0.5665 -0.8241 0.0011
vn 0.5638 -0.8202 0.0968
vn 0.1537 -0.9781 0.1406
vn 0.9040 -0.2062 0.3745
vn 0.9040 -0.2062 0.3744
vn 0.5368 0.1830 0.8236
vn 0.5448 -0.8355 0.0717
vn 0.5462 -0.8377 0.0011
vn 0.5666 -0.8240 -0.0000
vn 0.5639 -0.8202 0.0967
vn 0.5640 -0.8201 0.0968
vn 0.4994 -0.8201 0.2792
vn 0.5460 0.0068 0.8377
vn 0.9238 -0.0092 0.3827
vn 0.8193 -0.5630 0.1079
vn 0.8193 -0.5631 0.1079
vn 0.8241 -0.5664 -0.0000
vn 0.8378 -0.5460 -0.0011
vn 0.8293 -0.5405 0.1422
vn 0.4186 -0.8235 0.3829
vn 0.7343 -0.5404 0.4107
vn 0.7343 -0.5406 0.4105
vn 0.9847 0.0137 0.1736
vn 0.8193 -0.5632 0.1079
vn 0.9701 -0.2063 0.1277
vn 0.9701 -0.2062 0.1277
vn 0.5461 0.0068 0.8377
vn 0.6261 -0.0156 0.7796
vn 0.8241 -0.5665 -0.0011
vn 0.8377 -0.5461 -0.0016
vn 0.8292 -0.5405 0.1422
vn 0.9914 -0.0000 0.1305
vn 0.9781 -0.2080 0.0016
vn 0.9829 -0.1839 -0.0000
vn 0.9693 -0.1814 0.1662
vn 0.1445 0.9783 0.1486
vn 0.1515 0.9761 0.1561
vn 0.8584 -0.1814 0.4799
vn 0.8583 -0.1812 0.4800
vn 0.6184 -0.5454 0.5657
vn 0.9856 -0.0000 0.1690
vn 0.8729 -0.0000 0.4880
vn 0.7253 -0.1839 0.6635
vn 0.7253 -0.1835 0.6635
vn 0.3931 0.8254 0.4053
vn 0.1515 0.9760 0.1562
vn 0.7239 -0.0086 0.6898
vn 0.7379 -0.0000 0.6750
vn 0.1354 -0.9781 0.1583
vn 0.1353 -0.9781 0.1583
vn 0.5841 0.5442 0.6021
vn 0.3931 0.8253 0.4053
vn 0.0044 1.0000 0.0034
vn 0.1838 0.9830 -0.0000
vn 0.1990 0.9791 0.0421
vn 0.1837 0.9826 0.0282
vn 0.1837 0.9825 -0.0298
vn 0.6845 0.1829 0.7057
vn 0.5841 0.5443 0.6021
vn 0.6963 0.0064 0.7178
vn 0.0121 0.9999 -0.0063
vn 0.1625 0.9823 -0.0933
vn 0.1987 0.9792 0.0420
vn 0.3686 -0.8235 0.4312
vn 0.1675 0.9788 0.1179
vn 0.1576 0.9845 0.0774
vn 0.0180 0.9998 0.0126
vn 0.1786 0.9760 0.1243
vn 0.5447 -0.5454 0.6371
vn 0.5447 -0.5453 0.6371
vn 0.5460 0.8378 -0.0000
vn 0.5441 0.8348 0.0835
vn 0.5439 0.8345 -0.0883
vn 0.0114 0.9999 -0.0074
vn 0.1858 0.9760 -0.1132
vn 0.0518 0.9982 -0.0315
vn 0.2021 0.9751 -0.0911
vn 0.5442 0.8348 0.0835
vn 0.4942 0.8348 0.2428
vn 0.2019 0.9752 -0.0910
vn 0.4828 0.8333 -0.2694
vn 0.5440 0.8345 -0.0883
vn 0.5461 0.8377 -0.0000
vn 0.5442 0.8348 0.0834
vn 0.4634 0.8254 0.3225
vn 0.6388 -0.1835 0.7471
vn 0.6388 -0.1836 0.7471
vn 0.6387 -0.1834 0.7473
vn 0.6497 0.0057 0.7601
vn 0.1196 0.9829 0.1399
vn 0.1274 0.9844 0.1213
vn 0.4941 0.8348 0.2428
vn 0.3986 0.8348 0.3797
vn 0.1859 0.9760 -0.1133
vn 0.6962 0.0064 0.7178
vn 0.6845 0.1830 0.7057
vn 0.8241 0.5664 -0.0000
vn 0.8176 0.5619 0.1254
vn 0.8169 0.5614 -0.1325
vn 0.8207 -0.0115 0.5713
vn 0.8118 -0.0050 0.5839
vn 0.4822 0.8254 -0.2938
vn 0.4822 0.8253 -0.2938
vn 0.5030 0.8231 -0.2635
vn 0.6885 0.5443 0.4792
vn 0.0083 1.0000 0.0036
vn 0.8175 0.5621 0.1255
vn 0.7423 0.5621 0.3647
vn 0.7434 0.5632 -0.3607
vn 0.7450 0.5410 -0.3903
vn 0.8168 0.5615 -0.1326
vn 0.1074 0.9829 0.1492
vn 0.0083 1.0000 0.0037
vn 0.0073 1.0000 0.0032
vn 0.0061 1.0000 -0.0024
vn 0.1991 0.9760 0.0878
vn 0.6187 -0.0097 0.7856
vn 0.6222 0.0047 0.7828
vn 0.6178 0.0057 0.7863
vn 0.6357 0.0313 0.7713
vn 0.6222 0.0046 0.7829
vn 0.8239 0.5667 -0.0000
vn 0.8176 0.5620 0.1254
vn 0.8168 0.5615 -0.1325
vn 0.8242 0.5664 -0.0000
vn 0.6485 -0.0642 0.7585
vn 0.5890 0.0344 0.8074
vn 0.5890 0.0343 0.8074
vn 0.1150 -0.9781 0.1737
vn 0.8069 0.1830 0.5616
vn 0.9781 0.2080 -0.0000
vn 0.9673 0.2057 0.1484
vn 0.9660 0.2055 -0.1567
vn 0.9660 0.2055 -0.1568
vn 0.0058 1.0000 -0.0023
vn 0.7423 0.5620 0.3647
vn 0.3987 0.8348 0.3797
vn 0.5989 0.5620 0.5705
vn 0.9673 0.2057 0.1483
vn 0.8784 0.2057 0.4313
vn 0.8783 0.2057 0.4315
vn 0.7164 0.5442 -0.4365
vn 0.8546 0.2046 -0.4772
vn 0.7575 0.5392 -0.3681
vn 0.0110 0.9999 -0.0041
vn 0.2040 0.9761 -0.0755
vn 0.2040 0.9760 -0.0756
vn 0.1026 0.9829 0.1530
vn 0.0862 0.9866 0.1384
vn 0.3045 0.8372 0.4542
vn 0.3046 0.8372 0.4543
vn 0.9885 -0.0000 0.1515
vn 0.9740 0.0061 0.2263
vn 0.9871 -0.0000 -0.1602
vn 0.8975 -0.0030 0.4411
vn 0.8858 -0.0000 -0.4640
vn 0.8711 0.1815 -0.4563
vn 0.8975 -0.0030 0.4409
vn 0.7744 0.0061 0.6326
vn 0.8784 0.2057 0.4315
vn 0.7086 0.2057 0.6750
vn 0.3132 -0.8235 0.4730
vn 0.1148 -0.9782 0.1733
vn 0.7163 0.5445 -0.4364
vn 0.5166 0.8254 0.2279
vn 0.1990 0.9760 0.0878
vn 0.8395 0.1830 -0.5116
vn 0.8396 0.1830 -0.5115
vn 0.8396 0.1831 -0.5115
vn 0.7241 -0.0000 0.6897
vn 0.7086 0.2057 0.6749
vn 0.8539 -0.0000 -0.5204
vn 0.8145 0.0060 -0.5802
vn 0.0076 1.0000 0.0033
vn 0.3045 0.8372 0.4543
vn 0.4592 0.5656 0.6850
vn 0.0260 0.9996 0.0059
vn 0.2122 0.9760 0.0481
vn 0.0057 1.0000 0.0010
vn 0.4628 -0.5453 0.6989
vn 0.5295 0.8253 -0.1961
vn 0.5295 0.8254 -0.1961
vn 0.0106 0.9999 -0.0043
vn 0.0059 1.0000 -0.0007
vn 0.0156 0.9999 -0.0026
vn 0.4592 0.5657 0.6850
vn 0.5447 0.2077 0.8125
vn 0.5447 0.2075 0.8126
vn 0.2147 0.9760 -0.0351
vn 0.2147 0.9761 -0.0351
vn 0.8532 -0.0418 -0.5199
vn 0.9161 0.0978 -0.3888
vn 0.8977 0.0502 -0.4377
vn 0.8808 0.0270 -0.4726
vn 0.8654 0.0143 -0.5008
vn 0.8656 0.0144 -0.5006
vn 0.8518 0.0060 -0.5239
vn 0.8607 -0.0024 -0.5091
vn 0.8719 -0.0169 -0.4895
vn 0.8820 -0.0407 -0.4694
vn 0.8820 -0.0406 -0.4695
vn 0.8905 -0.0963 -0.4447
vn 0.8902 -0.1184 -0.4399
vn 0.5920 -0.0000 0.8059
vn 0.5773 -0.0041 0.8165
vn 0.5771 -0.0041 0.8166
vn 0.5639 -0.0099 0.8258
vn 0.5455 -0.0241 0.8378
vn 0.5456 -0.0240 0.8377
vn 0.5568 -0.0075 0.8306
vn 0.5673 0.0321 0.8229
vn 0.5762 0.0113 0.8172
vn 0.5844 0.0040 0.8114
vn 0.5845 0.0040 0.8114
vn 0.5962 -0.0015 0.8029
vn 0.7675 0.5443 0.3386
vn 0.5165 0.8254 0.2279
vn 0.0060 1.0000 0.0010
vn 0.5427 -0.1836 0.8196
vn 0.5427 -0.1835 0.8196
vn 0.4627 -0.5452 0.6990
vn 0.4627 -0.5454 0.6989
vn 0.5521 0.0065 0.8338
vn 0.5380 0.0239 0.8426
vn 0.1384 0.9904 0.0042
vn 0.2175 0.9760 0.0066
vn 0.0728 0.9973 0.0020
vn 0.7867 0.5443 -0.2913
vn 0.7867 0.5442 -0.2914
vn 0.5506 0.8254 0.1248
vn 0.8995 0.1830 0.3967
vn 0.8995 0.1830 0.3968
vn 0.7675 0.5442 0.3386
vn 0.9150 0.0034 0.4035
vn 0.5572 0.8254 -0.0911
vn 0.5572 0.8253 -0.0911
vn 0.8775 0.0053 0.4796
vn 0.8925 0.0069 0.4509
vn 0.9095 0.0136 0.4155
vn 0.9294 0.0360 0.3672
vn 0.9295 0.0362 0.3670
vn 0.9149 0.0016 0.4037
vn 0.7680 0.0033 0.6405
vn 0.8995 0.1830 0.3969
vn 0.9149 -0.1795 0.3615
vn 0.9166 -0.0411 0.3977
vn 0.9028 -0.0072 0.4301
vn 0.9028 -0.0072 0.4300
vn 0.8915 -0.0007 0.4530
vn 0.8856 -0.0001 0.4644
vn 0.9988 0.0482 -0.0010
vn 0.9939 -0.1097 0.0125
vn 0.9907 -0.1350 0.0180
vn 0.9980 0.0628 -0.0036
vn 0.9998 0.0205 0.0002
vn 0.9910 -0.1330 -0.0172
vn 0.9991 -0.0427 0.0081
vn 0.9994 0.0245 0.0261
vn 0.9829 0.1840 -0.0033
vn 0.9908 -0.1353 -0.0069
vn 1.0000 -0.0005 -0.0006
vn 0.9833 -0.1820 -0.0006
vn 0.9440 0.3294 -0.0177
vn 0.9824 0.1869 -0.0002
vn 0.9695 0.2450 -0.0001
vn 0.9388 0.3440 0.0195
vn 0.9788 0.2050 0.0014
vn 0.9360 0.3513 0.0227
vn 0.9598 0.2805 0.0067
vn 0.9895 -0.1447 -0.0000
vn 0.9389 -0.3029 0.1635
vn 0.9982 -0.0600 -0.0000
vn 0.9939 -0.1099 0.0111
vn 0.9646 -0.2635 -0.0047
vn 0.9142 0.4052 -0.0000
vn 0.9962 -0.0870 -0.0000
vn 0.9962 0.0870 -0.0000
vn 0.9142 -0.4052 -0.0000
vn 0.9619 -0.2733 -0.0023
vn 0.9219 0.1831 -0.3414
vn 0.9219 0.1830 -0.3415
vn 0.9566 -0.2913 0.0022
vn 0.9647 -0.2633 -0.0046
vn 0.8984 -0.4391 -0.0070
vn 0.7805 -0.6165 0.1037
vn 0.8882 -0.4585 0.0287
vn 0.9202 0.3914 0.0042
vn 0.8710 0.4902 0.0315
vn 0.8758 0.4827 0.0037
vn 0.9829 0.1842 -0.0033
vn 0.8542 -0.5193 0.0263
vn 0.9086 -0.4177 0.0043
vn 0.9026 -0.4304 -0.0052
vn 0.8472 -0.5308 -0.0236
vn 0.9117 -0.4108 -0.0002
vn 0.9376 0.0203 -0.3472
vn 0.9358 0.0168 -0.3521
vn 0.5643 0.8254 0.0172
vn 0.9353 -0.3539 -0.0000
vn 0.9353 0.3539 -0.0000
vn 0.9100 -0.4145 -0.0059
vn 0.8583 -0.5120 -0.0350
vn 0.8581 -0.5123 -0.0352
vn 0.7854 -0.6091 -0.1101
vn 0.7381 -0.6484 -0.1866
vn 0.8301 -0.5574 -0.0176
vn 0.8154 0.5741 -0.0736
vn 0.8155 0.5741 -0.0736
vn 0.8934 0.4492 -0.0094
vn 0.8302 0.5574 0.0082
vn 0.7532 0.6384 -0.1587
vn 0.7530 0.6385 -0.1590
vn 0.9415 0.3371 -0.0067
vn 0.9139 0.4059 -0.0001
vn 0.9354 0.3537 0.0064
vn 0.8182 0.5442 0.1855
vn 0.7965 -0.6047 -0.0000
vn 0.8692 0.4945 -0.0019
vn 0.8771 0.4804 0.0017
vn 0.8627 0.5056 -0.0028
vn 0.0893 0.9960 -0.0000
vn 0.0891 0.9960 -0.0000
vn 0.1331 0.9911 -0.0065
vn 0.1331 -0.9911 -0.0053
vn 0.1893 -0.9818 -0.0115
vn 0.0515 -0.9987 -0.0000
vn 0.1393 0.9815 0.1315
vn 0.1189 -0.9780 0.1715
vn 0.8279 0.5442 -0.1354
vn 0.8279 0.5443 -0.1354
vn 0.8116 0.5842 -0.0000
vn 0.8111 0.5849 -0.0000
vn 0.7936 0.6083 0.0100
vn 0.7709 0.6368 -0.0149
vn 0.8073 0.5901 -0.0041
vn 0.8071 0.5904 -0.0042
vn 0.8301 -0.5577 -0.0026
vn 0.8164 -0.5775 -0.0002
vn 0.8431 -0.5377 0.0119
vn 0.9508 0.0344 -0.3079
vn 0.9588 0.1830 0.2174
vn 0.8181 0.5443 0.1855
vn 0.8691 0.4946 -0.0019
vn 0.7293 0.6842 0.0024
vn 0.6497 0.7597 0.0268
vn 0.9374 -0.0275 -0.3472
vn 0.9621 0.0242 -0.2715
vn 0.9350 0.0203 -0.3540
vn 0.8385 0.5443 0.0255
vn 0.9508 0.0340 -0.3079
vn 0.8299 -0.5579 -0.0026
vn 0.9555 -0.0572 -0.2893
vn 0.7457 -0.6663 -0.0049
vn 0.9621 -0.0008 0.2728
vn 0.9749 0.0287 0.2210
vn 0.7440 -0.6682 0.0012
vn 0.2884 0.8378 0.4635
vn 0.1742 0.9730 0.1514
vn 0.6047 0.7965 -0.0000
vn 0.6047 -0.7965 -0.0000
vn 0.1545 -0.9764 0.1507
vn 0.1703 -0.9669 0.1898
vn 0.2887 0.8376 0.4638
vn 0.8385 0.5442 0.0255
vn 0.3139 -0.8235 0.4726
vn 0.6066 -0.7946 0.0246
vn 0.5945 -0.8035 0.0313
vn 0.6069 -0.7944 0.0245
vn 0.7561 -0.6544 -0.0072
vn 0.9702 0.1830 -0.1587
vn 0.9702 0.1829 -0.1587
vn 0.6903 -0.7235 -0.0039
vn 0.6845 -0.7290 -0.0054
vn 0.6842 -0.7293 -0.0055
vn 0.7123 -0.7018 0.0089
vn 0.7131 -0.7010 0.0103
vn 0.7131 -0.7009 0.0102
vn 0.7369 0.6760 -0.0000
vn 0.0010 -0.0000 1.0000
vn 0.5546 0.8321 -0.0000
vn 0.9866 0.0246 -0.1614
vn 0.9854 0.0166 -0.1692
vn 0.9835 0.0252 0.1794
vn 0.9749 0.0253 0.2211
vn 0.9588 0.1829 0.2174
vn 0.9845 -0.0016 0.1751
vn 0.4366 0.5663 0.6990
vn 0.3821 0.7827 0.4913
vn 0.3885 0.7756 0.4975
vn 0.3836 -0.7792 0.4957
vn 0.4394 -0.5460 0.7133
vn 0.2354 -0.9638 0.1254
vn 0.5247 0.0065 0.8512
vn 0.5514 -0.0533 0.8325
vn 0.4889 0.0118 0.8723
vn 0.5428 -0.1835 0.8196
vn 0.6324 -0.7746 0.0055
vn 0.9827 0.1830 0.0299
vn 0.9827 0.1829 0.0299
vn 0.4943 -0.0004 0.8693
vn 0.4675 0.0054 0.8840
vn 0.9827 0.1830 0.0300
vn 0.5780 -0.8157 -0.0246
vn 0.5756 -0.8173 -0.0269
vn 0.6326 -0.7745 0.0055
vn 0.5739 0.8183 -0.0315
vn 0.5781 0.8159 -0.0127
vn 0.5918 0.8060 -0.0114
vn 0.6822 0.7311 0.0085
vn 0.9995 0.0031 0.0305
vn 0.9969 0.0446 0.0642
vn 0.4668 0.2078 0.8596
vn 0.4709 0.5023 0.7252
vn 0.9984 -0.0119 -0.0555
vn 0.4833 0.2080 0.8504
vn 0.4667 0.2048 0.8604
vn 0.4574 -0.5453 0.7024
vn 0.4633 -0.5043 0.7287
vn 0.4760 -0.1838 0.8600
vn 0.5436 0.8393 -0.0002
vn 0.2354 -0.9638 0.1252
vn 0.1934 -0.9811 0.0013
vn 0.1510 0.9749 0.1635
vn 0.9995 -0.0039 0.0301
vn 0.9984 -0.0040 -0.0559
vn 0.4654 0.0118 0.8850
vn 0.4823 -0.0007 0.8760
vn 0.4819 -0.1677 0.8600
vn 0.4052 -0.9142 -0.0000
vn 0.4945 -0.0004 0.8692
vn 0.4597 -0.0111 0.8880
vn 0.4664 -0.0051 0.8846
vn 0.4819 0.1677 0.8600
vn 0.3051 0.9429 0.1334
vn 0.2944 0.9427 0.1570
vn 0.2653 0.9642 0.0033
vn 0.2962 -0.9410 0.1636
vn 0.3865 -0.7816 0.4895
vn 0.5666 -0.8238 -0.0191
vn 0.6439 0.7616 -0.0735
vn 0.4026 -0.9153 -0.0099
vn 0.3271 0.9450 0.0002
vn 0.1163 0.9917 0.0545
vn 0.2019 0.9794 0.0064
vn 0.5439 0.8391 -0.0002
vn 0.4395 -0.0022 0.8982
vn 0.3050 0.9429 0.1336
vn 0.2651 0.9642 0.0033
vn 0.2549 -0.9490 0.1857
vn 0.1935 -0.9811 0.0013
vn 0.2652 0.9642 0.0033
vn 0.4266 0.9044 -0.0099
vn 0.4267 0.9043 -0.0100
vn 0.5692 0.8207 -0.0493
vn 0.4258 0.9048 -0.0057
vn 0.3570 -0.9341 -0.0014
vn 0.4258 -0.9048 -0.0042
vn 0.5014 -0.8648 -0.0267
vn 0.3568 -0.9342 -0.0014
vn 0.3050 0.9430 0.1335
vn 0.2546 -0.9490 0.1858
vn 0.4025 -0.9154 -0.0099
vn 0.1570 -0.9873 0.0233
vn 0.0588 -0.9928 0.1045
vn 0.1891 -0.9817 0.0237
vn 0.3071 0.9517 -0.0000
vn 0.1447 -0.9895 -0.0000
vn 0.3029 -0.9389 -0.1635
vn 0.1445 0.9879 -0.0564
vn 0.4568 -0.0021 0.8896
vn 0.3985 -0.9031 0.1600
vn 0.4065 -0.9034 0.1365
vn 0.4651 0.7612 0.4520
vn 0.4162 0.8923 0.1748
vn 0.4680 -0.7397 0.4835
vn 0.4913 -0.7526 0.4385
vn 0.1084 0.9941 -0.0000
vn 0.4670 -0.0007 0.8843
vn 0.4819 0.1678 0.8600
vn 0.4701 -0.0232 0.8823
vn 0.4816 -0.1678 0.8602
vn 0.4958 0.4955 0.7132
vn 0.4954 0.7290 0.4724
vn 0.4958 -0.4955 0.7132
vn 0.4568 0.1697 0.8732
vn 0.5290 0.4382 0.7268
vn 0.5281 0.4424 0.7249
vn 0.4105 0.0005 0.9119
vn 0.4486 -0.1460 0.8817
vn 0.4704 -0.1686 0.8662
vn 0.5294 -0.4404 0.7251
vn 0.3948 0.0154 0.9187
vn 0.3785 -0.0504 0.9242
vn 0.4596 0.1392 0.8772
vn 0.4568 0.8813 0.1207
vn -0.0183 -0.0000 -0.9998
vn 0.0092 0.1305 -0.9914
vn -0.0137 0.3420 -0.9396
vn -0.0137 -0.3420 -0.9396
vn 0.0092 -0.1305 -0.9914
vn -0.0000 0.3827 -0.9239
vn -0.0000 0.6088 -0.7933
vn -0.0137 0.6427 -0.7660
vn -0.0137 -0.6427 -0.7660
vn -0.0000 -0.6088 -0.7933
vn -0.0000 -0.3827 -0.9239
vn 0.0092 0.7933 -0.6087
vn 0.0092 0.7933 -0.6088
vn -0.0183 0.8659 -0.4999
vn -0.0183 -0.8659 -0.4999
vn 0.0092 -0.7933 -0.6088
vn 0.0092 -0.7933 -0.6087
vn 0.0092 0.9239 -0.3826
vn 0.0092 0.9238 -0.3827
vn -0.0137 0.9847 -0.1736
vn -0.0137 -0.9847 -0.1736
vn 0.0092 -0.9238 -0.3827
vn 0.0092 -0.9239 -0.3826
vn 0.0600 -0.9982 -0.0000
vn -0.0000 0.9914 -0.1305
vn -0.0000 -0.9914 -0.1305
vn -1.0000 -0.0001 -0.0000
vn -0.0000 0.9856 -0.1690
vn -0.0000 -0.9856 -0.1690
vn -0.0000 0.8729 -0.4880
vn -0.0000 -0.8729 -0.4880
vn -0.0000 0.7379 -0.6750
vn 0.0086 0.7239 -0.6898
vn 0.0086 -0.7239 -0.6898
vn -0.0000 -0.7379 -0.6750
vn 0.0082 0.6187 -0.7856
vn -0.0080 0.6235 -0.7818
vn -0.0057 0.6497 -0.7601
vn -0.0057 0.6225 -0.7826
vn 0.0097 -0.6187 -0.7856
vn -0.0057 -0.6497 -0.7601
vn -0.0048 -0.6223 -0.7828
vn -0.0057 -0.6178 -0.7863
vn -0.0313 -0.6357 -0.7713
vn -0.0046 -0.6222 -0.7829
vn 0.1168 0.9932 -0.0000
vn 0.1350 -0.9907 -0.0180
vn 0.0752 0.9971 -0.0101
vn 0.3948 0.0155 0.9186
vn 0.3986 -0.9030 0.1600
vn 0.4569 0.8813 0.1206
vn -0.0870 -0.9962 -0.0000
vn 0.5242 -0.8376 0.1539
vn 0.5469 -0.6867 0.4789
vn 0.5708 -0.6948 0.4376
vn 0.5481 0.7059 0.4488
vn 0.5283 0.8303 0.1774
vn 0.5325 -0.8357 0.1347
vn 0.5272 -0.4394 0.7273
vn 0.5704 0.6736 0.4700
vn 0.3789 -0.0502 0.9241
vn -0.0628 -0.9980 0.0036
vn 0.4598 0.1391 0.8770
vn 0.3827 0.0415 0.9229
vn 0.4416 -0.1503 0.8845
vn 0.1331 0.9911 -0.0000
vn 0.1331 -0.9911 -0.0000
vn 0.1368 0.9906 -0.0000
vn 0.1564 -0.9877 -0.0000
vn 0.1384 -0.9903 0.0133
vn 0.1564 0.9876 0.0118
vn -0.1023 0.9947 0.0043
vn 0.5979 0.7919 0.1244
vn -0.0587 0.9983 -0.0006
vn -0.1381 -0.9904 -0.0094
vn 0.4301 0.1443 0.8912
vn 0.4441 0.1467 0.8839
vn 0.5758 0.3843 0.7217
vn 0.5682 0.4141 0.7111
vn 0.4588 -0.1707 0.8720
vn 0.3881 -0.1512 0.9091
vn 0.5846 -0.4036 0.7038
vn 0.5325 -0.8356 0.1347
vn 0.5077 -0.8615 0.0005
vn 0.5978 0.7920 0.1245
vn 0.5797 0.8148 0.0034
vn -0.1951 0.9808 0.0070
vn -0.1950 0.9808 0.0070
vn -0.3659 0.9280 0.0696
vn -0.3657 0.9281 0.0694
vn -0.4598 0.8742 0.1563
vn -0.2964 0.9551 0.0034
vn 0.6411 0.6076 0.4689
vn 0.6261 0.6389 0.4470
vn 0.6451 -0.6257 0.4386
vn 0.5600 -0.3973 0.7270
vn 0.6287 0.7660 0.1339
vn 0.6321 -0.7556 0.1718
vn 0.6219 -0.6224 0.4752
vn -0.1386 -0.9903 -0.0094
vn 0.4316 0.1715 0.8856
vn -0.3159 -0.9486 -0.0207
vn -0.3916 -0.9028 0.1777
vn -0.3917 -0.9027 0.1779
vn -0.3059 -0.9502 0.0594
vn -0.3061 -0.9501 0.0596
vn -0.3059 -0.9502 0.0595
vn 0.4669 -0.1560 0.8705
vn -0.0074 0.6201 -0.7845
vn -0.1025 0.9947 0.0043
vn -0.3514 0.9362 0.0036
vn -0.5034 0.8619 -0.0617
vn -0.3152 0.9490 -0.0121
vn -0.3513 -0.9360 -0.0227
vn -0.2805 -0.9598 -0.0067
vn 0.6029 0.7773 0.1795
vn -0.3558 0.9158 0.1865
vn -0.2548 0.9670 -0.0000
vn 0.7131 0.7010 -0.0116
vn 0.7071 0.7071 -0.0093
vn 0.7684 -0.6393 -0.0300
vn 0.7071 -0.7071 -0.0090
vn 0.6491 -0.7607 -0.0006
vn 0.6492 -0.7606 -0.0006
vn 0.6628 -0.7391 0.1199
vn 0.4667 -0.1555 0.8706
vn 0.6021 -0.3621 0.7116
vn 0.5673 0.2605 0.7812
vn 0.6260 0.3407 0.7015
vn -0.0199 0.6033 -0.7973
vn 0.5930 -0.3510 0.7246
vn 0.7126 -0.5457 0.4410
vn 0.6281 -0.3607 0.6895
vn 0.7255 -0.6816 0.0949
vn 0.6667 -0.7023 0.2496
vn 0.5893 0.3455 0.7303
vn 0.7061 0.5313 0.4681
vn 0.6981 0.5591 0.4473
vn 0.7248 0.6755 0.1354
vn 0.6917 -0.5464 0.4722
vn 0.7279 0.6710 0.1411
vn 0.5756 0.3730 0.7277
vn -0.5741 -0.8154 0.0736
vn -0.5745 -0.8152 0.0739
vn -0.4492 -0.8934 0.0094
vn -0.3539 -0.9353 -0.0000
vn -0.5574 -0.8302 -0.0082
vn -0.6383 -0.7533 0.1585
vn -0.6385 -0.7530 0.1590
vn 0.6247 -0.3168 0.7137
vn 0.5754 0.3732 0.7278
vn 0.7779 -0.6175 0.1165
vn -0.4095 0.9059 0.1085
vn 0.0873 -0.0000 0.9962
vn 0.1484 -0.0009 0.9889
vn -0.0343 -0.5890 -0.8074
vn -0.4945 -0.8692 0.0019
vn 0.7737 -0.4627 0.4328
vn 0.7738 -0.4626 0.4327
vn 0.7703 -0.4568 0.4450
vn 0.7195 0.3588 0.5946
vn 0.7864 0.4356 0.4380
vn -0.0375 0.5865 -0.8091
vn 0.3381 0.9411 -0.0000
vn 0.3379 -0.9404 0.0380
vn 0.4258 -0.9048 -0.0000
vn 0.4257 0.9047 0.0172
vn 0.8150 -0.5704 0.1023
vn 0.7748 -0.5958 0.2115
vn 0.7717 -0.6359 0.0009
vn 0.7250 0.6740 0.1421
vn 0.7528 -0.4566 0.4741
vn 0.7746 -0.4555 0.4387
vn 0.7498 0.4537 0.4816
vn 0.7185 0.4592 0.5225
vn 0.8131 0.5580 0.1658
vn 0.3821 0.9241 -0.0084
vn 0.3824 -0.9239 -0.0084
vn -0.5513 0.8336 -0.0361
vn 0.3350 0.0011 0.9422
vn 0.8336 0.5394 0.1188
vn 0.8312 0.5559 0.0039
vn 0.4142 0.9101 -0.0084
vn 0.3865 0.9223 0.0060
vn 0.3865 -0.9223 0.0060
vn 0.4142 -0.9101 -0.0084
vn -0.5808 0.8140 -0.0029
vn 0.4497 0.0005 0.8932
vn -0.5807 0.8141 -0.0029
vn -0.6489 0.7604 0.0267
vn -0.6491 0.7603 0.0268
vn -0.6450 0.7638 0.0232
vn -0.6280 0.7782 -0.0000
vn -0.5281 -0.8489 -0.0212
vn 0.7136 0.5099 0.4804
vn -0.6157 -0.7874 0.0322
vn -0.6171 -0.7843 0.0627
vn -0.6157 -0.7874 0.0323
vn -0.5276 -0.8492 -0.0214
vn -0.5512 0.8336 -0.0361
vn 0.3355 0.0005 0.9420
vn 0.4496 -0.0000 0.8932
vn 0.8337 0.5394 0.1187
vn 0.8313 0.5559 0.0039
vn 0.7784 -0.4197 0.4668
vn 0.7749 -0.5957 0.2114
vn 0.7718 -0.6358 0.0009
vn 0.9048 0.4257 -0.0132
vn 0.8716 -0.4901 -0.0010
vn 0.8711 -0.4910 -0.0010
vn 0.9404 -0.3379 -0.0380
vn 0.9048 -0.4258 -0.0000
vn 0.8715 -0.4746 0.1232
vn -0.5514 0.8335 -0.0361
vn 0.3370 -0.0023 0.9415
vn -0.0374 0.5866 -0.8090
vn -0.5237 0.8519 0.0036
vn -0.0344 -0.5890 -0.8074
vn -0.4950 -0.8689 0.0019
vn -0.6554 0.7536 0.0505
vn -0.6555 0.7535 0.0504
vn -0.7033 0.7108 -0.0060
vn -0.7597 0.6498 -0.0265
vn -0.7034 0.7107 -0.0060
vn -0.6842 -0.7293 -0.0024
vn -0.7597 -0.6497 -0.0268
vn -0.0239 -0.5380 -0.8426
vn 0.0642 -0.6485 -0.7585
vn 0.8336 0.5394 0.1187
vn 0.8429 0.3943 0.3663
vn 0.8803 0.4389 0.1801
vn 0.8669 -0.4293 0.2536
vn 0.8669 -0.4292 0.2535
vn 0.8604 -0.4936 0.1272
vn 0.8733 -0.4826 0.0663
vn 0.8717 -0.4901 -0.0000
vn -0.0063 0.5206 -0.8538
vn -0.0132 0.5520 -0.8337
vn 0.0718 0.6482 -0.7581
vn 0.7098 0.0022 0.7044
vn 0.6076 -0.0008 0.7942
vn 0.8964 0.4432 0.0095
vn 0.8921 0.4395 0.1049
vn 0.7955 0.5594 0.2329
vn 0.8533 0.4927 0.1710
vn 0.8950 0.4457 -0.0183
vn 0.4440 0.8960 -0.0000
vn 0.4434 0.8963 -0.0058
vn -0.7782 -0.6280 -0.0000
vn -0.7770 -0.6295 -0.0020
vn 0.4901 -0.8717 -0.0000
vn 0.4826 -0.8733 -0.0663
vn -0.7638 0.6450 -0.0232
vn -0.7782 0.6280 -0.0000
vn 0.4595 0.8881 0.0089
vn 0.4910 -0.8712 0.0010
vn 0.4364 0.8934 -0.1067
vn -0.7820 -0.6221 -0.0381
vn -0.7635 -0.6454 -0.0232
vn 0.7096 0.7046 -0.0001
vn 0.4293 -0.8669 -0.2536
vn 0.4936 -0.8604 -0.1272
vn -0.7606 0.6487 -0.0267
vn -0.0066 -0.5248 -0.8512
vn -0.0066 -0.5520 -0.8338
vn 0.5381 0.8126 -0.2238
vn 0.7263 0.6873 -0.0000
vn 0.9411 0.3381 -0.0000
vn 0.7080 -0.0009 0.7062
vn 0.6075 -0.0008 0.7943
vn 0.8071 -0.0003 0.5904
vn 0.8079 -0.5859 0.0633
vn -0.7311 -0.6822 -0.0085
vn 0.9395 -0.0054 0.3426
vn 0.7120 0.0066 0.7021
vn 0.4292 -0.8669 -0.2535
vn -0.7602 0.6491 -0.0269
vn 0.4041 0.8545 -0.3264
vn 0.4374 0.8808 -0.1811
vn -0.7688 -0.6392 -0.0197
vn -0.8183 -0.5739 0.0315
vn -0.8159 -0.5781 0.0127
vn -0.8060 -0.5918 0.0114
vn 0.4201 -0.7783 -0.4666
vn -0.8141 0.5807 0.0029
vn -0.0118 -0.4889 -0.8722
vn -0.8393 -0.5436 0.0002
vn 0.8846 0.0006 0.4664
vn 0.0006 0.5522 -0.8337
vn -0.0003 0.4789 -0.8779
vn -0.8537 0.5208 0.0027
vn 0.4739 0.7304 -0.4918
vn -0.8445 -0.5354 0.0101
vn 0.5555 0.8315 -0.0039
vn 0.5389 0.8339 -0.1194
vn 0.9911 0.1331 -0.0000
vn 0.9911 -0.1331 -0.0000
vn 0.8443 -0.5359 0.0047
vn 0.4739 0.7305 -0.4917
vn -0.8444 -0.5357 0.0100
vn 0.4567 -0.7525 -0.4745
vn 0.4555 -0.7746 -0.4387
vn -0.8143 0.5805 0.0029
vn 0.6343 0.7731 -0.0073
vn 0.6096 0.7927 0.0001
vn 0.6072 -0.7945 -0.0055
vn 0.6081 -0.7939 -0.0057
vn 0.9385 0.0006 0.3453
vn -0.7615 -0.6440 0.0735
vn 0.8852 0.0019 0.4653
vn 0.9941 -0.0016 0.1081
vn 0.9748 0.0014 0.2233
vn 0.4479 0.7457 -0.4933
vn 0.4508 0.7328 -0.5098
vn -0.9550 -0.2963 0.0096
vn -0.8887 -0.4398 -0.1296
vn 0.4627 -0.7737 -0.4328
vn 0.4568 -0.7703 -0.4450
vn -0.8140 0.5808 0.0029
vn -0.9551 0.2964 -0.0034
vn 0.4294 0.7910 -0.4358
vn 0.3639 0.7341 -0.5733
vn -0.8886 -0.4400 -0.1298
vn 0.4626 -0.7739 -0.4326
vn -0.8743 0.4596 -0.1560
vn 0.3166 -0.6247 -0.7138
vn -0.9281 0.3657 -0.0694
vn 0.8693 -0.4944 -0.0000
vn 0.9985 -0.0000 0.0548
vn 0.6615 -0.0000 0.7499
vn 0.6616 -0.0000 0.7498
vn 0.6616 -0.0001 0.7498
vn 0.6616 0.0001 0.7499
vn 0.6617 -0.0000 0.7498
vn 0.6616 -0.0000 0.7499
vn 0.5388 0.8339 -0.1194
vn 0.5390 0.8339 -0.1191
vn 0.5574 0.8134 -0.1663
vn 0.5704 -0.8150 -0.1023
vn 0.5958 -0.7748 -0.2115
vn 0.4746 -0.8715 -0.1232
vn 0.5957 -0.7749 -0.2114
vn -0.0005 0.4787 -0.8780
vn 0.0010 -0.4828 -0.8758
vn 0.0533 -0.5514 -0.8325
vn -0.8395 -0.5433 0.0002
vn -0.9925 0.1059 -0.0603
vn -0.9794 0.2019 -0.0064
vn -0.9524 0.3047 -0.0033
vn -0.9450 -0.3271 -0.0002
vn -0.9917 -0.1163 -0.0545
vn -0.9794 -0.2019 -0.0064
vn 0.0022 -0.4395 -0.8982
vn -0.0118 -0.4655 -0.8850
vn 0.3670 0.5713 -0.7342
vn -0.9498 -0.3102 -0.0411
vn 0.0073 0.4335 -0.9011
vn -0.0118 0.4655 -0.8850
vn -0.0117 0.4655 -0.8850
vn 0.5554 0.8316 -0.0039
vn 0.4904 -0.8715 0.0010
vn 0.3670 0.5713 -0.7341
vn -0.9497 -0.3103 -0.0411
vn 0.3511 -0.5933 -0.7244
vn 0.3607 -0.6281 -0.6895
vn -0.9280 0.3659 -0.0696
vn 0.1558 -0.4668 -0.8705
vn 0.3621 -0.6021 -0.7116
vn -0.9808 0.1951 -0.0070
vn 0.3398 0.5849 -0.7365
vn 0.2363 0.5610 -0.7934
vn 0.3331 0.6344 -0.6976
vn 0.1560 -0.4669 -0.8705
vn 0.6361 -0.7716 -0.0009
vn 0.1859 0.4264 -0.8852
vn -0.9920 -0.1262 0.0024
vn 0.5556 0.8315 -0.0039
vn -0.0155 -0.3948 -0.9186
vn 0.0231 -0.4698 -0.8824
vn 0.6359 -0.7717 -0.0009
vn 0.7071 0.7071 0.0093
vn 0.7071 -0.7071 0.0090
vn -0.0207 0.3925 -0.9195
vn -0.0206 0.3925 -0.9195
vn 0.6380 0.7700 0.0001
vn 0.6160 0.7876 0.0153
vn 0.6403 -0.7642 0.0776
vn 0.7642 -0.6403 -0.0776
vn 0.6082 -0.7938 -0.0055
vn 0.1706 -0.4589 -0.8720
vn 0.1511 -0.3884 -0.9090
vn -0.9983 0.0587 0.0006
vn 0.1447 0.4427 -0.8849
vn 0.1451 0.4251 -0.8934
vn -0.0415 -0.3828 -0.9229
vn 0.1501 -0.4416 -0.8846
vn 0.1389 0.4598 -0.8771
vn 0.5315 0.7060 -0.4681
vn 0.5464 -0.6917 -0.4722
vn 0.5457 -0.7126 -0.4410
vn 0.1459 -0.4485 -0.8818
vn 0.1687 -0.4706 -0.8661
vn 0.1390 0.4595 -0.8772
vn 0.3844 0.5758 -0.7216
vn 0.3972 -0.5601 -0.7270
vn 0.4036 -0.5847 -0.7037
vn 0.7007 0.7134 0.0117
vn 0.6740 0.7251 -0.1415
vn 0.6727 0.7275 -0.1350
vn 0.6739 0.7252 -0.1416
vn 0.5593 0.6979 -0.4473
vn 0.6816 -0.7255 -0.0949
vn 0.7023 -0.6667 -0.2496
vn 0.6175 -0.7779 -0.1165
vn 0.6393 -0.7684 0.0300
vn 0.7007 0.7133 0.0117
vn 0.1697 0.4568 -0.8732
vn 0.1677 0.4819 -0.8600
vn 0.1677 -0.4819 -0.8600
vn 0.4143 0.5682 -0.7110
vn 0.6077 0.6410 -0.4689
vn 0.6224 -0.6220 -0.4752
vn 0.6257 -0.6451 -0.4385
vn 0.1696 0.4752 -0.8634
vn 0.1839 0.4826 -0.8563
vn 0.4383 0.5290 -0.7267
vn 0.4394 -0.5271 -0.7274
vn 0.4404 -0.5294 -0.7251
vn 0.7607 -0.6491 0.0006
vn 0.2063 -0.1277 -0.9701
vn 0.2063 0.1277 -0.9701
vn 0.2062 0.1277 -0.9701
vn 0.2063 0.3745 -0.9040
vn 0.2063 0.3744 -0.9040
vn 0.2063 -0.3744 -0.9040
vn 0.2063 0.5957 -0.7763
vn 0.2062 0.5957 -0.7763
vn 0.2063 -0.5957 -0.7763
vn 0.2063 -0.3745 -0.9040
vn 0.2062 0.7763 -0.5957
vn 0.2062 -0.7763 -0.5957
vn 0.2062 -0.5957 -0.7763
vn 0.2063 0.7763 -0.5957
vn 0.2063 0.9040 -0.3745
vn 0.2062 0.9040 -0.3744
vn 0.2063 -0.9040 -0.3744
vn 0.2063 -0.7763 -0.5957
vn 0.2063 -0.9040 -0.3745
vn 0.2062 -0.9040 -0.3745
vn 0.2063 0.9701 -0.1277
vn 0.2063 -0.9701 -0.1277
vn 0.2080 0.9781 -0.0000
vn 0.2080 -0.9781 -0.0016
vn 0.1839 -0.9829 -0.0000
vn 0.1839 0.9829 -0.0018
vn 0.1814 0.9693 -0.1662
vn 0.1814 -0.9693 -0.1662
vn 0.1813 0.8584 -0.4799
vn 0.1813 0.8583 -0.4800
vn 0.1814 -0.8584 -0.4799
vn 0.1834 0.7253 -0.6635
vn 0.1835 0.7253 -0.6635
vn 0.1835 -0.7253 -0.6635
vn 0.1814 -0.8585 -0.4797
vn 0.1834 0.6387 -0.7473
vn 0.1834 -0.7253 -0.6635
vn 0.1834 -0.6387 -0.7473
vn 0.1834 0.6388 -0.7472
vn 0.1835 0.6388 -0.7472
vn 0.1835 -0.6388 -0.7471
vn 0.1834 0.5427 -0.8197
vn 0.1834 -0.5427 -0.8197
vn 0.1834 -0.6388 -0.7472
vn 0.1836 0.5428 -0.8196
vn 0.1836 0.5427 -0.8196
vn 0.1836 -0.5428 -0.8196
vn 0.1836 -0.5427 -0.8196
vn 0.1839 -0.4760 -0.8600
vn 0.8311 0.5560 -0.0158
vn 0.7937 0.6082 0.0054
vn 0.7938 -0.6082 0.0055
vn 0.7774 0.6031 -0.1786
vn 0.7661 0.6287 -0.1336
vn 0.6388 0.6261 -0.4472
vn 0.7556 -0.6322 -0.1718
vn 0.7391 -0.6628 -0.1199
vn 0.7608 -0.6490 0.0005
vn 0.8147 0.5799 -0.0034
vn 0.4424 0.5282 -0.7248
vn 0.6736 0.5702 -0.4702
vn 0.6867 -0.5469 -0.4789
vn 0.6948 -0.5707 -0.4376
vn 0.4955 0.4958 -0.7132
vn 0.5454 0.4574 -0.7023
vn 0.5043 0.4633 -0.7287
vn 0.5456 -0.4574 -0.7023
vn 0.4955 -0.4958 -0.7132
vn 0.5043 -0.4633 -0.7287
vn 0.8368 0.5475 0.0055
vn 0.7945 -0.6072 0.0055
vn 0.8036 0.5944 0.0298
vn 0.7939 -0.6081 0.0057
vn 0.8615 -0.5077 -0.0005
vn 0.8356 -0.5326 -0.1347
vn 0.8146 0.5799 -0.0034
vn 0.7918 0.5980 -0.1242
vn 0.5665 0.8241 0.0018
vn 0.5461 0.8377 0.0011
vn 0.5405 0.8292 -0.1422
vn 0.5405 -0.8292 -0.1422
vn 0.5461 -0.8377 0.0016
vn 0.5406 0.7343 -0.4106
vn 0.5405 0.7344 -0.4105
vn 0.5405 -0.7343 -0.4106
vn 0.5454 0.6184 -0.5657
vn 0.5454 -0.6184 -0.5657
vn 0.5406 -0.7343 -0.4105
vn 0.5454 0.5447 -0.6371
vn 0.5454 -0.5447 -0.6371
vn 0.5453 0.4627 -0.6989
vn 0.5454 0.4627 -0.6988
vn 0.5453 -0.4628 -0.6989
vn 0.5454 -0.4628 -0.6989
vn 0.5454 -0.4627 -0.6989
vn 0.8356 -0.5325 -0.1347
vn 0.9048 0.4258 0.0057
vn 0.9048 -0.4258 0.0042
vn 0.5460 0.4394 -0.7134
vn 0.5454 0.4627 -0.6989
vn 0.5460 -0.4394 -0.7134
vn 0.8304 0.5280 -0.1778
vn 0.7917 0.5981 -0.1242
vn 0.7061 0.5478 -0.4487
vn 0.8357 -0.5325 -0.1347
vn 0.8376 -0.5242 -0.1539
vn 0.7291 0.4953 -0.4723
vn 0.7397 -0.4680 -0.4835
vn 0.7526 -0.4913 -0.4385
vn 0.5632 -0.1078 -0.8193
vn 0.5632 0.1079 -0.8193
vn 0.5633 0.1078 -0.8192
vn 0.5633 0.3162 -0.7634
vn 0.5630 -0.1078 -0.8194
vn 0.5633 -0.3162 -0.7634
vn 0.5634 0.5030 -0.6555
vn 0.5633 0.5030 -0.6555
vn 0.5633 -0.5030 -0.6555
vn 0.5634 0.6555 -0.5030
vn 0.5633 0.6555 -0.5030
vn 0.5634 -0.6555 -0.5030
vn 0.5634 -0.5030 -0.6555
vn 0.5633 0.7634 -0.3162
vn 0.5633 -0.7634 -0.3162
vn 0.5633 -0.6555 -0.5030
vn 0.5633 0.8192 -0.1078
vn 0.5632 0.8193 -0.1079
vn 0.5632 -0.8193 -0.1079
vn 0.5633 -0.8192 -0.1078
vn 0.5667 -0.8239 0.0011
vn 0.8648 -0.5014 0.0267
vn 0.8206 0.5694 0.0494
vn 0.5664 0.8241 0.0011
vn 0.5405 0.8293 -0.1422
vn 0.5405 -0.8293 -0.1422
vn 0.5460 -0.8378 0.0011
vn 0.5631 0.8193 -0.1079
vn 0.5664 -0.8241 -0.0000
vn 0.5631 -0.8193 -0.1079
vn 0.9536 0.2989 -0.0370
vn 0.9100 0.4142 0.0206
vn 0.9223 -0.3865 -0.0060
vn 0.9101 -0.4142 0.0084
vn 0.9044 0.4266 0.0099
vn 0.8813 0.4568 -0.1207
vn 0.7816 -0.3865 -0.4895
vn 0.7792 -0.3836 -0.4957
vn 0.7826 0.3823 -0.4914
vn 0.7611 0.4650 -0.4522
vn 0.8924 0.4160 -0.1746
vn 0.8812 0.4570 -0.1206
vn 0.9031 -0.3986 -0.1600
vn 0.9031 -0.3985 -0.1601
vn 0.9034 -0.4065 -0.1365
vn 0.9341 -0.3571 0.0014
vn 0.9043 0.4268 0.0100
vn 0.9341 -0.3570 0.0014
vn 0.8355 0.0717 -0.5447
vn 0.8355 -0.0717 -0.5447
vn 0.8355 0.2103 -0.5076
vn 0.8355 -0.2103 -0.5076
vn 0.8356 0.3345 -0.4359
vn 0.8355 0.3345 -0.4359
vn 0.8355 -0.3345 -0.4359
vn 0.8356 0.4358 -0.3345
vn 0.8355 0.4359 -0.3345
vn 0.8356 -0.4359 -0.3345
vn 0.8356 -0.3345 -0.4358
vn 0.8355 0.5076 -0.2103
vn 0.8355 -0.5076 -0.2103
vn 0.8355 -0.4359 -0.3345
vn 0.8355 0.5447 -0.0717
vn 0.8355 0.5448 -0.0717
vn 0.8355 -0.5447 -0.0717
vn 0.8355 -0.5448 -0.0717
vn 0.8377 0.5462 -0.0000
vn 0.8377 -0.5462 -0.0011
vn 0.8240 -0.5666 -0.0000
vn 0.8240 0.5666 -0.0011
vn 0.8202 0.5639 -0.0967
vn 0.8202 -0.5639 -0.0967
vn 0.8201 0.4995 -0.2792
vn 0.8201 0.4994 -0.2792
vn 0.8201 0.5639 -0.0968
vn 0.8201 -0.5639 -0.0968
vn 0.8201 -0.4994 -0.2792
vn 0.8235 0.4186 -0.3829
vn 0.8235 -0.4186 -0.3829
vn 0.8235 0.3686 -0.4312
vn 0.8235 -0.3686 -0.4312
vn 0.8235 0.3132 -0.4730
vn 0.8235 -0.3132 -0.4730
vn 0.8235 0.3139 -0.4726
vn 0.7760 0.3882 -0.4971
vn 0.8235 -0.3139 -0.4726
vn 0.9426 0.2943 -0.1577
vn 0.9429 0.3051 -0.1335
vn 0.9429 0.3050 -0.1337
vn 0.9429 0.3051 -0.1336
vn 0.9490 -0.2546 -0.1858
vn 0.9490 -0.2547 -0.1858
vn 0.9410 -0.2962 -0.1636
vn 0.9642 0.2652 -0.0033
vn 0.9584 0.2848 0.0208
vn 0.9239 -0.3824 0.0084
vn 0.6615 0.0001 0.7500
vn 0.9873 0.1564 -0.0280
vn 0.9877 -0.1564 -0.0000
vn 0.9903 -0.1384 -0.0133
vn 0.8356 0.5447 -0.0717
vn 0.8378 0.5460 -0.0011
vn 0.8378 -0.5460 -0.0016
vn 0.8241 -0.5664 -0.0011
vn 0.8356 -0.5447 -0.0717
vn 0.8241 0.5664 -0.0018
vn 0.8202 0.5638 -0.0968
vn 0.8202 -0.5638 -0.0968
vn 0.9811 -0.1935 -0.0013
vn 0.9642 0.2653 -0.0033
vn 0.9811 -0.1934 -0.0013
vn 0.9638 -0.2354 -0.1252
vn 0.9911 0.1331 0.0065
vn 0.9911 -0.1331 0.0053
vn 0.9765 0.1544 -0.1506
vn 0.9748 0.1513 -0.1640
vn 0.9766 0.1542 -0.1502
vn 0.9765 -0.1544 -0.1504
vn 0.9637 -0.2357 -0.1250
vn 0.9669 -0.1703 -0.1898
vn 0.9830 0.1838 0.0018
vn 0.9781 0.2079 -0.0000
vn 0.9775 0.2078 -0.0357
vn 0.9775 -0.2078 -0.0357
vn 0.9781 -0.2079 0.0016
vn 0.9775 0.1840 -0.1029
vn 0.9775 -0.2078 -0.0356
vn 0.9775 -0.1840 -0.1029
vn 0.9781 0.1537 -0.1406
vn 0.9781 -0.1537 -0.1406
vn 0.9781 0.1354 -0.1583
vn 0.9781 -0.1354 -0.1583
vn 0.9781 0.1150 -0.1737
vn 0.9780 0.1151 -0.1739
vn 0.9780 -0.1151 -0.1739
vn 0.9781 -0.1150 -0.1737
vn 0.9780 -0.1189 -0.1715
vn 0.9827 0.0242 -0.1838
vn 0.9827 0.0242 -0.1837
vn 0.9827 -0.0242 -0.1838
vn 0.9827 0.0709 -0.1712
vn 0.9827 -0.0242 -0.1837
vn 0.9827 -0.0709 -0.1712
vn 0.9827 0.1128 -0.1470
vn 0.9827 0.1129 -0.1471
vn 0.9827 -0.1128 -0.1470
vn 0.9827 0.1471 -0.1128
vn 0.9827 0.1470 -0.1128
vn 0.9827 -0.1128 -0.1471
vn 0.9827 -0.1471 -0.1129
vn 0.9827 0.1712 -0.0709
vn 0.9827 -0.1470 -0.1128
vn 0.9827 -0.1712 -0.0709
vn 0.9827 0.1838 -0.0242
vn 0.9827 0.1837 -0.0242
vn 0.9826 -0.1841 -0.0242
vn 0.9830 -0.1838 -0.0000
vn 0.9827 -0.1838 -0.0242
vn 0.9960 0.0893 -0.0000
vn 0.9971 0.0756 -0.0000
vn 0.9819 -0.1889 0.0115
vn 0.9987 -0.0515 -0.0000
s 0
usemtl Material.026
f 1//1 2//1 3//1
f 4//1 1//1 3//1
f 5//2 4//2 3//2
f 6//3 5//3 3//3
f 2//4 6//4 3//4
f 7//1 1//1 4//1
f 5//5 8//5 4//5
f 8//6 7//6 4//6
f 1//1 9//1 2//1
f 9//4 6//4 2//4
f 10//7 6//7 9//7
f 11//8 10//8 9//8
f 1//1 11//1 9//1
f 12//1 13//1 7//1
f 13//1 14//1 7//1
f 14//1 1//1 7//1
f 15//1 12//1 7//1
f 8//6 15//6 7//6
f 16//1 12//1 15//1
f 8//9 17//9 15//9
f 17//10 16//10 15//10
f 1//1 18//1 11//1
f 18//8 10//8 11//8
f 1//1 19//1 18//1
f 20//11 10//11 18//11
f 19//12 20//12 18//12
f 1//1 21//1 19//1
f 21//12 20//12 19//12
f 22//1 12//1 16//1
f 23//1 22//1 16//1
f 17//13 23//13 16//13
f 17//14 24//14 23//14
f 24//15 22//15 23//15
f 1//1 25//1 21//1
f 26//16 20//16 21//16
f 25//17 26//17 21//17
f 1//1 27//1 25//1
f 27//18 26//18 25//18
f 28//1 12//1 22//1
f 24//15 28//15 22//15
f 24//19 29//19 28//19
f 29//20 12//20 28//20
f 1//1 30//1 27//1
f 31//21 26//21 27//21
f 30//22 31//22 27//22
f 1//1 32//1 30//1
f 32//22 31//22 30//22
f 29//20 13//20 12//20
f 33//23 14//23 13//23
f 29//24 33//24 13//24
f 33//25 34//25 14//25
f 34//26 1//26 14//26
f 1//1 35//1 32//1
f 36//27 31//27 32//27
f 35//28 36//28 32//28
f 1//1 37//1 35//1
f 38//29 36//29 35//29
f 37//30 38//30 35//30
f 39//1 40//1 1//1
f 41//1 42//1 1//1
f 42//1 43//1 1//1
f 43//1 39//1 1//1
f 40//1 44//1 1//1
f 44//1 45//1 1//1
f 45//1 46//1 1//1
f 46//1 47//1 1//1
f 47//1 48//1 1//1
f 48//1 37//1 1//1
f 34//31 41//31 1//31
f 48//32 38//32 37//32
f 49//1 42//1 41//1
f 34//33 50//33 41//33
f 50//34 49//34 41//34
f 51//35 38//35 48//35
f 47//36 51//36 48//36
f 52//1 42//1 49//1
f 50//37 52//37 49//37
f 46//36 51//36 47//36
f 53//1 42//1 52//1
f 54//38 53//38 52//38
f 50//39 54//39 52//39
f 55//40 51//40 46//40
f 45//41 55//41 46//41
f 56//1 42//1 53//1
f 57//1 56//1 53//1
f 54//42 57//42 53//42
f 58//1 56//1 57//1
f 54//43 58//43 57//43
f 44//41 55//41 45//41
f 59//44 55//44 44//44
f 40//45 59//45 44//45
f 60//1 56//1 58//1
f 54//46 61//46 58//46
f 61//47 60//47 58//47
f 39//45 59//45 40//45
f 62//1 56//1 60//1
f 61//48 63//48 60//48
f 63//49 62//49 60//49
f 64//50 59//50 39//50
f 43//51 64//51 39//51
f 42//51 64//51 43//51
f 65//1 56//1 62//1
f 63//49 65//49 62//49
f 66//1 56//1 65//1
f 63//52 67//52 65//52
f 67//53 66//53 65//53
f 68//54 64//54 42//54
f 56//55 68//55 42//55
f 69//1 56//1 66//1
f 67//56 69//56 66//56
f 69//1 70//1 56//1
f 70//1 71//1 56//1
f 71//57 72//57 56//57
f 72//58 68//58 56//58
f 67//59 73//59 69//59
f 74//60 70//60 69//60
f 73//60 74//60 69//60
f 70//1 75//1 71//1
f 76//57 72//57 71//57
f 75//61 76//61 71//61
f 77//1 75//1 70//1
f 74//62 78//62 70//62
f 78//62 77//62 70//62
f 77//1 79//1 75//1
f 80//61 76//61 75//61
f 79//63 80//63 75//63
f 81//1 79//1 77//1
f 82//64 81//64 77//64
f 78//65 82//65 77//65
f 83//1 84//1 79//1
f 81//1 83//1 79//1
f 84//66 85//66 79//66
f 85//67 80//67 79//67
f 83//1 86//1 84//1
f 86//66 85//66 84//66
f 82//64 83//64 81//64
f 87//1 88//1 83//1
f 89//1 90//1 83//1
f 91//1 89//1 83//1
f 88//1 91//1 83//1
f 90//1 86//1 83//1
f 92//68 87//68 83//68
f 82//69 92//69 83//69
f 90//70 93//70 86//70
f 93//71 85//71 86//71
f 94//1 88//1 87//1
f 92//68 94//68 87//68
f 89//70 93//70 90//70
f 95//1 88//1 94//1
f 96//72 95//72 94//72
f 92//73 96//73 94//73
f 97//74 93//74 89//74
f 91//75 97//75 89//75
f 98//1 88//1 95//1
f 96//76 98//76 95//76
f 88//1 99//1 91//1
f 99//77 100//77 91//77
f 100//78 97//78 91//78
f 101//1 102//1 98//1
f 102//1 88//1 98//1
f 96//79 101//79 98//79
f 88//80 103//80 99//80
f 103//81 100//81 99//81
f 104//82 102//82 101//82
f 96//83 105//83 101//83
f 105//84 104//84 101//84
f 106//85 107//85 88//85
f 102//1 108//1 88//1
f 108//1 106//1 88//1
f 107//86 109//86 88//86
f 109//87 103//87 88//87
f 110//85 111//85 102//85
f 111//1 112//1 102//1
f 112//1 108//1 102//1
f 104//88 113//88 102//88
f 113//89 110//89 102//89
f 114//85 115//85 106//85
f 115//85 107//85 106//85
f 108//90 114//90 106//90
f 110//85 116//85 111//85
f 116//91 117//91 111//91
f 117//92 112//92 111//92
f 118//93 114//93 108//93
f 119//94 118//94 108//94
f 120//95 119//95 108//95
f 112//95 120//95 108//95
f 117//95 120//95 112//95
f 10//96 121//96 6//96
f 121//97 122//97 6//97
f 122//98 5//98 6//98
f 122//98 123//98 5//98
f 123//99 8//99 5//99
f 20//100 124//100 10//100
f 124//100 121//100 10//100
f 123//101 125//101 8//101
f 125//102 17//102 8//102
f 26//103 126//103 20//103
f 126//104 124//104 20//104
f 125//102 127//102 17//102
f 127//105 24//105 17//105
f 31//106 128//106 26//106
f 128//107 126//107 26//107
f 127//108 129//108 24//108
f 129//109 29//109 24//109
f 36//110 130//110 31//110
f 130//110 128//110 31//110
f 129//111 131//111 29//111
f 131//112 33//112 29//112
f 38//113 132//113 36//113
f 132//114 130//114 36//114
f 131//112 133//112 33//112
f 133//115 34//115 33//115
f 51//116 134//116 38//116
f 134//116 132//116 38//116
f 133//117 135//117 34//117
f 135//118 50//118 34//118
f 55//119 136//119 51//119
f 136//120 134//120 51//120
f 135//118 137//118 50//118
f 137//121 54//121 50//121
f 59//122 138//122 55//122
f 138//123 136//123 55//123
f 137//121 139//121 54//121
f 139//124 61//124 54//124
f 64//125 140//125 59//125
f 140//126 138//126 59//126
f 139//124 141//124 61//124
f 141//127 63//127 61//127
f 68//128 142//128 64//128
f 142//129 140//129 64//129
f 143//130 67//130 63//130
f 141//131 144//131 63//131
f 144//130 143//130 63//130
f 143//132 73//132 67//132
f 72//58 142//58 68//58
f 145//133 100//133 103//133
f 109//134 145//134 103//134
f 146//135 114//135 118//135
f 119//95 146//95 118//95
f 107//136 147//136 109//136
f 147//137 145//137 109//137
f 105//138 148//138 104//138
f 148//139 113//139 104//139
f 149//140 110//140 113//140
f 150//141 149//141 113//141
f 148//142 150//142 113//142
f 151//143 140//143 142//143
f 72//144 151//144 142//144
f 76//145 152//145 72//145
f 152//145 153//145 72//145
f 153//146 151//146 72//146
f 143//147 154//147 73//147
f 154//148 155//148 73//148
f 156//149 74//149 73//149
f 155//149 156//149 73//149
f 80//150 152//150 76//150
f 156//151 157//151 74//151
f 157//152 78//152 74//152
f 158//153 152//153 80//153
f 85//154 158//154 80//154
f 157//155 82//155 78//155
f 159//156 158//156 85//156
f 93//157 160//157 85//157
f 160//157 159//157 85//157
f 157//158 161//158 82//158
f 161//159 92//159 82//159
f 97//160 162//160 93//160
f 162//161 160//161 93//161
f 161//159 163//159 92//159
f 163//162 96//162 92//162
f 100//163 162//163 97//163
f 164//164 105//164 96//164
f 165//165 164//165 96//165
f 163//162 165//162 96//162
f 166//163 162//163 100//163
f 145//166 166//166 100//166
f 164//167 148//167 105//167
f 167//163 162//163 166//163
f 145//168 167//168 166//168
f 165//169 168//169 164//169
f 168//170 148//170 164//170
f 144//171 154//171 143//171
f 121//172 169//172 122//172
f 169//172 170//172 122//172
f 170//173 123//173 122//173
f 170//173 171//173 123//173
f 171//174 125//174 123//174
f 124//175 172//175 121//175
f 172//176 169//176 121//176
f 171//177 173//177 125//177
f 173//178 127//178 125//178
f 126//179 174//179 124//179
f 174//179 172//179 124//179
f 173//180 175//180 127//180
f 175//181 129//181 127//181
f 128//182 176//182 126//182
f 176//183 174//183 126//183
f 175//181 177//181 129//181
f 177//184 131//184 129//184
f 130//185 178//185 128//185
f 178//185 176//185 128//185
f 177//184 179//184 131//184
f 179//186 133//186 131//186
f 132//187 180//187 130//187
f 180//187 178//187 130//187
f 179//186 181//186 133//186
f 181//188 135//188 133//188
f 134//189 182//189 132//189
f 182//189 180//189 132//189
f 181//188 183//188 135//188
f 183//190 137//190 135//190
f 136//191 184//191 134//191
f 184//191 182//191 134//191
f 183//190 185//190 137//190
f 185//192 139//192 137//192
f 138//193 186//193 136//193
f 186//194 184//194 136//194
f 185//192 187//192 139//192
f 187//195 141//195 139//195
f 140//196 188//196 138//196
f 188//197 186//197 138//197
f 187//198 189//198 141//198
f 189//199 144//199 141//199
f 151//200 190//200 140//200
f 190//201 188//201 140//201
f 189//202 191//202 144//202
f 191//203 154//203 144//203
f 192//204 155//204 154//204
f 191//205 192//205 154//205
f 153//206 190//206 151//206
f 147//207 193//207 145//207
f 193//208 194//208 145//208
f 194//209 167//209 145//209
f 168//210 150//210 148//210
f 195//211 196//211 107//211
f 115//212 197//212 107//212
f 197//213 198//213 107//213
f 198//214 195//214 107//214
f 196//136 199//136 107//136
f 199//215 147//215 107//215
f 200//216 201//216 110//216
f 201//217 202//217 110//217
f 202//218 203//218 110//218
f 203//219 204//219 110//219
f 204//220 205//220 110//220
f 149//221 200//221 110//221
f 205//85 116//85 110//85
f 199//222 193//222 147//222
f 116//223 206//223 117//223
f 206//95 120//95 117//95
f 196//224 193//224 199//224
f 150//225 200//225 149//225
f 207//226 193//226 196//226
f 195//227 207//227 196//227
f 150//228 201//228 200//228
f 208//145 153//145 152//145
f 158//150 208//150 152//150
f 209//152 210//152 156//152
f 210//152 157//152 156//152
f 155//149 209//149 156//149
f 211//150 208//150 158//150
f 159//229 211//229 158//229
f 210//230 161//230 157//230
f 212//85 213//85 114//85
f 213//85 115//85 114//85
f 146//231 212//231 114//231
f 205//85 214//85 116//85
f 214//232 206//232 116//232
f 214//233 215//233 206//233
f 215//95 120//95 206//95
f 216//234 212//234 146//234
f 119//235 216//235 146//235
f 217//236 202//236 201//236
f 150//237 217//237 201//237
f 207//238 218//238 193//238
f 218//239 194//239 193//239
f 168//240 219//240 150//240
f 219//241 217//241 150//241
f 169//242 220//242 170//242
f 220//242 221//242 170//242
f 221//243 171//243 170//243
f 221//243 222//243 171//243
f 222//244 173//244 171//244
f 172//245 223//245 169//245
f 223//245 220//245 169//245
f 222//244 224//244 173//244
f 224//246 175//246 173//246
f 174//247 225//247 172//247
f 225//247 223//247 172//247
f 224//246 226//246 175//246
f 226//248 177//248 175//248
f 176//249 227//249 174//249
f 227//250 225//250 174//250
f 226//248 228//248 177//248
f 228//251 179//251 177//251
f 178//252 229//252 176//252
f 229//252 227//252 176//252
f 228//251 230//251 179//251
f 230//253 181//253 179//253
f 180//254 231//254 178//254
f 231//255 229//255 178//255
f 230//253 232//253 181//253
f 232//256 183//256 181//256
f 182//257 233//257 180//257
f 233//258 231//258 180//258
f 232//259 234//259 183//259
f 234//260 185//260 183//260
f 184//261 235//261 182//261
f 235//262 233//262 182//262
f 234//263 236//263 185//263
f 236//264 187//264 185//264
f 186//265 237//265 184//265
f 237//266 235//266 184//266
f 236//267 238//267 187//267
f 238//268 189//268 187//268
f 188//269 239//269 186//269
f 239//270 237//270 186//270
f 238//271 240//271 189//271
f 240//272 191//272 189//272
f 190//273 241//273 188//273
f 241//274 239//274 188//274
f 242//275 192//275 191//275
f 240//276 243//276 191//276
f 243//275 242//275 191//275
f 244//277 241//277 190//277
f 153//278 244//278 190//278
f 242//279 155//279 192//279
f 245//280 244//280 153//280
f 208//281 245//281 153//281
f 242//282 246//282 155//282
f 247//283 209//283 155//283
f 246//284 247//284 155//284
f 211//285 245//285 208//285
f 247//286 248//286 209//286
f 248//286 210//286 209//286
f 249//285 245//285 211//285
f 159//287 249//287 211//287
f 248//288 161//288 210//288
f 160//289 250//289 159//289
f 250//290 251//290 159//290
f 251//291 249//291 159//291
f 248//292 252//292 161//292
f 252//293 163//293 161//293
f 162//294 253//294 160//294
f 253//294 250//294 160//294
f 252//295 254//295 163//295
f 254//296 165//296 163//296
f 255//297 253//297 162//297
f 167//298 255//298 162//298
f 256//299 168//299 165//299
f 254//296 256//296 165//296
f 194//300 255//300 167//300
f 256//301 257//301 168//301
f 257//302 219//302 168//302
f 198//227 207//227 195//227
f 217//303 203//303 202//303
f 258//304 259//304 216//304
f 259//305 212//305 216//305
f 119//95 258//95 216//95
f 260//306 207//306 198//306
f 197//307 260//307 198//307
f 260//308 261//308 207//308
f 261//309 218//309 207//309
f 262//310 263//310 217//310
f 263//311 203//311 217//311
f 219//312 262//312 217//312
f 218//313 264//313 194//313
f 264//314 255//314 194//314
f 257//315 265//315 219//315
f 265//316 262//316 219//316
f 266//317 267//317 215//317
f 214//318 266//318 215//318
f 267//95 120//95 215//95
f 263//319 204//319 203//319
f 268//85 269//85 214//85
f 205//85 270//85 214//85
f 270//85 268//85 214//85
f 269//320 266//320 214//320
f 271//85 272//85 212//85
f 272//85 213//85 212//85
f 259//321 271//321 212//321
f 273//322 244//322 245//322
f 249//323 273//323 245//323
f 274//324 275//324 247//324
f 275//325 248//325 247//325
f 246//326 274//326 247//326
f 276//327 273//327 249//327
f 251//328 276//328 249//328
f 275//329 252//329 248//329
f 277//330 205//330 204//330
f 263//331 277//331 204//331
f 115//332 278//332 197//332
f 278//333 260//333 197//333
f 279//334 239//334 241//334
f 244//335 279//335 241//335
f 280//336 279//336 244//336
f 281//337 280//337 244//337
f 273//338 281//338 244//338
f 282//339 283//339 246//339
f 242//340 282//340 246//340
f 283//341 274//341 246//341
f 276//342 281//342 273//342
f 284//343 285//343 274//343
f 285//343 275//343 274//343
f 283//344 284//344 274//344
f 286//342 281//342 276//342
f 287//345 286//345 276//345
f 251//345 287//345 276//345
f 285//346 252//346 275//346
f 288//347 287//347 251//347
f 250//348 288//348 251//348
f 285//349 289//349 252//349
f 289//350 290//350 252//350
f 290//350 254//350 252//350
f 253//351 291//351 250//351
f 292//352 288//352 250//352
f 291//353 292//353 250//353
f 290//354 293//354 254//354
f 293//355 256//355 254//355
f 294//356 291//356 253//356
f 255//357 294//357 253//357
f 295//358 257//358 256//358
f 296//359 295//359 256//359
f 293//355 296//355 256//355
f 264//360 294//360 255//360
f 295//361 265//361 257//361
f 243//362 282//362 242//362
f 261//363 297//363 218//363
f 297//364 264//364 218//364
f 298//365 263//365 262//365
f 265//366 298//366 262//366
f 278//367 299//367 260//367
f 299//368 300//368 260//368
f 300//369 301//369 260//369
f 301//370 261//370 260//370
f 298//371 302//371 263//371
f 302//372 277//372 263//372
f 303//373 291//373 294//373
f 264//374 304//374 294//374
f 304//375 305//375 294//375
f 305//376 303//376 294//376
f 296//377 306//377 295//377
f 306//378 307//378 295//378
f 307//379 265//379 295//379
f 308//380 309//380 115//380
f 213//381 308//381 115//381
f 309//382 310//382 115//382
f 310//383 299//383 115//383
f 299//384 278//384 115//384
f 311//385 312//385 205//385
f 312//385 313//385 205//385
f 313//386 270//386 205//386
f 277//330 311//330 205//330
f 220//387 314//387 221//387
f 314//388 315//388 221//388
f 315//389 222//389 221//389
f 316//390 224//390 222//390
f 317//391 316//391 222//391
f 315//389 318//389 222//389
f 318//389 317//389 222//389
f 223//392 319//392 220//392
f 319//392 320//392 220//392
f 320//387 314//387 220//387
f 321//393 226//393 224//393
f 316//390 321//390 224//390
f 225//394 322//394 223//394
f 322//394 323//394 223//394
f 323//394 319//394 223//394
f 324//395 228//395 226//395
f 325//395 324//395 226//395
f 321//393 325//393 226//393
f 227//396 326//396 225//396
f 326//396 322//396 225//396
f 327//397 230//397 228//397
f 324//395 327//395 228//395
f 229//398 328//398 227//398
f 328//398 329//398 227//398
f 329//399 326//399 227//399
f 330//400 331//400 230//400
f 331//401 232//401 230//401
f 327//397 330//397 230//397
f 231//402 332//402 229//402
f 332//403 328//403 229//403
f 331//401 333//401 232//401
f 333//404 334//404 232//404
f 334//405 234//405 232//405
f 233//406 335//406 231//406
f 335//407 336//407 231//407
f 336//408 332//408 231//408
f 334//409 337//409 234//409
f 337//410 236//410 234//410
f 235//411 338//411 233//411
f 338//412 339//412 233//412
f 339//406 335//406 233//406
f 340//413 238//413 236//413
f 341//414 340//414 236//414
f 337//415 342//415 236//415
f 342//416 341//416 236//416
f 237//417 343//417 235//417
f 343//418 344//418 235//418
f 344//419 338//419 235//419
f 345//420 240//420 238//420
f 340//421 345//421 238//421
f 346//422 343//422 237//422
f 347//423 346//423 237//423
f 239//424 347//424 237//424
f 348//425 243//425 240//425
f 349//425 348//425 240//425
f 345//426 349//426 240//426
f 350//427 347//427 239//427
f 279//428 350//428 239//428
f 351//429 282//429 243//429
f 348//430 351//430 243//430
f 352//431 283//431 282//431
f 353//432 352//432 282//432
f 351//433 353//433 282//433
f 354//434 350//434 279//434
f 280//435 354//435 279//435
f 302//436 311//436 277//436
f 310//437 300//437 299//437
f 258//438 355//438 259//438
f 355//439 271//439 259//439
f 356//440 267//440 266//440
f 269//441 356//441 266//441
f 356//442 357//442 267//442
f 357//95 120//95 267//95
f 358//443 355//443 258//443
f 359//444 358//444 258//444
f 119//445 359//445 258//445
f 297//446 360//446 264//446
f 360//447 361//447 264//447
f 361//448 304//448 264//448
f 307//449 362//449 265//449
f 362//450 363//450 265//450
f 363//451 364//451 265//451
f 364//452 298//452 265//452
f 301//453 365//453 261//453
f 365//454 297//454 261//454
f 366//455 302//455 298//455
f 364//456 366//456 298//456
f 302//457 312//457 311//457
f 367//458 300//458 310//458
f 309//459 367//459 310//459
f 368//460 358//460 359//460
f 119//95 368//95 359//95
f 367//461 369//461 300//461
f 369//462 301//462 300//462
f 366//463 370//463 302//463
f 370//464 312//464 302//464
f 314//465 371//465 315//465
f 371//466 372//466 315//466
f 372//467 318//467 315//467
f 372//467 317//467 318//467
f 372//468 373//468 317//468
f 373//469 316//469 317//469
f 320//465 371//465 314//465
f 373//469 321//469 316//469
f 319//470 371//470 320//470
f 373//471 325//471 321//471
f 374//472 371//472 319//472
f 323//473 374//473 319//473
f 373//474 375//474 325//474
f 375//475 324//475 325//475
f 322//476 374//476 323//476
f 375//477 327//477 324//477
f 376//478 374//478 322//478
f 326//479 376//479 322//479
f 377//480 330//480 327//480
f 375//481 377//481 327//481
f 329//482 376//482 326//482
f 377//483 331//483 330//483
f 328//484 376//484 329//484
f 377//485 333//485 331//485
f 332//486 378//486 328//486
f 378//487 376//487 328//487
f 377//488 379//488 333//488
f 379//489 334//489 333//489
f 380//490 381//490 332//490
f 336//491 380//491 332//491
f 381//492 382//492 332//492
f 382//493 383//493 332//493
f 383//494 384//494 332//494
f 384//495 385//495 332//495
f 385//496 378//496 332//496
f 386//497 387//497 334//497
f 387//498 388//498 334//498
f 388//499 389//499 334//499
f 389//500 390//500 334//500
f 390//501 391//501 334//501
f 391//502 337//502 334//502
f 379//503 392//503 334//503
f 392//504 386//504 334//504
f 335//505 393//505 336//505
f 394//506 380//506 336//506
f 393//507 394//507 336//507
f 391//508 395//508 337//508
f 395//509 342//509 337//509
f 339//510 396//510 335//510
f 396//511 397//511 335//511
f 397//511 393//511 335//511
f 395//512 398//512 342//512
f 398//513 341//513 342//513
f 338//514 399//514 339//514
f 399//515 396//515 339//515
f 398//516 400//516 341//516
f 400//517 340//517 341//517
f 344//518 401//518 338//518
f 401//519 402//519 338//519
f 402//519 399//519 338//519
f 403//520 345//520 340//520
f 400//521 404//521 340//521
f 404//522 403//522 340//522
f 343//523 405//523 344//523
f 405//524 401//524 344//524
f 403//525 406//525 345//525
f 406//526 349//526 345//526
f 346//527 407//527 343//527
f 407//528 405//528 343//528
f 406//529 408//529 349//529
f 408//530 348//530 349//530
f 347//531 409//531 346//531
f 409//532 410//532 346//532
f 410//533 407//533 346//533
f 411//534 351//534 348//534
f 408//535 412//535 348//535
f 412//536 411//536 348//536
f 350//537 413//537 347//537
f 413//538 409//538 347//538
f 411//539 414//539 351//539
f 414//540 353//540 351//540
f 415//541 416//541 350//541
f 417//542 415//542 350//542
f 416//543 418//543 350//543
f 418//544 413//544 350//544
f 419//545 417//545 350//545
f 354//546 419//546 350//546
f 414//547 420//547 353//547
f 420//548 421//548 353//548
f 421//549 422//549 353//549
f 422//550 423//550 353//550
f 423//551 424//551 353//551
f 424//552 425//552 353//552
f 425//553 426//553 353//553
f 426//554 352//554 353//554
f 427//555 419//555 354//555
f 280//556 428//556 354//556
f 428//556 427//556 354//556
f 426//557 283//557 352//557
f 281//558 429//558 280//558
f 429//558 428//558 280//558
f 426//557 430//557 283//557
f 430//559 284//559 283//559
f 286//560 431//560 281//560
f 431//560 429//560 281//560
f 432//561 285//561 284//561
f 430//559 432//559 284//559
f 287//562 431//562 286//562
f 432//561 433//561 285//561
f 433//563 289//563 285//563
f 288//564 434//564 287//564
f 434//565 431//565 287//565
f 433//566 435//566 289//566
f 435//567 290//567 289//567
f 292//568 434//568 288//568
f 435//569 293//569 290//569
f 291//570 436//570 292//570
f 436//571 434//571 292//571
f 435//572 437//572 293//572
f 437//573 296//573 293//573
f 438//574 439//574 291//574
f 439//575 440//575 291//575
f 440//576 441//576 291//576
f 441//577 442//577 291//577
f 442//578 436//578 291//578
f 303//579 443//579 291//579
f 443//580 444//580 291//580
f 444//581 438//581 291//581
f 437//582 445//582 296//582
f 445//583 446//583 296//583
f 446//584 447//584 296//584
f 447//585 448//585 296//585
f 448//586 449//586 296//586
f 449//587 450//587 296//587
f 450//588 306//588 296//588
f 305//589 451//589 303//589
f 451//590 443//590 303//590
f 450//591 307//591 306//591
f 304//592 452//592 305//592
f 452//593 453//593 305//593
f 453//594 451//594 305//594
f 450//595 454//595 307//595
f 454//596 455//596 307//596
f 455//597 456//597 307//597
f 456//598 362//598 307//598
f 308//599 367//599 309//599
f 457//600 458//600 357//600
f 356//601 457//601 357//601
f 458//95 120//95 357//95
f 365//602 459//602 297//602
f 459//603 460//603 297//603
f 460//604 360//604 297//604
f 461//605 462//605 364//605
f 463//606 461//606 364//606
f 363//607 464//607 364//607
f 464//608 463//608 364//608
f 462//609 366//609 364//609
f 361//610 465//610 304//610
f 465//611 452//611 304//611
f 456//612 466//612 362//612
f 466//613 363//613 362//613
f 369//614 467//614 301//614
f 467//615 468//615 301//615
f 468//616 365//616 301//616
f 469//617 470//617 366//617
f 470//618 370//618 366//618
f 462//619 469//619 366//619
f 360//620 465//620 361//620
f 466//621 471//621 363//621
f 471//622 464//622 363//622
f 358//623 271//623 355//623
f 269//624 457//624 356//624
f 370//625 313//625 312//625
f 213//626 472//626 308//626
f 473//627 367//627 308//627
f 472//628 473//628 308//628
f 473//629 474//629 367//629
f 474//630 475//630 367//630
f 475//631 369//631 367//631
f 476//632 477//632 370//632
f 478//633 476//633 370//633
f 470//634 478//634 370//634
f 477//635 313//635 370//635
f 479//636 270//636 313//636
f 477//637 479//637 313//637
f 468//638 480//638 365//638
f 480//639 459//639 365//639
f 461//640 481//640 462//640
f 481//641 469//641 462//641
f 460//642 482//642 360//642
f 482//643 465//643 360//643
f 471//644 463//644 464//644
f 475//645 483//645 369//645
f 483//646 484//646 369//646
f 484//647 467//647 369//647
f 469//648 485//648 470//648
f 485//649 486//649 470//649
f 486//650 478//650 470//650
f 487//651 465//651 482//651
f 488//652 487//652 482//652
f 460//653 488//653 482//653
f 489//654 490//654 463//654
f 471//655 489//655 463//655
f 490//656 461//656 463//656
f 491//85 487//85 488//85
f 492//85 491//85 488//85
f 459//657 480//657 488//657
f 480//658 468//658 488//658
f 468//659 467//659 488//659
f 467//660 484//660 488//660
f 484//661 483//661 488//661
f 483//662 492//662 488//662
f 460//663 459//663 488//663
f 466//664 489//664 471//664
f 493//665 494//665 458//665
f 457//666 493//666 458//666
f 494//667 120//667 458//667
f 495//85 496//85 490//85
f 497//85 495//85 490//85
f 498//85 497//85 490//85
f 489//85 498//85 490//85
f 496//668 476//668 490//668
f 476//669 478//669 490//669
f 478//670 486//670 490//670
f 486//671 485//671 490//671
f 485//672 469//672 490//672
f 469//673 481//673 490//673
f 481//674 461//674 490//674
f 368//675 499//675 358//675
f 499//676 500//676 358//676
f 500//439 271//439 358//439
f 269//320 493//320 457//320
f 501//677 499//677 368//677
f 119//678 501//678 368//678
f 502//679 503//679 213//679
f 503//680 472//680 213//680
f 504//681 502//681 213//681
f 505//682 504//682 213//682
f 272//683 505//683 213//683
f 506//684 268//684 270//684
f 507//685 506//685 270//685
f 479//685 507//685 270//685
f 503//686 473//686 472//686
f 487//687 452//687 465//687
f 477//637 507//637 479//637
f 502//688 473//688 503//688
f 456//689 489//689 466//689
f 455//690 498//690 489//690
f 456//691 455//691 489//691
f 504//692 508//692 502//692
f 509//693 473//693 502//693
f 508//694 509//694 502//694
f 477//637 506//637 507//637
f 487//695 453//695 452//695
f 491//696 451//696 487//696
f 451//697 453//697 487//697
f 510//698 511//698 473//698
f 511//699 474//699 473//699
f 509//700 510//700 473//700
f 512//701 513//701 477//701
f 513//702 514//702 477//702
f 514//703 506//703 477//703
f 476//704 512//704 477//704
f 119//705 515//705 501//705
f 515//705 516//705 501//705
f 516//705 517//705 501//705
f 500//706 499//706 501//706
f 517//707 500//707 501//707
f 518//1 519//1 119//1
f 120//1 518//1 119//1
f 519//708 520//708 119//708
f 520//708 515//708 119//708
f 494//705 521//705 120//705
f 522//1 518//1 120//1
f 523//1 522//1 120//1
f 521//709 523//709 120//709
f 524//705 521//705 494//705
f 525//705 524//705 494//705
f 526//705 525//705 494//705
f 527//710 526//710 494//710
f 493//711 527//711 494//711
f 528//705 520//705 519//705
f 518//705 528//705 519//705
f 529//712 530//712 518//712
f 522//713 529//713 518//713
f 530//705 528//705 518//705
f 531//714 532//714 522//714
f 533//715 531//715 522//715
f 532//716 534//716 522//716
f 534//717 529//717 522//717
f 523//705 533//705 522//705
f 521//709 535//709 523//709
f 536//705 537//705 523//705
f 537//705 533//705 523//705
f 535//705 536//705 523//705
f 534//718 538//718 529//718
f 538//719 530//719 529//719
f 531//720 538//720 532//720
f 538//721 534//721 532//721
f 454//722 498//722 455//722
f 475//723 492//723 483//723
f 504//85 505//85 492//85
f 539//85 491//85 492//85
f 505//85 539//85 492//85
f 511//724 510//724 492//724
f 474//725 511//725 492//725
f 510//726 509//726 492//726
f 509//727 508//727 492//727
f 508//728 504//728 492//728
f 475//729 474//729 492//729
f 495//85 540//85 496//85
f 541//730 514//730 496//730
f 540//731 541//731 496//731
f 514//732 513//732 496//732
f 513//733 512//733 496//733
f 512//734 476//734 496//734
f 542//735 530//735 538//735
f 531//736 542//736 538//736
f 533//737 543//737 531//737
f 544//738 542//738 531//738
f 543//739 544//739 531//739
f 533//740 545//740 543//740
f 545//741 544//741 543//741
f 520//742 516//742 515//742
f 524//743 546//743 521//743
f 546//744 535//744 521//744
f 547//745 516//745 520//745
f 528//705 548//705 520//705
f 549//705 547//705 520//705
f 548//705 549//705 520//705
f 546//705 536//705 535//705
f 550//746 268//746 506//746
f 551//747 550//747 506//747
f 540//748 551//748 506//748
f 514//749 541//749 506//749
f 541//750 540//750 506//750
f 491//751 443//751 451//751
f 450//752 498//752 454//752
f 552//753 396//753 399//753
f 402//754 552//754 399//754
f 553//755 403//755 404//755
f 400//756 553//756 404//756
f 491//757 444//757 443//757
f 544//758 530//758 542//758
f 553//759 406//759 403//759
f 401//760 552//760 402//760
f 553//761 408//761 406//761
f 552//762 397//762 396//762
f 405//763 552//763 401//763
f 398//764 553//764 400//764
f 544//765 554//765 530//765
f 554//705 555//705 530//705
f 555//705 528//705 530//705
f 556//766 557//766 533//766
f 557//767 545//767 533//767
f 537//705 556//705 533//705
f 558//768 544//768 545//768
f 557//769 558//769 545//769
f 558//770 554//770 544//770
f 449//771 498//771 450//771
f 556//772 559//772 557//772
f 559//773 558//773 557//773
f 560//774 554//774 558//774
f 559//775 561//775 558//775
f 561//776 560//776 558//776
f 556//777 561//777 559//777
f 549//778 562//778 547//778
f 562//779 563//779 547//779
f 563//780 516//780 547//780
f 564//781 565//781 546//781
f 566//782 564//782 546//782
f 524//783 566//783 546//783
f 565//705 536//705 546//705
f 549//784 567//784 562//784
f 567//785 563//785 562//785
f 568//786 565//786 564//786
f 566//787 568//787 564//787
f 569//788 570//788 568//788
f 570//789 565//789 568//789
f 566//790 569//790 568//790
f 495//85 571//85 540//85
f 571//85 572//85 540//85
f 572//791 551//791 540//791
f 269//441 527//441 493//441
f 552//792 393//792 397//792
f 553//793 412//793 408//793
f 552//794 394//794 393//794
f 395//795 553//795 398//795
f 549//796 573//796 567//796
f 573//797 574//797 567//797
f 574//798 563//798 567//798
f 407//799 552//799 405//799
f 391//800 553//800 395//800
f 566//801 570//801 569//801
f 572//802 550//802 551//802
f 571//803 550//803 572//803
f 571//803 268//803 550//803
f 575//804 554//804 560//804
f 561//805 575//805 560//805
f 549//806 576//806 573//806
f 576//807 574//807 573//807
f 577//808 565//808 570//808
f 578//809 577//809 570//809
f 566//810 578//810 570//810
f 579//811 578//811 566//811
f 524//812 579//812 566//812
f 414//813 411//813 553//813
f 411//814 412//814 553//814
f 390//815 414//815 553//815
f 391//816 390//816 553//816
f 549//817 580//817 576//817
f 580//818 574//818 576//818
f 449//819 497//819 498//819
f 448//820 497//820 449//820
f 552//821 380//821 394//821
f 581//822 565//822 577//822
f 578//823 581//823 577//823
f 410//824 552//824 407//824
f 409//825 552//825 410//825
f 491//826 438//826 444//826
f 574//827 582//827 563//827
f 582//828 516//828 563//828
f 583//811 578//811 579//811
f 524//829 583//829 579//829
f 584//830 581//830 578//830
f 585//831 584//831 578//831
f 583//832 586//832 578//832
f 586//833 585//833 578//833
f 580//834 587//834 574//834
f 587//835 588//835 574//835
f 588//836 589//836 574//836
f 589//837 582//837 574//837
f 556//838 590//838 561//838
f 590//839 575//839 561//839
f 539//840 439//840 491//840
f 439//826 438//826 491//826
f 589//841 516//841 582//841
f 447//842 497//842 448//842
f 409//843 380//843 552//843
f 591//705 517//705 516//705
f 588//844 591//844 516//844
f 589//845 588//845 516//845
f 525//846 586//846 524//846
f 586//847 583//847 524//847
f 549//848 592//848 580//848
f 592//849 587//849 580//849
f 584//850 565//850 581//850
f 556//851 593//851 590//851
f 593//852 594//852 590//852
f 594//853 575//853 590//853
f 594//854 554//854 575//854
f 595//855 596//855 549//855
f 596//856 592//856 549//856
f 548//705 595//705 549//705
f 584//857 597//857 565//857
f 597//705 536//705 565//705
f 596//858 598//858 592//858
f 598//859 587//859 592//859
f 599//860 597//860 584//860
f 585//861 599//861 584//861
f 600//862 554//862 594//862
f 593//863 600//863 594//863
f 591//705 601//705 517//705
f 601//864 602//864 517//864
f 603//865 500//865 517//865
f 602//866 603//866 517//866
f 604//705 525//705 526//705
f 605//705 604//705 526//705
f 606//867 605//867 526//867
f 527//868 606//868 526//868
f 595//869 607//869 596//869
f 607//870 598//870 596//870
f 603//439 271//439 500//439
f 269//441 606//441 527//441
f 608//871 381//871 380//871
f 409//872 608//872 380//872
f 609//873 420//873 414//873
f 390//874 609//874 414//874
f 413//875 608//875 409//875
f 389//876 609//876 390//876
f 595//877 610//877 607//877
f 610//878 598//878 607//878
f 611//879 597//879 599//879
f 585//880 612//880 599//880
f 612//881 611//881 599//881
f 608//882 382//882 381//882
f 609//883 421//883 420//883
f 418//884 608//884 413//884
f 388//885 609//885 389//885
f 613//886 585//886 586//886
f 525//887 613//887 586//887
f 556//888 614//888 593//888
f 614//889 600//889 593//889
f 615//890 616//890 587//890
f 616//891 617//891 587//891
f 617//892 588//892 587//892
f 598//893 615//893 587//893
f 618//894 619//894 585//894
f 613//895 618//895 585//895
f 619//896 620//896 585//896
f 620//897 612//897 585//897
f 525//898 618//898 613//898
f 617//899 591//899 588//899
f 495//85 621//85 571//85
f 621//900 268//900 571//900
f 622//85 539//85 505//85
f 623//85 622//85 505//85
f 271//901 623//901 505//901
f 272//901 271//901 505//901
f 621//900 269//900 268//900
f 624//902 597//902 611//902
f 612//903 624//903 611//903
f 610//904 625//904 598//904
f 625//905 615//905 598//905
f 620//906 626//906 612//906
f 626//903 624//903 612//903
f 539//907 440//907 439//907
f 627//908 554//908 600//908
f 614//705 627//705 600//705
f 556//909 628//909 614//909
f 628//705 627//705 614//705
f 616//910 591//910 617//910
f 608//911 383//911 382//911
f 609//912 422//912 421//912
f 446//913 497//913 447//913
f 595//914 629//914 610//914
f 629//915 625//915 610//915
f 626//902 597//902 624//902
f 416//916 608//916 418//916
f 387//917 609//917 388//917
f 627//918 555//918 554//918
f 630//919 631//919 556//919
f 631//919 628//919 556//919
f 537//705 630//705 556//705
f 632//918 555//918 627//918
f 628//705 632//705 627//705
f 631//705 632//705 628//705
f 384//920 383//920 608//920
f 415//921 384//921 608//921
f 416//922 415//922 608//922
f 423//923 422//923 609//923
f 386//924 423//924 609//924
f 387//925 386//925 609//925
f 595//926 633//926 629//926
f 633//927 634//927 629//927
f 634//928 625//928 629//928
f 595//929 635//929 633//929
f 635//930 634//930 633//930
f 636//902 597//902 626//902
f 637//931 636//931 626//931
f 620//932 637//932 626//932
f 638//933 639//933 615//933
f 639//934 616//934 615//934
f 625//935 638//935 615//935
f 618//936 640//936 619//936
f 640//937 641//937 619//937
f 641//938 642//938 619//938
f 642//939 620//939 619//939
f 525//940 640//940 618//940
f 639//941 591//941 616//941
f 634//942 643//942 625//942
f 643//943 638//943 625//943
f 644//944 637//944 620//944
f 642//945 644//945 620//945
f 602//439 271//439 603//439
f 645//946 605//946 606//946
f 269//441 645//441 606//441
f 646//947 597//947 636//947
f 637//948 646//948 636//948
f 647//85 495//85 497//85
f 446//949 445//949 497//949
f 445//950 648//950 497//950
f 648//951 647//951 497//951
f 539//952 441//952 440//952
f 635//953 649//953 634//953
f 649//954 643//954 634//954
f 644//955 646//955 637//955
f 437//956 648//956 445//956
f 638//957 650//957 639//957
f 650//958 591//958 639//958
f 651//705 601//705 591//705
f 650//958 652//958 591//958
f 652//959 651//959 591//959
f 604//960 653//960 525//960
f 653//940 640//940 525//940
f 638//961 652//961 650//961
f 653//962 641//962 640//962
f 442//963 441//963 539//963
f 622//964 654//964 539//964
f 654//965 655//965 539//965
f 655//966 442//966 539//966
f 656//967 385//967 384//967
f 415//968 656//968 384//968
f 657//969 424//969 423//969
f 386//970 657//970 423//970
f 392//971 657//971 386//971
f 417//972 656//972 415//972
f 658//973 659//973 641//973
f 653//974 658//974 641//974
f 659//975 660//975 641//975
f 660//976 642//976 641//976
f 661//977 662//977 638//977
f 662//961 652//961 638//961
f 643//978 661//978 638//978
f 663//979 644//979 642//979
f 660//980 663//980 642//980
f 649//981 664//981 643//981
f 664//982 661//982 643//982
f 665//983 378//983 385//983
f 656//984 665//984 385//984
f 666//985 425//985 424//985
f 657//986 666//986 424//986
f 595//987 667//987 635//987
f 667//988 649//988 635//988
f 668//989 669//989 595//989
f 669//987 667//987 595//987
f 548//705 668//705 595//705
f 670//990 671//990 597//990
f 646//947 670//947 597//947
f 671//705 536//705 597//705
f 669//991 672//991 667//991
f 672//992 649//992 667//992
f 644//993 670//993 646//993
f 604//994 658//994 653//994
f 662//995 651//995 652//995
f 673//996 670//996 644//996
f 674//997 673//997 644//997
f 663//998 674//998 644//998
f 675//999 664//999 649//999
f 672//1000 675//1000 649//1000
f 419//1001 676//1001 417//1001
f 676//1002 656//1002 417//1002
f 379//1003 677//1003 392//1003
f 677//1004 657//1004 392//1004
f 668//1005 678//1005 669//1005
f 678//1006 672//1006 669//1006
f 679//1007 671//1007 670//1007
f 673//1008 679//1008 670//1008
f 680//1009 659//1009 658//1009
f 604//1010 680//1010 658//1010
f 655//1011 436//1011 442//1011
f 681//85 682//85 621//85
f 495//85 681//85 621//85
f 683//561 269//561 621//561
f 682//561 683//561 621//561
f 684//85 622//85 623//85
f 271//560 684//560 623//560
f 602//439 685//439 271//439
f 685//560 684//560 271//560
f 686//441 687//441 269//441
f 687//441 645//441 269//441
f 688//561 686//561 269//561
f 683//561 688//561 269//561
f 689//560 690//560 602//560
f 691//560 689//560 602//560
f 601//560 691//560 602//560
f 690//439 685//439 602//439
f 687//561 692//561 645//561
f 692//561 693//561 645//561
f 693//561 605//561 645//561
f 651//705 691//705 601//705
f 693//705 604//705 605//705
f 674//1012 679//1012 673//1012
f 678//1013 694//1013 672//1013
f 694//1014 675//1014 672//1014
f 437//1015 695//1015 648//1015
f 695//1016 647//1016 648//1016
f 696//1017 697//1017 656//1017
f 697//1018 665//1018 656//1018
f 698//1019 696//1019 656//1019
f 699//1020 698//1020 656//1020
f 676//1021 699//1021 656//1021
f 700//1022 701//1022 657//1022
f 701//1023 666//1023 657//1023
f 702//1024 700//1024 657//1024
f 703//1025 702//1025 657//1025
f 677//1026 703//1026 657//1026
f 697//1027 378//1027 665//1027
f 701//1028 425//1028 666//1028
f 675//1029 704//1029 664//1029
f 705//1030 661//1030 664//1030
f 704//1031 705//1031 664//1031
f 706//1032 663//1032 660//1032
f 659//1033 706//1033 660//1033
f 661//1034 707//1034 662//1034
f 707//1035 651//1035 662//1035
f 705//1036 708//1036 661//1036
f 708//1034 707//1034 661//1034
f 419//1037 699//1037 676//1037
f 379//1038 703//1038 677//1038
f 709//1039 710//1039 659//1039
f 680//1009 709//1009 659//1009
f 710//1040 706//1040 659//1040
f 632//1041 711//1041 555//1041
f 711//705 528//705 555//705
f 712//1042 713//1042 630//1042
f 713//1042 631//1042 630//1042
f 537//705 712//705 630//705
f 714//1041 711//1041 632//1041
f 631//705 714//705 632//705
f 715//705 714//705 631//705
f 716//705 715//705 631//705
f 713//705 716//705 631//705
f 708//1035 651//1035 707//1035
f 717//1043 718//1043 719//1043
f 720//1043 717//1043 719//1043
f 721//1044 720//1044 719//1044
f 722//1045 721//1045 719//1045
f 718//1045 722//1045 719//1045
f 717//1043 723//1043 718//1043
f 724//1046 722//1046 718//1046
f 723//1046 724//1046 718//1046
f 725//1043 717//1043 720//1043
f 726//1047 725//1047 720//1047
f 721//1044 726//1044 720//1044
f 717//1043 727//1043 723//1043
f 728//1048 724//1048 723//1048
f 727//1048 728//1048 723//1048
f 729//1043 717//1043 725//1043
f 730//1049 729//1049 725//1049
f 726//1047 730//1047 725//1047
f 717//1043 731//1043 727//1043
f 732//1050 728//1050 727//1050
f 731//1050 732//1050 727//1050
f 733//1043 717//1043 729//1043
f 734//1051 733//1051 729//1051
f 730//1049 734//1049 729//1049
f 735//1043 717//1043 733//1043
f 736//1052 735//1052 733//1052
f 734//1051 736//1051 733//1051
f 737//1043 731//1043 717//1043
f 738//1043 739//1043 717//1043
f 739//1043 740//1043 717//1043
f 740//1043 737//1043 717//1043
f 735//1043 741//1043 717//1043
f 741//1043 742//1043 717//1043
f 742//1043 738//1043 717//1043
f 743//1053 732//1053 731//1053
f 737//1053 743//1053 731//1053
f 744//1054 741//1054 735//1054
f 736//1052 744//1052 735//1052
f 745//1055 743//1055 737//1055
f 740//1055 745//1055 737//1055
f 746//1056 742//1056 741//1056
f 744//1054 746//1054 741//1054
f 747//1057 745//1057 740//1057
f 739//1057 747//1057 740//1057
f 748//1058 738//1058 742//1058
f 746//1056 748//1056 742//1056
f 749//1059 747//1059 739//1059
f 738//1059 749//1059 739//1059
f 748//1058 749//1058 738//1058
f 604//1060 709//1060 680//1060
f 750//1061 671//1061 679//1061
f 674//1062 750//1062 679//1062
f 654//1063 436//1063 655//1063
f 668//1064 751//1064 678//1064
f 752//1065 694//1065 678//1065
f 751//1066 752//1066 678//1066
f 437//1067 753//1067 695//1067
f 753//1068 647//1068 695//1068
f 753//1069 754//1069 647//1069
f 754//1070 755//1070 647//1070
f 755//1071 495//1071 647//1071
f 696//1072 378//1072 697//1072
f 756//1073 710//1073 709//1073
f 604//1074 756//1074 709//1074
f 700//1075 425//1075 701//1075
f 419//1076 698//1076 699//1076
f 379//1077 702//1077 703//1077
f 752//1078 675//1078 694//1078
f 757//1079 750//1079 674//1079
f 663//1080 757//1080 674//1080
f 758//1081 759//1081 663//1081
f 706//1082 758//1082 663//1082
f 759//1083 757//1083 663//1083
f 437//1084 754//1084 753//1084
f 760//1085 761//1085 675//1085
f 752//1086 760//1086 675//1086
f 761//1087 704//1087 675//1087
f 762//1088 758//1088 706//1088
f 710//1089 762//1089 706//1089
f 761//1090 763//1090 704//1090
f 764//1091 705//1091 704//1091
f 763//1092 764//1092 704//1092
f 765//1093 750//1093 757//1093
f 759//1094 765//1094 757//1094
f 751//1095 766//1095 752//1095
f 766//1096 760//1096 752//1096
f 767//1097 768//1097 710//1097
f 769//1098 767//1098 710//1098
f 756//1099 769//1099 710//1099
f 768//1100 762//1100 710//1100
f 764//1101 770//1101 705//1101
f 770//1102 771//1102 705//1102
f 771//1103 708//1103 705//1103
f 419//1104 772//1104 698//1104
f 772//1105 773//1105 698//1105
f 773//1106 696//1106 698//1106
f 379//1077 774//1077 702//1077
f 774//1107 775//1107 702//1107
f 775//1108 700//1108 702//1108
f 776//1109 378//1109 696//1109
f 773//1110 776//1110 696//1110
f 777//1111 425//1111 700//1111
f 775//1112 777//1112 700//1112
f 771//1113 651//1113 708//1113
f 778//1114 436//1114 654//1114
f 622//1115 778//1115 654//1115
f 779//85 780//85 622//85
f 781//85 779//85 622//85
f 684//85 781//85 622//85
f 782//1116 783//1116 622//1116
f 783//1117 778//1117 622//1117
f 780//1118 784//1118 622//1118
f 784//1119 785//1119 622//1119
f 785//1120 782//1120 622//1120
f 770//1113 651//1113 771//1113
f 604//1121 769//1121 756//1121
f 786//1122 691//1122 651//1122
f 770//1123 786//1123 651//1123
f 693//1124 767//1124 604//1124
f 767//1125 769//1125 604//1125
f 764//1126 786//1126 770//1126
f 787//1127 378//1127 776//1127
f 773//1128 787//1128 776//1128
f 788//1129 425//1129 777//1129
f 775//1130 788//1130 777//1130
f 783//1131 436//1131 778//1131
f 789//1132 671//1132 750//1132
f 765//1133 789//1133 750//1133
f 379//1134 790//1134 774//1134
f 790//1135 775//1135 774//1135
f 419//1136 791//1136 772//1136
f 791//1137 773//1137 772//1137
f 668//1138 792//1138 751//1138
f 792//1139 766//1139 751//1139
f 793//1140 671//1140 789//1140
f 765//1133 793//1133 789//1133
f 668//1141 794//1141 792//1141
f 794//1142 766//1142 792//1142
f 795//1143 794//1143 668//1143
f 548//705 795//705 668//705
f 793//1144 796//1144 671//1144
f 796//705 536//705 671//705
f 681//1145 797//1145 682//1145
f 797//1146 798//1146 682//1146
f 798//1147 799//1147 682//1147
f 799//1148 683//1148 682//1148
f 685//560 800//560 684//560
f 800//1149 801//1149 684//1149
f 801//1150 781//1150 684//1150
f 799//1151 802//1151 683//1151
f 802//1152 803//1152 683//1152
f 803//1153 688//1153 683//1153
f 437//1154 804//1154 754//1154
f 804//1155 755//1155 754//1155
f 805//1156 806//1156 775//1156
f 790//1157 805//1157 775//1157
f 806//1158 807//1158 775//1158
f 807//1159 808//1159 775//1159
f 808//1159 788//1159 775//1159
f 791//1160 809//1160 773//1160
f 810//1161 787//1161 773//1161
f 809//1162 811//1162 773//1162
f 811//1163 812//1163 773//1163
f 812//1164 810//1164 773//1164
f 800//1165 813//1165 801//1165
f 813//1166 814//1166 801//1166
f 814//1167 781//1167 801//1167
f 798//1168 815//1168 799//1168
f 815//1169 802//1169 799//1169
f 816//1170 814//1170 813//1170
f 800//1171 816//1171 813//1171
f 816//1172 817//1172 814//1172
f 817//1173 818//1173 814//1173
f 818//1174 819//1174 814//1174
f 819//1175 820//1175 814//1175
f 820//1176 781//1176 814//1176
f 810//1177 378//1177 787//1177
f 821//1178 425//1178 788//1178
f 808//1179 821//1179 788//1179
f 797//1180 822//1180 798//1180
f 822//1181 823//1181 798//1181
f 823//1182 815//1182 798//1182
f 824//1183 825//1183 764//1183
f 826//1184 824//1184 764//1184
f 825//1185 786//1185 764//1185
f 763//1186 826//1186 764//1186
f 827//1187 828//1187 768//1187
f 829//1188 827//1188 768//1188
f 767//1188 829//1188 768//1188
f 828//1187 830//1187 768//1187
f 830//1189 762//1189 768//1189
f 693//1190 829//1190 767//1190
f 379//1191 805//1191 790//1191
f 419//1192 809//1192 791//1192
f 681//1193 822//1193 797//1193
f 794//1194 831//1194 766//1194
f 831//1195 760//1195 766//1195
f 795//1196 832//1196 794//1196
f 832//1197 831//1197 794//1197
f 807//1198 821//1198 808//1198
f 833//1199 811//1199 809//1199
f 419//1200 833//1200 809//1200
f 782//1201 436//1201 783//1201
f 714//1202 528//1202 711//1202
f 537//1203 834//1203 712//1203
f 834//1203 713//1203 712//1203
f 715//1204 528//1204 714//1204
f 834//705 716//705 713//705
f 835//1205 796//1205 793//1205
f 836//1206 835//1206 793//1206
f 765//1207 836//1207 793//1207
f 832//1208 837//1208 831//1208
f 837//1209 760//1209 831//1209
f 759//1210 836//1210 765//1210
f 838//1211 839//1211 840//1211
f 841//1212 838//1212 840//1212
f 842//1213 843//1213 840//1213
f 839//1214 842//1214 840//1214
f 843//1215 841//1215 840//1215
f 795//1216 844//1216 832//1216
f 844//1217 837//1217 832//1217
f 819//1218 845//1218 820//1218
f 845//1219 781//1219 820//1219
f 846//1220 847//1220 848//1220
f 847//1221 849//1221 848//1221
f 849//1222 843//1222 848//1222
f 850//1223 846//1223 848//1223
f 843//1224 850//1224 848//1224
f 849//1215 841//1215 843//1215
f 851//1225 850//1225 843//1225
f 842//1226 851//1226 843//1226
f 849//1227 838//1227 841//1227
f 693//1190 827//1190 829//1190
f 825//1228 691//1228 786//1228
f 852//1229 836//1229 759//1229
f 758//1230 852//1230 759//1230
f 853//1231 852//1231 758//1231
f 762//1232 853//1232 758//1232
f 837//1209 854//1209 760//1209
f 854//1233 761//1233 760//1233
f 838//1234 855//1234 839//1234
f 856//1235 842//1235 839//1235
f 855//1236 856//1236 839//1236
f 854//1237 857//1237 761//1237
f 857//1238 763//1238 761//1238
f 847//1239 838//1239 849//1239
f 812//1240 378//1240 810//1240
f 806//1241 821//1241 807//1241
f 856//1242 851//1242 842//1242
f 819//1243 858//1243 845//1243
f 779//1244 781//1244 845//1244
f 858//1245 779//1245 845//1245
f 859//1246 846//1246 850//1246
f 860//1247 859//1247 850//1247
f 861//1248 860//1248 850//1248
f 851//1249 861//1249 850//1249
f 721//1043 373//1043 372//1043
f 371//1043 721//1043 372//1043
f 726//1043 721//1043 371//1043
f 374//1043 726//1043 371//1043
f 722//1043 375//1043 373//1043
f 721//1043 722//1043 373//1043
f 730//1043 726//1043 374//1043
f 376//1043 730//1043 374//1043
f 724//1043 377//1043 375//1043
f 722//1043 724//1043 375//1043
f 378//1043 730//1043 376//1043
f 724//1043 379//1043 377//1043
f 812//1043 734//1043 378//1043
f 734//1043 730//1043 378//1043
f 724//1043 728//1043 379//1043
f 728//1043 805//1043 379//1043
f 746//1043 744//1043 812//1043
f 748//1043 746//1043 812//1043
f 811//1043 748//1043 812//1043
f 744//1043 736//1043 812//1043
f 736//1043 734//1043 812//1043
f 728//1043 806//1043 805//1043
f 732//1043 806//1043 728//1043
f 743//1043 821//1043 732//1043
f 821//1043 806//1043 732//1043
f 745//1043 425//1043 743//1043
f 425//1043 821//1043 743//1043
f 833//1043 748//1043 811//1043
f 432//1043 430//1043 745//1043
f 747//1043 435//1043 745//1043
f 435//1043 433//1043 745//1043
f 433//1043 432//1043 745//1043
f 430//1043 426//1043 745//1043
f 426//1043 425//1043 745//1043
f 419//1043 748//1043 833//1043
f 419//1043 427//1043 748//1043
f 427//1043 428//1043 748//1043
f 428//1043 429//1043 748//1043
f 429//1043 431//1043 748//1043
f 431//1043 434//1043 748//1043
f 434//1043 749//1043 748//1043
f 749//1043 785//1043 747//1043
f 785//1043 435//1043 747//1043
f 434//1043 785//1043 749//1043
f 436//1043 785//1043 434//1043
f 785//1043 437//1043 435//1043
f 782//1043 785//1043 436//1043
f 785//1043 804//1043 437//1043
f 785//1043 755//1043 804//1043
f 862//85 755//85 785//85
f 784//85 862//85 785//85
f 863//85 864//85 755//85
f 865//85 863//85 755//85
f 862//85 865//85 755//85
f 864//85 866//85 755//85
f 866//85 867//85 755//85
f 867//85 868//85 755//85
f 868//1250 495//1250 755//1250
f 867//85 869//85 868//85
f 870//1251 495//1251 868//1251
f 869//1251 870//1251 868//1251
f 870//85 871//85 495//85
f 872//85 681//85 495//85
f 871//85 872//85 495//85
f 873//1252 822//1252 681//1252
f 874//1253 873//1253 681//1253
f 872//1254 874//1254 681//1254
f 856//1242 875//1242 851//1242
f 876//1255 861//1255 851//1255
f 875//1256 876//1256 851//1256
f 877//1257 878//1257 858//1257
f 819//1258 879//1258 858//1258
f 879//1259 877//1259 858//1259
f 878//1260 880//1260 858//1260
f 880//1261 779//1261 858//1261
f 881//1262 873//1262 874//1262
f 872//1263 881//1263 874//1263
f 882//1264 835//1264 836//1264
f 883//1265 882//1265 836//1265
f 852//1266 883//1266 836//1266
f 882//1267 796//1267 835//1267
f 824//1268 884//1268 825//1268
f 884//1269 691//1269 825//1269
f 857//1270 826//1270 763//1270
f 830//1271 853//1271 762//1271
f 838//1272 885//1272 855//1272
f 885//1273 856//1273 855//1273
f 838//1274 886//1274 885//1274
f 887//1275 856//1275 885//1275
f 886//1276 887//1276 885//1276
f 888//1277 838//1277 847//1277
f 846//1278 888//1278 847//1278
f 887//1279 875//1279 856//1279
f 889//1280 888//1280 846//1280
f 859//1281 889//1281 846//1281
f 890//1282 528//1282 715//1282
f 891//561 890//561 715//561
f 716//561 891//561 715//561
f 892//1283 528//1283 890//1283
f 891//1284 892//1284 890//1284
f 893//1285 894//1285 895//1285
f 896//1286 893//1286 895//1286
f 897//561 896//561 895//561
f 898//561 897//561 895//561
f 894//1287 898//1287 895//1287
f 899//1288 893//1288 896//1288
f 900//561 901//561 896//561
f 897//561 900//561 896//561
f 901//1289 899//1289 896//1289
f 878//1290 902//1290 880//1290
f 902//1291 779//1291 880//1291
f 903//1292 893//1292 899//1292
f 901//1293 903//1293 899//1293
f 904//1294 889//1294 859//1294
f 905//1295 904//1295 859//1295
f 906//1296 905//1296 859//1296
f 860//1297 906//1297 859//1297
f 828//1298 907//1298 830//1298
f 907//1271 853//1271 830//1271
f 908//1299 906//1299 860//1299
f 909//1300 908//1300 860//1300
f 861//1300 909//1300 860//1300
f 857//1270 824//1270 826//1270
f 827//1301 910//1301 828//1301
f 910//1301 907//1301 828//1301
f 911//85 862//85 784//85
f 780//1302 911//1302 784//1302
f 779//85 912//85 780//85
f 912//1302 911//1302 780//1302
f 913//1303 884//1303 824//1303
f 914//1304 913//1304 824//1304
f 857//1305 914//1305 824//1305
f 838//1306 915//1306 886//1306
f 915//1307 887//1307 886//1307
f 916//1308 917//1308 881//1308
f 917//1309 873//1309 881//1309
f 872//1310 916//1310 881//1310
f 918//1311 796//1311 882//1311
f 919//1312 918//1312 882//1312
f 883//1313 919//1313 882//1313
f 920//1314 915//1314 838//1314
f 888//1315 921//1315 838//1315
f 921//1316 920//1316 838//1316
f 915//1317 922//1317 887//1317
f 922//1318 875//1318 887//1318
f 923//1319 528//1319 892//1319
f 891//1320 923//1320 892//1320
f 889//1321 921//1321 888//1321
f 924//561 897//561 898//561
f 894//1322 924//1322 898//1322
f 889//1321 920//1321 921//1321
f 893//1323 925//1323 894//1323
f 925//1324 924//1324 894//1324
f 926//1325 909//1325 861//1325
f 876//1325 926//1325 861//1325
f 795//1326 927//1326 844//1326
f 927//1327 837//1327 844//1327
f 904//1328 920//1328 889//1328
f 536//1329 796//1329 918//1329
f 928//1330 536//1330 918//1330
f 919//1331 928//1331 918//1331
f 795//1326 929//1326 927//1326
f 929//1332 837//1332 927//1332
f 930//1333 931//1333 916//1333
f 931//1334 917//1334 916//1334
f 872//1335 930//1335 916//1335
f 548//1336 929//1336 795//1336
f 871//1337 932//1337 872//1337
f 932//1338 933//1338 872//1338
f 933//1339 930//1339 872//1339
f 922//1340 934//1340 875//1340
f 935//1341 876//1341 875//1341
f 934//1342 935//1342 875//1342
f 893//1343 936//1343 925//1343
f 936//1344 924//1344 925//1344
f 933//1345 937//1345 930//1345
f 937//1346 931//1346 930//1346
f 938//1347 939//1347 902//1347
f 878//1348 938//1348 902//1348
f 939//1349 779//1349 902//1349
f 940//1350 893//1350 903//1350
f 901//1351 940//1351 903//1351
f 941//1352 942//1352 939//1352
f 938//1353 941//1353 939//1353
f 942//1354 779//1354 939//1354
f 943//1355 944//1355 920//1355
f 944//1356 915//1356 920//1356
f 904//1357 943//1357 920//1357
f 944//1358 945//1358 915//1358
f 945//1359 922//1359 915//1359
f 944//1360 946//1360 945//1360
f 946//1361 922//1361 945//1361
f 947//1362 944//1362 943//1362
f 948//1363 947//1363 943//1363
f 904//1364 948//1364 943//1364
f 949//1365 936//1365 893//1365
f 940//1366 950//1366 893//1366
f 950//1367 949//1367 893//1367
f 951//1368 905//1368 906//1368
f 952//1369 951//1369 906//1369
f 908//1370 952//1370 906//1370
f 953//560 954//560 691//560
f 955//560 953//560 691//560
f 913//560 955//560 691//560
f 884//560 913//560 691//560
f 956//560 689//560 691//560
f 957//560 956//560 691//560
f 954//560 957//560 691//560
f 910//561 827//561 693//561
f 692//561 910//561 693//561
f 932//1371 958//1371 933//1371
f 958//1372 937//1372 933//1372
f 949//1373 924//1373 936//1373
f 959//1374 536//1374 928//1374
f 919//1375 959//1375 928//1375
f 960//1376 528//1376 923//1376
f 891//1377 960//1377 923//1377
f 901//1378 950//1378 940//1378
f 548//1379 961//1379 929//1379
f 961//1380 837//1380 929//1380
f 548//1381 528//1381 960//1381
f 962//1382 548//1382 960//1382
f 891//1383 962//1383 960//1383
f 536//1384 963//1384 537//1384
f 963//1385 834//1385 537//1385
f 963//705 964//705 834//705
f 964//705 965//705 834//705
f 965//705 716//705 834//705
f 941//1386 966//1386 942//1386
f 966//85 967//85 942//85
f 967//1387 779//1387 942//1387
f 968//85 958//85 932//85
f 871//1388 968//1388 932//1388
f 969//1389 926//1389 876//1389
f 935//1390 969//1390 876//1390
f 950//1391 970//1391 949//1391
f 970//1392 971//1392 949//1392
f 971//1393 924//1393 949//1393
f 944//1394 972//1394 946//1394
f 972//1395 922//1395 946//1395
f 973//1396 970//1396 950//1396
f 901//1397 973//1397 950//1397
f 974//1398 952//1398 908//1398
f 975//1399 974//1399 908//1399
f 909//1399 975//1399 908//1399
f 976//1400 944//1400 947//1400
f 948//1401 976//1401 947//1401
f 867//85 968//85 869//85
f 871//1402 870//1402 869//1402
f 968//1402 871//1402 869//1402
f 977//85 911//85 967//85
f 966//85 977//85 967//85
f 912//1403 779//1403 967//1403
f 911//1403 912//1403 967//1403
f 978//1404 975//1404 909//1404
f 926//1404 978//1404 909//1404
f 905//1405 948//1405 904//1405
f 979//1406 972//1406 944//1406
f 980//1407 979//1407 944//1407
f 976//1408 980//1408 944//1408
f 970//1409 981//1409 971//1409
f 981//1410 924//1410 971//1410
f 982//1411 970//1411 973//1411
f 901//1412 982//1412 973//1412
f 983//1413 984//1413 963//1413
f 536//1414 983//1414 963//1414
f 985//560 964//560 963//560
f 986//560 985//560 963//560
f 987//560 986//560 963//560
f 984//560 987//560 963//560
f 983//1415 987//1415 984//1415
f 988//1416 536//1416 959//1416
f 919//1417 988//1417 959//1417
f 989//1418 548//1418 962//1418
f 891//1419 989//1419 962//1419
f 979//1420 922//1420 972//1420
f 548//1421 990//1421 961//1421
f 990//1422 837//1422 961//1422
f 991//1423 992//1423 905//1423
f 992//1424 948//1424 905//1424
f 951//1425 991//1425 905//1425
f 948//1426 980//1426 976//1426
f 977//85 862//85 911//85
f 983//1427 536//1427 988//1427
f 987//1428 983//1428 988//1428
f 919//1429 987//1429 988//1429
f 548//1430 989//1430 990//1430
f 989//1431 837//1431 990//1431
f 867//85 993//85 968//85
f 993//85 958//85 968//85
f 970//1432 994//1432 981//1432
f 994//1433 924//1433 981//1433
f 994//1434 970//1434 980//1434
f 970//1435 979//1435 980//1435
f 948//1436 994//1436 980//1436
f 995//1437 970//1437 982//1437
f 901//1438 995//1438 982//1438
f 995//1439 979//1439 970//1439
f 995//1440 922//1440 979//1440
f 901//1441 922//1441 995//1441
f 948//1442 924//1442 994//1442
f 891//1443 837//1443 989//1443
f 996//561 997//561 901//561
f 900//561 996//561 901//561
f 998//1444 922//1444 901//1444
f 997//1445 998//1445 901//1445
f 998//1446 934//1446 922//1446
f 999//1447 951//1447 952//1447
f 1000//1448 999//1448 952//1448
f 974//1449 1000//1449 952//1449
f 997//1450 1001//1450 998//1450
f 1002//1451 934//1451 998//1451
f 1001//1451 1002//1451 998//1451
f 1003//1452 935//1452 934//1452
f 1002//1452 1003//1452 934//1452
f 1004//1453 978//1453 926//1453
f 969//1453 1004//1453 926//1453
f 1005//1454 991//1454 951//1454
f 999//1455 1005//1455 951//1455
f 1006//1456 1000//1456 974//1456
f 975//1457 1007//1457 974//1457
f 1007//1458 1008//1458 974//1458
f 1008//1458 1006//1458 974//1458
f 1009//560 1008//560 1007//560
f 1010//560 1009//560 1007//560
f 975//1459 1010//1459 1007//1459
f 978//1460 1011//1460 975//1460
f 1011//1459 1010//1459 975//1459
f 852//1461 919//1461 883//1461
f 1009//560 1006//560 1008//560
f 1009//560 1012//560 1006//560
f 1012//1462 1000//1462 1006//1462
f 1013//1461 919//1461 852//1461
f 853//1463 1013//1463 852//1463
f 1014//1464 969//1464 935//1464
f 1003//1464 1014//1464 935//1464
f 1011//560 1009//560 1010//560
f 891//1465 1015//1465 837//1465
f 1016//1466 854//1466 837//1466
f 1015//1466 1016//1466 837//1466
f 1017//1467 1015//1467 891//1467
f 716//561 1017//561 891//561
f 1018//561 1019//561 924//561
f 1019//561 897//561 924//561
f 948//1468 1020//1468 924//1468
f 1020//1469 1018//1469 924//1469
f 1021//560 955//560 913//560
f 914//1470 1021//1470 913//1470
f 992//1471 1020//1471 948//1471
f 1022//1472 1023//1472 1000//1472
f 1012//1462 1022//1462 1000//1462
f 1023//1473 999//1473 1000//1473
f 1024//1474 857//1474 854//1474
f 1016//1474 1024//1474 854//1474
f 1025//560 1009//560 1011//560
f 978//1475 1025//1475 1011//1475
f 1026//1476 1027//1476 999//1476
f 1027//1477 1005//1477 999//1477
f 1023//1478 1026//1478 999//1478
f 1028//1479 1013//1479 853//1479
f 907//1480 1028//1480 853//1480
f 1009//560 1022//560 1012//560
f 1004//1481 1029//1481 978//1481
f 1029//1482 1025//1482 978//1482
f 1030//1483 914//1483 857//1483
f 1024//1484 1030//1484 857//1484
f 1031//1485 1032//1485 1020//1485
f 1032//1485 1018//1485 1020//1485
f 992//1486 1031//1486 1020//1486
f 1032//561 1019//561 1018//561
f 1029//560 1009//560 1025//560
f 1017//1487 1033//1487 1015//1487
f 1033//1488 1016//1488 1015//1488
f 1034//1489 1004//1489 969//1489
f 1014//1489 1034//1489 969//1489
f 991//1490 1035//1490 992//1490
f 1035//1491 1031//1491 992//1491
f 1005//1492 1035//1492 991//1492
f 1036//1480 1028//1480 907//1480
f 910//1493 1036//1493 907//1493
f 1017//1494 1037//1494 1033//1494
f 1037//1495 1038//1495 1033//1495
f 1038//1496 1016//1496 1033//1496
f 1039//1497 1024//1497 1016//1497
f 1038//1498 1039//1498 1016//1498
f 1040//1499 1037//1499 1017//1499
f 716//561 1041//561 1017//561
f 1041//561 1042//561 1017//561
f 1042//561 1040//561 1017//561
f 1009//560 1043//560 1022//560
f 1043//1500 1023//1500 1022//1500
f 1044//1501 1045//1501 1031//1501
f 1045//1501 1032//1501 1031//1501
f 1035//1502 1044//1502 1031//1502
f 1045//561 1019//561 1032//561
f 1040//1503 1046//1503 1037//1503
f 1046//1504 1047//1504 1037//1504
f 1047//1505 1038//1505 1037//1505
f 1040//1 1044//1 1046//1
f 1044//1506 1047//1506 1046//1506
f 1042//561 1019//561 1040//561
f 1019//561 1045//561 1040//561
f 1045//1 1044//1 1040//1
f 1048//1506 1047//1506 1044//1506
f 1035//1507 1048//1507 1044//1507
f 1030//1508 1021//1508 914//1508
f 1049//1509 1050//1509 1023//1509
f 1043//1500 1049//1500 1023//1500
f 1050//1510 1026//1510 1023//1510
f 1051//1511 1048//1511 1035//1511
f 1052//1512 1051//1512 1035//1512
f 1005//1513 1052//1513 1035//1513
f 1027//1514 1052//1514 1005//1514
f 1053//1515 1039//1515 1038//1515
f 1047//1516 1053//1516 1038//1516
f 997//1517 1054//1517 1001//1517
f 1054//1518 1002//1518 1001//1518
f 1055//1519 1030//1519 1024//1519
f 1039//1519 1055//1519 1024//1519
f 1009//560 1049//560 1043//560
f 1048//1520 1053//1520 1047//1520
f 1051//1521 1053//1521 1048//1521
f 1054//1522 1056//1522 1002//1522
f 1057//1523 1003//1523 1002//1523
f 1056//1524 1057//1524 1002//1524
f 692//561 1058//561 910//561
f 1058//1525 1036//1525 910//1525
f 1059//1526 987//1526 919//1526
f 1013//1527 1059//1527 919//1527
f 1060//1528 1039//1528 1053//1528
f 1051//1529 1060//1529 1053//1529
f 1061//1529 1060//1529 1051//1529
f 1052//1530 1061//1530 1051//1530
f 1059//1531 986//1531 987//1531
f 1062//560 1009//560 1029//560
f 1004//1532 1062//1532 1029//1532
f 1034//1532 1062//1532 1004//1532
f 1063//560 1009//560 1062//560
f 1034//1533 1063//1533 1062//1533
f 1064//560 955//560 1021//560
f 1030//1534 1064//1534 1021//1534
f 1065//1535 1066//1535 1052//1535
f 1066//1536 1061//1536 1052//1536
f 1027//1537 1065//1537 1052//1537
f 1067//1538 1055//1538 1039//1538
f 1060//1539 1067//1539 1039//1539
f 1068//1540 1014//1540 1003//1540
f 1057//1541 1068//1541 1003//1541
f 1069//561 1070//561 997//561
f 996//561 1069//561 997//561
f 1070//1542 1071//1542 997//1542
f 1071//1543 1054//1543 997//1543
f 1026//1544 1065//1544 1027//1544
f 1061//1545 1067//1545 1060//1545
f 1066//1545 1067//1545 1061//1545
f 1071//1522 1056//1522 1054//1522
f 1050//1546 1065//1546 1026//1546
f 1072//1547 1064//1547 1030//1547
f 1055//1548 1072//1548 1030//1548
f 1073//1549 986//1549 1059//1549
f 1013//1550 1073//1550 1059//1550
f 1074//1551 1073//1551 1013//1551
f 1028//1552 1074//1552 1013//1552
f 1075//1553 1034//1553 1014//1553
f 1068//1554 1075//1554 1014//1554
f 1076//1555 1055//1555 1067//1555
f 1066//1556 1076//1556 1067//1556
f 1077//1556 1076//1556 1066//1556
f 1065//1536 1077//1536 1066//1536
f 1078//1557 1079//1557 1065//1557
f 1050//1558 1078//1558 1065//1558
f 1079//1557 1077//1557 1065//1557
f 1080//1559 1081//1559 1055//1559
f 1081//1559 1072//1559 1055//1559
f 1076//1560 1080//1560 1055//1560
f 1049//1561 1078//1561 1050//1561
f 1082//560 1083//560 1049//560
f 1083//560 1084//560 1049//560
f 1084//560 1085//560 1049//560
f 1085//560 1078//560 1049//560
f 1009//560 1082//560 1049//560
f 1072//560 955//560 1064//560
f 1086//1562 1080//1562 1076//1562
f 1077//1563 1086//1563 1076//1563
f 1079//1563 1086//1563 1077//1563
f 1087//1552 1074//1552 1028//1552
f 1036//1564 1087//1564 1028//1564
f 1081//560 955//560 1072//560
f 1075//1565 1088//1565 1034//1565
f 1088//1533 1063//1533 1034//1533
f 1088//560 1009//560 1063//560
f 1089//1564 1087//1564 1036//1564
f 1058//1566 1089//1566 1036//1566
f 1080//560 955//560 1081//560
f 1090//1567 1091//1567 1078//1567
f 1091//560 1092//560 1078//560
f 1092//560 1093//560 1078//560
f 1093//560 1094//560 1078//560
f 1094//560 1095//560 1078//560
f 1095//560 1096//560 1078//560
f 1096//560 1079//560 1078//560
f 1085//560 1097//560 1078//560
f 1097//560 1090//560 1078//560
f 1070//1568 1098//1568 1071//1568
f 1099//1569 1056//1569 1071//1569
f 1098//1570 1099//1570 1071//1570
f 1100//560 1009//560 1088//560
f 1075//1571 1100//1571 1088//1571
f 1101//1572 1057//1572 1056//1572
f 1099//1572 1101//1572 1056//1572
f 1086//560 1102//560 1080//560
f 1102//560 1103//560 1080//560
f 1103//560 955//560 1080//560
f 1079//560 1096//560 1086//560
f 1096//560 1102//560 1086//560
f 1104//1573 1068//1573 1057//1573
f 1101//1573 1104//1573 1057//1573
f 692//561 1105//561 1058//561
f 1105//1566 1089//1566 1058//1566
f 1073//1574 1106//1574 986//1574
f 1106//560 985//560 986//560
f 1107//1574 1106//1574 1073//1574
f 1074//1575 1107//1575 1073//1575
f 1108//1576 1075//1576 1068//1576
f 1104//1577 1108//1577 1068//1577
f 1109//1578 1107//1578 1074//1578
f 1087//1579 1109//1579 1074//1579
f 1107//1580 1110//1580 1106//1580
f 1110//560 1111//560 1106//560
f 1111//560 985//560 1106//560
f 1112//1580 1110//1580 1107//1580
f 1109//1581 1112//1581 1107//1581
f 1113//560 1114//560 1110//560
f 1114//560 1115//560 1110//560
f 1115//560 1111//560 1110//560
f 1112//1 1113//1 1110//1
f 1116//1 1113//1 1112//1
f 1109//1581 1117//1581 1112//1581
f 1118//1582 1116//1582 1112//1582
f 1117//1583 1118//1583 1112//1583
f 1119//560 1114//560 1113//560
f 1120//560 1119//560 1113//560
f 1121//1584 1120//1584 1113//1584
f 1116//1585 1121//1585 1113//1585
f 1118//1586 1121//1586 1116//1586
f 1122//1587 1109//1587 1087//1587
f 1089//1588 1122//1588 1087//1588
f 1123//1589 1117//1589 1109//1589
f 1122//1590 1123//1590 1109//1590
f 1124//560 1009//560 1100//560
f 1075//1591 1124//1591 1100//1591
f 1108//1592 1124//1592 1075//1592
f 1125//1593 1118//1593 1117//1593
f 1123//1594 1125//1594 1117//1594
f 1126//560 1009//560 1124//560
f 1108//1595 1126//1595 1124//1595
f 1125//1596 1127//1596 1118//1596
f 1127//1597 1121//1597 1118//1597
f 1128//1598 1120//1598 1121//1598
f 1127//1599 1128//1599 1121//1599
f 1123//1600 1129//1600 1125//1600
f 1129//1601 1130//1601 1125//1601
f 1130//1602 1127//1602 1125//1602
f 1122//1590 1131//1590 1123//1590
f 1131//151 1129//151 1123//151
f 1132//561 1133//561 1070//561
f 1069//561 1132//561 1070//561
f 1133//1603 1134//1603 1070//1603
f 1134//1604 1098//1604 1070//1604
f 1134//1569 1099//1569 1098//1569
f 1130//1605 1135//1605 1127//1605
f 1135//1599 1136//1599 1127//1599
f 1136//1606 1128//1606 1127//1606
f 1137//560 1119//560 1120//560
f 1138//560 1137//560 1120//560
f 1136//1607 1138//1607 1120//1607
f 1128//1598 1136//1598 1120//1598
f 1089//1588 1139//1588 1122//1588
f 1140//1608 1131//1608 1122//1608
f 1139//1609 1140//1609 1122//1609
f 1105//1610 1139//1610 1089//1610
f 1141//1611 1129//1611 1131//1611
f 1140//1612 1141//1612 1131//1612
f 1141//1613 1130//1613 1129//1613
f 1141//1614 1142//1614 1130//1614
f 1142//1615 1143//1615 1130//1615
f 1143//1616 1135//1616 1130//1616
f 1144//1617 1138//1617 1136//1617
f 1135//1618 1144//1618 1136//1618
f 1133//1619 1145//1619 1134//1619
f 1146//1620 1099//1620 1134//1620
f 1145//1621 1146//1621 1134//1621
f 1105//1610 1147//1610 1139//1610
f 1148//1622 1140//1622 1139//1622
f 1147//1623 1148//1623 1139//1623
f 1149//1624 1141//1624 1140//1624
f 1148//1625 1149//1625 1140//1625
f 1149//1626 1142//1626 1141//1626
f 1150//1627 1101//1627 1099//1627
f 1146//1627 1150//1627 1099//1627
f 1143//1628 1151//1628 1135//1628
f 1151//1629 1144//1629 1135//1629
f 692//561 1147//561 1105//561
f 1147//1623 1152//1623 1148//1623
f 1153//1630 1149//1630 1148//1630
f 1152//1631 1153//1631 1148//1631
f 1154//1632 1104//1632 1101//1632
f 1150//1633 1154//1633 1101//1633
f 1153//1634 1142//1634 1149//1634
f 1155//1635 1156//1635 1143//1635
f 1156//1628 1151//1628 1143//1628
f 1142//1615 1155//1615 1143//1615
f 1153//1636 1157//1636 1142//1636
f 1157//1637 1155//1637 1142//1637
f 996//1638 900//1638 1158//1638
f 1159//1638 996//1638 1158//1638
f 900//1639 1160//1639 1158//1639
f 1161//561 1159//561 1158//561
f 1160//561 1161//561 1158//561
f 897//1639 1160//1639 900//1639
f 1119//1638 1162//1638 1114//1638
f 1162//1638 1163//1638 1114//1638
f 1163//1639 1115//1639 1114//1639
f 1164//560 1165//560 1163//560
f 1162//560 1164//560 1163//560
f 1165//1639 1115//1639 1163//1639
f 1166//1640 1108//1640 1104//1640
f 1154//1640 1166//1640 1104//1640
f 1167//560 1137//560 1138//560
f 1168//1641 1167//1641 1138//1641
f 1144//1617 1168//1617 1138//1617
f 1151//1629 1168//1629 1144//1629
f 692//561 1169//561 1147//561
f 1169//561 1170//561 1147//561
f 1170//561 1171//561 1147//561
f 1171//561 1172//561 1147//561
f 1172//561 1173//561 1147//561
f 1173//561 1152//561 1147//561
f 1166//1642 1174//1642 1108//1642
f 1174//1595 1126//1595 1108//1595
f 1174//560 1009//560 1126//560
f 897//1643 1175//1643 1160//1643
f 1175//561 1161//561 1160//561
f 1019//1643 1175//1643 897//1643
f 1165//1643 1111//1643 1115//1643
f 1164//560 1176//560 1165//560
f 1176//1643 1111//1643 1165//1643
f 1069//1644 996//1644 1159//1644
f 1177//1644 1069//1644 1159//1644
f 1161//561 1177//561 1159//561
f 1137//1644 1178//1644 1119//1644
f 1178//1644 1162//1644 1119//1644
f 1178//560 1164//560 1162//560
f 1173//561 1179//561 1152//561
f 1179//561 1153//561 1152//561
f 1180//561 1181//561 1153//561
f 1181//561 1182//561 1153//561
f 1182//561 1183//561 1153//561
f 1183//561 1184//561 1153//561
f 1185//561 1186//561 1153//561
f 1186//561 1187//561 1153//561
f 1187//561 1180//561 1153//561
f 1179//561 1188//561 1153//561
f 1188//561 1185//561 1153//561
f 1184//561 1189//561 1153//561
f 1189//561 1190//561 1153//561
f 1190//561 1157//561 1153//561
f 1157//1637 1190//1637 1155//1637
f 1190//1645 1191//1645 1155//1645
f 1191//1646 1156//1646 1155//1646
f 1192//1647 1167//1647 1168//1647
f 1151//1648 1192//1648 1168//1648
f 1156//1649 1193//1649 1151//1649
f 1193//1650 1192//1650 1151//1650
f 1194//560 1009//560 1174//560
f 1166//1651 1194//1651 1174//1651
f 1191//1652 1195//1652 1156//1652
f 1195//1653 1193//1653 1156//1653
f 1189//1645 1191//1645 1190//1645
f 1196//1654 1195//1654 1191//1654
f 1189//1655 1196//1655 1191//1655
f 1133//1656 1197//1656 1145//1656
f 1197//1657 1146//1657 1145//1657
f 1019//1658 1198//1658 1175//1658
f 1198//561 1161//561 1175//561
f 1042//1658 1198//1658 1019//1658
f 1176//1658 985//1658 1111//1658
f 1164//560 1199//560 1176//560
f 1199//1658 985//1658 1176//1658
f 1132//1659 1069//1659 1177//1659
f 1200//1659 1132//1659 1177//1659
f 1161//561 1200//561 1177//561
f 1167//560 1201//560 1137//560
f 1201//1659 1202//1659 1137//1659
f 1202//1659 1178//1659 1137//1659
f 1202//560 1164//560 1178//560
f 1197//1657 1203//1657 1146//1657
f 1204//1660 1150//1660 1146//1660
f 1203//1660 1204//1660 1146//1660
f 1205//1661 1154//1661 1150//1661
f 1204//1662 1205//1662 1150//1662
f 1184//1655 1196//1655 1189//1655
f 1206//560 1201//560 1167//560
f 1207//1663 1206//1663 1167//1663
f 1192//1664 1207//1664 1167//1664
f 1193//1665 1207//1665 1192//1665
f 1132//561 1208//561 1133//561
f 1209//1656 1197//1656 1133//1656
f 1208//1666 1209//1666 1133//1666
f 1209//1657 1203//1657 1197//1657
f 1195//1667 1210//1667 1193//1667
f 1210//1668 1207//1668 1193//1668
f 1211//1669 1166//1669 1154//1669
f 1205//1670 1211//1670 1154//1670
f 1212//1671 1210//1671 1195//1671
f 1196//1672 1212//1672 1195//1672
f 1211//1673 1213//1673 1166//1673
f 1213//1674 1194//1674 1166//1674
f 1213//560 1009//560 1194//560
f 1214//1672 1212//1672 1196//1672
f 1184//1675 1214//1675 1196//1675
f 1183//1675 1214//1675 1184//1675
f 1211//1676 1215//1676 1213//1676
f 1215//560 1009//560 1213//560
f 1216//1677 1206//1677 1207//1677
f 1210//1678 1216//1678 1207//1678
f 1217//1678 1218//1678 1210//1678
f 1212//1679 1217//1679 1210//1679
f 1218//1680 1216//1680 1210//1680
f 1042//1681 1219//1681 1198//1681
f 1219//561 1161//561 1198//561
f 1041//1681 1219//1681 1042//1681
f 1220//560 964//560 985//560
f 1199//1681 1220//1681 985//1681
f 1164//560 1221//560 1199//560
f 1221//1681 1220//1681 1199//1681
f 1222//1682 1132//1682 1200//1682
f 1223//1682 1222//1682 1200//1682
f 1161//561 1223//561 1200//561
f 1222//561 1208//561 1132//561
f 1206//560 1224//560 1201//560
f 1224//1682 1225//1682 1201//1682
f 1225//1682 1202//1682 1201//1682
f 1225//560 1164//560 1202//560
f 1226//1683 1217//1683 1212//1683
f 1214//1684 1226//1684 1212//1684
f 1227//1685 1226//1685 1214//1685
f 1183//1686 1227//1686 1214//1686
f 1182//1687 1227//1687 1183//1687
f 1208//1688 1228//1688 1209//1688
f 1228//1689 1203//1689 1209//1689
f 1228//1689 1229//1689 1203//1689
f 1230//1690 1204//1690 1203//1690
f 1229//1690 1230//1690 1203//1690
f 1231//560 1224//560 1206//560
f 1218//1691 1231//1691 1206//1691
f 1216//1677 1218//1677 1206//1677
f 1232//1692 1205//1692 1204//1692
f 1230//1692 1232//1692 1204//1692
f 1233//1693 1211//1693 1205//1693
f 1232//1693 1233//1693 1205//1693
f 1233//1694 1234//1694 1211//1694
f 1234//1676 1215//1676 1211//1676
f 1234//560 1009//560 1215//560
f 1235//705 1236//705 1237//705
f 1238//705 1235//705 1237//705
f 1239//1695 1238//1695 1237//1695
f 1240//1696 1239//1696 1237//1696
f 1236//1696 1240//1696 1237//1696
f 1241//1695 1238//1695 1239//1695
f 1242//85 1241//85 1239//85
f 1240//85 1242//85 1239//85
f 1235//705 1243//705 1236//705
f 1244//705 1235//705 1238//705
f 1245//1697 1240//1697 1236//1697
f 1243//1697 1245//1697 1236//1697
f 1241//1698 1244//1698 1238//1698
f 1245//85 1242//85 1240//85
f 1246//1698 1244//1698 1241//1698
f 1242//85 1246//85 1241//85
f 1235//705 1247//705 1243//705
f 1248//705 1235//705 1244//705
f 1249//1699 1245//1699 1243//1699
f 1247//1699 1249//1699 1243//1699
f 1246//1700 1248//1700 1244//1700
f 1249//85 1242//85 1245//85
f 1250//1700 1248//1700 1246//1700
f 1242//85 1250//85 1246//85
f 1251//1701 1231//1701 1218//1701
f 1252//1702 1253//1702 1226//1702
f 1227//1703 1252//1703 1226//1703
f 1253//1704 1217//1704 1226//1704
f 1254//561 1255//561 1161//561
f 1256//561 1257//561 1161//561
f 1257//561 1258//561 1161//561
f 1258//561 1254//561 1161//561
f 1219//561 1256//561 1161//561
f 1255//561 1259//561 1161//561
f 1259//561 1260//561 1161//561
f 1260//561 1223//561 1161//561
f 1261//705 1262//705 1235//705
f 1262//705 1247//705 1235//705
f 1263//705 1264//705 1235//705
f 1264//705 1265//705 1235//705
f 1265//705 1261//705 1235//705
f 1248//705 1263//705 1235//705
f 1266//1705 1249//1705 1247//1705
f 1262//1705 1266//1705 1247//1705
f 1266//85 1242//85 1249//85
f 1267//85 1268//85 1242//85
f 1268//85 1250//85 1242//85
f 1266//85 1269//85 1242//85
f 1269//85 1270//85 1242//85
f 1270//85 1267//85 1242//85
f 1271//1706 1227//1706 1182//1706
f 1181//1707 1271//1707 1182//1707
f 1250//1708 1263//1708 1248//1708
f 1268//1708 1263//1708 1250//1708
f 1272//560 1273//560 1164//560
f 1274//560 1275//560 1164//560
f 1275//560 1276//560 1164//560
f 1276//560 1272//560 1164//560
f 1225//560 1274//560 1164//560
f 1273//560 1277//560 1164//560
f 1277//560 1278//560 1164//560
f 1278//560 1221//560 1164//560
f 1208//1688 1279//1688 1228//1688
f 1279//1689 1229//1689 1228//1689
f 1280//1709 1279//1709 1208//1709
f 1222//561 1280//561 1208//561
f 1271//1710 1252//1710 1227//1710
f 1253//1711 1251//1711 1217//1711
f 1251//1711 1218//1711 1217//1711
f 1269//1712 1266//1712 1262//1712
f 1261//1712 1269//1712 1262//1712
f 1268//1713 1264//1713 1263//1713
f 1267//1713 1264//1713 1268//1713
f 1281//560 1009//560 1234//560
f 1233//1714 1281//1714 1234//1714
f 1041//1715 1256//1715 1219//1715
f 716//561 1282//561 1041//561
f 1282//1715 1256//1715 1041//1715
f 1283//560 964//560 1220//560
f 1221//1715 1283//1715 1220//1715
f 1278//1715 1283//1715 1221//1715
f 1284//1716 1222//1716 1223//1716
f 1260//1717 1284//1717 1223//1717
f 1284//561 1280//561 1222//561
f 1231//560 1285//560 1224//560
f 1285//1717 1274//1717 1224//1717
f 1274//1716 1225//1716 1224//1716
f 1270//1718 1269//1718 1261//1718
f 1265//1718 1270//1718 1261//1718
f 1267//1719 1265//1719 1264//1719
f 1270//1719 1265//1719 1267//1719
f 1286//560 1009//560 1281//560
f 1233//1720 1287//1720 1281//1720
f 1287//1721 1286//1721 1281//1721
f 1232//1722 1287//1722 1233//1722
f 1230//1723 1288//1723 1232//1723
f 1288//1724 1287//1724 1232//1724
f 1229//1725 1289//1725 1230//1725
f 1289//1726 1288//1726 1230//1726
f 1290//1701 1231//1701 1251//1701
f 1253//1711 1290//1711 1251//1711
f 1291//560 1285//560 1231//560
f 1290//1727 1291//1727 1231//1727
f 1292//1728 1293//1728 1229//1728
f 1279//1728 1292//1728 1229//1728
f 1293//1725 1289//1725 1229//1725
f 1280//1729 1292//1729 1279//1729
f 1180//1730 1294//1730 1181//1730
f 1294//1730 1271//1730 1181//1730
f 1294//1731 1295//1731 1271//1731
f 1295//1731 1252//1731 1271//1731
f 1295//1732 1296//1732 1252//1732
f 1296//1733 1253//1733 1252//1733
f 1296//1734 1297//1734 1253//1734
f 1297//1735 1290//1735 1253//1735
f 1297//1736 1291//1736 1290//1736
f 1187//1737 1298//1737 1180//1737
f 1298//1737 1294//1737 1180//1737
f 1282//1738 1257//1738 1256//1738
f 1299//561 1300//561 1282//561
f 716//561 1299//561 1282//561
f 1300//1738 1257//1738 1282//1738
f 1301//560 964//560 1283//560
f 1302//560 1303//560 1283//560
f 1303//560 1304//560 1283//560
f 1304//560 1301//560 1283//560
f 1278//1738 1302//1738 1283//1738
f 1277//1738 1302//1738 1278//1738
f 1305//1739 1284//1739 1260//1739
f 1259//1739 1305//1739 1260//1739
f 1305//561 1306//561 1284//561
f 1306//561 1307//561 1284//561
f 1307//561 1280//561 1284//561
f 1291//560 1308//560 1285//560
f 1308//1739 1275//1739 1285//1739
f 1275//1739 1274//1739 1285//1739
f 1298//1740 1309//1740 1294//1740
f 1309//1741 1295//1741 1294//1741
f 1310//560 1311//560 1286//560
f 1311//560 1312//560 1286//560
f 1312//560 1009//560 1286//560
f 1313//560 1310//560 1286//560
f 1287//1721 1313//1721 1286//1721
f 1314//1742 1313//1742 1287//1742
f 1288//1743 1314//1743 1287//1743
f 1309//1744 1315//1744 1295//1744
f 1315//1745 1296//1745 1295//1745
f 1316//560 1310//560 1313//560
f 1314//1746 1316//1746 1313//1746
f 1289//1747 1317//1747 1288//1747
f 1317//1743 1314//1743 1288//1743
f 1315//1748 1318//1748 1296//1748
f 1318//1749 1297//1749 1296//1749
f 1280//1729 1319//1729 1292//1729
f 1319//1728 1293//1728 1292//1728
f 1307//1750 1319//1750 1280//1750
f 1320//560 1308//560 1291//560
f 1318//1751 1320//1751 1291//1751
f 1297//1752 1318//1752 1291//1752
f 1186//1753 1321//1753 1187//1753
f 1321//1753 1298//1753 1187//1753
f 1293//1754 1322//1754 1289//1754
f 1322//1755 1317//1755 1289//1755
f 1319//1756 1323//1756 1293//1756
f 1323//1754 1322//1754 1293//1754
f 1307//1757 1324//1757 1319//1757
f 1324//1758 1323//1758 1319//1758
f 1321//1759 1325//1759 1298//1759
f 1325//1760 1309//1760 1298//1760
f 1185//1761 1326//1761 1186//1761
f 1326//1761 1321//1761 1186//1761
f 1300//1762 1258//1762 1257//1762
f 1299//561 1327//561 1300//561
f 1327//1762 1258//1762 1300//1762
f 1328//560 1329//560 1302//560
f 1329//560 1303//560 1302//560
f 1277//1762 1328//1762 1302//1762
f 1273//1762 1328//1762 1277//1762
f 1330//1763 1305//1763 1259//1763
f 1255//1763 1330//1763 1259//1763
f 1330//561 1331//561 1305//561
f 1331//561 1306//561 1305//561
f 1320//560 1332//560 1308//560
f 1332//1763 1276//1763 1308//1763
f 1276//1763 1275//1763 1308//1763
f 1325//1764 1333//1764 1309//1764
f 1333//1764 1315//1764 1309//1764
f 1334//1765 1318//1765 1315//1765
f 1333//1766 1335//1766 1315//1766
f 1335//1765 1334//1765 1315//1765
f 1188//1767 1336//1767 1185//1767
f 1336//1768 1326//1768 1185//1768
f 1334//1769 1320//1769 1318//1769
f 1326//1770 1337//1770 1321//1770
f 1337//1771 1325//1771 1321//1771
f 1336//1772 1188//1772 1179//1772
f 1338//1773 1336//1773 1179//1773
f 1173//1774 1339//1774 1179//1774
f 1339//1775 1338//1775 1179//1775
f 1340//560 1310//560 1316//560
f 1341//560 1340//560 1316//560
f 1314//1746 1341//1746 1316//1746
f 1342//1776 1341//1776 1314//1776
f 1317//1777 1342//1777 1314//1777
f 1343//1778 1339//1778 1173//1778
f 1172//1778 1343//1778 1173//1778
f 1335//1769 1320//1769 1334//1769
f 1344//560 1332//560 1320//560
f 1335//1779 1344//1779 1320//1779
f 1327//1780 1254//1780 1258//1780
f 1299//561 1345//561 1327//561
f 1345//1780 1254//1780 1327//1780
f 1332//560 1344//560 1328//560
f 1344//560 1329//560 1328//560
f 1273//1780 1272//1780 1328//1780
f 1272//1781 1332//1781 1328//1781
f 1345//1782 1330//1782 1255//1782
f 1254//1782 1345//1782 1255//1782
f 1346//561 1347//561 1330//561
f 1345//561 1299//561 1330//561
f 1299//561 1348//561 1330//561
f 1348//561 1346//561 1330//561
f 1347//561 1349//561 1330//561
f 1349//561 1350//561 1330//561
f 1350//561 1351//561 1330//561
f 1351//561 1352//561 1330//561
f 1352//561 1353//561 1330//561
f 1353//561 1331//561 1330//561
f 1272//1782 1276//1782 1332//1782
f 1322//1783 1354//1783 1317//1783
f 1354//1784 1342//1784 1317//1784
f 1336//1785 1355//1785 1326//1785
f 1355//1786 1337//1786 1326//1786
f 1337//1787 1356//1787 1325//1787
f 1356//1788 1333//1788 1325//1788
f 1342//1789 1340//1789 1341//1789
f 1338//1790 1355//1790 1336//1790
f 1323//1791 1357//1791 1322//1791
f 1357//1783 1354//1783 1322//1783
f 1358//1792 1355//1792 1338//1792
f 1339//1793 1358//1793 1338//1793
f 1171//1794 1359//1794 1172//1794
f 1359//1794 1343//1794 1172//1794
f 1356//1795 1360//1795 1333//1795
f 1360//1796 1335//1796 1333//1796
f 1361//1797 1362//1797 1323//1797
f 1324//1797 1361//1797 1323//1797
f 1362//1791 1357//1791 1323//1791
f 1363//1798 1337//1798 1355//1798
f 1358//1799 1363//1799 1355//1799
f 1364//1800 1363//1800 1358//1800
f 1365//1801 1364//1801 1358//1801
f 1339//1802 1365//1802 1358//1802
f 1366//1803 1365//1803 1339//1803
f 1343//1803 1366//1803 1339//1803
f 1307//1804 1361//1804 1324//1804
f 1360//1805 1344//1805 1335//1805
f 1367//1806 1356//1806 1337//1806
f 1363//1807 1367//1807 1337//1807
f 1367//1808 1363//1808 1364//1808
f 1368//1809 1367//1809 1364//1809
f 1365//1810 1368//1810 1364//1810
f 1369//1811 1366//1811 1343//1811
f 1359//1811 1369//1811 1343//1811
f 1370//1805 1344//1805 1360//1805
f 1356//1795 1370//1795 1360//1795
f 1371//1810 1368//1810 1365//1810
f 1372//1812 1371//1812 1365//1812
f 1366//1813 1372//1813 1365//1813
f 1370//1814 1329//1814 1344//1814
f 1367//1815 1373//1815 1356//1815
f 1373//1816 1374//1816 1356//1816
f 1374//1817 1370//1817 1356//1817
f 1307//1818 1375//1818 1361//1818
f 1375//1797 1362//1797 1361//1797
f 1306//1819 1375//1819 1307//1819
f 1373//1820 1367//1820 1368//1820
f 1376//1821 1373//1821 1368//1821
f 1371//1822 1376//1822 1368//1822
f 1374//1823 1329//1823 1370//1823
f 1377//560 1310//560 1340//560
f 1342//1789 1377//1789 1340//1789
f 1376//1824 1374//1824 1373//1824
f 1378//1825 1374//1825 1376//1825
f 1379//1826 1378//1826 1376//1826
f 1371//1826 1379//1826 1376//1826
f 1380//1827 1377//1827 1342//1827
f 1354//1828 1380//1828 1342//1828
f 1381//1829 1379//1829 1371//1829
f 1372//1830 1381//1830 1371//1830
f 1382//1831 1372//1831 1366//1831
f 1369//1831 1382//1831 1366//1831
f 1378//1832 1304//1832 1303//1832
f 1374//1043 1378//1043 1303//1043
f 1329//1043 1374//1043 1303//1043
f 1379//1832 1304//1832 1378//1832
f 1379//1833 1301//1833 1304//1833
f 1381//1833 1301//1833 1379//1833
f 1382//1834 1383//1834 1372//1834
f 1383//1835 1381//1835 1372//1835
f 1357//1836 1384//1836 1354//1836
f 1384//1837 1380//1837 1354//1837
f 1385//560 964//560 1301//560
f 1383//1838 1385//1838 1301//1838
f 1381//1839 1383//1839 1301//1839
f 1170//1840 1386//1840 1171//1840
f 1386//1841 1359//1841 1171//1841
f 1362//1842 1387//1842 1357//1842
f 1387//1843 1384//1843 1357//1843
f 1380//1844 1310//1844 1377//1844
f 1096//1845 1388//1845 1102//1845
f 1389//1846 1103//1846 1102//1846
f 1388//1847 1389//1847 1102//1847
f 1095//1848 1390//1848 1096//1848
f 1390//1845 1388//1845 1096//1845
f 1375//1849 1391//1849 1362//1849
f 1391//1850 1387//1850 1362//1850
f 1306//1851 1392//1851 1375//1851
f 1392//1849 1391//1849 1375//1849
f 1094//1852 1393//1852 1095//1852
f 1393//1853 1394//1853 1095//1853
f 1394//1848 1390//1848 1095//1848
f 1389//1854 955//1854 1103//1854
f 1395//1855 1369//1855 1359//1855
f 1386//1855 1395//1855 1359//1855
f 1380//1844 1311//1844 1310//1844
f 1396//1856 953//1856 955//1856
f 1389//1857 1396//1857 955//1857
f 1397//1858 1311//1858 1380//1858
f 1384//1859 1397//1859 1380//1859
f 1398//1860 1382//1860 1369//1860
f 1395//1861 1398//1861 1369//1861
f 1390//1862 1399//1862 1388//1862
f 1399//1863 1389//1863 1388//1863
f 1394//1864 1400//1864 1390//1864
f 1400//1862 1399//1862 1390//1862
f 1396//1856 954//1856 953//1856
f 1093//1865 1393//1865 1094//1865
f 1401//1866 1402//1866 1393//1866
f 1093//1867 1401//1867 1393//1867
f 1402//1868 1394//1868 1393//1868
f 1399//1869 1403//1869 1389//1869
f 1403//1870 1396//1870 1389//1870
f 1402//1871 1404//1871 1394//1871
f 1404//1872 1405//1872 1394//1872
f 1405//1873 1400//1873 1394//1873
f 1400//1874 1406//1874 1399//1874
f 1406//1875 1403//1875 1399//1875
f 1405//1864 1407//1864 1400//1864
f 1407//1874 1406//1874 1400//1874
f 1387//1876 1408//1876 1384//1876
f 1408//1859 1397//1859 1384//1859
f 1398//1877 1409//1877 1382//1877
f 1409//1878 1410//1878 1382//1878
f 1410//1879 1383//1879 1382//1879
f 1410//1880 1385//1880 1383//1880
f 1411//1881 957//1881 954//1881
f 1396//1882 1411//1882 954//1882
f 1403//1883 1412//1883 1396//1883
f 1412//1884 1411//1884 1396//1884
f 1401//1866 1413//1866 1402//1866
f 1413//1885 1404//1885 1402//1885
f 1306//1886 1414//1886 1392//1886
f 1414//1887 1391//1887 1392//1887
f 1407//1888 1415//1888 1406//1888
f 1415//1889 1403//1889 1406//1889
f 1405//1890 1416//1890 1407//1890
f 1416//1888 1415//1888 1407//1888
f 1417//1891 1414//1891 1306//1891
f 1331//1892 1417//1892 1306//1892
f 1413//1893 1418//1893 1404//1893
f 1418//1894 1419//1894 1404//1894
f 1419//1895 1405//1895 1404//1895
f 1391//1896 1420//1896 1387//1896
f 1420//1876 1408//1876 1387//1876
f 1397//1897 1312//1897 1311//1897
f 1415//1898 1421//1898 1403//1898
f 1421//1899 1412//1899 1403//1899
f 1422//1900 1423//1900 1405//1900
f 1419//1901 1422//1901 1405//1901
f 1423//1902 1416//1902 1405//1902
f 1411//1903 956//1903 957//1903
f 1397//1904 1424//1904 1312//1904
f 1424//1905 1009//1905 1312//1905
f 1092//1906 1401//1906 1093//1906
f 1408//1907 1424//1907 1397//1907
f 1425//560 964//560 1385//560
f 1426//1908 1425//1908 1385//1908
f 1427//1909 1426//1909 1385//1909
f 1410//1910 1428//1910 1385//1910
f 1428//1911 1429//1911 1385//1911
f 1429//1912 1427//1912 1385//1912
f 1416//1913 1430//1913 1415//1913
f 1430//1914 1421//1914 1415//1914
f 1423//1915 1431//1915 1416//1915
f 1431//1916 1430//1916 1416//1916
f 1409//1917 1432//1917 1410//1917
f 1432//1918 1433//1918 1410//1918
f 1433//1919 1428//1919 1410//1919
f 1169//1920 1434//1920 1170//1920
f 1434//1920 1386//1920 1170//1920
f 1414//1921 1435//1921 1391//1921
f 1435//1896 1420//1896 1391//1896
f 1431//1922 1436//1922 1430//1922
f 1436//1923 1421//1923 1430//1923
f 1423//1924 1437//1924 1431//1924
f 1437//1925 1438//1925 1431//1925
f 1438//1922 1436//1922 1431//1922
f 1091//1926 1401//1926 1092//1926
f 1421//1927 1439//1927 1412//1927
f 1440//1928 1411//1928 1412//1928
f 1439//1929 1440//1929 1412//1929
f 1417//1921 1435//1921 1414//1921
f 1436//1930 1441//1930 1421//1930
f 1441//1931 1442//1931 1421//1931
f 1442//1932 1439//1932 1421//1932
f 1418//1933 1422//1933 1419//1933
f 1443//1934 1437//1934 1423//1934
f 1422//1935 1443//1935 1423//1935
f 1091//1936 1444//1936 1401//1936
f 1444//1937 1445//1937 1401//1937
f 1445//1938 1413//1938 1401//1938
f 1446//1939 1447//1939 1411//1939
f 1447//1940 956//1940 1411//1940
f 1448//1941 1446//1941 1411//1941
f 1440//1942 1448//1942 1411//1942
f 1348//1943 1441//1943 1436//1943
f 1438//1043 1346//1043 1436//1043
f 1346//1043 1348//1043 1436//1043
f 1299//1944 1441//1944 1348//1944
f 1437//1945 1347//1945 1438//1945
f 1347//1945 1346//1945 1438//1945
f 1299//1946 1442//1946 1441//1946
f 1449//1947 1349//1947 1437//1947
f 1349//1947 1347//1947 1437//1947
f 1443//1948 1449//1948 1437//1948
f 716//561 1450//561 1299//561
f 1451//1949 1442//1949 1299//1949
f 1450//1950 1451//1950 1299//1950
f 1442//1951 1451//1951 1439//1951
f 1452//1929 1440//1929 1439//1929
f 1451//1952 1452//1952 1439//1952
f 1453//1953 1395//1953 1386//1953
f 1454//1953 1453//1953 1386//1953
f 1434//1954 1454//1954 1386//1954
f 1418//1933 1455//1933 1422//1933
f 1455//1955 1443//1955 1422//1955
f 1420//1956 1456//1956 1408//1956
f 1456//1957 1424//1957 1408//1957
f 1457//1958 1449//1958 1443//1958
f 1458//1959 1457//1959 1443//1959
f 1455//1960 1458//1960 1443//1960
f 1450//1961 1459//1961 1451//1961
f 1459//1962 1452//1962 1451//1962
f 1457//1963 1349//1963 1449//1963
f 1457//1964 1350//1964 1349//1964
f 1424//1965 1082//1965 1009//1965
f 1460//1966 1448//1966 1440//1966
f 1452//1967 1460//1967 1440//1967
f 1461//1968 1082//1968 1424//1968
f 1456//1969 1461//1969 1424//1969
f 1461//1970 1083//1970 1082//1970
f 1453//1971 1398//1971 1395//1971
f 1445//1972 1462//1972 1413//1972
f 1462//1973 1418//1973 1413//1973
f 1090//1974 1444//1974 1091//1974
f 1097//1975 1463//1975 1090//1975
f 1463//1976 1444//1976 1090//1976
f 1464//1977 1460//1977 1452//1977
f 1465//1978 1464//1978 1452//1978
f 1459//1979 1465//1979 1452//1979
f 1463//1980 1466//1980 1444//1980
f 1466//1981 1445//1981 1444//1981
f 1458//1982 1467//1982 1457//1982
f 1467//1983 1468//1983 1457//1983
f 1468//1984 1469//1984 1457//1984
f 1469//1985 1470//1985 1457//1985
f 1470//1986 1471//1986 1457//1986
f 1471//1987 1472//1987 1457//1987
f 1472//1988 1350//1988 1457//1988
f 1447//560 689//560 956//560
f 1472//1989 1473//1989 1350//1989
f 1473//1990 1474//1990 1350//1990
f 1474//1991 1475//1991 1350//1991
f 1475//1992 1476//1992 1350//1992
f 1476//1993 1477//1993 1350//1993
f 1477//1994 1351//1994 1350//1994
f 1450//1995 1478//1995 1459//1995
f 1478//1996 1479//1996 1459//1996
f 1479//1997 1480//1997 1459//1997
f 1480//1998 1481//1998 1459//1998
f 1481//1999 1482//1999 1459//1999
f 1482//2000 1483//2000 1459//2000
f 1483//2001 1484//2001 1459//2001
f 1484//1979 1465//1979 1459//1979
f 1485//2002 1486//2002 1450//2002
f 1486//2003 1487//2003 1450//2003
f 1487//2004 1488//2004 1450//2004
f 1488//2005 1489//2005 1450//2005
f 1489//2006 1478//2006 1450//2006
f 716//561 1485//561 1450//561
f 1435//2007 1490//2007 1420//2007
f 1490//2008 1456//2008 1420//2008
f 1461//2009 1084//2009 1083//2009
f 1491//2010 1409//2010 1398//2010
f 1492//2011 1491//2011 1398//2011
f 1493//2012 1492//2012 1398//2012
f 1453//2013 1493//2013 1398//2013
f 1085//1975 1463//1975 1097//1975
f 1491//2014 1494//2014 1409//2014
f 1494//2015 1432//2015 1409//2015
f 1463//2016 1084//2016 1461//2016
f 1456//1969 1495//1969 1461//1969
f 1495//2017 1463//2017 1461//2017
f 1463//2018 1085//2018 1084//2018
f 1495//2017 1466//2017 1463//2017
f 1462//2019 1496//2019 1418//2019
f 1496//2020 1455//2020 1418//2020
f 1490//2021 1495//2021 1456//2021
f 1417//2022 1497//2022 1435//2022
f 1497//2023 1498//2023 1435//2023
f 1498//2024 1490//2024 1435//2024
f 1331//2025 1497//2025 1417//2025
f 1466//2026 1499//2026 1445//2026
f 1499//2027 1462//2027 1445//2027
f 1500//2028 1501//2028 1497//2028
f 1501//2029 1502//2029 1497//2029
f 1502//2030 1503//2030 1497//2030
f 1503//2031 1504//2031 1497//2031
f 1504//2032 1505//2032 1497//2032
f 1505//2033 1506//2033 1497//2033
f 1331//2034 1507//2034 1497//2034
f 1507//2028 1500//2028 1497//2028
f 1506//2035 1498//2035 1497//2035
f 1353//2036 1508//2036 1331//2036
f 1508//2037 1509//2037 1331//2037
f 1509//2038 1510//2038 1331//2038
f 1510//2039 1511//2039 1331//2039
f 1511//2040 1512//2040 1331//2040
f 1512//2041 1507//2041 1331//2041
f 1512//2042 1513//2042 1507//2042
f 1513//2043 1500//2043 1507//2043
f 1514//2044 1425//2044 1426//2044
f 1427//2045 1514//2045 1426//2045
f 1513//2046 1473//2046 1472//2046
f 1471//2047 1513//2047 1472//2047
f 1515//2048 1478//2048 1489//2048
f 1516//2049 1515//2049 1489//2049
f 1488//2050 1516//2050 1489//2050
f 1470//2051 1517//2051 1471//2051
f 1500//2052 1513//2052 1471//2052
f 1517//2053 1500//2053 1471//2053
f 1475//2054 1474//2054 1513//2054
f 1474//2055 1473//2055 1513//2055
f 1510//2056 1475//2056 1513//2056
f 1511//2057 1510//2057 1513//2057
f 1512//2058 1511//2058 1513//2058
f 1428//2059 1518//2059 1514//2059
f 1429//2060 1428//2060 1514//2060
f 1427//2045 1429//2045 1514//2045
f 1519//2061 965//2061 1514//2061
f 965//2062 964//2062 1514//2062
f 964//2063 1425//2063 1514//2063
f 1518//705 1520//705 1514//705
f 1520//705 1521//705 1514//705
f 1521//705 1519//705 1514//705
f 1517//2064 1501//2064 1500//2064
f 1515//2065 1479//2065 1478//2065
f 1522//2066 865//2066 862//2066
f 1523//2067 1522//2067 862//2067
f 977//2067 1523//2067 862//2067
f 1524//2068 993//2068 867//2068
f 1525//2069 1524//2069 867//2069
f 866//2069 1525//2069 867//2069
f 1523//85 1526//85 1522//85
f 1526//2066 865//2066 1522//2066
f 1525//85 1527//85 1524//85
f 1527//2068 993//2068 1524//2068
f 1517//2070 1502//2070 1501//2070
f 1528//2071 1458//2071 1455//2071
f 1496//2072 1528//2072 1455//2072
f 1469//2073 1517//2073 1470//2073
f 1480//2074 1479//2074 1515//2074
f 1529//2075 1482//2075 1515//2075
f 1482//2076 1481//2076 1515//2076
f 1481//2077 1480//2077 1515//2077
f 1516//705 1530//705 1515//705
f 1531//705 1529//705 1515//705
f 1530//705 1531//705 1515//705
f 1487//2078 1486//2078 1516//2078
f 1486//2079 716//2079 1516//2079
f 716//2080 1530//2080 1516//2080
f 1488//2081 1487//2081 1516//2081
f 1504//2082 1503//2082 1517//2082
f 1503//2083 1502//2083 1517//2083
f 1469//2084 1468//2084 1517//2084
f 1468//2085 1467//2085 1517//2085
f 1467//2086 1504//2086 1517//2086
f 1528//2087 1532//2087 1458//2087
f 1532//2088 1467//2088 1458//2088
f 1490//2021 1533//2021 1495//2021
f 1533//2089 1466//2089 1495//2089
f 966//2090 1523//2090 977//2090
f 1527//2091 958//2091 993//2091
f 1534//85 1526//85 1523//85
f 966//2092 941//2092 1523//2092
f 941//2093 938//2093 1523//2093
f 938//2094 878//2094 1523//2094
f 878//2095 877//2095 1523//2095
f 877//2096 879//2096 1523//2096
f 879//2097 1534//2097 1523//2097
f 1525//85 1535//85 1527//85
f 1535//85 1536//85 1527//85
f 917//2098 931//2098 1527//2098
f 931//2099 937//2099 1527//2099
f 937//2100 958//2100 1527//2100
f 1536//2101 822//2101 1527//2101
f 822//2102 873//2102 1527//2102
f 873//2103 917//2103 1527//2103
f 1533//2089 1499//2089 1466//2089
f 1537//2104 1476//2104 1475//2104
f 1510//2105 1537//2105 1475//2105
f 1509//2106 1537//2106 1510//2106
f 1498//2107 1533//2107 1490//2107
f 1538//2108 1539//2108 1519//2108
f 1539//2108 965//2108 1519//2108
f 1540//705 1541//705 1519//705
f 1541//705 1538//705 1519//705
f 1521//705 1542//705 1519//705
f 1542//705 1540//705 1519//705
f 1539//705 716//705 965//705
f 1433//2109 1518//2109 1428//2109
f 1537//2110 1477//2110 1476//2110
f 1508//2111 1537//2111 1509//2111
f 1543//705 1544//705 689//705
f 1544//560 690//560 689//560
f 1447//2112 1545//2112 689//2112
f 1545//2113 1546//2113 689//2113
f 1546//2114 1543//2114 689//2114
f 1547//705 1548//705 692//705
f 687//561 1547//561 692//561
f 1548//2115 1549//2115 692//2115
f 1549//2116 1550//2116 692//2116
f 1550//2117 1169//2117 692//2117
f 1446//2118 1545//2118 1447//2118
f 1550//2119 1434//2119 1169//2119
f 1499//2120 1551//2120 1462//2120
f 1551//2121 1496//2121 1462//2121
f 1485//2122 716//2122 1486//2122
f 1353//2123 1352//2123 1537//2123
f 1508//2124 1353//2124 1537//2124
f 1352//2125 1552//2125 1537//2125
f 1552//2126 1553//2126 1537//2126
f 1553//2127 1477//2127 1537//2127
f 1532//2128 1554//2128 1467//2128
f 1554//2129 1504//2129 1467//2129
f 1554//2130 1505//2130 1504//2130
f 1553//2131 1351//2131 1477//2131
f 1506//2132 1555//2132 1498//2132
f 1555//2133 1533//2133 1498//2133
f 1433//2134 1432//2134 1518//2134
f 1432//2135 1494//2135 1518//2135
f 1494//2135 1556//2135 1518//2135
f 1556//2136 1557//2136 1518//2136
f 1557//705 1558//705 1518//705
f 1558//705 1520//705 1518//705
f 1559//2137 1560//2137 1528//2137
f 1560//2138 1561//2138 1528//2138
f 1561//2139 1532//2139 1528//2139
f 1496//2072 1559//2072 1528//2072
f 1555//2140 1499//2140 1533//2140
f 1552//2141 1351//2141 1553//2141
f 1561//2142 1554//2142 1532//2142
f 1552//2143 1352//2143 1351//2143
f 1554//2144 1562//2144 1505//2144
f 1562//2145 1506//2145 1505//2145
f 1562//2146 1563//2146 1506//2146
f 1563//2132 1555//2132 1506//2132
f 1560//2147 1554//2147 1561//2147
f 1448//2148 1564//2148 1446//2148
f 1564//2149 1545//2149 1446//2149
f 1526//2150 863//2150 865//2150
f 1535//2151 1525//2151 866//2151
f 864//2151 1535//2151 866//2151
f 1534//85 1565//85 1526//85
f 1565//2150 863//2150 1526//2150
f 1566//2152 1454//2152 1434//2152
f 1550//2153 1566//2153 1434//2153
f 1460//2154 1564//2154 1448//2154
f 1555//2155 1551//2155 1499//2155
f 1566//2156 1453//2156 1454//2156
f 1567//2157 1568//2157 1529//2157
f 1531//2158 1567//2158 1529//2158
f 1568//2159 1483//2159 1529//2159
f 1483//2160 1482//2160 1529//2160
f 1569//2161 1559//2161 1496//2161
f 1551//2162 1569//2162 1496//2162
f 1560//2163 1570//2163 1554//2163
f 1570//2164 1571//2164 1554//2164
f 1571//2165 1572//2165 1554//2165
f 1572//2166 1573//2166 1554//2166
f 1573//2167 1574//2167 1554//2167
f 1574//2168 1562//2168 1554//2168
f 1575//2169 1530//2169 716//2169
f 1576//2170 1575//2170 716//2170
f 1539//705 1576//705 716//705
f 1575//2171 1577//2171 1530//2171
f 1578//705 1579//705 1530//705
f 1577//705 1580//705 1530//705
f 1581//705 1578//705 1530//705
f 1582//705 1581//705 1530//705
f 1583//705 1582//705 1530//705
f 1584//705 1583//705 1530//705
f 1580//705 1584//705 1530//705
f 1585//705 1531//705 1530//705
f 1579//705 1585//705 1530//705
f 1586//2171 1577//2171 1575//2171
f 1576//705 1586//705 1575//705
f 1569//2172 1570//2172 1559//2172
f 1570//2173 1560//2173 1559//2173
f 1562//2174 1574//2174 1563//2174
f 1574//2175 1587//2175 1563//2175
f 1587//2176 1555//2176 1563//2176
f 1573//2177 1587//2177 1574//2177
f 1464//2178 1588//2178 1460//2178
f 1588//2179 1589//2179 1460//2179
f 1589//2180 1564//2180 1460//2180
f 1566//2181 1590//2181 1453//2181
f 1590//2182 1493//2182 1453//2182
f 1549//2183 1566//2183 1550//2183
f 1491//2184 1556//2184 1494//2184
f 1591//2185 1592//2185 1491//2185
f 1592//2186 1556//2186 1491//2186
f 1492//2187 1591//2187 1491//2187
f 819//2188 1534//2188 879//2188
f 1593//2189 1551//2189 1555//2189
f 1587//2190 1593//2190 1555//2190
f 1568//2191 1594//2191 1483//2191
f 1594//2192 1484//2192 1483//2192
f 1593//2193 1569//2193 1551//2193
f 800//85 1595//85 1534//85
f 1595//85 1565//85 1534//85
f 817//2194 800//2194 1534//2194
f 818//2195 817//2195 1534//2195
f 819//2196 818//2196 1534//2196
f 1535//85 688//85 1536//85
f 803//2197 815//2197 1536//2197
f 688//2198 803//2198 1536//2198
f 815//2199 823//2199 1536//2199
f 823//2200 822//2200 1536//2200
f 1573//2201 1593//2201 1587//2201
f 1572//2202 1593//2202 1573//2202
f 1465//2203 1596//2203 1464//2203
f 1596//2204 1588//2204 1464//2204
f 1569//2205 1571//2205 1570//2205
f 1484//2206 1594//2206 1465//2206
f 1594//2207 1596//2207 1465//2207
f 1597//2208 1492//2208 1493//2208
f 1590//2209 1597//2209 1493//2209
f 1597//2210 1591//2210 1492//2210
f 1592//2211 1557//2211 1556//2211
f 1598//2212 1566//2212 1549//2212
f 1548//2213 1598//2213 1549//2213
f 1564//2214 1546//2214 1545//2214
f 1569//2215 1593//2215 1571//2215
f 1593//2216 1572//2216 1571//2216
f 1599//2217 1600//2217 1591//2217
f 1600//2218 1592//2218 1591//2218
f 1597//2219 1599//2219 1591//2219
f 1601//2220 1576//2220 1538//2220
f 1576//2220 1539//2220 1538//2220
f 1541//705 1601//705 1538//705
f 1567//2221 1594//2221 1568//2221
f 1567//2222 1602//2222 1594//2222
f 1602//2223 1603//2223 1594//2223
f 1603//2224 1596//2224 1594//2224
f 1589//2225 1604//2225 1546//2225
f 1564//2226 1589//2226 1546//2226
f 1604//2227 1543//2227 1546//2227
f 1598//2228 1605//2228 1566//2228
f 1605//2229 1590//2229 1566//2229
f 816//2230 800//2230 817//2230
f 803//2231 802//2231 815//2231
f 1531//2232 1602//2232 1567//2232
f 685//560 1595//560 800//560
f 1535//85 1606//85 688//85
f 1606//561 686//561 688//561
f 1600//2233 1607//2233 1557//2233
f 1607//2234 1608//2234 1557//2234
f 1608//2235 1558//2235 1557//2235
f 1592//2236 1600//2236 1557//2236
f 1599//2237 1607//2237 1600//2237
f 1589//2238 1609//2238 1604//2238
f 1609//2239 1543//2239 1604//2239
f 1610//2240 1605//2240 1598//2240
f 1548//2241 1610//2241 1598//2241
f 1611//705 1544//705 1543//705
f 1612//705 1611//705 1543//705
f 1609//2242 1613//2242 1543//2242
f 1613//2243 1614//2243 1543//2243
f 1614//2244 1615//2244 1543//2244
f 1615//2245 1616//2245 1543//2245
f 1616//2246 1612//2246 1543//2246
f 1547//705 1617//705 1548//705
f 1618//2247 1619//2247 1548//2247
f 1617//2248 1620//2248 1548//2248
f 1620//2249 1621//2249 1548//2249
f 1621//2250 1618//2250 1548//2250
f 1619//2241 1610//2241 1548//2241
f 1589//2251 1613//2251 1609//2251
f 1619//2252 1605//2252 1610//2252
f 1622//2253 1602//2253 1531//2253
f 1585//2254 1623//2254 1531//2254
f 1623//2255 1624//2255 1531//2255
f 1624//2256 1622//2256 1531//2256
f 1625//85 1626//85 863//85
f 1626//85 864//85 863//85
f 1565//2257 1625//2257 863//2257
f 1627//2258 1535//2258 864//2258
f 1626//2259 1627//2259 864//2259
f 1595//85 1628//85 1565//85
f 1628//2260 1625//2260 1565//2260
f 1627//85 1629//85 1535//85
f 1629//85 1606//85 1535//85
f 1622//2261 1603//2261 1602//2261
f 1618//2262 1630//2262 1619//2262
f 1630//2263 1605//2263 1619//2263
f 1588//2264 1631//2264 1589//2264
f 1631//2265 1613//2265 1589//2265
f 1630//2266 1632//2266 1605//2266
f 1632//2267 1590//2267 1605//2267
f 1586//2268 1580//2268 1577//2268
f 1633//2268 1580//2268 1586//2268
f 1576//705 1633//705 1586//705
f 1622//2269 1634//2269 1603//2269
f 1634//2270 1596//2270 1603//2270
f 1635//2271 1607//2271 1599//2271
f 1597//2272 1635//2272 1599//2272
f 1596//2273 1636//2273 1588//2273
f 1636//2274 1631//2274 1588//2274
f 1632//2275 1597//2275 1590//2275
f 1634//2276 1637//2276 1596//2276
f 1637//2277 1638//2277 1596//2277
f 1638//2278 1636//2278 1596//2278
f 1624//2279 1634//2279 1622//2279
f 1639//2280 1640//2280 1597//2280
f 1640//2281 1635//2281 1597//2281
f 1632//2282 1639//2282 1597//2282
f 1640//2283 1607//2283 1635//2283
f 1624//2284 1641//2284 1634//2284
f 1641//2285 1637//2285 1634//2285
f 1631//2286 1614//2286 1613//2286
f 1642//2287 1643//2287 1644//2287
f 1645//2288 1642//2288 1644//2288
f 1646//2288 1645//2288 1644//2288
f 1647//2289 1646//2289 1644//2289
f 1648//1 1647//1 1644//1
f 1649//1 1648//1 1644//1
f 1643//1 1649//1 1644//1
f 1650//2290 1651//2290 1643//2290
f 1652//2291 1650//2291 1643//2291
f 1642//2291 1652//2291 1643//2291
f 1653//1 1649//1 1643//1
f 1651//1 1653//1 1643//1
f 1654//2292 1646//2292 1647//2292
f 1655//2293 1654//2293 1647//2293
f 1656//2294 1655//2294 1647//2294
f 1657//1 1656//1 1647//1
f 1648//1 1657//1 1647//1
f 1658//2295 1659//2295 1651//2295
f 1660//2296 1658//2296 1651//2296
f 1650//2297 1660//2297 1651//2297
f 1659//1 1653//1 1651//1
f 1649//1045 1661//1045 1648//1045
f 1661//1045 1662//1045 1648//1045
f 1662//1044 1657//1044 1648//1044
f 1653//1046 1663//1046 1649//1046
f 1663//1046 1661//1046 1649//1046
f 1664//1 1656//1 1657//1
f 1662//1044 1665//1044 1657//1044
f 1665//1047 1664//1047 1657//1047
f 1666//2298 1655//2298 1656//2298
f 1667//2299 1666//2299 1656//2299
f 1668//2300 1667//2300 1656//2300
f 1664//1 1668//1 1656//1
f 1669//2301 1670//2301 1659//2301
f 1671//2302 1669//2302 1659//2302
f 1658//2303 1671//2303 1659//2303
f 1672//1 1653//1 1659//1
f 1670//1 1672//1 1659//1
f 1672//1048 1673//1048 1653//1048
f 1673//1048 1663//1048 1653//1048
f 1674//1 1668//1 1664//1
f 1665//1047 1675//1047 1664//1047
f 1675//1049 1674//1049 1664//1049
f 1676//2304 1667//2304 1668//2304
f 1677//2305 1676//2305 1668//2305
f 1678//2306 1677//2306 1668//2306
f 1674//1 1678//1 1668//1
f 1679//2307 1680//2307 1670//2307
f 1681//2308 1679//2308 1670//2308
f 1669//2309 1681//2309 1670//2309
f 1682//1 1672//1 1670//1
f 1680//1 1682//1 1670//1
f 1682//1050 1683//1050 1672//1050
f 1683//1050 1673//1050 1672//1050
f 1684//1 1678//1 1674//1
f 1675//1049 1685//1049 1674//1049
f 1685//1051 1686//1051 1674//1051
f 1686//2310 1684//2310 1674//2310
f 1687//2311 1677//2311 1678//2311
f 1688//560 1687//560 1678//560
f 1689//560 1688//560 1678//560
f 1684//1 1689//1 1678//1
f 1680//1 1690//1 1682//1
f 1690//1053 1691//1053 1682//1053
f 1691//1053 1683//1053 1682//1053
f 1692//561 1693//561 1680//561
f 1679//2312 1692//2312 1680//2312
f 1693//1 1690//1 1680//1
f 1694//1 1689//1 1684//1
f 1686//1052 1695//1052 1684//1052
f 1695//1054 1694//1054 1684//1054
f 1693//1 1696//1 1690//1
f 1696//1055 1697//1055 1690//1055
f 1697//1055 1691//1055 1690//1055
f 1698//1 1699//1 1694//1
f 1699//1 1689//1 1694//1
f 1695//1054 1700//1054 1694//1054
f 1700//1056 1698//1056 1694//1056
f 1693//1 1701//1 1696//1
f 1701//1057 1702//1057 1696//1057
f 1702//1057 1697//1057 1696//1057
f 1703//1 1625//1 1698//1
f 1625//1 1704//1 1698//1
f 1704//2313 1699//2313 1698//2313
f 1700//1056 1705//1056 1698//1056
f 1705//1058 1703//1058 1698//1058
f 1626//1 1703//1 1701//1
f 1693//1 1706//1 1701//1
f 1706//1 1707//1 1701//1
f 1707//1 1626//1 1701//1
f 1703//1059 1708//1059 1701//1059
f 1708//1059 1702//1059 1701//1059
f 1626//1 1625//1 1703//1
f 1705//1058 1708//1058 1703//1058
f 1699//2314 1709//2314 1689//2314
f 1709//2314 1688//2314 1689//2314
f 1692//561 1710//561 1693//561
f 1710//2315 1706//2315 1693//2315
f 1704//2316 1711//2316 1699//2316
f 1711//2316 1709//2316 1699//2316
f 1710//2315 1712//2315 1706//2315
f 1712//2317 1707//2317 1706//2317
f 1713//2318 1711//2318 1704//2318
f 1714//2319 1713//2319 1704//2319
f 1625//1 1714//1 1704//1
f 1715//2320 1716//2320 1707//2320
f 1717//2321 1715//2321 1707//2321
f 1716//1 1626//1 1707//1
f 1712//2317 1717//2317 1707//2317
f 1718//2322 1719//2322 1714//2322
f 1719//2323 1720//2323 1714//2323
f 1721//2324 1713//2324 1714//2324
f 1720//2325 1721//2325 1714//2325
f 1625//1 1718//1 1714//1
f 1722//2326 1723//2326 1716//2326
f 1715//2327 1724//2327 1716//2327
f 1725//2328 1722//2328 1716//2328
f 1724//2329 1726//2329 1716//2329
f 1726//2330 1727//2330 1716//2330
f 1727//2331 1725//2331 1716//2331
f 1723//1 1626//1 1716//1
f 1625//2332 1719//2332 1718//2332
f 1722//2333 1627//2333 1723//2333
f 1627//2310 1626//2310 1723//2310
f 1628//2334 1719//2334 1625//2334
f 1640//2335 1608//2335 1607//2335
f 1621//2336 1630//2336 1618//2336
f 1631//2337 1615//2337 1614//2337
f 1728//2338 1729//2338 1601//2338
f 1729//2338 1576//2338 1601//2338
f 1541//705 1728//705 1601//705
f 1729//705 1633//705 1576//705
f 1621//2339 1730//2339 1630//2339
f 1730//2340 1731//2340 1630//2340
f 1731//2341 1632//2341 1630//2341
f 1636//2342 1732//2342 1631//2342
f 1732//2343 1615//2343 1631//2343
f 1620//2344 1730//2344 1621//2344
f 1731//2345 1639//2345 1632//2345
f 1638//2346 1732//2346 1636//2346
f 1623//2347 1641//2347 1624//2347
f 1725//2348 1627//2348 1722//2348
f 1623//2349 1637//2349 1641//2349
f 1733//2350 1608//2350 1640//2350
f 1639//2351 1733//2351 1640//2351
f 1734//85 1628//85 1595//85
f 685//2352 1735//2352 1595//2352
f 1735//2352 1734//2352 1595//2352
f 1629//2353 686//2353 1606//2353
f 1736//85 1735//85 685//85
f 1737//439 1738//439 685//439
f 1739//439 1737//439 685//439
f 1738//439 1740//439 685//439
f 1740//439 1741//439 685//439
f 1741//321 1736//321 685//321
f 690//439 1739//439 685//439
f 1742//85 1743//85 686//85
f 1743//320 1744//320 686//320
f 1744//441 1745//441 686//441
f 1745//441 1746//441 686//441
f 1746//441 1747//441 686//441
f 1747//441 1748//441 686//441
f 1748//441 1749//441 686//441
f 1749//441 687//441 686//441
f 1629//2353 1742//2353 686//2353
f 1544//2354 1750//2354 690//2354
f 1750//321 1739//321 690//321
f 1751//2355 1547//2355 687//2355
f 1749//2356 1751//2356 687//2356
f 1611//2357 1750//2357 1544//2357
f 1751//705 1617//705 1547//705
f 1628//2358 1720//2358 1719//2358
f 1732//2359 1616//2359 1615//2359
f 1733//2360 1558//2360 1608//2360
f 1585//2361 1752//2361 1623//2361
f 1752//2362 1637//2362 1623//2362
f 1752//2363 1753//2363 1637//2363
f 1753//2364 1754//2364 1637//2364
f 1754//2365 1638//2365 1637//2365
f 1755//2366 1756//2366 1639//2366
f 1756//2367 1733//2367 1639//2367
f 1731//2368 1755//2368 1639//2368
f 1757//2369 1730//2369 1620//2369
f 1617//2370 1757//2370 1620//2370
f 1732//2371 1758//2371 1616//2371
f 1758//2372 1612//2372 1616//2372
f 1756//2360 1558//2360 1733//2360
f 1756//2373 1759//2373 1558//2373
f 1759//2374 1760//2374 1558//2374
f 1760//2375 1761//2375 1558//2375
f 1761//2376 1762//2376 1558//2376
f 1762//2377 1763//2377 1558//2377
f 1763//2378 1520//2378 1558//2378
f 1754//2379 1764//2379 1638//2379
f 1764//2380 1732//2380 1638//2380
f 1730//2381 1765//2381 1731//2381
f 1765//2382 1755//2382 1731//2382
f 1764//2383 1758//2383 1732//2383
f 1757//2344 1766//2344 1730//2344
f 1766//2384 1767//2384 1730//2384
f 1767//2385 1765//2385 1730//2385
f 1585//2386 1768//2386 1752//2386
f 1768//2387 1753//2387 1752//2387
f 1579//2388 1769//2388 1585//2388
f 1769//2389 1770//2389 1585//2389
f 1770//2390 1771//2390 1585//2390
f 1771//2391 1772//2391 1585//2391
f 1772//2392 1773//2392 1585//2392
f 1773//2393 1768//2393 1585//2393
f 1755//2394 1759//2394 1756//2394
f 1774//2395 1721//2395 1720//2395
f 1628//2396 1774//2396 1720//2396
f 1727//2348 1627//2348 1725//2348
f 1734//85 1775//85 1628//85
f 1775//85 1776//85 1628//85
f 1776//85 1777//85 1628//85
f 1777//85 1778//85 1628//85
f 1778//85 1779//85 1628//85
f 1779//2397 1780//2397 1628//2397
f 1780//2398 1781//2398 1628//2398
f 1781//2399 1774//2399 1628//2399
f 1782//85 1783//85 1627//85
f 1784//85 1629//85 1627//85
f 1785//85 1784//85 1627//85
f 1783//85 1785//85 1627//85
f 1726//2400 1782//2400 1627//2400
f 1727//2401 1726//2401 1627//2401
f 1764//2402 1786//2402 1758//2402
f 1786//2372 1612//2372 1758//2372
f 1787//2403 1584//2403 1580//2403
f 1633//2404 1787//2404 1580//2404
f 1788//705 1787//705 1633//705
f 1729//705 1788//705 1633//705
f 1617//2370 1766//2370 1757//2370
f 1789//705 1611//705 1612//705
f 1790//705 1789//705 1612//705
f 1786//2405 1791//2405 1612//2405
f 1791//2405 1792//2405 1612//2405
f 1792//2406 1790//2406 1612//2406
f 1751//705 1793//705 1617//705
f 1794//2407 1795//2407 1617//2407
f 1793//2408 1794//2408 1617//2408
f 1795//2409 1796//2409 1617//2409
f 1796//2410 1766//2410 1617//2410
f 1796//2411 1767//2411 1766//2411
f 1760//2412 1759//2412 1755//2412
f 1765//2413 1760//2413 1755//2413
f 1768//2414 1773//2414 1753//2414
f 1773//2415 1754//2415 1753//2415
f 1781//2416 1721//2416 1774//2416
f 1797//2417 1761//2417 1765//2417
f 1767//2418 1797//2418 1765//2418
f 1761//2419 1760//2419 1765//2419
f 1798//2420 1767//2420 1796//2420
f 1795//2421 1798//2421 1796//2421
f 1773//2422 1799//2422 1754//2422
f 1799//2423 1800//2423 1754//2423
f 1800//2424 1764//2424 1754//2424
f 1764//2425 1791//2425 1786//2425
f 1798//2426 1797//2426 1767//2426
f 1800//2427 1791//2427 1764//2427
f 1661//1 1801//1 1662//1
f 1801//1 1665//1 1662//1
f 1663//1 1801//1 1661//1
f 1801//1 1675//1 1665//1
f 1673//1 1801//1 1663//1
f 1801//1 1685//1 1675//1
f 1683//1 1801//1 1673//1
f 1801//1 1686//1 1685//1
f 1801//1 1695//1 1686//1
f 1705//1 1700//1 1801//1
f 1700//1 1695//1 1801//1
f 1697//1 1702//1 1801//1
f 1702//1 1708//1 1801//1
f 1708//1 1705//1 1801//1
f 1683//1 1691//1 1801//1
f 1691//1 1697//1 1801//1
f 1772//2428 1799//2428 1773//2428
f 1802//2429 1803//2429 1728//2429
f 1803//2430 1804//2430 1728//2430
f 1804//2431 1788//2431 1728//2431
f 1788//2432 1729//2432 1728//2432
f 1541//2433 1805//2433 1728//2433
f 1805//2434 1806//2434 1728//2434
f 1806//2435 1802//2435 1728//2435
f 1797//2436 1762//2436 1761//2436
f 1771//2437 1799//2437 1772//2437
f 1794//2438 1798//2438 1795//2438
f 1807//2439 1584//2439 1787//2439
f 1788//2440 1807//2440 1787//2440
f 1804//2441 1807//2441 1788//2441
f 1724//2442 1808//2442 1726//2442
f 1808//2443 1782//2443 1726//2443
f 1809//2444 1763//2444 1797//2444
f 1763//2445 1762//2445 1797//2445
f 1798//2446 1809//2446 1797//2446
f 1771//2447 1770//2447 1799//2447
f 1770//2448 1800//2448 1799//2448
f 1780//2449 1721//2449 1781//2449
f 1735//2450 1775//2450 1734//2450
f 1784//85 1810//85 1629//85
f 1810//2451 1811//2451 1629//2451
f 1811//2452 1742//2452 1629//2452
f 1812//2453 1775//2453 1735//2453
f 1736//85 1812//85 1735//85
f 1811//85 1743//85 1742//85
f 1813//2454 1798//2454 1794//2454
f 1814//2455 1813//2455 1794//2455
f 1793//2456 1814//2456 1794//2456
f 1800//2457 1792//2457 1791//2457
f 1813//2458 1815//2458 1798//2458
f 1815//2459 1809//2459 1798//2459
f 1769//2460 1816//2460 1800//2460
f 1770//2461 1769//2461 1800//2461
f 1816//2462 1792//2462 1800//2462
f 1611//2463 1739//2463 1750//2463
f 1748//2464 1751//2464 1749//2464
f 1817//2465 1584//2465 1807//2465
f 1804//2466 1817//2466 1807//2466
f 1816//2467 1818//2467 1792//2467
f 1818//2468 1790//2468 1792//2468
f 1611//2469 1789//2469 1739//2469
f 1789//2470 1737//2470 1739//2470
f 1747//2471 1819//2471 1748//2471
f 1819//2472 1751//2472 1748//2472
f 1809//2473 1520//2473 1763//2473
f 1819//705 1793//705 1751//705
f 1803//2474 1817//2474 1804//2474
f 1815//2475 1520//2475 1809//2475
f 1820//2476 1821//2476 1520//2476
f 1815//2475 1820//2475 1520//2475
f 1821//2477 1822//2477 1520//2477
f 1822//2478 1823//2478 1520//2478
f 1823//2479 1824//2479 1520//2479
f 1824//705 1521//705 1520//705
f 1579//2480 1825//2480 1769//2480
f 1825//2481 1816//2481 1769//2481
f 1826//2482 1827//2482 1579//2482
f 1578//2483 1826//2483 1579//2483
f 1827//2484 1828//2484 1579//2484
f 1828//2485 1825//2485 1579//2485
f 1829//2486 1584//2486 1817//2486
f 1803//2487 1829//2487 1817//2487
f 1802//2488 1829//2488 1803//2488
f 1816//2489 1830//2489 1818//2489
f 1830//2490 1790//2490 1818//2490
f 1828//2481 1816//2481 1825//2481
f 1813//2491 1820//2491 1815//2491
f 1831//2492 1813//2492 1814//2492
f 1793//2493 1831//2493 1814//2493
f 1832//705 1789//705 1790//705
f 1833//2494 1832//2494 1790//2494
f 1830//2490 1833//2490 1790//2490
f 1819//705 1834//705 1793//705
f 1835//2495 1831//2495 1793//2495
f 1824//2496 1835//2496 1793//2496
f 1521//2497 1824//2497 1793//2497
f 1834//2498 1521//2498 1793//2498
f 1835//2499 1813//2499 1831//2499
f 1836//2500 1584//2500 1829//2500
f 1802//2501 1836//2501 1829//2501
f 1837//2502 1721//2502 1780//2502
f 1779//2503 1837//2503 1780//2503
f 1724//2504 1838//2504 1808//2504
f 1838//2505 1782//2505 1808//2505
f 1836//2506 1839//2506 1584//2506
f 1839//2507 1583//2507 1584//2507
f 1840//2508 1841//2508 1779//2508
f 1778//2509 1840//2509 1779//2509
f 1841//2510 1837//2510 1779//2510
f 1838//2511 1842//2511 1782//2511
f 1842//2511 1843//2511 1782//2511
f 1843//2512 1783//2512 1782//2512
f 1844//2513 1842//2513 1838//2513
f 1724//2514 1844//2514 1838//2514
f 1833//2515 1830//2515 1816//2515
f 1828//2516 1827//2516 1816//2516
f 1827//2517 1833//2517 1816//2517
f 1822//2518 1821//2518 1813//2518
f 1821//2519 1820//2519 1813//2519
f 1835//2520 1822//2520 1813//2520
f 1823//2521 1822//2521 1835//2521
f 1824//2522 1823//2522 1835//2522
f 1841//2523 1845//2523 1837//2523
f 1845//2524 1846//2524 1837//2524
f 1846//2525 1721//2525 1837//2525
f 1802//2526 1806//2526 1836//2526
f 1806//2527 1839//2527 1836//2527
f 1847//2528 1848//2528 1833//2528
f 1578//2529 1847//2529 1833//2529
f 1827//2530 1826//2530 1833//2530
f 1826//2531 1578//2531 1833//2531
f 1848//2532 1832//2532 1833//2532
f 1775//2533 1849//2533 1850//2533
f 1849//2534 1851//2534 1850//2534
f 1776//2535 1775//2535 1850//2535
f 1851//2536 1776//2536 1850//2536
f 1852//2537 1810//2537 1853//2537
f 1854//2538 1852//2538 1853//2538
f 1784//2539 1854//2539 1853//2539
f 1810//2540 1784//2540 1853//2540
f 1812//2541 1849//2541 1775//2541
f 1852//2542 1811//2542 1810//2542
f 1849//2543 1855//2543 1851//2543
f 1855//2544 1856//2544 1851//2544
f 1856//2545 1776//2545 1851//2545
f 1857//2546 1847//2546 1578//2546
f 1581//705 1857//705 1578//705
f 1858//2547 1859//2547 1854//2547
f 1859//2548 1852//2548 1854//2548
f 1784//2549 1858//2549 1854//2549
f 1840//2523 1845//2523 1841//2523
f 1860//2550 1843//2550 1842//2550
f 1844//2551 1860//2551 1842//2551
f 1849//2552 1856//2552 1855//2552
f 1857//2553 1848//2553 1847//2553
f 1857//2554 1581//2554 1848//2554
f 1581//2554 1832//2554 1848//2554
f 1805//2555 1583//2555 1806//2555
f 1583//2556 1839//2556 1806//2556
f 1805//2557 1861//2557 1583//2557
f 1861//2558 1862//2558 1583//2558
f 1862//705 1582//705 1583//705
f 1541//2559 1863//2559 1805//2559
f 1864//2560 1861//2560 1805//2560
f 1863//2561 1864//2561 1805//2561
f 1865//2562 1859//2562 1858//2562
f 1784//2563 1865//2563 1858//2563
f 1866//2564 1867//2564 1856//2564
f 1849//2565 1866//2565 1856//2565
f 1867//2566 1776//2566 1856//2566
f 1868//2567 1869//2567 1541//2567
f 1540//2568 1868//2568 1541//2568
f 1869//2569 1863//2569 1541//2569
f 1870//2570 1859//2570 1865//2570
f 1784//2571 1870//2571 1865//2571
f 1860//2572 1871//2572 1843//2572
f 1871//2573 1783//2573 1843//2573
f 1869//2574 1864//2574 1863//2574
f 1872//2575 1845//2575 1840//2575
f 1873//2576 1872//2576 1840//2576
f 1778//2577 1873//2577 1840//2577
f 1866//2578 1874//2578 1867//2578
f 1874//2579 1776//2579 1867//2579
f 1812//2580 1875//2580 1849//2580
f 1875//2581 1866//2581 1849//2581
f 1876//705 1789//705 1832//705
f 1582//2582 1876//2582 1832//2582
f 1581//2582 1582//2582 1832//2582
f 1819//705 1877//705 1834//705
f 1877//2583 1521//2583 1834//2583
f 1877//2583 1542//2583 1521//2583
f 1864//2584 1862//2584 1861//2584
f 1866//2585 1878//2585 1874//2585
f 1878//2586 1776//2586 1874//2586
f 1879//2587 1859//2587 1870//2587
f 1880//2588 1879//2588 1870//2588
f 1784//2589 1880//2589 1870//2589
f 1789//2590 1881//2590 1737//2590
f 1881//2591 1738//2591 1737//2591
f 1746//2592 1882//2592 1747//2592
f 1882//2593 1819//2593 1747//2593
f 1869//2594 1883//2594 1864//2594
f 1883//2584 1862//2584 1864//2584
f 1868//2595 1884//2595 1869//2595
f 1884//2596 1883//2596 1869//2596
f 1885//2597 1883//2597 1884//2597
f 1868//2598 1885//2598 1884//2598
f 1866//2599 1886//2599 1878//2599
f 1886//2600 1887//2600 1878//2600
f 1777//2601 1776//2601 1878//2601
f 1887//2602 1777//2602 1878//2602
f 1888//2603 1889//2603 1880//2603
f 1889//2604 1879//2604 1880//2604
f 1784//2605 1888//2605 1880//2605
f 1785//2606 1888//2606 1784//2606
f 1886//2607 1890//2607 1887//2607
f 1890//2608 1891//2608 1887//2608
f 1891//2609 1777//2609 1887//2609
f 1892//2610 1889//2610 1888//2610
f 1785//2611 1892//2611 1888//2611
f 1893//2612 1889//2612 1892//2612
f 1785//2613 1893//2613 1892//2613
f 1885//2614 1862//2614 1883//2614
f 1540//2615 1885//2615 1868//2615
f 1876//2616 1881//2616 1789//2616
f 1877//2617 1894//2617 1876//2617
f 1894//2617 1895//2617 1876//2617
f 1895//2618 1896//2618 1876//2618
f 1896//2617 1897//2617 1876//2617
f 1897//2619 1898//2619 1876//2619
f 1898//2617 1899//2617 1876//2617
f 1899//2620 1900//2620 1876//2620
f 1900//2617 1881//2617 1876//2617
f 1540//1043 1877//1043 1876//1043
f 1885//1043 1540//1043 1876//1043
f 1582//1043 1885//1043 1876//1043
f 1901//2617 1902//2617 1877//2617
f 1902//2617 1894//2617 1877//2617
f 1819//2621 1882//2621 1877//2621
f 1882//2617 1903//2617 1877//2617
f 1903//2617 1904//2617 1877//2617
f 1904//2617 1901//2617 1877//2617
f 1540//1043 1542//1043 1877//1043
f 1582//1043 1862//1043 1885//1043
f 1875//2622 1905//2622 1866//2622
f 1905//2623 1906//2623 1866//2623
f 1906//2624 1886//2624 1866//2624
f 1879//2625 1907//2625 1859//2625
f 1907//2626 1908//2626 1859//2626
f 1909//2627 1852//2627 1859//2627
f 1908//2628 1909//2628 1859//2628
f 1910//2629 1872//2629 1873//2629
f 1778//2577 1910//2577 1873//2577
f 1911//2630 1912//2630 1871//2630
f 1860//2631 1911//2631 1871//2631
f 1912//2632 1783//2632 1871//2632
f 1913//2633 1914//2633 1778//2633
f 1777//2634 1913//2634 1778//2634
f 1914//2635 1910//2635 1778//2635
f 1912//2636 1915//2636 1783//2636
f 1915//2637 1916//2637 1783//2637
f 1916//2638 1785//2638 1783//2638
f 1917//2639 1915//2639 1912//2639
f 1911//2640 1917//2640 1912//2640
f 1890//2641 1918//2641 1891//2641
f 1918//2642 1777//2642 1891//2642
f 1914//2643 1919//2643 1910//2643
f 1919//2644 1920//2644 1910//2644
f 1920//2645 1872//2645 1910//2645
f 1812//2646 1905//2646 1875//2646
f 1909//2647 1811//2647 1852//2647
f 1890//2648 1921//2648 1918//2648
f 1921//2649 1777//2649 1918//2649
f 1922//2650 1889//2650 1893//2650
f 1923//2651 1922//2651 1893//2651
f 1785//2652 1923//2652 1893//2652
f 1924//2653 1925//2653 1923//2653
f 1925//2654 1922//2654 1923//2654
f 1785//2655 1924//2655 1923//2655
f 1890//2656 1926//2656 1921//2656
f 1927//2657 1928//2657 1921//2657
f 1926//2658 1927//2658 1921//2658
f 1928//2642 1777//2642 1921//2642
f 1929//2659 1925//2659 1924//2659
f 1785//2655 1929//2655 1924//2655
f 1908//2660 1811//2660 1909//2660
f 1927//2661 1930//2661 1928//2661
f 1930//2662 1777//2662 1928//2662
f 1812//2663 1906//2663 1905//2663
f 1931//2664 1916//2664 1915//2664
f 1932//2664 1931//2664 1915//2664
f 1917//2665 1932//2665 1915//2665
f 1907//2666 1811//2666 1908//2666
f 1933//2667 1906//2667 1812//2667
f 1907//2668 1934//2668 1811//2668
f 1736//85 1933//85 1812//85
f 1935//85 1743//85 1811//85
f 1934//85 1935//85 1811//85
f 1913//2669 1936//2669 1914//2669
f 1936//2670 1919//2670 1914//2670
f 1900//2671 1738//2671 1881//2671
f 1900//2672 1740//2672 1738//2672
f 1745//2673 1904//2673 1746//2673
f 1904//2674 1903//2674 1746//2674
f 1903//2675 1882//2675 1746//2675
f 1937//2676 1925//2676 1929//2676
f 1938//2677 1937//2677 1929//2677
f 1785//2678 1938//2678 1929//2678
f 1927//2679 1939//2679 1930//2679
f 1939//2680 1913//2680 1930//2680
f 1913//2662 1777//2662 1930//2662
f 1916//2681 1931//2681 1938//2681
f 1931//2682 1937//2682 1938//2682
f 1785//2678 1916//2678 1938//2678
f 1939//2683 1936//2683 1913//2683
f 1886//2684 1926//2684 1890//2684
f 1940//2685 1879//2685 1889//2685
f 1922//2686 1940//2686 1889//2686
f 1941//2687 1937//2687 1931//2687
f 1932//2688 1941//2688 1931//2688
f 1939//2689 1919//2689 1936//2689
f 1926//2690 1939//2690 1927//2690
f 1942//2691 1922//2691 1925//2691
f 1937//2692 1942//2692 1925//2692
f 1933//2693 1943//2693 1906//2693
f 1943//2694 1886//2694 1906//2694
f 1944//2695 1945//2695 1886//2695
f 1943//2696 1944//2696 1886//2696
f 1945//2697 1926//2697 1886//2697
f 1940//2698 1946//2698 1879//2698
f 1946//2699 1947//2699 1879//2699
f 1947//2700 1907//2700 1879//2700
f 1947//2701 1934//2701 1907//2701
f 1933//2702 1944//2702 1943//2702
f 1939//2703 1948//2703 1919//2703
f 1948//2704 1920//2704 1919//2704
f 1917//2705 1941//2705 1932//2705
f 1949//2706 1939//2706 1926//2706
f 1945//2707 1949//2707 1926//2707
f 1950//2708 1940//2708 1922//2708
f 1942//2709 1950//2709 1922//2709
f 1948//2710 1951//2710 1920//2710
f 1951//2711 1872//2711 1920//2711
f 1911//2705 1941//2705 1917//2705
f 1949//2712 1948//2712 1939//2712
f 1952//2713 1942//2713 1937//2713
f 1941//2714 1952//2714 1937//2714
f 1946//2715 1934//2715 1947//2715
f 1953//2716 1652//2716 1642//2716
f 1954//2717 1953//2717 1642//2717
f 1645//2718 1954//2718 1642//2718
f 1646//2717 1954//2717 1645//2717
f 1955//2716 1650//2716 1652//2716
f 1953//2716 1955//2716 1652//2716
f 1956//2719 1954//2719 1646//2719
f 1654//2720 1956//2720 1646//2720
f 1955//2721 1660//2721 1650//2721
f 1957//2722 1956//2722 1654//2722
f 1655//2723 1957//2723 1654//2723
f 1958//2724 1658//2724 1660//2724
f 1955//2725 1958//2725 1660//2725
f 1666//2726 1957//2726 1655//2726
f 1959//2727 1671//2727 1658//2727
f 1958//2728 1959//2728 1658//2728
f 1960//2726 1957//2726 1666//2726
f 1667//2729 1960//2729 1666//2729
f 1959//2727 1669//2727 1671//2727
f 1961//2730 1960//2730 1667//2730
f 1676//2731 1961//2731 1667//2731
f 1962//2732 1681//2732 1669//2732
f 1959//2733 1962//2733 1669//2733
f 1677//2730 1961//2730 1676//2730
f 1963//2734 1679//2734 1681//2734
f 1962//2735 1963//2735 1681//2735
f 1964//2736 1961//2736 1677//2736
f 1687//2736 1964//2736 1677//2736
f 1963//2737 1692//2737 1679//2737
f 1688//2738 1964//2738 1687//2738
f 1965//2739 1966//2739 1692//2739
f 1966//2740 1710//2740 1692//2740
f 1963//2737 1965//2737 1692//2737
f 1967//2741 1964//2741 1688//2741
f 1968//2742 1967//2742 1688//2742
f 1709//2742 1968//2742 1688//2742
f 1966//2743 1712//2743 1710//2743
f 1711//2744 1969//2744 1709//2744
f 1969//2745 1968//2745 1709//2745
f 1970//2746 1717//2746 1712//2746
f 1966//2743 1970//2743 1712//2743
f 1713//2747 1971//2747 1711//2747
f 1971//2748 1969//2748 1711//2748
f 1972//2749 1715//2749 1717//2749
f 1970//2750 1972//2750 1717//2750
f 1721//2751 1971//2751 1713//2751
f 1972//2752 1973//2752 1715//2752
f 1973//2753 1724//2753 1715//2753
f 1846//2754 1974//2754 1721//2754
f 1974//2755 1971//2755 1721//2755
f 1973//2756 1844//2756 1724//2756
f 1845//2757 1974//2757 1846//2757
f 1975//2758 1860//2758 1844//2758
f 1973//2759 1975//2759 1844//2759
f 1872//2760 1951//2760 1845//2760
f 1951//2761 1974//2761 1845//2761
f 1976//2762 1911//2762 1860//2762
f 1975//2763 1976//2763 1860//2763
f 1976//2764 1941//2764 1911//2764
f 1900//2765 1899//2765 1740//2765
f 1899//2766 1741//2766 1740//2766
f 1744//2767 1904//2767 1745//2767
f 1944//2768 1977//2768 1945//2768
f 1977//2769 1978//2769 1945//2769
f 1978//2770 1949//2770 1945//2770
f 1950//2771 1979//2771 1940//2771
f 1979//2772 1946//2772 1940//2772
f 1979//2773 1934//2773 1946//2773
f 1933//2774 1977//2774 1944//2774
f 1980//2775 1948//2775 1949//2775
f 1978//2776 1980//2776 1949//2776
f 1981//2777 1950//2777 1942//2777
f 1952//2778 1981//2778 1942//2778
f 1980//2779 1982//2779 1948//2779
f 1983//2780 1951//2780 1948//2780
f 1982//2781 1983//2781 1948//2781
f 1976//2782 1984//2782 1941//2782
f 1985//2783 1952//2783 1941//2783
f 1984//2784 1985//2784 1941//2784
f 1898//2785 1741//2785 1899//2785
f 1744//2786 1901//2786 1904//2786
f 1898//2787 1736//2787 1741//2787
f 1743//2788 1901//2788 1744//2788
f 1986//2789 1934//2789 1979//2789
f 1950//2790 1986//2790 1979//2790
f 1933//2791 1987//2791 1977//2791
f 1987//2792 1978//2792 1977//2792
f 1988//2793 1964//2793 1967//2793
f 1989//2794 1988//2794 1967//2794
f 1968//2795 1989//2795 1967//2795
f 1990//2796 1970//2796 1966//2796
f 1965//2797 1990//2797 1966//2797
f 1991//2795 1989//2795 1968//2795
f 1969//2798 1992//2798 1968//2798
f 1992//2799 1991//2799 1968//2799
f 1990//2796 1993//2796 1970//2796
f 1993//2800 1972//2800 1970//2800
f 1971//2801 1994//2801 1969//2801
f 1994//2801 1992//2801 1969//2801
f 1995//2802 1973//2802 1972//2802
f 1993//2803 1995//2803 1972//2803
f 1974//2804 1996//2804 1971//2804
f 1996//2804 1994//2804 1971//2804
f 1995//2802 1997//2802 1973//2802
f 1997//2805 1975//2805 1973//2805
f 1951//2806 1983//2806 1974//2806
f 1983//2807 1996//2807 1974//2807
f 1984//2808 1976//2808 1975//2808
f 1998//2809 1984//2809 1975//2809
f 1997//2805 1999//2805 1975//2805
f 1999//2810 1998//2810 1975//2810
f 2000//2789 1934//2789 1986//2789
f 1950//2811 2000//2811 1986//2811
f 2001//2812 1987//2812 1933//2812
f 2000//2813 2002//2813 1934//2813
f 2003//85 2001//85 1933//85
f 1736//85 2003//85 1933//85
f 2004//85 1935//85 1934//85
f 2002//85 2004//85 1934//85
f 1982//2814 2005//2814 1983//2814
f 2005//2815 1996//2815 1983//2815
f 1998//2816 1985//2816 1984//2816
f 2006//2817 2007//2817 1978//2817
f 1987//2818 2006//2818 1978//2818
f 2007//2819 1980//2819 1978//2819
f 2008//2820 2000//2820 1950//2820
f 1981//2821 2008//2821 1950//2821
f 2007//2822 1982//2822 1980//2822
f 2009//2823 1981//2823 1952//2823
f 1985//2824 2009//2824 1952//2824
f 2010//2825 1955//2825 1953//2825
f 2011//2826 2010//2826 1953//2826
f 1954//2827 2011//2827 1953//2827
f 1956//2828 2012//2828 1954//2828
f 2012//2828 2011//2828 1954//2828
f 2010//2829 2013//2829 1955//2829
f 2013//2830 1958//2830 1955//2830
f 1957//2831 2014//2831 1956//2831
f 2014//2832 2012//2832 1956//2832
f 2015//2833 1959//2833 1958//2833
f 2013//2830 2015//2830 1958//2830
f 2016//2834 2014//2834 1957//2834
f 1960//2835 2016//2835 1957//2835
f 2017//2836 1962//2836 1959//2836
f 2015//2837 2017//2837 1959//2837
f 2018//2838 2016//2838 1960//2838
f 1961//2838 2018//2838 1960//2838
f 2019//2839 1963//2839 1962//2839
f 2017//2840 2019//2840 1962//2840
f 1988//2841 2018//2841 1961//2841
f 1964//2842 1988//2842 1961//2842
f 2020//2843 1965//2843 1963//2843
f 2021//2844 2020//2844 1963//2844
f 2019//2839 2021//2839 1963//2839
f 2020//2845 1990//2845 1965//2845
f 2008//2846 2002//2846 2000//2846
f 2001//2847 2006//2847 1987//2847
f 2022//2848 1988//2848 1989//2848
f 2023//1862 2022//1862 1989//1862
f 1991//2849 2023//2849 1989//2849
f 2024//2850 1993//2850 1990//2850
f 2020//2851 2024//2851 1990//2851
f 2022//2852 2018//2852 1988//2852
f 2025//2853 2024//2853 2020//2853
f 2021//2854 2025//2854 2020//2854
f 1898//2855 1897//2855 1736//2855
f 1897//2856 2003//2856 1736//2856
f 1902//2857 1901//2857 1743//2857
f 1935//2858 1902//2858 1743//2858
f 2001//2859 2026//2859 2006//2859
f 2026//2860 2007//2860 2006//2860
f 2027//2861 2009//2861 1985//2861
f 1998//2862 2027//2862 1985//2862
f 2028//2863 2005//2863 1982//2863
f 2007//2864 2028//2864 1982//2864
f 2029//2865 2028//2865 2007//2865
f 2026//2866 2029//2866 2007//2866
f 2030//2867 2008//2867 1981//2867
f 2031//2868 2030//2868 1981//2868
f 2009//2869 2031//2869 1981//2869
f 2030//2870 2002//2870 2008//2870
f 2001//2871 2029//2871 2026//2871
f 2031//2872 2002//2872 2030//2872
f 2032//2873 2033//2873 2010//2873
f 2033//2874 2013//2874 2010//2874
f 2011//2873 2032//2873 2010//2873
f 2034//2875 2032//2875 2011//2875
f 2012//2875 2034//2875 2011//2875
f 2033//2874 2035//2874 2013//2874
f 2035//2876 2015//2876 2013//2876
f 2014//2877 2036//2877 2012//2877
f 2036//2878 2034//2878 2012//2878
f 2037//2879 2017//2879 2015//2879
f 2035//2876 2037//2876 2015//2876
f 2038//2880 2036//2880 2014//2880
f 2016//2881 2038//2881 2014//2881
f 2039//2882 2019//2882 2017//2882
f 2037//2883 2039//2883 2017//2883
f 2040//2884 2038//2884 2016//2884
f 2018//2884 2040//2884 2016//2884
f 2041//2885 2021//2885 2019//2885
f 2039//2886 2041//2886 2019//2886
f 2042//2887 2040//2887 2018//2887
f 2022//2888 2042//2888 2018//2888
f 2043//2889 2044//2889 2021//2889
f 2044//2890 2025//2890 2021//2890
f 2041//2885 2043//2885 2021//2885
f 2023//2891 2042//2891 2022//2891
f 2044//2892 2045//2892 2025//2892
f 2045//2893 2024//2893 2025//2893
f 2046//2894 2042//2894 2023//2894
f 1991//2895 2046//2895 2023//2895
f 2045//2896 1993//2896 2024//2896
f 1992//2897 2047//2897 1991//2897
f 2047//2898 2048//2898 1991//2898
f 2048//2899 2046//2899 1991//2899
f 2045//2900 2049//2900 1993//2900
f 2049//2901 1995//2901 1993//2901
f 1994//2902 2050//2902 1992//2902
f 2050//2902 2047//2902 1992//2902
f 2051//2903 1997//2903 1995//2903
f 2049//2901 2051//2901 1995//2901
f 1996//2904 2052//2904 1994//2904
f 2052//2904 2050//2904 1994//2904
f 2051//2903 2053//2903 1997//2903
f 2053//2905 1999//2905 1997//2905
f 2054//2906 2052//2906 1996//2906
f 2005//2906 2054//2906 1996//2906
f 2053//2905 2055//2905 1999//2905
f 2055//2907 1998//2907 1999//2907
f 2056//2908 2054//2908 2005//2908
f 2028//2909 2056//2909 2005//2909
f 2055//2907 2057//2907 1998//2907
f 2057//2910 2027//2910 1998//2910
f 2058//2911 2056//2911 2028//2911
f 2059//2912 2058//2912 2028//2912
f 2029//2913 2060//2913 2028//2913
f 2060//2914 2059//2914 2028//2914
f 2061//2915 2031//2915 2009//2915
f 2062//2916 2061//2916 2009//2916
f 2027//2917 2062//2917 2009//2917
f 2001//2918 2060//2918 2029//2918
f 1896//2919 2003//2919 1897//2919
f 1935//2920 2063//2920 1902//2920
f 2063//2921 1894//2921 1902//2921
f 2064//85 2001//85 2003//85
f 1896//2922 2064//2922 2003//2922
f 2004//2923 1894//2923 1935//2923
f 1894//2924 2063//2924 1935//2924
f 2065//2925 2040//2925 2042//2925
f 2046//2926 2065//2926 2042//2926
f 2066//2927 2067//2927 2044//2927
f 2067//2928 2045//2928 2044//2928
f 2043//2929 2066//2929 2044//2929
f 2068//2930 2065//2930 2046//2930
f 2048//2931 2068//2931 2046//2931
f 2067//2932 2049//2932 2045//2932
f 2001//2918 2059//2918 2060//2918
f 2061//2933 2002//2933 2031//2933
f 2001//2934 2058//2934 2059//2934
f 2062//2933 2002//2933 2061//2933
f 2069//2935 2002//2935 2062//2935
f 2027//2936 2069//2936 2062//2936
f 2070//2937 2058//2937 2001//2937
f 2069//2938 2071//2938 2002//2938
f 2064//85 2070//85 2001//85
f 2071//85 2004//85 2002//85
f 2072//2939 2073//2939 2056//2939
f 2074//2940 2072//2940 2056//2940
f 2058//2940 2074//2940 2056//2940
f 2073//2941 2054//2941 2056//2941
f 2057//2942 2075//2942 2027//2942
f 2076//2943 2069//2943 2027//2943
f 2075//2944 2076//2944 2027//2944
f 2077//2945 2065//2945 2068//2945
f 2078//2946 2077//2946 2068//2946
f 2048//2947 2079//2947 2068//2947
f 2079//2947 2078//2947 2068//2947
f 2080//2948 2049//2948 2067//2948
f 2066//2949 2080//2949 2067//2949
f 2047//2950 2081//2950 2048//2950
f 2081//2950 2079//2950 2048//2950
f 2080//2951 2082//2951 2049//2951
f 2082//2952 2051//2952 2049//2952
f 2050//2953 2083//2953 2047//2953
f 2083//2953 2081//2953 2047//2953
f 2084//2954 2053//2954 2051//2954
f 2082//2952 2084//2952 2051//2952
f 2052//2955 2085//2955 2050//2955
f 2085//2955 2083//2955 2050//2955
f 2086//2956 2055//2956 2053//2956
f 2084//2954 2086//2954 2053//2954
f 2073//2957 2085//2957 2052//2957
f 2054//2958 2073//2958 2052//2958
f 2075//2959 2057//2959 2055//2959
f 2087//2960 2075//2960 2055//2960
f 2086//2956 2087//2956 2055//2956
f 2072//2957 2085//2957 2073//2957
f 2087//2960 2088//2960 2075//2960
f 2088//2961 2076//2961 2075//2961
f 2089//2962 2090//2962 2033//2962
f 2032//2963 2089//2963 2033//2963
f 2090//2964 2035//2964 2033//2964
f 2091//2965 2089//2965 2032//2965
f 2034//2965 2091//2965 2032//2965
f 2090//2966 2092//2966 2035//2966
f 2092//2967 2037//2967 2035//2967
f 2093//2968 2091//2968 2034//2968
f 2036//2969 2093//2969 2034//2969
f 2092//2967 2094//2967 2037//2967
f 2094//2970 2039//2970 2037//2970
f 2095//2971 2093//2971 2036//2971
f 2038//2972 2095//2972 2036//2972
f 2094//2973 2096//2973 2039//2973
f 2096//2974 2041//2974 2039//2974
f 2097//2975 2095//2975 2038//2975
f 2040//2975 2097//2975 2038//2975
f 2096//2976 2098//2976 2041//2976
f 2098//2977 2043//2977 2041//2977
f 2065//2978 2077//2978 2040//2978
f 2077//2979 2097//2979 2040//2979
f 2098//2977 2099//2977 2043//2977
f 2099//2980 2066//2980 2043//2980
f 2100//2981 2080//2981 2066//2981
f 2099//2982 2100//2982 2066//2982
f 2070//2983 2074//2983 2058//2983
f 2070//2983 2072//2983 2074//2983
f 1895//2984 2064//2984 1896//2984
f 2076//2985 2071//2985 2069//2985
f 2088//2986 2071//2986 2076//2986
f 2089//1043 2100//1043 2090//1043
f 2100//1043 2092//1043 2090//1043
f 2091//1043 2100//1043 2089//1043
f 2100//1043 2094//1043 2092//1043
f 2093//1043 2100//1043 2091//1043
f 2100//1043 2096//1043 2094//1043
f 2095//1043 2100//1043 2093//1043
f 2100//1043 2098//1043 2096//1043
f 2097//1043 2100//1043 2095//1043
f 2100//1043 2099//1043 2098//1043
f 2077//1043 2100//1043 2097//1043
f 2078//1043 2080//1043 2077//1043
f 2080//1043 2100//1043 2077//1043
f 2079//1043 2082//1043 2078//1043
f 2082//1043 2080//1043 2078//1043
f 2081//1043 2071//1043 2079//1043
f 2071//1043 2088//1043 2079//1043
f 2088//1043 2087//1043 2079//1043
f 2087//1043 2086//1043 2079//1043
f 2086//1043 2084//1043 2079//1043
f 2084//1043 2082//1043 2079//1043
f 2083//1043 2071//1043 2081//1043
f 2085//1043 2071//1043 2083//1043
f 2072//1043 2070//1043 2085//1043
f 2070//1043 2071//1043 2085//1043
f 1895//1043 2071//1043 2070//1043
f 2064//1043 1895//1043 2070//1043
f 1894//1043 2004//1043 2071//1043
f 1895//1043 1894//1043 2071//1043
