# Blender 4.5.0
# www.blender.org
mtllib rl_dg_5_4.mtl
o rl_dg_5_4_c
v 0.006003 0.011200 0.031300
v -0.006000 0.011200 0.020400
v -0.006005 0.011200 0.031300
v -0.006645 0.011134 0.031301
v -0.000403 0.010693 0.036981
v 0.000151 0.010729 0.036620
v -0.005793 0.010931 0.034447
v -0.000865 0.010643 0.037454
v -0.000608 0.010671 0.037191
v 0.000468 0.010740 0.036503
v 0.000770 0.010751 0.036390
v 0.006000 0.011200 0.020400
v 0.006623 0.011145 0.031301
v 0.001500 0.010760 0.036300
v 0.005887 0.010760 0.036300
v 0.001390 0.010760 0.036302
v 0.006414 0.011200 0.007700
v -0.006112 0.011200 0.020398
v 0.006733 0.011200 0.007752
v -0.006903 0.011082 0.020400
v 0.006720 0.011200 0.020326
v 0.006903 0.011082 0.020400
v -0.006414 0.011200 0.007700
v -0.006805 0.011200 0.020308
v 0.006939 0.011200 0.020262
v -0.006937 0.011200 0.020266
v -0.007542 0.011200 0.020075
v -0.008007 0.010568 0.020400
v -0.006922 0.011073 0.020400
v 0.007445 0.011200 0.020113
v 0.006922 0.011073 0.020400
v 0.008351 0.011200 0.019684
v 0.008007 0.010568 0.020400
v -0.008453 0.011200 0.019622
v 0.008449 0.011200 0.019628
v 0.008500 0.011200 0.019599
v -0.008500 0.011200 0.011230
v -0.008500 0.011200 0.019599
v -0.008012 0.010563 0.020400
v -0.008839 0.011140 0.019440
v -0.008834 0.011120 0.011230
v 0.008500 0.011200 0.011230
v 0.008794 0.011156 0.019456
v 0.008012 0.010563 0.020400
v 0.008843 0.011131 0.019443
v -0.008426 0.011200 0.010691
v 0.008426 0.011200 0.010691
v 0.008841 0.011118 0.011230
v -0.007938 0.011200 0.009366
v -0.008861 0.011092 0.010569
v 0.007938 0.011200 0.009366
v 0.008347 0.011092 0.009177
v 0.008861 0.011092 0.010569
v -0.007242 0.011200 0.008139
v 0.007242 0.011200 0.008139
v -0.007019 0.011200 0.007904
v -0.008347 0.011092 0.009177
v -0.007616 0.011092 0.007885
v -0.007293 0.011092 0.007544
v 0.007019 0.011200 0.007904
v 0.007616 0.011092 0.007885
v -0.006733 0.011200 0.007752
v -0.006877 0.011092 0.007324
v 0.007293 0.011092 0.007544
v -0.006414 0.011092 0.007248
v 0.006877 0.011092 0.007324
v 0.006414 0.011092 0.007248
v 0.006642 0.011140 0.031301
v 0.006365 0.010727 0.036300
v -0.008845 0.011139 0.019437
v 0.006919 0.011060 0.031301
v 0.006520 0.010689 0.036300
v -0.009142 0.010967 0.019368
v -0.009196 0.010903 0.019373
v -0.006722 0.011127 0.031301
v -0.006429 0.010869 0.034497
v 0.009099 0.011000 0.019373
v -0.006920 0.011064 0.031301
v -0.007076 0.010679 0.034537
v -0.008952 0.011092 0.011230
v 0.008952 0.011092 0.011230
v -0.009188 0.010892 0.011230
v 0.009197 0.010897 0.019376
v 0.009192 0.010889 0.011230
v -0.008668 0.010793 0.009028
v -0.009201 0.010793 0.010473
v 0.009201 0.010793 0.010473
v -0.007908 0.010793 0.007687
v 0.008668 0.010793 0.009028
v -0.007506 0.010793 0.007263
v 0.007908 0.010793 0.007687
v -0.006990 0.010793 0.006989
v 0.007506 0.010793 0.007263
v -0.006414 0.011057 0.007207
v 0.006990 0.010793 0.006989
v 0.006414 0.011057 0.007207
v -0.007408 0.010908 0.031301
v -0.007293 0.010945 0.031301
v 0.007293 0.010953 0.031301
v 0.007303 0.010950 0.031301
v 0.007058 0.010557 0.036300
v -0.006414 0.010793 0.006895
v 0.006414 0.010793 0.006895
v 0.007168 0.010505 0.036300
v 0.007917 0.010626 0.031301
v 0.007703 0.010249 0.036300
v -0.005782 0.010917 0.034610
v -0.001212 0.010583 0.038017
v -0.005450 0.010604 0.037763
v -0.001298 0.010555 0.038267
v -0.007916 0.010621 0.031301
v -0.007698 0.010353 0.034562
v -0.009361 0.010709 0.019389
v -0.009305 0.010793 0.011230
v 0.009332 0.010754 0.019380
v 0.009305 0.010793 0.011230
v 0.009426 0.010541 0.019447
v -0.006086 0.010545 0.037833
v -0.006728 0.010353 0.037890
v -0.009415 0.010538 0.011230
v 0.009416 0.010536 0.011230
v -0.008829 0.010380 0.008953
v -0.009373 0.010380 0.010425
v 0.009373 0.010380 0.010425
v -0.008056 0.010380 0.007587
v 0.008829 0.010380 0.008953
v -0.007614 0.010380 0.007121
v 0.008056 0.010380 0.007587
v -0.007047 0.010380 0.006820
v 0.007614 0.010380 0.007121
v -0.006414 0.010692 0.006851
v 0.007047 0.010380 0.006820
v 0.006414 0.010692 0.006851
v 0.001500 -0.010760 0.036300
v 0.005887 -0.010760 0.036300
v 0.006522 -0.010695 0.036300
v 0.000845 -0.010753 0.036372
v 0.000220 -0.010732 0.036587
v 0.000467 -0.010740 0.036502
v -0.000341 -0.010698 0.036931
v -0.009428 0.010544 0.019444
v -0.000609 -0.010671 0.037191
v -0.006414 0.010380 0.006716
v 0.006414 0.010380 0.006716
v -0.007346 0.010028 0.037929
v -0.000814 -0.010650 0.037391
v -0.001175 -0.010591 0.037942
v 0.007948 0.010609 0.031301
v 0.007792 0.010181 0.036300
v -0.008014 0.010566 0.031301
v 0.008009 0.010559 0.031300
v -0.005385 0.010543 0.038377
v -0.001427 0.010512 0.038643
v -0.001298 -0.010555 0.038268
v -0.008019 0.010563 0.031301
v -0.008475 0.010172 0.031300
v -0.008254 0.009901 0.034571
v -0.008863 0.009712 0.020400
v 0.009471 0.010440 0.019478
v 0.008863 0.009712 0.020400
v 0.008476 0.010173 0.031300
v -0.005335 0.010493 0.038758
v -0.005026 0.010185 0.041120
v -0.005649 0.010122 0.041201
v -0.006286 0.009928 0.041266
v -0.009473 0.010433 0.019481
v -0.009484 0.010380 0.011230
v -0.001440 0.010499 0.038758
v 0.009484 0.010380 0.011230
v -0.001500 0.010434 0.039300
v -0.001500 -0.010434 0.039300
v -0.001498 -0.010449 0.039180
v -0.001407 -0.010522 0.038560
v 0.009500 0.010200 0.019599
v 0.009500 0.010200 0.011230
v -0.004979 0.010139 0.041477
v -0.001500 0.009823 0.043392
v -0.001500 -0.006672 0.050178
v -0.001500 -0.007226 0.049833
v -0.001500 -0.007237 0.049822
v -0.001500 -0.007240 0.049820
v -0.001500 -0.008080 0.048941
v -0.001500 -0.008187 0.048806
v -0.001500 0.008329 0.048582
v -0.001500 0.008074 0.048936
v -0.001500 0.007855 0.049240
v -0.001500 0.007263 0.049804
v -0.001500 0.008339 0.048562
v -0.001500 0.007246 0.049815
v -0.001500 0.007237 0.049820
v -0.001500 0.006318 0.050310
v -0.001500 0.006059 0.050408
v -0.001500 0.005496 0.050478
v -0.001500 -0.005496 0.050478
v -0.001500 -0.008323 0.048562
v -0.001500 -0.008580 0.048099
v -0.001500 -0.008692 0.047830
v -0.001500 -0.009414 0.045406
v -0.001500 -0.010149 0.041405
v -0.001500 -0.006070 0.050405
v -0.001500 -0.006318 0.050312
v -0.009500 0.010200 0.019599
v -0.009500 0.010200 0.011230
v -0.009389 0.010200 0.010421
v -0.008844 0.010200 0.008946
v 0.009389 0.010200 0.010421
v -0.008069 0.010200 0.007577
v 0.008844 0.010200 0.008946
v -0.007624 0.010200 0.007108
v 0.008069 0.010200 0.007577
v -0.007053 0.010200 0.006805
v -0.007338 0.010200 0.006956
v 0.007624 0.010200 0.007108
v 0.007338 0.010200 0.006956
v -0.006414 0.010200 0.006700
v 0.007053 0.010200 0.006805
v 0.006414 0.010200 0.006700
v -0.007899 0.009576 0.037947
v -0.006899 0.009602 0.041309
v -0.008868 0.009707 0.020400
v -0.009500 0.010153 0.019622
v 0.009500 0.010150 0.019627
v 0.009500 0.005100 0.011230
v -0.009500 0.005100 0.011230
v -0.009389 0.005558 0.010421
v -0.009429 0.005471 0.010579
v -0.009434 0.005445 0.010625
v 0.009425 0.005442 0.010628
v 0.009491 0.005231 0.011004
v -0.009201 0.005803 0.009835
v -0.008862 0.006033 0.008984
v -0.009173 0.005839 0.009747
v 0.009204 0.005804 0.009837
v 0.009186 0.005827 0.009783
v 0.009389 0.005558 0.010421
v 0.008844 0.006029 0.008956
v 0.008909 0.006013 0.009088
v -0.008069 0.006100 0.007577
v -0.008500 0.006100 0.008274
v -0.008843 0.006036 0.008947
v -0.008846 0.006036 0.008953
v 0.008840 0.006030 0.008948
v 0.008500 0.006100 0.008274
v 0.008568 0.006098 0.008398
v 0.008069 0.006100 0.007577
v -0.007351 0.006100 0.006933
v 0.007351 0.006100 0.006933
v -0.006414 0.006100 0.006700
v 0.006414 0.006100 0.006700
v 0.008269 0.009818 0.036300
v 0.008488 0.010163 0.031300
v 0.008348 0.009727 0.036300
v -0.008529 0.010125 0.031300
v 0.008857 0.009707 0.031301
v 0.008740 0.009276 0.036300
v -0.009500 0.009233 0.020079
v 0.008868 0.009707 0.020400
v 0.009500 0.010003 0.019710
v -0.004684 0.009812 0.043390
v -0.008858 0.009708 0.031301
v -0.008707 0.009345 0.034561
v -0.005132 0.009546 0.044523
v -0.005505 0.009432 0.044573
v -0.007449 0.009152 0.041324
v 0.009500 0.009111 0.020126
v -0.005720 0.009366 0.044601
v -0.005998 0.009222 0.044615
v -0.005758 0.009347 0.044603
v -0.008351 0.009022 0.037942
v -0.004578 0.009695 0.044079
v -0.004068 0.009513 0.044913
v -0.001500 0.009237 0.046117
v -0.008936 0.009610 0.031301
v 0.008923 0.009625 0.031302
v -0.009373 0.008622 0.020400
v -0.009368 0.008621 0.031300
v -0.009241 0.008986 0.031301
v -0.009174 0.009179 0.031302
v 0.009500 0.008638 0.020263
v 0.009373 0.008622 0.020400
v 0.008930 0.009613 0.031302
v 0.009219 0.009073 0.031302
v -0.004521 0.009629 0.044415
v -0.005089 0.009559 0.044517
v 0.008800 0.009169 0.036300
v -0.006469 0.008947 0.044626
v -0.006359 0.009033 0.044634
v -0.006899 0.008610 0.044593
v -0.007899 0.008602 0.041310
v -0.004667 0.009256 0.045457
v -0.002973 0.009233 0.046116
v -0.004963 0.009006 0.045699
v -0.009032 0.008723 0.034535
v -0.008676 0.008402 0.037914
v -0.003186 0.008826 0.047053
v -0.003475 0.008575 0.047270
v -0.002866 0.009205 0.046234
v -0.002598 0.009108 0.046546
v -0.001715 0.008787 0.047572
v -0.001500 0.008692 0.047830
v -0.009500 0.008638 0.020266
v -0.005233 0.008686 0.045900
v 0.009088 0.008654 0.036300
v -0.007696 0.008392 0.042590
v -0.007411 0.008469 0.043477
v -0.006943 0.008585 0.044551
v -0.006921 0.008593 0.044591
v 0.009247 0.008984 0.031302
v -0.008411 0.008165 0.039927
v -0.003742 0.008261 0.047446
v 0.009361 0.008619 0.031301
v 0.009123 0.008543 0.036300
v -0.001708 0.008197 0.048711
v -0.009222 0.008076 0.034494
v -0.009146 0.008006 0.035303
v -0.009404 0.008516 0.031300
v -0.009029 0.008013 0.036210
v -0.005462 0.008310 0.046048
v -0.003971 0.007897 0.047570
v 0.009382 0.008602 0.020400
v 0.009500 0.008416 0.020327
v -0.009382 0.008602 0.020400
v -0.009500 0.008492 0.020311
v 0.009429 0.008400 0.031301
v -0.009500 0.007700 0.020400
v -0.009495 0.007882 0.031296
v -0.009430 0.008338 0.031299
v -0.009500 0.007803 0.020398
v 0.009500 0.007700 0.020400
v 0.009436 0.008333 0.031301
v -0.008078 0.008280 0.041290
v -0.007963 0.008319 0.041758
v -0.007711 0.008387 0.042541
v -0.006925 0.008589 0.044591
v -0.006573 0.008095 0.045183
v -0.006943 -0.008585 0.044551
v -0.007353 -0.008484 0.043629
v -0.002249 0.007647 0.049022
v 0.009305 0.007968 0.036300
v -0.008860 0.008023 0.037511
v -0.008792 0.008045 0.037890
v -0.008469 0.008145 0.039689
v -0.008443 0.008154 0.039794
v -0.007696 -0.008393 0.042597
v -0.007715 -0.008388 0.042542
v -0.009497 0.007780 0.031339
v -0.009489 0.007846 0.031444
v -0.009455 0.007957 0.031898
v -0.009366 0.008026 0.033020
v 0.009500 0.007698 0.031300
v 0.009439 0.007478 0.033787
v 0.009312 0.007893 0.036300
v -0.008073 -0.008280 0.041295
v -0.007883 -0.008343 0.042034
v -0.005641 0.007900 0.046138
v -0.004154 0.007502 0.047638
v -0.008412 -0.008166 0.039942
v -0.008391 -0.008173 0.040051
v -0.008440 -0.008157 0.039794
v -0.006925 -0.008589 0.044591
v -0.006572 -0.008095 0.045182
v -0.006436 -0.007904 0.045410
v -0.006446 0.007917 0.045395
v -0.009154 0.008005 0.035243
v -0.009226 0.008012 0.034489
v -0.008788 -0.008041 0.037968
v -0.009435 0.007863 0.032159
v -0.009360 -0.008027 0.033091
v -0.009445 -0.007974 0.032034
v -0.008798 -0.008039 0.037897
v -0.009034 -0.008007 0.036211
v -0.009086 -0.008000 0.035841
v -0.009221 -0.008013 0.034491
v -0.009141 -0.008006 0.035284
v -0.009500 0.007701 0.031300
v -0.006119 0.007496 0.045803
v -0.005901 0.007214 0.046075
v -0.005820 0.007156 0.046157
v -0.005671 0.007047 0.046307
v -0.005356 0.006976 0.046622
v -0.002667 0.006938 0.049144
v 0.009377 0.007255 0.036300
v -0.009500 0.007732 0.031305
v -0.009473 -0.007837 0.031667
v -0.009500 -0.007701 0.031300
v -0.009500 -0.007700 0.020400
v 0.009500 -0.007700 0.020400
v 0.009500 -0.006100 0.009547
v 0.009500 -0.007698 0.031300
v -0.001505 0.007241 0.049818
v -0.004366 0.006680 0.047612
v -0.006120 -0.007496 0.045803
v -0.005901 -0.007215 0.046075
v 0.009439 -0.007478 0.033787
v 0.009377 -0.007255 0.036300
v -0.001926 0.006567 0.049897
v -0.001500 0.006688 0.050171
v -0.005818 -0.007155 0.046158
v -0.005671 -0.007047 0.046307
v -0.003245 0.006346 0.048733
v -0.002909 0.006182 0.049069
v -0.004362 -0.006684 0.047616
v -0.003553 -0.006459 0.048425
v -0.001810 -0.005679 0.050168
v -0.002908 -0.006170 0.049070
v -0.008500 0.006100 0.000000
v 0.008842 0.006022 0.000000
v 0.008526 0.006100 0.000000
v 0.008500 0.006100 0.000000
v -0.002571 0.006100 0.000975
v -0.001824 0.006100 0.002058
v 0.000000 0.006100 0.002750
v -0.000658 0.006100 0.002670
v 0.000658 0.006100 0.002670
v 0.001824 0.006100 0.002058
v -0.000658 -0.007100 0.002670
v 0.000658 -0.007100 0.002670
v 0.001824 -0.007100 0.002058
v -0.001824 -0.007100 0.002058
v 0.002571 0.006100 0.000975
v 0.002571 -0.007100 0.000975
v -0.002730 0.006100 -0.000331
v -0.002571 -0.007100 0.000975
v 0.002730 0.006100 -0.000331
v 0.002730 -0.007100 -0.000331
v -0.008526 0.006100 0.000000
v -0.008344 0.006100 -0.001473
v 0.008330 0.006100 -0.001471
v 0.008397 0.006100 -0.001481
v -0.002263 0.006100 -0.001562
v -0.008310 0.006100 -0.001785
v -0.002730 -0.007100 -0.000331
v 0.008277 0.006100 -0.001933
v 0.007932 0.006100 -0.002887
v 0.007595 0.006100 -0.003816
v 0.002263 0.006100 -0.001562
v 0.002263 -0.007100 -0.001562
v -0.008397 0.006100 -0.001481
v -0.001278 0.006100 -0.002435
v -0.006486 0.006100 -0.005439
v -0.006752 0.006100 -0.005163
v -0.007317 0.006100 -0.004223
v -0.007730 0.006100 -0.003535
v -0.007943 0.006100 -0.002892
v -0.002263 -0.007100 -0.001562
v 0.006510 0.006100 -0.005465
v 0.001278 0.006100 -0.002435
v 0.007325 0.006100 -0.004226
v 0.001278 -0.007100 -0.002435
v -0.008012 0.006100 -0.002916
v 0.008242 0.006100 -0.002183
v -0.001872 0.006100 -0.008291
v -0.002888 0.006100 -0.007932
v -0.003759 0.006100 -0.007624
v -0.004225 0.006100 -0.007322
v 0.000000 0.006100 -0.002750
v 0.000000 0.006100 -0.008500
v -0.001472 0.006100 -0.008336
v -0.005416 0.006100 -0.006551
v -0.005459 0.006100 -0.006507
v -0.001278 -0.007100 -0.002435
v 0.005112 0.006100 -0.006791
v 0.004223 0.006100 -0.007316
v 0.003478 0.006100 -0.007756
v 0.002893 0.006100 -0.007945
v 0.001726 0.006100 -0.008323
v 0.001474 0.006100 -0.008349
v 0.005437 0.006100 -0.006483
v 0.000000 -0.007100 -0.002750
v 0.008012 0.006100 -0.002916
v 0.007736 0.006100 -0.003584
v -0.007736 0.006100 -0.003584
v -0.007384 0.006100 -0.004263
v 0.007384 0.006100 -0.004263
v 0.006531 0.006100 -0.005480
v -0.006531 0.006100 -0.005480
v 0.005480 0.006100 -0.006531
v -0.005480 0.006100 -0.006531
v -0.004263 0.006100 -0.007384
v 0.004899 0.006100 -0.006978
v 0.003610 0.006100 -0.007724
v 0.004263 0.006100 -0.007384
v -0.003610 0.006100 -0.007724
v 0.002916 0.006100 -0.008012
v -0.002916 0.006100 -0.008012
v -0.001481 0.006100 -0.008397
v 0.001481 0.006100 -0.008397
v 0.000000 0.006100 -0.008526
v -0.008842 0.006022 0.000000
v -0.008400 0.005998 -0.003057
v -0.008804 0.005998 -0.001552
v 0.008804 0.005998 -0.001552
v 0.008400 0.005998 -0.003057
v -0.007742 0.005998 -0.004470
v -0.006848 0.005998 -0.005746
v 0.007742 0.005998 -0.004470
v -0.005746 0.005998 -0.006848
v 0.006848 0.005998 -0.005746
v -0.004470 0.005998 -0.007742
v 0.005746 0.005998 -0.006848
v 0.004470 0.005998 -0.007742
v -0.003057 0.005998 -0.008400
v -0.001552 0.005998 -0.008804
v 0.003057 0.005998 -0.008400
v 0.000000 0.005998 -0.008939
v 0.001552 0.005998 -0.008804
v -0.009193 0.005790 0.000000
v -0.008939 0.005998 0.000000
v 0.008939 0.005998 0.000000
v 0.009193 0.005790 0.000000
v -0.008736 0.005704 -0.003180
v -0.009156 0.005704 -0.001614
v 0.009156 0.005704 -0.001614
v -0.008052 0.005704 -0.004649
v 0.008736 0.005704 -0.003180
v -0.007122 0.005704 -0.005976
v 0.008052 0.005704 -0.004649
v -0.005976 0.005704 -0.007122
v 0.007122 0.005704 -0.005976
v -0.004649 0.005704 -0.008052
v 0.005976 0.005704 -0.007122
v -0.003180 0.005704 -0.008736
v 0.004649 0.005704 -0.008052
v -0.001614 0.005704 -0.009156
v 0.003180 0.005704 -0.008736
v 0.000000 0.005704 -0.009297
v 0.001614 0.005704 -0.009156
v 0.009297 0.005704 0.000000
v 0.009417 0.005436 0.000000
v -0.009297 0.005704 0.000000
v -0.009417 0.005436 0.000000
v -0.009337 0.005292 -0.001646
v -0.008910 0.005292 -0.003243
v 0.009337 0.005292 -0.001646
v -0.008211 0.005292 -0.004741
v 0.008910 0.005292 -0.003243
v -0.007263 0.005292 -0.006094
v 0.008211 0.005292 -0.004741
v -0.006094 0.005292 -0.007263
v 0.007263 0.005292 -0.006094
v -0.004741 0.005292 -0.008211
v 0.006094 0.005292 -0.007263
v -0.003243 0.005292 -0.008910
v 0.004741 0.005292 -0.008211
v -0.001646 0.005292 -0.009337
v 0.003243 0.005292 -0.008910
v 0.000000 0.005292 -0.009481
v 0.001646 0.005292 -0.009337
v -0.009481 0.005292 0.000000
v 0.009481 0.005292 0.000000
v -0.009500 0.005100 0.000000
v -0.009356 0.005100 -0.001650
v 0.009500 0.005100 0.000000
v -0.009191 0.005100 -0.002265
v 0.009356 0.005100 -0.001650
v 0.009191 0.005100 -0.002265
v -0.008389 0.005100 -0.004404
v -0.008927 0.005100 -0.003249
v 0.008927 0.005100 -0.003249
v -0.007277 0.005100 -0.006106
v -0.008227 0.005100 -0.004750
v 0.008389 0.005100 -0.004404
v 0.008227 0.005100 -0.004750
v -0.006106 0.005100 -0.007277
v -0.007098 0.005100 -0.006286
v 0.007277 0.005100 -0.006106
v 0.007098 0.005100 -0.006286
v -0.005376 0.005100 -0.007789
v 0.005376 0.005100 -0.007789
v 0.006106 0.005100 -0.007277
v -0.003364 0.005100 -0.008873
v -0.004750 0.005100 -0.008227
v 0.004750 0.005100 -0.008227
v -0.001650 0.005100 -0.009356
v -0.003249 0.005100 -0.008927
v 0.003249 0.005100 -0.008927
v 0.003364 0.005100 -0.008873
v 0.000000 0.005100 -0.009500
v -0.001142 0.005100 -0.009400
v 0.001650 0.005100 -0.009356
v 0.001142 0.005100 -0.009400
v -0.009500 -0.006100 0.000000
v -0.009500 -0.006100 0.009547
v -0.009500 -0.008416 0.020327
v -0.009356 -0.006100 -0.001650
v 0.009500 -0.006100 0.000000
v -0.009191 -0.006100 -0.002265
v 0.009356 -0.006100 -0.001650
v -0.008927 -0.006100 -0.003249
v 0.009191 -0.006100 -0.002265
v -0.008389 -0.006100 -0.004404
v 0.008927 -0.006100 -0.003249
v -0.008227 -0.006100 -0.004750
v 0.008389 -0.006100 -0.004404
v -0.007277 -0.006100 -0.006106
v 0.008227 -0.006100 -0.004750
v -0.007098 -0.006100 -0.006286
v 0.007277 -0.006100 -0.006106
v -0.006106 -0.006100 -0.007277
v 0.007098 -0.006100 -0.006286
v -0.005376 -0.006100 -0.007789
v 0.006106 -0.006100 -0.007277
v -0.004750 -0.006100 -0.008227
v 0.005376 -0.006100 -0.007789
v -0.003364 -0.006100 -0.008873
v 0.004750 -0.006100 -0.008227
v -0.003249 -0.006100 -0.008927
v 0.003364 -0.006100 -0.008873
v -0.001650 -0.006100 -0.009356
v 0.003249 -0.006100 -0.008927
v -0.001142 -0.006100 -0.009400
v 0.001650 -0.006100 -0.009356
v 0.000000 -0.006100 -0.009500
v 0.001142 -0.006100 -0.009400
v -0.002663 -0.006937 0.049148
v -0.001923 -0.006565 0.049900
v -0.009500 -0.010200 0.009547
v -0.009500 -0.010200 0.019599
v -0.009500 -0.010150 0.019627
v -0.009500 -0.010003 0.019710
v -0.009500 -0.009111 0.020126
v -0.009500 -0.008638 0.020263
v -0.009437 -0.006446 0.009054
v 0.009500 -0.008492 0.020311
v 0.009500 -0.008638 0.020266
v 0.009500 -0.007803 0.020398
v 0.009500 -0.010153 0.019622
v 0.009500 -0.010200 0.009547
v 0.009500 -0.009233 0.020079
v 0.009437 -0.006446 0.009054
v -0.009418 -0.006441 0.000000
v 0.009418 -0.006441 0.000000
v -0.009249 -0.006552 -0.001631
v 0.009249 -0.006552 -0.001631
v -0.008826 -0.006552 -0.003212
v -0.008134 -0.006552 -0.004696
v 0.008826 -0.006552 -0.003212
v 0.008134 -0.006552 -0.004696
v -0.007195 -0.006552 -0.006037
v 0.007195 -0.006552 -0.006037
v -0.006037 -0.006552 -0.007195
v 0.006037 -0.006552 -0.007195
v -0.004696 -0.006552 -0.008134
v 0.004696 -0.006552 -0.008134
v -0.003212 -0.006552 -0.008826
v 0.003212 -0.006552 -0.008826
v -0.001631 -0.006552 -0.009249
v 0.001631 -0.006552 -0.009249
v 0.000000 -0.006552 -0.009392
v -0.009435 -0.006453 0.009044
v -0.009392 -0.006552 0.000000
v 0.009392 -0.006552 0.000000
v 0.009435 -0.006453 0.009044
v -0.009435 -0.010200 0.009044
v -0.009285 -0.006719 0.008525
v 0.009435 -0.010200 0.009044
v 0.009371 -0.006591 0.008809
v -0.004151 -0.007501 0.047641
v -0.009189 -0.006792 0.000000
v -0.009197 -0.006796 0.008285
v 0.009189 -0.006792 0.000000
v -0.008955 -0.006905 -0.001579
v -0.008544 -0.006905 -0.003110
v 0.008955 -0.006905 -0.001579
v -0.007874 -0.006905 -0.004546
v 0.008544 -0.006905 -0.003110
v -0.006965 -0.006905 -0.005845
v 0.007874 -0.006905 -0.004546
v -0.005845 -0.006905 -0.006965
v 0.006965 -0.006905 -0.005845
v -0.004546 -0.006905 -0.007874
v 0.005845 -0.006905 -0.006965
v -0.003110 -0.006905 -0.008544
v 0.004546 -0.006905 -0.007874
v -0.001579 -0.006905 -0.008955
v 0.003110 -0.006905 -0.008544
v 0.000000 -0.006905 -0.009093
v 0.001579 -0.006905 -0.008955
v -0.002246 -0.007646 0.049026
v -0.001502 -0.007239 0.049821
v 0.009203 -0.006804 0.008286
v -0.009093 -0.006905 0.000000
v -0.009001 -0.006965 0.007753
v 0.009093 -0.006905 0.000000
v 0.009177 -0.006836 0.008206
v 0.008862 -0.007033 0.007434
v -0.008837 -0.007016 0.000000
v -0.008841 -0.007022 0.007410
v 0.008837 -0.007016 0.000000
v -0.008548 -0.007084 -0.001507
v -0.008156 -0.007084 -0.002969
v 0.008548 -0.007084 -0.001507
v -0.007517 -0.007084 -0.004340
v 0.008156 -0.007084 -0.002969
v -0.006649 -0.007084 -0.005579
v 0.007517 -0.007084 -0.004340
v -0.005579 -0.007084 -0.006649
v 0.006649 -0.007084 -0.005579
v -0.004340 -0.007084 -0.007517
v 0.005579 -0.007084 -0.006649
v -0.002969 -0.007084 -0.008156
v 0.004340 -0.007084 -0.007517
v -0.001507 -0.007084 -0.008548
v 0.002969 -0.007084 -0.008156
v 0.000000 -0.007084 -0.008680
v 0.001507 -0.007084 -0.008548
v -0.003968 -0.007896 0.047573
v -0.008962 -0.010200 0.007659
v -0.008680 -0.007084 0.000000
v -0.008646 -0.007090 0.006994
v -0.008793 -0.007038 0.007307
v 0.008680 -0.007084 0.000000
v 0.008846 -0.007036 0.007404
v 0.008797 -0.007045 0.007306
v -0.008782 -0.010200 0.007314
v 0.008962 -0.010200 0.007659
v 0.008782 -0.010200 0.007314
v 0.008500 -0.007100 0.006724
v 0.008500 -0.007100 0.000000
v -0.005639 -0.007899 0.046140
v -0.008500 -0.007100 0.000000
v -0.008500 -0.007100 0.006724
v -0.008371 -0.007100 -0.001476
v -0.007987 -0.007100 -0.002907
v 0.008371 -0.007100 -0.001476
v -0.007361 -0.007100 -0.004250
v 0.007987 -0.007100 -0.002907
v -0.006511 -0.007100 -0.005464
v 0.007361 -0.007100 -0.004250
v -0.005464 -0.007100 -0.006511
v 0.006511 -0.007100 -0.005464
v -0.004250 -0.007100 -0.007361
v 0.005464 -0.007100 -0.006511
v -0.002907 -0.007100 -0.007987
v 0.004250 -0.007100 -0.007361
v -0.001476 -0.007100 -0.008371
v 0.002907 -0.007100 -0.007987
v 0.000000 -0.007100 -0.008500
v 0.001476 -0.007100 -0.008371
v -0.008286 -0.010200 0.006362
v -0.007654 -0.010200 0.005495
v -0.007671 -0.007100 0.005482
v 0.008286 -0.010200 0.006362
v 0.007671 -0.007100 0.005482
v -0.007424 -0.010200 0.005180
v -0.006395 -0.007100 0.004140
v 0.007424 -0.010200 0.005180
v 0.006395 -0.007100 0.004140
v 0.007654 -0.010200 0.005495
v -0.006395 -0.010200 0.004140
v -0.005783 -0.007100 0.003777
v 0.006395 -0.010200 0.004140
v 0.005783 -0.010200 0.003777
v 0.005783 -0.007100 0.003777
v -0.005083 -0.007100 0.003650
v -0.005783 -0.010200 0.003777
v 0.005083 -0.010200 0.003650
v 0.005083 -0.007100 0.003650
v -0.005083 -0.010200 0.003650
v -0.001500 -0.007763 0.049343
v 0.009343 -0.007745 0.036300
v -0.001704 -0.008196 0.048715
v -0.003473 -0.008574 0.047273
v -0.003739 -0.008260 0.047449
v 0.009382 -0.008602 0.020400
v 0.009457 -0.008247 0.031301
v -0.009382 -0.008602 0.020400
v -0.009451 -0.008285 0.031298
v -0.009500 -0.007755 0.031297
v -0.009499 -0.007742 0.031310
v -0.009496 -0.007793 0.031353
v 0.009307 -0.007891 0.036300
v -0.009484 -0.007875 0.031518
v -0.009437 -0.008339 0.031298
v 0.009172 -0.008440 0.036300
v 0.009360 -0.008619 0.031301
v 0.009435 -0.008332 0.031301
v 0.009124 -0.008542 0.036300
v 0.006595 -0.010687 0.036300
v 0.007170 -0.010505 0.036300
v 0.007276 -0.010471 0.036300
v 0.007793 -0.010180 0.036300
v 0.007895 -0.010123 0.036300
v 0.008349 -0.009727 0.036300
v 0.008434 -0.009653 0.036300
v 0.008802 -0.009168 0.036300
v -0.005461 -0.008310 0.046050
v -0.009032 -0.008722 0.034537
v -0.009222 -0.008076 0.034496
v -0.008675 -0.008402 0.037921
v -0.006921 -0.008593 0.044591
v -0.006899 -0.008610 0.044593
v -0.008350 -0.009021 0.037949
v -0.003183 -0.008825 0.047056
v -0.005231 -0.008685 0.045901
v -0.007898 -0.008601 0.041315
v -0.006474 -0.008952 0.044630
v 0.009373 -0.008622 0.020400
v -0.009373 -0.008622 0.020400
v -0.009363 -0.008620 0.031300
v -0.007448 -0.009151 0.041329
v 0.009288 -0.008899 0.031302
v 0.008864 -0.009086 0.036300
v 0.009248 -0.008982 0.031302
v -0.004961 -0.009006 0.045701
v -0.009290 -0.008898 0.031302
v -0.008868 -0.009707 0.020400
v -0.009001 -0.009506 0.031302
v -0.009248 -0.008987 0.031302
v 0.008868 -0.009707 0.020400
v -0.006365 -0.009022 0.044630
v -0.006433 -0.008985 0.044633
v -0.002592 -0.009114 0.046549
v -0.008706 -0.009344 0.034563
v -0.003614 -0.009406 0.045405
v -0.002651 -0.009137 0.046479
v -0.004665 -0.009256 0.045458
v -0.006899 -0.009601 0.041314
v 0.008985 -0.009529 0.031302
v -0.005759 -0.009346 0.044603
v -0.005809 -0.009329 0.044610
v -0.005999 -0.009224 0.044617
v -0.007899 -0.009575 0.037954
v 0.008851 -0.009703 0.031301
v 0.008924 -0.009608 0.031302
v -0.006285 -0.009927 0.041271
v -0.005182 -0.009538 0.044532
v -0.005133 -0.009545 0.044523
v -0.005505 -0.009431 0.044572
v -0.004060 -0.009524 0.044911
v -0.003933 -0.009495 0.045048
v -0.008585 -0.010065 0.031300
v -0.008253 -0.009900 0.034573
v -0.008853 -0.009705 0.031301
v -0.008923 -0.009611 0.031301
v -0.004521 -0.009629 0.044415
v -0.005648 -0.010121 0.041206
v -0.004926 -0.010082 0.041845
v -0.007345 -0.010027 0.037936
v 0.008863 -0.009712 0.020400
v 0.008540 -0.010110 0.031300
v -0.008863 -0.009712 0.020400
v 0.009500 -0.010200 0.019599
v -0.009471 -0.010440 0.019478
v -0.008012 -0.010563 0.020400
v -0.008470 -0.010167 0.031300
v -0.008013 -0.010565 0.031301
v -0.008030 -0.010556 0.031301
v 0.009428 -0.010544 0.019444
v 0.009473 -0.010433 0.019481
v 0.008845 -0.011139 0.019437
v 0.009196 -0.010903 0.019373
v 0.009361 -0.010709 0.019389
v 0.008012 -0.010563 0.020400
v 0.008500 -0.011200 0.019599
v 0.008839 -0.011140 0.019440
v 0.008473 -0.010168 0.031300
v 0.008043 -0.010544 0.031300
v -0.007697 -0.010353 0.034564
v -0.006727 -0.010353 0.037897
v -0.004985 -0.010142 0.041404
v -0.005333 -0.010494 0.038800
v -0.005023 -0.010180 0.041124
v -0.006085 -0.010544 0.037840
v 0.008012 -0.010562 0.031300
v 0.007420 -0.010901 0.031301
v 0.007913 -0.010618 0.031301
v -0.009420 -0.010380 0.009048
v -0.009484 -0.010380 0.009547
v 0.009484 -0.010380 0.009547
v 0.009420 -0.010380 0.009048
v -0.008945 -0.010392 0.007667
v 0.008945 -0.010392 0.007667
v -0.008270 -0.010392 0.006372
v -0.007410 -0.010392 0.005192
v 0.008270 -0.010392 0.006372
v 0.007410 -0.010392 0.005192
v -0.006384 -0.010380 0.004153
v 0.006384 -0.010380 0.004153
v -0.005778 -0.010380 0.003792
v -0.005083 -0.010380 0.003666
v 0.005778 -0.010380 0.003792
v 0.005083 -0.010380 0.003666
v -0.007075 -0.010679 0.034539
v -0.007916 -0.010621 0.031301
v -0.007445 -0.010891 0.031301
v -0.009415 -0.010391 0.009049
v -0.009416 -0.010536 0.009547
v -0.009426 -0.010541 0.019447
v 0.009415 -0.010391 0.009049
v 0.009415 -0.010538 0.009547
v -0.006381 -0.010391 0.004156
v 0.006381 -0.010391 0.004156
v -0.005083 -0.010573 0.003750
v -0.005715 -0.010793 0.003959
v 0.005715 -0.010793 0.003959
v 0.005083 -0.010573 0.003750
v -0.008775 -0.010804 0.007739
v -0.009247 -0.010793 0.009093
v 0.009247 -0.010793 0.009093
v -0.006267 -0.010793 0.004287
v 0.007270 -0.010804 0.005311
v 0.006267 -0.010793 0.004287
v -0.008114 -0.010804 0.006469
v 0.008775 -0.010804 0.007739
v -0.007270 -0.010804 0.005311
v 0.008114 -0.010804 0.006469
v 0.007290 -0.010943 0.031301
v -0.005448 -0.010600 0.037769
v 0.006919 -0.011062 0.031301
v -0.009305 -0.010793 0.009547
v -0.009332 -0.010754 0.019380
v 0.009305 -0.010793 0.009547
v -0.009197 -0.010897 0.019376
v -0.005708 -0.010843 0.035421
v -0.006429 -0.010868 0.034499
v 0.008007 -0.010568 0.020400
v -0.008500 -0.011200 0.019599
v -0.008007 -0.010568 0.020400
v -0.008843 -0.011131 0.019443
v -0.009099 -0.011000 0.019373
v 0.008453 -0.011200 0.019622
v -0.008449 -0.011200 0.019628
v -0.008351 -0.011200 0.019684
v -0.007445 -0.011200 0.020113
v -0.006922 -0.011073 0.020400
v 0.007542 -0.011200 0.020075
v 0.006937 -0.011200 0.020266
v 0.006922 -0.011073 0.020400
v -0.005083 -0.010793 0.003845
v 0.005083 -0.010793 0.003845
v -0.005717 -0.010853 0.035306
v -0.006757 -0.011119 0.031301
v -0.006920 -0.011065 0.031301
v -0.007292 -0.010942 0.031301
v 0.006642 -0.011134 0.031301
v 0.006722 -0.011126 0.031301
v 0.005910 -0.010848 0.035305
v -0.009192 -0.010889 0.009547
v 0.009188 -0.010892 0.009547
v -0.008447 -0.011098 0.007880
v -0.008905 -0.011092 0.009182
v 0.008905 -0.011092 0.009182
v -0.005592 -0.011092 0.004290
v -0.006036 -0.011092 0.004554
v 0.006997 -0.011098 0.005543
v 0.006036 -0.011092 0.004554
v -0.005083 -0.010889 0.003958
v 0.005592 -0.011092 0.004290
v 0.005083 -0.010889 0.003958
v -0.007810 -0.011098 0.006657
v 0.008447 -0.011098 0.007880
v -0.006997 -0.011098 0.005543
v 0.007810 -0.011098 0.006657
v -0.005963 -0.011130 0.032124
v 0.006003 -0.011200 0.031300
v -0.005783 -0.010928 0.034448
v -0.006645 -0.011131 0.031301
v -0.008952 -0.011092 0.009547
v -0.005083 -0.011092 0.004198
v 0.005083 -0.011092 0.004198
v 0.008952 -0.011092 0.009547
v 0.009142 -0.010967 0.019368
v 0.008834 -0.011120 0.009547
v -0.008841 -0.011118 0.009547
v -0.006939 -0.011200 0.020262
v -0.006903 -0.011082 0.020400
v 0.006903 -0.011082 0.020400
v -0.006720 -0.011200 0.020326
v -0.006000 -0.011200 0.020400
v -0.006005 -0.011200 0.031300
v 0.006000 -0.011200 0.020400
v 0.006112 -0.011200 0.020398
v 0.006805 -0.011200 0.020308
v -0.008067 -0.011200 0.008043
v -0.008492 -0.011194 0.009289
v 0.008492 -0.011194 0.009289
v -0.005755 -0.011194 0.004876
v 0.006683 -0.011200 0.005811
v 0.005755 -0.011194 0.004876
v -0.005083 -0.011109 0.004271
v -0.005433 -0.011200 0.004713
v 0.005083 -0.011109 0.004271
v 0.005433 -0.011200 0.004713
v -0.007459 -0.011200 0.006875
v 0.008067 -0.011200 0.008043
v -0.006683 -0.011200 0.005811
v 0.007459 -0.011200 0.006875
v 0.005083 -0.011200 0.004650
v -0.005083 -0.011200 0.004650
v -0.008500 -0.011200 0.009547
v -0.008794 -0.011156 0.019456
v 0.008500 -0.011200 0.009547
v -0.008468 -0.011200 0.009295
v 0.008468 -0.011200 0.009295
v 0.008041 -0.011200 0.008054
v -0.005739 -0.011200 0.004895
v -0.006661 -0.011200 0.005830
v 0.005739 -0.011200 0.004895
v -0.007998 -0.011200 0.008070
v -0.007769 -0.011200 0.007475
v 0.008030 -0.011200 0.008023
v -0.006685 -0.011200 0.005853
v -0.007396 -0.011200 0.006916
v 0.007394 -0.011200 0.006913
v 0.007060 -0.011200 0.006330
v 0.006628 -0.011200 0.005861
vn -0.0000 1.0000 -0.0000
vn -0.1019 0.9948 -0.0000
vn -0.0044 0.9956 0.0933
vn 0.0063 0.9964 0.0848
vn -0.0072 0.9954 0.0960
vn -0.0025 0.9958 0.0911
vn -0.0026 0.9958 0.0913
vn -0.0000 0.9961 0.0878
vn -0.1013 0.9906 0.0916
vn 0.0882 0.9961 -0.0000
vn -0.0000 0.9962 0.0876
vn -0.0015 0.9963 0.0863
vn -0.0001 0.9962 0.0876
vn 0.0878 0.9921 0.0893
vn -0.1301 0.9915 -0.0017
vn -0.0163 0.1247 0.9921
vn 0.0805 0.6138 0.7853
vn 0.1301 0.9915 -0.0024
vn -0.0969 0.6584 0.7464
vn 0.1960 0.7182 0.6677
vn -0.2147 0.7026 0.6784
vn -0.2456 0.5796 0.7770
vn -0.3117 0.6696 0.6741
vn -0.3116 0.6695 0.6743
vn 0.1990 0.7079 0.6778
vn 0.3156 0.6777 0.6642
vn 0.3362 0.6200 0.7089
vn 0.2738 0.5881 0.7610
vn -0.3499 0.6185 0.7036
vn 0.4024 0.5817 0.7069
vn 0.4023 0.5818 0.7069
vn -0.5049 0.5049 0.7001
vn -0.3504 0.6171 0.7045
vn -0.4316 0.5591 0.7079
vn -0.2322 0.9727 -0.0000
vn -0.1741 0.9847 -0.0024
vn 0.1488 0.9889 -0.0000
vn 0.5016 0.5016 0.7048
vn 0.4429 0.4531 0.7736
vn 0.4339 0.5573 0.7079
vn -0.2321 0.9722 -0.0319
vn 0.2321 0.9727 -0.0031
vn 0.2320 0.9722 -0.0319
vn -0.2185 0.9725 -0.0806
vn -0.2320 0.9722 -0.0319
vn 0.2189 0.9724 -0.0807
vn 0.2184 0.9725 -0.0807
vn -0.2029 0.9724 -0.1150
vn -0.2027 0.9725 -0.1148
vn -0.1706 0.9720 -0.1617
vn -0.1707 0.9720 -0.1617
vn 0.2026 0.9725 -0.1149
vn 0.1707 0.9720 -0.1617
vn -0.1101 0.9720 -0.2077
vn 0.1101 0.9720 -0.2077
vn -0.0380 0.9720 -0.2320
vn 0.0380 0.9720 -0.2320
vn -0.0000 0.9727 -0.2322
vn -0.2188 0.9724 -0.0808
vn 0.2030 0.9724 -0.1149
vn 0.4532 0.8914 -0.0014
vn 0.2757 0.9612 0.0015
vn 0.0684 0.9939 0.0866
vn 0.2744 0.9570 0.0941
vn -0.4318 0.5591 0.7078
vn -0.1742 0.9847 -0.0024
vn 0.2756 0.9613 0.0012
vn 0.4220 0.9066 0.0053
vn 0.2373 0.9670 0.0929
vn 0.2744 0.9571 0.0929
vn -0.4368 0.4364 0.7866
vn -0.4743 0.5115 0.7165
vn -0.5002 0.8659 -0.0026
vn -0.1017 0.9948 -0.0024
vn -0.1011 0.9909 0.0892
vn -0.0899 0.9920 0.0886
vn 0.4533 0.8913 -0.0014
vn 0.4633 0.5248 0.7141
vn -0.4220 0.9066 0.0032
vn -0.3038 0.9527 0.0008
vn -0.3023 0.9481 0.0982
vn -0.2746 0.9561 0.1023
vn -0.2326 0.9725 0.0095
vn 0.2323 0.9726 0.0067
vn 0.2322 0.9721 -0.0319
vn -0.7626 0.6469 -0.0079
vn -0.6462 0.7632 -0.0017
vn -0.6437 0.7602 -0.0884
vn 0.6462 0.7632 -0.0012
vn 0.7265 0.6872 -0.0054
vn 0.6437 0.7602 -0.0884
vn -0.6074 0.7621 -0.2243
vn -0.6073 0.7621 -0.2243
vn 0.6074 0.7621 -0.2243
vn -0.5634 0.7621 -0.3190
vn 0.5634 0.7621 -0.3190
vn 0.6073 0.7621 -0.2243
vn -0.4727 0.7589 -0.4479
vn 0.4727 0.7589 -0.4478
vn -0.3049 0.7590 -0.5753
vn -0.3050 0.7589 -0.5753
vn 0.3049 0.7589 -0.5754
vn 0.4727 0.7589 -0.4479
vn -0.1053 0.7592 -0.6422
vn -0.1054 0.7590 -0.6425
vn 0.1054 0.7590 -0.6425
vn 0.1053 0.7592 -0.6422
vn 0.3050 0.7590 -0.5753
vn -0.0000 0.7633 -0.6461
vn -0.0000 0.7635 -0.6458
vn -0.4220 0.9066 -0.0051
vn -0.3042 0.9526 0.0008
vn -0.3039 0.9527 0.0008
vn 0.2755 0.9613 0.0012
vn 0.4220 0.9066 -0.0046
vn -0.3024 0.9481 0.0982
vn 0.2370 0.9673 0.0907
vn 0.2745 0.9575 0.0887
vn -0.0000 0.7632 -0.6462
vn -0.1053 0.7589 -0.6426
vn 0.1053 0.7589 -0.6426
vn 0.4894 0.4849 0.7248
vn 0.4292 0.8986 0.0913
vn 0.2744 0.9571 0.0927
vn 0.4668 0.8844 -0.0009
vn 0.4294 0.8985 0.0916
vn 0.4651 0.8811 0.0863
vn 0.0096 0.9964 0.0847
vn -0.0053 0.9946 0.1037
vn -0.0897 0.9918 0.0910
vn -0.0003 0.9951 0.0988
vn -0.0088 0.9940 0.1092
vn -0.0925 0.9898 0.1080
vn -0.4908 0.8713 -0.0002
vn -0.4570 0.8827 0.1094
vn -0.4882 0.8665 0.1039
vn -0.4926 0.4788 0.7267
vn -0.6461 0.7632 -0.0017
vn -0.7623 0.6473 0.0015
vn 0.7263 0.6874 0.0008
vn 0.6461 0.7633 -0.0012
vn 0.4388 0.4388 0.7842
vn 0.4991 0.4668 0.7301
vn -0.6436 0.7603 -0.0884
vn 0.6435 0.7603 -0.0884
vn -0.0798 0.9913 0.1043
vn -0.2741 0.9541 0.1207
vn -0.2730 0.9544 0.1209
vn -0.9181 0.3963 -0.0022
vn -0.9109 0.3932 -0.1252
vn 0.9181 0.3963 -0.0012
vn 0.9109 0.3931 -0.1252
vn -0.8617 0.3952 -0.3182
vn -0.8617 0.3953 -0.3182
vn 0.8617 0.3952 -0.3182
vn 0.9109 0.3932 -0.1251
vn -0.7993 0.3952 -0.4526
vn -0.7993 0.3953 -0.4526
vn 0.7993 0.3953 -0.4526
vn 0.8617 0.3953 -0.3182
vn -0.6679 0.3919 -0.6327
vn 0.7993 0.3952 -0.4526
vn 0.6679 0.3919 -0.6327
vn -0.4309 0.3919 -0.8128
vn 0.4309 0.3919 -0.8128
vn -0.1488 0.3916 -0.9080
vn -0.1487 0.3919 -0.9079
vn 0.1487 0.3919 -0.9079
vn 0.1488 0.3916 -0.9080
vn 0.4309 0.3919 -0.8129
vn -0.0000 0.3960 -0.9182
vn 0.0183 -0.0000 0.9998
vn -0.0000 -0.0000 1.0000
vn 0.1411 0.0006 0.9900
vn 0.9154 0.4025 -0.0014
vn 0.1098 -0.0004 0.9940
vn 0.3483 0.0004 0.9374
vn 0.3485 -0.0003 0.9373
vn 0.3246 -0.0000 0.9458
vn 0.3245 -0.0000 0.9459
vn 0.5453 -0.0004 0.8383
vn 0.5232 0.0003 0.8522
vn -0.5038 0.4498 0.7375
vn -0.9272 0.3746 -0.0017
vn 0.7157 -0.0000 0.6984
vn 0.6967 0.0004 0.7173
vn -0.0000 0.3963 -0.9181
vn -0.1488 0.3919 -0.9079
vn -0.0000 0.3964 -0.9181
vn 0.1488 0.3919 -0.9079
vn -0.4554 0.8803 0.1326
vn -0.4550 0.8806 0.1327
vn 0.7157 -0.0004 0.6984
vn 0.6967 -0.0000 0.7173
vn 0.8514 -0.0004 0.5245
vn 0.8366 0.0004 0.5478
vn 0.4667 0.8844 -0.0009
vn 0.6036 0.7927 0.0856
vn 0.4648 0.8808 0.0899
vn 0.7071 0.7071 0.0011
vn 0.6374 0.7706 0.0004
vn 0.6349 0.7678 0.0856
vn 0.0010 0.9951 0.0986
vn -0.0018 0.9938 0.1115
vn -0.0795 0.9911 0.1067
vn 0.9456 -0.0000 0.3253
vn 0.9361 0.0004 0.3516
vn -0.7071 0.7071 -0.0004
vn -0.4906 0.8714 -0.0004
vn -0.4884 0.8664 0.1040
vn -0.6521 0.7581 -0.0005
vn -0.6485 0.7537 0.1063
vn -0.6266 0.7714 0.1114
vn -0.7071 0.7071 -0.0047
vn -0.4917 0.4917 0.7187
vn 0.5032 0.4520 0.7365
vn 0.4937 0.4937 0.7159
vn 0.7071 0.7071 -0.0049
vn 0.6373 0.7706 0.0004
vn 0.6350 0.7678 0.0856
vn -0.1071 0.9840 0.1423
vn -0.0829 0.9874 0.1349
vn -0.2735 0.9493 0.1548
vn -0.2700 0.9503 0.1552
vn -0.5360 0.4538 0.7119
vn -0.9180 0.3965 -0.0017
vn -0.9273 0.3743 -0.0012
vn -0.0014 0.9916 0.1295
vn -0.0003 0.9930 0.1183
vn 0.9154 0.4024 -0.0015
vn 0.9181 0.3963 -0.0014
vn -0.9109 0.3931 -0.1251
vn 0.9938 0.0041 0.1107
vn -0.0014 0.9930 0.1182
vn 0.9939 -0.0000 0.1101
vn 0.9998 -0.0023 0.0202
vn 0.9360 -0.0019 0.3521
vn 0.9896 0.0002 0.1440
vn -0.0030 0.9916 0.1297
vn 0.9927 0.1207 -0.0000
vn 0.9959 0.0902 0.0009
vn 0.5648 0.4242 0.7079
vn 0.0084 0.9890 0.1476
vn -0.0031 0.9916 0.1295
vn 1.0000 -0.0000 -0.0000
vn 1.0000 0.0001 -0.0000
vn -0.5643 0.4248 0.7079
vn -0.9959 0.0902 0.0008
vn -0.9931 0.1170 -0.0000
vn -0.9867 0.0894 -0.1355
vn 0.9867 0.0894 -0.1355
vn -0.9343 0.0900 -0.3450
vn -0.9343 0.0897 -0.3450
vn 0.9343 0.0900 -0.3450
vn -0.8667 0.0899 -0.4907
vn -0.8667 0.0897 -0.4907
vn 0.8667 0.0897 -0.4907
vn 0.9343 0.0897 -0.3450
vn -0.7231 0.0889 -0.6850
vn -0.7230 0.0890 -0.6851
vn 0.8667 0.0899 -0.4907
vn 0.7231 0.0890 -0.6850
vn -0.4665 0.0888 -0.8800
vn -0.4665 0.0890 -0.8801
vn -0.4665 0.0889 -0.8800
vn 0.4665 0.0889 -0.8800
vn 0.7230 0.0889 -0.6851
vn -0.1610 0.0890 -0.9829
vn -0.1611 0.0891 -0.9829
vn 0.4665 0.0888 -0.8801
vn 0.1610 0.0888 -0.9829
vn -0.0000 0.0902 -0.9959
vn 0.1611 0.0890 -0.9829
vn -0.6239 0.7690 0.1395
vn -0.6241 0.7688 0.1395
vn -0.4532 0.8751 0.1697
vn -0.4509 0.8762 0.1701
vn -0.5015 0.5016 0.7049
vn -0.6187 0.3495 0.7036
vn -1.0000 -0.0000 -0.0000
vn 0.5825 0.4002 0.7074
vn -0.9907 -0.0000 -0.1361
vn -0.9721 0.0175 -0.2341
vn -0.9940 -0.0000 -0.1090
vn -0.9940 -0.0000 -0.1091
vn 0.9907 0.0017 -0.1361
vn 0.9854 0.0060 -0.1699
vn 0.9993 -0.0000 -0.0379
vn -0.9525 -0.0000 -0.3044
vn -0.9381 0.0008 -0.3464
vn -0.9267 0.0123 -0.3756
vn -0.9525 -0.0000 -0.3046
vn 0.9531 -0.0000 -0.3027
vn 0.9531 -0.0000 -0.3025
vn 0.9381 -0.0009 -0.3464
vn 0.8982 0.0365 -0.4381
vn 0.9296 0.0107 -0.3685
vn 0.9849 -0.0000 -0.1734
vn -0.8702 -0.0000 -0.4927
vn -0.8504 0.0149 -0.5260
vn -0.8911 -0.0004 -0.4539
vn -0.8911 -0.0004 -0.4538
vn 0.8969 -0.0012 -0.4423
vn 0.8702 0.0077 -0.4927
vn 0.8755 0.0057 -0.4833
vn 0.8969 -0.0012 -0.4422
vn -0.7259 -0.0000 -0.6878
vn 0.8505 -0.0000 -0.5261
vn 0.7259 -0.0000 -0.6878
vn -0.6677 -0.0128 -0.7444
vn -0.4684 0.0064 -0.8835
vn 0.6677 -0.0128 -0.7444
vn 0.4684 0.0064 -0.8835
vn -0.4683 0.0064 -0.8835
vn 0.4683 0.0064 -0.8835
vn -0.1618 -0.0000 -0.9868
vn -0.2413 -0.0128 -0.9704
vn 0.1618 -0.0000 -0.9868
vn 0.2413 -0.0128 -0.9704
vn -0.0000 -0.0000 -1.0000
vn -0.0822 0.9868 0.1392
vn 0.6038 0.7930 0.0813
vn 0.6373 0.7706 -0.0100
vn 0.7529 0.6536 0.0776
vn 0.6350 0.7679 0.0847
vn -0.6521 0.7580 -0.0088
vn -0.6488 0.7535 0.1063
vn 0.7775 0.6289 0.0007
vn 0.7528 0.6536 0.0781
vn 0.7753 0.6274 0.0723
vn -0.6188 0.3494 0.7035
vn 0.5834 0.4000 0.7068
vn 0.5039 0.5040 0.7014
vn -0.0035 0.9857 0.1687
vn -0.0997 0.9782 0.1823
vn -0.7842 0.6205 0.0005
vn -0.7798 0.6172 0.1052
vn -0.7717 0.6268 0.1079
vn -0.1098 0.9763 0.1864
vn -0.2602 0.9437 0.2042
vn -0.2663 0.9420 0.2041
vn -0.6202 0.7639 0.1783
vn -0.6192 0.7647 0.1785
vn 0.6201 0.3316 0.7110
vn -0.2606 0.9439 0.2030
vn -0.4456 0.8675 0.2211
vn -0.4418 0.8694 0.2212
vn -0.7682 0.6246 0.1407
vn -0.7688 0.6239 0.1405
vn 0.0060 0.9778 0.2097
vn 0.0064 0.9776 0.2103
vn -0.1152 0.9761 0.1843
vn -0.7843 0.6204 0.0005
vn -0.7070 0.7073 0.0018
vn 0.7773 0.6291 0.0007
vn 0.7070 0.7072 0.0017
vn -0.7798 0.6171 0.1052
vn 0.7752 0.6276 0.0723
vn -0.9066 0.4220 0.0004
vn -0.9447 0.3277 -0.0107
vn -0.8753 0.4835 -0.0012
vn -0.9447 0.3278 -0.0107
vn -0.5911 0.2751 0.7583
vn 0.5610 0.2301 0.7952
vn 0.6757 0.3145 0.6667
vn 0.8816 0.4720 -0.0010
vn 0.8815 0.4722 -0.0010
vn 0.9066 0.4220 -0.0047
vn 0.0471 0.9815 0.1854
vn -0.0826 0.9750 0.2062
vn -0.2972 0.9535 -0.0504
vn -0.0666 0.9568 0.2830
vn 0.8795 0.4713 0.0652
vn 0.8796 0.4713 0.0648
vn 0.8709 0.4870 0.0659
vn -0.8708 0.4812 0.1005
vn -0.6118 0.7572 0.2288
vn -0.4418 0.8696 0.2204
vn -0.6116 0.7574 0.2288
vn -0.6128 0.7565 0.2285
vn -0.7636 0.6202 0.1796
vn -0.7635 0.6204 0.1797
vn -0.2212 0.8949 0.3876
vn -0.0903 0.9354 0.3419
vn -0.0028 0.9734 0.2290
vn -0.1119 0.9406 0.3206
vn -0.3177 0.8261 0.4655
vn -0.2096 0.8769 0.4326
vn -0.3761 0.7717 0.5129
vn -0.3760 0.7717 0.5129
vn -0.8832 0.4575 0.1035
vn -0.8795 0.4560 0.1361
vn -0.8803 0.4546 0.1357
vn -0.1312 0.9200 0.3694
vn -0.3148 0.8018 0.5080
vn -0.2869 0.8194 0.4962
vn 0.0033 0.9552 0.2960
vn 0.0574 0.9513 0.3028
vn -0.0028 0.9734 0.2289
vn -0.6955 0.2152 0.6856
vn -0.1627 0.9181 0.3614
vn -0.4317 0.7117 0.5541
vn -0.3683 0.7594 0.5363
vn -0.1100 0.9177 0.3818
vn -0.9412 0.3262 0.0875
vn 0.8708 0.4874 0.0637
vn -0.7576 0.6141 0.2213
vn -0.7838 0.5878 0.2004
vn -0.6940 0.6826 0.2288
vn -0.6117 0.7574 0.2284
vn -0.6743 0.7020 0.2291
vn 0.9547 0.2974 0.0011
vn 0.9536 0.2971 0.0499
vn -0.5131 0.5940 0.6196
vn -0.8678 0.4653 0.1744
vn -0.8756 0.4526 0.1686
vn -0.4237 0.6877 0.5896
vn -0.4031 0.7056 0.5828
vn -0.9411 0.3265 0.0876
vn 0.9547 0.2975 0.0011
vn 0.9524 0.3007 0.0501
vn 0.9536 0.2970 0.0498
vn -0.2763 0.7906 0.5464
vn -0.1372 0.8793 0.4560
vn -0.1573 0.8766 0.4548
vn -0.9552 0.2737 0.1128
vn -0.9569 0.2754 0.0926
vn -0.9412 0.3263 0.0876
vn -0.9460 0.2980 0.1278
vn -0.9518 0.2820 0.1211
vn -0.2879 0.8625 0.4161
vn -0.5230 0.5701 0.6336
vn -0.5200 0.5506 0.6530
vn -0.5063 0.5665 0.6502
vn 0.6757 0.3145 0.6668
vn 0.7163 0.1942 0.6702
vn 1.0000 0.0002 -0.0001
vn -0.6705 0.3120 0.6731
vn -0.7045 0.2127 0.6771
vn -0.9063 0.4226 0.0015
vn -0.9448 0.3278 0.0004
vn 0.9066 0.4220 0.0011
vn 0.9547 0.2976 0.0014
vn 0.9535 0.2972 0.0498
vn -0.5104 0.5902 0.6254
vn -0.9915 0.1300 -0.0018
vn -0.9899 0.1421 -0.0010
vn -0.9898 0.1423 -0.0009
vn -0.1109 0.0146 0.9937
vn -0.6514 0.0950 0.7527
vn 0.6091 0.0799 0.7890
vn 0.9915 0.1300 -0.0017
vn 0.9949 0.1008 -0.0024
vn -0.8662 0.4689 0.1727
vn -0.8204 0.5290 0.2172
vn -0.8202 0.5292 0.2172
vn -0.6150 0.7664 0.1854
vn -0.4645 0.5239 0.7139
vn -0.6120 0.3897 0.6882
vn -0.9000 -0.1525 0.4084
vn -0.8630 -0.0000 0.5051
vn -0.9138 -0.0000 0.4062
vn -0.9168 0.0005 0.3994
vn -0.3550 0.7003 0.6193
vn -0.3852 0.6764 0.6278
vn 0.9524 0.3007 0.0497
vn -0.9870 0.1414 0.0759
vn -0.9520 -0.0005 0.3060
vn 1.0000 -0.0002 -0.0000
vn -0.9367 0.3293 0.1188
vn -0.9429 0.2961 0.1527
vn -0.9428 0.2961 0.1528
vn -0.8597 0.4817 0.1700
vn -0.8597 0.4818 0.1700
vn 0.9943 0.1008 0.0334
vn -0.9488 0.0002 0.3157
vn -0.9520 0.0002 0.3062
vn -0.9489 0.0002 0.3156
vn -0.9521 0.0002 0.3059
vn -0.2877 0.8625 0.4163
vn -0.9495 0.1345 0.2833
vn -0.9929 0.1193 -0.0013
vn -0.9904 0.1318 0.0422
vn -0.9829 0.1712 0.0675
vn -0.9590 0.2705 0.0847
vn 0.9949 0.1009 -0.0000
vn 0.9943 0.1008 0.0333
vn 0.9943 0.1011 0.0334
vn 0.9942 0.1018 0.0335
vn -0.1499 0.8023 0.5779
vn -0.9714 -0.0002 0.2376
vn -0.9688 -0.0005 0.2479
vn -0.9488 0.0007 0.3158
vn -0.6084 0.4130 0.6777
vn -0.5990 0.3974 0.6952
vn -0.5913 0.4093 0.6949
vn -0.9714 0.0003 0.2376
vn -0.9821 0.0046 0.1881
vn -0.9688 -0.0002 0.2479
vn -0.4940 0.5431 0.6789
vn -0.1496 0.8025 0.5777
vn -0.3710 0.7065 0.6027
vn -0.9823 0.0002 0.1873
vn -0.9714 -0.0002 0.2375
vn -0.9842 -0.0006 0.1769
vn -0.8585 -0.0001 0.5128
vn -0.8593 -0.0001 0.5115
vn -0.9136 0.0049 0.4066
vn -0.6240 0.3755 0.6853
vn -0.9275 0.3548 0.1173
vn -0.9937 0.0597 0.0953
vn -0.9936 0.0602 0.0953
vn -0.9823 0.0007 0.1874
vn -0.9843 0.0006 0.1767
vn -0.9969 0.0064 0.0788
vn -0.9955 0.0001 0.0949
vn -0.9968 -0.0000 0.0799
vn -0.9968 -0.0000 0.0800
vn -0.9903 -0.0005 0.1388
vn -0.9917 -0.0007 0.1285
vn -0.9904 0.0003 0.1385
vn -0.9917 0.0006 0.1285
vn -0.9955 -0.0003 0.0949
vn -0.9951 -0.0003 0.0993
vn -0.9951 -0.0004 0.0993
vn -0.9918 -0.0005 0.1281
vn -0.9951 -0.0005 0.0992
vn 0.0001 -0.0000 1.0000
vn -0.9972 -0.0014 0.0751
vn -0.9971 -0.0026 0.0756
vn -0.7798 0.0001 0.6261
vn -0.6641 0.1849 0.7244
vn -0.6360 0.1717 0.7523
vn -0.6361 0.1717 0.7523
vn -0.6778 0.1662 0.7162
vn -0.6782 0.1659 0.7159
vn -0.5775 0.3912 0.7166
vn -0.5404 0.4413 0.7164
vn 0.9943 0.1015 0.0334
vn -0.9997 0.0247 -0.0000
vn -0.9980 0.0231 -0.0590
vn -0.9991 0.0291 0.0313
vn -0.9971 -0.0000 0.0757
vn -0.9972 -0.0000 0.0751
vn -0.3726 0.6399 0.6721
vn -0.9973 -0.0003 0.0740
vn -0.9973 -0.0000 0.0737
vn -0.9973 -0.0000 0.0740
vn 0.9997 -0.0000 0.0245
vn -0.5336 0.4384 0.7232
vn -0.3030 0.7036 0.6428
vn -0.5168 0.4602 0.7219
vn -0.6758 0.1521 0.7212
vn -0.6744 0.1517 0.7226
vn -0.7790 -0.0000 0.6270
vn -0.7798 -0.0000 0.6260
vn -0.7789 -0.0000 0.6271
vn -0.0450 0.5371 0.8423
vn -0.5712 0.4377 0.6944
vn -0.0442 0.5371 0.8423
vn -0.0443 0.5371 0.8423
vn -0.5347 0.4195 0.7336
vn -0.7110 -0.0000 0.7032
vn -0.7112 -0.0000 0.7030
vn -0.7072 -0.0000 0.7071
vn -0.7109 -0.0000 0.7033
vn -0.7071 -0.0000 0.7071
vn -0.6650 0.1406 0.7335
vn -0.6743 0.1580 0.7214
vn -0.6693 0.1424 0.7292
vn -0.5747 0.2891 0.7656
vn -0.5748 0.2890 0.7656
vn -0.6719 0.1639 0.7223
vn -0.6818 0.0906 0.7259
vn -0.1831 0.9831 -0.0000
vn 0.0467 0.9989 -0.0075
vn 0.2382 0.9712 0.0007
vn 0.0129 0.9999 -0.0000
vn 0.1206 -0.0000 -0.9927
vn -0.0000 0.0061 -1.0000
vn -0.1206 -0.0000 -0.9927
vn 0.4647 -0.0000 -0.8855
vn -0.4647 -0.0000 -0.8855
vn 0.8230 -0.0000 -0.5681
vn -0.8230 -0.0000 -0.5681
vn 0.9927 -0.0000 -0.1205
vn -0.9927 -0.0000 -0.1205
vn -0.1829 0.9831 -0.0000
vn -0.0130 0.9999 0.0067
vn -0.0131 0.9999 -0.0014
vn 0.0131 0.9999 -0.0011
vn 0.0053 1.0000 -0.0006
vn 0.9350 -0.0000 0.3546
vn -0.9350 -0.0000 0.3546
vn 0.0050 1.0000 -0.0006
vn -0.0062 1.0000 -0.0005
vn -0.0066 1.0000 -0.0007
vn 0.6631 -0.0000 0.7485
vn -0.6631 -0.0000 0.7485
vn -0.0047 1.0000 -0.0015
vn -0.0761 0.9969 -0.0204
vn 0.0174 0.9998 -0.0038
vn 0.0065 1.0000 -0.0023
vn 0.2393 -0.0000 0.9709
vn -0.2393 -0.0000 0.9709
vn 0.0040 1.0000 -0.0013
vn 0.0036 1.0000 -0.0015
vn 0.0058 1.0000 -0.0021
vn -0.0152 0.9999 -0.0050
vn -0.0046 1.0000 -0.0019
vn -0.0039 1.0000 -0.0024
vn -0.0109 0.9999 -0.0057
vn 0.0167 0.9998 -0.0086
vn 0.0043 1.0000 -0.0028
vn -0.0036 1.0000 -0.0022
vn 0.0042 1.0000 -0.0030
vn 0.0112 0.9999 -0.0074
vn -0.0040 1.0000 -0.0038
vn -0.2639 0.9466 -0.1853
vn -0.0042 1.0000 -0.0041
vn 0.0093 0.9999 -0.0093
vn 0.0038 1.0000 -0.0040
vn -0.0074 0.9999 -0.0074
vn -0.0075 0.9999 -0.0072
vn -0.0027 1.0000 -0.0041
vn -0.0095 0.9999 -0.0135
vn 0.0032 1.0000 -0.0054
vn 0.0112 0.9998 -0.0146
vn 0.0044 1.0000 -0.0073
vn 0.0021 1.0000 -0.0040
vn 0.0024 1.0000 -0.0038
vn -0.0025 1.0000 -0.0039
vn -0.0079 0.9999 -0.0151
vn -0.0025 1.0000 -0.0070
vn 0.0016 1.0000 -0.0048
vn 0.0061 0.9999 -0.0148
vn -0.0016 1.0000 -0.0039
vn -0.0014 1.0000 -0.0040
vn -0.1977 0.6437 -0.7393
vn -0.0006 1.0000 -0.0058
vn 0.0007 1.0000 -0.0069
vn 0.0116 0.9990 -0.0434
vn 0.0013 0.9999 -0.0130
vn 0.0006 1.0000 -0.0070
vn -0.0012 0.9999 -0.0133
vn -0.2382 0.9712 -0.0016
vn -0.2382 0.9710 -0.0208
vn 0.2382 0.9710 -0.0208
vn -0.2310 0.9710 -0.0619
vn -0.2309 0.9710 -0.0619
vn 0.2329 0.9712 -0.0513
vn 0.2675 0.9599 -0.0839
vn -0.2204 0.9712 -0.0910
vn 0.2204 0.9712 -0.0910
vn 0.2309 0.9710 -0.0619
vn -0.2340 0.9661 -0.1091
vn -0.2117 0.9712 -0.1098
vn 0.2490 0.9598 -0.1292
vn -0.1959 0.9710 -0.1371
vn -0.1958 0.9710 -0.1371
vn 0.1958 0.9710 -0.1371
vn 0.2167 0.9710 -0.1010
vn -0.1691 0.9710 -0.1691
vn 0.1691 0.9710 -0.1691
vn -0.1371 0.9710 -0.1958
vn -0.1371 0.9710 -0.1959
vn 0.1453 0.9712 -0.1891
vn 0.1513 0.9596 -0.2371
vn -0.1102 0.9712 -0.2115
vn 0.1102 0.9712 -0.2115
vn 0.1371 0.9710 -0.1959
vn -0.1091 0.9661 -0.2340
vn -0.0913 0.9712 -0.2202
vn 0.1078 0.9595 -0.2601
vn -0.0619 0.9710 -0.2309
vn -0.0619 0.9710 -0.2310
vn 0.0619 0.9710 -0.2309
vn 0.1010 0.9710 -0.2167
vn -0.0208 0.9710 -0.2382
vn 0.0208 0.9710 -0.2382
vn 0.0619 0.9710 -0.2310
vn 0.2437 0.9699 -0.0008
vn -0.1862 0.9825 -0.0016
vn -0.5327 0.8463 -0.0032
vn -0.2382 0.9712 -0.0017
vn -0.6355 0.7721 0.0026
vn 0.2435 0.9699 -0.0008
vn 0.2382 0.9712 -0.0008
vn 0.2435 0.9699 -0.0007
vn -0.2381 0.9710 -0.0208
vn 0.2381 0.9710 -0.0208
vn 0.6355 0.7721 0.0009
vn 0.5607 0.8280 -0.0028
vn -0.6345 0.7709 -0.0555
vn 0.6345 0.7709 -0.0555
vn -0.6153 0.7709 -0.1649
vn -0.6346 0.7709 -0.0555
vn 0.6346 0.7709 -0.0555
vn 0.6153 0.7709 -0.1649
vn -0.5773 0.7709 -0.2692
vn 0.5773 0.7709 -0.2692
vn -0.5218 0.7709 -0.3654
vn 0.5218 0.7709 -0.3654
vn -0.4504 0.7709 -0.4504
vn 0.4504 0.7709 -0.4504
vn -0.3654 0.7709 -0.5218
vn 0.3654 0.7709 -0.5218
vn -0.2692 0.7709 -0.5773
vn 0.2692 0.7709 -0.5773
vn -0.1649 0.7709 -0.6153
vn 0.1649 0.7709 -0.6153
vn -0.0555 0.7709 -0.6346
vn 0.0555 0.7709 -0.6346
vn -0.7953 0.6062 -0.0015
vn 0.8011 0.5985 -0.0018
vn 0.6354 0.7721 -0.0019
vn 0.9127 0.4085 0.0045
vn 0.8045 0.5939 -0.0048
vn -0.7955 0.6060 -0.0015
vn -0.9154 0.4025 -0.0083
vn -0.6353 0.7722 0.0091
vn -0.6347 0.7707 -0.0555
vn 0.6347 0.7707 -0.0555
vn -0.9845 0.1749 -0.0084
vn -0.9127 0.4085 -0.0018
vn -0.9098 0.4072 -0.0796
vn 0.9098 0.4072 -0.0796
vn -0.9098 0.4073 -0.0796
vn -0.8822 0.4073 -0.2364
vn -0.8822 0.4072 -0.2364
vn 0.9098 0.4073 -0.0796
vn 0.8822 0.4073 -0.2364
vn -0.8278 0.4072 -0.3860
vn -0.8277 0.4073 -0.3860
vn 0.8278 0.4072 -0.3860
vn 0.8822 0.4072 -0.2364
vn -0.7481 0.4072 -0.5239
vn -0.7481 0.4073 -0.5239
vn 0.7481 0.4073 -0.5239
vn 0.8277 0.4073 -0.3860
vn -0.6458 0.4072 -0.6458
vn 0.6458 0.4072 -0.6458
vn 0.7481 0.4072 -0.5239
vn -0.5239 0.4072 -0.7481
vn -0.5239 0.4073 -0.7481
vn 0.5239 0.4072 -0.7481
vn -0.3860 0.4073 -0.8277
vn -0.3860 0.4072 -0.8278
vn 0.3860 0.4073 -0.8277
vn 0.5239 0.4073 -0.7481
vn -0.2364 0.4072 -0.8822
vn -0.2364 0.4073 -0.8822
vn 0.2364 0.4072 -0.8822
vn 0.3860 0.4072 -0.8278
vn -0.0796 0.4073 -0.9098
vn -0.0796 0.4072 -0.9099
vn 0.0796 0.4073 -0.9098
vn 0.2364 0.4073 -0.8822
vn 0.0796 0.4072 -0.9099
vn 0.9547 0.2975 -0.0009
vn -0.7070 -0.0000 0.7072
vn -0.9814 0.1918 0.0017
vn -0.9127 0.4086 -0.0018
vn 0.9539 0.3000 0.0008
vn 0.9128 0.4083 -0.0009
vn -0.9099 0.4071 -0.0796
vn 0.9099 0.4071 -0.0796
vn -0.9953 0.0966 -0.0000
vn -0.9916 0.0963 -0.0867
vn -0.9916 0.0961 -0.0867
vn 0.9953 0.0966 -0.0004
vn 0.9916 0.0962 -0.0867
vn -0.9614 0.0961 -0.2576
vn -0.9615 0.0961 -0.2576
vn 0.9614 0.0961 -0.2576
vn 0.9916 0.0961 -0.0867
vn 0.9615 0.0961 -0.2576
vn -0.9021 0.0960 -0.4207
vn -0.9021 0.0962 -0.4207
vn -0.9614 0.0962 -0.2576
vn 0.9021 0.0962 -0.4206
vn 0.9614 0.0962 -0.2576
vn -0.8153 0.0961 -0.5709
vn -0.9021 0.0962 -0.4206
vn -0.8154 0.0960 -0.5709
vn 0.9021 0.0960 -0.4207
vn 0.8154 0.0961 -0.5709
vn -0.7038 0.0963 -0.7038
vn -0.7038 0.0960 -0.7038
vn -0.7040 0.0960 -0.7037
vn 0.8154 0.0960 -0.5709
vn 0.7040 0.0960 -0.7037
vn 0.7038 0.0962 -0.7038
vn -0.5710 0.0960 -0.8153
vn -0.5709 0.0962 -0.8153
vn 0.5709 0.0962 -0.8153
vn 0.7038 0.0960 -0.7039
vn 0.5710 0.0960 -0.8153
vn -0.4206 0.0963 -0.9021
vn -0.4207 0.0962 -0.9021
vn -0.5709 0.0961 -0.8154
vn 0.5709 0.0961 -0.8154
vn 0.4207 0.0962 -0.9021
vn -0.2576 0.0961 -0.9614
vn -0.2576 0.0962 -0.9614
vn -0.4205 0.0962 -0.9022
vn 0.2576 0.0962 -0.9614
vn 0.4207 0.0963 -0.9021
vn 0.4205 0.0962 -0.9022
vn -0.0867 0.0962 -0.9916
vn -0.0868 0.0960 -0.9916
vn -0.0867 0.0961 -0.9916
vn 0.2576 0.0961 -0.9614
vn 0.0867 0.0961 -0.9916
vn 0.0867 0.0960 -0.9916
vn 0.0868 0.0962 -0.9916
vn 0.9979 0.0655 -0.0000
vn -1.0000 0.0001 0.0002
vn -0.9962 -0.0000 -0.0871
vn 0.9962 -0.0000 -0.0871
vn -0.9659 -0.0000 -0.2588
vn 0.9659 -0.0000 -0.2588
vn -0.9063 -0.0000 -0.4226
vn 0.9063 -0.0000 -0.4226
vn -0.8191 -0.0000 -0.5736
vn 0.8191 -0.0000 -0.5736
vn -0.7072 -0.0000 -0.7070
vn 0.7072 -0.0000 -0.7070
vn -0.7071 -0.0000 -0.7071
vn 0.7071 -0.0000 -0.7071
vn -0.5736 -0.0000 -0.8191
vn 0.5736 -0.0000 -0.8191
vn -0.5736 -0.0000 -0.8192
vn 0.5736 -0.0000 -0.8192
vn -0.4226 -0.0000 -0.9063
vn 0.4226 -0.0000 -0.9063
vn -0.4228 -0.0000 -0.9062
vn -0.4225 -0.0000 -0.9064
vn 0.4225 -0.0000 -0.9064
vn -0.2588 -0.0000 -0.9659
vn 0.2588 -0.0000 -0.9659
vn -0.0871 -0.0000 -0.9962
vn 0.0871 -0.0000 -0.9962
vn -0.0872 -0.0000 -0.9962
vn 0.0872 -0.0000 -0.9962
vn -0.6758 -0.0939 0.7311
vn -0.6719 -0.1352 0.7282
vn -0.6682 -0.1397 0.7307
vn -0.6454 -0.1451 0.7499
vn -0.7565 -0.2300 0.6122
vn -1.0000 -0.0001 -0.0000
vn -1.0000 -0.0003 -0.0001
vn -0.9919 -0.0000 -0.1270
vn -0.9837 -0.1796 -0.0000
vn 0.9837 -0.1796 -0.0000
vn 0.9919 -0.0000 -0.1270
vn -0.9727 -0.2322 -0.0021
vn -0.9692 -0.2313 -0.0848
vn 0.9692 -0.2313 -0.0848
vn 0.9727 -0.2322 -0.0021
vn -0.9397 -0.2314 -0.2518
vn -0.9692 -0.2314 -0.0848
vn 0.9692 -0.2314 -0.0848
vn 0.9397 -0.2314 -0.2518
vn -0.9397 -0.2313 -0.2518
vn 0.9397 -0.2313 -0.2518
vn -0.8817 -0.2314 -0.4111
vn -0.8817 -0.2313 -0.4112
vn 0.8817 -0.2314 -0.4112
vn -0.8817 -0.2313 -0.4111
vn 0.8817 -0.2313 -0.4111
vn 0.8817 -0.2313 -0.4112
vn -0.7969 -0.2313 -0.5580
vn -0.7969 -0.2314 -0.5580
vn 0.7969 -0.2313 -0.5580
vn -0.6877 -0.2314 -0.6881
vn 0.6880 -0.2314 -0.6878
vn 0.7969 -0.2314 -0.5580
vn -0.6879 -0.2314 -0.6879
vn 0.6879 -0.2314 -0.6879
vn -0.5580 -0.2314 -0.7969
vn 0.5581 -0.2314 -0.7969
vn -0.5580 -0.2313 -0.7969
vn 0.5580 -0.2313 -0.7969
vn 0.5580 -0.2314 -0.7969
vn -0.4112 -0.2313 -0.8817
vn 0.4112 -0.2313 -0.8817
vn -0.4111 -0.2314 -0.8817
vn -0.4110 -0.2314 -0.8818
vn 0.4110 -0.2314 -0.8818
vn 0.4111 -0.2314 -0.8817
vn -0.2518 -0.2313 -0.9397
vn -0.2518 -0.2314 -0.9397
vn 0.2518 -0.2313 -0.9397
vn -0.0847 -0.2314 -0.9692
vn 0.0847 -0.2314 -0.9692
vn 0.2518 -0.2314 -0.9397
vn -0.0848 -0.2313 -0.9692
vn 0.0848 -0.2313 -0.9692
vn -0.5769 -0.2871 0.7647
vn -0.9843 -0.1766 -0.0021
vn -0.9727 -0.2321 -0.0021
vn 0.9727 -0.2321 -0.0021
vn 0.9843 -0.1766 -0.0021
vn -0.9919 -0.0000 -0.1269
vn 0.9919 -0.0000 -0.1267
vn -0.9604 -0.0000 -0.2787
vn -0.8695 -0.4939 0.0012
vn 0.9645 -0.0000 -0.2640
vn 0.9062 -0.4229 0.0003
vn -0.6771 -0.1534 0.7197
vn -0.6723 -0.1587 0.7231
vn -0.7632 -0.6462 -0.0010
vn -0.6645 -0.7472 -0.0063
vn -0.7615 -0.6448 -0.0666
vn 0.7615 -0.6448 -0.0666
vn 0.7632 -0.6462 -0.0011
vn -0.7614 -0.6448 -0.0666
vn -0.7383 -0.6448 -0.1978
vn 0.7614 -0.6448 -0.0666
vn 0.7383 -0.6448 -0.1978
vn -0.6927 -0.6448 -0.3230
vn -0.6928 -0.6448 -0.3230
vn 0.6928 -0.6448 -0.3230
vn -0.6261 -0.6448 -0.4384
vn -0.6261 -0.6447 -0.4385
vn 0.6261 -0.6448 -0.4384
vn 0.6927 -0.6448 -0.3230
vn -0.5405 -0.6447 -0.5405
vn 0.6262 -0.6447 -0.4384
vn 0.5405 -0.6447 -0.5405
vn -0.4384 -0.6447 -0.6262
vn -0.4384 -0.6448 -0.6261
vn 0.4385 -0.6447 -0.6261
vn -0.3230 -0.6448 -0.6927
vn -0.3230 -0.6448 -0.6928
vn 0.4384 -0.6448 -0.6261
vn 0.3230 -0.6448 -0.6927
vn -0.1978 -0.6448 -0.7383
vn 0.1978 -0.6448 -0.7383
vn 0.3230 -0.6448 -0.6928
vn -0.0666 -0.6448 -0.7614
vn -0.0666 -0.6448 -0.7615
vn 0.0666 -0.6448 -0.7614
vn 0.0666 -0.6448 -0.7615
vn -0.6830 -0.4919 0.5400
vn -0.5699 -0.4356 0.6967
vn -0.5250 -0.4346 0.7318
vn -0.5432 -0.4237 0.7249
vn -0.1555 -0.2091 0.9655
vn 0.9520 -0.0029 -0.3060
vn 0.7861 -0.6181 -0.0022
vn -0.9396 -0.0104 -0.3422
vn -0.7631 -0.6463 0.0040
vn -0.6566 -0.7542 -0.0010
vn 0.7631 -0.6463 -0.0022
vn -0.9396 -0.0103 -0.3420
vn 0.7870 -0.6170 -0.0029
vn 0.9276 -0.0215 -0.3730
vn 0.5262 -0.8504 0.0018
vn -0.3963 -0.9181 -0.0009
vn -0.3362 -0.9418 -0.0033
vn -0.3960 -0.9176 -0.0347
vn 0.3960 -0.9176 -0.0347
vn 0.3963 -0.9181 -0.0034
vn -0.3961 -0.9175 -0.0346
vn -0.3841 -0.9175 -0.1029
vn -0.3841 -0.9176 -0.1029
vn 0.3961 -0.9175 -0.0346
vn 0.3841 -0.9175 -0.1029
vn -0.3604 -0.9176 -0.1680
vn -0.3603 -0.9176 -0.1680
vn 0.3603 -0.9176 -0.1680
vn 0.3841 -0.9176 -0.1029
vn -0.3257 -0.9176 -0.2281
vn -0.3257 -0.9175 -0.2281
vn 0.3257 -0.9176 -0.2281
vn 0.3604 -0.9176 -0.1680
vn -0.2812 -0.9175 -0.2812
vn 0.2812 -0.9175 -0.2812
vn 0.3257 -0.9175 -0.2281
vn -0.2281 -0.9175 -0.3257
vn -0.2281 -0.9176 -0.3257
vn 0.2281 -0.9175 -0.3257
vn -0.1680 -0.9176 -0.3604
vn -0.1680 -0.9176 -0.3603
vn 0.2281 -0.9176 -0.3257
vn 0.1680 -0.9176 -0.3604
vn -0.1029 -0.9176 -0.3841
vn -0.1029 -0.9175 -0.3841
vn 0.1029 -0.9176 -0.3841
vn 0.1680 -0.9176 -0.3603
vn -0.0347 -0.9175 -0.3961
vn -0.0347 -0.9176 -0.3961
vn 0.1029 -0.9175 -0.3841
vn 0.0347 -0.9175 -0.3961
vn 0.0346 -0.9176 -0.3961
vn -0.5775 -0.3910 0.7167
vn -0.5404 -0.4411 0.7165
vn -0.9461 -0.0022 -0.3238
vn -0.9058 0.0012 -0.4238
vn -0.3961 -0.9182 0.0011
vn -0.3317 -0.9434 -0.0009
vn -0.3319 -0.9433 -0.0009
vn -0.3962 -0.9175 -0.0347
vn 0.3962 -0.9175 -0.0347
vn 0.1878 -0.9822 -0.0029
vn 0.3964 -0.9181 -0.0015
vn 0.1879 -0.9822 -0.0029
vn -0.8870 -0.0025 -0.4617
vn -0.9062 -0.0040 -0.4229
vn 0.8910 -0.0042 -0.4540
vn 0.9461 0.0068 -0.3238
vn 0.8870 -0.0050 -0.4617
vn 0.8912 -0.0053 -0.4535
vn -0.9061 -0.0040 -0.4231
vn 0.8913 -0.0053 -0.4534
vn 0.1826 -0.9832 -0.0000
vn 0.0902 -0.9959 0.0038
vn -0.6364 -0.1715 0.7521
vn -0.6778 -0.1660 0.7162
vn -0.0902 -0.9959 -0.0000
vn -0.0720 -0.9974 -0.0005
vn -0.0902 -0.9959 -0.0079
vn 0.0902 -0.9959 -0.0079
vn -0.0875 -0.9959 -0.0234
vn -0.0875 -0.9959 -0.0235
vn 0.0875 -0.9959 -0.0234
vn -0.0821 -0.9959 -0.0383
vn 0.0821 -0.9959 -0.0383
vn -0.0742 -0.9959 -0.0519
vn 0.0742 -0.9959 -0.0519
vn -0.0640 -0.9959 -0.0640
vn 0.0640 -0.9959 -0.0640
vn -0.0519 -0.9959 -0.0742
vn 0.0519 -0.9959 -0.0742
vn -0.0383 -0.9959 -0.0821
vn 0.0383 -0.9959 -0.0821
vn -0.0234 -0.9959 -0.0875
vn 0.0234 -0.9959 -0.0875
vn -0.0079 -0.9959 -0.0902
vn 0.0079 -0.9959 -0.0902
vn -0.8870 -0.0088 -0.4618
vn -0.8795 -0.0051 -0.4758
vn -0.8079 0.0131 -0.5892
vn -0.8317 -0.0069 -0.5552
vn -0.0000 -1.0000 -0.0000
vn 0.8317 0.0074 -0.5552
vn 0.8870 -0.0073 -0.4618
vn -0.8080 -0.0069 -0.5892
vn -0.7246 0.0095 -0.6891
vn 0.7246 0.0095 -0.6891
vn 0.8080 -0.0069 -0.5892
vn 0.8079 -0.0069 -0.5892
vn -0.7107 -0.0000 -0.7035
vn -0.5112 -0.0000 -0.8595
vn 0.5112 -0.0000 -0.8595
vn 0.7107 -0.0000 -0.7035
vn -0.1779 -0.0000 -0.9840
vn 0.1779 -0.0000 -0.9840
vn -0.6362 -0.1716 0.7522
vn -0.6633 -0.1845 0.7252
vn 0.2825 -0.6456 0.7095
vn 0.2793 -0.6466 0.7099
vn -0.3870 -0.6223 0.6804
vn 0.9971 -0.0693 0.0306
vn 0.9971 -0.0692 0.0306
vn -0.6633 -0.1844 0.7253
vn -0.5971 -0.3966 0.6973
vn -0.3608 -0.7322 0.5777
vn -0.3274 -0.6886 0.6470
vn -0.3550 -0.7002 0.6194
vn -0.3852 -0.6763 0.6279
vn -0.4940 -0.5431 0.6790
vn 0.9915 -0.1300 -0.0000
vn 0.9969 -0.0788 -0.0043
vn 0.9964 -0.0787 0.0305
vn -0.6091 -0.0799 0.7890
vn -0.9915 -0.1300 -0.0026
vn -0.9959 -0.0907 -0.0004
vn -1.0000 -0.0055 -0.0000
vn 0.1111 -0.0146 0.9937
vn -0.9992 -0.0082 0.0397
vn -0.9972 0.0005 0.0742
vn -0.9985 -0.0191 0.0507
vn -0.9972 0.0007 0.0743
vn 0.9700 -0.2386 0.0460
vn -0.9959 -0.0907 0.0025
vn -0.9952 -0.0934 0.0278
vn -0.9972 0.0006 0.0742
vn 0.6514 -0.0950 0.7527
vn -0.9972 -0.0018 0.0749
vn -0.9192 -0.2400 0.3122
vn -0.9910 -0.1236 0.0510
vn 0.9701 -0.2385 0.0450
vn 0.9670 -0.2503 0.0467
vn 0.9671 -0.2502 0.0467
vn -0.0001 -0.0000 1.0000
vn -0.5933 -0.4097 0.6929
vn -0.5170 -0.5498 0.6561
vn -0.6258 -0.3723 0.6854
vn -0.6089 -0.4130 0.6773
vn -0.9841 -0.1632 0.0707
vn -0.9456 -0.2996 0.1266
vn -0.9632 -0.2502 0.0985
vn -0.9948 0.0247 0.0990
vn -0.9543 -0.2729 0.1215
vn -0.9457 -0.2995 0.1265
vn -0.9948 0.0244 0.0990
vn -0.9628 -0.2561 0.0859
vn -0.9415 -0.3114 0.1287
vn -0.9418 -0.3117 0.1259
vn -0.9360 -0.3141 0.1586
vn -0.9572 -0.2759 0.0872
vn -0.2357 -0.7629 0.6020
vn -0.4744 -0.5148 0.7141
vn -0.4741 -0.5149 0.7142
vn -0.6118 -0.3947 0.6855
vn -0.9019 -0.4064 0.1462
vn -0.8759 -0.4528 0.1669
vn -0.8573 -0.4830 0.1780
vn -0.1769 -0.8600 0.4787
vn -0.1770 -0.8600 0.4786
vn -0.1722 -0.8601 0.4802
vn -0.2762 -0.7906 0.5465
vn 0.9681 -0.2505 0.0015
vn -0.5093 -0.5672 0.6473
vn -0.4197 -0.6865 0.5937
vn -0.8699 -0.4613 0.1742
vn -0.8688 -0.4602 0.1829
vn -0.9671 -0.2545 0.0012
vn -0.5179 -0.5781 0.6306
vn -0.5246 -0.5705 0.6319
vn 0.9681 -0.2507 0.0012
vn 0.9066 -0.4220 0.0061
vn -0.9671 -0.2544 0.0009
vn -0.9066 -0.4220 0.0056
vn -0.9632 -0.2528 0.0907
vn -0.8000 -0.5594 0.2170
vn -0.8001 -0.5592 0.2170
vn -0.7754 -0.5971 0.2055
vn -0.7578 -0.6145 0.2193
vn -0.8795 -0.4561 0.1358
vn -0.7163 -0.1942 0.6702
vn 0.9009 -0.4298 0.0603
vn 0.9671 -0.2505 0.0453
vn -0.6859 -0.6907 0.2289
vn 0.7045 -0.2127 0.6771
vn 0.9009 -0.4298 0.0602
vn 0.8994 -0.4329 0.0605
vn 0.0003 -0.0000 1.0000
vn -0.4070 -0.7064 0.5791
vn -0.3099 -0.8005 0.5130
vn -0.1020 -0.9191 0.3807
vn -0.6861 -0.6906 0.2289
vn -0.6212 -0.7496 0.2286
vn -0.6213 -0.7495 0.2287
vn -0.7635 -0.6202 0.1798
vn -0.6755 -0.3150 0.6667
vn 0.6705 -0.3120 0.6731
vn -0.6212 -0.7495 0.2287
vn 0.9680 -0.2508 0.0012
vn -0.9671 -0.2543 0.0009
vn -0.9633 -0.2527 0.0907
vn -0.6757 -0.3145 0.6667
vn -0.9066 -0.4220 -0.0033
vn -0.9032 -0.4293 -0.0040
vn -0.9032 -0.4292 -0.0040
vn 0.5911 -0.2751 0.7583
vn 0.6955 -0.2152 0.6856
vn 0.9009 -0.4340 -0.0040
vn 0.9066 -0.4220 -0.0036
vn -0.5610 -0.2301 0.7952
vn -0.4218 -0.7096 0.5643
vn -0.5189 -0.5797 0.6283
vn -0.3897 -0.7428 0.5444
vn 0.0355 -0.9577 0.2855
vn -0.1082 -0.9130 0.3933
vn -0.8833 -0.4575 0.1025
vn -0.8991 -0.4274 0.0950
vn -0.8803 -0.4545 0.1361
vn -0.1468 -0.9206 0.3620
vn -0.1083 -0.9130 0.3933
vn -0.2916 -0.8205 0.4916
vn -0.1144 -0.9275 0.3559
vn -0.6132 -0.7567 0.2267
vn -0.6211 -0.7503 0.2265
vn 0.9009 -0.4340 -0.0026
vn 0.8993 -0.4333 0.0600
vn -0.4649 -0.8565 0.2243
vn -0.3057 -0.8237 0.4776
vn -0.2347 -0.8671 0.4394
vn -0.3947 -0.7509 0.5294
vn -0.3946 -0.7511 0.5293
vn -0.7682 -0.6246 0.1406
vn -0.7635 -0.6203 0.1798
vn -0.4645 -0.8567 0.2242
vn 0.7944 -0.6030 0.0725
vn -0.6201 -0.3316 0.7110
vn 0.0355 -0.9577 0.2854
vn -0.0039 -0.9692 0.2462
vn -0.6203 -0.7638 0.1787
vn 0.7946 -0.6029 0.0723
vn 0.7921 -0.6061 0.0726
vn 0.7918 -0.6064 0.0727
vn -0.4650 -0.8576 0.2199
vn -0.4457 -0.8676 0.2204
vn 0.6188 -0.3494 0.7035
vn -0.0710 -0.9424 0.3268
vn -0.2438 -0.8814 0.4046
vn -0.2440 -0.8813 0.4047
vn -0.1292 -0.9393 0.3178
vn -0.1054 -0.9340 0.3414
vn -0.1163 -0.9340 0.3379
vn -0.2862 -0.9352 0.2083
vn -0.7716 -0.6266 0.1097
vn -0.7979 -0.5942 0.1015
vn -0.7980 -0.5941 0.1015
vn -0.7688 -0.6238 0.1408
vn -0.2863 -0.9352 0.2083
vn -0.0039 -0.9835 0.1807
vn 0.0443 -0.9777 0.2051
vn -0.2861 -0.9353 0.2083
vn 0.0188 -0.9818 0.1888
vn -0.8021 -0.5972 0.0012
vn 0.0189 -0.9818 0.1889
vn -0.0818 -0.9573 0.2774
vn 0.7940 -0.6079 0.0014
vn -0.2665 -0.9423 0.2025
vn -0.1008 -0.9775 0.1854
vn -0.1134 -0.9758 0.1871
vn -0.1002 -0.9770 0.1884
vn -0.6238 -0.7690 0.1395
vn -0.6191 -0.7648 0.1783
vn -0.4531 -0.8750 0.1703
vn 0.7943 -0.6076 0.0013
vn 0.7072 -0.7071 0.0028
vn -0.8023 -0.5970 0.0012
vn 0.0030 -0.9848 0.1735
vn 0.6548 -0.7512 0.0825
vn 0.7919 -0.6064 0.0721
vn 0.7941 -0.6078 0.0013
vn -0.8021 -0.5971 0.0011
vn -0.7069 -0.7073 0.0011
vn -0.5834 -0.4000 0.7068
vn -0.5040 -0.5040 0.7014
vn 0.5018 -0.5015 0.7048
vn 0.6188 -0.3494 0.7036
vn -0.4937 -0.4937 0.7159
vn -0.5826 -0.4002 0.7074
vn -0.5648 -0.4242 0.7079
vn -0.6623 -0.7492 -0.0074
vn -0.7071 -0.7071 -0.0003
vn -0.4972 -0.8671 -0.0292
vn -0.6625 -0.7490 -0.0074
vn 0.5357 -0.4541 0.7119
vn 0.5643 -0.4248 0.7079
vn 0.4679 -0.4983 0.7299
vn 0.4974 -0.4825 0.7210
vn 0.5356 -0.4542 0.7119
vn 0.5016 -0.5016 0.7048
vn 0.4384 -0.5065 0.7425
vn 0.4387 -0.5065 0.7423
vn 0.6579 -0.7531 -0.0080
vn 0.7071 -0.7071 -0.0043
vn 0.6551 -0.7510 0.0826
vn 0.6557 -0.7505 0.0825
vn -0.6266 -0.7713 0.1117
vn -0.6590 -0.7449 0.1042
vn -0.6589 -0.7450 0.1042
vn -0.6241 -0.7688 0.1396
vn -0.2734 -0.9492 0.1556
vn -0.4509 -0.8763 0.1696
vn -0.4554 -0.8803 0.1328
vn -0.0021 -0.9910 0.1342
vn -0.0740 -0.9869 0.1433
vn -0.0740 -0.9869 0.1434
vn -0.1104 -0.9842 0.1381
vn -0.2701 -0.9504 0.1546
vn 0.4882 -0.8683 0.0876
vn 0.4954 -0.8642 0.0874
vn -0.0021 -0.9909 0.1344
vn -0.0021 -0.9910 0.1340
vn 0.6579 -0.7531 -0.0006
vn -0.0020 -0.9910 0.1342
vn 0.4883 -0.8681 0.0887
vn 0.4953 -0.8643 0.0876
vn 0.4955 -0.8642 0.0876
vn -0.9927 -0.1207 -0.0000
vn 0.9931 -0.1170 -0.0000
vn -0.9879 -0.0895 -0.1264
vn -0.9879 -0.0894 -0.1264
vn -0.9959 -0.0902 0.0007
vn 0.9879 -0.0895 -0.1264
vn 0.9959 -0.0902 0.0006
vn -0.9423 -0.0899 -0.3225
vn 0.9879 -0.0894 -0.1264
vn 0.9423 -0.0899 -0.3225
vn -0.8829 -0.0962 -0.4596
vn -0.9415 -0.0962 -0.3231
vn 0.9415 -0.0962 -0.3231
vn 0.8829 -0.0962 -0.4596
vn -0.8829 -0.0963 -0.4596
vn 0.8829 -0.0963 -0.4596
vn -0.8042 -0.0960 -0.5866
vn -0.8042 -0.0962 -0.5865
vn 0.8829 -0.0960 -0.4596
vn 0.8042 -0.0960 -0.5865
vn -0.8042 -0.0963 -0.5865
vn 0.8042 -0.0963 -0.5865
vn 0.8042 -0.0961 -0.5866
vn -0.7078 -0.0899 -0.7007
vn -0.7079 -0.0964 -0.6997
vn 0.7078 -0.0899 -0.7007
vn 0.7079 -0.0964 -0.6997
vn -0.5092 -0.0887 -0.8561
vn -0.5092 -0.0888 -0.8561
vn 0.5092 -0.0887 -0.8561
vn -0.1772 -0.0888 -0.9802
vn 0.1772 -0.0888 -0.9802
vn 0.5092 -0.0888 -0.8561
vn -0.0000 -0.0902 -0.9959
vn -0.2741 -0.9540 0.1210
vn -0.4550 -0.8806 0.1326
vn -0.4947 -0.8628 0.1040
vn -0.4949 -0.8627 0.1040
vn -0.4570 -0.8826 0.1102
vn -0.4950 -0.8627 0.1040
vn -0.9119 -0.3936 -0.1168
vn -0.9119 -0.3933 -0.1168
vn -0.9153 -0.4028 -0.0013
vn -0.9181 -0.3963 -0.0011
vn 0.9119 -0.3933 -0.1168
vn 0.9119 -0.3935 -0.1168
vn 0.9182 -0.3962 -0.0014
vn 0.9273 -0.3743 -0.0010
vn -0.8696 -0.3954 -0.2956
vn 0.8697 -0.3953 -0.2956
vn -0.4705 -0.3910 -0.7910
vn -0.6514 -0.3954 -0.6475
vn 0.6514 -0.3954 -0.6475
vn 0.4705 -0.3911 -0.7910
vn -0.1638 -0.3911 -0.9056
vn -0.1637 -0.3910 -0.9057
vn 0.1637 -0.3910 -0.9057
vn 0.1638 -0.3911 -0.9056
vn 0.4705 -0.3910 -0.7910
vn -0.0000 -0.3965 -0.9180
vn -0.8647 -0.4074 -0.2939
vn -0.8684 -0.3952 -0.2996
vn -0.9119 -0.3935 -0.1168
vn 0.8696 -0.3954 -0.2956
vn -0.4705 -0.3909 -0.7911
vn 0.6477 -0.4073 -0.6438
vn 0.6544 -0.3953 -0.6446
vn 0.4705 -0.3909 -0.7911
vn -0.8101 -0.4074 -0.4217
vn 0.8633 -0.4075 -0.2977
vn 0.8101 -0.4074 -0.4217
vn -0.7378 -0.4074 -0.5381
vn -0.7378 -0.4074 -0.5382
vn 0.7378 -0.4074 -0.5382
vn -0.6505 -0.4074 -0.6410
vn -0.0002 -0.9927 0.1210
vn -0.5032 -0.4520 0.7365
vn 0.0001 -0.9931 0.1173
vn 0.3016 -0.9492 0.0904
vn 0.3055 -0.9479 0.0902
vn -0.0008 -0.9947 0.1029
vn -0.0751 -0.9910 0.1108
vn 0.3015 -0.9492 0.0907
vn 0.3056 -0.9479 0.0903
vn -0.0023 -0.9938 0.1107
vn -0.9119 -0.3936 -0.1167
vn -0.9154 -0.4026 -0.0011
vn -0.9181 -0.3963 -0.0010
vn 0.9118 -0.3936 -0.1167
vn 0.9181 -0.3963 -0.0018
vn 0.9272 -0.3746 -0.0014
vn -0.4388 -0.4388 0.7842
vn -0.4991 -0.4668 0.7301
vn 0.4971 -0.8677 0.0001
vn -0.1017 -0.9891 0.1064
vn -0.2730 -0.9544 0.1207
vn -0.0056 -0.9940 0.1096
vn -0.0014 -0.9947 0.1030
vn 0.7071 -0.7071 0.0001
vn 0.4973 -0.8676 0.0002
vn -0.5016 -0.5016 0.7049
vn -0.4339 -0.5573 0.7079
vn -0.4633 -0.5248 0.7141
vn -0.4894 -0.4849 0.7248
vn -0.7072 -0.7070 0.0024
vn -0.7072 -0.7070 0.0025
vn -0.4977 -0.8673 -0.0003
vn 0.5048 -0.5048 0.7002
vn 0.3504 -0.6171 0.7045
vn -0.4023 -0.5818 0.7069
vn -0.4024 -0.5817 0.7069
vn -0.3362 -0.6200 0.7089
vn -0.2738 -0.5881 0.7610
vn -0.4220 -0.9066 -0.0052
vn -0.4975 -0.8675 -0.0001
vn 0.3499 -0.6185 0.7036
vn 0.2456 -0.5796 0.7770
vn 0.3117 -0.6696 0.6741
vn 0.4972 -0.8676 0.0002
vn 0.4220 -0.9066 -0.0050
vn -0.0000 -0.3963 -0.9181
vn -0.1637 -0.3909 -0.9057
vn 0.1637 -0.3909 -0.9057
vn -0.0029 -0.9945 0.1047
vn -0.0017 -0.9949 0.1008
vn 0.0046 -0.9963 0.0862
vn -0.0016 -0.9949 0.1007
vn -0.2746 -0.9560 0.1031
vn -0.3125 -0.9449 0.0978
vn -0.3129 -0.9447 0.0978
vn -0.3128 -0.9448 0.0978
vn 0.1017 -0.9908 0.0895
vn 0.1022 -0.9907 0.0895
vn 0.3057 -0.9478 0.0909
vn 0.1017 -0.9908 0.0896
vn 0.1018 -0.9908 0.0895
vn -0.0009 -0.9952 0.0982
vn 0.7623 -0.6472 0.0012
vn -0.0005 -0.9953 0.0964
vn -0.0005 -0.9953 0.0966
vn -0.0002 -0.9955 0.0948
vn -0.7263 -0.6874 0.0007
vn -0.0000 -0.9962 0.0877
vn 0.0005 -0.9960 0.0898
vn -0.6439 -0.7607 -0.0824
vn -0.6463 -0.7631 -0.0010
vn 0.6439 -0.7606 -0.0824
vn 0.6461 -0.7632 -0.0014
vn -0.6032 -0.7711 -0.2040
vn -0.6116 -0.7622 -0.2119
vn -0.6439 -0.7606 -0.0824
vn 0.6129 -0.7624 -0.2075
vn -0.3334 -0.7580 -0.5606
vn -0.3334 -0.7580 -0.5605
vn -0.4584 -0.7624 -0.4568
vn 0.4509 -0.7711 -0.4496
vn 0.4617 -0.7622 -0.4537
vn 0.3334 -0.7580 -0.5606
vn -0.1160 -0.7580 -0.6419
vn -0.1160 -0.7580 -0.6418
vn 0.1160 -0.7580 -0.6418
vn 0.1160 -0.7580 -0.6419
vn -0.0000 -0.7631 -0.6463
vn -0.5647 -0.7712 -0.2940
vn 0.6015 -0.7712 -0.2082
vn 0.5647 -0.7712 -0.2940
vn -0.5144 -0.7712 -0.3752
vn 0.5144 -0.7712 -0.3752
vn -0.4540 -0.7712 -0.4462
vn -0.0840 -0.9921 0.0927
vn 0.0002 -0.9962 0.0876
vn 0.0005 -0.9962 0.0867
vn 0.1021 -0.9907 0.0895
vn -0.0842 -0.9921 0.0929
vn -0.1067 -0.9903 0.0886
vn -0.1055 -0.9905 0.0885
vn -0.6440 -0.7606 -0.0825
vn -0.6462 -0.7632 -0.0010
vn -0.0000 -0.7632 -0.6462
vn -0.1161 -0.7580 -0.6418
vn 0.1161 -0.7580 -0.6418
vn -0.3142 -0.9494 0.0007
vn 0.6440 -0.7606 -0.0825
vn 0.6462 -0.7632 -0.0014
vn -0.7264 -0.6872 -0.0045
vn 0.3068 -0.9518 0.0010
vn 0.7625 -0.6469 -0.0065
vn 0.4369 -0.4365 0.7865
vn -0.3141 -0.9494 0.0007
vn 0.3069 -0.9517 0.0010
vn 0.2321 -0.9727 0.0079
vn 0.5003 -0.8658 -0.0022
vn -0.2323 -0.9726 0.0056
vn -0.4534 -0.8913 -0.0012
vn 0.3070 -0.9517 0.0010
vn -0.3145 -0.9493 0.0007
vn -0.1991 -0.7076 0.6780
vn -0.3155 -0.6777 0.6642
vn -0.4220 -0.9066 0.0025
vn 0.3115 -0.6695 0.6743
vn 0.4220 -0.9066 0.0033
vn -0.1960 -0.7182 0.6677
vn -0.0805 -0.6138 0.7853
vn -0.1301 -0.9915 -0.0001
vn -0.1072 -0.9942 -0.0020
vn -0.1068 -0.9943 -0.0020
vn 0.0164 -0.1248 0.9920
vn 0.0969 -0.6584 0.7464
vn 0.2147 -0.7026 0.6784
vn 0.1301 -0.9915 -0.0017
vn 0.1027 -0.9947 -0.0023
vn -0.2322 -0.9722 -0.0297
vn 0.2323 -0.9722 -0.0297
vn -0.2270 -0.9710 -0.0754
vn -0.2214 -0.9726 -0.0712
vn -0.2321 -0.9722 -0.0298
vn 0.2322 -0.9722 -0.0297
vn 0.2209 -0.9725 -0.0733
vn -0.1205 -0.9718 -0.2027
vn -0.1638 -0.9725 -0.1653
vn 0.1685 -0.9710 -0.1698
vn 0.1622 -0.9726 -0.1667
vn 0.1205 -0.9718 -0.2027
vn -0.0419 -0.9718 -0.2320
vn -0.0420 -0.9718 -0.2321
vn -0.1204 -0.9718 -0.2026
vn 0.0419 -0.9719 -0.2317
vn 0.0419 -0.9718 -0.2320
vn 0.1204 -0.9718 -0.2026
vn -0.0000 -0.9727 -0.2322
vn -0.2120 -0.9710 -0.1104
vn 0.2278 -0.9709 -0.0734
vn 0.2120 -0.9710 -0.1104
vn -0.1931 -0.9710 -0.1408
vn 0.1931 -0.9710 -0.1408
vn -0.1670 -0.9709 -0.1715
vn -0.2322 -0.9722 -0.0299
vn -0.4532 -0.8914 -0.0012
vn -0.2321 -0.9727 -0.0025
vn 0.2321 -0.9722 -0.0296
vn 0.2322 -0.9727 -0.0000
vn 0.1743 -0.9847 -0.0020
vn -0.0000 -0.9964 0.0843
vn -0.1062 -0.9903 0.0892
vn -0.4429 -0.4531 0.7737
vn 0.1026 -0.9947 -0.0000
vn -0.1488 -0.9889 -0.0000
vn -0.2214 -0.9726 -0.0711
vn 0.2201 -0.9725 -0.0757
vn 0.0132 -0.9999 -0.0000
vn -0.1657 -0.9725 -0.1636
vn -0.0059 -0.9999 -0.0118
vn 0.1622 -0.9726 -0.1666
vn -0.0043 -1.0000 -0.0017
vn -0.0042 -1.0000 -0.0016
vn -0.2523 -0.9587 -0.1311
vn -0.2523 -0.9587 -0.1310
vn 0.0114 -0.9999 -0.0039
vn 0.0131 -0.9999 -0.0068
vn -0.0036 -1.0000 -0.0024
vn -0.0038 -1.0000 -0.0026
vn -0.0119 -0.9999 -0.0087
vn 0.0040 -1.0000 -0.0023
vn 0.2300 -0.9588 -0.1668
vn 0.2299 -0.9588 -0.1668
vn -0.0087 -0.9999 -0.0086
vn 0.0034 -1.0000 -0.0031
vn 0.0033 -1.0000 -0.0031
vn -0.0000 -1.0000 0.0001
s 0
usemtl Material.028
f 1//1 2//1 3//1
f 2//2 4//2 3//2
f 5//3 6//3 3//3
f 7//4 8//4 3//4
f 8//5 9//5 3//5
f 9//5 5//5 3//5
f 6//6 10//6 3//6
f 10//7 11//7 3//7
f 11//8 1//8 3//8
f 4//9 7//9 3//9
f 12//1 2//1 1//1
f 13//10 12//10 1//10
f 14//11 15//11 1//11
f 11//12 16//12 1//12
f 16//13 14//13 1//13
f 15//14 13//14 1//14
f 17//1 18//1 2//1
f 19//1 17//1 2//1
f 12//1 19//1 2//1
f 20//15 4//15 2//15
f 18//16 20//16 2//16
f 21//1 19//1 12//1
f 22//17 21//17 12//17
f 13//18 22//18 12//18
f 23//1 24//1 18//1
f 17//1 23//1 18//1
f 24//19 20//19 18//19
f 25//1 19//1 21//1
f 22//20 25//20 21//20
f 23//1 26//1 24//1
f 26//21 20//21 24//21
f 23//1 27//1 26//1
f 27//22 28//22 26//22
f 28//23 29//23 26//23
f 29//24 20//24 26//24
f 30//1 19//1 25//1
f 31//25 30//25 25//25
f 22//26 31//26 25//26
f 32//1 19//1 30//1
f 33//27 32//27 30//27
f 31//28 33//28 30//28
f 23//1 34//1 27//1
f 34//29 28//29 27//29
f 35//1 19//1 32//1
f 33//30 35//30 32//30
f 36//1 19//1 35//1
f 33//31 36//31 35//31
f 37//1 38//1 34//1
f 23//1 37//1 34//1
f 39//32 28//32 34//32
f 38//33 39//33 34//33
f 40//34 39//34 38//34
f 37//35 41//35 38//35
f 41//36 40//36 38//36
f 42//1 19//1 36//1
f 43//37 42//37 36//37
f 33//38 44//38 36//38
f 45//39 43//39 36//39
f 44//40 45//40 36//40
f 23//1 46//1 37//1
f 46//41 41//41 37//41
f 47//1 19//1 42//1
f 43//42 48//42 42//42
f 48//43 47//43 42//43
f 23//1 49//1 46//1
f 49//44 50//44 46//44
f 50//45 41//45 46//45
f 51//1 19//1 47//1
f 52//46 51//46 47//46
f 53//47 52//47 47//47
f 48//43 53//43 47//43
f 23//1 54//1 49//1
f 55//1 19//1 51//1
f 23//1 56//1 54//1
f 57//48 49//48 54//48
f 58//49 57//49 54//49
f 56//50 59//50 54//50
f 59//51 58//51 54//51
f 60//1 19//1 55//1
f 51//52 61//52 55//52
f 61//53 60//53 55//53
f 23//1 62//1 56//1
f 62//54 63//54 56//54
f 63//54 59//54 56//54
f 64//55 19//55 60//55
f 61//53 64//53 60//53
f 23//56 65//56 62//56
f 65//56 63//56 62//56
f 66//57 17//57 19//57
f 64//55 66//55 19//55
f 17//58 65//58 23//58
f 67//58 65//58 17//58
f 66//57 67//57 17//57
f 57//59 50//59 49//59
f 52//60 61//60 51//60
f 45//61 48//61 43//61
f 68//62 22//62 13//62
f 15//63 69//63 13//63
f 69//64 68//64 13//64
f 70//65 39//65 40//65
f 41//66 70//66 40//66
f 71//67 31//67 68//67
f 31//68 22//68 68//68
f 69//69 72//69 68//69
f 72//70 71//70 68//70
f 73//71 74//71 70//71
f 74//72 39//72 70//72
f 41//73 73//73 70//73
f 20//74 75//74 4//74
f 75//75 76//75 4//75
f 76//76 7//76 4//76
f 77//77 48//77 45//77
f 44//78 77//78 45//78
f 20//79 29//79 75//79
f 29//80 78//80 75//80
f 78//81 79//81 75//81
f 79//82 76//82 75//82
f 80//83 73//83 41//83
f 50//45 80//45 41//45
f 77//84 81//84 48//84
f 81//85 53//85 48//85
f 74//86 73//86 80//86
f 82//87 74//87 80//87
f 50//88 82//88 80//88
f 83//89 84//89 81//89
f 77//90 83//90 81//90
f 84//91 53//91 81//91
f 85//92 86//92 50//92
f 57//93 85//93 50//93
f 86//88 82//88 50//88
f 87//94 52//94 53//94
f 84//91 87//91 53//91
f 58//95 88//95 57//95
f 88//95 85//95 57//95
f 89//96 61//96 52//96
f 87//97 89//97 52//97
f 59//98 90//98 58//98
f 90//98 88//98 58//98
f 89//96 91//96 61//96
f 91//99 64//99 61//99
f 63//100 92//100 59//100
f 92//101 90//101 59//101
f 93//102 66//102 64//102
f 91//103 93//103 64//103
f 65//104 94//104 63//104
f 94//105 92//105 63//105
f 95//106 96//106 66//106
f 96//107 67//107 66//107
f 93//108 95//108 66//108
f 67//109 94//109 65//109
f 96//110 94//110 67//110
f 28//111 97//111 29//111
f 97//112 98//112 29//112
f 98//113 78//113 29//113
f 71//67 99//67 31//67
f 99//114 100//114 31//114
f 100//115 33//115 31//115
f 98//116 79//116 78//116
f 72//117 101//117 71//117
f 101//118 99//118 71//118
f 96//119 102//119 94//119
f 102//120 92//120 94//120
f 103//119 102//119 96//119
f 95//121 103//121 96//121
f 44//122 83//122 77//122
f 101//123 104//123 99//123
f 104//124 100//124 99//124
f 105//125 33//125 100//125
f 104//126 106//126 100//126
f 106//127 105//127 100//127
f 97//116 79//116 98//116
f 107//128 108//128 7//128
f 108//129 8//129 7//129
f 76//130 107//130 7//130
f 109//131 110//131 107//131
f 110//132 108//132 107//132
f 76//133 109//133 107//133
f 28//134 111//134 97//134
f 112//135 79//135 97//135
f 111//136 112//136 97//136
f 113//137 39//137 74//137
f 82//138 114//138 74//138
f 114//139 113//139 74//139
f 115//140 116//140 83//140
f 116//141 84//141 83//141
f 117//142 115//142 83//142
f 44//143 117//143 83//143
f 86//144 114//144 82//144
f 116//145 87//145 84//145
f 118//146 109//146 76//146
f 119//147 118//147 76//147
f 79//148 119//148 76//148
f 120//149 113//149 114//149
f 86//150 120//150 114//150
f 115//151 121//151 116//151
f 121//152 87//152 116//152
f 122//153 123//153 86//153
f 85//154 122//154 86//154
f 123//150 120//150 86//150
f 124//155 89//155 87//155
f 121//156 124//156 87//156
f 88//157 125//157 85//157
f 125//158 122//158 85//158
f 126//159 91//159 89//159
f 124//160 126//160 89//160
f 90//161 127//161 88//161
f 127//161 125//161 88//161
f 126//162 128//162 91//162
f 128//163 93//163 91//163
f 92//164 129//164 90//164
f 129//164 127//164 90//164
f 130//165 95//165 93//165
f 128//163 130//163 93//163
f 102//166 131//166 92//166
f 131//167 129//167 92//167
f 132//168 133//168 95//168
f 133//169 103//169 95//169
f 130//170 132//170 95//170
f 103//171 131//171 102//171
f 133//171 131//171 103//171
f 16//172 134//172 14//172
f 135//173 15//173 14//173
f 134//173 135//173 14//173
f 136//173 69//173 15//173
f 135//173 136//173 15//173
f 11//174 134//174 16//174
f 117//175 121//175 115//175
f 137//176 134//176 11//176
f 10//177 137//177 11//177
f 6//178 138//178 10//178
f 138//179 139//179 10//179
f 139//180 137//180 10//180
f 5//181 140//181 6//181
f 140//182 138//182 6//182
f 136//173 72//173 69//173
f 141//183 39//183 113//183
f 120//184 141//184 113//184
f 9//185 142//185 5//185
f 142//186 140//186 5//186
f 133//187 143//187 131//187
f 143//188 129//188 131//188
f 144//189 143//189 133//189
f 132//190 144//190 133//190
f 136//173 101//173 72//173
f 145//191 119//191 79//191
f 112//192 145//192 79//192
f 8//193 146//193 9//193
f 146//194 142//194 9//194
f 108//195 147//195 8//195
f 147//196 146//196 8//196
f 148//197 33//197 105//197
f 106//198 149//198 105//198
f 149//199 148//199 105//199
f 28//134 150//134 111//134
f 150//136 112//136 111//136
f 44//200 33//200 148//200
f 151//201 44//201 148//201
f 149//202 151//202 148//202
f 152//203 153//203 109//203
f 153//204 110//204 109//204
f 118//205 152//205 109//205
f 110//206 154//206 108//206
f 154//207 147//207 108//207
f 39//208 150//208 28//208
f 39//209 155//209 150//209
f 155//210 112//210 150//210
f 39//211 156//211 155//211
f 156//212 157//212 155//212
f 157//213 112//213 155//213
f 158//214 156//214 39//214
f 141//215 158//215 39//215
f 159//216 117//216 44//216
f 160//217 159//217 44//217
f 161//218 160//218 44//218
f 151//219 161//219 44//219
f 149//220 161//220 151//220
f 136//173 104//173 101//173
f 153//206 154//206 110//206
f 162//221 152//221 118//221
f 163//221 162//221 118//221
f 164//222 163//222 118//222
f 165//223 164//223 118//223
f 119//224 165//224 118//224
f 166//225 158//225 141//225
f 120//226 167//226 141//226
f 167//227 166//227 141//227
f 162//228 168//228 152//228
f 168//229 153//229 152//229
f 159//230 169//230 117//230
f 169//231 121//231 117//231
f 123//232 167//232 120//232
f 169//156 124//156 121//156
f 168//233 154//233 153//233
f 136//173 106//173 104//173
f 162//234 170//234 168//234
f 170//235 171//235 168//235
f 171//236 172//236 168//236
f 173//237 154//237 168//237
f 172//238 173//238 168//238
f 163//239 170//239 162//239
f 174//240 175//240 159//240
f 175//241 169//241 159//241
f 160//242 174//242 159//242
f 176//243 177//243 170//243
f 163//244 176//244 170//244
f 178//245 179//245 170//245
f 179//245 180//245 170//245
f 180//246 181//246 170//246
f 182//245 183//245 170//245
f 181//245 182//245 170//245
f 184//245 185//245 170//245
f 185//245 186//245 170//245
f 186//245 187//245 170//245
f 188//245 184//245 170//245
f 177//245 188//245 170//245
f 187//245 189//245 170//245
f 189//245 190//245 170//245
f 190//245 191//245 170//245
f 191//245 192//245 170//245
f 192//245 193//245 170//245
f 193//245 194//245 170//245
f 183//245 195//245 170//245
f 195//245 196//245 170//245
f 196//245 197//245 170//245
f 197//245 198//245 170//245
f 198//245 199//245 170//245
f 199//245 171//245 170//245
f 194//245 200//245 170//245
f 200//245 201//245 170//245
f 201//245 178//245 170//245
f 202//247 158//247 166//247
f 167//248 203//248 166//248
f 203//249 202//249 166//249
f 204//250 203//250 167//250
f 123//250 204//250 167//250
f 175//251 124//251 169//251
f 205//252 204//252 123//252
f 122//253 205//253 123//253
f 206//254 126//254 124//254
f 175//251 206//251 124//251
f 125//255 207//255 122//255
f 207//256 205//256 122//256
f 208//257 128//257 126//257
f 206//258 208//258 126//258
f 127//259 209//259 125//259
f 209//260 207//260 125//260
f 208//261 210//261 128//261
f 210//262 130//262 128//262
f 129//263 211//263 127//263
f 211//264 212//264 127//264
f 212//265 209//265 127//265
f 213//266 214//266 130//266
f 210//267 213//267 130//267
f 214//266 132//266 130//266
f 143//268 215//268 129//268
f 215//269 211//269 129//269
f 214//270 216//270 132//270
f 216//271 144//271 132//271
f 144//272 215//272 143//272
f 217//272 215//272 144//272
f 216//273 217//273 144//273
f 218//274 145//274 112//274
f 157//275 218//275 112//275
f 219//276 165//276 119//276
f 145//277 219//277 119//277
f 136//173 149//173 106//173
f 220//278 158//278 202//278
f 221//279 220//279 202//279
f 203//280 221//280 202//280
f 160//281 222//281 174//281
f 223//245 175//245 174//245
f 222//245 223//245 174//245
f 224//280 221//280 203//280
f 204//282 225//282 203//282
f 225//283 226//283 203//283
f 226//284 227//284 203//284
f 227//285 224//285 203//285
f 228//286 206//286 175//286
f 229//287 228//287 175//287
f 223//288 229//288 175//288
f 230//289 225//289 204//289
f 205//290 231//290 204//290
f 231//291 232//291 204//291
f 232//292 230//292 204//292
f 233//293 234//293 206//293
f 235//294 233//294 206//294
f 236//295 208//295 206//295
f 237//296 236//296 206//296
f 234//297 237//297 206//297
f 228//298 235//298 206//298
f 207//299 238//299 205//299
f 238//300 239//300 205//300
f 239//301 240//301 205//301
f 240//302 241//302 205//302
f 241//302 231//302 205//302
f 236//303 242//303 208//303
f 243//304 210//304 208//304
f 244//305 243//305 208//305
f 242//306 244//306 208//306
f 209//307 238//307 207//307
f 243//308 245//308 210//308
f 245//309 213//309 210//309
f 246//310 238//310 209//310
f 212//311 246//311 209//311
f 245//312 247//312 213//312
f 247//313 214//313 213//313
f 211//314 246//314 212//314
f 247//315 216//315 214//315
f 215//316 248//316 211//316
f 248//317 246//317 211//317
f 249//318 217//318 216//318
f 247//319 249//319 216//319
f 249//320 248//320 215//320
f 217//320 249//320 215//320
f 164//321 176//321 163//321
f 250//322 161//322 149//322
f 136//173 250//173 149//173
f 251//323 160//323 161//323
f 250//324 252//324 161//324
f 252//325 251//325 161//325
f 158//326 253//326 156//326
f 253//327 157//327 156//327
f 254//328 160//328 251//328
f 252//329 255//329 251//329
f 255//330 254//330 251//330
f 256//331 220//331 221//331
f 224//280 256//280 221//280
f 257//332 258//332 222//332
f 160//333 257//333 222//333
f 258//245 223//245 222//245
f 259//334 177//334 176//334
f 164//335 259//335 176//335
f 158//336 260//336 253//336
f 260//337 261//337 253//337
f 261//338 157//338 253//338
f 262//339 259//339 164//339
f 263//340 262//340 164//340
f 165//341 263//341 164//341
f 264//342 219//342 145//342
f 218//343 264//343 145//343
f 257//344 265//344 258//344
f 265//245 223//245 258//245
f 266//345 263//345 165//345
f 219//346 267//346 165//346
f 267//347 268//347 165//347
f 268//347 266//347 165//347
f 269//348 218//348 157//348
f 261//349 269//349 157//349
f 259//334 270//334 177//334
f 270//350 271//350 177//350
f 271//351 272//351 177//351
f 272//245 188//245 177//245
f 136//173 252//173 250//173
f 262//352 270//352 259//352
f 136//173 255//173 252//173
f 273//353 260//353 158//353
f 220//354 273//354 158//354
f 254//355 274//355 160//355
f 274//356 257//356 160//356
f 273//357 261//357 260//357
f 255//358 274//358 254//358
f 275//359 276//359 220//359
f 276//360 277//360 220//360
f 278//361 273//361 220//361
f 277//362 278//362 220//362
f 256//363 275//363 220//363
f 279//364 265//364 257//364
f 280//365 279//365 257//365
f 274//366 281//366 257//366
f 281//367 282//367 257//367
f 282//368 280//368 257//368
f 283//369 271//369 270//369
f 284//370 283//370 270//370
f 262//371 284//371 270//371
f 284//372 271//372 283//372
f 255//373 281//373 274//373
f 285//374 282//374 281//374
f 255//375 285//375 281//375
f 278//376 261//376 273//376
f 286//377 287//377 219//377
f 287//378 267//378 219//378
f 288//379 286//379 219//379
f 264//380 288//380 219//380
f 289//381 264//381 218//381
f 269//382 289//382 218//382
f 262//383 290//383 284//383
f 290//384 271//384 284//384
f 263//383 290//383 262//383
f 291//385 272//385 271//385
f 290//386 291//386 271//386
f 292//387 290//387 263//387
f 266//388 292//388 263//388
f 268//389 292//389 266//389
f 267//390 292//390 268//390
f 278//391 293//391 261//391
f 294//392 269//392 261//392
f 293//393 294//393 261//393
f 136//173 285//173 255//173
f 295//394 291//394 290//394
f 296//395 295//395 290//395
f 292//396 296//396 290//396
f 297//397 298//397 272//397
f 298//397 299//397 272//397
f 299//398 300//398 272//398
f 291//399 297//399 272//399
f 300//245 188//245 272//245
f 301//400 275//400 256//400
f 224//280 301//280 256//280
f 295//401 297//401 291//401
f 302//402 292//402 267//402
f 287//403 302//403 267//403
f 295//404 298//404 297//404
f 277//405 293//405 278//405
f 303//406 282//406 285//406
f 136//173 303//173 285//173
f 289//407 304//407 264//407
f 304//408 305//408 264//408
f 305//409 306//409 264//409
f 307//410 288//410 264//410
f 306//411 307//411 264//411
f 279//246 223//246 265//246
f 295//404 299//404 298//404
f 308//412 280//412 282//412
f 303//413 308//413 282//413
f 286//414 302//414 287//414
f 309//415 289//415 269//415
f 294//416 309//416 269//416
f 310//417 296//417 292//417
f 302//418 310//418 292//418
f 276//419 293//419 277//419
f 311//420 280//420 308//420
f 303//421 312//421 308//421
f 312//422 311//422 308//422
f 288//414 302//414 286//414
f 296//423 313//423 295//423
f 313//424 299//424 295//424
f 313//425 300//425 299//425
f 314//426 315//426 293//426
f 316//427 314//427 293//427
f 276//428 316//428 293//428
f 317//429 294//429 293//429
f 315//430 317//430 293//430
f 313//431 188//431 300//431
f 288//432 318//432 302//432
f 319//433 310//433 302//433
f 318//434 319//434 302//434
f 136//173 312//173 303//173
f 280//435 320//435 279//435
f 320//436 321//436 279//436
f 321//437 223//437 279//437
f 322//438 275//438 301//438
f 323//439 322//439 301//439
f 224//280 323//280 301//280
f 322//440 316//440 275//440
f 316//441 276//441 275//441
f 311//442 320//442 280//442
f 324//443 320//443 311//443
f 312//444 324//444 311//444
f 307//445 318//445 288//445
f 325//446 326//446 322//446
f 326//447 327//447 322//447
f 327//448 316//448 322//448
f 328//449 325//449 322//449
f 323//450 328//450 322//450
f 329//451 321//451 320//451
f 330//452 329//452 320//452
f 324//453 330//453 320//453
f 309//454 331//454 289//454
f 331//454 332//454 289//454
f 332//455 333//455 289//455
f 333//456 304//456 289//456
f 306//457 334//457 307//457
f 334//458 335//458 307//458
f 335//459 318//459 307//459
f 306//460 335//460 334//460
f 336//461 335//461 306//461
f 337//462 336//462 306//462
f 305//463 337//463 306//463
f 338//464 313//464 296//464
f 310//465 338//465 296//465
f 339//466 324//466 312//466
f 136//173 339//173 312//173
f 327//467 314//467 316//467
f 224//280 328//280 323//280
f 304//468 337//468 305//468
f 329//469 223//469 321//469
f 317//470 340//470 294//470
f 340//471 341//471 294//471
f 341//472 342//472 294//472
f 343//473 309//473 294//473
f 342//474 343//474 294//474
f 339//475 330//475 324//475
f 344//476 337//476 304//476
f 333//477 344//477 304//477
f 345//478 344//478 333//478
f 332//479 345//479 333//479
f 313//480 184//480 188//480
f 326//481 346//481 327//481
f 346//482 347//482 327//482
f 347//483 348//483 327//483
f 348//484 349//484 327//484
f 349//485 314//485 327//485
f 350//486 329//486 330//486
f 351//487 350//487 330//487
f 352//488 351//488 330//488
f 339//489 352//489 330//489
f 313//490 185//490 184//490
f 331//491 353//491 332//491
f 353//492 354//492 332//492
f 354//493 345//493 332//493
f 335//494 355//494 318//494
f 356//495 319//495 318//495
f 355//496 356//496 318//496
f 309//497 357//497 331//497
f 357//498 358//498 331//498
f 358//499 353//499 331//499
f 319//500 338//500 310//500
f 186//501 185//501 313//501
f 338//502 186//502 313//502
f 343//491 359//491 309//491
f 359//503 357//503 309//503
f 342//504 359//504 343//504
f 341//505 359//505 342//505
f 360//506 361//506 335//506
f 361//506 362//506 335//506
f 362//507 363//507 335//507
f 336//508 360//508 335//508
f 363//509 355//509 335//509
f 364//510 315//510 314//510
f 349//511 365//511 314//511
f 365//512 364//512 314//512
f 366//513 359//513 341//513
f 340//514 366//514 341//514
f 348//515 367//515 349//515
f 368//516 365//516 349//516
f 369//517 368//517 349//517
f 367//518 369//518 349//518
f 370//519 366//519 340//519
f 317//520 370//520 340//520
f 371//521 370//521 317//521
f 372//521 371//521 317//521
f 315//522 372//522 317//522
f 373//523 364//523 365//523
f 368//524 373//524 365//524
f 374//525 372//525 315//525
f 364//526 374//526 315//526
f 373//527 374//527 364//527
f 136//528 352//528 339//528
f 347//529 375//529 348//529
f 375//530 367//530 348//530
f 362//531 376//531 363//531
f 376//532 355//532 363//532
f 376//532 377//532 355//532
f 377//533 378//533 355//533
f 378//534 379//534 355//534
f 380//535 356//535 355//535
f 379//536 380//536 355//536
f 356//537 381//537 319//537
f 381//538 338//538 319//538
f 382//539 351//539 352//539
f 136//173 382//173 352//173
f 325//540 375//540 326//540
f 375//541 383//541 326//541
f 383//542 346//542 326//542
f 384//543 369//543 367//543
f 375//544 384//544 367//544
f 338//545 187//545 186//545
f 346//546 383//546 347//546
f 383//547 375//547 347//547
f 224//280 325//280 328//280
f 325//280 385//280 375//280
f 385//548 384//548 375//548
f 224//280 386//280 325//280
f 386//280 385//280 325//280
f 350//245 387//245 329//245
f 388//245 223//245 329//245
f 387//245 388//245 329//245
f 389//245 387//245 350//245
f 351//549 389//549 350//549
f 381//550 390//550 338//550
f 390//551 189//551 338//551
f 189//552 187//552 338//552
f 380//553 391//553 356//553
f 391//554 381//554 356//554
f 392//555 393//555 376//555
f 393//556 377//556 376//556
f 362//557 392//557 376//557
f 394//549 389//549 351//549
f 382//549 394//549 351//549
f 395//549 394//549 382//549
f 136//173 395//173 382//173
f 390//558 190//558 189//558
f 396//559 397//559 390//559
f 397//560 190//560 390//561
f 381//562 396//562 390//562
f 397//245 191//245 190//245
f 393//563 378//563 377//563
f 398//563 379//563 378//563
f 393//564 398//564 378//564
f 399//565 380//565 379//565
f 398//566 399//566 379//566
f 399//567 391//567 380//567
f 400//568 401//568 381//568
f 391//569 400//569 381//569
f 401//570 396//570 381//570
f 396//571 191//571 397//571
f 399//567 400//567 391//567
f 192//572 191//572 396//572
f 401//573 192//573 396//573
f 399//567 401//567 400//567
f 399//567 402//567 401//567
f 402//567 403//567 401//567
f 404//567 193//567 401//567
f 405//567 404//567 401//567
f 403//567 405//567 401//567
f 193//574 192//574 401//574
f 406//575 240//575 239//575
f 238//1 406//1 239//1
f 244//576 407//576 243//576
f 407//577 408//577 243//577
f 408//578 409//578 243//578
f 409//1 245//1 243//1
f 410//1 406//1 238//1
f 246//1 410//1 238//1
f 409//1 247//1 245//1
f 411//1 410//1 246//1
f 248//1 412//1 246//1
f 412//1 413//1 246//1
f 413//1 411//1 246//1
f 409//1 249//1 247//1
f 249//1 414//1 248//1
f 414//1 412//1 248//1
f 409//1 415//1 249//1
f 415//1 414//1 249//1
f 416//579 413//579 412//579
f 417//580 416//580 412//580
f 414//581 417//581 412//581
f 416//582 411//582 413//582
f 418//583 417//583 414//583
f 415//583 418//583 414//583
f 419//584 410//584 411//584
f 416//582 419//582 411//582
f 409//1 420//1 415//1
f 421//585 418//585 415//585
f 420//585 421//585 415//585
f 422//1 406//1 410//1
f 423//586 422//586 410//586
f 419//584 423//584 410//584
f 409//1 424//1 420//1
f 425//587 421//587 420//587
f 424//587 425//587 420//587
f 241//588 240//588 406//588
f 426//589 241//589 406//589
f 422//1 427//1 406//1
f 427//590 426//590 406//590
f 428//1 424//1 409//1
f 408//591 429//591 409//591
f 429//592 428//592 409//592
f 430//1 431//1 422//1
f 431//1 427//1 422//1
f 432//593 430//593 422//593
f 423//586 432//586 422//586
f 428//1 433//1 424//1
f 433//1 434//1 424//1
f 434//1 435//1 424//1
f 435//1 436//1 424//1
f 437//594 425//594 424//594
f 436//594 437//594 424//594
f 429//595 433//595 428//595
f 438//596 426//596 427//596
f 431//597 438//597 427//597
f 439//1 440//1 430//1
f 440//1 441//1 430//1
f 441//1 442//1 430//1
f 442//1 443//1 430//1
f 443//1 444//1 430//1
f 444//1 431//1 430//1
f 445//598 439//598 430//598
f 432//593 445//593 430//593
f 446//1 447//1 436//1
f 435//1 448//1 436//1
f 448//1 446//1 436//1
f 449//599 437//599 436//599
f 447//599 449//599 436//599
f 444//600 450//600 431//600
f 450//601 438//601 431//601
f 429//602 451//602 433//602
f 451//603 434//603 433//603
f 452//1 453//1 439//1
f 453//1 454//1 439//1
f 454//1 455//1 439//1
f 456//1 457//1 439//1
f 457//1 458//1 439//1
f 458//1 452//1 439//1
f 455//1 459//1 439//1
f 459//1 460//1 439//1
f 460//1 440//1 439//1
f 461//604 456//604 439//604
f 445//598 461//598 439//598
f 462//1 463//1 447//1
f 463//1 464//1 447//1
f 464//1 465//1 447//1
f 465//1 466//1 447//1
f 466//1 467//1 447//1
f 467//1 456//1 447//1
f 446//1 468//1 447//1
f 468//1 462//1 447//1
f 469//605 449//605 447//605
f 456//605 469//605 447//605
f 461//604 469//604 456//604
f 467//1 457//1 456//1
f 451//606 470//606 434//606
f 470//607 471//607 434//607
f 471//608 435//608 434//608
f 443//609 472//609 444//609
f 472//610 450//610 444//610
f 442//611 473//611 443//611
f 473//612 472//612 443//612
f 471//613 474//613 435//613
f 474//614 448//614 435//614
f 441//615 473//615 442//615
f 474//616 475//616 448//616
f 475//617 446//617 448//617
f 440//618 476//618 441//618
f 476//619 473//619 441//619
f 460//620 476//620 440//620
f 475//621 477//621 446//621
f 477//622 468//622 446//622
f 477//622 462//622 468//622
f 478//623 476//623 460//623
f 459//624 478//624 460//624
f 455//625 479//625 459//625
f 479//626 478//626 459//626
f 480//627 463//627 462//627
f 477//628 480//628 462//628
f 481//629 464//629 463//629
f 482//630 481//630 463//630
f 480//631 482//631 463//631
f 454//632 479//632 455//632
f 483//633 479//633 454//633
f 453//634 483//634 454//634
f 484//635 465//635 464//635
f 481//636 484//636 464//636
f 485//637 483//637 453//637
f 452//638 485//638 453//638
f 484//635 466//635 465//635
f 486//639 485//639 452//639
f 458//640 486//640 452//640
f 487//641 467//641 466//641
f 484//642 487//642 466//642
f 457//640 486//640 458//640
f 488//643 457//643 467//643
f 487//644 488//644 467//644
f 488//645 486//645 457//645
f 489//646 241//646 426//646
f 438//647 489//647 426//647
f 407//648 429//648 408//648
f 490//649 491//649 438//649
f 491//647 489//647 438//647
f 450//650 490//650 438//650
f 407//648 492//648 429//648
f 492//651 451//651 429//651
f 492//652 470//652 451//652
f 472//653 490//653 450//653
f 493//654 471//654 470//654
f 492//655 493//655 470//655
f 494//656 490//656 472//656
f 473//657 494//657 472//657
f 493//658 474//658 471//658
f 495//659 494//659 473//659
f 476//660 495//660 473//660
f 496//661 475//661 474//661
f 493//662 496//662 474//662
f 497//663 495//663 476//663
f 478//663 497//663 476//663
f 498//664 477//664 475//664
f 496//661 498//661 475//661
f 499//665 497//665 478//665
f 479//666 499//666 478//666
f 500//667 480//667 477//667
f 498//664 500//664 477//664
f 500//668 482//668 480//668
f 483//669 499//669 479//669
f 501//670 481//670 482//670
f 500//671 501//671 482//671
f 502//672 499//672 483//672
f 485//673 502//673 483//673
f 501//674 484//674 481//674
f 503//675 502//675 485//675
f 486//676 503//676 485//676
f 504//677 487//677 484//677
f 501//678 504//678 484//678
f 505//679 503//679 486//679
f 488//679 505//679 486//679
f 506//680 488//680 487//680
f 504//681 506//681 487//681
f 506//680 505//680 488//680
f 242//682 407//682 244//682
f 489//683 231//683 241//683
f 507//684 232//684 231//684
f 489//685 508//685 231//685
f 508//686 507//686 231//686
f 236//687 407//687 242//687
f 509//688 407//688 236//688
f 237//689 509//689 236//689
f 491//690 508//690 489//690
f 509//691 492//691 407//691
f 510//692 509//692 237//692
f 234//693 510//693 237//693
f 491//694 507//694 508//694
f 510//695 492//695 509//695
f 511//696 512//696 491//696
f 512//697 507//697 491//697
f 490//696 511//696 491//696
f 510//698 513//698 492//698
f 513//699 493//699 492//699
f 494//700 514//700 490//700
f 514//700 511//700 490//700
f 515//701 496//701 493//701
f 513//699 515//699 493//699
f 516//702 514//702 494//702
f 495//702 516//702 494//702
f 517//703 498//703 496//703
f 515//701 517//701 496//701
f 518//704 516//704 495//704
f 497//704 518//704 495//704
f 517//703 519//703 498//703
f 519//705 500//705 498//705
f 520//706 518//706 497//706
f 499//706 520//706 497//706
f 521//707 501//707 500//707
f 519//705 521//705 500//705
f 522//708 520//708 499//708
f 502//708 522//708 499//708
f 523//709 504//709 501//709
f 521//707 523//707 501//707
f 524//710 522//710 502//710
f 503//710 524//710 502//710
f 525//711 506//711 504//711
f 523//709 525//709 504//709
f 526//712 524//712 503//712
f 505//712 526//712 503//712
f 527//713 505//713 506//713
f 525//711 527//711 506//711
f 527//713 526//713 505//713
f 507//714 230//714 232//714
f 233//715 510//715 234//715
f 528//716 510//716 233//716
f 529//717 528//717 233//717
f 235//718 529//718 233//718
f 507//719 225//719 230//719
f 226//720 225//720 507//720
f 530//721 226//721 507//721
f 512//722 530//722 507//722
f 528//723 513//723 510//723
f 227//724 226//724 530//724
f 531//725 227//725 530//725
f 512//726 531//726 530//726
f 529//727 513//727 528//727
f 532//728 531//728 512//728
f 533//729 532//729 512//729
f 511//730 533//730 512//730
f 529//731 534//731 513//731
f 534//732 515//732 513//732
f 535//733 533//733 511//733
f 514//734 535//734 511//734
f 536//735 517//735 515//735
f 534//736 536//736 515//736
f 516//737 537//737 514//737
f 537//738 535//738 514//738
f 538//739 519//739 517//739
f 536//740 538//740 517//740
f 539//741 537//741 516//741
f 518//741 539//741 516//741
f 540//742 521//742 519//742
f 538//743 540//743 519//743
f 541//744 539//744 518//744
f 520//745 541//745 518//745
f 542//746 523//746 521//746
f 540//742 542//742 521//742
f 543//747 541//747 520//747
f 522//748 543//748 520//748
f 544//749 525//749 523//749
f 542//750 544//750 523//750
f 545//751 543//751 522//751
f 524//752 545//752 522//752
f 546//753 527//753 525//753
f 544//754 546//754 525//754
f 547//755 545//755 524//755
f 526//756 547//756 524//756
f 548//757 526//757 527//757
f 546//758 548//758 527//758
f 548//759 547//759 526//759
f 228//760 529//760 235//760
f 404//761 194//761 193//761
f 549//762 224//762 227//762
f 531//763 549//763 227//763
f 229//764 550//764 228//764
f 550//765 529//765 228//765
f 532//766 549//766 531//766
f 550//767 534//767 529//767
f 551//768 224//768 549//768
f 552//769 551//769 549//769
f 532//770 552//770 549//770
f 229//771 553//771 550//771
f 553//772 534//772 550//772
f 554//773 552//773 532//773
f 533//774 554//774 532//774
f 555//775 556//775 534//775
f 553//776 555//776 534//776
f 556//777 536//777 534//777
f 535//778 557//778 533//778
f 557//779 558//779 533//779
f 558//780 554//780 533//780
f 559//781 538//781 536//781
f 556//782 559//782 536//782
f 560//783 561//783 535//783
f 561//784 557//784 535//784
f 537//785 560//785 535//785
f 559//786 562//786 538//786
f 563//787 540//787 538//787
f 562//781 563//781 538//781
f 564//788 565//788 537//788
f 539//789 564//789 537//789
f 565//790 560//790 537//790
f 563//791 566//791 540//791
f 566//792 567//792 540//792
f 567//793 542//793 540//793
f 568//794 564//794 539//794
f 541//795 568//795 539//795
f 569//796 544//796 542//796
f 567//797 570//797 542//797
f 570//798 569//798 542//798
f 543//799 571//799 541//799
f 571//800 572//800 541//800
f 572//801 568//801 541//801
f 569//802 573//802 544//802
f 573//803 546//803 544//803
f 545//804 574//804 543//804
f 574//805 575//805 543//805
f 575//806 571//806 543//806
f 576//807 548//807 546//807
f 573//808 577//808 546//808
f 577//809 576//809 546//809
f 547//810 578//810 545//810
f 578//811 579//811 545//811
f 579//812 574//812 545//812
f 576//813 580//813 548//813
f 580//814 581//814 548//814
f 581//815 547//815 548//815
f 581//816 578//816 547//816
f 223//817 553//817 229//817
f 551//280 582//280 224//280
f 582//280 583//280 224//280
f 583//280 584//280 224//280
f 584//818 386//818 224//818
f 388//245 553//245 223//245
f 552//819 585//819 551//819
f 585//819 582//819 551//819
f 388//245 586//245 553//245
f 586//820 555//820 553//820
f 554//821 587//821 552//821
f 587//821 585//821 552//821
f 586//820 588//820 555//820
f 588//822 556//822 555//822
f 558//821 589//821 554//821
f 589//821 587//821 554//821
f 588//822 590//822 556//822
f 590//822 559//822 556//822
f 557//823 591//823 558//823
f 591//823 589//823 558//823
f 590//822 592//822 559//822
f 592//824 562//824 559//824
f 561//823 593//823 557//823
f 593//823 591//823 557//823
f 592//824 594//824 562//824
f 594//824 563//824 562//824
f 560//825 595//825 561//825
f 595//825 593//825 561//825
f 594//824 596//824 563//824
f 596//826 566//826 563//826
f 565//827 597//827 560//827
f 597//827 595//827 560//827
f 596//826 598//826 566//826
f 598//828 567//828 566//828
f 564//829 599//829 565//829
f 599//829 597//829 565//829
f 598//828 600//828 567//828
f 600//830 570//830 567//830
f 568//831 601//831 564//831
f 601//831 599//831 564//831
f 600//830 602//830 570//830
f 602//832 569//832 570//832
f 572//833 603//833 568//833
f 603//833 601//833 568//833
f 602//832 604//832 569//832
f 604//834 573//834 569//834
f 571//835 605//835 572//835
f 605//835 603//835 572//835
f 604//834 606//834 573//834
f 606//836 577//836 573//836
f 575//837 607//837 571//837
f 607//838 605//838 571//838
f 606//836 608//836 577//836
f 608//839 576//839 577//839
f 574//840 609//840 575//840
f 609//840 607//840 575//840
f 608//839 610//839 576//839
f 610//841 580//841 576//841
f 579//842 611//842 574//842
f 611//842 609//842 574//842
f 610//841 612//841 580//841
f 612//843 581//843 580//843
f 578//844 613//844 579//844
f 613//844 611//844 579//844
f 612//843 614//843 581//843
f 614//845 578//845 581//845
f 614//845 613//845 578//845
f 404//846 200//846 194//846
f 615//847 616//847 404//847
f 405//848 615//848 404//848
f 616//849 201//849 404//849
f 201//850 200//850 404//850
f 617//280 618//280 583//280
f 618//280 619//280 583//280
f 619//280 620//280 583//280
f 620//280 621//280 583//280
f 621//851 622//851 583//851
f 622//852 584//852 583//852
f 623//853 617//853 583//853
f 582//854 623//854 583//854
f 624//245 625//245 388//245
f 387//245 626//245 388//245
f 626//245 624//245 388//245
f 627//245 628//245 388//245
f 629//245 627//245 388//245
f 625//245 629//245 388//245
f 630//855 586//855 388//855
f 628//856 630//856 388//856
f 631//857 623//857 582//857
f 585//858 631//858 582//858
f 632//859 588//859 586//859
f 630//860 632//860 586//860
f 587//861 633//861 585//861
f 633//862 631//862 585//862
f 632//863 634//863 588//863
f 634//864 590//864 588//864
f 635//865 633//865 587//865
f 589//865 635//865 587//865
f 634//866 592//866 590//866
f 636//867 635//867 589//867
f 591//868 636//868 589//868
f 637//869 594//869 592//869
f 634//866 637//866 592//866
f 593//870 636//870 591//870
f 638//871 596//871 594//871
f 637//872 638//872 594//872
f 639//873 636//873 593//873
f 595//874 639//874 593//874
f 638//875 598//875 596//875
f 597//876 639//876 595//876
f 640//877 600//877 598//877
f 638//878 640//878 598//878
f 641//879 639//879 597//879
f 599//879 641//879 597//879
f 642//880 602//880 600//880
f 640//880 642//880 600//880
f 643//881 641//881 599//881
f 601//881 643//881 599//881
f 642//882 604//882 602//882
f 603//883 643//883 601//883
f 644//884 606//884 604//884
f 642//885 644//885 604//885
f 605//886 643//886 603//886
f 644//887 608//887 606//887
f 645//888 643//888 605//888
f 607//889 645//889 605//889
f 646//890 610//890 608//890
f 644//891 646//891 608//891
f 647//892 645//892 607//892
f 609//893 647//893 607//893
f 646//894 612//894 610//894
f 611//895 647//895 609//895
f 648//896 614//896 612//896
f 646//897 648//897 612//897
f 649//898 647//898 611//898
f 613//898 649//898 611//898
f 648//899 613//899 614//899
f 648//899 649//899 613//899
f 403//848 615//848 405//848
f 616//900 178//900 201//900
f 650//901 623//901 631//901
f 651//902 650//902 631//902
f 633//858 651//858 631//858
f 652//859 634//859 632//859
f 653//903 652//903 632//903
f 630//904 653//904 632//904
f 650//905 654//905 623//905
f 654//853 617//853 623//853
f 628//906 653//906 630//906
f 655//907 654//907 650//907
f 651//908 655//908 650//908
f 656//909 657//909 653//909
f 657//910 652//910 653//910
f 628//856 656//856 653//856
f 402//911 658//911 403//911
f 658//912 615//912 403//912
f 659//913 660//913 651//913
f 660//914 655//914 651//914
f 633//915 659//915 651//915
f 661//916 634//916 652//916
f 657//917 661//917 652//917
f 662//918 659//918 633//918
f 663//919 662//919 633//919
f 635//919 663//919 633//919
f 661//920 664//920 634//920
f 664//921 637//921 634//921
f 636//922 665//922 635//922
f 665//923 663//923 635//923
f 666//924 638//924 637//924
f 664//921 666//921 637//921
f 667//925 665//925 636//925
f 639//926 667//926 636//926
f 668//927 640//927 638//927
f 666//928 668//928 638//928
f 669//929 667//929 639//929
f 641//929 669//929 639//929
f 668//930 670//930 640//930
f 670//931 642//931 640//931
f 671//932 669//932 641//932
f 643//933 671//933 641//933
f 672//934 644//934 642//934
f 670//931 672//931 642//931
f 673//935 671//935 643//935
f 645//936 673//936 643//936
f 672//937 674//937 644//937
f 674//938 646//938 644//938
f 675//939 673//939 645//939
f 647//939 675//939 645//939
f 676//940 648//940 646//940
f 674//941 676//941 646//941
f 677//942 675//942 647//942
f 649//943 677//943 647//943
f 676//940 678//940 648//940
f 678//944 649//944 648//944
f 678//945 677//945 649//945
f 180//946 179//946 616//946
f 179//947 178//947 616//947
f 615//948 679//948 616//948
f 679//949 680//949 616//949
f 680//950 180//950 616//950
f 656//951 681//951 657//951
f 681//952 661//952 657//952
f 399//911 658//911 402//911
f 660//953 654//953 655//953
f 682//954 683//954 659//954
f 683//955 660//955 659//955
f 662//918 682//918 659//918
f 684//920 664//920 661//920
f 681//956 684//956 661//956
f 683//957 654//957 660//957
f 656//951 685//951 681//951
f 685//958 684//958 681//958
f 656//959 686//959 685//959
f 686//960 684//960 685//960
f 687//961 688//961 682//961
f 688//962 683//962 682//962
f 662//963 687//963 682//963
f 689//964 664//964 684//964
f 686//965 689//965 684//965
f 690//966 687//966 662//966
f 691//967 690//967 662//967
f 663//968 691//968 662//968
f 689//969 692//969 664//969
f 692//970 666//970 664//970
f 665//971 693//971 663//971
f 693//972 691//972 663//972
f 694//973 668//973 666//973
f 692//974 694//974 666//974
f 695//975 693//975 665//975
f 667//976 695//976 665//976
f 696//977 670//977 668//977
f 694//978 696//978 668//978
f 697//979 695//979 667//979
f 669//979 697//979 667//979
f 698//980 672//980 670//980
f 696//981 698//981 670//981
f 699//982 697//982 669//982
f 671//983 699//983 669//983
f 698//980 700//980 672//980
f 700//984 674//984 672//984
f 701//985 699//985 671//985
f 673//986 701//986 671//986
f 700//987 702//987 674//987
f 702//988 676//988 674//988
f 703//989 701//989 673//989
f 675//990 703//990 673//990
f 704//991 678//991 676//991
f 702//992 704//992 676//992
f 705//993 703//993 675//993
f 677//994 705//994 675//994
f 704//995 706//995 678//995
f 706//996 677//996 678//996
f 706//997 705//997 677//997
f 658//998 707//998 615//998
f 707//999 679//999 615//999
f 708//1000 654//1000 683//1000
f 688//1001 708//1001 683//1001
f 709//1002 710//1002 687//1002
f 710//1003 711//1003 687//1003
f 711//1004 688//1004 687//1004
f 690//1005 709//1005 687//1005
f 712//1006 692//1006 689//1006
f 713//1007 714//1007 689//1007
f 714//1008 712//1008 689//1008
f 686//1009 713//1009 689//1009
f 715//1010 708//1010 688//1010
f 711//1011 715//1011 688//1011
f 716//1012 713//1012 686//1012
f 656//1013 716//1013 686//1013
f 716//1014 717//1014 713//1014
f 717//1015 714//1015 713//1015
f 710//1016 715//1016 711//1016
f 717//1017 718//1017 714//1017
f 718//1018 719//1018 714//1018
f 719//1019 712//1019 714//1019
f 398//1020 720//1020 399//1020
f 720//1021 658//1021 399//1021
f 721//1022 722//1022 709//1022
f 722//1023 710//1023 709//1023
f 723//1024 721//1024 709//1024
f 690//1024 723//1024 709//1024
f 719//1025 692//1025 712//1025
f 724//1026 723//1026 690//1026
f 691//1027 724//1027 690//1027
f 719//1025 725//1025 692//1025
f 725//1028 694//1028 692//1028
f 693//1029 726//1029 691//1029
f 726//1029 724//1029 691//1029
f 727//1030 696//1030 694//1030
f 725//1028 727//1028 694//1028
f 728//1031 726//1031 693//1031
f 695//1031 728//1031 693//1031
f 729//1032 698//1032 696//1032
f 727//1030 729//1030 696//1030
f 730//1033 728//1033 695//1033
f 697//1033 730//1033 695//1033
f 731//1034 700//1034 698//1034
f 729//1032 731//1032 698//1032
f 732//1035 730//1035 697//1035
f 699//1035 732//1035 697//1035
f 731//1034 733//1034 700//1034
f 733//1036 702//1036 700//1036
f 734//1037 732//1037 699//1037
f 701//1037 734//1037 699//1037
f 733//1036 735//1036 702//1036
f 735//1038 704//1038 702//1038
f 736//1039 734//1039 701//1039
f 703//1039 736//1039 701//1039
f 735//1038 737//1038 704//1038
f 737//1040 706//1040 704//1040
f 738//1041 736//1041 703//1041
f 705//1041 738//1041 703//1041
f 737//1040 739//1040 706//1040
f 739//1042 705//1042 706//1042
f 739//1042 738//1042 705//1042
f 740//1043 715//1043 710//1043
f 722//1044 740//1044 710//1044
f 741//1045 740//1045 722//1045
f 742//1046 741//1046 722//1046
f 721//1047 742//1047 722//1047
f 743//1048 744//1048 718//1048
f 717//1049 743//1049 718//1049
f 744//1047 719//1047 718//1047
f 745//1050 741//1050 742//1050
f 746//1051 745//1051 742//1051
f 721//1047 746//1047 742//1047
f 747//1052 748//1052 744//1052
f 749//1053 747//1053 744//1053
f 743//1054 749//1054 744//1054
f 748//1047 719//1047 744//1047
f 750//1055 745//1055 746//1055
f 751//1056 750//1056 746//1056
f 423//1047 751//1047 746//1047
f 432//1047 423//1047 746//1047
f 721//1047 432//1047 746//1047
f 752//1057 753//1057 748//1057
f 753//1057 754//1057 748//1057
f 747//1058 752//1058 748//1058
f 421//1047 719//1047 748//1047
f 754//1047 421//1047 748//1047
f 755//1059 756//1059 751//1059
f 756//1056 750//1056 751//1056
f 423//1047 755//1047 751//1047
f 753//1060 757//1060 754//1060
f 757//1060 758//1060 754//1060
f 418//1047 421//1047 754//1047
f 758//1047 418//1047 754//1047
f 759//1059 756//1059 755//1059
f 758//320 757//320 755//320
f 757//320 759//320 755//320
f 423//1047 419//1047 755//1047
f 419//1047 416//1047 755//1047
f 416//1047 758//1047 755//1047
f 417//1047 418//1047 758//1047
f 416//1047 417//1047 758//1047
f 425//1047 719//1047 421//1047
f 723//1047 432//1047 721//1047
f 425//1047 725//1047 719//1047
f 724//1047 445//1047 432//1047
f 723//1047 724//1047 432//1047
f 437//1047 727//1047 425//1047
f 727//1047 725//1047 425//1047
f 728//1047 461//1047 445//1047
f 726//1047 728//1047 445//1047
f 724//1047 726//1047 445//1047
f 449//1047 731//1047 437//1047
f 731//1047 729//1047 437//1047
f 729//1047 727//1047 437//1047
f 736//1047 469//1047 461//1047
f 730//1047 732//1047 461//1047
f 732//1047 734//1047 461//1047
f 734//1047 736//1047 461//1047
f 728//1047 730//1047 461//1047
f 469//1047 739//1047 449//1047
f 739//1047 737//1047 449//1047
f 737//1047 735//1047 449//1047
f 735//1047 733//1047 449//1047
f 733//1047 731//1047 449//1047
f 736//1047 738//1047 469//1047
f 738//1047 739//1047 469//1047
f 393//1061 720//1061 398//1061
f 392//1062 720//1062 393//1062
f 680//1063 181//1063 180//1063
f 760//1064 181//1064 680//1064
f 679//1065 760//1065 680//1065
f 760//245 182//245 181//245
f 761//1066 394//1066 395//1066
f 136//173 761//173 395//173
f 761//1067 389//1067 394//1067
f 362//1068 720//1068 392//1068
f 720//1069 707//1069 658//1069
f 182//1070 760//1070 679//1070
f 762//1071 182//1071 679//1071
f 763//1072 762//1072 679//1072
f 764//1073 763//1073 679//1073
f 707//1074 764//1074 679//1074
f 765//1075 387//1075 389//1075
f 766//1076 765//1076 389//1076
f 761//1077 766//1077 389//1077
f 584//1078 767//1078 386//1078
f 767//1079 768//1079 386//1079
f 768//1080 769//1080 386//1080
f 769//1081 385//1081 386//1081
f 765//1082 626//1082 387//1082
f 769//1083 770//1083 385//1083
f 770//1084 384//1084 385//1084
f 769//1085 771//1085 770//1085
f 771//1086 384//1086 770//1086
f 772//1087 766//1087 761//1087
f 136//173 772//173 761//173
f 768//1088 771//1088 769//1088
f 768//1089 773//1089 771//1089
f 773//1090 384//1090 771//1090
f 765//1091 624//1091 626//1091
f 773//1092 369//1092 384//1092
f 768//1093 774//1093 773//1093
f 774//1094 369//1094 773//1094
f 775//1095 776//1095 772//1095
f 776//1096 777//1096 772//1096
f 777//1097 766//1097 772//1097
f 778//173 775//173 772//173
f 779//173 780//173 772//173
f 780//173 781//173 772//173
f 781//173 782//173 772//173
f 782//173 783//173 772//173
f 783//173 784//173 772//173
f 784//173 785//173 772//173
f 785//173 786//173 772//173
f 786//173 778//173 772//173
f 136//1098 779//1098 772//1098
f 720//1099 787//1099 707//1099
f 787//1100 764//1100 707//1100
f 362//1101 361//1101 720//1101
f 361//1102 787//1102 720//1102
f 774//1103 368//1103 369//1103
f 788//1104 371//1104 372//1104
f 374//1105 788//1105 372//1105
f 373//1106 789//1106 374//1106
f 789//1107 788//1107 374//1107
f 788//1108 370//1108 371//1108
f 368//1109 789//1109 373//1109
f 774//1110 789//1110 368//1110
f 788//1111 790//1111 370//1111
f 790//1112 366//1112 370//1112
f 790//1113 359//1113 366//1113
f 774//1114 788//1114 789//1114
f 762//1115 183//1115 182//1115
f 360//1116 791//1116 361//1116
f 791//1117 792//1117 361//1117
f 792//1118 787//1118 361//1118
f 790//1113 357//1113 359//1113
f 793//1119 358//1119 357//1119
f 790//1120 793//1120 357//1120
f 793//1121 353//1121 358//1121
f 762//1122 195//1122 183//1122
f 196//1123 195//1123 762//1123
f 794//1124 196//1124 762//1124
f 763//1125 794//1125 762//1125
f 777//1126 765//1126 766//1126
f 787//1127 795//1127 764//1127
f 795//1128 763//1128 764//1128
f 793//1129 796//1129 353//1129
f 796//1130 354//1130 353//1130
f 767//1131 774//1131 768//1131
f 792//1132 797//1132 787//1132
f 797//1133 795//1133 787//1133
f 776//1134 798//1134 777//1134
f 798//1135 765//1135 777//1135
f 799//1136 800//1136 774//1136
f 767//1137 799//1137 774//1137
f 800//1138 788//1138 774//1138
f 796//1139 345//1139 354//1139
f 796//1140 344//1140 345//1140
f 801//1141 337//1141 344//1141
f 796//1142 801//1142 344//1142
f 788//1143 793//1143 790//1143
f 622//1144 767//1144 584//1144
f 778//1145 802//1145 775//1145
f 802//1146 776//1146 775//1146
f 801//1147 336//1147 337//1147
f 765//1148 625//1148 624//1148
f 803//1149 804//1149 778//1149
f 804//1150 802//1150 778//1150
f 786//1151 803//1151 778//1151
f 795//1152 805//1152 763//1152
f 805//1153 794//1153 763//1153
f 794//1154 197//1154 196//1154
f 801//1155 360//1155 336//1155
f 801//1156 791//1156 360//1156
f 801//1157 792//1157 791//1157
f 793//1158 801//1158 796//1158
f 622//1159 799//1159 767//1159
f 798//1160 625//1160 765//1160
f 801//1161 797//1161 792//1161
f 802//1162 798//1162 776//1162
f 799//1163 806//1163 800//1163
f 806//1164 788//1164 800//1164
f 622//1165 807//1165 799//1165
f 807//1166 808//1166 799//1166
f 808//1167 809//1167 799//1167
f 809//1168 806//1168 799//1168
f 810//1169 629//1169 798//1169
f 629//1170 625//1170 798//1170
f 802//1171 804//1171 798//1171
f 804//1172 810//1172 798//1172
f 621//1173 807//1173 622//1173
f 811//1174 805//1174 795//1174
f 797//1175 812//1175 795//1175
f 812//1176 811//1176 795//1176
f 813//1177 198//1177 197//1177
f 794//1178 813//1178 197//1178
f 808//1179 814//1179 788//1179
f 806//1180 809//1180 788//1180
f 809//1180 808//1180 788//1180
f 814//1181 793//1181 788//1181
f 815//1182 816//1182 794//1182
f 816//1183 813//1183 794//1183
f 805//1184 817//1184 794//1184
f 817//1185 815//1185 794//1185
f 801//1186 818//1186 797//1186
f 818//1187 812//1187 797//1187
f 819//1188 810//1188 804//1188
f 803//1189 819//1189 804//1189
f 818//1190 811//1190 812//1190
f 820//1191 817//1191 805//1191
f 821//1192 820//1192 805//1192
f 811//1193 822//1193 805//1193
f 822//1194 821//1194 805//1194
f 814//1195 823//1195 793//1195
f 823//1196 801//1196 793//1196
f 818//1197 822//1197 811//1197
f 786//1198 819//1198 803//1198
f 620//1199 807//1199 621//1199
f 816//1200 198//1200 813//1200
f 815//1201 198//1201 816//1201
f 823//1202 818//1202 801//1202
f 785//1203 824//1203 786//1203
f 824//1204 825//1204 786//1204
f 825//1205 819//1205 786//1205
f 826//1206 821//1206 822//1206
f 818//1207 826//1207 822//1207
f 810//1208 627//1208 629//1208
f 827//1209 828//1209 817//1209
f 829//1210 827//1210 817//1210
f 820//1211 829//1211 817//1211
f 830//1212 831//1212 817//1212
f 828//1213 830//1213 817//1213
f 831//1214 815//1214 817//1214
f 826//1215 820//1215 821//1215
f 832//1216 833//1216 814//1216
f 834//1217 832//1217 814//1217
f 808//1217 835//1217 814//1217
f 835//1218 834//1218 814//1218
f 833//1219 823//1219 814//1219
f 826//1220 829//1220 820//1220
f 199//1221 198//1221 815//1221
f 831//1222 199//1222 815//1222
f 826//1223 827//1223 829//1223
f 830//1224 199//1224 831//1224
f 807//1225 835//1225 808//1225
f 836//1226 199//1226 830//1226
f 828//1227 836//1227 830//1227
f 825//1228 810//1228 819//1228
f 826//1229 837//1229 827//1229
f 837//1230 828//1230 827//1230
f 837//1231 838//1231 828//1231
f 838//1232 836//1232 828//1232
f 833//1233 839//1233 823//1233
f 839//1234 818//1234 823//1234
f 839//1235 826//1235 818//1235
f 824//1236 840//1236 825//1236
f 840//1237 810//1237 825//1237
f 807//1238 834//1238 835//1238
f 838//1239 199//1239 836//1239
f 784//1240 841//1240 785//1240
f 841//1241 824//1241 785//1241
f 841//1242 840//1242 824//1242
f 842//1243 832//1243 834//1243
f 807//1244 842//1244 834//1244
f 620//1245 619//1245 807//1245
f 619//1246 842//1246 807//1246
f 840//1247 843//1247 810//1247
f 843//1248 627//1248 810//1248
f 844//1249 845//1249 842//1249
f 619//1250 618//1250 842//1250
f 618//1251 844//1251 842//1251
f 846//1252 832//1252 842//1252
f 845//1253 847//1253 842//1253
f 847//1254 848//1254 842//1254
f 848//1255 846//1255 842//1255
f 849//1256 850//1256 840//1256
f 850//1257 843//1257 840//1257
f 851//1258 852//1258 840//1258
f 852//1259 853//1259 840//1259
f 853//1260 849//1260 840//1260
f 854//1261 855//1261 840//1261
f 855//1262 856//1262 840//1262
f 856//1263 851//1263 840//1263
f 841//1264 857//1264 840//1264
f 857//1265 854//1265 840//1265
f 783//1266 858//1266 784//1266
f 858//1267 857//1267 784//1267
f 857//1267 841//1267 784//1267
f 848//1268 859//1268 833//1268
f 846//1269 848//1269 833//1269
f 832//1270 846//1270 833//1270
f 859//1271 839//1271 833//1271
f 860//1272 837//1272 826//1272
f 839//1273 860//1273 826//1273
f 859//1274 860//1274 839//1274
f 861//1275 199//1275 838//1275
f 837//1276 861//1276 838//1276
f 862//1276 863//1276 837//1276
f 863//1277 861//1277 837//1277
f 864//1278 862//1278 837//1278
f 860//1279 864//1279 837//1279
f 782//1280 865//1280 783//1280
f 865//1281 858//1281 783//1281
f 863//1282 199//1282 861//1282
f 863//1283 171//1283 199//1283
f 843//245 628//245 627//245
f 858//1284 854//1284 857//1284
f 862//1285 171//1285 863//1285
f 781//1286 866//1286 782//1286
f 866//1287 867//1287 782//1287
f 867//1288 865//1288 782//1288
f 617//1289 844//1289 618//1289
f 850//1290 628//1290 843//1290
f 868//1291 869//1291 617//1291
f 654//1292 868//1292 617//1292
f 869//1293 844//1293 617//1293
f 870//1294 656//1294 628//1294
f 850//1295 870//1295 628//1295
f 708//1296 868//1296 654//1296
f 870//1297 871//1297 656//1297
f 871//1298 716//1298 656//1298
f 715//1299 872//1299 708//1299
f 872//1300 868//1300 708//1300
f 871//1301 873//1301 716//1301
f 873//1302 717//1302 716//1302
f 874//1299 872//1299 715//1299
f 740//1303 874//1303 715//1303
f 873//1304 743//1304 717//1304
f 875//1305 874//1305 740//1305
f 741//1306 875//1306 740//1306
f 873//1307 876//1307 743//1307
f 876//1308 749//1308 743//1308
f 745//1309 875//1309 741//1309
f 877//1310 747//1310 749//1310
f 876//1311 877//1311 749//1311
f 750//1312 878//1312 745//1312
f 878//1313 875//1313 745//1313
f 879//1314 752//1314 747//1314
f 877//1315 879//1315 747//1315
f 880//1316 878//1316 750//1316
f 756//1317 880//1317 750//1317
f 879//1318 753//1318 752//1318
f 759//1319 881//1319 756//1319
f 881//1319 880//1319 756//1319
f 882//1320 757//1320 753//1320
f 879//1321 882//1321 753//1321
f 757//1322 881//1322 759//1322
f 882//1320 883//1320 757//1320
f 883//1322 881//1322 757//1322
f 884//1323 864//1323 860//1323
f 859//1324 884//1324 860//1324
f 847//1325 885//1325 859//1325
f 885//1326 886//1326 859//1326
f 886//1327 884//1327 859//1327
f 848//1328 847//1328 859//1328
f 887//1329 888//1329 869//1329
f 868//1330 887//1330 869//1330
f 889//1331 844//1331 869//1331
f 888//1332 889//1332 869//1332
f 890//1333 871//1333 870//1333
f 891//1334 890//1334 870//1334
f 849//1335 891//1335 870//1335
f 850//1336 849//1336 870//1336
f 872//1337 887//1337 868//1337
f 890//1338 873//1338 871//1338
f 880//1339 892//1339 878//1339
f 892//1340 875//1340 878//1340
f 877//1341 893//1341 879//1341
f 893//1342 882//1342 879//1342
f 881//1343 894//1343 880//1343
f 894//1344 895//1344 880//1344
f 895//1339 892//1339 880//1339
f 896//1345 897//1345 882//1345
f 897//1346 883//1346 882//1346
f 893//1347 896//1347 882//1347
f 883//1348 894//1348 881//1348
f 897//1348 894//1348 883//1348
f 872//1349 898//1349 887//1349
f 898//1350 899//1350 887//1350
f 899//1351 888//1351 887//1351
f 891//1334 900//1334 890//1334
f 900//1352 873//1352 890//1352
f 895//1353 901//1353 892//1353
f 901//1340 875//1340 892//1340
f 877//1354 902//1354 893//1354
f 902//1355 903//1355 893//1355
f 903//1356 896//1356 893//1356
f 904//1357 898//1357 872//1357
f 874//1357 904//1357 872//1357
f 900//1358 905//1358 873//1358
f 905//1359 876//1359 873//1359
f 906//1360 904//1360 874//1360
f 875//1361 906//1361 874//1361
f 905//1359 907//1359 876//1359
f 907//1362 877//1362 876//1362
f 901//1363 906//1363 875//1363
f 907//1362 902//1362 877//1362
f 862//1364 172//1364 171//1364
f 889//1365 845//1365 844//1365
f 862//1366 173//1366 172//1366
f 780//1367 908//1367 781//1367
f 908//1368 866//1368 781//1368
f 909//1369 173//1369 862//1369
f 864//1370 909//1370 862//1370
f 779//1371 910//1371 780//1371
f 910//1372 908//1372 780//1372
f 909//1373 154//1373 173//1373
f 899//1374 911//1374 888//1374
f 912//1375 889//1375 888//1375
f 911//1376 912//1376 888//1376
f 913//1377 900//1377 891//1377
f 853//1378 913//1378 891//1378
f 849//1379 853//1379 891//1379
f 912//1380 914//1380 889//1380
f 914//1381 845//1381 889//1381
f 865//1382 854//1382 858//1382
f 915//1370 909//1370 864//1370
f 916//1383 915//1383 864//1383
f 884//1384 916//1384 864//1384
f 915//1385 147//1385 154//1385
f 909//1386 915//1386 154//1386
f 917//1387 854//1387 865//1387
f 867//1388 917//1388 865//1388
f 918//1389 919//1389 845//1389
f 920//1390 918//1390 845//1390
f 921//1391 920//1391 845//1391
f 914//1392 921//1392 845//1392
f 919//1393 885//1393 845//1394
f 885//1395 847//1395 845//1395
f 917//1396 922//1396 854//1396
f 922//1397 855//1397 854//1397
f 918//1398 923//1398 919//1398
f 923//1399 924//1399 919//1399
f 924//1400 925//1400 919//1400
f 925//1401 926//1401 919//1401
f 926//1402 886//1402 919//1402
f 886//1403 885//1403 919//1403
f 927//1404 922//1404 917//1404
f 928//1405 927//1405 917//1405
f 929//1406 928//1406 917//1406
f 867//1407 866//1407 917//1407
f 866//1408 929//1408 917//1408
f 897//1409 930//1409 894//1409
f 930//1410 895//1410 894//1410
f 896//1411 931//1411 897//1411
f 931//1409 930//1409 897//1409
f 915//1412 146//1412 147//1412
f 932//1413 142//1413 146//1413
f 915//1414 932//1414 146//1414
f 932//1415 140//1415 142//1415
f 933//1416 916//1416 884//1416
f 934//1417 933//1417 884//1417
f 886//1418 935//1418 884//1418
f 935//1419 934//1419 884//1419
f 136//1420 936//1420 779//1420
f 936//1421 937//1421 779//1421
f 937//1422 910//1422 779//1422
f 135//1423 938//1423 136//1423
f 938//1424 936//1424 136//1424
f 932//1425 138//1425 140//1425
f 852//1426 913//1426 853//1426
f 932//1427 139//1427 138//1427
f 932//1428 137//1428 139//1428
f 932//1429 134//1429 137//1429
f 911//1430 914//1430 912//1430
f 938//1431 135//1431 134//1431
f 932//1432 938//1432 134//1432
f 899//1433 939//1433 911//1433
f 939//1434 914//1434 911//1434
f 940//1435 900//1435 913//1435
f 852//1436 940//1436 913//1436
f 898//1437 941//1437 899//1437
f 941//1438 942//1438 899//1438
f 942//1439 939//1439 899//1439
f 940//1435 943//1435 900//1435
f 943//1440 905//1440 900//1440
f 895//1441 944//1441 901//1441
f 944//1442 945//1442 901//1442
f 945//1443 906//1443 901//1443
f 902//1444 946//1444 903//1444
f 946//1445 947//1445 903//1445
f 947//1446 896//1446 903//1446
f 930//1447 948//1447 895//1447
f 948//1448 944//1448 895//1448
f 947//1446 949//1446 896//1446
f 949//1449 950//1449 896//1449
f 950//1450 931//1450 896//1450
f 931//1451 948//1451 930//1451
f 950//1451 948//1451 931//1451
f 951//1452 941//1452 898//1452
f 904//1452 951//1452 898//1452
f 943//1453 952//1453 905//1453
f 952//1454 907//1454 905//1454
f 953//1455 951//1455 904//1455
f 906//1455 953//1455 904//1455
f 952//1454 954//1454 907//1454
f 954//1456 902//1456 907//1456
f 945//1457 953//1457 906//1457
f 954//1456 946//1456 902//1456
f 916//1458 932//1458 915//1458
f 955//1459 956//1459 938//1459
f 957//1460 955//1460 938//1460
f 932//1460 957//1460 938//1460
f 956//1461 936//1461 938//1461
f 916//1462 957//1462 932//1462
f 933//1463 958//1463 916//1463
f 958//1464 955//1464 916//1464
f 955//1462 957//1462 916//1462
f 942//1465 959//1465 939//1465
f 959//1466 914//1466 939//1466
f 950//1467 960//1467 948//1467
f 960//1468 944//1468 948//1468
f 949//1469 961//1469 950//1469
f 961//1467 960//1467 950//1467
f 926//1470 935//1470 886//1470
f 962//1471 943//1471 940//1471
f 852//1472 962//1472 940//1472
f 959//1473 921//1473 914//1473
f 908//1474 929//1474 866//1474
f 963//1475 962//1475 852//1475
f 851//1476 963//1476 852//1476
f 926//1477 934//1477 935//1477
f 910//1478 929//1478 908//1478
f 964//1479 962//1479 963//1479
f 851//1480 964//1480 963//1480
f 959//1481 965//1481 921//1481
f 965//1482 920//1482 921//1482
f 937//1483 929//1483 910//1483
f 926//1484 933//1484 934//1484
f 925//1485 966//1485 926//1485
f 966//1486 967//1486 926//1486
f 967//1487 933//1487 926//1487
f 968//1488 928//1488 929//1488
f 937//1489 968//1489 929//1489
f 966//1490 969//1490 967//1490
f 969//1491 970//1491 967//1491
f 970//1492 971//1492 967//1492
f 958//1493 933//1493 967//1493
f 971//1494 958//1494 967//1494
f 972//1495 973//1495 968//1495
f 973//1496 974//1496 968//1496
f 974//1497 928//1497 968//1497
f 936//1498 972//1498 968//1498
f 937//1499 936//1499 968//1499
f 942//1500 965//1500 959//1500
f 964//1501 943//1501 962//1501
f 941//1502 975//1502 942//1502
f 975//1503 976//1503 942//1503
f 976//1504 965//1504 942//1504
f 964//1505 977//1505 943//1505
f 977//1506 952//1506 943//1506
f 944//1507 978//1507 945//1507
f 978//1508 953//1508 945//1508
f 946//1509 979//1509 947//1509
f 979//1510 980//1510 947//1510
f 980//1511 949//1511 947//1511
f 981//1512 982//1512 944//1512
f 960//1513 981//1513 944//1513
f 982//1514 978//1514 944//1514
f 983//1515 961//1515 949//1515
f 984//1516 983//1516 949//1516
f 980//1517 984//1517 949//1517
f 961//1518 981//1518 960//1518
f 983//1518 981//1518 961//1518
f 985//1519 975//1519 941//1519
f 951//1519 985//1519 941//1519
f 977//1520 986//1520 952//1520
f 986//1521 954//1521 952//1521
f 987//1522 985//1522 951//1522
f 953//1522 987//1522 951//1522
f 986//1521 988//1521 954//1521
f 988//1523 946//1523 954//1523
f 978//1524 987//1524 953//1524
f 988//1523 979//1523 946//1523
f 983//1518 989//1518 981//1518
f 989//1518 990//1518 981//1518
f 990//1512 982//1512 981//1512
f 984//1516 989//1516 983//1516
f 976//1525 991//1525 965//1525
f 992//1526 920//1526 965//1526
f 991//1527 992//1527 965//1527
f 993//1528 977//1528 964//1528
f 855//1529 993//1529 964//1529
f 856//1530 855//1530 964//1530
f 851//1530 856//1530 964//1530
f 971//1531 956//1531 955//1531
f 958//1532 971//1532 955//1532
f 992//1533 918//1533 920//1533
f 956//1534 972//1534 936//1534
f 991//1535 918//1535 992//1535
f 975//1536 994//1536 976//1536
f 994//1500 991//1500 976//1500
f 993//1505 995//1505 977//1505
f 995//1537 996//1537 977//1537
f 996//1538 986//1538 977//1538
f 982//1507 997//1507 978//1507
f 997//1539 998//1539 978//1539
f 998//1540 987//1540 978//1540
f 979//1541 999//1541 980//1541
f 999//1511 984//1511 980//1511
f 1000//1542 994//1542 975//1542
f 1001//1543 1000//1543 975//1543
f 985//1544 1001//1544 975//1545
f 996//1546 1002//1546 986//1546
f 1002//1547 988//1547 986//1547
f 1003//1548 1004//1548 985//1548
f 1004//1549 1001//1549 985//1549
f 987//1550 1003//1550 985//1550
f 1002//1551 1005//1551 988//1551
f 1005//1551 1006//1551 988//1551
f 1006//1552 979//1552 988//1553
f 998//1554 1003//1554 987//1554
f 1007//1555 999//1555 979//1555
f 1006//1556 1007//1556 979//1556
f 972//1047 956//1047 971//1047
f 970//1047 972//1047 971//1047
f 1000//1047 972//1047 970//1047
f 969//1047 1000//1047 970//1047
f 1000//1047 1001//1047 972//1047
f 1001//1047 1004//1047 972//1047
f 1004//1047 973//1047 972//1047
f 1004//1047 996//1047 973//1047
f 996//1047 974//1047 973//1047
f 966//1047 1000//1047 969//1047
f 996//1047 928//1047 974//1047
f 996//1047 927//1047 928//1047
f 925//1047 1000//1047 966//1047
f 924//1047 1000//1047 925//1047
f 996//1047 922//1047 927//1047
f 923//1047 1000//1047 924//1047
f 918//1047 1000//1047 923//1047
f 996//1047 993//1047 922//1047
f 993//1047 855//1047 922//1047
f 991//1047 1000//1047 918//1047
f 994//1047 1000//1047 991//1047
f 996//1047 995//1047 993//1047
f 1004//1047 1003//1047 996//1047
f 1003//1557 998//1557 996//1557
f 998//1047 1002//1047 996//1047
f 998//1047 1005//1047 1002//1047
f 998//1047 1006//1047 1005//1047
f 998//1047 1007//1047 1006//1047
f 989//1047 999//1047 1007//1047
f 990//1047 989//1047 1007//1047
f 998//1047 990//1047 1007//1047
f 997//1047 990//1047 998//1047
f 982//1047 990//1047 997//1047
f 989//1047 984//1047 999//1047
