# Blender 4.5.0
# www.blender.org
mtllib rl_dg_s_base.mtl
o rl_dg_base
v -0.008906 -0.008396 0.001000
v -0.007750 -0.008200 0.001000
v -0.008906 -0.015004 0.001000
v -0.007750 -0.015200 0.001000
v -0.001250 -0.008200 0.001000
v -0.000039 -0.008416 0.001000
v 0.001225 -0.009225 0.001000
v -0.010333 -0.009339 0.001000
v -0.011144 -0.010845 0.001000
v -0.011144 -0.012555 0.001000
v -0.010333 -0.014061 0.001000
v 0.002034 -0.010489 0.001000
v 0.002250 -0.011700 0.001000
v 0.002034 -0.012911 0.001000
v -0.001250 -0.015200 0.001000
v -0.000039 -0.014984 0.001000
v 0.001225 -0.014175 0.001000
v -0.007750 -0.008200 0.000000
v -0.001250 -0.008200 0.000000
v -0.000039 -0.008416 0.000000
v 0.001225 -0.009225 0.000000
v 0.002034 -0.010489 0.000000
v 0.002250 -0.011700 0.000000
v -0.001250 -0.015200 0.000000
v -0.007750 -0.015200 0.000000
v -0.008906 -0.015004 0.000000
v -0.010333 -0.014061 0.000000
v -0.011144 -0.012555 0.000000
v -0.011144 -0.010845 0.000000
v -0.010333 -0.009339 0.000000
v -0.008906 -0.008396 0.000000
v 0.034375 0.000000 0.000500
v 0.033875 0.000000 0.000000
v 0.034374 0.000259 0.000500
v 0.033369 0.005834 0.000000
v 0.033861 0.005920 0.000500
v 0.031951 0.011253 0.000000
v 0.032423 0.011419 0.000500
v 0.029660 0.016364 0.000000
v 0.030098 0.016606 0.000500
v 0.026558 0.021028 0.000000
v 0.026950 0.021339 0.000500
v 0.022730 0.025117 0.000000
v 0.023065 0.025488 0.000500
v 0.018280 0.028520 0.000000
v 0.018550 0.028940 0.000500
v 0.013330 0.031142 0.000000
v 0.013527 0.031602 0.000500
v 0.008016 0.032913 0.000000
v 0.008134 0.033399 0.000500
v 0.002482 0.033784 0.000000
v 0.002519 0.034283 0.000500
v -0.003119 0.033731 0.000000
v -0.003165 0.034229 0.000500
v -0.008635 0.032756 0.000000
v -0.008762 0.033239 0.000500
v -0.013915 0.030885 0.000000
v -0.014120 0.031341 0.000500
v -0.018814 0.028170 0.000000
v -0.019092 0.028586 0.000500
v -0.023199 0.024684 0.000000
v -0.023541 0.025049 0.000500
v -0.026950 0.020524 0.000000
v -0.027347 0.020827 0.000500
v -0.029963 0.015802 0.000000
v -0.030406 0.016035 0.000500
v -0.032158 0.010648 0.000000
v -0.032632 0.010806 0.000500
v -0.033473 0.005204 0.000000
v -0.033967 0.005280 0.000500
v -0.033875 0.000000 0.000000
v -0.034375 0.000000 0.000500
v -0.031688 -0.011974 0.000000
v -0.011144 -0.010845 0.000000
v -0.011144 -0.012555 0.000000
v -0.010333 -0.014061 0.000000
v -0.025759 -0.022000 0.000000
v -0.029158 -0.017244 0.000000
v -0.033275 -0.006348 0.000000
v -0.033871 -0.000532 0.000000
v -0.010333 -0.009339 0.000000
v 0.001225 -0.014175 0.000000
v 0.011475 -0.031872 0.000000
v -0.000039 -0.014984 0.000000
v 0.005824 -0.033371 0.000000
v 0.002034 -0.012911 0.000000
v 0.021593 -0.026101 0.000000
v 0.016784 -0.029425 0.000000
v 0.002034 -0.010489 0.000000
v 0.001225 -0.009225 0.000000
v -0.000039 -0.008416 0.000000
v 0.029158 -0.017244 0.000000
v 0.025759 -0.022000 0.000000
v 0.000000 -0.033875 0.000000
v -0.005824 -0.033371 0.000000
v -0.011475 -0.031872 0.000000
v -0.008906 -0.015004 0.000000
v -0.016784 -0.029425 0.000000
v -0.021593 -0.026101 0.000000
v 0.033871 -0.000532 0.000000
v 0.033275 -0.006348 0.000000
v 0.031688 -0.011974 0.000000
v 0.034375 0.000000 0.001000
v 0.034374 0.000259 0.001000
v 0.033861 0.005920 0.001000
v 0.032423 0.011419 0.001000
v 0.030098 0.016606 0.001000
v 0.026950 0.021339 0.001000
v 0.023065 0.025488 0.001000
v 0.018550 0.028940 0.001000
v 0.017191 0.029768 0.001000
v 0.017191 0.029768 0.004000
v 0.011753 0.032303 0.001000
v 0.008134 0.033399 0.001000
v 0.013527 0.031602 0.004000
v 0.011753 0.032303 0.004000
v 0.005345 0.033957 0.001000
v 0.002519 0.034283 0.001000
v -0.000324 0.034373 0.001000
v -0.003165 0.034229 0.001000
v -0.005984 0.033850 0.001000
v -0.008762 0.033239 0.001000
v -0.011480 0.032401 0.001000
v -0.014120 0.031341 0.001000
v -0.019092 0.028586 0.001000
v -0.023541 0.025049 0.001000
v -0.027347 0.020827 0.001000
v -0.030406 0.016035 0.001000
v -0.032632 0.010806 0.001000
v -0.033967 0.005280 0.001000
v -0.034375 0.000000 0.001000
v -0.004172 -0.031758 0.001000
v -0.005444 -0.031534 0.001001
v -0.005601 -0.032420 0.001001
v -0.004581 -0.034068 0.001000
v -0.007347 -0.033581 0.001000
v -0.005825 -0.032387 0.001001
v -0.006940 -0.031270 0.001000
v -0.005825 -0.032380 0.001001
v -0.005669 -0.031494 0.001001
v -0.005603 -0.032425 0.001001
v -0.005608 -0.032430 0.001001
v -0.005910 -0.033863 0.001001
v -0.005643 -0.032439 0.001001
v -0.005744 -0.032429 0.001001
v -0.005791 -0.032413 0.001001
v -0.005820 -0.032394 0.001001
v -0.023300 0.019000 0.032050
v -0.010100 0.019000 0.032050
v -0.023300 0.020375 0.032418
v -0.010100 0.020375 0.032418
v -0.023300 0.021382 0.033425
v -0.010100 0.021382 0.033425
v -0.023300 0.021750 0.034800
v -0.010100 0.021750 0.034800
v -0.023300 0.021382 0.036175
v -0.010100 0.021382 0.036175
v -0.023300 0.020375 0.037182
v -0.010100 0.020375 0.037182
v -0.023300 0.019000 0.037550
v -0.010100 0.019000 0.037550
v -0.024309 0.028500 0.014424
v -0.023900 0.028500 0.014400
v -0.025094 0.028290 0.014400
v -0.027330 0.027868 0.015371
v -0.026375 0.027475 0.014400
v -0.027400 0.027500 0.015201
v -0.026931 0.026750 0.014400
v -0.027400 0.026314 0.014638
v -0.027190 0.026194 0.014400
v -0.027400 0.025346 0.014417
v -0.027400 0.025000 0.014400
v -0.027115 0.028199 0.015435
v -0.026803 0.028415 0.015382
v -0.025650 0.028031 0.014400
v -0.026400 0.028500 0.015201
v -0.025200 0.028500 0.014633
v -0.027400 0.027500 0.025253
v -0.027341 0.027839 0.025253
v -0.027281 0.027974 0.025253
v -0.027110 0.028204 0.025253
v -0.026960 0.028328 0.025253
v -0.026400 0.028500 0.025253
v -0.026522 0.028492 0.025253
v -0.026748 0.028437 0.025253
v -0.026400 0.028435 0.025756
v -0.022653 0.028435 0.025756
v -0.022300 0.028500 0.025253
v -0.023300 0.027500 0.028076
v -0.023300 0.027500 0.034800
v -0.023292 0.027622 0.034800
v -0.023192 0.027952 0.027163
v -0.023238 0.027846 0.034800
v -0.023128 0.028060 0.034800
v -0.022938 0.028270 0.026322
v -0.023007 0.028207 0.034800
v -0.022774 0.028381 0.034800
v -0.022300 0.028500 0.034800
v -0.023300 0.017109 0.043087
v -0.023300 0.017625 0.037182
v -0.023300 0.011342 0.038488
v -0.023300 0.012354 0.040100
v -0.023300 0.016618 0.036175
v -0.023300 0.013700 0.041446
v -0.023300 0.015312 0.042458
v -0.023300 0.010713 0.036691
v -0.023300 0.016250 0.034800
v -0.023300 0.010500 0.034800
v -0.023300 0.013917 0.031150
v -0.023300 0.013216 0.031023
v -0.023300 0.026658 0.038488
v -0.023300 0.027287 0.036691
v -0.023300 0.025395 0.030660
v -0.023300 0.026671 0.029318
v -0.023300 0.025646 0.040100
v -0.023300 0.024300 0.041446
v -0.023300 0.019000 0.043300
v -0.023300 0.020891 0.043087
v -0.023300 0.022688 0.042458
v -0.023300 0.012605 0.030660
v -0.023300 0.011329 0.029318
v -0.023300 0.010500 0.028076
v -0.023300 0.024783 0.031023
v -0.023300 0.024083 0.031150
v -0.023300 0.017625 0.032418
v -0.023300 0.016618 0.033425
v -0.022300 0.028035 0.037736
v -0.022300 0.028262 0.036914
v -0.022774 0.028145 0.036887
v -0.022300 0.011314 0.040384
v -0.022300 0.011573 0.040723
v -0.022774 0.011666 0.040649
v -0.023292 0.017081 0.043206
v -0.023292 0.015259 0.042569
v -0.023128 0.015069 0.042963
v -0.023292 0.010378 0.034800
v -0.023292 0.010594 0.036719
v -0.023292 0.011231 0.038541
v -0.023292 0.012259 0.040176
v -0.023292 0.024376 0.041541
v -0.023292 0.025741 0.040176
v -0.023292 0.026768 0.038541
v -0.023292 0.027406 0.036719
v -0.023238 0.010154 0.034800
v -0.023128 0.010167 0.036816
v -0.022774 0.013151 0.042134
v -0.023128 0.013351 0.041884
v -0.023292 0.013624 0.041541
v -0.023128 0.019000 0.043860
v -0.023128 0.021016 0.043633
v -0.023292 0.020919 0.043206
v -0.023128 0.027833 0.036816
v -0.022774 0.009619 0.034800
v -0.022774 0.009854 0.036887
v -0.023007 0.009793 0.034800
v -0.023128 0.009940 0.034800
v -0.022774 0.021087 0.043945
v -0.022774 0.019000 0.044181
v -0.022774 0.016913 0.043945
v -0.023128 0.024649 0.041884
v -0.023128 0.026084 0.040449
v -0.022774 0.024849 0.042134
v -0.022774 0.026334 0.040649
v -0.022300 0.009500 0.034800
v -0.022300 0.009738 0.036914
v -0.022300 0.009965 0.037736
v -0.023128 0.010837 0.038731
v -0.022774 0.010548 0.038870
v -0.022300 0.010441 0.038922
v -0.023128 0.011916 0.040449
v -0.022300 0.013077 0.042227
v -0.022300 0.013416 0.042486
v -0.022774 0.014930 0.043252
v -0.023128 0.016984 0.043633
v -0.023292 0.019000 0.043422
v -0.022300 0.014878 0.043359
v -0.022300 0.016064 0.043835
v -0.022300 0.016886 0.044062
v -0.022300 0.019000 0.044300
v -0.022300 0.021114 0.044062
v -0.022300 0.021936 0.043835
v -0.023292 0.022741 0.042569
v -0.023128 0.022931 0.042963
v -0.022774 0.023070 0.043252
v -0.022300 0.023122 0.043359
v -0.022300 0.024584 0.042486
v -0.022300 0.024923 0.042227
v -0.022300 0.026427 0.040723
v -0.022300 0.026686 0.040384
v -0.023128 0.027163 0.038731
v -0.022774 0.027452 0.038870
v -0.022300 0.027559 0.038922
v -0.026795 0.009581 0.015379
v -0.027108 0.009794 0.015436
v -0.026400 0.009500 0.015201
v -0.026375 0.010525 0.014400
v -0.025828 0.009500 0.014896
v -0.025650 0.009969 0.014400
v -0.025094 0.009710 0.014400
v -0.024801 0.009500 0.014514
v -0.023900 0.009500 0.014400
v -0.027322 0.010113 0.015377
v -0.027400 0.010500 0.015201
v -0.026931 0.011250 0.014400
v -0.027400 0.011202 0.014835
v -0.027190 0.011806 0.014400
v -0.027400 0.012083 0.014518
v -0.027400 0.013000 0.014400
v -0.022653 0.009564 0.025756
v -0.022300 0.009500 0.025253
v -0.022975 0.009762 0.026418
v -0.023241 0.010159 0.027411
v -0.026400 0.009500 0.025253
v -0.026400 0.009564 0.025756
v -0.026522 0.009507 0.025253
v -0.026746 0.009562 0.025253
v -0.026960 0.009672 0.025253
v -0.027107 0.009793 0.025253
v -0.027281 0.010026 0.025253
v -0.027338 0.010154 0.025253
v -0.027400 0.010500 0.025253
v -0.026400 0.027758 0.027584
v -0.026400 0.025395 0.030660
v -0.026400 0.026731 0.029241
v -0.026400 0.024783 0.031023
v -0.026400 0.024083 0.031150
v -0.026400 0.013917 0.031150
v -0.026400 0.013216 0.031023
v -0.026400 0.012605 0.030660
v -0.026400 0.010242 0.027584
v -0.026400 0.011269 0.029241
v -0.026522 0.009572 0.025755
v -0.026960 0.009731 0.025713
v -0.027281 0.010074 0.025624
v -0.027400 0.010532 0.025504
v -0.027400 0.012061 0.028632
v -0.027400 0.011482 0.027777
v -0.027400 0.011541 0.027925
v -0.027400 0.012041 0.028647
v -0.027400 0.012931 0.029603
v -0.027281 0.012950 0.030262
v -0.027400 0.013261 0.029905
v -0.026515 0.011274 0.029237
v -0.027400 0.011140 0.027145
v -0.027400 0.011116 0.027156
v -0.027276 0.010707 0.027356
v -0.026953 0.010391 0.027511
v -0.026515 0.010248 0.027581
v -0.027276 0.011679 0.028925
v -0.026953 0.011401 0.029139
v -0.026960 0.012717 0.030530
v -0.026522 0.012610 0.030654
v -0.027400 0.013917 0.030150
v -0.027400 0.013567 0.030087
v -0.027281 0.013401 0.030530
v -0.026522 0.013917 0.031142
v -0.026522 0.013219 0.031016
v -0.026900 0.013917 0.031016
v -0.026960 0.013277 0.030863
v -0.026960 0.013917 0.030978
v -0.027266 0.013917 0.030650
v -0.027281 0.013917 0.030624
v -0.027400 0.024083 0.030150
v -0.027281 0.024083 0.030624
v -0.027266 0.024083 0.030650
v -0.026960 0.024083 0.030978
v -0.026900 0.024083 0.031016
v -0.026522 0.024083 0.031142
v -0.026522 0.025390 0.030654
v -0.026522 0.024781 0.031016
v -0.026960 0.024723 0.030863
v -0.026960 0.025283 0.030530
v -0.027281 0.025050 0.030262
v -0.027281 0.024599 0.030530
v -0.027400 0.024739 0.029905
v -0.027400 0.024433 0.030087
v -0.027400 0.026352 0.028044
v -0.027400 0.026459 0.027925
v -0.027400 0.026860 0.027145
v -0.027400 0.026884 0.027156
v -0.027400 0.027344 0.025934
v -0.027281 0.027926 0.025624
v -0.027400 0.027468 0.025504
v -0.026522 0.028428 0.025755
v -0.026515 0.027752 0.027581
v -0.026515 0.026726 0.029237
v -0.026953 0.027609 0.027511
v -0.026953 0.026599 0.029139
v -0.027276 0.027293 0.027356
v -0.027276 0.026321 0.028925
v -0.027400 0.025939 0.028632
v -0.027400 0.025959 0.028647
v -0.026960 0.028269 0.025713
v -0.005000 0.025414 0.027100
v -0.005000 0.025882 0.026983
v -0.005119 0.026104 0.027402
v -0.006000 0.026351 0.027867
v -0.006000 0.025414 0.028100
v -0.005878 0.025414 0.028092
v -0.006000 0.027069 0.027223
v -0.005878 0.026347 0.027860
v -0.005500 0.025414 0.027966
v -0.005440 0.026270 0.027715
v -0.005440 0.025414 0.027928
v -0.005134 0.025414 0.027600
v -0.005119 0.025414 0.027574
v -0.005878 0.027063 0.027218
v -0.005440 0.026927 0.027126
v -0.005119 0.026634 0.026927
v -0.005000 0.026242 0.026661
v -0.006000 0.011649 0.027867
v -0.006000 0.010931 0.027223
v -0.005878 0.010937 0.027218
v -0.005878 0.012586 0.028092
v -0.006000 0.012586 0.028100
v -0.005878 0.011653 0.027860
v -0.005500 0.012586 0.027966
v -0.005440 0.011730 0.027715
v -0.005440 0.012586 0.027928
v -0.005440 0.011073 0.027126
v -0.005119 0.011366 0.026927
v -0.005119 0.011896 0.027402
v -0.005000 0.011758 0.026661
v -0.005000 0.012118 0.026983
v -0.005134 0.012586 0.027600
v -0.005119 0.012586 0.027574
v -0.005000 0.012586 0.027100
v -0.010100 0.010522 0.035707
v -0.010100 0.010688 0.036697
v -0.010224 0.010243 0.036799
v -0.010985 0.021112 0.044055
v -0.010985 0.019000 0.044293
v -0.010547 0.019000 0.044133
v -0.010985 0.010447 0.038919
v -0.010985 0.009745 0.036912
v -0.010547 0.009901 0.036877
v -0.011100 0.024584 0.042486
v -0.011100 0.023122 0.043359
v -0.010985 0.023119 0.043353
v -0.010100 0.010939 0.037496
v -0.010100 0.011342 0.038488
v -0.010100 0.011318 0.038499
v -0.010100 0.027312 0.036697
v -0.010100 0.027287 0.036691
v -0.010100 0.027500 0.034800
v -0.010100 0.027138 0.037255
v -0.010100 0.027060 0.037580
v -0.010100 0.026658 0.038488
v -0.010100 0.026682 0.038499
v -0.010100 0.026201 0.039316
v -0.010100 0.026235 0.039311
v -0.010100 0.025646 0.040100
v -0.010100 0.019000 0.043300
v -0.010100 0.020404 0.043183
v -0.010100 0.019958 0.043272
v -0.010100 0.020897 0.043112
v -0.010100 0.011765 0.039311
v -0.010100 0.011991 0.039608
v -0.010100 0.012334 0.040116
v -0.010100 0.010474 0.034800
v -0.010100 0.010500 0.034800
v -0.010100 0.010512 0.035255
v -0.011100 0.009738 0.036914
v -0.011100 0.009500 0.034800
v -0.010985 0.009507 0.034800
v -0.011100 0.011314 0.040384
v -0.011100 0.010441 0.038922
v -0.011100 0.009965 0.037736
v -0.011100 0.013077 0.042227
v -0.011100 0.011573 0.040723
v -0.010985 0.011578 0.040719
v -0.011100 0.016064 0.043835
v -0.011100 0.014878 0.043359
v -0.010985 0.014881 0.043353
v -0.011100 0.013416 0.042486
v -0.010985 0.013081 0.042222
v -0.010985 0.016887 0.044055
v -0.011100 0.016886 0.044062
v -0.011100 0.019000 0.044300
v -0.011100 0.021114 0.044062
v -0.011100 0.021936 0.043835
v -0.011100 0.026427 0.040723
v -0.011100 0.024923 0.042227
v -0.010985 0.024919 0.042222
v -0.011100 0.028035 0.037736
v -0.011100 0.027559 0.038922
v -0.010985 0.027553 0.038919
v -0.011100 0.026686 0.040384
v -0.010985 0.028255 0.036912
v -0.011100 0.028262 0.036914
v -0.011100 0.028500 0.034800
v -0.010547 0.014950 0.043209
v -0.010547 0.013181 0.042097
v -0.010547 0.011703 0.040619
v -0.010224 0.017001 0.043557
v -0.010547 0.016923 0.043899
v -0.010547 0.023050 0.043209
v -0.010547 0.024819 0.042097
v -0.010547 0.028099 0.036877
v -0.010754 0.028438 0.034800
v -0.010985 0.028493 0.034800
v -0.010754 0.009562 0.034800
v -0.010547 0.009667 0.034800
v -0.010224 0.010018 0.034800
v -0.010224 0.015103 0.042892
v -0.010224 0.013400 0.041822
v -0.010224 0.011978 0.040400
v -0.010224 0.010908 0.038697
v -0.010224 0.024600 0.041822
v -0.010224 0.022897 0.042892
v -0.010224 0.020999 0.043557
v -0.010985 0.026422 0.040719
v -0.010547 0.026297 0.040619
v -0.010224 0.026022 0.040400
v -0.010547 0.027409 0.038850
v -0.010224 0.027092 0.038697
v -0.010224 0.027757 0.036799
v -0.010547 0.010591 0.038850
v -0.010100 0.010940 0.037580
v -0.010100 0.010713 0.036691
v -0.010100 0.013684 0.041466
v -0.010100 0.015301 0.042482
v -0.010100 0.016175 0.042845
v -0.010100 0.017103 0.043112
v -0.010100 0.018042 0.043272
v -0.010224 0.019000 0.043782
v -0.010547 0.021077 0.043899
v -0.010100 0.012354 0.040100
v -0.010100 0.013640 0.041398
v -0.010100 0.015312 0.042458
v -0.010100 0.015806 0.042677
v -0.010100 0.017109 0.043087
v -0.010100 0.017977 0.043238
v -0.010100 0.019000 0.043326
v -0.010100 0.022699 0.042482
v -0.010100 0.024316 0.041466
v -0.010100 0.025045 0.040813
v -0.010100 0.025666 0.040116
v -0.010100 0.020891 0.043087
v -0.010100 0.022614 0.042494
v -0.010100 0.024300 0.041446
v -0.010100 0.024629 0.041169
v -0.010100 0.027526 0.034800
v -0.010224 0.027982 0.034800
v -0.010393 0.028207 0.034800
v -0.010547 0.028333 0.034800
v -0.010100 0.025414 0.028100
v -0.010100 0.026351 0.027867
v -0.010100 0.027069 0.027223
v -0.010100 0.016618 0.036175
v -0.010100 0.010500 0.026526
v -0.010100 0.010931 0.027223
v -0.010100 0.017625 0.032418
v -0.010100 0.011649 0.027867
v -0.010100 0.016618 0.033425
v -0.010100 0.016250 0.034800
v -0.010100 0.027500 0.026526
v -0.010100 0.012586 0.028100
v -0.010100 0.017625 0.037182
v -0.006000 0.028500 0.023570
v -0.011100 0.028500 0.023570
v -0.006000 0.028389 0.024379
v -0.010642 0.028389 0.024379
v -0.010317 0.028122 0.025193
v -0.010118 0.027689 0.026173
v -0.010163 0.027850 0.025842
v -0.006000 0.009611 0.024379
v -0.010642 0.009611 0.024379
v -0.006000 0.009500 0.023570
v -0.011100 0.009500 0.023570
v -0.010208 0.010048 0.025613
v -0.010531 0.009677 0.024605
v -0.010389 0.009797 0.024969
v -0.005878 0.028492 0.023570
v -0.005878 0.028382 0.024377
v -0.005654 0.028438 0.023570
v -0.005440 0.028224 0.024333
v -0.005440 0.028328 0.023570
v -0.005293 0.028207 0.023570
v -0.005119 0.027882 0.024237
v -0.005119 0.027974 0.023570
v -0.005062 0.027846 0.023570
v -0.005000 0.027426 0.024109
v -0.005000 0.027500 0.023570
v -0.006000 0.027844 0.025854
v -0.006000 0.010156 0.025854
v -0.005878 0.009507 0.023570
v -0.005878 0.009618 0.024377
v -0.005652 0.009562 0.023570
v -0.005440 0.009776 0.024333
v -0.005440 0.009672 0.023570
v -0.005290 0.009796 0.023570
v -0.005119 0.010118 0.024237
v -0.005000 0.010500 0.023570
v -0.005000 0.010574 0.024109
v -0.005059 0.010161 0.023570
v -0.005119 0.010026 0.023570
v -0.005000 0.025000 0.014000
v -0.005000 0.025000 0.010000
v -0.005469 0.026750 0.010000
v -0.005119 0.025906 0.014400
v -0.005000 0.025000 0.014400
v -0.005469 0.026750 0.014400
v -0.006025 0.027475 0.014400
v -0.006750 0.028031 0.010000
v -0.006750 0.028031 0.014400
v -0.007594 0.028381 0.014400
v -0.008500 0.028500 0.010000
v -0.008500 0.028500 0.014400
v -0.005000 0.025917 0.014518
v -0.005605 0.028419 0.015379
v -0.005292 0.028206 0.015436
v -0.006000 0.028500 0.015201
v -0.006572 0.028500 0.014896
v -0.007599 0.028500 0.014514
v -0.005078 0.027887 0.015377
v -0.005000 0.027500 0.015201
v -0.005000 0.026798 0.014835
v -0.005000 0.026938 0.025433
v -0.005878 0.027837 0.025851
v -0.005440 0.027688 0.025782
v -0.005119 0.027367 0.025633
v -0.005000 0.011062 0.025433
v -0.005878 0.010163 0.025851
v -0.005440 0.010312 0.025782
v -0.005119 0.010633 0.025633
v -0.005000 0.010500 0.015201
v -0.005070 0.010132 0.015371
v -0.005285 0.009801 0.015435
v -0.005597 0.009585 0.015382
v -0.006000 0.009500 0.015201
v -0.006025 0.010525 0.014400
v -0.005469 0.011250 0.014400
v -0.005000 0.011686 0.014638
v -0.005119 0.012094 0.014400
v -0.005000 0.012654 0.014417
v -0.005000 0.013000 0.014400
v -0.006750 0.009969 0.014400
v -0.007200 0.009500 0.014633
v -0.007594 0.009619 0.014400
v -0.008091 0.009500 0.014424
v -0.008500 0.009500 0.014400
v -0.008500 0.009500 0.010000
v -0.006750 0.009969 0.010000
v -0.005469 0.011250 0.010000
v -0.005000 0.013000 0.010000
v -0.005000 0.013000 0.014000
v -0.005000 0.011062 0.025433
v -0.005000 0.026938 0.025433
v -0.007300 -0.031206 0.004481
v -0.005580 -0.031510 0.004000
v -0.003853 -0.031814 0.004457
v -0.007260 -0.031213 0.010543
v -0.002583 -0.032038 0.005730
v -0.003813 -0.031821 0.010519
v -0.005534 -0.031518 0.011000
v -0.002560 -0.032042 0.009230
v -0.002110 -0.032122 0.007477
v -0.008553 -0.030985 0.005770
v -0.009003 -0.030906 0.007523
v -0.008530 -0.030990 0.009270
v -0.010830 -0.032107 0.010484
v -0.011017 -0.032028 0.010600
v -0.011629 -0.031920 0.009126
v -0.011159 -0.031871 0.010699
v -0.011792 -0.031759 0.009178
v -0.011236 -0.031659 0.010764
v -0.011881 -0.031546 0.009212
v -0.005603 -0.032425 0.001001
v -0.004098 -0.032685 0.001210
v -0.005608 -0.032430 0.001001
v -0.004149 -0.032909 0.001255
v -0.005643 -0.032439 0.001001
v -0.005795 -0.032619 0.001046
v -0.005744 -0.032429 0.001001
v -0.005791 -0.032413 0.001001
v -0.007411 -0.032101 0.001233
v -0.007439 -0.032329 0.001277
v -0.005825 -0.032387 0.001001
v -0.005820 -0.032394 0.001001
v -0.012028 -0.031287 0.006437
v -0.011903 -0.031542 0.005871
v -0.012114 -0.031271 0.007543
v -0.012109 -0.031506 0.007543
v -0.012007 -0.031290 0.008683
v -0.011885 -0.031312 0.009224
v -0.011235 -0.031426 0.010788
v -0.011907 -0.031308 0.005860
v -0.011278 -0.031419 0.004288
v -0.011279 -0.031652 0.004310
v -0.010270 -0.031597 0.002935
v -0.010277 -0.031828 0.002967
v -0.009896 -0.031663 0.002579
v -0.008968 -0.032059 0.001932
v -0.008951 -0.031829 0.001893
v -0.007997 -0.031997 0.001428
v -0.001592 -0.033127 0.002527
v -0.001288 -0.033413 0.002906
v -0.002549 -0.032958 0.001849
v -0.002612 -0.033180 0.001889
v -0.003467 -0.032796 0.001413
v -0.001217 -0.033193 0.002873
v -0.000191 -0.033374 0.004212
v -0.000270 -0.033593 0.004236
v -0.012015 -0.031720 0.007542
v -0.011813 -0.031755 0.005904
v -0.011201 -0.031863 0.004375
v -0.010220 -0.032036 0.003058
v -0.008937 -0.032263 0.002044
v -0.007439 -0.032527 0.001402
v -0.005828 -0.032811 0.001176
v -0.004215 -0.033095 0.001380
v -0.002709 -0.033361 0.002002
v -0.001412 -0.033589 0.002998
v -0.000414 -0.033765 0.004301
v -0.011846 -0.031882 0.007541
v -0.011650 -0.031916 0.005953
v -0.011057 -0.032021 0.004471
v -0.010106 -0.032188 0.003195
v -0.008862 -0.032408 0.002212
v -0.007411 -0.032664 0.001590
v -0.005850 -0.032939 0.001370
v -0.004286 -0.033215 0.001569
v -0.002826 -0.033472 0.002171
v -0.001569 -0.033694 0.003137
v -0.000602 -0.033864 0.004400
v -0.011419 -0.032003 0.009065
v -0.011627 -0.031966 0.007539
v -0.011440 -0.032000 0.006011
v -0.010868 -0.032100 0.004584
v -0.009953 -0.032262 0.003356
v -0.008756 -0.032473 0.002410
v -0.007358 -0.032719 0.001811
v -0.005856 -0.032984 0.001600
v -0.004351 -0.033250 0.001791
v -0.002946 -0.033497 0.002371
v -0.001736 -0.033711 0.003300
v -0.000805 -0.033875 0.004516
v -0.002370 -0.033599 0.007477
v -0.002844 -0.033515 0.005730
v -0.000215 -0.033979 0.005935
v -0.007283 -0.032732 0.013209
v -0.007521 -0.032691 0.010543
v -0.005794 -0.032995 0.011000
v -0.001681 -0.033720 0.011644
v -0.004074 -0.033298 0.010519
v -0.002821 -0.033519 0.009230
v -0.005840 -0.032987 0.004000
v -0.007560 -0.032684 0.004481
v -0.002878 -0.033509 0.012590
v -0.004276 -0.033263 0.013189
v -0.005778 -0.032998 0.013400
v -0.000007 -0.034016 0.007461
v -0.000195 -0.033982 0.008989
v -0.000766 -0.033882 0.010416
v -0.004114 -0.033291 0.004457
v -0.008814 -0.032463 0.005770
v -0.009264 -0.032383 0.007523
v -0.008791 -0.032467 0.009270
v -0.008689 -0.032485 0.012629
v -0.009898 -0.032271 0.011700
v -0.007840 -0.031111 0.001428
v -0.009739 -0.030776 0.002579
v -0.011139 -0.030530 0.004318
v -0.011872 -0.030400 0.006437
v -0.011851 -0.030404 0.008683
v -0.011079 -0.030540 0.010788
v 0.000707 0.009793 0.014000
v 0.000924 0.010117 0.014000
v 0.001000 0.010500 0.014000
v 0.000000 0.028500 0.014000
v -0.005000 0.028500 0.014000
v -0.005000 0.009500 0.014000
v 0.000000 0.009500 0.014000
v 0.000383 0.009576 0.014000
v 0.000383 0.028424 0.014000
v 0.000707 0.028207 0.014000
v 0.000924 0.027883 0.014000
v 0.001000 0.027500 0.014000
v 0.001000 0.027500 0.006000
v 0.001000 0.010500 0.006000
v 0.000000 0.009500 0.006000
v 0.000383 0.009576 0.006000
v 0.000707 0.009793 0.006000
v 0.000924 0.010117 0.006000
v -0.005000 0.009500 0.010000
v -0.023900 0.009500 0.006000
v -0.027400 0.013000 0.006000
v -0.026931 0.011250 0.006000
v -0.025650 0.009969 0.006000
v -0.027400 0.025000 0.006000
v -0.023900 0.028500 0.006000
v -0.025650 0.028031 0.006000
v -0.026931 0.026750 0.006000
v -0.005000 0.028500 0.010000
v 0.000000 0.028500 0.006000
v 0.000924 0.027883 0.006000
v 0.000707 0.028207 0.006000
v 0.000383 0.028424 0.006000
v 0.006596 0.029268 0.005454
v 0.007227 0.029134 0.005107
v 0.005879 0.029421 0.005454
v 0.007622 0.029050 0.004495
v 0.005247 0.029555 0.005107
v 0.006596 0.029268 0.002545
v 0.005879 0.029421 0.002545
v 0.007227 0.029134 0.002893
v 0.005247 0.029555 0.002893
v 0.007622 0.029050 0.003505
v 0.004852 0.029639 0.003505
v 0.007705 0.029033 0.004000
v 0.004770 0.029656 0.004000
v 0.004852 0.029639 0.004495
v 0.008521 0.033431 0.004577
v 0.008633 0.033402 0.004000
v 0.007735 0.033622 0.005385
v 0.008208 0.033509 0.005060
v 0.007174 0.033746 0.005500
v 0.007531 0.033668 0.005455
v 0.006611 0.033861 0.005386
v 0.006814 0.033820 0.005455
v 0.005812 0.034007 0.004575
v 0.005910 0.033990 0.004771
v 0.006133 0.033951 0.005061
v 0.005699 0.034026 0.004000
v 0.030000 -0.000367 0.002545
v 0.030000 0.000367 0.002545
v 0.030000 -0.001012 0.002893
v 0.030000 0.001012 0.002893
v 0.030000 0.001416 0.003505
v 0.030000 0.000367 0.005454
v 0.030000 -0.000367 0.005454
v 0.030000 0.001012 0.005107
v 0.030000 -0.001012 0.005107
v 0.030000 0.001416 0.004495
v 0.030000 -0.001416 0.004495
v 0.030000 0.001500 0.004000
v 0.030000 -0.001500 0.004000
v 0.030000 -0.001416 0.003505
v 0.034467 -0.001500 0.004012
v 0.034467 -0.001500 0.004000
v 0.034472 -0.001386 0.004574
v 0.034484 -0.001061 0.005061
v 0.034495 -0.000586 0.005381
v 0.034498 -0.000367 0.005454
v 0.034500 0.000000 0.005500
v 0.034498 0.000367 0.005454
v 0.034495 0.000574 0.005386
v 0.034484 0.001060 0.005061
v 0.034472 0.001381 0.004586
v 0.034467 0.001500 0.004000
v 0.005879 -0.029421 0.005454
v 0.005247 -0.029555 0.005107
v 0.004852 -0.029639 0.004495
v 0.007622 -0.029050 0.003505
v 0.004770 -0.029656 0.004000
v 0.004852 -0.029639 0.003505
v 0.006596 -0.029268 0.005454
v 0.007227 -0.029134 0.005107
v 0.007622 -0.029050 0.004495
v 0.007705 -0.029033 0.004000
v 0.006596 -0.029268 0.002545
v 0.007227 -0.029134 0.002893
v 0.005879 -0.029421 0.002545
v 0.005247 -0.029555 0.002893
v 0.005699 -0.034026 0.004000
v 0.005812 -0.034007 0.004574
v 0.006132 -0.033951 0.005061
v 0.006611 -0.033861 0.005386
v 0.006814 -0.033820 0.005454
v 0.007173 -0.033746 0.005500
v 0.007531 -0.033668 0.005454
v 0.007734 -0.033622 0.005386
v 0.008207 -0.033510 0.005061
v 0.008518 -0.033432 0.004586
v 0.008633 -0.033402 0.004000
v -0.030000 0.000367 0.005454
v -0.030000 0.001012 0.005107
v -0.030000 0.001416 0.004495
v -0.030000 -0.001416 0.004495
v -0.030000 -0.001012 0.005107
v -0.030000 -0.000367 0.005454
v -0.030000 0.001012 0.002893
v -0.030000 0.000367 0.002545
v -0.030000 -0.000367 0.002545
v -0.030000 -0.001500 0.004000
v -0.030000 0.001500 0.004000
v -0.030000 -0.001416 0.003505
v -0.030000 0.001416 0.003505
v -0.030000 -0.001012 0.002893
v -0.034467 0.001500 0.004000
v -0.034472 0.001384 0.004577
v -0.034484 0.001061 0.005060
v -0.034495 0.000574 0.005386
v -0.034498 0.000367 0.005455
v -0.034500 0.000000 0.005500
v -0.034498 -0.000367 0.005455
v -0.034495 -0.000577 0.005385
v -0.034484 -0.001060 0.005061
v -0.034472 -0.001385 0.004575
v -0.034467 -0.001500 0.004000
v 0.001299 -0.009250 0.021000
v 0.000750 -0.008701 0.021000
v 0.000000 -0.008500 0.021000
v -0.000750 -0.008701 0.021000
v -0.001299 -0.009250 0.021000
v 0.001299 -0.010750 0.021000
v 0.001500 -0.010000 0.021000
v 0.000750 -0.011299 0.021000
v 0.000000 -0.011500 0.021000
v -0.000750 -0.011299 0.021000
v -0.001299 -0.010750 0.021000
v -0.001500 -0.010000 0.021000
v 0.001500 -0.010000 0.022000
v 0.001299 -0.009250 0.022000
v 0.000750 -0.008701 0.022000
v 0.000000 -0.008500 0.022000
v -0.000750 -0.008701 0.022000
v -0.001299 -0.009250 0.022000
v -0.001500 -0.010000 0.022000
v 0.001029 0.027848 0.006000
v 0.001100 0.027450 0.006000
v 0.001100 0.027450 0.018062
v 0.000414 0.028502 0.018636
v -0.000050 0.028600 0.018694
v -0.000050 0.028600 0.006000
v 0.001020 0.027871 0.018281
v 0.000787 0.028239 0.018484
v 0.000763 0.028263 0.006000
v 0.000348 0.028529 0.006000
v -0.000050 0.009400 0.006000
v -0.000050 0.009400 0.018694
v 0.000213 0.009430 0.018676
v 0.000348 0.009471 0.006000
v 0.001100 0.010550 0.018062
v 0.001100 0.010550 0.006000
v 0.000984 0.010047 0.018326
v 0.001029 0.010152 0.006000
v 0.000763 0.009737 0.006000
v 0.000351 0.009472 0.018651
v 0.000661 0.009646 0.018550
v 0.000765 0.009739 0.018497
v -0.026350 0.009400 0.022000
v -0.026350 0.009400 0.006000
v -0.026925 0.009554 0.022000
v -0.026925 0.009554 0.006000
v -0.027346 0.009975 0.022000
v -0.027346 0.009975 0.006000
v -0.027500 0.010550 0.022000
v -0.027500 0.010550 0.006000
v -0.027500 0.027450 0.022000
v -0.027500 0.027450 0.006000
v -0.027346 0.028025 0.022000
v -0.027346 0.028025 0.006000
v -0.026925 0.028446 0.022000
v -0.026925 0.028446 0.006000
v -0.026350 0.028600 0.022000
v -0.026350 0.028600 0.006000
v -0.008801 -0.030942 0.001724
v -0.007672 -0.033636 0.001075
v -0.007369 -0.033704 0.001000
v -0.011019 -0.032693 0.003324
v -0.010700 -0.032799 0.002942
v -0.010653 -0.030615 0.003324
v -0.009830 -0.033070 0.002141
v -0.009208 -0.033248 0.001724
v -0.008743 -0.033373 0.001475
v -0.011802 -0.030413 0.005500
v -0.012106 -0.030359 0.007500
v -0.012427 -0.032184 0.007500
v -0.012316 -0.032227 0.006259
v -0.011980 -0.032353 0.005044
v -0.011462 -0.032540 0.003972
v -0.026500 0.030600 0.022000
v -0.026500 0.030600 0.005000
v -0.028000 0.030198 0.005000
v -0.028000 0.030198 0.022000
v -0.029098 0.029100 0.005000
v -0.029098 0.029100 0.022000
v -0.029500 0.027600 0.005000
v -0.029500 0.027600 0.022000
v -0.015320 0.030912 0.008000
v -0.015320 0.030912 0.005000
v -0.016652 0.030600 0.008000
v -0.016652 0.030600 0.005000
v -0.029500 0.018708 0.008000
v -0.029500 0.018708 0.005000
v -0.029900 0.017212 0.008000
v -0.029900 0.017212 0.005000
v -0.012790 0.031633 0.021379
v -0.013023 0.031063 0.022000
v -0.011960 0.031616 0.021697
v -0.012978 0.031074 0.022000
v -0.011124 0.031599 0.022000
v -0.016253 0.030967 0.019657
v -0.016348 0.030947 0.019257
v -0.017032 0.030687 0.019257
v -0.017738 0.030600 0.019506
v -0.017640 0.030600 0.020037
v -0.016931 0.030692 0.019837
v -0.014986 0.030697 0.022000
v -0.016015 0.030636 0.021614
v -0.016280 0.030600 0.022000
v -0.014494 0.030807 0.021892
v -0.015707 0.030750 0.021258
v -0.016875 0.030600 0.021412
v -0.016223 0.030726 0.020853
v -0.016647 0.030705 0.020377
v -0.017320 0.030600 0.020788
v -0.015150 0.031192 0.020612
v -0.014250 0.031064 0.021445
v -0.014384 0.031342 0.020938
v -0.017749 0.030600 0.019257
v -0.015809 0.031059 0.020191
v -0.016348 0.030947 0.008000
v -0.017749 0.030600 0.008000
v -0.030565 0.013713 0.022000
v -0.030512 0.013833 0.022000
v -0.030581 0.014409 0.021694
v -0.029988 0.015376 0.022000
v -0.030598 0.015101 0.021379
v -0.029623 0.017021 0.022000
v -0.029723 0.016725 0.021856
v -0.029500 0.018378 0.022000
v -0.029500 0.018483 0.021897
v -0.029625 0.018579 0.020321
v -0.029500 0.019603 0.019998
v -0.029613 0.018808 0.019806
v -0.029500 0.019691 0.019257
v -0.029611 0.018884 0.019257
v -0.029644 0.018227 0.020789
v -0.029500 0.018968 0.021331
v -0.029500 0.019358 0.020682
v -0.029667 0.017782 0.021201
v -0.030367 0.016199 0.021034
v -0.030000 0.016442 0.021414
v -0.030158 0.017152 0.020577
v -0.029877 0.017450 0.020872
v -0.029997 0.017862 0.019975
v -0.029934 0.018137 0.019257
v -0.029936 0.018128 0.019384
v -0.029980 0.017937 0.019872
v -0.029500 0.019691 0.008000
v -0.029611 0.018884 0.008000
v -0.029934 0.018137 0.008000
v -0.011686 0.032460 0.008000
v -0.014502 0.031854 0.008000
v -0.009188 0.033772 0.008000
v -0.005931 0.033986 0.008000
v -0.003634 0.034811 0.008000
v 0.000000 0.034500 0.008000
v 0.002014 0.034942 0.008000
v 0.005931 0.033986 0.008000
v 0.007610 0.034163 0.008000
v 0.011686 0.032460 0.008000
v 0.013008 0.032493 0.008000
v 0.017093 0.029968 0.008000
v 0.018067 0.029976 0.008000
v 0.021991 0.026583 0.008000
v 0.022655 0.026679 0.008000
v 0.026234 0.022406 0.008000
v 0.026652 0.022686 0.008000
v 0.029696 0.017562 0.008000
v 0.029955 0.018102 0.008000
v 0.032273 0.012195 0.008000
v 0.032477 0.013046 0.008000
v 0.033889 0.006465 0.008000
v 0.034154 0.007651 0.008000
v 0.034496 0.000542 0.008000
v 0.034940 0.002056 0.008000
v 0.035000 0.000000 0.008000
v 0.034500 0.000000 0.008000
v 0.034999 -0.000262 0.008000
v 0.034373 -0.002954 0.008000
v 0.034483 -0.005992 0.008000
v 0.033365 -0.008777 0.008000
v 0.033036 -0.011560 0.008000
v 0.031378 -0.014342 0.008000
v 0.030696 -0.016815 0.008000
v 0.028470 -0.019486 0.008000
v 0.027527 -0.021617 0.008000
v 0.024728 -0.024058 0.008000
v 0.023613 -0.025834 0.008000
v 0.020259 -0.027925 0.008000
v 0.019062 -0.029353 0.008000
v 0.015197 -0.030972 0.008000
v 0.013996 -0.032080 0.008000
v 0.009689 -0.033112 0.008000
v 0.008552 -0.033939 0.008000
v 0.003897 -0.034279 0.008000
v 0.002877 -0.034882 0.008000
v 0.000651 -0.034494 0.008000
v 0.000563 -0.034995 0.008000
v -0.021991 0.026583 0.005000
v -0.017093 0.029968 0.005000
v -0.026234 0.022406 0.005000
v -0.029696 0.017562 0.005000
v -0.006000 0.009400 0.018694
v -0.006000 0.009400 0.022000
v -0.006000 0.007269 0.020173
v -0.006000 0.005299 0.022000
v -0.006000 0.032701 0.022000
v -0.006000 0.028600 0.022000
v -0.006000 0.030731 0.020173
v -0.006000 0.028600 0.018694
v 0.034518 0.002031 0.020791
v 0.034062 0.002004 0.021379
v 0.034121 0.000000 0.021379
v 0.034568 0.004856 0.019996
v 0.034660 0.004869 0.019257
v 0.034154 0.007651 0.019257
v 0.033606 0.005907 0.021379
v 0.033790 0.004747 0.021379
v 0.033762 0.006126 0.021168
v 0.034242 0.004810 0.020791
v 0.034006 0.006706 0.020643
v 0.034093 0.007533 0.019966
v 0.033949 0.008512 0.019257
v 0.035000 0.000000 0.019257
v 0.034940 0.002056 0.019257
v 0.034908 0.000000 0.019996
v 0.034847 0.002050 0.019996
v 0.034772 0.000000 0.020405
v 0.034578 0.000000 0.020791
v 0.017437 0.030284 0.019826
v 0.015547 0.031254 0.019996
v 0.015765 0.030999 0.020392
v 0.010083 0.032597 0.021379
v 0.011589 0.032093 0.021379
v 0.012851 0.032101 0.020791
v 0.013890 0.031588 0.020904
v 0.014327 0.031468 0.020796
v -0.014328 0.031470 0.020791
v -0.011586 0.032094 0.021379
v -0.011741 0.032524 0.020791
v -0.008957 0.032925 0.021379
v -0.009077 0.033365 0.020791
v -0.006271 0.033540 0.021379
v -0.006354 0.033989 0.020791
v -0.003543 0.033937 0.021379
v -0.003590 0.034391 0.020791
v -0.000792 0.034112 0.021379
v -0.000803 0.034569 0.020791
v 0.001964 0.034065 0.021379
v 0.001990 0.034521 0.020791
v 0.004707 0.033795 0.021379
v 0.004770 0.034248 0.020791
v 0.007419 0.033305 0.021379
v 0.007519 0.033751 0.020791
v 0.010218 0.033034 0.020791
v -0.014464 0.031770 0.019996
v -0.014502 0.031854 0.019257
v 0.018854 0.029488 0.019257
v 0.018067 0.029976 0.019257
v 0.015588 0.031337 0.019257
v 0.013008 0.032493 0.019257
v 0.012974 0.032407 0.019996
v 0.010343 0.033437 0.019257
v 0.010316 0.033349 0.019996
v 0.007610 0.034163 0.019257
v 0.007590 0.034072 0.019996
v 0.004828 0.034665 0.019257
v 0.004815 0.034574 0.019996
v 0.002014 0.034942 0.019257
v 0.002009 0.034850 0.019996
v -0.000813 0.034991 0.019257
v -0.000810 0.034898 0.019996
v -0.003634 0.034811 0.019257
v -0.003624 0.034719 0.019996
v -0.006432 0.034404 0.019257
v -0.006415 0.034313 0.019996
v -0.009188 0.033772 0.019257
v -0.009164 0.033683 0.019996
v -0.011884 0.032921 0.019257
v -0.011853 0.032834 0.019996
v 0.010627 0.032255 0.021539
v 0.007272 0.032701 0.022000
v 0.002092 0.033435 0.022000
v -0.003351 0.033332 0.022000
v -0.008706 0.032349 0.022000
v -0.011960 0.031616 0.021697
v -0.030581 0.014409 0.021694
v -0.031313 0.013556 0.021379
v -0.032163 0.011394 0.021379
v -0.031929 0.010139 0.022000
v -0.032521 0.010327 0.021379
v -0.032863 0.009179 0.021379
v -0.033105 0.005130 0.022000
v -0.033412 0.006922 0.021379
v -0.033805 0.004632 0.021379
v -0.033500 0.000000 0.022000
v -0.034042 0.002322 0.021379
v -0.034121 0.000000 0.021379
v 0.001100 0.027167 0.017922
v 0.021493 0.027624 0.018151
v 0.019406 0.029128 0.019021
v 0.001100 0.023189 0.016524
v 0.026207 0.023199 0.016526
v 0.025119 0.024372 0.016836
v 0.023371 0.026054 0.017427
v 0.022652 0.026682 0.017696
v 0.022057 0.027176 0.017926
v 0.026730 0.022594 0.016398
v 0.001100 0.019000 0.016050
v 0.028091 0.020878 0.016144
v 0.031418 0.015423 0.016394
v 0.030454 0.017249 0.016132
v 0.001100 0.014811 0.016524
v 0.029955 0.018101 0.016072
v 0.029337 0.019088 0.016050
v 0.001100 0.010833 0.017922
v 0.033279 0.010837 0.017920
v 0.032921 0.011880 0.017454
v 0.032480 0.013040 0.017022
v 0.032234 0.013637 0.016833
v 0.031709 0.014816 0.016523
v 0.033488 0.010173 0.018258
v 0.033078 0.005299 0.022000
v 0.033346 0.005598 0.021687
v 0.033372 0.002928 0.022000
v -0.031685 -0.010877 0.022000
v -0.029462 -0.015944 0.022000
v 0.029462 -0.015944 0.022000
v 0.026436 -0.020576 0.022000
v 0.001299 -0.010750 0.022000
v 0.022689 -0.024647 0.022000
v 0.018323 -0.028045 0.022000
v 0.000750 -0.011299 0.022000
v 0.013457 -0.030678 0.022000
v -0.001299 -0.010750 0.022000
v -0.022689 -0.024647 0.022000
v -0.018323 -0.028045 0.022000
v -0.000750 -0.011299 0.022000
v 0.000000 -0.011500 0.022000
v 0.002766 -0.033386 0.022000
v 0.008224 -0.032475 0.022000
v -0.013457 -0.030678 0.022000
v -0.008224 -0.032475 0.022000
v -0.002766 -0.033386 0.022000
v 0.031685 -0.010877 0.022000
v 0.033043 -0.005514 0.022000
v 0.033500 0.000000 0.022000
v -0.026436 -0.020576 0.022000
v 0.000000 -0.008500 0.022000
v -0.033043 -0.005514 0.022000
v -0.031099 0.016058 0.019257
v -0.032119 0.013905 0.008000
v -0.032119 0.013905 0.019257
v -0.032991 0.011687 0.019257
v -0.033710 0.009415 0.008000
v -0.033710 0.009415 0.019257
v -0.034272 0.007100 0.019257
v -0.034676 0.004752 0.008000
v -0.034676 0.004752 0.019257
v -0.034919 0.002381 0.019257
v -0.035000 0.000000 0.008000
v -0.035000 0.000000 0.019257
v -0.029500 0.019358 0.020682
v -0.017320 0.030600 0.020788
v -0.017738 0.030600 0.019506
v -0.033889 0.006465 0.008000
v -0.032273 0.012195 0.008000
v -0.034496 0.000542 0.008000
v -0.034500 0.000000 0.008000
v -0.034999 -0.000262 0.008000
v -0.034333 -0.003392 0.008000
v -0.034483 -0.005992 0.008000
v -0.033294 -0.009041 0.008000
v -0.033036 -0.011560 0.008000
v -0.031333 -0.014439 0.008000
v -0.030696 -0.016815 0.008000
v -0.028503 -0.019437 0.008000
v -0.027527 -0.021617 0.008000
v -0.024883 -0.023897 0.008000
v -0.023613 -0.025834 0.008000
v -0.020574 -0.027694 0.008000
v -0.019062 -0.029353 0.008000
v -0.015695 -0.030723 0.008000
v -0.013996 -0.032080 0.008000
v -0.012410 -0.032191 0.008000
v -0.012498 -0.032692 0.008000
v -0.003396 -0.034332 0.001387
v -0.004603 -0.034192 0.001000
v -0.002010 -0.034441 0.001000
v 0.034495 -0.000574 0.002614
v 0.034373 -0.002954 0.001000
v 0.034498 -0.000367 0.002545
v 0.034500 0.000000 0.001000
v 0.034500 0.000000 0.002500
v 0.034484 -0.001061 0.002940
v 0.034472 -0.001381 0.003414
v 0.017244 -0.029881 0.004000
v 0.015197 -0.030972 0.004000
v 0.011806 -0.032417 0.004000
v 0.011806 -0.032417 0.001000
v 0.009689 -0.033112 0.001000
v -0.002348 -0.034420 0.001951
v 0.000666 -0.034494 0.007750
v 0.000670 -0.034493 0.007500
v 0.000660 -0.034494 0.007129
v 0.003897 -0.034279 0.001000
v 0.000463 -0.034497 0.005867
v 0.000357 -0.034498 0.005499
v 0.000063 -0.034500 0.004746
v -0.000549 -0.034495 0.003688
v 0.000947 -0.034487 0.001000
v -0.000827 -0.034490 0.003324
v -0.001371 -0.034473 0.002733
v 0.007531 -0.033668 0.002545
v 0.006818 -0.033820 0.001000
v 0.007733 -0.033622 0.002614
v 0.008206 -0.033510 0.002939
v 0.007172 -0.033746 0.002500
v 0.006814 -0.033820 0.002545
v 0.006609 -0.033861 0.002615
v 0.006131 -0.033951 0.002940
v 0.005816 -0.034006 0.003414
v 0.008522 -0.033431 0.003424
v 0.033365 -0.008777 0.001000
v 0.031378 -0.014342 0.001000
v 0.028470 -0.019486 0.001000
v 0.024728 -0.024058 0.001000
v 0.020259 -0.027925 0.001000
v 0.017244 -0.029881 0.001000
v 0.017244 0.029881 0.004000
v 0.017244 0.029881 0.001000
v -0.022093 -0.026335 0.001000
v -0.022181 -0.026424 0.001000
v -0.022093 -0.026335 0.004000
v -0.022181 -0.026424 0.004000
v -0.026335 -0.022093 0.004000
v -0.026424 -0.022181 0.004000
v -0.026335 -0.022093 0.001000
v -0.026424 -0.022181 0.001000
v 0.011753 -0.032303 0.004000
v 0.011753 -0.032303 0.001000
v 0.017191 -0.029768 0.001000
v 0.017191 -0.029768 0.004000
v 0.011806 0.032417 0.001000
v 0.011806 0.032417 0.004000
v 0.011686 0.032460 0.001000
v 0.005931 0.033986 0.001000
v 0.002977 0.034371 0.001000
v 0.000000 0.034500 0.001000
v -0.002977 0.034371 0.001000
v -0.005931 0.033986 0.001000
v -0.008842 0.033348 0.001000
v -0.011686 0.032460 0.001000
v -0.014444 0.031331 0.001000
v -0.017093 0.029968 0.001000
v -0.021991 0.026583 0.001000
v -0.026234 0.022406 0.001000
v -0.029696 0.017562 0.001000
v -0.032273 0.012195 0.001000
v -0.033889 0.006465 0.001000
v -0.034496 0.000542 0.001000
v -0.034500 0.000000 0.001000
v -0.034371 -0.000540 0.001000
v -0.034333 -0.003392 0.001000
v -0.033766 -0.006441 0.001000
v -0.033294 -0.009041 0.001000
v -0.032156 -0.012151 0.001000
v -0.031333 -0.014439 0.001000
v -0.029588 -0.017498 0.001000
v -0.028503 -0.019437 0.001000
v 0.033766 -0.006441 0.001000
v 0.032156 -0.012151 0.001000
v 0.029588 -0.017498 0.001000
v 0.026139 -0.022325 0.001000
v 0.021911 -0.026486 0.001000
v 0.034496 0.000542 0.001000
v 0.033889 0.006465 0.001000
v 0.032273 0.012195 0.001000
v 0.029696 0.017562 0.001000
v 0.026234 0.022406 0.001000
v 0.021991 0.026583 0.001000
v 0.034371 -0.000540 0.001000
v 0.001052 -0.034360 0.001000
v 0.006682 -0.033720 0.001000
v 0.009427 -0.033058 0.001000
v 0.011644 -0.032343 0.001000
v -0.001769 -0.034331 0.001000
v -0.000360 -0.034374 0.001000
v 0.000000 -0.034376 0.001000
v 0.003882 -0.034155 0.001000
v 0.005288 -0.033967 0.001000
v 0.005910 -0.033864 0.001000
v -0.020574 -0.027694 0.001000
v -0.021911 -0.026486 0.001000
v -0.019845 -0.028069 0.001000
v -0.017472 -0.029605 0.001000
v -0.015695 -0.030723 0.001000
v -0.017032 -0.029860 0.001000
v -0.009697 -0.032980 0.001000
v -0.010380 -0.032901 0.001000
v -0.014977 -0.030941 0.001000
v -0.012373 -0.032072 0.001000
v -0.011644 -0.032344 0.001000
v 0.017031 -0.029859 0.004000
v -0.026139 -0.022325 0.004000
v -0.024883 -0.023897 0.004000
v 0.017093 0.029968 0.004000
v -0.003311 -0.031910 0.001413
v -0.002312 -0.032086 0.001724
v -0.001435 -0.032241 0.002527
v -0.000460 -0.032412 0.003324
v -0.000035 -0.032488 0.004212
v 0.000689 -0.032615 0.005500
v 0.000784 -0.032632 0.006608
v 0.000992 -0.032669 0.007500
v 0.000637 -0.032606 0.009140
v 0.000824 -0.032639 0.008996
v -0.000452 -0.032414 0.011422
v -0.000192 -0.032460 0.011314
v -0.002319 -0.032085 0.013107
v -0.001990 -0.032143 0.013077
v -0.004307 -0.031734 0.014028
v -0.004679 -0.031669 0.013939
v -0.006806 -0.031294 0.014028
v -0.007172 -0.031229 0.013790
v -0.009124 -0.030885 0.013077
v -0.009419 -0.030833 0.012683
v -0.010921 -0.030568 0.011314
v -0.011938 -0.030389 0.008996
v -0.012423 -0.032186 0.007749
v -0.034472 -0.001384 0.003423
v -0.034484 -0.001060 0.002939
v -0.034495 -0.000574 0.002614
v -0.034498 -0.000366 0.002546
v -0.034500 0.000000 0.002500
v -0.034472 0.001386 0.003426
v -0.034498 0.000367 0.002545
v -0.034495 0.000577 0.002615
v -0.034484 0.001061 0.002939
v 0.034498 0.000367 0.002545
v 0.034472 0.001385 0.003425
v 0.034484 0.001060 0.002939
v 0.034495 0.000586 0.002619
v 0.000000 0.034500 0.001000
v 0.005813 0.034007 0.003423
v 0.007733 0.033622 0.002614
v 0.008207 0.033510 0.002939
v 0.005910 0.033990 0.003228
v 0.006132 0.033951 0.002939
v 0.006610 0.033861 0.002614
v 0.006814 0.033820 0.002546
v 0.007172 0.033746 0.002500
v 0.007531 0.033668 0.002545
v 0.008523 0.033431 0.003426
v 0.000346 -0.034998 0.009241
v -0.000102 -0.035000 0.010414
v -0.002478 -0.034912 0.013077
v 0.002877 -0.034882 0.019257
v -0.002587 -0.034904 0.013146
v 0.000000 -0.035000 0.019257
v -0.002867 -0.034882 0.013311
v -0.002877 -0.034882 0.019257
v -0.003695 -0.034804 0.013700
v -0.001600 -0.034963 0.012400
v -0.000754 -0.034992 0.011472
v -0.000639 -0.034994 0.011314
v -0.012301 -0.032767 0.009216
v -0.011893 -0.032917 0.010376
v -0.011368 -0.033102 0.011314
v -0.013996 -0.032080 0.019257
v -0.011287 -0.033130 0.011432
v -0.010491 -0.033391 0.012365
v -0.009612 -0.033654 0.013077
v -0.009545 -0.033673 0.013121
v -0.011312 -0.033121 0.019257
v -0.008461 -0.033962 0.013688
v -0.008552 -0.033939 0.019257
v -0.007302 -0.034230 0.014032
v -0.005734 -0.034527 0.019257
v -0.006086 -0.034467 0.014150
v -0.004874 -0.034659 0.014037
v -0.034999 -0.000262 0.019257
v -0.034859 -0.003137 0.019257
v -0.034483 -0.005992 0.019257
v -0.033874 -0.008806 0.019257
v -0.033036 -0.011560 0.019257
v -0.031974 -0.014236 0.019257
v -0.030696 -0.016815 0.019257
v -0.029210 -0.019281 0.019257
v -0.027527 -0.021617 0.019257
v -0.025657 -0.023806 0.019257
v -0.023613 -0.025834 0.019257
v -0.021410 -0.027687 0.019257
v -0.019062 -0.029353 0.019257
v -0.016585 -0.030821 0.019257
v 0.005734 -0.034527 0.019257
v 0.011312 -0.033121 0.019257
v 0.008552 -0.033939 0.019257
v 0.016585 -0.030821 0.019257
v 0.013996 -0.032080 0.019257
v 0.021410 -0.027687 0.019257
v 0.019062 -0.029353 0.019257
v 0.025657 -0.023806 0.019257
v 0.023613 -0.025834 0.019257
v 0.029210 -0.019281 0.019257
v 0.027527 -0.021617 0.019257
v 0.031974 -0.014236 0.019257
v 0.030696 -0.016815 0.019257
v 0.034859 -0.003137 0.019257
v 0.034483 -0.005992 0.019257
v 0.033874 -0.008806 0.019257
v 0.033036 -0.011560 0.019257
v -0.034120 -0.000255 0.021379
v -0.033984 -0.003059 0.021379
v -0.033618 -0.005841 0.021379
v -0.033024 -0.008584 0.021379
v -0.032207 -0.011270 0.021379
v -0.031171 -0.013878 0.021379
v -0.029925 -0.016393 0.021379
v -0.028477 -0.018797 0.021379
v -0.026836 -0.021074 0.021379
v -0.025013 -0.023208 0.021379
v -0.023021 -0.025186 0.021379
v -0.020873 -0.026992 0.021379
v -0.018584 -0.028617 0.021379
v -0.016169 -0.030047 0.021379
v -0.013645 -0.031274 0.021379
v -0.011028 -0.032290 0.021379
v -0.008337 -0.033087 0.021379
v -0.005590 -0.033660 0.021379
v -0.002804 -0.034006 0.021379
v 0.000000 -0.034121 0.021379
v 0.002804 -0.034006 0.021379
v 0.005590 -0.033660 0.021379
v 0.008337 -0.033087 0.021379
v 0.011028 -0.032290 0.021379
v 0.013645 -0.031274 0.021379
v 0.016169 -0.030047 0.021379
v 0.018584 -0.028617 0.021379
v 0.020873 -0.026992 0.021379
v 0.023021 -0.025186 0.021379
v 0.025013 -0.023208 0.021379
v 0.026836 -0.021074 0.021379
v 0.028477 -0.018797 0.021379
v 0.029925 -0.016393 0.021379
v 0.031171 -0.013878 0.021379
v 0.032207 -0.011270 0.021379
v 0.033024 -0.008584 0.021379
v 0.033984 -0.003059 0.021379
v 0.033618 -0.005841 0.021379
v 0.033346 0.005598 0.021687
v 0.034632 -0.003117 0.020405
v 0.034258 -0.005953 0.020405
v 0.033653 -0.008748 0.020405
v 0.032820 -0.011484 0.020405
v 0.031765 -0.014143 0.020405
v 0.030496 -0.016706 0.020405
v 0.029019 -0.019156 0.020405
v 0.027347 -0.021476 0.020405
v 0.025489 -0.023651 0.020405
v 0.023459 -0.025666 0.020405
v 0.021271 -0.027507 0.020405
v 0.018938 -0.029162 0.020405
v 0.016477 -0.030620 0.020405
v 0.013905 -0.031870 0.020405
v 0.011239 -0.032905 0.020405
v 0.008496 -0.033718 0.020405
v 0.005696 -0.034302 0.020405
v 0.002858 -0.034654 0.020405
v 0.000000 -0.034121 0.021379
v 0.000000 -0.034772 0.020405
v -0.002858 -0.034654 0.020405
v -0.005696 -0.034302 0.020405
v -0.008496 -0.033718 0.020405
v -0.011239 -0.032905 0.020405
v -0.013905 -0.031870 0.020405
v -0.016477 -0.030620 0.020405
v -0.018938 -0.029162 0.020405
v -0.021271 -0.027507 0.020405
v -0.023459 -0.025666 0.020405
v -0.025489 -0.023651 0.020405
v -0.027347 -0.021476 0.020405
v -0.029019 -0.019156 0.020405
v -0.030496 -0.016706 0.020405
v -0.031765 -0.014143 0.020405
v -0.032820 -0.011484 0.020405
v -0.033653 -0.008748 0.020405
v -0.034258 -0.005953 0.020405
v -0.034632 -0.003117 0.020405
v -0.034771 -0.000260 0.020405
v -0.034772 0.000000 0.020405
v 0.000000 -0.035000 0.019257
v -0.031017 0.016016 0.019996
v -0.032593 0.011546 0.020791
v -0.031732 0.013737 0.020791
v -0.030724 0.015864 0.020791
v -0.033303 0.009302 0.020791
v -0.033859 0.007014 0.020791
v -0.034258 0.004694 0.020791
v -0.034498 0.002353 0.020791
v -0.034827 0.002375 0.019996
v -0.034584 0.004739 0.019996
v -0.034182 0.007081 0.019996
v -0.033621 0.009391 0.019996
v -0.032904 0.011656 0.019996
v -0.032035 0.013868 0.019996
v -0.012423 -0.032186 0.007749
v 0.000666 -0.034494 0.007750
v 0.000000 -0.011500 0.022000
v -0.010209 -0.031607 0.012127
v -0.009576 -0.031719 0.012683
v -0.008877 -0.031842 0.013151
v -0.007328 -0.032115 0.013790
v -0.005670 -0.032408 0.014000
v -0.004835 -0.032555 0.013939
v -0.004015 -0.032700 0.013767
v -0.002475 -0.032971 0.013107
v -0.001156 -0.033204 0.012065
v -0.000609 -0.033300 0.011422
v -0.000148 -0.033381 0.010712
v 0.000481 -0.033492 0.009140
v 0.000688 -0.033529 0.007457
v 0.000459 -0.033488 0.005776
v 0.000628 -0.033518 0.006608
v 0.000011 -0.033972 0.005874
v 0.000218 -0.033877 0.005822
v 0.000376 -0.033707 0.005788
v 0.000603 -0.033747 0.007457
v 0.000398 -0.033711 0.009129
v -0.000227 -0.033601 0.010690
v -0.001228 -0.033424 0.012033
v -0.002538 -0.033193 0.013068
v -0.004067 -0.032924 0.013723
v -0.005710 -0.032634 0.013954
v -0.007357 -0.032343 0.013745
v -0.008894 -0.032072 0.013111
v -0.010217 -0.031839 0.012094
v 0.000441 -0.033916 0.007458
v 0.000240 -0.033881 0.009096
v -0.000372 -0.033773 0.010625
v -0.001353 -0.033600 0.011942
v -0.002637 -0.033373 0.012956
v -0.004135 -0.033109 0.013598
v -0.005745 -0.032825 0.013824
v -0.007358 -0.032541 0.013620
v -0.008865 -0.032275 0.012998
v -0.010161 -0.032047 0.012002
v 0.000227 -0.034010 0.007459
v 0.000032 -0.033976 0.009047
v -0.000561 -0.033871 0.010529
v -0.001512 -0.033704 0.011805
v -0.002756 -0.033484 0.012788
v -0.004208 -0.033228 0.013410
v -0.005769 -0.032953 0.013629
v -0.007333 -0.032677 0.013431
v -0.008793 -0.032420 0.012829
v -0.010049 -0.032198 0.011863
v 0.005910 -0.033863 0.000500
v -0.026139 -0.022325 0.000500
v -0.029588 -0.017498 0.000500
v -0.021911 -0.026486 0.000500
v -0.017031 -0.029859 0.000500
v -0.011644 -0.032343 0.000500
v -0.005910 -0.033863 0.000500
v 0.000000 -0.034375 0.000500
v 0.011644 -0.032343 0.000500
v 0.017031 -0.029859 0.000500
v 0.021911 -0.026486 0.000500
v 0.026139 -0.022325 0.000500
v 0.029588 -0.017498 0.000500
v 0.032156 -0.012151 0.000500
v 0.033766 -0.006441 0.000500
v 0.034371 -0.000540 0.000500
v -0.032156 -0.012151 0.000500
v -0.033766 -0.006441 0.000500
v -0.034371 -0.000540 0.000500
v 0.000000 -0.034375 0.000500
v 0.000000 -0.033875 0.000000
v 0.002034 -0.012911 0.000000
v 0.001225 -0.014175 0.000000
v -0.000039 -0.014984 0.000000
vn -0.0000 -0.0000 -1.0000
vn -0.0000 -1.0000 -0.0000
vn -0.1758 -0.9844 -0.0000
vn -0.5391 -0.8422 -0.0000
vn -0.8422 -0.5391 -0.0000
vn -0.9844 -0.1758 -0.0000
vn -0.0000 1.0000 -0.0000
vn 0.1675 0.9859 -0.0000
vn 0.5509 0.8346 -0.0000
vn 0.8806 0.4738 -0.0000
vn 1.0000 -0.0000 -0.0000
vn 0.8806 -0.4739 -0.0000
vn 0.5509 -0.8346 -0.0000
vn 0.1675 -0.9859 -0.0000
vn 0.7071 0.0026 -0.7071
vn 0.6909 0.0599 -0.7205
vn 0.7054 0.0639 -0.7059
vn 0.6853 0.1793 -0.7059
vn 0.6853 0.1792 -0.7059
vn 0.6464 0.2897 -0.7059
vn 0.5898 0.3923 -0.7059
vn 0.5170 0.4841 -0.7059
vn 0.5171 0.4841 -0.7059
vn 0.4302 0.5627 -0.7059
vn 0.3316 0.6259 -0.7059
vn 0.2239 0.6720 -0.7059
vn 0.1101 0.6997 -0.7059
vn -0.0067 0.7083 -0.7059
vn -0.1233 0.6975 -0.7059
vn -0.2366 0.6676 -0.7059
vn -0.2366 0.6677 -0.7059
vn -0.3434 0.6196 -0.7059
vn -0.3433 0.6195 -0.7059
vn -0.4407 0.5545 -0.7059
vn -0.5261 0.4743 -0.7059
vn -0.5971 0.3811 -0.7059
vn -0.6517 0.2775 -0.7059
vn -0.6885 0.1663 -0.7059
vn -0.7060 0.0546 -0.7061
vn -0.7061 0.0545 -0.7060
vn 1.0000 0.0037 -0.0000
vn 0.9959 0.0902 -0.0000
vn 0.9675 0.2531 -0.0000
vn 0.9125 0.4090 -0.0000
vn 0.8326 0.5538 -0.0000
vn 0.7300 0.6835 -0.0000
vn 0.6074 0.7944 -0.0000
vn 0.5200 0.8542 -0.0000
vn 0.4600 0.8682 -0.1862
vn 0.4476 0.8942 -0.0000
vn 0.3094 0.9285 -0.2051
vn 0.2897 0.9571 -0.0000
vn 0.3679 0.9299 -0.0000
vn 0.1962 0.9806 -0.0000
vn 0.1514 0.9616 -0.2289
vn 0.1145 0.9934 -0.0000
vn 0.0320 0.9995 -0.0000
vn -0.0092 0.9734 -0.2289
vn -0.0508 0.9987 -0.0000
vn -0.1332 0.9911 -0.0000
vn -0.1695 0.9586 -0.2289
vn -0.2147 0.9767 -0.0000
vn -0.2947 0.9556 -0.0000
vn -0.3251 0.9176 -0.2289
vn -0.3727 0.9280 -0.0000
vn -0.4847 0.8747 -0.0000
vn -0.6222 0.7828 -0.0000
vn -0.7427 0.6696 -0.0000
vn -0.8429 0.5380 -0.0000
vn -0.9201 0.3918 -0.0000
vn -0.9720 0.2348 -0.0000
vn -0.9970 0.0770 -0.0000
vn -0.9970 0.0771 -0.0007
vn 0.0004 -0.0001 1.0000
vn 0.0005 -0.0002 1.0000
vn -0.0005 -0.0001 1.0000
vn -0.0005 -0.0000 1.0000
vn -0.0004 0.0001 1.0000
vn 0.0003 -0.0003 1.0000
vn 0.0007 -0.0001 1.0000
vn -0.0000 -0.0000 1.0000
vn -0.0006 0.0001 1.0000
vn -0.0003 -0.0004 1.0000
vn -0.0004 -0.0002 1.0000
vn -0.0551 0.3134 -0.9480
vn -0.5479 0.4346 -0.7148
vn -0.5515 0.4231 -0.7189
vn -0.6513 0.3253 -0.6856
vn -0.6378 0.2972 -0.7106
vn -0.7000 0.1590 -0.6962
vn -0.2737 0.0481 -0.9606
vn -0.5224 0.4768 -0.7069
vn -0.4804 0.5195 -0.7066
vn -0.4251 0.5541 -0.7157
vn -0.4373 0.5353 -0.7227
vn -0.3098 0.6652 -0.6793
vn -0.3354 0.6201 -0.7092
vn -0.1647 0.6952 -0.6997
vn -0.4427 -0.4464 -0.7777
vn -0.4580 -0.5404 -0.7058
vn -0.3898 -0.5612 -0.7302
vn -0.4372 -0.5698 -0.6958
vn -0.2973 -0.6382 -0.7101
vn -0.2470 -0.7055 -0.6643
vn -0.1023 -0.5814 -0.8072
vn -0.5204 -0.4791 -0.7068
vn -0.5480 -0.4346 -0.7147
vn -0.5515 -0.4232 -0.7189
vn -0.6127 -0.3655 -0.7007
vn -0.6334 -0.2951 -0.7153
vn -0.6989 -0.2419 -0.6731
vn -0.5890 -0.1036 -0.8015
vn -0.5619 -0.8272 -0.0018
vn 0.8671 -0.1202 0.4835
vn 0.9999 -0.0121 0.0049
vn 0.9999 0.0115 0.0064
vn 0.9996 0.0045 0.0263
vn 0.9996 -0.0220 0.0155
vn 0.9999 -0.0129 0.0003
vn 0.0575 0.9624 0.2656
vn 0.9997 -0.0246 0.0013
vn 0.9999 -0.0070 0.0112
vn 0.9999 -0.0053 0.0120
vn 0.9999 -0.0026 0.0152
vn 0.9999 0.0007 0.0132
vn 0.9997 0.0225 0.0064
vn 0.9659 0.2588 -0.0000
vn 0.9915 0.1305 -0.0000
vn 0.7952 0.3294 -0.5091
vn 0.7934 0.6087 -0.0000
vn 0.7068 0.7068 -0.0271
vn 0.6087 0.7934 -0.0000
vn 0.3827 0.9239 -0.0000
vn 0.2587 0.9656 -0.0271
vn 0.1305 0.9914 -0.0000
vn 0.6643 0.2751 -0.6950
vn 0.6977 0.0918 -0.7105
vn 0.4427 0.4464 -0.7777
vn 0.4580 0.5405 -0.7058
vn 0.3897 0.5612 -0.7302
vn 0.0909 0.6905 -0.7176
vn 0.2577 0.6732 -0.6930
vn 0.2691 0.6498 -0.7109
vn 0.4372 0.5698 -0.6958
vn 0.5204 0.4792 -0.7068
vn 0.5480 0.4345 -0.7147
vn 0.5515 0.4231 -0.7189
vn 0.6127 0.3655 -0.7007
vn 0.6425 0.2592 -0.7211
vn 0.5481 -0.4342 -0.7149
vn 0.5515 -0.4232 -0.7189
vn 0.6513 -0.3253 -0.6856
vn 0.6164 -0.2553 -0.7449
vn 0.7648 -0.1435 -0.6281
vn 0.3552 -0.0468 -0.9336
vn 0.2552 -0.6162 -0.7451
vn 0.1504 -0.7544 -0.6389
vn 0.0531 -0.4035 -0.9135
vn 0.5224 -0.4768 -0.7069
vn 0.4804 -0.5194 -0.7066
vn 0.4252 -0.5541 -0.7157
vn 0.4373 -0.5353 -0.7227
vn 0.3240 -0.6524 -0.6851
vn 0.1305 -0.9914 -0.0000
vn 0.2587 -0.9656 -0.0271
vn 0.3827 -0.9239 -0.0000
vn 0.6087 -0.7934 -0.0000
vn 0.7068 -0.7068 -0.0271
vn 0.7934 -0.6087 -0.0000
vn 0.9659 -0.2588 -0.0000
vn 0.7952 -0.3294 -0.5091
vn 0.9915 -0.1305 -0.0000
vn -0.1736 -0.9848 -0.0000
vn -0.1737 -0.9848 -0.0000
vn -0.3488 -0.9341 0.0765
vn -0.6511 -0.7272 0.2174
vn -0.8524 -0.4103 0.3242
vn 0.1290 -0.0513 -0.9903
vn 0.0719 -0.2866 -0.9553
vn 0.0686 -0.2957 -0.9528
vn -0.0219 -0.2239 -0.9744
vn -0.0714 -0.2107 -0.9749
vn -0.1713 -0.1662 -0.9711
vn -0.1690 -0.0130 -0.9855
vn -0.1720 -0.2076 -0.9630
vn -0.3450 -0.2201 -0.9124
vn -0.1331 -0.2084 -0.9690
vn -0.9484 -0.3092 -0.0695
vn -0.9924 -0.0216 -0.1216
vn -0.9954 -0.0219 0.0929
vn -0.9684 -0.2147 0.1269
vn -0.9752 -0.0261 0.2196
vn -0.9238 -0.0337 0.3815
vn -0.9238 -0.0336 0.3815
vn -0.9786 -0.0253 -0.2042
vn -0.9287 -0.0326 -0.3694
vn -0.9287 -0.0328 -0.3694
vn -0.8040 -0.0547 -0.5920
vn -0.8041 -0.0548 -0.5920
vn -0.6937 -0.0757 -0.7163
vn -0.6258 -0.2690 -0.7321
vn -0.5960 -0.0923 -0.7977
vn -0.4093 -0.1243 -0.9039
vn -0.4570 -0.4094 -0.7896
vn -0.3346 -0.1390 -0.9320
vn 0.4294 -0.5215 -0.7374
vn 0.5494 -0.2933 -0.7824
vn 0.3757 -0.2637 -0.8884
vn 0.2723 -0.4482 -0.8514
vn 0.2579 -0.2435 -0.9350
vn 0.0985 -0.2143 -0.9718
vn 0.1156 -0.1249 -0.9854
vn 0.6169 -0.3065 -0.7249
vn 0.7291 -0.3248 -0.6025
vn 0.7290 -0.3249 -0.6024
vn -0.8523 -0.4104 0.3242
vn -0.9092 -0.4005 0.1143
vn -0.9092 -0.4003 0.1144
vn -0.9106 -0.4001 -0.1033
vn -0.9106 -0.4002 -0.1033
vn -0.8565 -0.4097 -0.3139
vn -0.7506 -0.4283 -0.5031
vn -0.7506 -0.4284 -0.5031
vn -0.6001 -0.4549 -0.6580
vn -0.6000 -0.4551 -0.6579
vn -0.4151 -0.4877 -0.7680
vn -0.4152 -0.4876 -0.7681
vn -0.2085 -0.5240 -0.8258
vn 0.0058 -0.5618 -0.8272
vn 0.0059 -0.5617 -0.8274
vn 0.2133 -0.5982 -0.7724
vn 0.2132 -0.5984 -0.7723
vn 0.3995 -0.6312 -0.6648
vn 0.5521 -0.6582 -0.5119
vn -0.6510 -0.7274 0.2172
vn -0.6891 -0.7206 0.0766
vn -0.6900 -0.7205 -0.0692
vn -0.6901 -0.7204 -0.0692
vn -0.6538 -0.7268 -0.2104
vn -0.6539 -0.7268 -0.2104
vn -0.5829 -0.7393 -0.3372
vn -0.5829 -0.7392 -0.3373
vn -0.4820 -0.7570 -0.4411
vn -0.3581 -0.7789 -0.5149
vn -0.3580 -0.7790 -0.5148
vn -0.2195 -0.8034 -0.5535
vn -0.2195 -0.8034 -0.5536
vn -0.0758 -0.8287 -0.5546
vn 0.0632 -0.8532 -0.5178
vn 0.0632 -0.8533 -0.5176
vn 0.1880 -0.8753 -0.4456
vn 0.1881 -0.8752 -0.4457
vn 0.2905 -0.8932 -0.3432
vn 0.2904 -0.8933 -0.3431
vn -0.3489 -0.9340 0.0766
vn -0.3623 -0.9317 0.0270
vn -0.3621 -0.9318 0.0269
vn -0.3624 -0.9317 -0.0244
vn -0.3625 -0.9317 -0.0244
vn -0.3497 -0.9339 -0.0740
vn -0.3247 -0.9383 -0.1187
vn -0.2892 -0.9446 -0.1553
vn -0.2892 -0.9446 -0.1552
vn -0.2456 -0.9523 -0.1812
vn -0.1968 -0.9609 -0.1949
vn -0.1968 -0.9609 -0.1948
vn -0.1463 -0.9698 -0.1952
vn -0.1463 -0.9698 -0.1950
vn -0.0973 -0.9784 -0.1824
vn -0.0973 -0.9784 -0.1822
vn -0.0534 -0.9862 -0.1569
vn -0.0533 -0.9862 -0.1569
vn -0.0175 -0.9925 -0.1207
vn -0.0173 -0.9925 -0.1209
vn -0.1871 0.0330 -0.9818
vn -0.1186 0.1420 -0.9827
vn -0.3066 0.0541 -0.9503
vn -0.4261 0.0751 -0.9015
vn -0.4833 0.1946 -0.8535
vn -0.5732 0.1011 -0.8132
vn -0.6727 0.1186 -0.7303
vn -0.7470 0.2097 -0.6309
vn -0.7844 0.1436 -0.6034
vn -0.9303 0.1570 -0.3315
vn -0.8865 0.2724 -0.3740
vn -0.9632 0.1698 -0.2082
vn -0.9818 0.1731 -0.0787
vn -0.9603 0.2789 0.0093
vn -0.9073 0.1600 0.3889
vn -0.9059 0.2412 0.3480
vn -0.9598 0.1692 0.2239
vn -0.9804 0.1729 0.0947
vn 0.6917 -0.1220 -0.7118
vn 0.2485 -0.0438 -0.9676
vn -0.2612 0.0461 -0.9642
vn -0.7010 0.1236 -0.7024
vn -0.9529 0.1680 -0.2524
vn -0.9495 0.1674 0.2653
vn 0.1951 -0.9808 -0.0000
vn 0.5556 -0.8315 -0.0000
vn 0.8315 -0.5556 -0.0000
vn 0.9808 -0.1951 -0.0000
vn -0.9849 -0.1732 -0.0000
vn -0.9658 -0.2588 -0.0126
vn -0.9064 -0.4223 -0.0000
vn -0.7934 -0.6087 -0.0000
vn -0.7070 -0.7070 -0.0142
vn -0.6087 -0.7934 -0.0000
vn -0.4222 -0.9065 -0.0000
vn -0.2588 -0.9658 -0.0126
vn -0.1733 -0.9849 -0.0000
vn -1.0000 -0.0000 -0.0000
vn -0.1733 0.9849 -0.0000
vn -0.2588 0.9658 -0.0126
vn -0.4222 0.9065 -0.0000
vn -0.6087 0.7934 -0.0000
vn -0.7070 0.7070 -0.0142
vn -0.7934 0.6087 -0.0000
vn -0.9064 0.4223 -0.0000
vn -0.9658 0.2588 -0.0126
vn -0.9849 0.1732 -0.0000
vn 0.9808 0.1951 -0.0000
vn 0.8315 0.5556 -0.0000
vn 0.5556 0.8315 -0.0000
vn 0.1951 0.9808 -0.0000
vn 0.2079 0.9781 -0.0001
vn 0.2079 0.9781 -0.0000
vn 0.2079 0.9782 -0.0000
vn 0.2079 0.9781 0.0001
vn -0.8155 0.1777 -0.5508
vn -0.9598 0.2007 -0.1962
vn -0.9643 0.2050 -0.1676
vn -0.4617 0.1068 -0.8806
vn -0.5447 0.1131 -0.8310
vn -0.8121 0.1760 -0.5563
vn 0.0021 0.0099 -0.9999
vn -0.1202 0.0256 -0.9924
vn -0.3089 0.0657 -0.9488
vn 0.4652 -0.0903 -0.8806
vn 0.3082 -0.0655 -0.9491
vn 0.1194 -0.0253 -0.9925
vn 0.8772 -0.1651 -0.4509
vn 0.7716 -0.1618 -0.6152
vn 0.5424 -0.1179 -0.8318
vn 0.8172 -0.1695 -0.5509
vn 0.9635 -0.2087 -0.1675
vn 0.9592 -0.2039 -0.1956
vn -0.0000 1.0000 -0.0039
vn 0.0005 0.9800 -0.1989
vn -0.0037 0.9859 -0.1675
vn 0.0041 0.8346 -0.5509
vn 0.0033 0.8314 -0.5556
vn -0.0025 0.5591 -0.8291
vn 0.0087 0.4738 -0.8806
vn -0.0000 0.3182 -0.9480
vn -0.0000 0.1231 -0.9924
vn 0.0101 -0.0000 -0.9999
vn -0.0000 -0.1231 -0.9924
vn -0.0000 -0.3142 -0.9494
vn 0.0084 -0.4738 -0.8806
vn -0.0026 -0.5554 -0.8316
vn 0.0033 -0.8346 -0.5509
vn 0.0048 -0.8289 -0.5593
vn -0.0043 -0.9859 -0.1675
vn -0.0000 -0.9799 -0.1993
vn 0.2078 -0.9782 0.0001
vn 0.2079 -0.9781 -0.0001
vn 0.2079 -0.9781 -0.0000
vn 0.2079 -0.9781 0.0001
vn 0.2079 -0.9782 -0.0000
vn 0.9643 0.2050 -0.1675
vn 0.9587 0.2070 -0.1950
vn 0.8172 0.1695 -0.5509
vn 0.8139 0.1697 -0.5557
vn 0.5427 0.1180 -0.8316
vn 0.4652 0.0903 -0.8806
vn 0.3071 0.0653 -0.9494
vn 0.1203 0.0256 -0.9924
vn 0.0021 -0.0099 -0.9999
vn -0.1206 -0.0256 -0.9924
vn -0.3076 -0.0654 -0.9493
vn -0.4617 -0.1067 -0.8806
vn -0.5439 -0.1130 -0.8315
vn -0.8157 -0.1768 -0.5508
vn -0.8099 -0.1771 -0.5592
vn -0.9652 -0.2007 -0.1676
vn -0.9585 -0.2037 -0.1993
vn -0.0000 -0.9859 -0.1675
vn 0.0033 -0.9806 -0.1962
vn -0.0042 -0.8346 -0.5509
vn -0.0033 -0.8309 -0.5564
vn 0.0026 -0.5559 -0.8313
vn -0.0084 -0.4738 -0.8806
vn -0.0001 -0.3155 -0.9489
vn -0.0001 -0.1225 -0.9925
vn -0.0101 -0.0000 -0.9999
vn -0.0001 0.1225 -0.9925
vn -0.0001 0.3162 -0.9487
vn -0.0085 0.4738 -0.8806
vn 0.0026 0.5564 -0.8309
vn -0.0033 0.8346 -0.5509
vn -0.0043 0.8311 -0.5561
vn 0.0037 0.9859 -0.1675
vn -0.0000 0.9807 -0.1955
vn -0.9659 -0.2588 -0.0000
vn -0.7071 -0.7071 -0.0000
vn -0.2588 -0.9659 -0.0000
vn 0.2588 -0.9659 -0.0000
vn 0.7071 -0.7071 -0.0000
vn -0.9844 -0.1757 -0.0000
vn -0.2063 -0.9785 -0.0000
vn -0.9825 -0.1862 -0.0003
vn -0.8444 -0.5357 0.0004
vn -0.8422 -0.5391 0.0005
vn -0.5774 -0.8165 -0.0005
vn -0.5391 -0.8423 0.0010
vn -0.1759 -0.9844 -0.0012
vn -0.1141 0.9935 -0.0000
vn -0.1759 0.9844 0.0013
vn -0.9746 0.2241 -0.0000
vn -0.9844 0.1757 -0.0021
vn -0.8422 0.5391 0.0015
vn -0.2902 0.9570 -0.0000
vn -0.4888 0.8724 -0.0000
vn -0.5391 0.8422 0.0017
vn -0.6655 0.7464 -0.0000
vn -0.8150 0.5794 -0.0000
vn 0.2588 0.9659 -0.0000
vn 0.7071 0.7071 -0.0000
vn 0.3519 -0.0621 0.9340
vn 0.2309 -0.0416 0.9721
vn 0.7422 -0.1309 0.6572
vn 0.6449 -0.1451 0.7503
vn 0.6301 -0.1551 0.7608
vn 0.5364 -0.0946 0.8386
vn 0.3520 -0.0621 0.9339
vn 0.0537 -0.8478 0.5276
vn 0.2635 -0.3156 0.9116
vn 0.9733 -0.1716 0.1522
vn 0.9675 -0.2345 0.0946
vn 0.9483 -0.1521 0.2784
vn 0.8608 -0.1896 0.4723
vn 0.8653 -0.2102 0.4549
vn 0.8020 -0.1414 0.5803
vn -0.2588 0.9659 -0.0000
vn -0.7071 0.7071 -0.0000
vn -0.9659 0.2588 -0.0000
vn -0.2281 0.9736 -0.0000
vn -0.9661 0.2582 -0.0000
vn -0.2196 0.7586 0.6134
vn -0.1525 0.6839 0.7135
vn -0.2122 0.7487 0.6280
vn -0.3555 0.9339 0.0381
vn -0.1223 0.9922 0.0226
vn -0.0745 0.9963 0.0428
vn -0.1643 0.9596 0.2285
vn -0.0553 0.9969 0.0560
vn -0.1308 0.9717 0.1968
vn -0.1723 0.9718 0.1611
vn -0.0738 0.9880 0.1360
vn -0.1285 0.9891 0.0724
vn -0.1082 0.9911 0.0771
vn -0.3715 0.7696 0.5193
vn -0.2316 0.8263 0.5134
vn -0.2991 0.7565 0.5816
vn -0.1205 0.9927 0.0053
vn -0.1181 0.9929 0.0122
vn -0.3630 0.9301 0.0554
vn -0.3443 0.9303 0.1261
vn -0.1813 0.9700 0.1618
vn -0.1860 0.8917 0.4126
vn -0.2416 0.8918 0.3824
vn -0.2421 0.8851 0.3974
vn -0.3094 0.8877 0.3411
vn -0.3398 0.9081 0.2449
vn -0.3279 0.9101 0.2534
vn -0.3529 0.9214 0.1626
vn -0.1289 0.9907 0.0430
vn -0.1149 0.9922 0.0489
vn -0.3558 0.9346 -0.0000
vn -0.2406 0.9706 0.0078
vn -0.1205 0.9927 -0.0000
vn -0.6585 0.2896 0.6946
vn -0.7323 0.2486 0.6340
vn -0.7443 0.2622 0.6142
vn -0.9519 0.2112 0.2220
vn -0.9917 0.0900 0.0915
vn -0.9905 0.1329 0.0361
vn -0.9904 0.1375 0.0165
vn -0.9906 0.1358 0.0136
vn -0.9878 0.1333 0.0801
vn -0.9491 0.2001 0.2431
vn -0.9853 0.0931 0.1432
vn -0.9859 0.1272 0.1089
vn -0.7736 0.4039 0.4884
vn -0.8281 0.3408 0.4452
vn -0.8268 0.4605 0.3231
vn -0.9164 0.3024 0.2624
vn -0.9046 0.3570 0.2329
vn -0.9895 0.1316 0.0600
vn -0.9894 0.1368 0.0489
vn -0.9166 0.3967 0.0503
vn -0.9067 0.4216 0.0141
vn -0.9251 0.3545 0.1362
vn -0.8969 0.4332 0.0890
vn -0.9049 0.4016 0.1406
vn -0.9879 0.1301 0.0846
vn -0.9126 0.3026 0.2751
vn -0.9113 0.2502 0.3271
vn -0.8824 0.3020 0.3608
vn -0.8832 0.2183 0.4150
vn -0.7749 0.2979 0.5575
vn -0.7423 0.3378 0.5787
vn -0.9907 0.1358 -0.0000
vn -0.9177 0.3972 -0.0000
vn 0.7891 0.0232 0.6138
vn 0.9763 0.1776 0.1239
vn 0.7373 0.1166 0.6655
vn 0.7817 0.1096 0.6140
vn 0.8258 0.1455 0.5449
vn 0.9127 0.1436 0.3826
vn 0.9303 0.1689 0.3256
vn 0.9781 0.1750 0.1129
vn 0.9658 0.2293 0.1209
vn 0.9919 0.0291 0.1240
vn 0.9487 0.0279 0.3150
vn 0.9229 0.0423 0.3827
vn 0.8936 0.0263 0.4480
vn 0.7857 0.0782 0.6137
vn 0.7857 0.0782 0.6136
vn 0.9194 0.0915 0.3824
vn 0.9194 0.0915 0.3825
vn 0.9874 0.0982 0.1239
vn 0.9874 0.0983 0.1239
vn 0.4574 0.8404 0.2908
vn 0.2607 0.7782 0.5714
vn 0.2880 0.7219 0.6292
vn 0.3434 0.8030 0.4870
vn -0.2965 0.7728 0.5612
vn -0.2960 0.7740 0.5597
vn -0.2979 0.7312 0.6137
vn -0.2379 0.7529 0.6137
vn -0.1763 0.7696 0.6137
vn -0.1136 0.7814 0.6137
vn -0.0502 0.7880 0.6137
vn -0.0502 0.7880 0.6136
vn 0.0136 0.7895 0.6136
vn 0.0136 0.7895 0.6137
vn 0.0772 0.7858 0.6137
vn 0.1404 0.7770 0.6137
vn 0.2027 0.7631 0.6137
vn 0.2636 0.7442 0.6137
vn -0.3967 0.8473 0.3531
vn -0.4401 0.8959 0.0602
vn 0.5234 0.8431 0.1231
vn 0.4804 0.8751 0.0581
vn 0.4619 0.8782 0.1240
vn 0.4057 0.9056 0.1240
vn 0.4057 0.9056 0.1239
vn 0.3313 0.9354 0.1239
vn 0.3313 0.9354 0.1240
vn 0.2547 0.9590 0.1240
vn 0.1764 0.9765 0.1240
vn 0.1765 0.9765 0.1239
vn 0.0971 0.9875 0.1239
vn 0.0170 0.9921 0.1239
vn 0.0171 0.9921 0.1239
vn -0.0631 0.9903 0.1239
vn -0.1428 0.9820 0.1239
vn -0.2216 0.9672 0.1239
vn -0.2989 0.9462 0.1239
vn -0.2989 0.9462 0.1240
vn -0.3743 0.9190 0.1239
vn -0.3743 0.9190 0.1240
vn -0.4257 0.8963 0.1241
vn -0.4331 0.8767 0.2092
vn 0.3773 0.8587 0.3467
vn 0.3821 0.8530 0.3556
vn 0.3636 0.8493 0.3826
vn 0.3085 0.8710 0.3824
vn 0.2372 0.8931 0.3824
vn 0.2372 0.8930 0.3824
vn 0.1643 0.9093 0.3824
vn 0.0904 0.9196 0.3824
vn 0.0904 0.9195 0.3824
vn 0.0159 0.9238 0.3824
vn 0.0159 0.9238 0.3825
vn -0.0587 0.9221 0.3825
vn -0.0587 0.9221 0.3824
vn -0.1330 0.9144 0.3824
vn -0.2063 0.9007 0.3824
vn -0.2064 0.9007 0.3824
vn -0.2784 0.8811 0.3824
vn -0.3486 0.8557 0.3824
vn -0.3696 0.8467 0.3827
vn -0.3730 0.7650 0.5251
vn 0.2309 0.6893 0.6867
vn 0.1875 0.6454 0.7405
vn 0.1815 0.6834 0.7071
vn 0.0994 0.7017 0.7055
vn 0.1074 0.5944 0.7970
vn 0.0696 0.7075 0.7032
vn -0.0132 0.7007 0.7134
vn 0.0103 0.6020 0.7985
vn -0.0452 0.7088 0.7040
vn -0.1268 0.6909 0.7118
vn -0.2550 0.6666 0.7005
vn -0.2430 0.6626 0.7085
vn -0.2148 0.6798 0.7012
vn -0.2090 0.6738 0.7087
vn -0.1584 0.6915 0.7048
vn -0.0864 0.5938 0.8000
vn -0.6518 0.3017 0.6958
vn -0.6294 0.2474 0.7367
vn -0.6492 0.2478 0.7192
vn -0.6464 0.2940 0.7041
vn -0.6704 0.2251 0.7071
vn -0.6777 0.2022 0.7071
vn -0.6512 0.1529 0.7434
vn -0.6341 0.1541 0.7577
vn -0.7055 0.1213 0.6983
vn -0.6833 0.0526 0.7283
vn -0.6217 0.0637 0.7807
vn -0.7069 0.0241 0.7069
vn 0.0004 -0.6518 0.7584
vn 0.0013 -0.6657 0.7462
vn 0.0023 -0.6793 0.7338
vn 0.0039 -0.6908 0.7231
vn 0.0054 -0.6991 0.7150
vn -0.0000 -0.6799 0.7333
vn -0.0000 -0.5702 0.8215
vn -0.0002 -0.6215 0.7834
vn 0.0014 -0.5676 0.8233
vn -0.0045 -0.5250 0.8511
vn -0.0071 -0.5073 0.8618
vn -0.0104 -0.4880 0.8728
vn 0.0070 -0.5724 0.8199
vn -0.0066 -0.4629 0.8864
vn -0.0001 -0.4431 0.8965
vn 0.0005 -0.5001 0.8660
vn 0.0059 -0.5434 0.8394
vn -0.0000 -0.2554 0.9668
vn 0.0039 -0.3281 0.9446
vn 0.0116 -0.3817 0.9242
vn 0.0024 -0.3316 0.9434
vn -0.0000 -0.4229 0.9062
vn -0.0000 -0.4479 0.8941
vn -0.0000 -0.2079 0.9782
vn 0.0023 -0.1124 0.9937
vn 0.0064 -0.1411 0.9900
vn 0.0013 0.1430 0.9897
vn 0.0071 0.0748 0.9972
vn 0.0028 0.1124 0.9937
vn -0.0001 0.0216 0.9998
vn 0.0002 -0.0524 0.9986
vn -0.0000 0.4077 0.9131
vn 0.0023 0.3497 0.9368
vn 0.0059 0.3042 0.9526
vn 0.0031 0.3316 0.9434
vn -0.0000 0.2547 0.9670
vn -0.0000 0.2069 0.9784
vn -0.0000 0.4532 0.8914
vn -0.0003 0.4431 0.8965
vn 0.0008 0.5159 0.8566
vn -0.0043 0.5092 0.8606
vn -0.0050 0.5006 0.8657
vn 0.0069 0.5865 0.8099
vn -0.0085 0.4656 0.8849
vn -0.0061 0.4890 0.8723
vn -0.0000 0.5702 0.8215
vn -0.0135 0.5953 0.8034
vn -0.0000 0.6799 0.7333
vn 0.0040 0.7211 0.6928
vn 0.0027 0.7055 0.7087
vn 0.0018 0.6918 0.7221
vn -0.0036 0.5177 0.8556
vn 0.0005 0.5684 0.8227
vn -0.0002 0.6339 0.7734
vn 0.0007 0.6711 0.7414
vn -0.8724 0.4888 -0.0000
vn -0.8885 0.4588 -0.0072
vn -0.9036 0.4283 -0.0000
vn -0.9307 0.3658 -0.0000
vn -0.9426 0.3339 -0.0072
vn -0.9534 0.3017 -0.0000
vn -0.9717 0.2361 -0.0000
vn -0.9792 0.2028 -0.0072
vn -0.9855 0.1694 -0.0000
vn -0.9948 0.1020 -0.0000
vn -0.9977 0.0680 -0.0072
vn -0.9994 0.0340 -0.0000
vn -0.0957 -0.9935 -0.0624
vn 0.9990 -0.0258 -0.0374
vn 0.9990 -0.0429 -0.0089
vn 1.0000 -0.0054 -0.0000
vn 0.9984 -0.0564 0.0030
vn 0.9991 -0.0373 -0.0205
vn 0.9988 -0.0489 -0.0091
vn 0.9983 -0.0579 -0.0032
vn 0.9981 -0.0623 0.0002
vn 0.9989 -0.0467 0.0075
vn 0.9993 -0.0342 0.0155
vn 0.9991 -0.0429 0.0077
vn 0.9999 -0.0143 0.0013
vn 0.4690 -0.8798 0.0767
vn 0.5158 -0.8567 -0.0000
vn 0.3919 -0.9200 -0.0000
vn 0.3618 -0.9318 0.0297
vn 0.3117 -0.9502 -0.0000
vn -0.0803 -0.9968 -0.0061
vn 0.0660 -0.9978 0.0029
vn 0.0661 -0.9978 0.0008
vn 0.0664 -0.9978 -0.0011
vn 0.0661 -0.9978 -0.0000
vn 0.0549 -0.9985 -0.0060
vn 0.0480 -0.9988 -0.0108
vn 0.0433 -0.9990 -0.0146
vn 0.0340 -0.9991 -0.0241
vn 0.0702 -0.9969 0.0360
vn -0.0084 -0.9999 -0.0077
vn -0.0154 -0.9998 -0.0131
vn -0.0197 -0.9997 -0.0109
vn -0.0561 -0.9984 0.0025
vn 0.2235 -0.9747 -0.0075
vn 0.2394 -0.9708 -0.0170
vn 0.2408 -0.9705 -0.0152
vn 0.2134 -0.9770 -0.0026
vn 0.2027 -0.9792 -0.0000
vn 0.1554 -0.9878 -0.0001
vn 0.1792 -0.9827 -0.0466
vn 0.1674 -0.9855 -0.0260
vn 0.1556 -0.9877 -0.0120
vn 0.1462 -0.9893 -0.0043
vn 0.1391 -0.9903 -0.0000
vn 0.1476 -0.9890 0.0039
vn 0.1583 -0.9873 0.0100
vn 0.2384 -0.9711 0.0113
vn 0.2274 -0.9736 0.0200
vn 0.1713 -0.9850 0.0202
vn 0.1837 -0.9824 0.0335
vn 0.1974 -0.9791 0.0497
vn 0.1962 -0.9792 0.0511
vn 0.2167 -0.9758 0.0296
vn 0.2498 -0.9683 0.0052
vn 0.2584 -0.9660 0.0020
vn 0.2656 -0.9641 -0.0000
vn 0.2597 -0.9657 -0.0022
vn 0.2517 -0.9678 -0.0064
vn 0.9979 -0.0646 -0.0000
vn 0.9853 -0.1706 -0.0000
vn 0.9418 -0.3363 -0.0000
vn 0.8706 -0.4921 -0.0000
vn 0.7738 -0.6334 -0.0000
vn 0.6544 -0.7562 -0.0000
vn 0.5443 -0.8389 -0.0000
vn -0.9063 0.4227 -0.0000
vn -0.7072 0.7070 -0.0000
vn -0.7069 0.7073 -0.0000
vn 0.7073 -0.7069 -0.0000
vn 0.9064 0.4224 -0.0000
vn -0.9062 -0.4228 -0.0000
vn 0.9064 -0.4224 -0.0000
vn -0.0013 -0.0036 -1.0000
vn -0.0011 -0.0035 -1.0000
vn -0.0373 -0.1407 -0.9894
vn -0.0007 -0.0036 -1.0000
vn -0.0006 -0.0045 -1.0000
vn -0.0004 -0.0034 -1.0000
vn -0.0002 -0.0044 -1.0000
vn -0.0001 -0.0035 -1.0000
vn 0.0002 -0.0042 -1.0000
vn 0.0002 -0.0036 -1.0000
vn 0.0005 -0.0040 -1.0000
vn 0.0005 -0.0037 -1.0000
vn 0.0008 -0.0038 -1.0000
vn 0.0011 -0.0036 -1.0000
vn 0.0012 -0.0039 -1.0000
vn 0.0015 -0.0036 -1.0000
vn 0.0016 -0.0040 -1.0000
vn 0.0016 -0.0030 -1.0000
vn 0.0010 -0.0017 -1.0000
vn 0.3353 -0.4853 -0.8075
vn 0.0013 -0.0016 -1.0000
vn 0.0630 -0.0640 -0.9960
vn 0.0015 -0.0014 -1.0000
vn 0.0333 -0.0238 -0.9992
vn 0.0018 -0.0011 -1.0000
vn 0.0217 -0.0104 -0.9997
vn 0.0021 -0.0009 -1.0000
vn 0.0154 -0.0044 -0.9999
vn 0.0023 -0.0006 -1.0000
vn 0.0114 -0.0012 -0.9999
vn 0.0029 -0.0002 -1.0000
vn 0.0038 -0.0000 -1.0000
vn 0.0046 0.0002 -1.0000
vn 0.0019 0.0002 -1.0000
vn 0.0812 0.0149 -0.9966
vn 0.0018 0.0005 -1.0000
vn 0.0580 0.0211 -0.9981
vn 0.0017 0.0008 -1.0000
vn 0.0381 0.0216 -0.9990
vn 0.0017 0.0012 -1.0000
vn 0.0031 0.0023 -1.0000
vn -0.0010 -0.0000 -1.0000
vn -0.1505 0.0261 -0.9883
vn -0.0018 0.0005 -1.0000
vn -0.1160 0.0415 -0.9924
vn -0.0017 0.0008 -1.0000
vn -0.0888 0.0502 -0.9948
vn -0.0016 0.0011 -1.0000
vn -0.0666 0.0545 -0.9963
vn -0.0014 0.0014 -1.0000
vn -0.0483 0.0558 -0.9973
vn -0.0011 0.0016 -1.0000
vn -0.0021 0.0032 -1.0000
vn -0.0057 -0.0006 -1.0000
vn -0.0028 -0.0007 -1.0000
vn -0.0072 -0.0020 -1.0000
vn -0.0024 -0.0011 -1.0000
vn -0.0088 -0.0042 -1.0000
vn -0.0020 -0.0014 -1.0000
vn -0.0107 -0.0077 -0.9999
vn -0.0017 -0.0016 -1.0000
vn -0.0132 -0.0134 -0.9998
vn -0.0013 -0.0017 -1.0000
vn -0.0103 -0.0148 -0.9998
vn -0.0020 -0.0033 -1.0000
vn -0.0064 0.0007 -1.0000
vn -0.0038 -0.0000 -1.0000
vn -0.0039 -0.0000 -1.0000
vn -0.0032 -0.0003 -1.0000
vn 0.0001 0.0010 -1.0000
vn 0.0024 0.0053 -1.0000
vn -0.0000 0.0001 -1.0000
vn 0.0005 0.0022 -1.0000
vn 0.0003 0.0009 -1.0000
vn -0.1737 -0.9848 0.0001
vn -0.1738 -0.9848 0.0001
vn -0.1738 -0.9848 -0.0000
vn -0.1741 -0.9847 -0.0001
vn -0.1735 -0.9848 0.0001
vn -0.1737 -0.9848 -0.0001
vn -0.1736 -0.9848 0.0001
vn -0.1736 -0.9848 -0.0002
vn -0.1734 -0.9848 -0.0003
vn -0.1735 -0.9848 -0.0000
vn -0.1734 -0.9848 -0.0000
vn -0.1736 -0.9848 0.0002
vn -0.4153 -0.9095 -0.0204
vn -0.3809 -0.9244 -0.0227
vn -0.3792 -0.9252 -0.0134
vn -0.3667 -0.9290 -0.0497
vn -0.3726 -0.9273 -0.0362
vn -0.4088 -0.9126 -0.0050
vn -0.4080 -0.9130 0.0009
vn -0.4079 -0.9130 0.0031
vn -0.2597 -0.9637 -0.0627
vn -0.2540 -0.9530 -0.1651
vn -0.2709 -0.9623 -0.0227
vn -0.2799 -0.9600 -0.0070
vn -0.2966 -0.9550 0.0017
vn -0.6825 -0.7297 0.0426
vn -0.6611 -0.7503 -0.0000
vn -0.7440 -0.6682 -0.0000
vn -0.7761 -0.6300 0.0287
vn -0.7970 -0.6039 -0.0000
vn -0.9986 -0.0512 0.0106
vn -0.9991 -0.0379 0.0212
vn -0.9991 -0.0252 0.0349
vn -0.9988 -0.0492 0.0063
vn -1.0000 -0.0054 -0.0000
vn -0.9979 -0.0639 -0.0044
vn -0.9985 -0.0542 -0.0125
vn -0.9987 -0.0419 -0.0273
vn -0.9987 -0.0492 -0.0145
vn -0.9999 -0.0145 -0.0022
vn -0.8702 -0.4927 -0.0000
vn -0.9399 -0.3415 -0.0000
vn -0.9835 -0.1808 -0.0000
vn -0.9976 -0.0693 -0.0000
vn -0.9964 -0.0842 0.0084
vn -0.4018 -0.9157 -0.0000
vn -0.5275 -0.8496 -0.0000
vn -0.6199 -0.7847 -0.0000
vn -0.3920 0.9199 -0.0000
vn -0.8136 0.5814 -0.0000
vn -0.7015 0.7126 -0.0000
vn -0.5686 0.8226 -0.0000
vn -0.9014 0.4329 -0.0081
vn -0.8637 0.5039 -0.0000
vn -1.0000 0.0054 -0.0000
vn -1.0000 0.0079 0.0004
vn -0.9941 0.1079 -0.0132
vn -0.9943 0.1055 0.0128
vn -0.9953 0.0898 0.0364
vn -0.9947 0.1019 0.0139
vn -0.9997 0.0237 0.0001
vn -0.9999 0.0134 -0.0000
vn -1.0000 0.0079 -0.0000
vn -1.0000 0.0055 -0.0009
vn -0.9999 0.0136 -0.0000
vn -0.9948 0.1019 -0.0019
vn -0.9934 0.0794 -0.0833
vn -0.9947 0.0951 -0.0399
vn 0.3406 0.9402 -0.0000
vn 0.4203 0.9074 0.0027
vn 0.4187 0.9081 -0.0000
vn 0.4978 0.8673 -0.0000
vn 0.5686 0.8226 0.0036
vn 0.5706 0.8212 -0.0000
vn 1.0000 0.0054 -0.0000
vn 1.0000 0.0079 -0.0006
vn 0.9941 0.1079 -0.0132
vn 0.9947 0.0951 -0.0401
vn 0.9946 0.1019 -0.0211
vn 0.9997 0.0240 -0.0002
vn 0.9999 0.0138 0.0001
vn 1.0000 0.0079 -0.0000
vn 1.0000 0.0055 0.0005
vn 0.9999 0.0137 -0.0000
vn 0.9948 0.1019 0.0010
vn 0.9950 0.0709 0.0710
vn 0.9953 0.0896 0.0367
vn 0.1041 0.9940 0.0336
vn 0.0863 0.9963 0.0006
vn 0.1747 0.9846 -0.0000
vn 0.0730 0.9972 0.0189
vn 0.0909 0.9957 -0.0153
vn 0.0430 0.9941 0.0993
vn 0.1292 0.9916 -0.0020
vn 0.2629 0.9636 -0.0497
vn 0.1697 0.9855 -0.0000
vn 0.1745 0.9847 -0.0000
vn 0.1840 0.9829 -0.0010
vn 0.1929 0.9812 -0.0049
vn 0.2016 0.9794 -0.0100
vn 0.2559 0.9650 -0.0572
vn 0.2279 0.9636 -0.1401
vn 0.2483 0.9648 -0.0864
vn 0.2766 0.9607 -0.0236
vn 0.2876 0.9577 -0.0080
vn 0.2948 0.9556 -0.0000
vn 0.2856 0.9583 0.0076
vn 0.2725 0.9619 0.0208
vn 0.2570 0.9656 0.0404
vn 0.2561 0.9658 0.0419
vn 0.2282 0.9734 0.0216
vn 0.2144 0.9767 0.0126
vn 0.2020 0.9794 0.0062
vn 0.1936 0.9811 0.0032
vn 0.1842 0.9829 0.0006
vn 0.7015 0.7126 -0.0000
vn 0.8136 0.5814 -0.0000
vn 0.9015 0.4329 -0.0000
vn 0.9625 0.2714 -0.0000
vn 0.9935 0.1140 -0.0000
vn 0.9919 0.1259 0.0171
vn 0.0845 0.9964 -0.0000
vn -0.0432 0.9991 -0.0000
vn -0.0863 0.9961 0.0184
vn -0.1292 0.9916 -0.0000
vn -0.2143 0.9768 -0.0000
vn -0.2562 0.9664 0.0184
vn -0.2978 0.9546 -0.0000
vn -0.3790 0.9253 0.0139
vn -0.4699 0.8826 -0.0105
vn -0.4575 0.8892 -0.0000
vn -0.9933 0.1157 -0.0000
vn -0.9625 0.2714 -0.0000
vn -0.9040 0.4276 -0.0000
vn 0.0491 -0.9988 0.0063
vn 0.0558 -0.9982 0.0199
vn -0.0447 -0.9980 0.0437
vn 0.0411 -0.9986 -0.0330
vn -0.0697 -0.9975 0.0139
vn -0.0411 -0.9992 0.0001
vn -0.0937 -0.9956 -0.0000
vn -0.0327 -0.9989 0.0332
vn -0.0120 -0.9997 0.0198
vn -0.0002 -0.9999 0.0142
vn -0.3786 -0.9255 0.0045
vn -0.3438 -0.9390 0.0072
vn -0.3364 -0.9417 0.0099
vn -0.3259 -0.9453 0.0141
vn -0.3060 -0.9517 0.0254
vn -0.2944 -0.9550 0.0345
vn -0.3618 -0.9320 -0.0204
vn -0.2627 -0.9648 0.0111
vn -0.2840 -0.9588 -0.0007
vn -0.2253 -0.9743 0.0003
vn -0.2042 -0.9789 0.0056
vn -0.1914 -0.9815 0.0016
vn -0.1231 -0.9924 -0.0032
vn -0.1550 -0.9878 0.0172
vn -0.1213 -0.9926 0.0041
vn -1.0000 -0.0037 -0.0000
vn -1.0000 -0.0036 -0.0000
vn 1.0000 -0.0037 -0.0000
vn -0.9988 -0.0486 -0.0000
vn -0.9959 -0.0896 -0.0105
vn -0.9914 -0.1305 -0.0000
vn -0.9774 -0.2116 -0.0000
vn -0.9678 -0.2516 -0.0105
vn -0.9567 -0.2912 -0.0000
vn -0.9295 -0.3688 -0.0000
vn -0.9135 -0.4067 -0.0105
vn -0.8960 -0.4440 -0.0000
vn -0.8565 -0.5161 -0.0000
vn -0.8345 -0.5509 -0.0105
vn -0.8112 -0.5848 -0.0000
vn -0.7604 -0.6494 -0.0000
vn -0.7330 -0.6801 -0.0105
vn -0.7045 -0.7098 -0.0000
vn -0.6437 -0.7652 -0.0000
vn -0.6117 -0.7910 -0.0105
vn -0.5787 -0.8156 -0.0000
vn -0.5097 -0.8604 -0.0000
vn -0.4738 -0.8805 -0.0105
vn -0.4372 -0.8993 -0.0000
vn -0.3758 -0.9267 -0.0000
vn -0.3555 -0.9347 0.0040
vn 0.0075 -0.9999 0.0108
vn 0.0397 -0.9992 -0.0000
vn 0.1231 -0.9924 -0.0000
vn 0.1638 -0.9864 -0.0105
vn 0.3232 -0.9463 -0.0105
vn 0.2840 -0.9588 -0.0000
vn 0.2042 -0.9789 -0.0000
vn 0.4738 -0.8805 -0.0105
vn 0.4372 -0.8993 -0.0000
vn 0.3619 -0.9322 -0.0000
vn 0.6117 -0.7910 -0.0105
vn 0.5787 -0.8156 -0.0000
vn 0.5097 -0.8604 -0.0000
vn 0.7330 -0.6801 -0.0105
vn 0.7045 -0.7098 -0.0000
vn 0.6437 -0.7652 -0.0000
vn 0.8345 -0.5509 -0.0105
vn 0.8112 -0.5848 -0.0000
vn 0.7604 -0.6494 -0.0000
vn 0.9135 -0.4067 -0.0105
vn 0.8960 -0.4440 -0.0000
vn 0.8565 -0.5161 -0.0000
vn 0.9990 -0.0449 0.0010
vn 0.9912 -0.1305 -0.0210
vn 0.9960 -0.0896 -0.0000
vn 0.9774 -0.2116 -0.0000
vn 0.9678 -0.2516 -0.0105
vn 0.9567 -0.2912 -0.0000
vn 0.9295 -0.3688 -0.0000
vn 0.9553 0.2956 -0.0107
vn 0.8631 0.5050 -0.0000
vn 0.9139 0.4060 -0.0019
vn 0.9247 0.3807 0.0001
vn 0.9550 0.2967 -0.0000
vn 0.9380 0.3450 -0.0320
vn 0.9482 0.3172 -0.0183
vn 0.8948 0.4464 -0.0081
vn 0.8852 0.4647 -0.0199
vn 0.9024 0.4307 -0.0081
vn 0.7835 0.6213 -0.0005
vn 0.8113 0.5845 -0.0136
vn 0.8207 0.5714 -0.0069
vn 0.8472 0.5313 -0.0000
vn 0.6923 0.7216 -0.0048
vn 0.7066 0.7075 -0.0124
vn 0.7330 0.6802 -0.0027
vn 0.7563 0.6542 0.0001
vn 0.5275 0.8496 -0.0000
vn 0.5460 0.8378 -0.0018
vn 0.5823 0.8130 -0.0081
vn 0.6158 0.7875 -0.0254
vn 0.5836 0.8120 -0.0055
vn 0.6389 0.7693 -0.0000
vn 0.6577 0.7533 -0.0000
vn 0.9996 0.0294 -0.0000
vn 0.9951 0.0990 -0.0000
vn 0.9902 0.1391 -0.0101
vn 0.9839 0.1790 -0.0000
vn 0.9669 0.2551 -0.0000
vn 0.9709 0.2305 -0.0648
vn 0.4812 0.8766 -0.0000
vn 0.4454 0.8953 -0.0101
vn 0.4088 0.9126 -0.0000
vn 0.3339 0.9426 -0.0000
vn 0.2955 0.9553 -0.0101
vn 0.2567 0.9665 -0.0000
vn 0.1778 0.9841 -0.0000
vn 0.1379 0.9904 -0.0101
vn 0.0978 0.9952 -0.0000
vn 0.0172 0.9999 -0.0000
vn -0.0232 0.9997 -0.0101
vn -0.0636 0.9980 -0.0000
vn -0.1439 0.9896 -0.0000
vn -0.1838 0.9829 -0.0101
vn -0.2233 0.9747 -0.0000
vn -0.3013 0.9535 -0.0000
vn -0.3395 0.9405 -0.0101
vn -0.3773 0.9261 -0.0000
vn -0.4409 0.8975 -0.0000
vn -0.7071 -0.0026 0.7071
vn -0.6946 -0.0575 0.7171
vn -0.6030 -0.0293 0.7972
vn -0.7062 -0.0930 0.7019
vn -0.6767 -0.1714 0.7160
vn -0.5887 -0.1274 0.7983
vn -0.6809 -0.2072 0.7025
vn -0.6403 -0.2809 0.7149
vn -0.5585 -0.2216 0.7994
vn -0.6372 -0.3157 0.7030
vn -0.5863 -0.3831 0.7138
vn -0.5134 -0.3094 0.8004
vn -0.5765 -0.4156 0.7036
vn -0.5162 -0.4752 0.7126
vn -0.4547 -0.3883 0.8015
vn -0.5002 -0.5040 0.7041
vn -0.4316 -0.5546 0.7114
vn -0.3840 -0.4564 0.8026
vn -0.4106 -0.5786 0.7047
vn -0.3351 -0.6191 0.7102
vn -0.3033 -0.5119 0.8037
vn -0.3100 -0.6375 0.7053
vn -0.2290 -0.6670 0.7090
vn -0.2148 -0.5534 0.8048
vn -0.2012 -0.6791 0.7059
vn -0.1163 -0.6968 0.7078
vn -0.1209 -0.5796 0.8059
vn -0.0871 -0.7023 0.7065
vn -0.0291 -0.7065 0.7071
vn -0.0000 -0.6452 0.7640
vn 0.0291 -0.7065 0.7071
vn 0.0871 -0.7023 0.7065
vn 0.1062 -0.6364 0.7640
vn 0.1443 -0.6916 0.7078
vn 0.2012 -0.6791 0.7059
vn 0.2095 -0.6103 0.7640
vn 0.2554 -0.6580 0.7084
vn 0.3100 -0.6375 0.7053
vn 0.3071 -0.5675 0.7640
vn 0.3594 -0.6067 0.7090
vn 0.4106 -0.5786 0.7047
vn 0.3963 -0.5092 0.7640
vn 0.4535 -0.5391 0.7097
vn 0.5002 -0.5040 0.7041
vn 0.4748 -0.4371 0.7639
vn 0.5352 -0.4571 0.7103
vn 0.5765 -0.4156 0.7036
vn 0.5403 -0.3530 0.7638
vn 0.6023 -0.3629 0.7110
vn 0.6372 -0.3157 0.7030
vn 0.5911 -0.2593 0.7638
vn 0.6530 -0.2591 0.7117
vn 0.6809 -0.2072 0.7025
vn 0.6258 -0.1585 0.7637
vn 0.7067 -0.0317 0.7068
vn 0.6434 -0.0533 0.7637
vn 0.7062 -0.0930 0.7019
vn 0.6859 -0.1485 0.7124
vn 0.7024 0.1111 0.7030
vn 0.7008 0.1095 0.7049
vn 0.6859 0.0682 0.7245
vn 0.7302 0.0904 0.6772
vn 0.6834 0.0201 0.7298
vn 0.7068 0.0309 0.7068
vn 0.7888 -0.0354 0.6136
vn 0.9482 -0.0426 0.3148
vn 0.8932 -0.0401 0.4478
vn 0.8298 -0.0545 0.5555
vn 0.8246 -0.1086 0.5552
vn 0.8245 -0.1085 0.5553
vn 0.8128 -0.1759 0.5553
vn 0.7956 -0.2422 0.5553
vn 0.7730 -0.3067 0.5553
vn 0.7452 -0.3692 0.5553
vn 0.7123 -0.4292 0.5553
vn 0.6747 -0.4863 0.5553
vn 0.6324 -0.5401 0.5553
vn 0.5859 -0.5903 0.5553
vn 0.5354 -0.6364 0.5553
vn 0.4813 -0.6783 0.5553
vn 0.4239 -0.7155 0.5553
vn 0.3637 -0.7480 0.5553
vn 0.3009 -0.7753 0.5553
vn 0.2362 -0.7974 0.5553
vn 0.1699 -0.8141 0.5553
vn 0.1024 -0.8254 0.5553
vn 0.1024 -0.8254 0.5552
vn 0.0342 -0.8310 0.5552
vn 0.0342 -0.8310 0.5553
vn -0.0342 -0.8310 0.5553
vn -0.0342 -0.8310 0.5552
vn -0.1024 -0.8254 0.5552
vn -0.1024 -0.8254 0.5553
vn -0.1699 -0.8141 0.5553
vn -0.2362 -0.7974 0.5553
vn -0.3009 -0.7753 0.5553
vn -0.3637 -0.7480 0.5553
vn -0.3636 -0.7480 0.5553
vn -0.4239 -0.7155 0.5553
vn -0.4813 -0.6783 0.5553
vn -0.5354 -0.6364 0.5553
vn -0.5859 -0.5903 0.5553
vn -0.6324 -0.5401 0.5553
vn -0.6747 -0.4863 0.5553
vn -0.7123 -0.4292 0.5553
vn -0.7452 -0.3692 0.5553
vn -0.7730 -0.3067 0.5553
vn -0.7956 -0.2422 0.5553
vn -0.8128 -0.1759 0.5553
vn -0.8245 -0.1086 0.5553
vn -0.8246 -0.1085 0.5552
vn -0.8307 -0.0404 0.5552
vn -0.8307 -0.0404 0.5553
vn -0.8314 -0.0031 0.5556
vn 0.9913 -0.0445 0.1239
vn 0.9789 -0.0611 0.1950
vn 0.9724 -0.1280 0.1949
vn 0.9586 -0.2075 0.1949
vn 0.9383 -0.2856 0.1949
vn 0.9117 -0.3617 0.1949
vn 0.8789 -0.4354 0.1949
vn 0.8401 -0.5062 0.1949
vn 0.7957 -0.5735 0.1949
vn 0.7458 -0.6370 0.1949
vn 0.6909 -0.6961 0.1949
vn 0.6314 -0.7506 0.1949
vn 0.5676 -0.7999 0.1949
vn 0.4999 -0.8439 0.1949
vn 0.4999 -0.8438 0.1949
vn 0.4289 -0.8821 0.1949
vn 0.4288 -0.8821 0.1949
vn 0.3549 -0.9144 0.1949
vn 0.2786 -0.9404 0.1949
vn 0.2003 -0.9601 0.1949
vn 0.1207 -0.9734 0.1949
vn 0.1208 -0.9733 0.1950
vn 0.0403 -0.9800 0.1950
vn 0.0403 -0.9800 0.1949
vn -0.0403 -0.9800 0.1949
vn -0.0403 -0.9800 0.1950
vn -0.1207 -0.9734 0.1950
vn -0.1208 -0.9734 0.1949
vn -0.2003 -0.9601 0.1949
vn -0.2786 -0.9404 0.1949
vn -0.3549 -0.9144 0.1949
vn -0.4289 -0.8821 0.1949
vn -0.4288 -0.8821 0.1949
vn -0.4999 -0.8439 0.1949
vn -0.5676 -0.7999 0.1949
vn -0.6314 -0.7506 0.1949
vn -0.6909 -0.6961 0.1949
vn -0.7458 -0.6370 0.1949
vn -0.7957 -0.5735 0.1949
vn -0.8401 -0.5062 0.1949
vn -0.8789 -0.4354 0.1949
vn -0.8789 -0.4355 0.1949
vn -0.9117 -0.3617 0.1949
vn -0.9383 -0.2856 0.1949
vn -0.9586 -0.2075 0.1949
vn -0.9724 -0.1280 0.1949
vn -0.9797 -0.0477 0.1949
vn -0.9808 -0.0037 0.1951
vn -0.9808 -0.0036 0.1951
vn -0.8566 0.4751 0.2014
vn -0.8719 0.4774 0.1086
vn -0.7348 0.2888 0.6137
vn -0.7164 0.3316 0.6138
vn -0.7226 0.3425 0.6005
vn -0.7253 0.3404 0.5983
vn -0.7441 0.4145 0.5239
vn -0.7808 0.2329 0.5798
vn -0.7483 0.2513 0.6139
vn -0.7527 0.2381 0.6137
vn -0.7672 0.1864 0.6137
vn -0.7781 0.1338 0.6137
vn -0.7781 0.1337 0.6138
vn -0.7854 0.0805 0.6138
vn -0.7854 0.0805 0.6137
vn -0.9802 0.0334 0.1950
vn -0.9923 -0.0017 0.1237
vn -0.9871 0.1012 0.1240
vn -0.9871 0.1012 0.1239
vn -0.9780 0.1681 0.1239
vn -0.9642 0.2343 0.1239
vn -0.9642 0.2342 0.1240
vn -0.9461 0.2993 0.1240
vn -0.9235 0.3630 0.1240
vn -0.8967 0.4250 0.1240
vn -0.8684 0.4801 0.1240
vn -0.8722 0.4887 0.0188
vn -0.8311 0.0283 0.5554
vn -0.7902 -0.0086 0.6127
vn -0.9228 0.0446 0.3826
vn -0.9191 0.0942 0.3825
vn -0.9192 0.0942 0.3825
vn -0.9106 0.1565 0.3825
vn -0.8978 0.2181 0.3825
vn -0.8809 0.2787 0.3825
vn -0.8599 0.3380 0.3825
vn -0.8349 0.3957 0.3825
vn -0.8205 0.4246 0.3827
vn -0.8271 0.4602 0.3227
vn 0.9736 -0.1717 -0.1505
vn 0.9747 -0.1926 -0.1132
vn 0.9823 -0.1784 -0.0565
vn 0.9846 -0.1736 -0.0186
vn 0.8004 -0.1411 -0.5826
vn 0.8502 -0.1499 -0.5047
vn 0.8903 -0.2058 -0.4063
vn 0.9216 -0.1731 -0.3474
vn 0.9722 -0.1641 -0.1671
vn 0.7346 -0.1355 -0.6648
vn 0.6757 -0.1645 -0.7186
vn 0.6062 -0.1069 -0.7881
vn 0.3613 -0.1061 -0.9264
vn 0.4447 -0.0814 -0.8920
vn 0.5312 -0.0937 -0.8420
vn -0.0071 -0.0401 -0.9992
vn 0.0933 -0.0172 -0.9955
vn 0.2740 -0.0476 -0.9606
vn -0.5000 0.0866 -0.8617
vn -0.4202 0.0573 -0.9056
vn -0.3758 0.0240 -0.9264
vn -0.2693 0.0490 -0.9618
vn -0.0902 0.0142 -0.9958
vn -0.7984 0.1408 -0.5854
vn -0.7319 0.1207 -0.6706
vn -0.6911 0.0769 -0.7186
vn -0.6032 0.1063 -0.7905
vn -0.5285 0.0932 -0.8438
vn -0.9027 0.1408 -0.4067
vn -0.9303 0.0926 -0.3548
vn -0.8486 0.1496 -0.5074
vn -0.9706 0.1711 -0.1692
vn -0.9697 0.1794 -0.1656
vn -0.9908 0.1230 -0.0569
vn -0.9806 0.1600 -0.1132
vn -0.9846 0.1736 -0.0188
vn -0.3427 -0.7863 0.5141
vn -0.2993 0.0522 0.9527
vn -0.9195 0.1621 0.3582
vn -0.9473 0.1670 0.2733
vn -0.9774 0.1470 0.1521
vn -0.9774 0.1471 0.1520
vn -0.9844 0.1736 0.0279
vn -0.8621 0.0866 0.4994
vn -0.8732 0.1199 0.4724
vn -0.7871 0.1388 0.6009
vn -0.7278 0.1283 0.6736
vn -0.6456 0.0670 0.7608
vn -0.6196 0.0855 0.7803
vn -0.3458 0.0962 0.9334
vn -0.3818 0.0674 0.9218
vn 0.2589 0.9659 -0.0000
vn -0.2589 0.9659 -0.0000
vn -0.0000 0.9806 0.1962
vn 0.0038 0.9859 0.1675
vn -0.0042 0.8346 0.5509
vn -0.0032 0.8307 0.5568
vn 0.0026 0.5554 0.8316
vn -0.0084 0.4739 0.8805
vn -0.0000 0.3137 0.9495
vn -0.0000 0.1235 0.9923
vn -0.0101 -0.0000 0.9999
vn -0.0001 -0.1223 0.9925
vn -0.0001 -0.3164 0.9486
vn -0.0085 -0.4739 0.8805
vn 0.0026 -0.5565 0.8308
vn -0.0033 -0.8346 0.5509
vn -0.0042 -0.8314 0.5556
vn 0.0037 -0.9859 0.1675
vn -0.0000 -0.9808 0.1950
vn -0.9592 -0.2039 0.1956
vn -0.9651 -0.2013 0.1676
vn -0.8155 -0.1776 0.5508
vn -0.8121 -0.1759 0.5564
vn -0.5435 -0.1129 0.8318
vn -0.4618 -0.1067 0.8806
vn -0.3073 -0.0653 0.9494
vn -0.1199 -0.0255 0.9925
vn 0.0021 -0.0099 0.9999
vn 0.1207 0.0257 0.9924
vn 0.3079 0.0654 0.9492
vn 0.4653 0.0903 0.8806
vn 0.5436 0.1182 0.8310
vn 0.8170 0.1702 0.5509
vn 0.8121 0.1677 0.5588
vn 0.9634 0.2092 0.1675
vn 0.9586 0.2037 0.1991
vn -0.0000 -0.9807 0.1955
vn -0.0037 -0.9859 0.1675
vn 0.0041 -0.8346 0.5509
vn 0.0032 -0.8311 0.5561
vn -0.0025 -0.5590 0.8291
vn 0.0087 -0.4739 0.8805
vn -0.0000 -0.3184 0.9480
vn -0.0000 -0.1230 0.9924
vn 0.0101 -0.0000 0.9999
vn -0.0000 0.1230 0.9924
vn -0.0000 0.3145 0.9493
vn 0.0084 0.4739 0.8805
vn -0.0026 0.5559 0.8312
vn 0.0034 0.8346 0.5509
vn 0.0048 0.8292 0.5590
vn -0.0043 0.9859 0.1675
vn -0.0000 0.9800 0.1992
vn 0.9591 -0.2039 0.1963
vn 0.9635 -0.2087 0.1675
vn 0.8741 -0.1838 0.4497
vn 0.8184 -0.1638 0.5509
vn 0.7709 -0.1617 0.6161
vn 0.5429 -0.1180 0.8314
vn 0.4653 -0.0903 0.8806
vn 0.3067 -0.0652 0.9496
vn 0.1209 -0.0257 0.9923
vn 0.0021 0.0099 0.9999
vn -0.1195 0.0255 0.9925
vn -0.3084 0.0656 0.9490
vn -0.4618 0.1067 0.8806
vn -0.5437 0.1129 0.8317
vn -0.8157 0.1768 0.5508
vn -0.8123 0.1770 0.5557
vn -0.9651 0.2014 0.1676
vn -0.9593 0.2039 0.1951
vn -0.6917 0.1220 0.7118
vn -0.2485 0.0438 0.9676
vn 0.2612 -0.0461 0.9642
vn 0.7010 -0.1236 0.7024
vn 0.9529 -0.1680 0.2524
vn 0.9495 -0.1674 -0.2653
vn 0.5855 0.0900 -0.8057
vn 0.4970 -0.0876 -0.8633
vn 0.6635 -0.1170 -0.7390
vn 0.7636 -0.0591 -0.6430
vn 0.7773 -0.1371 -0.6140
vn 0.1338 -0.0236 -0.9907
vn 0.1987 0.0545 -0.9786
vn 0.2975 -0.0525 -0.9533
vn 0.4175 -0.0736 -0.9057
vn -0.7361 0.1298 0.6644
vn -0.7329 0.3133 0.6039
vn -0.6443 0.1136 0.7563
vn -0.5417 0.0955 0.8351
vn -0.4052 0.1957 0.8930
vn -0.3708 0.0654 0.9264
vn -0.0578 0.0102 0.9983
vn -0.0885 0.1996 0.9759
vn 0.0710 -0.0125 0.9974
vn 0.1986 -0.0350 0.9795
vn 0.3416 0.0640 0.9377
vn 0.3829 -0.0675 0.9213
vn 0.6543 -0.1154 0.7474
vn 0.6262 0.0737 0.7762
vn 0.7448 -0.1313 0.6543
vn 0.8225 -0.1450 0.5500
vn 0.9007 -0.0346 0.4330
vn 0.9123 -0.1609 0.3765
vn 0.9831 -0.1733 0.0587
vn 0.9925 0.0090 0.1218
vn 0.9073 -0.1600 -0.3888
vn 0.9447 -0.0423 -0.3253
vn 0.9646 -0.1701 -0.2016
vn 0.9822 -0.1732 -0.0721
vn 0.0080 -0.9970 -0.0764
vn 0.3631 -0.9061 -0.2174
vn 0.6604 -0.6773 -0.3242
vn 0.8566 -0.3475 -0.3815
vn 0.9123 -0.3586 -0.1978
vn 0.8232 -0.5537 -0.1256
vn 0.9296 -0.3617 -0.0707
vn 0.9251 -0.3597 0.1216
vn 0.9252 -0.3596 0.1216
vn 0.8615 -0.3484 0.3694
vn 0.8615 -0.3483 0.3694
vn 0.7730 -0.3339 0.5394
vn 0.6491 -0.5230 0.5525
vn 0.6967 -0.3207 0.6417
vn 0.5598 -0.2950 0.7744
vn 0.5597 -0.2952 0.7743
vn 0.3421 -0.2568 0.9039
vn 0.3421 -0.2569 0.9039
vn 0.1609 -0.2261 0.9607
vn 0.0538 -0.4179 0.9069
vn 0.0358 -0.2039 0.9783
vn -0.1533 -0.1693 0.9736
vn -0.3973 -0.1263 0.9089
vn -0.3974 -0.1264 0.9089
vn -0.5651 -0.0980 0.8192
vn -0.6139 -0.3001 0.7301
vn -0.6658 -0.0804 0.7418
vn -0.7962 -0.0562 0.6024
vn -0.7962 -0.0561 0.6024
vn 0.6605 -0.6772 -0.3242
vn 0.7174 -0.6873 -0.1143
vn 0.7173 -0.6873 -0.1143
vn 0.7188 -0.6876 0.1033
vn 0.7189 -0.6874 0.1033
vn 0.6648 -0.6779 0.3139
vn 0.6647 -0.6780 0.3139
vn 0.5588 -0.6593 0.5031
vn 0.4082 -0.6328 0.6580
vn 0.2233 -0.6002 0.7680
vn 0.2234 -0.6001 0.7681
vn 0.0167 -0.5637 0.8258
vn 0.0167 -0.5638 0.8257
vn -0.1976 -0.5260 0.8272
vn -0.4050 -0.4895 0.7722
vn -0.4050 -0.4893 0.7724
vn -0.5914 -0.4565 0.6648
vn -0.5913 -0.4564 0.6648
vn -0.7439 -0.4296 0.5119
vn -0.7439 -0.4297 0.5118
vn 0.3631 -0.9061 -0.2173
vn 0.4012 -0.9128 -0.0766
vn 0.4013 -0.9128 -0.0767
vn 0.4022 -0.9129 0.0692
vn 0.4021 -0.9130 0.0692
vn 0.3658 -0.9066 0.2104
vn 0.3659 -0.9066 0.2104
vn 0.2949 -0.8940 0.3373
vn 0.2947 -0.8941 0.3372
vn 0.1939 -0.8763 0.4410
vn 0.1940 -0.8762 0.4411
vn 0.0700 -0.8544 0.5149
vn 0.0700 -0.8545 0.5148
vn -0.0686 -0.8300 0.5535
vn -0.0685 -0.8300 0.5535
vn -0.2122 -0.8044 0.5548
vn -0.2121 -0.8046 0.5546
vn -0.3512 -0.7801 0.5178
vn -0.4761 -0.7581 0.4456
vn -0.4762 -0.7580 0.4457
vn -0.5785 -0.7400 0.3432
vn 0.0083 -0.9970 -0.0765
vn 0.0217 -0.9994 -0.0270
vn 0.0220 -0.9995 0.0244
vn 0.0219 -0.9995 0.0244
vn 0.0091 -0.9972 0.0740
vn 0.0092 -0.9972 0.0740
vn -0.0158 -0.9928 0.1187
vn -0.0157 -0.9928 0.1188
vn -0.0512 -0.9865 0.1554
vn -0.0513 -0.9865 0.1553
vn -0.0949 -0.9789 0.1812
vn -0.0950 -0.9789 0.1812
vn -0.1437 -0.9703 0.1948
vn -0.1438 -0.9703 0.1946
vn -0.1942 -0.9613 0.1954
vn -0.1943 -0.9614 0.1950
vn -0.2431 -0.9527 0.1821
vn -0.2432 -0.9527 0.1822
vn -0.2871 -0.9450 0.1568
vn -0.3231 -0.9386 0.1207
vn -0.3232 -0.9386 0.1208
vn 0.1830 -0.9831 -0.0021
vn -0.7633 -0.6460 -0.0000
vn -0.8126 -0.5807 -0.0496
vn -0.7010 -0.7121 -0.0390
vn -0.7040 -0.7102 -0.0000
vn -0.5016 -0.8651 -0.0018
vn -0.5426 -0.8384 -0.0514
vn -0.5510 -0.7973 -0.2465
vn -0.6081 -0.7939 -0.0000
vn -0.6402 -0.7682 -0.0000
vn -0.4655 -0.8850 -0.0018
vn -0.4067 -0.8822 -0.2373
vn -0.3971 -0.9139 -0.0841
vn -0.1928 -0.9812 -0.0000
vn -0.2443 -0.9561 -0.1621
vn -0.2495 -0.9411 -0.2282
vn -0.3105 -0.9506 -0.0026
vn -0.3497 -0.9369 -0.0026
vn -0.0050 -1.0000 -0.0025
vn -0.0309 -0.9993 -0.0211
vn -0.0843 -0.9735 -0.2124
vn -0.0917 -0.9829 -0.1597
vn -0.1527 -0.9883 -0.0000
vn 0.1625 -0.9867 -0.0021
vn 0.1329 -0.9903 -0.0396
vn 0.0840 -0.9705 -0.2261
vn 0.0715 -0.9902 -0.1202
vn 0.0157 -0.9999 -0.0025
vn 0.2338 -0.9686 -0.0847
vn 0.2489 -0.9386 -0.2391
vn 0.3070 -0.9517 -0.0000
vn 0.3405 -0.9403 -0.0000
vn 0.4186 -0.9080 -0.0196
vn 0.4202 -0.9074 -0.0000
vn 0.5705 -0.8207 -0.0317
vn 0.4978 -0.8673 -0.0000
vn 0.5686 -0.8226 -0.0000
vn 0.7015 -0.7126 -0.0000
vn 0.8136 -0.5814 -0.0000
vn 0.9015 -0.4329 -0.0000
vn 0.9625 -0.2714 -0.0000
vn 0.9948 -0.1019 -0.0000
vn 1.0000 -0.0078 -0.0000
vn -1.0000 -0.0085 -0.0007
vn -0.8162 -0.5778 -0.0000
vn -0.9015 -0.4329 -0.0000
vn -0.9625 -0.2714 -0.0000
vn -0.9948 -0.1019 -0.0000
vn -1.0000 -0.0078 -0.0000
vn 0.7071 -0.0055 -0.7071
vn 0.7048 -0.0722 -0.7058
vn 0.7047 -0.0722 -0.7058
vn 0.6818 -0.1923 -0.7058
vn 0.6386 -0.3067 -0.7058
vn 0.5764 -0.4119 -0.7058
vn 0.4970 -0.5048 -0.7058
vn 0.4028 -0.5828 -0.7058
vn 0.2966 -0.6433 -0.7058
vn 0.2966 -0.6434 -0.7057
vn 0.1816 -0.6848 -0.7058
vn 0.0611 -0.7058 -0.7058
vn -0.0611 -0.7058 -0.7058
vn -0.1816 -0.6848 -0.7058
vn -0.1816 -0.6848 -0.7057
vn -0.2966 -0.6434 -0.7058
vn -0.2966 -0.6433 -0.7058
vn -0.4028 -0.5828 -0.7058
vn -0.4970 -0.5048 -0.7058
vn -0.5764 -0.4119 -0.7058
vn -0.6386 -0.3067 -0.7058
vn -0.6818 -0.1923 -0.7058
vn -0.7047 -0.0722 -0.7058
vn -0.7048 -0.0722 -0.7058
vn -0.7071 -0.0055 -0.7071
vn -0.7071 -0.0056 -0.7071
vn -0.9844 0.1758 -0.0000
vn -0.8422 0.5391 -0.0000
vn -0.5391 0.8422 -0.0000
vn -0.1758 0.9844 -0.0000
vn -0.0000 -0.2589 0.9659
vn -0.0000 -0.7071 0.7071
vn -0.0000 -0.9659 0.2588
vn -0.0000 -0.9659 -0.2588
vn -0.0000 -0.7071 -0.7071
vn -0.0000 -0.2588 -0.9659
vn -0.9851 0.1722 -0.0000
vn -0.9822 0.1879 -0.0005
vn -0.9132 0.4075 0.0002
vn -0.8388 0.5444 -0.0016
vn -0.8037 0.5950 0.0001
vn -0.6386 0.7696 -0.0001
vn -0.5699 0.8217 -0.0018
vn -0.0612 0.9981 -0.0000
vn -0.2067 0.9784 -0.0018
vn -0.2369 0.9715 -0.0009
vn -0.4573 0.8893 0.0005
vn -0.0000 0.9919 0.1270
vn -0.9981 0.0612 -0.0000
vn -0.9741 0.2260 -0.0030
vn -0.9718 0.2359 -0.0026
vn -0.8897 0.4565 0.0010
vn -0.7839 0.6209 -0.0022
vn -0.7712 0.6366 -0.0016
vn -0.5968 0.8024 0.0011
vn -0.5048 0.8632 -0.0015
vn -0.2443 0.9697 0.0026
vn -0.1796 0.9837 -0.0000
vn -0.2441 0.9348 0.2580
vn -0.2442 -0.7715 0.5874
vn -0.9356 -0.1166 0.3332
vn -0.9981 -0.0612 0.0069
vn -0.9981 -0.0584 0.0204
vn -0.9981 -0.0521 0.0328
vn -0.9981 -0.0436 0.0436
vn -0.9981 -0.0204 0.0582
vn -0.9981 -0.0069 0.0612
vn -0.9981 0.0436 0.0436
vn -0.9981 0.0522 0.0328
vn -0.9981 0.0582 0.0204
vn -0.9981 0.0612 0.0069
vn -0.9981 -0.0616 0.0069
vn -0.9714 -0.2358 0.0266
vn -0.9360 -0.3479 0.0533
vn -0.6681 -0.3959 0.6300
vn -0.9356 -0.1878 0.2989
vn -0.9981 -0.0328 0.0522
vn -0.9356 0.0395 0.3508
vn -0.9714 0.2358 0.0266
vn -0.9360 0.3478 0.0533
vn -0.8885 0.4559 0.0514
vn -0.5943 -0.7992 0.0900
vn -0.6689 -0.7371 0.0965
vn -0.7693 -0.6348 0.0715
vn -0.8887 -0.4557 0.0514
vn -0.6681 0.0833 0.7394
vn -0.6681 -0.0833 0.7394
vn -0.9356 0.2496 0.2496
vn -0.9356 0.2497 0.2496
vn -0.6681 0.5261 0.5261
vn -0.2429 -0.9639 0.1086
vn -0.2428 -0.9640 0.1086
vn -0.2441 -0.9348 0.2580
vn -0.9981 -0.0581 0.0203
vn -0.9356 -0.3332 0.1166
vn -0.6682 -0.7023 0.2457
vn -0.3481 -0.8848 0.3096
vn -0.2438 -0.9001 0.3610
vn -0.9981 -0.0522 0.0328
vn -0.9356 -0.2989 0.1878
vn -0.6682 -0.6300 0.3958
vn -0.6681 -0.6300 0.3959
vn -0.2429 -0.8214 0.5161
vn -0.3307 -0.8101 0.4841
vn -0.9356 -0.2496 0.2496
vn -0.9356 -0.2497 0.2496
vn -0.6681 -0.5261 0.5261
vn -0.2429 -0.6859 0.6859
vn -0.2442 -0.5875 0.7715
vn -0.3143 -0.5051 0.8038
vn -0.6681 -0.2458 0.7023
vn -0.9356 -0.0395 0.3508
vn -0.9981 0.0069 0.0612
vn -0.2434 -0.4975 0.8326
vn -0.2429 -0.3204 0.9156
vn -0.9981 0.0203 0.0582
vn -0.4105 -0.3395 0.8463
vn -0.2440 -0.2580 0.9348
vn -0.2428 -0.1086 0.9640
vn -0.2428 0.1086 0.9640
vn -0.2441 0.2580 0.9348
vn -0.9981 0.0204 0.0582
vn -0.9356 0.1166 0.3332
vn -0.6681 0.2457 0.7023
vn -0.3481 0.3096 0.8848
vn -0.2438 0.3611 0.9001
vn -0.2429 0.5161 0.8214
vn -0.6681 0.3959 0.6300
vn -0.9356 0.1878 0.2989
vn -0.9981 0.0328 0.0522
vn -0.3308 0.4840 0.8101
vn -0.2443 0.5874 0.7715
vn -0.2429 0.6859 0.6859
vn -0.2443 0.7715 0.5874
vn -0.9356 0.2989 0.1878
vn -0.6681 0.6300 0.3959
vn -0.3143 0.8038 0.5051
vn -0.2434 0.8326 0.4975
vn -0.9356 0.3332 0.1166
vn -0.6681 0.7023 0.2457
vn -0.2429 0.9156 0.3204
vn -0.4105 0.8463 0.3395
vn -0.7692 0.6350 0.0715
vn -0.6688 0.7371 0.0965
vn -0.5944 0.7991 0.0900
vn -0.2429 0.9640 0.1086
vn -0.2428 0.9640 0.1086
vn -0.1796 -0.9837 -0.0000
vn -0.2444 -0.9697 0.0026
vn -0.5967 -0.8025 -0.0031
vn -0.5216 -0.8532 0.0011
vn -0.7713 -0.6365 -0.0006
vn -0.8351 -0.5501 -0.0036
vn -0.8897 -0.4566 -0.0000
vn -0.9851 -0.1719 0.0002
vn -0.9718 -0.2359 -0.0032
vn -0.9981 -0.0612 -0.0000
vn -0.0000 -0.9919 0.1270
vn -0.0000 -0.9919 0.1269
vn -0.0612 -0.9981 -0.0000
vn -0.2021 -0.9794 -0.0017
vn -0.2359 -0.9718 -0.0007
vn -0.4565 -0.8897 0.0005
vn -0.6366 -0.7712 -0.0000
vn -0.8024 -0.5968 -0.0000
vn -0.8306 -0.5568 -0.0014
vn -0.9117 -0.4109 0.0002
vn -0.9844 -0.1758 -0.0009
vn -0.9804 -0.1972 -0.0000
vn -0.0110 0.9376 0.3474
vn -0.0124 0.9366 0.3501
vn -0.0000 0.9597 0.2811
vn -0.0000 0.7281 0.6855
vn -0.0031 0.7246 0.6891
vn 0.0033 0.8499 0.5270
vn -0.0188 0.8316 0.5551
vn 0.0042 0.8960 0.4441
vn -0.0000 0.5111 0.8595
vn -0.0000 0.1779 0.9840
vn -0.0000 -0.1779 0.9840
vn -0.0000 -0.5111 0.8595
vn -0.0000 -0.9582 0.2860
vn -0.0130 -0.9376 0.3474
vn -0.0000 -0.7246 0.6891
vn -0.0030 -0.7281 0.6855
vn 0.0023 -0.8317 0.5552
vn -0.0128 -0.8498 0.5269
vn 0.0017 -0.8899 0.4562
vn -0.0040 -0.9289 0.3703
vn -0.0607 -0.9901 0.1268
vn -0.0608 -0.9901 0.1268
vn -0.2341 -0.9643 0.1236
vn -0.3502 -0.9203 0.1744
vn -0.4536 -0.8840 0.1131
vn -0.6335 -0.7674 0.0982
vn -0.7418 -0.6541 0.1480
vn -0.8000 -0.5951 0.0761
vn -0.9104 -0.4104 0.0525
vn -0.9689 -0.2257 0.1014
vn -0.9842 -0.1758 0.0225
vn -0.9999 -0.0085 0.0057
vn -0.9999 -0.0100 0.0089
vn -0.9643 -0.1939 0.1802
vn -0.9697 -0.1648 0.1803
vn -0.0575 -0.8485 0.5261
vn -0.9999 -0.0125 0.0046
vn -0.9695 -0.2310 0.0819
vn -0.9649 -0.2459 0.0924
vn -0.7403 -0.6308 0.2325
vn -0.7342 -0.6363 0.2369
vn -0.3494 -0.8790 0.3245
vn -0.3417 -0.8810 0.3273
vn -0.0614 -0.9360 0.3465
vn -0.0572 -0.9362 0.3468
vn -0.9999 -0.0108 0.0076
vn -0.9651 -0.2154 0.1490
vn -0.9649 -0.1921 0.1792
vn -0.7340 -0.4936 0.4664
vn -0.7402 -0.4903 0.4601
vn -0.3416 -0.6835 0.6450
vn -0.3494 -0.6828 0.6416
vn -0.0575 -0.7267 0.6845
vn -0.0610 -0.7267 0.6842
vn -0.0568 -0.8485 0.5262
vn -0.3417 -0.7987 0.4953
vn -0.3416 -0.7987 0.4953
vn -0.7341 -0.5771 0.3579
vn -0.7341 -0.5771 0.3578
vn -0.9574 -0.2454 0.1522
vn -0.9651 -0.2292 0.1267
vn -0.9998 -0.0153 0.0084
vn -0.9999 -0.0118 0.0063
vn -0.9688 -0.0441 0.2440
vn -0.0603 -0.1776 0.9823
vn -0.0603 -0.5102 0.8579
vn -0.3130 -0.1690 0.9346
vn -0.3472 -0.1875 0.9188
vn -0.5244 -0.1514 0.8379
vn -0.7263 -0.1223 0.6764
vn -0.7376 -0.1325 0.6621
vn -0.8702 -0.0877 0.4849
vn -0.0607 -0.5102 0.8579
vn -0.3461 -0.4796 0.8064
vn -0.7366 -0.3457 0.5813
vn -0.9688 -0.1268 0.2131
vn -0.9697 -0.0000 0.2443
vn -0.8735 -0.0000 0.4868
vn -0.7318 -0.0000 0.6816
vn -0.5304 -0.0000 0.8477
vn -0.5305 -0.0000 0.8477
vn -0.3176 -0.0000 0.9482
vn -0.0612 -0.0000 0.9981
vn -0.0607 0.5102 0.8579
vn -0.0603 0.1776 0.9823
vn -0.3130 0.1690 0.9346
vn -0.3472 0.1875 0.9188
vn -0.5243 0.1515 0.8380
vn -0.0603 0.5103 0.8579
vn -0.3461 0.4796 0.8064
vn -0.7366 0.3458 0.5813
vn -0.7366 0.3457 0.5813
vn -0.9688 0.1268 0.2131
vn -0.9688 0.1267 0.2131
vn -0.7263 0.1223 0.6764
vn -0.7377 0.1325 0.6621
vn -0.8701 0.0877 0.4850
vn -0.9688 0.0441 0.2440
vn -0.9999 0.0088 0.0050
vn -0.9999 0.0118 0.0064
vn -0.9999 0.0122 0.0050
vn -0.9643 0.2477 0.0936
vn -0.9697 0.2348 0.0675
vn -0.0610 0.9360 0.3468
vn -0.0569 0.8485 0.5261
vn -0.0575 0.8485 0.5261
vn -0.3416 0.7987 0.4953
vn -0.3417 0.7987 0.4953
vn -0.7341 0.5771 0.3579
vn -0.7340 0.5772 0.3579
vn -0.9999 0.0097 0.0091
vn -0.9695 0.1761 0.1705
vn -0.9649 0.1921 0.1792
vn -0.7403 0.4886 0.4617
vn -0.7341 0.4952 0.4647
vn -0.3495 0.6814 0.6430
vn -0.3417 0.6849 0.6436
vn -0.0613 0.7265 0.6844
vn -0.0571 0.7269 0.6844
vn -0.0569 0.9363 0.3466
vn -0.3494 0.8783 0.3264
vn -0.3416 0.8817 0.3255
vn -0.7402 0.6301 0.2347
vn -0.7340 0.6373 0.2348
vn -0.9649 0.2459 0.0924
vn -0.9648 0.2234 0.1385
vn -0.9466 0.2820 0.1559
vn -0.9651 0.2154 0.1490
vn -0.9998 0.0142 0.0099
vn -0.9999 0.0110 0.0077
vn -0.0607 0.9901 0.1267
vn -0.0608 0.9901 0.1267
vn -0.2351 0.9641 0.1234
vn -0.3503 0.9202 0.1744
vn -0.4544 0.8836 0.1132
vn -0.6352 0.7661 0.0981
vn -0.7418 0.6540 0.1487
vn -0.9848 0.1721 0.0220
vn -0.9688 0.2251 0.1039
vn -0.9120 0.4069 0.0521
vn -0.8014 0.5933 0.0760
vn 0.9679 0.0606 0.2438
vn 0.0594 0.2408 0.9687
vn 0.0596 0.6665 0.7431
vn 0.0597 0.2409 0.9687
vn 0.3090 0.2295 0.9230
vn 0.3431 0.2416 0.9077
vn 0.5191 0.2063 0.8295
vn 0.7215 0.1671 0.6720
vn 0.7329 0.1731 0.6579
vn 0.8671 0.1202 0.4834
vn 0.0597 0.6665 0.7431
vn 0.3419 0.6275 0.6995
vn 0.3419 0.6275 0.6996
vn 0.7318 0.4550 0.5073
vn 0.7319 0.4550 0.5073
vn 0.9679 0.1677 0.1870
vn 0.0594 -0.6665 0.7431
vn 0.0594 -0.2409 0.9687
vn 0.0597 -0.2408 0.9687
vn 0.3090 -0.2295 0.9230
vn 0.3431 -0.2416 0.9077
vn 0.5190 -0.2063 0.8295
vn 0.0596 -0.6665 0.7431
vn 0.3419 -0.6274 0.6996
vn 0.3418 -0.6275 0.6996
vn 0.7318 -0.4551 0.5073
vn 0.9679 -0.1677 0.1870
vn 0.7215 -0.1671 0.6720
vn 0.7329 -0.1731 0.6579
vn 0.9679 -0.0606 0.2438
vn 0.9651 -0.2583 0.0431
vn 0.3415 0.1053 0.9340
vn 0.3414 -0.8872 0.3104
vn 0.0570 0.5121 0.8571
vn 0.9999 0.0131 0.0015
vn 1.0000 0.0070 0.0027
vn 0.9999 0.0122 0.0050
vn 0.9999 0.0108 0.0060
vn 0.9999 0.0112 0.0080
vn 1.0000 0.0005 0.0064
vn 0.9999 -0.0116 0.0064
vn 1.0000 -0.0064 0.0037
vn 1.0000 -0.0063 0.0037
vn 0.0572 -0.9921 0.1118
vn 0.0572 -0.8570 0.5121
vn 0.0574 -0.9266 0.3717
vn 0.4868 -0.8245 0.2885
vn 0.0574 -0.9624 0.2656
vn 0.0569 -0.7060 0.7060
vn 0.0570 -0.3717 0.9266
vn 0.0569 -0.5120 0.8571
vn 0.3638 -0.4956 0.7887
vn 0.0573 -0.2656 0.9624
vn 0.0570 0.1118 0.9921
vn 0.0571 0.1118 0.9921
vn 0.0574 0.2656 0.9624
vn 0.0571 0.7060 0.7060
vn 0.0572 0.9266 0.3717
vn 0.0571 0.8570 0.5121
vn 0.0571 0.9921 0.1118
vn 0.3414 -0.5001 0.7959
vn 0.3414 -0.6646 0.6646
vn 0.7337 -0.0761 0.6752
vn 0.3412 -0.1052 0.9341
vn 0.3414 -0.1053 0.9340
vn 0.0568 -0.1118 0.9921
vn 0.0569 -0.1118 0.9921
vn 0.3415 0.5001 0.7958
vn 0.3419 0.9323 0.1181
vn 0.2309 0.9669 0.1090
vn 0.0570 0.9921 0.1118
vn 0.0571 -0.9921 0.1118
vn 0.2307 -0.9669 0.1089
vn 0.3419 -0.9323 0.1181
vn 0.4503 -0.8873 0.1000
vn 0.7337 -0.6752 0.0761
vn 0.7337 -0.3615 0.5753
vn 0.7337 -0.4804 0.4804
vn 0.7337 -0.5753 0.3615
vn 0.7337 0.3615 0.5753
vn 0.7337 0.2244 0.6413
vn 0.0568 0.7060 0.7060
vn 0.3415 0.6646 0.6646
vn 0.3414 0.6646 0.6646
vn 0.7337 0.4805 0.4805
vn 0.4867 0.8246 0.2885
vn 0.3414 0.8872 0.3104
vn 0.7337 0.6413 0.2244
vn 0.7337 0.6414 0.2244
vn 0.9651 -0.2614 0.0140
vn 0.9554 -0.2934 0.0331
vn 0.7337 -0.6413 0.2244
vn 0.3414 -0.7958 0.5001
vn 0.3637 -0.7887 0.4956
vn 0.0575 -0.7943 0.6048
vn 0.9651 -0.2518 0.0719
vn 0.9554 -0.2788 0.0975
vn 0.0571 -0.7059 0.7060
vn 0.0575 -0.6049 0.7943
vn 1.0000 -0.0068 0.0010
vn 0.9999 -0.0130 0.0022
vn 0.9999 -0.0125 0.0035
vn 0.9999 -0.0150 0.0043
vn 0.9999 -0.0101 0.0042
vn 0.9651 -0.2422 0.0997
vn 0.9651 -0.2294 0.1263
vn 0.9554 -0.2501 0.1571
vn 0.9651 -0.2138 0.1512
vn 0.9648 -0.1860 0.1860
vn 0.9648 -0.1399 0.2227
vn 0.9651 -0.1003 0.2419
vn 0.4864 -0.2886 0.8247
vn 0.3414 -0.3104 0.8872
vn 0.7337 -0.2244 0.6413
vn 0.9554 -0.0976 0.2788
vn 0.9651 -0.0726 0.2516
vn 0.9651 -0.0439 0.2581
vn 0.9554 -0.0331 0.2935
vn 0.7337 0.0761 0.6752
vn 0.3414 0.1052 0.9340
vn 0.3414 0.3104 0.8872
vn 0.4868 0.2885 0.8245
vn 0.0570 0.3717 0.9266
vn 0.9999 -0.0106 0.0078
vn 0.9999 -0.0094 0.0094
vn 0.9998 -0.0139 0.0138
vn 0.9999 -0.0054 0.0085
vn 0.9997 -0.0099 0.0239
vn 1.0000 -0.0022 0.0070
vn 0.9999 -0.0037 0.0128
vn 0.9999 -0.0022 0.0129
vn 0.9999 -0.0006 0.0114
vn 0.9651 -0.0147 0.2614
vn 0.9648 0.0294 0.2613
vn 0.7337 0.2244 0.6414
vn 0.3414 0.5001 0.7959
vn 0.3636 0.4956 0.7888
vn 0.0575 0.6048 0.7943
vn 0.9999 -0.0008 0.0132
vn 0.9408 0.0191 0.3384
vn 0.9651 0.0439 0.2581
vn 0.9648 0.0869 0.2482
vn 0.9648 0.1399 0.2227
vn 0.9648 0.1860 0.1860
vn 0.9415 0.2249 0.2510
vn 0.9651 0.1955 0.1742
vn 0.9648 0.2227 0.1399
vn 0.7337 0.5753 0.3615
vn 0.3414 0.7958 0.5001
vn 0.3636 0.7888 0.4956
vn 0.0575 0.7943 0.6048
vn 0.9999 0.0025 0.0129
vn 0.9999 0.0042 0.0123
vn 0.9998 0.0067 0.0190
vn 1.0000 0.0053 0.0085
vn 0.9999 0.0071 0.0113
vn 0.9999 0.0086 0.0102
vn 0.9996 0.0188 0.0209
vn 1.0000 0.0043 0.0041
vn 0.9999 0.0099 0.0088
vn 0.9999 0.0108 0.0076
vn 0.9418 0.2746 0.1941
vn 0.9651 0.2294 0.1262
vn 0.9648 0.2482 0.0869
vn 0.9421 0.3102 0.1277
vn 0.9651 0.2517 0.0719
vn 0.9999 0.0127 0.0034
vn 0.9999 0.0130 0.0015
vn 0.9648 0.2613 0.0294
vn 0.7978 0.5991 0.0675
vn 0.7344 0.6728 0.0895
vn 0.6307 0.7711 0.0869
vn 0.4503 0.8873 0.1000
vn -0.0000 0.2413 0.9705
vn -0.0000 0.6677 0.7444
vn -0.0000 -0.6677 0.7444
vn -0.0000 -0.2413 0.9705
vn -0.0000 0.9907 0.1361
vn 0.0575 0.9983 -0.0000
vn 0.2388 0.9711 -0.0019
vn 0.2323 0.9727 -0.0021
vn 0.4526 0.8917 0.0006
vn 0.6372 0.7707 -0.0017
vn 0.9615 0.2749 0.0025
vn 0.8716 0.4901 -0.0013
vn 0.7997 0.6004 0.0010
vn 0.6331 0.7741 -0.0019
vn 0.9940 0.1091 0.0085
vn 0.9652 0.2615 -0.0008
vn 0.9999 0.0129 -0.0000
vn -0.0000 -0.9907 0.1361
vn 0.7358 -0.6772 -0.0009
vn 0.0576 -0.9983 -0.0000
vn 0.2320 -0.9727 -0.0018
vn 0.9726 -0.2324 -0.0000
vn 0.9999 -0.0132 -0.0111
vn 0.9652 -0.2615 0.0008
vn 0.2391 -0.9710 -0.0020
vn 0.5117 -0.8592 0.0014
vn 0.4525 -0.8917 -0.0002
vn 0.6426 -0.7662 0.0002
vn 0.8048 -0.5935 0.0051
vn -0.0000 -0.9937 0.1120
vn -0.0000 -0.9640 0.2661
vn -0.0000 -0.9281 0.3723
vn -0.0000 -0.8584 0.5129
vn -0.0000 -0.7956 0.6058
vn -0.0000 -0.6059 0.7956
vn -0.0000 -0.5129 0.8585
vn -0.0000 -0.3723 0.9281
vn -0.0000 -0.2660 0.9640
vn -0.0000 -0.1120 0.9937
vn -0.0000 0.1120 0.9937
vn -0.0000 0.2660 0.9640
vn -0.0000 0.3723 0.9281
vn -0.0000 0.5129 0.8585
vn -0.0000 0.6058 0.7956
vn -0.0000 0.7071 0.7071
vn -0.0000 0.7956 0.6058
vn -0.0000 0.8585 0.5129
vn -0.0000 0.9281 0.3723
vn -0.0000 0.9640 0.2661
vn -0.0000 0.9937 0.1120
vn 0.0610 0.9888 0.1359
vn 0.0605 0.9889 0.1358
vn 0.2338 0.9632 0.1323
vn 0.3495 0.9229 0.1615
vn 0.4530 0.8832 0.1213
vn 0.6332 0.7668 0.1053
vn 0.7408 0.6593 0.1284
vn 0.7996 0.5949 0.0817
vn 0.9103 0.4101 0.0563
vn 0.9697 0.2337 0.0710
vn 0.9841 0.1757 0.0241
vn 0.0001 0.9222 0.3866
vn 0.0073 0.9381 0.3464
vn -0.0000 0.9502 0.3117
vn -0.0000 0.8505 0.5260
vn 0.0077 0.8702 0.4927
vn 0.0033 0.8817 0.4718
vn -0.0001 0.8996 0.4367
vn -0.0000 -0.9596 0.2814
vn -0.0000 -0.8702 0.4927
vn 0.0149 -0.8503 0.5260
vn -0.0024 -0.8961 0.4439
vn 0.0042 -0.9381 0.3464
vn 0.0091 -0.9325 0.3611
vn 0.0016 -0.9504 0.3109
vn 0.0610 -0.9889 0.1359
vn 0.0607 -0.9889 0.1358
vn 0.2348 -0.9630 0.1323
vn 0.3494 -0.9229 0.1616
vn 0.4541 -0.8827 0.1212
vn 0.6348 -0.7655 0.1051
vn 0.7409 -0.6592 0.1288
vn 0.9848 -0.1722 0.0237
vn 0.9697 -0.2334 0.0722
vn 0.9118 -0.4068 0.0559
vn 0.8011 -0.5929 0.0814
vn 0.0612 0.9981 -0.0000
vn 0.2023 0.9793 -0.0021
vn 0.2359 0.9718 -0.0009
vn 0.4566 0.8897 0.0006
vn 0.5620 0.8272 -0.0022
vn 0.6368 0.7710 -0.0000
vn 0.8025 0.5966 -0.0000
vn 0.8306 0.5569 -0.0017
vn 0.9116 0.4110 0.0003
vn 0.9844 0.1758 -0.0010
vn 0.9804 0.1972 -0.0000
vn 0.9695 0.2131 0.1208
vn 0.0614 0.8685 0.4918
vn 0.3500 0.8152 0.4616
vn 0.3501 0.8151 0.4615
vn 0.7409 0.5845 0.3309
vn 0.7408 0.5845 0.3310
vn 0.9694 0.2135 0.1209
vn 0.9694 0.2302 0.0849
vn 0.9695 0.2298 0.0849
vn 0.7408 0.6301 0.2327
vn 0.3500 0.8787 0.3245
vn 0.3501 0.8787 0.3245
vn 0.0612 0.9363 0.3458
vn 0.0614 0.9363 0.3457
vn 0.0612 -0.0000 0.9981
vn 0.3175 -0.0000 0.9483
vn 0.5305 -0.0000 0.8477
vn 0.7318 -0.0000 0.6816
vn 0.8735 -0.0000 0.4869
vn 0.8735 -0.0000 0.4868
vn 0.9697 -0.0000 0.2442
vn 0.9695 -0.2299 0.0847
vn 0.0613 -0.9363 0.3458
vn 0.0609 -0.9363 0.3457
vn 0.3499 -0.8788 0.3245
vn 0.3501 -0.8787 0.3245
vn 0.7409 -0.6301 0.2327
vn 0.7408 -0.6301 0.2327
vn 0.9694 -0.2302 0.0850
vn 0.9694 -0.2134 0.1210
vn 0.9695 -0.2132 0.1207
vn 0.7408 -0.5845 0.3310
vn 0.3501 -0.8151 0.4616
vn 0.0610 -0.8686 0.4918
vn 0.0609 -0.8686 0.4918
vn 0.9851 -0.1722 -0.0000
vn 0.9822 -0.1876 -0.0006
vn 0.9131 -0.4078 0.0002
vn 0.8388 -0.5445 -0.0020
vn 0.8038 -0.5949 0.0001
vn 0.6384 -0.7697 -0.0001
vn 0.5698 -0.8218 -0.0022
vn 0.0612 -0.9981 -0.0000
vn 0.2068 -0.9784 -0.0021
vn 0.2369 -0.9715 -0.0011
vn 0.4575 -0.8892 0.0007
vn 0.0001 -1.0000 -0.0000
vn -0.0001 -1.0000 -0.0000
vn 0.0001 1.0000 -0.0000
vn -0.0001 1.0000 -0.0000
vn -0.0000 0.2588 -0.9659
vn -0.0000 0.7071 -0.7071
vn -0.0000 0.9659 -0.2589
vn -0.0000 0.9659 0.2588
vn -0.0000 0.2588 0.9659
s 0
usemtl Material.033
f 1//1 2//1 3//1
f 3//1 2//1 4//1
f 5//1 6//1 7//1
f 8//1 1//1 9//1
f 9//1 1//1 3//1
f 9//1 3//1 10//1
f 10//1 3//1 11//1
f 7//1 12//1 5//1
f 5//1 12//1 13//1
f 5//1 13//1 14//1
f 4//1 2//1 15//1
f 15//1 2//1 5//1
f 15//1 5//1 16//1
f 16//1 5//1 14//1
f 16//1 14//1 17//1
f 2//2 18//2 5//2
f 5//2 18//2 19//2
f 5//3 19//3 6//3
f 6//3 19//3 20//3
f 6//4 20//4 7//4
f 7//4 20//4 21//4
f 7//5 21//5 12//5
f 12//5 21//5 22//5
f 12//6 22//6 13//6
f 13//6 22//6 23//6
f 15//7 24//7 4//7
f 4//7 24//7 25//7
f 4//8 25//8 3//8
f 3//8 25//8 26//8
f 3//9 26//9 11//9
f 11//9 26//9 27//9
f 11//10 27//10 10//10
f 10//10 27//10 28//10
f 10//11 28//11 9//11
f 9//11 28//11 29//11
f 9//12 29//12 8//12
f 8//12 29//12 30//12
f 8//13 30//13 1//13
f 1//13 30//13 31//13
f 1//14 31//14 2//14
f 2//14 31//14 18//14
f 32//15 33//15 34//15
f 34//16 33//16 35//16
f 34//17 35//17 36//17
f 36//18 35//18 37//18
f 36//19 37//19 38//19
f 38//20 37//20 39//20
f 38//20 39//20 40//20
f 40//21 39//21 41//21
f 40//21 41//21 42//21
f 42//22 41//22 43//22
f 42//23 43//23 44//23
f 44//24 43//24 45//24
f 44//24 45//24 46//24
f 46//25 45//25 47//25
f 46//25 47//25 48//25
f 48//26 47//26 49//26
f 48//26 49//26 50//26
f 50//27 49//27 51//27
f 50//27 51//27 52//27
f 52//28 51//28 53//28
f 52//28 53//28 54//28
f 54//29 53//29 55//29
f 54//29 55//29 56//29
f 56//30 55//30 57//30
f 56//31 57//31 58//31
f 58//32 57//32 59//32
f 58//33 59//33 60//33
f 60//34 59//34 61//34
f 60//34 61//34 62//34
f 62//35 61//35 63//35
f 62//35 63//35 64//35
f 64//36 63//36 65//36
f 64//36 65//36 66//36
f 66//37 65//37 67//37
f 66//37 67//37 68//37
f 68//38 67//38 69//38
f 68//38 69//38 70//38
f 70//39 69//39 71//39
f 70//40 71//40 72//40
f 73//1 74//1 75//1
f 76//1 77//1 75//1
f 75//1 77//1 78//1
f 75//1 78//1 73//1
f 73//1 79//1 74//1
f 74//1 79//1 80//1
f 74//1 80//1 81//1
f 81//1 80//1 71//1
f 81//1 71//1 69//1
f 69//1 67//1 81//1
f 81//1 67//1 65//1
f 81//1 65//1 31//1
f 82//1 83//1 84//1
f 84//1 83//1 85//1
f 84//1 85//1 24//1
f 86//1 87//1 82//1
f 82//1 87//1 88//1
f 82//1 88//1 83//1
f 33//1 89//1 35//1
f 35//1 89//1 90//1
f 35//1 90//1 37//1
f 45//1 43//1 91//1
f 91//1 43//1 41//1
f 91//1 41//1 90//1
f 90//1 41//1 39//1
f 90//1 39//1 37//1
f 19//1 49//1 91//1
f 91//1 49//1 47//1
f 91//1 47//1 45//1
f 57//1 55//1 18//1
f 18//1 55//1 53//1
f 18//1 53//1 19//1
f 19//1 53//1 51//1
f 19//1 51//1 49//1
f 23//1 92//1 86//1
f 86//1 92//1 93//1
f 86//1 93//1 87//1
f 65//1 63//1 31//1
f 31//1 63//1 61//1
f 31//1 61//1 18//1
f 18//1 61//1 59//1
f 18//1 59//1 57//1
f 85//1 94//1 24//1
f 24//1 94//1 95//1
f 24//1 95//1 25//1
f 25//1 95//1 96//1
f 25//1 96//1 97//1
f 97//1 96//1 98//1
f 97//1 98//1 76//1
f 76//1 98//1 99//1
f 76//1 99//1 77//1
f 33//1 100//1 89//1
f 89//1 100//1 101//1
f 89//1 101//1 23//1
f 23//1 101//1 102//1
f 23//1 102//1 92//1
f 103//41 32//41 34//41
f 103//41 34//41 104//41
f 104//42 34//42 36//42
f 104//42 36//42 105//42
f 105//43 36//43 38//43
f 105//43 38//43 106//43
f 106//44 38//44 40//44
f 106//44 40//44 107//44
f 107//45 40//45 42//45
f 107//45 42//45 108//45
f 108//46 42//46 44//46
f 108//46 44//46 109//46
f 109//47 44//47 46//47
f 109//47 46//47 110//47
f 110//48 46//48 111//48
f 111//49 46//49 48//49
f 111//50 48//50 112//50
f 48//51 50//51 113//51
f 113//52 50//52 114//52
f 112//50 48//50 115//50
f 115//53 48//53 113//53
f 115//53 113//53 116//53
f 114//54 50//54 117//54
f 117//55 50//55 52//55
f 117//56 52//56 118//56
f 118//57 52//57 119//57
f 119//58 52//58 54//58
f 119//59 54//59 120//59
f 120//60 54//60 121//60
f 121//61 54//61 56//61
f 121//62 56//62 122//62
f 122//63 56//63 123//63
f 123//64 56//64 58//64
f 123//65 58//65 124//65
f 124//66 58//66 60//66
f 124//66 60//66 125//66
f 125//67 60//67 62//67
f 125//67 62//67 126//67
f 126//68 62//68 64//68
f 126//68 64//68 127//68
f 127//69 64//69 66//69
f 127//69 66//69 128//69
f 128//70 66//70 68//70
f 128//70 68//70 129//70
f 129//71 68//71 70//71
f 129//71 70//71 130//71
f 130//72 70//72 72//72
f 130//73 72//73 131//73
f 132//74 133//74 134//74
f 132//75 134//75 135//75
f 136//76 137//76 138//76
f 138//77 137//77 139//77
f 138//78 139//78 140//78
f 134//75 141//75 135//75
f 135//79 141//79 142//79
f 135//80 142//80 143//80
f 143//81 142//81 144//81
f 144//81 145//81 143//81
f 143//81 145//81 146//81
f 143//82 146//82 136//82
f 136//83 146//83 147//83
f 136//84 147//84 137//84
f 162//85 163//85 164//85
f 165//86 166//86 167//86
f 167//87 166//87 168//87
f 167//88 168//88 169//88
f 169//89 168//89 170//89
f 169//90 170//90 171//90
f 171//91 170//91 172//91
f 165//92 173//92 166//92
f 166//93 173//93 174//93
f 166//94 174//94 175//94
f 175//95 174//95 176//95
f 175//96 176//96 164//96
f 164//97 176//97 177//97
f 164//98 177//98 162//98
f 293//99 294//99 295//99
f 295//100 294//100 296//100
f 295//101 296//101 297//101
f 296//102 298//102 297//102
f 297//103 298//103 299//103
f 297//104 299//104 300//104
f 300//105 299//105 301//105
f 294//106 302//106 296//106
f 296//107 302//107 303//107
f 296//108 303//108 304//108
f 304//109 303//109 305//109
f 304//110 305//110 306//110
f 306//111 305//111 307//111
f 306//112 307//112 308//112
f 293//113 317//113 294//113
f 425//114 422//114 426//114
f 440//115 441//115 442//115
f 448//116 449//116 450//116
f 455//117 454//117 456//117
f 457//118 458//118 459//118
f 460//119 461//119 462//119
f 489//120 490//120 485//120
f 460//121 462//121 428//121
f 521//122 530//122 522//122
f 522//123 530//123 531//123
f 524//124 533//124 525//124
f 534//125 453//125 455//125
f 443//126 447//126 446//126
f 598//127 599//127 600//127
f 601//128 602//128 598//128
f 601//129 598//129 603//129
f 603//127 598//127 600//127
f 603//130 600//130 604//130
f 604//131 600//131 605//131
f 604//132 605//132 606//132
f 606//133 605//133 607//133
f 607//134 605//134 608//134
f 607//135 608//135 609//135
f 610//136 601//136 603//136
f 601//137 610//137 602//137
f 611//138 612//138 613//138
f 613//139 612//139 604//139
f 613//140 604//140 614//140
f 609//141 615//141 607//141
f 607//142 615//142 614//142
f 607//143 614//143 606//143
f 606//144 614//144 604//144
f 612//145 616//145 604//145
f 604//146 616//146 617//146
f 604//147 617//147 603//147
f 603//148 617//148 618//148
f 603//149 618//149 610//149
f 628//150 632//150 627//150
f 627//151 632//151 633//151
f 627//152 633//152 634//152
f 634//153 633//153 635//153
f 634//154 635//154 636//154
f 636//155 635//155 637//155
f 638//156 639//156 640//156
f 640//157 639//157 641//157
f 640//158 641//158 642//158
f 628//159 629//159 632//159
f 632//160 629//160 630//160
f 632//161 630//161 638//161
f 638//162 630//162 631//162
f 638//163 631//163 639//163
f 642//164 643//164 640//164
f 640//165 643//165 644//165
f 640//166 644//166 638//166
f 638//167 644//167 632//167
f 632//168 644//168 645//168
f 632//169 645//169 633//169
f 645//170 646//170 633//170
f 633//170 646//170 647//170
f 633//171 647//171 635//171
f 635//172 647//172 637//172
f 647//11 598//11 637//11
f 637//11 598//11 602//11
f 650//173 651//173 652//173
f 653//174 652//174 654//174
f 655//173 656//173 657//173
f 657//173 656//173 653//173
f 657//174 653//174 658//174
f 658//173 653//173 654//173
f 659//173 650//173 660//173
f 660//173 650//173 652//173
f 660//173 652//173 661//173
f 661//173 652//173 653//173
f 662//175 663//175 664//175
f 663//176 665//176 666//176
f 665//177 667//177 668//177
f 669//178 134//178 670//178
f 671//179 672//179 673//179
f 673//180 672//180 674//180
f 673//181 674//181 675//181
f 675//182 674//182 676//182
f 677//183 139//183 678//183
f 678//184 139//184 679//184
f 678//185 679//185 674//185
f 674//186 679//186 680//186
f 674//187 680//187 676//187
f 681//188 682//188 683//188
f 683//189 682//189 684//189
f 683//190 684//190 685//190
f 685//191 684//191 668//191
f 685//192 668//192 686//192
f 686//193 668//193 667//193
f 686//194 667//194 687//194
f 681//195 688//195 682//195
f 682//196 688//196 689//196
f 682//197 689//197 690//197
f 690//198 689//198 691//198
f 690//199 691//199 692//199
f 692//200 691//200 693//200
f 692//201 693//201 694//201
f 694//202 693//202 695//202
f 694//203 695//203 678//203
f 678//204 695//204 696//204
f 678//205 696//205 677//205
f 697//206 698//206 699//206
f 699//207 698//207 700//207
f 699//208 700//208 701//208
f 701//209 700//209 672//209
f 701//210 672//210 670//210
f 670//211 672//211 671//211
f 670//212 671//212 669//212
f 697//213 702//213 698//213
f 698//214 702//214 703//214
f 698//215 703//215 704//215
f 665//216 668//216 666//216
f 666//217 668//217 684//217
f 666//218 684//218 705//218
f 705//219 684//219 682//219
f 705//220 682//220 706//220
f 706//221 682//221 690//221
f 706//221 690//221 707//221
f 707//222 690//222 692//222
f 707//223 692//223 708//223
f 708//224 692//224 694//224
f 708//225 694//225 709//225
f 709//226 694//226 678//226
f 709//227 678//227 710//227
f 710//228 678//228 674//228
f 710//228 674//228 711//228
f 711//229 674//229 672//229
f 711//230 672//230 712//230
f 712//231 672//231 700//231
f 712//232 700//232 713//232
f 713//233 700//233 698//233
f 713//233 698//233 714//233
f 714//234 698//234 704//234
f 714//234 704//234 715//234
f 663//235 666//235 664//235
f 664//236 666//236 705//236
f 664//236 705//236 716//236
f 716//237 705//237 706//237
f 716//238 706//238 717//238
f 717//239 706//239 707//239
f 717//240 707//240 718//240
f 718//241 707//241 708//241
f 718//242 708//242 719//242
f 719//243 708//243 709//243
f 719//243 709//243 720//243
f 720//244 709//244 710//244
f 720//245 710//245 721//245
f 721//246 710//246 711//246
f 721//247 711//247 722//247
f 722//248 711//248 712//248
f 722//248 712//248 723//248
f 723//249 712//249 713//249
f 723//250 713//250 724//250
f 724//251 713//251 714//251
f 724//252 714//252 725//252
f 725//253 714//253 715//253
f 725//254 715//254 726//254
f 662//255 664//255 727//255
f 727//256 664//256 716//256
f 727//257 716//257 728//257
f 728//258 716//258 717//258
f 728//259 717//259 729//259
f 729//260 717//260 718//260
f 729//260 718//260 730//260
f 730//261 718//261 719//261
f 730//261 719//261 731//261
f 731//262 719//262 720//262
f 731//263 720//263 732//263
f 732//264 720//264 721//264
f 732//264 721//264 733//264
f 733//265 721//265 722//265
f 733//266 722//266 734//266
f 734//267 722//267 723//267
f 734//268 723//268 735//268
f 735//269 723//269 724//269
f 735//270 724//270 736//270
f 736//271 724//271 725//271
f 736//272 725//272 737//272
f 737//273 725//273 726//273
f 737//274 726//274 738//274
f 739//174 740//174 741//174
f 742//173 743//173 744//173
f 745//173 746//173 747//173
f 733//174 748//174 749//174
f 745//174 750//174 746//174
f 746//173 750//173 751//173
f 746//173 751//173 744//173
f 744//173 751//173 752//173
f 744//174 752//174 742//174
f 741//174 753//174 739//174
f 739//174 753//174 754//174
f 739//174 754//174 747//174
f 747//174 754//174 755//174
f 747//174 755//174 745//174
f 756//173 737//173 740//173
f 740//174 737//174 738//174
f 740//174 738//174 741//174
f 733//174 734//174 748//174
f 748//173 734//173 735//173
f 748//173 735//173 756//173
f 756//174 735//174 736//174
f 756//173 736//173 737//173
f 757//173 731//173 749//173
f 749//173 731//173 732//173
f 749//173 732//173 733//173
f 758//174 729//174 757//174
f 757//173 729//173 730//173
f 757//173 730//173 731//173
f 759//173 727//173 758//173
f 758//174 727//174 728//174
f 758//174 728//174 729//174
f 742//173 760//173 743//173
f 743//174 760//174 761//174
f 743//174 761//174 759//174
f 759//173 761//173 662//173
f 759//173 662//173 727//173
f 140//275 139//275 762//275
f 762//276 139//276 677//276
f 677//277 696//277 762//277
f 762//278 696//278 695//278
f 762//279 695//279 763//279
f 695//280 693//280 763//280
f 763//281 693//281 691//281
f 763//282 691//282 764//282
f 764//283 691//283 689//283
f 764//284 689//284 765//284
f 765//285 689//285 688//285
f 688//286 681//286 765//286
f 765//287 681//287 683//287
f 765//288 683//288 766//288
f 687//289 767//289 686//289
f 686//290 767//290 766//290
f 686//291 766//291 685//291
f 685//292 766//292 683//292
f 759//293 661//293 743//293
f 743//293 661//293 653//293
f 743//294 653//294 744//294
f 744//294 653//294 656//294
f 744//295 656//295 746//295
f 746//295 656//295 655//295
f 746//296 655//296 747//296
f 747//296 655//296 657//296
f 747//297 657//297 739//297
f 739//297 657//297 658//297
f 739//298 658//298 740//298
f 740//298 658//298 654//298
f 768//81 769//81 770//81
f 771//81 772//81 598//81
f 773//81 774//81 647//81
f 647//81 774//81 775//81
f 776//81 771//81 777//81
f 777//81 771//81 598//81
f 777//81 598//81 778//81
f 775//81 768//81 647//81
f 647//81 768//81 770//81
f 647//81 770//81 598//81
f 598//81 770//81 779//81
f 598//81 779//81 778//81
f 779//11 770//11 780//11
f 780//11 770//11 781//11
f 774//299 782//299 783//299
f 774//299 783//299 775//299
f 775//300 783//300 784//300
f 775//300 784//300 768//300
f 768//301 784//301 785//301
f 768//301 785//301 769//301
f 769//302 785//302 781//302
f 769//302 781//302 770//302
f 774//2 773//2 782//2
f 782//2 773//2 786//2
f 782//2 786//2 643//2
f 643//2 301//2 787//2
f 643//2 787//2 782//2
f 308//303 788//303 306//303
f 306//304 788//304 789//304
f 306//305 789//305 304//305
f 304//306 789//306 296//306
f 296//307 789//307 790//307
f 296//308 790//308 298//308
f 298//309 790//309 299//309
f 299//310 790//310 787//310
f 299//311 787//311 301//311
f 791//312 788//312 172//312
f 172//312 788//312 308//312
f 163//313 792//313 164//313
f 164//314 792//314 793//314
f 164//315 793//315 175//315
f 175//316 793//316 166//316
f 166//317 793//317 794//317
f 166//318 794//318 168//318
f 168//319 794//319 170//319
f 170//320 794//320 791//320
f 170//321 791//321 172//321
f 772//7 771//7 795//7
f 795//7 771//7 796//7
f 795//7 796//7 608//7
f 608//7 796//7 792//7
f 792//7 163//7 608//7
f 779//322 780//322 797//322
f 779//322 797//322 778//322
f 778//323 797//323 798//323
f 778//323 798//323 777//323
f 777//324 798//324 799//324
f 777//324 799//324 776//324
f 776//325 799//325 796//325
f 776//325 796//325 771//325
f 800//326 801//326 802//326
f 802//327 801//327 803//327
f 802//328 803//328 804//328
f 805//329 806//329 807//329
f 807//329 806//329 808//329
f 807//327 808//327 809//327
f 809//327 808//327 810//327
f 809//329 810//329 811//329
f 811//326 810//326 812//326
f 811//327 812//327 803//327
f 803//329 812//329 813//329
f 803//327 813//327 804//327
f 801//330 814//330 803//330
f 803//331 814//331 815//331
f 803//332 815//332 811//332
f 800//333 816//333 801//333
f 801//334 816//334 817//334
f 801//335 817//335 814//335
f 802//336 818//336 800//336
f 800//337 818//337 819//337
f 800//338 819//338 816//338
f 804//339 820//339 802//339
f 802//340 820//340 821//340
f 802//341 821//341 818//341
f 822//342 823//342 804//342
f 804//343 823//343 824//343
f 804//344 824//344 820//344
f 804//345 813//345 822//345
f 822//346 813//346 812//346
f 822//347 812//347 825//347
f 826//11 827//11 828//11
f 828//11 827//11 829//11
f 828//11 829//11 830//11
f 831//11 832//11 833//11
f 833//11 832//11 834//11
f 833//11 834//11 835//11
f 835//11 834//11 836//11
f 835//11 836//11 837//11
f 837//11 836//11 838//11
f 837//11 838//11 830//11
f 830//11 838//11 839//11
f 830//11 839//11 828//11
f 840//348 841//348 838//348
f 840//349 838//349 842//349
f 838//350 836//350 842//350
f 842//351 836//351 834//351
f 842//352 834//352 843//352
f 843//353 834//353 844//353
f 844//354 834//354 832//354
f 844//355 832//355 845//355
f 845//356 832//356 846//356
f 846//357 832//357 831//357
f 846//358 831//358 847//358
f 847//359 831//359 848//359
f 848//360 831//360 833//360
f 848//361 833//361 849//361
f 849//362 833//362 835//362
f 849//363 835//363 850//363
f 850//364 835//364 837//364
f 850//365 837//365 851//365
f 852//366 853//366 854//366
f 855//367 856//367 857//367
f 858//367 852//367 859//367
f 859//368 852//368 854//368
f 859//368 854//368 860//368
f 860//369 854//369 856//369
f 860//368 856//368 861//368
f 861//368 856//368 855//368
f 862//369 863//369 864//369
f 864//368 863//368 855//368
f 864//370 855//370 865//370
f 865//368 855//368 857//368
f 866//371 856//371 854//371
f 866//372 854//372 867//372
f 867//373 854//373 853//373
f 867//374 853//374 868//374
f 868//375 853//375 869//375
f 869//376 853//376 852//376
f 869//377 852//377 870//377
f 870//378 852//378 871//378
f 871//379 852//379 858//379
f 871//380 858//380 872//380
f 872//381 858//381 873//381
f 873//382 858//382 859//382
f 873//383 859//383 874//383
f 874//384 859//384 860//384
f 874//385 860//385 875//385
f 875//386 860//386 861//386
f 875//387 861//387 876//387
f 877//312 878//312 879//312
f 880//312 881//312 882//312
f 883//312 884//312 885//312
f 882//312 877//312 880//312
f 880//312 877//312 879//312
f 880//312 879//312 886//312
f 886//312 879//312 887//312
f 886//312 887//312 888//312
f 887//312 889//312 888//312
f 888//312 889//312 883//312
f 888//312 883//312 890//312
f 890//312 883//312 885//312
f 891//388 887//388 879//388
f 891//389 879//389 892//389
f 892//390 879//390 878//390
f 892//391 878//391 893//391
f 893//392 878//392 894//392
f 894//393 878//393 877//393
f 894//394 877//394 895//394
f 895//395 877//395 896//395
f 896//396 877//396 882//396
f 896//397 882//397 897//397
f 897//398 882//398 898//398
f 898//399 882//399 881//399
f 898//400 881//400 899//400
f 899//401 881//401 880//401
f 899//402 880//402 900//402
f 900//403 880//403 886//403
f 900//404 886//404 901//404
f 902//81 903//81 904//81
f 904//81 905//81 906//81
f 907//81 908//81 909//81
f 909//81 908//81 902//81
f 909//81 902//81 910//81
f 910//81 902//81 904//81
f 911//81 910//81 912//81
f 912//81 910//81 904//81
f 912//81 904//81 913//81
f 913//81 904//81 906//81
f 908//405 914//405 902//405
f 902//405 914//405 915//405
f 902//406 915//406 903//406
f 903//406 915//406 916//406
f 903//407 916//407 904//407
f 904//407 916//407 917//407
f 904//408 917//408 905//408
f 905//408 917//408 918//408
f 905//409 918//409 906//409
f 906//409 918//409 919//409
f 906//170 919//170 913//170
f 913//170 919//170 920//170
f 921//410 922//410 923//410
f 924//411 925//411 926//411
f 923//412 927//412 921//412
f 921//413 927//413 928//413
f 921//414 928//414 929//414
f 929//415 928//415 924//415
f 929//416 924//416 930//416
f 930//417 924//417 926//417
f 931//418 932//418 933//418
f 931//419 933//419 934//419
f 935//420 936//420 937//420
f 937//421 936//421 938//421
f 937//422 938//422 939//422
f 933//423 940//423 934//423
f 934//424 940//424 941//424
f 934//425 941//425 939//425
f 939//426 941//426 942//426
f 939//427 942//427 937//427
f 943//428 944//428 945//428
f 945//428 944//428 946//428
f 945//429 946//429 947//429
f 947//429 946//429 948//429
f 947//127 948//127 949//127
f 949//127 948//127 950//127
f 951//170 952//170 953//170
f 953//170 952//170 954//170
f 953//409 954//409 955//409
f 955//409 954//409 956//409
f 955//408 956//408 957//408
f 957//408 956//408 958//408
f 136//430 138//430 959//430
f 960//431 961//431 136//431
f 962//432 963//432 964//432
f 964//433 963//433 965//433
f 964//434 965//434 959//434
f 959//435 965//435 966//435
f 959//436 966//436 136//436
f 136//437 966//437 967//437
f 136//438 967//438 960//438
f 968//439 969//439 970//439
f 970//440 971//440 968//440
f 968//441 971//441 972//441
f 968//442 972//442 964//442
f 964//443 972//443 973//443
f 964//444 973//444 962//444
f 974//445 975//445 976//445
f 974//445 976//445 977//445
f 977//446 976//446 978//446
f 977//446 978//446 979//446
f 979//447 978//447 980//447
f 979//447 980//447 981//447
f 982//448 983//448 984//448
f 984//448 983//448 985//448
f 986//449 987//449 988//449
f 988//449 987//449 989//449
f 990//450 991//450 992//450
f 992//451 991//451 993//451
f 992//452 993//452 994//452
f 995//453 996//453 997//453
f 998//454 999//454 1000//454
f 1001//455 1002//455 1003//455
f 1001//456 1004//456 1005//456
f 1003//457 1002//457 1006//457
f 1001//458 1005//458 1002//458
f 1002//459 1005//459 1007//459
f 1002//460 1007//460 1006//460
f 1006//461 1007//461 1008//461
f 1006//462 1008//462 1009//462
f 1010//463 1011//463 1012//463
f 1012//464 1011//464 991//464
f 1012//465 991//465 990//465
f 1013//466 998//466 997//466
f 997//467 998//467 1000//467
f 997//468 1000//468 995//468
f 995//469 1000//469 1014//469
f 1001//470 991//470 1004//470
f 1004//471 991//471 1011//471
f 1004//472 1011//472 1005//472
f 1005//473 1011//473 1010//473
f 1005//474 1010//474 1007//474
f 1007//475 1010//475 1014//475
f 1007//476 1014//476 1008//476
f 1008//477 1014//477 1000//477
f 1008//478 1000//478 1009//478
f 1009//479 1000//479 999//479
f 996//480 1015//480 997//480
f 997//481 1015//481 1016//481
f 997//482 1016//482 1013//482
f 1017//483 1018//483 1019//483
f 1019//484 1018//484 1020//484
f 1019//485 1020//485 1021//485
f 1022//486 1023//486 1020//486
f 1022//487 1024//487 1025//487
f 1026//488 1027//488 1028//488
f 1028//489 1027//489 1029//489
f 1028//490 1029//490 1030//490
f 1031//491 1032//491 1033//491
f 1023//492 1022//492 1034//492
f 1034//493 1022//493 1025//493
f 1034//494 1025//494 1032//494
f 1035//495 1036//495 1037//495
f 1037//496 1036//496 1038//496
f 1037//497 1038//497 1039//497
f 1039//498 1038//498 1031//498
f 1039//499 1031//499 1026//499
f 1026//500 1031//500 1033//500
f 1026//501 1033//501 1027//501
f 1030//502 1040//502 1028//502
f 1028//503 1040//503 1041//503
f 1028//504 1041//504 1026//504
f 1026//505 1041//505 1042//505
f 1026//506 1042//506 1039//506
f 1032//507 1031//507 1034//507
f 1034//508 1031//508 1038//508
f 1034//509 1038//509 1023//509
f 1023//510 1038//510 1036//510
f 1023//511 1036//511 1020//511
f 1020//512 1036//512 1035//512
f 1020//513 1035//513 1021//513
f 1029//514 1043//514 1030//514
f 1030//514 1043//514 1044//514
f 1030//515 1044//515 1040//515
f 1040//515 1044//515 1045//515
f 1046//1 982//1 1015//1
f 1015//1 982//1 984//1
f 1015//1 984//1 1016//1
f 1015//1 1047//1 1046//1
f 1046//1 1047//1 1048//1
f 1046//1 1048//1 1049//1
f 1049//1 1048//1 1050//1
f 1049//1 1050//1 1051//1
f 1051//1 1050//1 1052//1
f 1051//1 1052//1 1053//1
f 1053//1 1052//1 1054//1
f 1053//1 1054//1 1055//1
f 1055//1 1054//1 1056//1
f 1055//1 1056//1 1057//1
f 1057//1 1056//1 1058//1
f 1057//1 1058//1 1059//1
f 1059//1 1058//1 1060//1
f 1059//1 1060//1 1061//1
f 1061//1 1060//1 1062//1
f 1061//1 1062//1 1063//1
f 1063//1 1062//1 1064//1
f 1063//1 1064//1 1065//1
f 1065//1 1064//1 1066//1
f 1065//1 1066//1 1067//1
f 1067//1 1066//1 1068//1
f 1067//1 1068//1 1069//1
f 1068//1 1070//1 1069//1
f 1069//1 1070//1 1071//1
f 1069//1 1071//1 1072//1
f 1072//1 1071//1 1073//1
f 1072//1 1073//1 1074//1
f 1074//1 1073//1 1075//1
f 1074//1 1075//1 1076//1
f 1076//1 1075//1 1077//1
f 1076//1 1077//1 1078//1
f 1078//1 1077//1 1079//1
f 1078//1 1079//1 1080//1
f 1080//1 1079//1 1081//1
f 1080//1 1081//1 1082//1
f 1082//1 1081//1 1083//1
f 1082//1 1083//1 1084//1
f 1084//1 1083//1 1085//1
f 1084//1 1085//1 1086//1
f 1086//1 1085//1 1087//1
f 1086//1 1087//1 1088//1
f 1088//1 1087//1 1089//1
f 1088//1 1089//1 1090//1
f 1090//1 1089//1 1091//1
f 1090//1 1091//1 1092//1
f 1092//1 1091//1 1093//1
f 1094//1 975//1 1095//1
f 1095//1 975//1 985//1
f 1095//1 985//1 983//1
f 976//1 975//1 978//1
f 978//1 975//1 1094//1
f 978//1 1094//1 980//1
f 980//1 1094//1 1096//1
f 980//1 1096//1 987//1
f 987//1 1096//1 1097//1
f 987//1 1097//1 989//1
f 1098//11 1099//11 1100//11
f 1100//11 1099//11 1101//11
f 1102//11 1103//11 1104//11
f 1104//11 1103//11 1105//11
f 1106//516 1107//516 1108//516
f 1109//517 1110//517 1111//517
f 1112//518 1113//518 1114//518
f 1114//519 1113//519 1115//519
f 1114//520 1115//520 1116//520
f 1116//521 1115//521 1109//521
f 1116//522 1109//522 1117//522
f 1117//523 1109//523 1111//523
f 1117//524 1111//524 1118//524
f 1119//525 1120//525 1121//525
f 1121//525 1120//525 1122//525
f 1121//526 1122//526 1123//526
f 1123//527 1122//527 1106//527
f 1123//528 1106//528 1124//528
f 1124//516 1106//516 1108//516
f 1113//529 1107//529 1115//529
f 1115//530 1107//530 1106//530
f 1115//531 1106//531 1109//531
f 1109//532 1106//532 1122//532
f 1109//533 1122//533 1110//533
f 1110//534 1122//534 1120//534
f 1125//535 1126//535 1127//535
f 1128//536 1129//536 1130//536
f 1130//537 1129//537 1131//537
f 1130//538 1131//538 1132//538
f 1012//539 990//539 1133//539
f 1133//540 990//540 1134//540
f 1133//541 1134//541 1135//541
f 1135//542 1134//542 1136//542
f 1135//542 1136//542 1137//542
f 1137//543 1136//543 1138//543
f 1137//543 1138//543 1139//543
f 1139//544 1138//544 1140//544
f 1139//544 1140//544 1141//544
f 1141//545 1140//545 1142//545
f 1141//546 1142//546 1143//546
f 1143//547 1142//547 1144//547
f 1143//548 1144//548 1145//548
f 1145//549 1144//549 1146//549
f 1145//549 1146//549 1147//549
f 1147//550 1146//550 1148//550
f 1147//550 1148//550 1149//550
f 1149//551 1148//551 1128//551
f 1149//551 1128//551 1150//551
f 1150//552 1128//552 1130//552
f 1151//553 1014//553 1010//553
f 1152//554 996//554 995//554
f 1153//555 1154//555 1125//555
f 1125//556 1154//556 1155//556
f 1125//557 1155//557 1126//557
f 1126//558 1155//558 1156//558
f 1126//559 1156//559 1157//559
f 1157//560 1156//560 1158//560
f 1157//561 1158//561 1159//561
f 1159//562 1158//562 1160//562
f 1159//562 1160//562 1161//562
f 1161//563 1160//563 1162//563
f 1161//564 1162//564 1163//564
f 1163//565 1162//565 1164//565
f 1163//565 1164//565 1165//565
f 1165//566 1164//566 1166//566
f 1165//567 1166//567 1167//567
f 1167//568 1166//568 1168//568
f 1167//568 1168//568 1169//568
f 1169//569 1168//569 1170//569
f 1169//569 1170//569 1171//569
f 1171//570 1170//570 1172//570
f 1171//570 1172//570 1173//570
f 1173//571 1172//571 1174//571
f 1173//572 1174//572 1175//572
f 1175//573 1174//573 1152//573
f 1175//574 1152//574 1151//574
f 1151//575 1152//575 995//575
f 1151//576 995//576 1014//576
f 1127//577 1126//577 1132//577
f 1132//578 1126//578 1157//578
f 1132//579 1157//579 1130//579
f 1130//580 1157//580 1159//580
f 1130//580 1159//580 1150//580
f 1150//581 1159//581 1161//581
f 1150//582 1161//582 1149//582
f 1149//583 1161//583 1163//583
f 1149//583 1163//583 1147//583
f 1147//584 1163//584 1165//584
f 1147//585 1165//585 1145//585
f 1145//586 1165//586 1167//586
f 1145//587 1167//587 1143//587
f 1143//588 1167//588 1169//588
f 1143//589 1169//589 1141//589
f 1141//590 1169//590 1171//590
f 1141//590 1171//590 1139//590
f 1139//591 1171//591 1173//591
f 1139//592 1173//592 1137//592
f 1137//593 1173//593 1175//593
f 1137//593 1175//593 1135//593
f 1135//594 1175//594 1151//594
f 1135//594 1151//594 1133//594
f 1133//595 1151//595 1010//595
f 1133//596 1010//596 1012//596
f 1176//597 1129//597 1128//597
f 1176//598 1128//598 1177//598
f 1177//599 1128//599 1148//599
f 1177//600 1148//600 1178//600
f 1148//601 1146//601 1178//601
f 1178//602 1146//602 1144//602
f 1178//603 1144//603 1179//603
f 1144//604 1142//604 1179//604
f 1179//605 1142//605 1140//605
f 1179//606 1140//606 1180//606
f 990//607 1181//607 1134//607
f 1134//608 1181//608 994//608
f 1134//609 994//609 1136//609
f 1136//610 994//610 1180//610
f 1136//611 1180//611 1138//611
f 1138//612 1180//612 1140//612
f 1182//613 1021//613 1183//613
f 1184//614 1185//614 1183//614
f 1183//615 1185//615 1017//615
f 1183//616 1017//616 1182//616
f 1184//617 1186//617 1185//617
f 1185//618 1186//618 1187//618
f 1185//619 1187//619 1188//619
f 1187//620 1189//620 1188//620
f 1188//621 1189//621 1190//621
f 1188//622 1190//622 1191//622
f 1191//623 1190//623 1192//623
f 1191//624 1192//624 1193//624
f 1127//625 1132//625 1104//625
f 1104//626 1132//626 1131//626
f 1104//627 1131//627 1129//627
f 1129//628 1176//628 1104//628
f 1104//629 1176//629 1177//629
f 1104//630 1177//630 1102//630
f 1104//631 1105//631 925//631
f 1127//632 1104//632 1125//632
f 1125//633 1104//633 925//633
f 1125//634 925//634 924//634
f 924//635 928//635 1125//635
f 1125//636 928//636 927//636
f 1125//637 927//637 1153//637
f 1153//638 927//638 923//638
f 1194//639 1195//639 923//639
f 923//640 1195//640 1196//640
f 923//641 1196//641 1153//641
f 1197//642 1198//642 1199//642
f 1199//643 1200//643 1197//643
f 1197//644 1200//644 1201//644
f 1197//645 1201//645 1194//645
f 1194//646 1201//646 1202//646
f 1194//647 1202//647 1195//647
f 1198//648 1197//648 1203//648
f 1203//649 1197//649 1204//649
f 1203//650 1204//650 1205//650
f 1206//651 1207//651 1208//651
f 1208//652 1207//652 1209//652
f 1208//653 1209//653 1204//653
f 1204//654 1209//654 1210//654
f 1204//655 1210//655 1205//655
f 1211//656 1212//656 1213//656
f 1213//657 1214//657 1211//657
f 1211//658 1214//658 1215//658
f 1211//659 1215//659 1208//659
f 1208//660 1215//660 1216//660
f 1208//661 1216//661 1206//661
f 1212//662 1211//662 1217//662
f 1217//663 1211//663 935//663
f 1217//664 935//664 1118//664
f 941//665 940//665 1117//665
f 941//666 1117//666 942//666
f 1118//667 935//667 1117//667
f 1117//668 935//668 937//668
f 1117//669 937//669 942//669
f 1098//670 1100//670 932//670
f 932//671 1100//671 933//671
f 1100//672 1101//672 1218//672
f 1218//673 1219//673 1100//673
f 1100//674 1219//674 1112//674
f 1100//675 1112//675 1114//675
f 940//676 933//676 1117//676
f 1117//677 933//677 1100//677
f 1117//678 1100//678 1116//678
f 1116//679 1100//679 1114//679
f 935//312 1211//312 936//312
f 936//312 1211//312 1208//312
f 936//312 1208//312 922//312
f 922//312 1208//312 1204//312
f 1204//312 1197//312 922//312
f 922//312 1197//312 1194//312
f 922//312 1194//312 923//312
f 950//11 952//11 949//11
f 949//11 952//11 951//11
f 932//7 931//7 1098//7
f 1098//7 931//7 944//7
f 1098//7 944//7 1099//7
f 1099//7 944//7 943//7
f 1103//2 957//2 1105//2
f 1105//2 957//2 958//2
f 1105//2 958//2 925//2
f 925//2 958//2 926//2
f 1220//81 1218//81 915//81
f 1221//81 1222//81 943//81
f 1102//81 1177//81 1178//81
f 1223//81 914//81 1224//81
f 1224//81 914//81 1225//81
f 1224//81 1225//81 1226//81
f 1226//81 1225//81 1227//81
f 1227//81 1225//81 1228//81
f 1227//81 1228//81 1229//81
f 1230//81 1231//81 1232//81
f 920//81 919//81 1101//81
f 1230//81 1232//81 1233//81
f 943//81 1222//81 1099//81
f 1234//81 1235//81 1228//81
f 1228//81 1235//81 1236//81
f 1228//81 1236//81 1229//81
f 1232//81 1237//81 1233//81
f 1233//81 1237//81 1238//81
f 1233//81 1238//81 1234//81
f 1234//81 1238//81 1239//81
f 1234//81 1239//81 1235//81
f 1223//81 1240//81 914//81
f 914//81 1240//81 1241//81
f 914//81 1241//81 915//81
f 915//81 1241//81 1242//81
f 915//81 1242//81 1220//81
f 1231//81 1230//81 1243//81
f 1243//81 1230//81 920//81
f 1243//81 920//81 1222//81
f 1222//81 920//81 1101//81
f 1222//81 1101//81 1099//81
f 919//81 918//81 1101//81
f 1101//81 918//81 1244//81
f 1101//81 1244//81 1218//81
f 1218//81 1244//81 916//81
f 1218//81 916//81 915//81
f 1024//81 949//81 951//81
f 1024//81 1022//81 949//81
f 949//81 1022//81 1020//81
f 949//81 1020//81 1018//81
f 1103//81 993//81 991//81
f 991//81 1001//81 1103//81
f 1103//81 1001//81 1003//81
f 1103//81 1003//81 957//81
f 957//81 1003//81 974//81
f 957//81 974//81 955//81
f 955//81 974//81 977//81
f 955//81 977//81 953//81
f 953//81 977//81 979//81
f 953//81 979//81 951//81
f 951//81 979//81 981//81
f 951//81 981//81 1024//81
f 1018//81 1017//81 949//81
f 949//81 1017//81 1185//81
f 949//81 1185//81 947//81
f 947//81 1185//81 1188//81
f 947//81 1188//81 945//81
f 945//81 1188//81 1191//81
f 945//81 1191//81 943//81
f 943//81 1191//81 1245//81
f 943//81 1245//81 1221//81
f 1178//81 1179//81 1102//81
f 1102//81 1179//81 1180//81
f 1102//81 1180//81 1103//81
f 1103//81 1180//81 994//81
f 1103//81 994//81 993//81
f 1040//680 1045//680 1246//680
f 1246//681 1045//681 1247//681
f 1246//682 1247//682 1248//682
f 1248//683 1247//683 1249//683
f 1249//684 1247//684 1250//684
f 1249//685 1250//685 1251//685
f 1251//686 1250//686 1252//686
f 1252//687 1250//687 1253//687
f 1252//688 1253//688 1254//688
f 1254//689 1253//689 1255//689
f 1255//690 1253//690 1256//690
f 1255//691 1256//691 1257//691
f 981//312 1027//312 1258//312
f 987//312 986//312 980//312
f 980//312 986//312 1043//312
f 980//312 1043//312 981//312
f 981//312 1043//312 1029//312
f 981//312 1029//312 1027//312
f 1258//312 1032//312 981//312
f 981//312 1032//312 1025//312
f 981//312 1025//312 1024//312
f 1003//7 1006//7 974//7
f 974//7 1006//7 1259//7
f 974//7 1259//7 999//7
f 984//7 985//7 1016//7
f 1016//7 985//7 975//7
f 1016//7 975//7 1013//7
f 1013//7 975//7 974//7
f 1013//7 974//7 1260//7
f 1260//7 974//7 999//7
f 1256//1 1253//1 1261//1
f 1261//1 1253//1 1250//1
f 1261//1 1250//1 1262//1
f 1262//1 1250//1 1247//1
f 1262//1 1247//1 988//1
f 988//1 1247//1 1045//1
f 988//1 1045//1 986//1
f 986//1 1045//1 1044//1
f 986//1 1044//1 1043//1
f 1261//1 1263//1 1256//1
f 1256//1 1263//1 1264//1
f 1256//1 1264//1 1265//1
f 1265//1 1264//1 1266//1
f 1265//1 1266//1 1267//1
f 1267//1 1266//1 1268//1
f 1267//1 1268//1 1269//1
f 1269//1 1268//1 1270//1
f 1269//1 1270//1 1271//1
f 1271//1 1270//1 1272//1
f 1271//1 1272//1 1273//1
f 1273//1 1272//1 1274//1
f 1273//1 1274//1 1275//1
f 1275//1 1274//1 1276//1
f 1275//1 1276//1 1277//1
f 1277//1 1276//1 1278//1
f 1277//1 1278//1 1279//1
f 1279//1 1278//1 1280//1
f 1279//1 1280//1 1281//1
f 1282//692 1283//692 1284//692
f 1285//693 1286//693 1287//693
f 1287//694 1286//694 1288//694
f 1287//695 1288//695 1289//695
f 840//696 842//696 1074//696
f 1285//697 1290//697 1286//697
f 1286//698 1290//698 1291//698
f 1286//699 1291//699 841//699
f 840//700 1074//700 841//700
f 842//701 843//701 1074//701
f 1074//702 843//702 844//702
f 1074//703 844//703 1072//703
f 1072//704 844//704 845//704
f 1072//695 845//695 846//695
f 1292//705 1084//705 1293//705
f 1293//706 1084//706 1086//706
f 1293//707 1086//707 1294//707
f 1294//708 1086//708 1088//708
f 1294//709 1088//709 1295//709
f 1295//709 1088//709 1296//709
f 1282//710 1284//710 1297//710
f 1090//711 1092//711 1298//711
f 1298//712 1299//712 1090//712
f 1090//713 1299//713 1300//713
f 1090//714 1300//714 1301//714
f 1301//715 1300//715 1302//715
f 1301//716 1302//716 1303//716
f 1303//717 1304//717 1301//717
f 1301//718 1304//718 1305//718
f 1301//719 1305//719 1306//719
f 1306//720 1305//720 1307//720
f 1306//721 1307//721 1284//721
f 1284//722 1307//722 1308//722
f 1284//723 1308//723 1297//723
f 1309//724 1310//724 1311//724
f 1311//725 1310//725 1296//725
f 1311//726 1296//726 1312//726
f 1309//727 1313//727 1310//727
f 1310//728 1313//728 1314//728
f 1310//729 1314//729 1301//729
f 1301//730 1314//730 1315//730
f 1301//731 1315//731 1316//731
f 1316//732 1317//732 1301//732
f 1301//733 1317//733 866//733
f 1301//734 866//734 1090//734
f 1090//735 866//735 867//735
f 1090//736 867//736 868//736
f 873//737 874//737 1088//737
f 873//738 1088//738 872//738
f 868//739 869//739 1090//739
f 1090//740 869//740 870//740
f 1090//741 870//741 1088//741
f 1088//742 870//742 871//742
f 1088//743 871//743 872//743
f 874//744 875//744 1088//744
f 1088//745 875//745 876//745
f 1088//746 876//746 1296//746
f 1296//747 876//747 1318//747
f 1296//748 1318//748 1312//748
f 841//749 1074//749 1286//749
f 1286//750 1074//750 1076//750
f 1286//750 1076//750 1319//750
f 1319//751 1076//751 1078//751
f 1319//751 1078//751 1320//751
f 1320//752 1078//752 1080//752
f 1320//752 1080//752 1321//752
f 1321//753 1080//753 1082//753
f 1321//753 1082//753 1322//753
f 1322//754 1082//754 1084//754
f 1322//754 1084//754 1323//754
f 1323//755 1084//755 1292//755
f 1323//755 1292//755 1324//755
f 948//81 946//81 944//81
f 950//81 948//81 790//81
f 790//81 948//81 944//81
f 790//81 944//81 787//81
f 787//81 944//81 931//81
f 952//81 794//81 954//81
f 954//81 794//81 793//81
f 954//81 793//81 956//81
f 790//81 789//81 950//81
f 950//81 789//81 788//81
f 950//81 788//81 952//81
f 952//81 788//81 791//81
f 952//81 791//81 794//81
f 956//81 793//81 958//81
f 958//81 793//81 792//81
f 958//81 792//81 926//81
f 926//81 792//81 796//81
f 926//81 796//81 930//81
f 930//81 796//81 799//81
f 930//81 799//81 929//81
f 929//81 799//81 798//81
f 929//81 798//81 921//81
f 921//81 798//81 797//81
f 921//81 797//81 922//81
f 922//81 797//81 780//81
f 922//81 780//81 936//81
f 936//81 780//81 781//81
f 936//81 781//81 938//81
f 938//81 781//81 785//81
f 938//81 785//81 939//81
f 939//81 785//81 784//81
f 939//81 784//81 934//81
f 934//81 784//81 783//81
f 934//81 783//81 931//81
f 931//81 783//81 782//81
f 931//81 782//81 787//81
f 646//312 786//312 647//312
f 647//312 786//312 773//312
f 598//312 772//312 599//312
f 599//312 772//312 795//312
f 646//81 645//81 786//81
f 786//81 645//81 644//81
f 786//81 644//81 643//81
f 608//81 605//81 795//81
f 795//81 605//81 600//81
f 795//81 600//81 599//81
f 112//756 1325//756 111//756
f 111//756 1325//756 1326//756
f 1327//757 1328//757 1329//757
f 1329//758 1328//758 1330//758
f 1331//759 1332//759 1333//759
f 1333//759 1332//759 1334//759
f 1335//760 1294//760 1336//760
f 1336//760 1294//760 1295//760
f 1337//761 1324//761 1338//761
f 1338//761 1324//761 1292//761
f 113//762 1339//762 116//762
f 116//762 1339//762 1340//762
f 1339//763 113//763 1341//763
f 1341//764 113//764 114//764
f 1341//765 114//765 1342//765
f 1342//766 114//766 117//766
f 1342//767 117//767 1343//767
f 1343//768 117//768 118//768
f 1343//769 118//769 1344//769
f 1344//770 118//770 119//770
f 1344//771 119//771 1345//771
f 1345//772 119//772 120//772
f 1345//773 120//773 1346//773
f 1346//774 120//774 121//774
f 1346//775 121//775 1347//775
f 1347//775 121//775 122//775
f 1347//776 122//776 1348//776
f 1348//777 122//777 123//777
f 1348//778 123//778 1349//778
f 1349//779 123//779 124//779
f 1349//780 124//780 1350//780
f 1350//781 124//781 125//781
f 1350//782 125//782 1351//782
f 1351//783 125//783 126//783
f 1351//784 126//784 1352//784
f 1352//785 126//785 127//785
f 1352//786 127//786 1353//786
f 1353//787 127//787 128//787
f 1353//788 128//788 1354//788
f 1354//789 128//789 129//789
f 1354//790 129//790 1355//790
f 1355//791 129//791 130//791
f 1355//792 130//792 1356//792
f 1356//793 130//793 131//793
f 1356//794 131//794 1357//794
f 1357//794 131//794 1358//794
f 1357//795 1358//795 1359//795
f 1359//796 1358//796 1360//796
f 1359//797 1360//797 1361//797
f 1361//798 1360//798 1362//798
f 1361//799 1362//799 1363//799
f 1363//800 1362//800 1364//800
f 1363//801 1364//801 1365//801
f 1365//802 1364//802 1333//802
f 1365//803 1333//803 1334//803
f 1288//804 1286//804 1366//804
f 1366//805 1286//805 1319//805
f 1366//806 1319//806 1367//806
f 1367//807 1319//807 1320//807
f 1367//808 1320//808 1368//808
f 1368//809 1320//809 1321//809
f 1368//810 1321//810 1369//810
f 1369//811 1321//811 1322//811
f 1369//812 1322//812 1370//812
f 1370//813 1322//813 1323//813
f 1370//814 1323//814 1337//814
f 1337//815 1323//815 1324//815
f 1371//816 105//816 1372//816
f 1372//817 105//817 106//817
f 1372//818 106//818 1373//818
f 1373//819 106//819 107//819
f 1373//820 107//820 1374//820
f 1374//821 107//821 108//821
f 1374//822 108//822 1375//822
f 1375//823 108//823 109//823
f 1375//824 109//824 1376//824
f 1376//825 109//825 110//825
f 1376//826 110//826 1326//826
f 1326//827 110//827 111//827
f 1366//828 1377//828 1288//828
f 1288//829 1377//829 103//829
f 1288//829 103//829 1371//829
f 1371//830 103//830 104//830
f 1371//831 104//831 105//831
f 1284//832 1283//832 135//832
f 1301//1 1306//1 1378//1
f 1310//1 1379//1 1296//1
f 1296//1 1379//1 1380//1
f 1296//1 1380//1 1295//1
f 1295//1 1380//1 1381//1
f 1295//833 1381//833 1336//833
f 135//834 1382//834 1284//834
f 1284//1 1382//1 1383//1
f 1284//1 1383//1 1306//1
f 1306//1 1383//1 1384//1
f 1306//1 1384//1 1378//1
f 1378//1 1385//1 1301//1
f 1301//1 1385//1 1386//1
f 1301//1 1386//1 1310//1
f 1310//1 1386//1 1387//1
f 1310//1 1387//1 1379//1
f 1388//1 1328//1 1389//1
f 1389//835 1328//835 1327//835
f 1389//1 1390//1 1388//1
f 1388//1 1390//1 1391//1
f 1388//1 1391//1 1392//1
f 1392//1 1391//1 1393//1
f 136//836 961//836 1394//836
f 1394//1 961//1 1395//1
f 1393//1 1396//1 1392//1
f 1392//1 1396//1 1397//1
f 1392//1 1397//1 1395//1
f 1395//1 1397//1 1398//1
f 1395//1 1398//1 1394//1
f 1294//1 1335//1 1293//1
f 1293//1 1335//1 1399//1
f 1293//1 1399//1 1292//1
f 1292//1 1399//1 1338//1
f 1332//1 1331//1 1400//1
f 1332//1 1400//1 1401//1
f 1401//1 1400//1 1329//1
f 1401//1 1329//1 1330//1
f 1325//1 112//1 1402//1
f 1402//1 112//1 115//1
f 1402//1 115//1 1340//1
f 1340//1 115//1 116//1
f 133//174 132//174 1403//174
f 1403//837 132//837 1404//837
f 1403//174 1404//174 1405//174
f 1405//837 1404//837 1406//837
f 1405//174 1406//174 1407//174
f 1407//838 1406//838 1408//838
f 1407//174 1408//174 1409//174
f 1409//839 1408//839 1410//839
f 1409//174 1410//174 1411//174
f 1411//840 1410//840 1412//840
f 1411//841 1412//841 1413//841
f 1413//174 1412//174 1414//174
f 1413//174 1414//174 1415//174
f 1414//174 1416//174 1415//174
f 1415//842 1416//842 1417//842
f 1415//174 1417//174 1418//174
f 1418//837 1417//837 1419//837
f 1418//843 1419//843 1420//843
f 1420//844 1419//844 1421//844
f 1420//844 1421//844 1422//844
f 1422//845 1421//845 1423//845
f 1422//174 1423//174 767//174
f 767//173 1423//173 1424//173
f 767//174 1424//174 766//174
f 766//174 1424//174 969//174
f 766//846 969//846 765//846
f 765//847 969//847 968//847
f 765//846 968//846 764//846
f 764//846 968//846 964//846
f 764//841 964//841 763//841
f 763//173 964//173 959//173
f 763//848 959//848 762//848
f 762//843 959//843 138//843
f 762//843 138//843 140//843
f 972//849 971//849 1278//849
f 973//850 972//850 1392//850
f 1395//851 963//851 1392//851
f 1392//852 963//852 962//852
f 1392//853 962//853 973//853
f 971//854 970//854 1278//854
f 1278//855 970//855 1425//855
f 1278//856 1425//856 1280//856
f 967//857 1395//857 960//857
f 960//858 1395//858 961//858
f 967//859 966//859 1395//859
f 1395//860 966//860 965//860
f 1395//861 965//861 963//861
f 1330//862 1276//862 1401//862
f 1401//863 1276//863 1274//863
f 1401//864 1274//864 1332//864
f 1332//865 1274//865 1272//865
f 1332//866 1272//866 1334//866
f 899//867 900//867 1266//867
f 899//868 1266//868 898//868
f 898//869 1266//869 897//869
f 897//870 1266//870 1264//870
f 897//871 1264//871 896//871
f 1359//872 901//872 1426//872
f 1426//873 1427//873 1359//873
f 1359//874 1427//874 1428//874
f 1359//875 1428//875 1357//875
f 1357//876 1428//876 1429//876
f 1357//871 1429//871 1430//871
f 1334//866 1272//866 1365//866
f 1365//877 1272//877 1270//877
f 1365//877 1270//877 1363//877
f 1363//878 1270//878 1268//878
f 1363//878 1268//878 1361//878
f 1361//879 1268//879 1266//879
f 1361//879 1266//879 1359//879
f 1359//880 1266//880 900//880
f 1359//881 900//881 901//881
f 972//882 1278//882 1392//882
f 1392//883 1278//883 1276//883
f 1392//883 1276//883 1388//883
f 1388//884 1276//884 1330//884
f 1388//884 1330//884 1328//884
f 983//885 982//885 1046//885
f 1353//886 1096//886 1352//886
f 1352//887 1096//887 1094//887
f 1352//887 1094//887 1351//887
f 1351//888 1094//888 1095//888
f 1354//889 989//889 1353//889
f 1353//890 989//890 1097//890
f 1353//886 1097//886 1096//886
f 896//891 1264//891 895//891
f 895//892 1264//892 1263//892
f 1431//893 891//893 1355//893
f 891//894 892//894 1261//894
f 1261//895 892//895 893//895
f 1261//896 893//896 1263//896
f 1263//897 893//897 894//897
f 1263//898 894//898 895//898
f 1356//899 1357//899 1430//899
f 1430//900 1432//900 1356//900
f 1356//901 1432//901 1433//901
f 1356//902 1433//902 1355//902
f 1355//903 1433//903 1434//903
f 1355//904 1434//904 1431//904
f 1339//905 1341//905 1340//905
f 1340//905 1341//905 1055//905
f 1340//906 1055//906 1402//906
f 1402//907 1055//907 1057//907
f 1402//908 1057//908 1325//908
f 1325//909 1057//909 1059//909
f 1325//910 1059//910 1326//910
f 1289//911 1288//911 1435//911
f 1435//912 1288//912 1371//912
f 851//913 1436//913 1372//913
f 1372//914 1436//914 1437//914
f 1372//915 1437//915 1371//915
f 1371//916 1437//916 1438//916
f 1371//917 1438//917 1435//917
f 1069//918 1072//918 846//918
f 846//919 847//919 1069//919
f 1069//920 847//920 848//920
f 1069//921 848//921 1067//921
f 1067//922 848//922 849//922
f 1067//923 849//923 850//923
f 822//924 1051//924 823//924
f 823//925 1051//925 1053//925
f 823//926 1053//926 824//926
f 822//927 825//927 1439//927
f 1439//928 825//928 1440//928
f 1439//929 1440//929 1343//929
f 1343//930 1440//930 1342//930
f 1441//931 1442//931 1341//931
f 1440//932 1443//932 1342//932
f 1342//933 1443//933 1444//933
f 1342//934 1444//934 1445//934
f 1445//935 1446//935 1342//935
f 1342//936 1446//936 1447//936
f 1342//937 1447//937 1341//937
f 1341//938 1447//938 1448//938
f 1341//939 1448//939 1441//939
f 1442//940 1449//940 1341//940
f 1341//941 1449//941 815//941
f 1341//942 815//942 1055//942
f 1055//943 815//943 814//943
f 814//944 817//944 1055//944
f 1055//945 817//945 816//945
f 1055//946 816//946 1053//946
f 1053//947 816//947 819//947
f 1053//948 819//948 818//948
f 818//949 821//949 1053//949
f 1053//950 821//950 820//950
f 1053//951 820//951 824//951
f 1326//910 1059//910 1376//910
f 1376//952 1059//952 1061//952
f 1376//952 1061//952 1375//952
f 1375//953 1061//953 1063//953
f 1375//953 1063//953 1374//953
f 1374//954 1063//954 1065//954
f 1374//954 1065//954 1373//954
f 1373//955 1065//955 1067//955
f 1373//955 1067//955 1372//955
f 1372//956 1067//956 850//956
f 1372//957 850//957 851//957
f 822//958 1439//958 1051//958
f 1051//959 1439//959 1345//959
f 1051//960 1345//960 1049//960
f 1345//961 1346//961 1049//961
f 1049//962 1346//962 1347//962
f 1049//963 1347//963 1046//963
f 1046//964 1347//964 1348//964
f 1046//885 1348//885 983//885
f 983//965 1348//965 1349//965
f 983//966 1349//966 1095//966
f 1095//967 1349//967 1350//967
f 1095//888 1350//888 1351//888
f 891//968 1261//968 1355//968
f 1355//969 1261//969 1262//969
f 1355//969 1262//969 1354//969
f 1354//970 1262//970 988//970
f 1354//970 988//970 989//970
f 1450//971 1093//971 1091//971
f 1450//972 1091//972 1451//972
f 1452//973 1453//973 1454//973
f 1454//974 1453//974 1455//974
f 1454//975 1455//975 1456//975
f 1456//976 1455//976 1457//976
f 1456//977 1457//977 1458//977
f 1452//978 1459//978 1453//978
f 1453//979 1459//979 1460//979
f 1453//980 1460//980 1461//980
f 1279//981 1281//981 1462//981
f 1463//982 1464//982 1465//982
f 1465//983 1464//983 1466//983
f 1465//984 1466//984 1467//984
f 1467//985 1468//985 1465//985
f 1465//986 1468//986 1469//986
f 1465//987 1469//987 1470//987
f 1470//988 1469//988 1471//988
f 1470//989 1471//989 1472//989
f 1472//990 1471//990 1473//990
f 1472//991 1473//991 1474//991
f 1474//992 1473//992 1475//992
f 1474//993 1475//993 1457//993
f 1457//994 1475//994 1476//994
f 1457//995 1476//995 1458//995
f 1256//996 1265//996 1257//996
f 1257//997 1265//997 1477//997
f 1073//998 1071//998 1119//998
f 1477//999 1265//999 1478//999
f 1478//1000 1265//1000 1267//1000
f 1478//1001 1267//1001 1479//1001
f 1479//1002 1267//1002 1480//1002
f 1480//1003 1267//1003 1269//1003
f 1480//1004 1269//1004 1481//1004
f 1481//1005 1269//1005 1482//1005
f 1482//1006 1269//1006 1271//1006
f 1482//1007 1271//1007 1483//1007
f 1483//1008 1271//1008 1484//1008
f 1484//1009 1271//1009 1273//1009
f 1484//1010 1273//1010 1485//1010
f 1485//1011 1273//1011 1486//1011
f 1486//1012 1273//1012 1275//1012
f 1486//1013 1275//1013 1487//1013
f 1487//1014 1275//1014 1488//1014
f 1488//1015 1275//1015 1277//1015
f 1488//1016 1277//1016 1489//1016
f 1489//1017 1277//1017 1490//1017
f 1490//1018 1277//1018 1279//1018
f 1490//1019 1279//1019 1465//1019
f 1465//1020 1279//1020 1462//1020
f 1465//1021 1462//1021 1463//1021
f 1461//1022 1451//1022 1453//1022
f 1453//1023 1451//1023 1091//1023
f 1453//1024 1091//1024 1491//1024
f 1491//1025 1091//1025 1089//1025
f 1087//1026 1492//1026 1089//1026
f 1089//1027 1492//1027 1493//1027
f 1089//1028 1493//1028 1491//1028
f 1085//1029 1494//1029 1087//1029
f 1087//1030 1494//1030 1495//1030
f 1087//1031 1495//1031 1492//1031
f 1083//1032 1496//1032 1085//1032
f 1085//1033 1496//1033 1497//1033
f 1085//1034 1497//1034 1494//1034
f 1081//1035 1498//1035 1083//1035
f 1083//1036 1498//1036 1499//1036
f 1083//1037 1499//1037 1496//1037
f 1079//1038 1500//1038 1081//1038
f 1081//1039 1500//1039 1501//1039
f 1081//1040 1501//1040 1498//1040
f 1077//1041 1502//1041 1079//1041
f 1079//1042 1502//1042 1503//1042
f 1079//1043 1503//1043 1500//1043
f 1119//1044 1504//1044 1073//1044
f 1073//1045 1504//1045 1505//1045
f 1073//1046 1505//1046 1075//1046
f 1075//1047 1505//1047 1506//1047
f 1075//1048 1506//1048 1077//1048
f 1077//1049 1506//1049 1507//1049
f 1077//1050 1507//1050 1502//1050
f 1212//1051 1217//1051 1068//1051
f 1064//1052 1209//1052 1207//1052
f 1216//1053 1215//1053 1066//1053
f 1066//1054 1215//1054 1214//1054
f 1066//1055 1214//1055 1068//1055
f 1068//1056 1214//1056 1213//1056
f 1068//1057 1213//1057 1212//1057
f 1064//1058 1207//1058 1066//1058
f 1066//1059 1207//1059 1206//1059
f 1066//1060 1206//1060 1216//1060
f 1062//1061 1203//1061 1205//1061
f 1062//1062 1205//1062 1064//1062
f 1064//1063 1205//1063 1210//1063
f 1064//1064 1210//1064 1209//1064
f 1200//1065 1199//1065 1060//1065
f 1060//1066 1199//1066 1062//1066
f 1062//1067 1199//1067 1198//1067
f 1062//1068 1198//1068 1203//1068
f 1154//1069 1153//1069 1058//1069
f 1058//1070 1153//1070 1196//1070
f 1196//1071 1195//1071 1058//1071
f 1058//1072 1195//1072 1202//1072
f 1058//1073 1202//1073 1060//1073
f 1060//1074 1202//1074 1201//1074
f 1060//1075 1201//1075 1200//1075
f 1071//1076 1070//1076 1119//1076
f 1119//1076 1070//1076 1120//1076
f 1120//1077 1070//1077 1110//1077
f 1110//1078 1070//1078 1068//1078
f 1110//1079 1068//1079 1111//1079
f 1111//1080 1068//1080 1217//1080
f 1111//1081 1217//1081 1118//1081
f 1154//1082 1058//1082 1155//1082
f 1155//1083 1058//1083 1056//1083
f 1155//1084 1056//1084 1156//1084
f 1156//1085 1056//1085 1158//1085
f 1158//1086 1056//1086 1054//1086
f 1158//1087 1054//1087 1160//1087
f 1160//1088 1054//1088 1162//1088
f 1162//1089 1054//1089 1052//1089
f 1162//1090 1052//1090 1164//1090
f 1164//1091 1052//1091 1166//1091
f 1166//1092 1052//1092 1050//1092
f 1166//1093 1050//1093 1168//1093
f 1168//1094 1050//1094 1170//1094
f 1170//1095 1050//1095 1048//1095
f 1170//1096 1048//1096 1172//1096
f 1172//1097 1048//1097 1174//1097
f 1174//1098 1048//1098 1047//1098
f 1174//1099 1047//1099 1152//1099
f 1152//1100 1047//1100 1015//1100
f 1152//1100 1015//1100 996//1100
f 1191//1101 1193//1101 1508//1101
f 1191//1102 1508//1102 1245//1102
f 1508//1103 1509//1103 1245//1103
f 1245//1104 1509//1104 1510//1104
f 1245//1105 1510//1105 1221//1105
f 1510//1106 1511//1106 1221//1106
f 1221//1107 1511//1107 1512//1107
f 1221//1108 1512//1108 1222//1108
f 1512//1109 1513//1109 1222//1109
f 1222//1110 1513//1110 1514//1110
f 1222//1111 1514//1111 1243//1111
f 1514//1112 1515//1112 1243//1112
f 1243//1113 1515//1113 1516//1113
f 1243//1114 1516//1114 1231//1114
f 1516//1115 1517//1115 1231//1115
f 1231//1116 1517//1116 1518//1116
f 1231//1117 1518//1117 1232//1117
f 1518//1118 1519//1118 1232//1118
f 1232//1119 1519//1119 1520//1119
f 1232//1120 1520//1120 1237//1120
f 1520//1121 1521//1121 1237//1121
f 1237//1122 1521//1122 1522//1122
f 1237//1123 1522//1123 1238//1123
f 1522//1124 1523//1124 1238//1124
f 1238//1125 1523//1125 1524//1125
f 1238//1126 1524//1126 1239//1126
f 1239//1127 1524//1127 1525//1127
f 1525//1128 1526//1128 1239//1128
f 1239//1129 1526//1129 1527//1129
f 1239//1130 1527//1130 1235//1130
f 1527//1131 1528//1131 1235//1131
f 1235//1132 1528//1132 1529//1132
f 1235//1133 1529//1133 1236//1133
f 1529//1134 1530//1134 1236//1134
f 1236//1135 1530//1135 1531//1135
f 1236//1136 1531//1136 1229//1136
f 1531//1137 1532//1137 1229//1137
f 1229//1138 1532//1138 1533//1138
f 1229//1139 1533//1139 1227//1139
f 1533//1140 1534//1140 1227//1140
f 1227//1141 1534//1141 1535//1141
f 1227//1142 1535//1142 1226//1142
f 1535//1143 1536//1143 1226//1143
f 1226//1144 1536//1144 1537//1144
f 1226//1145 1537//1145 1224//1145
f 1537//1146 1538//1146 1224//1146
f 1224//1147 1538//1147 1539//1147
f 1224//1148 1539//1148 1223//1148
f 1539//1149 1540//1149 1223//1149
f 1223//1150 1540//1150 1541//1150
f 1223//1151 1541//1151 1240//1151
f 1541//1152 1542//1152 1240//1152
f 1240//1153 1542//1153 1543//1153
f 1240//1154 1543//1154 1241//1154
f 1108//1155 1242//1155 1544//1155
f 1544//1156 1242//1156 1241//1156
f 1544//1157 1241//1157 1545//1157
f 1545//1158 1241//1158 1543//1158
f 1112//1159 1546//1159 1113//1159
f 1113//1160 1546//1160 1218//1160
f 1113//1161 1218//1161 1107//1161
f 1107//1162 1218//1162 1220//1162
f 1107//1163 1220//1163 1108//1163
f 1108//1164 1220//1164 1242//1164
f 1124//1165 1108//1165 1544//1165
f 1121//1166 1123//1166 1547//1166
f 1547//1167 1123//1167 1124//1167
f 1124//1168 1544//1168 1547//1168
f 1547//1169 1544//1169 1545//1169
f 1547//1170 1545//1170 1548//1170
f 1548//1171 1545//1171 1543//1171
f 1548//1171 1543//1171 1549//1171
f 1549//1172 1543//1172 1542//1172
f 1549//1172 1542//1172 1550//1172
f 1550//1173 1542//1173 1541//1173
f 1550//1173 1541//1173 1551//1173
f 1551//1174 1541//1174 1540//1174
f 1551//1174 1540//1174 1552//1174
f 1552//1175 1540//1175 1539//1175
f 1552//1175 1539//1175 1553//1175
f 1553//1176 1539//1176 1538//1176
f 1553//1176 1538//1176 1554//1176
f 1554//1177 1538//1177 1537//1177
f 1554//1177 1537//1177 1555//1177
f 1555//1178 1537//1178 1536//1178
f 1555//1178 1536//1178 1556//1178
f 1556//1179 1536//1179 1535//1179
f 1556//1179 1535//1179 1557//1179
f 1557//1180 1535//1180 1534//1180
f 1557//1180 1534//1180 1558//1180
f 1558//1181 1534//1181 1533//1181
f 1558//1181 1533//1181 1559//1181
f 1559//1182 1533//1182 1532//1182
f 1559//1182 1532//1182 1560//1182
f 1560//1183 1532//1183 1531//1183
f 1560//1183 1531//1183 1561//1183
f 1561//1184 1531//1184 1530//1184
f 1561//1184 1530//1184 1562//1184
f 1562//1185 1530//1185 1529//1185
f 1562//1185 1529//1185 1563//1185
f 1563//1186 1529//1186 1528//1186
f 1563//1187 1528//1187 1564//1187
f 1564//1188 1528//1188 1565//1188
f 1564//1189 1565//1189 1566//1189
f 1566//1190 1565//1190 1526//1190
f 1566//1191 1526//1191 1567//1191
f 1567//1192 1526//1192 1525//1192
f 1567//1193 1525//1193 1568//1193
f 1568//1194 1525//1194 1524//1194
f 1568//1194 1524//1194 1569//1194
f 1569//1195 1524//1195 1523//1195
f 1569//1195 1523//1195 1570//1195
f 1570//1196 1523//1196 1522//1196
f 1570//1196 1522//1196 1571//1196
f 1571//1197 1522//1197 1521//1197
f 1571//1198 1521//1198 1572//1198
f 1572//1199 1521//1199 1520//1199
f 1572//1199 1520//1199 1573//1199
f 1573//1200 1520//1200 1519//1200
f 1573//1200 1519//1200 1574//1200
f 1574//1201 1519//1201 1518//1201
f 1574//1201 1518//1201 1575//1201
f 1575//1202 1518//1202 1517//1202
f 1575//1202 1517//1202 1576//1202
f 1576//1203 1517//1203 1516//1203
f 1576//1203 1516//1203 1577//1203
f 1577//1204 1516//1204 1515//1204
f 1577//1204 1515//1204 1578//1204
f 1578//1205 1515//1205 1514//1205
f 1578//1205 1514//1205 1579//1205
f 1579//1206 1514//1206 1513//1206
f 1579//1206 1513//1206 1580//1206
f 1580//1207 1513//1207 1512//1207
f 1580//1207 1512//1207 1581//1207
f 1581//1208 1512//1208 1511//1208
f 1581//1208 1511//1208 1582//1208
f 1582//1209 1511//1209 1510//1209
f 1582//1209 1510//1209 1583//1209
f 1583//1210 1510//1210 1509//1210
f 1583//1211 1509//1211 1584//1211
f 1584//1212 1509//1212 1508//1212
f 1584//1213 1508//1213 1585//1213
f 1585//1214 1508//1214 1193//1214
f 1585//1214 1193//1214 1586//1214
f 1504//1215 1119//1215 1121//1215
f 1121//1216 1547//1216 1504//1216
f 1504//1217 1547//1217 1548//1217
f 1504//1217 1548//1217 1505//1217
f 1505//1218 1548//1218 1549//1218
f 1505//1218 1549//1218 1506//1218
f 1506//1219 1549//1219 1550//1219
f 1506//1219 1550//1219 1507//1219
f 1507//1220 1550//1220 1551//1220
f 1507//1220 1551//1220 1502//1220
f 1502//1221 1551//1221 1552//1221
f 1502//1221 1552//1221 1503//1221
f 1503//1222 1552//1222 1553//1222
f 1503//1222 1553//1222 1500//1222
f 1500//1223 1553//1223 1554//1223
f 1500//1223 1554//1223 1501//1223
f 1501//1224 1554//1224 1555//1224
f 1501//1224 1555//1224 1498//1224
f 1498//1225 1555//1225 1556//1225
f 1498//1225 1556//1225 1499//1225
f 1499//1226 1556//1226 1557//1226
f 1499//1226 1557//1226 1496//1226
f 1496//1227 1557//1227 1558//1227
f 1496//1227 1558//1227 1497//1227
f 1497//1228 1558//1228 1559//1228
f 1497//1229 1559//1229 1494//1229
f 1494//1230 1559//1230 1560//1230
f 1494//1231 1560//1231 1495//1231
f 1495//1232 1560//1232 1561//1232
f 1495//1232 1561//1232 1492//1232
f 1492//1233 1561//1233 1562//1233
f 1492//1233 1562//1233 1493//1233
f 1493//1234 1562//1234 1563//1234
f 1493//1234 1563//1234 1491//1234
f 1491//1235 1563//1235 1564//1235
f 1491//1236 1564//1236 1453//1236
f 1453//1237 1564//1237 1566//1237
f 1453//1238 1566//1238 1587//1238
f 1587//1239 1566//1239 1567//1239
f 1587//1240 1567//1240 1457//1240
f 1457//1241 1567//1241 1568//1241
f 1457//1242 1568//1242 1474//1242
f 1474//1243 1568//1243 1569//1243
f 1474//1243 1569//1243 1472//1243
f 1472//1244 1569//1244 1570//1244
f 1472//1244 1570//1244 1470//1244
f 1470//1245 1570//1245 1571//1245
f 1470//1245 1571//1245 1465//1245
f 1465//1246 1571//1246 1572//1246
f 1465//1247 1572//1247 1490//1247
f 1490//1248 1572//1248 1573//1248
f 1490//1248 1573//1248 1489//1248
f 1489//1249 1573//1249 1574//1249
f 1489//1249 1574//1249 1488//1249
f 1488//1250 1574//1250 1575//1250
f 1488//1250 1575//1250 1487//1250
f 1487//1251 1575//1251 1576//1251
f 1487//1251 1576//1251 1486//1251
f 1486//1252 1576//1252 1577//1252
f 1486//1252 1577//1252 1485//1252
f 1485//1253 1577//1253 1578//1253
f 1485//1253 1578//1253 1484//1253
f 1484//1254 1578//1254 1579//1254
f 1484//1254 1579//1254 1483//1254
f 1483//1255 1579//1255 1580//1255
f 1483//1256 1580//1256 1482//1256
f 1482//1257 1580//1257 1581//1257
f 1482//1257 1581//1257 1481//1257
f 1481//1258 1581//1258 1582//1258
f 1481//1258 1582//1258 1480//1258
f 1480//1259 1582//1259 1583//1259
f 1480//1259 1583//1259 1479//1259
f 1479//1260 1583//1260 1584//1260
f 1479//1260 1584//1260 1478//1260
f 1478//1261 1584//1261 1585//1261
f 1478//1261 1585//1261 1477//1261
f 1477//1262 1585//1262 1586//1262
f 1477//1263 1586//1263 1257//1263
f 1039//1264 1042//1264 1588//1264
f 1588//1265 1042//1265 1041//1265
f 1589//1266 1183//1266 1590//1266
f 1590//1267 1183//1267 1021//1267
f 1590//1268 1021//1268 1591//1268
f 1591//1269 1021//1269 1035//1269
f 1591//1270 1035//1270 1037//1270
f 1187//1271 1186//1271 1589//1271
f 1589//1272 1186//1272 1184//1272
f 1589//1266 1184//1266 1183//1266
f 1589//1273 1592//1273 1187//1273
f 1187//1274 1592//1274 1593//1274
f 1187//1274 1593//1274 1189//1274
f 1189//1275 1593//1275 1594//1275
f 1189//1276 1594//1276 1190//1276
f 1190//1277 1594//1277 1595//1277
f 1190//1278 1595//1278 1192//1278
f 1255//1279 1257//1279 1586//1279
f 1586//1280 1596//1280 1255//1280
f 1255//1281 1596//1281 1597//1281
f 1255//1282 1597//1282 1254//1282
f 1254//1283 1597//1283 1598//1283
f 1254//1283 1598//1283 1252//1283
f 1252//1284 1598//1284 1599//1284
f 1252//1285 1599//1285 1251//1285
f 1251//1286 1599//1286 1600//1286
f 1251//1286 1600//1286 1249//1286
f 1249//1287 1600//1287 1601//1287
f 1249//1287 1601//1287 1248//1287
f 1248//1288 1601//1288 1588//1288
f 1248//1288 1588//1288 1246//1288
f 1246//1289 1588//1289 1041//1289
f 1246//1290 1041//1290 1040//1290
f 1193//1291 1192//1291 1586//1291
f 1586//1292 1192//1292 1595//1292
f 1586//1293 1595//1293 1596//1293
f 1596//1294 1595//1294 1594//1294
f 1596//1295 1594//1295 1597//1295
f 1597//1296 1594//1296 1593//1296
f 1597//1296 1593//1296 1598//1296
f 1598//1297 1593//1297 1592//1297
f 1598//1297 1592//1297 1599//1297
f 1599//1298 1592//1298 1589//1298
f 1599//1298 1589//1298 1600//1298
f 1600//1299 1589//1299 1590//1299
f 1600//1299 1590//1299 1601//1299
f 1601//1300 1590//1300 1591//1300
f 1601//1300 1591//1300 1588//1300
f 1588//1301 1591//1301 1037//1301
f 1588//1302 1037//1302 1039//1302
f 1281//1303 1280//1303 1424//1303
f 1424//1304 1280//1304 969//1304
f 969//1305 1280//1305 1602//1305
f 969//1306 1602//1306 970//1306
f 1466//1307 1464//1307 1423//1307
f 1423//1308 1464//1308 1463//1308
f 1423//1309 1463//1309 1424//1309
f 1424//1310 1463//1310 1462//1310
f 1424//1311 1462//1311 1281//1311
f 1466//1312 1423//1312 1467//1312
f 1467//1313 1423//1313 1421//1313
f 1467//1314 1421//1314 1468//1314
f 1419//1315 1471//1315 1421//1315
f 1421//1316 1471//1316 1469//1316
f 1421//1317 1469//1317 1468//1317
f 1417//1318 1475//1318 1419//1318
f 1419//1319 1475//1319 1473//1319
f 1419//1320 1473//1320 1471//1320
f 1454//1321 1456//1321 1416//1321
f 1416//1322 1456//1322 1458//1322
f 1416//1323 1458//1323 1417//1323
f 1417//1324 1458//1324 1476//1324
f 1417//1325 1476//1325 1475//1325
f 1461//1326 1460//1326 1414//1326
f 1414//1327 1460//1327 1459//1327
f 1414//1328 1459//1328 1416//1328
f 1416//1329 1459//1329 1452//1329
f 1416//1330 1452//1330 1454//1330
f 1412//1331 1450//1331 1414//1331
f 1414//1332 1450//1332 1451//1332
f 1414//1333 1451//1333 1461//1333
f 1093//1334 1450//1334 1092//1334
f 1092//1335 1450//1335 1412//1335
f 1092//1336 1412//1336 1603//1336
f 1603//1337 1412//1337 1410//1337
f 1603//1338 1410//1338 1299//1338
f 1297//1339 135//1339 1282//1339
f 1282//1340 135//1340 1283//1340
f 1304//1341 1303//1341 1408//1341
f 1408//1342 1303//1342 1302//1342
f 1408//1343 1302//1343 1410//1343
f 1410//1344 1302//1344 1300//1344
f 1410//1345 1300//1345 1299//1345
f 1304//1346 1408//1346 1305//1346
f 1305//1347 1408//1347 1406//1347
f 1305//1348 1406//1348 1307//1348
f 1307//1349 1406//1349 1308//1349
f 1308//1350 1406//1350 1404//1350
f 1308//1351 1404//1351 1297//1351
f 1297//1352 1404//1352 132//1352
f 1297//1353 132//1353 135//1353
f 913//127 920//127 912//127
f 912//127 920//127 1230//127
f 912//429 1230//429 911//429
f 911//429 1230//429 1233//429
f 911//1354 1233//1354 910//1354
f 910//1354 1233//1354 1604//1354
f 910//1355 1604//1355 909//1355
f 909//1355 1604//1355 1228//1355
f 909//446 1228//446 907//446
f 907//446 1228//446 1225//446
f 907//447 1225//447 908//447
f 908//447 1225//447 914//447
f 1426//1356 901//1356 886//1356
f 886//1357 888//1357 1426//1357
f 1426//1358 888//1358 890//1358
f 1426//1359 890//1359 1427//1359
f 1427//1360 890//1360 1428//1360
f 1428//1361 890//1361 885//1361
f 1428//1362 885//1362 1429//1362
f 1429//1363 885//1363 1430//1363
f 1430//1364 885//1364 884//1364
f 1430//1365 884//1365 1432//1365
f 1432//1366 884//1366 1433//1366
f 1433//1367 884//1367 883//1367
f 1433//1368 883//1368 1434//1368
f 1434//1369 883//1369 889//1369
f 1434//1370 889//1370 1431//1370
f 1431//1371 889//1371 887//1371
f 1431//1372 887//1372 891//1372
f 1318//1373 876//1373 861//1373
f 861//1374 855//1374 1318//1374
f 1318//1375 855//1375 863//1375
f 1318//1376 863//1376 1312//1376
f 1312//1377 863//1377 1311//1377
f 1311//1378 863//1378 862//1378
f 1311//1379 862//1379 1309//1379
f 1309//1380 862//1380 1313//1380
f 1313//1381 862//1381 864//1381
f 1313//1382 864//1382 1314//1382
f 1314//1383 864//1383 1315//1383
f 1315//1384 864//1384 865//1384
f 1315//1385 865//1385 1316//1385
f 1316//1386 865//1386 857//1386
f 1316//1387 857//1387 1317//1387
f 1317//1388 857//1388 856//1388
f 1317//1389 856//1389 866//1389
f 1436//1390 851//1390 837//1390
f 837//1391 830//1391 1436//1391
f 1436//1392 830//1392 829//1392
f 1436//1393 829//1393 1437//1393
f 1437//1394 829//1394 1438//1394
f 1438//1395 829//1395 827//1395
f 1438//1396 827//1396 1435//1396
f 1435//1397 827//1397 1289//1397
f 1289//1398 827//1398 826//1398
f 1289//1399 826//1399 1287//1399
f 1287//1400 826//1400 1285//1400
f 1285//1401 826//1401 828//1401
f 1285//1402 828//1402 1290//1402
f 1290//1403 828//1403 839//1403
f 1290//1404 839//1404 1291//1404
f 1291//1405 839//1405 838//1405
f 1291//1406 838//1406 841//1406
f 825//1407 812//1407 1440//1407
f 1440//1408 812//1408 810//1408
f 1440//1409 810//1409 1443//1409
f 1443//1410 810//1410 808//1410
f 1443//1411 808//1411 1444//1411
f 1444//1412 808//1412 1445//1412
f 1445//1413 808//1413 806//1413
f 1445//1414 806//1414 1446//1414
f 1446//1415 806//1415 1447//1415
f 1447//1416 806//1416 805//1416
f 1447//1417 805//1417 1448//1417
f 1448//1418 805//1418 1441//1418
f 1441//1419 805//1419 807//1419
f 1441//1420 807//1420 1442//1420
f 1442//1421 807//1421 809//1421
f 1442//1422 809//1422 1449//1422
f 1449//1423 809//1423 811//1423
f 1449//1424 811//1424 815//1424
f 740//1425 654//1425 756//1425
f 756//1425 654//1425 652//1425
f 756//1426 652//1426 748//1426
f 748//1426 652//1426 651//1426
f 748//1427 651//1427 749//1427
f 749//1427 651//1427 650//1427
f 749//1428 650//1428 757//1428
f 757//1428 650//1428 659//1428
f 757//1429 659//1429 758//1429
f 758//1429 659//1429 660//1429
f 758//1430 660//1430 759//1430
f 759//1430 660//1430 661//1430
f 699//1431 1403//1431 697//1431
f 697//1432 1403//1432 1405//1432
f 697//1433 1405//1433 702//1433
f 702//1434 1405//1434 1407//1434
f 702//1435 1407//1435 703//1435
f 134//1436 133//1436 670//1436
f 670//1437 133//1437 1403//1437
f 670//1438 1403//1438 701//1438
f 701//1439 1403//1439 699//1439
f 767//1440 687//1440 1422//1440
f 1422//1441 687//1441 1605//1441
f 1605//1442 1606//1442 1422//1442
f 1422//1443 1606//1443 1607//1443
f 1422//1444 1607//1444 1420//1444
f 1420//1445 1607//1445 1608//1445
f 1420//1446 1608//1446 1418//1446
f 1418//1447 1608//1447 1609//1447
f 1609//1448 1610//1448 1418//1448
f 1418//1449 1610//1449 1611//1449
f 1418//1450 1611//1450 1415//1450
f 1415//1451 1611//1451 1612//1451
f 1415//1452 1612//1452 1413//1452
f 1413//1453 1612//1453 1613//1453
f 1613//1454 1614//1454 1413//1454
f 1413//1455 1614//1455 1615//1455
f 1413//1456 1615//1456 1411//1456
f 1411//1457 1615//1457 1616//1457
f 1411//1458 1616//1458 1409//1458
f 1409//1459 1616//1459 1617//1459
f 703//1460 1407//1460 1618//1460
f 1618//1461 1407//1461 1409//1461
f 1618//1462 1409//1462 1619//1462
f 1619//1463 1409//1463 1617//1463
f 738//1464 726//1464 1620//1464
f 726//1465 715//1465 1621//1465
f 715//1466 704//1466 1622//1466
f 704//1467 703//1467 1618//1467
f 704//1467 1618//1467 1622//1467
f 1622//1468 1618//1468 1619//1468
f 1622//1469 1619//1469 1623//1469
f 1619//1470 1617//1470 1623//1470
f 1623//1471 1617//1471 1616//1471
f 1623//1472 1616//1472 1624//1472
f 1624//1473 1616//1473 1615//1473
f 1624//1474 1615//1474 1625//1474
f 1625//1475 1615//1475 1614//1475
f 1625//1476 1614//1476 1626//1476
f 1614//1477 1613//1477 1626//1477
f 1626//1478 1613//1478 1612//1478
f 1626//1479 1612//1479 1627//1479
f 1627//1480 1612//1480 1611//1480
f 1627//1481 1611//1481 1628//1481
f 1628//1482 1611//1482 1610//1482
f 1628//1483 1610//1483 1629//1483
f 1610//1484 1609//1484 1629//1484
f 1629//1485 1609//1485 1608//1485
f 1629//1485 1608//1485 1630//1485
f 1630//1486 1608//1486 1607//1486
f 1630//1487 1607//1487 1631//1487
f 1631//1488 1607//1488 1606//1488
f 1631//1489 1606//1489 1632//1489
f 1606//1490 1605//1490 1632//1490
f 1632//1491 1605//1491 687//1491
f 1632//1492 687//1492 667//1492
f 715//1493 1622//1493 1621//1493
f 1621//1494 1622//1494 1623//1494
f 1621//1495 1623//1495 1633//1495
f 1633//1496 1623//1496 1624//1496
f 1633//1497 1624//1497 1634//1497
f 1634//1498 1624//1498 1625//1498
f 1634//1499 1625//1499 1635//1499
f 1635//1500 1625//1500 1626//1500
f 1635//1500 1626//1500 1636//1500
f 1636//1501 1626//1501 1627//1501
f 1636//1501 1627//1501 1637//1501
f 1637//1502 1627//1502 1628//1502
f 1637//1503 1628//1503 1638//1503
f 1638//1504 1628//1504 1629//1504
f 1638//1505 1629//1505 1639//1505
f 1639//1506 1629//1506 1630//1506
f 1639//1506 1630//1506 1640//1506
f 1640//1507 1630//1507 1631//1507
f 1640//1508 1631//1508 1641//1508
f 1641//1509 1631//1509 1632//1509
f 1641//1510 1632//1510 1642//1510
f 1642//1511 1632//1511 667//1511
f 1642//1512 667//1512 665//1512
f 726//1513 1621//1513 1620//1513
f 1620//1514 1621//1514 1633//1514
f 1620//1515 1633//1515 1643//1515
f 1643//1516 1633//1516 1634//1516
f 1643//1517 1634//1517 1644//1517
f 1644//1518 1634//1518 1635//1518
f 1644//1519 1635//1519 1645//1519
f 1645//1520 1635//1520 1636//1520
f 1645//1521 1636//1521 1646//1521
f 1646//1522 1636//1522 1637//1522
f 1646//1523 1637//1523 1647//1523
f 1647//1524 1637//1524 1638//1524
f 1647//1525 1638//1525 1648//1525
f 1648//1526 1638//1526 1639//1526
f 1648//1527 1639//1527 1649//1527
f 1649//1528 1639//1528 1640//1528
f 1649//1529 1640//1529 1650//1529
f 1650//1530 1640//1530 1641//1530
f 1650//1530 1641//1530 1651//1530
f 1651//1531 1641//1531 1642//1531
f 1651//1532 1642//1532 1652//1532
f 1652//1533 1642//1533 665//1533
f 1652//1533 665//1533 663//1533
f 738//1534 1620//1534 741//1534
f 741//1535 1620//1535 1643//1535
f 741//1535 1643//1535 753//1535
f 753//1536 1643//1536 1644//1536
f 753//1537 1644//1537 754//1537
f 754//1538 1644//1538 1645//1538
f 754//1539 1645//1539 755//1539
f 755//1540 1645//1540 1646//1540
f 755//1541 1646//1541 745//1541
f 745//1542 1646//1542 1647//1542
f 745//1543 1647//1543 750//1543
f 750//1544 1647//1544 1648//1544
f 750//1545 1648//1545 751//1545
f 751//1546 1648//1546 1649//1546
f 751//1547 1649//1547 752//1547
f 752//1548 1649//1548 1650//1548
f 752//1549 1650//1549 742//1549
f 742//1550 1650//1550 1651//1550
f 742//1551 1651//1551 760//1551
f 760//1552 1651//1552 1652//1552
f 760//1552 1652//1552 761//1552
f 761//1553 1652//1553 663//1553
f 761//1554 663//1554 662//1554
f 1379//1555 1387//1555 1653//1555
f 1331//1556 1333//1556 1654//1556
f 1654//1557 1333//1557 1655//1557
f 1327//1558 1654//1558 1656//1558
f 1331//1556 1654//1556 1400//1556
f 1400//1559 1654//1559 1327//1559
f 1400//1559 1327//1559 1329//1559
f 1393//1560 1391//1560 1657//1560
f 1657//1561 1391//1561 1390//1561
f 1657//1562 1390//1562 1656//1562
f 1656//1563 1390//1563 1389//1563
f 1656//1564 1389//1564 1327//1564
f 1393//1565 1657//1565 1396//1565
f 1396//1566 1657//1566 1658//1566
f 1396//1567 1658//1567 1397//1567
f 143//1568 136//1568 1659//1568
f 1659//1569 136//1569 1394//1569
f 1659//1570 1394//1570 1658//1570
f 1658//1571 1394//1571 1398//1571
f 1658//1572 1398//1572 1397//1572
f 1384//1573 1383//1573 1660//1573
f 1660//1574 1383//1574 1382//1574
f 1660//1575 1382//1575 1659//1575
f 1659//1576 1382//1576 135//1576
f 1659//1577 135//1577 143//1577
f 1387//1578 1386//1578 1653//1578
f 1653//1579 1386//1579 1385//1579
f 1653//1580 1385//1580 1660//1580
f 1660//1581 1385//1581 1378//1581
f 1660//1582 1378//1582 1384//1582
f 1379//1583 1653//1583 1380//1583
f 1380//1584 1653//1584 1661//1584
f 1380//1585 1661//1585 1381//1585
f 1381//1586 1661//1586 1336//1586
f 1336//1587 1661//1587 1662//1587
f 1336//1588 1662//1588 1335//1588
f 1370//1589 1337//1589 1662//1589
f 1335//1588 1662//1588 1399//1588
f 1399//1590 1662//1590 1337//1590
f 1399//1590 1337//1590 1338//1590
f 1662//1591 1663//1591 1370//1591
f 1370//1592 1663//1592 1664//1592
f 1370//1592 1664//1592 1369//1592
f 1369//1593 1664//1593 1665//1593
f 1369//1593 1665//1593 1368//1593
f 1368//1594 1665//1594 1666//1594
f 1368//1594 1666//1594 1367//1594
f 1367//1595 1666//1595 1667//1595
f 1367//1595 1667//1595 1366//1595
f 1366//1596 1667//1596 1668//1596
f 1366//1596 1668//1596 1377//1596
f 1377//1597 1668//1597 32//1597
f 1377//1597 32//1597 103//1597
f 1358//1598 131//1598 72//1598
f 1333//1599 1364//1599 1655//1599
f 1655//1600 1364//1600 1362//1600
f 1655//1600 1362//1600 1669//1600
f 1669//1601 1362//1601 1360//1601
f 1669//1601 1360//1601 1670//1601
f 1670//1602 1360//1602 1358//1602
f 1670//1602 1358//1602 1671//1602
f 1671//1603 1358//1603 72//1603
f 33//1604 32//1604 1668//1604
f 33//1604 1668//1604 100//1604
f 100//1605 1668//1605 1667//1605
f 100//1606 1667//1606 101//1606
f 101//1607 1667//1607 1666//1607
f 101//1607 1666//1607 102//1607
f 102//1608 1666//1608 1665//1608
f 102//1608 1665//1608 92//1608
f 92//1609 1665//1609 1664//1609
f 92//1609 1664//1609 93//1609
f 93//1610 1664//1610 1663//1610
f 93//1610 1663//1610 87//1610
f 87//1611 1663//1611 1662//1611
f 87//1611 1662//1611 88//1611
f 88//1612 1662//1612 1661//1612
f 88//1613 1661//1613 83//1613
f 83//1614 1661//1614 1653//1614
f 83//1614 1653//1614 85//1614
f 85//1615 1653//1615 1672//1615
f 85//1615 1672//1615 1673//1615
f 1673//1616 1672//1616 1659//1616
f 1673//1616 1659//1616 95//1616
f 95//1617 1659//1617 1658//1617
f 95//1618 1658//1618 96//1618
f 96//1619 1658//1619 1657//1619
f 96//1620 1657//1620 98//1620
f 98//1621 1657//1621 1656//1621
f 98//1621 1656//1621 99//1621
f 99//1622 1656//1622 1654//1622
f 99//1622 1654//1622 77//1622
f 77//1623 1654//1623 1655//1623
f 77//1623 1655//1623 78//1623
f 78//1624 1655//1624 1669//1624
f 78//1624 1669//1624 73//1624
f 73//1625 1669//1625 1670//1625
f 73//1625 1670//1625 79//1625
f 79//1626 1670//1626 1671//1626
f 79//1627 1671//1627 80//1627
f 80//1628 1671//1628 72//1628
f 80//1629 72//1629 71//1629
f 13//1630 23//1630 14//1630
f 14//1630 23//1630 1674//1630
f 14//1631 1674//1631 17//1631
f 17//1631 1674//1631 1675//1631
f 17//1632 1675//1632 16//1632
f 16//1632 1675//1632 1676//1632
f 16//1633 1676//1633 15//1633
f 15//1633 1676//1633 24//1633
usemtl Material.034
f 148//1634 149//1634 150//1634
f 150//1634 149//1634 151//1634
f 150//1635 151//1635 152//1635
f 152//1635 151//1635 153//1635
f 152//1636 153//1636 154//1636
f 154//1636 153//1636 155//1636
f 154//1637 155//1637 156//1637
f 156//1637 155//1637 157//1637
f 156//1638 157//1638 158//1638
f 158//1638 157//1638 159//1638
f 158//1639 159//1639 160//1639
f 160//1639 159//1639 161//1639
f 167//1640 178//1640 179//1640
f 167//1641 179//1641 165//1641
f 165//1642 179//1642 180//1642
f 165//1643 180//1643 173//1643
f 180//1644 181//1644 173//1644
f 173//1645 181//1645 182//1645
f 173//1646 182//1646 174//1646
f 183//1647 176//1647 184//1647
f 184//1648 176//1648 174//1648
f 184//1649 174//1649 185//1649
f 185//1650 174//1650 182//1650
f 186//1651 187//1651 183//1651
f 183//1651 187//1651 188//1651
f 189//1652 190//1652 191//1652
f 189//1653 191//1653 192//1653
f 191//1654 193//1654 192//1654
f 192//1655 193//1655 194//1655
f 192//1656 194//1656 195//1656
f 194//1657 196//1657 195//1657
f 195//1658 196//1658 197//1658
f 195//1659 197//1659 187//1659
f 187//1660 197//1660 198//1660
f 187//1661 198//1661 188//1661
f 199//312 160//312 200//312
f 201//312 202//312 203//312
f 203//312 202//312 204//312
f 203//312 204//312 200//312
f 200//312 204//312 205//312
f 200//312 205//312 199//312
f 201//312 203//312 206//312
f 206//312 203//312 207//312
f 206//312 207//312 208//312
f 209//312 210//312 208//312
f 211//312 212//312 156//312
f 156//312 212//312 154//312
f 213//312 190//312 214//312
f 214//312 190//312 189//312
f 211//312 156//312 215//312
f 215//312 156//312 158//312
f 215//312 158//312 216//312
f 199//312 217//312 160//312
f 160//312 217//312 218//312
f 160//312 218//312 158//312
f 158//312 218//312 219//312
f 158//312 219//312 216//312
f 210//312 220//312 208//312
f 208//312 220//312 221//312
f 208//312 221//312 222//312
f 212//312 190//312 154//312
f 154//312 190//312 213//312
f 154//312 213//312 152//312
f 152//312 213//312 223//312
f 152//312 223//312 150//312
f 150//312 223//312 224//312
f 150//312 224//312 148//312
f 148//312 224//312 209//312
f 148//312 209//312 225//312
f 225//312 209//312 208//312
f 225//312 208//312 226//312
f 226//312 208//312 207//312
f 227//1662 228//1662 229//1662
f 230//1663 231//1663 232//1663
f 233//1664 234//1664 235//1664
f 206//1665 208//1665 236//1665
f 201//1666 206//1666 237//1666
f 202//1667 201//1667 238//1667
f 204//1668 202//1668 239//1668
f 205//1669 234//1669 199//1669
f 199//1669 234//1669 233//1669
f 199//1670 233//1670 217//1670
f 215//1671 216//1671 240//1671
f 211//1672 215//1672 241//1672
f 212//1673 211//1673 242//1673
f 191//1674 190//1674 243//1674
f 243//1674 190//1674 212//1674
f 206//1675 236//1675 237//1675
f 237//1676 236//1676 244//1676
f 237//1677 244//1677 245//1677
f 246//1678 235//1678 247//1678
f 247//1679 235//1679 234//1679
f 247//1679 234//1679 248//1679
f 248//1680 234//1680 205//1680
f 248//1680 205//1680 204//1680
f 249//1681 250//1681 251//1681
f 191//1682 243//1682 193//1682
f 193//1683 243//1683 252//1683
f 193//1684 252//1684 194//1684
f 253//1685 254//1685 255//1685
f 255//1686 254//1686 245//1686
f 255//1687 245//1687 256//1687
f 256//1688 245//1688 244//1688
f 257//1689 250//1689 258//1689
f 258//1689 250//1689 249//1689
f 258//1690 249//1690 259//1690
f 215//1671 240//1671 241//1671
f 241//1691 240//1691 260//1691
f 241//1692 260//1692 261//1692
f 261//1693 260//1693 262//1693
f 261//1693 262//1693 263//1693
f 253//1694 264//1694 254//1694
f 254//1695 264//1695 265//1695
f 254//1696 265//1696 266//1696
f 201//1697 237//1697 238//1697
f 238//1698 237//1698 245//1698
f 238//1698 245//1698 267//1698
f 267//1699 245//1699 254//1699
f 267//1699 254//1699 268//1699
f 268//1700 254//1700 266//1700
f 268//1701 266//1701 269//1701
f 202//1702 238//1702 239//1702
f 239//1703 238//1703 267//1703
f 239//1703 267//1703 270//1703
f 270//1704 267//1704 268//1704
f 270//1705 268//1705 232//1705
f 232//1706 268//1706 269//1706
f 232//1707 269//1707 230//1707
f 204//1668 239//1668 248//1668
f 248//1708 239//1708 270//1708
f 248//1709 270//1709 247//1709
f 247//1710 270//1710 232//1710
f 247//1710 232//1710 246//1710
f 246//1711 232//1711 231//1711
f 246//1711 231//1711 271//1711
f 271//1712 272//1712 246//1712
f 246//1713 272//1713 273//1713
f 246//1678 273//1678 235//1678
f 235//1714 273//1714 274//1714
f 235//1664 274//1664 233//1664
f 233//1715 274//1715 275//1715
f 233//1670 275//1670 217//1670
f 217//1716 275//1716 218//1716
f 272//1717 276//1717 273//1717
f 273//1718 276//1718 259//1718
f 273//1714 259//1714 274//1714
f 274//1690 259//1690 249//1690
f 274//1715 249//1715 275//1715
f 275//1681 249//1681 251//1681
f 275//1716 251//1716 218//1716
f 218//1719 251//1719 219//1719
f 276//1720 277//1720 259//1720
f 259//1721 277//1721 278//1721
f 259//1722 278//1722 258//1722
f 258//1722 278//1722 279//1722
f 258//1723 279//1723 257//1723
f 257//1723 279//1723 280//1723
f 257//1724 280//1724 281//1724
f 219//1725 251//1725 282//1725
f 282//1726 251//1726 250//1726
f 282//1726 250//1726 283//1726
f 283//1727 250//1727 257//1727
f 283//1727 257//1727 284//1727
f 284//1728 257//1728 281//1728
f 284//1729 281//1729 285//1729
f 285//1730 262//1730 284//1730
f 284//1731 262//1731 260//1731
f 284//1731 260//1731 283//1731
f 283//1732 260//1732 240//1732
f 283//1732 240//1732 282//1732
f 282//1733 240//1733 216//1733
f 282//1733 216//1733 219//1733
f 285//1734 286//1734 262//1734
f 262//1735 286//1735 287//1735
f 262//1736 287//1736 263//1736
f 263//1736 287//1736 288//1736
f 263//1737 288//1737 289//1737
f 211//1672 241//1672 242//1672
f 242//1738 241//1738 261//1738
f 242//1738 261//1738 290//1738
f 290//1739 261//1739 263//1739
f 290//1739 263//1739 291//1739
f 291//1740 263//1740 289//1740
f 291//1741 289//1741 292//1741
f 212//1673 242//1673 243//1673
f 243//1742 242//1742 290//1742
f 243//1742 290//1742 252//1742
f 252//1743 290//1743 291//1743
f 252//1743 291//1743 229//1743
f 229//1744 291//1744 292//1744
f 229//1745 292//1745 227//1745
f 194//1746 252//1746 196//1746
f 196//1747 252//1747 229//1747
f 196//1748 229//1748 197//1748
f 197//1749 229//1749 228//1749
f 197//1750 228//1750 198//1750
f 309//1751 310//1751 264//1751
f 264//1752 253//1752 309//1752
f 309//1753 253//1753 255//1753
f 309//1754 255//1754 311//1754
f 311//1755 255//1755 256//1755
f 311//1756 256//1756 312//1756
f 312//1757 256//1757 244//1757
f 312//1758 244//1758 222//1758
f 222//1759 244//1759 236//1759
f 222//1760 236//1760 208//1760
f 313//1761 310//1761 314//1761
f 314//1762 310//1762 309//1762
f 295//1763 313//1763 315//1763
f 295//1764 315//1764 293//1764
f 315//1765 316//1765 293//1765
f 293//1766 316//1766 317//1766
f 317//1767 318//1767 294//1767
f 294//1768 318//1768 319//1768
f 294//1769 319//1769 302//1769
f 319//1770 320//1770 302//1770
f 302//1771 320//1771 321//1771
f 302//1772 321//1772 303//1772
f 322//1773 192//1773 186//1773
f 186//1774 192//1774 195//1774
f 186//1775 195//1775 187//1775
f 323//1776 213//1776 324//1776
f 324//1777 213//1777 214//1777
f 324//1778 214//1778 322//1778
f 322//1779 214//1779 189//1779
f 322//1780 189//1780 192//1780
f 213//1781 323//1781 325//1781
f 213//1781 325//1781 223//1781
f 223//1782 325//1782 326//1782
f 223//1782 326//1782 224//1782
f 224//81 326//81 209//81
f 209//81 326//81 327//81
f 209//1783 327//1783 328//1783
f 209//1783 328//1783 210//1783
f 210//1784 328//1784 329//1784
f 210//1784 329//1784 220//1784
f 314//1785 309//1785 311//1785
f 314//1786 311//1786 330//1786
f 220//1787 329//1787 221//1787
f 221//1788 329//1788 331//1788
f 221//1789 331//1789 222//1789
f 222//1790 331//1790 330//1790
f 222//1791 330//1791 312//1791
f 312//1792 330//1792 311//1792
f 315//1793 313//1793 332//1793
f 332//1794 313//1794 314//1794
f 315//1795 332//1795 316//1795
f 316//1796 332//1796 333//1796
f 316//1797 333//1797 317//1797
f 317//1798 333//1798 318//1798
f 318//1799 333//1799 334//1799
f 318//1800 334//1800 319//1800
f 319//1801 334//1801 320//1801
f 320//1802 334//1802 335//1802
f 320//1803 335//1803 321//1803
f 336//1804 337//1804 338//1804
f 336//1805 339//1805 340//1805
f 340//1806 339//1806 341//1806
f 340//1807 341//1807 342//1807
f 330//1808 331//1808 343//1808
f 344//1809 335//1809 345//1809
f 345//1810 335//1810 334//1810
f 345//1811 334//1811 346//1811
f 346//1812 334//1812 333//1812
f 346//1813 333//1813 347//1813
f 347//1814 333//1814 332//1814
f 347//1815 332//1815 348//1815
f 348//1816 332//1816 314//1816
f 348//1817 314//1817 330//1817
f 336//1818 338//1818 339//1818
f 339//1819 338//1819 349//1819
f 339//1820 349//1820 341//1820
f 341//1821 349//1821 350//1821
f 341//1822 350//1822 351//1822
f 351//1823 350//1823 343//1823
f 351//1824 343//1824 352//1824
f 352//1825 343//1825 331//1825
f 352//1826 331//1826 329//1826
f 330//1827 343//1827 348//1827
f 348//1828 343//1828 350//1828
f 348//1829 350//1829 347//1829
f 347//1830 350//1830 349//1830
f 347//1831 349//1831 346//1831
f 346//1832 349//1832 338//1832
f 346//1833 338//1833 345//1833
f 345//1834 338//1834 337//1834
f 345//1835 337//1835 344//1835
f 353//1836 354//1836 355//1836
f 328//1837 327//1837 356//1837
f 329//1838 328//1838 357//1838
f 328//1837 356//1837 357//1837
f 357//1839 356//1839 358//1839
f 357//1840 358//1840 359//1840
f 358//1841 360//1841 359//1841
f 359//1842 360//1842 361//1842
f 359//1843 361//1843 355//1843
f 355//1844 361//1844 362//1844
f 355//1836 362//1836 353//1836
f 329//1845 357//1845 352//1845
f 352//1846 357//1846 359//1846
f 352//1846 359//1846 351//1846
f 351//1847 359//1847 355//1847
f 351//1847 355//1847 341//1847
f 341//1848 355//1848 354//1848
f 341//1848 354//1848 342//1848
f 363//1849 353//1849 364//1849
f 364//1849 353//1849 362//1849
f 364//1850 362//1850 365//1850
f 365//1850 362//1850 361//1850
f 365//1851 361//1851 366//1851
f 366//1851 361//1851 360//1851
f 366//1852 360//1852 367//1852
f 367//1853 360//1853 358//1853
f 367//1854 358//1854 368//1854
f 368//1854 358//1854 356//1854
f 368//1855 356//1855 326//1855
f 326//1855 356//1855 327//1855
f 325//1856 323//1856 369//1856
f 368//1857 326//1857 370//1857
f 370//1857 326//1857 325//1857
f 368//1858 370//1858 367//1858
f 367//1859 370//1859 371//1859
f 367//1860 371//1860 366//1860
f 325//1861 369//1861 370//1861
f 370//1862 369//1862 372//1862
f 370//1862 372//1862 371//1862
f 371//1863 372//1863 373//1863
f 371//1864 373//1864 374//1864
f 374//1865 373//1865 375//1865
f 374//1866 375//1866 376//1866
f 366//1867 371//1867 365//1867
f 365//1868 371//1868 374//1868
f 365//1869 374//1869 364//1869
f 364//1870 374//1870 376//1870
f 364//1870 376//1870 363//1870
f 377//1871 378//1871 379//1871
f 379//1872 378//1872 380//1872
f 379//1873 380//1873 381//1873
f 381//1874 380//1874 382//1874
f 381//1875 382//1875 383//1875
f 322//1876 186//1876 384//1876
f 324//1877 322//1877 385//1877
f 324//1878 385//1878 386//1878
f 386//1879 385//1879 387//1879
f 386//1880 387//1880 388//1880
f 388//1881 387//1881 389//1881
f 388//1882 389//1882 390//1882
f 391//1883 375//1883 392//1883
f 392//1884 375//1884 373//1884
f 392//1885 373//1885 390//1885
f 390//1886 373//1886 372//1886
f 390//1887 372//1887 388//1887
f 388//1888 372//1888 369//1888
f 388//1889 369//1889 386//1889
f 386//1890 369//1890 323//1890
f 386//1891 323//1891 324//1891
f 322//1892 384//1892 385//1892
f 385//1893 384//1893 393//1893
f 385//1894 393//1894 387//1894
f 387//1895 393//1895 382//1895
f 387//1896 382//1896 389//1896
f 389//1897 382//1897 380//1897
f 389//1898 380//1898 390//1898
f 390//1899 380//1899 378//1899
f 390//1900 378//1900 392//1900
f 392//1901 378//1901 377//1901
f 392//1902 377//1902 391//1902
f 186//1903 183//1903 184//1903
f 186//1904 184//1904 384//1904
f 384//1905 184//1905 185//1905
f 384//1906 185//1906 393//1906
f 185//1907 182//1907 393//1907
f 393//1908 182//1908 181//1908
f 393//1909 181//1909 382//1909
f 178//1910 383//1910 179//1910
f 179//1911 383//1911 382//1911
f 179//1912 382//1912 180//1912
f 180//1913 382//1913 181//1913
f 394//1914 395//1914 396//1914
f 397//1915 398//1915 399//1915
f 400//1916 397//1916 401//1916
f 397//1917 399//1917 401//1917
f 401//1918 399//1918 402//1918
f 401//1919 402//1919 403//1919
f 402//1920 404//1920 403//1920
f 403//1921 404//1921 405//1921
f 403//1922 405//1922 396//1922
f 396//1923 405//1923 406//1923
f 396//1914 406//1914 394//1914
f 400//1924 401//1924 407//1924
f 407//1925 401//1925 403//1925
f 407//1926 403//1926 408//1926
f 408//1927 403//1927 396//1927
f 408//1928 396//1928 409//1928
f 409//1929 396//1929 395//1929
f 409//1929 395//1929 410//1929
f 411//1930 412//1930 413//1930
f 414//1931 415//1931 416//1931
f 416//1932 415//1932 411//1932
f 414//1933 416//1933 417//1933
f 417//1934 416//1934 418//1934
f 417//1935 418//1935 419//1935
f 411//1936 413//1936 416//1936
f 416//1937 413//1937 420//1937
f 416//1938 420//1938 418//1938
f 418//1939 420//1939 421//1939
f 418//1939 421//1939 422//1939
f 422//1940 421//1940 423//1940
f 422//1940 423//1940 424//1940
f 419//1941 418//1941 425//1941
f 425//1942 418//1942 422//1942
f 426//1943 422//1943 424//1943
f 426//1943 424//1943 427//1943
f 428//1944 429//1944 430//1944
f 431//1945 432//1945 433//1945
f 434//1946 435//1946 436//1946
f 437//1947 438//1947 439//1947
f 443//1948 444//1948 445//1948
f 446//1949 447//1949 448//1949
f 448//1950 447//1950 449//1950
f 450//1951 449//1951 451//1951
f 450//1952 451//1952 452//1952
f 453//1953 454//1953 455//1953
f 442//1954 441//1954 457//1954
f 457//1955 441//1955 458//1956
f 463//1957 464//1957 465//1957
f 466//1958 467//1958 434//1958
f 434//1959 467//1959 468//1959
f 434//1960 468//1960 435//1960
f 435//1961 468//1961 463//1961
f 469//1962 470//1962 471//1962
f 472//1963 473//1963 474//1963
f 474//1964 473//1964 475//1964
f 474//1965 475//1965 476//1965
f 477//1966 478//1966 472//1966
f 479//1967 432//1967 480//1967
f 480//1968 432//1968 431//1968
f 480//1969 431//1969 481//1969
f 482//1970 483//1970 484//1970
f 485//1971 486//1971 487//1971
f 487//1972 486//1972 488//1972
f 490//1973 489//1973 491//1973
f 492//1974 474//1974 493//1974
f 493//1974 474//1974 476//1974
f 493//1975 476//1975 494//1975
f 495//1976 433//1976 496//1976
f 496//1977 433//1977 432//1977
f 496//1978 432//1978 477//1978
f 477//1979 432//1979 479//1979
f 477//1980 479//1980 478//1980
f 497//1981 498//1981 484//1981
f 499//1982 500//1982 489//1982
f 489//1983 500//1983 501//1983
f 489//1984 501//1984 491//1984
f 463//1985 465//1985 435//1985
f 435//1986 465//1986 502//1986
f 435//1987 502//1987 436//1987
f 436//1988 502//1988 503//1988
f 436//1989 503//1989 504//1989
f 505//1990 492//1990 506//1990
f 506//1990 492//1990 493//1990
f 506//1991 493//1991 507//1991
f 507//1991 493//1991 494//1991
f 507//1992 494//1992 508//1992
f 509//1993 498//1993 510//1993
f 510//1993 498//1993 497//1993
f 510//1994 497//1994 511//1994
f 482//1995 484//1995 512//1995
f 512//1996 484//1996 498//1996
f 512//1997 498//1997 513//1997
f 513//1998 498//1998 509//1998
f 513//1998 509//1998 514//1998
f 485//1999 487//1999 489//1999
f 489//2000 487//2000 515//2000
f 489//2000 515//2000 499//2000
f 499//2001 515//2001 516//2001
f 499//2002 516//2002 517//2002
f 460//2003 428//2003 504//2003
f 504//2004 428//2004 430//2004
f 504//1989 430//1989 436//1989
f 436//2005 430//2005 518//2005
f 436//1946 518//1946 434//1946
f 434//2006 518//2006 471//2006
f 434//2007 471//2007 466//2007
f 466//2008 471//2008 470//2008
f 429//2009 519//2009 430//2009
f 430//2010 519//2010 508//2010
f 430//2005 508//2005 518//2005
f 518//1992 508//1992 494//1992
f 518//2006 494//2006 471//2006
f 471//1975 494//1975 476//1975
f 471//2011 476//2011 469//2011
f 469//2012 476//2012 475//2012
f 428//2013 462//2013 520//2013
f 428//2014 520//2014 429//2014
f 429//2015 520//2015 440//2015
f 429//2016 440//2016 519//2016
f 519//2017 440//2017 442//2017
f 519//2018 442//2018 508//2018
f 508//2019 442//2019 457//2019
f 508//2020 457//2020 507//2020
f 507//2021 457//2021 459//2021
f 507//2022 459//2022 506//2022
f 506//2022 459//2022 521//2022
f 506//2023 521//2023 505//2023
f 505//2023 521//2023 522//2023
f 505//2024 522//2024 523//2024
f 472//2025 474//2025 477//2025
f 477//2026 474//2026 492//2026
f 477//2026 492//2026 496//2026
f 496//2027 492//2027 505//2027
f 496//2027 505//2027 495//2027
f 495//2028 505//2028 523//2028
f 495//2029 523//2029 524//2029
f 524//2030 525//2030 495//2030
f 495//2031 525//2031 526//2031
f 495//1976 526//1976 433//1976
f 433//2032 526//2032 527//2032
f 433//2033 527//2033 431//2033
f 431//2034 527//2034 439//2034
f 431//2035 439//2035 481//2035
f 481//2036 439//2036 438//2036
f 458//2037 528//2037 459//2037
f 459//2038 528//2038 529//2038
f 459//2039 529//2039 521//2039
f 521//2040 529//2040 530//2040
f 522//2041 531//2041 523//2041
f 523//2042 531//2042 532//2042
f 523//2043 532//2043 524//2043
f 524//2044 532//2044 533//2044
f 525//2045 533//2045 534//2045
f 525//2046 534//2046 526//2046
f 526//2047 534//2047 511//2047
f 526//2032 511//2032 527//2032
f 527//2048 511//2048 497//2048
f 527//2034 497//2034 439//2034
f 439//2049 497//2049 484//2049
f 439//2050 484//2050 437//2050
f 437//2051 484//2051 483//2051
f 533//2052 453//2052 534//2052
f 534//2053 455//2053 511//2053
f 511//2054 455//2054 456//2054
f 511//2055 456//2055 510//2055
f 510//2055 456//2055 535//2055
f 510//2056 535//2056 509//2056
f 509//2056 535//2056 536//2056
f 509//2057 536//2057 514//2057
f 514//2058 536//2058 537//2058
f 514//2059 537//2059 538//2059
f 538//2060 516//2060 514//2060
f 514//2061 516//2061 515//2061
f 514//2061 515//2061 513//2061
f 513//2062 515//2062 487//2062
f 513//2062 487//2062 512//2062
f 512//2063 487//2063 488//2063
f 512//2064 488//2064 482//2064
f 454//2065 539//2065 456//2065
f 456//2066 539//2066 540//2066
f 456//2067 540//2067 535//2067
f 535//2068 540//2068 541//2068
f 535//2069 541//2069 536//2069
f 536//2070 541//2070 542//2070
f 536//2071 542//2071 537//2071
f 537//2072 542//2072 452//2072
f 537//2073 452//2073 538//2073
f 538//2074 452//2074 451//2074
f 538//2075 451//2075 516//2075
f 516//2076 451//2076 449//2076
f 516//2077 449//2077 517//2077
f 517//2078 449//2078 447//2078
f 517//2079 447//2079 443//2079
f 443//2080 446//2080 444//2080
f 445//2081 543//2081 443//2081
f 443//2082 543//2082 544//2082
f 443//2082 544//2082 517//2082
f 517//2083 544//2083 545//2083
f 517//2084 545//2084 499//2084
f 499//2085 545//2085 546//2085
f 499//2086 546//2086 500//2086
f 547//2087 398//2087 397//2087
f 547//2087 397//2087 548//2087
f 548//2088 397//2088 400//2088
f 548//2088 400//2088 549//2088
f 458//11 441//11 550//11
f 461//11 551//11 552//11
f 149//11 553//11 554//11
f 554//11 553//11 555//11
f 554//11 555//11 552//11
f 552//11 555//11 556//11
f 552//11 556//11 461//11
f 541//11 540//11 159//11
f 159//11 540//11 539//11
f 159//11 539//11 161//11
f 161//11 539//11 454//11
f 161//11 454//11 453//11
f 153//11 445//11 155//11
f 155//11 445//11 444//11
f 444//11 446//11 155//11
f 155//11 446//11 448//11
f 155//11 448//11 157//11
f 557//11 445//11 549//11
f 549//11 445//11 153//11
f 549//11 153//11 548//11
f 548//11 153//11 547//11
f 153//11 151//11 547//11
f 547//11 151//11 149//11
f 547//11 149//11 558//11
f 558//11 149//11 554//11
f 531//11 559//11 532//11
f 532//11 559//11 161//11
f 532//11 161//11 533//11
f 533//11 161//11 453//11
f 448//11 450//11 157//11
f 157//11 450//11 452//11
f 157//11 452//11 159//11
f 159//11 452//11 542//11
f 159//11 542//11 541//11
f 441//11 440//11 550//11
f 550//11 440//11 520//11
f 550//11 520//11 556//11
f 556//11 520//11 462//11
f 556//11 462//11 461//11
f 531//11 530//11 559//11
f 559//11 530//11 529//11
f 559//11 529//11 550//11
f 550//11 529//11 528//11
f 550//11 528//11 458//11
f 552//2089 412//2089 411//2089
f 552//2089 411//2089 554//2089
f 554//2090 411//2090 415//2090
f 554//2090 415//2090 558//2090
f 560//2091 561//2091 562//2091
f 562//2091 561//2091 563//2091
f 561//2092 491//2092 501//2092
f 561//2093 501//2093 563//2093
f 501//2094 500//2094 563//2094
f 563//2095 500//2095 546//2095
f 563//2096 546//2096 564//2096
f 565//2097 566//2097 544//2097
f 544//2098 566//2098 564//2098
f 544//2099 564//2099 545//2099
f 545//2100 564//2100 546//2100
f 565//2101 544//2101 557//2101
f 557//2102 544//2102 543//2102
f 557//2103 543//2103 445//2103
f 567//2104 568//2104 569//2104
f 569//2104 568//2104 570//2104
f 571//2105 504//2105 503//2105
f 465//2106 464//2106 570//2106
f 465//2107 570//2107 502//2107
f 551//2108 461//2108 571//2108
f 571//2109 461//2109 460//2109
f 571//2110 460//2110 504//2110
f 570//2111 568//2111 502//2111
f 502//2112 568//2112 572//2112
f 502//2113 572//2113 503//2113
f 503//2114 572//2114 573//2114
f 503//2115 573//2115 571//2115
f 264//2116 464//2116 265//2116
f 265//2116 464//2116 463//2116
f 265//2117 463//2117 266//2117
f 266//2117 463//2117 468//2117
f 266//2118 468//2118 269//2118
f 269//2118 468//2118 467//2118
f 269//2119 467//2119 230//2119
f 230//2119 467//2119 466//2119
f 230//2120 466//2120 231//2120
f 231//2120 466//2120 470//2120
f 231//1635 470//1635 271//1635
f 271//1635 470//1635 469//1635
f 271//2121 469//2121 272//2121
f 272//2121 469//2121 475//2121
f 272//2122 475//2122 276//2122
f 276//2122 475//2122 473//2122
f 276//2123 473//2123 277//2123
f 277//2123 473//2123 472//2123
f 277//2124 472//2124 278//2124
f 278//2124 472//2124 478//2124
f 278//2125 478//2125 279//2125
f 279//2125 478//2125 479//2125
f 279//2126 479//2126 280//2126
f 280//2126 479//2126 480//2126
f 280//2127 480//2127 281//2127
f 281//2127 480//2127 481//2127
f 281//2128 481//2128 285//2128
f 285//2128 481//2128 438//2128
f 285//2129 438//2129 286//2129
f 286//2129 438//2129 437//2129
f 286//2130 437//2130 287//2130
f 287//2130 437//2130 483//2130
f 287//2131 483//2131 288//2131
f 288//2131 483//2131 482//2131
f 288//2132 482//2132 289//2132
f 289//2132 482//2132 488//2132
f 289//2133 488//2133 292//2133
f 292//2133 488//2133 486//2133
f 292//2134 486//2134 227//2134
f 227//2134 486//2134 485//2134
f 227//2135 485//2135 228//2135
f 228//2135 485//2135 490//2135
f 228//2136 490//2136 198//2136
f 198//2136 490//2136 491//2136
f 574//2137 560//2137 575//2137
f 575//2138 560//2138 562//2138
f 574//2139 575//2139 576//2139
f 576//2140 575//2140 577//2140
f 576//2141 577//2141 578//2141
f 578//2142 577//2142 579//2142
f 579//2143 577//2143 580//2143
f 579//2144 580//2144 581//2144
f 581//2145 580//2145 582//2145
f 582//2146 580//2146 583//2146
f 582//2147 583//2147 584//2147
f 566//2148 585//2148 564//2148
f 564//2149 585//2149 562//2149
f 564//2150 562//2150 563//2150
f 549//2151 400//2151 557//2151
f 557//2152 400//2152 585//2152
f 557//2153 585//2153 565//2153
f 565//2154 585//2154 566//2154
f 558//81 415//81 547//81
f 547//81 415//81 398//81
f 572//2155 568//2155 567//2155
f 586//2156 412//2156 552//2156
f 552//2157 551//2157 586//2157
f 586//2158 551//2158 571//2158
f 586//2159 571//2159 567//2159
f 567//2160 571//2160 573//2160
f 567//2161 573//2161 572//2161
f 567//2162 569//2162 587//2162
f 567//2163 587//2163 588//2163
f 588//2164 587//2164 589//2164
f 588//2165 589//2165 590//2165
f 589//2166 591//2166 590//2166
f 590//2167 591//2167 592//2167
f 590//2168 592//2168 593//2168
f 594//2169 595//2169 596//2169
f 596//2170 595//2170 593//2170
f 596//2171 593//2171 597//2171
f 597//2172 593//2172 592//2172
f 613//2173 560//2173 574//2173
f 613//2174 574//2174 611//2174
f 574//2175 576//2175 611//2175
f 611//2176 576//2176 578//2176
f 611//2177 578//2177 612//2177
f 578//2178 579//2178 612//2178
f 612//2179 579//2179 581//2179
f 612//2180 581//2180 616//2180
f 581//2181 582//2181 616//2181
f 616//2182 582//2182 584//2182
f 616//2183 584//2183 617//2183
f 409//2184 410//2184 619//2184
f 585//2185 400//2185 407//2185
f 585//2185 407//2185 620//2185
f 620//2186 407//2186 408//2186
f 620//2187 408//2187 621//2187
f 621//2188 408//2188 409//2188
f 621//2189 409//2189 622//2189
f 622//2190 409//2190 619//2190
f 622//2191 619//2191 583//2191
f 583//2192 580//2192 622//2192
f 622//2193 580//2193 577//2193
f 622//2193 577//2193 621//2193
f 621//2194 577//2194 575//2194
f 621//2195 575//2195 620//2195
f 620//2196 575//2196 562//2196
f 620//2197 562//2197 585//2197
f 398//2198 415//2198 399//2198
f 399//2198 415//2198 414//2198
f 399//2199 414//2199 402//2199
f 402//2199 414//2199 417//2199
f 402//2200 417//2200 404//2200
f 404//2200 417//2200 419//2200
f 404//2201 419//2201 405//2201
f 405//2201 419//2201 425//2201
f 405//2202 425//2202 406//2202
f 406//2203 425//2203 426//2203
f 406//2204 426//2204 394//2204
f 394//2204 426//2204 427//2204
f 593//2205 595//2205 623//2205
f 586//2206 567//2206 588//2206
f 586//2207 588//2207 624//2207
f 624//2208 588//2208 590//2208
f 624//2209 590//2209 625//2209
f 625//2210 590//2210 593//2210
f 625//2211 593//2211 626//2211
f 626//2212 593//2212 623//2212
f 626//2213 623//2213 423//2213
f 423//2214 421//2214 626//2214
f 626//2215 421//2215 420//2215
f 626//2215 420//2215 625//2215
f 625//2216 420//2216 413//2216
f 625//2216 413//2216 624//2216
f 624//2217 413//2217 412//2217
f 624//2218 412//2218 586//2218
f 627//2219 594//2219 596//2219
f 627//2220 596//2220 628//2220
f 628//2221 596//2221 597//2221
f 628//2222 597//2222 629//2222
f 597//2223 592//2223 629//2223
f 629//2224 592//2224 591//2224
f 629//2225 591//2225 630//2225
f 569//2226 631//2226 587//2226
f 587//2227 631//2227 630//2227
f 587//2228 630//2228 589//2228
f 589//2229 630//2229 591//2229
f 594//11 395//11 595//11
f 595//11 395//11 648//11
f 637//11 395//11 636//11
f 636//11 395//11 594//11
f 636//11 594//11 634//11
f 634//11 594//11 627//11
f 424//11 423//11 427//11
f 427//11 423//11 648//11
f 427//11 648//11 394//11
f 394//11 648//11 395//11
f 637//11 602//11 395//11
f 395//11 602//11 610//11
f 610//11 618//11 395//11
f 395//11 618//11 617//11
f 395//11 617//11 584//11
f 584//11 583//11 395//11
f 395//11 583//11 649//11
f 395//11 649//11 410//11
f 464//2 264//2 570//2
f 570//2 264//2 310//2
f 570//2 310//2 642//2
f 642//2 310//2 643//2
f 313//2 295//2 310//2
f 310//2230 295//2230 297//2230
f 297//2231 300//2231 310//2231
f 310//2230 300//2230 301//2230
f 310//2 301//2 643//2
f 631//2 569//2 639//2
f 639//2 569//2 570//2
f 639//2231 570//2231 641//2231
f 641//2230 570//2230 642//2230
f 305//312 303//312 321//312
f 337//312 377//312 344//312
f 344//312 377//312 379//312
f 337//312 336//312 377//312
f 377//312 336//312 340//312
f 377//312 340//312 391//312
f 379//312 381//312 344//312
f 344//312 381//312 383//312
f 344//312 383//312 178//312
f 321//312 335//312 172//312
f 172//312 335//312 344//312
f 172//312 344//312 171//312
f 171//312 344//312 178//312
f 171//312 178//312 169//312
f 169//312 178//312 167//312
f 172//312 308//312 321//312
f 321//312 308//312 307//312
f 321//312 307//312 305//312
f 342//312 354//312 353//312
f 376//312 375//312 363//312
f 363//312 375//312 391//312
f 363//312 391//312 353//312
f 353//312 391//312 340//312
f 353//312 340//312 342//312
f 198//7 491//7 188//7
f 188//7 491//7 561//7
f 176//7 183//7 177//7
f 177//7 183//7 188//7
f 177//2232 188//2232 162//2232
f 162//2233 188//2233 163//2233
f 560//7 613//7 561//7
f 561//2233 613//2233 614//2233
f 608//7 163//7 188//7
f 608//7 188//7 609//7
f 609//7 188//7 561//7
f 609//2233 561//2233 615//2233
f 615//2232 561//2232 614//2232
f 160//2234 161//2234 200//2234
f 200//2234 161//2234 559//2234
f 200//2235 559//2235 203//2235
f 203//2235 559//2235 550//2235
f 203//2236 550//2236 207//2236
f 207//2236 550//2236 556//2236
f 207//2237 556//2237 226//2237
f 226//2237 556//2237 555//2237
f 226//2131 555//2131 225//2131
f 225//2131 555//2131 553//2131
f 225//2238 553//2238 148//2238
f 148//2238 553//2238 149//2238
