# Blender 4.5.0
# www.blender.org
mtllib rl_dg_4_3.mtl
o rl_dg_2_3_c
v 0.000000 0.011200 -0.005527
v -0.000016 0.011200 -0.005500
v 0.000005 0.011200 -0.005500
v 0.000582 0.011200 -0.005496
v 0.000573 0.011200 -0.005427
v -0.000572 0.011200 -0.005421
v 0.001698 0.011200 -0.005195
v 0.001380 0.011200 -0.005324
v -0.001702 0.011200 -0.005207
v -0.001520 0.011200 -0.005286
v -0.000582 0.011200 -0.005496
v 0.001719 0.011200 -0.005252
v -0.001719 0.011200 -0.005252
v 0.002708 0.011200 -0.004787
v 0.002762 0.011200 -0.004746
v -0.002765 0.011200 -0.004749
v -0.002781 0.011200 -0.004776
v 0.002781 0.011200 -0.004776
v -0.002802 0.011200 -0.004733
v -0.004787 0.011200 -0.002708
v -0.005001 0.011200 -0.002180
v -0.003685 0.011200 -0.004048
v -0.003889 0.011200 -0.003889
v -0.004432 0.011200 -0.003175
v 0.003683 0.011200 -0.004046
v -0.003719 0.011200 -0.004088
v 0.003889 0.011200 -0.003889
v 0.003719 0.011200 -0.004088
v 0.004438 0.011200 -0.003179
v 0.004492 0.011200 -0.003219
v -0.004492 0.011200 -0.003219
v 0.004742 0.011200 -0.002787
v 0.005001 0.011200 -0.002180
v 0.005067 0.011200 -0.002208
v 0.004806 0.011200 -0.002729
v -0.004806 0.011200 -0.002729
v 0.005123 0.011200 0.002002
v 0.005317 0.011200 0.001198
v 0.005472 0.011200 0.000559
v 0.005497 0.011200 0.000060
v -0.005324 0.011200 -0.001380
v 0.004400 0.011200 0.003300
v 0.004963 0.011200 0.002289
v 0.005500 0.011200 0.000000
v 0.005349 0.011200 -0.001087
v 0.005291 0.011200 -0.001501
v -0.005067 0.011200 -0.002208
v 0.005271 0.011200 -0.001660
v 0.005416 0.011200 -0.001098
v -0.005361 0.011200 -0.001089
v -0.005416 0.011200 -0.001098
v -0.005500 0.011200 0.000000
v 0.005526 0.011200 0.000060
v -0.005492 0.011200 0.000059
v -0.005526 0.011200 0.000060
v 0.004103 0.011200 0.003868
v -0.005336 0.011200 0.001206
v -0.005391 0.011200 0.001215
v 0.005391 0.011200 0.001215
v 0.005488 0.011200 0.000650
v -0.005299 0.011200 0.001472
v -0.004949 0.011200 0.002287
v -0.005017 0.011200 0.002317
v 0.005017 0.011200 0.002317
v -0.004713 0.011200 0.002836
v -0.004400 0.011200 0.003300
v -0.004737 0.011200 0.002847
v 0.004421 0.011197 0.003316
v -0.004103 0.011200 0.003868
v -0.004421 0.011200 0.003316
v -0.004000 0.011200 0.004500
v 0.004000 0.011200 0.004500
v 0.004319 0.011174 0.003940
v -0.004319 0.011174 0.003940
v -0.004228 0.011174 0.004500
v 0.004000 0.011200 0.007124
v 0.004228 0.011174 0.004500
v -0.004000 0.011200 0.007124
v -0.004228 0.011174 0.007124
v -0.004198 0.011200 0.007992
v 0.004139 0.011200 0.007712
v -0.004135 0.011200 0.007714
v 0.004228 0.011174 0.007124
v -0.004310 0.011174 0.007655
v 0.004212 0.011200 0.008020
v 0.004547 0.011174 0.008137
v 0.004310 0.011174 0.007655
v 0.006000 0.011200 0.009526
v 0.005375 0.011200 0.009137
v 0.004778 0.011200 0.008707
v 0.004393 0.011200 0.008240
v 0.006000 0.011200 0.018400
v -0.004397 0.011200 0.008237
v -0.004778 0.011200 0.008707
v -0.004917 0.011174 0.008526
v -0.004547 0.011174 0.008137
v 0.004917 0.011174 0.008526
v -0.005375 0.011200 0.009137
v 0.006114 0.011174 0.009329
v -0.006000 0.011200 0.009526
v -0.006000 0.011200 0.018400
v 0.006664 0.011136 0.009784
v -0.006670 0.011135 0.009786
v -0.006114 0.011174 0.009329
v -0.006414 0.011200 0.031100
v 0.006198 0.011200 0.018406
v -0.006733 0.011200 0.031048
v -0.007019 0.011200 0.030896
v 0.006903 0.011082 0.018400
v -0.006692 0.011200 0.018468
v -0.006903 0.011082 0.018400
v 0.006414 0.011200 0.031100
v 0.006868 0.011200 0.018506
v -0.006939 0.011200 0.018538
v 0.006936 0.011200 0.018529
v 0.007576 0.011200 0.018739
v 0.008007 0.010568 0.018400
v 0.006922 0.011073 0.018400
v -0.007396 0.011200 0.018668
v -0.006922 0.011073 0.018400
v -0.008254 0.011200 0.019063
v -0.008007 0.010568 0.018400
v 0.008453 0.011200 0.019178
v -0.008450 0.011200 0.019173
v -0.008500 0.011200 0.019201
v 0.008500 0.011200 0.027570
v 0.008500 0.011200 0.019201
v 0.008839 0.011140 0.019360
v 0.008832 0.011143 0.019358
v -0.008500 0.011200 0.027570
v -0.008794 0.011156 0.019344
v -0.008012 0.010563 0.018400
v 0.008426 0.011200 0.028109
v 0.008835 0.011123 0.027570
v -0.008426 0.011200 0.028109
v -0.007938 0.011200 0.029433
v -0.008842 0.011121 0.027570
v 0.007938 0.011200 0.029433
v 0.008846 0.011100 0.028227
v -0.008332 0.011100 0.029617
v -0.008846 0.011100 0.028227
v 0.007242 0.011200 0.030661
v 0.008332 0.011100 0.029617
v -0.007242 0.011200 0.030661
v -0.007602 0.011100 0.030906
v 0.007019 0.011200 0.030896
v 0.007602 0.011100 0.030906
v 0.007283 0.011100 0.031243
v 0.006733 0.011200 0.031048
v 0.006872 0.011100 0.031461
v -0.007283 0.011100 0.031243
v 0.006414 0.011100 0.031536
v -0.006872 0.011100 0.031461
v -0.006414 0.011100 0.031536
v 0.000624 0.011105 -0.005892
v 0.001843 0.011105 -0.005631
v -0.000624 0.011105 -0.005892
v 0.002981 0.011105 -0.005121
v -0.001843 0.011105 -0.005631
v 0.003987 0.011105 -0.004383
v -0.002981 0.011105 -0.005121
v 0.004816 0.011105 -0.003452
v -0.003987 0.011105 -0.004383
v -0.004816 0.011105 -0.003452
v 0.005432 0.011105 -0.002367
v 0.005807 0.011105 -0.001177
v -0.005432 0.011105 -0.002367
v 0.005925 0.011105 0.000064
v -0.005807 0.011105 -0.001177
v 0.005780 0.011105 0.001303
v -0.005925 0.011105 0.000064
v 0.005379 0.011105 0.002484
v -0.005780 0.011105 0.001303
v 0.004582 0.011174 0.003437
v -0.005379 0.011105 0.002484
v -0.004740 0.011105 0.003555
v -0.004579 0.011153 0.003434
v 0.004732 0.011083 0.003549
v 0.004491 0.011047 0.004500
v 0.004692 0.010984 0.004064
v -0.004692 0.010984 0.004064
v -0.004491 0.011047 0.004500
v -0.004491 0.011047 0.007124
v 0.004491 0.011047 0.007124
v 0.004684 0.010984 0.007537
v 0.004869 0.010984 0.007913
v -0.004684 0.010984 0.007537
v 0.005157 0.010984 0.008215
v -0.004869 0.010984 0.007913
v 0.006179 0.011110 0.009216
v -0.006179 0.011110 0.009216
v -0.005157 0.010984 0.008215
v 0.006919 0.011061 0.009872
v -0.007065 0.010973 0.009573
v -0.006919 0.011061 0.009873
v -0.008843 0.011131 0.019357
v -0.008863 0.009712 0.018400
v 0.009082 0.011013 0.019425
v -0.009089 0.011008 0.019426
v 0.008936 0.011100 0.027570
v -0.008936 0.011100 0.027570
v 0.006310 0.010984 0.008989
v 0.007065 0.010973 0.009573
v -0.006310 0.010984 0.008989
v 0.000661 0.010830 -0.006242
v 0.001952 0.010830 -0.005965
v -0.000661 0.010830 -0.006242
v 0.003158 0.010830 -0.005424
v -0.001952 0.010830 -0.005965
v 0.004223 0.010830 -0.004643
v -0.003158 0.010830 -0.005424
v 0.005102 0.010830 -0.003656
v -0.004223 0.010830 -0.004643
v 0.005754 0.010830 -0.002507
v -0.005102 0.010830 -0.003656
v 0.006151 0.010830 -0.001247
v -0.005754 0.010830 -0.002507
v 0.006276 0.010830 0.000068
v -0.006151 0.010830 -0.001247
v 0.006123 0.010830 0.001380
v -0.006276 0.010830 0.000068
v 0.005698 0.010830 0.002631
v -0.006123 0.010830 0.001380
v 0.004897 0.010984 0.003672
v -0.004884 0.010964 0.003663
v -0.005698 0.010830 0.002631
v 0.009194 0.010901 0.019425
v 0.009191 0.010895 0.027570
v -0.009199 0.010899 0.019426
v -0.009195 0.010892 0.027570
v 0.008648 0.010821 0.029763
v 0.009181 0.010821 0.028321
v -0.009181 0.010821 0.028321
v 0.007890 0.010821 0.031101
v -0.008648 0.010821 0.029763
v 0.007493 0.010821 0.031520
v -0.007890 0.010821 0.031101
v 0.006984 0.010821 0.031791
v -0.007493 0.010821 0.031520
v 0.006414 0.011055 0.031591
v -0.006984 0.010821 0.031791
v -0.006414 0.011055 0.031591
v 0.006937 0.011055 0.009879
v 0.007321 0.010941 0.010011
v 0.007917 0.010628 0.010195
v 0.007846 0.010666 0.010173
v -0.006937 0.011056 0.009879
v -0.007306 0.010947 0.010007
v -0.007866 0.010661 0.010180
v 0.006414 0.010821 0.031884
v -0.006414 0.010821 0.031884
v 0.004621 0.010984 0.004500
v -0.004621 0.010984 0.007124
v -0.004621 0.010984 0.004500
v 0.004621 0.010984 0.007124
v 0.005005 0.010814 0.003754
v 0.004855 0.010691 0.004500
v 0.004956 0.010636 0.004152
v -0.005021 0.010830 0.003766
v -0.004956 0.010636 0.004152
v -0.004855 0.010691 0.004500
v -0.004855 0.010691 0.007124
v 0.004855 0.010691 0.007124
v 0.005098 0.010636 0.007753
v 0.004951 0.010636 0.007454
v -0.004951 0.010636 0.007454
v 0.005328 0.010636 0.007995
v -0.005098 0.010636 0.007753
v 0.006346 0.010895 0.008927
v -0.006346 0.010895 0.008927
v -0.005328 0.010636 0.007995
v 0.007145 0.010752 0.009283
v -0.007145 0.010752 0.009283
v 0.007911 0.010569 0.009867
v 0.007906 0.010371 0.009578
v -0.007906 0.010371 0.009578
v -0.007911 0.010569 0.009867
v 0.009312 0.010784 0.019425
v 0.009284 0.010821 0.027570
v -0.009306 0.010791 0.019426
v -0.009284 0.010821 0.027570
v -0.009432 0.010543 0.019357
v 0.006450 0.010636 0.008747
v -0.006450 0.010636 0.008747
v 0.000681 0.010439 -0.006435
v 0.002013 0.010439 -0.006150
v -0.000681 0.010439 -0.006435
v 0.003256 0.010439 -0.005592
v -0.002013 0.010439 -0.006150
v 0.004354 0.010439 -0.004787
v -0.003256 0.010439 -0.005592
v 0.005260 0.010439 -0.003769
v -0.004354 0.010439 -0.004787
v 0.005932 0.010439 -0.002585
v -0.005260 0.010439 -0.003769
v 0.006342 0.010439 -0.001286
v -0.005932 0.010439 -0.002585
v 0.006471 0.010439 0.000070
v -0.006342 0.010439 -0.001286
v 0.006313 0.010439 0.001423
v -0.006471 0.010439 0.000070
v 0.005875 0.010439 0.002713
v -0.006313 0.010439 0.001423
v 0.005120 0.010636 0.003840
v -0.005103 0.010625 0.003827
v -0.005875 0.010439 0.002713
v 0.009420 0.010540 0.027570
v -0.009421 0.010538 0.027570
v 0.008820 0.010428 0.029843
v 0.009363 0.010428 0.028372
v -0.009363 0.010428 0.028372
v 0.008047 0.010428 0.031208
v -0.008820 0.010428 0.029843
v 0.007608 0.010428 0.031671
v -0.008047 0.010428 0.031208
v 0.007044 0.010428 0.031970
v -0.007608 0.010428 0.031671
v 0.006414 0.010691 0.031947
v -0.007044 0.010428 0.031970
v -0.006414 0.010691 0.031947
v 0.009436 0.010547 0.019362
v 0.007159 0.010441 0.009076
v -0.007159 0.010441 0.009076
v 0.004900 0.010636 0.004500
v -0.004900 0.010636 0.007124
v -0.004900 0.010636 0.004500
v 0.004900 0.010636 0.007124
v 0.006414 0.010428 0.032074
v -0.006414 0.010428 0.032074
v -0.008004 0.010553 0.010218
v 0.005157 0.010433 0.003868
v 0.005051 0.010200 0.004184
v 0.005000 0.010200 0.004500
v -0.005177 0.010439 0.003883
v -0.005051 0.010200 0.004184
v -0.005000 0.010200 0.007124
v -0.005000 0.010200 0.004500
v 0.005000 0.010200 0.007124
v 0.005046 0.010200 0.007424
v 0.005113 0.010200 0.007560
v -0.005046 0.010200 0.007424
v -0.005113 0.010200 0.007560
v 0.005389 0.010200 0.007915
v 0.005180 0.010200 0.007696
v -0.005180 0.010200 0.007696
v 0.006458 0.010565 0.008733
v -0.006458 0.010565 0.008733
v -0.005389 0.010200 0.007915
v 0.008007 0.010557 0.010220
v 0.008296 0.010273 0.009984
v -0.008296 0.010273 0.009984
v 0.008012 0.010563 0.018400
v 0.009443 0.010534 0.019359
v 0.009499 0.010238 0.019223
v 0.009500 0.010200 0.019201
v 0.006500 0.010200 0.008660
v 0.007110 0.010099 0.008983
v 0.006556 0.010191 0.008690
v -0.006500 0.010200 0.008660
v -0.006556 0.010191 0.008690
v 0.008623 0.009994 0.010384
v 0.008429 0.010219 0.010336
v 0.008858 0.009720 0.010442
v 0.008254 0.010359 0.010287
v 0.008863 0.009712 0.010443
v 0.008863 0.009712 0.018400
v -0.008254 0.010359 0.010287
v -0.008412 0.010236 0.010331
v -0.008622 0.009993 0.010383
v 0.009474 0.010428 0.027570
v -0.009455 0.010496 0.019344
v -0.009474 0.010428 0.027570
v 0.009500 0.010200 0.027570
v -0.009500 0.010200 0.019201
v -0.009500 0.010200 0.027570
v 0.007694 0.009807 0.009244
v 0.007167 0.010090 0.009012
v 0.007830 0.010105 0.009362
v -0.007110 0.010099 0.008983
v -0.007167 0.010090 0.009012
v -0.007830 0.010105 0.009362
v 0.000684 0.010200 -0.006464
v 0.002022 0.010200 -0.006177
v 0.000924 0.010200 -0.006413
v -0.000684 0.010200 -0.006464
v -0.000924 0.010200 -0.006413
v 0.002694 0.010200 -0.005876
v -0.002022 0.010200 -0.006177
v 0.004260 0.010200 -0.004891
v 0.003270 0.010200 -0.005617
v -0.004260 0.010200 -0.004891
v -0.003270 0.010200 -0.005617
v -0.002694 0.010200 -0.005876
v 0.005283 0.010200 -0.003786
v 0.004374 0.010200 -0.004808
v -0.004374 0.010200 -0.004808
v 0.005959 0.010200 -0.002596
v 0.005456 0.010200 -0.003482
v -0.005456 0.010200 -0.003482
v -0.005283 0.010200 -0.003786
v 0.006212 0.010200 -0.001794
v -0.005959 0.010200 -0.002596
v 0.006496 0.010200 0.000035
v 0.006370 0.010200 -0.001292
v -0.006212 0.010200 -0.001794
v -0.006370 0.010200 -0.001292
v 0.006341 0.010200 0.001429
v 0.006500 0.010200 0.000070
v -0.006496 0.010200 0.000035
v -0.006500 0.010200 0.000070
v 0.006195 0.010200 0.001860
v 0.005901 0.010200 0.002725
v -0.006195 0.010200 0.001860
v -0.006341 0.010200 0.001429
v 0.005416 0.010200 0.003537
v -0.005901 0.010200 0.002725
v -0.005200 0.010200 0.003900
v -0.005416 0.010200 0.003537
v 0.005200 0.010200 0.003900
v 0.009389 0.010200 0.028379
v 0.008844 0.010200 0.029854
v -0.009389 0.010200 0.028379
v 0.008069 0.010200 0.031223
v -0.008844 0.010200 0.029854
v 0.007624 0.010200 0.031692
v -0.008069 0.010200 0.031223
v 0.007338 0.010200 0.031844
v -0.007624 0.010200 0.031692
v -0.007338 0.010200 0.031844
v 0.006414 0.010200 0.032100
v 0.007053 0.010200 0.031995
v -0.007053 0.010200 0.031995
v -0.006414 0.010200 0.032100
v 0.008318 0.009662 0.009540
v 0.008566 0.009763 0.009790
v -0.008317 0.009662 0.009540
v -0.008566 0.009763 0.009790
v -0.008642 0.009918 0.010080
v 0.008642 0.009918 0.010080
v 0.000928 0.006400 -0.006433
v -0.000928 0.006400 -0.006433
v 0.002709 0.006400 -0.005909
v -0.002709 0.006400 -0.005909
v 0.004268 0.006400 -0.004902
v -0.004268 0.006400 -0.004902
v 0.005480 0.006400 -0.003496
v -0.005480 0.006400 -0.003496
v 0.006034 0.008767 -0.002410
v 0.005925 0.008569 -0.002672
v 0.005808 0.008228 -0.002919
v 0.005759 0.007914 -0.003013
v 0.006241 0.009063 -0.001815
v 0.006077 0.008846 -0.002307
v 0.005754 0.007882 -0.003023
v -0.005825 0.008294 -0.002884
v -0.005941 0.008603 -0.002637
v -0.006033 0.008768 -0.002412
v -0.005760 0.007953 -0.003011
v 0.006244 0.009066 -0.001804
v -0.006079 0.008849 -0.002302
v -0.006232 0.009052 -0.001849
v 0.006406 0.009232 -0.001101
v -0.006242 0.009063 -0.001804
v 0.006492 0.009305 -0.000331
v -0.006384 0.009211 -0.001220
v 0.006479 0.009295 0.000520
v 0.006486 0.009301 0.000034
v -0.006487 0.009301 0.000034
v -0.006479 0.009295 -0.000520
v 0.006384 0.009211 0.001221
v -0.006492 0.009305 0.000331
v 0.006231 0.009051 0.001849
v -0.006406 0.009232 0.001100
v 0.006079 0.008849 0.002301
v 0.006224 0.009042 0.001870
v -0.006223 0.009039 0.001869
v -0.006241 0.009062 0.001817
v 0.006033 0.008768 0.002412
v -0.006034 0.008767 0.002411
v -0.006076 0.008845 0.002309
v 0.005760 0.007953 0.003011
v 0.005825 0.008293 0.002884
v 0.005941 0.008603 0.002638
v 0.005443 0.006400 0.003553
v -0.005925 0.008568 0.002673
v -0.005808 0.008227 0.002919
v -0.005759 0.007914 0.003013
v -0.005754 0.007880 0.003023
v -0.005443 0.006400 0.003553
v -0.005200 0.006400 0.003900
v 0.005200 0.006400 0.003900
v 0.005051 0.006400 0.004184
v 0.005000 0.006400 0.004500
v -0.005051 0.006400 0.004184
v 0.005000 0.006400 0.007124
v -0.005000 0.006400 0.004500
v -0.005000 0.006400 0.007124
v 0.005102 0.006400 0.007565
v -0.005102 0.006400 0.007565
v 0.005389 0.006400 0.007915
v -0.005389 0.006400 0.007915
v 0.006062 0.008823 0.008392
v 0.005847 0.008366 0.008249
v 0.006387 0.009214 0.008594
v 0.006119 0.008892 0.008428
v 0.005765 0.007963 0.008192
v 0.005758 0.007925 0.008187
v -0.005750 0.007754 0.008181
v -0.005800 0.008176 0.008217
v -0.005806 0.008219 0.008220
v -0.005958 0.008639 0.008324
v -0.006210 0.009026 0.008486
v 0.006556 0.009334 0.008689
v -0.006213 0.009029 0.008488
v 0.008868 0.009707 0.018400
v 0.009500 0.010153 0.019178
v 0.009500 0.005100 0.027570
v 0.009389 0.005558 0.028379
v 0.009436 0.005453 0.028188
v 0.009437 0.005446 0.028176
v -0.009500 0.005100 0.027570
v -0.009426 0.005442 0.028172
v -0.009490 0.005243 0.027818
v 0.008844 0.006038 0.029854
v 0.008847 0.006038 0.029848
v 0.008848 0.006038 0.029845
v 0.009153 0.005857 0.029110
v 0.009200 0.005801 0.028966
v 0.009360 0.005610 0.028479
v -0.009205 0.005806 0.028961
v -0.009195 0.005819 0.028992
v -0.009389 0.005558 0.028379
v -0.008843 0.006027 0.029843
v -0.008934 0.006001 0.029655
v 0.008069 0.006100 0.031223
v 0.008500 0.006100 0.030526
v -0.008839 0.006028 0.029852
v -0.008500 0.006100 0.030526
v -0.008609 0.006094 0.030327
v -0.008069 0.006100 0.031223
v 0.007351 0.006100 0.031867
v -0.007351 0.006100 0.031867
v 0.006414 0.006100 0.032100
v -0.006414 0.006100 0.032100
v -0.009500 0.010150 0.019173
v 0.006873 0.009539 0.008863
v 0.006808 0.009514 0.008831
v -0.006555 0.009348 0.008691
v -0.006584 0.009375 0.008708
v -0.006974 0.009593 0.008917
v 0.009500 0.009267 0.018735
v -0.008868 0.009707 0.018400
v -0.009500 0.009907 0.019038
v 0.008277 0.009679 0.009513
v 0.007847 0.009743 0.009312
v -0.007694 0.009807 0.009244
v -0.007802 0.009749 0.009291
v -0.007912 0.009733 0.009342
v -0.008264 0.009683 0.009506
v 0.007292 0.009697 0.009072
v -0.006976 0.009594 0.008918
v -0.007477 0.009731 0.009155
v -0.008863 0.009712 0.010443
v 0.008936 0.009511 0.010156
v 0.008855 0.009407 0.009931
v 0.008798 0.009448 0.009873
v -0.008809 0.009436 0.009889
v -0.008936 0.009511 0.010156
v -0.008770 0.009463 0.009851
v -0.009500 0.009061 0.018655
v 0.007802 0.009749 0.009291
v 0.008776 0.009463 0.009851
v 0.008744 0.009485 0.009818
v 0.008454 0.009606 0.009629
v -0.008456 0.009608 0.009628
v -0.008688 0.009516 0.009775
v 0.007847 0.009748 0.011000
v 0.006870 0.009546 0.011000
v -0.006976 0.009594 0.010300
v -0.007914 0.009743 0.010300
v 0.008800 0.009452 0.011000
v -0.008814 0.009443 0.010300
v -0.006278 0.006396 0.010300
v -0.008867 0.009708 0.010444
v 0.008940 0.009577 0.010461
v 0.009376 0.008624 0.011000
v 0.009192 0.009136 0.011000
v -0.009373 0.008622 0.018400
v -0.008941 0.009578 0.010461
v 0.009373 0.008622 0.018400
v -0.009500 0.008638 0.018537
v -0.006213 0.009030 0.010300
v -0.005796 0.008177 0.010300
v -0.005819 0.007228 0.010300
v -0.009192 0.009136 0.010518
v -0.009191 0.009137 0.010496
v -0.009079 0.009242 0.010192
v -0.009145 0.009183 0.010300
v 0.009192 0.009136 0.010518
v 0.009161 0.009168 0.010340
v 0.006112 0.008898 0.011000
v 0.005761 0.007963 0.011000
v 0.009081 0.009241 0.010192
v 0.009046 0.009273 0.010125
v -0.009006 0.009306 0.010074
v -0.008855 0.009406 0.009931
v -0.006235 0.009056 0.001222
v 0.006130 0.008923 0.000304
v 0.009500 0.008636 0.018529
v -0.009192 0.009136 0.010300
v -0.009376 0.008624 0.010300
v 0.005818 0.008267 -0.000188
v -0.005818 0.008267 0.000188
v -0.009382 0.008602 0.018400
v -0.009500 0.008390 0.018467
v 0.009382 0.008602 0.018400
v 0.009500 0.008554 0.018503
v -0.009500 0.007700 0.010300
v 0.009500 0.007700 0.011000
v 0.005906 0.006976 0.011000
v 0.009500 0.007700 0.018400
v 0.009500 0.007890 0.018405
v -0.009500 0.007700 0.018400
v -0.005760 0.007914 -0.003012
v 0.005760 0.007914 0.003012
v 0.005771 0.007458 0.008197
v 0.005909 0.006978 0.008291
v 0.005890 0.007013 0.008278
v 0.005756 0.007600 0.003020
v 0.005761 0.007538 0.000075
v -0.005756 0.007601 -0.003020
v -0.005761 0.007538 -0.000076
v 0.005764 0.007512 -0.003004
v -0.005764 0.007510 0.003003
v -0.005810 0.007265 0.008223
v -0.009500 0.006782 0.011000
v -0.009500 0.006782 0.010300
v -0.009214 0.006388 0.010300
v 0.009500 0.006782 0.011000
v -0.009500 -0.006100 0.029253
v -0.005815 0.007244 -0.002904
v 0.005815 0.007244 0.002904
v 0.005891 0.007028 0.002745
v 0.005836 0.007169 -0.002862
v -0.005891 0.007028 -0.002745
v -0.005836 0.007168 0.002861
v -0.001193 0.006400 -0.002478
v 0.000000 0.006400 -0.002750
v 0.000000 0.007400 -0.002750
v -0.001193 0.007400 -0.002478
v 0.001193 0.007400 -0.002478
v 0.000000 0.007400 0.000000
v 0.001193 0.006400 -0.002478
v 0.002150 0.007400 -0.001715
v -0.002150 0.006400 -0.001715
v -0.002150 0.007400 -0.001715
v 0.002150 0.006400 -0.001715
v 0.002681 0.007400 -0.000612
v -0.002681 0.006400 -0.000612
v -0.002681 0.007400 -0.000612
v 0.002681 0.006400 -0.000612
v 0.002681 0.007400 0.000612
v -0.002681 0.006400 0.000612
v -0.002681 0.007400 0.000612
v 0.000000 0.007400 0.002750
v -0.001193 0.007400 0.002478
v 0.001193 0.007400 0.002478
v 0.002150 0.007400 0.001715
v -0.002150 0.007400 0.001715
v 0.002681 0.006400 0.000612
v -0.002150 0.006400 0.001715
v 0.002150 0.006400 0.001715
v -0.001193 0.006400 0.002478
v 0.001193 0.006400 0.002478
v 0.000000 0.006400 0.002750
v -0.005823 0.007229 0.008232
v -0.005984 0.006811 0.008341
v -0.006274 0.006400 0.010000
v 0.005892 0.007029 -0.002740
v -0.005892 0.007029 0.002740
v 0.005964 0.006849 -0.002584
v 0.006028 0.006733 -0.000436
v -0.005965 0.006848 0.002583
v -0.006029 0.006731 -0.000438
v 0.005924 0.006935 0.002676
v -0.005924 0.006935 -0.002676
v 0.006093 0.006630 0.008412
v 0.006274 0.006400 0.008526
v 0.006509 0.006181 0.011000
v 0.006509 0.006181 0.010000
v 0.006274 0.006400 0.010000
v 0.009244 0.006420 0.011000
v -0.006093 0.006630 -0.002263
v 0.006093 0.006630 0.002263
v 0.006119 0.006593 -0.002194
v -0.006119 0.006592 0.002193
v -0.006274 0.006400 0.008526
v -0.009374 0.006582 0.010514
v -0.009428 0.006666 0.010658
v -0.009476 0.006740 0.010785
v 0.009500 -0.006782 0.011000
v 0.009471 0.006731 0.010761
v 0.009475 -0.006738 0.010778
v -0.009500 -0.006782 0.011000
v -0.009471 -0.006731 0.010761
v 0.006220 0.006469 0.001868
v 0.006274 0.006400 0.001698
v 0.006274 0.006400 -0.001698
v 0.006241 0.006441 -0.001803
v -0.006241 0.006443 -0.001803
v -0.006274 0.006400 -0.001698
v -0.006221 0.006466 0.001869
v 0.009429 0.006667 0.010658
v 0.009428 -0.006667 0.010658
v 0.009358 0.006562 0.010487
v 0.009370 -0.006577 0.010506
v 0.009239 -0.006424 0.010347
v -0.009429 -0.006667 0.010658
v -0.009237 -0.006426 0.010350
v -0.009358 -0.006562 0.010487
v 0.006244 0.006400 -0.001804
v -0.006225 0.006400 0.001870
v 0.009237 0.006426 0.010350
v 0.006225 0.006400 0.001870
v -0.006274 0.006400 0.001698
v -0.006244 0.006400 -0.001804
v 0.008415 0.005864 0.011000
v 0.009196 0.006379 0.010303
v 0.007421 0.005777 0.011000
v 0.007421 -0.005777 0.010000
v -0.006278 0.006396 0.010000
v 0.005906 -0.006976 0.010000
v -0.005906 -0.006976 0.010000
v 0.006509 -0.006181 0.010000
v -0.006509 -0.006181 0.010000
v -0.007421 -0.005777 0.010000
v -0.007067 0.005870 0.010300
v -0.007067 0.005870 0.010000
v -0.008011 0.005767 0.010300
v -0.008896 0.006111 0.010300
v -0.009206 0.006380 0.010294
v -0.009196 -0.006379 0.010303
v -0.008969 0.006164 0.010117
v 0.009115 0.006289 0.010212
v 0.009155 -0.006326 0.010244
v 0.008892 -0.006108 0.010080
v 0.009200 -0.006379 0.010299
v 0.008842 0.006081 0.010069
v 0.007421 0.005777 0.010000
v -0.008892 0.006117 0.010092
v -0.009115 -0.006289 0.010212
v -0.008841 0.006085 0.010076
v -0.008842 -0.006081 0.010069
v -0.008500 0.005896 0.010000
v -0.008628 0.005953 0.010008
v 0.008500 0.006100 0.038800
v -0.008843 0.006025 0.038800
v -0.008526 0.006100 0.038800
v -0.008500 0.006100 0.038800
v 0.001193 0.006100 0.036322
v 0.000000 0.006100 0.036050
v -0.002150 0.006100 0.037085
v -0.002681 0.006100 0.038188
v -0.001193 0.006100 0.036322
v -0.001193 -0.007100 0.036322
v 0.000000 -0.007100 0.036050
v 0.008342 0.006100 0.040269
v 0.008426 0.006100 0.039922
v 0.008015 0.006100 0.041632
v 0.002150 0.006100 0.037085
v 0.001193 -0.007100 0.036322
v -0.002150 -0.007100 0.037085
v 0.002681 0.006100 0.038188
v 0.002150 -0.007100 0.037085
v -0.002681 -0.007100 0.038188
v 0.002681 0.006100 0.039412
v 0.002681 -0.007100 0.038188
v -0.008337 0.006100 0.040272
v -0.002681 0.006100 0.039412
v -0.002681 -0.007100 0.039412
v -0.008397 0.006100 0.040281
v 0.008526 0.006100 0.038800
v 0.002150 0.006100 0.040515
v 0.007341 0.006100 0.043040
v 0.007980 0.006100 0.041704
v 0.002681 -0.007100 0.039412
v -0.008295 0.006100 0.040658
v -0.007937 0.006100 0.041690
v -0.007664 0.006100 0.042476
v -0.007321 0.006100 0.043025
v -0.002150 0.006100 0.040515
v -0.002150 -0.007100 0.040515
v 0.008397 0.006100 0.040281
v 0.006102 0.006100 0.044717
v 0.006476 0.006100 0.044236
v 0.005979 0.006100 0.044841
v 0.007238 0.006100 0.043257
v 0.001193 0.006100 0.041278
v 0.004492 0.006100 0.046016
v 0.005433 0.006100 0.045273
v 0.002150 -0.007100 0.040515
v -0.006496 0.006100 0.044248
v -0.001193 0.006100 0.041278
v -0.006657 0.006100 0.044085
v -0.001193 -0.007100 0.041278
v -0.008012 0.006100 0.041716
v 0.000000 0.006100 0.041550
v 0.002937 0.006100 0.046777
v 0.004239 0.006100 0.046140
v 0.001193 -0.007100 0.041278
v -0.003814 0.006100 0.046396
v -0.002891 0.006100 0.046744
v -0.002145 0.006100 0.047025
v -0.005454 0.006100 0.045301
v -0.005355 0.006100 0.045401
v -0.004229 0.006100 0.046128
v 0.000000 -0.007100 0.041550
v -0.000429 0.006100 0.047289
v -0.000002 0.006100 0.047268
v 0.001281 0.006100 0.047203
v 0.001472 0.006100 0.047154
v -0.001470 0.006100 0.047129
v 0.008012 0.006100 0.041716
v -0.007736 0.006100 0.042384
v -0.007384 0.006100 0.043063
v 0.007384 0.006100 0.043063
v 0.006531 0.006100 0.044280
v -0.006531 0.006100 0.044280
v -0.005480 0.006100 0.045331
v 0.006038 0.006100 0.044819
v 0.005480 0.006100 0.045331
v -0.004263 0.006100 0.046184
v 0.004263 0.006100 0.046184
v -0.003610 0.006100 0.046524
v -0.002916 0.006100 0.046812
v 0.002916 0.006100 0.046812
v -0.001481 0.006100 0.047197
v -0.002211 0.006100 0.047034
v -0.000745 0.006100 0.047293
v 0.001481 0.006100 0.047197
v 0.000000 0.006100 0.047326
v 0.008843 0.006025 0.038800
v 0.008789 0.006005 0.040350
v 0.008386 0.006005 0.041852
v -0.008789 0.006005 0.040350
v 0.007729 0.006005 0.043262
v -0.008386 0.006005 0.041852
v 0.006837 0.006005 0.044537
v -0.007729 0.006005 0.043262
v -0.006837 0.006005 0.044537
v 0.005737 0.006005 0.045637
v 0.004462 0.006005 0.046529
v -0.005737 0.006005 0.045637
v 0.003052 0.006005 0.047186
v -0.004462 0.006005 0.046529
v 0.001550 0.006005 0.047589
v -0.003052 0.006005 0.047186
v 0.000000 0.006005 0.047725
v -0.001550 0.006005 0.047589
v -0.008794 -0.006044 0.010044
v 0.008794 0.006044 0.010044
v 0.008844 -0.006081 0.010069
v 0.008500 0.005896 0.010000
v 0.008558 -0.005920 0.010002
v 0.009196 0.005793 0.038800
v 0.008925 0.006005 0.038800
v -0.008925 0.006005 0.038800
v -0.009196 0.005793 0.038800
v 0.009135 0.005731 0.040411
v 0.008717 0.005731 0.041973
v -0.009135 0.005731 0.040411
v 0.008033 0.005731 0.043438
v -0.008717 0.005731 0.041973
v 0.007106 0.005731 0.044763
v -0.008033 0.005731 0.043438
v 0.005963 0.005731 0.045906
v -0.007106 0.005731 0.044763
v 0.004638 0.005731 0.046833
v -0.005963 0.005731 0.045906
v 0.003173 0.005731 0.047517
v -0.004638 0.005731 0.046833
v 0.001611 0.005731 0.047935
v -0.003173 0.005731 0.047517
v 0.000000 0.005731 0.048076
v -0.001611 0.005731 0.047935
v -0.008500 -0.005896 0.010000
v 0.008415 0.005864 0.010000
v 0.008500 -0.005896 0.010000
v -0.008011 0.005767 0.010000
v 0.008415 -0.005864 0.010000
v -0.009276 0.005731 0.038800
v -0.009422 0.005438 0.038800
v 0.009276 0.005731 0.038800
v -0.008415 -0.005864 0.010000
v 0.009422 0.005438 0.038800
v 0.009327 0.005339 0.040445
v 0.008900 0.005339 0.042039
v -0.009327 0.005339 0.040445
v 0.008202 0.005339 0.043535
v -0.008900 0.005339 0.042039
v 0.007255 0.005339 0.044888
v -0.008202 0.005339 0.043535
v 0.006088 0.005339 0.046055
v -0.007255 0.005339 0.044888
v 0.004735 0.005339 0.047002
v -0.006088 0.005339 0.046055
v 0.003239 0.005339 0.047700
v -0.004735 0.005339 0.047002
v 0.001645 0.005339 0.048127
v -0.003239 0.005339 0.047700
v 0.000000 0.005339 0.048271
v -0.001645 0.005339 0.048127
v 0.009471 0.005339 0.038800
v -0.009471 0.005339 0.038800
v -0.009500 0.005100 0.038800
v 0.009500 0.005100 0.038800
v 0.009356 0.005100 0.040450
v 0.009191 0.005100 0.041065
v 0.008927 0.005100 0.042049
v -0.009356 0.005100 0.040450
v -0.009191 0.005100 0.041065
v 0.008389 0.005100 0.043204
v -0.008927 0.005100 0.042049
v 0.008227 0.005100 0.043550
v 0.007277 0.005100 0.044906
v -0.008227 0.005100 0.043550
v -0.008389 0.005100 0.043204
v 0.006106 0.005100 0.046077
v 0.007098 0.005100 0.045086
v -0.007277 0.005100 0.044906
v -0.007098 0.005100 0.045086
v 0.005376 0.005100 0.046589
v -0.006106 0.005100 0.046077
v -0.005376 0.005100 0.046589
v 0.003364 0.005100 0.047673
v 0.004750 0.005100 0.047027
v -0.004750 0.005100 0.047027
v -0.003364 0.005100 0.047673
v 0.001650 0.005100 0.048156
v 0.003249 0.005100 0.047727
v -0.003249 0.005100 0.047727
v 0.000000 0.005100 0.048300
v 0.001142 0.005100 0.048200
v -0.001650 0.005100 0.048156
v -0.001142 0.005100 0.048200
v 0.009500 -0.006100 0.038800
v 0.009500 -0.006100 0.029253
v 0.009500 -0.007700 0.011000
v 0.009500 -0.008390 0.018467
v 0.009500 -0.007700 0.018400
v -0.009500 -0.006100 0.038800
v 0.009356 -0.006100 0.040450
v 0.009191 -0.006100 0.041065
v -0.009356 -0.006100 0.040450
v 0.008927 -0.006100 0.042049
v -0.009191 -0.006100 0.041065
v 0.008389 -0.006100 0.043204
v -0.008927 -0.006100 0.042049
v 0.008227 -0.006100 0.043550
v -0.008389 -0.006100 0.043204
v 0.007277 -0.006100 0.044906
v -0.008227 -0.006100 0.043550
v 0.007098 -0.006100 0.045086
v -0.007277 -0.006100 0.044906
v 0.006106 -0.006100 0.046077
v -0.007098 -0.006100 0.045086
v 0.005376 -0.006100 0.046589
v -0.006106 -0.006100 0.046077
v 0.004750 -0.006100 0.047027
v -0.005376 -0.006100 0.046589
v 0.003364 -0.006100 0.047673
v -0.004750 -0.006100 0.047027
v 0.003249 -0.006100 0.047727
v -0.003364 -0.006100 0.047673
v 0.001650 -0.006100 0.048156
v -0.003249 -0.006100 0.047727
v 0.001142 -0.006100 0.048200
v -0.001650 -0.006100 0.048156
v 0.000000 -0.006100 0.048300
v -0.001142 -0.006100 0.048200
v 0.007421 -0.005777 0.011000
v 0.008415 -0.005864 0.011000
v -0.007421 -0.005777 0.011000
v -0.006509 -0.006181 0.011000
v 0.006509 -0.006181 0.011000
v 0.005906 -0.006976 0.011000
v -0.008415 -0.005864 0.011000
v -0.009244 -0.006420 0.011000
v 0.009244 -0.006420 0.011000
v 0.009500 -0.010200 0.029253
v 0.009500 -0.010200 0.019201
v 0.009500 -0.010150 0.019173
v 0.009500 -0.009907 0.019038
v 0.009500 -0.009061 0.018655
v 0.009500 -0.008638 0.018537
v 0.009437 -0.006446 0.029746
v -0.009500 -0.008554 0.018503
v -0.009500 -0.008636 0.018529
v -0.009500 -0.007700 0.018400
v -0.009500 -0.007890 0.018405
v -0.009500 -0.010153 0.019178
v -0.009500 -0.010200 0.029253
v -0.009500 -0.009267 0.018735
v -0.009439 -0.006443 0.029741
v -0.009421 -0.006442 0.038800
v 0.009421 -0.006442 0.038800
v 0.009257 -0.006536 0.040432
v -0.009257 -0.006536 0.040432
v 0.008833 -0.006536 0.042015
v 0.008141 -0.006536 0.043500
v -0.008833 -0.006536 0.042015
v -0.008141 -0.006536 0.043500
v 0.007201 -0.006536 0.044842
v -0.007201 -0.006536 0.044842
v 0.006042 -0.006536 0.046001
v -0.006042 -0.006536 0.046001
v 0.004700 -0.006536 0.046941
v -0.004700 -0.006536 0.046941
v 0.003215 -0.006536 0.047633
v -0.003215 -0.006536 0.047633
v 0.001632 -0.006536 0.048057
v -0.001632 -0.006536 0.048057
v 0.000000 -0.006536 0.048200
v -0.005906 -0.006976 0.011000
v -0.009400 -0.006536 0.038800
v -0.009435 -0.006453 0.029756
v -0.009438 -0.006446 0.029746
v 0.009435 -0.006453 0.029756
v 0.009400 -0.006536 0.038800
v 0.009435 -0.010200 0.029756
v 0.009293 -0.006710 0.030251
v -0.009435 -0.010200 0.029756
v -0.009359 -0.006612 0.030032
v -0.009192 -0.006795 0.038800
v 0.009197 -0.006796 0.030515
v 0.009192 -0.006795 0.038800
v 0.008982 -0.006884 0.040384
v 0.008571 -0.006884 0.041920
v -0.008982 -0.006884 0.040384
v 0.007899 -0.006884 0.043360
v -0.008571 -0.006884 0.041920
v 0.006987 -0.006884 0.044663
v -0.007899 -0.006884 0.043360
v 0.005863 -0.006884 0.045787
v -0.006987 -0.006884 0.044663
v 0.004560 -0.006884 0.046699
v -0.005863 -0.006884 0.045787
v 0.003119 -0.006884 0.047371
v -0.004560 -0.006884 0.046699
v 0.001584 -0.006884 0.047782
v -0.003119 -0.006884 0.047371
v 0.000000 -0.006884 0.047921
v -0.001584 -0.006884 0.047782
v -0.009200 -0.006802 0.030516
v -0.009500 -0.007700 0.011000
v -0.009121 -0.006884 0.038800
v 0.009121 -0.006884 0.038800
v 0.009026 -0.006951 0.030988
v -0.009156 -0.006855 0.030651
v -0.008849 -0.007038 0.031394
v -0.008838 -0.007021 0.038800
v 0.008838 -0.007021 0.038800
v 0.008841 -0.007023 0.031392
v 0.008595 -0.007074 0.040316
v 0.008202 -0.007074 0.041785
v -0.008595 -0.007074 0.040316
v 0.007559 -0.007074 0.043164
v -0.008202 -0.007074 0.041785
v 0.006686 -0.007074 0.044410
v -0.007559 -0.007074 0.043164
v 0.005610 -0.007074 0.045486
v -0.006686 -0.007074 0.044410
v 0.004364 -0.007074 0.046359
v -0.005610 -0.007074 0.045486
v 0.002985 -0.007074 0.047002
v -0.004364 -0.007074 0.046359
v 0.001516 -0.007074 0.047395
v -0.002985 -0.007074 0.047002
v 0.000000 -0.007074 0.047528
v -0.001516 -0.007074 0.047395
v 0.008962 -0.010200 0.031141
v 0.005801 -0.007300 0.010000
v -0.005801 -0.007300 0.010000
v -0.005761 -0.007963 0.011000
v 0.005761 -0.007963 0.011000
v -0.009376 -0.008624 0.011000
v -0.008728 -0.007074 0.038800
v -0.008847 -0.007038 0.031398
v 0.008728 -0.007074 0.038800
v 0.008690 -0.007082 0.031720
v 0.008794 -0.007041 0.031493
v 0.008782 -0.010200 0.031486
v -0.008962 -0.010200 0.031141
v -0.008782 -0.010200 0.031486
v -0.008797 -0.007047 0.031494
v -0.008500 -0.007100 0.032076
v -0.008500 -0.007100 0.038800
v 0.008500 -0.007100 0.038800
v 0.008500 -0.007100 0.032076
v 0.008371 -0.007100 0.040276
v 0.007987 -0.007100 0.041707
v -0.008371 -0.007100 0.040276
v 0.007361 -0.007100 0.043050
v -0.007987 -0.007100 0.041707
v 0.006511 -0.007100 0.044264
v -0.007361 -0.007100 0.043050
v 0.005464 -0.007100 0.045311
v -0.006511 -0.007100 0.044264
v 0.004250 -0.007100 0.046161
v -0.005464 -0.007100 0.045311
v 0.002907 -0.007100 0.046787
v -0.004250 -0.007100 0.046161
v 0.001476 -0.007100 0.047171
v -0.002907 -0.007100 0.046787
v 0.000000 -0.007100 0.047300
v -0.001476 -0.007100 0.047171
v 0.008286 -0.010200 0.032438
v 0.007654 -0.010200 0.033305
v 0.007671 -0.007100 0.033318
v -0.008286 -0.010200 0.032438
v -0.007671 -0.007100 0.033318
v 0.007424 -0.010200 0.033620
v 0.006395 -0.007100 0.034660
v -0.007424 -0.010200 0.033620
v -0.006395 -0.007100 0.034660
v -0.007654 -0.010200 0.033305
v 0.006395 -0.010200 0.034660
v 0.005783 -0.007100 0.035023
v -0.006395 -0.010200 0.034660
v -0.005783 -0.010200 0.035023
v -0.005783 -0.007100 0.035023
v 0.005083 -0.007100 0.035150
v 0.005783 -0.010200 0.035023
v -0.005083 -0.010200 0.035150
v -0.005083 -0.007100 0.035150
v 0.005083 -0.010200 0.035150
v -0.000498 -0.010200 -0.003464
v -0.001339 -0.007300 -0.003234
v 0.000000 -0.007300 -0.003500
v 0.001339 -0.007300 -0.003234
v 0.000498 -0.010200 -0.003464
v 0.000000 -0.010200 -0.003464
v 0.000000 -0.007300 -0.002750
v -0.001193 -0.007300 -0.002478
v 0.002475 -0.007300 -0.002475
v 0.001454 -0.010200 -0.003184
v 0.001335 -0.010200 -0.003219
v 0.001193 -0.007300 -0.002478
v -0.002292 -0.010200 -0.002645
v -0.002475 -0.007300 -0.002475
v -0.001454 -0.010200 -0.003184
v -0.001335 -0.010200 -0.003219
v -0.002150 -0.007300 -0.001715
v -0.001193 -0.008300 -0.002478
v 0.000000 -0.008300 -0.002750
v 0.002150 -0.007300 -0.001715
v 0.001193 -0.008300 -0.002478
v -0.002150 -0.008300 -0.001715
v 0.002455 -0.010200 -0.002457
v 0.002292 -0.010200 -0.002645
v 0.002944 -0.010200 -0.001892
v 0.003234 -0.007300 -0.001339
v -0.002944 -0.010200 -0.001892
v -0.003234 -0.007300 -0.001339
v -0.002455 -0.010200 -0.002457
v -0.002681 -0.007300 -0.000612
v 0.002681 -0.007300 -0.000612
v 0.002150 -0.008300 -0.001715
v -0.002681 -0.008300 -0.000612
v 0.003203 -0.010200 -0.001325
v 0.003358 -0.010200 -0.000986
v 0.003500 -0.007300 0.000000
v -0.003358 -0.010200 -0.000986
v -0.003500 -0.007300 0.000000
v -0.003203 -0.010200 -0.001325
v -0.002681 -0.007300 0.000612
v 0.002681 -0.007300 0.000612
v 0.002681 -0.008300 -0.000612
v -0.002681 -0.008300 0.000612
v 0.003500 -0.010200 0.000000
v 0.003500 -0.010200 0.005657
v 0.003500 -0.007300 0.005657
v -0.003500 -0.010200 0.000000
v -0.003500 -0.007300 0.005657
v -0.002150 -0.007300 0.001715
v 0.002150 -0.007300 0.001715
v 0.002681 -0.008300 0.000612
v -0.002150 -0.008300 0.001715
v 0.001193 -0.007300 0.002478
v 0.003557 -0.007300 0.005990
v 0.002150 -0.008300 0.001715
v -0.001193 -0.007300 0.002478
v -0.001193 -0.008300 0.002478
v 0.000000 -0.007300 0.002750
v 0.003722 -0.007300 0.006285
v 0.001193 -0.008300 0.002478
v -0.003722 -0.007300 0.006285
v -0.003557 -0.007300 0.005990
v 0.000000 -0.008300 0.002750
v 0.003557 -0.010200 0.005990
v -0.003500 -0.010200 0.005657
v 0.003722 -0.010200 0.006285
v -0.003557 -0.010200 0.005990
v 0.004549 -0.010200 0.007189
v 0.004847 -0.007300 0.007466
v -0.004549 -0.010200 0.007189
v -0.004847 -0.007300 0.007466
v -0.003722 -0.010200 0.006285
v 0.005801 -0.007300 0.008217
v 0.005750 -0.007769 0.008182
v 0.005775 -0.007962 0.008199
v 0.004858 -0.010200 0.007453
v -0.005761 -0.007539 0.008189
v -0.005801 -0.007300 0.008217
v -0.004858 -0.010200 0.007453
v -0.005767 -0.007963 0.008194
v -0.005888 -0.008479 0.008277
v -0.005768 -0.008020 0.008194
v 0.009382 -0.008602 0.018400
v 0.009376 -0.008624 0.011000
v -0.009373 -0.008622 0.018400
v -0.009382 -0.008602 0.018400
v 0.005810 -0.008236 0.008223
v 0.006112 -0.008898 0.011000
v 0.006123 -0.008890 0.008430
v 0.005982 -0.008685 0.008340
v 0.009192 -0.009136 0.011000
v 0.008800 -0.009452 0.011000
v -0.006103 -0.008885 0.008419
v -0.006112 -0.008898 0.011000
v -0.008800 -0.009452 0.011000
v 0.000000 -0.008300 0.000000
v 0.009373 -0.008622 0.018400
v 0.008868 -0.009707 0.018400
v -0.008868 -0.009707 0.018400
v -0.009192 -0.009136 0.011000
v -0.008863 -0.009712 0.018400
v -0.006113 -0.008897 0.008425
v -0.005479 -0.010200 0.007984
v 0.006243 -0.009065 0.008507
v 0.005479 -0.010200 0.007984
v -0.006368 -0.009192 0.008582
v 0.006565 -0.009361 0.008698
v 0.006368 -0.009180 0.008581
v 0.006870 -0.009546 0.011000
v -0.006384 -0.009211 0.008592
v -0.006809 -0.009515 0.008831
v -0.006870 -0.009546 0.011000
v 0.006372 -0.010200 0.008576
v 0.008942 -0.009576 0.010461
v 0.009192 -0.009136 0.010518
v 0.009160 -0.009169 0.010338
v 0.009077 -0.009244 0.010192
v -0.008941 -0.009575 0.010461
v -0.009192 -0.009136 0.010518
v -0.009161 -0.009168 0.010340
v 0.008863 -0.009712 0.018400
v 0.008863 -0.009712 0.010443
v 0.008867 -0.009708 0.010444
v -0.009081 -0.009241 0.010192
v -0.008937 -0.009509 0.010156
v -0.006372 -0.010200 0.008576
v -0.009046 -0.009273 0.010125
v 0.009019 -0.009296 0.010090
v 0.008937 -0.009509 0.010156
v -0.008857 -0.009406 0.009933
v 0.008855 -0.009404 0.009936
v 0.006877 -0.009533 0.008864
v 0.006500 -0.010200 0.008660
v 0.008795 -0.009443 0.009879
v -0.008798 -0.009448 0.009873
v -0.008642 -0.009918 0.010080
v 0.007847 -0.009748 0.011000
v 0.008765 -0.009463 0.009851
v 0.008642 -0.009918 0.010080
v -0.008776 -0.009463 0.009851
v -0.008566 -0.009763 0.009790
v -0.007847 -0.009748 0.011000
v -0.008744 -0.009485 0.009819
v 0.008665 -0.009529 0.009758
v 0.008566 -0.009763 0.009790
v -0.008454 -0.009606 0.009628
v -0.008863 -0.009712 0.010443
v -0.008858 -0.009720 0.010442
v -0.006873 -0.009539 0.008863
v -0.006500 -0.010200 0.008660
v 0.008455 -0.009607 0.009628
v 0.007020 -0.009612 0.008940
v -0.007292 -0.009697 0.009072
v -0.007111 -0.010099 0.008983
v 0.007802 -0.009749 0.009291
v 0.007523 -0.009737 0.009175
v -0.007802 -0.009749 0.009291
v -0.008318 -0.009663 0.009540
v 0.008314 -0.009659 0.009541
v 0.007167 -0.010090 0.009012
v 0.007111 -0.010099 0.008983
v 0.008219 -0.009694 0.009483
v 0.007830 -0.010105 0.009362
v 0.007907 -0.010370 0.009578
v -0.008283 -0.009678 0.009516
v -0.007830 -0.010105 0.009362
v -0.007907 -0.010370 0.009578
v -0.007847 -0.009743 0.009312
v 0.007847 -0.009743 0.009312
v -0.007695 -0.009807 0.009244
v -0.007167 -0.010090 0.009012
v -0.009500 -0.010200 0.019201
v 0.008012 -0.010563 0.018400
v 0.008621 -0.009993 0.010383
v -0.008012 -0.010563 0.018400
v -0.008622 -0.009995 0.010383
v 0.007695 -0.009807 0.009244
v -0.008295 -0.010274 0.009984
v -0.007159 -0.010441 0.009077
v 0.008413 -0.010235 0.010331
v 0.008295 -0.010274 0.009984
v -0.008429 -0.010219 0.010336
v 0.007159 -0.010441 0.009077
v 0.006487 -0.010428 0.008683
v 0.009455 -0.010496 0.019344
v 0.000484 -0.010636 -0.003365
v -0.000484 -0.010636 -0.003365
v 0.001412 -0.010636 -0.003093
v -0.001412 -0.010636 -0.003093
v 0.002226 -0.010636 -0.002569
v -0.002226 -0.010636 -0.002569
v 0.002860 -0.010636 -0.001838
v -0.002860 -0.010636 -0.001838
v 0.003262 -0.010636 -0.000958
v -0.003262 -0.010636 -0.000958
v 0.003400 -0.010636 0.000000
v -0.003400 -0.010636 0.000000
v -0.003474 -0.010428 0.005657
v 0.003474 -0.010428 0.005657
v 0.003532 -0.010428 0.005999
v 0.003702 -0.010428 0.006302
v -0.003532 -0.010428 0.005999
v 0.004530 -0.010428 0.007208
v -0.003702 -0.010428 0.006302
v -0.004530 -0.010428 0.007208
v 0.005463 -0.010428 0.008005
v -0.005463 -0.010428 0.008005
v -0.006487 -0.010428 0.008683
v -0.009499 -0.010238 0.019223
v -0.008007 -0.010568 0.018400
v 0.009410 -0.010428 0.029750
v 0.009474 -0.010428 0.029253
v -0.009474 -0.010428 0.029253
v -0.009443 -0.010534 0.019359
v -0.009410 -0.010428 0.029750
v 0.008935 -0.010439 0.031129
v -0.008935 -0.010439 0.031129
v 0.008262 -0.010439 0.032423
v 0.007402 -0.010439 0.033601
v -0.008262 -0.010439 0.032423
v -0.007402 -0.010439 0.033601
v 0.006378 -0.010428 0.034640
v -0.006378 -0.010428 0.034640
v 0.005774 -0.010428 0.034999
v 0.005083 -0.010428 0.035124
v -0.005774 -0.010428 0.034999
v -0.005083 -0.010428 0.035124
v -0.008253 -0.010360 0.010287
v 0.008253 -0.010360 0.010287
v 0.007911 -0.010569 0.009868
v -0.007911 -0.010569 0.009868
v -0.008007 -0.010557 0.010220
v 0.008005 -0.010553 0.010218
v 0.007065 -0.010973 0.009573
v 0.007145 -0.010752 0.009283
v -0.007145 -0.010752 0.009283
v -0.007065 -0.010973 0.009573
v 0.003355 -0.010691 0.000000
v 0.003347 -0.010691 0.005657
v -0.003347 -0.010691 0.005657
v 0.003353 -0.010821 0.006062
v 0.003554 -0.010821 0.006421
v -0.003353 -0.010821 0.006062
v 0.004398 -0.010821 0.007344
v -0.003554 -0.010821 0.006421
v 0.005349 -0.010821 0.008157
v -0.004398 -0.010821 0.007344
v 0.006455 -0.010559 0.008738
v -0.006455 -0.010559 0.008738
v -0.005349 -0.010821 0.008157
v 0.009405 -0.010438 0.029749
v 0.009421 -0.010538 0.029253
v 0.009432 -0.010543 0.019357
v -0.009405 -0.010438 0.029749
v -0.009420 -0.010540 0.029253
v -0.009436 -0.010547 0.019362
v 0.006375 -0.010438 0.034636
v -0.006375 -0.010438 0.034636
v 0.005083 -0.010691 0.034997
v 0.005708 -0.010821 0.034821
v -0.005708 -0.010821 0.034821
v -0.005083 -0.010691 0.034997
v 0.008756 -0.010830 0.031052
v 0.009226 -0.010821 0.029702
v -0.009226 -0.010821 0.029702
v 0.006253 -0.010821 0.034497
v -0.007254 -0.010830 0.033475
v -0.006253 -0.010821 0.034497
v 0.008096 -0.010830 0.032320
v -0.008756 -0.010830 0.031052
v 0.007254 -0.010830 0.033475
v -0.008096 -0.010830 0.032320
v 0.006392 -0.010821 0.008847
v -0.006392 -0.010821 0.008847
v 0.009284 -0.010821 0.029253
v 0.009306 -0.010791 0.019426
v -0.009284 -0.010821 0.029253
v -0.009312 -0.010784 0.019425
v 0.007867 -0.010660 0.010181
v -0.007917 -0.010628 0.010195
v 0.009199 -0.010899 0.019426
v 0.008500 -0.011200 0.019201
v 0.008007 -0.010568 0.018400
v 0.008843 -0.011131 0.019357
v 0.008450 -0.011200 0.019173
v 0.008254 -0.011200 0.019063
v 0.007396 -0.011200 0.018668
v 0.006922 -0.011073 0.018400
v -0.007576 -0.011200 0.018739
v -0.008453 -0.011200 0.019178
v -0.008500 -0.011200 0.019201
v -0.008839 -0.011140 0.019360
v -0.009082 -0.011013 0.019425
v -0.009194 -0.010901 0.019425
v -0.006936 -0.011200 0.018529
v -0.006922 -0.011073 0.018400
v 0.007848 -0.010670 0.010175
v -0.007846 -0.010665 0.010173
v -0.007321 -0.010941 0.010011
v 0.001296 -0.010984 -0.002839
v 0.000444 -0.010984 -0.003089
v -0.000444 -0.010984 -0.003089
v 0.002044 -0.010984 -0.002359
v -0.001296 -0.010984 -0.002839
v 0.002625 -0.010984 -0.001687
v -0.002044 -0.010984 -0.002359
v 0.002994 -0.010984 -0.000879
v -0.002625 -0.010984 -0.001687
v -0.002994 -0.010984 -0.000879
v -0.003355 -0.010691 0.000000
v 0.007306 -0.010947 0.010007
v 0.003284 -0.010821 0.005657
v -0.003284 -0.010821 0.005657
v 0.005083 -0.010821 0.034934
v -0.005083 -0.010821 0.034934
v 0.003121 -0.010984 0.000000
v -0.003121 -0.010984 0.000000
v -0.006348 -0.010892 0.008924
v -0.006218 -0.011100 0.009149
v 0.006218 -0.011100 0.009149
v 0.006348 -0.010892 0.008924
v 0.002991 -0.011055 0.005657
v -0.002991 -0.011055 0.005657
v 0.003283 -0.011100 0.006640
v 0.003025 -0.011100 0.006178
v -0.003025 -0.011100 0.006178
v 0.004156 -0.011100 0.007594
v -0.003283 -0.011100 0.006640
v 0.005140 -0.011100 0.008435
v -0.004156 -0.011100 0.007594
v -0.005140 -0.011100 0.008435
v 0.009195 -0.010892 0.029253
v -0.009191 -0.010895 0.029253
v 0.008433 -0.011105 0.030914
v 0.008890 -0.011100 0.029614
v -0.008890 -0.011100 0.029614
v 0.005586 -0.011100 0.034495
v 0.006025 -0.011100 0.034234
v -0.006986 -0.011105 0.033247
v -0.006025 -0.011100 0.034234
v 0.005083 -0.011055 0.034641
v -0.005586 -0.011100 0.034495
v -0.005083 -0.011055 0.034641
v 0.007797 -0.011105 0.032135
v -0.008433 -0.011105 0.030914
v 0.006986 -0.011105 0.033247
v -0.007797 -0.011105 0.032135
v 0.008936 -0.011100 0.029253
v -0.008936 -0.011100 0.029253
v 0.009089 -0.011008 0.019426
v -0.006938 -0.011055 0.009879
v 0.006938 -0.011056 0.009879
v 0.006670 -0.011135 0.009786
v 0.006182 -0.011116 0.009210
v 0.006919 -0.011061 0.009873
v -0.006000 -0.011200 0.009526
v -0.006664 -0.011136 0.009784
v -0.006919 -0.011061 0.009872
v -0.006182 -0.011116 0.009210
v 0.001133 -0.011174 -0.002482
v 0.000388 -0.011174 -0.002700
v -0.000388 -0.011174 -0.002700
v 0.001787 -0.011174 -0.002062
v -0.001133 -0.011174 -0.002482
v 0.002295 -0.011174 -0.001475
v -0.001787 -0.011174 -0.002062
v 0.002618 -0.011174 -0.000769
v -0.002295 -0.011174 -0.001475
v 0.002991 -0.011047 0.000000
v -0.002618 -0.011174 -0.000769
v -0.002991 -0.011047 0.000000
v 0.008842 -0.011121 0.029253
v -0.008835 -0.011123 0.029253
v 0.002728 -0.011174 0.000000
v 0.002936 -0.011100 0.005657
v -0.002728 -0.011174 0.000000
v -0.002936 -0.011100 0.005657
v 0.005083 -0.011100 0.034586
v -0.005083 -0.011100 0.034586
v -0.006903 -0.011082 0.018400
v 0.006939 -0.011200 0.018538
v 0.006903 -0.011082 0.018400
v 0.006692 -0.011200 0.018468
v 0.006000 -0.011200 0.018400
v -0.006000 -0.011200 0.018400
v -0.006198 -0.011200 0.018406
v -0.006868 -0.011200 0.018506
v 0.002500 -0.011200 0.005657
v 0.002614 -0.011200 0.006324
v -0.002500 -0.011200 0.005657
v 0.002944 -0.011200 0.006914
v -0.002614 -0.011200 0.006324
v 0.003853 -0.011200 0.007908
v -0.002944 -0.011200 0.006914
v 0.004877 -0.011200 0.008783
v -0.003853 -0.011200 0.007908
v -0.004877 -0.011200 0.008783
v 0.008067 -0.011200 0.030757
v 0.008492 -0.011194 0.029511
v -0.008492 -0.011194 0.029511
v 0.005756 -0.011194 0.033924
v -0.006683 -0.011200 0.032989
v -0.005756 -0.011194 0.033924
v 0.005083 -0.011200 0.034150
v 0.005433 -0.011200 0.034087
v -0.005433 -0.011200 0.034087
v -0.005083 -0.011200 0.034150
v 0.007459 -0.011200 0.031925
v -0.008067 -0.011200 0.030757
v 0.006683 -0.011200 0.032989
v -0.007459 -0.011200 0.031925
v 0.006000 -0.011200 0.009526
v 0.008500 -0.011200 0.029253
v 0.008794 -0.011156 0.019344
v -0.008500 -0.011200 0.029253
v -0.008832 -0.011143 0.019358
v 0.000356 -0.011200 -0.002475
v 0.000000 -0.011200 -0.002500
v 0.001038 -0.011200 -0.002274
v -0.000356 -0.011200 -0.002475
v 0.001637 -0.011200 -0.001889
v -0.001038 -0.011200 -0.002274
v 0.002103 -0.011200 -0.001352
v -0.001637 -0.011200 -0.001889
v 0.002399 -0.011200 -0.000704
v -0.002103 -0.011200 -0.001352
v 0.002500 -0.011200 0.000000
v -0.002399 -0.011200 -0.000704
v -0.002500 -0.011200 0.000000
v 0.008468 -0.011200 0.029504
v -0.008468 -0.011200 0.029504
v -0.008030 -0.011200 0.030742
v 0.005739 -0.011200 0.033905
v 0.006653 -0.011200 0.032963
v -0.005739 -0.011200 0.033905
v 0.008003 -0.011200 0.030732
v 0.007803 -0.011200 0.031260
v -0.007971 -0.011200 0.030911
v 0.006778 -0.011200 0.032834
v 0.007396 -0.011200 0.031885
v -0.007395 -0.011200 0.031887
v -0.007016 -0.011200 0.032529
v -0.006632 -0.011200 0.032943
vn -0.0000 0.9999 -0.0135
vn 0.0007 0.9999 -0.0134
vn 0.0007 1.0000 -0.0052
vn -0.0000 1.0000 -0.0000
vn -0.0021 0.9999 -0.0149
vn -0.0000 1.0000 -0.0001
vn -0.0007 1.0000 -0.0047
vn -0.0003 1.0000 -0.0048
vn 0.0760 0.9314 -0.3559
vn 0.0022 1.0000 -0.0055
vn -0.0030 1.0000 -0.0069
vn -0.0082 0.9992 -0.0383
vn -0.0046 0.9999 -0.0105
vn -0.0031 1.0000 -0.0069
vn 0.0074 0.9998 -0.0165
vn 0.0062 0.9999 -0.0082
vn -0.0000 1.0000 0.0002
vn -0.0104 0.9999 -0.0134
vn -0.0040 1.0000 -0.0055
vn -0.0042 1.0000 -0.0053
vn 0.0038 1.0000 -0.0052
vn 0.0039 1.0000 -0.0052
vn 0.0042 1.0000 -0.0033
vn 0.0505 0.9977 -0.0449
vn -0.0505 0.9977 -0.0450
vn -0.0038 1.0000 -0.0029
vn 0.0047 1.0000 -0.0020
vn 0.0102 0.9999 -0.0051
vn 0.0133 0.9999 -0.0085
vn -0.0109 0.9999 -0.0070
vn -0.0133 0.9999 -0.0054
vn -0.0047 1.0000 -0.0019
vn -0.0045 1.0000 -0.0023
vn 0.0075 1.0000 -0.0032
vn 0.0048 1.0000 -0.0018
vn 0.0170 0.9998 -0.0044
vn 0.0052 1.0000 -0.0007
vn -0.0064 1.0000 -0.0008
vn -0.1028 0.9942 -0.0325
vn 0.0123 0.9999 0.0006
vn 0.0175 0.9998 -0.0017
vn -0.0175 0.9998 -0.0017
vn -0.0105 0.9999 0.0014
vn -0.0105 0.9999 0.0012
vn -0.0063 1.0000 0.0009
vn 0.0120 0.9999 0.0006
vn 0.0112 0.9999 0.0019
vn 0.0046 1.0000 0.0011
vn 0.0162 0.9999 0.0010
vn -0.0738 0.9970 0.0250
vn -0.0044 1.0000 0.0019
vn 0.2177 0.9732 0.0739
vn 0.0051 1.0000 0.0029
vn 0.0051 1.0000 0.0028
vn -0.0120 0.9999 0.0064
vn -0.0111 0.9999 0.0074
vn 0.0977 0.9933 0.0611
vn 0.1030 0.9932 0.0540
vn -0.0121 0.9999 0.0063
vn -0.0110 0.9999 0.0074
vn 0.1147 0.9932 0.0186
vn 0.1030 0.9932 0.0539
vn -0.1016 0.9931 0.0580
vn -0.1147 0.9932 0.0186
vn 0.1147 0.9934 -0.0000
vn -0.1147 0.9934 -0.0000
vn 0.1147 0.9930 -0.0271
vn -0.1385 0.9899 -0.0316
vn -0.1147 0.9932 -0.0176
vn 0.0855 0.9961 -0.0202
vn 0.1454 0.9891 -0.0223
vn 0.1313 0.9892 -0.0645
vn -0.0683 0.9961 -0.0553
vn 0.1096 0.9899 -0.0903
vn -0.0916 0.9930 -0.0742
vn -0.1313 0.9892 -0.0645
vn -0.1066 0.9891 -0.1015
vn 0.0840 0.9932 -0.0800
vn 0.0671 0.9934 -0.0932
vn -0.0671 0.9934 -0.0932
vn 0.0607 0.9934 -0.0975
vn 0.0579 0.9946 -0.0863
vn -0.0502 0.9955 -0.0806
vn 0.0954 0.9954 -0.0000
vn 0.1195 0.9908 -0.0632
vn -0.0961 0.9954 -0.0000
vn -0.0640 0.9934 -0.0955
vn -0.1201 0.9908 -0.0629
vn 0.1301 0.9915 0.0027
vn 0.0282 0.2150 -0.9762
vn -0.0786 0.5992 -0.7967
vn -0.1301 0.9915 0.0027
vn 0.1086 0.6817 -0.7235
vn -0.1894 0.7209 -0.6666
vn 0.2265 0.6867 -0.6907
vn 0.2528 0.5849 -0.7707
vn 0.3070 0.6595 -0.6862
vn 0.3071 0.6593 -0.6863
vn -0.1924 0.7101 -0.6773
vn -0.3158 0.6784 -0.6633
vn -0.3282 0.6195 -0.7131
vn -0.2733 0.5871 -0.7619
vn 0.3523 0.6169 -0.7038
vn -0.3968 0.5858 -0.7067
vn -0.3969 0.5857 -0.7067
vn 0.3523 0.6168 -0.7038
vn 0.4313 0.5599 -0.7075
vn 0.4430 0.4552 -0.7723
vn 0.1686 0.9857 -0.0000
vn -0.1488 0.9889 -0.0000
vn -0.5014 0.5016 -0.7050
vn -0.4275 0.5623 -0.7079
vn 0.4589 0.8884 0.0124
vn 0.2236 0.9747 0.0021
vn 0.2235 0.9742 0.0307
vn -0.2236 0.9747 0.0028
vn -0.2235 0.9742 0.0307
vn 0.2104 0.9745 0.0776
vn 0.2234 0.9742 0.0307
vn -0.2110 0.9744 0.0778
vn -0.2103 0.9745 0.0777
vn -0.2234 0.9742 0.0307
vn 0.2107 0.9745 0.0778
vn 0.1954 0.9745 0.1107
vn -0.1951 0.9745 0.1106
vn -0.1954 0.9745 0.1106
vn 0.1951 0.9745 0.1105
vn 0.1643 0.9740 0.1557
vn -0.1643 0.9740 0.1557
vn 0.1060 0.9740 0.2000
vn -0.1060 0.9740 0.2000
vn 0.0366 0.9740 0.2234
vn -0.0366 0.9740 0.2234
vn -0.0000 0.9747 0.2235
vn -0.0144 0.9618 -0.2733
vn 0.0122 0.9729 -0.2308
vn 0.0486 0.9727 -0.2269
vn -0.0486 0.9727 -0.2269
vn -0.0000 0.9727 -0.2321
vn 0.0950 0.9727 -0.2117
vn -0.0950 0.9727 -0.2117
vn 0.1372 0.9727 -0.1872
vn 0.1372 0.9727 -0.1871
vn -0.1372 0.9727 -0.1871
vn 0.1733 0.9727 -0.1543
vn 0.1734 0.9727 -0.1543
vn -0.1733 0.9727 -0.1543
vn -0.1372 0.9727 -0.1872
vn 0.1947 0.9729 -0.1246
vn -0.1947 0.9729 -0.1246
vn -0.1734 0.9727 -0.1543
vn 0.2177 0.9682 -0.1236
vn 0.2067 0.9729 -0.1034
vn -0.2447 0.9618 -0.1224
vn 0.2213 0.9727 -0.0698
vn 0.2561 0.9619 -0.0958
vn -0.2213 0.9727 -0.0698
vn -0.2018 0.9727 -0.1146
vn 0.2238 0.9729 -0.0578
vn 0.2310 0.9727 -0.0219
vn -0.2310 0.9727 -0.0219
vn 0.2305 0.9727 0.0269
vn 0.2724 0.9620 0.0175
vn -0.2305 0.9727 0.0269
vn 0.2278 0.9729 0.0391
vn 0.2198 0.9727 0.0746
vn -0.2198 0.9727 0.0746
vn 0.0977 0.9934 0.0610
vn 0.2068 0.9730 0.1029
vn -0.2043 0.9729 0.1082
vn -0.1919 0.9729 0.1290
vn -0.1917 0.9730 0.1290
vn -0.2150 0.9682 0.1283
vn -0.2291 0.9703 0.0780
vn 0.1029 0.9932 0.0539
vn 0.3638 0.9001 0.2395
vn 0.3893 0.8982 0.2040
vn 0.4339 0.8982 0.0704
vn -0.2293 0.9702 0.0781
vn -0.3724 0.8942 0.2485
vn -0.4339 0.8982 0.0704
vn 0.4350 0.9004 -0.0000
vn -0.4350 0.9004 -0.0000
vn 0.4340 0.8984 -0.0666
vn -0.4340 0.8984 -0.0666
vn 0.3941 0.8984 -0.1936
vn -0.3941 0.8984 -0.1936
vn 0.3179 0.8985 -0.3028
vn 0.3179 0.8984 -0.3029
vn -0.3179 0.8984 -0.3029
vn 0.2426 0.9001 -0.3618
vn 0.2426 0.9001 -0.3619
vn -0.2426 0.9001 -0.3618
vn -0.2426 0.9001 -0.3619
vn -0.3179 0.8985 -0.3029
vn 0.3849 0.8334 -0.3967
vn 0.3318 0.8923 -0.3059
vn -0.2767 0.8984 -0.3411
vn -0.3839 0.8340 -0.3963
vn -0.2432 0.9562 -0.1629
vn -0.4479 0.8941 0.0011
vn -0.4923 0.4924 -0.7177
vn -0.4561 0.5019 -0.7349
vn 0.4636 0.5243 -0.7143
vn 0.4613 0.8873 0.0020
vn 0.2858 0.9583 -0.0018
vn -0.2841 0.9588 -0.0013
vn -0.4220 0.9066 -0.0058
vn -0.4475 0.8943 0.0011
vn -0.4563 0.5018 -0.7348
vn 0.2234 0.9747 -0.0064
vn 0.2236 0.9742 0.0307
vn -0.2234 0.9747 -0.0068
vn -0.2236 0.9742 0.0307
vn 0.2426 0.9001 -0.3620
vn 0.2186 0.9603 -0.1733
vn 0.2768 0.8983 -0.3413
vn -0.2426 0.9001 -0.3620
vn -0.2768 0.8983 -0.3413
vn -0.0000 0.7858 -0.6185
vn 0.1295 0.7858 -0.6048
vn -0.1295 0.7858 -0.6048
vn 0.2532 0.7858 -0.5643
vn -0.2532 0.7858 -0.5643
vn 0.3657 0.7858 -0.4988
vn -0.3657 0.7858 -0.4988
vn 0.4620 0.7858 -0.4112
vn -0.4620 0.7858 -0.4112
vn 0.5379 0.7858 -0.3054
vn -0.5379 0.7858 -0.3054
vn 0.5899 0.7858 -0.1860
vn 0.5898 0.7858 -0.1860
vn -0.5899 0.7858 -0.1860
vn 0.6157 0.7858 -0.0584
vn -0.6157 0.7858 -0.0584
vn -0.5898 0.7858 -0.1860
vn 0.6143 0.7858 0.0718
vn -0.6143 0.7858 0.0718
vn 0.5857 0.7858 0.1988
vn -0.5857 0.7858 0.1988
vn 0.3639 0.9001 0.2395
vn 0.5399 0.7867 0.2995
vn -0.5313 0.7856 0.3170
vn -0.5311 0.7858 0.3170
vn -0.5857 0.7858 0.1987
vn -0.5808 0.7777 0.2407
vn 0.7061 0.7081 0.0051
vn 0.6257 0.7800 0.0008
vn 0.6234 0.7772 0.0857
vn -0.6257 0.7800 0.0009
vn -0.7060 0.7082 0.0053
vn -0.6234 0.7772 0.0857
vn 0.5881 0.7791 0.2172
vn 0.6234 0.7772 0.0856
vn -0.5881 0.7791 0.2171
vn -0.6234 0.7772 0.0856
vn 0.5456 0.7791 0.3089
vn 0.5455 0.7791 0.3089
vn -0.5455 0.7791 0.3089
vn -0.5881 0.7791 0.2172
vn 0.4578 0.7760 0.4338
vn 0.4579 0.7760 0.4338
vn -0.5456 0.7791 0.3089
vn -0.4578 0.7760 0.4338
vn 0.2954 0.7760 0.5572
vn -0.2954 0.7760 0.5572
vn -0.4579 0.7760 0.4338
vn 0.1020 0.7761 0.6223
vn -0.1020 0.7761 0.6223
vn -0.0000 0.7802 0.6256
vn 0.4221 0.9066 -0.0014
vn 0.2853 0.9584 -0.0014
vn 0.2855 0.9584 -0.0014
vn 0.4220 0.9066 0.0021
vn 0.4629 0.8864 0.0081
vn 0.4628 0.8864 0.0081
vn -0.2839 0.9588 -0.0013
vn -0.2840 0.9588 -0.0013
vn -0.4531 0.8914 0.0074
vn -0.4220 0.9066 0.0031
vn -0.3198 0.9397 -0.1210
vn 0.3199 0.9401 -0.1181
vn -0.0000 0.7801 0.6257
vn 0.1020 0.7760 0.6224
vn -0.1020 0.7760 0.6224
vn 0.3203 0.9399 -0.1179
vn 0.4350 0.9005 -0.0000
vn -0.4350 0.9005 -0.0000
vn 0.4340 0.8985 -0.0666
vn -0.4340 0.8985 -0.0666
vn 0.4877 0.4882 -0.7238
vn -0.4875 0.4879 -0.7241
vn 0.6608 0.6243 0.4166
vn 0.6945 0.6206 0.3640
vn 0.7739 0.6207 0.1255
vn 0.6945 0.6207 0.3639
vn -0.5805 0.7779 0.2406
vn -0.6673 0.6145 0.4209
vn -0.7739 0.6207 0.1255
vn 0.7801 0.6257 -0.0000
vn -0.7801 0.6257 -0.0000
vn 0.7746 0.6213 -0.1188
vn -0.7746 0.6213 -0.1188
vn 0.7034 0.6212 -0.3455
vn 0.7033 0.6212 -0.3456
vn 0.7745 0.6213 -0.1190
vn -0.7746 0.6212 -0.1187
vn -0.7034 0.6212 -0.3455
vn 0.5674 0.6212 -0.5406
vn 0.5674 0.6212 -0.5405
vn -0.7033 0.6212 -0.3456
vn -0.5674 0.6212 -0.5405
vn 0.4347 0.6249 -0.6485
vn 0.4348 0.6248 -0.6486
vn -0.4347 0.6249 -0.6485
vn -0.4348 0.6248 -0.6486
vn 0.4081 0.6256 -0.6649
vn 0.3890 0.7812 -0.4883
vn -0.4081 0.6256 -0.6649
vn -0.3890 0.7812 -0.4883
vn 0.4818 0.8485 -0.2190
vn 0.5090 0.7066 -0.4916
vn 0.5310 0.7381 -0.4162
vn -0.5090 0.7066 -0.4916
vn -0.4756 0.8600 -0.1852
vn -0.4979 0.8372 -0.2263
vn -0.5310 0.7381 -0.4162
vn -0.5310 0.7859 0.3169
vn 0.4975 0.8519 -0.1636
vn 0.4879 0.4878 -0.7239
vn 0.7060 0.7082 -0.0008
vn 0.6257 0.7801 0.0008
vn -0.7061 0.7081 -0.0006
vn -0.6254 0.7803 0.0009
vn -0.5127 0.4738 -0.7160
vn -0.4385 0.4384 -0.7846
vn 0.4348 0.6247 -0.6486
vn 0.4081 0.6255 -0.6650
vn -0.4348 0.6247 -0.6486
vn -0.4081 0.6255 -0.6650
vn 0.6231 0.7774 0.0856
vn -0.0000 0.4432 -0.8964
vn 0.1877 0.4432 -0.8766
vn 0.1877 0.4431 -0.8766
vn -0.1877 0.4432 -0.8766
vn 0.3670 0.4431 -0.8179
vn 0.3670 0.4432 -0.8179
vn -0.3670 0.4431 -0.8179
vn -0.1877 0.4431 -0.8766
vn 0.5300 0.4432 -0.7230
vn 0.5300 0.4432 -0.7229
vn -0.5300 0.4432 -0.7230
vn -0.3670 0.4432 -0.8179
vn 0.6697 0.4432 -0.5960
vn 0.6697 0.4431 -0.5960
vn -0.6697 0.4432 -0.5960
vn 0.7796 0.4431 -0.4426
vn -0.7796 0.4431 -0.4426
vn -0.6697 0.4431 -0.5960
vn 0.8549 0.4431 -0.2696
vn 0.8549 0.4432 -0.2696
vn -0.8550 0.4431 -0.2696
vn 0.8924 0.4432 -0.0847
vn -0.8924 0.4432 -0.0847
vn -0.8549 0.4432 -0.2696
vn 0.8904 0.4432 0.1040
vn -0.8904 0.4432 0.1040
vn 0.8489 0.4432 0.2881
vn 0.8489 0.4431 0.2881
vn -0.8489 0.4432 0.2881
vn 0.6608 0.6244 0.4165
vn 0.7785 0.4438 0.4438
vn -0.7697 0.4433 0.4594
vn -0.7698 0.4432 0.4594
vn -0.8489 0.4431 0.2881
vn -0.8263 0.4353 0.3574
vn 0.9005 0.4348 0.0011
vn 0.8937 0.4315 0.1228
vn -0.9005 0.4349 0.0009
vn -0.8937 0.4316 0.1228
vn 0.8452 0.4338 0.3121
vn 0.8937 0.4316 0.1227
vn -0.8452 0.4338 0.3121
vn 0.7840 0.4338 0.4440
vn 0.7841 0.4338 0.4439
vn -0.7841 0.4338 0.4440
vn 0.6553 0.4303 0.6208
vn -0.7840 0.4338 0.4439
vn -0.6553 0.4303 0.6208
vn 0.4228 0.4302 0.7976
vn 0.4228 0.4303 0.7976
vn -0.4228 0.4303 0.7976
vn -0.6553 0.4303 0.6209
vn 0.1460 0.4303 0.8908
vn 0.1460 0.4302 0.8908
vn -0.1460 0.4302 0.8908
vn -0.1460 0.4303 0.8908
vn -0.4228 0.4302 0.7976
vn -0.0000 0.4350 0.9005
vn -0.8933 0.4495 0.0015
vn 0.5013 0.4572 -0.7346
vn 0.8864 0.4628 0.0021
vn 0.4741 0.5015 -0.7237
vn 0.5173 0.4892 -0.7022
vn -0.4741 0.5015 -0.7237
vn -0.5173 0.4892 -0.7022
vn 0.7740 0.6206 0.1256
vn 0.7802 0.6255 -0.0000
vn -0.7802 0.6255 -0.0000
vn -0.7738 0.6208 0.1256
vn 0.7747 0.6211 -0.1188
vn -0.7747 0.6211 -0.1188
vn -0.0000 0.4349 0.9005
vn 0.4973 0.8520 -0.1637
vn -0.6145 0.7889 -0.0014
vn -0.7071 0.7071 -0.0041
vn -0.6315 0.7636 -0.1342
vn 0.8275 0.2227 0.5153
vn 0.8639 0.2208 0.4527
vn 0.8639 0.2209 0.4526
vn 0.9627 0.2209 0.1562
vn -0.8275 0.2177 0.5175
vn -0.9627 0.2209 0.1562
vn 0.9747 0.2236 -0.0000
vn -0.9747 0.2236 -0.0000
vn 0.9640 0.2212 -0.1478
vn -0.9640 0.2212 -0.1478
vn 0.8752 0.2212 -0.4301
vn 0.8753 0.2212 -0.4301
vn -0.8752 0.2212 -0.4301
vn -0.8753 0.2212 -0.4301
vn 0.7061 0.2211 -0.6727
vn 0.8753 0.2212 -0.4300
vn 0.7062 0.2212 -0.6726
vn -0.8753 0.2212 -0.4300
vn -0.7061 0.2212 -0.6727
vn 0.5428 0.2231 -0.8097
vn 0.5427 0.2234 -0.8096
vn -0.5427 0.2234 -0.8096
vn -0.5428 0.2231 -0.8097
vn -0.7062 0.2211 -0.6726
vn 0.4608 0.2239 -0.8588
vn -0.4608 0.2239 -0.8588
vn 0.6239 0.7815 -0.0010
vn 0.6413 0.7529 -0.1483
vn 0.6298 0.7631 -0.1449
vn 0.6261 0.6389 -0.4470
vn -0.6261 0.6389 -0.4470
vn -0.6287 0.7662 -0.1333
vn 0.7070 0.7073 -0.0009
vn 0.5013 0.4573 -0.7346
vn 0.5062 0.4387 -0.7425
vn 0.5066 0.4335 -0.7453
vn 0.5017 0.5017 -0.7047
vn 0.5427 0.2231 -0.8097
vn 0.4583 0.1744 -0.8715
vn 0.4837 0.2236 -0.8462
vn 0.4840 0.2236 -0.8460
vn -0.5427 0.2231 -0.8097
vn -0.4840 0.2236 -0.8460
vn -0.4606 0.2192 -0.8601
vn 0.7575 0.6527 0.0115
vn 0.7575 0.6528 0.0115
vn 0.6239 0.7815 -0.0009
vn 0.8654 0.4995 0.0392
vn 0.7071 0.7071 -0.0000
vn 0.5016 0.5017 -0.7048
vn -0.6144 0.7890 -0.0014
vn -0.7567 0.6537 0.0111
vn -0.7071 0.7071 0.0035
vn 0.6397 0.7581 -0.1268
vn -0.6310 0.7650 -0.1291
vn 0.8864 0.4630 0.0026
vn 0.9005 0.4349 0.0021
vn -0.8932 0.4496 0.0017
vn -0.9004 0.4350 0.0015
vn -0.5254 0.4627 -0.7140
vn 0.8938 0.4314 0.1228
vn -0.8936 0.4317 0.1228
vn 0.9822 0.1877 0.0008
vn 0.9934 0.1147 -0.0023
vn -0.9887 0.1498 -0.0000
vn -0.9934 0.1147 -0.0013
vn -0.5623 0.4275 -0.7079
vn 0.4705 0.1687 -0.8661
vn 0.4822 0.1678 -0.8599
vn 0.5289 0.4383 -0.7267
vn 0.4485 0.1459 -0.8818
vn -0.4819 0.1679 -0.8600
vn -0.4822 0.1678 -0.8599
vn -0.5289 0.4383 -0.7267
vn -0.4567 0.1697 -0.8733
vn -0.0000 0.1197 -0.9928
vn 0.2078 0.1198 -0.9708
vn 0.2078 0.1195 -0.9708
vn 0.2077 0.1195 -0.9709
vn -0.2080 0.1197 -0.9708
vn -0.2078 0.1196 -0.9708
vn 0.4064 0.1197 -0.9058
vn 0.4065 0.1198 -0.9058
vn -0.2078 0.1198 -0.9708
vn -0.4064 0.1198 -0.9058
vn 0.5870 0.1195 -0.8007
vn 0.5871 0.1198 -0.8006
vn 0.4065 0.1195 -0.9058
vn -0.5870 0.1195 -0.8007
vn -0.5871 0.1198 -0.8006
vn -0.4065 0.1195 -0.9058
vn 0.7416 0.1198 -0.6600
vn 0.7416 0.1197 -0.6600
vn 0.5868 0.1197 -0.8008
vn -0.7416 0.1197 -0.6600
vn -0.5868 0.1197 -0.8008
vn 0.8634 0.1196 -0.4902
vn 0.8634 0.1198 -0.4902
vn -0.8634 0.1197 -0.4902
vn -0.8634 0.1198 -0.4902
vn -0.7416 0.1198 -0.6600
vn 0.9469 0.1196 -0.2986
vn -0.9469 0.1196 -0.2986
vn -0.8634 0.1196 -0.4902
vn 0.9884 0.1196 -0.0938
vn 0.9884 0.1197 -0.0938
vn 0.9468 0.1197 -0.2986
vn -0.9468 0.1197 -0.2986
vn -0.9884 0.1197 -0.0938
vn 0.9861 0.1198 0.1152
vn 0.9861 0.1195 0.1152
vn 0.9884 0.1195 -0.0935
vn -0.9884 0.1196 -0.0938
vn -0.9884 0.1195 -0.0935
vn -0.9861 0.1195 0.1152
vn 0.9401 0.1198 0.3191
vn 0.9402 0.1196 0.3190
vn 0.9402 0.1197 0.3190
vn -0.9402 0.1196 0.3190
vn -0.9861 0.1198 0.1152
vn -0.9401 0.1198 0.3191
vn 0.8525 0.1196 0.5088
vn 0.8333 0.1909 0.5188
vn -0.9402 0.1197 0.3190
vn -0.8525 0.1196 0.5088
vn -0.8796 0.1188 0.4607
vn -0.8525 0.1194 0.5088
vn -0.8526 0.1197 0.5087
vn 0.8372 0.2225 0.4996
vn 0.9843 0.1137 0.1352
vn 0.9843 0.1138 0.1352
vn -0.9843 0.1137 0.1352
vn 0.9319 0.1144 0.3442
vn 0.9319 0.1144 0.3441
vn -0.9319 0.1144 0.3441
vn -0.9843 0.1138 0.1352
vn 0.8645 0.1145 0.4895
vn 0.8645 0.1143 0.4895
vn -0.8645 0.1143 0.4895
vn -0.9319 0.1144 0.3442
vn 0.7212 0.1134 0.6834
vn 0.7213 0.1132 0.6833
vn -0.8645 0.1145 0.4895
vn -0.7212 0.1134 0.6833
vn 0.4654 0.1132 0.8778
vn 0.4653 0.1133 0.8779
vn -0.4652 0.1137 0.8779
vn -0.7212 0.1132 0.6834
vn -0.4653 0.1133 0.8779
vn 0.1607 0.1133 0.9805
vn 0.4653 0.1132 0.8779
vn -0.4653 0.1132 0.8779
vn -0.1607 0.1133 0.9805
vn -0.0000 0.1147 0.9934
vn 0.6060 0.3892 -0.6937
vn 0.5780 0.3746 -0.7250
vn 0.6663 0.5461 -0.5078
vn -0.6066 0.3889 -0.6934
vn -0.5775 0.3737 -0.7258
vn -0.6734 0.5645 -0.4773
vn -0.6764 0.5171 -0.5245
vn 0.6397 0.7581 -0.1270
vn 0.7285 0.6622 -0.1755
vn 0.6918 0.5462 -0.4723
vn -0.7285 0.6629 -0.1730
vn 0.9998 0.0187 -0.0000
vn -0.7647 0.6357 -0.1053
vn 0.7657 0.6336 -0.1107
vn -0.0000 -0.0080 -1.0000
vn 0.2095 0.0056 -0.9778
vn -0.2095 0.0056 -0.9778
vn 0.2093 0.0056 -0.9778
vn -0.2093 0.0056 -0.9778
vn 0.4094 0.0094 -0.9123
vn 0.2826 -0.0168 -0.9591
vn -0.2826 -0.0168 -0.9591
vn -0.4094 0.0094 -0.9123
vn 0.4093 0.0094 -0.9124
vn -0.4093 0.0094 -0.9124
vn 0.5913 0.0035 -0.8064
vn 0.5422 -0.0157 -0.8401
vn -0.5913 0.0035 -0.8064
vn -0.5422 -0.0157 -0.8401
vn 0.5911 0.0035 -0.8066
vn 0.7470 -0.0043 -0.6648
vn -0.7470 -0.0043 -0.6648
vn 0.8696 0.0072 -0.4937
vn 0.7576 -0.0107 -0.6527
vn -0.7576 -0.0107 -0.6527
vn -0.8696 0.0072 -0.4937
vn 0.9072 0.0538 -0.4173
vn 0.8875 0.0269 -0.4600
vn 0.8695 0.0140 -0.4937
vn 0.8631 -0.1222 -0.4900
vn 0.9262 0.1124 -0.3598
vn 0.9073 0.0540 -0.4170
vn 0.8697 0.0141 -0.4934
vn 0.8549 0.0072 -0.5187
vn -0.8901 0.0296 -0.4549
vn -0.9083 0.0564 -0.4146
vn -0.8695 -0.0182 -0.4936
vn -0.8552 0.0072 -0.5182
vn -0.8731 0.0161 -0.4873
vn 0.9533 0.0296 -0.3006
vn 0.9677 0.0750 -0.2409
vn -0.9252 -0.0006 -0.3794
vn -0.9457 0.0131 -0.3247
vn -0.9533 0.0306 -0.3006
vn 0.9534 -0.0240 -0.3007
vn 0.9724 0.0295 -0.2313
vn -0.9696 0.0281 -0.2432
vn -0.9533 0.0282 -0.3007
vn 0.9950 0.0334 -0.0944
vn 0.9936 0.0146 -0.1118
vn -0.9719 -0.0032 -0.2356
vn -0.9955 0.0073 -0.0945
vn 0.9932 -0.0690 -0.0939
vn 0.9998 -0.0111 0.0145
vn 0.9998 -0.0111 0.0144
vn -0.9955 -0.0099 -0.0946
vn -0.9875 0.0683 -0.1418
vn -0.9998 -0.0099 -0.0146
vn 0.9931 0.0191 0.1160
vn 0.9891 0.0469 0.1394
vn -0.9998 -0.0132 -0.0143
vn -0.9929 0.0248 0.1160
vn 0.9466 0.0272 0.3213
vn 0.9720 -0.0069 0.2348
vn -0.9932 0.0286 0.1129
vn -0.9460 -0.0454 0.3211
vn 0.9467 0.0238 0.3213
vn 0.9435 0.0270 0.3302
vn -0.9466 0.0259 0.3212
vn -0.9723 0.0306 0.2315
vn -0.9443 0.0259 0.3280
vn 0.8582 -0.0327 0.5122
vn 0.9245 0.0021 0.3812
vn -0.8582 -0.0330 0.5122
vn -0.9232 0.0011 0.3843
vn -0.9450 0.0218 0.3262
vn 0.8706 0.0182 0.4916
vn 0.8881 0.0333 0.4585
vn 0.9063 0.0621 0.4180
vn 0.8524 0.0081 0.5228
vn 0.8587 0.0081 0.5124
vn -0.9052 0.0592 0.4208
vn -0.8854 0.0302 0.4638
vn -0.8669 0.0158 0.4982
vn -0.8667 0.0157 0.4986
vn -0.8522 0.0081 0.5232
vn -0.8191 0.0081 0.5735
vn -0.8587 -0.0000 0.5124
vn 0.8192 -0.0000 0.5736
vn 0.8858 -0.0000 0.4640
vn -0.8858 -0.0000 0.4640
vn 0.9871 -0.0000 0.1602
vn -0.9871 -0.0000 0.1602
vn 1.0000 -0.0000 -0.0000
vn -1.0000 -0.0000 -0.0000
vn 0.9885 -0.0000 -0.1515
vn -0.9885 -0.0000 -0.1515
vn 0.8975 -0.0030 -0.4411
vn 0.9740 0.0061 -0.2263
vn -0.9740 0.0061 -0.2263
vn -0.8977 -0.0030 -0.4406
vn 0.8975 -0.0030 -0.4409
vn -0.8975 -0.0030 -0.4409
vn 0.7241 -0.0000 -0.6897
vn 0.7744 0.0061 -0.6326
vn -0.7744 0.0061 -0.6326
vn -0.7241 -0.0000 -0.6897
vn 0.5666 -0.0083 -0.8239
vn 0.5568 -0.0080 -0.8306
vn 0.5469 -0.0224 -0.8369
vn 0.5468 -0.0225 -0.8370
vn 0.5802 -0.0031 -0.8145
vn 0.5803 -0.0031 -0.8144
vn 0.5928 -0.0000 -0.8053
vn -0.5932 -0.0000 -0.8051
vn -0.5838 -0.0021 -0.8119
vn -0.5839 -0.0021 -0.8118
vn -0.5724 -0.0058 -0.8199
vn -0.5569 -0.0142 -0.8304
vn -0.5567 -0.0144 -0.8306
vn 0.4669 0.0007 -0.8843
vn 0.4889 0.0025 -0.8723
vn -0.5091 0.0018 -0.8607
vn -0.4691 0.0149 -0.8830
vn 0.5017 0.5016 -0.7048
vn 0.6172 0.3519 -0.7038
vn 0.9907 -0.0000 0.1361
vn 0.9732 0.0167 0.2293
vn 0.9946 -0.0000 0.1037
vn -0.9907 0.0018 0.1361
vn -0.9848 0.0066 0.1734
vn -0.9991 -0.0000 0.0415
vn 0.9381 -0.0001 0.3464
vn 0.8910 0.0434 0.4520
vn 0.8912 0.0433 0.4514
vn 0.9250 0.0136 0.3797
vn 0.9500 0.0009 0.3122
vn 0.9501 0.0009 0.3121
vn 0.9615 -0.0000 0.2748
vn -0.9535 -0.0000 0.3013
vn -0.9381 -0.0012 0.3464
vn -0.9016 0.0334 0.4313
vn -0.9312 0.0098 0.3644
vn -0.9842 -0.0000 0.1768
vn 0.8702 -0.0000 0.4927
vn 0.8504 0.0149 0.5260
vn 0.8904 -0.0001 0.4553
vn -0.9001 -0.0014 0.4356
vn -0.8702 0.0077 0.4927
vn -0.8775 0.0050 0.4795
vn -0.9002 -0.0014 0.4355
vn 0.7259 -0.0000 0.6878
vn -0.8505 -0.0000 0.5260
vn -0.7259 -0.0000 0.6878
vn 0.6677 -0.0128 0.7444
vn 0.4684 0.0064 0.8835
vn -0.6677 -0.0128 0.7444
vn -0.4684 0.0064 0.8835
vn 0.4683 0.0064 0.8835
vn -0.4683 0.0064 0.8835
vn 0.1618 -0.0000 0.9868
vn 0.2412 -0.0128 0.9704
vn -0.1618 -0.0000 0.9868
vn -0.2412 -0.0128 0.9704
vn -0.0000 -0.0000 1.0000
vn -0.5867 0.3946 -0.7072
vn 0.4658 -0.0089 -0.8848
vn 0.4507 -0.0183 -0.8925
vn 0.4900 0.0008 -0.8717
vn -0.5115 -0.0017 -0.8593
vn -0.5116 -0.0018 -0.8592
vn -0.4738 -0.0036 -0.8807
vn -0.4655 -0.0110 -0.8850
vn 0.6172 0.3518 -0.7038
vn -0.5876 0.3943 -0.7066
vn -0.5040 0.5041 -0.7013
vn 0.4364 0.1431 -0.8883
vn 0.6118 0.4003 -0.6822
vn 0.4537 0.1427 -0.8797
vn -0.4594 0.1392 -0.8773
vn -0.4342 0.1434 -0.8893
vn -0.4346 0.1435 -0.8891
vn -0.5963 0.3700 -0.7124
vn -0.4595 0.1391 -0.8772
vn 0.4693 0.0167 -0.8829
vn 0.4444 0.0025 -0.8958
vn -0.4276 0.0018 -0.9040
vn -0.4658 -0.0109 -0.8848
vn 0.3964 -0.0119 -0.9180
vn -0.4258 0.0083 -0.9048
vn -0.3876 -0.0312 -0.9213
vn 0.7656 0.6337 -0.1107
vn -0.7579 0.6524 0.0001
vn 0.7497 0.4535 -0.4820
vn 0.8122 0.5543 -0.1819
vn 0.7741 0.4519 -0.4435
vn 0.7720 0.4524 -0.4465
vn -0.7489 0.4526 -0.4841
vn -0.7830 0.4402 -0.4396
vn -0.7507 0.4522 -0.4816
vn -0.8123 0.5547 -0.1801
vn -0.6192 0.3235 -0.7155
vn 0.4307 0.0666 -0.9000
vn 0.3965 -0.0119 -0.9180
vn -0.3874 -0.0316 -0.9214
vn 0.7723 0.4488 -0.4496
vn 0.7722 0.4487 -0.4498
vn 0.6072 0.3143 -0.7297
vn 0.6072 0.3144 -0.7297
vn -0.5948 0.3387 -0.7290
vn -0.5948 0.3383 -0.7292
vn -0.7538 0.4037 -0.5185
vn -0.1470 -0.9891 0.0029
vn 0.2019 -0.9794 -0.0064
vn 0.1237 -0.9910 -0.0504
vn -0.1570 -0.9873 -0.0233
vn -0.0885 -0.9928 -0.0802
vn 0.1461 -0.9892 0.0103
vn -0.1471 -0.9891 0.0029
vn -0.3502 -0.9349 -0.0582
vn -0.3504 -0.9348 -0.0583
vn -0.4584 -0.8754 -0.1536
vn -0.2964 -0.9551 -0.0027
vn -0.0000 -0.0000 -1.0000
vn 0.3159 -0.9486 0.0202
vn 0.3996 -0.8939 -0.2031
vn 0.3250 -0.9430 -0.0720
vn 0.3249 -0.9430 -0.0719
vn 0.3248 -0.9431 -0.0718
vn 0.1467 -0.9891 0.0103
vn -0.2644 -0.9644 0.0001
vn 0.8690 0.4816 -0.1134
vn -0.7070 0.7072 0.0001
vn -0.7578 0.6525 -0.0000
vn -0.7614 0.6064 -0.2291
vn 0.8683 0.4961 -0.0000
vn 0.8690 0.4817 -0.1134
vn 0.9410 0.3381 0.0156
vn 0.7060 0.7061 -0.0548
vn -0.9066 0.4220 -0.0000
vn -0.8688 0.4951 0.0123
vn -0.8698 0.4795 -0.1163
vn 0.9066 0.4220 0.0005
vn 0.5925 0.2758 -0.7569
vn -0.5532 0.2246 -0.8022
vn -0.6758 0.3146 -0.6666
vn 0.3513 -0.9363 0.0036
vn -0.5948 -0.8039 0.0001
vn -0.3414 -0.9211 -0.1872
vn -0.5141 -0.8552 -0.0657
vn -0.8686 0.4954 0.0124
vn -0.8697 0.4935 -0.0078
vn -0.8848 0.4526 -0.1106
vn -0.8250 0.5188 -0.2239
vn -0.8691 0.4867 -0.0887
vn 0.8683 0.4960 -0.0000
vn 0.8593 0.4980 -0.1168
vn 0.8701 0.4886 -0.0650
vn 0.6500 -0.7599 -0.0075
vn 0.3511 -0.9363 0.0037
vn 0.5946 -0.8031 -0.0376
vn 0.8668 0.4305 -0.2515
vn 0.7752 0.4171 -0.4744
vn 0.8667 0.4304 -0.2520
vn -0.8589 0.4132 -0.3026
vn -0.7512 0.4488 -0.4841
vn -0.7510 0.4493 -0.4840
vn -0.5776 -0.8163 0.0044
vn -0.6491 -0.7603 -0.0269
vn -0.5778 -0.8162 0.0045
vn -0.6489 -0.7604 -0.0269
vn -0.6451 -0.7638 -0.0233
vn -0.6280 -0.7782 -0.0000
vn -0.5779 -0.8161 0.0044
vn 0.6176 -0.7849 -0.0489
vn 0.6178 -0.7848 -0.0488
vn 0.5645 -0.8252 0.0209
vn 0.5644 -0.8253 0.0208
vn -0.6821 -0.7312 0.0003
vn -0.6820 -0.7313 0.0003
vn 0.5945 -0.8032 -0.0376
vn -0.7217 -0.6920 0.0143
vn -0.6938 -0.7202 -0.0016
vn 0.7153 -0.6987 -0.0130
vn 0.7284 -0.6851 0.0026
vn -0.6934 -0.7205 -0.0018
vn 0.7284 -0.6851 0.0027
vn 0.7245 -0.6891 0.0159
vn -0.6815 -0.7318 -0.0050
vn 0.6814 0.2266 -0.6959
vn -0.7172 -0.6969 0.0009
vn 0.7296 -0.6838 -0.0069
vn 0.7681 -0.6403 0.0036
vn -0.7224 -0.6914 0.0001
vn 0.7379 -0.6749 0.0078
vn -0.7093 0.7049 -0.0002
vn -0.7263 0.6874 -0.0000
vn -0.9411 0.3381 -0.0000
vn -0.9412 0.3379 0.0005
vn 0.7297 -0.6837 -0.0069
vn -0.7223 -0.6916 0.0001
vn 0.7954 -0.6061 0.0017
vn -0.7964 -0.6047 -0.0009
vn -1.0000 0.0001 0.0001
vn -0.9019 -0.4291 0.0486
vn -0.7966 -0.6045 -0.0009
vn -0.8199 -0.5725 -0.0001
vn -0.8785 -0.4776 -0.0109
vn -0.7990 -0.6013 -0.0001
vn 0.7967 -0.6044 -0.0020
vn 0.7967 -0.6043 -0.0020
vn -0.8984 -0.4392 0.0003
vn -0.7209 -0.6761 -0.1520
vn -0.8474 -0.5281 -0.0539
vn 0.8795 -0.4759 -0.0039
vn 0.8498 -0.5271 0.0001
vn 0.8748 -0.4844 0.0044
vn 0.7679 -0.6405 0.0036
vn 0.9362 -0.3514 -0.0079
vn 0.9084 -0.4169 -0.0327
vn 0.8722 -0.4892 0.0001
vn -0.8723 -0.4890 -0.0001
vn 0.8868 -0.4617 -0.0178
vn 0.9256 -0.3784 0.0047
vn -0.8870 -0.4615 0.0177
vn -0.9256 -0.3785 -0.0047
vn -0.9400 -0.3412 -0.0026
vn -0.6757 0.3150 -0.6665
vn -0.7183 0.1876 -0.6700
vn -1.0000 0.0002 0.0001
vn 0.6609 0.3075 -0.6845
vn 0.6893 0.2244 -0.6889
vn -0.9911 0.1331 -0.0003
vn -0.9065 0.4221 0.0005
vn 0.9911 0.1331 0.0005
vn 0.9060 0.4217 -0.0369
vn -0.9368 -0.3498 -0.0008
vn 0.9369 -0.3496 0.0008
vn 0.9915 0.1300 -0.0000
vn 0.2013 0.0264 -0.9792
vn 0.6762 0.1071 -0.7289
vn -0.5955 0.0781 -0.7995
vn -0.9915 0.1300 -0.0000
vn 0.9453 -0.3262 0.0012
vn -0.9455 -0.3257 -0.0012
vn 1.0000 -0.0001 -0.0000
vn -1.0000 -0.0002 -0.0000
vn 0.9800 -0.1988 0.0014
vn -0.8918 -0.0005 -0.4524
vn -0.9854 -0.1704 0.0009
vn 0.8918 -0.0005 0.4524
vn 0.9854 -0.1703 -0.0009
vn -0.9884 -0.1519 0.0015
vn -0.9866 -0.1631 -0.0000
vn 0.9883 -0.1526 -0.0014
vn 0.9866 -0.1633 -0.0001
vn -0.9929 -0.1191 0.0021
vn -0.9993 0.0245 -0.0267
vn -0.9929 -0.1193 0.0021
vn 0.9996 0.0298 -0.0018
vn 0.9800 -0.1990 0.0014
vn 0.9895 0.1447 0.0014
vn 0.8943 0.4340 -0.1091
vn 0.9670 0.2514 -0.0419
vn -0.8638 0.0012 -0.5039
vn 0.8609 0.0015 0.5088
vn 0.5908 0.0008 -0.8068
vn 1.0000 0.0044 -0.0001
vn 0.9999 -0.0132 0.0022
vn -0.8635 0.0014 -0.5043
vn -1.0000 0.0044 0.0001
vn -0.9999 -0.0134 -0.0022
vn 0.8889 0.0004 -0.4580
vn 0.9999 0.0122 0.0009
vn -0.8887 0.0003 0.4584
vn -0.9999 0.0124 -0.0009
vn 1.0000 0.0003 0.0001
vn 0.8680 -0.0022 -0.4966
vn -0.8654 -0.0026 0.5010
vn -0.9927 0.1209 -0.0025
vn -0.5867 0.0027 -0.8098
vn -0.8764 -0.0106 -0.4815
vn -0.9863 0.1652 0.0016
vn 0.8743 -0.0124 0.4852
vn 0.9862 0.1654 -0.0016
vn 0.9470 0.3209 0.0154
vn 0.9787 0.2052 -0.0008
vn 0.9737 0.2277 -0.0038
vn -0.9469 0.3210 -0.0153
vn -0.9786 0.2060 0.0009
vn -0.9737 0.2280 0.0037
vn 0.8787 -0.0136 -0.4772
vn -0.8765 -0.0157 0.4811
vn 0.5816 0.0059 -0.8135
vn 0.2225 -0.0000 0.9749
vn -0.2225 -0.0000 0.9749
vn -0.0000 -1.0000 -0.0000
vn -0.6235 -0.0000 0.7818
vn 0.6235 -0.0000 0.7818
vn -0.9010 -0.0000 0.4339
vn 0.9010 -0.0000 0.4339
vn -0.9010 -0.0000 -0.4339
vn 0.9010 -0.0000 -0.4339
vn -0.6235 -0.0000 -0.7818
vn 0.6235 -0.0000 -0.7818
vn -0.2225 -0.0000 -0.9749
vn 0.2225 -0.0000 -0.9749
vn -0.9333 0.3591 0.0020
vn -0.5774 0.0095 -0.8164
vn 0.8847 -0.0328 0.4649
vn -0.8869 -0.0291 -0.4610
vn -0.9332 0.3595 0.0020
vn -0.5773 0.0096 -0.8165
vn -0.8711 0.4901 -0.0310
vn -0.8758 0.4827 -0.0037
vn 0.8900 -0.0376 -0.4544
vn 0.9284 0.3716 0.0003
vn -0.8878 -0.0421 0.4582
vn -0.9281 0.3723 -0.0003
vn 0.8901 -0.0378 -0.4543
vn 0.9081 0.4188 0.0003
vn 0.9308 0.3654 -0.0079
vn -0.8879 -0.0423 0.4581
vn -0.9076 0.4199 -0.0003
vn -0.9298 0.3679 0.0055
vn 0.8847 -0.0327 0.4649
vn 0.9461 0.3237 0.0108
vn -0.9469 0.3211 -0.0154
vn 0.5725 0.0170 -0.8197
vn 0.8842 0.4671 0.0014
vn 0.5727 0.0167 -0.8196
vn 0.7905 0.6119 -0.0247
vn 0.7965 0.6047 -0.0000
vn 0.6717 0.7215 -0.1681
vn 0.8424 0.5389 -0.0000
vn -0.8983 -0.0843 -0.4313
vn -0.8720 0.4894 0.0035
vn 0.8956 -0.0909 0.4354
vn 0.8726 0.4885 -0.0024
vn 0.8989 -0.1062 -0.4252
vn 0.8546 0.5192 0.0028
vn -0.8960 -0.1145 0.4291
vn -0.8549 0.5187 -0.0019
vn -0.8168 0.5769 -0.0000
vn -0.5674 0.0307 -0.8229
vn -0.8076 -0.5857 -0.0689
vn -0.8422 -0.5392 -0.0051
vn -0.8692 -0.4944 -0.0000
vn -0.8158 0.5779 -0.0237
vn 0.9938 -0.0000 -0.1115
vn 0.9927 0.0001 -0.1204
vn -0.9941 -0.0000 -0.1084
vn -0.9928 -0.0002 -0.1201
vn -0.9350 0.0002 -0.3546
vn 0.7903 0.6126 0.0043
vn 0.7902 0.6128 0.0043
vn 0.8037 0.5950 -0.0000
vn 0.7884 0.6150 -0.0083
vn 0.7884 0.6151 -0.0083
vn -0.7924 0.6099 -0.0060
vn -0.7923 0.6101 -0.0060
vn -0.7854 0.6190 0.0058
vn -0.8054 0.5927 0.0011
vn -0.8156 0.5782 -0.0229
vn 0.9324 -0.0002 -0.3615
vn 0.9251 -0.0000 -0.3798
vn -0.8155 0.5782 -0.0229
vn 0.9324 -0.0000 -0.3613
vn 0.7751 0.0038 -0.6318
vn 0.9260 -0.0045 -0.3776
vn -0.9251 -0.0000 -0.3798
vn -0.9361 -0.0054 -0.3518
vn -0.7519 0.0045 -0.6592
vn -0.9250 -0.0000 -0.3799
vn 0.5672 0.0402 -0.8226
vn -0.8822 -0.2642 -0.3898
vn 0.8770 -0.2763 0.3931
vn 0.8867 -0.2304 -0.4008
vn 0.9596 0.0844 -0.2685
vn -0.8881 -0.2021 0.4128
vn -0.9592 0.0702 0.2738
vn -0.8015 -0.0009 -0.5981
vn -0.7530 0.6579 0.0131
vn 0.7496 0.0002 -0.6619
vn 0.9038 0.0813 0.4201
vn 0.9584 0.0819 0.2736
vn -0.7781 0.6282 -0.0000
vn -0.9071 0.0950 -0.4101
vn -0.9586 0.0956 -0.2682
vn -0.5574 0.8301 0.0126
vn -0.6441 0.7458 -0.1699
vn 0.7497 0.0002 -0.6618
vn -0.7369 0.6760 -0.0000
vn -0.0001 -0.0000 -1.0000
vn -0.5546 0.8321 -0.0000
vn 0.6556 0.7540 -0.0407
vn -0.7492 -0.0012 -0.6623
vn -0.5993 -0.0010 -0.8005
vn 0.6556 0.7540 -0.0409
vn -0.5992 -0.0010 -0.8006
vn -0.6441 0.7458 -0.1698
vn 0.5310 0.0022 -0.8473
vn 0.7736 0.0004 -0.6337
vn 0.7737 0.0004 -0.6335
vn 0.7529 -0.0066 -0.6581
vn -0.5788 0.8119 -0.0761
vn 0.4619 0.0011 -0.8869
vn 0.4052 0.9142 -0.0000
vn 0.5347 0.8444 0.0341
vn -0.3058 -0.0037 -0.9521
vn -0.7515 0.0038 -0.6597
vn 0.5347 0.8444 0.0340
vn -0.3032 0.0006 -0.9529
vn -0.4624 -0.0002 -0.8867
vn 0.3558 0.9158 -0.1865
vn 0.3982 0.9087 -0.1254
vn 0.5344 0.8445 0.0342
vn 0.1762 0.9844 -0.0000
vn -0.0647 0.9979 0.0064
vn -0.2303 0.9731 -0.0007
vn -0.0130 0.9999 -0.0000
vn -0.0131 0.9999 0.0011
vn -0.0059 1.0000 0.0007
vn 0.1758 0.9844 -0.0000
vn 0.0130 0.9999 -0.0064
vn 0.0129 0.9999 0.0009
vn 0.0059 1.0000 0.0014
vn 0.1516 0.9883 0.0133
vn 0.0063 1.0000 0.0015
vn -0.3541 0.9304 0.0950
vn -0.0042 1.0000 0.0015
vn 0.0090 0.9999 0.0043
vn 0.0091 0.9999 0.0043
vn 0.0170 0.9998 0.0046
vn -0.0042 1.0000 0.0017
vn -0.0086 1.0000 0.0030
vn 0.0092 0.9999 0.0044
vn -0.0141 0.9999 0.0073
vn -0.0041 1.0000 0.0026
vn 0.0067 1.0000 0.0031
vn 0.0067 1.0000 0.0032
vn 0.0037 1.0000 0.0029
vn 0.0334 0.9992 0.0234
vn -0.0313 0.9993 0.0219
vn -0.0053 1.0000 0.0053
vn -0.0050 1.0000 0.0050
vn -0.0061 1.0000 0.0060
vn 0.0115 0.9999 0.0105
vn 0.0091 0.9999 0.0090
vn 0.0098 0.9999 0.0107
vn 0.0029 1.0000 0.0037
vn -0.0060 1.0000 0.0059
vn -0.0132 0.9997 0.0189
vn -0.0028 1.0000 0.0043
vn 0.0323 0.9984 0.0462
vn 0.0030 1.0000 0.0061
vn 0.0031 1.0000 0.0064
vn -0.0083 0.9998 0.0159
vn -0.0025 1.0000 0.0067
vn -0.0017 1.0000 0.0046
vn -0.0018 1.0000 0.0042
vn 0.0062 0.9999 0.0134
vn 0.0029 0.9999 0.0114
vn -0.0008 1.0000 0.0052
vn -0.0031 0.9999 0.0141
vn -0.0036 0.9999 0.0114
vn -0.0010 1.0000 0.0068
vn -0.0006 1.0000 0.0048
vn 0.0020 1.0000 0.0076
vn 0.0020 1.0000 0.0079
vn 0.0027 0.9995 0.0308
vn 0.0003 1.0000 0.0061
vn -0.0008 0.9998 0.0189
vn -0.2302 0.9729 0.0201
vn 0.2303 0.9731 0.0015
vn 0.2302 0.9729 0.0201
vn 0.2303 0.9729 0.0201
vn 0.2232 0.9729 0.0598
vn 0.2233 0.9729 0.0598
vn -0.2303 0.9729 0.0201
vn -0.2233 0.9729 0.0598
vn 0.2095 0.9729 0.0977
vn -0.2232 0.9729 0.0598
vn -0.2130 0.9731 0.0879
vn -0.2424 0.9620 0.1258
vn 0.1893 0.9729 0.1326
vn -0.1893 0.9729 0.1326
vn -0.2095 0.9729 0.0977
vn 0.1701 0.9731 0.1556
vn -0.1634 0.9729 0.1634
vn 0.1771 0.9681 0.1771
vn 0.1558 0.9731 0.1698
vn 0.1325 0.9729 0.1893
vn 0.1326 0.9729 0.1893
vn -0.1326 0.9729 0.1893
vn 0.0977 0.9729 0.2095
vn -0.1065 0.9731 0.2044
vn -0.1050 0.9617 0.2532
vn 0.0598 0.9729 0.2232
vn -0.0694 0.9731 0.2198
vn -0.0977 0.9729 0.2095
vn -0.0594 0.9617 0.2677
vn 0.0201 0.9729 0.2302
vn -0.0301 0.9731 0.2285
vn -0.0598 0.9729 0.2232
vn -0.0120 0.9616 0.2742
vn -0.0201 0.9729 0.2302
vn -0.2759 0.9612 0.0003
vn -0.3028 0.0013 -0.9530
vn -0.4629 0.0005 -0.8864
vn 0.4626 0.0001 -0.8866
vn 0.2286 0.0001 -0.9735
vn -0.4492 0.8934 -0.0094
vn 0.1483 0.0006 -0.9889
vn 0.2277 -0.0010 -0.9737
vn 0.1789 0.9839 0.0015
vn 0.5154 0.8570 0.0034
vn 0.2303 0.9731 0.0016
vn 0.6160 0.7878 -0.0024
vn -0.2757 0.9612 0.0003
vn -0.2303 0.9731 0.0003
vn -0.2752 0.9614 -0.0002
vn -0.6160 0.7878 0.0003
vn -0.6151 0.7866 0.0538
vn 0.6151 0.7866 0.0538
vn 0.5964 0.7866 0.1598
vn -0.5964 0.7866 0.1598
vn 0.5597 0.7866 0.2610
vn 0.5596 0.7866 0.2610
vn -0.5596 0.7866 0.2609
vn 0.5058 0.7866 0.3542
vn -0.5596 0.7866 0.2610
vn -0.5058 0.7866 0.3542
vn 0.4367 0.7865 0.4366
vn 0.4366 0.7866 0.4366
vn -0.4366 0.7866 0.4366
vn 0.3542 0.7866 0.5058
vn 0.3542 0.7865 0.5059
vn -0.4367 0.7865 0.4367
vn -0.3542 0.7865 0.5059
vn 0.2609 0.7866 0.5596
vn 0.2610 0.7866 0.5596
vn -0.2610 0.7866 0.5597
vn -0.3542 0.7866 0.5058
vn 0.1598 0.7866 0.5965
vn 0.1598 0.7866 0.5964
vn -0.2610 0.7866 0.5596
vn -0.1598 0.7866 0.5964
vn 0.0538 0.7866 0.6151
vn 0.0538 0.7866 0.6152
vn -0.0538 0.7866 0.6152
vn -0.1598 0.7866 0.5965
vn -0.0538 0.7866 0.6151
vn -0.5756 0.8177 0.0021
vn -0.0643 -0.0000 -0.9979
vn -0.1482 -0.0009 -0.9890
vn -0.3539 0.9353 -0.0000
vn 0.0287 -0.0000 -0.9996
vn 0.2548 0.9670 -0.0000
vn -0.1084 0.9941 -0.0000
vn -0.0870 0.9962 -0.0000
vn 0.7675 0.6410 0.0008
vn -0.8043 0.5942 0.0015
vn -0.6162 0.7876 0.0016
vn -0.8951 0.4458 -0.0031
vn -0.8074 0.5899 0.0042
vn 0.7677 0.6409 0.0008
vn -0.6153 0.7864 0.0538
vn 0.6158 0.7878 -0.0113
vn 0.9190 0.3941 0.0081
vn 0.8799 0.4752 0.0056
vn 0.6153 0.7864 0.0538
vn -0.8925 0.4442 0.0781
vn 0.9868 0.1614 0.0106
vn 0.8951 0.4458 0.0016
vn 0.8925 0.4442 0.0781
vn 0.8924 0.4445 0.0781
vn 0.8653 0.4444 0.2319
vn 0.8653 0.4445 0.2319
vn -0.8924 0.4445 0.0781
vn -0.8654 0.4442 0.2319
vn 0.8119 0.4444 0.3786
vn -0.8653 0.4444 0.2319
vn -0.8119 0.4444 0.3786
vn 0.7338 0.4445 0.5138
vn 0.7338 0.4444 0.5138
vn -0.7338 0.4444 0.5138
vn 0.6334 0.4445 0.6334
vn -0.7338 0.4445 0.5138
vn -0.6334 0.4445 0.6334
vn 0.5138 0.4445 0.7338
vn -0.5138 0.4445 0.7338
vn 0.3786 0.4444 0.8119
vn 0.3786 0.4445 0.8119
vn -0.3786 0.4445 0.8118
vn 0.2318 0.4445 0.8653
vn 0.2319 0.4444 0.8653
vn -0.3786 0.4444 0.8119
vn -0.2319 0.4444 0.8653
vn 0.0781 0.4445 0.8924
vn -0.0781 0.4445 0.8924
vn -0.2319 0.4440 0.8655
vn -0.9527 0.3040 0.0005
vn 0.9833 0.1818 -0.0013
vn 0.8952 0.4456 0.0016
vn -0.9518 0.3068 -0.0011
vn -0.8952 0.4456 0.0005
vn -0.8925 0.4443 0.0781
vn 0.8925 0.4443 0.0781
vn -0.9927 0.1204 0.0006
vn -0.9890 0.1199 0.0865
vn 0.9927 0.1204 -0.0000
vn 0.9890 0.1199 0.0865
vn 0.9890 0.1200 0.0865
vn 0.9589 0.1200 0.2570
vn 0.9590 0.1199 0.2570
vn -0.9890 0.1200 0.0865
vn -0.9589 0.1200 0.2570
vn -0.9589 0.1203 0.2569
vn 0.8998 0.1200 0.4196
vn 0.8997 0.1201 0.4196
vn -0.8997 0.1201 0.4196
vn 0.8998 0.1202 0.4195
vn 0.8132 0.1202 0.5694
vn 0.8132 0.1201 0.5694
vn -0.8132 0.1201 0.5694
vn -0.8998 0.1200 0.4196
vn -0.8998 0.1202 0.4195
vn 0.7020 0.1204 0.7020
vn 0.7020 0.1201 0.7020
vn 0.7021 0.1199 0.7019
vn -0.8132 0.1199 0.5695
vn -0.7020 0.1201 0.7020
vn -0.7021 0.1199 0.7019
vn 0.5695 0.1199 0.8132
vn 0.5694 0.1200 0.8132
vn -0.7020 0.1199 0.7020
vn -0.5695 0.1199 0.8132
vn -0.5694 0.1200 0.8132
vn 0.4196 0.1200 0.8998
vn 0.4195 0.1202 0.8998
vn 0.5694 0.1203 0.8132
vn -0.5694 0.1199 0.8132
vn -0.4196 0.1200 0.8998
vn -0.4195 0.1202 0.8998
vn 0.2570 0.1200 0.9589
vn 0.4194 0.1201 0.8998
vn 0.2570 0.1201 0.9589
vn -0.4194 0.1201 0.8998
vn -0.2570 0.1201 0.9589
vn 0.0865 0.1199 0.9890
vn 0.0865 0.1200 0.9890
vn -0.2569 0.1203 0.9589
vn -0.0865 0.1200 0.9890
vn -0.0865 0.1199 0.9890
vn -0.9974 0.0718 -0.0000
vn 1.0000 0.0002 -0.0002
vn -0.9962 -0.0000 0.0871
vn 0.9962 -0.0000 0.0871
vn 0.9659 -0.0000 0.2588
vn -0.9659 -0.0000 0.2588
vn 0.9063 -0.0000 0.4226
vn -0.9063 -0.0000 0.4226
vn 0.8191 -0.0000 0.5736
vn -0.8191 -0.0000 0.5736
vn 0.7072 -0.0000 0.7070
vn -0.7072 -0.0000 0.7070
vn 0.7071 -0.0000 0.7071
vn -0.7071 -0.0000 0.7071
vn 0.5736 -0.0000 0.8191
vn -0.5736 -0.0000 0.8191
vn 0.5736 -0.0000 0.8192
vn -0.5736 -0.0000 0.8192
vn 0.4226 -0.0000 0.9063
vn -0.4226 -0.0000 0.9063
vn 0.4225 -0.0000 0.9064
vn 0.4224 -0.0000 0.9064
vn -0.4227 -0.0000 0.9063
vn 0.2588 -0.0000 0.9659
vn -0.4225 -0.0000 0.9064
vn -0.2588 -0.0000 0.9659
vn 0.0871 -0.0000 0.9962
vn -0.0871 -0.0000 0.9962
vn 0.0872 -0.0000 0.9962
vn -0.0872 -0.0000 0.9962
vn 0.4052 -0.9142 -0.0000
vn -0.0870 -0.9962 -0.0000
vn 0.0870 -0.9962 -0.0000
vn -0.4052 -0.9142 -0.0000
vn -0.3539 -0.9353 -0.0000
vn 0.3539 -0.9353 -0.0000
vn -0.3898 -0.9209 -0.0035
vn -0.4860 -0.8737 -0.0199
vn -0.4862 -0.8736 -0.0200
vn -0.5987 -0.7948 -0.0992
vn -0.6465 -0.7418 -0.1784
vn -0.5574 -0.8301 -0.0138
vn 0.5788 -0.8119 -0.0761
vn 0.4492 -0.8934 -0.0094
vn 0.5574 -0.8301 0.0126
vn 0.6441 -0.7458 -0.1699
vn 0.6441 -0.7458 -0.1698
vn 1.0000 -0.0002 0.0001
vn 0.9919 -0.0000 0.1270
vn 0.9837 -0.1796 -0.0000
vn -1.0000 -0.0003 -0.0000
vn -1.0000 0.0001 -0.0000
vn -0.9847 -0.1741 -0.0000
vn -0.9924 -0.0000 0.1231
vn -0.9712 -0.2228 0.0850
vn -0.9747 -0.2236 0.0019
vn 0.9747 -0.2236 0.0017
vn 0.9712 -0.2228 0.0850
vn 0.9416 -0.2229 0.2523
vn 0.9711 -0.2229 0.0850
vn -0.9711 -0.2229 0.0850
vn -0.9416 -0.2229 0.2523
vn 0.8835 -0.2229 0.4120
vn 0.8835 -0.2227 0.4120
vn -0.8835 -0.2229 0.4120
vn 0.8836 -0.2228 0.4119
vn -0.8836 -0.2228 0.4119
vn -0.8835 -0.2228 0.4120
vn 0.7986 -0.2228 0.5592
vn 0.7986 -0.2227 0.5592
vn -0.7985 -0.2228 0.5592
vn 0.6892 -0.2229 0.6894
vn -0.6895 -0.2227 0.6892
vn -0.7986 -0.2227 0.5592
vn 0.6893 -0.2228 0.6893
vn 0.6893 -0.2228 0.6894
vn -0.6893 -0.2228 0.6894
vn -0.6893 -0.2228 0.6893
vn 0.5592 -0.2228 0.7986
vn 0.5592 -0.2229 0.7985
vn -0.5592 -0.2228 0.7985
vn -0.5592 -0.2228 0.7986
vn 0.4120 -0.2228 0.8835
vn -0.4120 -0.2228 0.8835
vn 0.4120 -0.2229 0.8835
vn 0.4118 -0.2229 0.8836
vn -0.4118 -0.2229 0.8836
vn -0.4120 -0.2229 0.8835
vn 0.2523 -0.2229 0.9416
vn -0.2523 -0.2229 0.9416
vn 0.0849 -0.2229 0.9711
vn -0.0849 -0.2229 0.9711
vn 0.0850 -0.2228 0.9711
vn -0.0850 -0.2228 0.9711
vn 0.7965 -0.6047 -0.0000
vn -0.7965 -0.6047 -0.0000
vn -0.7639 -0.6453 0.0101
vn -0.8157 -0.5780 -0.0237
vn -0.8166 -0.5766 -0.0250
vn -0.7638 -0.6454 0.0101
vn 0.8157 -0.5780 -0.0234
vn 0.8156 -0.5782 -0.0229
vn 0.8155 -0.5782 -0.0229
vn 0.7530 -0.6579 0.0131
vn -0.9711 -0.2231 0.0850
vn -0.9746 -0.2239 0.0018
vn -0.9384 -0.3456 0.0019
vn -0.9383 -0.3457 0.0019
vn 0.9842 -0.1772 0.0017
vn 0.9746 -0.2239 0.0018
vn -0.9712 -0.0153 0.2379
vn 0.9919 -0.0000 0.1268
vn -0.9711 -0.0153 0.2381
vn 0.9607 -0.0000 0.2774
vn 0.8727 -0.4883 -0.0010
vn -0.9640 -0.0000 0.2659
vn -0.9008 -0.4342 -0.0004
vn -0.9919 -0.0000 0.1270
vn -0.7783 -0.6242 0.0681
vn -0.7801 -0.6256 0.0018
vn 0.6795 -0.7336 0.0064
vn 0.7801 -0.6256 0.0005
vn 0.7783 -0.6242 0.0681
vn 0.7546 -0.6242 0.2022
vn -0.7546 -0.6242 0.2022
vn 0.7080 -0.6243 0.3301
vn 0.7081 -0.6242 0.3302
vn -0.7081 -0.6242 0.3302
vn 0.6399 -0.6243 0.4481
vn 0.6400 -0.6242 0.4481
vn -0.6399 -0.6243 0.4481
vn -0.7080 -0.6243 0.3302
vn 0.5524 -0.6242 0.5524
vn -0.6400 -0.6242 0.4481
vn -0.5524 -0.6242 0.5524
vn 0.4481 -0.6242 0.6400
vn 0.4481 -0.6243 0.6399
vn -0.4481 -0.6242 0.6400
vn 0.3302 -0.6243 0.7080
vn 0.3302 -0.6242 0.7080
vn -0.4481 -0.6243 0.6399
vn -0.3301 -0.6243 0.7080
vn 0.2022 -0.6242 0.7546
vn 0.2022 -0.6242 0.7547
vn -0.2022 -0.6242 0.7546
vn -0.3302 -0.6242 0.7080
vn 0.0681 -0.6242 0.7783
vn 0.0681 -0.6243 0.7782
vn -0.0681 -0.6242 0.7783
vn -0.0681 -0.6243 0.7782
vn -0.9505 -0.0037 0.3107
vn -0.7689 -0.6393 0.0013
vn -0.8205 -0.5713 -0.0204
vn 0.9411 -0.0094 0.3381
vn -0.7780 -0.6245 0.0680
vn -0.7798 -0.6260 0.0013
vn 0.7800 -0.6257 0.0005
vn 0.7780 -0.6245 0.0680
vn 0.9411 -0.0094 0.3380
vn 0.6675 -0.7446 -0.0018
vn -0.9505 -0.0037 0.3108
vn -0.7685 -0.6398 0.0010
vn -0.9259 -0.0235 0.3771
vn -0.5100 -0.8602 -0.0009
vn -0.4348 -0.8997 0.0380
vn -0.4347 -0.9006 0.0027
vn 0.4351 -0.9004 0.0005
vn 0.3715 -0.9284 0.0034
vn 0.4348 -0.8997 0.0380
vn 0.4346 -0.8998 0.0381
vn 0.4214 -0.8998 0.1129
vn -0.4346 -0.8998 0.0381
vn -0.4214 -0.8998 0.1129
vn 0.3954 -0.8998 0.1844
vn -0.3954 -0.8998 0.1844
vn 0.3574 -0.8998 0.2503
vn 0.3574 -0.8998 0.2502
vn -0.3574 -0.8998 0.2503
vn 0.3085 -0.8998 0.3085
vn -0.3085 -0.8998 0.3085
vn -0.3574 -0.8998 0.2502
vn 0.2502 -0.8998 0.3574
vn 0.2503 -0.8998 0.3574
vn -0.2502 -0.8998 0.3574
vn 0.1844 -0.8998 0.3955
vn 0.1844 -0.8998 0.3954
vn -0.2503 -0.8998 0.3574
vn -0.1844 -0.8998 0.3954
vn 0.1129 -0.8998 0.4214
vn -0.1129 -0.8998 0.4214
vn 0.0380 -0.8998 0.4346
vn 0.0380 -0.8998 0.4347
vn -0.0380 -0.8998 0.4346
vn -0.0380 -0.8998 0.4347
vn 0.9461 -0.0034 0.3238
vn 0.9092 0.0017 0.4164
vn 0.9517 -0.3071 -0.0000
vn -0.9895 -0.1447 -0.0000
vn -0.9389 -0.3029 -0.1635
vn 0.9879 -0.1445 -0.0564
vn -0.4343 -0.9000 0.0380
vn -0.4349 -0.9005 0.0027
vn -0.1806 -0.9835 0.0025
vn 0.4351 -0.9004 -0.0012
vn 0.3660 -0.9306 0.0005
vn 0.3657 -0.9307 0.0005
vn 0.4343 -0.9000 0.0380
vn 0.8870 -0.0027 0.4618
vn 0.9096 -0.0045 0.4154
vn -0.8904 -0.0047 0.4552
vn -0.9461 0.0079 0.3238
vn -0.8870 -0.0053 0.4618
vn -0.8905 -0.0056 0.4549
vn -0.1714 -0.9852 -0.0020
vn -0.8906 -0.0056 0.4548
vn -0.1756 -0.9845 -0.0000
vn -0.1150 -0.9934 -0.0025
vn -0.1150 -0.9933 0.0101
vn 0.1150 -0.9934 -0.0000
vn 0.0945 -0.9955 0.0007
vn 0.1147 -0.9934 0.0100
vn 0.1150 -0.9933 0.0101
vn 0.1115 -0.9933 0.0299
vn -0.1146 -0.9934 0.0100
vn -0.1112 -0.9934 0.0298
vn 0.1043 -0.9934 0.0486
vn 0.1046 -0.9933 0.0488
vn -0.1046 -0.9933 0.0488
vn -0.1115 -0.9933 0.0299
vn 0.0943 -0.9934 0.0660
vn 0.0945 -0.9933 0.0662
vn -0.0945 -0.9933 0.0662
vn -0.1043 -0.9934 0.0486
vn 0.0814 -0.9934 0.0814
vn 0.0816 -0.9933 0.0816
vn -0.0816 -0.9933 0.0816
vn 0.0662 -0.9933 0.0945
vn -0.0662 -0.9933 0.0945
vn 0.0486 -0.9934 0.1043
vn 0.0488 -0.9933 0.1046
vn -0.0488 -0.9933 0.1046
vn 0.0299 -0.9933 0.1115
vn -0.0486 -0.9934 0.1043
vn -0.0299 -0.9933 0.1115
vn 0.0101 -0.9933 0.1150
vn -0.0298 -0.9934 0.1112
vn -0.0100 -0.9934 0.1146
vn -0.0101 -0.9933 0.1150
vn 0.8870 -0.0087 0.4617
vn 0.8818 -0.0058 0.4715
vn 0.8079 0.0131 0.5892
vn 0.8317 -0.0069 0.5552
vn -0.8317 0.0075 0.5552
vn -0.8870 -0.0073 0.4617
vn 0.8079 -0.0069 0.5893
vn 0.7246 0.0095 0.6891
vn -0.7246 0.0095 0.6891
vn -0.8079 -0.0069 0.5893
vn -0.8079 -0.0069 0.5892
vn 0.7107 -0.0000 0.7035
vn 0.5112 -0.0000 0.8595
vn -0.5112 -0.0000 0.8595
vn -0.7107 -0.0000 0.7035
vn 0.1779 -0.0000 0.9840
vn -0.1779 -0.0000 0.9840
vn -0.1951 0.0215 -0.9806
vn 0.1951 0.0215 -0.9806
vn -0.0000 -0.0123 -0.9999
vn 0.5556 0.0076 -0.8314
vn 0.2817 -0.0054 -0.9595
vn 0.2818 -0.0054 -0.9595
vn -0.5555 0.0138 -0.8314
vn -0.5406 0.0069 -0.8412
vn -0.2818 -0.0054 -0.9595
vn -0.2817 -0.0054 -0.9595
vn 0.7557 -0.0092 -0.6549
vn 0.5406 0.0153 -0.8412
vn 0.7557 -0.0092 -0.6548
vn 0.8312 0.0230 -0.5554
vn -0.8312 0.0230 -0.5554
vn -0.7557 -0.0092 -0.6548
vn -0.7557 -0.0092 -0.6549
vn 0.9096 -0.0115 -0.4154
vn 0.9095 -0.0115 -0.4154
vn 0.9806 0.0184 -0.1951
vn -0.9806 0.0184 -0.1951
vn -0.9095 -0.0115 -0.4154
vn -0.9096 -0.0115 -0.4154
vn 0.9898 -0.0000 -0.1423
vn -0.9898 -0.0000 -0.1423
vn 0.9856 -0.0000 -0.1690
vn -0.9856 -0.0000 -0.1690
vn 0.8729 -0.0000 -0.4880
vn -0.8729 -0.0000 -0.4880
vn 0.7379 -0.0000 -0.6750
vn 0.7239 -0.0086 -0.6898
vn -0.7239 -0.0086 -0.6898
vn -0.7379 -0.0000 -0.6750
vn 0.6187 -0.0076 -0.7856
vn 0.6244 0.0101 -0.7810
vn 0.6497 0.0057 -0.7601
vn 0.6225 0.0057 -0.7826
vn -0.6187 -0.0118 -0.7855
vn -0.6497 0.0057 -0.7601
vn -0.6208 0.0010 -0.7840
vn -0.6187 0.0057 -0.7856
vn -0.6324 0.0258 -0.7742
vn -0.6208 0.0009 -0.7840
vn 0.9941 -0.1084 -0.0000
vn -0.9863 -0.1629 -0.0247
vn -0.9982 -0.0600 -0.0000
vn 0.9972 -0.0736 -0.0091
vn -0.9999 0.0148 0.0021
vn 0.9915 -0.1300 -0.0000
vn 0.9911 -0.1331 -0.0004
vn -0.9911 -0.1331 0.0005
vn -0.9060 -0.4217 -0.0369
vn -0.9915 -0.1300 -0.0000
vn 0.5955 -0.0781 -0.7995
vn -0.2012 -0.0264 -0.9792
vn 0.9918 0.1277 0.0048
vn -0.6762 -0.1071 -0.7289
vn 0.9918 0.1276 0.0048
vn 0.6177 0.0090 -0.7864
vn -0.9999 0.0147 0.0021
vn 0.9362 0.3514 0.0050
vn 0.8374 0.5411 -0.0773
vn 0.9352 0.3537 -0.0184
vn -0.9680 0.2511 -0.0027
vn -0.8887 0.4562 -0.0452
vn -0.9362 0.3514 -0.0015
vn 0.6001 0.0226 -0.7996
vn 0.7183 -0.1876 -0.6700
vn -0.5913 0.0318 -0.8059
vn -0.6893 -0.2244 -0.6889
vn 0.6758 -0.3146 -0.6665
vn 0.9065 -0.4221 0.0005
vn -0.6607 -0.3081 -0.6845
vn 0.6758 -0.3146 -0.6666
vn 0.9066 -0.4220 0.0005
vn -0.5925 -0.2758 -0.7569
vn -0.6814 -0.2266 -0.6959
vn -0.9066 -0.4220 0.0005
vn 0.9410 -0.3381 0.0152
vn -0.9410 -0.3381 0.0156
vn -0.7060 -0.7061 -0.0548
vn 0.5532 -0.2246 -0.8022
vn 0.5822 0.0431 -0.8119
vn -0.7573 0.6531 0.0006
vn -0.5423 0.0201 -0.8399
vn -0.6488 -0.0572 -0.7588
vn 0.8232 0.5677 0.0052
vn 0.6487 -0.0607 -0.7587
vn 0.5516 0.0126 -0.8340
vn -0.7574 0.6530 0.0006
vn 0.6813 0.7319 -0.0133
vn 0.6498 0.7597 -0.0251
vn -0.7575 0.6529 0.0006
vn -0.5950 0.8028 -0.0373
vn -0.6500 0.7599 -0.0074
vn 0.6192 -0.3235 -0.7155
vn 0.5520 0.0122 -0.8338
vn 0.5139 0.0064 -0.8578
vn 0.8693 -0.4942 -0.0000
vn -0.6481 0.7612 -0.0225
vn -0.6280 0.7782 -0.0000
vn -0.6456 0.7633 -0.0240
vn 0.8711 -0.4866 -0.0664
vn -0.8683 -0.4960 -0.0000
vn 0.6451 0.7638 -0.0233
vn 0.6280 0.7782 -0.0000
vn -0.8701 -0.4886 -0.0651
vn 0.7068 -0.7070 -0.0236
vn 0.8685 -0.4957 0.0001
vn 0.7007 -0.6606 0.2696
vn 0.8695 -0.4940 -0.0002
vn -0.8683 -0.4961 -0.0000
vn 0.6489 0.7604 -0.0269
vn -0.8667 -0.4305 -0.2519
vn -0.8592 -0.4980 -0.1170
vn 0.8335 -0.5104 -0.2116
vn 0.5142 0.0064 -0.8576
vn -0.5323 0.0079 -0.8465
vn -0.5520 0.0079 -0.8338
vn -0.4952 0.0087 -0.8688
vn 0.6491 0.7602 -0.0270
vn -0.8668 -0.4306 -0.2516
vn -0.6462 0.7628 -0.0244
vn 0.8658 -0.4162 -0.2778
vn 0.8862 -0.4498 -0.1105
vn -0.6172 -0.3518 -0.7038
vn 0.5777 0.8162 0.0045
vn -0.7753 -0.4173 -0.4741
vn -0.5551 0.8317 0.0093
vn 0.7509 -0.4394 -0.4930
vn 0.4800 0.8772 0.0068
vn 0.5519 -0.0059 -0.8339
vn 0.4719 0.0026 -0.8817
vn 0.7508 -0.4395 -0.4931
vn 0.5780 0.8160 0.0044
vn -0.7499 -0.4533 -0.4819
vn -0.7719 -0.4524 -0.4467
vn -0.2963 0.9550 0.0090
vn -0.4488 0.8827 -0.1396
vn 0.7460 -0.4483 -0.4925
vn 0.7504 -0.4472 -0.4867
vn 0.5782 0.8159 0.0045
vn -0.7724 -0.4489 -0.4494
vn -0.7743 -0.4517 -0.4433
vn 0.2964 0.9551 -0.0028
vn 0.4585 0.8753 -0.1536
vn -0.7725 -0.4489 -0.4491
vn -0.4490 0.8825 -0.1398
vn 0.7531 -0.3901 -0.5298
vn 0.7886 -0.4326 -0.4369
vn 0.3510 0.9345 -0.0589
vn -0.6084 -0.3148 -0.7285
vn 0.8699 -0.4792 -0.1167
vn 0.7614 -0.6061 -0.2303
vn 0.8126 -0.5542 -0.1805
vn -0.8689 -0.4817 -0.1138
vn -0.8689 -0.4817 -0.1137
vn -0.8125 -0.5537 -0.1826
vn -0.3509 0.9364 0.0036
vn -0.4510 0.0196 -0.8923
vn -0.5517 -0.0407 -0.8330
vn -0.3231 0.9452 -0.0459
vn 0.5827 -0.3465 -0.7351
vn 0.4801 0.8772 0.0068
vn 0.4720 0.0025 -0.8816
vn -0.3510 0.9364 0.0036
vn -0.4444 -0.0027 -0.8958
vn -0.4659 0.0088 -0.8848
vn 0.2019 0.9794 -0.0064
vn 0.0756 0.9942 -0.0770
vn 0.2470 0.9689 -0.0130
vn -0.2019 0.9794 -0.0064
vn -0.1237 0.9910 -0.0504
vn 0.3510 0.9345 -0.0590
vn -0.6081 -0.3151 -0.7286
vn 0.5826 -0.3466 -0.7351
vn 0.4215 -0.0072 -0.9068
vn 0.4656 0.0096 -0.8850
vn 0.4658 0.0096 -0.8848
vn 0.5820 -0.3343 -0.7413
vn 0.5728 -0.3661 -0.7334
vn 0.6111 -0.3858 -0.6912
vn -0.6131 -0.4045 -0.6786
vn -0.5786 -0.3758 -0.7238
vn -0.6053 -0.3897 -0.6941
vn 0.1485 0.9889 0.0030
vn -0.4373 -0.1428 -0.8879
vn -0.1321 0.9912 0.0025
vn 0.4282 -0.1445 -0.8921
vn -0.3965 0.0120 -0.9180
vn -0.3964 0.0119 -0.9180
vn -0.4691 -0.0166 -0.8830
vn 0.5876 -0.3943 -0.7066
vn 0.5040 -0.5041 -0.7013
vn -0.5017 -0.5016 -0.7048
vn -0.6172 -0.3519 -0.7038
vn 0.5867 -0.3946 -0.7072
vn 0.5016 -0.5017 -0.7048
vn 0.7071 -0.7071 0.0035
vn 0.7581 -0.6522 0.0001
vn -0.5016 -0.5017 -0.7048
vn -0.7071 -0.7071 -0.0000
vn -0.8655 -0.4994 0.0392
vn 0.7649 -0.6355 -0.1052
vn -0.7574 -0.6528 0.0115
vn -0.7656 -0.6338 -0.1106
vn 0.3849 0.0368 -0.9222
vn 0.3850 0.0368 -0.9222
vn 0.1484 0.9889 0.0030
vn -0.4316 -0.0689 -0.8994
vn -0.4539 -0.1427 -0.8796
vn -0.1316 0.9913 0.0025
vn 0.4280 -0.1446 -0.8921
vn 0.4598 -0.1389 -0.8771
vn 0.6734 -0.5646 -0.4773
vn -0.6917 -0.5464 -0.4722
vn -0.6662 -0.5463 -0.5076
vn -0.4486 -0.1460 -0.8818
vn -0.4706 -0.1687 -0.8661
vn 0.4595 -0.1390 -0.8772
vn 0.7283 -0.6631 -0.1731
vn 0.7648 -0.6357 -0.1052
vn 0.6764 -0.5175 -0.5241
vn -0.7283 -0.6624 -0.1755
vn -0.7657 -0.6337 -0.1106
vn 0.7567 -0.6536 0.0111
vn -0.7575 -0.6527 0.0115
vn 0.4819 -0.1677 -0.8600
vn 0.4568 -0.1697 -0.8732
vn -0.4819 -0.1677 -0.8600
vn 0.4787 -0.1150 -0.8704
vn 0.4959 -0.1637 -0.8528
vn 0.5290 -0.4383 -0.7267
vn -0.5290 -0.4382 -0.7267
vn 0.9887 -0.1498 -0.0000
vn 0.5066 -0.4364 -0.7436
vn -0.0000 -0.2215 -0.9752
vn 0.2748 -0.2215 -0.9357
vn -0.2748 -0.2215 -0.9357
vn 0.2747 -0.2214 -0.9357
vn -0.2747 -0.2214 -0.9357
vn 0.5272 -0.2214 -0.8204
vn 0.5272 -0.2215 -0.8204
vn -0.5272 -0.2214 -0.8204
vn 0.7369 -0.2215 -0.6386
vn -0.7369 -0.2215 -0.6386
vn -0.5272 -0.2215 -0.8203
vn 0.7370 -0.2214 -0.6386
vn -0.7370 -0.2214 -0.6386
vn 0.8871 -0.2214 -0.4051
vn -0.8871 -0.2214 -0.4051
vn 0.8870 -0.2215 -0.4051
vn -0.8870 -0.2215 -0.4051
vn 0.9652 -0.2215 -0.1388
vn -0.9652 -0.2215 -0.1388
vn 0.9747 -0.2236 -0.0000
vn -0.9747 -0.2236 -0.0045
vn -0.9934 -0.1147 -0.0000
vn 0.9933 -0.1150 -0.0087
vn 0.9792 -0.1134 -0.1680
vn 0.9793 -0.1132 -0.1679
vn -0.9793 -0.1134 -0.1679
vn 0.8673 -0.1132 -0.4848
vn 0.8672 -0.1132 -0.4849
vn -0.8672 -0.1132 -0.4848
vn -0.9793 -0.1132 -0.1680
vn 0.7330 -0.1145 -0.6705
vn 0.7330 -0.1146 -0.6705
vn -0.7330 -0.1146 -0.6705
vn -0.8672 -0.1132 -0.4849
vn 0.6455 -0.1145 -0.7551
vn -0.7330 -0.1145 -0.6705
vn -0.6455 -0.1145 -0.7551
vn 0.6456 -0.1147 -0.7550
vn -0.6455 -0.1144 -0.7551
vn 0.5484 -0.1146 -0.8283
vn 0.5484 -0.1147 -0.8283
vn -0.6456 -0.1147 -0.7551
vn -0.5484 -0.1147 -0.8283
vn 0.5485 -0.1148 -0.8282
vn -0.5485 -0.1144 -0.8283
vn -0.5485 -0.1148 -0.8282
vn -0.5001 -0.1150 -0.8583
vn -0.9998 -0.0187 -0.0000
vn -0.5066 -0.4335 -0.7453
vn -0.5018 -0.5018 -0.7046
vn 0.9855 -0.1138 0.1261
vn 0.9855 -0.1139 0.1261
vn 0.9934 -0.1147 -0.0011
vn -0.9855 -0.1138 0.1261
vn -0.9822 -0.1878 0.0006
vn -0.9934 -0.1147 -0.0019
vn 0.9399 -0.1144 0.3217
vn -0.9855 -0.1139 0.1261
vn -0.9399 -0.1144 0.3217
vn 0.8806 -0.1202 0.4584
vn 0.9390 -0.1202 0.3223
vn -0.9390 -0.1202 0.3223
vn -0.8806 -0.1202 0.4584
vn 0.8021 -0.1202 0.5850
vn -0.8021 -0.1202 0.5850
vn 0.7060 -0.1143 0.6989
vn 0.7062 -0.1202 0.6977
vn -0.7060 -0.1143 0.6989
vn -0.7062 -0.1202 0.6977
vn 0.5079 -0.1128 0.8540
vn 0.5079 -0.1130 0.8540
vn -0.5079 -0.1128 0.8540
vn 0.1768 -0.1132 0.9777
vn 0.1767 -0.1129 0.9778
vn -0.1768 -0.1129 0.9777
vn -0.5079 -0.1130 0.8540
vn -0.0000 -0.1145 0.9934
vn -0.0000 -0.1147 0.9934
vn -0.6239 -0.7815 -0.0009
vn -0.6397 -0.7581 -0.1267
vn 0.6149 -0.7886 -0.0014
vn 0.6314 -0.7647 -0.1288
vn -0.5062 -0.4387 -0.7425
vn 0.6261 -0.6388 -0.4472
vn 0.6283 -0.7671 -0.1299
vn -0.6298 -0.7632 -0.1447
vn -0.6396 -0.7582 -0.1267
vn -0.6261 -0.6388 -0.4472
vn 0.6146 -0.7888 -0.0014
vn 0.6318 -0.7634 -0.1346
vn -0.6238 -0.7816 -0.0009
vn 0.5091 -0.7064 -0.4918
vn 0.5312 -0.7379 -0.4163
vn 0.5173 -0.4892 -0.7022
vn -0.5173 -0.4892 -0.7022
vn -0.5312 -0.7379 -0.4163
vn -0.5091 -0.7064 -0.4918
vn 0.7801 -0.6255 0.0128
vn 0.9005 -0.4349 0.0014
vn 0.8899 -0.4298 -0.1527
vn -0.8899 -0.4298 -0.1527
vn -0.9005 -0.4349 0.0043
vn 0.7881 -0.4299 -0.4406
vn 0.7881 -0.4298 -0.4406
vn -0.7881 -0.4298 -0.4406
vn 0.6646 -0.4343 -0.6080
vn -0.6646 -0.4343 -0.6080
vn -0.7881 -0.4299 -0.4406
vn 0.5854 -0.4342 -0.6847
vn 0.5853 -0.4343 -0.6847
vn -0.5854 -0.4343 -0.6847
vn 0.4973 -0.4341 -0.7511
vn 0.4973 -0.4342 -0.7511
vn -0.4973 -0.4341 -0.7511
vn -0.4973 -0.4345 -0.7509
vn -0.5854 -0.4342 -0.6847
vn 0.4486 -0.4347 -0.7809
vn -0.4486 -0.4347 -0.7809
vn 0.8945 -0.4322 0.1145
vn 0.8931 -0.4498 0.0014
vn 0.9004 -0.4350 0.0012
vn -0.8945 -0.4322 0.1145
vn -0.8946 -0.4319 0.1146
vn -0.8863 -0.4631 0.0022
vn -0.9005 -0.4349 0.0018
vn 0.8528 -0.4342 0.2901
vn -0.8529 -0.4341 0.2901
vn 0.4616 -0.4294 0.7762
vn 0.6390 -0.4341 0.6350
vn -0.6390 -0.4341 0.6350
vn -0.4617 -0.4294 0.7762
vn 0.1606 -0.4293 0.8888
vn 0.4617 -0.4293 0.7762
vn -0.4617 -0.4293 0.7762
vn -0.1606 -0.4293 0.8888
vn -0.0000 -0.4349 0.9005
vn 0.8480 -0.4445 0.2885
vn 0.8518 -0.4339 0.2936
vn 0.8945 -0.4321 0.1145
vn -0.8945 -0.4321 0.1144
vn -0.8529 -0.4340 0.2902
vn 0.4617 -0.4293 0.7763
vn 0.6391 -0.4340 0.6350
vn -0.6354 -0.4446 0.6313
vn -0.6417 -0.4339 0.6325
vn -0.4617 -0.4293 0.7763
vn 0.7945 -0.4446 0.4136
vn -0.8469 -0.4446 0.2918
vn -0.7945 -0.4446 0.4136
vn 0.7237 -0.4446 0.5278
vn -0.7237 -0.4446 0.5278
vn 0.6379 -0.4447 0.6288
vn 0.4665 -0.5035 -0.7272
vn 0.4486 -0.4349 -0.7808
vn -0.4486 -0.4349 -0.7808
vn -0.4665 -0.5035 -0.7272
vn 0.5017 -0.4567 -0.7347
vn -0.5013 -0.4573 -0.7346
vn 0.8946 -0.4320 0.1146
vn 0.8931 -0.4499 0.0012
vn 0.9005 -0.4349 0.0008
vn -0.8864 -0.4629 0.0018
vn -0.9005 -0.4348 0.0009
vn 0.5018 -0.4565 -0.7348
vn -0.5013 -0.4572 -0.7346
vn 0.6319 -0.7633 -0.1345
vn -0.7070 -0.7073 -0.0009
vn -0.6239 -0.7815 -0.0010
vn -0.6414 -0.7528 -0.1482
vn -0.4973 -0.4342 -0.7511
vn 0.4877 -0.4879 -0.7240
vn 0.5015 -0.5016 -0.7049
vn 0.4338 -0.5574 -0.7079
vn 0.4737 -0.5128 -0.7160
vn 0.7069 -0.7073 -0.0040
vn 0.3966 -0.5859 -0.7067
vn 0.3968 -0.5858 -0.7067
vn 0.3282 -0.6195 -0.7131
vn 0.2732 -0.5869 -0.7622
vn 0.4220 -0.9066 0.0031
vn -0.3523 -0.6169 -0.7038
vn -0.3523 -0.6168 -0.7038
vn -0.4313 -0.5599 -0.7075
vn -0.4636 -0.5243 -0.7143
vn -0.4877 -0.4882 -0.7238
vn -0.4879 -0.4878 -0.7239
vn -0.2528 -0.5849 -0.7707
vn -0.3070 -0.6595 -0.6862
vn -0.4220 -0.9066 0.0021
vn 0.4915 -0.8520 -0.1802
vn 0.4759 -0.8596 -0.1860
vn -0.4976 -0.8518 -0.1638
vn -0.4819 -0.8484 -0.2188
vn -0.4975 -0.8519 -0.1638
vn -0.4628 -0.8864 0.0081
vn 0.2206 -0.6217 -0.7515
vn 0.2207 -0.6217 -0.7515
vn -0.0000 -0.6217 -0.7832
vn -0.2207 -0.6217 -0.7515
vn 0.4235 -0.6217 -0.6589
vn -0.4235 -0.6217 -0.6589
vn -0.2206 -0.6217 -0.7515
vn 0.5920 -0.6217 -0.5129
vn 0.5919 -0.6218 -0.5129
vn -0.5919 -0.6217 -0.5129
vn 0.7124 -0.6218 -0.3254
vn 0.7125 -0.6217 -0.3253
vn -0.7124 -0.6218 -0.3253
vn -0.5919 -0.6218 -0.5129
vn 0.7753 -0.6217 -0.1115
vn 0.7753 -0.6216 -0.1115
vn -0.7124 -0.6217 -0.3254
vn -0.7753 -0.6217 -0.1115
vn -0.7753 -0.6216 -0.1115
vn -0.7800 -0.6258 0.0013
vn 0.4534 -0.8913 0.0074
vn -0.4627 -0.8865 0.0081
vn 0.4981 -0.8371 -0.2262
vn 0.9005 -0.4350 0.0014
vn 0.8899 -0.4299 -0.1527
vn -0.8899 -0.4299 -0.1527
vn -0.9005 -0.4350 0.0014
vn 0.7752 -0.6218 -0.1115
vn 0.7801 -0.6257 -0.0044
vn -0.7801 -0.6257 -0.0044
vn -0.7752 -0.6218 -0.1115
vn -0.3659 -0.7787 -0.5097
vn -0.3659 -0.7786 -0.5098
vn -0.3669 -0.7857 -0.4981
vn 0.3659 -0.7786 -0.5098
vn 0.3659 -0.7787 -0.5097
vn 0.3669 -0.7857 -0.4981
vn -0.7060 -0.7082 -0.0006
vn 0.7061 -0.7081 -0.0005
vn 0.6257 -0.7801 0.0044
vn 0.6221 -0.7756 -0.1067
vn -0.6221 -0.7756 -0.1068
vn -0.6257 -0.7801 0.0044
vn 0.5510 -0.7756 -0.3080
vn 0.6221 -0.7756 -0.1068
vn -0.5510 -0.7756 -0.3080
vn 0.4622 -0.7795 -0.4228
vn -0.4622 -0.7795 -0.4228
vn 0.4070 -0.7795 -0.4761
vn 0.4071 -0.7795 -0.4761
vn -0.4071 -0.7795 -0.4761
vn 0.3457 -0.7796 -0.5222
vn 0.3458 -0.7795 -0.5223
vn -0.3457 -0.7796 -0.5222
vn -0.3458 -0.7795 -0.5223
vn 0.6237 -0.7776 0.0799
vn 0.6254 -0.7803 0.0008
vn -0.6234 -0.7778 0.0799
vn -0.6254 -0.7803 0.0007
vn 0.5846 -0.7868 0.1980
vn 0.5924 -0.7791 0.2049
vn 0.6237 -0.7776 0.0798
vn -0.6237 -0.7776 0.0798
vn -0.5935 -0.7793 0.2012
vn 0.3230 -0.7751 0.5430
vn 0.4441 -0.7793 0.4422
vn -0.4373 -0.7868 0.4356
vn -0.4469 -0.7791 0.4395
vn -0.3229 -0.7751 0.5430
vn 0.1124 -0.7751 0.6217
vn -0.3230 -0.7751 0.5430
vn -0.1124 -0.7751 0.6217
vn -0.0000 -0.7801 0.6257
vn 0.5474 -0.7869 0.2849
vn 0.5474 -0.7868 0.2850
vn -0.5831 -0.7869 0.2016
vn -0.5474 -0.7869 0.2850
vn 0.4986 -0.7868 0.3637
vn 0.4986 -0.7869 0.3637
vn -0.5474 -0.7868 0.2850
vn -0.4986 -0.7868 0.3637
vn 0.4399 -0.7869 0.4327
vn -0.4986 -0.7869 0.3637
vn 0.6237 -0.7775 0.0798
vn 0.6257 -0.7800 0.0008
vn -0.6237 -0.7775 0.0798
vn -0.6257 -0.7800 0.0007
vn 0.7060 -0.7082 0.0044
vn 0.4385 -0.4383 -0.7846
vn -0.7061 -0.7081 0.0042
vn -0.2854 -0.9584 -0.0014
vn -0.3202 -0.9400 -0.1179
vn 0.2840 -0.9588 -0.0013
vn 0.3198 -0.9397 -0.1211
vn 0.2521 -0.9364 -0.2441
vn 0.3197 -0.9397 -0.1214
vn 0.3197 -0.9397 -0.1211
vn 0.2121 -0.9680 -0.1343
vn -0.2108 -0.9255 -0.3145
vn -0.3202 -0.9400 -0.1180
vn -0.3203 -0.9399 -0.1180
vn -0.2121 -0.9680 -0.1343
vn -0.2119 -0.9681 -0.1339
vn 0.1236 -0.8987 -0.4208
vn -0.0000 -0.8987 -0.4386
vn -0.1236 -0.8987 -0.4208
vn 0.2371 -0.8987 -0.3690
vn 0.2371 -0.8987 -0.3689
vn -0.2371 -0.8987 -0.3690
vn 0.3315 -0.8987 -0.2872
vn -0.3315 -0.8987 -0.2872
vn -0.2371 -0.8987 -0.3689
vn 0.3990 -0.8987 -0.1822
vn -0.3990 -0.8987 -0.1822
vn 0.4341 -0.8987 -0.0624
vn -0.4341 -0.8987 -0.0624
vn 0.4350 -0.9005 -0.0014
vn -0.4350 -0.9005 -0.0014
vn 0.2234 -0.9747 -0.0056
vn 0.4475 -0.8943 0.0009
vn -0.4613 -0.8872 0.0017
vn -0.2234 -0.9747 -0.0053
vn 0.6256 -0.7801 -0.0013
vn 0.4350 -0.9004 -0.0043
vn -0.4350 -0.9004 -0.0043
vn -0.6257 -0.7801 -0.0013
vn -0.2855 -0.9584 -0.0014
vn -0.6221 -0.7756 -0.1067
vn 0.1125 -0.7749 0.6220
vn -0.1125 -0.7749 0.6220
vn -0.0000 -0.7798 0.6260
vn -0.2855 -0.9584 -0.0018
vn -0.4220 -0.9066 -0.0014
vn 0.2841 -0.9588 -0.0013
vn 0.1924 -0.7101 -0.6773
vn 0.3158 -0.6784 -0.6634
vn 0.4220 -0.9066 -0.0058
vn -0.3070 -0.6593 -0.6863
vn 0.1894 -0.7209 -0.6666
vn 0.0786 -0.5992 -0.7967
vn 0.1301 -0.9915 0.0027
vn -0.0282 -0.2150 -0.9762
vn -0.1086 -0.6817 -0.7235
vn -0.2265 -0.6867 -0.6907
vn -0.1301 -0.9915 0.0027
vn 0.2235 -0.9747 0.0045
vn 0.2233 -0.9740 -0.0383
vn 0.2234 -0.9740 -0.0383
vn -0.2234 -0.9740 -0.0383
vn -0.2235 -0.9747 0.0045
vn 0.1978 -0.9740 -0.1106
vn -0.1978 -0.9740 -0.1106
vn 0.1652 -0.9746 -0.1511
vn -0.1652 -0.9746 -0.1511
vn 0.1455 -0.9746 -0.1702
vn -0.1455 -0.9746 -0.1702
vn 0.1236 -0.9746 -0.1867
vn 0.1238 -0.9746 -0.1869
vn -0.1238 -0.9746 -0.1869
vn -0.1236 -0.9746 -0.1867
vn 0.2236 -0.9743 0.0286
vn -0.2236 -0.9743 0.0286
vn 0.2193 -0.9729 0.0731
vn 0.2131 -0.9746 0.0685
vn 0.2237 -0.9742 0.0287
vn -0.2234 -0.9743 0.0286
vn -0.2128 -0.9745 0.0708
vn 0.1160 -0.9739 0.1950
vn 0.1578 -0.9746 0.1589
vn -0.1630 -0.9729 0.1640
vn -0.1561 -0.9746 0.1604
vn -0.1160 -0.9739 0.1950
vn 0.0404 -0.9739 0.2233
vn 0.1161 -0.9738 0.1954
vn -0.1161 -0.9738 0.1954
vn -0.0404 -0.9739 0.2233
vn -0.0000 -0.9747 0.2235
vn 0.2049 -0.9729 0.1067
vn -0.2202 -0.9729 0.0709
vn -0.2049 -0.9729 0.1067
vn 0.1867 -0.9729 0.1361
vn -0.1867 -0.9729 0.1361
vn 0.1614 -0.9729 0.1658
vn 0.1585 -0.9733 -0.1662
vn 0.2235 -0.9743 0.0287
vn 0.4479 -0.8941 0.0009
vn 0.2236 -0.9747 0.0023
vn -0.2235 -0.9743 0.0287
vn -0.2236 -0.9747 0.0017
vn 0.4429 -0.4536 -0.7734
vn 0.0961 -0.9954 -0.0000
vn -0.0953 -0.9954 -0.0000
vn -0.4593 -0.8882 0.0103
vn -0.4431 -0.4551 -0.7724
vn -0.1686 -0.9857 -0.0000
vn 0.1488 -0.9889 -0.0000
vn 0.0082 -0.9934 -0.1148
vn 0.0327 -0.9933 -0.1112
vn 0.0326 -0.9933 -0.1112
vn -0.0000 -0.9915 -0.1304
vn -0.0082 -0.9934 -0.1148
vn -0.0327 -0.9933 -0.1112
vn 0.0627 -0.9933 -0.0975
vn -0.0627 -0.9933 -0.0975
vn 0.0876 -0.9933 -0.0759
vn -0.0876 -0.9933 -0.0759
vn 0.1054 -0.9933 -0.0482
vn -0.1054 -0.9933 -0.0481
vn 0.1147 -0.9933 -0.0165
vn -0.1147 -0.9933 -0.0165
vn -0.1054 -0.9933 -0.0482
vn 0.1148 -0.9934 -0.0000
vn -0.1148 -0.9934 -0.0000
vn 0.2134 -0.9746 0.0686
vn 0.2237 -0.9742 0.0286
vn -0.2235 -0.9743 0.0286
vn -0.2117 -0.9745 0.0748
vn -0.0097 -1.0000 -0.0010
vn 0.1161 -0.9739 0.1952
vn 0.1611 -0.9745 0.1564
vn 0.0034 -1.0000 0.0091
vn -0.1163 -0.9738 0.1956
vn 0.0047 -1.0000 0.0018
vn 0.1895 -0.9769 0.0986
vn -0.0082 -1.0000 0.0029
vn -0.0218 -0.9997 0.0113
vn 0.0037 -1.0000 0.0024
vn 0.0038 -1.0000 0.0025
vn 0.0199 -0.9997 0.0144
vn -0.0038 -1.0000 0.0022
vn -0.1727 -0.9770 0.1253
vn 0.0063 -1.0000 0.0061
vn -0.0036 -1.0000 0.0034
vn -0.0036 -1.0000 0.0033
s 0
usemtl Material.021
f 1//1 2//1 3//1
f 4//2 1//2 3//2
f 5//3 4//3 3//3
f 6//4 5//4 3//4
f 2//4 6//4 3//4
f 1//5 6//5 2//5
f 7//4 8//4 5//4
f 6//4 7//4 5//4
f 8//3 4//3 5//3
f 9//4 7//4 6//4
f 10//6 9//6 6//6
f 11//7 10//7 6//7
f 1//8 11//8 6//8
f 12//9 4//9 8//9
f 7//10 12//10 8//10
f 13//11 9//11 10//11
f 11//12 13//12 10//12
f 14//4 7//4 9//4
f 15//4 14//4 9//4
f 16//4 15//4 9//4
f 17//13 16//13 9//13
f 13//14 17//14 9//14
f 14//10 12//10 7//10
f 18//15 12//15 14//15
f 15//16 18//16 14//16
f 19//17 15//17 16//17
f 17//13 19//13 16//13
f 20//4 21//4 15//4
f 19//4 22//4 15//4
f 22//4 23//4 15//4
f 23//4 24//4 15//4
f 24//4 20//4 15//4
f 21//4 25//4 15//4
f 25//16 18//16 15//16
f 17//18 22//18 19//18
f 17//19 26//19 22//19
f 26//20 23//20 22//20
f 21//4 27//4 25//4
f 28//21 18//21 25//21
f 27//22 28//22 25//22
f 21//4 29//4 27//4
f 29//23 30//23 27//23
f 30//24 28//24 27//24
f 26//25 31//25 23//25
f 31//26 24//26 23//26
f 21//4 32//4 29//4
f 32//23 30//23 29//23
f 31//26 20//26 24//26
f 21//4 33//4 32//4
f 33//27 34//27 32//27
f 34//28 35//28 32//28
f 35//29 30//29 32//29
f 31//30 36//30 20//30
f 36//31 21//31 20//31
f 37//4 38//4 21//4
f 38//4 39//4 21//4
f 39//4 40//4 21//4
f 41//4 42//4 21//4
f 42//4 43//4 21//4
f 43//4 37//4 21//4
f 40//4 44//4 21//4
f 44//4 45//4 21//4
f 45//4 46//4 21//4
f 46//4 33//4 21//4
f 47//32 41//32 21//32
f 36//33 47//33 21//33
f 46//34 48//34 33//34
f 48//35 34//35 33//35
f 49//36 48//36 46//36
f 45//37 49//37 46//37
f 50//4 42//4 41//4
f 51//38 50//38 41//38
f 47//39 51//39 41//39
f 52//4 42//4 50//4
f 51//38 52//38 50//38
f 44//37 49//37 45//37
f 40//40 53//40 44//40
f 53//41 49//41 44//41
f 54//4 42//4 52//4
f 51//42 55//42 52//42
f 55//43 54//43 52//43
f 56//4 42//4 54//4
f 57//4 56//4 54//4
f 55//44 58//44 54//44
f 58//45 57//45 54//45
f 39//46 53//46 40//46
f 59//47 60//47 39//47
f 38//48 59//48 39//48
f 60//49 53//49 39//49
f 37//48 59//48 38//48
f 61//4 56//4 57//4
f 58//45 61//45 57//45
f 62//4 56//4 61//4
f 58//50 63//50 61//50
f 63//51 62//51 61//51
f 64//52 59//52 37//52
f 43//53 64//53 37//53
f 65//4 56//4 62//4
f 63//51 65//51 62//51
f 42//54 64//54 43//54
f 66//4 56//4 65//4
f 63//55 67//55 65//55
f 67//56 66//56 65//56
f 68//57 64//57 42//57
f 56//58 68//58 42//58
f 69//4 56//4 66//4
f 70//59 69//59 66//59
f 67//60 70//60 66//60
f 69//4 71//4 56//4
f 71//4 72//4 56//4
f 72//61 73//61 56//61
f 73//62 68//62 56//62
f 70//63 74//63 69//63
f 75//64 71//64 69//64
f 74//64 75//64 69//64
f 71//4 76//4 72//4
f 77//61 73//61 72//61
f 76//65 77//65 72//65
f 78//4 76//4 71//4
f 79//66 78//66 71//66
f 75//66 79//66 71//66
f 80//4 81//4 76//4
f 82//4 80//4 76//4
f 78//4 82//4 76//4
f 83//65 77//65 76//65
f 81//67 83//67 76//67
f 84//68 82//68 78//68
f 79//69 84//69 78//69
f 80//4 85//4 81//4
f 85//70 86//70 81//70
f 87//71 83//71 81//71
f 86//72 87//72 81//72
f 84//68 80//68 82//68
f 88//4 89//4 80//4
f 89//4 90//4 80//4
f 90//4 91//4 80//4
f 91//4 85//4 80//4
f 92//4 88//4 80//4
f 93//4 92//4 80//4
f 84//73 93//73 80//73
f 91//74 86//74 85//74
f 94//4 92//4 93//4
f 95//75 94//75 93//75
f 84//76 96//76 93//76
f 96//77 95//77 93//77
f 90//74 86//74 91//74
f 97//78 86//78 90//78
f 89//79 97//79 90//79
f 98//4 92//4 94//4
f 95//80 98//80 94//80
f 88//81 99//81 89//81
f 99//82 97//82 89//82
f 100//4 101//4 98//4
f 101//4 92//4 98//4
f 95//83 100//83 98//83
f 92//84 102//84 88//84
f 102//85 99//85 88//85
f 103//86 101//86 100//86
f 95//87 104//87 100//87
f 104//88 103//88 100//88
f 105//4 106//4 92//4
f 107//4 105//4 92//4
f 108//4 107//4 92//4
f 101//4 108//4 92//4
f 109//89 102//89 92//89
f 106//90 109//90 92//90
f 110//4 108//4 101//4
f 111//91 110//91 101//91
f 103//92 111//92 101//92
f 112//4 113//4 106//4
f 105//4 112//4 106//4
f 113//93 109//93 106//93
f 114//4 108//4 110//4
f 111//94 114//94 110//94
f 112//4 115//4 113//4
f 115//95 109//95 113//95
f 112//4 116//4 115//4
f 116//96 117//96 115//96
f 117//97 118//97 115//97
f 118//98 109//98 115//98
f 119//4 108//4 114//4
f 120//99 119//99 114//99
f 111//100 120//100 114//100
f 121//4 108//4 119//4
f 122//101 121//101 119//101
f 120//102 122//102 119//102
f 112//4 123//4 116//4
f 123//103 117//103 116//103
f 124//4 108//4 121//4
f 122//104 124//104 121//104
f 125//4 108//4 124//4
f 122//105 125//105 124//105
f 126//4 127//4 123//4
f 112//4 126//4 123//4
f 127//106 117//106 123//106
f 128//107 117//107 127//107
f 129//108 128//108 127//108
f 126//109 129//109 127//109
f 130//4 108//4 125//4
f 131//110 130//110 125//110
f 122//111 132//111 125//111
f 132//112 131//112 125//112
f 112//4 133//4 126//4
f 128//113 129//113 126//113
f 134//114 128//114 126//114
f 133//115 134//115 126//115
f 135//4 136//4 130//4
f 136//4 108//4 130//4
f 131//116 137//116 130//116
f 137//117 135//117 130//117
f 112//4 138//4 133//4
f 138//118 139//118 133//118
f 139//119 134//119 133//119
f 140//120 136//120 135//120
f 141//121 140//121 135//121
f 137//122 141//122 135//122
f 112//4 142//4 138//4
f 143//123 139//123 138//123
f 142//124 143//124 138//124
f 144//4 108//4 136//4
f 145//125 144//125 136//125
f 140//126 145//126 136//126
f 112//4 146//4 142//4
f 147//127 143//127 142//127
f 146//128 148//128 142//128
f 148//128 147//128 142//128
f 145//129 108//129 144//129
f 112//4 149//4 146//4
f 149//130 150//130 146//130
f 150//130 148//130 146//130
f 151//131 107//131 108//131
f 145//129 151//129 108//129
f 112//132 152//132 149//132
f 152//132 150//132 149//132
f 153//133 105//133 107//133
f 151//131 153//131 107//131
f 105//134 152//134 112//134
f 154//134 152//134 105//134
f 153//133 154//133 105//133
f 155//135 11//135 1//135
f 4//136 155//136 1//136
f 156//137 155//137 4//137
f 12//137 156//137 4//137
f 157//138 13//138 11//138
f 155//139 157//139 11//139
f 158//140 156//140 12//140
f 18//140 158//140 12//140
f 159//141 17//141 13//141
f 157//138 159//138 13//138
f 160//142 158//142 18//142
f 28//143 160//143 18//143
f 161//144 26//144 17//144
f 159//141 161//141 17//141
f 162//145 160//145 28//145
f 30//146 162//146 28//146
f 163//147 31//147 26//147
f 161//148 163//148 26//148
f 35//149 162//149 30//149
f 164//150 36//150 31//150
f 163//151 164//151 31//151
f 165//152 162//152 35//152
f 34//153 165//153 35//153
f 164//154 47//154 36//154
f 166//155 165//155 34//155
f 48//156 166//156 34//156
f 167//157 51//157 47//157
f 164//158 167//158 47//158
f 49//159 166//159 48//159
f 168//160 166//160 49//160
f 53//160 168//160 49//160
f 169//161 55//161 51//161
f 167//157 169//157 51//157
f 170//162 168//162 53//162
f 60//163 170//163 53//163
f 171//164 58//164 55//164
f 169//161 171//161 55//161
f 59//165 170//165 60//165
f 64//166 172//166 59//166
f 172//166 170//166 59//166
f 173//167 63//167 58//167
f 171//164 173//164 58//164
f 68//168 174//168 64//168
f 174//169 172//169 64//169
f 175//170 67//170 63//170
f 173//167 175//167 63//167
f 176//171 177//171 67//171
f 177//172 70//172 67//172
f 175//173 176//173 67//173
f 177//174 74//174 70//174
f 73//175 174//175 68//175
f 178//176 172//176 174//176
f 73//177 178//177 174//177
f 77//178 179//178 73//178
f 179//178 180//178 73//178
f 180//177 178//177 73//177
f 177//179 176//179 74//179
f 176//180 181//180 74//180
f 182//181 75//181 74//181
f 181//181 182//181 74//181
f 83//182 179//182 77//182
f 183//183 79//183 75//183
f 182//183 183//183 75//183
f 184//182 179//182 83//182
f 87//184 184//184 83//184
f 183//185 84//185 79//185
f 185//184 184//184 87//184
f 86//186 186//186 87//186
f 186//186 185//186 87//186
f 187//187 96//187 84//187
f 183//185 187//185 84//185
f 97//188 188//188 86//188
f 188//189 186//189 86//189
f 187//187 189//187 96//187
f 189//190 95//190 96//190
f 99//191 190//191 97//191
f 190//192 188//192 97//192
f 191//193 104//193 95//193
f 192//194 191//194 95//194
f 189//195 192//195 95//195
f 102//196 193//196 99//196
f 193//197 190//197 99//197
f 191//198 194//198 104//198
f 195//199 103//199 104//199
f 194//200 195//200 104//200
f 196//201 137//201 131//201
f 132//202 197//202 131//202
f 197//203 196//203 131//203
f 198//204 117//204 128//204
f 134//205 198//205 128//205
f 109//206 193//206 102//206
f 195//207 120//207 103//207
f 120//208 111//208 103//208
f 199//209 137//209 196//209
f 197//210 199//210 196//210
f 200//211 198//211 134//211
f 139//212 200//212 134//212
f 199//213 201//213 137//213
f 201//214 141//214 137//214
f 202//215 188//215 190//215
f 193//216 203//216 190//216
f 203//217 202//217 190//217
f 192//218 204//218 191//218
f 204//219 194//219 191//219
f 205//220 157//220 155//220
f 206//221 205//221 155//221
f 156//221 206//221 155//221
f 207//222 159//222 157//222
f 205//220 207//220 157//220
f 208//223 206//223 156//223
f 158//223 208//223 156//223
f 209//224 161//224 159//224
f 207//222 209//222 159//222
f 210//225 208//225 158//225
f 160//225 210//225 158//225
f 211//226 163//226 161//226
f 209//224 211//224 161//224
f 212//227 210//227 160//227
f 162//227 212//227 160//227
f 213//228 164//228 163//228
f 211//226 213//226 163//226
f 214//229 212//229 162//229
f 165//229 214//229 162//229
f 215//230 167//230 164//230
f 213//228 215//228 164//228
f 216//231 214//231 165//231
f 166//232 216//232 165//232
f 217//233 169//233 167//233
f 215//230 217//230 167//230
f 218//234 216//234 166//234
f 168//234 218//234 166//234
f 219//235 171//235 169//235
f 217//236 219//236 169//236
f 220//237 218//237 168//237
f 170//237 220//237 168//237
f 221//238 173//238 171//238
f 219//235 221//235 171//235
f 172//239 222//239 170//239
f 222//239 220//239 170//239
f 223//240 175//240 173//240
f 221//238 223//238 173//238
f 178//241 224//241 172//241
f 224//242 222//242 172//242
f 225//243 176//243 175//243
f 226//244 225//244 175//244
f 223//245 226//245 175//245
f 225//246 181//246 176//246
f 227//247 198//247 200//247
f 228//248 227//248 200//248
f 139//249 228//249 200//249
f 229//250 230//250 201//250
f 199//251 229//251 201//251
f 230//252 141//252 201//252
f 231//253 232//253 139//253
f 143//253 231//253 139//253
f 232//254 228//254 139//254
f 233//255 140//255 141//255
f 230//256 233//256 141//256
f 147//257 234//257 143//257
f 234//258 231//258 143//258
f 235//259 145//259 140//259
f 233//260 235//260 140//260
f 148//261 236//261 147//261
f 236//262 234//262 147//262
f 235//263 237//263 145//263
f 237//264 151//264 145//264
f 150//265 238//265 148//265
f 238//265 236//265 148//265
f 239//266 153//266 151//266
f 237//267 239//267 151//267
f 152//268 240//268 150//268
f 240//268 238//268 150//268
f 241//269 242//269 153//269
f 242//269 154//269 153//269
f 239//266 241//266 153//266
f 154//270 240//270 152//270
f 242//270 240//270 154//270
f 180//177 224//177 178//177
f 118//271 193//271 109//271
f 243//272 193//272 118//272
f 244//273 243//273 118//273
f 117//274 245//274 118//274
f 245//275 246//275 118//275
f 246//276 244//276 118//276
f 195//277 247//277 120//277
f 247//278 248//278 120//278
f 248//279 249//279 120//279
f 249//280 122//280 120//280
f 194//281 247//281 195//281
f 243//282 203//282 193//282
f 194//281 248//281 247//281
f 242//283 250//283 240//283
f 250//284 238//284 240//284
f 251//283 250//283 242//283
f 241//285 251//285 242//285
f 244//286 203//286 243//286
f 252//178 180//178 179//178
f 184//287 252//287 179//287
f 253//288 183//288 182//288
f 254//288 253//288 182//288
f 181//181 254//181 182//181
f 255//287 252//287 184//287
f 185//289 255//289 184//289
f 253//290 187//290 183//290
f 227//291 117//291 198//291
f 197//292 229//292 199//292
f 256//293 222//293 224//293
f 180//294 256//294 224//294
f 257//295 258//295 180//295
f 252//295 257//295 180//295
f 258//296 256//296 180//296
f 225//297 259//297 181//297
f 259//298 260//298 181//298
f 261//299 254//299 181//299
f 260//299 261//299 181//299
f 255//300 257//300 252//300
f 262//301 253//301 254//301
f 261//301 262//301 254//301
f 263//300 257//300 255//300
f 185//302 263//302 255//302
f 262//303 187//303 253//303
f 186//304 264//304 185//304
f 264//305 265//305 185//305
f 265//306 263//306 185//306
f 262//307 266//307 187//307
f 266//308 189//308 187//308
f 188//309 267//309 186//309
f 267//310 264//310 186//310
f 266//311 268//311 189//311
f 268//312 192//312 189//312
f 202//313 269//313 188//313
f 269//314 267//314 188//314
f 270//315 204//315 192//315
f 271//316 270//316 192//316
f 268//312 271//312 192//312
f 272//317 269//317 202//317
f 203//318 272//318 202//318
f 270//319 273//319 204//319
f 273//320 194//320 204//320
f 244//321 274//321 203//321
f 274//322 275//322 203//322
f 275//323 272//323 203//323
f 276//324 277//324 194//324
f 277//325 249//325 194//325
f 249//326 248//326 194//326
f 273//327 276//327 194//327
f 226//328 259//328 225//328
f 246//329 274//329 244//329
f 278//330 117//330 227//330
f 279//331 278//331 227//331
f 228//332 279//332 227//332
f 280//333 281//333 229//333
f 281//334 230//334 229//334
f 197//335 282//335 229//335
f 282//336 280//336 229//336
f 283//337 267//337 269//337
f 272//338 283//338 269//338
f 271//339 284//339 270//339
f 284//340 273//340 270//340
f 232//341 279//341 228//341
f 281//256 233//256 230//256
f 285//342 207//342 205//342
f 286//343 285//343 205//343
f 206//344 286//344 205//344
f 287//345 209//345 207//345
f 285//342 287//342 207//342
f 288//346 286//346 206//346
f 208//347 288//347 206//347
f 289//348 211//348 209//348
f 287//349 289//349 209//349
f 290//350 288//350 208//350
f 210//351 290//351 208//351
f 291//352 213//352 211//352
f 289//353 291//353 211//353
f 292//354 290//354 210//354
f 212//355 292//355 210//355
f 293//356 215//356 213//356
f 291//352 293//352 213//352
f 294//357 292//357 212//357
f 214//357 294//357 212//357
f 295//358 217//358 215//358
f 293//359 295//359 215//359
f 296//360 294//360 214//360
f 216//361 296//361 214//361
f 297//362 219//362 217//362
f 295//358 297//358 217//358
f 298//363 296//363 216//363
f 218//363 298//363 216//363
f 299//364 221//364 219//364
f 297//365 299//365 219//365
f 300//366 298//366 218//366
f 220//366 300//366 218//366
f 301//367 223//367 221//367
f 299//364 301//364 221//364
f 302//368 300//368 220//368
f 222//369 302//369 220//369
f 303//370 226//370 223//370
f 301//367 303//367 223//367
f 256//371 304//371 222//371
f 304//372 302//372 222//372
f 305//373 259//373 226//373
f 306//374 305//374 226//374
f 303//375 306//375 226//375
f 305//376 260//376 259//376
f 307//377 278//377 279//377
f 232//378 307//378 279//378
f 280//379 308//379 281//379
f 308//380 233//380 281//380
f 309//381 310//381 232//381
f 231//381 309//381 232//381
f 310//382 307//382 232//382
f 311//383 235//383 233//383
f 308//380 311//380 233//380
f 234//384 312//384 231//384
f 312//385 309//385 231//385
f 313//386 237//386 235//386
f 311//383 313//383 235//383
f 236//387 314//387 234//387
f 314//387 312//387 234//387
f 313//388 315//388 237//388
f 315//389 239//389 237//389
f 238//390 316//390 236//390
f 316//391 314//391 236//391
f 317//392 241//392 239//392
f 315//393 317//393 239//393
f 250//394 318//394 238//394
f 318//395 316//395 238//395
f 319//396 320//396 241//396
f 320//397 251//397 241//397
f 317//398 319//398 241//398
f 251//399 318//399 250//399
f 320//399 318//399 251//399
f 258//296 304//296 256//296
f 282//400 308//400 280//400
f 321//401 117//401 278//401
f 307//402 321//402 278//402
f 322//403 283//403 272//403
f 275//404 322//404 272//404
f 284//405 323//405 273//405
f 323//406 276//406 273//406
f 324//407 258//407 257//407
f 263//408 324//408 257//408
f 325//409 262//409 261//409
f 326//409 325//409 261//409
f 260//410 326//410 261//410
f 327//408 324//408 263//408
f 265//411 327//411 263//411
f 325//412 266//412 262//412
f 320//413 328//413 318//413
f 328//394 316//394 318//394
f 329//413 328//413 320//413
f 319//397 329//397 320//397
f 245//414 274//414 246//414
f 330//415 132//415 249//415
f 132//416 122//416 249//416
f 277//417 330//417 249//417
f 331//418 302//418 304//418
f 258//419 331//419 304//419
f 332//420 331//420 258//420
f 333//421 332//421 258//421
f 324//421 333//421 258//421
f 334//422 335//422 260//422
f 305//376 334//376 260//376
f 335//423 326//423 260//423
f 327//424 333//424 324//424
f 336//425 325//425 326//425
f 337//425 336//425 326//425
f 335//423 337//423 326//423
f 338//424 333//424 327//424
f 339//426 338//426 327//426
f 265//426 339//426 327//426
f 336//427 266//427 325//427
f 340//428 339//428 265//428
f 264//429 340//429 265//429
f 336//427 341//427 266//427
f 341//430 342//430 266//430
f 342//431 268//431 266//431
f 267//432 343//432 264//432
f 344//433 340//433 264//433
f 343//434 344//434 264//434
f 342//435 345//435 268//435
f 345//436 271//436 268//436
f 346//437 343//437 267//437
f 283//438 346//438 267//438
f 347//439 284//439 271//439
f 348//440 347//440 271//440
f 345//441 348//441 271//441
f 322//442 346//442 283//442
f 347//443 323//443 284//443
f 117//444 349//444 245//444
f 349//445 274//445 245//445
f 306//374 334//374 305//374
f 349//446 350//446 274//446
f 350//447 275//447 274//447
f 276//448 351//448 277//448
f 351//449 330//449 277//449
f 352//450 349//450 117//450
f 321//451 353//451 117//451
f 353//452 354//452 117//452
f 354//453 355//453 117//453
f 355//454 352//454 117//454
f 356//455 343//455 346//455
f 322//456 357//456 346//456
f 357//457 358//457 346//457
f 358//458 356//458 346//458
f 348//459 359//459 347//459
f 359//460 360//460 347//460
f 360//461 323//461 347//461
f 361//462 362//462 352//462
f 363//463 361//463 352//463
f 362//464 364//464 352//464
f 364//464 349//464 352//464
f 365//465 363//465 352//465
f 366//466 365//466 352//466
f 355//467 366//467 352//467
f 330//468 367//468 132//468
f 367//468 368//468 132//468
f 368//469 369//469 132//469
f 369//470 197//470 132//470
f 364//471 350//471 349//471
f 351//472 367//472 330//472
f 370//473 353//473 321//473
f 307//474 370//474 321//474
f 371//475 372//475 282//475
f 372//476 308//476 282//476
f 197//477 371//477 282//477
f 310//478 370//478 307//478
f 372//479 311//479 308//479
f 373//480 354//480 353//480
f 370//481 373//481 353//481
f 374//482 375//482 371//482
f 375//483 372//483 371//483
f 197//484 374//484 371//484
f 376//485 377//485 322//485
f 377//486 357//486 322//486
f 275//487 378//487 322//487
f 378//488 376//488 322//488
f 360//489 379//489 323//489
f 379//490 380//490 323//490
f 381//491 276//491 323//491
f 380//492 381//492 323//492
f 382//493 287//493 285//493
f 286//494 383//494 285//494
f 383//495 384//495 285//495
f 384//496 382//496 285//496
f 382//493 385//493 287//493
f 385//497 386//497 287//497
f 386//498 289//498 287//498
f 288//499 387//499 286//499
f 387//500 383//500 286//500
f 386//501 388//501 289//501
f 388//502 291//502 289//502
f 290//503 389//503 288//503
f 389//504 390//504 288//504
f 390//505 387//505 288//505
f 391//506 293//506 291//506
f 392//507 391//507 291//507
f 388//508 393//508 291//508
f 393//508 392//508 291//508
f 292//509 394//509 290//509
f 394//510 395//510 290//510
f 395//511 389//511 290//511
f 396//512 295//512 293//512
f 391//513 396//513 293//513
f 294//514 397//514 292//514
f 397//515 398//515 292//515
f 398//515 394//515 292//515
f 399//516 297//516 295//516
f 400//517 399//517 295//517
f 396//518 400//518 295//518
f 296//519 401//519 294//519
f 401//519 397//519 294//519
f 402//520 299//520 297//520
f 399//521 402//521 297//521
f 298//522 403//522 296//522
f 403//523 404//523 296//523
f 404//524 401//524 296//524
f 405//525 406//525 299//525
f 406//526 301//526 299//526
f 402//520 405//520 299//520
f 300//527 407//527 298//527
f 407//528 408//528 298//528
f 408//529 403//529 298//529
f 406//530 409//530 301//530
f 409//531 410//531 301//531
f 410//532 303//532 301//532
f 411//533 407//533 300//533
f 412//534 411//534 300//534
f 302//535 412//535 300//535
f 413//536 306//536 303//536
f 410//537 414//537 303//537
f 414//538 413//538 303//538
f 415//539 412//539 302//539
f 331//540 415//540 302//540
f 413//541 416//541 306//541
f 416//542 334//542 306//542
f 417//543 335//543 334//543
f 416//544 418//544 334//544
f 418//545 417//545 334//545
f 419//546 415//546 331//546
f 332//420 419//420 331//420
f 420//547 373//547 370//547
f 310//548 420//548 370//548
f 375//549 311//549 372//549
f 421//550 420//550 310//550
f 309//551 421//551 310//551
f 422//552 313//552 311//552
f 375//553 422//553 311//553
f 312//554 423//554 309//554
f 423//555 421//555 309//555
f 424//556 315//556 313//556
f 422//557 424//557 313//557
f 425//558 423//558 312//558
f 314//559 425//559 312//559
f 424//560 426//560 315//560
f 426//561 317//561 315//561
f 427//562 425//562 314//562
f 316//563 427//563 314//563
f 428//564 429//564 317//564
f 426//565 428//565 317//565
f 429//566 319//566 317//566
f 328//567 430//567 316//567
f 431//568 427//568 316//568
f 430//567 431//567 316//567
f 429//569 432//569 319//569
f 432//570 329//570 319//570
f 329//571 430//571 328//571
f 433//571 430//571 329//571
f 432//570 433//570 329//570
f 434//572 378//572 275//572
f 435//573 434//573 275//573
f 350//574 435//574 275//574
f 381//575 436//575 276//575
f 436//576 437//576 276//576
f 437//577 438//577 276//577
f 438//578 351//578 276//578
f 362//579 350//579 364//579
f 351//472 368//472 367//472
f 362//580 439//580 350//580
f 439//581 435//581 350//581
f 438//582 368//582 351//582
f 373//583 355//583 354//583
f 438//584 369//584 368//584
f 361//585 439//585 362//585
f 440//586 385//586 382//586
f 384//587 440//587 382//587
f 440//586 441//586 385//586
f 441//588 386//588 385//588
f 383//589 440//589 384//589
f 441//590 388//590 386//590
f 387//591 442//591 383//591
f 442//592 440//592 383//592
f 441//593 443//593 388//593
f 443//594 393//594 388//594
f 390//595 442//595 387//595
f 443//596 392//596 393//596
f 389//597 444//597 390//597
f 444//598 442//598 390//598
f 445//599 391//599 392//599
f 443//600 445//600 392//600
f 395//601 444//601 389//601
f 445//599 396//599 391//599
f 394//602 444//602 395//602
f 445//603 400//603 396//603
f 398//604 446//604 394//604
f 446//605 444//605 394//605
f 445//606 447//606 400//606
f 447//607 399//607 400//607
f 448//608 449//608 398//608
f 449//609 450//609 398//609
f 450//610 451//610 398//610
f 397//611 452//611 398//611
f 452//612 453//612 398//612
f 453//613 448//613 398//613
f 451//614 454//614 398//614
f 454//615 446//615 398//615
f 455//616 456//616 399//616
f 456//617 457//617 399//617
f 457//618 402//618 399//618
f 447//619 458//619 399//619
f 458//620 455//620 399//620
f 401//621 459//621 397//621
f 459//622 452//622 397//622
f 457//623 460//623 402//623
f 460//624 461//624 402//624
f 461//625 405//625 402//625
f 404//626 462//626 401//626
f 462//627 459//627 401//627
f 461//628 463//628 405//628
f 463//629 406//629 405//629
f 403//630 464//630 404//630
f 464//631 462//631 404//631
f 463//632 465//632 406//632
f 465//633 409//633 406//633
f 408//634 466//634 403//634
f 466//635 467//635 403//635
f 467//636 464//636 403//636
f 468//637 410//637 409//637
f 465//638 469//638 409//638
f 469//639 468//639 409//639
f 407//640 470//640 408//640
f 470//641 466//641 408//641
f 468//642 471//642 410//642
f 471//643 414//643 410//643
f 411//644 472//644 407//644
f 472//645 470//645 407//645
f 471//646 473//646 414//646
f 473//647 413//647 414//647
f 412//648 474//648 411//648
f 474//649 475//649 411//649
f 475//649 472//649 411//649
f 476//650 416//650 413//650
f 473//651 477//651 413//651
f 477//652 476//652 413//652
f 415//653 478//653 412//653
f 478//654 474//654 412//654
f 479//655 418//655 416//655
f 480//656 479//656 416//656
f 476//657 480//657 416//657
f 481//658 482//658 415//658
f 482//659 483//659 415//659
f 483//660 478//660 415//660
f 484//661 481//661 415//661
f 419//662 484//662 415//662
f 479//663 485//663 418//663
f 485//664 486//664 418//664
f 486//665 487//665 418//665
f 487//666 488//666 418//666
f 488//667 489//667 418//667
f 489//668 490//668 418//668
f 490//669 417//669 418//669
f 491//670 484//670 419//670
f 332//671 492//671 419//671
f 492//671 491//671 419//671
f 490//672 335//672 417//672
f 333//673 493//673 332//673
f 493//673 492//673 332//673
f 490//672 494//672 335//672
f 494//674 337//674 335//674
f 338//675 495//675 333//675
f 495//675 493//675 333//675
f 496//676 336//676 337//676
f 494//674 496//674 337//674
f 339//677 495//677 338//677
f 496//676 497//676 336//676
f 497//678 341//678 336//678
f 340//679 498//679 339//679
f 498//680 495//680 339//680
f 497//681 499//681 341//681
f 499//682 342//682 341//682
f 344//683 498//683 340//683
f 499//684 345//684 342//684
f 343//685 500//685 344//685
f 500//686 498//686 344//686
f 499//687 501//687 345//687
f 501//688 348//688 345//688
f 502//689 503//689 343//689
f 356//690 504//690 343//690
f 504//691 505//691 343//691
f 505//692 502//692 343//692
f 503//693 506//693 343//693
f 506//694 507//694 343//694
f 507//695 500//695 343//695
f 501//696 508//696 348//696
f 508//697 509//697 348//697
f 509//698 510//698 348//698
f 510//699 511//699 348//699
f 511//700 512//700 348//700
f 512//701 359//701 348//701
f 358//702 513//702 356//702
f 513//703 504//703 356//703
f 512//704 514//704 359//704
f 514//705 360//705 359//705
f 515//706 366//706 355//706
f 516//707 515//707 355//707
f 373//675 516//675 355//675
f 517//675 516//675 373//675
f 420//708 518//708 373//708
f 518//709 519//709 373//709
f 519//710 520//710 373//710
f 520//710 517//710 373//710
f 374//676 521//676 375//676
f 522//711 422//711 375//711
f 523//712 522//712 375//712
f 521//713 523//713 375//713
f 421//714 524//714 420//714
f 524//715 525//715 420//715
f 525//716 526//716 420//716
f 526//717 527//717 420//717
f 527//718 528//718 420//718
f 528//719 529//719 420//719
f 529//720 518//720 420//720
f 530//721 531//721 422//721
f 532//721 530//721 422//721
f 533//722 424//722 422//722
f 534//723 533//723 422//723
f 531//724 534//724 422//724
f 522//725 532//725 422//725
f 423//726 535//726 421//726
f 535//727 536//727 421//727
f 536//728 524//728 421//728
f 533//729 537//729 424//729
f 538//730 426//730 424//730
f 539//731 538//731 424//731
f 537//732 539//732 424//732
f 425//733 535//733 423//733
f 538//734 540//734 426//734
f 540//735 428//735 426//735
f 541//736 535//736 425//736
f 427//737 541//737 425//737
f 540//738 542//738 428//738
f 542//739 429//739 428//739
f 431//740 541//740 427//740
f 542//741 432//741 429//741
f 430//742 543//742 431//742
f 543//743 541//743 431//743
f 544//744 433//744 432//744
f 542//745 544//745 432//745
f 544//746 543//746 430//746
f 433//746 544//746 430//746
f 197//747 545//747 374//747
f 545//676 521//676 374//676
f 357//748 546//748 358//748
f 546//749 547//749 358//749
f 547//750 513//750 358//750
f 514//751 548//751 360//751
f 548//752 549//752 360//752
f 549//753 550//753 360//753
f 550//754 379//754 360//754
f 551//755 515//755 516//755
f 517//675 551//675 516//675
f 552//756 553//756 545//756
f 197//757 552//757 545//757
f 553//676 521//676 545//676
f 554//758 555//758 378//758
f 434//759 554//759 378//759
f 555//760 376//760 378//760
f 556//761 557//761 381//761
f 557//762 558//762 381//762
f 558//763 559//763 381//763
f 559//764 436//764 381//764
f 380//765 556//765 381//765
f 377//766 560//766 357//766
f 560//767 546//767 357//767
f 550//768 561//768 379//768
f 561//769 380//769 379//769
f 376//770 560//770 377//770
f 561//771 562//771 380//771
f 562//772 556//772 380//772
f 363//773 439//773 361//773
f 563//774 197//774 369//774
f 438//584 563//584 369//584
f 564//775 565//775 439//775
f 363//776 564//776 439//776
f 566//777 435//777 439//777
f 565//778 566//778 439//778
f 567//779 568//779 438//779
f 437//780 569//780 438//780
f 569//781 567//781 438//781
f 568//782 563//782 438//782
f 552//783 570//783 553//783
f 570//676 521//676 553//676
f 555//784 571//784 376//784
f 571//785 560//785 376//785
f 562//786 557//786 556//786
f 566//787 572//787 435//787
f 572//788 573//788 435//788
f 573//789 574//789 435//789
f 574//790 434//790 435//790
f 436//791 575//791 437//791
f 575//792 576//792 437//792
f 576//793 569//793 437//793
f 555//794 577//794 571//794
f 577//795 578//795 571//795
f 578//796 560//796 571//796
f 579//797 580//797 557//797
f 562//798 579//798 557//798
f 580//799 558//799 557//799
f 555//800 554//800 577//800
f 554//801 434//801 577//801
f 434//802 574//802 577//802
f 574//801 573//801 577//801
f 573//803 572//803 577//803
f 572//804 581//804 577//804
f 581//805 578//805 577//805
f 582//806 567//806 580//806
f 567//807 569//807 580//807
f 569//807 576//807 580//807
f 576//808 575//808 580//808
f 575//809 436//809 580//809
f 436//810 559//810 580//810
f 559//811 558//811 580//811
f 583//805 582//805 580//805
f 579//805 583//805 580//805
f 561//812 579//812 562//812
f 365//813 564//813 363//813
f 552//814 197//814 563//814
f 584//815 552//815 563//815
f 568//816 584//816 563//816
f 366//817 585//817 365//817
f 585//818 564//818 365//818
f 586//819 587//819 366//819
f 587//817 585//817 366//817
f 515//820 586//820 366//820
f 588//821 552//821 584//821
f 589//822 588//822 584//822
f 568//823 589//823 584//823
f 590//824 586//824 515//824
f 551//825 590//825 515//825
f 591//826 570//826 552//826
f 588//827 591//827 552//827
f 578//828 546//828 560//828
f 561//829 592//829 579//829
f 592//805 593//805 579//805
f 594//805 583//805 579//805
f 593//805 594//805 579//805
f 550//830 592//830 561//830
f 549//831 592//831 550//831
f 595//832 588//832 589//832
f 596//833 595//833 589//833
f 568//834 597//834 589//834
f 597//835 598//835 589//835
f 598//836 596//836 589//836
f 587//837 599//837 585//837
f 600//838 564//838 585//838
f 599//839 600//839 585//839
f 601//840 547//840 578//840
f 547//841 546//841 578//841
f 602//805 601//805 578//805
f 581//805 602//805 578//805
f 601//842 513//842 547//842
f 603//843 604//843 564//843
f 604//844 565//844 564//844
f 600//845 603//845 564//845
f 605//846 597//846 568//846
f 567//847 606//847 568//847
f 606//848 605//848 568//848
f 566//849 581//849 572//849
f 604//850 603//850 581//850
f 565//851 604//851 581//851
f 603//852 600//852 581//852
f 600//853 599//853 581//853
f 599//854 587//854 581//854
f 566//855 565//855 581//855
f 587//805 586//805 581//805
f 586//805 602//805 581//805
f 598//856 597//856 582//856
f 597//857 605//857 582//857
f 605//858 606//858 582//858
f 606//859 567//859 582//859
f 583//805 598//805 582//805
f 548//860 592//860 549//860
f 514//861 592//861 548//861
f 601//862 504//862 513//862
f 607//863 473//863 471//863
f 468//864 607//864 471//864
f 608//865 462//865 464//865
f 467//866 608//866 464//866
f 469//867 607//867 468//867
f 466//868 608//868 467//868
f 470//869 608//869 466//869
f 465//870 607//870 469//870
f 609//871 590//871 551//871
f 517//675 609//675 551//675
f 607//872 477//872 473//872
f 608//873 459//873 462//873
f 601//874 505//874 504//874
f 463//875 607//875 465//875
f 472//876 608//876 470//876
f 610//877 596//877 598//877
f 611//805 610//805 598//805
f 583//805 611//805 598//805
f 610//878 595//878 596//878
f 611//879 595//879 610//879
f 611//880 588//880 595//880
f 608//881 452//881 459//881
f 461//882 607//882 463//882
f 608//883 453//883 452//883
f 607//884 476//884 477//884
f 591//885 521//885 570//885
f 479//886 480//886 607//886
f 480//887 476//887 607//887
f 457//888 479//888 607//888
f 460//889 457//889 607//889
f 461//890 460//890 607//890
f 475//891 608//891 472//891
f 474//892 608//892 475//892
f 514//893 593//893 592//893
f 512//894 593//894 514//894
f 511//895 593//895 512//895
f 448//896 453//896 608//896
f 478//897 448//897 608//897
f 474//898 478//898 608//898
f 502//899 505//899 601//899
f 602//900 502//900 601//900
f 602//901 503//901 502//901
f 483//902 448//902 478//902
f 456//903 479//903 457//903
f 612//904 449//904 448//904
f 483//905 612//905 448//905
f 613//906 485//906 479//906
f 456//907 613//907 479//907
f 510//908 593//908 511//908
f 588//909 614//909 591//909
f 614//910 615//910 591//910
f 615//911 521//911 591//911
f 616//912 590//912 609//912
f 617//913 616//913 609//913
f 517//675 617//675 609//675
f 618//914 614//914 611//914
f 614//915 588//915 611//915
f 583//805 618//805 611//805
f 590//916 619//916 586//916
f 619//805 620//805 586//805
f 620//805 602//805 586//805
f 616//917 619//917 590//917
f 455//918 613//918 456//918
f 482//919 612//919 483//919
f 621//920 619//920 616//920
f 622//921 621//921 616//921
f 617//922 622//922 616//922
f 623//923 615//923 614//923
f 618//924 623//924 614//924
f 612//925 450//925 449//925
f 613//926 486//926 485//926
f 517//927 622//927 617//927
f 623//928 521//928 615//928
f 602//929 506//929 503//929
f 458//930 624//930 455//930
f 624//931 613//931 455//931
f 481//932 625//932 482//932
f 625//933 612//933 482//933
f 487//934 486//934 613//934
f 624//935 487//935 613//935
f 451//936 450//936 612//936
f 625//937 451//937 612//937
f 509//938 593//938 510//938
f 508//939 594//939 593//939
f 509//940 508//940 593//940
f 626//941 507//941 602//941
f 507//942 506//942 602//942
f 620//943 627//943 602//943
f 627//944 628//944 602//944
f 628//945 626//945 602//945
f 447//946 624//946 458//946
f 484//947 625//947 481//947
f 626//948 500//948 507//948
f 484//947 629//947 625//947
f 630//949 451//949 625//949
f 629//950 630//950 625//950
f 447//951 631//951 624//951
f 632//952 487//952 624//952
f 631//953 632//953 624//953
f 633//954 454//954 451//954
f 630//955 633//955 451//955
f 634//956 488//956 487//956
f 632//957 634//957 487//957
f 517//958 621//958 622//958
f 633//959 446//959 454//959
f 634//960 489//960 488//960
f 635//961 594//961 508//961
f 501//962 635//962 508//962
f 636//676 623//676 618//676
f 637//676 636//676 618//676
f 638//805 637//805 618//805
f 583//805 638//805 618//805
f 621//675 639//675 619//675
f 639//805 620//805 619//805
f 517//675 639//675 621//675
f 640//676 521//676 623//676
f 636//676 640//676 623//676
f 447//963 641//963 631//963
f 641//964 632//964 631//964
f 484//965 642//965 629//965
f 642//966 630//966 629//966
f 642//967 643//967 630//967
f 644//968 633//968 630//968
f 643//969 644//969 630//969
f 641//970 645//970 632//970
f 646//971 634//971 632//971
f 645//972 646//972 632//972
f 644//973 446//973 633//973
f 646//974 489//974 634//974
f 628//975 500//975 626//975
f 647//976 648//976 649//976
f 650//976 647//976 649//976
f 648//977 651//977 649//977
f 651//978 652//978 649//978
f 652//978 650//978 649//978
f 653//979 654//979 651//979
f 648//977 653//977 651//977
f 654//978 652//978 651//978
f 655//980 647//980 650//980
f 656//980 655//980 650//980
f 652//978 656//978 650//978
f 657//981 658//981 654//981
f 653//979 657//979 654//979
f 658//978 652//978 654//978
f 659//982 655//982 656//982
f 660//982 659//982 656//982
f 652//978 660//978 656//978
f 661//676 662//676 658//676
f 657//981 661//981 658//981
f 662//978 652//978 658//978
f 663//675 659//675 660//675
f 664//675 663//675 660//675
f 652//978 664//978 660//978
f 665//978 666//978 652//978
f 667//978 665//978 652//978
f 662//978 668//978 652//978
f 668//978 667//978 652//978
f 666//978 669//978 652//978
f 669//978 664//978 652//978
f 670//983 668//983 662//983
f 661//676 670//676 662//676
f 671//984 663//984 664//984
f 669//984 671//984 664//984
f 672//985 667//985 668//985
f 670//983 672//983 668//983
f 673//986 671//986 669//986
f 666//986 673//986 669//986
f 674//987 665//987 667//987
f 672//985 674//985 667//985
f 675//988 673//988 666//988
f 665//988 675//988 666//988
f 674//987 675//987 665//987
f 676//989 594//989 635//989
f 501//990 676//990 635//990
f 484//991 643//991 642//991
f 447//992 645//992 641//992
f 677//993 594//993 676//993
f 501//994 677//994 676//994
f 677//995 678//995 594//995
f 678//996 583//996 594//996
f 679//997 446//997 644//997
f 643//998 679//998 644//998
f 680//999 489//999 646//999
f 645//1000 680//1000 646//1000
f 681//1001 446//1001 679//1001
f 643//1002 682//1002 679//1002
f 682//1003 681//1003 679//1003
f 683//1004 489//1004 680//1004
f 645//1005 684//1005 680//1005
f 684//1006 683//1006 680//1006
f 484//1007 685//1007 643//1007
f 685//1008 682//1008 643//1008
f 447//992 686//992 645//992
f 686//1009 684//1009 645//1009
f 627//1010 500//1010 628//1010
f 620//1011 687//1011 627//1011
f 687//1012 500//1012 627//1012
f 688//1013 687//1013 620//1013
f 689//1014 690//1014 620//1014
f 690//1015 691//1015 620//1015
f 691//1016 688//1016 620//1016
f 639//805 692//805 620//805
f 692//805 689//805 620//805
f 447//1017 693//1017 686//1017
f 693//1018 684//1018 686//1018
f 484//1019 694//1019 685//1019
f 694//1020 682//1020 685//1020
f 695//1021 446//1021 681//1021
f 682//1022 695//1022 681//1022
f 696//1023 489//1023 683//1023
f 684//1024 696//1024 683//1024
f 697//1025 678//1025 677//1025
f 501//1026 697//1026 677//1026
f 638//1027 698//1027 637//1027
f 698//1028 699//1028 637//1028
f 699//1028 700//1028 637//1028
f 700//1029 636//1029 637//1029
f 517//675 701//675 639//675
f 702//1030 692//1030 639//1030
f 701//1031 703//1031 639//1031
f 703//1032 702//1032 639//1032
f 704//676 640//676 636//676
f 700//1033 704//1033 636//1033
f 705//1034 704//1034 700//1034
f 699//1035 705//1035 700//1035
f 694//1036 706//1036 682//1036
f 706//1037 707//1037 682//1037
f 707//1038 708//1038 682//1038
f 708//1039 709//1039 682//1039
f 709//1040 695//1040 682//1040
f 710//1041 711//1041 684//1041
f 693//1042 710//1042 684//1042
f 712//1043 696//1043 684//1043
f 711//1044 712//1044 684//1044
f 713//1045 692//1045 702//1045
f 703//1046 714//1046 702//1046
f 714//1047 713//1047 702//1047
f 715//1048 692//1048 713//1048
f 714//1049 716//1049 713//1049
f 716//1050 717//1050 713//1050
f 717//1051 715//1051 713//1051
f 718//1052 705//1052 699//1052
f 698//1053 719//1053 699//1053
f 719//1054 720//1054 699//1054
f 720//1055 718//1055 699//1055
f 688//1056 500//1056 687//1056
f 447//1057 710//1057 693//1057
f 484//1058 706//1058 694//1058
f 721//1059 446//1059 695//1059
f 709//1060 721//1060 695//1060
f 722//1061 489//1061 696//1061
f 712//1062 722//1062 696//1062
f 638//1063 719//1063 698//1063
f 723//1064 692//1064 715//1064
f 717//1065 723//1065 715//1065
f 484//1066 724//1066 706//1066
f 724//1067 707//1067 706//1067
f 725//1062 722//1062 712//1062
f 711//1068 725//1068 712//1068
f 447//1069 726//1069 710//1069
f 726//1070 711//1070 710//1070
f 708//1060 721//1060 709//1060
f 727//1071 692//1071 723//1071
f 728//1072 727//1072 723//1072
f 717//1073 728//1073 723//1073
f 727//805 729//805 692//805
f 729//805 689//805 692//805
f 648//978 441//978 440//978
f 653//978 648//978 440//978
f 442//978 653//978 440//978
f 648//978 443//978 441//978
f 444//978 653//978 442//978
f 647//978 445//978 443//978
f 648//978 647//978 443//978
f 657//978 653//978 444//978
f 446//978 657//978 444//978
f 647//978 655//978 445//978
f 655//978 447//978 445//978
f 721//978 657//978 446//978
f 655//978 726//978 447//978
f 708//978 661//978 721//978
f 661//978 657//978 721//978
f 655//978 659//978 726//978
f 659//978 711//978 726//978
f 707//978 670//978 708//978
f 670//978 661//978 708//978
f 659//978 725//978 711//978
f 496//978 494//978 659//978
f 663//978 499//978 659//978
f 499//978 497//978 659//978
f 497//978 496//978 659//978
f 494//978 490//978 659//978
f 490//978 489//978 659//978
f 489//978 722//978 659//978
f 722//978 725//978 659//978
f 707//978 724//978 670//978
f 724//978 484//978 670//978
f 484//978 672//978 670//978
f 671//978 499//978 663//978
f 498//978 674//978 672//978
f 492//978 493//978 672//978
f 493//978 495//978 672//978
f 495//978 498//978 672//978
f 484//978 491//978 672//978
f 491//978 492//978 672//978
f 673//978 499//978 671//978
f 498//978 691//978 674//978
f 691//978 675//978 674//978
f 678//978 499//978 673//978
f 691//978 678//978 673//978
f 675//978 691//978 673//978
f 500//978 691//978 498//978
f 678//978 501//978 499//978
f 688//978 691//978 500//978
f 678//978 697//978 501//978
f 730//805 678//805 691//805
f 690//805 730//805 691//805
f 731//1074 583//1074 678//1074
f 732//805 733//805 678//805
f 734//805 732//805 678//805
f 730//805 734//805 678//805
f 733//805 735//805 678//805
f 735//805 736//805 678//805
f 736//1075 731//1075 678//1075
f 737//1076 583//1076 731//1076
f 738//1076 737//1076 731//1076
f 736//805 738//805 731//805
f 737//805 739//805 583//805
f 740//805 638//805 583//805
f 739//805 740//805 583//805
f 740//1077 741//1077 638//1077
f 742//1078 719//1078 638//1078
f 741//1079 742//1079 638//1079
f 740//1080 743//1080 741//1080
f 743//1081 742//1081 741//1081
f 744//1082 727//1082 728//1082
f 745//1083 746//1083 728//1083
f 717//1084 747//1084 728//1084
f 747//1085 745//1085 728//1085
f 746//1086 744//1086 728//1086
f 748//1087 727//1087 744//1087
f 746//1088 748//1088 744//1088
f 689//1089 749//1089 690//1089
f 749//805 730//805 690//805
f 729//1089 749//1089 689//1089
f 740//1090 750//1090 743//1090
f 750//1091 751//1091 743//1091
f 751//1092 742//1092 743//1092
f 740//1093 752//1093 750//1093
f 752//1094 753//1094 750//1094
f 753//1095 751//1095 750//1095
f 739//1096 754//1096 740//1096
f 754//1097 755//1097 740//1097
f 755//1098 752//1098 740//1098
f 756//1099 524//1099 536//1099
f 535//4 756//4 536//4
f 539//1100 757//1100 538//1100
f 757//1101 758//1101 538//1101
f 758//1102 759//1102 538//1102
f 759//4 540//4 538//4
f 541//4 756//4 535//4
f 759//4 542//4 540//4
f 760//4 756//4 541//4
f 761//4 760//4 541//4
f 543//4 761//4 541//4
f 762//4 544//4 542//4
f 763//4 762//4 542//4
f 759//4 763//4 542//4
f 764//4 761//4 543//4
f 544//4 764//4 543//4
f 762//4 764//4 544//4
f 765//976 766//976 761//976
f 764//976 765//976 761//976
f 766//977 760//977 761//977
f 767//4 768//4 760//4
f 769//4 767//4 760//4
f 770//4 769//4 760//4
f 768//4 756//4 760//4
f 771//979 770//979 760//979
f 766//977 771//977 760//977
f 772//980 765//980 764//980
f 762//980 772//980 764//980
f 773//4 769//4 770//4
f 774//981 773//981 770//981
f 771//979 774//979 770//979
f 775//982 772//982 762//982
f 763//982 775//982 762//982
f 776//4 769//4 773//4
f 777//676 776//676 773//676
f 774//981 777//981 773//981
f 759//4 778//4 763//4
f 778//4 779//4 763//4
f 780//675 775//675 763//675
f 779//675 780//675 763//675
f 758//1103 781//1103 759//1103
f 781//1104 778//1104 759//1104
f 525//1105 524//1105 756//1105
f 782//1106 525//1106 756//1106
f 768//1107 782//1107 756//1107
f 783//4 784//4 776//4
f 784//4 785//4 776//4
f 785//4 769//4 776//4
f 786//983 783//983 776//983
f 777//676 786//676 776//676
f 778//4 787//4 779//4
f 787//4 788//4 779//4
f 788//4 789//4 779//4
f 789//4 790//4 779//4
f 790//4 791//4 779//4
f 792//984 780//984 779//984
f 791//984 792//984 779//984
f 767//1108 793//1108 768//1108
f 793//1109 782//1109 768//1109
f 769//1110 793//1110 767//1110
f 781//1104 787//1104 778//1104
f 794//4 795//4 783//4
f 796//4 794//4 783//4
f 795//4 797//4 783//4
f 797//4 784//4 783//4
f 798//4 799//4 783//4
f 799//4 800//4 783//4
f 800//4 796//4 783//4
f 801//985 798//985 783//985
f 786//983 801//983 783//983
f 802//4 803//4 791//4
f 790//4 804//4 791//4
f 804//4 802//4 791//4
f 805//986 792//986 791//986
f 803//986 805//986 791//986
f 781//1111 806//1111 787//1111
f 806//1112 788//1112 787//1112
f 807//4 808//4 798//4
f 808//4 809//4 798//4
f 809//4 799//4 798//4
f 810//987 807//987 798//987
f 801//985 810//985 798//985
f 811//4 812//4 803//4
f 812//4 813//4 803//4
f 813//4 807//4 803//4
f 802//4 814//4 803//4
f 814//4 815//4 803//4
f 815//4 816//4 803//4
f 816//4 811//4 803//4
f 817//988 805//988 803//988
f 807//988 817//988 803//988
f 818//4 819//4 807//4
f 819//4 820//4 807//4
f 820//4 821//4 807//4
f 821//4 808//4 807//4
f 813//4 822//4 807//4
f 822//4 818//4 807//4
f 810//987 817//987 807//987
f 785//1113 823//1114 769//1114
f 823//1115 793//1115 769//1115
f 806//1116 824//1116 788//1116
f 824//1117 789//1117 788//1117
f 784//1118 823//1118 785//1118
f 824//1119 825//1119 789//1119
f 825//1120 790//1120 789//1120
f 825//1120 804//1120 790//1120
f 826//1121 823//1121 784//1121
f 797//1122 826//1122 784//1122
f 795//1123 827//1123 797//1123
f 827//1124 826//1124 797//1124
f 825//1125 828//1125 804//1125
f 828//1126 802//1126 804//1126
f 794//1123 827//1123 795//1123
f 828//1127 829//1127 802//1127
f 829//1128 814//1128 802//1128
f 830//1129 827//1129 794//1129
f 796//1130 830//1130 794//1130
f 831//1131 830//1131 796//1131
f 800//1132 831//1132 796//1132
f 799//1132 831//1132 800//1132
f 829//1133 815//1133 814//1133
f 829//1134 832//1134 815//1134
f 832//1135 816//1135 815//1135
f 833//1136 831//1136 799//1136
f 809//1137 833//1137 799//1137
f 832//1135 811//1135 816//1135
f 808//1138 833//1138 809//1138
f 832//1139 834//1139 811//1139
f 834//1140 812//1140 811//1140
f 835//1141 813//1141 812//1141
f 834//1142 835//1142 812//1142
f 836//1143 833//1143 808//1143
f 821//1144 836//1144 808//1144
f 837//1145 822//1145 813//1145
f 838//1146 837//1146 813//1146
f 835//1147 838//1147 813//1147
f 839//1148 818//1148 822//1148
f 837//1149 839//1149 822//1149
f 840//1150 836//1150 821//1150
f 820//1151 840//1151 821//1151
f 841//1152 840//1152 820//1152
f 819//1153 841//1153 820//1153
f 818//1153 841//1153 819//1153
f 839//1154 841//1154 818//1154
f 757//1155 781//1155 758//1155
f 842//1156 525//1156 782//1156
f 793//1157 842//1157 782//1157
f 843//1158 842//1158 793//1158
f 823//1159 844//1159 793//1159
f 844//1160 843//1160 793//1160
f 757//1161 845//1161 781//1161
f 845//1162 806//1162 781//1162
f 846//1163 844//1163 823//1163
f 826//1163 846//1163 823//1163
f 845//1164 847//1164 806//1164
f 847//1165 824//1165 806//1165
f 847//1166 825//1166 824//1166
f 848//1167 846//1167 826//1167
f 827//1167 848//1167 826//1167
f 849//1168 828//1168 825//1168
f 847//1169 849//1169 825//1169
f 830//1170 848//1170 827//1170
f 850//1171 829//1171 828//1171
f 849//1168 850//1168 828//1168
f 851//1172 848//1172 830//1172
f 831//1173 851//1173 830//1173
f 852//1174 851//1174 831//1174
f 833//1175 852//1175 831//1175
f 853//1176 832//1176 829//1176
f 850//1171 853//1171 829//1171
f 854//1177 852//1177 833//1177
f 836//1177 854//1177 833//1177
f 855//1178 834//1178 832//1178
f 853//1176 855//1176 832//1176
f 855//1179 835//1179 834//1179
f 856//1180 854//1180 836//1180
f 840//1180 856//1180 836//1180
f 857//1181 838//1181 835//1181
f 855//1182 857//1182 835//1182
f 857//1183 837//1183 838//1183
f 858//1184 856//1184 840//1184
f 841//1184 858//1184 840//1184
f 859//1185 839//1185 837//1185
f 857//1186 859//1186 837//1186
f 859//1187 841//1187 839//1187
f 859//1188 858//1188 841//1188
f 537//1189 757//1189 539//1189
f 755//1190 860//1190 752//1190
f 860//1191 753//1191 752//1191
f 861//1087 727//1087 748//1087
f 862//1192 861//1192 748//1192
f 746//1193 862//1193 748//1193
f 863//1194 727//1194 861//1194
f 864//1195 863//1195 861//1195
f 862//1196 864//1196 861//1196
f 842//1197 526//1197 525//1197
f 865//1198 527//1198 526//1198
f 842//1199 866//1199 526//1199
f 866//1200 865//1200 526//1200
f 533//1201 757//1201 537//1201
f 867//1202 757//1202 533//1202
f 534//1203 867//1203 533//1203
f 867//1161 845//1161 757//1161
f 843//1158 866//1158 842//1158
f 534//1204 868//1204 867//1204
f 868//1205 845//1205 867//1205
f 843//1206 865//1206 866//1206
f 869//1206 865//1206 843//1206
f 844//1207 870//1207 843//1207
f 870//1207 869//1207 843//1207
f 868//1205 871//1205 845//1205
f 871//1208 847//1208 845//1208
f 846//1209 872//1209 844//1209
f 872//1210 870//1210 844//1210
f 871//1208 873//1208 847//1208
f 873//1211 849//1211 847//1211
f 874//1212 872//1212 846//1212
f 848//1212 874//1212 846//1212
f 873//1213 875//1213 849//1213
f 875//1214 850//1214 849//1214
f 851//1215 876//1215 848//1215
f 876//1216 874//1216 848//1216
f 875//1214 877//1214 850//1214
f 877//1217 853//1217 850//1217
f 852//1218 878//1218 851//1218
f 878//1219 876//1219 851//1219
f 877//1220 879//1220 853//1220
f 879//1221 855//1221 853//1221
f 854//1222 880//1222 852//1222
f 880//1223 878//1223 852//1223
f 881//1224 857//1224 855//1224
f 879//1225 881//1225 855//1225
f 856//1226 882//1226 854//1226
f 882//1227 880//1227 854//1227
f 881//1228 883//1228 857//1228
f 883//1229 859//1229 857//1229
f 858//1230 884//1230 856//1230
f 884//1231 882//1231 856//1231
f 885//1232 858//1232 859//1232
f 883//1233 885//1233 859//1233
f 885//1234 884//1234 858//1234
f 531//1235 868//1235 534//1235
f 754//1236 886//1236 755//1236
f 886//1237 860//1237 755//1237
f 887//1238 727//1238 863//1238
f 864//1239 888//1239 863//1239
f 888//805 887//805 863//805
f 739//1240 889//1240 754//1240
f 889//805 886//805 754//805
f 739//1241 737//1241 738//1241
f 889//1241 739//1241 738//1241
f 736//805 889//805 738//805
f 729//1242 727//1242 887//1242
f 749//1242 729//1242 887//1242
f 890//805 749//805 887//805
f 888//805 890//805 887//805
f 865//1243 528//1243 527//1243
f 530//1244 868//1244 531//1244
f 891//1245 868//1245 530//1245
f 892//1246 891//1246 530//1246
f 532//1247 892//1247 530//1247
f 865//1248 529//1248 528//1248
f 891//1249 871//1249 868//1249
f 893//1250 519//1250 865//1250
f 519//1251 518//1251 865//1251
f 518//1252 529//1252 865//1252
f 869//1253 893//1253 865//1253
f 890//805 730//805 749//805
f 736//805 894//805 889//805
f 894//805 886//805 889//805
f 892//1254 871//1254 891//1254
f 520//1255 519//1255 893//1255
f 895//1256 520//1256 893//1256
f 869//1257 895//1257 893//1257
f 896//1258 895//1258 869//1258
f 870//1259 897//1259 869//1259
f 897//1260 896//1260 869//1260
f 892//1261 898//1261 871//1261
f 898//1262 873//1262 871//1262
f 872//1263 899//1263 870//1263
f 899//1263 897//1263 870//1263
f 898//1264 900//1264 873//1264
f 900//1265 875//1265 873//1265
f 874//1266 901//1266 872//1266
f 901//1267 899//1267 872//1267
f 900//1265 902//1265 875//1265
f 902//1268 877//1268 875//1268
f 903//1269 901//1269 874//1269
f 876//1269 903//1269 874//1269
f 902//1270 904//1270 877//1270
f 904//1271 879//1271 877//1271
f 878//1272 905//1272 876//1272
f 905//1272 903//1272 876//1272
f 906//1273 881//1273 879//1273
f 904//1271 906//1271 879//1271
f 880//1274 907//1274 878//1274
f 907//1275 905//1275 878//1275
f 906//1273 908//1273 881//1273
f 908//1276 883//1276 881//1276
f 882//1277 909//1277 880//1277
f 909//1278 907//1278 880//1278
f 908//1279 910//1279 883//1279
f 910//1280 885//1280 883//1280
f 884//1281 911//1281 882//1281
f 911//1281 909//1281 882//1281
f 912//1282 884//1282 885//1282
f 910//1283 912//1283 885//1283
f 912//1282 911//1282 884//1282
f 522//1284 892//1284 532//1284
f 913//1285 517//1285 520//1285
f 895//1286 913//1286 520//1286
f 523//1287 914//1287 522//1287
f 914//1288 892//1288 522//1288
f 914//1289 898//1289 892//1289
f 896//1290 913//1290 895//1290
f 523//1291 915//1291 914//1291
f 915//1292 898//1292 914//1292
f 916//1293 517//1293 913//1293
f 917//1294 916//1294 913//1294
f 896//1295 917//1295 913//1295
f 918//1296 917//1296 896//1296
f 897//1296 919//1296 896//1296
f 919//1297 918//1297 896//1297
f 915//1298 920//1298 898//1298
f 920//1299 921//1299 898//1299
f 921//1300 900//1300 898//1300
f 899//1301 922//1301 897//1301
f 922//1302 919//1302 897//1302
f 921//1299 923//1299 900//1299
f 923//1303 902//1303 900//1303
f 924//1304 922//1304 899//1304
f 901//1305 925//1305 899//1305
f 925//1306 924//1306 899//1306
f 926//1307 904//1307 902//1307
f 923//1308 927//1308 902//1308
f 927//1309 926//1309 902//1309
f 903//1310 928//1310 901//1310
f 928//1311 929//1311 901//1311
f 929//1312 925//1312 901//1312
f 926//1313 930//1313 904//1313
f 931//1314 906//1314 904//1314
f 930//1315 931//1315 904//1315
f 932//1316 928//1316 903//1316
f 905//1317 932//1317 903//1317
f 931//1318 933//1318 906//1318
f 933//1319 934//1319 906//1319
f 934//1320 908//1320 906//1320
f 935//1321 936//1321 905//1321
f 907//1322 935//1322 905//1322
f 936//1323 932//1323 905//1323
f 934//1324 937//1324 908//1324
f 937//1325 938//1325 908//1325
f 938//1326 910//1326 908//1326
f 909//1327 939//1327 907//1327
f 940//1328 935//1328 907//1328
f 939//1329 940//1329 907//1329
f 938//1330 941//1330 910//1330
f 941//1331 912//1331 910//1331
f 911//1332 942//1332 909//1332
f 942//1332 943//1332 909//1332
f 943//1333 939//1333 909//1333
f 941//1334 944//1334 912//1334
f 944//1335 945//1335 912//1335
f 945//1336 911//1336 912//1336
f 945//1336 942//1336 911//1336
f 521//1337 915//1337 523//1337
f 916//675 946//675 517//675
f 946//675 947//675 517//675
f 948//675 701//675 517//675
f 947//675 949//675 517//675
f 949//1338 950//1338 517//1338
f 950//675 948//675 517//675
f 640//676 915//676 521//676
f 640//676 951//676 915//676
f 951//1339 920//1339 915//1339
f 917//1340 952//1340 916//1340
f 952//1340 946//1340 916//1340
f 918//1341 953//1341 917//1341
f 953//1341 952//1341 917//1341
f 951//1339 954//1339 920//1339
f 954//1342 921//1342 920//1342
f 919//1341 955//1341 918//1341
f 955//1341 953//1341 918//1341
f 954//1342 956//1342 921//1342
f 956//1342 923//1342 921//1342
f 922//1343 957//1343 919//1343
f 957//1343 955//1343 919//1343
f 956//1342 958//1342 923//1342
f 958//1344 927//1344 923//1344
f 924//1343 959//1343 922//1343
f 959//1343 957//1343 922//1343
f 958//1344 960//1344 927//1344
f 960//1344 926//1344 927//1344
f 925//1345 961//1345 924//1345
f 961//1345 959//1345 924//1345
f 960//1344 962//1344 926//1344
f 962//1346 930//1346 926//1346
f 929//1347 963//1347 925//1347
f 963//1347 961//1347 925//1347
f 962//1346 964//1346 930//1346
f 964//1348 931//1348 930//1348
f 928//1349 965//1349 929//1349
f 965//1349 963//1349 929//1349
f 964//1348 966//1348 931//1348
f 966//1350 933//1350 931//1350
f 932//1351 967//1351 928//1351
f 967//1351 965//1351 928//1351
f 966//1350 968//1350 933//1350
f 968//1352 934//1352 933//1352
f 936//1353 969//1353 932//1353
f 969//1353 967//1353 932//1353
f 968//1352 970//1352 934//1352
f 970//1354 937//1354 934//1354
f 935//1355 971//1355 936//1355
f 971//1355 969//1355 936//1355
f 970//1354 972//1354 937//1354
f 972//1356 938//1356 937//1356
f 940//1357 973//1357 935//1357
f 973//1358 971//1358 935//1358
f 972//1356 974//1356 938//1356
f 974//1359 941//1359 938//1359
f 939//1360 975//1360 940//1360
f 975//1360 973//1360 940//1360
f 974//1361 976//1361 941//1361
f 976//1362 944//1362 941//1362
f 943//1363 977//1363 939//1363
f 977//1363 975//1363 939//1363
f 976//1362 978//1362 944//1362
f 978//1364 945//1364 944//1364
f 942//1365 979//1365 943//1365
f 979//1365 977//1365 943//1365
f 978//1364 980//1364 945//1364
f 980//1366 942//1366 945//1366
f 980//1366 979//1366 942//1366
f 981//1367 734//1367 730//1367
f 982//1368 981//1368 730//1368
f 890//1368 982//1368 730//1368
f 983//1369 894//1369 736//1369
f 984//1370 983//1370 736//1370
f 735//1370 984//1370 736//1370
f 985//1367 734//1367 981//1367
f 986//805 985//805 981//805
f 982//805 986//805 981//805
f 987//1369 894//1369 983//1369
f 988//805 987//805 983//805
f 984//805 988//805 983//805
f 888//1371 982//1371 890//1371
f 987//1372 886//1372 894//1372
f 888//1373 864//1373 982//1373
f 864//1374 862//1374 982//1374
f 862//1375 746//1375 982//1375
f 746//1376 745//1376 982//1376
f 745//1377 747//1377 982//1377
f 747//1378 989//1378 982//1378
f 989//805 986//805 982//805
f 751//1379 753//1379 987//1379
f 753//1379 860//1379 987//1379
f 860//1380 886//1380 987//1380
f 988//1381 719//1381 987//1381
f 719//1382 742//1382 987//1382
f 742//1383 751//1383 987//1383
f 990//675 991//675 947//675
f 991//675 992//675 947//675
f 992//675 993//675 947//675
f 993//675 994//675 947//675
f 994//927 995//927 947//927
f 995//1384 949//1384 947//1384
f 996//1385 990//1385 947//1385
f 946//1386 996//1386 947//1386
f 997//676 998//676 640//676
f 704//676 999//676 640//676
f 999//1387 1000//1387 640//1387
f 1000//1388 997//1388 640//1388
f 1001//676 1002//676 640//676
f 1003//676 1001//676 640//676
f 998//676 1003//676 640//676
f 1004//1389 951//1389 640//1389
f 1002//1390 1004//1390 640//1390
f 1005//1391 954//1391 951//1391
f 1004//1392 1005//1392 951//1392
f 1006//1393 996//1393 946//1393
f 952//1394 1006//1394 946//1394
f 953//1395 1007//1395 952//1395
f 1007//1396 1006//1396 952//1396
f 1005//1397 1008//1397 954//1397
f 1008//1398 956//1398 954//1398
f 1009//1395 1007//1395 953//1395
f 955//1395 1009//1395 953//1395
f 1008//1398 958//1398 956//1398
f 1010//1399 1009//1399 955//1399
f 957//1400 1010//1400 955//1400
f 1011//1401 960//1401 958//1401
f 1008//1398 1011//1398 958//1398
f 959//1402 1010//1402 957//1402
f 1012//1403 962//1403 960//1403
f 1011//1404 1012//1404 960//1404
f 1013//1405 1010//1405 959//1405
f 961//1406 1013//1406 959//1406
f 1012//1407 964//1407 962//1407
f 963//1408 1013//1408 961//1408
f 1014//1409 966//1409 964//1409
f 1012//1410 1014//1410 964//1410
f 1015//1411 1013//1411 963//1411
f 965//1412 1015//1412 963//1412
f 1016//1413 968//1413 966//1413
f 1014//1414 1016//1414 966//1414
f 1017//1415 1015//1415 965//1415
f 967//1416 1017//1416 965//1416
f 1016//1417 970//1417 968//1417
f 969//1415 1017//1415 967//1415
f 1018//1418 972//1418 970//1418
f 1016//1418 1018//1418 970//1418
f 971//1419 1017//1419 969//1419
f 1018//1420 974//1420 972//1420
f 1019//1421 1017//1421 971//1421
f 973//1422 1019//1422 971//1422
f 1020//1423 976//1423 974//1423
f 1018//1424 1020//1424 974//1424
f 1021//1425 1019//1425 973//1425
f 975//1425 1021//1425 973//1425
f 1020//1426 978//1426 976//1426
f 977//1427 1021//1427 975//1427
f 1022//1428 980//1428 978//1428
f 1020//1426 1022//1426 978//1426
f 1023//1429 1021//1429 977//1429
f 979//1429 1023//1429 977//1429
f 1022//1430 979//1430 980//1430
f 1022//1430 1023//1430 979//1430
f 985//1431 732//1431 734//1431
f 1024//1432 984//1432 735//1432
f 733//1432 1024//1432 735//1432
f 986//1431 732//1431 985//1431
f 1024//805 988//805 984//805
f 717//1433 989//1433 747//1433
f 714//1434 701//1434 989//1434
f 716//1435 714//1435 989//1435
f 717//1436 716//1436 989//1436
f 701//805 948//805 989//805
f 948//805 986//805 989//805
f 704//1437 705//1437 988//1437
f 705//1438 718//1438 988//1438
f 718//1439 720//1439 988//1439
f 720//1440 719//1440 988//1440
f 1024//805 704//805 988//805
f 1025//1441 1008//1441 1005//1441
f 1026//1442 1025//1442 1005//1442
f 1027//1443 1026//1443 1005//1443
f 1004//1444 1027//1444 1005//1444
f 1028//1445 996//1445 1006//1445
f 1029//1446 1028//1446 1006//1446
f 1007//1394 1029//1394 1006//1394
f 1002//1447 1027//1447 1004//1447
f 1028//1448 1030//1448 996//1448
f 1030//1385 990//1385 996//1385
f 1002//1449 1026//1449 1027//1449
f 1031//1450 1030//1450 1028//1450
f 1029//1451 1031//1451 1028//1451
f 1032//1452 1033//1452 1026//1452
f 1033//1453 1025//1453 1026//1453
f 1002//1454 1032//1454 1026//1454
f 1034//1455 1008//1455 1025//1455
f 1033//1456 1034//1456 1025//1456
f 1035//1457 1031//1457 1029//1457
f 1036//1458 1035//1458 1029//1458
f 1007//1459 1036//1459 1029//1459
f 1037//1459 1036//1459 1007//1459
f 1038//1460 1037//1460 1007//1460
f 1009//1460 1038//1460 1007//1460
f 1034//1455 1039//1455 1008//1455
f 1039//1461 1011//1461 1008//1461
f 1010//1462 1040//1462 1009//1462
f 1040//1463 1038//1463 1009//1463
f 1041//1464 1012//1464 1011//1464
f 1039//1461 1041//1461 1011//1461
f 1042//1465 1040//1465 1010//1465
f 1013//1466 1042//1466 1010//1466
f 1043//1467 1014//1467 1012//1467
f 1041//1468 1043//1468 1012//1468
f 1044//1469 1042//1469 1013//1469
f 1015//1469 1044//1469 1013//1469
f 1043//1470 1045//1470 1014//1470
f 1045//1471 1016//1471 1014//1471
f 1046//1472 1044//1472 1015//1472
f 1017//1473 1046//1473 1015//1473
f 1047//1474 1018//1474 1016//1474
f 1045//1471 1047//1471 1016//1471
f 1048//1475 1046//1475 1017//1475
f 1019//1476 1048//1476 1017//1476
f 1047//1477 1049//1477 1018//1477
f 1049//1478 1020//1478 1018//1478
f 1050//1479 1048//1479 1019//1479
f 1021//1480 1050//1480 1019//1480
f 1051//1481 1022//1481 1020//1481
f 1049//1482 1051//1482 1020//1482
f 1052//1483 1050//1483 1021//1483
f 1023//1484 1052//1484 1021//1484
f 1051//1481 1053//1481 1022//1481
f 1053//1485 1023//1485 1022//1485
f 1053//1486 1052//1486 1023//1486
f 1032//1487 1054//1487 1033//1487
f 1054//1488 1034//1488 1033//1488
f 703//1489 701//1489 714//1489
f 1035//1490 1030//1490 1031//1490
f 1055//676 999//676 704//676
f 1024//805 1055//805 704//805
f 1056//1491 1039//1491 1034//1491
f 1054//1492 1056//1492 1034//1492
f 1057//1493 1035//1493 1036//1493
f 1037//1494 1057//1494 1036//1494
f 1058//1495 1030//1495 1035//1495
f 1057//1496 1058//1496 1035//1496
f 1032//1497 1059//1497 1054//1497
f 1059//1498 1056//1498 1054//1498
f 1032//1499 1060//1499 1059//1499
f 1060//1500 1056//1500 1059//1500
f 1061//1501 1039//1501 1056//1501
f 1060//1502 1061//1502 1056//1502
f 1062//1503 1063//1503 1057//1503
f 1063//1504 1058//1504 1057//1504
f 1037//1505 1062//1505 1057//1505
f 1064//1506 1062//1506 1037//1506
f 1065//1507 1064//1507 1037//1507
f 1038//1507 1065//1507 1037//1507
f 1061//1508 1066//1508 1039//1508
f 1066//1509 1041//1509 1039//1509
f 1040//1510 1067//1510 1038//1510
f 1067//1510 1065//1510 1038//1510
f 1068//1511 1043//1511 1041//1511
f 1066//1509 1068//1509 1041//1509
f 1069//1512 1067//1512 1040//1512
f 1042//1513 1069//1513 1040//1513
f 1070//1514 1045//1514 1043//1514
f 1068//1511 1070//1511 1043//1511
f 1071//1515 1069//1515 1042//1515
f 1044//1515 1071//1515 1042//1515
f 1072//1516 1047//1516 1045//1516
f 1070//1517 1072//1517 1045//1517
f 1073//1518 1071//1518 1044//1518
f 1046//1519 1073//1519 1044//1519
f 1072//1516 1074//1516 1047//1516
f 1074//1520 1049//1520 1047//1520
f 1075//1521 1073//1521 1046//1521
f 1048//1522 1075//1522 1046//1522
f 1074//1523 1076//1523 1049//1523
f 1076//1524 1051//1524 1049//1524
f 1077//1525 1075//1525 1048//1525
f 1050//1525 1077//1525 1048//1525
f 1078//1526 1053//1526 1051//1526
f 1076//1524 1078//1524 1051//1524
f 1079//1527 1077//1527 1050//1527
f 1052//1528 1079//1528 1050//1528
f 1078//1526 1080//1526 1053//1526
f 1080//1529 1052//1529 1053//1529
f 1080//1530 1079//1530 1052//1530
f 1081//1531 1030//1531 1058//1531
f 1063//1532 1081//1532 1058//1532
f 986//1533 1082//1533 732//1533
f 1082//805 1083//805 732//805
f 1083//805 733//805 732//805
f 1084//1534 1024//1534 733//1534
f 1083//1535 1084//1535 733//1535
f 1085//1536 1082//1536 986//1536
f 948//805 1085//805 986//805
f 1086//805 1055//805 1024//805
f 1084//805 1086//805 1024//805
f 1087//1537 1066//1537 1061//1537
f 1088//1538 1087//1538 1061//1538
f 1060//1539 1088//1539 1061//1539
f 1089//1540 1090//1540 1062//1540
f 1090//1541 1091//1541 1062//1541
f 1091//1542 1063//1542 1062//1542
f 1064//1543 1089//1543 1062//1543
f 1092//1544 1081//1544 1063//1544
f 1091//1545 1092//1545 1063//1545
f 1093//1546 1088//1546 1060//1546
f 1032//1547 1093//1547 1060//1547
f 1093//1548 1094//1548 1088//1548
f 1094//1549 1095//1549 1088//1549
f 1095//1550 1087//1550 1088//1550
f 1090//1545 1092//1545 1091//1545
f 1094//1551 1096//1551 1095//1551
f 1096//1552 1097//1552 1095//1552
f 1097//1553 1087//1553 1095//1553
f 1097//1554 1066//1554 1087//1554
f 1098//1555 1099//1555 1089//1555
f 1099//1556 1090//1556 1089//1556
f 1100//1557 1098//1557 1089//1557
f 1064//1558 1100//1558 1089//1558
f 1101//1559 1100//1559 1064//1559
f 1065//1559 1101//1559 1064//1559
f 1097//1560 1102//1560 1066//1560
f 1102//1561 1068//1561 1066//1561
f 1067//1562 1103//1562 1065//1562
f 1103//1563 1101//1563 1065//1563
f 1104//1564 1070//1564 1068//1564
f 1102//1565 1104//1565 1068//1565
f 1105//1566 1103//1566 1067//1566
f 1069//1567 1105//1567 1067//1567
f 1106//1568 1072//1568 1070//1568
f 1104//1569 1106//1569 1070//1569
f 1107//1570 1105//1570 1069//1570
f 1071//1571 1107//1571 1069//1571
f 1108//1572 1074//1572 1072//1572
f 1106//1568 1108//1568 1072//1568
f 1109//1573 1107//1573 1071//1573
f 1073//1573 1109//1573 1071//1573
f 1108//1572 1110//1572 1074//1572
f 1110//1574 1076//1574 1074//1574
f 1111//1575 1109//1575 1073//1575
f 1075//1576 1111//1576 1073//1576
f 1110//1574 1112//1574 1076//1574
f 1112//1577 1078//1577 1076//1577
f 1113//1578 1111//1578 1075//1578
f 1077//1578 1113//1578 1075//1578
f 1112//1579 1114//1579 1078//1579
f 1114//1580 1080//1580 1078//1580
f 1115//1581 1113//1581 1077//1581
f 1079//1581 1115//1581 1077//1581
f 1114//1582 1116//1582 1080//1582
f 1116//1583 1079//1583 1080//1583
f 1116//1584 1115//1584 1079//1584
f 1117//1585 1092//1585 1090//1585
f 1099//1586 1117//1586 1090//1586
f 1118//1587 1117//1587 1099//1587
f 1119//1588 1118//1588 1099//1588
f 1098//978 1119//978 1099//978
f 1120//1589 1121//1589 1096//1589
f 1094//1590 1120//1590 1096//1590
f 1121//978 1097//978 1096//978
f 1122//1591 1118//1591 1119//1591
f 1123//1592 1122//1592 1119//1592
f 1098//978 1123//978 1119//978
f 1124//1593 1125//1593 1121//1593
f 1126//1594 1124//1594 1121//1594
f 1120//1595 1126//1595 1121//1595
f 1125//978 1097//978 1121//978
f 1127//1596 1122//1596 1123//1596
f 1128//1597 1127//1597 1123//1597
f 1098//978 1128//978 1123//978
f 1129//1598 1130//1598 1125//1598
f 1130//1598 1131//1598 1125//1598
f 1124//1599 1129//1599 1125//1599
f 1131//978 1097//978 1125//978
f 1132//1600 1133//1600 1128//1600
f 1133//1597 1127//1597 1128//1597
f 1098//978 1132//978 1128//978
f 1130//1601 1134//1601 1131//1601
f 1134//1601 1135//1601 1131//1601
f 1135//978 765//978 1131//978
f 765//978 772//978 1131//978
f 772//978 775//978 1131//978
f 775//978 1097//978 1131//978
f 1136//1600 1133//1600 1132//1600
f 1135//746 1134//746 1132//746
f 1134//746 1136//746 1132//746
f 1098//978 771//978 1132//978
f 771//978 766//978 1132//978
f 766//978 1135//978 1132//978
f 766//978 765//978 1135//978
f 1098//978 774//978 771//978
f 1098//978 777//978 774//978
f 1098//978 786//978 777//978
f 1102//978 1097//978 775//978
f 780//978 1102//978 775//978
f 1100//978 786//978 1098//978
f 1103//978 801//978 786//978
f 1101//978 1103//978 786//978
f 1100//978 1101//978 786//978
f 1104//978 1102//978 780//978
f 792//978 1104//978 780//978
f 1107//978 810//978 801//978
f 1105//978 1107//978 801//978
f 1103//978 1105//978 801//978
f 1110//978 1108//978 792//978
f 805//978 1110//978 792//978
f 1106//978 1104//978 792//978
f 1108//978 1106//978 792//978
f 1109//978 1111//978 810//978
f 1111//978 1113//978 810//978
f 1113//978 817//978 810//978
f 1107//978 1109//978 810//978
f 1112//978 1110//978 805//978
f 817//978 1116//978 805//978
f 1116//978 1114//978 805//978
f 1114//978 1112//978 805//978
f 1113//978 1115//978 817//978
f 1115//978 1116//978 817//978
f 1137//1602 1138//1602 1139//1602
f 1140//1603 1141//1603 1139//1603
f 1141//1604 1142//1604 1139//1604
f 1142//1604 1137//1604 1139//1604
f 1143//4 1140//4 1139//4
f 1144//4 1143//4 1139//4
f 1138//4 1144//4 1139//4
f 1145//1605 1146//1605 1140//1605
f 1146//1606 1147//1606 1140//1606
f 1147//1607 1141//1607 1140//1607
f 1148//4 1145//4 1140//4
f 1143//4 1148//4 1140//4
f 1149//1608 1150//1608 1138//1608
f 1151//1609 1149//1609 1138//1609
f 1137//1610 1152//1610 1138//1610
f 1152//1611 1151//1611 1138//1611
f 1153//4 1144//4 1138//4
f 1150//4 1153//4 1138//4
f 1154//976 1155//976 1143//976
f 1144//976 1154//976 1143//976
f 1155//977 1148//977 1143//977
f 1156//4 1145//4 1148//4
f 1157//979 1156//979 1148//979
f 1155//977 1157//977 1148//977
f 1158//980 1154//980 1144//980
f 1153//980 1158//980 1144//980
f 1159//1612 1160//1612 1145//1612
f 1160//1613 1146//1613 1145//1613
f 1161//1614 1159//1614 1145//1614
f 1162//1615 1161//1615 1145//1615
f 1156//4 1162//4 1145//4
f 1163//1616 1164//1616 1150//1616
f 1165//1617 1163//1617 1150//1617
f 1149//1618 1165//1618 1150//1618
f 1166//4 1153//4 1150//4
f 1164//4 1166//4 1150//4
f 1167//4 1162//4 1156//4
f 1168//981 1167//981 1156//981
f 1157//979 1168//979 1156//979
f 1169//982 1158//982 1153//982
f 1166//982 1169//982 1153//982
f 1170//1619 1161//1619 1162//1619
f 1171//1620 1170//1620 1162//1620
f 1172//1621 1171//1621 1162//1621
f 1167//4 1172//4 1162//4
f 1173//1622 1174//1622 1164//1622
f 1175//1623 1173//1623 1164//1623
f 1163//1624 1175//1624 1164//1624
f 1176//4 1166//4 1164//4
f 1174//4 1176//4 1164//4
f 1177//4 1172//4 1167//4
f 1178//676 1177//676 1167//676
f 1168//981 1178//981 1167//981
f 1179//675 1169//675 1166//675
f 1176//675 1179//675 1166//675
f 1180//1625 1171//1625 1172//1625
f 1181//675 1180//675 1172//675
f 1182//675 1181//675 1172//675
f 1177//4 1182//4 1172//4
f 1183//676 1184//676 1174//676
f 1173//1626 1183//1626 1174//1626
f 1185//4 1176//4 1174//4
f 1184//4 1185//4 1174//4
f 1186//4 1182//4 1177//4
f 1187//983 1186//983 1177//983
f 1178//676 1187//676 1177//676
f 1188//984 1179//984 1176//984
f 1185//984 1188//984 1176//984
f 1189//4 1190//4 1186//4
f 1190//4 1182//4 1186//4
f 1191//985 1189//985 1186//985
f 1187//983 1191//983 1186//983
f 1184//4 1192//4 1185//4
f 1193//986 1188//986 1185//986
f 1192//986 1193//986 1185//986
f 1194//4 1082//4 1189//4
f 1082//4 1195//4 1189//4
f 1195//4 1190//4 1189//4
f 1196//987 1194//987 1189//987
f 1191//985 1196//985 1189//985
f 1083//4 1194//4 1192//4
f 1197//4 1083//4 1192//4
f 1184//4 1198//4 1192//4
f 1198//4 1197//4 1192//4
f 1199//988 1193//988 1192//988
f 1194//988 1199//988 1192//988
f 1196//987 1199//987 1194//987
f 1083//4 1082//4 1194//4
f 1190//1627 1200//1627 1182//1627
f 1200//1627 1181//1627 1182//1627
f 1183//676 1201//676 1184//676
f 1201//1628 1198//1628 1184//1628
f 1195//1629 1202//1629 1190//1629
f 1202//1629 1200//1629 1190//1629
f 1201//1628 1203//1628 1198//1628
f 1203//1630 1197//1630 1198//1630
f 1204//1631 1202//1631 1195//1631
f 1205//1632 1204//1632 1195//1632
f 1082//4 1205//4 1195//4
f 1206//1633 1207//1633 1197//1633
f 1208//1634 1206//1634 1197//1634
f 1207//4 1083//4 1197//4
f 1203//1630 1208//1630 1197//1630
f 1209//1635 1210//1635 1205//1635
f 1210//1636 1211//1636 1205//1636
f 1212//1637 1204//1637 1205//1637
f 1211//1638 1212//1638 1205//1638
f 1082//4 1209//4 1205//4
f 1213//1639 1214//1639 1207//1639
f 1206//1640 1215//1640 1207//1640
f 1216//1641 1213//1641 1207//1641
f 1215//1642 1217//1642 1207//1642
f 1217//1643 1218//1643 1207//1643
f 1218//1644 1216//1644 1207//1644
f 1214//4 1083//4 1207//4
f 1082//1645 1210//1645 1209//1645
f 1213//1646 1084//1646 1214//1646
f 1084//1647 1083//1647 1214//1647
f 1085//1648 1210//1648 1082//1648
f 1216//1649 1084//1649 1213//1649
f 950//1650 1219//1650 948//1650
f 1219//1651 1220//1651 948//1651
f 1220//805 1085//805 948//805
f 1086//1652 1221//1652 1055//1652
f 1221//1653 1222//1653 1055//1653
f 1222//1654 999//1654 1055//1654
f 949//1655 1219//1655 950//1655
f 1222//1656 1000//1656 999//1656
f 1085//1657 1211//1657 1210//1657
f 1222//1658 997//1658 1000//1658
f 1085//1659 1223//1659 1211//1659
f 1223//1660 1212//1660 1211//1660
f 1218//1661 1084//1661 1216//1661
f 1224//1662 1225//1662 1085//1662
f 1225//1663 1226//1663 1085//1663
f 1226//1664 1223//1664 1085//1664
f 1220//805 1227//805 1085//805
f 1227//805 1228//805 1085//805
f 1228//805 1224//805 1085//805
f 1218//1665 1217//1665 1084//1665
f 1217//1666 1229//1666 1084//1666
f 1229//1667 1230//1667 1084//1667
f 1231//805 1086//805 1084//805
f 1230//805 1231//805 1084//805
f 1226//1668 1212//1668 1223//1668
f 1154//4 1232//4 1155//4
f 1232//4 1157//4 1155//4
f 1232//4 1168//4 1157//4
f 1158//4 1232//4 1154//4
f 1232//4 1178//4 1168//4
f 1169//4 1232//4 1158//4
f 1232//4 1187//4 1178//4
f 1179//4 1232//4 1169//4
f 1199//4 1196//4 1232//4
f 1193//4 1199//4 1232//4
f 1179//4 1188//4 1232//4
f 1188//4 1193//4 1232//4
f 1196//4 1191//4 1232//4
f 1191//4 1187//4 1232//4
f 995//1669 1219//1669 949//1669
f 1215//1670 1229//1670 1217//1670
f 1222//1671 998//1671 997//1671
f 995//1672 1233//1672 1219//1672
f 1233//1673 1220//1673 1219//1673
f 1221//1674 998//1674 1222//1674
f 995//1675 1234//1675 1233//1675
f 1234//1676 1220//1676 1233//1676
f 1235//1677 1003//1677 1221//1677
f 1003//1678 998//1678 1221//1678
f 1086//1679 1235//1679 1221//1679
f 1234//1680 1227//1680 1220//1680
f 1236//1681 1237//1681 1086//1681
f 1237//1682 1235//1682 1086//1682
f 1231//805 1236//805 1086//805
f 994//1683 1234//1683 995//1683
f 1225//1684 1212//1684 1226//1684
f 1238//1685 1230//1685 1229//1685
f 1239//1686 1238//1686 1229//1686
f 1215//1687 1239//1687 1229//1687
f 1224//1688 1240//1688 1225//1688
f 1241//1689 1212//1689 1225//1689
f 1240//1690 1241//1690 1225//1690
f 1242//1691 1230//1691 1238//1691
f 1239//1686 1242//1686 1238//1686
f 1243//1692 1244//1692 1224//1692
f 1245//1693 1243//1693 1224//1693
f 1244//1692 1240//1692 1224//1692
f 1228//805 1245//805 1224//805
f 1242//1694 1246//1694 1230//1694
f 1246//1695 1247//1695 1230//1695
f 1247//1696 1248//1696 1230//1696
f 1248//805 1231//805 1230//805
f 993//1697 1234//1697 994//1697
f 1249//1698 1241//1698 1240//1698
f 1244//1699 1249//1699 1240//1699
f 1227//1700 1250//1700 1251//1700
f 1252//1701 1253//1701 1251//1701
f 1228//1702 1227//1702 1251//1702
f 1253//1703 1228//1703 1251//1703
f 1250//1704 1252//1704 1251//1704
f 1254//1705 1236//1705 1255//1705
f 1231//1706 1256//1706 1255//1706
f 1236//1707 1231//1707 1255//1707
f 1256//1708 1254//1708 1255//1708
f 1234//1709 1257//1709 1227//1709
f 1257//1710 1258//1710 1227//1710
f 1258//1711 1259//1711 1227//1711
f 1259//1712 1250//1712 1227//1712
f 1254//1713 1237//1713 1236//1713
f 1231//1714 1260//1714 1256//1714
f 1260//1715 1261//1715 1256//1715
f 1261//1716 1254//1716 1256//1716
f 1250//1717 1253//1717 1252//1717
f 1243//1718 1249//1718 1244//1718
f 1262//1719 1246//1719 1242//1719
f 1239//1720 1262//1720 1242//1720
f 1262//1721 1247//1721 1246//1721
f 1231//1722 1263//1722 1260//1722
f 1263//1723 1261//1723 1260//1723
f 1264//1724 1228//1724 1253//1724
f 1265//1725 1264//1725 1253//1725
f 1250//1726 1265//1726 1253//1726
f 1235//1727 1001//1727 1003//1727
f 1231//1728 1266//1728 1263//1728
f 1266//1729 1261//1729 1263//1729
f 1267//1730 1228//1730 1264//1730
f 1265//1731 1267//1731 1264//1731
f 1245//1732 1268//1732 1243//1732
f 1269//1733 1249//1733 1243//1733
f 1268//1734 1269//1734 1243//1734
f 1270//1730 1228//1730 1267//1730
f 1265//1735 1270//1735 1267//1735
f 1231//1736 1271//1736 1266//1736
f 1272//1737 1261//1737 1266//1737
f 1271//1738 1272//1738 1266//1738
f 1273//1739 1228//1739 1270//1739
f 1274//1740 1273//1740 1270//1740
f 1265//1741 1275//1741 1270//1741
f 1275//1742 1274//1742 1270//1742
f 1231//1743 1276//1743 1271//1743
f 1276//1744 1277//1744 1271//1744
f 1277//1745 1272//1745 1271//1745
f 1273//805 1245//805 1228//805
f 1278//1746 1276//1746 1231//1746
f 1248//805 1278//805 1231//805
f 1278//1747 1279//1747 1276//1747
f 1279//1748 1277//1748 1276//1748
f 1280//1749 1273//1749 1274//1749
f 1281//1750 1280//1750 1274//1750
f 1275//1751 1281//1751 1274//1751
f 1278//1752 1282//1752 1279//1752
f 1282//1753 1277//1753 1279//1753
f 1250//1754 1259//1754 1265//1754
f 1259//1755 1258//1755 1265//1755
f 1258//1756 1275//1756 1265//1756
f 1283//1757 1254//1757 1261//1757
f 1284//1758 1283//1758 1261//1758
f 1272//1759 1284//1759 1261//1759
f 1285//1760 1248//1760 1247//1760
f 1286//1761 1285//1761 1247//1761
f 1262//1762 1286//1762 1247//1762
f 1287//1763 1273//1763 1280//1763
f 1281//1764 1287//1764 1280//1764
f 1245//1765 1288//1765 1268//1765
f 1288//1766 1269//1766 1268//1766
f 1289//1767 1248//1767 1285//1767
f 1290//1768 1289//1768 1285//1768
f 1286//1769 1290//1769 1285//1769
f 1273//1770 1291//1770 1245//1770
f 1291//1771 1292//1771 1245//1771
f 1292//1772 1288//1772 1245//1772
f 1293//1773 1278//1773 1248//1773
f 1289//1774 1293//1774 1248//1774
f 1283//1713 1237//1713 1254//1713
f 1278//1775 1294//1775 1282//1775
f 1294//1776 1277//1776 1282//1776
f 1295//1763 1273//1763 1287//1763
f 1281//1777 1295//1777 1287//1777
f 1292//1778 1296//1778 1288//1778
f 1296//1779 1297//1779 1288//1779
f 1297//1780 1269//1780 1288//1780
f 1298//1763 1273//1763 1295//1763
f 1299//1781 1298//1781 1295//1781
f 1281//1782 1300//1782 1295//1782
f 1300//1783 1299//1783 1295//1783
f 1278//1752 1301//1752 1294//1752
f 1301//1784 1302//1784 1294//1784
f 1303//1785 1277//1785 1294//1785
f 1302//1786 1303//1786 1294//1786
f 1278//1787 1304//1787 1301//1787
f 1304//1788 1302//1788 1301//1788
f 1305//1789 1273//1789 1298//1789
f 1299//1790 1305//1790 1298//1790
f 1306//1791 1293//1791 1289//1791
f 1307//1792 1306//1792 1289//1792
f 1290//1793 1307//1793 1289//1793
f 993//1794 992//1794 1234//1794
f 992//1795 1257//1795 1234//1795
f 1237//1796 1308//1796 1235//1796
f 1308//1797 1001//1797 1235//1797
f 992//1798 991//1798 1257//1798
f 991//1799 1309//1799 1257//1799
f 1309//1800 1310//1800 1257//1800
f 1310//1801 1258//1801 1257//1801
f 1311//1802 1308//1802 1237//1802
f 1283//1803 1311//1803 1237//1803
f 1284//1804 1311//1804 1283//1804
f 1310//1805 1275//1805 1258//1805
f 1312//1806 1311//1806 1284//1806
f 1272//1807 1312//1807 1284//1807
f 1291//1808 1313//1808 1292//1808
f 1313//1809 1296//1809 1292//1809
f 1278//1810 1293//1810 1304//1810
f 1293//1811 1306//1811 1304//1811
f 1306//1812 1302//1812 1304//1812
f 1291//1813 1273//1813 1305//1813
f 1299//1814 1291//1814 1305//1814
f 1299//1815 1313//1815 1291//1815
f 1275//1816 1300//1816 1281//1816
f 1314//1817 1272//1817 1277//1817
f 1303//1818 1314//1818 1277//1818
f 1315//1819 1302//1819 1306//1819
f 1307//1820 1315//1820 1306//1820
f 1299//1821 1296//1821 1313//1821
f 1316//1822 1317//1822 1275//1822
f 1310//1823 1316//1823 1275//1823
f 1317//1824 1300//1824 1275//1824
f 1314//1825 1318//1825 1272//1825
f 1318//1826 1312//1826 1272//1826
f 1309//1827 1316//1827 1310//1827
f 1318//1828 1311//1828 1312//1828
f 1319//1829 1297//1829 1296//1829
f 1299//1830 1319//1830 1296//1830
f 1290//1831 1315//1831 1307//1831
f 1320//1832 1269//1832 1297//1832
f 1319//1833 1320//1833 1297//1833
f 1286//1831 1315//1831 1290//1831
f 1300//1834 1319//1834 1299//1834
f 1315//1835 1303//1835 1302//1835
f 1308//676 1002//676 1001//676
f 990//1836 1321//1836 991//1836
f 1321//1837 1309//1837 991//1837
f 1322//1838 1142//1838 1141//1838
f 1147//1839 1322//1839 1141//1839
f 1322//1838 1137//1838 1142//1838
f 1323//1840 1152//1840 1137//1840
f 1322//1838 1323//1838 1137//1838
f 1324//1841 1322//1841 1147//1841
f 1146//1841 1324//1841 1147//1841
f 1325//1842 1151//1842 1152//1842
f 1323//1842 1325//1842 1152//1842
f 1326//1843 1324//1843 1146//1843
f 1160//1844 1326//1844 1146//1844
f 1325//1845 1149//1845 1151//1845
f 1159//1846 1326//1846 1160//1846
f 1327//1847 1165//1847 1149//1847
f 1325//1848 1327//1848 1149//1848
f 1328//1846 1326//1846 1159//1846
f 1161//1849 1328//1849 1159//1849
f 1329//1850 1163//1850 1165//1850
f 1327//1847 1329//1847 1165//1847
f 1330//1851 1328//1851 1161//1851
f 1170//1851 1330//1851 1161//1851
f 1329//1852 1175//1852 1163//1852
f 1171//1853 1330//1853 1170//1853
f 1331//1854 1173//1854 1175//1854
f 1329//1852 1331//1852 1175//1852
f 1332//1855 1330//1855 1171//1855
f 1180//1855 1332//1855 1171//1855
f 1331//1856 1183//1856 1173//1856
f 1181//1857 1332//1857 1180//1857
f 1333//1858 1334//1858 1183//1858
f 1334//1859 1201//1859 1183//1859
f 1331//1856 1333//1856 1183//1856
f 1335//1860 1332//1860 1181//1860
f 1336//1861 1335//1861 1181//1861
f 1200//1862 1336//1862 1181//1862
f 1334//1863 1203//1863 1201//1863
f 1202//1864 1337//1864 1200//1864
f 1337//1865 1336//1865 1200//1865
f 1338//1866 1208//1866 1203//1866
f 1334//1867 1338//1867 1203//1867
f 1204//1868 1339//1868 1202//1868
f 1339//1869 1337//1869 1202//1869
f 1340//1870 1206//1870 1208//1870
f 1338//1871 1340//1871 1208//1871
f 1212//1872 1339//1872 1204//1872
f 1340//1873 1341//1873 1206//1873
f 1341//1874 1215//1874 1206//1874
f 1241//1875 1342//1875 1212//1875
f 1342//1875 1339//1875 1212//1875
f 1341//1876 1239//1876 1215//1876
f 1249//1877 1320//1877 1241//1877
f 1320//1878 1342//1878 1241//1878
f 1341//1879 1343//1879 1239//1879
f 1343//1880 1262//1880 1239//1880
f 1269//1881 1320//1881 1249//1881
f 1343//1882 1344//1882 1262//1882
f 1344//1883 1286//1883 1262//1883
f 1344//1884 1315//1884 1286//1884
f 1345//1885 1002//1885 1308//1885
f 1346//1886 1345//1886 1308//1886
f 1311//1887 1346//1887 1308//1887
f 1347//1888 1348//1888 990//1888
f 1030//1889 1347//1889 990//1889
f 1348//1890 1321//1890 990//1890
f 1349//1891 1032//1891 1002//1891
f 1345//1892 1350//1892 1002//1892
f 1350//1893 1349//1893 1002//1893
f 1081//1894 1347//1894 1030//1894
f 1349//1895 1351//1895 1032//1895
f 1351//1896 1093//1896 1032//1896
f 1092//1897 1352//1897 1081//1897
f 1352//1898 1347//1898 1081//1898
f 1351//1899 1353//1899 1093//1899
f 1353//1900 1094//1900 1093//1900
f 1354//1897 1352//1897 1092//1897
f 1117//1897 1354//1897 1092//1897
f 1353//1900 1120//1900 1094//1900
f 1355//1901 1354//1901 1117//1901
f 1118//1901 1355//1901 1117//1901
f 1353//1900 1356//1900 1120//1900
f 1356//1902 1126//1902 1120//1902
f 1122//1901 1355//1901 1118//1901
f 1357//1902 1124//1902 1126//1902
f 1356//1902 1357//1902 1126//1902
f 1127//1903 1358//1903 1122//1903
f 1358//1904 1355//1904 1122//1904
f 1359//1905 1129//1905 1124//1905
f 1357//1906 1359//1906 1124//1906
f 1360//1907 1358//1907 1127//1907
f 1133//1908 1360//1908 1127//1908
f 1359//1909 1130//1909 1129//1909
f 1136//1910 1361//1910 1133//1910
f 1361//1911 1360//1911 1133//1911
f 1362//1912 1134//1912 1130//1912
f 1359//1913 1362//1913 1130//1913
f 1134//1914 1361//1914 1136//1914
f 1362//1912 1363//1912 1134//1912
f 1363//1915 1361//1915 1134//1915
f 1364//1916 1311//1916 1318//1916
f 1314//1917 1364//1917 1318//1917
f 1309//1918 1365//1918 1316//1918
f 1365//1919 1317//1919 1316//1919
f 1346//1920 1350//1920 1345//1920
f 1366//1921 1300//1921 1317//1921
f 1365//1922 1366//1922 1317//1922
f 1367//1923 1368//1923 1314//1923
f 1368//1924 1364//1924 1314//1924
f 1303//1925 1367//1925 1314//1925
f 1309//1926 1369//1926 1365//1926
f 1369//1927 1366//1927 1365//1927
f 1368//1928 1311//1928 1364//1928
f 1366//1929 1370//1929 1300//1929
f 1370//1930 1371//1930 1300//1930
f 1371//1931 1319//1931 1300//1931
f 1315//1932 1372//1932 1303//1932
f 1372//1933 1373//1933 1303//1933
f 1373//1934 1367//1934 1303//1934
f 1374//1935 1332//1935 1335//1935
f 1375//1936 1374//1936 1335//1936
f 1336//1937 1375//1937 1335//1937
f 1376//1938 1338//1938 1334//1938
f 1333//1939 1376//1939 1334//1939
f 1377//1937 1375//1937 1336//1937
f 1337//1940 1378//1940 1336//1940
f 1378//1941 1377//1941 1336//1941
f 1376//1938 1379//1938 1338//1938
f 1379//1942 1340//1942 1338//1942
f 1339//1943 1380//1943 1337//1943
f 1380//1943 1378//1943 1337//1943
f 1381//1944 1341//1944 1340//1944
f 1379//1945 1381//1945 1340//1945
f 1342//1946 1382//1946 1339//1946
f 1382//1947 1380//1947 1339//1947
f 1383//1948 1343//1948 1341//1948
f 1381//1944 1383//1944 1341//1944
f 1320//1949 1384//1949 1342//1949
f 1384//1950 1382//1950 1342//1950
f 1385//1951 1344//1951 1343//1951
f 1386//1952 1385//1952 1343//1952
f 1383//1953 1386//1953 1343//1953
f 1319//1954 1384//1954 1320//1954
f 1385//1955 1315//1955 1344//1955
f 1387//1956 1388//1956 1348//1956
f 1347//1956 1387//1956 1348//1956
f 1389//1957 1321//1957 1348//1957
f 1388//1958 1389//1958 1348//1958
f 1390//1959 1351//1959 1349//1959
f 1391//1960 1390//1960 1349//1960
f 1350//1961 1392//1961 1349//1961
f 1392//1962 1391//1962 1349//1962
f 1352//1963 1387//1963 1347//1963
f 1390//1964 1353//1964 1351//1964
f 1360//1965 1393//1965 1358//1965
f 1393//1966 1355//1966 1358//1966
f 1357//1967 1394//1967 1359//1967
f 1394//1968 1362//1968 1359//1968
f 1361//1969 1395//1969 1360//1969
f 1395//1969 1396//1969 1360//1969
f 1396//1970 1393//1970 1360//1970
f 1394//1971 1397//1971 1362//1971
f 1398//1972 1363//1972 1362//1972
f 1397//1972 1398//1972 1362//1972
f 1363//1973 1395//1973 1361//1973
f 1398//1973 1395//1973 1363//1973
f 1352//1974 1399//1974 1387//1974
f 1399//1975 1400//1975 1387//1975
f 1400//1976 1388//1976 1387//1976
f 1391//1977 1401//1977 1390//1977
f 1401//1978 1353//1978 1390//1978
f 1396//1979 1402//1979 1393//1979
f 1402//1980 1355//1980 1393//1980
f 1357//1981 1403//1981 1394//1981
f 1403//1982 1404//1982 1394//1982
f 1404//1983 1397//1983 1394//1983
f 1405//1984 1399//1984 1352//1984
f 1354//1984 1405//1984 1352//1984
f 1401//1985 1406//1985 1353//1985
f 1406//1986 1356//1986 1353//1986
f 1407//1987 1405//1987 1354//1987
f 1355//1987 1407//1987 1354//1987
f 1406//1986 1408//1986 1356//1986
f 1408//1988 1357//1988 1356//1988
f 1402//1989 1407//1989 1355//1989
f 1408//1988 1403//1988 1357//1988
f 1371//1990 1409//1990 1319//1990
f 1409//1991 1384//1991 1319//1991
f 1385//1992 1410//1992 1315//1992
f 1410//1993 1372//1993 1315//1993
f 1389//1994 1309//1994 1321//1994
f 1346//1995 1392//1995 1350//1995
f 1400//1996 1411//1996 1388//1996
f 1412//1997 1389//1997 1388//1997
f 1411//1998 1412//1998 1388//1998
f 1413//1960 1401//1960 1391//1960
f 1392//1999 1414//1999 1391//1999
f 1414//2000 1413//2000 1391//2000
f 1412//2001 1309//2001 1389//2001
f 1346//2002 1414//2002 1392//2002
f 1309//1918 1415//1918 1369//1918
f 1415//2003 1366//2003 1369//2003
f 1346//2004 1311//2004 1368//2004
f 1416//2005 1346//2005 1368//2005
f 1367//2006 1416//2006 1368//2006
f 1409//1950 1382//1950 1384//1950
f 1386//2007 1410//2007 1385//2007
f 1412//2008 1417//2008 1309//2008
f 1418//2009 1419//2009 1309//2009
f 1420//2010 1418//2010 1309//2010
f 1417//2011 1420//2011 1309//2011
f 1419//2012 1415//2012 1309//2012
f 1418//2013 1421//2013 1419//2013
f 1421//2014 1422//2014 1419//2014
f 1422//2015 1423//2015 1419//2015
f 1423//2016 1424//2016 1419//2016
f 1424//2017 1415//2017 1419//2017
f 1425//2018 1426//2018 1346//2018
f 1426//2019 1427//2019 1346//2019
f 1427//2020 1428//2020 1346//2020
f 1428//2021 1429//2021 1346//2021
f 1429//2022 1430//2022 1346//2022
f 1430//2023 1414//2023 1346//2023
f 1431//2024 1425//2024 1346//2024
f 1432//2025 1431//2025 1346//2025
f 1416//2026 1432//2026 1346//2026
f 1415//2027 1433//2027 1366//2027
f 1433//2028 1370//2028 1366//2028
f 1434//2029 1416//2029 1367//2029
f 1373//2030 1435//2030 1367//2030
f 1435//2031 1434//2031 1367//2031
f 1434//2032 1432//2032 1416//2032
f 1436//2033 1437//2033 1322//2033
f 1324//2034 1436//2034 1322//2034
f 1437//2035 1323//2035 1322//2035
f 1438//2036 1325//2036 1323//2036
f 1437//2035 1438//2035 1323//2035
f 1439//2037 1436//2037 1324//2037
f 1326//2037 1439//2037 1324//2037
f 1440//2038 1327//2038 1325//2038
f 1438//2039 1440//2039 1325//2039
f 1441//2040 1439//2040 1326//2040
f 1328//2041 1441//2041 1326//2041
f 1440//2038 1442//2038 1327//2038
f 1442//2042 1329//2042 1327//2042
f 1443//2043 1441//2043 1328//2043
f 1330//2044 1443//2044 1328//2044
f 1444//2045 1331//2045 1329//2045
f 1442//2046 1444//2046 1329//2046
f 1374//2047 1443//2047 1330//2047
f 1332//2048 1374//2048 1330//2048
f 1444//2049 1445//2049 1331//2049
f 1445//2050 1446//2050 1331//2050
f 1446//2051 1333//2051 1331//2051
f 1446//2052 1376//2052 1333//2052
f 1424//2053 1433//2053 1415//2053
f 1435//2054 1432//2054 1434//2054
f 1424//2053 1447//2053 1433//2053
f 1447//2055 1370//2055 1433//2055
f 1448//2056 1374//2056 1375//2056
f 1377//2057 1448//2057 1375//2057
f 1449//2058 1379//2058 1376//2058
f 1446//2059 1449//2059 1376//2059
f 1398//1973 1450//1973 1395//1973
f 1450//1969 1396//1969 1395//1969
f 1397//1972 1451//1972 1398//1972
f 1451//1973 1450//1973 1398//1973
f 1452//2060 1443//2060 1374//2060
f 1448//2061 1452//2061 1374//2061
f 1453//2062 1449//2062 1446//2062
f 1445//2063 1453//2063 1446//2063
f 1410//2064 1454//2064 1372//2064
f 1454//2065 1455//2065 1372//2065
f 1455//2066 1373//2066 1372//2066
f 1456//2067 1457//2067 1371//2067
f 1457//2068 1409//2068 1371//2068
f 1370//2069 1456//2069 1371//2069
f 1430//2070 1413//2070 1414//2070
f 1411//2071 1417//2071 1412//2071
f 1458//2072 1452//2072 1448//2072
f 1377//2073 1458//2073 1448//2073
f 1459//2074 1379//2074 1449//2074
f 1453//2075 1459//2075 1449//2075
f 1378//2076 1460//2076 1377//2076
f 1460//2076 1461//2076 1377//2076
f 1461//2077 1458//2077 1377//2077
f 1459//2074 1462//2074 1379//2074
f 1462//2078 1381//2078 1379//2078
f 1380//2079 1463//2079 1378//2079
f 1463//2079 1460//2079 1378//2079
f 1464//2080 1383//2080 1381//2080
f 1462//2078 1464//2078 1381//2078
f 1382//2081 1465//2081 1380//2081
f 1465//2082 1463//2082 1380//2082
f 1466//2083 1386//2083 1383//2083
f 1464//2080 1466//2080 1383//2080
f 1409//2084 1457//2084 1382//2084
f 1457//2085 1465//2085 1382//2085
f 1454//2086 1410//2086 1386//2086
f 1467//2087 1454//2087 1386//2087
f 1466//2083 1467//2083 1386//2083
f 1400//2088 1468//2088 1411//2088
f 1468//2089 1417//2089 1411//2089
f 1469//2090 1401//2090 1413//2090
f 1430//2091 1469//2091 1413//2091
f 1399//2092 1470//2092 1400//2092
f 1470//2093 1471//2093 1400//2093
f 1471//2094 1468//2094 1400//2094
f 1469//2095 1472//2095 1401//2095
f 1472//2096 1406//2096 1401//2096
f 1396//2097 1473//2097 1402//2097
f 1473//2097 1474//2097 1402//2097
f 1474//2098 1407//2098 1402//2098
f 1403//2099 1475//2099 1404//2099
f 1475//2100 1476//2100 1404//2100
f 1476//2101 1397//2101 1404//2101
f 1450//2102 1477//2102 1396//2102
f 1477//2102 1473//2102 1396//2102
f 1476//2103 1478//2103 1397//2103
f 1479//2104 1451//2104 1397//2104
f 1478//2104 1479//2104 1397//2104
f 1451//2105 1477//2105 1450//2105
f 1479//2105 1477//2105 1451//2105
f 1480//2106 1470//2106 1399//2106
f 1405//2107 1480//2107 1399//2107
f 1472//2108 1481//2108 1406//2108
f 1481//2109 1408//2109 1406//2109
f 1482//2110 1480//2110 1405//2110
f 1407//2111 1482//2111 1405//2111
f 1481//2112 1483//2112 1408//2112
f 1483//2113 1403//2113 1408//2113
f 1474//2114 1482//2114 1407//2114
f 1483//2115 1475//2115 1403//2115
f 1456//2085 1465//2085 1457//2085
f 1467//2087 1455//2087 1454//2087
f 1471//2116 1484//2116 1468//2116
f 1484//2117 1417//2117 1468//2117
f 1485//2118 1472//2118 1469//2118
f 1430//2119 1485//2119 1469//2119
f 1484//2120 1486//2120 1417//2120
f 1486//2121 1420//2121 1417//2121
f 1429//2122 1485//2122 1430//2122
f 1487//2123 1432//2123 1435//2123
f 1373//2124 1487//2124 1435//2124
f 1424//2125 1488//2125 1447//2125
f 1488//2126 1370//2126 1447//2126
f 1489//2127 1490//2127 1370//2127
f 1491//2128 1489//2128 1370//2128
f 1488//2129 1491//2129 1370//2129
f 1490//2130 1456//2130 1370//2130
f 1492//2131 1493//2131 1373//2131
f 1493//2132 1494//2132 1373//2132
f 1494//2133 1487//2133 1373//2133
f 1455//2134 1495//2134 1373//2134
f 1495//2135 1492//2135 1373//2135
f 1496//2136 1497//2136 1437//2136
f 1436//2136 1496//2136 1437//2136
f 1497//2137 1438//2137 1437//2137
f 1498//2138 1440//2138 1438//2138
f 1497//2137 1498//2137 1438//2137
f 1499//2139 1496//2139 1436//2139
f 1439//2140 1499//2140 1436//2140
f 1500//2141 1442//2141 1440//2141
f 1498//2138 1500//2138 1440//2138
f 1501//2142 1499//2142 1439//2142
f 1441//2142 1501//2142 1439//2142
f 1502//2143 1444//2143 1442//2143
f 1500//2144 1502//2144 1442//2144
f 1503//2145 1501//2145 1441//2145
f 1443//2145 1503//2145 1441//2145
f 1504//2146 1445//2146 1444//2146
f 1502//2143 1504//2143 1444//2143
f 1505//2147 1503//2147 1443//2147
f 1452//2147 1505//2147 1443//2147
f 1506//2148 1507//2148 1445//2148
f 1504//2146 1506//2146 1445//2146
f 1507//2148 1453//2148 1445//2148
f 1458//2149 1505//2149 1452//2149
f 1507//2150 1459//2150 1453//2150
f 1484//2151 1508//2151 1486//2151
f 1508//2152 1420//2152 1486//2152
f 1428//2153 1509//2153 1429//2153
f 1509//2154 1485//2154 1429//2154
f 1510//2147 1503//2147 1505//2147
f 1458//2155 1511//2155 1505//2155
f 1511//2156 1510//2156 1505//2156
f 1512//2157 1513//2157 1507//2157
f 1513//2158 1459//2158 1507//2158
f 1506//2148 1512//2148 1507//2148
f 1494//2159 1432//2159 1487//2159
f 1461//2073 1511//2073 1458//2073
f 1513//2160 1462//2160 1459//2160
f 1479//2105 1514//2105 1477//2105
f 1514//2161 1473//2161 1477//2161
f 1478//2162 1515//2162 1479//2162
f 1515//2163 1514//2163 1479//2163
f 1424//2125 1491//2125 1488//2125
f 1493//2164 1516//2164 1494//2164
f 1516//2165 1432//2165 1494//2165
f 1424//2166 1489//2166 1491//2166
f 1423//2167 1517//2167 1424//2167
f 1517//2168 1518//2168 1424//2168
f 1518//2169 1489//2169 1424//2169
f 1516//2170 1431//2170 1432//2170
f 1517//2171 1519//2171 1518//2171
f 1519//2172 1520//2172 1518//2172
f 1520//2173 1489//2173 1518//2173
f 1521//2174 1522//2174 1516//2174
f 1522//2175 1523//2175 1516//2175
f 1523//2176 1431//2176 1516//2176
f 1493//2177 1521//2177 1516//2177
f 1524//2178 1510//2178 1511//2178
f 1461//2179 1525//2179 1511//2179
f 1525//2180 1524//2180 1511//2180
f 1526//2181 1462//2181 1513//2181
f 1512//2182 1526//2182 1513//2182
f 1460//2183 1527//2183 1461//2183
f 1527//2183 1525//2183 1461//2183
f 1526//2181 1528//2181 1462//2181
f 1528//2184 1464//2184 1462//2184
f 1463//2185 1529//2185 1460//2185
f 1529//2185 1527//2185 1460//2185
f 1530//2186 1466//2186 1464//2186
f 1528//2184 1530//2184 1464//2184
f 1465//2187 1531//2187 1463//2187
f 1531//2187 1529//2187 1463//2187
f 1532//2188 1467//2188 1466//2188
f 1530//2186 1532//2186 1466//2186
f 1490//2189 1531//2189 1465//2189
f 1456//2190 1490//2190 1465//2190
f 1495//2191 1455//2191 1467//2191
f 1533//2192 1495//2192 1467//2192
f 1532//2188 1533//2188 1467//2188
f 1471//2193 1508//2193 1484//2193
f 1509//2194 1472//2194 1485//2194
f 1470//2195 1534//2195 1471//2195
f 1534//2196 1535//2196 1471//2196
f 1535//2197 1508//2197 1471//2197
f 1509//2198 1536//2198 1472//2198
f 1536//2199 1481//2199 1472//2199
f 1473//2200 1537//2200 1474//2200
f 1537//2201 1482//2201 1474//2201
f 1475//2202 1538//2202 1476//2202
f 1538//2203 1539//2203 1476//2203
f 1539//2204 1478//2204 1476//2204
f 1540//2205 1541//2205 1473//2205
f 1514//2205 1540//2205 1473//2205
f 1541//2206 1537//2206 1473//2206
f 1539//2207 1542//2207 1478//2207
f 1542//2208 1515//2208 1478//2208
f 1515//2209 1540//2209 1514//2209
f 1542//2208 1543//2208 1515//2208
f 1543//2209 1540//2209 1515//2209
f 1544//2210 1534//2210 1470//2210
f 1480//2210 1544//2210 1470//2210
f 1536//2211 1545//2211 1481//2211
f 1545//2212 1483//2212 1481//2212
f 1546//2213 1544//2213 1480//2213
f 1482//2213 1546//2213 1480//2213
f 1545//2212 1547//2212 1483//2212
f 1547//2214 1475//2214 1483//2214
f 1537//2215 1546//2215 1482//2215
f 1547//2214 1538//2214 1475//2214
f 1489//2216 1548//2216 1490//2216
f 1548//2189 1531//2189 1490//2189
f 1533//2192 1492//2192 1495//2192
f 1535//2217 1549//2217 1508//2217
f 1550//2218 1420//2218 1508//2218
f 1549//2219 1550//2219 1508//2219
f 1551//2220 1536//2220 1509//2220
f 1428//2221 1551//2221 1509//2221
f 1550//2222 1418//2222 1420//2222
f 1520//2223 1548//2223 1489//2223
f 1492//2224 1521//2224 1493//2224
f 1552//2225 1551//2225 1428//2225
f 1427//2226 1552//2226 1428//2226
f 1427//2227 1551//2227 1552//2227
f 1549//2228 1418//2228 1550//2228
f 1553//2229 1554//2229 1497//2229
f 1555//2230 1553//2230 1497//2230
f 1496//2231 1555//2231 1497//2231
f 1554//2232 1498//2232 1497//2232
f 1554//2233 1556//2233 1498//2233
f 1556//2234 1500//2234 1498//2234
f 1557//2235 1555//2235 1496//2235
f 1499//2235 1557//2235 1496//2235
f 1558//2236 1502//2236 1500//2236
f 1556//2234 1558//2234 1500//2234
f 1559//2237 1557//2237 1499//2237
f 1501//2237 1559//2237 1499//2237
f 1560//2238 1504//2238 1502//2238
f 1558//2236 1560//2236 1502//2236
f 1561//2239 1559//2239 1501//2239
f 1503//2239 1561//2239 1501//2239
f 1562//2240 1506//2240 1504//2240
f 1560//2238 1562//2238 1504//2238
f 1510//2241 1563//2241 1503//2241
f 1563//2241 1561//2241 1503//2241
f 1564//2242 1512//2242 1506//2242
f 1562//2243 1564//2243 1506//2243
f 1524//2244 1563//2244 1510//2244
f 1565//2245 1526//2245 1512//2245
f 1564//2242 1565//2242 1512//2242
f 1534//2246 1566//2246 1535//2246
f 1566//2247 1549//2247 1535//2247
f 1551//2248 1567//2248 1536//2248
f 1567//2249 1568//2249 1536//2249
f 1568//2250 1545//2250 1536//2250
f 1541//2251 1569//2251 1537//2251
f 1569//2252 1570//2252 1537//2252
f 1570//2253 1546//2253 1537//2253
f 1538//2203 1571//2203 1539//2203
f 1571//2254 1542//2254 1539//2254
f 1572//2255 1566//2255 1534//2255
f 1573//2255 1572//2255 1534//2255
f 1544//2256 1573//2256 1534//2256
f 1568//2257 1574//2257 1545//2257
f 1574//2258 1547//2258 1545//2258
f 1575//2259 1576//2259 1544//2259
f 1576//2260 1573//2260 1544//2260
f 1546//2261 1575//2261 1544//2261
f 1574//2262 1577//2262 1547//2262
f 1577//2262 1578//2262 1547//2262
f 1578//2263 1538//2263 1547//2263
f 1570//2264 1575//2264 1546//2264
f 1579//2265 1571//2265 1538//2265
f 1578//2266 1579//2266 1538//2266
f 1553//978 1563//978 1554//978
f 1563//978 1556//978 1554//978
f 1555//978 1563//978 1553//978
f 1563//978 1558//978 1556//978
f 1557//978 1563//978 1555//978
f 1563//978 1560//978 1558//978
f 1559//978 1563//978 1557//978
f 1563//978 1562//978 1560//978
f 1561//978 1563//978 1559//978
f 1563//978 1564//978 1562//978
f 1563//978 1565//978 1564//978
f 1524//978 1526//978 1563//978
f 1526//978 1565//978 1563//978
f 1525//978 1528//978 1524//978
f 1528//978 1526//978 1524//978
f 1527//978 1521//978 1525//978
f 1521//978 1492//978 1525//978
f 1492//978 1533//978 1525//978
f 1533//978 1532//978 1525//978
f 1532//978 1530//978 1525//978
f 1530//978 1528//978 1525//978
f 1529//978 1521//978 1527//978
f 1531//978 1521//978 1529//978
f 1548//978 1520//978 1531//978
f 1520//978 1521//978 1531//978
f 1572//978 1521//978 1520//978
f 1519//978 1572//978 1520//978
f 1572//978 1573//978 1521//978
f 1573//978 1576//978 1521//978
f 1576//978 1522//978 1521//978
f 1576//978 1568//978 1522//978
f 1568//978 1523//978 1522//978
f 1517//978 1572//978 1519//978
f 1568//978 1431//978 1523//978
f 1568//978 1425//978 1431//978
f 1423//978 1572//978 1517//978
f 1422//978 1572//978 1423//978
f 1568//978 1426//978 1425//978
f 1421//978 1572//978 1422//978
f 1418//978 1572//978 1421//978
f 1568//978 1551//978 1426//978
f 1551//978 1427//978 1426//978
f 1549//978 1572//978 1418//978
f 1566//978 1572//978 1549//978
f 1568//978 1567//978 1551//978
f 1576//978 1575//978 1568//978
f 1575//978 1570//978 1568//978
f 1570//978 1574//978 1568//978
f 1570//978 1577//978 1574//978
f 1570//978 1578//978 1577//978
f 1570//978 1579//978 1578//978
f 1543//978 1571//978 1579//978
f 1540//978 1543//978 1579//978
f 1570//978 1540//978 1579//978
f 1569//978 1540//978 1570//978
f 1541//978 1540//978 1569//978
f 1543//978 1542//978 1571//978
