# Blender 4.5.0
# www.blender.org
mtllib rl_dg_1_2.mtl
o rl_dg_1_2_c
v 0.005206 -0.001719 0.011200
v -0.000526 -0.005436 0.011200
v 0.000277 -0.005493 0.011200
v 0.000524 -0.005449 0.011200
v 0.000531 -0.005501 0.011200
v -0.000531 -0.005501 0.011200
v 0.001565 -0.005265 0.011200
v 0.001574 -0.005298 0.011200
v -0.001052 -0.005398 0.011200
v -0.001574 -0.005298 0.011200
v -0.001555 -0.005236 0.011200
v 0.004161 -0.003538 0.011200
v 0.004735 -0.002798 0.011200
v 0.004783 -0.002688 0.011200
v 0.001623 -0.005255 0.011200
v 0.002535 -0.004850 0.011200
v 0.002559 -0.004899 0.011200
v -0.002312 -0.004990 0.011200
v -0.002533 -0.004853 0.011200
v -0.002559 -0.004899 0.011200
v -0.003429 -0.004293 0.011200
v 0.003406 -0.004264 0.011200
v 0.002810 -0.004728 0.011200
v 0.003449 -0.004318 0.011200
v -0.003471 -0.004267 0.011200
v -0.003449 -0.004318 0.011200
v -0.004020 -0.003754 0.011200
v 0.003889 -0.003889 0.011200
v 0.004211 -0.003579 0.011200
v -0.004169 -0.003546 0.011200
v -0.004211 -0.003579 0.011200
v -0.004785 -0.002686 0.011200
v 0.004818 -0.002707 0.011200
v 0.005247 -0.001734 0.011200
v -0.004847 -0.002600 0.011200
v -0.004818 -0.002707 0.011200
v -0.005194 -0.001715 0.011200
v -0.005247 -0.001734 0.011200
v -0.005083 0.002100 0.011200
v -0.005276 0.001394 0.011200
v 0.005270 -0.001574 0.011200
v -0.004400 0.003300 0.011200
v -0.004923 0.002382 0.011200
v -0.005447 0.000768 0.011200
v -0.005475 0.000361 0.011200
v -0.005500 0.000000 0.011200
v -0.005411 -0.000689 0.011200
v -0.005321 -0.001393 0.011200
v 0.005424 -0.000689 0.011200
v 0.005482 -0.000698 0.011200
v -0.005482 -0.000698 0.011200
v 0.005492 -0.000297 0.011200
v 0.005500 0.000000 0.011200
v 0.005515 0.000364 0.011200
v -0.005515 0.000364 0.011200
v -0.004103 0.003868 0.011200
v 0.005455 0.000358 0.011200
v 0.005327 0.001370 0.011200
v -0.005343 0.001412 0.011200
v 0.005313 0.001404 0.011200
v 0.005343 0.001412 0.011200
v 0.004924 0.002387 0.011200
v 0.004974 0.002409 0.011200
v -0.004974 0.002409 0.011200
v 0.004818 0.002654 0.011200
v 0.004400 0.003300 0.011200
v 0.004421 0.003316 0.011200
v -0.004421 0.003315 0.011195
v 0.004103 0.003868 0.011200
v 0.004000 0.004500 0.011200
v -0.004000 0.004500 0.011200
v -0.004446 0.003982 0.011132
v 0.004446 0.003982 0.011132
v 0.004361 0.004500 0.011132
v -0.004000 0.007124 0.011200
v -0.004361 0.004500 0.011132
v 0.004000 0.007124 0.011200
v 0.004361 0.007124 0.011132
v -0.004010 0.007329 0.011200
v -0.004361 0.007124 0.011132
v 0.004125 0.007716 0.011200
v 0.004437 0.007615 0.011132
v 0.004171 0.007933 0.011200
v -0.004129 0.007712 0.011200
v -0.004437 0.007615 0.011132
v -0.004242 0.008077 0.011200
v 0.004391 0.008246 0.011200
v -0.006000 0.014000 0.011200
v -0.004778 0.008707 0.011200
v -0.004385 0.008246 0.011200
v -0.005375 0.009137 0.011200
v 0.004656 0.008061 0.011132
v -0.004656 0.008061 0.011132
v 0.004622 0.008574 0.011200
v 0.004778 0.008707 0.011200
v 0.004999 0.008421 0.011132
v -0.004999 0.008421 0.011132
v 0.005375 0.009137 0.011200
v -0.006000 0.009526 0.011200
v -0.006181 0.009213 0.011132
v 0.006000 0.009526 0.011200
v 0.006000 0.014000 0.011200
v -0.006360 0.009670 0.011181
v 0.006470 0.009710 0.011158
v 0.006181 0.009213 0.011132
v -0.007700 0.014000 0.011200
v -0.006924 0.014000 0.011076
v -0.007700 0.015500 0.011200
v -0.006470 0.009710 0.011160
v 0.006924 0.014000 0.011076
v 0.007700 0.014000 0.011200
v 0.007700 0.015500 0.011200
v 0.006623 0.009769 0.011144
v -0.008782 0.014000 0.011029
v -0.008012 0.014000 0.010563
v 0.008782 0.014000 0.011029
v 0.008649 0.015616 0.011069
v -0.008228 0.015535 0.011160
v -0.007700 0.017000 0.009500
v 0.007700 0.017000 0.009500
v 0.008776 0.015662 0.011016
v -0.001680 -0.005654 0.011117
v -0.000567 -0.005871 0.011117
v 0.000567 -0.005871 0.011117
v -0.002731 -0.005228 0.011117
v 0.001680 -0.005654 0.011117
v -0.003681 -0.004609 0.011117
v 0.002731 -0.005228 0.011117
v -0.004495 -0.003820 0.011117
v 0.003681 -0.004609 0.011117
v -0.005143 -0.002889 0.011117
v 0.004495 -0.003820 0.011117
v -0.005601 -0.001851 0.011117
v 0.005143 -0.002889 0.011117
v -0.005851 -0.000745 0.011117
v 0.005601 -0.001851 0.011117
v -0.005886 0.000388 0.011117
v 0.005851 -0.000745 0.011117
v -0.005703 0.001507 0.011117
v 0.005886 0.000388 0.011117
v -0.005309 0.002571 0.011117
v 0.005703 0.001507 0.011117
v -0.004689 0.003517 0.011132
v 0.004688 0.003516 0.011126
v 0.005309 0.002571 0.011117
v -0.006626 0.009398 0.011082
v -0.008771 0.015681 0.010995
v -0.006923 0.009876 0.011071
v 0.006626 0.009398 0.011082
v 0.006920 0.009873 0.011063
v 0.007065 0.009573 0.010973
v -0.004716 0.003537 0.011111
v -0.004489 0.004500 0.011049
v -0.004773 0.004091 0.010907
v 0.004719 0.003539 0.011117
v 0.004773 0.004091 0.010907
v 0.004489 0.004500 0.011049
v 0.004489 0.007124 0.011049
v -0.004489 0.007124 0.011049
v -0.004767 0.007511 0.010907
v -0.004939 0.007863 0.010907
v 0.004767 0.007511 0.010907
v -0.005210 0.008147 0.010907
v 0.004939 0.007863 0.010907
v 0.006184 0.009208 0.011129
v 0.005210 0.008147 0.010907
v -0.006184 0.009208 0.011129
v -0.006353 0.008914 0.010907
v 0.006353 0.008914 0.010907
v -0.001768 -0.005950 0.010907
v -0.000597 -0.006178 0.010907
v 0.000597 -0.006178 0.010907
v -0.002874 -0.005502 0.010907
v 0.001768 -0.005950 0.010907
v -0.003874 -0.004850 0.010907
v 0.002874 -0.005502 0.010907
v -0.004730 -0.004019 0.010907
v 0.003874 -0.004850 0.010907
v -0.005412 -0.003040 0.010907
v 0.004730 -0.004019 0.010907
v -0.005893 -0.001948 0.010907
v 0.005412 -0.003040 0.010907
v -0.006157 -0.000784 0.010907
v 0.005893 -0.001948 0.010907
v -0.006194 0.000408 0.010907
v 0.006157 -0.000784 0.010907
v -0.006001 0.001586 0.010907
v 0.006194 0.000408 0.010907
v -0.005587 0.002705 0.010907
v 0.006001 0.001586 0.010907
v -0.004966 0.003724 0.010907
v 0.005587 0.002705 0.010907
v 0.004966 0.003724 0.010907
v -0.007065 0.009573 0.010973
v -0.007145 0.009283 0.010752
v -0.007404 0.010037 0.010898
v -0.006984 0.009898 0.011059
v -0.007843 0.010171 0.010661
v -0.007509 0.010072 0.010858
v -0.006940 0.009882 0.011067
v 0.006938 0.009879 0.011058
v 0.007218 0.009978 0.010981
v 0.007402 0.010036 0.010894
v 0.007775 0.010153 0.010717
v 0.007845 0.010173 0.010667
v 0.008012 0.014000 0.010563
v -0.007499 0.009731 0.010802
v -0.004707 0.004500 0.010907
v 0.004707 0.007124 0.010907
v 0.004707 0.004500 0.010907
v -0.004707 0.007124 0.010907
v -0.009500 0.014000 0.010702
v -0.008864 0.014000 0.009713
v 0.009500 0.014000 0.010702
v 0.009425 0.015901 0.010745
v -0.009181 0.015790 0.010871
v -0.009739 0.016114 0.010504
v 0.007499 0.009731 0.010802
v -0.007535 0.009441 0.010590
v 0.007145 0.009283 0.010752
v -0.001832 -0.006166 0.010561
v -0.000618 -0.006403 0.010561
v 0.000618 -0.006403 0.010561
v -0.002978 -0.005701 0.010561
v 0.001832 -0.006166 0.010561
v -0.004014 -0.005026 0.010561
v 0.002978 -0.005701 0.010561
v -0.004902 -0.004165 0.010561
v 0.004014 -0.005026 0.010561
v -0.005608 -0.003150 0.010561
v 0.004902 -0.004165 0.010561
v -0.006107 -0.002019 0.010561
v 0.005608 -0.003150 0.010561
v -0.006381 -0.000813 0.010561
v 0.006107 -0.002019 0.010561
v -0.006418 0.000423 0.010561
v 0.006381 -0.000813 0.010561
v -0.006219 0.001644 0.010561
v 0.006418 0.000423 0.010561
v -0.005789 0.002803 0.010561
v 0.006219 0.001644 0.010561
v -0.005131 0.003848 0.010607
v 0.005125 0.003844 0.010602
v 0.005789 0.002803 0.010561
v -0.004969 0.004156 0.010607
v -0.004855 0.004500 0.010692
v 0.004969 0.004156 0.010607
v 0.004855 0.004500 0.010692
v 0.004855 0.007124 0.010692
v -0.004855 0.007124 0.010692
v -0.005109 0.007745 0.010607
v -0.004963 0.007450 0.010607
v 0.004963 0.007450 0.010607
v -0.005336 0.007984 0.010607
v 0.005109 0.007745 0.010607
v -0.006457 0.008735 0.010607
v 0.005336 0.007984 0.010607
v 0.006457 0.008735 0.010607
v -0.009736 0.014208 0.010506
v -0.007911 0.009867 0.010569
v -0.007906 0.009578 0.010371
v 0.007535 0.009441 0.010590
v 0.007911 0.009867 0.010569
v -0.007159 0.009076 0.010441
v 0.007159 0.009076 0.010441
v 0.009736 0.014208 0.010506
v 0.009737 0.016113 0.010505
v 0.009376 0.014000 0.008624
v 0.009500 0.014000 0.007700
v 0.008864 0.014000 0.009713
v -0.009500 0.014000 0.007700
v -0.009376 0.014000 0.008624
v -0.004913 0.004500 0.010607
v 0.004913 0.007124 0.010607
v 0.004913 0.004500 0.010607
v -0.004913 0.007124 0.010607
v 0.008005 0.010218 0.010553
v -0.008012 0.010222 0.010562
v -0.005139 0.003854 0.010559
v -0.005051 0.004184 0.010200
v -0.005000 0.004500 0.010200
v 0.005146 0.003859 0.010561
v 0.005051 0.004184 0.010200
v 0.005000 0.007124 0.010200
v 0.005000 0.004500 0.010200
v -0.005000 0.007124 0.010200
v -0.005046 0.007424 0.010200
v -0.005113 0.007560 0.010200
v 0.005046 0.007424 0.010200
v 0.005113 0.007560 0.010200
v -0.005389 0.007915 0.010200
v -0.005180 0.007696 0.010200
v 0.005180 0.007696 0.010200
v -0.006461 0.008728 0.010566
v 0.006461 0.008728 0.010566
v 0.005389 0.007915 0.010200
v -0.007830 0.009362 0.010105
v 0.007906 0.009578 0.010371
v -0.008031 0.010228 0.010550
v -0.008296 0.009984 0.010273
v -0.008253 0.009694 0.010094
v 0.008296 0.009984 0.010273
v -0.006500 0.008660 0.010200
v -0.007110 0.008983 0.010099
v -0.006556 0.008690 0.010191
v 0.006500 0.008660 0.010200
v 0.006556 0.008690 0.010191
v -0.008625 0.010385 0.009996
v -0.008496 0.010353 0.010154
v -0.008254 0.010288 0.010360
v 0.008264 0.010292 0.010369
v 0.008628 0.010385 0.009997
v 0.008716 0.010408 0.009907
v 0.000000 -0.006470 0.010200
v -0.001736 -0.006253 0.010200
v -0.000625 -0.006470 0.010200
v 0.001736 -0.006253 0.010200
v 0.000625 -0.006470 0.010200
v -0.003009 -0.005761 0.010200
v -0.001851 -0.006231 0.010200
v 0.001851 -0.006231 0.010200
v -0.004056 -0.005079 0.010200
v -0.003335 -0.005549 0.010200
v 0.003335 -0.005549 0.010200
v 0.003009 -0.005761 0.010200
v -0.004699 -0.004455 0.010200
v 0.004056 -0.005079 0.010200
v -0.005667 -0.003183 0.010200
v -0.004953 -0.004209 0.010200
v 0.004953 -0.004209 0.010200
v 0.004699 -0.004455 0.010200
v -0.005729 -0.003044 0.010200
v 0.005667 -0.003183 0.010200
v 0.005729 -0.003044 0.010200
v -0.006317 -0.001397 0.010200
v -0.006172 -0.002040 0.010200
v 0.006172 -0.002040 0.010200
v -0.006483 0.000345 0.010200
v -0.006448 -0.000821 0.010200
v 0.006483 0.000345 0.010200
v 0.006448 -0.000821 0.010200
v 0.006317 -0.001397 0.010200
v -0.006284 0.001661 0.010200
v -0.006486 0.000428 0.010200
v 0.006486 0.000428 0.010200
v -0.006137 0.002058 0.010200
v -0.005850 0.002833 0.010200
v 0.006137 0.002058 0.010200
v 0.006284 0.001661 0.010200
v -0.005366 0.003628 0.010200
v 0.005850 0.002833 0.010200
v 0.005200 0.003900 0.010200
v 0.005366 0.003628 0.010200
v -0.005200 0.003900 0.010200
v -0.010315 0.014719 0.010027
v 0.010315 0.014719 0.010027
v 0.010200 0.016427 0.010149
v -0.010504 0.014886 0.009739
v -0.010027 0.016281 0.010315
v -0.007694 0.009244 0.009807
v -0.007167 0.009012 0.010090
v 0.007110 0.008983 0.010099
v 0.007167 0.009012 0.010090
v 0.007830 0.009362 0.010105
v -0.008136 0.009475 0.009858
v 0.008253 0.009694 0.010094
v -0.008642 0.010080 0.009918
v -0.010506 0.016792 0.009736
v -0.008566 0.009790 0.009763
v 0.008642 0.010080 0.009918
v -0.001738 -0.006263 0.006400
v 0.000000 -0.006500 0.006400
v 0.001738 -0.006263 0.006400
v -0.003349 -0.005571 0.006400
v 0.003349 -0.005571 0.006400
v -0.004716 -0.004473 0.006400
v 0.004716 -0.004473 0.006400
v 0.005740 -0.003049 0.006400
v -0.005740 -0.003049 0.006400
v -0.006031 -0.002422 0.008769
v -0.006018 -0.002456 0.008750
v -0.005891 -0.002746 0.008489
v -0.005795 -0.002945 0.008170
v -0.005759 -0.003014 0.007914
v -0.005754 -0.003023 0.007882
v 0.005751 -0.003029 0.007811
v 0.005763 -0.003007 0.007914
v 0.005788 -0.002958 0.008137
v 0.005876 -0.002779 0.008448
v 0.006008 -0.002479 0.008734
v 0.006032 -0.002418 0.008768
v 0.006165 -0.002060 0.008969
v -0.006342 -0.001423 0.009171
v -0.006179 -0.002016 0.008988
v 0.006328 -0.001485 0.009156
v -0.006457 -0.000743 0.009277
v -0.006346 -0.001403 0.009174
v 0.006343 -0.001403 0.009170
v -0.006500 0.000013 0.009311
v 0.006452 -0.000791 0.009272
v -0.006452 0.000791 0.009272
v -0.006479 0.000344 0.009295
v 0.006480 0.000344 0.009295
v 0.006500 -0.000015 0.009311
v -0.006328 0.001485 0.009156
v 0.006457 0.000742 0.009277
v -0.006165 0.002060 0.008970
v 0.006342 0.001422 0.009171
v -0.006032 0.002418 0.008768
v -0.006162 0.002067 0.008966
v 0.006161 0.002067 0.008961
v 0.006180 0.002015 0.008989
v -0.006009 0.002479 0.008734
v 0.006031 0.002421 0.008769
v -0.005763 0.003007 0.007914
v -0.005788 0.002958 0.008137
v -0.005751 0.003029 0.007811
v -0.005876 0.002779 0.008449
v -0.005386 0.003639 0.006400
v 0.006017 0.002458 0.008749
v 0.005891 0.002747 0.008488
v 0.005794 0.002946 0.008168
v 0.005759 0.003014 0.007914
v 0.005754 0.003023 0.007880
v 0.005386 0.003639 0.006400
v 0.005200 0.003900 0.006400
v -0.005200 0.003900 0.006400
v -0.005051 0.004184 0.006400
v -0.005000 0.004500 0.006400
v 0.005051 0.004184 0.006400
v -0.005000 0.007124 0.006400
v 0.005000 0.004500 0.006400
v 0.005000 0.007124 0.006400
v -0.005102 0.007565 0.006400
v 0.005102 0.007565 0.006400
v -0.005389 0.007915 0.006400
v 0.005389 0.007915 0.006400
v -0.006118 0.008428 0.008894
v -0.005920 0.008298 0.008556
v -0.005791 0.008210 0.008154
v -0.005771 0.008196 0.007962
v -0.005750 0.008181 0.007766
v -0.006497 0.008658 0.009309
v -0.006156 0.008453 0.008959
v 0.005774 0.008198 0.008059
v 0.005805 0.008220 0.008174
v 0.005890 0.008278 0.008486
v 0.006093 0.008412 0.008870
v 0.006223 0.008492 0.009021
v 0.006395 0.008599 0.009221
v -0.006555 0.008690 0.009346
v -0.006873 0.008865 0.009548
v -0.006870 0.008864 0.009546
v 0.006555 0.008690 0.009341
v 0.006725 0.008786 0.009467
v 0.006982 0.008918 0.009582
v 0.010504 0.014886 0.009739
v 0.010514 0.016785 0.009743
v -0.007878 0.009322 0.009746
v -0.007847 0.009310 0.009747
v 0.007912 0.009342 0.009734
v 0.008136 0.009475 0.009858
v 0.007802 0.009291 0.009749
v 0.007694 0.009244 0.009807
v -0.007328 0.009088 0.009705
v 0.007159 0.009009 0.009661
v -0.008456 0.009626 0.009610
v -0.008346 0.009552 0.009659
v 0.008317 0.009540 0.009661
v 0.008566 0.009790 0.009763
v 0.007631 0.009221 0.009747
v -0.008861 0.010442 0.009710
v -0.008936 0.010156 0.009511
v -0.008856 0.009929 0.009408
v -0.008799 0.009870 0.009449
v 0.008810 0.009887 0.009436
v 0.008936 0.010156 0.009511
v 0.008768 0.009852 0.009461
v 0.008852 0.010440 0.009705
v -0.008322 0.009540 0.009664
v 0.008234 0.009490 0.009691
v -0.007802 0.009291 0.009749
v -0.008781 0.009851 0.009462
v -0.008765 0.009835 0.009473
v 0.008457 0.009626 0.009610
v 0.008612 0.009719 0.009555
v -0.006870 0.011000 0.009546
v -0.007847 0.011000 0.009748
v 0.006976 0.010300 0.009594
v 0.007914 0.010300 0.009743
v -0.008800 0.011000 0.009452
v -0.005761 0.011000 0.007963
v 0.010871 0.015210 0.009181
v 0.010702 0.017000 0.009500
v 0.006278 0.010300 0.006396
v 0.008814 0.010300 0.009443
v -0.010871 0.015210 0.009181
v -0.010995 0.015319 0.008771
v -0.010702 0.017000 0.009500
v -0.008943 0.010461 0.009579
v -0.008885 0.010448 0.009681
v -0.009192 0.011000 0.009136
v -0.009376 0.011000 0.008624
v 0.009076 0.010492 0.009370
v 0.008938 0.010460 0.009575
v 0.006213 0.010300 0.009030
v 0.005796 0.010300 0.008177
v -0.009192 0.010518 0.009136
v -0.009161 0.010341 0.009167
v -0.006112 0.011000 0.008898
v -0.009081 0.010192 0.009241
v -0.009043 0.010122 0.009276
v 0.008856 0.009927 0.009408
v 0.008939 0.009997 0.009358
v 0.009079 0.010192 0.009241
v -0.008624 0.017000 0.009376
v -0.009713 0.017000 0.008864
v -0.011029 0.017000 0.008782
v -0.006782 0.020000 0.009500
v -0.007700 0.020000 0.009500
v -0.008624 0.020000 0.009376
v 0.008624 0.017000 0.009376
v 0.006782 0.020000 0.009500
v 0.007700 0.020700 0.009500
v 0.011029 0.017000 0.008782
v 0.010563 0.017000 0.008012
v 0.009713 0.017000 0.008864
v 0.010995 0.015319 0.008771
v -0.006976 0.020000 0.005906
v -0.006771 0.020110 0.009494
v -0.006420 0.020000 0.009244
v 0.006740 0.020215 0.009476
v -0.006684 0.020334 0.009442
v 0.006782 0.020700 0.009500
v 0.006388 0.020700 0.009214
v 0.006596 0.020469 0.009383
v 0.006668 0.020343 0.009430
v 0.008624 0.020700 0.009376
v 0.006396 0.020700 0.006278
v -0.006676 0.020345 0.009437
v 0.009145 0.010300 0.009183
v 0.009128 0.010260 0.009200
v -0.006496 0.020589 0.009308
v -0.006424 0.020658 0.009240
v 0.009136 0.020482 0.009192
v 0.009370 0.020508 0.009076
v -0.009136 0.020000 0.009192
v -0.009452 0.020000 0.008800
v -0.007963 0.020000 0.005761
v 0.009136 0.020700 0.009192
v 0.009183 0.020700 0.009145
v 0.009192 0.010518 0.009136
v 0.009191 0.010496 0.009137
v -0.006093 -0.000177 0.008870
v 0.006173 0.000509 0.008980
v -0.005864 0.020000 0.008415
v -0.005777 0.020000 0.007421
v -0.006181 0.020000 0.006509
v -0.006381 0.020699 0.009199
v 0.006111 0.020700 0.008896
v 0.006380 0.020706 0.009206
v 0.006179 0.020873 0.008988
v -0.006268 0.020806 0.009092
v -0.009136 0.020482 0.009192
v -0.009577 0.020538 0.008944
v 0.009137 0.020504 0.009191
v -0.009167 0.020659 0.009161
v 0.009376 0.010300 0.008624
v 0.009192 0.010300 0.009136
v -0.009241 0.020808 0.009081
v -0.009509 0.020844 0.008937
v 0.009200 0.020740 0.009128
v 0.009443 0.020700 0.008814
v 0.009241 0.020808 0.009079
v -0.006081 0.020931 0.008843
v 0.006117 0.020907 0.008892
v -0.009275 0.020878 0.009043
v 0.009358 0.021003 0.008939
v 0.009511 0.020844 0.008936
v 0.009575 0.020540 0.008938
v -0.009407 0.021069 0.008857
v -0.009681 0.020552 0.008885
v 0.009408 0.021073 0.008856
v 0.009705 0.020560 0.008852
v -0.009918 0.020920 0.008642
v -0.009997 0.020616 0.008625
v -0.009710 0.020557 0.008861
v 0.009436 0.021113 0.008810
v 0.009918 0.020920 0.008642
v 0.009907 0.020592 0.008716
v 0.006085 0.020925 0.008841
v 0.005767 0.020700 0.008011
v 0.005896 0.021000 0.008500
v 0.005976 0.020985 0.008674
v -0.010563 0.017000 0.008012
v -0.009449 0.021130 0.008799
v -0.006044 0.020956 0.008794
v 0.009743 0.020700 0.007914
v 0.009594 0.020700 0.006976
v 0.008177 0.020700 0.005796
v 0.009030 0.020700 0.006213
v 0.009461 0.021148 0.008768
v -0.009748 0.020000 0.007847
v -0.009462 0.021149 0.008780
v -0.008898 0.020000 0.006112
v -0.009763 0.021210 0.008566
v -0.005896 0.021000 0.008500
v -0.011200 0.017000 0.007700
v -0.011200 0.015500 0.007700
v -0.011160 0.015465 0.008228
v 0.011200 0.017000 0.007700
v 0.011076 0.017000 0.006924
v 0.011160 0.015465 0.008228
v -0.009473 0.021165 0.008765
v -0.005841 0.000275 0.008347
v 0.005841 -0.000275 0.008346
v 0.009555 0.021281 0.008612
v 0.009763 0.021210 0.008566
v -0.009611 0.021374 0.008456
v 0.009997 0.020615 0.008628
v 0.010094 0.021305 0.008253
v 0.010273 0.021016 0.008296
v -0.010274 0.021016 0.008295
v -0.010361 0.020713 0.008253
v -0.010154 0.020647 0.008496
v 0.010369 0.020708 0.008264
v 0.009500 0.010300 0.007700
v -0.009500 0.011000 0.007700
v -0.005906 0.011000 0.006976
v 0.009610 0.021374 0.008457
v 0.009661 0.021460 0.008317
v -0.010095 0.021306 0.008253
v -0.005864 0.021000 0.008415
v 0.005767 0.021000 0.008011
v -0.009658 0.021446 0.008349
v -0.005777 0.021000 0.007421
v -0.009664 0.021460 0.008321
v -0.009859 0.021525 0.008135
v -0.009741 0.021652 0.007938
v 0.009691 0.021510 0.008234
v 0.009858 0.021525 0.008136
v 0.010371 0.021422 0.007906
v 0.010569 0.021133 0.007911
v 0.010553 0.020782 0.008005
v -0.010569 0.021132 0.007911
v -0.010550 0.020772 0.008031
v 0.010105 0.021638 0.007830
v -0.010370 0.021422 0.007907
v 0.009734 0.021658 0.007912
v 0.011200 0.015500 0.007700
v 0.005819 0.010300 0.007228
v 0.005755 0.008185 0.007611
v -0.010105 0.021638 0.007830
v -0.010562 0.020778 0.008012
v -0.011076 0.017000 0.006924
v -0.010661 0.020828 0.007844
v 0.010667 0.020827 0.007845
v 0.005870 0.020700 0.007067
v 0.005870 0.021000 0.007067
v -0.005911 0.008292 0.006978
v -0.005795 0.008213 0.007330
v -0.009747 0.021690 0.007847
v -0.005760 -0.000072 0.007546
v 0.005760 0.000072 0.007545
v 0.009749 0.021709 0.007802
v -0.010858 0.020928 0.007508
v -0.010803 0.021270 0.007497
v 0.010802 0.021269 0.007499
v 0.010590 0.021559 0.007535
v 0.010717 0.020847 0.007775
v -0.010591 0.021560 0.007533
v 0.010441 0.021923 0.007159
v -0.005761 -0.003010 0.007539
v 0.005761 0.003009 0.007537
v -0.009546 0.020000 0.006870
v -0.009749 0.021709 0.007802
v -0.009807 0.021756 0.007695
v -0.010441 0.021923 0.007159
v 0.010090 0.021988 0.007167
v 0.009807 0.021756 0.007694
v -0.005766 0.003001 0.007498
v 0.005766 -0.003000 0.007497
v 0.009747 0.021779 0.007631
v -0.009705 0.021912 0.007328
v 0.010894 0.020964 0.007402
v 0.009214 0.010300 0.006388
v 0.009500 0.010300 0.006782
v 0.009500 0.011000 0.006782
v -0.009500 0.011000 0.006782
v -0.009500 0.014000 -0.007700
v 0.009500 0.014000 -0.007700
v 0.011200 0.015500 -0.007700
v 0.009500 0.011000 -0.006782
v -0.011200 0.017000 0.006000
v -0.011200 0.015500 -0.007700
v 0.011200 0.017000 0.006000
v -0.010090 0.021988 0.007167
v 0.009661 0.021991 0.007159
v 0.005826 0.008234 0.007229
v -0.005891 -0.002744 0.007028
v -0.005822 -0.002891 0.007219
v -0.005892 0.002743 0.007028
v -0.005832 0.002871 0.007184
v 0.005891 0.002744 0.007028
v 0.005822 0.002890 0.007217
v 0.005892 -0.002743 0.007028
v 0.005832 -0.002870 0.007183
v 0.010752 0.021717 0.007145
v -0.010973 0.021427 0.007065
v -0.010752 0.021717 0.007145
v -0.010899 0.020964 0.007402
v 0.010981 0.021022 0.007218
v 0.010973 0.021427 0.007065
v -0.011058 0.021101 0.006985
v -0.006181 0.021000 0.006509
v 0.006396 0.021000 0.006278
v 0.006400 0.021000 0.006274
v 0.000000 0.000000 0.007400
v 0.000850 -0.002615 0.007400
v -0.000287 -0.002735 0.007400
v -0.001375 -0.002382 0.007400
v -0.000287 -0.002735 0.006400
v 0.000850 -0.002615 0.006400
v 0.001840 -0.002044 0.007400
v 0.001840 -0.002044 0.006400
v -0.002225 -0.001616 0.007400
v -0.001375 -0.002382 0.006400
v 0.002512 -0.001118 0.007400
v 0.002512 -0.001118 0.006400
v -0.002690 -0.000572 0.007400
v -0.002225 -0.001616 0.006400
v 0.002750 0.000000 0.007400
v 0.002750 0.000000 0.006400
v -0.002750 0.000000 0.007400
v -0.002690 -0.000572 0.006400
v -0.002690 0.000572 0.007400
v -0.002750 0.000000 0.006400
v 0.002512 0.001118 0.007400
v -0.000287 0.002735 0.007400
v 0.000850 0.002615 0.007400
v 0.001840 0.002044 0.007400
v -0.002225 0.001616 0.007400
v -0.001375 0.002382 0.007400
v 0.002512 0.001118 0.006400
v -0.002690 0.000572 0.006400
v 0.001840 0.002044 0.006400
v -0.002225 0.001616 0.006400
v 0.000850 0.002615 0.006400
v -0.001375 0.002382 0.006400
v -0.000287 0.002735 0.006400
v -0.009548 0.022135 0.006873
v -0.010099 0.022017 0.007111
v 0.005839 0.008243 0.007159
v 0.006001 0.008352 0.006780
v 0.006274 0.010000 0.006400
v 0.011058 0.021120 0.006938
v 0.010099 0.022017 0.007110
v -0.010200 0.022340 0.006500
v -0.010561 0.022281 0.006466
v -0.010567 0.022278 0.006464
v 0.009582 0.022082 0.006982
v 0.010566 0.022272 0.006461
v 0.010191 0.022310 0.006556
v 0.010607 0.022265 0.006457
v -0.011081 0.021602 0.006625
v -0.010907 0.022086 0.006353
v 0.010907 0.022086 0.006353
v -0.011067 0.021118 0.006941
v -0.011071 0.021124 0.006922
v 0.011063 0.021127 0.006920
v 0.011144 0.021231 0.006623
v 0.011082 0.021602 0.006626
v -0.005946 0.002626 0.006887
v -0.006003 -0.000339 0.006775
v 0.005946 -0.002626 0.006887
v 0.006003 -0.000338 0.006776
v -0.005930 -0.002662 0.006921
v 0.005930 0.002661 0.006919
v 0.009467 0.022214 0.006725
v -0.005931 0.008306 0.006919
v -0.007421 0.011000 0.005777
v -0.006509 0.011000 0.006181
v -0.009244 0.011000 0.006420
v -0.006274 0.008526 0.006400
v -0.006168 0.008460 0.006526
v -0.006509 0.010000 0.006181
v -0.006274 0.010000 0.006400
v -0.011160 0.021290 0.006469
v -0.006064 -0.002340 0.006674
v 0.006065 0.002338 0.006673
v 0.006106 -0.002228 0.006611
v -0.006106 0.002228 0.006611
v -0.009546 0.022136 0.006870
v -0.009285 0.022359 0.006467
v -0.010200 0.022424 0.006372
v 0.009383 0.010531 0.006596
v 0.009430 0.010657 0.006668
v 0.009476 0.010785 0.006740
v -0.009500 0.011000 -0.006782
v -0.009494 0.010890 0.006771
v 0.009442 0.010665 -0.006684
v 0.009494 0.010890 -0.006771
v 0.006274 0.008526 0.006400
v 0.006274 -0.001698 0.006400
v 0.006274 0.001698 0.006400
v 0.006231 0.001849 0.006448
v 0.006158 0.002066 0.006548
v -0.006158 0.002066 0.006546
v -0.006231 -0.001851 0.006449
v -0.006274 0.001698 0.006400
v -0.006274 -0.001698 0.006400
v -0.009442 0.010665 0.006684
v -0.009437 0.010655 0.006676
v 0.009437 0.010655 -0.006676
v 0.009341 0.022310 0.006555
v -0.009475 0.010778 -0.006738
v -0.009430 0.010657 -0.006668
v -0.009308 0.010411 0.006496
v 0.006162 0.002067 0.006400
v 0.009240 0.010342 -0.006424
v 0.009308 0.010411 -0.006496
v 0.011129 0.021792 0.006184
v 0.011132 0.021787 0.006181
v 0.011158 0.021290 0.006470
v -0.011113 0.021826 0.006203
v -0.011122 0.021791 0.006183
v -0.011181 0.021330 0.006361
v 0.009221 0.022401 0.006395
v 0.010200 0.022340 0.006500
v -0.006162 0.002067 0.006400
v -0.006976 0.021000 0.005906
v 0.010200 0.023085 0.005389
v 0.008868 0.031176 0.006092
v 0.009295 0.030656 0.006480
v 0.009311 0.031015 0.006500
v 0.009272 0.031791 0.006452
v 0.010200 0.030655 0.006483
v -0.009240 0.010342 0.006424
v 0.010200 0.030572 0.006486
v 0.009277 0.030258 0.006457
v 0.010200 0.029339 0.006284
v 0.010561 0.029356 0.006219
v 0.010561 0.030577 0.006418
v 0.010200 0.031821 0.006448
v 0.010561 0.031813 0.006381
v 0.011200 0.021474 0.006000
v -0.009179 0.022419 0.006368
v -0.010561 0.022962 0.005438
v 0.010607 0.023016 0.005336
v 0.009171 0.029578 0.006342
v 0.009170 0.032403 0.006343
v 0.010200 0.032397 0.006317
v -0.009379 0.010524 -0.006590
v -0.009241 0.010341 -0.006422
v -0.009199 0.010301 0.006381
v -0.008415 0.011000 0.005864
v 0.010907 0.030591 0.006194
v 0.010907 0.029414 0.006001
v -0.007421 0.010000 -0.005777
v -0.006509 0.010000 -0.006181
v -0.005906 0.010000 -0.006976
v 0.007421 0.010000 -0.005777
v 0.006278 0.010000 0.006396
v 0.005906 0.010000 -0.006976
v 0.006509 0.010000 -0.006181
v 0.007067 0.010000 0.005870
v 0.007067 0.010300 0.005870
v 0.008011 0.010300 0.005767
v 0.008896 0.010300 0.006111
v 0.009021 0.022508 0.006223
v 0.009199 0.010301 -0.006381
v 0.009206 0.010294 0.006380
v 0.010561 0.033019 0.006107
v 0.010200 0.033040 0.006172
v 0.010907 0.031784 0.006157
v -0.009199 0.010285 -0.006371
v -0.008919 0.010092 -0.006128
v -0.009206 0.010294 -0.006380
v -0.009092 0.010194 0.006268
v 0.008988 0.010127 0.006179
v -0.010200 0.023016 0.005479
v -0.008935 0.022558 0.006139
v -0.011200 0.021474 0.006000
v -0.010907 0.022782 0.005303
v -0.011113 0.022542 0.005122
v 0.010907 0.022853 0.005210
v 0.009156 0.032485 0.006328
v 0.008989 0.028985 0.006180
v 0.010200 0.028942 0.006137
v 0.008969 0.033060 0.006165
v 0.007228 0.020700 0.005819
v 0.006780 0.022648 0.006001
v 0.006400 0.022474 0.006274
v 0.006400 0.021000 -0.006274
v -0.005777 0.021000 -0.007421
v -0.006181 0.021000 -0.006509
v -0.006976 0.021000 -0.005906
v 0.006400 0.023085 -0.005389
v 0.006400 0.023435 -0.005102
v 0.006400 0.023085 0.005389
v 0.006776 0.031338 0.006003
v 0.006400 0.032698 0.006274
v 0.006400 0.029302 0.006274
v 0.006448 0.029151 0.006231
v 0.006400 0.030428 0.002690
v 0.006400 0.028933 0.006162
v 0.006400 0.031000 0.002750
v 0.006611 0.033228 0.006106
v 0.006400 0.031572 0.002690
v 0.006400 0.034049 0.005740
v -0.008843 0.010069 0.006081
v 0.006548 0.028934 0.006158
v 0.008870 0.022588 0.006093
v 0.010561 0.028197 0.005789
v 0.010907 0.028295 0.005587
v 0.011117 0.030612 0.005886
v 0.011117 0.029493 0.005703
v 0.011132 0.022579 0.004999
v -0.011200 0.022217 0.004877
v -0.007421 0.010000 0.005777
v 0.008961 0.028933 0.006161
v 0.008892 0.010093 0.006117
v 0.009092 0.010194 -0.006268
v 0.010200 0.034044 0.005729
v 0.008768 0.033418 0.006032
v 0.006400 0.029384 0.002225
v 0.006400 0.027360 0.005386
v 0.006673 0.028662 0.006065
v 0.008769 0.028579 0.006031
v 0.010200 0.028167 0.005850
v 0.010907 0.032948 0.005893
v 0.011117 0.031745 0.005851
v -0.008895 0.022573 0.006116
v -0.010200 0.023547 0.004858
v 0.008841 0.010075 0.006085
v 0.008843 0.010069 -0.006081
v -0.008527 0.022710 0.005907
v 0.008500 0.010000 0.005896
v 0.008674 0.010015 0.005976
v 0.010561 0.034150 0.005608
v 0.006887 0.033626 0.005946
v 0.008486 0.022722 0.005890
v 0.008794 0.010044 -0.006044
v -0.008844 0.010069 -0.006082
v -0.008794 0.010044 0.006044
v 0.006919 0.028339 0.005930
v -0.008655 0.010012 -0.005967
v -0.008500 0.010000 0.005896
v 0.008734 0.033480 0.006008
v 0.008346 0.031274 0.005841
v 0.008749 0.028542 0.006017
v 0.010200 0.027372 0.005366
v 0.008488 0.028253 0.005891
v 0.008448 0.033779 0.005876
v 0.007028 0.033743 0.005892
v 0.007028 0.028256 0.005891
v 0.007159 0.022757 0.005839
v 0.011117 0.028429 0.005309
v -0.011200 0.017000 -0.006000
v -0.011200 0.024676 -0.002614
v -0.011200 0.024086 -0.002944
v -0.011200 0.022217 -0.004877
v -0.011200 0.023092 -0.003853
v 0.011200 0.017000 -0.006000
v 0.011200 0.021863 0.005375
v 0.008500 0.010000 -0.005896
v -0.008093 0.022798 0.005780
v -0.007300 0.023534 0.004847
v -0.007300 0.021000 0.005801
v -0.008500 0.010000 -0.005896
v -0.008415 0.010000 0.005864
v 0.008011 0.010000 0.005767
v 0.010907 0.034040 0.005412
v 0.011117 0.032851 0.005601
v 0.007545 0.030928 0.005760
v 0.007183 0.033870 0.005832
v 0.007217 0.028110 0.005822
v 0.008168 0.028054 0.005794
v 0.008174 0.022780 0.005805
v 0.011200 0.030636 0.005515
v 0.011200 0.029588 0.005343
v 0.008137 0.033958 0.005788
v -0.008415 0.010000 -0.005864
v 0.011200 0.031698 0.005482
v 0.010561 0.027140 0.005146
v 0.007914 0.027986 0.005759
v 0.007914 0.034007 0.005763
v 0.007229 0.022766 0.005826
v 0.007497 0.034001 0.005766
v 0.007611 0.022815 0.005755
v 0.007537 0.027990 0.005761
v 0.008059 0.022802 0.005774
v -0.007300 0.022783 0.005801
v -0.007300 0.021000 -0.005801
v -0.007300 0.028385 -0.000850
v -0.007300 0.028265 0.000287
v -0.007300 0.028618 0.001375
v -0.007300 0.024715 0.003722
v -0.007656 0.022817 0.005752
v 0.010602 0.027156 0.005125
v -0.007963 0.022803 0.005771
v 0.008415 0.010000 -0.005864
v 0.007811 0.034029 0.005751
v 0.007880 0.027977 0.005754
v 0.006400 0.032616 0.002225
v 0.006400 0.035473 0.004716
v 0.010200 0.034183 0.005667
v 0.011200 0.028591 0.004974
v 0.010200 0.035209 0.004953
v 0.010561 0.035165 0.004902
v 0.011117 0.033889 0.005143
v 0.011200 0.032734 0.005247
v 0.010907 0.027276 0.004966
v 0.011117 0.027461 0.004719
v 0.011200 0.030642 0.005455
v 0.011200 0.031000 0.005500
v 0.011200 0.031297 0.005492
v 0.011200 0.029630 0.005327
v 0.011200 0.027700 -0.004400
v 0.011200 0.027132 -0.004103
v 0.011200 0.031689 0.005424
v 0.011200 0.032574 0.005270
v -0.010561 0.023763 0.004502
v -0.010907 0.023601 0.004345
v 0.010907 0.035019 0.004730
v 0.006400 0.023435 0.005102
v 0.010200 0.023304 0.005180
v 0.006400 0.027100 0.005200
v 0.011200 0.022293 0.004778
v 0.010200 0.027100 0.005200
v 0.011200 0.029596 0.005313
v 0.010607 0.023255 0.005109
v 0.011200 0.028613 0.004924
v 0.011126 0.027484 0.004688
v -0.011113 0.023385 0.004136
v 0.011200 0.032719 0.005206
v 0.011200 0.033688 0.004783
v 0.011200 0.033707 0.004818
v 0.010907 0.023137 0.004939
v 0.011200 0.028900 -0.005083
v 0.011200 0.029606 -0.005276
v 0.011200 0.028618 -0.004923
v 0.011200 0.030232 -0.005447
v 0.011200 0.030639 -0.005475
v 0.011200 0.031000 -0.005500
v 0.011200 0.031689 -0.005411
v 0.011200 0.032393 -0.005321
v 0.011200 0.032715 -0.005194
v 0.011200 0.033600 -0.004847
v 0.011200 0.033686 -0.004785
v 0.011200 0.034545 -0.004169
v 0.011200 0.036265 0.001565
v 0.011200 0.035293 -0.003429
v 0.011200 0.035853 -0.002533
v 0.011200 0.035990 -0.002312
v 0.011200 0.034754 -0.004020
v 0.011200 0.035267 -0.003471
v 0.011200 0.036236 -0.001555
v 0.011200 0.036398 -0.001052
v 0.011200 0.036436 -0.000526
v 0.011200 0.036493 0.000277
v 0.011200 0.036449 0.000524
v 0.010200 0.026816 0.005051
v 0.006400 0.026816 0.005051
v 0.010200 0.023440 0.005113
v 0.010607 0.026844 0.004969
v 0.011117 0.034820 0.004495
v 0.010907 0.026909 0.004773
v -0.011200 0.023092 0.003853
v 0.010200 0.023576 0.005046
v 0.010607 0.023550 0.004963
v 0.006400 0.028265 0.000287
v 0.006400 0.028618 0.001375
v 0.006400 0.023876 0.005000
v 0.010200 0.026500 0.005000
v 0.006400 0.026500 0.005000
v 0.010607 0.026500 0.004913
v 0.010200 0.023876 0.005000
v 0.010607 0.023876 0.004913
v 0.011200 0.022426 0.004622
v 0.011132 0.022939 0.004656
v 0.011200 0.027684 0.004421
v 0.011200 0.028346 0.004818
v 0.010692 0.026500 0.004855
v 0.010692 0.023876 0.004855
v 0.010907 0.023489 0.004767
v 0.010200 0.035455 0.004699
v 0.010561 0.036026 0.004014
v 0.010200 0.036079 0.004056
v -0.010200 0.023811 0.004549
v 0.010907 0.023876 0.004707
v 0.010907 0.026500 0.004707
v 0.011200 0.033798 0.004735
v 0.011200 0.034579 0.004211
v 0.011200 0.027700 0.004400
v 0.011132 0.027018 0.004446
v 0.011049 0.026500 0.004489
v 0.011132 0.023385 0.004437
v 0.011049 0.023876 0.004489
v 0.011200 0.034538 0.004161
v 0.010907 0.035850 0.003874
v 0.006400 0.033382 0.001375
v 0.006400 0.036571 0.003349
v 0.011200 0.022754 0.004391
v 0.011200 0.023067 0.004171
v -0.010200 0.024715 0.003722
v -0.010561 0.024672 0.003670
v -0.010907 0.024530 0.003494
v 0.011117 0.035609 0.003681
v 0.011132 0.023876 0.004361
v 0.011132 0.026500 0.004361
v 0.011200 0.027132 0.004103
v 0.011200 0.023284 0.004125
v 0.011200 0.023876 0.004000
v 0.011200 0.026500 0.004000
v -0.011113 0.024342 0.003261
v 0.011200 0.034889 0.003889
v 0.011200 0.035318 0.003449
v 0.011200 0.022293 -0.004778
v 0.011200 0.022754 -0.004385
v 0.011200 0.021863 -0.005375
v 0.011200 0.022923 -0.004242
v 0.011200 0.023288 -0.004129
v 0.011200 0.023671 -0.004010
v 0.011200 0.035264 0.003406
v 0.011200 0.036255 0.001623
v 0.011200 0.035850 0.002535
v -0.011200 0.024086 0.002944
v 0.010200 0.036549 0.003335
v 0.010561 0.036701 0.002978
v 0.011200 0.023876 -0.004000
v 0.011200 0.026500 -0.004000
v 0.010907 0.036502 0.002874
v -0.010200 0.025010 0.003557
v -0.010561 0.024987 0.003493
v -0.007300 0.025010 0.003557
v 0.011117 0.036228 0.002731
v -0.010907 0.024912 0.003281
v -0.010200 0.025343 0.003500
v -0.010561 0.025343 0.003432
v -0.007300 0.025343 0.003500
v -0.010200 0.031000 0.003500
v -0.007300 0.029384 0.002225
v -0.007300 0.031000 0.003500
v -0.010200 0.031906 0.003381
v -0.010607 0.031883 0.003297
v -0.010607 0.031000 0.003413
v -0.007300 0.030428 0.002690
v -0.007300 0.032197 0.003289
v -0.011113 0.024812 0.002998
v -0.010689 0.025343 0.003349
v 0.011200 0.035728 0.002810
v 0.011200 0.035899 0.002559
v -0.010692 0.031000 0.003355
v -0.010200 0.032187 0.003264
v -0.010907 0.031830 0.003098
v -0.010907 0.031000 0.003207
v -0.010907 0.025343 0.003207
v 0.006400 0.037263 0.001738
v 0.010200 0.036761 0.003009
v -0.010907 0.032603 0.002777
v -0.010607 0.032707 0.002956
v -0.007300 0.031572 0.002690
v -0.007300 0.033250 0.002681
v -0.010200 0.032750 0.003031
v -0.011055 0.025343 0.002992
v -0.011200 0.024676 0.002614
v -0.011049 0.031000 0.002989
v -0.011132 0.031741 0.002764
v -0.011132 0.032431 0.002478
v -0.010200 0.033234 0.002660
v -0.010607 0.033414 0.002414
v 0.010200 0.037231 0.001851
v -0.011200 0.025343 0.002500
v -0.011113 0.025343 0.002907
v -0.011132 0.031000 0.002861
v 0.010561 0.037166 0.001832
v -0.010907 0.033268 0.002268
v 0.010907 0.036950 0.001768
v -0.011200 0.031647 0.002415
v -0.011200 0.031000 0.002500
v -0.011132 0.033023 0.002023
v -0.011200 0.032250 0.002165
v -0.008300 0.030428 0.002690
v -0.008300 0.031000 0.000000
v -0.008300 0.031000 0.002750
v -0.008300 0.031572 0.002690
v 0.007400 0.031572 0.002690
v 0.007400 0.031000 0.002750
v 0.007400 0.030428 0.002690
v 0.007400 0.031000 0.000000
v 0.011117 0.036654 0.001680
v -0.008300 0.029384 0.002225
v 0.007400 0.029384 0.002225
v -0.008300 0.032616 0.002225
v -0.007300 0.032616 0.002225
v 0.007400 0.032616 0.002225
v -0.007300 0.034031 0.001750
v -0.010200 0.033475 0.002475
v -0.011200 0.025343 -0.002500
v 0.011200 0.036298 0.001574
v -0.011200 0.031000 -0.002500
v -0.011200 0.033165 0.001250
v -0.011200 0.033415 0.000647
v -0.011200 0.033500 0.000000
v -0.011200 0.033415 -0.000647
v -0.011200 0.033165 -0.001250
v -0.011200 0.032768 -0.001768
v -0.011200 0.032250 -0.002165
v -0.011200 0.032768 0.001768
v -0.011200 0.031647 -0.002415
v -0.010200 0.034031 0.001750
v -0.010607 0.033956 0.001707
v -0.010907 0.033777 0.001604
v -0.011132 0.033478 0.001431
v -0.008300 0.028618 0.001375
v 0.007400 0.028618 0.001375
v -0.008300 0.033382 0.001375
v -0.007300 0.033382 0.001375
v 0.007400 0.033382 0.001375
v 0.010200 0.037253 0.001736
v 0.010561 0.037403 0.000618
v 0.010907 0.037178 0.000597
v -0.010200 0.034381 0.000906
v -0.010607 0.034297 0.000883
v -0.007300 0.034447 0.000608
v 0.006400 0.033735 0.000287
v 0.006400 0.037500 0.000000
v 0.010200 0.037470 0.000625
v -0.010907 0.034098 0.000830
v 0.011117 0.036871 0.000567
v -0.011132 0.033764 0.000741
v 0.011200 0.036501 0.000531
v -0.008300 0.028265 0.000287
v 0.007400 0.028265 0.000287
v -0.008300 0.033735 0.000287
v -0.007300 0.033735 0.000287
v 0.007400 0.033735 0.000287
v -0.010200 0.034420 0.000604
v -0.010907 0.034207 0.000000
v -0.010607 0.034413 0.000000
v -0.011132 0.033861 0.000000
v 0.010200 0.037470 0.000000
v 0.010561 0.037403 -0.000618
v -0.007300 0.034447 -0.000608
v -0.010200 0.034500 0.000000
v 0.010907 0.037178 -0.000597
v 0.011117 0.036871 -0.000567
v 0.011200 0.036501 -0.000531
v 0.000000 0.014000 0.000000
v -0.000250 0.014000 0.000433
v 0.000000 0.014000 0.000500
v 0.000250 0.014000 0.000433
v 0.000000 0.014500 0.000500
v -0.000250 0.014500 0.000433
v 0.000250 0.014500 0.000433
v 0.000000 0.014500 0.000000
v -0.000433 0.014000 0.000250
v 0.000433 0.014000 0.000250
v -0.000433 0.014500 0.000250
v 0.000433 0.014500 0.000250
v -0.008300 0.028385 -0.000850
v 0.006400 0.028385 -0.000850
v 0.007400 0.028385 -0.000850
v -0.008300 0.033615 -0.000850
v -0.007300 0.033615 -0.000850
v 0.006400 0.033615 -0.000850
v 0.007400 0.033615 -0.000850
v -0.000500 0.014000 0.000000
v 0.000500 0.014000 0.000000
v -0.000500 0.014500 0.000000
v 0.000500 0.014500 0.000000
v -0.010607 0.034297 -0.000883
v -0.010200 0.034420 -0.000604
v -0.010907 0.034098 -0.000830
v -0.011132 0.033764 -0.000741
v -0.008300 0.033044 -0.001840
v -0.008300 0.029881 -0.002512
v -0.008300 0.031000 -0.002750
v -0.008300 0.032118 -0.002512
v -0.008300 0.028956 -0.001840
v 0.010200 0.037470 -0.000625
v 0.006400 0.037263 -0.001738
v -0.000250 0.014000 -0.000433
v -0.000433 0.014000 -0.000250
v 0.000433 0.014000 -0.000250
v 0.000250 0.014000 -0.000433
v 0.000000 0.014000 -0.000500
v -0.000433 0.014500 -0.000250
v 0.000250 0.014500 -0.000433
v 0.000433 0.014500 -0.000250
v -0.000250 0.014500 -0.000433
v 0.000000 0.014500 -0.000500
v 0.007400 0.028956 -0.001840
v 0.007400 0.032118 -0.002512
v 0.007400 0.031000 -0.002750
v 0.007400 0.029881 -0.002512
v 0.007400 0.033044 -0.001840
v 0.011200 0.036298 -0.001574
v 0.011117 0.036654 -0.001680
v 0.010907 0.036950 -0.001768
v 0.010561 0.037166 -0.001832
v -0.010200 0.034381 -0.000906
v -0.007300 0.034031 -0.001750
v 0.010200 0.037253 -0.001736
v -0.011132 0.033478 -0.001431
v -0.010907 0.033777 -0.001604
v -0.007300 0.025010 -0.003557
v -0.007300 0.028956 -0.001840
v -0.007300 0.024715 -0.003722
v 0.006400 0.028956 -0.001840
v 0.006400 0.023876 -0.005000
v -0.007300 0.033044 -0.001840
v 0.006400 0.036571 -0.003349
v 0.006400 0.033044 -0.001840
v -0.010607 0.033956 -0.001707
v -0.010200 0.034031 -0.001750
v -0.011132 0.033023 -0.002023
v 0.011200 0.035899 -0.002559
v 0.011117 0.036228 -0.002731
v -0.010907 0.033268 -0.002268
v 0.010907 0.036502 -0.002874
v -0.010607 0.033414 -0.002414
v 0.010200 0.037231 -0.001851
v 0.010200 0.036761 -0.003009
v -0.010200 0.033475 -0.002475
v -0.007300 0.033250 -0.002681
v 0.010561 0.036701 -0.002978
v -0.007300 0.025343 -0.003500
v -0.007300 0.029881 -0.002512
v 0.006400 0.026816 -0.005051
v 0.006400 0.026500 -0.005000
v 0.006400 0.029881 -0.002512
v 0.006400 0.027360 -0.005386
v 0.006400 0.027100 -0.005200
v -0.007300 0.032118 -0.002512
v -0.007300 0.032197 -0.003289
v 0.006400 0.035473 -0.004716
v 0.006400 0.032118 -0.002512
v -0.011132 0.032431 -0.002478
v -0.010907 0.032603 -0.002777
v -0.010200 0.033234 -0.002660
v -0.010607 0.032707 -0.002956
v -0.011132 0.031741 -0.002764
v -0.011113 0.025343 -0.002907
v -0.011132 0.031000 -0.002861
v -0.007300 0.031000 -0.002750
v 0.006400 0.031000 -0.002750
v 0.006400 0.032698 -0.006274
v 0.006400 0.029302 -0.006274
v 0.006400 0.028933 -0.006162
v -0.007300 0.031000 -0.003500
v 0.006400 0.034049 -0.005740
v 0.011200 0.035318 -0.003449
v 0.011117 0.035609 -0.003681
v -0.011113 0.024812 -0.002998
v -0.010200 0.032750 -0.003031
v 0.010907 0.035850 -0.003874
v -0.011049 0.031000 -0.002989
v -0.010907 0.031830 -0.003098
v -0.011055 0.025343 -0.002992
v 0.010561 0.036026 -0.004014
v -0.011113 0.024342 -0.003261
v -0.010607 0.031883 -0.003297
v 0.010200 0.036079 -0.004056
v 0.010200 0.036549 -0.003335
v -0.010907 0.031000 -0.003207
v -0.010907 0.025343 -0.003207
v -0.010907 0.024912 -0.003281
v -0.010200 0.032187 -0.003264
v -0.010692 0.031000 -0.003355
v -0.010689 0.025343 -0.003349
v -0.010907 0.024530 -0.003494
v -0.011113 0.023385 -0.004136
v -0.010200 0.031906 -0.003381
v -0.010561 0.024987 -0.003493
v -0.010607 0.031000 -0.003413
v -0.010561 0.025343 -0.003432
v -0.010200 0.031000 -0.003500
v -0.010200 0.025343 -0.003500
v 0.011200 0.034579 -0.004211
v 0.011117 0.034820 -0.004495
v -0.010200 0.025010 -0.003557
v -0.010561 0.024672 -0.003670
v -0.010907 0.023601 -0.004345
v -0.010200 0.024715 -0.003722
v -0.010561 0.023763 -0.004502
v 0.010907 0.035019 -0.004730
v -0.010200 0.023811 -0.004549
v -0.007300 0.023534 -0.004847
v 0.010561 0.035165 -0.004902
v 0.011132 0.023876 -0.004361
v 0.011132 0.026500 -0.004361
v 0.011132 0.027018 -0.004446
v 0.011132 0.023385 -0.004437
v 0.010200 0.035455 -0.004699
v 0.011195 0.027685 -0.004421
v -0.011113 0.022542 -0.005122
v 0.011200 0.033707 -0.004818
v 0.011117 0.033889 -0.005143
v 0.011132 0.022939 -0.004656
v -0.010907 0.022782 -0.005303
v 0.011049 0.023876 -0.004489
v 0.011049 0.026500 -0.004489
v 0.011200 0.028591 -0.004974
v 0.011132 0.027483 -0.004689
v 0.010907 0.023489 -0.004767
v 0.010907 0.023137 -0.004939
v 0.010907 0.026909 -0.004773
v 0.011111 0.027463 -0.004716
v 0.010907 0.023876 -0.004707
v 0.010907 0.026500 -0.004707
v 0.010907 0.034040 -0.005412
v -0.010200 0.023547 -0.004858
v -0.010561 0.022962 -0.005438
v 0.011132 0.022579 -0.004999
v 0.010907 0.022853 -0.005210
v 0.011117 0.028429 -0.005309
v 0.010200 0.035209 -0.004953
v 0.010692 0.023876 -0.004855
v 0.010692 0.026500 -0.004855
v 0.010907 0.027276 -0.004966
v 0.010200 0.034183 -0.005667
v 0.010561 0.034150 -0.005608
v 0.010607 0.023255 -0.005109
v 0.010607 0.023550 -0.004963
v 0.010607 0.026844 -0.004969
v 0.011200 0.032734 -0.005247
v 0.011117 0.032851 -0.005601
v -0.007300 0.022783 -0.005801
v -0.007736 0.022818 -0.005750
v -0.007962 0.022802 -0.005773
v 0.010607 0.023876 -0.004913
v 0.010607 0.026500 -0.004913
v -0.008171 0.022787 -0.005795
v -0.008592 0.022691 -0.005936
v -0.008893 0.022571 -0.006120
v -0.008983 0.022535 -0.006176
v -0.010200 0.023016 -0.005479
v -0.011200 0.021474 -0.006000
v -0.011122 0.021791 -0.006183
v 0.010200 0.023576 -0.005046
v 0.010200 0.023876 -0.005000
v 0.010200 0.026500 -0.005000
v 0.010607 0.023016 -0.005336
v 0.010200 0.023440 -0.005113
v 0.010607 0.027152 -0.005131
v 0.010907 0.028295 -0.005587
v 0.010559 0.027146 -0.005139
v 0.010200 0.026816 -0.005051
v 0.011200 0.029588 -0.005343
v 0.011132 0.021787 -0.006181
v 0.010200 0.027100 -0.005200
v 0.010200 0.023304 -0.005180
v 0.010200 0.023085 -0.005389
v -0.011113 0.021826 -0.006203
v 0.010561 0.028197 -0.005789
v 0.010200 0.027372 -0.005366
v 0.010907 0.032948 -0.005893
v 0.011129 0.021792 -0.006184
v 0.010607 0.022265 -0.006457
v 0.010907 0.022086 -0.006353
v 0.011200 0.031698 -0.005482
v 0.011117 0.031745 -0.005851
v -0.010567 0.022278 -0.006464
v -0.010907 0.022086 -0.006353
v 0.011117 0.029493 -0.005703
v 0.010566 0.022272 -0.006461
v 0.011200 0.030636 -0.005515
v 0.007914 0.027993 -0.005763
v 0.008137 0.028042 -0.005788
v 0.007811 0.027971 -0.005751
v 0.008449 0.028221 -0.005876
v 0.008734 0.028521 -0.006009
v 0.010200 0.028167 -0.005850
v 0.011200 0.021474 -0.006000
v 0.007498 0.027999 -0.005766
v 0.006546 0.028934 -0.006158
v 0.006611 0.028772 -0.006106
v 0.006887 0.028374 -0.005946
v 0.007028 0.028257 -0.005892
v 0.007184 0.028129 -0.005832
v 0.007766 0.022819 -0.005750
v 0.007330 0.022787 -0.005795
v 0.006978 0.022708 -0.005911
v 0.006919 0.022694 -0.005931
v 0.006526 0.022540 -0.006168
v 0.006400 0.022474 -0.006274
v 0.008894 0.022572 -0.006118
v 0.008556 0.022702 -0.005920
v 0.008154 0.022790 -0.005791
v 0.007962 0.022804 -0.005771
v 0.010200 0.022340 -0.006500
v 0.009309 0.022342 -0.006497
v 0.008959 0.022547 -0.006156
v 0.010561 0.033019 -0.006107
v -0.010200 0.022424 -0.006372
v -0.010561 0.022281 -0.006466
v 0.011117 0.030612 -0.005886
v 0.010907 0.029414 -0.006001
v 0.010907 0.031784 -0.006157
v 0.010200 0.034044 -0.005729
v 0.008769 0.033422 -0.006031
v 0.008750 0.033456 -0.006018
v 0.010200 0.033040 -0.006172
v 0.008489 0.033746 -0.005891
v 0.008170 0.033945 -0.005795
v 0.007914 0.034014 -0.005759
v 0.007882 0.034023 -0.005754
v 0.007539 0.034010 -0.005761
v 0.007219 0.033891 -0.005822
v 0.007028 0.033744 -0.005891
v 0.006921 0.033662 -0.005930
v 0.006674 0.033340 -0.006064
v 0.006449 0.032851 -0.006231
v 0.007963 0.020000 -0.005761
v -0.007963 0.020000 -0.005761
v 0.007546 0.031072 -0.005760
v 0.008347 0.030725 -0.005841
v -0.006976 0.020000 -0.005906
v -0.008898 0.020000 -0.006112
v -0.007700 0.020000 -0.009500
v -0.008624 0.020000 -0.009376
v -0.009136 0.020000 -0.009192
v -0.009452 0.020000 -0.008800
v -0.009748 0.020000 -0.007847
v -0.009546 0.020000 -0.006870
v 0.008898 0.020000 -0.006112
v 0.006976 0.020000 -0.005906
v 0.009546 0.020000 -0.006870
v 0.008624 0.020000 -0.009376
v 0.009452 0.020000 -0.008800
v -0.007421 0.011000 -0.005777
v -0.008415 0.011000 -0.005864
v 0.007421 0.011000 -0.005777
v 0.006509 0.011000 -0.006181
v -0.005906 0.011000 -0.006976
v -0.006509 0.011000 -0.006181
v 0.009244 0.011000 -0.006420
v 0.008415 0.011000 -0.005864
v 0.010561 0.029356 -0.006219
v 0.008768 0.028582 -0.006032
v 0.010200 0.028942 -0.006137
v 0.010907 0.030591 -0.006194
v -0.009244 0.011000 -0.006420
v 0.006775 0.031339 -0.006003
v 0.010561 0.031813 -0.006381
v -0.006181 0.020000 -0.006509
v -0.005777 0.020000 -0.007421
v -0.006420 0.020000 -0.009244
v -0.005864 0.020000 -0.008415
v 0.006181 0.020000 -0.006509
v 0.006181 0.021000 -0.006509
v 0.007700 0.020000 -0.009500
v 0.006782 0.020000 -0.009500
v 0.005864 0.020000 -0.008415
v 0.006420 0.020000 -0.009244
v -0.011076 0.017000 -0.006924
v -0.011200 0.017000 -0.007700
v -0.011158 0.021290 -0.006470
v -0.011144 0.021231 -0.006623
v 0.011200 0.017000 -0.007700
v 0.011076 0.017000 -0.006924
v 0.011160 0.021290 -0.006470
v 0.011181 0.021330 -0.006360
v -0.011081 0.021602 -0.006625
v 0.008988 0.033016 -0.006179
v 0.008870 0.031177 -0.006093
v 0.008966 0.028933 -0.006162
v 0.009171 0.032423 -0.006342
v 0.009174 0.032403 -0.006346
v 0.009277 0.031743 -0.006457
v 0.009311 0.030986 -0.006500
v 0.009295 0.030656 -0.006479
v 0.009272 0.030209 -0.006452
v 0.009156 0.029515 -0.006328
v 0.008970 0.028940 -0.006165
v 0.010200 0.032397 -0.006317
v -0.009318 0.022335 -0.006509
v -0.009177 0.022419 -0.006369
v 0.009346 0.022309 -0.006555
v 0.010200 0.029339 -0.006284
v 0.010561 0.030577 -0.006418
v 0.011082 0.021602 -0.006626
v 0.005906 0.011000 -0.006976
v 0.010200 0.030572 -0.006486
v 0.010200 0.031821 -0.006448
v -0.010752 0.021717 -0.007145
v -0.010973 0.021427 -0.007065
v 0.010752 0.021717 -0.007145
v -0.010200 0.022340 -0.006500
v 0.010200 0.030655 -0.006483
v -0.009500 0.011000 -0.007700
v 0.010441 0.021923 -0.007159
v 0.010099 0.022017 -0.007110
v 0.010191 0.022310 -0.006556
v -0.010441 0.021923 -0.007159
v -0.010099 0.022017 -0.007111
v 0.011071 0.021124 -0.006923
v -0.009541 0.022136 -0.006873
v -0.009569 0.022111 -0.006918
v 0.005777 0.020000 -0.007421
v 0.005777 0.021000 -0.007421
v 0.009546 0.022136 -0.006870
v 0.009548 0.022135 -0.006873
v -0.011063 0.021127 -0.006920
v 0.010973 0.021427 -0.007065
v 0.009500 0.011000 -0.007700
v -0.009749 0.021709 -0.007802
v -0.009715 0.021889 -0.007378
v 0.009705 0.021912 -0.007328
v 0.009749 0.021709 -0.007802
v 0.009748 0.020000 -0.007847
v -0.010090 0.021988 -0.007167
v -0.011058 0.021120 -0.006939
v 0.011067 0.021118 -0.006940
v -0.010563 0.017000 -0.008012
v -0.011029 0.017000 -0.008782
v -0.010981 0.021022 -0.007218
v -0.010895 0.020965 -0.007399
v -0.010717 0.020847 -0.007775
v -0.010666 0.020827 -0.007846
v 0.010563 0.017000 -0.008012
v 0.010898 0.020963 -0.007404
v 0.011059 0.021102 -0.006984
v 0.010661 0.020828 -0.007843
v 0.010858 0.020928 -0.007509
v -0.005801 0.010000 -0.007300
v 0.005801 0.010000 -0.007300
v 0.005761 0.011000 -0.007963
v -0.005761 0.011000 -0.007963
v 0.009376 0.011000 -0.008624
v 0.010802 0.021269 -0.007499
v 0.010590 0.021559 -0.007535
v -0.010803 0.021270 -0.007497
v 0.010090 0.021988 -0.007167
v -0.010591 0.021560 -0.007533
v 0.010105 0.021638 -0.007830
v 0.009807 0.021756 -0.007694
v -0.010105 0.021638 -0.007830
v -0.010370 0.021422 -0.007907
v -0.009807 0.021756 -0.007695
v 0.000000 -0.003500 -0.010200
v 0.000608 -0.003447 -0.007300
v -0.000608 -0.003447 -0.007300
v -0.000604 -0.003420 -0.010200
v -0.000906 -0.003381 -0.010200
v -0.001750 -0.003031 -0.007300
v -0.000287 -0.002735 -0.007300
v 0.000850 -0.002615 -0.007300
v 0.000906 -0.003381 -0.010200
v 0.001750 -0.003031 -0.007300
v 0.000604 -0.003420 -0.010200
v 0.001840 -0.002044 -0.007300
v -0.001750 -0.003031 -0.010200
v -0.002475 -0.002475 -0.010200
v -0.002681 -0.002250 -0.007300
v -0.001375 -0.002382 -0.007300
v 0.002475 -0.002475 -0.010200
v 0.002681 -0.002250 -0.007300
v 0.001750 -0.003031 -0.010200
v 0.000850 -0.002615 -0.008300
v -0.000287 -0.002735 -0.008300
v 0.001840 -0.002044 -0.008300
v -0.002225 -0.001616 -0.007300
v -0.001375 -0.002382 -0.008300
v -0.002660 -0.002234 -0.010200
v -0.003031 -0.001750 -0.010200
v -0.003289 -0.001197 -0.007300
v 0.003031 -0.001750 -0.010200
v 0.003289 -0.001197 -0.007300
v 0.002660 -0.002234 -0.010200
v 0.002512 -0.001118 -0.007300
v 0.002512 -0.001118 -0.008300
v -0.002690 -0.000572 -0.007300
v -0.002225 -0.001616 -0.008300
v -0.003264 -0.001187 -0.010200
v -0.003381 -0.000906 -0.010200
v -0.003500 0.000000 -0.007300
v 0.003381 -0.000906 -0.010200
v 0.003500 0.000000 -0.007300
v 0.003264 -0.001187 -0.010200
v 0.002750 0.000000 -0.007300
v 0.002750 0.000000 -0.008300
v -0.002690 0.000572 -0.007300
v -0.002690 -0.000572 -0.008300
v -0.002750 0.000000 -0.008300
v -0.003500 0.000000 -0.010200
v -0.003500 0.005657 -0.010200
v -0.003500 0.005657 -0.007300
v 0.002512 0.001118 -0.007300
v 0.002512 0.001118 -0.008300
v 0.003500 0.000000 -0.010200
v 0.003500 0.005657 -0.007300
v -0.002225 0.001616 -0.007300
v -0.002690 0.000572 -0.008300
v 0.001840 0.002044 -0.007300
v 0.001840 0.002044 -0.008300
v -0.001375 0.002382 -0.007300
v -0.003557 0.005990 -0.007300
v -0.002225 0.001616 -0.008300
v 0.000850 0.002615 -0.007300
v 0.000850 0.002615 -0.008300
v -0.000287 0.002735 -0.007300
v -0.003722 0.006285 -0.007300
v -0.001375 0.002382 -0.008300
v 0.003557 0.005990 -0.007300
v 0.003722 0.006285 -0.007300
v -0.000287 0.002735 -0.008300
v -0.003557 0.005990 -0.010200
v 0.003500 0.005657 -0.010200
v -0.003722 0.006285 -0.010200
v 0.003557 0.005990 -0.010200
v -0.004549 0.007189 -0.010200
v -0.004847 0.007466 -0.007300
v 0.004549 0.007189 -0.010200
v 0.004847 0.007466 -0.007300
v 0.003722 0.006285 -0.010200
v -0.005801 0.008217 -0.007300
v -0.005750 0.008182 -0.007736
v -0.005773 0.008198 -0.007962
v -0.004858 0.007453 -0.010200
v 0.005752 0.008183 -0.007656
v 0.005801 0.008217 -0.007300
v 0.004858 0.007453 -0.010200
v 0.005771 0.008196 -0.007963
v 0.005907 0.008290 -0.008527
v 0.005780 0.008202 -0.008093
v 0.005864 0.021000 -0.008415
v -0.005864 0.021000 -0.008415
v -0.010569 0.021132 -0.007911
v 0.010569 0.021133 -0.007911
v 0.010371 0.021422 -0.007906
v 0.009747 0.021690 -0.007847
v -0.009376 0.011000 -0.008624
v -0.009376 0.014000 -0.008624
v -0.009500 0.014000 -0.010702
v -0.011069 0.015384 -0.008649
v -0.011016 0.015337 -0.008776
v -0.010745 0.015099 -0.009425
v -0.010505 0.014887 -0.009737
v -0.010149 0.014573 -0.010200
v -0.009743 0.014215 -0.010514
v 0.009376 0.014000 -0.008624
v 0.009500 0.014000 -0.010702
v 0.009743 0.014215 -0.010514
v 0.010149 0.014573 -0.010200
v 0.010505 0.014887 -0.009737
v 0.011016 0.015337 -0.008776
v 0.010745 0.015099 -0.009425
v 0.011029 0.017000 -0.008782
v 0.011069 0.015384 -0.008649
v -0.009744 0.021688 -0.007847
v 0.009858 0.021525 -0.008136
v 0.009746 0.021678 -0.007878
v -0.009859 0.021525 -0.008135
v -0.010095 0.021306 -0.008253
v 0.010562 0.020778 -0.008012
v -0.010553 0.020782 -0.008005
v -0.009699 0.021529 -0.008198
v -0.009442 0.021121 -0.008794
v -0.009462 0.021148 -0.008764
v -0.009549 0.021272 -0.008623
v -0.009608 0.021373 -0.008456
v -0.009658 0.021459 -0.008313
v 0.009664 0.021460 -0.008322
v 0.009659 0.021448 -0.008346
v 0.009610 0.021374 -0.008456
v 0.009473 0.021165 -0.008765
v 0.009462 0.021149 -0.008781
v 0.010094 0.021305 -0.008253
v -0.010274 0.021016 -0.008295
v 0.010550 0.020772 -0.008031
v 0.010273 0.021016 -0.008296
v -0.005795 0.008213 -0.008171
v -0.009192 0.011000 -0.009136
v -0.008800 0.011000 -0.009452
v -0.007847 0.011000 -0.009748
v -0.006870 0.011000 -0.009546
v -0.006112 0.011000 -0.008898
v -0.006120 0.008429 -0.008893
v -0.005936 0.008309 -0.008592
v 0.006112 0.011000 -0.008898
v 0.008800 0.011000 -0.009452
v -0.010368 0.020708 -0.008265
v -0.009713 0.017000 -0.008864
v -0.010702 0.017000 -0.009500
v -0.009998 0.020615 -0.008627
v -0.009906 0.020592 -0.008717
v 0.009713 0.017000 -0.008864
v 0.009996 0.020615 -0.008625
v 0.010154 0.020647 -0.008496
v 0.010360 0.020712 -0.008254
v -0.009763 0.021210 -0.008566
v -0.009918 0.020920 -0.008642
v 0.009763 0.021210 -0.008566
v 0.009918 0.020920 -0.008642
v 0.000000 0.000000 -0.008300
v -0.005896 0.021000 -0.008500
v -0.005967 0.020988 -0.008655
v -0.006082 0.020931 -0.008844
v -0.006128 0.020908 -0.008919
v -0.006371 0.020715 -0.009199
v -0.006380 0.020706 -0.009206
v 0.006268 0.020806 -0.009092
v 0.006081 0.020931 -0.008843
v 0.006044 0.020956 -0.008794
v 0.005896 0.021000 -0.008500
v 0.006424 0.020658 -0.009240
v 0.006381 0.020699 -0.009199
v 0.006116 0.008427 -0.008895
v 0.009449 0.021130 -0.008799
v 0.009192 0.011000 -0.009136
v 0.008864 0.014000 -0.009713
v -0.008864 0.014000 -0.009713
v 0.009511 0.020844 -0.008936
v 0.009710 0.020557 -0.008861
v -0.009509 0.020844 -0.008937
v 0.009408 0.021071 -0.008856
v -0.009705 0.020560 -0.008852
v 0.010702 0.017000 -0.009500
v -0.009404 0.021067 -0.008856
v -0.009136 0.020482 -0.009192
v -0.009136 0.020495 -0.009192
v -0.009242 0.020808 -0.009077
v -0.009325 0.020955 -0.008982
v 0.009276 0.020878 -0.009043
v 0.009241 0.020808 -0.009081
v 0.009167 0.020659 -0.009161
v 0.009136 0.020482 -0.009192
v 0.009136 0.020000 -0.009192
v -0.009574 0.020540 -0.008940
v 0.009681 0.020552 -0.008885
v -0.008624 0.017000 -0.009376
v -0.009369 0.020508 -0.009076
v 0.008624 0.017000 -0.009376
v 0.009579 0.020538 -0.008943
v -0.006176 0.008465 -0.008983
v 0.006139 0.008442 -0.008935
v -0.006509 0.008665 -0.009318
v -0.006369 0.008581 -0.009177
v 0.006870 0.011000 -0.009546
v 0.007847 0.011000 -0.009748
v 0.006368 0.008581 -0.009179
v 0.006467 0.008641 -0.009285
v 0.005479 0.007984 -0.010200
v -0.006372 0.008576 -0.010200
v -0.005479 0.007984 -0.010200
v -0.009187 0.020710 -0.009141
v -0.009076 0.010492 -0.009369
v -0.009192 0.010518 -0.009136
v -0.009192 0.010505 -0.009136
v 0.008944 0.010462 -0.009577
v 0.009192 0.010518 -0.009136
v 0.009161 0.010341 -0.009167
v -0.009141 0.010290 -0.009187
v -0.009077 0.010192 -0.009242
v 0.009081 0.010192 -0.009241
v 0.008937 0.010156 -0.009509
v 0.006372 0.008576 -0.010200
v -0.006422 0.020659 -0.009241
v 0.006496 0.020589 -0.009308
v -0.006668 0.020343 -0.009430
v -0.006590 0.020476 -0.009379
v 0.009043 0.010122 -0.009275
v -0.008937 0.010156 -0.009509
v -0.008982 0.010045 -0.009325
v -0.006782 0.020000 -0.009500
v 0.006771 0.020110 -0.009494
v 0.006676 0.020345 -0.009437
v 0.008857 0.009931 -0.009407
v 0.006870 0.008864 -0.009546
v -0.006500 0.008660 -0.010200
v -0.006873 0.008864 -0.009541
v -0.008856 0.009933 -0.009404
v -0.008940 0.010460 -0.009574
v -0.007700 0.017000 -0.009500
v 0.007700 0.017000 -0.009500
v -0.008794 0.009879 -0.009442
v 0.008642 0.010080 -0.009918
v 0.008799 0.009870 -0.009449
v -0.010506 0.016792 -0.009736
v 0.010514 0.016785 -0.009743
v -0.006738 0.020222 -0.009475
v 0.006684 0.020334 -0.009442
v -0.008642 0.010080 -0.009918
v -0.008764 0.009852 -0.009462
v 0.008780 0.009851 -0.009462
v 0.008566 0.009790 -0.009763
v -0.008566 0.009790 -0.009763
v -0.008623 0.009727 -0.009549
v 0.008765 0.009835 -0.009473
v 0.008456 0.009626 -0.009611
v -0.008228 0.015535 -0.011160
v -0.008771 0.015681 -0.010995
v -0.009181 0.015790 -0.010871
v -0.009739 0.016114 -0.010504
v -0.010027 0.016281 -0.010315
v 0.007700 0.015500 -0.011200
v -0.007700 0.015500 -0.011200
v 0.010200 0.016427 -0.010149
v 0.009737 0.016113 -0.010505
v 0.009425 0.015901 -0.010745
v 0.008776 0.015662 -0.011016
v 0.008649 0.015616 -0.011069
v -0.008852 0.010440 -0.009705
v -0.008717 0.010408 -0.009906
v 0.008625 0.010384 -0.009997
v 0.008861 0.010442 -0.009710
v 0.008885 0.010448 -0.009681
v -0.006918 0.008889 -0.009569
v 0.006500 0.008660 -0.010200
v 0.006873 0.008865 -0.009548
v -0.007802 0.009291 -0.009749
v -0.007378 0.009111 -0.009715
v 0.007328 0.009088 -0.009705
v 0.007802 0.009291 -0.009749
v 0.007111 0.008983 -0.010099
v -0.008456 0.009627 -0.009608
v -0.007167 0.009012 -0.010090
v -0.007111 0.008983 -0.010099
v -0.008313 0.009541 -0.009658
v 0.008253 0.009694 -0.010095
v 0.008349 0.009554 -0.009658
v 0.008321 0.009540 -0.009664
v 0.008135 0.009475 -0.009859
v -0.008253 0.009694 -0.010095
v -0.008135 0.009475 -0.009859
v -0.008198 0.009471 -0.009699
v 0.007938 0.009348 -0.009741
v -0.007847 0.009312 -0.009744
v 0.007695 0.009244 -0.009807
v 0.007167 0.009012 -0.010090
v -0.008012 0.014000 -0.010563
v 0.008782 0.014000 -0.011029
v 0.008012 0.014000 -0.010563
v -0.007695 0.009244 -0.009807
v 0.007830 0.009362 -0.010105
v 0.007847 0.009310 -0.009747
v -0.007830 0.009362 -0.010105
v 0.008295 0.009984 -0.010274
v 0.007159 0.009077 -0.010441
v 0.007907 0.009578 -0.010370
v -0.008627 0.010385 -0.009998
v -0.008265 0.010292 -0.010368
v -0.008295 0.009984 -0.010274
v 0.008253 0.010287 -0.010361
v 0.008496 0.010353 -0.010154
v -0.007159 0.009077 -0.010441
v -0.007907 0.009578 -0.010370
v 0.007911 0.009868 -0.010569
v -0.006466 0.008719 -0.010561
v 0.007533 0.009440 -0.010591
v 0.000000 -0.003413 -0.010607
v -0.000883 -0.003297 -0.010607
v 0.000883 -0.003297 -0.010607
v -0.001707 -0.002956 -0.010607
v -0.002414 -0.002414 -0.010607
v 0.001707 -0.002956 -0.010607
v 0.002414 -0.002414 -0.010607
v -0.002956 -0.001707 -0.010607
v -0.003297 -0.000883 -0.010607
v 0.002956 -0.001707 -0.010607
v 0.003297 -0.000883 -0.010607
v -0.003413 0.000000 -0.010607
v 0.003432 0.005657 -0.010561
v 0.003413 0.000000 -0.010607
v -0.003432 0.005657 -0.010561
v -0.003493 0.006013 -0.010561
v -0.003670 0.006328 -0.010561
v 0.003493 0.006013 -0.010561
v -0.004502 0.007237 -0.010561
v 0.003670 0.006328 -0.010561
v 0.004502 0.007237 -0.010561
v -0.005438 0.008038 -0.010561
v 0.005438 0.008038 -0.010561
v 0.006466 0.008719 -0.010561
v -0.008005 0.010218 -0.010553
v -0.007911 0.009868 -0.010569
v 0.008031 0.010228 -0.010550
v -0.007533 0.009440 -0.010591
v 0.007497 0.009730 -0.010803
v -0.007145 0.009283 -0.010752
v -0.006464 0.008722 -0.010567
v 0.006464 0.008722 -0.010567
v 0.007145 0.009283 -0.010752
v 0.008012 0.010222 -0.010562
v -0.007846 0.010173 -0.010666
v -0.003349 0.005657 -0.010689
v -0.003355 0.000000 -0.010692
v 0.003349 0.005657 -0.010689
v -0.003281 0.006088 -0.010907
v -0.003494 0.006469 -0.010907
v 0.003281 0.006088 -0.010907
v -0.004345 0.007399 -0.010907
v 0.003494 0.006469 -0.010907
v -0.005303 0.008218 -0.010907
v 0.004345 0.007399 -0.010907
v 0.006353 0.008914 -0.010907
v 0.005303 0.008218 -0.010907
v 0.007844 0.010172 -0.010661
v -0.008782 0.014000 -0.011029
v -0.006924 0.014000 -0.011076
v 0.007700 0.014000 -0.011200
v 0.006924 0.014000 -0.011076
v -0.006353 0.008914 -0.010907
v -0.007775 0.010153 -0.010717
v -0.007497 0.009730 -0.010803
v 0.007508 0.010072 -0.010858
v 0.007065 0.009573 -0.010973
v 0.000000 -0.003207 -0.010907
v -0.000830 -0.003098 -0.010907
v -0.001604 -0.002777 -0.010907
v 0.000830 -0.003098 -0.010907
v -0.002268 -0.002268 -0.010907
v 0.001604 -0.002777 -0.010907
v -0.002777 -0.001604 -0.010907
v 0.002268 -0.002268 -0.010907
v -0.003098 -0.000830 -0.010907
v 0.002777 -0.001604 -0.010907
v 0.003355 0.000000 -0.010692
v 0.003098 -0.000830 -0.010907
v -0.003207 0.005657 -0.010907
v -0.003207 0.000000 -0.010907
v 0.003207 0.005657 -0.010907
v 0.003207 0.000000 -0.010907
v -0.007399 0.010035 -0.010895
v 0.006625 0.009398 -0.011081
v -0.007065 0.009573 -0.010973
v -0.007218 0.009978 -0.010981
v 0.007402 0.010036 -0.010899
v 0.006985 0.009899 -0.011058
v -0.000741 -0.002764 -0.011132
v 0.000000 -0.002861 -0.011132
v -0.001431 -0.002478 -0.011132
v 0.000741 -0.002764 -0.011132
v -0.002023 -0.002023 -0.011132
v 0.001431 -0.002478 -0.011132
v -0.002478 -0.001431 -0.011132
v 0.002023 -0.002023 -0.011132
v -0.002764 -0.000741 -0.011132
v 0.002478 -0.001431 -0.011132
v -0.002989 0.000000 -0.011049
v 0.002764 -0.000741 -0.011132
v 0.002989 0.000000 -0.011049
v 0.002992 0.005657 -0.011055
v -0.002992 0.005657 -0.011055
v -0.003261 0.006658 -0.011113
v -0.002998 0.006188 -0.011113
v 0.002998 0.006188 -0.011113
v -0.004136 0.007615 -0.011113
v 0.003261 0.006658 -0.011113
v -0.005122 0.008458 -0.011113
v 0.004136 0.007615 -0.011113
v -0.006203 0.009174 -0.011113
v 0.005122 0.008458 -0.011113
v -0.006625 0.009398 -0.011081
v 0.006203 0.009174 -0.011113
v -0.006623 0.009769 -0.011144
v -0.006920 0.009873 -0.011063
v -0.006939 0.009880 -0.011058
v 0.006941 0.009882 -0.011067
v 0.006922 0.009876 -0.011071
v -0.007700 0.014000 -0.011200
v -0.002861 0.000000 -0.011132
v 0.002907 0.005657 -0.011113
v 0.002861 0.000000 -0.011132
v -0.002907 0.005657 -0.011113
v 0.006469 0.009710 -0.011160
v -0.006000 0.014000 -0.011200
v 0.006000 0.014000 -0.011200
v -0.006000 0.009526 -0.011200
v -0.006183 0.009209 -0.011122
v -0.006470 0.009710 -0.011158
v 0.006183 0.009209 -0.011122
v 0.006361 0.009670 -0.011181
v -0.002500 0.005657 -0.011200
v -0.002500 0.000000 -0.011200
v -0.002614 0.006324 -0.011200
v 0.002500 0.005657 -0.011200
v -0.002944 0.006914 -0.011200
v 0.002614 0.006324 -0.011200
v -0.003853 0.007908 -0.011200
v 0.002944 0.006914 -0.011200
v -0.004877 0.008783 -0.011200
v 0.003853 0.007908 -0.011200
v 0.004877 0.008783 -0.011200
v 0.006000 0.009526 -0.011200
v -0.000647 -0.002415 -0.011200
v 0.000000 -0.002500 -0.011200
v -0.001250 -0.002165 -0.011200
v 0.000647 -0.002415 -0.011200
v -0.001768 -0.001768 -0.011200
v 0.001250 -0.002165 -0.011200
v -0.002165 -0.001250 -0.011200
v 0.001768 -0.001768 -0.011200
v -0.002415 -0.000647 -0.011200
v 0.002165 -0.001250 -0.011200
v 0.002415 -0.000647 -0.011200
v 0.002500 0.000000 -0.011200
vn -0.0000 -0.0000 1.0000
vn 0.0012 -0.0068 1.0000
vn -0.0000 -0.0443 0.9990
vn -0.0004 -0.0055 1.0000
vn 0.0013 -0.0065 1.0000
vn 0.0019 -0.0106 0.9999
vn -0.0619 -0.3180 0.9461
vn -0.0017 -0.0053 1.0000
vn 0.0065 -0.0159 0.9999
vn 0.0027 -0.0061 1.0000
vn -0.0177 -0.0435 0.9989
vn -0.0036 -0.0058 1.0000
vn 0.0339 -0.0519 0.9981
vn 0.0032 -0.0041 1.0000
vn -0.0061 -0.0093 0.9999
vn -0.0059 -0.0095 0.9999
vn -0.0107 -0.0115 0.9999
vn 0.1448 -0.1489 0.9782
vn 0.1448 -0.1490 0.9782
vn 0.0044 -0.0034 1.0000
vn -0.0319 -0.0328 0.9990
vn -0.0052 -0.0037 1.0000
vn -0.0055 -0.0039 1.0000
vn 0.0083 -0.0036 1.0000
vn 0.0178 -0.0124 0.9998
vn 0.0083 -0.0037 1.0000
vn 0.0075 -0.0033 1.0000
vn -0.0073 -0.0051 1.0000
vn -0.0074 -0.0054 1.0000
vn -0.0189 -0.0083 0.9998
vn -0.0059 -0.0023 1.0000
vn 0.0076 -0.0033 1.0000
vn 0.0258 -0.0058 0.9996
vn 0.0060 -0.0010 1.0000
vn -0.0866 -0.0195 0.9960
vn -0.0050 -0.0006 1.0000
vn 0.0059 -0.0010 1.0000
vn 0.0727 -0.0020 0.9974
vn 0.1383 -0.0042 0.9904
vn -0.0992 -0.0030 0.9951
vn -0.0090 0.0006 1.0000
vn 0.0060 0.0008 1.0000
vn 0.0059 0.0008 1.0000
vn -0.1794 0.0294 0.9833
vn -0.0050 0.0014 1.0000
vn 0.0152 0.0025 0.9999
vn 0.0108 0.0043 0.9999
vn 0.0110 0.0041 0.9999
vn 0.0061 0.0024 1.0000
vn -0.0717 0.0264 0.9971
vn -0.0054 0.0031 1.0000
vn 0.0520 0.0316 0.9981
vn 0.0111 0.0072 0.9999
vn -0.1554 0.0997 0.9828
vn -0.1648 0.0864 0.9825
vn 0.0121 0.0064 0.9999
vn -0.1837 0.0298 0.9825
vn -0.1649 0.0864 0.9825
vn 0.1625 0.0933 0.9823
vn 0.1837 0.0298 0.9825
vn -0.1838 -0.0000 0.9830
vn 0.1838 -0.0000 0.9830
vn -0.1838 -0.0091 0.9829
vn 0.1987 -0.0420 0.9792
vn 0.1837 -0.0282 0.9826
vn -0.1957 -0.0605 0.9788
vn -0.1738 -0.0267 0.9844
vn 0.1675 -0.1179 0.9788
vn 0.1576 -0.0774 0.9845
vn -0.1547 -0.1316 0.9792
vn -0.1576 -0.0774 0.9845
vn 0.1196 -0.1399 0.9829
vn 0.1274 -0.1213 0.9844
vn -0.1346 -0.1282 0.9826
vn -0.1074 -0.1492 0.9829
vn 0.1074 -0.1492 0.9829
vn -0.0972 -0.1561 0.9829
vn -0.0962 -0.1435 0.9850
vn 0.0862 -0.1384 0.9866
vn -0.0513 -0.0000 0.9987
vn -0.1099 -0.1488 0.9828
vn 0.0893 -0.0000 0.9960
vn 0.1026 -0.1530 0.9829
vn 0.1393 -0.1315 0.9815
vn -0.0000 -1.0000 -0.0000
vn -0.1331 0.0053 0.9911
vn -0.1889 0.0115 0.9819
vn 0.0891 -0.0000 0.9960
vn 0.1331 0.0065 0.9911
vn -0.1564 -0.0000 0.9877
vn 0.1564 -0.0118 0.9876
vn 0.1368 -0.0000 0.9906
vn -0.0792 -0.0566 0.9953
vn 0.0001 0.7498 0.6616
vn -0.0000 0.7498 0.6616
vn -0.0001 0.7500 0.6615
vn -0.0416 -0.2135 0.9760
vn -0.0416 -0.2136 0.9760
vn -0.0000 -0.2176 0.9760
vn 0.0416 -0.2136 0.9760
vn -0.0817 -0.2016 0.9760
vn 0.0416 -0.2135 0.9760
vn 0.0817 -0.2016 0.9760
vn -0.1188 -0.1822 0.9761
vn -0.1188 -0.1823 0.9760
vn 0.1188 -0.1823 0.9760
vn -0.1515 -0.1562 0.9760
vn -0.1515 -0.1561 0.9761
vn 0.1188 -0.1822 0.9761
vn 0.1515 -0.1561 0.9761
vn -0.1786 -0.1243 0.9760
vn 0.1515 -0.1562 0.9760
vn 0.1786 -0.1243 0.9760
vn -0.1990 -0.0878 0.9761
vn -0.1991 -0.0878 0.9760
vn 0.1991 -0.0878 0.9760
vn -0.2122 -0.0481 0.9760
vn 0.1990 -0.0878 0.9760
vn 0.2122 -0.0481 0.9760
vn -0.2174 -0.0066 0.9760
vn -0.2175 -0.0066 0.9760
vn 0.2175 -0.0066 0.9760
vn -0.2147 0.0351 0.9761
vn -0.2147 0.0351 0.9760
vn 0.2147 0.0351 0.9761
vn -0.2040 0.0756 0.9760
vn -0.2040 0.0756 0.9761
vn 0.2040 0.0755 0.9761
vn -0.1551 0.0995 0.9829
vn -0.1885 0.1077 0.9762
vn 0.1858 0.1132 0.9760
vn 0.2040 0.0756 0.9760
vn 0.2021 0.0911 0.9751
vn -0.1838 -0.1760 0.9671
vn -0.2349 -0.1246 0.9640
vn -0.2848 0.0208 0.9584
vn -0.1932 -0.0013 0.9812
vn -0.2350 -0.1246 0.9640
vn 0.1742 -0.1514 0.9730
vn 0.1509 -0.1635 0.9749
vn 0.2653 -0.0033 0.9642
vn 0.3049 -0.1337 0.9430
vn 0.2945 -0.1571 0.9427
vn -0.4639 0.2904 0.8369
vn -0.4881 0.2557 0.8345
vn -0.5439 0.0883 0.8345
vn -0.4881 0.2558 0.8345
vn 0.2017 0.0909 0.9752
vn 0.4828 0.2694 0.8333
vn 0.5439 0.0883 0.8345
vn -0.5461 -0.0000 0.8377
vn 0.5461 -0.0000 0.8377
vn 0.5460 -0.0000 0.8378
vn -0.5460 -0.0000 0.8378
vn -0.5441 -0.0835 0.8348
vn 0.5441 -0.0835 0.8348
vn -0.5442 -0.0835 0.8348
vn -0.4942 -0.2428 0.8348
vn 0.5442 -0.0835 0.8348
vn 0.4942 -0.2428 0.8348
vn -0.3987 -0.3797 0.8348
vn -0.3987 -0.3798 0.8348
vn 0.3987 -0.3797 0.8348
vn -0.3045 -0.4543 0.8372
vn 0.3044 -0.4543 0.8372
vn 0.3046 -0.4543 0.8372
vn -0.2886 -0.4637 0.8377
vn 0.2886 -0.4637 0.8377
vn -0.2887 -0.4638 0.8376
vn 0.3045 -0.4543 0.8372
vn 0.2887 -0.4638 0.8376
vn 0.1859 0.1132 0.9760
vn -0.1080 -0.5542 0.8254
vn -0.0000 -0.5646 0.8254
vn 0.1081 -0.5542 0.8254
vn -0.2121 -0.5232 0.8254
vn -0.2121 -0.5233 0.8254
vn 0.1080 -0.5542 0.8254
vn 0.2121 -0.5233 0.8254
vn -0.3083 -0.4730 0.8254
vn 0.2121 -0.5232 0.8254
vn 0.3083 -0.4730 0.8254
vn -0.3931 -0.4053 0.8254
vn -0.3931 -0.4052 0.8254
vn 0.3931 -0.4053 0.8254
vn -0.4634 -0.3225 0.8254
vn 0.4634 -0.3225 0.8254
vn -0.5166 -0.2279 0.8254
vn 0.5166 -0.2279 0.8254
vn -0.5506 -0.1248 0.8254
vn 0.5506 -0.1248 0.8254
vn -0.5643 -0.0172 0.8254
vn 0.5643 -0.0172 0.8254
vn -0.5572 0.0911 0.8253
vn -0.5572 0.0911 0.8254
vn 0.5572 0.0911 0.8254
vn -0.5294 0.1961 0.8254
vn -0.5295 0.1961 0.8253
vn 0.5572 0.0912 0.8253
vn 0.5295 0.1961 0.8253
vn -0.4641 0.2905 0.8368
vn -0.4822 0.2938 0.8254
vn 0.5295 0.1961 0.8254
vn 0.4822 0.2938 0.8254
vn 0.5030 0.2635 0.8231
vn 0.4822 0.2938 0.8253
vn -0.4882 0.2558 0.8344
vn -0.2966 -0.1635 0.9409
vn -0.3867 -0.4893 0.7817
vn -0.3836 -0.4960 0.7790
vn 0.3885 -0.4975 0.7756
vn -0.3569 0.0014 0.9341
vn -0.4258 0.0042 0.9048
vn -0.5016 0.0268 0.8647
vn -0.3572 0.0014 0.9340
vn -0.1931 -0.0013 0.9812
vn -0.1933 -0.0013 0.9811
vn 0.2652 -0.0033 0.9642
vn 0.4266 0.0099 0.9044
vn 0.4267 0.0100 0.9043
vn 0.5692 0.0493 0.8207
vn 0.4258 0.0057 0.9048
vn 0.2651 -0.0033 0.9642
vn -0.2542 -0.1859 0.9491
vn 0.3824 0.0084 0.9239
vn -0.2544 -0.1858 0.9491
vn 0.3049 -0.1336 0.9430
vn -0.4066 -0.1363 0.9034
vn -0.3985 -0.1605 0.9030
vn 0.3050 -0.1335 0.9430
vn -0.5442 -0.0834 0.8348
vn 0.5442 -0.0834 0.8348
vn -0.4142 0.0206 0.9100
vn 0.4142 0.0084 0.9101
vn 0.3865 -0.0060 0.9223
vn -0.2989 -0.0370 0.9536
vn 0.0001 0.7499 0.6615
vn 0.4568 -0.1207 0.8813
vn 0.4162 -0.1748 0.8923
vn -0.4681 -0.4835 0.7397
vn -0.4913 -0.4383 0.7527
vn 0.3821 -0.4913 0.7827
vn 0.4651 -0.4520 0.7612
vn -0.1605 -0.8234 0.5443
vn -0.0000 -0.8389 0.5443
vn 0.1605 -0.8234 0.5443
vn -0.3151 -0.7775 0.5443
vn 0.3151 -0.7775 0.5443
vn -0.4581 -0.7028 0.5443
vn 0.4581 -0.7028 0.5443
vn -0.5841 -0.6021 0.5443
vn -0.5841 -0.6022 0.5443
vn 0.5841 -0.6021 0.5443
vn -0.6885 -0.4792 0.5443
vn 0.6885 -0.4792 0.5443
vn -0.7675 -0.3387 0.5442
vn -0.7675 -0.3386 0.5443
vn 0.7675 -0.3386 0.5443
vn -0.8182 -0.1855 0.5443
vn -0.8182 -0.1855 0.5442
vn 0.7675 -0.3386 0.5442
vn 0.8182 -0.1855 0.5442
vn -0.8385 -0.0255 0.5442
vn -0.8385 -0.0255 0.5443
vn 0.8182 -0.1855 0.5443
vn 0.8385 -0.0255 0.5443
vn -0.8279 0.1354 0.5443
vn -0.8279 0.1354 0.5442
vn 0.8385 -0.0255 0.5442
vn 0.8279 0.1354 0.5442
vn -0.7867 0.2914 0.5442
vn -0.7867 0.2914 0.5443
vn 0.8279 0.1354 0.5443
vn 0.7867 0.2914 0.5443
vn -0.7047 0.4294 0.5648
vn -0.7200 0.4302 0.5445
vn 0.7164 0.4365 0.5442
vn 0.7867 0.2914 0.5442
vn -0.7329 0.3841 0.5616
vn -0.7330 0.3840 0.5615
vn 0.7450 0.3903 0.5410
vn -0.8168 0.1326 0.5615
vn -0.8169 0.1325 0.5614
vn 0.7434 0.3607 0.5632
vn 0.8169 0.1325 0.5614
vn 0.8168 0.1326 0.5615
vn -0.8241 -0.0000 0.5664
vn 0.8241 -0.0000 0.5664
vn -0.8176 -0.1254 0.5619
vn 0.8176 -0.1254 0.5619
vn -0.7423 -0.3648 0.5620
vn -0.7423 -0.3647 0.5621
vn -0.8175 -0.1255 0.5621
vn 0.8175 -0.1255 0.5621
vn 0.7423 -0.3648 0.5621
vn -0.5989 -0.5705 0.5620
vn 0.7423 -0.3647 0.5620
vn 0.5989 -0.5705 0.5620
vn -0.4592 -0.6850 0.5656
vn -0.4592 -0.6850 0.5657
vn 0.4592 -0.6850 0.5656
vn -0.4366 -0.6990 0.5663
vn 0.4592 -0.6850 0.5657
vn 0.4366 -0.6990 0.5663
vn 0.4569 -0.1206 0.8813
vn -0.5497 -0.0000 0.8353
vn -0.6187 0.0359 0.7848
vn -0.5244 -0.1535 0.8375
vn -0.5326 -0.1347 0.8356
vn -0.5470 -0.4790 0.6866
vn -0.5709 -0.4376 0.6947
vn 0.5481 -0.4487 0.7059
vn 0.5283 -0.1774 0.8303
vn 0.4953 -0.4723 0.7291
vn -0.4957 -0.7132 0.4955
vn -0.4709 -0.7252 0.5023
vn 0.4709 -0.7252 0.5023
vn 0.4957 -0.7132 0.4955
vn 0.6096 -0.0001 0.7927
vn 0.6343 0.0073 0.7731
vn 0.5979 -0.1244 0.7919
vn 0.6616 -0.7499 -0.0000
vn -0.6616 -0.7499 -0.0000
vn -0.8166 0.1325 0.5618
vn -0.8239 -0.0000 0.5667
vn 0.8239 -0.0000 0.5667
vn 0.8242 -0.0000 0.5664
vn 0.8166 0.1325 0.5618
vn -0.8242 -0.0000 0.5664
vn -0.8176 -0.1255 0.5619
vn 0.8174 -0.1254 0.5623
vn 0.5797 -0.0034 0.8148
vn 0.5978 -0.1244 0.7920
vn -0.5079 -0.0005 0.8614
vn -0.5325 -0.1345 0.8357
vn -0.8316 0.5153 0.2071
vn -0.8669 0.4542 0.2053
vn -0.8669 0.4542 0.2055
vn -0.9660 0.1568 0.2055
vn -0.9660 0.1567 0.2055
vn 0.8547 0.4772 0.2046
vn 0.7577 0.3682 0.5388
vn 0.9660 0.1567 0.2055
vn -0.9781 -0.0000 0.2080
vn 0.9781 -0.0000 0.2080
vn 0.9660 0.1568 0.2055
vn -0.9673 -0.1483 0.2057
vn 0.9673 -0.1484 0.2057
vn -0.8785 -0.4311 0.2057
vn -0.8783 -0.4316 0.2057
vn 0.9673 -0.1483 0.2057
vn 0.8783 -0.4316 0.2057
vn -0.7086 -0.6750 0.2057
vn -0.8784 -0.4315 0.2057
vn -0.7086 -0.6749 0.2057
vn 0.8784 -0.4315 0.2057
vn 0.7086 -0.6750 0.2057
vn -0.5447 -0.8126 0.2075
vn -0.5447 -0.8126 0.2074
vn 0.5447 -0.8126 0.2074
vn 0.5447 -0.8126 0.2075
vn -0.4669 -0.8596 0.2078
vn 0.4668 -0.8595 0.2082
vn 0.7165 0.4366 0.5441
vn -0.5273 -0.7273 0.4393
vn -0.5293 -0.7253 0.4402
vn 0.5704 -0.4704 0.6733
vn 0.5281 -0.7250 0.4422
vn -0.5327 -0.1346 0.8356
vn -0.6322 -0.1720 0.7555
vn -0.6220 -0.4753 0.6223
vn -0.6453 -0.4383 0.6257
vn 0.6261 -0.4470 0.6389
vn 0.6287 -0.1339 0.7660
vn -0.5447 -0.8126 0.2076
vn -0.4649 -0.8684 0.1726
vn -0.4834 -0.8503 0.2080
vn -0.4836 -0.8502 0.2081
vn 0.5447 -0.8126 0.2076
vn 0.4833 -0.8504 0.2080
vn 0.4667 -0.8604 0.2048
vn -0.7684 0.0300 0.6393
vn -0.7071 0.0090 0.7071
vn -0.6491 0.0006 0.7607
vn -0.6490 0.0005 0.7608
vn -0.5078 -0.0005 0.8615
vn 0.7131 0.0116 0.7010
vn 0.7071 0.0093 0.7071
vn -0.0000 -0.9831 0.1829
vn -0.1881 -0.9649 0.1830
vn -0.1881 -0.9650 0.1829
vn 0.1881 -0.9649 0.1830
vn 0.1881 -0.9650 0.1829
vn -0.3693 -0.9111 0.1830
vn 0.3693 -0.9111 0.1830
vn -0.5368 -0.8236 0.1830
vn 0.5368 -0.8236 0.1830
vn -0.6845 -0.7057 0.1829
vn 0.6845 -0.7057 0.1829
vn -0.8069 -0.5616 0.1830
vn -0.6845 -0.7057 0.1830
vn 0.8069 -0.5616 0.1830
vn 0.6845 -0.7057 0.1830
vn -0.8995 -0.3968 0.1830
vn -0.8995 -0.3967 0.1830
vn 0.8995 -0.3967 0.1830
vn 0.8995 -0.3968 0.1830
vn -0.9588 -0.2174 0.1829
vn -0.9588 -0.2173 0.1831
vn -0.8994 -0.3969 0.1831
vn 0.8994 -0.3969 0.1831
vn 0.9588 -0.2174 0.1831
vn -0.9827 -0.0299 0.1830
vn -0.9827 -0.0299 0.1829
vn 0.9827 -0.0299 0.1830
vn 0.9827 -0.0299 0.1829
vn 0.9588 -0.2173 0.1828
vn 0.9588 -0.2174 0.1829
vn -0.9702 0.1587 0.1830
vn -0.9702 0.1587 0.1829
vn -0.9827 -0.0296 0.1829
vn 0.9702 0.1587 0.1829
vn 0.9827 -0.0296 0.1829
vn -0.9219 0.3415 0.1830
vn -0.9219 0.3414 0.1829
vn -0.9219 0.3414 0.1831
vn 0.9219 0.3415 0.1830
vn 0.9702 0.1587 0.1830
vn -0.8395 0.5115 0.1831
vn -0.8327 0.5159 0.2010
vn 0.8395 0.5115 0.1831
vn 0.9219 0.3414 0.1831
vn 0.8711 0.4563 0.1816
vn 0.8395 0.5115 0.1830
vn -0.8355 0.5090 0.2071
vn -0.8669 0.4541 0.2055
vn 0.6029 -0.1795 0.7773
vn -0.6629 -0.1199 0.7391
vn -0.6381 -0.0002 0.7700
vn -0.6616 -0.7498 -0.0000
vn 0.6380 -0.0001 0.7700
vn 0.6616 -0.7498 -0.0000
vn 0.6160 -0.0153 0.7876
vn -0.7943 0.1243 0.5947
vn -0.5947 -0.1243 0.7943
vn -0.0000 0.7498 0.6617
vn -0.4485 -0.8818 0.1459
vn -0.4705 -0.8661 0.1687
vn -0.4821 -0.8599 0.1678
vn 0.4819 -0.8600 0.1679
vn 0.4819 -0.8600 0.1678
vn 0.4567 -0.8733 0.1697
vn 0.5289 -0.7267 0.4383
vn -0.5601 -0.7271 0.3971
vn -0.5848 -0.7037 0.4035
vn 0.6411 -0.4689 0.6076
vn 0.5683 -0.7110 0.4142
vn 0.7248 -0.1354 0.6755
vn -0.7258 -0.0948 0.6814
vn -0.6666 -0.2501 0.7022
vn -0.7700 0.0002 0.6381
vn -0.6918 -0.4723 0.5462
vn -0.7128 -0.4410 0.5454
vn 0.6981 -0.4473 0.5591
vn 0.7279 -0.1411 0.6710
vn -0.1913 -0.9815 0.0027
vn -0.1349 -0.9908 -0.0143
vn -0.0000 -1.0000 0.0079
vn 0.1349 -0.9908 -0.0143
vn 0.1913 -0.9815 0.0027
vn -0.3757 -0.9268 -0.0033
vn 0.3757 -0.9268 -0.0033
vn -0.3949 -0.9187 -0.0108
vn -0.5461 -0.8377 0.0068
vn 0.3949 -0.9187 -0.0108
vn 0.5461 -0.8377 0.0068
vn -0.5460 -0.8377 0.0068
vn 0.5460 -0.8377 0.0068
vn -0.6261 -0.7796 -0.0156
vn -0.6963 -0.7178 0.0064
vn 0.6261 -0.7796 -0.0156
vn 0.6963 -0.7178 0.0064
vn -0.6962 -0.7178 0.0064
vn 0.6962 -0.7178 0.0064
vn -0.8207 -0.5712 -0.0115
vn 0.8207 -0.5713 -0.0043
vn 0.8118 -0.5839 -0.0101
vn -0.9150 -0.4035 0.0034
vn -0.8118 -0.5839 -0.0050
vn 0.9150 -0.4035 0.0034
vn -0.9312 -0.3623 0.0390
vn -0.9148 -0.4036 0.0176
vn -0.9113 -0.4116 0.0151
vn -0.8944 -0.4472 0.0073
vn -0.8801 -0.4748 0.0054
vn -0.7949 -0.6067 0.0033
vn 0.7680 -0.6404 0.0033
vn 0.8775 -0.4795 0.0053
vn 0.8925 -0.4509 0.0069
vn 0.9095 -0.4154 0.0137
vn 0.9296 -0.3669 0.0362
vn 0.9295 -0.3670 0.0361
vn 0.9149 -0.4037 0.0016
vn -0.9748 -0.2209 0.0292
vn -0.9390 -0.3439 -0.0007
vn -0.9642 -0.2652 0.0010
vn 0.9621 -0.2728 -0.0008
vn 0.9749 -0.2210 0.0287
vn -0.9752 -0.2211 -0.0087
vn -0.9848 -0.1711 0.0282
vn 0.9835 -0.1794 0.0252
vn 0.9749 -0.2211 0.0252
vn -0.9991 -0.0304 0.0300
vn -0.9984 -0.0565 0.0055
vn 0.9845 -0.1752 -0.0016
vn 0.9995 -0.0305 0.0031
vn -0.9984 -0.0301 -0.0485
vn -0.9981 0.0617 -0.0044
vn 0.9995 -0.0301 -0.0039
vn 0.9969 -0.0642 0.0446
vn 0.9984 0.0559 -0.0040
vn -0.9868 0.1614 0.0143
vn -0.9829 0.1808 0.0346
vn 0.9984 0.0555 -0.0119
vn 0.9866 0.1614 0.0246
vn -0.9375 0.3472 0.0217
vn -0.9625 0.2714 -0.0053
vn 0.9854 0.1692 0.0166
vn 0.9374 0.3472 -0.0275
vn -0.9376 0.3472 0.0181
vn -0.9327 0.3600 0.0216
vn -0.9328 0.3599 0.0216
vn 0.9376 0.3472 0.0203
vn 0.9621 0.2715 0.0242
vn 0.9350 0.3541 0.0203
vn -0.8535 0.5200 -0.0333
vn -0.9341 0.3567 0.0149
vn 0.9358 0.3521 0.0168
vn 0.8532 0.5199 -0.0418
vn -0.8628 0.5054 0.0125
vn -0.8630 0.5051 0.0126
vn -0.8790 0.4762 0.0252
vn -0.8962 0.4412 0.0472
vn -0.8517 0.5240 0.0060
vn -0.8540 0.5203 0.0060
vn 0.9161 0.3888 0.0979
vn 0.8977 0.4377 0.0502
vn 0.8808 0.4726 0.0270
vn 0.8654 0.5009 0.0143
vn 0.8655 0.5007 0.0144
vn 0.8518 0.5239 0.0060
vn 0.8145 0.5801 0.0060
vn 0.8540 0.5203 -0.0000
vn -0.8145 0.5801 -0.0000
vn -0.8858 0.4640 -0.0000
vn 0.8858 0.4640 -0.0000
vn -0.9871 0.1602 -0.0000
vn 0.9871 0.1602 -0.0000
vn -1.0000 -0.0000 -0.0000
vn 1.0000 -0.0000 -0.0000
vn -0.9885 -0.1515 -0.0000
vn 0.9885 -0.1515 -0.0000
vn -0.8975 -0.4411 -0.0030
vn -0.9740 -0.2263 0.0061
vn 0.9740 -0.2263 0.0061
vn 0.8975 -0.4411 -0.0030
vn -0.8975 -0.4409 -0.0030
vn 0.8975 -0.4409 -0.0030
vn -0.7241 -0.6897 -0.0000
vn -0.7744 -0.6326 0.0061
vn 0.7744 -0.6326 0.0061
vn 0.7241 -0.6897 -0.0000
vn -0.5603 -0.8282 -0.0119
vn -0.5750 -0.8182 -0.0049
vn -0.5848 -0.8111 -0.0019
vn -0.5851 -0.8110 -0.0018
vn -0.5931 -0.8051 -0.0000
vn -0.5568 -0.8307 -0.0003
vn -0.5398 -0.8412 -0.0302
vn -0.5604 -0.8281 -0.0118
vn 0.5920 -0.8059 -0.0000
vn 0.5770 -0.8167 -0.0041
vn 0.5769 -0.8168 -0.0042
vn 0.5639 -0.8258 -0.0099
vn 0.5455 -0.8378 -0.0241
vn 0.5456 -0.8377 -0.0240
vn 0.5568 -0.8306 -0.0076
vn -0.4670 -0.8842 -0.0011
vn -0.4815 -0.8764 0.0001
vn 0.4676 -0.8839 0.0054
vn -0.4654 -0.8850 -0.0119
vn -0.4822 -0.8761 -0.0013
vn -0.4822 -0.8761 -0.0011
vn 0.4943 -0.8693 -0.0004
vn 0.4945 -0.8692 -0.0004
vn 0.4597 -0.8880 -0.0111
vn 0.4663 -0.8846 -0.0052
vn -0.7779 -0.1166 0.6175
vn 0.7937 -0.0054 0.6082
vn 0.8310 0.0158 0.5560
vn -0.4513 -0.8782 0.1583
vn -0.3797 -0.9125 0.1525
vn -0.4396 -0.8854 0.1514
vn 0.4442 -0.8838 0.1469
vn 0.4305 -0.8910 0.1442
vn 0.4595 -0.8772 0.1391
vn 0.5759 -0.7216 0.3842
vn -0.4702 -0.8823 0.0233
vn -0.4394 -0.8983 0.0021
vn 0.4565 -0.8897 -0.0021
vn 0.4672 -0.8842 -0.0008
vn -0.5928 -0.7252 0.3503
vn -0.6274 -0.6905 0.3599
vn -0.6026 -0.7115 0.3615
vn 0.5893 -0.7303 0.3456
vn 0.7061 -0.4681 0.5313
vn 0.6260 -0.7015 0.3407
vn -0.3949 -0.9186 -0.0153
vn 0.4105 -0.9119 0.0005
vn 0.3787 -0.9242 -0.0500
vn -0.6617 -0.7498 -0.0000
vn 0.6617 -0.7498 -0.0000
vn 0.7250 -0.1421 0.6740
vn -0.7717 -0.0009 0.6359
vn -0.8147 -0.1025 0.5708
vn -0.7749 -0.2101 0.5961
vn -0.7524 -0.4745 0.4569
vn -0.7746 -0.4387 0.4556
vn -0.7701 -0.4452 0.4570
vn 0.7498 -0.4816 0.4537
vn 0.7184 -0.5225 0.4592
vn 0.7864 -0.4380 0.4356
vn 0.8131 -0.1658 0.5580
vn 0.8312 -0.0039 0.5559
vn 0.8336 -0.1188 0.5394
vn -0.4572 -0.8776 0.1441
vn -0.4571 -0.8777 0.1438
vn 0.4316 -0.8856 0.1715
vn 0.5673 -0.7812 0.2605
vn -0.3756 -0.9251 -0.0564
vn -0.3950 -0.9186 -0.0157
vn 0.3789 -0.9241 -0.0502
vn -0.7737 -0.4329 0.4626
vn -0.7737 -0.4330 0.4625
vn -0.6240 -0.7145 0.3164
vn 0.5756 -0.7277 0.3730
vn 0.5752 -0.7278 0.3733
vn 0.7196 -0.5944 0.3590
vn -0.1163 -0.0545 -0.9917
vn -0.2019 -0.0064 -0.9794
vn 0.0442 0.0002 -0.9990
vn 0.1570 -0.0233 -0.9873
vn 0.0588 -0.1045 -0.9928
vn -0.1381 0.0094 -0.9904
vn 0.1813 -0.0024 -0.9834
vn 0.1812 -0.0023 -0.9835
vn 0.3654 -0.0691 -0.9283
vn 0.3652 -0.0690 -0.9284
vn 0.4597 -0.1562 -0.8742
vn 0.2964 -0.0033 -0.9551
vn 0.0441 0.0002 -0.9990
vn 0.1891 -0.0237 -0.9817
vn 0.8036 -0.0298 0.5944
vn 0.8368 -0.0055 0.5475
vn -0.0000 0.7499 0.6616
vn -0.3159 0.0207 -0.9486
vn -0.3917 -0.1780 -0.9027
vn -0.3917 -0.1779 -0.9028
vn -0.3059 -0.0594 -0.9502
vn -0.3061 -0.0596 -0.9501
vn -0.3059 -0.0595 -0.9502
vn -0.1386 0.0094 -0.9903
vn -0.8353 -0.0000 0.5497
vn -0.6615 -0.7499 -0.0001
vn -0.7848 -0.0359 0.6187
vn -0.0000 0.7499 0.6615
vn -0.8716 0.0010 0.4903
vn -0.7715 -0.0009 0.6362
vn -0.8711 0.0010 0.4910
vn -0.9404 0.0380 0.3379
vn -0.9048 -0.0000 0.4258
vn 0.9048 0.0132 0.4257
vn 0.8313 -0.0039 0.5559
vn -0.7750 -0.2101 0.5961
vn -0.3270 -0.0002 -0.9450
vn -0.8716 -0.1228 0.4745
vn 0.4025 0.0099 -0.9154
vn 0.5945 -0.0313 -0.8035
vn 0.4026 0.0099 -0.9153
vn -0.8716 -0.0000 0.4901
vn -0.8605 -0.1267 0.4935
vn -0.8733 -0.0661 0.4826
vn -0.5361 0.0001 -0.8441
vn -0.6498 -0.0228 -0.7598
vn -0.5356 0.0001 -0.8445
vn -0.8669 -0.2537 0.4291
vn -0.7784 -0.4668 0.4198
vn -0.8669 -0.2534 0.4293
vn 0.7136 -0.4804 0.5099
vn 0.8429 -0.3663 0.3943
vn 0.8803 -0.1801 0.4389
vn 0.7139 -0.4804 0.5096
vn -0.0000 1.0000 -0.0000
vn -0.9536 0.0370 0.2989
vn -0.9100 -0.0206 0.4142
vn -0.1331 -0.0000 0.9911
vn 0.1331 -0.0000 0.9911
vn 0.9100 -0.0206 0.4142
vn 0.9536 0.0370 0.2989
vn -0.5781 0.0127 -0.8159
vn -0.0000 0.0548 0.9985
vn -0.0016 0.1081 0.9941
vn 0.0014 0.2233 0.9748
vn -0.4948 -0.0000 0.8690
vn -0.5859 0.0633 0.8079
vn -0.5359 0.0047 0.8443
vn -0.6440 0.0735 -0.7615
vn -0.5739 0.0315 -0.8183
vn 0.0006 0.3453 0.9385
vn 0.0019 0.4653 0.8852
vn 0.6068 -0.0245 -0.7945
vn 0.5806 0.0028 -0.8142
vn 0.6488 -0.0267 -0.7605
vn 0.5808 0.0029 -0.8140
vn 0.6489 -0.0268 -0.7604
vn 0.6450 -0.0232 -0.7638
vn 0.6280 -0.0000 -0.7782
vn 0.5810 0.0028 -0.8139
vn -0.6158 -0.0327 -0.7873
vn -0.6172 -0.0628 -0.7843
vn -0.6157 -0.0323 -0.7874
vn -0.5280 0.0212 -0.8490
vn -0.5281 0.0212 -0.8489
vn -0.5918 0.0114 -0.8060
vn 0.0006 0.4664 0.8846
vn -0.0054 0.3426 0.9395
vn 0.0066 0.7021 0.7120
vn -0.0003 0.5904 0.8071
vn -0.4258 -0.0000 0.9048
vn 0.3381 -0.0000 0.9411
vn 0.4457 -0.0183 0.8950
vn 0.4257 -0.0132 0.9048
vn -0.3379 -0.0380 0.9404
vn 0.8950 0.0183 0.4457
vn 0.8964 -0.0097 0.4432
vn 0.8920 -0.1052 0.4396
vn 0.7955 -0.2329 0.5594
vn 0.8532 -0.1710 0.4927
vn -0.5558 -0.0544 -0.8295
vn 0.6066 -0.0246 -0.7946
vn -0.7374 -0.0109 -0.6754
vn -0.7326 0.0112 -0.6805
vn 0.7186 0.0089 -0.6954
vn 0.7051 -0.0081 -0.7090
vn -0.7183 -0.0042 -0.6957
vn -0.6822 -0.0085 -0.7311
vn 0.7185 0.0088 -0.6954
vn -0.7327 0.0111 -0.6805
vn 0.7170 0.0126 -0.6969
vn -0.7326 -0.0177 -0.6805
vn -0.7274 0.0154 -0.6860
vn 0.7058 -0.0078 -0.7083
vn -0.8302 -0.0082 -0.5574
vn -0.7531 0.1589 -0.6384
vn -0.0009 0.7062 0.7081
vn 0.7561 0.0072 -0.6544
vn 0.7535 0.0504 -0.6555
vn -0.0008 0.7943 0.6075
vn 0.7536 0.0505 -0.6554
vn -0.0008 0.7942 0.6076
vn -0.7530 0.1590 -0.6385
vn 0.0022 0.7044 0.7098
vn 0.7782 -0.0000 -0.6280
vn -0.4901 -0.0000 0.8717
vn -0.4910 -0.0010 0.8711
vn 0.4432 0.0096 0.8964
vn 0.6869 -0.0000 0.7268
vn 0.7049 0.0002 0.7094
vn 0.7638 0.0232 -0.6450
vn -0.4826 0.0663 0.8733
vn 0.4396 0.1051 0.8920
vn 0.7094 -0.0002 0.7049
vn -0.7325 -0.0177 -0.6806
vn 0.7466 0.0005 -0.6653
vn -0.7564 -0.0065 -0.6540
vn 0.7059 -0.0077 -0.7083
vn 0.7606 0.0267 -0.6487
vn -0.4293 0.2536 0.8669
vn -0.4936 0.1272 0.8604
vn -0.7601 0.0045 -0.6498
vn 0.7527 0.0003 -0.6583
vn -0.7843 0.0627 -0.6171
vn 0.4927 0.1710 0.8533
vn 0.7255 -0.0000 0.6882
vn 0.9411 -0.0000 0.3381
vn -0.7873 0.0323 -0.6157
vn 0.5594 0.2329 0.7955
vn -0.8154 0.0736 -0.5741
vn -0.0000 0.8932 0.4496
vn -0.0023 0.9415 0.3370
vn 0.7603 0.0268 -0.6490
vn -0.4292 0.2535 0.8669
vn 0.3943 0.3662 0.8429
vn 0.4389 0.1801 0.8803
vn 0.5394 0.1187 0.8336
vn 0.5559 0.0039 0.8313
vn 0.8141 -0.0029 -0.5807
vn -0.4201 0.4666 0.7783
vn 0.8984 0.0070 -0.4391
vn 0.7805 -0.1037 -0.6165
vn 0.8273 -0.0005 -0.5617
vn -0.8255 0.0025 -0.5644
vn 0.8335 -0.0361 -0.5514
vn 0.8274 -0.0005 -0.5616
vn 0.8302 0.0002 -0.5575
vn 0.8339 -0.0004 -0.5519
vn -0.8319 -0.0020 -0.5549
vn -0.8318 -0.0020 -0.5550
vn -0.8615 0.0028 -0.5077
vn -0.4746 0.1232 0.8715
vn -0.4904 -0.0010 0.8715
vn -0.8492 -0.0214 -0.5276
vn 0.5099 0.4804 0.7136
vn 0.5394 0.1187 0.8337
vn -0.4566 0.4741 0.7528
vn -0.5704 0.1023 0.8150
vn -0.5958 0.2115 0.7748
vn -0.5957 0.2114 0.7749
vn 0.4537 0.4816 0.7498
vn 0.5394 0.1188 0.8336
vn 0.5580 0.1658 0.8131
vn -0.9360 -0.0223 -0.3513
vn 0.8336 -0.0361 -0.5512
vn 0.9158 0.1865 -0.3558
vn 0.9059 0.1085 -0.4095
vn 0.8336 -0.0361 -0.5513
vn 0.0005 0.9420 0.3355
vn -0.6358 0.0009 0.7719
vn 0.8882 -0.0287 -0.4585
vn -0.8532 -0.0002 -0.5217
vn -0.7071 -0.0090 0.7071
vn -0.6359 0.0009 0.7717
vn 0.7071 -0.0093 0.7071
vn 0.5559 0.0039 0.8312
vn -0.4555 0.4390 0.7745
vn -0.8489 -0.0212 -0.5281
vn -0.8155 0.0736 -0.5741
vn 0.0005 0.8932 0.4497
vn 0.0011 0.9422 0.3350
vn -0.9486 -0.0207 -0.3159
vn -0.9028 0.1777 -0.3916
vn 0.4591 0.5221 0.7188
vn 0.9551 0.0034 -0.2964
vn 0.8140 -0.0029 -0.5808
vn -0.4627 0.4328 0.7737
vn -0.4568 0.4450 0.7703
vn -0.8934 0.0094 -0.4492
vn -0.0009 0.9889 0.1484
vn -0.9877 -0.0000 0.1564
vn -0.9584 -0.0208 0.2848
vn -0.9953 0.0566 0.0792
vn 0.9873 0.0280 0.1564
vn 0.9584 -0.0208 0.2848
vn 0.8742 0.1563 -0.4598
vn -0.4626 0.4327 0.7738
vn -0.8471 -0.0236 -0.5309
vn -0.9117 -0.0002 -0.4108
vn 0.8472 0.0236 -0.5308
vn 0.9117 0.0002 -0.4108
vn -0.8542 0.0263 -0.5193
vn 0.8542 -0.0263 -0.5193
vn -0.9027 0.1779 -0.3917
vn 0.3591 0.5942 0.7197
vn 0.4356 0.4380 0.7864
vn 0.9281 0.0694 -0.3657
vn -0.3165 0.7138 0.6247
vn -0.9024 -0.0052 -0.4308
vn 0.9026 0.0052 -0.4304
vn -0.9085 0.0043 -0.4179
vn 0.9086 -0.0043 -0.4177
vn 0.6740 0.1421 0.7250
vn 0.7010 -0.0116 0.7131
vn -0.0000 0.9962 0.0873
vn 0.5313 0.4681 0.7061
vn 0.5591 0.4473 0.6981
vn 0.6710 0.1411 0.7279
vn -0.6816 0.0949 0.7255
vn -0.7024 0.2500 0.6664
vn -0.6175 0.1165 0.7779
vn -0.5464 0.4722 0.6917
vn 0.6755 0.1354 0.7248
vn -0.6393 -0.0300 0.7684
vn 0.9911 -0.0000 0.1331
vn -0.9911 -0.0000 0.1331
vn -0.9502 0.0594 -0.3059
vn 0.3732 0.7278 0.5754
vn 0.3455 0.7303 0.5893
vn 0.3730 0.7277 0.5756
vn -0.3511 0.7244 0.5933
vn -0.5457 0.4410 0.7126
vn -0.9532 -0.0105 -0.3021
vn -0.9353 -0.0000 -0.3539
vn 0.9670 -0.0000 -0.2548
vn -0.7607 -0.0006 0.6491
vn -0.9565 0.0022 -0.2918
vn 0.9566 -0.0022 -0.2913
vn 0.9647 0.0046 -0.2633
vn -0.9501 0.0596 -0.3061
vn 0.9280 0.0696 -0.3659
vn -0.3607 0.6895 0.6281
vn -0.9618 -0.0023 -0.2736
vn 0.9619 0.0023 -0.2733
vn -0.9962 -0.0000 -0.0870
vn 0.9808 0.0070 -0.1950
vn -0.1558 0.8706 0.4667
vn -0.3621 0.7116 0.6021
vn -0.9906 -0.0068 -0.1365
vn -0.9833 -0.0006 -0.1822
vn -0.9939 0.0111 -0.1101
vn 0.9907 0.0069 -0.1358
vn 0.9833 0.0006 -0.1820
vn 0.9939 -0.0111 -0.1099
vn 0.9808 0.0070 -0.1951
vn -0.1556 0.8705 0.4668
vn -0.9502 0.0595 -0.3059
vn 0.2605 0.7812 0.5673
vn 0.3407 0.7015 0.6260
vn 0.6076 0.4689 0.6411
vn 0.6385 0.4473 0.6262
vn 0.7660 0.1339 0.6287
vn 0.7773 0.1795 0.6029
vn -0.7556 0.1718 0.6321
vn -0.7391 0.1199 0.6628
vn -0.6224 0.4752 0.6219
vn 0.8148 0.0034 0.5797
vn 0.3843 0.7217 0.5758
vn 0.4144 0.7109 0.5682
vn -0.7608 -0.0005 0.6490
vn -0.6257 0.4386 0.6451
vn -0.3973 0.7270 0.5600
vn -0.9903 -0.0094 -0.1386
vn 0.1715 0.8856 0.4316
vn 0.9971 -0.0000 0.0756
vn 0.9647 0.0046 -0.2632
vn 0.9991 -0.0081 -0.0427
vn 0.9994 -0.0261 0.0245
vn -0.9944 0.0034 -0.1058
vn 0.1470 0.8838 0.4441
vn -0.1707 0.8720 0.4588
vn -0.4036 0.7038 0.5846
vn 0.5961 -0.8029 -0.0015
vn -0.8356 0.1347 0.5325
vn -0.8616 0.0005 0.5076
vn -0.8615 0.0005 0.5077
vn -0.9048 -0.0042 0.4258
vn 0.9048 -0.0057 0.4258
vn 0.9941 -0.0000 0.1084
vn 0.7920 0.1244 0.5978
vn -0.9944 0.0034 -0.1057
vn -0.9895 0.0021 0.1447
vn -0.9514 -0.0575 0.3025
vn -0.9948 -0.0111 0.1010
vn 0.9983 -0.0006 -0.0587
vn -0.1513 0.9090 0.3884
vn -0.9909 -0.0173 -0.1336
vn -1.0000 -0.0006 -0.0005
vn 0.9910 0.0172 -0.1331
vn 1.0000 0.0006 -0.0005
vn 0.9939 -0.0124 -0.1096
vn -0.9939 0.0124 -0.1097
vn -0.9873 0.0233 0.1570
vn -0.9903 -0.0094 -0.1385
vn 0.1443 0.8912 0.4301
vn -0.8357 0.1347 0.5325
vn -0.8376 0.1539 0.5242
vn -0.6867 0.4789 0.5469
vn 0.7059 0.4488 0.5481
vn 0.6736 0.4700 0.5704
vn 0.7919 0.1244 0.5979
vn 0.8303 0.1774 0.5283
vn -0.6948 0.4376 0.5708
vn -0.4394 0.7274 0.5272
vn 0.4382 0.7268 0.5290
vn 0.4424 0.7249 0.5281
vn -0.8853 -0.4650 -0.0000
vn -0.9998 0.0002 0.0199
vn 0.8607 0.5091 -0.0023
vn 0.9998 -0.0002 0.0205
vn 0.9794 0.0064 0.2019
vn 0.0415 0.9229 0.3827
vn -0.1503 0.8845 0.4416
vn 0.8207 -0.0493 0.5692
vn -0.8648 -0.0267 0.5014
vn -0.1460 0.8817 0.4486
vn -0.4404 0.7251 0.5294
vn 0.1697 0.8732 0.4568
vn 0.1392 0.8772 0.4596
vn 0.1391 0.8770 0.4599
vn -0.8629 0.5054 -0.0049
vn -0.9988 -0.0010 0.0480
vn 0.8856 -0.4644 -0.0001
vn 0.9988 0.0010 0.0482
vn -0.9928 0.1045 0.0588
vn -0.0502 0.9241 0.3789
vn 0.9917 0.0545 0.1163
vn 0.0153 0.9186 0.3948
vn 0.8813 0.1206 0.4569
vn 0.9043 -0.0100 0.4267
vn -0.5876 -0.8091 0.0022
vn 0.0154 0.9187 0.3948
vn -0.1686 0.8662 0.4704
vn -0.0500 0.9242 0.3787
vn -0.9817 0.0237 0.1891
vn 0.0005 0.9119 0.4105
vn 0.5844 -0.8114 0.0039
vn 0.9829 0.0033 0.1840
vn -0.9443 -0.0175 0.3287
vn -0.9826 -0.0002 0.1860
vn -0.9695 -0.0001 0.2450
vn -0.9387 0.0195 0.3441
vn -0.9788 0.0014 0.2047
vn 0.9440 0.0177 0.3294
vn 0.9824 0.0002 0.1869
vn 0.9695 0.0001 0.2450
vn 0.9388 -0.0195 0.3440
vn 0.9788 -0.0015 0.2050
vn -0.8905 -0.4550 -0.0005
vn 0.8719 0.4895 -0.0169
vn 0.4955 0.7132 0.4958
vn 0.7290 0.4724 0.4954
vn -0.7397 0.4835 0.4680
vn -0.7526 0.4385 0.4913
vn -0.4955 0.7132 0.4958
vn -0.9030 0.1600 0.3986
vn -0.9342 -0.0014 0.3568
vn 0.8813 0.1207 0.4568
vn 0.7612 0.4520 0.4651
vn 0.8923 0.1748 0.4162
vn -0.8730 0.4874 -0.0189
vn 0.8915 -0.4530 -0.0007
vn -0.9031 0.1600 0.3985
vn -0.9034 0.1365 0.4065
vn -0.9142 -0.0000 0.4052
vn -0.0000 1.0000 0.0017
vn 0.9044 -0.0099 0.4266
vn -0.9341 -0.0014 0.3570
vn -0.0000 -0.0000 -1.0000
vn 0.3090 0.9511 -0.0000
vn -0.1045 0.9945 -0.0000
vn -0.5000 0.8660 -0.0000
vn 0.6692 0.7431 -0.0000
vn -0.8090 0.5878 -0.0000
vn 0.9135 0.4068 -0.0000
vn -0.9781 0.2079 -0.0000
vn 0.9945 0.1045 -0.0000
vn 0.9945 -0.1045 -0.0000
vn -0.9781 -0.2079 -0.0000
vn 0.9135 -0.4068 -0.0000
vn -0.8090 -0.5878 -0.0000
vn 0.6692 -0.7431 -0.0000
vn -0.5000 -0.8660 -0.0000
vn 0.3090 -0.9511 -0.0000
vn -0.1045 -0.9945 -0.0000
vn -0.5794 -0.8150 0.0077
vn 0.9450 0.0002 0.3271
vn -0.0232 0.8823 0.4701
vn -0.0022 0.8982 0.4395
vn 0.5844 -0.8114 0.0040
vn 0.9829 0.0033 0.1842
vn 0.9202 -0.0042 0.3914
vn 0.8710 -0.0315 0.4902
vn 0.8758 -0.0037 0.4827
vn -0.9012 -0.4334 -0.0058
vn 0.9430 0.1335 0.3050
vn 0.9642 0.0033 0.2652
vn 0.8821 0.4694 -0.0408
vn -0.8832 0.4669 -0.0448
vn 0.9028 -0.4301 -0.0072
vn 0.1678 0.8601 0.4818
vn -0.0007 0.8843 0.4668
vn -0.1678 0.8602 0.4816
vn -0.1677 0.8600 0.4819
vn -0.1838 0.8600 0.4760
vn -0.5454 0.7024 0.4574
vn -0.5043 0.7287 0.4633
vn 0.5762 -0.8172 0.0113
vn -0.9152 -0.0099 0.4029
vn -0.0021 0.8896 0.4568
vn 0.2048 0.8604 0.4667
vn 0.2081 0.8595 0.4669
vn 0.5023 0.7252 0.4709
vn 0.1677 0.8600 0.4819
vn -0.7816 0.4895 0.3865
vn -0.7792 0.4957 0.3836
vn -0.5460 0.7133 0.4394
vn 0.5663 0.6990 0.4366
vn 0.7827 0.4913 0.3821
vn 0.0118 0.8850 0.4654
vn -0.0051 0.8846 0.4664
vn 0.8321 -0.0000 0.5546
vn -0.9490 0.1858 0.2546
vn -0.9490 0.1857 0.2549
vn -0.9410 0.1636 0.2962
vn 0.9429 0.1336 0.3050
vn 0.9429 0.1334 0.3051
vn 0.7756 0.4975 0.3885
vn 0.9427 0.1570 0.2944
vn -0.8832 0.4668 -0.0450
vn -0.9351 0.0049 0.3543
vn -0.9138 -0.0001 0.4062
vn 0.9354 -0.0064 0.3537
vn 0.9139 0.0001 0.4059
vn -0.9013 -0.4331 -0.0059
vn -0.9425 -0.0090 0.3341
vn 0.8820 0.4695 -0.0406
vn 0.9414 0.0067 0.3371
vn -0.9811 0.0013 0.1935
vn -0.9153 -0.0099 0.4026
vn -0.0111 0.8880 0.4597
vn -0.5794 -0.8150 0.0078
vn -0.9491 0.0021 0.3149
vn -0.7727 -0.0325 0.6339
vn -0.8565 -0.0030 0.5161
vn -0.7965 -0.0000 0.6047
vn -0.6717 -0.1681 0.7215
vn -0.8424 -0.0000 0.5389
vn -0.8035 0.0313 0.5945
vn -0.9811 0.0013 0.1936
vn 0.9642 0.0033 0.2651
vn -0.9911 -0.0053 0.1331
vn -0.9811 0.0013 0.1934
vn 0.9911 -0.0065 0.1331
vn 0.9642 0.0033 0.2653
vn -0.9638 0.1252 0.2354
vn -0.9137 -0.4051 -0.0312
vn -0.8771 0.0022 0.4803
vn 0.8905 0.4447 -0.0962
vn 0.8771 -0.0017 0.4804
vn -0.5703 -0.8212 0.0219
vn 0.9166 -0.3978 -0.0411
vn 0.8627 0.0028 0.5056
vn -0.8916 0.4382 -0.1140
vn -0.8632 -0.0021 0.5049
vn 0.8392 -0.0002 0.5439
vn -0.0006 0.8760 0.4822
vn 0.8393 -0.0002 0.5436
vn -0.0533 0.8325 0.5514
vn 0.0118 0.8723 0.4889
vn 0.7597 0.0268 0.6497
vn 0.8079 -0.0633 -0.5859
vn 0.8442 -0.0047 -0.5359
vn 0.8443 -0.0047 -0.5359
vn 0.8690 -0.0000 -0.4948
vn -0.9985 -0.0548 -0.0000
vn 0.8159 -0.0127 0.5781
vn 0.9941 -0.1081 -0.0016
vn 0.9748 -0.2232 0.0014
vn 0.9985 -0.0548 -0.0000
vn 0.5673 -0.8229 0.0321
vn 0.8116 -0.0000 0.5842
vn 0.8111 -0.0000 0.5849
vn 0.7936 -0.0100 0.6083
vn 0.7709 0.0149 0.6368
vn 0.8073 0.0041 0.5901
vn 0.8071 0.0042 0.5904
vn -0.7910 0.0076 0.6118
vn -0.8088 -0.0053 0.5881
vn -0.7908 0.0076 0.6120
vn -0.8110 -0.0000 0.5851
vn -0.7772 -0.0189 0.6290
vn -0.9748 -0.2232 -0.0014
vn 0.7616 -0.0735 0.6439
vn 0.8183 -0.0315 0.5739
vn 0.9385 -0.3453 0.0006
vn 0.8850 -0.4656 0.0019
vn -0.7945 0.0245 0.6068
vn -0.0004 0.8694 0.4942
vn -0.8850 -0.4655 -0.0018
vn -0.9938 -0.1112 0.0015
vn -0.8846 -0.4664 -0.0006
vn -0.9359 -0.3523 -0.0006
vn 0.8060 -0.0114 0.5918
vn -0.9199 -0.3714 -0.1258
vn 0.8902 0.4399 -0.1184
vn 0.9507 0.3082 0.0340
vn 0.9394 -0.3427 -0.0054
vn 0.7121 -0.7021 0.0066
vn 0.8846 -0.4664 0.0006
vn 0.8376 0.4638 0.2887
vn 0.8378 0.4635 0.2884
vn 0.9730 0.1514 0.1742
vn 0.9749 0.1635 0.1510
vn -0.9764 0.1507 0.1545
vn -0.9638 0.1253 0.2355
vn -0.9669 0.1898 0.1703
vn -0.8235 0.4726 0.3139
vn 0.9960 -0.0000 0.0891
vn 0.9149 -0.3615 -0.1795
vn -0.8656 0.3962 -0.3063
vn 0.8071 -0.5904 -0.0003
vn -0.0004 0.8693 0.4943
vn 0.0053 0.8839 0.4677
vn 0.2080 0.8504 0.4832
vn -0.7944 0.0245 0.6069
vn 0.9508 0.3080 0.0343
vn -0.9565 0.2896 0.0347
vn -0.8960 0.4428 0.0343
vn -0.5670 -0.8224 0.0471
vn -0.6047 -0.0000 0.7965
vn -0.1835 0.8196 0.5428
vn -0.0075 0.8306 0.5568
vn 0.2075 0.8126 0.5447
vn -0.6795 -0.0105 0.7336
vn -0.6751 0.0118 0.7376
vn 0.0446 0.0642 0.9969
vn -0.0040 -0.0559 0.9984
vn -0.7120 -0.7021 -0.0066
vn 0.7311 0.0085 0.6822
vn -0.0039 0.0301 0.9995
vn -0.0119 -0.0555 0.9984
vn 0.0246 -0.1614 0.9866
vn 0.1830 -0.1587 0.9702
vn 0.1829 -0.1587 0.9702
vn 0.1830 0.0301 0.9827
vn 0.0031 0.0305 0.9995
vn 0.1830 0.0299 0.9827
vn 0.1829 0.0299 0.9827
vn -0.6794 -0.0104 0.7337
vn 0.9815 0.1315 0.1393
vn 0.9960 -0.0000 0.0893
vn -0.9818 -0.0115 0.1893
vn 0.6842 0.0024 0.7293
vn 0.0065 0.8512 0.5247
vn -0.1835 0.8196 0.5427
vn -0.5452 0.6990 0.4627
vn -0.5454 0.6989 0.4627
vn 0.2073 0.8126 0.5447
vn -0.6862 -0.0160 0.7272
vn 0.0166 -0.1692 0.9854
vn 0.5657 0.6850 0.4592
vn -0.6797 0.0174 0.7332
vn -0.0016 0.1751 0.9845
vn -0.8851 -0.3497 -0.3072
vn 0.9555 0.2893 -0.0568
vn 0.0253 0.2211 0.9749
vn 0.1829 0.2174 0.9588
vn -0.9369 -0.3496 0.0052
vn -0.7980 -0.6026 0.0002
vn -0.7084 -0.7058 0.0002
vn 0.5574 0.0082 0.8302
vn 0.6384 -0.1587 0.7532
vn 0.5442 0.0255 0.8385
vn 0.5442 -0.1354 0.8279
vn 0.5443 -0.1354 0.8279
vn 0.7370 -0.0000 0.6759
vn 0.5546 -0.0000 0.8321
vn -0.6544 -0.0072 0.7561
vn -0.0240 0.8377 0.5456
vn 0.7081 -0.7061 -0.0009
vn 0.6081 -0.7939 -0.0008
vn -0.6554 -0.0506 0.7536
vn 0.1830 0.2174 0.9588
vn 0.5443 0.1855 0.8181
vn 0.5443 0.0255 0.8385
vn -0.5679 -0.8231 0.0011
vn -0.7984 -0.6022 0.0008
vn -0.7984 -0.6021 0.0008
vn -0.7109 -0.7033 -0.0041
vn 0.6385 -0.1590 0.7530
vn 0.6077 -0.7941 -0.0008
vn -0.6554 -0.0505 0.7536
vn 0.0065 0.8338 0.5521
vn -0.1836 0.8196 0.5427
vn 0.0239 0.8426 0.5380
vn -0.9780 0.1715 0.1189
vn -0.9987 -0.0000 0.0515
vn -0.5453 0.6989 0.4628
vn -0.8235 0.4730 0.3132
vn 0.8372 0.4543 0.3045
vn 0.5656 0.6850 0.4592
vn -0.6797 0.0174 0.7333
vn 0.0252 0.1794 0.9835
vn -0.6556 -0.0058 0.7551
vn -0.0275 -0.3472 0.9374
vn 0.0242 -0.2715 0.9621
vn -0.6483 0.0054 0.7613
vn -0.0008 0.2728 0.9621
vn 0.0287 0.2210 0.9749
vn 0.1830 -0.3415 0.9219
vn 0.4827 0.0037 0.8758
vn 0.6760 -0.0000 0.7369
vn 0.5842 -0.0000 0.8116
vn 0.4902 0.0315 0.8710
vn 0.0321 0.8229 0.5673
vn 0.5849 -0.0000 0.8111
vn 0.6368 -0.0149 0.7709
vn -0.0568 -0.2893 0.9555
vn 0.6083 0.0100 0.7936
vn -0.1795 0.3615 0.9149
vn -0.4490 -0.8936 0.0011
vn 0.5741 -0.0736 0.8154
vn 0.5901 -0.0041 0.8073
vn 0.0340 -0.3080 0.9508
vn -0.4391 -0.0070 0.8984
vn -0.6165 0.1037 0.7805
vn -0.0241 0.8378 0.5455
vn 0.5443 -0.2913 0.7867
vn 0.5442 -0.2914 0.7867
vn -0.9781 0.1737 0.1150
vn 0.8254 0.0172 0.5643
vn 0.8254 -0.0911 0.5572
vn 0.8253 -0.0911 0.5572
vn 0.8372 0.4543 0.3046
vn -0.4052 -0.0000 0.9142
vn 0.9829 0.1530 0.1026
vn -0.5639 0.0021 0.8259
vn 0.0203 -0.3540 0.9350
vn 0.3370 -0.9415 -0.0023
vn 0.7096 -0.7046 0.0022
vn -0.5514 0.0361 0.8335
vn 0.0016 0.4037 0.9149
vn 0.1830 0.3969 0.8995
vn -0.5553 -0.0024 0.8316
vn 0.0362 0.3670 0.9295
vn -0.1184 -0.4399 0.8902
vn 0.0340 -0.3082 0.9507
vn -0.5637 0.0021 0.8260
vn 0.0203 -0.3472 0.9376
vn 0.0168 -0.3521 0.9358
vn 0.5904 -0.0042 0.8071
vn 0.5442 0.1855 0.8182
vn 0.8254 0.1248 0.5506
vn 0.4950 -0.0019 0.8689
vn -0.0642 0.7585 0.6485
vn 0.0343 0.8074 0.5891
vn 0.1831 -0.3414 0.9219
vn 0.3352 -0.9421 0.0005
vn 0.4496 -0.8932 -0.0000
vn -0.5512 0.0361 0.8336
vn 0.4945 -0.0019 0.8691
vn 0.0343 0.8074 0.5890
vn 0.3513 0.0227 0.9360
vn -0.3558 -0.1865 0.9158
vn -0.4095 -0.1085 0.9059
vn -0.5513 0.0361 0.8335
vn 0.1830 0.3968 0.8995
vn 0.5442 0.3386 0.7675
vn 0.5057 -0.0028 0.8627
vn -0.0411 0.3977 0.9166
vn -0.4585 0.0287 0.8882
vn -0.0099 0.8258 0.5639
vn -0.5199 -0.0002 0.8542
vn 0.3350 -0.9422 0.0011
vn 0.4500 -0.8931 0.0005
vn -0.4497 -0.8932 -0.0000
vn -0.2904 -0.9569 -0.0000
vn 0.5741 -0.0736 0.8155
vn 0.4804 0.0017 0.8771
vn -0.0963 -0.4447 0.8905
vn -0.1481 -0.9890 0.0009
vn -0.2897 -0.9571 -0.0008
vn 0.4492 -0.0094 0.8934
vn -0.5193 0.0263 0.8542
vn -0.4108 -0.0002 0.9117
vn 0.0362 0.3669 0.9296
vn -0.5308 -0.0236 0.8472
vn -0.0418 -0.5199 0.8532
vn 0.0978 -0.3888 0.9161
vn -0.4304 -0.0052 0.9026
vn 0.0502 -0.4377 0.8977
vn -0.4177 0.0043 0.9086
vn 0.0136 0.4155 0.9095
vn 0.3537 0.0064 0.9354
vn 0.3371 -0.0067 0.9415
vn 0.4056 -0.0001 0.9141
vn 0.3914 0.0042 0.9202
vn 0.0113 0.8172 0.5762
vn 0.8253 -0.1961 0.5295
vn 0.8254 -0.1961 0.5295
vn 0.9866 0.1384 0.0862
vn 0.0873 -0.9962 -0.0000
vn 0.1482 -0.9890 -0.0009
vn -0.0072 0.4301 0.9028
vn -0.0410 -0.4694 0.8821
vn 0.2805 0.0067 0.9598
vn 0.0057 0.7863 0.6178
vn 0.0313 0.7713 0.6357
vn -0.1447 -0.0000 0.9895
vn -0.3029 0.1635 0.9389
vn -0.0780 -0.9970 -0.0000
vn 0.3539 -0.0000 0.9353
vn -0.2548 -0.0000 0.9670
vn 0.5443 0.3386 0.7675
vn 0.8254 0.2279 0.5165
vn 0.2450 -0.0001 0.9695
vn 0.3440 0.0195 0.9388
vn -0.0072 0.4300 0.9028
vn 0.3294 -0.0177 0.9440
vn -0.0407 -0.4694 0.8820
vn -0.2913 0.0022 0.9566
vn 0.0270 -0.4726 0.8808
vn -0.2633 -0.0046 0.9647
vn -0.0041 0.8166 0.5771
vn 0.9760 0.0066 0.2175
vn 0.9760 -0.0351 0.2147
vn 0.9761 -0.0351 0.2147
vn -0.2733 -0.0023 0.9619
vn 0.0069 0.4509 0.8925
vn 0.1084 -0.0000 0.9941
vn 0.0870 -0.0000 0.9962
vn 0.9760 0.0481 0.2122
vn 0.1830 -0.5115 0.8396
vn 0.1831 -0.5115 0.8396
vn -0.1353 -0.0069 0.9908
vn -0.1820 -0.0006 0.9833
vn -0.1099 0.0111 0.9939
vn 0.1842 -0.0033 0.9829
vn 0.0040 0.8114 0.5844
vn 0.2050 0.0014 0.9788
vn -0.0007 0.4530 0.8915
vn 0.1840 -0.0033 0.9829
vn 0.0040 0.8114 0.5845
vn 0.1869 -0.0002 0.9824
vn -0.0169 -0.4895 0.8719
vn 0.0245 0.0261 0.9994
vn -0.2632 -0.0046 0.9647
vn -0.0041 0.8165 0.5773
vn -0.0600 -0.0000 0.9982
vn -0.1350 0.0180 0.9907
vn -0.0097 0.7856 0.6187
vn -0.0427 0.0081 0.9991
vn 0.0143 -0.5008 0.8654
vn 0.5442 -0.4365 0.7164
vn 0.5443 -0.4365 0.7164
vn 0.0053 0.4795 0.8775
vn 0.0628 -0.0036 0.9980
vn 0.0046 0.7829 0.6222
vn -0.0015 0.8029 0.5961
vn -0.0000 0.8059 0.5920
vn 0.0047 0.7828 0.6222
vn 0.0482 -0.0010 0.9988
vn -0.0001 0.4644 0.8856
vn -0.1093 0.0124 0.9939
vn -0.0005 -0.0006 1.0000
vn 0.0053 0.4794 0.8776
vn 0.0205 0.0002 0.9998
vn -0.0024 -0.5091 0.8607
vn -0.1330 -0.0172 0.9910
vn 0.0144 -0.5006 0.8656
vn 0.0060 -0.5239 0.8518
vn 0.0033 0.6405 0.7680
vn -0.0050 0.5839 0.8118
vn 0.0034 0.4035 0.9150
vn 0.1830 0.3967 0.8995
vn 0.9761 -0.0755 0.2040
vn 0.9760 -0.0756 0.2040
vn -0.0115 0.5713 0.8207
vn 0.1830 0.5616 0.8069
vn 0.5443 0.4792 0.6885
vn 0.8254 0.2279 0.5166
vn 0.9760 0.0878 0.1990
vn 0.8254 -0.2938 0.4822
vn 0.8253 -0.2938 0.4822
vn 1.0000 -0.0007 0.0059
vn 0.9974 0.0020 0.0726
vn 0.9904 0.0042 0.1384
vn 0.9999 -0.0026 0.0156
vn 1.0000 0.0010 0.0060
vn 0.9996 0.0059 0.0260
vn 1.0000 0.0010 0.0057
vn -0.1835 0.7471 0.6388
vn -0.1836 0.7471 0.6388
vn -0.5454 0.6371 0.5447
vn -0.5453 0.6371 0.5447
vn 0.8254 0.3225 0.4634
vn 0.0061 0.6326 0.7744
vn -0.0000 0.6897 0.7241
vn 0.2057 0.6750 0.7086
vn 0.0060 -0.5802 0.8145
vn 0.9829 0.1492 0.1074
vn -0.0000 -0.5204 0.8539
vn 0.1830 -0.5116 0.8395
vn 0.9999 -0.0042 0.0106
vn 0.9999 -0.0041 0.0110
vn 0.5620 0.5705 0.5989
vn 1.0000 0.0001 -0.0000
vn 1.0000 -0.0024 0.0061
vn 0.9760 -0.1132 0.1858
vn 0.9760 -0.1133 0.1859
vn -0.8235 0.4312 0.3686
vn 1.0000 0.0033 0.0076
vn 1.0000 0.0037 0.0083
vn 1.0000 0.0032 0.0073
vn 0.9760 0.0878 0.1991
vn 0.8348 0.3797 0.3987
vn -0.0000 -0.4640 0.8858
vn 0.1815 -0.4563 0.8711
vn -0.0030 0.4409 0.8975
vn 0.2057 0.4315 0.8784
vn 0.2046 -0.4772 0.8546
vn 0.5389 -0.3682 0.7576
vn 0.9760 0.1243 0.1786
vn 0.5632 -0.3607 0.7434
vn 0.5410 -0.3903 0.7450
vn -0.9781 0.1583 0.1354
vn -0.9781 0.1583 0.1353
vn -0.0030 0.4411 0.8975
vn 0.2057 0.4317 0.8783
vn 0.2057 0.4315 0.8783
vn 0.5620 0.3647 0.7423
vn 0.0061 0.2263 0.9740
vn -0.0000 -0.1602 0.9871
vn 0.2055 -0.1567 0.9660
vn 0.2055 -0.1568 0.9660
vn -0.0000 0.1515 0.9885
vn 0.2057 0.1483 0.9673
vn 0.2080 -0.0000 0.9781
vn 0.9829 0.1399 0.1196
vn 0.9844 0.1213 0.1274
vn 0.8348 0.3797 0.3986
vn 0.9982 -0.0315 0.0518
vn 0.5615 -0.1326 0.8168
vn 0.5614 -0.1326 0.8169
vn 0.8231 -0.2635 0.5030
vn 0.5623 0.1254 0.8174
vn 0.5621 0.1255 0.8175
vn 0.5621 0.3647 0.7423
vn 0.0064 0.7178 0.6962
vn 0.1830 0.7057 0.6845
vn 0.8348 0.2428 0.4941
vn 0.5667 -0.0000 0.8239
vn 0.5664 -0.0000 0.8242
vn 0.1829 0.7057 0.6845
vn 0.5443 0.6021 0.5841
vn 0.0057 0.7601 0.6497
vn -0.1834 0.7473 0.6387
vn 0.5664 -0.0000 0.8241
vn 0.5619 0.1254 0.8176
vn 0.5614 -0.1325 0.8169
vn -0.0086 0.6898 0.7239
vn 1.0000 0.0036 0.0083
vn 0.9998 0.0126 0.0180
vn 0.9999 -0.0074 0.0114
vn 0.8333 -0.2694 0.4828
vn 0.8345 -0.0883 0.5440
vn 0.8345 -0.0883 0.5439
vn 0.8348 0.0835 0.5442
vn 0.8348 0.0834 0.5442
vn 0.8348 0.2428 0.4942
vn 1.0000 0.0034 0.0044
vn 0.5442 0.6021 0.5841
vn 0.8253 0.4053 0.3931
vn 0.9751 -0.0912 0.2023
vn 0.0064 0.7178 0.6963
vn -0.0156 0.7796 0.6261
vn 0.8377 -0.0000 0.5461
vn 0.9751 -0.0911 0.2021
vn 0.9788 0.1179 0.1675
vn 0.9845 0.0774 0.1576
vn -0.0000 0.6750 0.7379
vn -0.1834 0.6635 0.7253
vn -0.1835 0.6635 0.7253
vn -0.5454 0.5657 0.6184
vn 0.8254 0.4052 0.3931
vn 0.9760 0.1562 0.1515
vn 0.8378 -0.0000 0.5460
vn 0.8348 0.0835 0.5441
vn 0.9823 -0.0933 0.1625
vn 0.9825 -0.0298 0.1837
vn 0.9791 0.0421 0.1990
vn 0.9792 0.0420 0.1987
vn 0.9826 0.0282 0.1837
vn 0.9999 -0.0063 0.0121
vn 0.9830 -0.0000 0.1838
vn -0.8235 0.3829 0.4186
vn 0.9783 0.1486 0.1445
vn 0.9761 0.1561 0.1515
vn -0.9781 0.1406 0.1537
vn 0.0068 0.8377 0.5461
vn 0.1830 0.8236 0.5368
vn 0.5443 0.7028 0.4581
vn 1.0000 0.0041 0.0032
vn 0.8254 0.4730 0.3083
vn -0.0000 0.4880 0.8729
vn -0.1814 0.4799 0.8584
vn -0.1812 0.4800 0.8583
vn 0.9761 0.1823 0.1188
vn -0.5404 0.4107 0.7343
vn -0.5406 0.4105 0.7343
vn -0.0000 0.1690 0.9856
vn -0.1814 0.1662 0.9693
vn -0.1839 -0.0000 0.9829
vn -0.0000 0.1305 0.9914
vn -0.2063 0.1277 0.9701
vn -0.2062 0.1277 0.9701
vn -0.2080 0.0016 0.9781
vn 0.0137 0.1736 0.9847
vn -0.8201 0.2792 0.4994
vn -0.5405 0.1422 0.8292
vn -0.5405 0.1422 0.8293
vn 0.9981 0.0519 0.0338
vn 0.9760 0.1823 0.1188
vn -0.5461 -0.0016 0.8377
vn -0.5632 0.1079 0.8193
vn -0.5663 -0.0011 0.8242
vn -0.0092 0.3827 0.9238
vn -0.2062 0.3745 0.9040
vn -0.5633 0.1078 0.8192
vn -0.5631 0.1079 0.8193
vn -0.5664 -0.0000 0.8241
vn -0.5460 -0.0011 0.8378
vn -0.0108 0.9187 0.3949
vn 0.0068 0.8377 0.5460
vn -0.5633 0.3162 0.7633
vn 0.0183 0.4999 0.8659
vn -0.8202 0.0967 0.5639
vn -0.8201 0.0968 0.5640
vn -0.2062 0.3744 0.9040
vn -0.9775 0.1029 0.1840
vn -0.8240 -0.0000 0.5666
vn -0.8355 0.0717 0.5448
vn -0.8377 0.0011 0.5462
vn -0.8355 0.0717 0.5447
vn -0.8355 0.2103 0.5076
vn -0.0092 0.6087 0.7933
vn -0.2062 0.5957 0.7763
vn -0.2063 0.5956 0.7763
vn -0.0033 0.9268 0.3756
vn 0.1830 0.9111 0.3693
vn -0.9775 0.0356 0.2078
vn -0.8202 0.0968 0.5638
vn -0.9775 0.0357 0.2078
vn -0.8241 0.0011 0.5665
vn -0.8356 0.0717 0.5446
vn -0.8378 0.0016 0.5460
vn 0.1829 0.9111 0.3693
vn 0.5443 0.7775 0.3151
vn -0.5633 0.5030 0.6555
vn -0.9781 -0.0016 0.2079
vn 0.8254 0.5232 0.2121
vn -0.9827 0.0242 0.1838
vn -0.9827 0.0242 0.1837
vn -0.9830 -0.0000 0.1838
vn 1.0000 0.0061 0.0027
vn -0.8355 0.3345 0.4359
vn -0.8356 0.3345 0.4359
vn -0.9827 0.0709 0.1712
vn -0.0000 0.1045 -0.9945
vn -0.0600 -0.0000 -0.9982
vn -0.0000 -0.1045 -0.9945
vn 0.8254 0.5233 0.2121
vn 0.9760 0.2016 0.0817
vn -0.0000 0.4068 -0.9135
vn -0.0000 -0.4068 -0.9135
vn 0.0137 0.7660 0.6427
vn -0.2063 0.5957 0.7763
vn 0.9999 0.0155 0.0063
vn -0.9827 0.1128 0.1470
vn -0.0000 0.7933 0.6088
vn -0.2063 0.7763 0.5957
vn -0.2064 0.7763 0.5957
vn -0.5633 0.6555 0.5030
vn -0.5632 0.6556 0.5030
vn -0.8356 0.4358 0.3345
vn -0.8355 0.4359 0.3345
vn -0.0000 0.7431 -0.6691
vn -0.0000 -0.7431 -0.6691
vn -0.9827 0.1470 0.1128
vn 0.0027 0.9815 0.1914
vn 0.1829 0.9650 0.1881
vn 0.5443 0.8234 0.1605
vn 0.8254 0.5542 0.1080
vn -0.0000 0.9239 0.3827
vn -0.2064 0.9040 0.3745
vn -0.2063 0.9040 0.3744
vn 0.0138 0.9396 0.3419
vn -0.0143 0.9908 0.1349
vn -0.5632 0.7634 0.3162
vn -0.5633 0.7634 0.3162
vn 0.8254 0.5542 0.1081
vn 0.9760 0.2135 0.0416
vn 0.9999 0.0103 0.0018
vn -0.8355 0.5076 0.2103
vn 1.0000 0.0068 0.0013
vn 0.9999 0.0106 0.0019
vn 0.9761 0.2135 0.0416
vn -0.9827 0.1712 0.0709
vn -0.0000 0.9511 -0.3090
vn -0.0000 -0.9510 -0.3090
vn -0.0000 -0.9510 -0.3091
vn -0.0092 0.9914 0.1305
vn -0.2063 0.9701 0.1277
vn -0.5630 0.8194 0.1078
vn -0.5632 0.8193 0.1078
vn -0.8356 0.5446 0.0717
vn -0.8355 0.5448 0.0717
vn -0.9827 0.1838 0.0242
vn -0.9827 0.1837 0.0242
vn 0.0079 1.0000 -0.0000
vn 0.1829 0.9831 -0.0000
vn 0.5443 0.8389 -0.0000
vn 0.0184 0.9998 -0.0000
vn 0.8254 0.5646 -0.0000
vn 0.9761 0.2175 -0.0000
vn 1.0000 0.0068 0.0012
vn 0.9990 0.0444 -0.0000
vn -0.2588 -0.0000 -0.9659
vn 0.2588 -0.0000 -0.9659
vn 0.7071 -0.0000 -0.7071
vn -0.7071 -0.0000 -0.7071
vn -0.0000 0.9945 0.1045
vn -0.0000 -0.9945 0.1045
vn 1.0000 0.0055 -0.0004
vn 0.9659 -0.0000 -0.2588
vn -0.9659 -0.0000 -0.2588
vn -0.2063 0.9701 -0.1277
vn -0.2062 0.9701 -0.1277
vn -0.5632 0.8193 -0.1079
vn -0.5633 0.8192 -0.1078
vn -0.8356 0.5447 -0.0717
vn -0.9827 0.1838 -0.0242
vn -0.9827 0.1837 -0.0242
vn -0.0143 0.9908 -0.1349
vn 0.9659 -0.0000 0.2588
vn -0.9659 -0.0000 0.2588
vn -0.8355 0.5447 -0.0717
vn -0.0092 0.9914 -0.1305
vn 0.7071 -0.0000 0.7071
vn -0.7071 -0.0000 0.7071
vn 0.2588 -0.0000 0.9659
vn -0.2588 -0.0000 0.9659
vn 0.9464 0.3171 -0.0618
vn 0.9761 0.2135 -0.0416
vn 0.8254 0.5542 -0.1081
vn 0.8254 0.5542 -0.1080
vn 0.5443 0.8234 -0.1605
vn 0.0138 0.9396 -0.3419
vn 0.1829 0.9650 -0.1881
vn 0.0027 0.9815 -0.1914
vn -0.9827 0.1712 -0.0709
vn -0.8355 0.5076 -0.2103
vn -0.5633 0.7634 -0.3162
vn -0.0000 0.8660 0.5000
vn -0.0000 -0.8660 0.5000
vn -0.5632 0.7634 -0.3163
vn -0.2063 0.9040 -0.3745
vn -0.0000 0.9239 -0.3827
vn -0.2064 0.9040 -0.3744
vn 1.0000 0.0053 -0.0017
vn -0.9827 0.1470 -0.1128
vn -0.8355 0.4359 -0.3345
vn 0.9989 0.0436 -0.0176
vn 0.9760 0.2016 -0.0817
vn -0.8356 0.4359 -0.3345
vn -0.5632 0.6556 -0.5031
vn 0.8254 0.5232 -0.2121
vn 0.8254 0.5233 -0.2121
vn -0.5633 0.6555 -0.5030
vn -0.2064 0.7763 -0.5957
vn -0.0033 0.9268 -0.3756
vn -0.0108 0.9187 -0.3949
vn -0.0000 0.7933 -0.6088
vn -0.2063 0.7763 -0.5957
vn 0.0137 0.7660 -0.6427
vn -0.9827 0.1128 -0.1470
vn 0.5443 0.7775 -0.3151
vn 0.1830 0.9111 -0.3693
vn 0.1829 0.9111 -0.3693
vn -0.0000 0.5878 0.8090
vn -0.0000 -0.5878 0.8090
vn -0.8356 0.3345 -0.4359
vn -0.9827 0.0709 -0.1712
vn -0.8355 0.3345 -0.4359
vn -0.5633 0.5030 -0.6555
vn 1.0000 0.0058 -0.0036
vn -0.2063 0.5957 -0.7763
vn -0.9827 0.0242 -0.1837
vn -0.0092 0.6087 -0.7933
vn -0.8355 0.2103 -0.5076
vn -0.9775 0.0357 -0.2078
vn -0.9781 -0.0000 -0.2079
vn -0.9830 -0.0018 -0.1838
vn -0.9827 0.0242 -0.1838
vn -0.0000 0.2079 0.9781
vn -0.0000 -0.2079 0.9781
vn 0.9999 0.0094 -0.0061
vn 0.9761 0.1822 -0.1188
vn 0.9760 0.1823 -0.1188
vn -0.9775 0.1029 -0.1840
vn -0.2062 0.5957 -0.7763
vn 0.0183 0.4999 -0.8659
vn 0.8254 0.4730 -0.3083
vn -0.8356 0.0717 -0.5446
vn -0.8358 0.0716 -0.5444
vn -0.5633 0.3162 -0.7634
vn -0.8378 0.0011 -0.5460
vn -0.8241 0.0018 -0.5665
vn 0.5443 0.7028 -0.4581
vn -0.8202 0.0968 -0.5638
vn -0.9781 0.1406 -0.1537
vn -0.5633 0.3162 -0.7633
vn -0.2062 0.3745 -0.9040
vn 0.1830 0.8236 -0.5368
vn 0.1830 0.8236 -0.5369
vn -0.8377 -0.0000 -0.5462
vn -0.8240 0.0011 -0.5666
vn -0.8355 0.0717 -0.5448
vn -0.8202 0.0967 -0.5639
vn -0.8201 0.0968 -0.5640
vn -0.8201 0.2792 -0.4994
vn 0.0068 0.8377 -0.5460
vn -0.0092 0.3827 -0.9238
vn -0.2062 0.3744 -0.9040
vn -0.5631 0.1079 -0.8193
vn -0.5633 0.1078 -0.8192
vn -0.5405 0.1422 -0.8293
vn -0.5460 -0.0000 -0.8378
vn -0.5664 -0.0011 -0.8241
vn -0.8235 0.3829 -0.4186
vn -0.5405 0.4106 -0.7344
vn 0.0137 0.1736 -0.9847
vn -0.5632 0.1079 -0.8193
vn -0.2062 0.1277 -0.9701
vn 0.0068 0.8377 -0.5461
vn -0.0156 0.7796 -0.6261
vn -0.5405 0.1422 -0.8292
vn -0.5461 -0.0011 -0.8377
vn -0.5667 -0.0018 -0.8239
vn -0.0000 0.1305 -0.9914
vn -0.2063 0.1277 -0.9701
vn -0.2080 -0.0000 -0.9781
vn -0.1839 0.0018 -0.9829
vn 0.9999 0.0094 -0.0059
vn -0.1814 0.1662 -0.9693
vn 0.9999 0.0112 -0.0104
vn 0.9990 0.0326 -0.0317
vn 0.9760 0.1562 -0.1515
vn 0.9761 0.1561 -0.1515
vn -0.1814 0.4800 -0.8583
vn -0.5404 0.4104 -0.7346
vn -0.5454 0.5657 -0.6184
vn -0.0000 0.1690 -0.9856
vn -0.0000 0.4880 -0.8729
vn -0.1812 0.4799 -0.8584
vn -0.1835 0.6635 -0.7253
vn 0.8254 0.4053 -0.3931
vn -0.0000 0.6750 -0.7379
vn -0.1834 0.6635 -0.7253
vn -0.0086 0.6898 -0.7239
vn -0.9781 0.1583 -0.1353
vn 0.5443 0.6021 -0.5841
vn 0.5442 0.6022 -0.5841
vn 0.9829 0.0091 -0.1838
vn 0.9830 -0.0000 -0.1838
vn 0.9825 -0.0298 -0.1837
vn 0.9788 0.0605 -0.1957
vn 0.9844 0.0267 -0.1739
vn 0.1829 0.7057 -0.6845
vn 1.0000 0.0039 -0.0055
vn 0.0064 0.7178 -0.6963
vn 0.9825 -0.0864 -0.1649
vn 0.9825 -0.0864 -0.1650
vn -0.8235 0.4312 -0.3686
vn -0.9781 0.1583 -0.1354
vn 1.0000 0.0053 -0.0075
vn 0.9760 0.1243 -0.1786
vn 0.9791 0.1317 -0.1547
vn 0.9845 0.0774 -0.1576
vn -0.5454 0.6371 -0.5447
vn 0.8348 0.0835 -0.5441
vn 0.8378 -0.0000 -0.5460
vn 0.8345 -0.0883 -0.5439
vn 0.9792 0.1316 -0.1547
vn 0.9829 -0.0994 -0.1550
vn 1.0000 -0.0031 -0.0054
vn 0.9825 -0.0864 -0.1648
vn 0.9829 -0.0995 -0.1551
vn 0.8348 0.0835 -0.5442
vn 0.8348 0.2428 -0.4942
vn 0.8345 -0.0883 -0.5440
vn 0.8345 -0.2558 -0.4881
vn 0.8344 -0.2557 -0.4882
vn 0.8348 0.0834 -0.5442
vn 0.8377 -0.0000 -0.5461
vn 0.8254 0.3225 -0.4634
vn -0.1834 0.7473 -0.6387
vn -0.1835 0.7471 -0.6388
vn -0.5453 0.6371 -0.5447
vn 0.0057 0.7601 -0.6497
vn 0.9826 0.1282 -0.1346
vn 0.8348 0.3798 -0.3986
vn 0.8348 0.3797 -0.3986
vn 0.8369 -0.2904 -0.4640
vn 0.9762 -0.1077 -0.1885
vn 0.0064 0.7178 -0.6962
vn 0.1830 0.7057 -0.6845
vn 0.5619 0.1254 -0.8176
vn 0.5664 -0.0000 -0.8241
vn 0.5614 -0.1325 -0.8169
vn 0.8344 -0.2558 -0.4882
vn 0.8368 -0.2905 -0.4641
vn -0.0050 0.5839 -0.8118
vn -0.0115 0.5713 -0.8207
vn 0.5443 0.4792 -0.6885
vn 0.5620 0.3648 -0.7423
vn 0.5621 0.3647 -0.7423
vn 0.5621 0.1255 -0.8175
vn 0.5615 -0.1326 -0.8168
vn 0.5615 -0.3840 -0.7330
vn 0.9829 0.1492 -0.1074
vn 1.0000 0.0052 -0.0072
vn 0.9998 0.0084 -0.0191
vn 0.9760 0.0878 -0.1991
vn 1.0000 0.0023 -0.0059
vn -0.0083 0.7856 -0.6187
vn 0.0079 0.7818 -0.6235
vn 0.0057 0.7826 -0.6225
vn 0.5623 0.1254 -0.8174
vn 0.5668 -0.0000 -0.8239
vn 0.5665 -0.0000 -0.8241
vn 0.5614 -0.1326 -0.8169
vn 0.0074 0.7845 -0.6201
vn 0.0199 0.7973 -0.6033
vn 0.0374 0.8091 -0.5865
vn 0.0378 0.8092 -0.5863
vn -0.0718 0.7581 -0.6482
vn -0.9781 0.1737 -0.1150
vn 0.1830 0.5616 -0.8069
vn 0.2057 0.1483 -0.9673
vn 0.2057 0.1484 -0.9673
vn 0.2080 -0.0000 -0.9781
vn 0.2055 -0.1567 -0.9660
vn 0.5620 0.5705 -0.5989
vn 0.2057 0.4314 -0.8784
vn 0.2057 0.4315 -0.8783
vn 0.5616 -0.3841 -0.7329
vn 0.5648 -0.4294 -0.7047
vn 0.8254 -0.2938 -0.4821
vn 0.2054 -0.4542 -0.8669
vn 0.2055 -0.4542 -0.8669
vn 0.2055 -0.1568 -0.9660
vn 0.9971 -0.0264 -0.0713
vn 0.9760 -0.0756 -0.2040
vn 0.9850 0.1435 -0.0962
vn 0.8372 0.4543 -0.3046
vn 0.0061 0.2263 -0.9740
vn -0.0000 0.1515 -0.9885
vn -0.0000 -0.1602 -0.9871
vn -0.0030 0.4411 -0.8975
vn -0.0000 -0.4640 -0.8858
vn 0.2055 -0.4541 -0.8669
vn 1.0000 -0.0014 -0.0050
vn 0.0061 0.6326 -0.7744
vn -0.0030 0.4409 -0.8975
vn 0.2057 0.6750 -0.7086
vn 0.2057 0.4315 -0.8784
vn -0.9782 0.1733 -0.1148
vn -0.8235 0.4730 -0.3132
vn 0.2073 -0.5153 -0.8316
vn 0.5445 -0.4302 -0.7200
vn 0.2011 -0.5159 -0.8327
vn 0.2071 -0.5091 -0.8354
vn 0.8254 0.2279 -0.5165
vn 0.8254 0.2279 -0.5166
vn -0.0000 0.6897 -0.7241
vn -0.0000 -0.5802 -0.8145
vn 0.0060 -0.5204 -0.8539
vn 0.8370 0.4545 -0.3046
vn 0.5656 0.6850 -0.4592
vn 0.5657 0.6850 -0.4592
vn 0.8372 0.4543 -0.3045
vn 0.9961 0.0195 -0.0860
vn 0.9760 0.0481 -0.2122
vn -0.5453 0.6989 -0.4627
vn -0.5454 0.6989 -0.4627
vn 0.8254 -0.1961 -0.5294
vn 0.9761 -0.0756 -0.2040
vn 1.0000 0.0006 -0.0050
vn 0.2075 0.8126 -0.5447
vn 0.2073 0.8126 -0.5447
vn 0.9833 -0.0293 -0.1798
vn 0.9761 -0.0351 -0.2147
vn 0.0125 -0.5052 -0.8629
vn 0.0126 -0.5052 -0.8629
vn 0.0252 -0.4762 -0.8790
vn 0.0472 -0.4412 -0.8962
vn -0.0333 -0.5200 -0.8535
vn 0.0060 -0.5240 -0.8517
vn 0.1831 -0.5115 -0.8395
vn 0.9829 0.1561 -0.0972
vn -0.0050 -0.5053 -0.8629
vn 0.0342 -0.4427 -0.8960
vn -0.3064 -0.3962 -0.8655
vn -0.1140 -0.4382 -0.8916
vn -0.0450 -0.4667 -0.8832
vn -0.0448 -0.4669 -0.8832
vn -0.0188 -0.4874 -0.8730
vn -0.0000 0.8051 -0.5931
vn 0.0023 0.8092 -0.5875
vn 0.0077 0.8150 -0.5794
vn 0.0079 0.8151 -0.5793
vn 0.0219 0.8212 -0.5703
vn 0.0471 0.8224 -0.5670
vn -0.0119 0.8282 -0.5603
vn -0.0049 0.8182 -0.5749
vn -0.0020 0.8113 -0.5847
vn -0.0019 0.8112 -0.5848
vn -0.0003 0.8306 -0.5568
vn -0.0302 0.8412 -0.5398
vn -0.0120 0.8282 -0.5603
vn 0.5442 0.3387 -0.7675
vn 0.5443 0.3386 -0.7675
vn -0.1836 0.8196 -0.5427
vn -0.1835 0.8196 -0.5427
vn -0.5452 0.6990 -0.4627
vn 1.0000 -0.0006 -0.0090
vn 0.0131 0.8337 -0.5520
vn 0.9951 0.0030 -0.0985
vn 0.9760 0.0066 -0.2175
vn 0.9760 -0.0351 -0.2147
vn 0.5442 -0.2914 -0.7867
vn 0.8253 -0.1961 -0.5295
vn 0.8254 0.1248 -0.5506
vn 0.1830 0.3968 -0.8995
vn 0.1830 0.3970 -0.8994
vn 0.0034 0.4035 -0.9150
vn 0.8253 -0.0911 -0.5572
vn 0.0388 0.3628 -0.9311
vn 0.0176 0.4036 -0.9148
vn 0.0151 0.4116 -0.9113
vn 0.0073 0.4472 -0.8944
vn 0.0054 0.4752 -0.8799
vn 0.0054 0.4750 -0.8800
vn 0.0033 0.6066 -0.7950
vn 0.1830 0.3969 -0.8995
vn -0.0000 0.4651 -0.8853
vn -0.0005 0.4547 -0.8907
vn -0.0058 0.4333 -0.9012
vn -0.0059 0.4331 -0.9013
vn -0.0312 0.4051 -0.9137
vn -0.1258 0.3714 -0.9199
vn -0.3072 0.3497 -0.8851
vn -0.1057 -0.0034 -0.9944
vn 0.1010 0.0111 -0.9948
vn -0.1168 -0.0000 -0.9932
vn 0.1023 -0.0043 -0.9947
vn -0.0752 0.0101 -0.9971
vn 0.0480 0.0010 -0.9988
vn -0.1097 -0.0124 -0.9939
vn 0.0199 -0.0002 -0.9998
vn -0.1337 0.0173 -0.9909
vn -0.1365 0.0068 -0.9906
vn -0.0005 0.0006 -1.0000
vn -0.1822 0.0006 -0.9833
vn 0.3287 0.0175 -0.9443
vn 0.1860 0.0002 -0.9826
vn 0.2450 0.0001 -0.9695
vn 0.3441 -0.0195 -0.9387
vn 0.2047 -0.0014 -0.9788
vn 0.1025 -0.0043 -0.9947
vn -0.1445 0.0564 -0.9879
vn 0.3514 -0.0036 -0.9362
vn 0.5034 0.0617 -0.8619
vn 0.3152 0.0121 -0.9490
vn -0.1059 -0.0034 -0.9944
vn -0.3021 0.0105 -0.9532
vn -0.3513 0.0223 -0.9360
vn 0.1447 -0.0021 -0.9895
vn 0.3025 0.0575 -0.9514
vn -0.1101 -0.0111 -0.9939
vn -0.4052 -0.0000 -0.9142
vn 0.0870 -0.0000 -0.9962
vn -0.0870 -0.0000 -0.9962
vn 0.4052 -0.0000 -0.9142
vn -0.2736 0.0023 -0.9618
vn 0.1831 -0.3414 -0.9219
vn 0.5443 -0.2914 -0.7867
vn -0.2918 -0.0022 -0.9565
vn -0.3071 -0.0000 -0.9517
vn -0.5193 -0.0263 -0.8542
vn -0.4179 -0.0043 -0.9085
vn -0.4308 0.0052 -0.9024
vn -0.5310 0.0236 -0.8470
vn -0.4108 0.0002 -0.9117
vn 0.0149 -0.3567 -0.9341
vn 0.0181 -0.3472 -0.9376
vn 0.1829 -0.3414 -0.9219
vn 0.8254 0.0172 -0.5643
vn 0.3539 -0.0000 -0.9353
vn -0.3539 -0.0000 -0.9353
vn 0.4145 -0.0059 -0.9100
vn 0.5120 -0.0350 -0.8583
vn 0.5123 -0.0352 -0.8581
vn 0.6091 -0.1101 -0.7854
vn 0.6484 -0.1865 -0.7381
vn 0.5574 -0.0176 -0.8301
vn -0.5741 -0.0736 -0.8154
vn -0.5742 -0.0737 -0.8154
vn -0.4492 -0.0094 -0.8934
vn -0.5574 0.0082 -0.8302
vn -0.6384 -0.1587 -0.7532
vn -0.6385 -0.1590 -0.7530
vn 0.8254 -0.0911 -0.5572
vn 0.3345 0.0090 -0.9423
vn 0.4062 0.0001 -0.9138
vn 0.3543 -0.0049 -0.9351
vn 0.5443 0.1855 -0.8181
vn 0.5442 0.1855 -0.8182
vn -0.6047 -0.0000 -0.7965
vn 0.6339 0.0325 -0.7727
vn 0.5161 0.0030 -0.8565
vn 0.3149 -0.0021 -0.9491
vn 0.6047 -0.0000 -0.7965
vn 0.7215 0.1681 -0.6717
vn 0.5389 -0.0000 -0.8424
vn -0.5077 -0.0028 -0.8615
vn 0.4803 -0.0022 -0.8771
vn 0.5049 0.0021 -0.8632
vn -0.9960 -0.0000 -0.0893
vn -0.9911 -0.0065 -0.1331
vn 0.9911 -0.0053 -0.1331
vn 0.9819 -0.0115 -0.1889
vn 0.9987 -0.0000 -0.0513
vn -0.9765 0.1506 -0.1544
vn -0.9748 0.1640 -0.1513
vn 0.9827 0.1488 -0.1099
vn 0.5443 -0.1354 -0.8279
vn 0.6118 -0.0076 -0.7910
vn 0.5881 0.0053 -0.8088
vn 0.6120 -0.0076 -0.7908
vn 0.5851 -0.0000 -0.8110
vn 0.6289 0.0188 -0.7773
vn -0.5644 -0.0025 -0.8255
vn -0.5217 0.0002 -0.8532
vn -0.0007 0.3439 -0.9390
vn -0.5550 0.0020 -0.8318
vn 0.0216 -0.3600 -0.9327
vn -0.6540 0.0065 -0.7564
vn -0.6806 0.0177 -0.7324
vn -0.6805 0.0177 -0.7326
vn -0.6754 0.0109 -0.7374
vn -0.6805 -0.0112 -0.7327
vn -0.6805 -0.0111 -0.7327
vn -0.6860 -0.0154 -0.7274
vn -0.6498 -0.0045 -0.7601
vn -0.5549 0.0020 -0.8319
vn 0.1829 0.2174 -0.9588
vn 0.1830 0.2173 -0.9588
vn 0.7033 0.0060 -0.7108
vn 0.7597 0.0265 -0.6498
vn 0.7034 0.0060 -0.7107
vn 0.5237 -0.0036 -0.8519
vn -0.6957 0.0042 -0.7183
vn -0.8295 0.0544 -0.5558
vn -0.7598 0.0228 -0.6498
vn 0.0217 -0.3472 -0.9375
vn 0.1830 -0.3415 -0.9219
vn 0.5442 0.0255 -0.8385
vn 0.5443 0.0255 -0.8385
vn 0.0346 -0.2896 -0.9565
vn -0.0053 -0.2714 -0.9624
vn 0.0292 0.2209 -0.9748
vn 0.0010 0.2652 -0.9642
vn 0.0062 0.8539 -0.5203
vn 0.9671 0.1760 -0.1838
vn 0.8376 0.4637 -0.2887
vn -0.7965 -0.0000 -0.6047
vn 0.7965 -0.0000 -0.6047
vn 0.8376 0.4638 -0.2887
vn 0.5442 -0.1354 -0.8279
vn -0.8235 0.4726 -0.3139
vn 0.1830 -0.1587 -0.9702
vn 0.0143 -0.1614 -0.9868
vn 0.1829 -0.1587 -0.9702
vn -0.0087 0.2211 -0.9752
vn 0.0282 0.1711 -0.9849
vn 0.0345 -0.1808 -0.9829
vn -0.5460 0.7133 -0.4394
vn -0.7760 0.4971 -0.3882
vn -0.7826 0.4914 -0.3823
vn 0.5663 0.6990 -0.4366
vn 0.7790 0.4960 -0.3836
vn 0.9639 0.1245 -0.2352
vn 0.0062 0.8538 -0.5206
vn -0.0007 0.8337 -0.5522
vn -0.1835 0.8196 -0.5428
vn 0.7747 0.0055 -0.6323
vn 0.1830 0.0299 -0.9827
vn 0.1829 0.0299 -0.9827
vn 0.1830 0.0296 -0.9827
vn 0.8157 -0.0246 -0.5780
vn 0.8171 -0.0268 -0.5759
vn 0.7745 0.0055 -0.6326
vn -0.8183 -0.0315 -0.5739
vn -0.8159 -0.0127 -0.5781
vn -0.8060 -0.0114 -0.5918
vn -0.7311 0.0085 -0.6822
vn 0.0300 0.0304 -0.9991
vn 0.0055 0.0565 -0.9984
vn -0.0487 0.0304 -0.9984
vn -0.0044 -0.0617 -0.9981
vn 0.2078 0.8596 -0.4668
vn 0.5023 0.7252 -0.4709
vn 0.1724 0.8684 -0.4649
vn 0.2080 0.8503 -0.4834
vn 0.2080 0.8504 -0.4832
vn -0.5455 0.7023 -0.4574
vn -0.5043 0.7287 -0.4633
vn -0.1696 0.8634 -0.4752
vn -0.1838 0.8564 -0.4826
vn 0.9640 0.1246 -0.2350
vn 0.9812 0.0013 -0.1932
vn 0.0001 0.8763 -0.4817
vn 0.0003 0.8779 -0.4789
vn 0.0004 0.8780 -0.4786
vn 0.0117 0.8850 -0.4654
vn -0.0011 0.8844 -0.4668
vn 0.8537 -0.0027 -0.5208
vn -0.9142 -0.0000 -0.4052
vn 0.9142 -0.0000 -0.4052
vn -0.8445 -0.0001 -0.5356
vn -0.0012 0.8761 -0.4821
vn -0.0118 0.8850 -0.4655
vn -0.0010 0.8758 -0.4826
vn -0.9426 0.1577 -0.2942
vn -0.9429 0.1338 -0.3049
vn -0.9642 0.0033 -0.2653
vn 0.9409 0.1635 -0.2966
vn 0.7817 0.4893 -0.3867
vn 0.8238 -0.0191 -0.5666
vn -0.7616 -0.0735 -0.6439
vn 0.9925 0.0603 -0.1059
vn 0.9794 0.0064 -0.2019
vn 0.9524 0.0033 -0.3047
vn 0.8535 -0.0027 -0.5210
vn -0.9450 0.0002 -0.3270
vn -0.9917 0.0545 -0.1163
vn -0.9794 0.0064 -0.2019
vn -0.8444 -0.0001 -0.5357
vn 0.0022 0.8982 -0.4395
vn -0.0074 0.9012 -0.4334
vn 0.0118 0.8850 -0.4654
vn -0.9429 0.1336 -0.3050
vn -0.9642 0.0033 -0.2651
vn 0.9492 0.1861 -0.2539
vn 0.9811 0.0013 -0.1933
vn -0.9642 0.0033 -0.2652
vn -0.9043 -0.0100 -0.4268
vn -0.9044 -0.0099 -0.4266
vn -0.8206 -0.0494 -0.5694
vn -0.9048 -0.0057 -0.4258
vn 0.9341 -0.0014 -0.3569
vn 0.9048 -0.0042 -0.4258
vn 0.8647 -0.0268 -0.5016
vn 0.9811 0.0013 -0.1934
vn -0.9429 0.1337 -0.3050
vn 0.9491 0.1858 -0.2545
vn -0.9517 -0.0000 -0.3071
vn 0.9895 -0.0000 -0.1447
vn 0.9389 -0.1635 -0.3029
vn -0.9879 -0.0564 -0.1445
vn 0.9034 0.1363 -0.4065
vn 0.9030 0.1605 -0.3985
vn 0.7396 0.4836 -0.4681
vn 0.7526 0.4382 -0.4914
vn -0.8924 0.1746 -0.4160
vn -0.7611 0.4522 -0.4650
vn 0.0231 0.8825 -0.4698
vn 0.1678 0.8601 -0.4817
vn -0.1678 0.8601 -0.4817
vn 0.4955 0.7132 -0.4958
vn -0.4955 0.7132 -0.4958
vn -0.7291 0.4723 -0.4953
vn 0.4402 0.7253 -0.5293
vn 0.1460 0.8817 -0.4486
vn 0.1687 0.8661 -0.4705
vn -0.4383 0.7267 -0.5290
vn -0.4426 0.7247 -0.5281
vn -0.1696 0.8733 -0.4568
vn 0.0205 0.9196 -0.3924
vn -0.1392 0.8772 -0.4595
vn -0.0155 0.9186 -0.3948
vn -0.8812 0.1205 -0.4570
vn -0.0000 -0.9998 0.0183
vn -0.1305 -0.9914 -0.0092
vn -0.3420 -0.9396 0.0137
vn 0.3420 -0.9396 0.0137
vn 0.1305 -0.9914 -0.0092
vn -0.3827 -0.9239 -0.0000
vn -0.6088 -0.7933 -0.0000
vn -0.6427 -0.7660 0.0137
vn 0.6427 -0.7660 0.0137
vn 0.6088 -0.7933 -0.0000
vn 0.3827 -0.9239 -0.0000
vn -0.7933 -0.6087 -0.0092
vn -0.7933 -0.6088 -0.0092
vn -0.8659 -0.4999 0.0183
vn 0.8659 -0.4999 0.0183
vn 0.7933 -0.6088 -0.0092
vn 0.7933 -0.6087 -0.0092
vn -0.9239 -0.3826 -0.0092
vn -0.9238 -0.3827 -0.0092
vn -0.9847 -0.1736 0.0137
vn 0.9847 -0.1736 0.0137
vn 0.9238 -0.3827 -0.0092
vn 0.9239 -0.3826 -0.0092
vn 0.9982 -0.0000 -0.0600
vn -0.9914 -0.1305 -0.0000
vn 0.9914 -0.1305 -0.0000
vn 0.0001 -0.0000 1.0000
vn -0.9856 -0.1690 -0.0000
vn 0.9856 -0.1690 -0.0000
vn -0.8729 -0.4880 -0.0000
vn 0.8729 -0.4880 -0.0000
vn -0.7379 -0.6750 -0.0000
vn -0.7239 -0.6898 -0.0086
vn 0.7239 -0.6898 -0.0086
vn 0.7379 -0.6750 -0.0000
vn -0.6187 -0.7856 -0.0082
vn -0.6235 -0.7818 0.0080
vn -0.6497 -0.7601 0.0057
vn -0.6225 -0.7826 0.0057
vn 0.6187 -0.7856 -0.0097
vn 0.6497 -0.7601 0.0057
vn 0.6223 -0.7828 0.0048
vn 0.6178 -0.7863 0.0057
vn 0.6357 -0.7713 0.0313
vn 0.6222 -0.7829 0.0046
vn -0.9932 -0.0000 -0.1168
vn 0.9907 -0.0180 -0.1350
vn -0.9971 -0.0101 -0.0752
vn -0.0159 0.9186 -0.3949
vn 0.0205 0.9195 -0.3925
vn -0.8813 0.1207 -0.4568
vn -0.9962 -0.0000 0.0870
vn 0.9962 -0.0000 0.0870
vn -0.8304 0.1778 -0.5280
vn -0.7061 0.4487 -0.5478
vn 0.8375 0.1535 -0.5244
vn 0.6867 0.4786 -0.5472
vn 0.6947 0.4377 -0.5709
vn 0.8357 0.1343 -0.5325
vn -0.6735 0.4703 -0.5703
vn 0.4392 0.7274 -0.5272
vn 0.9980 0.0036 0.0628
vn -0.0565 0.9250 -0.3757
vn 0.1515 0.8853 -0.4396
vn -0.1390 0.8770 -0.4598
vn -0.9911 -0.0000 -0.1331
vn 0.9911 -0.0000 -0.1331
vn -0.9906 -0.0000 -0.1368
vn 0.9877 -0.0000 -0.1564
vn 0.9903 0.0133 -0.1384
vn -0.9876 0.0118 -0.1564
vn -0.9947 0.0043 0.1023
vn -0.7918 0.1242 -0.5981
vn 0.9920 -0.0024 0.1262
vn -0.1451 0.8935 -0.4251
vn -0.9990 -0.0002 0.0442
vn 0.1584 0.8782 -0.4513
vn 0.4035 0.7038 -0.5847
vn 0.1525 0.9124 -0.3797
vn -0.1448 0.8849 -0.4427
vn -0.3845 0.7216 -0.5758
vn -0.4143 0.7110 -0.5681
vn 0.8356 0.1347 -0.5326
vn 0.8614 0.0005 -0.5079
vn -0.7918 0.1242 -0.5980
vn -0.8147 0.0034 -0.5799
vn -0.1859 0.8852 -0.4264
vn 0.8886 0.1298 0.4400
vn 0.9550 -0.0096 0.2963
vn 0.9498 0.0411 0.3102
vn 0.9499 0.0410 0.3099
vn -0.9834 0.0024 0.1813
vn -0.9835 0.0023 0.1812
vn -0.9283 0.0691 0.3654
vn -0.9284 0.0690 0.3652
vn -0.8742 0.1562 0.4598
vn -0.9551 0.0033 0.2964
vn 0.1441 0.8776 -0.4571
vn 0.3971 0.7271 -0.5601
vn 0.6257 0.4383 -0.6453
vn -0.6388 0.4473 -0.6260
vn -0.6077 0.4689 -0.6409
vn 0.8356 0.1346 -0.5325
vn 0.7555 0.1720 -0.6322
vn 0.6223 0.4753 -0.6220
vn -0.7661 0.1336 -0.6287
vn -0.6201 -0.7845 0.0074
vn -0.9947 0.0043 0.1025
vn -0.9362 0.0036 0.3514
vn -0.8619 -0.0617 0.5034
vn -0.9490 -0.0121 0.3152
vn 0.9360 -0.0227 0.3513
vn 0.9598 -0.0067 0.2805
vn -0.7774 0.1786 -0.6031
vn 0.8614 0.0005 -0.5078
vn -0.7007 -0.0117 -0.7133
vn -0.7006 -0.0117 -0.7134
vn -0.7071 -0.0093 -0.7071
vn 0.6393 -0.0300 -0.7684
vn 0.7071 -0.0090 -0.7071
vn 0.7607 -0.0006 -0.6491
vn 0.7608 -0.0005 -0.6490
vn 0.7390 0.1199 -0.6629
vn -0.2363 0.7934 -0.5610
vn -0.3331 0.6976 -0.6344
vn 0.1439 0.8777 -0.4571
vn 0.3615 0.7115 -0.6026
vn -0.6033 -0.7973 0.0199
vn -0.3398 0.7365 -0.5849
vn -0.5593 0.4473 -0.6979
vn -0.5315 0.4681 -0.7060
vn 0.3503 0.7252 -0.5928
vn 0.3599 0.6905 -0.6274
vn 0.5454 0.4410 -0.7128
vn 0.6814 0.0948 -0.7258
vn 0.7022 0.2501 -0.6666
vn -0.6727 0.1349 -0.7275
vn -0.6739 0.1416 -0.7252
vn 0.5462 0.4723 -0.6918
vn -0.3670 0.7341 -0.5713
vn -0.9100 0.0059 0.4145
vn -0.8583 0.0350 0.5120
vn -0.8581 0.0352 0.5123
vn -0.7854 0.1101 0.6091
vn -0.7382 0.1866 0.6483
vn -0.8301 0.0176 0.5574
vn -0.9353 -0.0000 0.3539
vn 0.8154 0.0736 0.5741
vn 0.8152 0.0739 0.5745
vn 0.8934 0.0094 0.4492
vn 0.9353 -0.0000 0.3539
vn 0.8302 -0.0082 0.5574
vn 0.7531 0.1589 0.6384
vn 0.7530 0.1590 0.6385
vn 0.3164 0.7146 -0.6239
vn 0.6175 0.1166 -0.7779
vn -0.0000 0.9970 -0.0780
vn 0.0009 0.9889 -0.1484
vn 0.5890 -0.8074 0.0343
vn 0.8691 0.0019 0.4945
vn -0.4294 0.4358 -0.7910
vn -0.3639 0.5733 -0.7341
vn 0.4627 0.4327 -0.7737
vn 0.4626 0.4328 -0.7737
vn 0.4569 0.4451 -0.7701
vn -0.5865 -0.8091 0.0375
vn -0.9411 -0.0000 -0.3381
vn 0.9404 0.0380 -0.3379
vn 0.9048 -0.0000 -0.4258
vn -0.9047 0.0172 -0.4257
vn 0.5708 0.1025 -0.8147
vn 0.5961 0.2101 -0.7749
vn 0.6359 0.0009 -0.7717
vn -0.6737 0.1416 -0.7253
vn -0.4480 0.4933 -0.7457
vn -0.4509 0.5101 -0.7325
vn -0.5574 0.1663 -0.8134
vn 0.4569 0.4745 -0.7524
vn 0.4555 0.4387 -0.7746
vn -0.9241 -0.0084 -0.3821
vn 0.9239 -0.0084 -0.3824
vn -0.0008 0.9571 -0.2897
vn -0.5390 0.1195 -0.8338
vn -0.5556 0.0039 -0.8315
vn -0.9101 -0.0084 -0.4142
vn -0.9223 0.0060 -0.3865
vn 0.9223 0.0060 -0.3865
vn 0.9101 -0.0084 -0.4142
vn -0.8141 -0.0028 0.5807
vn -0.0000 0.8933 -0.4495
vn 0.8444 -0.0100 0.5356
vn -0.4740 0.4917 -0.7305
vn -0.8139 -0.0028 0.5810
vn 0.7782 -0.0000 0.6280
vn 0.7766 0.0024 0.6300
vn 0.7635 0.0232 0.6454
vn 0.7688 0.0197 0.6392
vn 0.8443 -0.0099 0.5358
vn -0.7605 0.0267 0.6488
vn -0.8140 -0.0029 0.5808
vn -0.7604 0.0268 0.6489
vn -0.7638 0.0232 0.6450
vn -0.7782 -0.0000 0.6280
vn -0.0000 0.9570 -0.2901
vn 0.0011 0.8935 -0.4490
vn -0.5389 0.1194 -0.8339
vn -0.5554 0.0039 -0.8316
vn -0.4739 0.4915 -0.7307
vn 0.4198 0.4668 -0.7784
vn 0.5961 0.2101 -0.7750
vn 0.6358 0.0009 -0.7718
vn -0.5555 0.0039 -0.8315
vn -0.4595 -0.0089 -0.8881
vn -0.4257 -0.0172 -0.9047
vn 0.4903 -0.0010 -0.8716
vn 0.4910 -0.0010 -0.8711
vn 0.3379 -0.0380 -0.9404
vn 0.4258 -0.0000 -0.9048
vn 0.4745 0.1227 -0.8717
vn -0.5863 -0.8092 0.0378
vn -0.8519 0.0036 0.5237
vn 0.8691 0.0019 0.4946
vn -0.7108 -0.0060 0.7033
vn -0.6498 -0.0265 0.7597
vn -0.7107 -0.0060 0.7034
vn 0.7293 -0.0024 0.6842
vn 0.6497 -0.0268 0.7597
vn 0.0011 0.8231 -0.5679
vn -0.0041 0.7033 -0.7109
vn 0.5380 -0.8426 0.0239
vn 0.6485 -0.7585 -0.0642
vn 0.4291 0.2536 -0.8669
vn 0.4293 0.2534 -0.8669
vn 0.4935 0.1267 -0.8605
vn -0.4040 0.3267 -0.8544
vn -0.4374 0.1811 -0.8808
vn 0.4826 0.0661 -0.8733
vn 0.4901 -0.0000 -0.8716
vn -0.5206 -0.8538 0.0063
vn -0.5520 -0.8337 0.0132
vn -0.6482 -0.7581 -0.0718
vn -0.4435 0.0057 -0.8963
vn -0.5381 0.2239 -0.8126
vn -0.4364 0.1067 -0.8934
vn -0.4440 -0.0000 -0.8960
vn 0.7821 0.0381 0.6220
vn -0.8960 -0.0000 -0.4440
vn -0.8963 -0.0058 -0.4434
vn 0.6280 -0.0000 0.7782
vn 0.6297 -0.0022 0.7769
vn 0.8717 -0.0000 -0.4901
vn 0.8733 -0.0663 -0.4826
vn -0.6450 -0.0232 0.7638
vn -0.6280 -0.0000 0.7782
vn -0.8881 0.0089 -0.4595
vn 0.8712 0.0010 -0.4910
vn -0.8934 -0.1067 -0.4364
vn 0.6221 -0.0381 0.7820
vn 0.6454 -0.0232 0.7635
vn 0.8669 -0.2536 -0.4293
vn 0.8604 -0.1272 -0.4936
vn -0.6487 -0.0267 0.7606
vn 0.5248 -0.8512 0.0066
vn 0.5520 -0.8338 0.0066
vn -0.8126 -0.2238 -0.5381
vn -0.3381 -0.0000 -0.9411
vn 0.0008 0.6021 -0.7984
vn 0.0002 0.7058 -0.7084
vn 0.0008 0.6022 -0.7984
vn -0.6324 -0.0055 0.7746
vn 0.6822 -0.0085 0.7311
vn -0.0066 0.7021 -0.7121
vn 0.0052 0.3496 -0.9369
vn 0.0002 0.6026 -0.7980
vn -0.6326 -0.0055 0.7745
vn 0.8669 -0.2532 -0.4293
vn -0.8545 -0.3264 -0.4041
vn -0.8808 -0.1811 -0.4374
vn 0.6392 -0.0197 0.7688
vn -0.5780 0.0246 0.8157
vn -0.5759 0.0269 0.8171
vn 0.5739 0.0315 0.8183
vn 0.5781 0.0127 0.8159
vn 0.5918 0.0114 0.8060
vn 0.7783 -0.4666 -0.4201
vn -0.5807 0.0029 0.8141
vn 0.4889 -0.8722 0.0118
vn 0.5436 0.0002 0.8393
vn -0.0006 0.4664 -0.8846
vn -0.5522 -0.8337 -0.0006
vn -0.4789 -0.8779 0.0003
vn -0.5208 0.0027 0.8537
vn -0.7304 -0.4918 -0.4739
vn 0.5356 0.0100 0.8444
vn -0.8315 -0.0039 -0.5555
vn -0.8339 -0.1194 -0.5389
vn -0.1331 -0.0000 -0.9911
vn 0.1331 -0.0000 -0.9911
vn -0.7305 -0.4917 -0.4739
vn 0.5358 0.0100 0.8443
vn 0.7525 -0.4745 -0.4567
vn 0.7747 -0.4386 -0.4555
vn -0.5805 0.0029 0.8143
vn -0.7731 -0.0073 -0.6343
vn -0.7927 0.0001 -0.6096
vn 0.7945 -0.0055 -0.6072
vn 0.7939 -0.0057 -0.6081
vn -0.5666 0.0192 0.8238
vn -0.0006 0.3523 -0.9359
vn 0.6440 0.0735 0.7615
vn -0.0018 0.4655 -0.8850
vn 0.0015 0.1112 -0.9938
vn -0.0014 0.2233 -0.9748
vn -0.7457 -0.4933 -0.4479
vn -0.7328 -0.5098 -0.4508
vn 0.4398 -0.1296 0.8887
vn 0.2963 0.0096 0.9550
vn 0.7737 -0.4328 -0.4627
vn 0.7703 -0.4450 -0.4568
vn -0.5808 0.0029 0.8140
vn -0.2964 -0.0034 0.9551
vn -0.7910 -0.4358 -0.4294
vn -0.7341 -0.5733 -0.3639
vn 0.4400 -0.1298 0.8886
vn 0.7739 -0.4326 -0.4626
vn -0.4596 -0.1560 0.8743
vn 0.6247 -0.7138 -0.3166
vn -0.3657 -0.0694 0.9281
vn -0.0000 0.0548 -0.9985
vn -0.0000 0.7499 -0.6615
vn -0.0000 0.7498 -0.6616
vn -0.0001 0.7499 -0.6616
vn -0.0000 0.7498 -0.6617
vn 0.0001 0.7498 -0.6616
vn -0.0000 0.7499 -0.6616
vn -0.8339 -0.1194 -0.5388
vn -0.8339 -0.1191 -0.5390
vn -0.8134 -0.1663 -0.5574
vn 0.8150 -0.1023 -0.5704
vn 0.7748 -0.2115 -0.5958
vn 0.8715 -0.1232 -0.4746
vn 0.7749 -0.2114 -0.5957
vn -0.4787 -0.8780 0.0005
vn 0.4828 -0.8758 -0.0010
vn 0.5514 -0.8325 -0.0533
vn 0.5433 0.0002 0.8395
vn -0.1059 -0.0603 0.9925
vn -0.2019 -0.0064 0.9794
vn -0.3047 -0.0033 0.9524
vn 0.3271 -0.0002 0.9450
vn 0.1163 -0.0545 0.9917
vn 0.2019 -0.0064 0.9794
vn 0.4395 -0.8982 -0.0022
vn 0.4655 -0.8850 0.0118
vn -0.5713 -0.7342 -0.3670
vn 0.3102 -0.0411 0.9498
vn -0.4335 -0.9011 -0.0073
vn -0.4655 -0.8850 0.0118
vn -0.4655 -0.8850 0.0117
vn -0.8316 -0.0039 -0.5554
vn 0.8715 0.0010 -0.4904
vn -0.5713 -0.7341 -0.3670
vn 0.5933 -0.7244 -0.3511
vn 0.6281 -0.6895 -0.3607
vn -0.3659 -0.0696 0.9280
vn 0.4668 -0.8705 -0.1558
vn 0.6021 -0.7116 -0.3621
vn -0.1950 -0.0070 0.9808
vn -0.5849 -0.7365 -0.3398
vn -0.5610 -0.7934 -0.2363
vn -0.6344 -0.6976 -0.3331
vn 0.4669 -0.8705 -0.1560
vn -0.1951 -0.0070 0.9808
vn 0.7715 -0.0009 -0.6362
vn -0.4264 -0.8852 -0.1859
vn 0.1262 0.0024 0.9920
vn -0.8315 -0.0039 -0.5556
vn 0.3948 -0.9186 0.0155
vn 0.3949 -0.9186 0.0152
vn 0.4698 -0.8824 -0.0231
vn 0.7717 -0.0009 -0.6359
vn -0.7071 0.0093 -0.7071
vn 0.7071 0.0090 -0.7071
vn -0.3924 -0.9196 0.0205
vn -0.3925 -0.9195 0.0206
vn -0.7700 0.0001 -0.6380
vn -0.7876 0.0153 -0.6160
vn 0.7642 0.0776 -0.6403
vn 0.6403 -0.0776 -0.7642
vn 0.7938 -0.0055 -0.6082
vn 0.4589 -0.8720 -0.1706
vn 0.3884 -0.9090 -0.1511
vn -0.0587 0.0006 0.9983
vn -0.4427 -0.8849 -0.1447
vn -0.4250 -0.8935 -0.1451
vn 0.3828 -0.9229 0.0415
vn 0.4416 -0.8846 -0.1501
vn -0.4598 -0.8771 -0.1389
vn -0.7060 -0.4681 -0.5315
vn 0.6917 -0.4722 -0.5464
vn 0.7126 -0.4410 -0.5457
vn 0.4485 -0.8818 -0.1459
vn 0.4706 -0.8661 -0.1687
vn -0.4595 -0.8772 -0.1390
vn -0.5758 -0.7216 -0.3844
vn 0.5601 -0.7270 -0.3972
vn 0.5847 -0.7037 -0.4036
vn -0.7134 0.0117 -0.7007
vn -0.7253 -0.1416 -0.6737
vn -0.7275 -0.1350 -0.6727
vn -0.7252 -0.1416 -0.6739
vn -0.6979 -0.4473 -0.5593
vn 0.7255 -0.0949 -0.6816
vn 0.6667 -0.2496 -0.7023
vn 0.7779 -0.1165 -0.6175
vn 0.7684 0.0300 -0.6393
vn -0.7133 0.0117 -0.7007
vn -0.4568 -0.8732 -0.1697
vn -0.4819 -0.8600 -0.1677
vn 0.4818 -0.8601 -0.1678
vn -0.5682 -0.7110 -0.4143
vn -0.6410 -0.4689 -0.6077
vn 0.6220 -0.4752 -0.6224
vn 0.6451 -0.4385 -0.6257
vn -0.4752 -0.8634 -0.1696
vn -0.4826 -0.8563 -0.1839
vn 0.4819 -0.8600 -0.1677
vn -0.5290 -0.7267 -0.4383
vn 0.5271 -0.7274 -0.4394
vn 0.5294 -0.7251 -0.4404
vn 0.6491 0.0006 -0.7607
vn 0.1277 -0.9701 -0.2063
vn -0.1277 -0.9701 -0.2063
vn -0.1277 -0.9701 -0.2062
vn -0.3745 -0.9040 -0.2063
vn -0.3744 -0.9040 -0.2063
vn 0.3744 -0.9040 -0.2063
vn -0.5957 -0.7763 -0.2063
vn -0.5957 -0.7763 -0.2062
vn 0.5957 -0.7763 -0.2063
vn 0.3745 -0.9040 -0.2063
vn -0.7763 -0.5957 -0.2062
vn 0.7763 -0.5957 -0.2062
vn 0.5957 -0.7763 -0.2062
vn -0.7763 -0.5957 -0.2063
vn -0.9040 -0.3745 -0.2063
vn -0.9040 -0.3744 -0.2062
vn 0.9040 -0.3744 -0.2063
vn 0.7763 -0.5957 -0.2063
vn 0.9040 -0.3745 -0.2063
vn 0.9040 -0.3745 -0.2062
vn -0.9701 -0.1277 -0.2063
vn 0.9701 -0.1277 -0.2063
vn -0.9781 -0.0000 -0.2080
vn 0.9829 -0.0000 -0.1839
vn 0.9781 -0.0016 -0.2080
vn -0.9829 -0.0018 -0.1839
vn -0.9693 -0.1662 -0.1814
vn 0.9693 -0.1662 -0.1814
vn -0.8584 -0.4799 -0.1813
vn -0.8583 -0.4800 -0.1813
vn 0.8584 -0.4799 -0.1814
vn -0.7253 -0.6635 -0.1834
vn -0.7253 -0.6635 -0.1835
vn 0.7253 -0.6635 -0.1835
vn 0.8585 -0.4797 -0.1814
vn -0.6387 -0.7473 -0.1834
vn 0.7253 -0.6635 -0.1834
vn 0.6387 -0.7473 -0.1834
vn -0.6388 -0.7472 -0.1834
vn -0.6388 -0.7472 -0.1835
vn 0.6388 -0.7471 -0.1835
vn -0.5427 -0.8197 -0.1834
vn 0.5427 -0.8197 -0.1834
vn 0.6388 -0.7472 -0.1834
vn -0.5428 -0.8196 -0.1836
vn -0.5427 -0.8196 -0.1836
vn 0.5428 -0.8196 -0.1836
vn 0.5427 -0.8196 -0.1836
vn 0.4760 -0.8600 -0.1839
vn -0.5560 -0.0158 -0.8311
vn -0.6082 0.0054 -0.7937
vn 0.6082 0.0055 -0.7938
vn -0.6031 -0.1786 -0.7774
vn -0.6287 -0.1336 -0.7661
vn -0.6261 -0.4472 -0.6388
vn 0.6322 -0.1718 -0.7556
vn 0.6628 -0.1199 -0.7391
vn 0.6490 0.0005 -0.7608
vn -0.5799 -0.0034 -0.8147
vn -0.5282 -0.7248 -0.4424
vn -0.5702 -0.4702 -0.6736
vn 0.5469 -0.4789 -0.6867
vn 0.5707 -0.4376 -0.6948
vn -0.4958 -0.7132 -0.4955
vn -0.4574 -0.7024 -0.5453
vn -0.4633 -0.7287 -0.5043
vn 0.4574 -0.7023 -0.5456
vn 0.4958 -0.7132 -0.4955
vn 0.4633 -0.7287 -0.5043
vn -0.5475 0.0055 -0.8368
vn 0.6072 0.0055 -0.7945
vn -0.5944 0.0298 -0.8036
vn 0.6081 0.0057 -0.7939
vn 0.5077 -0.0005 -0.8615
vn 0.5326 -0.1347 -0.8356
vn -0.5799 -0.0034 -0.8146
vn -0.5980 -0.1242 -0.7918
vn -0.8377 0.0011 -0.5461
vn -0.8292 -0.1422 -0.5405
vn 0.8292 -0.1422 -0.5405
vn 0.8377 0.0016 -0.5461
vn -0.7346 -0.4104 -0.5403
vn -0.7344 -0.4105 -0.5405
vn 0.7343 -0.4106 -0.5405
vn -0.6184 -0.5657 -0.5454
vn 0.6184 -0.5657 -0.5454
vn 0.7343 -0.4105 -0.5406
vn -0.5447 -0.6371 -0.5454
vn 0.5447 -0.6371 -0.5454
vn -0.4628 -0.6989 -0.5453
vn -0.4627 -0.6988 -0.5454
vn 0.4628 -0.6989 -0.5453
vn 0.4628 -0.6989 -0.5454
vn 0.4627 -0.6989 -0.5454
vn 0.5325 -0.1347 -0.8356
vn -0.4258 0.0057 -0.9048
vn 0.4258 0.0042 -0.9048
vn -0.4394 -0.7134 -0.5460
vn -0.4627 -0.6989 -0.5454
vn 0.4394 -0.7134 -0.5460
vn -0.5280 -0.1778 -0.8304
vn -0.5981 -0.1242 -0.7917
vn -0.5478 -0.4487 -0.7061
vn 0.5325 -0.1347 -0.8357
vn 0.5242 -0.1539 -0.8376
vn -0.4953 -0.4723 -0.7291
vn 0.4680 -0.4835 -0.7397
vn 0.4913 -0.4385 -0.7526
vn 0.1078 -0.8193 -0.5632
vn -0.1079 -0.8193 -0.5632
vn -0.1078 -0.8192 -0.5633
vn -0.3162 -0.7634 -0.5633
vn 0.1078 -0.8194 -0.5629
vn 0.3162 -0.7634 -0.5633
vn -0.5030 -0.6555 -0.5634
vn -0.5030 -0.6555 -0.5633
vn 0.5030 -0.6555 -0.5633
vn -0.6555 -0.5030 -0.5634
vn -0.6555 -0.5030 -0.5633
vn 0.6555 -0.5030 -0.5634
vn 0.5030 -0.6555 -0.5634
vn -0.7634 -0.3162 -0.5633
vn 0.7634 -0.3162 -0.5633
vn 0.6555 -0.5030 -0.5633
vn -0.8192 -0.1078 -0.5633
vn -0.8193 -0.1079 -0.5632
vn 0.8193 -0.1079 -0.5632
vn 0.8192 -0.1078 -0.5633
vn 0.8239 0.0011 -0.5667
vn 0.5014 0.0267 -0.8648
vn -0.5694 0.0494 -0.8206
vn -0.8378 -0.0000 -0.5460
vn -0.8241 0.0011 -0.5664
vn -0.8293 -0.1422 -0.5405
vn 0.8293 -0.1422 -0.5405
vn 0.8378 0.0011 -0.5460
vn -0.8193 -0.1079 -0.5631
vn 0.8241 -0.0000 -0.5664
vn 0.8193 -0.1079 -0.5631
vn -0.2989 -0.0370 -0.9536
vn -0.4142 0.0206 -0.9100
vn 0.3865 -0.0060 -0.9223
vn 0.4142 0.0084 -0.9101
vn -0.4266 0.0099 -0.9044
vn -0.4568 -0.1207 -0.8813
vn 0.3865 -0.4895 -0.7816
vn 0.3836 -0.4957 -0.7792
vn -0.3823 -0.4914 -0.7826
vn -0.4650 -0.4522 -0.7611
vn -0.4160 -0.1746 -0.8924
vn -0.4570 -0.1206 -0.8812
vn 0.3986 -0.1600 -0.9031
vn 0.3985 -0.1601 -0.9031
vn 0.4065 -0.1365 -0.9034
vn 0.3571 0.0014 -0.9341
vn -0.4268 0.0100 -0.9043
vn 0.3570 0.0014 -0.9341
vn -0.0717 -0.5447 -0.8355
vn 0.0717 -0.5447 -0.8355
vn -0.2103 -0.5076 -0.8355
vn 0.2103 -0.5076 -0.8355
vn -0.3345 -0.4359 -0.8356
vn -0.3345 -0.4359 -0.8355
vn 0.3345 -0.4359 -0.8355
vn -0.4358 -0.3345 -0.8356
vn -0.4359 -0.3345 -0.8355
vn 0.4359 -0.3345 -0.8356
vn 0.3345 -0.4358 -0.8356
vn -0.5076 -0.2103 -0.8355
vn 0.5076 -0.2103 -0.8355
vn 0.4359 -0.3345 -0.8355
vn -0.5447 -0.0717 -0.8355
vn -0.5448 -0.0717 -0.8355
vn 0.5447 -0.0717 -0.8355
vn 0.5448 -0.0717 -0.8355
vn -0.5462 -0.0000 -0.8377
vn 0.5666 -0.0000 -0.8240
vn 0.5462 -0.0011 -0.8377
vn -0.5666 -0.0011 -0.8240
vn -0.5639 -0.0967 -0.8202
vn 0.5636 -0.0968 -0.8203
vn -0.4992 -0.2791 -0.8203
vn -0.4994 -0.2792 -0.8201
vn -0.5639 -0.0968 -0.8201
vn 0.5639 -0.0968 -0.8201
vn 0.4994 -0.2792 -0.8201
vn -0.4186 -0.3829 -0.8235
vn -0.4183 -0.3827 -0.8238
vn 0.4186 -0.3829 -0.8235
vn -0.3686 -0.4312 -0.8235
vn 0.3686 -0.4312 -0.8235
vn -0.3132 -0.4730 -0.8235
vn 0.3132 -0.4730 -0.8235
vn -0.3139 -0.4726 -0.8235
vn -0.3882 -0.4971 -0.7760
vn 0.3139 -0.4726 -0.8235
vn -0.2943 -0.1577 -0.9426
vn -0.3049 -0.1338 -0.9429
vn -0.3050 -0.1337 -0.9429
vn -0.3051 -0.1336 -0.9429
vn 0.2546 -0.1858 -0.9490
vn 0.2547 -0.1858 -0.9490
vn 0.2962 -0.1636 -0.9410
vn -0.2652 -0.0033 -0.9642
vn -0.2848 0.0208 -0.9584
vn 0.3824 0.0084 -0.9239
vn -0.1564 -0.0280 -0.9873
vn 0.1564 -0.0000 -0.9877
vn 0.1384 -0.0133 -0.9903
vn -0.5447 -0.0717 -0.8356
vn -0.5460 -0.0011 -0.8378
vn 0.5664 -0.0011 -0.8241
vn 0.5460 -0.0016 -0.8378
vn 0.5447 -0.0717 -0.8356
vn -0.5664 -0.0018 -0.8241
vn -0.5638 -0.0968 -0.8202
vn 0.5638 -0.0968 -0.8202
vn 0.1935 -0.0013 -0.9811
vn -0.2653 -0.0033 -0.9642
vn 0.1936 -0.0013 -0.9811
vn 0.1934 -0.0013 -0.9811
vn 0.2354 -0.1252 -0.9638
vn -0.1331 0.0065 -0.9911
vn 0.1331 0.0053 -0.9911
vn -0.1544 -0.1506 -0.9765
vn -0.1513 -0.1640 -0.9748
vn -0.1516 -0.1639 -0.9748
vn -0.1542 -0.1502 -0.9766
vn 0.1544 -0.1504 -0.9765
vn 0.2357 -0.1250 -0.9637
vn 0.1703 -0.1898 -0.9669
vn -0.2079 -0.0000 -0.9781
vn -0.1838 0.0018 -0.9830
vn -0.2078 -0.0357 -0.9775
vn 0.2078 -0.0357 -0.9775
vn 0.2079 0.0016 -0.9781
vn -0.1840 -0.1029 -0.9775
vn 0.2078 -0.0356 -0.9775
vn 0.1840 -0.1029 -0.9775
vn -0.1537 -0.1406 -0.9781
vn 0.1537 -0.1406 -0.9781
vn -0.1354 -0.1583 -0.9781
vn 0.1354 -0.1583 -0.9781
vn -0.1150 -0.1737 -0.9781
vn -0.1150 -0.1738 -0.9780
vn 0.1150 -0.1738 -0.9780
vn 0.1150 -0.1737 -0.9781
vn 0.1189 -0.1715 -0.9780
vn -0.0242 -0.1838 -0.9827
vn -0.0242 -0.1837 -0.9827
vn 0.0242 -0.1838 -0.9827
vn -0.0709 -0.1712 -0.9827
vn 0.0242 -0.1837 -0.9827
vn 0.0709 -0.1712 -0.9827
vn -0.1128 -0.1470 -0.9827
vn -0.1129 -0.1471 -0.9827
vn 0.1128 -0.1470 -0.9827
vn -0.1471 -0.1128 -0.9827
vn -0.1470 -0.1128 -0.9827
vn 0.1128 -0.1471 -0.9827
vn 0.1471 -0.1129 -0.9827
vn -0.1712 -0.0709 -0.9827
vn 0.1470 -0.1128 -0.9827
vn 0.1712 -0.0709 -0.9827
vn -0.1838 -0.0242 -0.9827
vn -0.1837 -0.0242 -0.9827
vn 0.1841 -0.0242 -0.9826
vn 0.1838 -0.0000 -0.9830
vn 0.1838 -0.0242 -0.9827
vn -0.0893 -0.0000 -0.9960
vn -0.0756 -0.0000 -0.9971
vn 0.1889 0.0115 -0.9819
vn 0.0515 -0.0000 -0.9987
s 0
usemtl Material.002
f 1//1 2//1 3//1
f 4//1 1//1 3//1
f 5//2 4//2 3//2
f 6//3 5//3 3//3
f 2//4 6//4 3//4
f 7//1 1//1 4//1
f 5//5 8//5 4//5
f 8//6 7//6 4//6
f 1//1 9//1 2//1
f 9//4 6//4 2//4
f 10//7 6//7 9//7
f 11//8 10//8 9//8
f 1//1 11//1 9//1
f 12//1 13//1 7//1
f 13//1 14//1 7//1
f 14//1 1//1 7//1
f 15//1 12//1 7//1
f 8//6 15//6 7//6
f 16//1 12//1 15//1
f 8//9 17//9 15//9
f 17//10 16//10 15//10
f 1//1 18//1 11//1
f 18//8 10//8 11//8
f 1//1 19//1 18//1
f 20//11 10//11 18//11
f 19//12 20//12 18//12
f 1//1 21//1 19//1
f 21//12 20//12 19//12
f 22//1 12//1 16//1
f 23//1 22//1 16//1
f 17//10 23//10 16//10
f 17//13 24//13 23//13
f 24//14 22//14 23//14
f 1//1 25//1 21//1
f 26//15 20//15 21//15
f 25//16 26//16 21//16
f 1//1 27//1 25//1
f 27//17 26//17 25//17
f 28//1 12//1 22//1
f 24//14 28//14 22//14
f 24//18 29//19 28//18
f 29//20 12//20 28//20
f 1//1 30//1 27//1
f 31//21 26//21 27//21
f 30//22 31//22 27//22
f 1//1 32//1 30//1
f 32//23 31//23 30//23
f 29//20 13//20 12//20
f 33//24 14//24 13//24
f 29//25 33//25 13//25
f 33//26 34//26 14//26
f 34//27 1//27 14//27
f 1//1 35//1 32//1
f 36//28 31//28 32//28
f 35//29 36//29 32//29
f 1//1 37//1 35//1
f 38//30 36//30 35//30
f 37//31 38//31 35//31
f 39//1 40//1 1//1
f 41//1 42//1 1//1
f 42//1 43//1 1//1
f 43//1 39//1 1//1
f 40//1 44//1 1//1
f 44//1 45//1 1//1
f 45//1 46//1 1//1
f 46//1 47//1 1//1
f 47//1 48//1 1//1
f 48//1 37//1 1//1
f 34//32 41//32 1//32
f 48//31 38//31 37//31
f 49//1 42//1 41//1
f 34//33 50//33 41//33
f 50//34 49//34 41//34
f 51//35 38//35 48//35
f 47//36 51//36 48//36
f 52//1 42//1 49//1
f 50//37 52//37 49//37
f 46//36 51//36 47//36
f 53//1 42//1 52//1
f 54//38 53//38 52//38
f 50//39 54//39 52//39
f 55//40 51//40 46//40
f 45//41 55//41 46//41
f 56//1 42//1 53//1
f 57//1 56//1 53//1
f 54//42 57//42 53//42
f 58//1 56//1 57//1
f 54//43 58//43 57//43
f 44//41 55//41 45//41
f 59//44 55//44 44//44
f 40//45 59//45 44//45
f 60//1 56//1 58//1
f 54//46 61//46 58//46
f 61//47 60//47 58//47
f 39//45 59//45 40//45
f 62//1 56//1 60//1
f 61//48 63//48 60//48
f 63//49 62//49 60//49
f 64//50 59//50 39//50
f 43//51 64//51 39//51
f 42//51 64//51 43//51
f 65//1 56//1 62//1
f 63//49 65//49 62//49
f 66//1 56//1 65//1
f 63//52 67//52 65//52
f 67//53 66//53 65//53
f 68//54 64//54 42//54
f 56//55 68//55 42//55
f 69//1 56//1 66//1
f 67//56 69//56 66//56
f 69//1 70//1 56//1
f 70//1 71//1 56//1
f 71//57 72//57 56//57
f 72//58 68//58 56//58
f 67//59 73//59 69//59
f 74//60 70//60 69//60
f 73//60 74//60 69//60
f 70//1 75//1 71//1
f 76//57 72//57 71//57
f 75//61 76//61 71//61
f 77//1 75//1 70//1
f 78//62 77//62 70//62
f 74//62 78//62 70//62
f 77//1 79//1 75//1
f 80//61 76//61 75//61
f 79//63 80//63 75//63
f 81//1 79//1 77//1
f 82//64 81//64 77//64
f 78//65 82//65 77//65
f 83//1 84//1 79//1
f 81//1 83//1 79//1
f 84//66 85//66 79//66
f 85//67 80//67 79//67
f 83//1 86//1 84//1
f 86//66 85//66 84//66
f 82//64 83//64 81//64
f 87//1 88//1 83//1
f 89//1 90//1 83//1
f 91//1 89//1 83//1
f 88//1 91//1 83//1
f 90//1 86//1 83//1
f 92//68 87//68 83//68
f 82//69 92//69 83//69
f 90//70 93//70 86//70
f 93//71 85//71 86//71
f 94//1 88//1 87//1
f 92//68 94//68 87//68
f 89//70 93//70 90//70
f 95//1 88//1 94//1
f 96//72 95//72 94//72
f 92//73 96//73 94//73
f 97//74 93//74 89//74
f 91//75 97//75 89//75
f 98//1 88//1 95//1
f 96//76 98//76 95//76
f 88//1 99//1 91//1
f 99//77 100//77 91//77
f 100//78 97//78 91//78
f 101//1 102//1 98//1
f 102//1 88//1 98//1
f 96//79 101//79 98//79
f 88//80 103//80 99//80
f 103//81 100//81 99//81
f 104//82 102//82 101//82
f 96//83 105//83 101//83
f 105//84 104//84 101//84
f 106//85 107//85 88//85
f 102//1 108//1 88//1
f 108//1 106//1 88//1
f 107//86 109//86 88//86
f 109//87 103//87 88//87
f 110//85 111//85 102//85
f 111//1 112//1 102//1
f 112//1 108//1 102//1
f 104//88 113//88 102//88
f 113//89 110//89 102//89
f 114//85 115//85 106//85
f 115//85 107//85 106//85
f 108//90 114//90 106//90
f 110//85 116//85 111//85
f 116//91 117//91 111//91
f 117//92 112//92 111//92
f 118//93 114//93 108//93
f 119//94 118//94 108//94
f 120//95 119//95 108//95
f 112//95 120//95 108//95
f 117//96 121//96 112//96
f 121//95 120//95 112//95
f 10//97 122//97 6//97
f 122//98 123//98 6//98
f 123//99 5//99 6//99
f 123//99 124//99 5//99
f 124//100 8//100 5//100
f 20//101 125//101 10//101
f 125//101 122//101 10//101
f 124//102 126//102 8//102
f 126//103 17//103 8//103
f 26//104 127//104 20//104
f 127//105 125//105 20//105
f 126//103 128//103 17//103
f 128//106 24//106 17//106
f 31//107 129//107 26//107
f 129//108 127//108 26//108
f 128//109 130//109 24//109
f 130//110 29//110 24//110
f 36//111 131//111 31//111
f 131//111 129//111 31//111
f 130//112 132//112 29//112
f 132//113 33//113 29//113
f 38//114 133//114 36//114
f 133//115 131//115 36//115
f 132//113 134//113 33//113
f 134//116 34//116 33//116
f 51//117 135//117 38//117
f 135//117 133//117 38//117
f 134//118 136//118 34//118
f 136//119 50//119 34//119
f 55//120 137//120 51//120
f 137//121 135//121 51//121
f 136//119 138//119 50//119
f 138//122 54//122 50//122
f 59//123 139//123 55//123
f 139//124 137//124 55//124
f 138//122 140//122 54//122
f 140//125 61//125 54//125
f 64//126 141//126 59//126
f 141//127 139//127 59//127
f 140//125 142//125 61//125
f 142//128 63//128 61//128
f 68//129 143//129 64//129
f 143//130 141//130 64//130
f 144//131 67//131 63//131
f 142//132 145//132 63//132
f 145//131 144//131 63//131
f 144//133 73//133 67//133
f 72//58 143//58 68//58
f 146//134 100//134 103//134
f 109//135 146//135 103//135
f 147//136 114//136 118//136
f 119//95 147//95 118//95
f 107//137 148//137 109//137
f 148//138 146//138 109//138
f 105//139 149//139 104//139
f 149//140 113//140 104//140
f 150//141 110//141 113//141
f 151//142 150//142 113//142
f 149//143 151//143 113//143
f 152//144 141//144 143//144
f 72//145 152//145 143//145
f 76//146 153//146 72//146
f 153//146 154//146 72//146
f 154//147 152//147 72//147
f 144//148 155//148 73//148
f 155//149 156//149 73//149
f 157//150 74//150 73//150
f 156//150 157//150 73//150
f 80//151 153//151 76//151
f 158//152 78//152 74//152
f 157//153 158//153 74//153
f 159//154 153//154 80//154
f 85//155 159//155 80//155
f 158//156 82//156 78//156
f 160//157 159//157 85//157
f 93//158 161//158 85//158
f 161//158 160//158 85//158
f 158//159 162//159 82//159
f 162//160 92//160 82//160
f 97//161 163//161 93//161
f 163//162 161//162 93//162
f 162//160 164//160 92//160
f 164//163 96//163 92//163
f 100//164 163//164 97//164
f 165//165 105//165 96//165
f 166//166 165//166 96//166
f 164//163 166//163 96//163
f 167//164 163//164 100//164
f 146//167 167//167 100//167
f 165//168 149//168 105//168
f 168//164 163//164 167//164
f 146//169 168//169 167//169
f 166//170 169//170 165//170
f 169//171 149//171 165//171
f 145//172 155//172 144//172
f 122//173 170//173 123//173
f 170//173 171//173 123//173
f 171//174 124//174 123//174
f 171//174 172//174 124//174
f 172//175 126//175 124//175
f 125//176 173//176 122//176
f 173//177 170//177 122//177
f 172//178 174//178 126//178
f 174//179 128//179 126//179
f 127//180 175//180 125//180
f 175//180 173//180 125//180
f 174//181 176//181 128//181
f 176//182 130//182 128//182
f 129//183 177//183 127//183
f 177//184 175//184 127//184
f 176//182 178//182 130//182
f 178//185 132//185 130//185
f 131//186 179//186 129//186
f 179//186 177//186 129//186
f 178//185 180//185 132//185
f 180//187 134//187 132//187
f 133//188 181//188 131//188
f 181//188 179//188 131//188
f 180//187 182//187 134//187
f 182//189 136//189 134//189
f 135//190 183//190 133//190
f 183//190 181//190 133//190
f 182//189 184//189 136//189
f 184//191 138//191 136//191
f 137//192 185//192 135//192
f 185//192 183//192 135//192
f 184//191 186//191 138//191
f 186//193 140//193 138//193
f 139//194 187//194 137//194
f 187//195 185//195 137//195
f 186//193 188//193 140//193
f 188//196 142//196 140//196
f 141//197 189//197 139//197
f 189//198 187//198 139//198
f 188//199 190//199 142//199
f 190//200 145//200 142//200
f 152//201 191//201 141//201
f 191//202 189//202 141//202
f 190//203 192//203 145//203
f 192//204 155//204 145//204
f 193//205 156//205 155//205
f 192//206 193//206 155//206
f 154//207 191//207 152//207
f 148//208 194//208 146//208
f 194//209 195//209 146//209
f 195//210 168//210 146//210
f 169//211 151//211 149//211
f 196//212 197//212 107//212
f 115//213 198//213 107//213
f 198//214 199//214 107//214
f 199//215 196//215 107//215
f 197//216 200//216 107//216
f 200//217 148//217 107//217
f 201//218 202//218 110//218
f 202//219 203//219 110//219
f 203//220 204//220 110//220
f 204//221 205//221 110//221
f 205//222 206//222 110//222
f 150//223 201//223 110//223
f 206//85 116//85 110//85
f 200//224 194//224 148//224
f 116//225 121//225 117//225
f 197//226 194//226 200//226
f 151//227 201//227 150//227
f 207//228 194//228 197//228
f 196//229 207//229 197//229
f 151//230 202//230 201//230
f 208//146 154//146 153//146
f 159//151 208//151 153//151
f 209//152 158//152 157//152
f 210//152 209//152 157//152
f 156//150 210//150 157//150
f 211//151 208//151 159//151
f 160//231 211//231 159//231
f 209//232 162//232 158//232
f 212//85 213//85 114//85
f 213//85 115//85 114//85
f 147//233 212//233 114//233
f 206//85 214//85 116//85
f 214//234 121//234 116//234
f 214//235 215//235 121//235
f 215//95 120//95 121//95
f 216//236 212//236 147//236
f 217//237 216//237 147//237
f 119//95 217//95 147//95
f 218//238 203//238 202//238
f 151//239 218//239 202//239
f 207//240 219//240 194//240
f 219//241 195//241 194//241
f 169//242 220//242 151//242
f 220//243 218//243 151//243
f 170//244 221//244 171//244
f 221//244 222//244 171//244
f 222//245 172//245 171//245
f 222//245 223//245 172//245
f 223//246 174//246 172//246
f 173//247 224//247 170//247
f 224//247 221//247 170//247
f 223//246 225//246 174//246
f 225//248 176//248 174//248
f 175//249 226//249 173//249
f 226//249 224//249 173//249
f 225//248 227//248 176//248
f 227//250 178//250 176//250
f 177//251 228//251 175//251
f 228//252 226//252 175//252
f 227//250 229//250 178//250
f 229//253 180//253 178//253
f 179//254 230//254 177//254
f 230//254 228//254 177//254
f 229//253 231//253 180//253
f 231//255 182//255 180//255
f 181//256 232//256 179//256
f 232//257 230//257 179//257
f 231//255 233//255 182//255
f 233//258 184//258 182//258
f 183//259 234//259 181//259
f 234//260 232//260 181//260
f 233//261 235//261 184//261
f 235//262 186//262 184//262
f 185//263 236//263 183//263
f 236//264 234//264 183//264
f 235//265 237//265 186//265
f 237//266 188//266 186//266
f 187//267 238//267 185//267
f 238//268 236//268 185//268
f 237//269 239//269 188//269
f 239//270 190//270 188//270
f 189//271 240//271 187//271
f 240//272 238//272 187//272
f 239//273 241//273 190//273
f 241//274 192//274 190//274
f 191//275 242//275 189//275
f 242//276 240//276 189//276
f 243//277 193//277 192//277
f 241//278 244//278 192//278
f 244//277 243//277 192//277
f 245//279 242//279 191//279
f 154//280 245//280 191//280
f 243//281 156//281 193//281
f 246//282 245//282 154//282
f 208//283 246//283 154//283
f 243//284 247//284 156//284
f 248//285 210//285 156//285
f 247//286 248//286 156//286
f 211//287 246//287 208//287
f 249//288 209//288 210//288
f 248//288 249//288 210//288
f 250//287 246//287 211//287
f 160//289 250//289 211//289
f 249//290 162//290 209//290
f 161//291 251//291 160//291
f 251//292 252//292 160//292
f 252//293 250//293 160//293
f 249//294 253//294 162//294
f 253//295 164//295 162//295
f 163//296 254//296 161//296
f 254//296 251//296 161//296
f 253//297 255//297 164//297
f 255//298 166//298 164//298
f 256//299 254//299 163//299
f 168//300 256//300 163//300
f 257//301 169//301 166//301
f 255//298 257//298 166//298
f 195//302 256//302 168//302
f 257//303 258//303 169//303
f 258//304 220//304 169//304
f 199//229 207//229 196//229
f 218//305 204//305 203//305
f 217//306 259//306 216//306
f 259//307 212//307 216//307
f 260//308 207//308 199//308
f 198//309 260//309 199//309
f 260//310 261//310 207//310
f 261//311 219//311 207//311
f 262//312 263//312 218//312
f 263//313 204//313 218//313
f 220//314 262//314 218//314
f 219//315 264//315 195//315
f 264//316 256//316 195//316
f 258//317 265//317 220//317
f 265//318 262//318 220//318
f 266//319 267//319 215//319
f 214//320 266//320 215//320
f 267//95 120//95 215//95
f 263//321 205//321 204//321
f 268//85 269//85 214//85
f 206//85 270//85 214//85
f 270//85 268//85 214//85
f 269//322 266//322 214//322
f 271//85 272//85 212//85
f 272//85 213//85 212//85
f 259//323 271//323 212//323
f 273//324 245//324 246//324
f 250//325 273//325 246//325
f 274//326 249//326 248//326
f 275//327 274//327 248//327
f 247//328 275//328 248//328
f 276//329 273//329 250//329
f 252//330 276//330 250//330
f 274//331 253//331 249//331
f 277//332 206//332 205//332
f 263//333 277//333 205//333
f 115//334 278//334 198//334
f 278//335 260//335 198//335
f 279//336 240//336 242//336
f 245//337 279//337 242//337
f 280//338 279//338 245//338
f 281//339 280//339 245//339
f 273//340 281//340 245//340
f 282//341 283//341 247//341
f 243//342 282//342 247//342
f 283//343 275//343 247//343
f 276//344 281//344 273//344
f 284//345 274//345 275//345
f 285//345 284//345 275//345
f 283//346 285//346 275//346
f 286//344 281//344 276//344
f 287//347 286//347 276//347
f 252//347 287//347 276//347
f 284//348 253//348 274//348
f 288//349 287//349 252//349
f 251//350 288//350 252//350
f 284//351 289//351 253//351
f 289//352 290//352 253//352
f 290//352 255//352 253//352
f 254//353 291//353 251//353
f 292//354 288//354 251//354
f 291//355 292//355 251//355
f 290//356 293//356 255//356
f 293//357 257//357 255//357
f 294//358 291//358 254//358
f 256//359 294//359 254//359
f 295//360 258//360 257//360
f 296//361 295//361 257//361
f 293//357 296//357 257//357
f 264//362 294//362 256//362
f 295//363 265//363 258//363
f 244//364 282//364 243//364
f 261//365 297//365 219//365
f 297//366 264//366 219//366
f 298//367 263//367 262//367
f 265//368 298//368 262//368
f 278//369 299//369 260//369
f 299//370 300//370 260//370
f 300//371 301//371 260//371
f 301//372 261//372 260//372
f 298//373 302//373 263//373
f 302//374 277//374 263//374
f 303//375 291//375 294//375
f 264//376 304//376 294//376
f 304//377 305//377 294//377
f 305//378 303//378 294//378
f 296//379 306//379 295//379
f 306//380 307//380 295//380
f 307//381 265//381 295//381
f 308//382 309//382 115//382
f 213//383 308//383 115//383
f 309//384 310//384 115//384
f 310//385 299//385 115//385
f 299//386 278//386 115//386
f 311//387 312//387 206//387
f 312//387 313//387 206//387
f 313//388 270//388 206//388
f 277//332 311//332 206//332
f 314//389 223//389 222//389
f 221//390 315//390 222//390
f 315//391 316//391 222//391
f 316//389 314//389 222//389
f 317//392 225//392 223//392
f 314//389 318//389 223//389
f 318//393 317//393 223//393
f 224//394 319//394 221//394
f 319//394 320//394 221//394
f 320//390 315//390 221//390
f 317//392 321//392 225//392
f 321//395 227//395 225//395
f 226//396 322//396 224//396
f 322//396 323//396 224//396
f 323//396 319//396 224//396
f 324//397 229//397 227//397
f 321//395 325//395 227//395
f 325//397 324//397 227//397
f 228//398 326//398 226//398
f 326//398 322//398 226//398
f 324//397 327//397 229//397
f 327//399 231//399 229//399
f 230//400 328//400 228//400
f 328//400 329//400 228//400
f 329//401 326//401 228//401
f 330//402 233//402 231//402
f 327//399 331//399 231//399
f 331//403 330//403 231//403
f 232//404 332//404 230//404
f 332//405 328//405 230//405
f 330//402 333//402 233//402
f 333//406 334//406 233//406
f 334//407 235//407 233//407
f 234//408 335//408 232//408
f 335//409 336//409 232//409
f 336//410 332//410 232//410
f 334//411 337//411 235//411
f 337//412 237//412 235//412
f 236//413 338//413 234//413
f 338//414 339//414 234//414
f 339//408 335//408 234//408
f 340//415 239//415 237//415
f 341//416 340//416 237//416
f 337//417 342//417 237//417
f 342//418 341//418 237//418
f 238//419 343//419 236//419
f 343//420 344//420 236//420
f 344//421 338//421 236//421
f 345//422 241//422 239//422
f 340//423 345//423 239//423
f 346//424 343//424 238//424
f 347//425 346//425 238//425
f 240//426 347//426 238//426
f 348//427 244//427 241//427
f 349//427 348//427 241//427
f 345//428 349//428 241//428
f 350//429 347//429 240//429
f 279//430 350//430 240//430
f 351//431 282//431 244//431
f 348//432 351//432 244//432
f 352//433 283//433 282//433
f 353//434 352//434 282//434
f 351//434 353//434 282//434
f 354//435 350//435 279//435
f 280//436 354//436 279//436
f 302//437 311//437 277//437
f 310//438 300//438 299//438
f 217//439 355//439 259//439
f 355//440 271//440 259//440
f 356//441 267//441 266//441
f 269//442 356//442 266//442
f 356//443 357//443 267//443
f 357//95 120//95 267//95
f 358//444 355//444 217//444
f 359//445 358//445 217//445
f 119//446 359//446 217//446
f 297//447 360//447 264//447
f 360//448 361//448 264//448
f 361//449 304//449 264//449
f 307//450 362//450 265//450
f 362//451 363//451 265//451
f 363//452 364//452 265//452
f 364//453 298//453 265//453
f 301//454 365//454 261//454
f 365//455 297//455 261//455
f 366//456 302//456 298//456
f 364//457 366//457 298//457
f 302//458 312//458 311//458
f 367//459 300//459 310//459
f 309//460 367//460 310//460
f 368//461 358//461 359//461
f 119//95 368//95 359//95
f 367//462 369//462 300//462
f 369//463 301//463 300//463
f 366//464 370//464 302//464
f 370//465 312//465 302//465
f 315//466 371//466 316//466
f 371//467 372//467 316//467
f 372//468 314//468 316//468
f 372//468 318//468 314//468
f 372//469 373//469 318//469
f 373//470 317//470 318//470
f 320//466 371//466 315//466
f 373//470 321//470 317//470
f 319//471 371//471 320//471
f 373//472 325//472 321//472
f 374//473 371//473 319//473
f 323//474 374//474 319//474
f 373//475 375//475 325//475
f 375//476 324//476 325//476
f 322//477 374//477 323//477
f 375//478 327//478 324//478
f 376//479 374//479 322//479
f 326//480 376//480 322//480
f 375//481 377//481 327//481
f 377//482 331//482 327//482
f 329//483 376//483 326//483
f 377//484 330//484 331//484
f 328//485 376//485 329//485
f 378//486 333//486 330//486
f 377//487 378//487 330//487
f 332//488 379//488 328//488
f 379//489 376//489 328//489
f 378//490 334//490 333//490
f 380//491 381//491 332//491
f 336//492 380//492 332//492
f 381//493 382//493 332//493
f 382//494 383//494 332//494
f 383//495 384//495 332//495
f 384//495 385//495 332//495
f 385//496 379//496 332//496
f 378//497 386//497 334//497
f 386//498 387//498 334//498
f 387//498 388//498 334//498
f 388//499 389//499 334//499
f 389//500 390//500 334//500
f 390//501 391//501 334//501
f 391//502 392//502 334//502
f 392//503 337//503 334//503
f 335//504 393//504 336//504
f 394//505 380//505 336//505
f 393//506 394//506 336//506
f 392//507 395//507 337//507
f 395//508 342//508 337//508
f 339//509 396//509 335//509
f 396//510 397//510 335//510
f 397//510 393//510 335//510
f 395//511 398//511 342//511
f 398//512 341//512 342//512
f 338//513 399//513 339//513
f 399//514 396//514 339//514
f 398//515 400//515 341//515
f 400//516 340//516 341//516
f 344//517 401//517 338//517
f 401//518 402//518 338//518
f 402//518 399//518 338//518
f 403//519 345//519 340//519
f 400//520 404//520 340//520
f 404//521 403//521 340//521
f 343//522 405//522 344//522
f 405//523 401//523 344//523
f 403//524 406//524 345//524
f 406//525 349//525 345//525
f 346//526 407//526 343//526
f 407//527 405//527 343//527
f 406//528 408//528 349//528
f 408//529 348//529 349//529
f 347//530 409//530 346//530
f 409//531 410//531 346//531
f 410//532 407//532 346//532
f 411//533 351//533 348//533
f 408//534 412//534 348//534
f 412//535 411//535 348//535
f 350//536 413//536 347//536
f 413//537 409//537 347//537
f 411//538 414//538 351//538
f 414//539 353//539 351//539
f 415//540 416//540 350//540
f 417//541 415//541 350//541
f 416//542 418//542 350//542
f 418//543 413//543 350//543
f 419//544 417//544 350//544
f 354//545 419//545 350//545
f 414//546 420//546 353//546
f 420//547 421//547 353//547
f 421//548 422//548 353//548
f 422//549 423//549 353//549
f 423//550 424//550 353//550
f 424//551 425//551 353//551
f 425//552 426//552 353//552
f 426//553 352//553 353//553
f 427//554 419//554 354//554
f 280//555 428//555 354//555
f 428//555 427//555 354//555
f 426//556 283//556 352//556
f 281//557 429//557 280//557
f 429//557 428//557 280//557
f 426//556 430//556 283//556
f 430//558 285//558 283//558
f 286//559 431//559 281//559
f 431//559 429//559 281//559
f 432//560 284//560 285//560
f 430//558 432//558 285//558
f 287//561 431//561 286//561
f 432//560 433//560 284//560
f 433//562 289//562 284//562
f 288//563 434//563 287//563
f 434//564 431//564 287//564
f 433//565 435//565 289//565
f 435//566 290//566 289//566
f 292//567 434//567 288//567
f 435//568 293//568 290//568
f 291//569 436//569 292//569
f 436//570 434//570 292//570
f 435//571 437//571 293//571
f 437//572 296//572 293//572
f 438//573 439//573 291//573
f 439//574 440//574 291//574
f 440//575 441//575 291//575
f 441//576 442//576 291//576
f 442//577 436//577 291//577
f 303//578 443//578 291//578
f 443//579 444//579 291//579
f 444//580 438//580 291//580
f 437//581 445//581 296//581
f 445//582 446//582 296//582
f 446//583 447//583 296//583
f 447//584 448//584 296//584
f 448//585 449//585 296//585
f 449//586 450//586 296//586
f 450//587 306//587 296//587
f 305//588 451//588 303//588
f 451//589 443//589 303//589
f 450//590 307//590 306//590
f 304//591 452//591 305//591
f 452//592 453//592 305//592
f 453//593 451//593 305//593
f 450//594 454//594 307//594
f 454//595 455//595 307//595
f 455//596 456//596 307//596
f 456//597 362//597 307//597
f 308//598 367//598 309//598
f 457//599 458//599 357//599
f 356//600 457//600 357//600
f 458//95 120//95 357//95
f 365//601 459//601 297//601
f 459//602 460//602 297//602
f 460//603 360//603 297//603
f 461//604 462//604 364//604
f 463//605 461//605 364//605
f 363//606 464//606 364//606
f 464//606 463//606 364//606
f 462//607 366//607 364//607
f 361//608 465//608 304//608
f 465//609 452//609 304//609
f 456//610 466//610 362//610
f 466//611 363//611 362//611
f 369//612 467//612 301//612
f 467//613 468//613 301//613
f 468//614 365//614 301//614
f 469//615 470//615 366//615
f 470//616 370//616 366//616
f 462//617 469//617 366//617
f 360//618 465//618 361//618
f 466//619 471//619 363//619
f 471//620 464//620 363//620
f 358//621 271//621 355//621
f 269//622 457//622 356//622
f 370//623 313//623 312//623
f 213//624 472//624 308//624
f 473//625 367//625 308//625
f 472//626 473//626 308//626
f 473//627 474//627 367//627
f 474//628 475//628 367//628
f 475//629 369//629 367//629
f 476//630 477//630 370//630
f 478//631 476//631 370//631
f 470//632 478//632 370//632
f 477//633 313//633 370//633
f 479//634 270//634 313//634
f 477//635 479//635 313//635
f 468//636 480//636 365//636
f 480//637 459//637 365//637
f 461//638 481//638 462//638
f 481//639 469//639 462//639
f 460//640 482//640 360//640
f 482//641 465//641 360//641
f 471//642 463//642 464//642
f 475//643 483//643 369//643
f 483//644 484//644 369//644
f 484//645 467//645 369//645
f 469//646 485//646 470//646
f 485//647 486//647 470//647
f 486//648 478//648 470//648
f 487//649 465//649 482//649
f 488//650 487//650 482//650
f 460//651 488//651 482//651
f 489//652 490//652 463//652
f 471//653 489//653 463//653
f 490//654 461//654 463//654
f 491//85 492//85 488//85
f 492//85 487//85 488//85
f 459//655 480//655 488//655
f 480//656 468//656 488//656
f 468//657 467//657 488//657
f 467//658 484//658 488//658
f 484//659 483//659 488//659
f 483//660 491//660 488//660
f 460//661 459//661 488//661
f 466//662 489//662 471//662
f 493//663 494//663 458//663
f 457//664 493//664 458//664
f 494//665 120//665 458//665
f 489//85 495//85 490//85
f 495//85 496//85 490//85
f 496//666 476//666 490//666
f 476//667 478//667 490//667
f 478//668 486//668 490//668
f 486//669 485//669 490//669
f 485//670 469//670 490//670
f 469//671 481//671 490//671
f 481//672 461//672 490//672
f 368//673 497//673 358//673
f 497//674 498//674 358//674
f 498//440 271//440 358//440
f 269//322 493//322 457//322
f 499//675 497//675 368//675
f 119//676 499//676 368//676
f 500//677 501//677 213//677
f 501//678 472//678 213//678
f 502//679 500//679 213//679
f 503//680 502//680 213//680
f 272//681 503//681 213//681
f 504//682 268//682 270//682
f 505//683 504//683 270//683
f 479//683 505//683 270//683
f 501//684 473//684 472//684
f 487//685 452//685 465//685
f 477//635 505//635 479//635
f 500//686 473//686 501//686
f 456//687 489//687 466//687
f 506//85 507//85 489//85
f 507//85 495//85 489//85
f 455//688 506//688 489//688
f 456//689 455//689 489//689
f 502//690 508//690 500//690
f 509//691 473//691 500//691
f 508//692 509//692 500//692
f 477//635 504//635 505//635
f 487//693 453//693 452//693
f 492//85 510//85 487//85
f 510//694 451//694 487//694
f 451//695 453//695 487//695
f 511//696 512//696 473//696
f 512//697 474//697 473//697
f 509//698 511//698 473//698
f 513//699 514//699 477//699
f 514//700 515//700 477//700
f 515//701 504//701 477//701
f 476//702 513//702 477//702
f 119//703 516//703 499//703
f 516//703 517//703 499//703
f 517//703 518//703 499//703
f 498//704 497//704 499//704
f 518//705 498//705 499//705
f 519//1 520//1 119//1
f 120//1 519//1 119//1
f 520//706 521//706 119//706
f 521//706 516//706 119//706
f 494//703 522//703 120//703
f 523//1 519//1 120//1
f 524//1 523//1 120//1
f 522//707 524//707 120//707
f 525//703 526//703 494//703
f 526//703 527//703 494//703
f 527//703 522//703 494//703
f 528//708 525//708 494//708
f 493//709 528//709 494//709
f 529//703 521//703 520//703
f 519//703 529//703 520//703
f 530//710 531//710 519//710
f 523//711 530//711 519//711
f 531//703 529//703 519//703
f 532//712 533//712 523//712
f 533//713 530//713 523//713
f 524//1 534//1 523//1
f 534//714 532//714 523//714
f 535//715 536//715 534//715
f 536//716 537//716 534//716
f 537//716 532//716 534//716
f 524//703 535//703 534//703
f 522//707 538//707 524//707
f 538//703 539//703 524//703
f 539//703 535//703 524//703
f 533//717 540//717 530//717
f 540//718 531//718 530//718
f 537//719 540//719 532//719
f 540//720 533//720 532//720
f 454//721 506//721 455//721
f 475//722 491//722 483//722
f 502//85 503//85 491//85
f 503//85 492//85 491//85
f 512//723 511//723 491//723
f 474//724 512//724 491//724
f 511//725 509//725 491//725
f 509//726 508//726 491//726
f 508//727 502//727 491//727
f 475//728 474//728 491//728
f 495//85 541//85 496//85
f 542//729 515//729 496//729
f 541//730 542//730 496//730
f 515//731 514//731 496//731
f 514//732 513//732 496//732
f 513//733 476//733 496//733
f 543//734 531//734 540//734
f 537//735 543//735 540//735
f 536//736 544//736 537//736
f 544//737 543//737 537//737
f 535//738 544//738 536//738
f 521//739 517//739 516//739
f 545//740 538//740 522//740
f 546//741 545//741 522//741
f 527//742 546//742 522//742
f 547//743 517//743 521//743
f 548//703 547//703 521//703
f 549//703 548//703 521//703
f 529//703 549//703 521//703
f 545//740 550//740 538//740
f 550//703 551//703 538//703
f 551//703 539//703 538//703
f 552//744 268//744 504//744
f 553//745 552//745 504//745
f 541//746 553//746 504//746
f 515//747 542//747 504//747
f 542//748 541//748 504//748
f 510//749 443//749 451//749
f 450//750 506//750 454//750
f 554//751 396//751 399//751
f 402//752 554//752 399//752
f 555//753 403//753 404//753
f 400//754 555//754 404//754
f 510//755 444//755 443//755
f 544//756 531//756 543//756
f 555//757 406//757 403//757
f 401//758 554//758 402//758
f 555//759 408//759 406//759
f 554//760 397//760 396//760
f 405//761 554//761 401//761
f 398//762 555//762 400//762
f 544//763 556//763 531//763
f 556//703 557//703 531//703
f 557//703 558//703 531//703
f 558//703 529//703 531//703
f 559//764 556//764 544//764
f 535//765 559//765 544//765
f 449//766 506//766 450//766
f 560//767 561//767 535//767
f 561//768 559//768 535//768
f 539//703 560//703 535//703
f 560//769 562//769 561//769
f 562//770 559//770 561//770
f 563//771 556//771 559//771
f 562//772 563//772 559//772
f 548//773 564//773 547//773
f 564//774 565//774 547//774
f 565//775 517//775 547//775
f 546//776 566//776 545//776
f 566//777 550//777 545//777
f 566//778 551//778 550//778
f 548//779 567//779 564//779
f 567//780 565//780 564//780
f 546//781 551//781 566//781
f 568//85 569//85 541//85
f 495//85 568//85 541//85
f 569//782 553//782 541//782
f 269//442 528//442 493//442
f 554//783 393//783 397//783
f 555//784 412//784 408//784
f 554//785 394//785 393//785
f 395//786 555//786 398//786
f 548//787 570//787 567//787
f 570//788 571//788 567//788
f 571//789 565//789 567//789
f 407//790 554//790 405//790
f 392//791 555//791 395//791
f 572//792 573//792 551//792
f 546//793 572//793 551//793
f 573//703 539//703 551//703
f 569//794 552//794 553//794
f 568//795 552//795 569//795
f 568//795 268//795 552//795
f 574//796 573//796 572//796
f 546//797 574//797 572//797
f 575//798 556//798 563//798
f 576//799 575//799 563//799
f 562//800 576//800 563//800
f 548//801 577//801 570//801
f 577//802 571//802 570//802
f 578//796 573//796 574//796
f 579//803 578//803 574//803
f 546//804 579//804 574//804
f 580//805 579//805 546//805
f 527//806 580//806 546//806
f 548//807 581//807 577//807
f 581//808 571//808 577//808
f 449//809 507//809 506//809
f 448//810 507//810 449//810
f 555//811 411//811 412//811
f 554//812 380//812 394//812
f 560//813 576//813 562//813
f 414//814 411//814 555//814
f 391//815 414//815 555//815
f 392//816 391//816 555//816
f 410//817 554//817 407//817
f 409//818 554//818 410//818
f 510//819 438//819 444//819
f 571//820 582//820 565//820
f 582//821 517//821 565//821
f 583//822 573//822 578//822
f 579//823 583//823 578//823
f 584//824 579//824 580//824
f 527//806 584//806 580//806
f 581//825 585//825 571//825
f 585//826 586//826 571//826
f 586//827 587//827 571//827
f 587//828 582//828 571//828
f 588//823 583//823 579//823
f 589//829 588//829 579//829
f 584//830 590//830 579//830
f 590//831 589//831 579//831
f 492//832 439//832 510//832
f 439//819 438//819 510//819
f 591//833 576//833 560//833
f 592//834 593//834 560//834
f 593//835 594//835 560//835
f 594//836 591//836 560//836
f 539//703 592//703 560//703
f 591//837 575//837 576//837
f 587//838 517//838 582//838
f 447//839 507//839 448//839
f 409//840 380//840 554//840
f 595//703 518//703 517//703
f 586//841 595//841 517//841
f 587//842 586//842 517//842
f 526//843 590//843 527//843
f 590//844 584//844 527//844
f 548//807 596//807 581//807
f 596//845 585//845 581//845
f 588//846 573//846 583//846
f 597//847 556//847 575//847
f 591//848 597//848 575//848
f 594//849 597//849 591//849
f 588//850 598//850 573//850
f 598//703 599//703 573//703
f 600//703 539//703 573//703
f 601//703 600//703 573//703
f 599//703 601//703 573//703
f 602//851 598//851 588//851
f 589//852 602//852 588//852
f 603//853 604//853 548//853
f 604//854 596//854 548//854
f 605//703 603//703 548//703
f 549//703 605//703 548//703
f 604//855 606//855 596//855
f 606//856 585//856 596//856
f 607//857 556//857 597//857
f 594//858 607//858 597//858
f 595//703 608//703 518//703
f 608//859 609//859 518//859
f 610//860 498//860 518//860
f 609//861 610//861 518//861
f 611//703 612//703 525//703
f 612//703 526//703 525//703
f 613//862 611//862 525//862
f 528//863 613//863 525//863
f 603//864 614//864 604//864
f 614//865 606//865 604//865
f 610//440 271//440 498//440
f 269//442 613//442 528//442
f 615//866 381//866 380//866
f 409//867 615//867 380//867
f 616//868 420//868 414//868
f 391//869 616//869 414//869
f 413//870 615//870 409//870
f 390//871 616//871 391//871
f 617//872 598//872 602//872
f 618//873 617//873 602//873
f 589//874 618//874 602//874
f 603//875 619//875 614//875
f 619//876 606//876 614//876
f 615//877 382//877 381//877
f 616//878 421//878 420//878
f 418//879 615//879 413//879
f 389//880 616//880 390//880
f 620//881 589//881 590//881
f 526//882 620//882 590//882
f 593//883 607//883 594//883
f 621//884 618//884 589//884
f 622//885 621//885 589//885
f 620//886 622//886 589//886
f 623//887 624//887 585//887
f 624//888 625//888 585//888
f 625//889 586//889 585//889
f 606//890 623//890 585//890
f 626//891 622//891 620//891
f 526//882 626//882 620//882
f 625//892 595//892 586//892
f 495//85 627//85 568//85
f 627//893 268//893 568//893
f 628//85 629//85 503//85
f 629//85 492//85 503//85
f 271//894 628//894 503//894
f 272//894 271//894 503//894
f 627//893 269//893 268//893
f 630//895 598//895 617//895
f 618//896 630//896 617//896
f 621//897 631//897 618//897
f 631//898 630//898 618//898
f 619//899 632//899 606//899
f 632//900 623//900 606//900
f 492//901 440//901 439//901
f 633//902 556//902 607//902
f 593//703 634//703 607//703
f 634//703 633//703 607//703
f 592//903 634//903 593//903
f 624//904 595//904 625//904
f 615//905 383//905 382//905
f 616//906 422//906 421//906
f 446//907 507//907 447//907
f 631//908 598//908 630//908
f 603//909 635//909 619//909
f 635//910 632//910 619//910
f 416//911 615//911 418//911
f 388//912 616//912 389//912
f 633//913 557//913 556//913
f 636//913 557//913 633//913
f 634//703 636//703 633//703
f 603//914 637//914 635//914
f 637//915 638//915 635//915
f 638//916 632//916 635//916
f 384//917 383//917 615//917
f 415//918 384//918 615//918
f 416//919 415//919 615//919
f 423//920 422//920 616//920
f 387//921 423//921 616//921
f 388//922 387//922 616//922
f 603//923 639//923 637//923
f 639//924 638//924 637//924
f 640//925 598//925 631//925
f 641//926 640//926 631//926
f 621//927 641//927 631//927
f 642//928 621//928 622//928
f 643//929 642//929 622//929
f 644//930 643//930 622//930
f 626//931 644//931 622//931
f 645//932 646//932 623//932
f 646//933 624//933 623//933
f 632//934 645//934 623//934
f 526//935 644//935 626//935
f 647//936 641//936 621//936
f 642//937 647//937 621//937
f 646//938 595//938 624//938
f 648//939 645//939 632//939
f 638//940 648//940 632//940
f 649//941 598//941 640//941
f 641//942 649//942 640//942
f 609//440 271//440 610//440
f 650//943 611//943 613//943
f 269//442 650//442 613//442
f 651//85 495//85 507//85
f 446//944 445//944 507//944
f 445//945 652//945 507//945
f 652//946 651//946 507//946
f 492//947 441//947 440//947
f 647//948 649//948 641//948
f 639//949 653//949 638//949
f 653//950 648//950 638//950
f 437//951 652//951 445//951
f 645//952 654//952 646//952
f 654//953 595//953 646//953
f 655//703 608//703 595//703
f 654//954 656//954 595//954
f 656//955 655//955 595//955
f 612//956 657//956 526//956
f 657//935 644//935 526//935
f 645//952 656//952 654//952
f 658//957 659//957 592//957
f 659//957 634//957 592//957
f 539//703 658//703 592//703
f 659//703 636//703 634//703
f 657//958 643//958 644//958
f 442//959 441//959 492//959
f 629//960 660//960 492//960
f 660//961 661//961 492//961
f 661//962 442//962 492//962
f 603//963 662//963 639//963
f 662//964 653//964 639//964
f 663//965 385//965 384//965
f 415//966 663//966 384//966
f 664//967 424//967 423//967
f 387//968 664//968 423//968
f 386//969 664//969 387//969
f 417//970 663//970 415//970
f 665//971 599//971 598//971
f 649//972 665//972 598//972
f 647//973 665//973 649//973
f 666//974 656//974 645//974
f 667//975 666//975 645//975
f 648//976 667//976 645//976
f 668//977 669//977 643//977
f 669//978 642//978 643//978
f 657//979 670//979 643//979
f 670//980 668//980 643//980
f 671//981 667//981 648//981
f 653//982 671//982 648//982
f 672//983 647//983 642//983
f 669//984 672//984 642//984
f 673//985 379//985 385//985
f 663//986 673//986 385//986
f 674//987 425//987 424//987
f 664//988 674//988 424//988
f 675//989 676//989 603//989
f 676//963 662//963 603//963
f 605//703 675//703 603//703
f 676//990 677//990 662//990
f 677//991 653//991 662//991
f 612//992 670//992 657//992
f 666//993 655//993 656//993
f 677//994 678//994 653//994
f 678//995 671//995 653//995
f 672//996 679//996 647//996
f 679//997 680//997 647//997
f 680//998 665//998 647//998
f 419//999 681//999 417//999
f 681//1000 663//1000 417//1000
f 378//1001 682//1001 386//1001
f 682//1002 664//1002 386//1002
f 683//1003 599//1003 665//1003
f 680//1004 683//1004 665//1004
f 675//1005 684//1005 676//1005
f 684//1006 677//1006 676//1006
f 685//1007 668//1007 670//1007
f 612//1008 685//1008 670//1008
f 661//1009 436//1009 442//1009
f 686//85 687//85 627//85
f 495//85 686//85 627//85
f 688//560 269//560 627//560
f 687//560 688//560 627//560
f 689//85 629//85 628//85
f 271//559 689//559 628//559
f 609//440 690//440 271//440
f 690//559 689//559 271//559
f 691//442 692//442 269//442
f 692//442 650//442 269//442
f 693//560 691//560 269//560
f 688//560 693//560 269//560
f 608//559 694//559 609//559
f 694//559 695//559 609//559
f 695//440 690//440 609//440
f 696//560 611//560 650//560
f 692//560 696//560 650//560
f 655//703 694//703 608//703
f 696//703 612//703 611//703
f 684//1010 697//1010 677//1010
f 697//1011 678//1011 677//1011
f 679//1012 683//1012 680//1012
f 698//1013 599//1013 683//1013
f 679//1014 698//1014 683//1014
f 437//1015 699//1015 652//1015
f 699//1016 651//1016 652//1016
f 700//1017 701//1017 663//1017
f 701//1018 673//1018 663//1018
f 702//1019 700//1019 663//1019
f 703//1020 702//1020 663//1020
f 681//1021 703//1021 663//1021
f 704//1022 705//1022 664//1022
f 705//1023 674//1023 664//1023
f 706//1024 704//1024 664//1024
f 707//1025 706//1025 664//1025
f 682//1026 707//1026 664//1026
f 701//1027 379//1027 673//1027
f 705//1028 425//1028 674//1028
f 708//1029 672//1029 669//1029
f 668//1030 708//1030 669//1030
f 709//1031 667//1031 671//1031
f 710//1032 709//1032 671//1032
f 678//1033 710//1033 671//1033
f 667//1034 711//1034 666//1034
f 711//1035 655//1035 666//1035
f 685//1036 712//1036 668//1036
f 713//1037 708//1037 668//1037
f 712//1038 713//1038 668//1038
f 419//1039 703//1039 681//1039
f 378//1040 707//1040 682//1040
f 714//1041 711//1041 667//1041
f 709//1042 714//1042 667//1042
f 636//1043 558//1043 557//1043
f 715//1043 558//1043 636//1043
f 716//1044 717//1044 636//1044
f 659//703 716//703 636//703
f 717//703 715//703 636//703
f 612//1045 712//1045 685//1045
f 714//1046 655//1046 711//1046
f 718//1047 719//1047 720//1047
f 721//1047 718//1047 720//1047
f 722//1048 721//1048 720//1048
f 723//1049 722//1049 720//1049
f 719//1049 723//1049 720//1049
f 718//1047 724//1047 719//1047
f 725//1050 723//1050 719//1050
f 724//1050 725//1050 719//1050
f 726//1047 718//1047 721//1047
f 727//1051 726//1051 721//1051
f 722//1048 727//1048 721//1048
f 718//1047 728//1047 724//1047
f 729//1052 725//1052 724//1052
f 728//1052 729//1052 724//1052
f 730//1047 718//1047 726//1047
f 731//1053 730//1053 726//1053
f 727//1051 731//1051 726//1051
f 718//1047 732//1047 728//1047
f 733//1054 729//1054 728//1054
f 732//1054 733//1054 728//1054
f 734//1047 718//1047 730//1047
f 735//1055 734//1055 730//1055
f 731//1053 735//1053 730//1053
f 736//1047 718//1047 734//1047
f 737//1056 736//1056 734//1056
f 735//1055 737//1055 734//1055
f 738//1047 732//1047 718//1047
f 739//1047 740//1047 718//1047
f 740//1047 741//1047 718//1047
f 741//1047 738//1047 718//1047
f 736//1047 742//1047 718//1047
f 742//1047 743//1047 718//1047
f 743//1047 739//1047 718//1047
f 744//1057 733//1057 732//1057
f 738//1057 744//1057 732//1057
f 745//1058 742//1058 736//1058
f 737//1056 745//1056 736//1056
f 746//1059 744//1059 738//1059
f 741//1059 746//1059 738//1059
f 747//1060 743//1060 742//1060
f 745//1058 747//1058 742//1058
f 748//1061 746//1061 741//1061
f 740//1061 748//1061 741//1061
f 749//1062 739//1062 743//1062
f 747//1060 749//1060 743//1060
f 750//1063 748//1063 740//1063
f 739//1063 750//1063 740//1063
f 749//1062 750//1062 739//1062
f 660//1064 436//1064 661//1064
f 675//1065 751//1065 684//1065
f 752//1066 697//1066 684//1066
f 751//1067 752//1067 684//1067
f 437//1068 753//1068 699//1068
f 753//1069 651//1069 699//1069
f 753//1070 754//1070 651//1070
f 754//1071 755//1071 651//1071
f 755//1072 495//1072 651//1072
f 700//1073 379//1073 701//1073
f 756//1074 713//1074 712//1074
f 612//1075 756//1075 712//1075
f 704//1076 425//1076 705//1076
f 419//1077 702//1077 703//1077
f 378//1078 706//1078 707//1078
f 672//1079 757//1079 679//1079
f 757//1080 698//1080 679//1080
f 752//1081 678//1081 697//1081
f 752//1082 758//1082 678//1082
f 758//1083 759//1083 678//1083
f 759//1084 760//1084 678//1084
f 760//1085 710//1085 678//1085
f 437//1086 754//1086 753//1086
f 761//1087 599//1087 698//1087
f 757//1088 761//1088 698//1088
f 762//1089 763//1089 672//1089
f 764//1090 762//1090 672//1090
f 708//1091 764//1091 672//1091
f 763//1092 757//1092 672//1092
f 765//1093 709//1093 710//1093
f 766//1094 765//1094 710//1094
f 760//1095 766//1095 710//1095
f 767//1096 764//1096 708//1096
f 713//1097 767//1097 708//1097
f 751//1098 758//1098 752//1098
f 763//1099 761//1099 757//1099
f 539//1100 716//1100 658//1100
f 716//1100 659//1100 658//1100
f 768//1101 714//1101 709//1101
f 769//1102 768//1102 709//1102
f 765//1103 769//1103 709//1103
f 756//1104 770//1104 713//1104
f 770//1105 771//1105 713//1105
f 772//1106 767//1106 713//1106
f 771//1107 772//1107 713//1107
f 419//1108 773//1108 702//1108
f 773//1109 774//1109 702//1109
f 774//1110 700//1110 702//1110
f 378//1078 775//1078 706//1078
f 775//1111 776//1111 706//1111
f 776//1112 704//1112 706//1112
f 777//1113 379//1113 700//1113
f 774//1114 777//1114 700//1114
f 778//1115 425//1115 704//1115
f 776//1116 778//1116 704//1116
f 768//1117 655//1117 714//1117
f 779//1118 599//1118 761//1118
f 763//1119 779//1119 761//1119
f 780//1120 436//1120 660//1120
f 629//1121 780//1121 660//1121
f 781//85 782//85 629//85
f 783//85 781//85 629//85
f 689//85 783//85 629//85
f 784//1122 785//1122 629//1122
f 785//1123 780//1123 629//1123
f 782//1124 786//1124 629//1124
f 786//1125 787//1125 629//1125
f 787//1126 784//1126 629//1126
f 779//1127 601//1127 599//1127
f 769//1128 655//1128 768//1128
f 612//1129 770//1129 756//1129
f 788//1130 694//1130 655//1130
f 769//1131 788//1131 655//1131
f 696//1132 771//1132 612//1132
f 771//1133 770//1133 612//1133
f 765//1134 788//1134 769//1134
f 789//1135 379//1135 777//1135
f 774//1136 789//1136 777//1136
f 790//1137 425//1137 778//1137
f 776//1138 790//1138 778//1138
f 785//1139 436//1139 780//1139
f 378//1140 791//1140 775//1140
f 791//1141 776//1141 775//1141
f 419//1142 792//1142 773//1142
f 792//1143 774//1143 773//1143
f 675//1144 793//1144 751//1144
f 793//1145 758//1145 751//1145
f 675//1146 794//1146 793//1146
f 795//1147 758//1147 793//1147
f 794//1148 795//1148 793//1148
f 605//1149 794//1149 675//1149
f 686//1150 796//1150 687//1150
f 796//1151 797//1151 687//1151
f 797//1152 798//1152 687//1152
f 798//1153 688//1153 687//1153
f 690//559 799//559 689//559
f 799//1154 800//1154 689//1154
f 800//1155 783//1155 689//1155
f 798//1156 801//1156 688//1156
f 801//1157 802//1157 688//1157
f 802//1158 693//1158 688//1158
f 437//1159 803//1159 754//1159
f 803//1160 755//1160 754//1160
f 804//1161 805//1161 776//1161
f 791//1162 804//1162 776//1162
f 805//1163 806//1163 776//1163
f 806//1164 807//1164 776//1164
f 807//1165 790//1165 776//1165
f 792//1166 808//1166 774//1166
f 809//1167 789//1167 774//1167
f 808//1168 810//1168 774//1168
f 810//1169 811//1169 774//1169
f 811//1170 809//1170 774//1170
f 799//1171 812//1171 800//1171
f 812//1172 813//1172 800//1172
f 813//1173 783//1173 800//1173
f 797//1174 814//1174 798//1174
f 814//1175 801//1175 798//1175
f 815//1176 601//1176 779//1176
f 763//1177 815//1177 779//1177
f 816//1178 813//1178 812//1178
f 799//1179 816//1179 812//1179
f 817//1180 818//1180 813//1180
f 816//1181 817//1181 813//1181
f 818//1182 783//1182 813//1182
f 809//1183 379//1183 789//1183
f 819//1184 425//1184 790//1184
f 807//1185 819//1185 790//1185
f 796//1186 820//1186 797//1186
f 820//1187 821//1187 797//1187
f 821//1188 814//1188 797//1188
f 822//1189 767//1189 772//1189
f 823//1190 822//1190 772//1190
f 824//1191 823//1191 772//1191
f 771//1192 824//1192 772//1192
f 825//1193 826//1193 765//1193
f 827//1194 788//1194 765//1194
f 826//1195 827//1195 765//1195
f 766//1196 825//1196 765//1196
f 696//1197 824//1197 771//1197
f 378//1198 804//1198 791//1198
f 419//1199 808//1199 792//1199
f 686//1200 820//1200 796//1200
f 828//1201 815//1201 763//1201
f 829//1202 828//1202 763//1202
f 762//1203 829//1203 763//1203
f 828//1204 601//1204 815//1204
f 806//1205 819//1205 807//1205
f 830//1206 810//1206 808//1206
f 419//1207 830//1207 808//1207
f 784//1208 436//1208 785//1208
f 715//1209 529//1209 558//1209
f 831//1209 529//1209 715//1209
f 717//703 831//703 715//703
f 795//1210 759//1210 758//1210
f 832//1211 828//1211 829//1211
f 762//1212 832//1212 829//1212
f 833//1213 834//1213 835//1213
f 836//1214 833//1214 835//1214
f 837//1215 836//1215 835//1215
f 834//1216 837//1216 835//1216
f 817//1217 838//1217 818//1217
f 838//1218 783//1218 818//1218
f 837//1219 834//1219 839//1219
f 834//1220 840//1220 839//1220
f 840//1221 841//1221 839//1221
f 841//1222 842//1222 839//1222
f 842//1223 843//1223 839//1223
f 843//1224 837//1224 839//1224
f 844//1225 836//1225 837//1225
f 843//1226 845//1226 837//1226
f 845//1227 844//1227 837//1227
f 833//1228 840//1228 834//1228
f 846//1229 823//1229 824//1229
f 696//1230 846//1230 824//1230
f 827//1231 694//1231 788//1231
f 605//1232 847//1232 794//1232
f 847//1233 795//1233 794//1233
f 795//1234 848//1234 759//1234
f 848//1235 760//1235 759//1235
f 848//1236 766//1236 760//1236
f 764//1237 849//1237 762//1237
f 849//1212 832//1212 762//1212
f 833//1238 850//1238 840//1238
f 850//1239 841//1239 840//1239
f 767//1240 849//1240 764//1240
f 851//1241 833//1241 836//1241
f 844//1242 851//1242 836//1242
f 811//1243 379//1243 809//1243
f 805//1244 819//1244 806//1244
f 852//1245 851//1245 844//1245
f 845//1246 852//1246 844//1246
f 817//1247 853//1247 838//1247
f 853//1248 854//1248 838//1248
f 854//1249 855//1249 838//1249
f 856//1250 783//1250 838//1250
f 855//1251 856//1251 838//1251
f 856//85 781//85 783//85
f 857//1252 845//1252 843//1252
f 858//1253 857//1253 843//1253
f 842//1254 858//1254 843//1254
f 722//1047 373//1047 372//1047
f 371//1047 722//1047 372//1047
f 727//1047 722//1047 371//1047
f 374//1047 727//1047 371//1047
f 723//1047 375//1047 373//1047
f 722//1047 723//1047 373//1047
f 731//1047 727//1047 374//1047
f 376//1047 731//1047 374//1047
f 723//1047 725//1047 375//1047
f 725//1047 377//1047 375//1047
f 379//1047 731//1047 376//1047
f 725//1047 378//1047 377//1047
f 735//1047 731//1047 379//1047
f 811//1047 735//1047 379//1047
f 805//1047 804//1047 378//1047
f 729//1047 805//1047 378//1047
f 725//1047 729//1047 378//1047
f 737//1047 735//1047 811//1047
f 810//1047 737//1047 811//1047
f 432//1047 430//1047 729//1047
f 733//1047 435//1047 729//1047
f 435//1047 433//1047 729//1047
f 433//1047 432//1047 729//1047
f 430//1047 426//1047 729//1047
f 426//1047 425//1047 729//1047
f 425//1047 819//1047 729//1047
f 819//1047 805//1047 729//1047
f 810//1047 745//1047 737//1047
f 744//1047 435//1047 733//1047
f 810//1047 830//1047 745//1047
f 830//1047 747//1047 745//1047
f 746//1047 435//1047 744//1047
f 427//1047 749//1047 747//1047
f 830//1047 419//1047 747//1047
f 419//1047 427//1047 747//1047
f 748//1047 435//1047 746//1047
f 434//1047 750//1047 749//1047
f 427//1047 428//1047 749//1047
f 428//1047 429//1047 749//1047
f 429//1047 431//1047 749//1047
f 431//1047 434//1047 749//1047
f 755//1047 435//1047 748//1047
f 787//1047 755//1047 748//1047
f 750//1047 787//1047 748//1047
f 434//1047 787//1047 750//1047
f 436//1047 787//1047 434//1047
f 755//1047 437//1047 435//1047
f 784//1047 787//1047 436//1047
f 755//1047 803//1047 437//1047
f 786//85 859//85 787//85
f 859//85 755//85 787//85
f 859//85 860//85 755//85
f 860//85 861//85 755//85
f 862//85 863//85 755//85
f 861//85 864//85 755//85
f 864//85 865//85 755//85
f 865//85 862//85 755//85
f 863//1255 495//1255 755//1255
f 862//85 866//85 863//85
f 867//1256 495//1256 863//1256
f 866//1256 867//1256 863//1256
f 867//85 868//85 495//85
f 869//85 686//85 495//85
f 868//85 869//85 495//85
f 870//1257 601//1257 828//1257
f 832//1258 870//1258 828//1258
f 871//1259 820//1259 686//1259
f 872//1260 871//1260 686//1260
f 869//1261 872//1261 686//1261
f 873//1262 874//1262 845//1262
f 874//1262 852//1262 845//1262
f 875//1263 873//1263 845//1263
f 857//1264 875//1264 845//1264
f 876//1265 877//1265 855//1265
f 854//1266 878//1266 855//1266
f 878//1267 876//1267 855//1267
f 877//1268 879//1268 855//1268
f 879//1269 856//1269 855//1269
f 880//1270 871//1270 872//1270
f 869//1271 880//1271 872//1271
f 847//1272 881//1272 795//1272
f 881//1273 848//1273 795//1273
f 605//1232 882//1232 847//1232
f 882//1274 881//1274 847//1274
f 826//1275 883//1275 827//1275
f 883//1276 694//1276 827//1276
f 848//1277 884//1277 766//1277
f 884//1278 885//1278 766//1278
f 885//1278 825//1278 766//1278
f 822//1279 886//1279 767//1279
f 886//1280 849//1280 767//1280
f 887//1281 833//1281 851//1281
f 852//1282 887//1282 851//1282
f 833//1283 888//1283 850//1283
f 889//1284 841//1284 850//1284
f 888//1285 889//1285 850//1285
f 890//1286 833//1286 887//1286
f 874//1287 890//1287 887//1287
f 852//1288 874//1288 887//1288
f 889//1289 842//1289 841//1289
f 891//1290 717//1290 539//1290
f 717//1291 716//1291 539//1291
f 600//703 891//703 539//703
f 892//1292 893//1292 717//1292
f 891//1293 892//1293 717//1293
f 894//703 895//703 717//703
f 895//703 896//703 717//703
f 896//703 897//703 717//703
f 897//703 831//703 717//703
f 898//559 894//559 717//559
f 899//559 898//559 717//559
f 893//559 899//559 717//559
f 892//1294 900//1294 893//1294
f 900//559 899//559 893//559
f 901//1295 902//1295 903//1295
f 904//1296 901//1296 903//1296
f 905//559 906//559 903//559
f 907//559 905//559 903//559
f 902//559 907//559 903//559
f 906//1297 904//1297 903//1297
f 901//1298 908//1298 902//1298
f 909//559 907//559 902//559
f 910//559 909//559 902//559
f 908//1299 910//1299 902//1299
f 877//1300 911//1300 879//1300
f 911//1301 856//1301 879//1301
f 912//1302 901//1302 904//1302
f 906//1303 912//1303 904//1303
f 600//1304 601//1304 870//1304
f 913//1305 600//1305 870//1305
f 832//1306 913//1306 870//1306
f 889//1289 914//1289 842//1289
f 915//1307 858//1307 842//1307
f 914//1308 915//1308 842//1308
f 885//1309 826//1309 825//1309
f 916//1310 875//1310 857//1310
f 917//1311 916//1311 857//1311
f 858//1312 917//1312 857//1312
f 823//1313 918//1313 822//1313
f 918//1313 886//1313 822//1313
f 919//1309 883//1309 826//1309
f 885//1309 919//1309 826//1309
f 920//85 859//85 786//85
f 782//1314 920//1314 786//1314
f 781//1314 920//1314 782//1314
f 846//1315 918//1315 823//1315
f 833//1316 921//1316 888//1316
f 921//1317 889//1317 888//1317
f 922//1318 923//1318 880//1318
f 923//1319 871//1319 880//1319
f 869//1320 922//1320 880//1320
f 924//1321 890//1321 874//1321
f 873//1322 924//1322 874//1322
f 925//1323 833//1323 890//1323
f 924//1324 925//1324 890//1324
f 926//559 927//559 906//559
f 905//559 926//559 906//559
f 927//1325 928//1325 906//1325
f 928//1326 912//1326 906//1326
f 833//1327 929//1327 921//1327
f 930//1328 889//1328 921//1328
f 929//1329 930//1329 921//1329
f 928//1330 901//1330 912//1330
f 931//1331 873//1331 875//1331
f 932//1332 931//1332 875//1332
f 916//1310 932//1310 875//1310
f 605//1333 933//1333 882//1333
f 934//1334 881//1334 882//1334
f 933//1335 934//1335 882//1335
f 930//1336 914//1336 889//1336
f 935//1337 936//1337 922//1337
f 936//1338 923//1338 922//1338
f 869//1339 935//1339 922//1339
f 605//1340 937//1340 933//1340
f 937//1341 934//1341 933//1341
f 549//1342 937//1342 605//1342
f 868//1343 938//1343 869//1343
f 938//1344 939//1344 869//1344
f 939//1345 935//1345 869//1345
f 940//1346 924//1346 873//1346
f 931//1347 940//1347 873//1347
f 901//1348 941//1348 908//1348
f 941//1349 910//1349 908//1349
f 942//1350 600//1350 913//1350
f 832//1351 942//1351 913//1351
f 925//1352 929//1352 833//1352
f 939//1353 943//1353 935//1353
f 943//1354 936//1354 935//1354
f 944//1355 945//1355 911//1355
f 877//1356 944//1356 911//1356
f 945//1357 856//1357 911//1357
f 946//1358 901//1358 928//1358
f 927//1359 946//1359 928//1359
f 947//1360 948//1360 945//1360
f 944//1361 947//1361 945//1361
f 948//1362 856//1362 945//1362
f 949//1363 950//1363 925//1363
f 950//1364 929//1364 925//1364
f 924//1365 949//1365 925//1365
f 950//1366 951//1366 929//1366
f 952//1367 930//1367 929//1367
f 951//1368 952//1368 929//1368
f 950//1369 953//1369 951//1369
f 953//1370 952//1370 951//1370
f 954//1371 950//1371 949//1371
f 924//1372 954//1372 949//1372
f 955//1373 941//1373 901//1373
f 946//1374 956//1374 901//1374
f 956//1375 955//1375 901//1375
f 891//1376 957//1376 892//1376
f 957//1377 900//1377 892//1377
f 958//1378 917//1378 858//1378
f 915//1379 958//1379 858//1379
f 959//559 695//559 694//559
f 960//559 961//559 694//559
f 962//559 959//559 694//559
f 963//559 962//559 694//559
f 961//559 963//559 694//559
f 883//559 960//559 694//559
f 692//560 964//560 696//560
f 965//560 846//560 696//560
f 964//560 965//560 696//560
f 919//559 960//559 883//559
f 965//1380 918//1380 846//1380
f 938//1381 966//1381 939//1381
f 966//1382 943//1382 939//1382
f 955//1383 910//1383 941//1383
f 927//1384 956//1384 946//1384
f 549//1385 967//1385 937//1385
f 968//1386 934//1386 937//1386
f 967//1387 968//1387 937//1387
f 831//1388 549//1388 529//1388
f 969//1389 549//1389 831//1389
f 897//703 969//703 831//703
f 947//1390 970//1390 948//1390
f 970//85 971//85 948//85
f 971//1391 856//1391 948//1391
f 972//85 966//85 938//85
f 868//1392 972//1392 938//1392
f 973//1393 940//1393 931//1393
f 974//1394 973//1394 931//1394
f 932//1332 974//1332 931//1332
f 956//1395 975//1395 955//1395
f 975//1396 976//1396 955//1396
f 976//1397 910//1397 955//1397
f 977//1398 975//1398 956//1398
f 927//1399 977//1399 956//1399
f 950//1400 978//1400 953//1400
f 978//1401 952//1401 953//1401
f 979//1402 600//1402 942//1402
f 832//1403 979//1403 942//1403
f 980//1404 932//1404 916//1404
f 981//1405 980//1405 916//1405
f 917//1406 981//1406 916//1406
f 982//1407 950//1407 954//1407
f 924//1408 982//1408 954//1408
f 862//85 972//85 866//85
f 868//1409 867//1409 866//1409
f 972//1409 868//1409 866//1409
f 983//85 920//85 971//85
f 970//85 983//85 971//85
f 781//1410 856//1410 971//1410
f 920//1410 781//1410 971//1410
f 984//1411 974//1411 932//1411
f 980//1404 984//1404 932//1404
f 952//1412 985//1412 930//1412
f 985//1413 914//1413 930//1413
f 986//1414 978//1414 950//1414
f 987//1415 986//1415 950//1415
f 982//1416 987//1416 950//1416
f 891//1417 988//1417 957//1417
f 988//1418 900//1418 957//1418
f 975//1419 989//1419 976//1419
f 989//1420 910//1420 976//1420
f 891//1421 990//1421 988//1421
f 990//1422 900//1422 988//1422
f 991//1423 975//1423 977//1423
f 927//1424 991//1424 977//1424
f 600//1425 990//1425 891//1425
f 992//1426 600//1426 979//1426
f 832//1427 992//1427 979//1427
f 993//1428 549//1428 969//1428
f 897//703 994//703 969//703
f 994//560 995//560 969//560
f 995//560 996//560 969//560
f 996//560 997//560 969//560
f 997//560 998//560 969//560
f 998//560 968//560 969//560
f 968//560 993//560 969//560
f 999//1429 549//1429 993//1429
f 968//1430 999//1430 993//1430
f 992//1431 990//1431 600//1431
f 986//1432 952//1432 978//1432
f 1000//1433 915//1433 914//1433
f 985//1434 1000//1434 914//1434
f 924//1435 987//1435 982//1435
f 549//1436 1001//1436 967//1436
f 1001//1437 968//1437 967//1437
f 983//85 859//85 920//85
f 900//1438 990//1438 992//1438
f 832//1439 900//1439 992//1439
f 549//1436 999//1436 1001//1436
f 999//1440 968//1440 1001//1440
f 862//85 1002//85 972//85
f 1002//85 966//85 972//85
f 975//1441 1003//1441 989//1441
f 1003//1442 910//1442 989//1442
f 1003//1443 975//1443 987//1443
f 975//1444 986//1444 987//1444
f 924//1445 1003//1445 987//1445
f 1004//1446 975//1446 991//1446
f 927//1447 1004//1447 991//1447
f 1004//1448 986//1448 975//1448
f 1004//1449 952//1449 986//1449
f 927//1450 952//1450 1004//1450
f 924//1451 910//1451 1003//1451
f 1005//559 909//559 910//559
f 1006//559 1005//559 910//559
f 1007//1452 1006//1452 910//1452
f 924//1453 1007//1453 910//1453
f 940//1454 1007//1454 924//1454
f 1008//1455 981//1455 917//1455
f 958//1456 1008//1456 917//1456
f 1009//1457 1006//1457 1007//1457
f 940//1458 1009//1458 1007//1458
f 1010//1458 1009//1458 940//1458
f 973//1459 1010//1459 940//1459
f 1011//1460 973//1460 974//1460
f 1012//1461 1011//1461 974//1461
f 984//1411 1012//1411 974//1411
f 1000//1433 1013//1433 915//1433
f 1014//1462 958//1462 915//1462
f 1013//1463 1014//1463 915//1463
f 1015//1464 1016//1464 980//1464
f 1016//1465 1017//1465 980//1465
f 1017//1466 984//1466 980//1466
f 1018//1464 1015//1464 980//1464
f 981//1467 1018//1467 980//1467
f 1019//560 1017//560 1016//560
f 1020//560 1019//560 1016//560
f 1015//560 1020//560 1016//560
f 1019//560 1021//560 1017//560
f 1021//1468 984//1468 1017//1468
f 1022//1469 1012//1469 984//1469
f 1021//1470 1022//1470 984//1470
f 1023//1471 848//1471 881//1471
f 934//1472 1023//1472 881//1472
f 1018//560 1020//560 1015//560
f 1023//1473 1024//1473 848//1473
f 1024//1474 884//1474 848//1474
f 1019//560 1022//560 1021//560
f 1025//1459 1010//1459 973//1459
f 1011//1475 1025//1475 973//1475
f 1026//559 899//559 900//559
f 1027//1476 1026//1476 900//1476
f 832//1477 1027//1477 900//1477
f 849//1478 1027//1478 832//1478
f 926//559 1028//559 927//559
f 1028//1479 952//1479 927//1479
f 964//560 1029//560 965//560
f 1029//1480 918//1480 965//1480
f 1028//1481 1030//1481 952//1481
f 1030//1482 985//1482 952//1482
f 1031//1483 1018//1483 981//1483
f 1008//1484 1031//1484 981//1484
f 886//1485 1032//1485 849//1485
f 1032//1478 1027//1478 849//1478
f 1031//1486 1020//1486 1018//1486
f 1033//560 1020//560 1031//560
f 1008//1487 1033//1487 1031//1487
f 1034//1488 1008//1488 958//1488
f 1014//1489 1034//1489 958//1489
f 1024//1490 1035//1490 884//1490
f 1035//1490 885//1490 884//1490
f 1019//560 1036//560 1022//560
f 1036//1491 1012//1491 1022//1491
f 1037//1492 1038//1492 1012//1492
f 1036//1493 1037//1493 1012//1493
f 1038//1494 1011//1494 1012//1494
f 918//1495 1039//1495 886//1495
f 1039//1485 1032//1485 886//1485
f 1040//560 1041//560 1036//560
f 1019//560 1042//560 1036//560
f 1042//560 1040//560 1036//560
f 1041//560 1043//560 1036//560
f 1043//560 1044//560 1036//560
f 1044//560 1045//560 1036//560
f 1045//560 1046//560 1036//560
f 1046//560 1047//560 1036//560
f 1047//560 1048//560 1036//560
f 1048//560 1049//560 1036//560
f 1049//560 1050//560 1036//560
f 1050//560 1051//560 1036//560
f 1052//560 1037//560 1036//560
f 1053//560 1054//560 1036//560
f 1054//560 1055//560 1036//560
f 1051//560 1056//560 1036//560
f 1056//560 1057//560 1036//560
f 1057//560 1053//560 1036//560
f 1055//560 1058//560 1036//560
f 1058//560 1059//560 1036//560
f 1059//560 1060//560 1036//560
f 1060//560 1061//560 1036//560
f 1061//560 1062//560 1036//560
f 1062//560 1052//560 1036//560
f 1063//1496 1030//1496 1028//1496
f 1064//1496 1063//1496 1028//1496
f 926//559 1064//559 1028//559
f 1063//1497 985//1497 1030//1497
f 1065//1498 1026//1498 1027//1498
f 1032//1499 1065//1499 1027//1499
f 1063//1500 1066//1500 985//1500
f 1066//1501 1000//1501 985//1501
f 1067//1475 1025//1475 1011//1475
f 1038//1502 1067//1502 1011//1502
f 1066//1503 1068//1503 1000//1503
f 1068//1504 1013//1504 1000//1504
f 1069//1505 919//1505 885//1505
f 1035//1506 1069//1506 885//1506
f 1070//1507 1026//1507 1065//1507
f 1071//1508 1070//1508 1065//1508
f 1032//1509 1071//1509 1065//1509
f 1039//1510 1071//1510 1032//1510
f 1072//559 899//559 1026//559
f 1073//559 1072//559 1026//559
f 1074//559 1073//559 1026//559
f 1070//1511 1074//1511 1026//1511
f 1075//1512 1063//1512 1064//1512
f 1076//1512 1075//1512 1064//1512
f 926//559 1073//559 1064//559
f 1073//559 1076//559 1064//559
f 1077//1513 1066//1513 1063//1513
f 1075//1514 1077//1514 1063//1514
f 1078//1515 1074//1515 1070//1515
f 1071//1516 1078//1516 1070//1516
f 1076//559 1073//559 1074//559
f 1078//1 1076//1 1074//1
f 1075//1 1076//1 1078//1
f 1079//1517 1077//1517 1078//1517
f 1077//1517 1075//1517 1078//1517
f 1071//1516 1079//1516 1078//1516
f 1029//1518 1080//1518 918//1518
f 1080//1519 1081//1519 918//1519
f 1081//1520 1039//1520 918//1520
f 1034//1488 1082//1488 1008//1488
f 1083//1487 1033//1487 1008//1487
f 1082//1521 1083//1521 1008//1521
f 1084//1522 1068//1522 1066//1522
f 1077//1523 1084//1523 1066//1523
f 1068//1524 1014//1524 1013//1524
f 1085//1525 1079//1525 1071//1525
f 1086//1526 1085//1526 1071//1526
f 1039//1527 1086//1527 1071//1527
f 1087//1528 1006//1528 1009//1528
f 1010//1529 1087//1529 1009//1529
f 1081//1530 1086//1530 1039//1530
f 1083//560 1020//560 1033//560
f 1085//1531 1084//1531 1079//1531
f 1084//1532 1077//1532 1079//1532
f 1088//1533 1089//1533 1010//1533
f 1089//1533 1087//1533 1010//1533
f 1025//1534 1088//1534 1010//1534
f 1069//559 960//559 919//559
f 968//1535 1090//1535 934//1535
f 1090//1536 1023//1536 934//1536
f 1091//1537 1092//1537 1085//1537
f 1092//1537 1084//1537 1085//1537
f 1086//1538 1091//1538 1085//1538
f 1092//1539 1068//1539 1084//1539
f 998//1540 1090//1540 968//1540
f 1037//1541 1093//1541 1038//1541
f 1093//1542 1094//1542 1038//1542
f 1094//1502 1067//1502 1038//1502
f 1095//560 1020//560 1083//560
f 1082//1543 1095//1543 1083//1543
f 1052//560 1093//560 1037//560
f 964//560 1080//560 1029//560
f 1096//1544 1014//1544 1068//1544
f 1097//1545 1096//1545 1068//1545
f 1092//1546 1097//1546 1068//1546
f 1098//1547 1099//1547 1086//1547
f 1099//1548 1091//1548 1086//1548
f 1081//1549 1098//1549 1086//1549
f 1052//560 1100//560 1093//560
f 1100//1550 1094//1550 1093//1550
f 1101//1551 1088//1551 1025//1551
f 1067//1552 1101//1552 1025//1552
f 1096//1553 1034//1553 1014//1553
f 1102//559 1005//559 1006//559
f 1103//559 1102//559 1006//559
f 1087//1554 1089//1554 1006//1554
f 1089//1555 1103//1555 1006//1555
f 1099//1556 1097//1556 1091//1556
f 1097//1556 1092//1556 1091//1556
f 1096//1557 1082//1557 1034//1557
f 1080//1558 1104//1558 1081//1558
f 1104//1558 1105//1558 1081//1558
f 1105//1559 1098//1559 1081//1559
f 964//560 1104//560 1080//560
f 998//1560 1106//1560 1090//1560
f 1107//1561 1023//1561 1090//1561
f 1106//1562 1107//1562 1090//1562
f 1107//1563 1108//1563 1023//1563
f 1108//1563 1024//1563 1023//1563
f 1109//1564 1101//1564 1067//1564
f 1094//1565 1109//1565 1067//1565
f 1110//1566 1111//1566 1099//1566
f 1111//1566 1097//1566 1099//1566
f 1098//1567 1110//1567 1099//1567
f 1111//1546 1096//1546 1097//1546
f 1112//1568 1082//1568 1096//1568
f 1111//1569 1112//1569 1096//1569
f 1105//1570 1113//1570 1098//1570
f 1113//1571 1114//1571 1098//1571
f 1114//1572 1110//1572 1098//1572
f 1112//1573 1095//1573 1082//1573
f 1112//560 1020//560 1095//560
f 964//560 1105//560 1104//560
f 1114//1574 1115//1574 1110//1574
f 1115//1574 1111//1574 1110//1574
f 1115//1569 1112//1569 1111//1569
f 1108//1575 1116//1575 1024//1575
f 1116//1575 1035//1575 1024//1575
f 1117//1576 1118//1576 1094//1576
f 1100//1550 1117//1550 1094//1550
f 1118//1577 1109//1577 1094//1577
f 1119//560 1120//560 1105//560
f 1121//560 1119//560 1105//560
f 964//560 1121//560 1105//560
f 1120//560 1122//560 1105//560
f 1122//560 1123//560 1105//560
f 1123//560 1124//560 1105//560
f 1124//560 1113//560 1105//560
f 1125//560 1117//560 1100//560
f 1052//560 1126//560 1100//560
f 1126//560 1127//560 1100//560
f 1127//560 1125//560 1100//560
f 1128//1578 1069//1578 1035//1578
f 1116//1578 1128//1578 1035//1578
f 1124//560 1114//560 1113//560
f 1115//560 1020//560 1112//560
f 1129//1579 1103//1579 1089//1579
f 1088//1580 1129//1580 1089//1580
f 1130//1580 1129//1580 1088//1580
f 1101//1581 1130//1581 1088//1581
f 1131//560 1115//560 1114//560
f 1124//560 1131//560 1114//560
f 1132//560 1020//560 1115//560
f 1131//560 1132//560 1115//560
f 1125//1582 1118//1582 1117//1582
f 1133//1581 1130//1581 1101//1581
f 1109//1583 1133//1583 1101//1583
f 1128//559 960//559 1069//559
f 998//1584 1134//1584 1106//1584
f 1134//1585 1135//1585 1106//1585
f 1135//1586 1107//1586 1106//1586
f 1136//1584 1134//1584 998//1584
f 997//560 1136//560 998//560
f 1137//1583 1133//1583 1109//1583
f 1118//1587 1137//1587 1109//1587
f 1135//1588 1138//1588 1107//1588
f 1138//1589 1108//1589 1107//1589
f 1136//1590 1139//1590 1134//1590
f 1139//1591 1140//1591 1134//1591
f 1140//1591 1135//1591 1134//1591
f 1141//1590 1139//1590 1136//1590
f 997//560 1141//560 1136//560
f 1141//1 1142//1 1139//1
f 1142//1592 1140//1592 1139//1592
f 1143//560 1144//560 1141//560
f 997//560 1143//560 1141//560
f 1144//1 1142//1 1141//1
f 1144//1593 1145//1593 1142//1593
f 1146//1594 1147//1594 1142//1594
f 1145//1595 1146//1595 1142//1595
f 1147//1596 1140//1596 1142//1596
f 1148//560 1149//560 1144//560
f 1143//560 1148//560 1144//560
f 1149//1597 1145//1597 1144//1597
f 1138//1598 1150//1598 1108//1598
f 1150//1598 1116//1598 1108//1598
f 1140//1599 1151//1599 1135//1599
f 1151//1600 1138//1600 1135//1600
f 1152//1601 1153//1601 1118//1601
f 1125//1582 1152//1582 1118//1582
f 1153//1602 1137//1602 1118//1602
f 1147//1603 1151//1603 1140//1603
f 1146//1604 1154//1604 1147//1604
f 1154//1605 1151//1605 1147//1605
f 1127//560 1152//560 1125//560
f 1149//1606 1155//1606 1145//1606
f 1155//1607 1146//1607 1145//1607
f 1146//1608 1156//1608 1154//1608
f 1156//1609 1157//1609 1154//1609
f 1157//1610 1158//1610 1154//1610
f 1158//1611 1151//1611 1154//1611
f 1158//1600 1138//1600 1151//1600
f 1159//559 1102//559 1103//559
f 1160//1612 1159//1612 1103//1612
f 1129//1613 1160//1613 1103//1613
f 1130//1580 1160//1580 1129//1580
f 1161//1614 1156//1614 1146//1614
f 1162//1614 1161//1614 1146//1614
f 1155//1607 1162//1607 1146//1607
f 1163//560 1164//560 1149//560
f 1148//560 1163//560 1149//560
f 1165//1606 1155//1606 1149//1606
f 1164//1615 1165//1615 1149//1615
f 1158//1616 1166//1616 1138//1616
f 1166//1617 1150//1617 1138//1617
f 1165//1618 1162//1618 1155//1618
f 1150//1619 1167//1619 1116//1619
f 1167//1619 1128//1619 1116//1619
f 1157//1620 1166//1620 1158//1620
f 1156//1621 1168//1621 1157//1621
f 1168//1622 1166//1622 1157//1622
f 1169//1623 1168//1623 1156//1623
f 1170//1624 1169//1624 1156//1624
f 1161//1624 1170//1624 1156//1624
f 1164//1625 1171//1625 1165//1625
f 1172//1626 1162//1626 1165//1626
f 1171//1627 1172//1627 1165//1627
f 1173//1628 1159//1628 1160//1628
f 1130//1629 1173//1629 1160//1629
f 1174//1630 1167//1630 1150//1630
f 1166//1631 1175//1631 1150//1631
f 1175//1632 1174//1632 1150//1632
f 1168//1633 1175//1633 1166//1633
f 1169//1634 1176//1634 1168//1634
f 1176//1635 1175//1635 1168//1635
f 1177//1636 1173//1636 1130//1636
f 1133//1637 1177//1637 1130//1637
f 1178//1638 1161//1638 1162//1638
f 1172//1638 1178//1638 1162//1638
f 1167//559 960//559 1128//559
f 1176//1639 1174//1639 1175//1639
f 1179//1637 1177//1637 1133//1637
f 1137//1640 1179//1640 1133//1640
f 1180//1641 1181//1641 1176//1641
f 1169//1642 1180//1642 1176//1642
f 1181//1643 1174//1643 1176//1643
f 1127//1644 1153//1644 1152//1644
f 1182//1645 1170//1645 1161//1645
f 1178//1646 1182//1646 1161//1646
f 1183//1647 1180//1647 1169//1647
f 1170//1647 1183//1647 1169//1647
f 1184//560 1185//560 1186//560
f 1185//560 1187//560 1186//560
f 1148//1648 1184//1648 1186//1648
f 1163//1649 1148//1649 1186//1649
f 1187//1650 1163//1650 1186//1650
f 909//1650 1188//1650 907//1650
f 1188//1650 1189//1650 907//1650
f 1189//1648 905//1648 907//1648
f 1190//1648 905//1648 1189//1648
f 1188//559 1191//559 1189//559
f 1191//559 1190//559 1189//559
f 1192//1651 1179//1651 1137//1651
f 1153//1652 1192//1652 1137//1652
f 1193//560 1185//560 1184//560
f 1148//1653 1193//1653 1184//1653
f 1143//1653 1193//1653 1148//1653
f 1190//1653 926//1653 905//1653
f 1194//1653 926//1653 1190//1653
f 1191//559 1194//559 1190//559
f 1185//560 1195//560 1187//560
f 1196//1654 1163//1654 1187//1654
f 1195//1654 1196//1654 1187//1654
f 1196//560 1164//560 1163//560
f 1005//1654 1197//1654 909//1654
f 1197//1654 1188//1654 909//1654
f 1197//559 1191//559 1188//559
f 1196//560 1198//560 1164//560
f 1199//1625 1171//1625 1164//1625
f 1198//1655 1199//1655 1164//1655
f 1199//1656 1172//1656 1171//1656
f 1200//559 960//559 1167//559
f 1174//559 1200//559 1167//559
f 1126//1657 1201//1657 1153//1657
f 1127//1644 1126//1644 1153//1644
f 1201//1652 1192//1652 1153//1652
f 1202//559 1200//559 1174//559
f 1181//559 1202//559 1174//559
f 1203//559 1204//559 1181//559
f 1204//559 1205//559 1181//559
f 1205//559 1206//559 1181//559
f 1206//559 1207//559 1181//559
f 1207//559 1208//559 1181//559
f 1208//559 1209//559 1181//559
f 1180//559 1183//559 1181//559
f 1183//559 1210//559 1181//559
f 1210//559 1203//559 1181//559
f 1211//559 1202//559 1181//559
f 1209//559 1211//559 1181//559
f 1210//1658 1183//1658 1170//1658
f 1182//1658 1210//1658 1170//1658
f 1198//1659 1212//1659 1199//1659
f 1213//1660 1172//1660 1199//1660
f 1212//1661 1213//1661 1199//1661
f 1214//1662 1178//1662 1172//1662
f 1213//1663 1214//1663 1172//1663
f 1215//1664 1182//1664 1178//1664
f 1214//1665 1215//1665 1178//1665
f 1216//560 1185//560 1193//560
f 1143//1666 1216//1666 1193//1666
f 997//1666 1216//1666 1143//1666
f 1194//1666 1073//1666 926//1666
f 1217//1666 1073//1666 1194//1666
f 1191//559 1217//559 1194//559
f 1185//560 1218//560 1195//560
f 1219//1667 1196//1667 1195//1667
f 1218//1667 1219//1667 1195//1667
f 1219//560 1198//560 1196//560
f 1102//1667 1220//1667 1005//1667
f 1220//1667 1197//1667 1005//1667
f 1220//559 1191//559 1197//559
f 1203//1668 1210//1668 1182//1668
f 1215//1668 1203//1668 1182//1668
f 1221//1669 1159//1669 1173//1669
f 1177//1670 1221//1670 1173//1670
f 1222//1670 1221//1670 1177//1670
f 1179//1671 1222//1671 1177//1671
f 1223//1671 1222//1671 1179//1671
f 1192//1672 1223//1672 1179//1672
f 1198//1673 1224//1673 1212//1673
f 1225//1674 1213//1674 1212//1674
f 1224//1675 1225//1675 1212//1675
f 1219//560 1226//560 1198//560
f 1226//1676 1224//1676 1198//1676
f 1227//559 1102//559 1159//559
f 1228//559 1227//559 1159//559
f 1229//1677 1228//1677 1159//1677
f 1221//1669 1229//1669 1159//1669
f 1222//1670 1229//1670 1221//1670
f 1230//1678 1214//1678 1213//1678
f 1225//1679 1230//1679 1213//1679
f 1231//1680 1223//1680 1192//1680
f 1201//1681 1231//1681 1192//1681
f 1052//1682 1201//1682 1126//1682
f 1232//1683 1215//1683 1214//1683
f 1230//1683 1232//1683 1214//1683
f 1062//1684 1233//1684 1201//1684
f 1052//1685 1062//1685 1201//1685
f 1233//1686 1231//1686 1201//1686
f 1204//1687 1203//1687 1215//1687
f 1232//1687 1204//1687 1215//1687
f 1234//560 1185//560 1216//560
f 997//1688 1234//1688 1216//1688
f 996//1688 1234//1688 997//1688
f 1217//1688 1072//1688 1073//1688
f 1235//1688 1072//1688 1217//1688
f 1191//559 1235//559 1217//559
f 1185//560 1236//560 1218//560
f 1237//1689 1219//1689 1218//1689
f 1236//1690 1237//1690 1218//1690
f 1237//560 1226//560 1219//560
f 1227//1690 1238//1690 1102//1690
f 1238//1689 1220//1689 1102//1689
f 1238//559 1191//559 1220//559
f 1226//1691 1239//1691 1224//1691
f 1239//1692 1225//1692 1224//1692
f 1240//1693 1230//1693 1225//1693
f 1239//1692 1241//1692 1225//1692
f 1241//1694 1240//1694 1225//1694
f 1240//1695 1242//1695 1230//1695
f 1242//1696 1232//1696 1230//1696
f 1242//1697 1205//1697 1232//1697
f 1205//1698 1204//1698 1232//1698
f 1243//1699 1228//1699 1229//1699
f 1222//1700 1243//1700 1229//1700
f 1244//1700 1243//1700 1222//1700
f 1223//1701 1244//1701 1222//1701
f 1237//560 1245//560 1226//560
f 1246//1691 1239//1691 1226//1691
f 1245//1702 1246//1702 1226//1702
f 1246//1692 1241//1692 1239//1692
f 1247//1701 1244//1701 1223//1701
f 1231//1703 1247//1703 1223//1703
f 1248//1703 1247//1703 1231//1703
f 1233//1704 1248//1704 1231//1704
f 1062//1705 1061//1705 1233//1705
f 1061//1706 1249//1706 1233//1706
f 1249//1704 1248//1704 1233//1704
f 1250//703 1251//703 1252//703
f 1253//703 1250//703 1252//703
f 1254//1707 1253//1707 1252//1707
f 1255//1708 1254//1708 1252//1708
f 1251//1708 1255//1708 1252//1708
f 1256//1707 1253//1707 1254//1707
f 1257//85 1256//85 1254//85
f 1255//85 1257//85 1254//85
f 1250//703 1258//703 1251//703
f 1259//703 1250//703 1253//703
f 1260//1709 1255//1709 1251//1709
f 1258//1709 1260//1709 1251//1709
f 1256//1710 1259//1710 1253//1710
f 1260//85 1257//85 1255//85
f 1261//1710 1259//1710 1256//1710
f 1257//85 1261//85 1256//85
f 1262//560 1185//560 1234//560
f 996//1711 1262//1711 1234//1711
f 995//1711 1262//1711 996//1711
f 1263//559 899//559 1072//559
f 1235//1711 1263//1711 1072//1711
f 1264//1711 1263//1711 1235//1711
f 1191//559 1264//559 1235//559
f 1185//560 1265//560 1236//560
f 1266//1712 1237//1712 1236//1712
f 1265//1712 1266//1712 1236//1712
f 1266//560 1245//560 1237//560
f 1228//559 1267//559 1227//559
f 1267//1712 1268//1712 1227//1712
f 1268//1712 1238//1712 1227//1712
f 1268//559 1191//559 1238//559
f 1060//1713 1249//1713 1061//1713
f 1250//703 1269//703 1258//703
f 1270//703 1250//703 1259//703
f 1271//1714 1260//1714 1258//1714
f 1269//1714 1271//1714 1258//1714
f 1261//1715 1270//1715 1259//1715
f 1271//85 1257//85 1260//85
f 1272//1715 1270//1715 1261//1715
f 1257//85 1272//85 1261//85
f 1273//1716 1241//1716 1246//1716
f 1274//1717 1273//1717 1246//1717
f 1275//1718 1240//1718 1241//1718
f 1273//1719 1275//1719 1241//1719
f 1240//1720 1276//1720 1242//1720
f 1206//1721 1205//1721 1242//1721
f 1276//1722 1206//1722 1242//1722
f 1277//560 1265//560 1185//560
f 1278//560 1279//560 1185//560
f 1279//560 1280//560 1185//560
f 1280//560 1277//560 1185//560
f 1262//560 1281//560 1185//560
f 1281//560 1278//560 1185//560
f 1282//1723 1283//1723 1228//1723
f 1243//1699 1282//1699 1228//1699
f 1283//559 1267//559 1228//559
f 1284//703 1285//703 1250//703
f 1285//703 1269//703 1250//703
f 1286//703 1287//703 1250//703
f 1287//703 1288//703 1250//703
f 1288//703 1284//703 1250//703
f 1270//703 1286//703 1250//703
f 1289//1724 1271//1724 1269//1724
f 1285//1724 1289//1724 1269//1724
f 1289//85 1257//85 1271//85
f 1290//85 1291//85 1257//85
f 1291//85 1272//85 1257//85
f 1289//85 1292//85 1257//85
f 1292//85 1293//85 1257//85
f 1293//85 1290//85 1257//85
f 1244//1700 1282//1700 1243//1700
f 1294//559 1264//559 1191//559
f 1295//559 1296//559 1191//559
f 1296//559 1297//559 1191//559
f 1297//559 1294//559 1191//559
f 1268//559 1298//559 1191//559
f 1298//559 1295//559 1191//559
f 1272//1725 1286//1725 1270//1725
f 1291//1725 1286//1725 1272//1725
f 1275//1726 1276//1726 1240//1726
f 1245//1727 1274//1727 1246//1727
f 1292//1728 1289//1728 1285//1728
f 1284//1728 1292//1728 1285//1728
f 1291//1729 1287//1729 1286//1729
f 1290//1729 1287//1729 1291//1729
f 1293//1730 1292//1730 1284//1730
f 1288//1730 1293//1730 1284//1730
f 1290//1731 1288//1731 1287//1731
f 1293//1731 1288//1731 1290//1731
f 1059//1713 1249//1713 1060//1713
f 1059//1732 1299//1732 1249//1732
f 1299//1733 1300//1733 1249//1733
f 1300//1733 1248//1733 1249//1733
f 1300//1734 1301//1734 1248//1734
f 1301//1735 1247//1735 1248//1735
f 1301//1736 1302//1736 1247//1736
f 1302//1736 1244//1736 1247//1736
f 1245//1727 1303//1727 1274//1727
f 1303//1716 1273//1716 1274//1716
f 1266//560 1304//560 1245//560
f 1304//1737 1303//1737 1245//1737
f 1302//1738 1305//1738 1244//1738
f 1305//1738 1282//1738 1244//1738
f 1305//1739 1283//1739 1282//1739
f 1276//1740 1207//1740 1206//1740
f 1275//1741 1306//1741 1276//1741
f 1306//1740 1207//1740 1276//1740
f 1273//1742 1307//1742 1275//1742
f 1307//1741 1306//1741 1275//1741
f 995//1743 1281//1743 1262//1743
f 1308//560 1309//560 995//560
f 1310//560 1308//560 995//560
f 994//560 1310//560 995//560
f 1309//1743 1281//1743 995//1743
f 1311//559 1312//559 1263//559
f 1312//559 899//559 1263//559
f 1264//1743 1311//1743 1263//1743
f 1294//1743 1311//1743 1264//1743
f 1313//1744 1266//1744 1265//1744
f 1277//1744 1313//1744 1265//1744
f 1313//560 1304//560 1266//560
f 1283//559 1314//559 1267//559
f 1314//559 1315//559 1267//559
f 1315//1744 1298//1744 1267//1744
f 1298//1744 1268//1744 1267//1744
f 1316//1745 1307//1745 1273//1745
f 1303//1746 1316//1746 1273//1746
f 1304//1747 1317//1747 1303//1747
f 1317//1748 1316//1748 1303//1748
f 1058//1749 1299//1749 1059//1749
f 1306//1750 1208//1750 1207//1750
f 1307//1751 1318//1751 1306//1751
f 1318//1750 1208//1750 1306//1750
f 1055//1749 1299//1749 1058//1749
f 1055//1752 1319//1752 1299//1752
f 1319//1753 1320//1753 1299//1753
f 1320//1753 1300//1753 1299//1753
f 1321//1754 1318//1754 1307//1754
f 1316//1755 1321//1755 1307//1755
f 1320//1756 1322//1756 1300//1756
f 1322//1757 1301//1757 1300//1757
f 1323//1758 1321//1758 1316//1758
f 1317//1759 1323//1759 1316//1759
f 1324//1739 1283//1739 1305//1739
f 1302//1738 1324//1738 1305//1738
f 1324//1760 1325//1760 1283//1760
f 1325//1761 1314//1761 1283//1761
f 1304//1762 1326//1762 1317//1762
f 1326//1763 1323//1763 1317//1763
f 1313//560 1327//560 1304//560
f 1327//1764 1326//1764 1304//1764
f 1318//1765 1209//1765 1208//1765
f 1322//1766 1328//1766 1301//1766
f 1328//1766 1302//1766 1301//1766
f 1328//1767 1325//1767 1302//1767
f 1325//1768 1324//1768 1302//1768
f 1309//1769 1278//1769 1281//1769
f 1329//560 1330//560 1309//560
f 1308//560 1329//560 1309//560
f 1330//1769 1278//1769 1309//1769
f 1331//559 1332//559 1311//559
f 1332//559 1312//559 1311//559
f 1333//559 1334//559 1311//559
f 1334//559 1335//559 1311//559
f 1335//559 1331//559 1311//559
f 1294//1769 1333//1769 1311//1769
f 1297//1769 1333//1769 1294//1769
f 1336//1770 1313//1770 1277//1770
f 1280//1770 1336//1770 1277//1770
f 1336//560 1337//560 1313//560
f 1337//560 1327//560 1313//560
f 1314//559 1338//559 1315//559
f 1338//559 1339//559 1315//559
f 1339//1770 1295//1770 1315//1770
f 1295//1770 1298//1770 1315//1770
f 1340//1765 1209//1765 1318//1765
f 1321//1771 1340//1771 1318//1771
f 1340//1772 1211//1772 1209//1772
f 1341//1773 1340//1773 1321//1773
f 1323//1774 1341//1774 1321//1774
f 1054//1775 1319//1775 1055//1775
f 1326//1776 1342//1776 1323//1776
f 1343//1774 1341//1774 1323//1774
f 1342//1776 1343//1776 1323//1776
f 1344//1777 1202//1777 1211//1777
f 1340//1772 1344//1772 1211//1772
f 1327//1778 1342//1778 1326//1778
f 1341//1779 1344//1779 1340//1779
f 1345//1780 960//1780 1200//1780
f 1202//1781 1345//1781 1200//1781
f 1346//1782 1345//1782 1202//1782
f 1344//1783 1346//1783 1202//1783
f 1330//1784 1279//1784 1278//1784
f 1329//560 1347//560 1330//560
f 1347//1784 1279//1784 1330//1784
f 1348//559 1349//559 1333//559
f 1349//559 1350//559 1333//559
f 1350//559 1351//559 1333//559
f 1351//559 1334//559 1333//559
f 1297//1784 1348//1784 1333//1784
f 1296//1784 1348//1784 1297//1784
f 1347//1785 1336//1785 1280//1785
f 1279//1785 1347//1785 1280//1785
f 1347//560 1352//560 1336//560
f 1352//560 1337//560 1336//560
f 1338//559 1353//559 1339//559
f 1353//559 1348//559 1339//559
f 1348//1785 1296//1785 1339//1785
f 1296//1785 1295//1785 1339//1785
f 1053//1775 1319//1775 1054//1775
f 1053//1786 1354//1786 1319//1786
f 1354//1787 1355//1787 1319//1787
f 1355//1788 1320//1788 1319//1788
f 1356//1789 961//1789 960//1789
f 1345//1780 1356//1780 960//1780
f 1327//1778 1357//1778 1342//1778
f 1357//1790 1343//1790 1342//1790
f 1337//1791 1357//1791 1327//1791
f 1355//1792 1358//1792 1320//1792
f 1358//1792 1322//1792 1320//1792
f 1329//560 1352//560 1347//560
f 1353//559 1349//559 1348//559
f 1359//1793 1346//1793 1344//1793
f 1360//1794 1359//1794 1344//1794
f 1341//1779 1360//1779 1344//1779
f 1343//1795 1360//1795 1341//1795
f 1359//1796 1361//1796 1346//1796
f 1361//1797 1345//1797 1346//1797
f 1358//1798 1362//1798 1322//1798
f 1362//1798 1328//1798 1322//1798
f 1361//1799 1356//1799 1345//1799
f 1356//1789 1363//1789 961//1789
f 1363//1800 963//1800 961//1800
f 1364//1801 1360//1801 1343//1801
f 1357//1802 1364//1802 1343//1802
f 1362//1803 1365//1803 1328//1803
f 1365//1804 1366//1804 1328//1804
f 1366//1803 1325//1803 1328//1803
f 1367//1805 1368//1805 1359//1805
f 1368//1806 1361//1806 1359//1806
f 1360//1807 1367//1807 1359//1807
f 1368//1808 1369//1808 1361//1808
f 1369//1809 1356//1809 1361//1809
f 1369//1810 1363//1810 1356//1810
f 1366//1811 1314//1811 1325//1811
f 1337//1812 1370//1812 1357//1812
f 1370//1813 1364//1813 1357//1813
f 1371//1814 1367//1814 1360//1814
f 1364//1815 1371//1815 1360//1815
f 1372//1816 1369//1816 1368//1816
f 1367//1817 1372//1817 1368//1817
f 1371//1818 1372//1818 1367//1818
f 1369//1810 1373//1810 1363//1810
f 1373//1819 1374//1819 1363//1819
f 1374//1800 963//1800 1363//1800
f 1337//1812 1375//1812 1370//1812
f 1375//1802 1364//1802 1370//1802
f 1372//1816 1376//1816 1369//1816
f 1376//1820 1373//1820 1369//1820
f 1352//1821 1375//1821 1337//1821
f 1377//1822 1371//1822 1364//1822
f 1375//1823 1377//1823 1364//1823
f 1365//1824 1314//1824 1366//1824
f 1365//1825 1338//1825 1314//1825
f 1378//1826 1376//1826 1372//1826
f 1371//1827 1378//1827 1372//1827
f 1377//1828 1378//1828 1371//1828
f 1352//1829 1379//1829 1375//1829
f 1379//1830 1377//1830 1375//1830
f 1379//1831 1380//1831 1377//1831
f 1380//1832 1378//1832 1377//1832
f 1057//1833 1354//1833 1053//1833
f 1380//1834 1376//1834 1378//1834
f 1057//1835 1056//1835 1354//1835
f 1056//1836 1381//1836 1354//1836
f 1381//1837 1382//1837 1354//1837
f 1382//1838 1355//1838 1354//1838
f 1380//1834 1383//1834 1376//1834
f 1383//1839 1384//1839 1376//1839
f 1384//1840 1373//1840 1376//1840
f 1384//1841 1385//1841 1373//1841
f 1385//1819 1374//1819 1373//1819
f 1329//1842 1383//1842 1380//1842
f 1379//1047 1352//1047 1380//1047
f 1352//1047 1329//1047 1380//1047
f 1308//1842 1383//1842 1329//1842
f 1308//1843 1386//1843 1383//1843
f 1386//1844 1384//1844 1383//1844
f 1310//1843 1386//1843 1308//1843
f 1386//1845 1387//1845 1384//1845
f 1387//1841 1385//1841 1384//1841
f 1382//1846 1388//1846 1355//1846
f 1388//1846 1358//1846 1355//1846
f 1310//1847 1389//1847 1386//1847
f 1389//1848 1387//1848 1386//1848
f 994//560 1390//560 1310//560
f 1390//1849 1389//1849 1310//1849
f 1374//1850 962//1850 963//1850
f 1388//1851 1391//1851 1358//1851
f 1391//1852 1362//1852 1358//1852
f 1124//1853 1392//1853 1131//1853
f 1392//1854 1393//1854 1131//1854
f 1393//1854 1132//1854 1131//1854
f 1394//1855 1020//1855 1132//1855
f 1393//1855 1394//1855 1132//1855
f 1123//1856 1395//1856 1124//1856
f 1395//1857 1392//1857 1124//1857
f 1391//1858 1396//1858 1362//1858
f 1396//1858 1365//1858 1362//1858
f 1051//1859 1381//1859 1056//1859
f 1396//1860 1338//1860 1365//1860
f 1394//1861 1397//1861 1020//1861
f 1397//1862 1019//1862 1020//1862
f 1122//1856 1395//1856 1123//1856
f 1385//1863 1398//1863 1374//1863
f 1398//1864 962//1864 1374//1864
f 1050//1859 1381//1859 1051//1859
f 1050//1865 1399//1865 1381//1865
f 1399//1866 1400//1866 1381//1866
f 1400//1866 1382//1866 1381//1866
f 1120//1867 1401//1867 1122//1867
f 1401//1868 1395//1868 1122//1868
f 1387//1869 1402//1869 1385//1869
f 1402//1863 1398//1863 1385//1863
f 1395//1870 1403//1870 1392//1870
f 1403//1871 1404//1871 1392//1871
f 1404//1871 1393//1871 1392//1871
f 1404//1872 1394//1872 1393//1872
f 1119//1873 1401//1873 1120//1873
f 1397//1874 1405//1874 1019//1874
f 1405//1875 1042//1875 1019//1875
f 1394//1876 1406//1876 1397//1876
f 1406//1877 1405//1877 1397//1877
f 1407//1878 1403//1878 1395//1878
f 1401//1879 1408//1879 1395//1879
f 1408//1879 1407//1879 1395//1879
f 1404//1880 1409//1880 1394//1880
f 1409//1881 1410//1881 1394//1881
f 1410//1882 1406//1882 1394//1882
f 1407//1883 1411//1883 1403//1883
f 1411//1884 1412//1884 1403//1884
f 1412//1884 1404//1884 1403//1884
f 1412//1872 1409//1872 1404//1872
f 1400//1885 1413//1885 1382//1885
f 1413//1885 1388//1885 1382//1885
f 1389//1886 1414//1886 1387//1886
f 1414//1887 1415//1887 1387//1887
f 1415//1888 1402//1888 1387//1888
f 1390//1889 1414//1889 1389//1889
f 1119//1890 1416//1890 1401//1890
f 1416//1891 1417//1891 1401//1891
f 1417//1892 1408//1892 1401//1892
f 1410//1893 1418//1893 1406//1893
f 1418//1894 1405//1894 1406//1894
f 1419//1895 1338//1895 1396//1895
f 1391//1896 1419//1896 1396//1896
f 1407//1897 1420//1897 1411//1897
f 1420//1898 1421//1898 1411//1898
f 1421//1898 1412//1898 1411//1898
f 1421//1899 1409//1899 1412//1899
f 1409//1900 1422//1900 1410//1900
f 1422//1901 1418//1901 1410//1901
f 1423//1902 1353//1902 1338//1902
f 1419//1903 1423//1903 1338//1903
f 1413//1904 1424//1904 1388//1904
f 1424//1904 1391//1904 1388//1904
f 1408//1905 1425//1905 1407//1905
f 1425//1906 1426//1906 1407//1906
f 1426//1907 1420//1907 1407//1907
f 1421//1908 1427//1908 1409//1908
f 1427//1909 1422//1909 1409//1909
f 1121//1910 1416//1910 1119//1910
f 1049//1911 1399//1911 1050//1911
f 1049//1912 1428//1912 1399//1912
f 1428//1913 1429//1913 1399//1913
f 1429//1913 1400//1913 1399//1913
f 1048//1914 1428//1914 1049//1914
f 994//560 1430//560 1390//560
f 1430//1915 1431//1915 1390//1915
f 1431//1916 1432//1916 1390//1916
f 1432//1917 1414//1917 1390//1917
f 1426//1918 1433//1918 1420//1918
f 1433//1919 1434//1919 1420//1919
f 1434//1920 1421//1920 1420//1920
f 1434//1921 1427//1921 1421//1921
f 1432//1922 1435//1922 1414//1922
f 1435//1923 1436//1923 1414//1923
f 1436//1924 1437//1924 1414//1924
f 1437//1925 1438//1925 1414//1925
f 1438//1926 1439//1926 1414//1926
f 1439//1887 1415//1887 1414//1887
f 1440//559 959//559 962//559
f 1441//1927 1440//1927 962//1927
f 1398//1927 1441//1927 962//1927
f 1424//1928 1423//1928 1391//1928
f 1423//1928 1419//1928 1391//1928
f 1442//1929 1443//1929 1433//1929
f 1426//1930 1442//1930 1433//1930
f 1443//1931 1444//1931 1433//1931
f 1444//1931 1434//1931 1433//1931
f 1444//1932 1427//1932 1434//1932
f 1405//1875 1040//1875 1042//1875
f 1417//1933 1445//1933 1408//1933
f 1445//1933 1425//1933 1408//1933
f 1446//1934 1442//1934 1426//1934
f 1425//1935 1446//1935 1426//1935
f 1427//1936 1447//1936 1422//1936
f 1447//1937 1448//1937 1422//1937
f 1448//1938 1418//1938 1422//1938
f 1449//1939 1447//1939 1427//1939
f 1450//1940 1449//1940 1427//1940
f 1444//1941 1450//1941 1427//1941
f 1451//1942 1040//1942 1405//1942
f 1418//1943 1451//1943 1405//1943
f 1121//1944 1452//1944 1416//1944
f 1452//1945 1417//1945 1416//1945
f 1442//1946 899//1946 1312//1946
f 1443//1947 1442//1947 1312//1947
f 1444//1047 1443//1047 1312//1047
f 1332//1047 1444//1047 1312//1047
f 1450//1948 1444//1948 1332//1948
f 1331//1948 1450//1948 1332//1948
f 1446//1949 899//1949 1442//1949
f 1453//1950 1450//1950 1331//1950
f 1335//1950 1453//1950 1331//1950
f 1453//1951 1449//1951 1450//1951
f 1451//1952 1041//1952 1040//1952
f 1454//1953 898//1953 899//1953
f 1446//1954 1454//1954 899//1954
f 1445//1955 1455//1955 1425//1955
f 1454//1956 1446//1956 1425//1956
f 1455//1955 1454//1955 1425//1955
f 1456//1957 1441//1957 1398//1957
f 1402//1958 1456//1958 1398//1958
f 1449//1959 1457//1959 1447//1959
f 1457//1960 1448//1960 1447//1960
f 1458//1961 1457//1961 1449//1961
f 1453//1962 1458//1962 1449//1962
f 1429//1963 1459//1963 1400//1963
f 1459//1964 1413//1964 1400//1964
f 1455//1965 898//1965 1454//1965
f 1047//1914 1428//1914 1048//1914
f 1334//1966 1453//1966 1335//1966
f 1334//1967 1458//1967 1453//1967
f 1452//1968 1460//1968 1417//1968
f 1461//1969 1445//1969 1417//1969
f 1462//1970 1461//1970 1417//1970
f 1460//1971 1462//1971 1417//1971
f 1047//1972 1463//1972 1428//1972
f 1463//1973 1464//1973 1428//1973
f 1464//1973 1429//1973 1428//1973
f 1451//1952 1043//1952 1041//1952
f 1415//1974 1465//1974 1402//1974
f 1466//1958 1456//1958 1402//1958
f 1465//1975 1466//1975 1402//1975
f 1448//1976 1467//1976 1418//1976
f 1467//1977 1451//1977 1418//1977
f 1046//1978 1463//1978 1047//1978
f 1468//1979 1455//1979 1445//1979
f 1461//1980 1468//1980 1445//1980
f 1469//1981 1043//1981 1451//1981
f 1467//1982 1469//1982 1451//1982
f 1470//1983 1471//1983 1458//1983
f 1472//1984 1470//1984 1458//1984
f 1471//1985 1473//1985 1458//1985
f 1473//1986 1474//1986 1458//1986
f 1474//1987 1475//1987 1458//1987
f 1334//1988 1472//1988 1458//1988
f 1475//1989 1457//1989 1458//1989
f 964//560 1476//560 1121//560
f 1476//1990 1452//1990 1121//1990
f 1477//1991 1472//1991 1334//1991
f 1351//1992 1478//1992 1334//1992
f 1478//1993 1479//1993 1334//1993
f 1479//1994 1480//1994 1334//1994
f 1480//1995 1481//1995 1334//1995
f 1481//1996 1482//1996 1334//1996
f 1482//1997 1477//1997 1334//1997
f 1455//1998 1483//1998 898//1998
f 1483//1999 1484//1999 898//1999
f 1484//2000 1485//2000 898//2000
f 1485//2001 1486//2001 898//2001
f 1486//2002 1487//2002 898//2002
f 1487//2003 1488//2003 898//2003
f 1488//559 894//559 898//559
f 1489//2004 1490//2004 1455//2004
f 1490//2005 1491//2005 1455//2005
f 1491//2006 1492//2006 1455//2006
f 1492//2007 1483//2007 1455//2007
f 1493//2008 1494//2008 1455//2008
f 1494//2009 1495//2009 1455//2009
f 1495//2010 1489//2010 1455//2010
f 1468//1979 1493//1979 1455//1979
f 1045//1978 1463//1978 1046//1978
f 1459//2011 1496//2011 1413//2011
f 1496//2012 1424//2012 1413//2012
f 1439//2013 1497//2013 1415//2013
f 1497//2014 1498//2014 1415//2014
f 1498//2015 1465//2015 1415//2015
f 1469//2016 1044//2016 1043//2016
f 1469//2016 1045//2016 1044//2016
f 1438//2017 1497//2017 1439//2017
f 1045//2018 1469//2018 1463//2018
f 1469//2019 1499//2019 1463//2019
f 1499//2019 1464//2019 1463//2019
f 1467//2020 1499//2020 1469//2020
f 1457//2021 1500//2021 1448//2021
f 1500//2022 1467//2022 1448//2022
f 1464//2023 1501//2023 1429//2023
f 1501//2023 1459//2023 1429//2023
f 1496//2024 1502//2024 1424//2024
f 1502//2025 1423//2025 1424//2025
f 1502//2026 1353//2026 1423//2026
f 1500//2027 1499//2027 1467//2027
f 1503//2028 1504//2028 1502//2028
f 1505//2029 1503//2029 1502//2029
f 1504//2030 1506//2030 1502//2030
f 1506//2031 1507//2031 1502//2031
f 1507//2032 1508//2032 1502//2032
f 1508//2033 1509//2033 1502//2033
f 1509//2034 1353//2034 1502//2034
f 1496//2035 1505//2035 1502//2035
f 1509//2036 1510//2036 1353//2036
f 1510//2037 1511//2037 1353//2037
f 1511//2038 1512//2038 1353//2038
f 1512//2039 1513//2039 1353//2039
f 1513//2040 1514//2040 1353//2040
f 1514//2041 1515//2041 1353//2041
f 1515//2042 1349//2042 1353//2042
f 1492//2043 1516//2043 1483//2043
f 1516//2044 1484//2044 1483//2044
f 1430//2045 994//2045 1431//2045
f 1517//2046 1432//2046 1431//2046
f 994//2047 1517//2047 1431//2047
f 1477//2048 1518//2048 1472//2048
f 1518//2049 1470//2049 1472//2049
f 1518//2050 1510//2050 1509//2050
f 1508//2051 1518//2051 1509//2051
f 1507//2052 1519//2052 1508//2052
f 1470//2053 1518//2053 1508//2053
f 1519//2054 1470//2054 1508//2054
f 1512//2055 1511//2055 1518//2055
f 1511//2056 1510//2056 1518//2056
f 1481//2057 1512//2057 1518//2057
f 1482//2058 1481//2058 1518//2058
f 1477//2059 1482//2059 1518//2059
f 1435//2060 1432//2060 1517//2060
f 994//2061 1520//2061 1517//2061
f 1521//2062 1437//2062 1517//2062
f 1437//2063 1436//2063 1517//2063
f 1436//2064 1435//2064 1517//2064
f 1520//703 1522//703 1517//703
f 1522//703 1523//703 1517//703
f 1523//703 1524//703 1517//703
f 1524//703 1525//703 1517//703
f 1525//703 1526//703 1517//703
f 1526//703 1527//703 1517//703
f 1527//703 1521//703 1517//703
f 1492//2065 1491//2065 1516//2065
f 1491//2066 1490//2066 1516//2066
f 1490//2067 1528//2067 1516//2067
f 1529//2068 1485//2068 1516//2068
f 1485//2069 1484//2069 1516//2069
f 1528//703 1530//703 1516//703
f 1531//703 1529//703 1516//703
f 1532//703 1531//703 1516//703
f 1530//703 1532//703 1516//703
f 1519//2070 1471//2070 1470//2070
f 1533//2071 860//2071 859//2071
f 1534//2072 1533//2072 859//2072
f 983//2072 1534//2072 859//2072
f 1535//2073 1002//2073 862//2073
f 1536//2074 1535//2074 862//2074
f 865//2074 1536//2074 862//2074
f 1537//85 1538//85 1533//85
f 1534//85 1537//85 1533//85
f 1538//2071 860//2071 1533//2071
f 1539//85 1540//85 1535//85
f 1536//85 1539//85 1535//85
f 1540//2073 1002//2073 1535//2073
f 1519//2075 1473//2075 1471//2075
f 1475//2076 1541//2076 1457//2076
f 1541//2077 1500//2077 1457//2077
f 1506//2078 1519//2078 1507//2078
f 897//2079 1520//2079 994//2079
f 1542//2080 1474//2080 1519//2080
f 1474//2081 1473//2081 1519//2081
f 1506//2082 1504//2082 1519//2082
f 1504//2083 1503//2083 1519//2083
f 1503//2084 1542//2084 1519//2084
f 1474//2085 1542//2085 1475//2085
f 1542//2086 1543//2086 1475//2086
f 1543//2087 1541//2087 1475//2087
f 1499//2088 1544//2088 1464//2088
f 1544//2088 1501//2088 1464//2088
f 970//2089 1534//2089 983//2089
f 1540//2090 966//2090 1002//2090
f 1545//85 1537//85 1534//85
f 970//2091 947//2091 1534//2091
f 947//2092 944//2092 1534//2092
f 944//2093 877//2093 1534//2093
f 877//2094 876//2094 1534//2094
f 876//2095 878//2095 1534//2095
f 878//2096 1545//2096 1534//2096
f 923//2097 936//2097 1540//2097
f 936//2098 943//2098 1540//2098
f 943//2099 966//2099 1540//2099
f 1539//2100 820//2100 1540//2100
f 820//2101 871//2101 1540//2101
f 871//2102 923//2102 1540//2102
f 1500//2103 1544//2103 1499//2103
f 1546//2104 1513//2104 1512//2104
f 1481//2105 1546//2105 1512//2105
f 1480//2106 1546//2106 1481//2106
f 1501//2107 1547//2107 1459//2107
f 1547//2108 1496//2108 1459//2108
f 897//2109 1548//2109 1520//2109
f 1548//703 1549//703 1520//703
f 1550//703 1522//703 1520//703
f 1551//703 1550//703 1520//703
f 1549//703 1551//703 1520//703
f 1488//2110 1487//2110 1529//2110
f 1487//2111 1486//2111 1529//2111
f 1486//2112 1485//2112 1529//2112
f 1552//2113 1553//2113 1529//2113
f 1553//2114 894//2114 1529//2114
f 894//2115 1488//2115 1529//2115
f 1554//703 1555//703 1529//703
f 1556//703 1552//703 1529//703
f 1557//703 1556//703 1529//703
f 1555//703 1557//703 1529//703
f 1531//703 1554//703 1529//703
f 896//2109 1548//2109 897//2109
f 1489//2116 1528//2116 1490//2116
f 1546//2117 1514//2117 1513//2117
f 1479//2118 1546//2118 1480//2118
f 1558//703 1559//703 959//703
f 1559//559 695//559 959//559
f 1440//2119 1560//2119 959//2119
f 1560//2119 1561//2119 959//2119
f 1561//2120 1558//2120 959//2120
f 692//560 1562//560 964//560
f 1562//703 1563//703 964//703
f 1563//2121 1564//2121 964//2121
f 1564//2122 1565//2122 964//2122
f 1565//2123 1476//2123 964//2123
f 1441//2124 1566//2124 1440//2124
f 1566//2125 1560//2125 1440//2125
f 1565//2126 1452//2126 1476//2126
f 1541//2127 1544//2127 1500//2127
f 1479//2128 1478//2128 1546//2128
f 1515//2129 1514//2129 1546//2129
f 1478//2130 1350//2130 1546//2130
f 1350//2131 1349//2131 1546//2131
f 1349//2132 1515//2132 1546//2132
f 1567//2133 1568//2133 1503//2133
f 1568//2134 1542//2134 1503//2134
f 1505//2135 1567//2135 1503//2135
f 1568//2136 1569//2136 1542//2136
f 1569//2137 1543//2137 1542//2137
f 1567//2138 1570//2138 1568//2138
f 1570//2139 1571//2139 1568//2139
f 1571//2140 1572//2140 1568//2140
f 1572//2141 1573//2141 1568//2141
f 1573//2142 1574//2142 1568//2142
f 1574//2143 1575//2143 1568//2143
f 1575//2144 1576//2144 1568//2144
f 1576//2145 1577//2145 1568//2145
f 1577//2146 1569//2146 1568//2146
f 1547//2147 1578//2147 1496//2147
f 1578//2148 1505//2148 1496//2148
f 1579//2149 1580//2149 1521//2149
f 1527//2150 1579//2150 1521//2150
f 1580//2151 1438//2151 1521//2151
f 1438//2152 1437//2152 1521//2152
f 1495//2153 1494//2153 1528//2153
f 1494//2154 1581//2154 1528//2154
f 1581//2155 1530//2155 1528//2155
f 1489//2116 1495//2116 1528//2116
f 1577//2156 1582//2156 1543//2156
f 1569//2137 1577//2137 1543//2137
f 1582//2157 1541//2157 1543//2157
f 1544//2158 1583//2158 1501//2158
f 1583//2159 1547//2159 1501//2159
f 1351//2160 1350//2160 1478//2160
f 1576//2161 1582//2161 1577//2161
f 1578//2162 1570//2162 1505//2162
f 1570//2163 1567//2163 1505//2163
f 1580//2164 1497//2164 1438//2164
f 1565//2165 1584//2165 1452//2165
f 1584//2166 1460//2166 1452//2166
f 1538//2167 861//2167 860//2167
f 1585//2168 1536//2168 865//2168
f 864//2168 1585//2168 865//2168
f 1537//2167 861//2167 1538//2167
f 1585//85 1539//85 1536//85
f 1456//2124 1566//2124 1441//2124
f 1584//2169 1462//2169 1460//2169
f 1541//2170 1583//2170 1544//2170
f 1466//2171 1566//2171 1456//2171
f 1582//2172 1583//2172 1541//2172
f 1553//703 895//703 894//703
f 1576//2173 1586//2173 1582//2173
f 1586//2174 1583//2174 1582//2174
f 1587//2175 1572//2175 1578//2175
f 1572//2176 1571//2176 1578//2176
f 1571//2176 1570//2176 1578//2176
f 1547//2147 1587//2147 1578//2147
f 1575//2177 1586//2177 1576//2177
f 1465//2178 1588//2178 1466//2178
f 1589//2179 1566//2179 1466//2179
f 1588//2180 1589//2180 1466//2180
f 1590//2181 1461//2181 1462//2181
f 1584//2182 1590//2182 1462//2182
f 1564//2183 1584//2183 1565//2183
f 1579//2184 1497//2184 1580//2184
f 1579//2185 1591//2185 1497//2185
f 1591//2186 1498//2186 1497//2186
f 854//2187 1545//2187 878//2187
f 1583//2188 1592//2188 1547//2188
f 1592//2189 1587//2189 1547//2189
f 1586//2190 1592//2190 1583//2190
f 799//85 1593//85 1545//85
f 1593//85 1537//85 1545//85
f 817//2191 799//2191 1545//2191
f 853//2192 817//2192 1545//2192
f 854//2193 853//2193 1545//2193
f 1585//85 693//85 1539//85
f 802//2194 814//2194 1539//2194
f 693//2195 802//2195 1539//2195
f 814//2196 821//2196 1539//2196
f 821//2197 820//2197 1539//2197
f 1592//2198 1573//2198 1587//2198
f 1573//2199 1572//2199 1587//2199
f 1592//2200 1586//2200 1575//2200
f 1574//2201 1592//2201 1575//2201
f 1594//2202 1468//2202 1461//2202
f 1590//2203 1594//2203 1461//2203
f 1594//2204 1595//2204 1468//2204
f 1595//2205 1596//2205 1468//2205
f 1596//2206 1493//2206 1468//2206
f 1498//2207 1597//2207 1465//2207
f 1597//2208 1588//2208 1465//2208
f 1598//2209 1597//2209 1498//2209
f 1591//2210 1598//2210 1498//2210
f 1599//2211 1584//2211 1564//2211
f 1563//2212 1599//2212 1564//2212
f 1566//2125 1561//2125 1560//2125
f 1573//2201 1592//2201 1574//2201
f 1493//2213 1581//2213 1494//2213
f 1579//2214 1600//2214 1591//2214
f 1600//2215 1601//2215 1591//2215
f 1601//2216 1598//2216 1591//2216
f 1596//2217 1581//2217 1493//2217
f 1527//2218 1600//2218 1579//2218
f 896//2219 1549//2219 1548//2219
f 1602//2220 1603//2220 1552//2220
f 1603//2220 1553//2220 1552//2220
f 1556//703 1602//703 1552//703
f 895//2219 1549//2219 896//2219
f 1603//703 895//703 1553//703
f 1604//2221 1530//2221 1581//2221
f 1596//2222 1604//2222 1581//2222
f 1595//2223 1605//2223 1596//2223
f 1605//2224 1604//2224 1596//2224
f 1566//2225 1589//2225 1561//2225
f 1589//2226 1606//2226 1561//2226
f 1606//2227 1558//2227 1561//2227
f 1599//2228 1607//2228 1584//2228
f 1607//2229 1590//2229 1584//2229
f 816//2230 799//2230 817//2230
f 802//2231 801//2231 814//2231
f 690//559 1593//559 799//559
f 1585//85 1608//85 693//85
f 1608//560 691//560 693//560
f 1609//2232 1610//2232 1527//2232
f 1526//2233 1609//2233 1527//2233
f 1610//2234 1601//2234 1527//2234
f 1601//2235 1600//2235 1527//2235
f 1605//2236 1611//2236 1530//2236
f 1611//2237 1612//2237 1530//2237
f 1612//2238 1613//2238 1530//2238
f 1604//2239 1605//2239 1530//2239
f 1613//703 1532//703 1530//703
f 1595//2240 1611//2240 1605//2240
f 1610//2241 1614//2241 1601//2241
f 1614//2242 1598//2242 1601//2242
f 1589//2243 1615//2243 1606//2243
f 1615//2244 1558//2244 1606//2244
f 1616//2245 1607//2245 1599//2245
f 1563//2246 1616//2246 1599//2246
f 1617//703 1618//703 1558//703
f 1618//703 1559//703 1558//703
f 1615//2247 1619//2247 1558//2247
f 1619//2248 1620//2248 1558//2248
f 1620//2249 1621//2249 1558//2249
f 1621//2250 1622//2250 1558//2250
f 1622//2251 1617//2251 1558//2251
f 1562//703 1623//703 1563//703
f 1624//2252 1625//2252 1563//2252
f 1623//2253 1626//2253 1563//2253
f 1626//2254 1627//2254 1563//2254
f 1627//2252 1624//2252 1563//2252
f 1625//2255 1616//2255 1563//2255
f 1589//2256 1619//2256 1615//2256
f 1625//2257 1607//2257 1616//2257
f 1628//85 1629//85 861//85
f 1629//85 864//85 861//85
f 1537//2258 1628//2258 861//2258
f 1630//2259 1585//2259 864//2259
f 1629//2260 1630//2260 864//2260
f 1593//85 1631//85 1537//85
f 1631//2261 1628//2261 1537//2261
f 1630//85 1632//85 1585//85
f 1632//85 1608//85 1585//85
f 1633//2262 1607//2262 1625//2262
f 1624//2263 1633//2263 1625//2263
f 1633//2264 1634//2264 1607//2264
f 1634//2265 1590//2265 1607//2265
f 1635//2266 1619//2266 1589//2266
f 1588//2267 1635//2267 1589//2267
f 1636//2268 1611//2268 1595//2268
f 1594//2269 1636//2269 1595//2269
f 1614//2270 1597//2270 1598//2270
f 1634//2271 1594//2271 1590//2271
f 1597//2272 1637//2272 1588//2272
f 1637//2273 1635//2273 1588//2273
f 1634//2274 1638//2274 1594//2274
f 1638//2275 1639//2275 1594//2275
f 1639//2276 1636//2276 1594//2276
f 1640//2277 1641//2277 1597//2277
f 1641//2278 1637//2278 1597//2278
f 1614//2279 1640//2279 1597//2279
f 1610//2280 1642//2280 1614//2280
f 1642//2281 1640//2281 1614//2281
f 1639//2282 1611//2282 1636//2282
f 1635//2283 1620//2283 1619//2283
f 1643//2284 1644//2284 1645//2284
f 1646//2285 1643//2285 1645//2285
f 1647//2285 1646//2285 1645//2285
f 1648//2286 1647//2286 1645//2286
f 1649//1 1648//1 1645//1
f 1650//1 1649//1 1645//1
f 1644//1 1650//1 1645//1
f 1651//2287 1652//2287 1644//2287
f 1653//2288 1651//2288 1644//2288
f 1643//2288 1653//2288 1644//2288
f 1654//1 1650//1 1644//1
f 1652//1 1654//1 1644//1
f 1655//2289 1647//2289 1648//2289
f 1656//2290 1655//2290 1648//2290
f 1657//2291 1656//2291 1648//2291
f 1658//1 1657//1 1648//1
f 1649//1 1658//1 1648//1
f 1659//2292 1660//2292 1652//2292
f 1661//2293 1659//2293 1652//2293
f 1651//2294 1661//2294 1652//2294
f 1660//1 1654//1 1652//1
f 1650//1049 1662//1049 1649//1049
f 1662//1049 1663//1049 1649//1049
f 1663//1048 1658//1048 1649//1048
f 1654//1050 1664//1050 1650//1050
f 1664//1050 1662//1050 1650//1050
f 1665//1 1657//1 1658//1
f 1663//1048 1666//1048 1658//1048
f 1666//1051 1665//1051 1658//1051
f 1667//2295 1656//2295 1657//2295
f 1668//2296 1667//2296 1657//2296
f 1669//2297 1668//2297 1657//2297
f 1665//1 1669//1 1657//1
f 1670//2298 1671//2298 1660//2298
f 1672//2299 1670//2299 1660//2299
f 1659//2300 1672//2300 1660//2300
f 1673//1 1654//1 1660//1
f 1671//1 1673//1 1660//1
f 1673//1052 1674//1052 1654//1052
f 1674//1052 1664//1052 1654//1052
f 1675//1 1669//1 1665//1
f 1666//1051 1676//1051 1665//1051
f 1676//1053 1675//1053 1665//1053
f 1677//2301 1668//2301 1669//2301
f 1678//2302 1677//2302 1669//2302
f 1679//2303 1678//2303 1669//2303
f 1675//1 1679//1 1669//1
f 1680//2304 1681//2304 1671//2304
f 1682//2305 1680//2305 1671//2305
f 1670//2306 1682//2306 1671//2306
f 1683//1 1673//1 1671//1
f 1681//1 1683//1 1671//1
f 1683//1054 1684//1054 1673//1054
f 1684//1054 1674//1054 1673//1054
f 1685//1 1679//1 1675//1
f 1676//1053 1686//1053 1675//1053
f 1686//1055 1687//1055 1675//1055
f 1687//2307 1685//2307 1675//2307
f 1688//2308 1678//2308 1679//2308
f 1689//559 1688//559 1679//559
f 1690//559 1689//559 1679//559
f 1685//1 1690//1 1679//1
f 1681//1 1691//1 1683//1
f 1691//1057 1692//1057 1683//1057
f 1692//1057 1684//1057 1683//1057
f 1693//560 1694//560 1681//560
f 1680//2309 1693//2309 1681//2309
f 1694//1 1691//1 1681//1
f 1695//1 1690//1 1685//1
f 1687//1056 1696//1056 1685//1056
f 1696//1058 1695//1058 1685//1058
f 1694//1 1697//1 1691//1
f 1697//1059 1698//1059 1691//1059
f 1698//1059 1692//1059 1691//1059
f 1699//1 1700//1 1695//1
f 1700//1 1690//1 1695//1
f 1696//1058 1701//1058 1695//1058
f 1701//1060 1699//1060 1695//1060
f 1694//1 1702//1 1697//1
f 1702//1061 1703//1061 1697//1061
f 1703//1061 1698//1061 1697//1061
f 1704//1 1628//1 1699//1
f 1628//1 1705//1 1699//1
f 1705//2310 1700//2310 1699//2310
f 1701//1060 1706//1060 1699//1060
f 1706//1062 1704//1062 1699//1062
f 1629//1 1704//1 1702//1
f 1694//1 1707//1 1702//1
f 1707//1 1708//1 1702//1
f 1708//1 1629//1 1702//1
f 1704//1063 1709//1063 1702//1063
f 1709//1063 1703//1063 1702//1063
f 1629//1 1628//1 1704//1
f 1706//1062 1709//1062 1704//1062
f 1700//2311 1710//2311 1690//2311
f 1710//2311 1689//2311 1690//2311
f 1693//560 1711//560 1694//560
f 1711//2312 1707//2312 1694//2312
f 1705//2313 1712//2313 1700//2313
f 1712//2313 1710//2313 1700//2313
f 1711//2312 1713//2312 1707//2312
f 1713//2314 1708//2314 1707//2314
f 1714//2315 1712//2315 1705//2315
f 1715//2316 1714//2316 1705//2316
f 1628//1 1715//1 1705//1
f 1716//2317 1717//2317 1708//2317
f 1718//2318 1716//2318 1708//2318
f 1717//1 1629//1 1708//1
f 1713//2314 1718//2314 1708//2314
f 1719//2319 1720//2319 1715//2319
f 1720//2320 1721//2320 1715//2320
f 1722//2321 1714//2321 1715//2321
f 1721//2322 1722//2322 1715//2322
f 1628//1 1719//1 1715//1
f 1723//2323 1724//2323 1717//2323
f 1716//2324 1725//2324 1717//2324
f 1726//2325 1723//2325 1717//2325
f 1725//2326 1727//2326 1717//2326
f 1727//2327 1728//2327 1717//2327
f 1728//2328 1726//2328 1717//2328
f 1724//1 1629//1 1717//1
f 1628//2329 1720//2329 1719//2329
f 1723//2330 1630//2330 1724//2330
f 1630//2307 1629//2307 1724//2307
f 1631//2331 1720//2331 1628//2331
f 1639//2332 1612//2332 1611//2332
f 1609//2333 1642//2333 1610//2333
f 1635//2334 1621//2334 1620//2334
f 1627//2263 1633//2263 1624//2263
f 895//2335 1551//2335 1549//2335
f 1556//2336 1729//2336 1602//2336
f 1729//2336 1603//2336 1602//2336
f 1730//2335 1551//2335 895//2335
f 1603//703 1730//703 895//703
f 1729//703 1730//703 1603//703
f 1731//2337 1621//2337 1635//2337
f 1637//2338 1731//2338 1635//2338
f 1627//2339 1732//2339 1633//2339
f 1732//2340 1733//2340 1633//2340
f 1733//2341 1634//2341 1633//2341
f 1626//2342 1732//2342 1627//2342
f 1641//2343 1731//2343 1637//2343
f 1733//2344 1638//2344 1634//2344
f 1726//2345 1630//2345 1723//2345
f 1734//2346 1612//2346 1639//2346
f 1638//2347 1734//2347 1639//2347
f 1609//2348 1640//2348 1642//2348
f 1735//85 1631//85 1593//85
f 690//2349 1736//2349 1593//2349
f 1736//2349 1735//2349 1593//2349
f 1632//2350 691//2350 1608//2350
f 1737//85 1736//85 690//85
f 1738//440 1739//440 690//440
f 1739//440 1740//440 690//440
f 1740//440 1741//440 690//440
f 1741//440 1742//440 690//440
f 1742//440 1743//440 690//440
f 1743//323 1737//323 690//323
f 695//440 1738//440 690//440
f 1744//85 1745//85 691//85
f 1745//322 1746//322 691//322
f 1746//442 1747//442 691//442
f 1747//442 1748//442 691//442
f 1749//442 692//442 691//442
f 1750//442 1749//442 691//442
f 1748//442 1750//442 691//442
f 1632//2350 1744//2350 691//2350
f 1559//2351 1738//2351 695//2351
f 1751//2352 1562//2352 692//2352
f 1752//2353 1751//2353 692//2353
f 1749//322 1752//322 692//322
f 1618//2354 1738//2354 1559//2354
f 1751//703 1623//703 1562//703
f 1631//2355 1721//2355 1720//2355
f 1731//2356 1622//2356 1621//2356
f 1526//2357 1753//2357 1609//2357
f 1753//2358 1640//2358 1609//2358
f 1734//2359 1613//2359 1612//2359
f 1754//2360 1755//2360 1638//2360
f 1733//2361 1754//2361 1638//2361
f 1755//2362 1734//2362 1638//2362
f 1753//2363 1756//2363 1640//2363
f 1756//2364 1757//2364 1640//2364
f 1757//2365 1641//2365 1640//2365
f 1758//2366 1732//2366 1626//2366
f 1623//2367 1758//2367 1626//2367
f 1731//2368 1759//2368 1622//2368
f 1759//2369 1617//2369 1622//2369
f 1526//2357 1760//2357 1753//2357
f 1760//2370 1756//2370 1753//2370
f 1755//2359 1613//2359 1734//2359
f 1761//2371 1762//2371 1526//2371
f 1525//2372 1761//2372 1526//2372
f 1762//2371 1763//2371 1526//2371
f 1763//2373 1764//2373 1526//2373
f 1764//2374 1765//2374 1526//2374
f 1765//2373 1760//2373 1526//2373
f 1755//2375 1766//2375 1613//2375
f 1766//2376 1767//2376 1613//2376
f 1767//2377 1768//2377 1613//2377
f 1768//2378 1769//2378 1613//2378
f 1769//2379 1770//2379 1613//2379
f 1770//2380 1532//2380 1613//2380
f 1754//2381 1766//2381 1755//2381
f 1771//2382 1754//2382 1733//2382
f 1732//2383 1771//2383 1733//2383
f 1772//2384 1731//2384 1641//2384
f 1757//2385 1772//2385 1641//2385
f 1758//2386 1773//2386 1732//2386
f 1773//2387 1774//2387 1732//2387
f 1774//2388 1771//2388 1732//2388
f 1772//2389 1759//2389 1731//2389
f 1775//2390 1722//2390 1721//2390
f 1631//2391 1775//2391 1721//2391
f 1728//2345 1630//2345 1726//2345
f 1735//85 1776//85 1631//85
f 1776//85 1777//85 1631//85
f 1777//85 1778//85 1631//85
f 1778//85 1779//85 1631//85
f 1779//85 1780//85 1631//85
f 1780//2392 1781//2392 1631//2392
f 1781//2393 1782//2393 1631//2393
f 1782//2394 1775//2394 1631//2394
f 1783//85 1784//85 1630//85
f 1784//85 1632//85 1630//85
f 1727//2395 1783//2395 1630//2395
f 1728//2396 1727//2396 1630//2396
f 1772//2397 1785//2397 1759//2397
f 1785//2369 1617//2369 1759//2369
f 1623//2398 1773//2398 1758//2398
f 1786//703 1787//703 1617//703
f 1787//703 1618//703 1617//703
f 1785//2399 1788//2399 1617//2399
f 1788//2400 1789//2400 1617//2400
f 1789//2401 1786//2401 1617//2401
f 1751//703 1790//703 1623//703
f 1791//2402 1792//2402 1623//2402
f 1790//2403 1791//2403 1623//2403
f 1792//2404 1793//2404 1623//2404
f 1793//2405 1773//2405 1623//2405
f 1793//2406 1774//2406 1773//2406
f 1760//2407 1765//2407 1756//2407
f 1765//2408 1757//2408 1756//2408
f 1767//2409 1766//2409 1754//2409
f 1771//2410 1767//2410 1754//2410
f 1782//2411 1722//2411 1775//2411
f 1765//2412 1794//2412 1757//2412
f 1795//2413 1772//2413 1757//2413
f 1794//2414 1795//2414 1757//2414
f 1796//2415 1768//2415 1771//2415
f 1768//2416 1767//2416 1771//2416
f 1774//2417 1796//2417 1771//2417
f 1797//2418 1774//2418 1793//2418
f 1792//2419 1797//2419 1793//2419
f 1772//2420 1795//2420 1785//2420
f 1795//2421 1788//2421 1785//2421
f 1797//2422 1796//2422 1774//2422
f 1662//1 1798//1 1663//1
f 1798//1 1666//1 1663//1
f 1664//1 1798//1 1662//1
f 1798//1 1676//1 1666//1
f 1674//1 1798//1 1664//1
f 1798//1 1686//1 1676//1
f 1684//1 1798//1 1674//1
f 1798//1 1687//1 1686//1
f 1798//1 1696//1 1687//1
f 1706//1 1701//1 1798//1
f 1701//1 1696//1 1798//1
f 1698//1 1703//1 1798//1
f 1703//1 1709//1 1798//1
f 1709//1 1706//1 1798//1
f 1684//1 1692//1 1798//1
f 1692//1 1698//1 1798//1
f 1764//2423 1794//2423 1765//2423
f 1799//2424 1800//2424 1551//2424
f 1800//2425 1801//2425 1551//2425
f 1801//2426 1802//2426 1551//2426
f 1802//2427 1803//2427 1551//2427
f 1803//2428 1804//2428 1551//2428
f 1804//2429 1550//2429 1551//2429
f 1730//2430 1799//2430 1551//2430
f 1805//2431 1806//2431 1556//2431
f 1806//2432 1807//2432 1556//2432
f 1807//2433 1808//2433 1556//2433
f 1808//2434 1729//2434 1556//2434
f 1557//2435 1809//2435 1556//2435
f 1809//2436 1810//2436 1556//2436
f 1810//2437 1805//2437 1556//2437
f 1729//703 1799//703 1730//703
f 1808//703 1799//703 1729//703
f 1763//2423 1794//2423 1764//2423
f 1796//2438 1769//2438 1768//2438
f 1791//2439 1797//2439 1792//2439
f 1808//2440 1800//2440 1799//2440
f 1807//2441 1800//2441 1808//2441
f 1725//2442 1811//2442 1727//2442
f 1811//2443 1783//2443 1727//2443
f 1762//2444 1795//2444 1794//2444
f 1763//2445 1762//2445 1794//2445
f 1812//2446 1770//2446 1796//2446
f 1770//2447 1769//2447 1796//2447
f 1797//2448 1812//2448 1796//2448
f 1781//2449 1722//2449 1782//2449
f 1736//2450 1776//2450 1735//2450
f 1784//85 1813//85 1632//85
f 1813//2451 1814//2451 1632//2451
f 1814//2452 1744//2452 1632//2452
f 1737//85 1815//85 1736//85
f 1815//2453 1776//2453 1736//2453
f 1814//85 1745//85 1744//85
f 1816//2454 1797//2454 1791//2454
f 1817//2455 1816//2455 1791//2455
f 1790//2456 1817//2456 1791//2456
f 1795//2457 1789//2457 1788//2457
f 1761//2458 1818//2458 1795//2458
f 1762//2459 1761//2459 1795//2459
f 1818//2460 1789//2460 1795//2460
f 1816//2461 1819//2461 1797//2461
f 1819//2462 1812//2462 1797//2462
f 1618//2463 1739//2463 1738//2463
f 1749//2464 1751//2464 1752//2464
f 1807//2465 1801//2465 1800//2465
f 1818//2466 1820//2466 1789//2466
f 1820//2467 1786//2467 1789//2467
f 1618//2468 1787//2468 1739//2468
f 1787//2469 1740//2469 1739//2469
f 1750//2470 1821//2470 1749//2470
f 1821//2471 1751//2471 1749//2471
f 1812//2472 1532//2472 1770//2472
f 1821//703 1790//703 1751//703
f 1806//2473 1801//2473 1807//2473
f 1525//2474 1822//2474 1761//2474
f 1822//2475 1818//2475 1761//2475
f 1819//2476 1532//2476 1812//2476
f 1524//2477 1823//2477 1525//2477
f 1823//2478 1824//2478 1525//2478
f 1824//2479 1825//2479 1525//2479
f 1825//2480 1826//2480 1525//2480
f 1826//2481 1822//2481 1525//2481
f 1827//2482 1828//2482 1532//2482
f 1819//2483 1827//2483 1532//2483
f 1828//2484 1829//2484 1532//2484
f 1829//2485 1830//2485 1532//2485
f 1830//2486 1831//2486 1532//2486
f 1831//703 1531//703 1532//703
f 1802//2487 1801//2487 1806//2487
f 1805//2488 1802//2488 1806//2488
f 1818//2489 1832//2489 1820//2489
f 1832//2490 1786//2490 1820//2490
f 1826//2491 1818//2491 1822//2491
f 1816//2492 1827//2492 1819//2492
f 1833//2493 1816//2493 1817//2493
f 1790//2494 1833//2494 1817//2494
f 1834//703 1787//703 1786//703
f 1832//2495 1835//2495 1786//2495
f 1835//2496 1524//2496 1786//2496
f 1524//2497 1834//2497 1786//2497
f 1821//703 1836//703 1790//703
f 1837//2498 1833//2498 1790//2498
f 1831//2499 1837//2499 1790//2499
f 1531//2500 1831//2500 1790//2500
f 1836//2501 1531//2501 1790//2501
f 1837//2502 1816//2502 1833//2502
f 1838//2503 1722//2503 1781//2503
f 1780//2504 1838//2504 1781//2504
f 1725//2442 1839//2442 1811//2442
f 1839//2505 1783//2505 1811//2505
f 1840//2506 1841//2506 1780//2506
f 1779//2507 1840//2507 1780//2507
f 1841//2508 1838//2508 1780//2508
f 1842//85 1843//85 1783//85
f 1843//85 1784//85 1783//85
f 1839//2509 1844//2509 1783//2509
f 1844//2509 1845//2509 1783//2509
f 1845//2510 1842//2510 1783//2510
f 1810//2511 1803//2511 1802//2511
f 1805//2512 1810//2512 1802//2512
f 1846//2513 1844//2513 1839//2513
f 1725//2514 1846//2514 1839//2514
f 1828//2515 1827//2515 1816//2515
f 1829//2516 1828//2516 1816//2516
f 1837//2517 1829//2517 1816//2517
f 1835//2489 1832//2489 1818//2489
f 1826//2518 1825//2518 1818//2518
f 1825//2519 1835//2519 1818//2519
f 1830//2520 1829//2520 1837//2520
f 1831//2521 1830//2521 1837//2521
f 1841//2522 1847//2522 1838//2522
f 1847//2523 1848//2523 1838//2523
f 1848//2524 1722//2524 1838//2524
f 1824//2525 1823//2525 1835//2525
f 1825//2526 1849//2526 1835//2526
f 1849//2527 1824//2527 1835//2527
f 1823//2528 1524//2528 1835//2528
f 1824//2529 1849//2529 1825//2529
f 1776//2530 1850//2530 1851//2530
f 1850//2531 1852//2531 1851//2531
f 1777//2532 1776//2532 1851//2532
f 1852//2533 1777//2533 1851//2533
f 1853//2534 1813//2534 1854//2534
f 1855//2535 1853//2535 1854//2535
f 1784//2536 1855//2536 1854//2536
f 1813//2537 1784//2537 1854//2537
f 1815//2538 1850//2538 1776//2538
f 1853//2539 1814//2539 1813//2539
f 1850//2540 1856//2540 1852//2540
f 1856//2541 1857//2541 1852//2541
f 1857//2542 1777//2542 1852//2542
f 1858//2543 1859//2543 1855//2543
f 1859//2544 1853//2544 1855//2544
f 1784//2545 1858//2545 1855//2545
f 1840//2522 1847//2522 1841//2522
f 1860//2546 1845//2546 1844//2546
f 1846//2547 1860//2547 1844//2547
f 1850//2548 1857//2548 1856//2548
f 1523//2549 1834//2549 1524//2549
f 1810//2550 1804//2550 1803//2550
f 1809//2551 1861//2551 1810//2551
f 1861//2552 1804//2552 1810//2552
f 1861//2553 1550//2553 1804//2553
f 1557//2554 1862//2554 1809//2554
f 1862//2555 1863//2555 1809//2555
f 1863//2556 1864//2556 1809//2556
f 1864//2557 1861//2557 1809//2557
f 1864//2558 1550//2558 1861//2558
f 1865//2559 1859//2559 1858//2559
f 1784//2545 1865//2545 1858//2545
f 1866//2560 1867//2560 1857//2560
f 1850//2561 1866//2561 1857//2561
f 1867//2562 1777//2562 1857//2562
f 1863//2563 1868//2563 1550//2563
f 1864//2564 1863//2564 1550//2564
f 1868//703 1522//703 1550//703
f 1869//2565 1870//2565 1557//2565
f 1555//2566 1869//2566 1557//2566
f 1870//2567 1862//2567 1557//2567
f 1871//2568 1859//2568 1865//2568
f 1784//2569 1871//2569 1865//2569
f 1860//2570 1872//2570 1845//2570
f 1872//2571 1842//2571 1845//2571
f 1870//2572 1863//2572 1862//2572
f 1873//2573 1847//2573 1840//2573
f 1874//2574 1873//2574 1840//2574
f 1779//2575 1874//2575 1840//2575
f 1866//2576 1875//2576 1867//2576
f 1875//2577 1777//2577 1867//2577
f 1815//2578 1876//2578 1850//2578
f 1876//2579 1866//2579 1850//2579
f 1877//703 1787//703 1834//703
f 1522//2580 1877//2580 1834//2580
f 1523//2580 1522//2580 1834//2580
f 1821//703 1878//703 1836//703
f 1878//2581 1531//2581 1836//2581
f 1878//2581 1554//2581 1531//2581
f 1866//2582 1879//2582 1875//2582
f 1879//2583 1777//2583 1875//2583
f 1880//2584 1859//2584 1871//2584
f 1881//2585 1880//2585 1871//2585
f 1784//2586 1881//2586 1871//2586
f 1787//2587 1882//2587 1740//2587
f 1882//2588 1741//2588 1740//2588
f 1748//2589 1883//2589 1750//2589
f 1883//2590 1821//2590 1750//2590
f 1884//2591 1868//2591 1863//2591
f 1870//2592 1884//2592 1863//2592
f 1869//2593 1885//2593 1870//2593
f 1885//2594 1884//2594 1870//2594
f 1868//2595 1884//2595 1885//2595
f 1869//2596 1868//2596 1885//2596
f 1866//2597 1886//2597 1879//2597
f 1886//2598 1887//2598 1879//2598
f 1887//2599 1778//2599 1879//2599
f 1778//2600 1777//2600 1879//2600
f 1888//2601 1889//2601 1881//2601
f 1889//2602 1880//2602 1881//2602
f 1784//2603 1888//2603 1881//2603
f 1843//2604 1888//2604 1784//2604
f 1886//2605 1890//2605 1887//2605
f 1890//2606 1891//2606 1887//2606
f 1891//2607 1778//2607 1887//2607
f 1892//2608 1889//2608 1888//2608
f 1843//2609 1892//2609 1888//2609
f 1893//2610 1889//2610 1892//2610
f 1843//2611 1893//2611 1892//2611
f 1555//2612 1868//2612 1869//2612
f 1877//2613 1882//2613 1787//2613
f 1894//2614 1895//2614 1877//2614
f 1895//2615 1896//2615 1877//2615
f 1896//2614 1897//2614 1877//2614
f 1897//2616 1898//2616 1877//2616
f 1898//2614 1882//2614 1877//2614
f 1878//2614 1899//2614 1877//2614
f 1899//2614 1900//2614 1877//2614
f 1900//2617 1894//2617 1877//2617
f 1555//1047 1878//1047 1877//1047
f 1868//1047 1555//1047 1877//1047
f 1522//1047 1868//1047 1877//1047
f 1821//2618 1883//2618 1878//2618
f 1883//2614 1901//2614 1878//2614
f 1901//2614 1902//2614 1878//2614
f 1902//2614 1903//2614 1878//2614
f 1903//2614 1904//2614 1878//2614
f 1904//2614 1905//2614 1878//2614
f 1905//2614 1899//2614 1878//2614
f 1555//1047 1554//1047 1878//1047
f 1876//2619 1906//2619 1866//2619
f 1906//2620 1907//2620 1866//2620
f 1907//2621 1886//2621 1866//2621
f 1880//2622 1908//2622 1859//2622
f 1908//2623 1909//2623 1859//2623
f 1910//2624 1853//2624 1859//2624
f 1909//2625 1910//2625 1859//2625
f 1911//2626 1873//2626 1874//2626
f 1779//2575 1911//2575 1874//2575
f 1912//2627 1913//2627 1872//2627
f 1860//2628 1912//2628 1872//2628
f 1913//2629 1842//2629 1872//2629
f 1914//2630 1915//2630 1779//2630
f 1778//2631 1914//2631 1779//2631
f 1915//2632 1911//2632 1779//2632
f 1913//2633 1916//2633 1842//2633
f 1916//2634 1917//2634 1842//2634
f 1917//2635 1843//2635 1842//2635
f 1918//2636 1916//2636 1913//2636
f 1912//2637 1918//2637 1913//2637
f 1890//2638 1919//2638 1891//2638
f 1919//2639 1778//2639 1891//2639
f 1915//2640 1920//2640 1911//2640
f 1920//2641 1921//2641 1911//2641
f 1921//2642 1873//2642 1911//2642
f 1815//2643 1906//2643 1876//2643
f 1910//2644 1814//2644 1853//2644
f 1890//2645 1922//2645 1919//2645
f 1922//2639 1778//2639 1919//2639
f 1923//2646 1889//2646 1893//2646
f 1924//2647 1923//2647 1893//2647
f 1843//2648 1924//2648 1893//2648
f 1925//2649 1926//2649 1924//2649
f 1926//2650 1923//2650 1924//2650
f 1843//2651 1925//2651 1924//2651
f 1890//2652 1927//2652 1922//2652
f 1928//2653 1929//2653 1922//2653
f 1927//2654 1928//2654 1922//2654
f 1929//2639 1778//2639 1922//2639
f 1930//2655 1926//2655 1925//2655
f 1843//2656 1930//2656 1925//2656
f 1909//2657 1814//2657 1910//2657
f 1928//2658 1931//2658 1929//2658
f 1931//2659 1778//2659 1929//2659
f 1815//2660 1907//2660 1906//2660
f 1932//2661 1917//2661 1916//2661
f 1933//2662 1932//2662 1916//2662
f 1918//2663 1933//2663 1916//2663
f 1908//2664 1814//2664 1909//2664
f 1737//85 1934//85 1815//85
f 1934//2665 1907//2665 1815//2665
f 1935//85 1745//85 1814//85
f 1936//85 1935//85 1814//85
f 1908//2666 1936//2666 1814//2666
f 1914//2667 1937//2667 1915//2667
f 1937//2668 1920//2668 1915//2668
f 1898//2669 1741//2669 1882//2669
f 1898//2670 1742//2670 1741//2670
f 1747//2671 1902//2671 1748//2671
f 1902//2672 1901//2672 1748//2672
f 1901//2673 1883//2673 1748//2673
f 1938//2674 1926//2674 1930//2674
f 1939//2675 1938//2675 1930//2675
f 1843//2676 1939//2676 1930//2676
f 1928//2677 1940//2677 1931//2677
f 1940//2678 1914//2678 1931//2678
f 1914//2659 1778//2659 1931//2659
f 1917//2679 1932//2679 1939//2679
f 1932//2680 1938//2680 1939//2680
f 1843//2676 1917//2676 1939//2676
f 1940//2681 1937//2681 1914//2681
f 1886//2682 1927//2682 1890//2682
f 1941//2683 1880//2683 1889//2683
f 1923//2684 1941//2684 1889//2684
f 1942//2685 1938//2685 1932//2685
f 1933//2686 1942//2686 1932//2686
f 1940//2687 1920//2687 1937//2687
f 1927//2688 1940//2688 1928//2688
f 1943//2689 1923//2689 1926//2689
f 1938//2690 1943//2690 1926//2690
f 1934//2691 1944//2691 1907//2691
f 1944//2692 1886//2692 1907//2692
f 1945//2693 1946//2693 1886//2693
f 1944//2694 1945//2694 1886//2694
f 1946//2695 1927//2695 1886//2695
f 1941//2696 1947//2696 1880//2696
f 1947//2697 1948//2697 1880//2697
f 1948//2698 1908//2698 1880//2698
f 1948//2699 1936//2699 1908//2699
f 1934//2700 1945//2700 1944//2700
f 1940//2701 1949//2701 1920//2701
f 1949//2702 1921//2702 1920//2702
f 1918//2703 1942//2703 1933//2703
f 1950//2704 1940//2704 1927//2704
f 1946//2705 1950//2705 1927//2705
f 1951//2706 1941//2706 1923//2706
f 1943//2707 1951//2707 1923//2707
f 1949//2708 1952//2708 1921//2708
f 1952//2709 1873//2709 1921//2709
f 1912//2710 1942//2710 1918//2710
f 1950//2711 1949//2711 1940//2711
f 1953//2712 1943//2712 1938//2712
f 1942//2713 1953//2713 1938//2713
f 1947//2714 1936//2714 1948//2714
f 1954//2715 1653//2715 1643//2715
f 1955//2716 1954//2716 1643//2716
f 1646//2717 1955//2717 1643//2717
f 1647//2716 1955//2716 1646//2716
f 1956//2715 1651//2715 1653//2715
f 1954//2715 1956//2715 1653//2715
f 1957//2718 1955//2718 1647//2718
f 1655//2719 1957//2719 1647//2719
f 1956//2720 1661//2720 1651//2720
f 1958//2721 1957//2721 1655//2721
f 1656//2722 1958//2722 1655//2722
f 1959//2723 1659//2723 1661//2723
f 1956//2724 1959//2724 1661//2724
f 1667//2725 1958//2725 1656//2725
f 1960//2726 1672//2726 1659//2726
f 1959//2727 1960//2727 1659//2727
f 1961//2725 1958//2725 1667//2725
f 1668//2728 1961//2728 1667//2728
f 1960//2726 1670//2726 1672//2726
f 1962//2729 1961//2729 1668//2729
f 1677//2730 1962//2730 1668//2730
f 1963//2731 1682//2731 1670//2731
f 1960//2732 1963//2732 1670//2732
f 1678//2729 1962//2729 1677//2729
f 1964//2733 1680//2733 1682//2733
f 1963//2734 1964//2734 1682//2734
f 1965//2735 1962//2735 1678//2735
f 1688//2735 1965//2735 1678//2735
f 1964//2736 1693//2736 1680//2736
f 1689//2737 1965//2737 1688//2737
f 1966//2738 1711//2738 1693//2738
f 1967//2739 1966//2739 1693//2739
f 1964//2736 1967//2736 1693//2736
f 1968//2740 1965//2740 1689//2740
f 1969//2741 1968//2741 1689//2741
f 1710//2741 1969//2741 1689//2741
f 1966//2742 1713//2742 1711//2742
f 1712//2743 1970//2743 1710//2743
f 1970//2744 1969//2744 1710//2744
f 1971//2745 1718//2745 1713//2745
f 1966//2742 1971//2742 1713//2742
f 1714//2746 1972//2746 1712//2746
f 1972//2747 1970//2747 1712//2747
f 1973//2748 1716//2748 1718//2748
f 1971//2749 1973//2749 1718//2749
f 1722//2750 1972//2750 1714//2750
f 1973//2751 1974//2751 1716//2751
f 1974//2752 1725//2752 1716//2752
f 1848//2753 1975//2753 1722//2753
f 1975//2754 1972//2754 1722//2754
f 1974//2755 1846//2755 1725//2755
f 1847//2756 1975//2756 1848//2756
f 1976//2757 1860//2757 1846//2757
f 1974//2758 1976//2758 1846//2758
f 1873//2759 1952//2759 1847//2759
f 1952//2760 1975//2760 1847//2760
f 1977//2761 1912//2761 1860//2761
f 1976//2762 1977//2762 1860//2762
f 1977//2763 1942//2763 1912//2763
f 1898//2764 1897//2764 1742//2764
f 1897//2765 1743//2765 1742//2765
f 1746//2766 1902//2766 1747//2766
f 1945//2767 1978//2767 1946//2767
f 1978//2768 1979//2768 1946//2768
f 1979//2769 1950//2769 1946//2769
f 1951//2770 1980//2770 1941//2770
f 1980//2771 1947//2771 1941//2771
f 1980//2772 1936//2772 1947//2772
f 1934//2773 1978//2773 1945//2773
f 1981//2774 1949//2774 1950//2774
f 1979//2775 1981//2775 1950//2775
f 1982//2776 1951//2776 1943//2776
f 1953//2777 1982//2777 1943//2777
f 1981//2778 1983//2778 1949//2778
f 1984//2779 1952//2779 1949//2779
f 1983//2780 1984//2780 1949//2780
f 1977//2781 1985//2781 1942//2781
f 1986//2782 1953//2782 1942//2782
f 1985//2783 1986//2783 1942//2783
f 1896//2784 1743//2784 1897//2784
f 1746//2785 1903//2785 1902//2785
f 1896//2786 1737//2786 1743//2786
f 1745//2787 1903//2787 1746//2787
f 1987//2788 1936//2788 1980//2788
f 1951//2789 1987//2789 1980//2789
f 1934//2790 1988//2790 1978//2790
f 1988//2791 1979//2791 1978//2791
f 1989//2792 1990//2792 1968//2792
f 1990//1797 1965//1797 1968//1797
f 1969//2793 1989//2793 1968//2793
f 1991//2794 1971//2794 1966//2794
f 1967//2795 1991//2795 1966//2795
f 1992//2793 1989//2793 1969//2793
f 1970//2796 1993//2796 1969//2796
f 1993//2797 1992//2797 1969//2797
f 1991//2794 1994//2794 1971//2794
f 1994//2798 1973//2798 1971//2798
f 1972//2799 1995//2799 1970//2799
f 1995//2799 1993//2799 1970//2799
f 1996//2800 1974//2800 1973//2800
f 1994//2801 1996//2801 1973//2801
f 1975//2802 1997//2802 1972//2802
f 1997//2802 1995//2802 1972//2802
f 1996//2800 1998//2800 1974//2800
f 1998//2803 1976//2803 1974//2803
f 1952//2804 1984//2804 1975//2804
f 1984//2805 1997//2805 1975//2805
f 1985//2806 1977//2806 1976//2806
f 1999//2807 1985//2807 1976//2807
f 1998//2803 2000//2803 1976//2803
f 2000//2808 1999//2808 1976//2808
f 2001//2788 1936//2788 1987//2788
f 1951//2809 2001//2809 1987//2809
f 2002//85 2003//85 1934//85
f 1737//85 2002//85 1934//85
f 2003//2810 1988//2810 1934//2810
f 2004//85 1935//85 1936//85
f 2005//85 2004//85 1936//85
f 2001//2811 2005//2811 1936//2811
f 1983//2812 2006//2812 1984//2812
f 2006//2813 1997//2813 1984//2813
f 1999//2814 1986//2814 1985//2814
f 2007//2815 2008//2815 1979//2815
f 1988//2816 2007//2816 1979//2816
f 2008//2817 1981//2817 1979//2817
f 2009//2818 2001//2818 1951//2818
f 1982//2819 2009//2819 1951//2819
f 2008//2820 1983//2820 1981//2820
f 2010//2821 1982//2821 1953//2821
f 1986//2822 2010//2822 1953//2822
f 2011//2823 1956//2823 1954//2823
f 2012//2824 2011//2824 1954//2824
f 1955//2825 2012//2825 1954//2825
f 1957//2826 2013//2826 1955//2826
f 2013//2826 2012//2826 1955//2826
f 2011//2827 2014//2827 1956//2827
f 2014//2828 1959//2828 1956//2828
f 1958//2829 2015//2829 1957//2829
f 2015//2830 2013//2830 1957//2830
f 2016//2831 1960//2831 1959//2831
f 2014//2828 2016//2828 1959//2828
f 2017//2832 2015//2832 1958//2832
f 1961//2833 2017//2833 1958//2833
f 2018//2834 1963//2834 1960//2834
f 2016//2835 2018//2835 1960//2835
f 2019//2836 2017//2836 1961//2836
f 1962//2836 2019//2836 1961//2836
f 2020//2837 1964//2837 1963//2837
f 2018//2838 2020//2838 1963//2838
f 1990//2839 2019//2839 1962//2839
f 1965//2840 1990//2840 1962//2840
f 2021//2841 1967//2841 1964//2841
f 2022//2842 2021//2842 1964//2842
f 2020//2837 2022//2837 1964//2837
f 2021//2843 1991//2843 1967//2843
f 2009//2844 2005//2844 2001//2844
f 2003//2845 2007//2845 1988//2845
f 2023//2846 2024//2846 1989//2846
f 2024//2847 1990//2847 1989//2847
f 1992//2848 2023//2848 1989//2848
f 2025//2849 1994//2849 1991//2849
f 2021//2850 2025//2850 1991//2850
f 2024//2851 2019//2851 1990//2851
f 2026//2852 2025//2852 2021//2852
f 2022//2853 2026//2853 2021//2853
f 1896//2854 1895//2854 1737//2854
f 1895//2855 2002//2855 1737//2855
f 1904//2856 1903//2856 1745//2856
f 1935//2857 1904//2857 1745//2857
f 2003//2858 2027//2858 2007//2858
f 2027//2859 2008//2859 2007//2859
f 2028//2860 2010//2860 1986//2860
f 1999//2861 2028//2861 1986//2861
f 2029//2862 2006//2862 1983//2862
f 2008//2863 2029//2863 1983//2863
f 2030//2864 2029//2864 2008//2864
f 2027//2865 2030//2865 2008//2865
f 2031//2866 2009//2866 1982//2866
f 2032//2867 2031//2867 1982//2867
f 2010//2868 2032//2868 1982//2868
f 2031//2869 2005//2869 2009//2869
f 2003//2870 2030//2870 2027//2870
f 2032//2871 2005//2871 2031//2871
f 2033//2872 2034//2872 2011//2872
f 2034//2873 2014//2873 2011//2873
f 2012//2872 2033//2872 2011//2872
f 2035//2874 2033//2874 2012//2874
f 2013//2874 2035//2874 2012//2874
f 2034//2873 2036//2873 2014//2873
f 2036//2875 2016//2875 2014//2875
f 2015//2876 2037//2876 2013//2876
f 2037//2877 2035//2877 2013//2877
f 2038//2878 2018//2878 2016//2878
f 2036//2875 2038//2875 2016//2875
f 2039//2879 2037//2879 2015//2879
f 2017//2880 2039//2880 2015//2880
f 2040//2881 2020//2881 2018//2881
f 2038//2882 2040//2882 2018//2882
f 2041//2883 2039//2883 2017//2883
f 2019//2883 2041//2883 2017//2883
f 2042//2884 2022//2884 2020//2884
f 2040//2885 2042//2885 2020//2885
f 2043//2886 2041//2886 2019//2886
f 2024//2887 2043//2887 2019//2887
f 2044//2888 2045//2888 2022//2888
f 2045//2889 2026//2889 2022//2889
f 2042//2884 2044//2884 2022//2884
f 2023//2890 2043//2890 2024//2890
f 2046//2891 2025//2891 2026//2891
f 2045//2892 2046//2892 2026//2892
f 2047//2893 2043//2893 2023//2893
f 1992//2894 2047//2894 2023//2894
f 2046//2895 1994//2895 2025//2895
f 1993//2896 2048//2896 1992//2896
f 2048//2897 2049//2897 1992//2897
f 2049//2898 2047//2898 1992//2898
f 2046//2899 2050//2899 1994//2899
f 2050//2900 1996//2900 1994//2900
f 1995//2901 2051//2901 1993//2901
f 2051//2902 2048//2902 1993//2902
f 2052//2903 1998//2903 1996//2903
f 2050//2900 2052//2900 1996//2900
f 1997//2904 2053//2904 1995//2904
f 2053//2904 2051//2904 1995//2904
f 2052//2903 2054//2903 1998//2903
f 2054//2905 2000//2905 1998//2905
f 2055//2906 2053//2906 1997//2906
f 2006//2906 2055//2906 1997//2906
f 2054//2905 2056//2905 2000//2905
f 2056//2907 1999//2907 2000//2907
f 2057//2908 2055//2908 2006//2908
f 2029//2909 2057//2909 2006//2909
f 2056//2907 2058//2907 1999//2907
f 2058//2910 2028//2910 1999//2910
f 2059//2911 2057//2911 2029//2911
f 2060//2912 2059//2912 2029//2912
f 2030//2913 2061//2913 2029//2913
f 2061//2914 2060//2914 2029//2914
f 2062//2915 2032//2915 2010//2915
f 2063//2916 2062//2916 2010//2916
f 2028//2917 2063//2917 2010//2917
f 2003//2918 2061//2918 2030//2918
f 1894//2919 2002//2919 1895//2919
f 1935//2920 1905//2920 1904//2920
f 2064//85 2003//85 2002//85
f 1894//2921 2064//2921 2002//2921
f 2004//2922 1899//2922 1935//2922
f 1899//2923 1905//2923 1935//2923
f 2065//2924 2041//2924 2043//2924
f 2047//2925 2065//2925 2043//2925
f 2066//2926 2046//2926 2045//2926
f 2067//2927 2066//2927 2045//2927
f 2044//2928 2067//2928 2045//2928
f 2068//2929 2065//2929 2047//2929
f 2049//2930 2068//2930 2047//2930
f 2066//2931 2050//2931 2046//2931
f 2003//2918 2060//2918 2061//2918
f 2062//2932 2005//2932 2032//2932
f 2003//2933 2059//2933 2060//2933
f 2063//2934 2005//2934 2062//2934
f 2069//2935 2005//2935 2063//2935
f 2028//2936 2069//2936 2063//2936
f 2064//85 2070//85 2003//85
f 2070//2937 2059//2937 2003//2937
f 2071//85 2004//85 2005//85
f 2069//2938 2071//2938 2005//2938
f 2072//2939 2073//2939 2057//2939
f 2074//2940 2072//2940 2057//2940
f 2059//2941 2074//2941 2057//2941
f 2073//2942 2055//2942 2057//2942
f 2058//2943 2075//2943 2028//2943
f 2076//2944 2069//2944 2028//2944
f 2075//2945 2076//2945 2028//2945
f 2077//2946 2078//2946 2068//2946
f 2078//2947 2065//2947 2068//2947
f 2049//2948 2079//2948 2068//2948
f 2079//2948 2077//2948 2068//2948
f 2080//2949 2050//2949 2066//2949
f 2067//2950 2080//2950 2066//2950
f 2048//2951 2081//2951 2049//2951
f 2081//2951 2079//2951 2049//2951
f 2080//2952 2082//2952 2050//2952
f 2082//2953 2052//2953 2050//2953
f 2051//2954 2083//2954 2048//2954
f 2083//2954 2081//2954 2048//2954
f 2084//2955 2054//2955 2052//2955
f 2082//2953 2084//2953 2052//2953
f 2053//2956 2085//2956 2051//2956
f 2085//2956 2083//2956 2051//2956
f 2086//2957 2056//2957 2054//2957
f 2084//2955 2086//2955 2054//2955
f 2073//2958 2085//2958 2053//2958
f 2055//2959 2073//2959 2053//2959
f 2075//2960 2058//2960 2056//2960
f 2087//2961 2075//2961 2056//2961
f 2086//2957 2087//2957 2056//2957
f 2072//2958 2085//2958 2073//2958
f 2087//2961 2088//2961 2075//2961
f 2088//2962 2076//2962 2075//2962
f 2089//2963 2090//2963 2034//2963
f 2033//2964 2089//2964 2034//2964
f 2090//2965 2036//2965 2034//2965
f 2091//2966 2089//2966 2033//2966
f 2035//2966 2091//2966 2033//2966
f 2090//2967 2092//2967 2036//2967
f 2092//2968 2038//2968 2036//2968
f 2093//2969 2091//2969 2035//2969
f 2037//2970 2093//2970 2035//2970
f 2092//2968 2094//2968 2038//2968
f 2094//2971 2040//2971 2038//2971
f 2095//2972 2093//2972 2037//2972
f 2039//2973 2095//2973 2037//2973
f 2094//2974 2096//2974 2040//2974
f 2096//2975 2042//2975 2040//2975
f 2097//2976 2095//2976 2039//2976
f 2041//2976 2097//2976 2039//2976
f 2096//2977 2098//2977 2042//2977
f 2098//2978 2044//2978 2042//2978
f 2065//2979 2078//2979 2041//2979
f 2078//2980 2097//2980 2041//2980
f 2098//2978 2099//2978 2044//2978
f 2099//2981 2067//2981 2044//2981
f 2100//2982 2080//2982 2067//2982
f 2099//2983 2100//2983 2067//2983
f 2070//2984 2074//2984 2059//2984
f 2070//2984 2072//2984 2074//2984
f 1900//2985 2064//2985 1894//2985
f 2076//2986 2071//2986 2069//2986
f 2088//2987 2071//2987 2076//2987
f 2100//1047 2092//1047 2090//1047
f 2089//1047 2100//1047 2090//1047
f 2091//1047 2100//1047 2089//1047
f 2100//1047 2094//1047 2092//1047
f 2093//1047 2100//1047 2091//1047
f 2100//1047 2096//1047 2094//1047
f 2095//1047 2100//1047 2093//1047
f 2100//1047 2098//1047 2096//1047
f 2097//1047 2100//1047 2095//1047
f 2100//1047 2099//1047 2098//1047
f 2078//1047 2100//1047 2097//1047
f 2077//1047 2080//1047 2078//1047
f 2080//1047 2100//1047 2078//1047
f 2079//1047 2082//1047 2077//1047
f 2082//1047 2080//1047 2077//1047
f 2081//1047 2071//1047 2079//1047
f 2071//1047 2088//1047 2079//1047
f 2088//1047 2087//1047 2079//1047
f 2087//1047 2086//1047 2079//1047
f 2086//1047 2084//1047 2079//1047
f 2084//1047 2082//1047 2079//1047
f 2083//1047 2071//1047 2081//1047
f 2085//1047 2071//1047 2083//1047
f 2072//1047 2070//1047 2085//1047
f 2070//1047 2071//1047 2085//1047
f 1900//1047 2070//1047 2064//1047
f 2071//1047 1899//1047 2004//1047
f 1900//1047 2071//1047 2070//1047
f 1900//1047 1899//1047 2071//1047
